day,leg,side,entry_i,entry_time,entry_px,stop,R,exit_i,exit_time,exit_px,exit_reason,gross_pts,net
2021-10-01,first,-1,200,2021-10-01 12:35:00,17458.0,17485.9,27.900000000001455,221,2021-10-01 12:56:00,17485.9,stop,-27.900000000001455,-2809.3747774790945
2021-10-01,reverse,1,221,2021-10-01 12:56:00,17485.9,17458.0,27.900000000001455,345,2021-10-01 15:00:00,17541.700000000004,target,55.80000000000291,2629.919640364189
2021-10-04,first,1,376,2021-10-04 09:16:00,17609.35,17507.15,102.19999999999709,745,2021-10-04 15:25:00,17710.0,eod,100.65000000000146,5542.411752146594
2021-10-05,first,1,807,2021-10-05 10:12:00,17669.0,17652.0,17.0,955,2021-10-05 12:40:00,17703.0,target,34.0,1210.10130708
2021-10-06,first,1,1209,2021-10-06 10:39:00,17810.9,17783.5,27.400000000001455,1357,2021-10-06 13:07:00,17783.5,stop,-27.400000000001455,-2782.4418257840944
2021-10-06,reverse,-1,1357,2021-10-06 13:07:00,17783.5,17810.9,27.400000000001455,1367,2021-10-06 13:17:00,17728.699999999997,target,54.80000000000291,2560.7804109581893
2021-10-07,first,-1,1860,2021-10-07 15:15:00,17794.45,17819.0,24.549999999999272,1870,2021-10-07 15:25:00,17816.1,eod,-21.649999999997817,-2408.863604085358
2021-10-08,first,-1,2091,2021-10-08 12:51:00,17852.05,17868.0,15.950000000000728,2092,2021-10-08 12:52:00,17868.0,stop,-15.950000000000728,-2039.3335693805473
2021-10-08,reverse,1,2092,2021-10-08 12:52:00,17868.0,17852.05,15.950000000000728,2130,2021-10-08 13:30:00,17899.9,target,31.900000000001455,1070.2272178810947
2021-10-11,first,1,2275,2021-10-11 09:40:00,17932.6,17919.0,13.599999999998545,2286,2021-10-11 09:51:00,17959.799999999996,target,27.19999999999709,763.6897884358109
2021-10-12,first,-1,2849,2021-10-12 12:59:00,17906.25,17940.8,34.54999999999927,2914,2021-10-12 14:04:00,17940.8,stop,-34.54999999999927,-3249.3110678504527
2021-10-12,reverse,1,2914,2021-10-12 14:04:00,17940.8,17906.25,34.54999999999927,2987,2021-10-12 15:17:00,18009.899999999998,target,69.09999999999854,3486.4459979729054
2021-10-20,first,-1,4669,2021-10-20 12:04:00,18338.0,18375.0,37.0,4740,2021-10-20 13:15:00,18375.0,stop,-37.0,-3415.95373393
2021-10-20,reverse,1,4740,2021-10-20 13:15:00,18375.0,18338.0,37.0,4751,2021-10-20 13:26:00,18338.0,stop,-37.0,-3415.95373393
2021-10-21,first,1,4909,2021-10-21 09:49:00,18308.0,18270.55,37.45000000000073,4925,2021-10-21 10:05:00,18270.55,stop,-37.45000000000073,-3444.051068565547
2021-10-21,reverse,-1,4925,2021-10-21 10:05:00,18270.55,18308.0,37.45000000000073,4969,2021-10-21 10:49:00,18195.649999999998,target,74.90000000000146,3859.0026820180947
2021-10-22,first,1,5408,2021-10-22 11:53:00,18215.95,18190.3,25.650000000001455,5414,2021-10-22 11:59:00,18190.3,stop,-25.650000000001455,-2675.6463115625947
2021-10-22,reverse,-1,5414,2021-10-22 11:59:00,18190.3,18215.95,25.650000000001455,5472,2021-10-22 12:57:00,18138.999999999996,target,51.30000000000291,2326.3117312271893
2021-10-25,first,-1,5628,2021-10-25 09:18:00,18108.5,18224.4,115.90000000000146,5795,2021-10-25 12:05:00,18224.4,stop,-115.90000000000146,-8540.740941769094
2021-10-25,reverse,1,5795,2021-10-25 12:05:00,18224.4,18108.5,115.90000000000146,5925,2021-10-25 14:15:00,18108.5,stop,-115.90000000000146,-8540.740941769094
2021-10-26,first,-1,6203,2021-10-26 12:38:00,18152.75,18196.7,43.95000000000073,6252,2021-10-26 13:27:00,18196.7,stop,-43.95000000000073,-3864.5534115145474
2021-10-26,reverse,1,6252,2021-10-26 13:27:00,18196.7,18152.75,43.95000000000073,6353,2021-10-26 15:08:00,18284.600000000002,target,87.90000000000146,4703.797472507094
2021-10-27,first,1,6706,2021-10-27 14:46:00,18247.0,18201.2,45.79999999999927,6742,2021-10-27 15:22:00,18201.2,stop,-45.79999999999927,-3985.637258001953
2021-10-27,reverse,-1,6742,2021-10-27 15:22:00,18201.2,18247.0,45.79999999999927,6745,2021-10-27 15:25:00,18188.65,eod,12.549999999999272,-192.72950235854728
2021-10-29,first,-1,7243,2021-10-29 11:13:00,17868.0,17944.0,76.0,7418,2021-10-29 14:08:00,17716.0,target,152.0,8877.59764176
2021-11-01,first,1,7614,2021-11-01 11:09:00,17797.0,17771.85,25.150000000001455,7691,2021-11-01 12:26:00,17847.300000000003,target,50.30000000000291,2267.176804077189
2021-11-02,first,1,7991,2021-11-02 11:11:00,17957.4,17910.1,47.30000000000291,8095,2021-11-02 12:55:00,17910.1,stop,-47.30000000000291,-4078.161401675189
2021-11-02,reverse,-1,8095,2021-11-02 12:55:00,17910.1,17957.4,47.30000000000291,8152,2021-11-02 13:52:00,17957.4,stop,-47.30000000000291,-4078.161401675189
2021-11-03,first,-1,8543,2021-11-03 14:08:00,17882.0,17915.25,33.25,8559,2021-11-03 14:24:00,17815.5,target,66.5,3319.626982025
2021-11-08,first,-1,8673,2021-11-08 10:03:00,17875.4,17892.0,16.599999999998545,8675,2021-11-08 10:05:00,17892.0,stop,-16.599999999998545,-2081.9847803139055
2021-11-08,reverse,1,8675,2021-11-08 10:05:00,17892.0,17875.4,16.599999999998545,8680,2021-11-08 10:10:00,17875.4,stop,-16.599999999998545,-2081.9847803139055
2021-11-09,first,-1,9173,2021-11-09 12:08:00,18068.4,18089.9,21.5,9256,2021-11-09 13:31:00,18089.9,stop,-21.5,-2403.799721463
2021-11-09,reverse,1,9256,2021-11-09 13:31:00,18089.9,18068.4,21.5,9258,2021-11-09 13:33:00,18068.4,stop,-21.5,-2403.799721463
2021-11-10,first,-1,9377,2021-11-10 09:17:00,17945.0,18078.35,133.34999999999854,9662,2021-11-10 14:02:00,18078.35,stop,-133.34999999999854,-9672.241089293406
2021-11-10,reverse,1,9662,2021-11-10 14:02:00,18078.35,17945.0,133.34999999999854,9745,2021-11-10 15:25:00,18019.75,eod,-58.599999999998545,-4814.567759140906
2021-11-12,first,1,10137,2021-11-12 09:27:00,17979.3,17961.75,17.549999999999272,10141,2021-11-12 09:31:00,18014.399999999998,target,35.099999999998545,1276.2770927429056
2021-11-15,first,-1,10650,2021-11-15 11:45:00,18110.35,18142.65,32.30000000000291,10700,2021-11-15 12:35:00,18142.65,stop,-32.30000000000291,-3106.546568330189
2021-11-15,reverse,1,10700,2021-11-15 12:35:00,18142.65,18110.35,32.30000000000291,10738,2021-11-15 13:13:00,18110.35,stop,-32.30000000000291,-3106.546568330189
2021-11-16,first,-1,11071,2021-11-16 12:31:00,18086.15,18099.45,13.299999999999272,11073,2021-11-16 12:33:00,18099.45,stop,-13.299999999999272,-1871.0812050159527
2021-11-16,reverse,1,11073,2021-11-16 12:33:00,18099.45,18086.15,13.299999999999272,11080,2021-11-16 12:40:00,18086.15,stop,-13.299999999999272,-1871.0812050159527
2021-11-17,first,-1,11286,2021-11-17 09:51:00,17958.05,17995.0,36.95000000000073,11317,2021-11-17 10:22:00,17995.0,stop,-36.95000000000073,-3406.2037105105474
2021-11-17,reverse,1,11317,2021-11-17 10:22:00,17995.0,17958.05,36.95000000000073,11418,2021-11-17 12:03:00,17957.15,stop,-37.849999999998545,-3464.6907472614052
2021-11-18,first,-1,11672,2021-11-18 10:02:00,17844.2,17882.0,37.79999999999927,11691,2021-11-18 10:21:00,17768.600000000002,target,75.59999999999854,3911.798237791905
2021-11-23,first,1,12634,2021-11-23 13:34:00,17516.5,17491.95,24.549999999999272,12660,2021-11-23 14:00:00,17491.95,stop,-24.549999999999272,-2592.196510504453
2021-11-23,reverse,-1,12660,2021-11-23 14:00:00,17491.95,17516.5,24.549999999999272,12669,2021-11-23 14:09:00,17516.5,stop,-24.549999999999272,-2592.196510504453
2021-11-24,first,-1,12805,2021-11-24 10:10:00,17514.25,17551.75,37.5,12816,2021-11-24 10:21:00,17551.75,stop,-37.5,-3434.36301326
2021-11-24,reverse,1,12816,2021-11-24 10:21:00,17551.75,17514.25,37.5,13050,2021-11-24 14:15:00,17514.25,stop,-37.5,-3434.36301326
2021-11-25,first,1,13244,2021-11-25 11:14:00,17463.7,17430.5,33.20000000000073,13306,2021-11-25 12:16:00,17530.100000000002,target,66.40000000000146,3319.1467423820945
2021-11-29,first,-1,14033,2021-11-29 11:53:00,17127.0,17175.0,48.0,14040,2021-11-29 12:00:00,17175.0,stop,-48.0,-4110.26663022
2021-11-29,reverse,1,14040,2021-11-29 12:00:00,17175.0,17127.0,48.0,14099,2021-11-29 12:59:00,17127.0,stop,-48.0,-4110.26663022
2021-11-30,first,1,14509,2021-11-30 13:34:00,17153.05,17126.85,26.200000000000728,14520,2021-11-30 13:45:00,17126.85,stop,-26.200000000000728,-2693.205125439047
2021-11-30,reverse,-1,14520,2021-11-30 13:45:00,17126.85,17153.05,26.200000000000728,14524,2021-11-30 13:49:00,17153.05,stop,-26.200000000000728,-2693.205125439047
2021-12-01,first,1,14695,2021-12-01 10:25:00,17176.8,17136.25,40.54999999999927,14920,2021-12-01 14:10:00,17136.25,stop,-40.54999999999927,-3626.154730110453
2021-12-01,reverse,-1,14920,2021-12-01 14:10:00,17136.25,17176.8,40.54999999999927,14938,2021-12-01 14:28:00,17176.8,stop,-40.54999999999927,-3626.154730110453
2021-12-03,first,-1,15671,2021-12-03 14:11:00,17281.75,17334.95,53.20000000000073,15745,2021-12-03 15:25:00,17245.35,eod,36.400000000001455,1373.3142121690946
2021-12-06,first,-1,15752,2021-12-06 09:17:00,17168.25,17255.55,87.29999999999927,16075,2021-12-06 14:40:00,16993.65,target,174.59999999999854,10358.629520540906
2021-12-13,first,-1,17902,2021-12-13 13:52:00,17442.85,17502.9,60.05000000000291,17995,2021-12-13 15:25:00,17457.65,eod,-14.80000000000291,-1957.580185805189
2021-12-14,first,-1,18047,2021-12-14 10:02:00,17353.45,17388.05,34.599999999998545,18079,2021-12-14 10:34:00,17284.250000000004,target,69.19999999999709,3504.1763029028107
2021-12-15,first,-1,18383,2021-12-15 09:23:00,17320.2,17379.5,59.29999999999927,18745,2021-12-15 15:25:00,17258.0,eod,62.20000000000073,3049.7261926980473
2021-12-16,first,-1,18768,2021-12-16 09:33:00,17320.0,17357.0,37.0,18927,2021-12-16 12:12:00,17246.0,target,74.0,3816.76151674
2021-12-21,first,1,19915,2021-12-21 09:55:00,16840.0,16824.2,15.799999999999272,19937,2021-12-21 10:17:00,16871.6,target,31.599999999998545,1068.3177611239053
2021-12-22,first,1,20350,2021-12-22 10:55:00,16882.8,16842.0,40.79999999999927,20594,2021-12-22 14:59:00,16964.399999999998,target,81.59999999999854,4316.865391607906
2021-12-24,first,-1,21048,2021-12-24 10:03:00,16966.0,17015.0,49.0,21270,2021-12-24 13:45:00,17015.0,stop,-49.0,-4172.51507141
2021-12-24,reverse,1,21270,2021-12-24 13:45:00,17015.0,16966.0,49.0,21370,2021-12-24 15:25:00,17003.25,eod,-11.75,-1751.8016058825
2021-12-27,first,1,21425,2021-12-27 10:05:00,16984.95,16945.0,39.95000000000073,21581,2021-12-27 12:41:00,17064.850000000002,target,79.90000000000146,4204.642375222094
2022-01-20,first,-1,28214,2022-01-20 10:44:00,17860.0,17870.8,10.799999999999272,28222,2022-01-20 10:52:00,17870.8,stop,-10.799999999999272,-1704.7056481879526
2022-01-20,reverse,1,28222,2022-01-20 10:52:00,17870.8,17860.0,10.799999999999272,28228,2022-01-20 10:58:00,17860.0,stop,-10.799999999999272,-1704.7056481879526
2022-01-21,first,1,28532,2022-01-21 09:47:00,17656.0,17582.0,74.0,28590,2022-01-21 10:45:00,17582.0,stop,-74.0,-5808.12070918
2022-01-21,reverse,-1,28590,2022-01-21 10:45:00,17582.0,17656.0,74.0,28678,2022-01-21 12:13:00,17656.0,stop,-74.0,-5808.12070918
2022-01-24,first,1,28911,2022-01-24 09:51:00,17513.4,17491.1,22.30000000000291,28913,2022-01-24 09:53:00,17491.1,stop,-22.30000000000291,-2445.9258862451893
2022-01-24,reverse,-1,28913,2022-01-24 09:53:00,17491.1,17513.4,22.30000000000291,28920,2022-01-24 10:00:00,17446.499999999993,target,44.60000000000582,1902.7549852643783
2022-01-25,first,1,29556,2022-01-25 14:21:00,17236.4,17175.45,60.95000000000073,29620,2022-01-25 15:25:00,17278.0,eod,41.599999999998545,1711.3924230159055
2022-01-27,first,-1,29766,2022-01-27 11:36:00,16908.15,16950.75,42.599999999998545,29852,2022-01-27 13:02:00,16950.75,stop,-42.599999999998545,-3755.508115628905
2022-01-27,reverse,1,29852,2022-01-27 13:02:00,16950.75,16908.15,42.599999999998545,29858,2022-01-27 13:08:00,16968.0,eod,17.25,133.87982831250002
2022-02-01,first,-1,30848,2022-02-01 13:14:00,17268.0,17598.4,330.40000000000146,30919,2022-02-01 14:25:00,17598.4,stop,-330.40000000000146,-22469.442247704093
2022-02-01,reverse,1,30919,2022-02-01 14:25:00,17598.4,17268.0,330.40000000000146,30979,2022-02-01 15:25:00,17602.7,eod,4.299999999999272,-718.7631359710472
2022-02-03,first,-1,31521,2022-02-03 11:57:00,17650.35,17665.0,14.650000000001455,31530,2022-02-03 12:06:00,17665.0,stop,-14.650000000001455,-1951.3795284135945
2022-02-03,reverse,1,31530,2022-02-03 12:06:00,17665.0,17650.35,14.650000000001455,31534,2022-02-03 12:10:00,17650.35,stop,-14.650000000001455,-1951.3795284135945
2022-02-04,first,-1,31791,2022-02-04 10:12:00,17546.4,17580.0,33.599999999998545,31812,2022-02-04 10:33:00,17580.0,stop,-33.599999999998545,-3181.4024663039054
2022-02-04,reverse,1,31812,2022-02-04 10:33:00,17580.0,17546.4,33.599999999998545,31815,2022-02-04 10:36:00,17546.4,stop,-33.599999999998545,-3181.4024663039054
2022-02-08,first,1,32687,2022-02-08 12:38:00,17260.05,17232.0,28.049999999999272,32703,2022-02-08 12:54:00,17232.0,stop,-28.049999999999272,-2815.2589513004527
2022-02-08,reverse,-1,32703,2022-02-08 12:54:00,17232.0,17260.05,28.049999999999272,32711,2022-02-08 13:02:00,17175.9,target,56.099999999998545,2654.7185574809055
2022-02-09,first,1,32860,2022-02-09 09:16:00,17376.0,17245.0,131.0,33229,2022-02-09 15:25:00,17485.6,eod,109.59999999999854,6128.024809623906
2022-02-10,first,1,33288,2022-02-10 10:09:00,17523.8,17440.5,83.29999999999927,33604,2022-02-10 15:25:00,17603.0,eod,79.20000000000073,4149.934232252047
2022-02-11,first,-1,33618,2022-02-11 09:24:00,17397.15,17436.8,39.64999999999782,33663,2022-02-11 10:09:00,17317.850000000006,target,79.29999999999563,4159.956023849716
2022-02-15,first,1,34504,2022-02-15 11:40:00,17008.0,16989.0,19.0,34520,2022-02-15 11:56:00,17046.0,target,38.0,1481.35156506
2022-02-17,first,-1,35131,2022-02-17 09:37:00,17300.4,17329.7,29.299999999999272,35147,2022-02-17 09:53:00,17329.7,stop,-29.299999999999272,-2897.6824646609525
2022-02-17,reverse,1,35147,2022-02-17 09:53:00,17329.7,17300.4,29.299999999999272,35151,2022-02-17 09:57:00,17300.4,stop,-29.299999999999272,-2897.6824646609525
2022-02-18,first,-1,35513,2022-02-18 09:44:00,17261.0,17282.75,21.75,35526,2022-02-18 09:57:00,17282.75,stop,-21.75,-2406.2380279375
2022-02-18,reverse,1,35526,2022-02-18 09:57:00,17282.75,17261.0,21.75,35574,2022-02-18 10:45:00,17261.0,stop,-21.75,-2406.2380279375
2022-02-21,first,-1,35866,2022-02-21 09:22:00,17144.95,17281.0,136.04999999999927,36010,2022-02-21 11:46:00,17281.0,stop,-136.04999999999927,-9834.061757679452
2022-02-21,reverse,1,36010,2022-02-21 11:46:00,17281.0,17144.95,136.04999999999927,36229,2022-02-21 15:25:00,17206.9,eod,-74.09999999999854,-5808.204061318906
2022-02-22,first,-1,36257,2022-02-22 09:38:00,16871.9,16951.15,79.25,36284,2022-02-22 10:05:00,16951.15,stop,-79.25,-6137.2370662105
2022-02-22,reverse,1,36284,2022-02-22 10:05:00,16951.15,16871.9,79.25,36543,2022-02-22 14:24:00,17109.65,target,158.5,9313.088475512
2022-02-23,first,-1,36961,2022-02-23 15:07:00,17085.05,17119.7,34.650000000001455,36979,2022-02-23 15:25:00,17071.45,eod,13.599999999998545,-105.38243996509459
2022-02-25,first,-1,37395,2022-02-25 10:06:00,16624.65,16646.75,22.099999999998545,37400,2022-02-25 10:11:00,16646.75,stop,-22.099999999998545,-2418.1027947539055
2022-02-25,reverse,1,37400,2022-02-25 10:11:00,16646.75,16624.65,22.099999999998545,37427,2022-02-25 10:38:00,16690.949999999997,target,44.19999999999709,1890.442245902811
2022-03-02,first,-1,38177,2022-03-02 10:38:00,16571.8,16598.45,26.650000000001455,38224,2022-03-02 11:25:00,16598.45,stop,-26.650000000001455,-2712.9609796025948
2022-03-02,reverse,1,38224,2022-03-02 11:25:00,16598.45,16571.8,26.650000000001455,38235,2022-03-02 11:36:00,16571.8,stop,-26.650000000001455,-2712.9609796025948
2022-03-03,first,-1,38754,2022-03-03 14:00:00,16540.1,16570.45,30.350000000002183,38815,2022-03-03 15:01:00,16479.399999999994,target,60.700000000004366,2965.5674796052836
2022-03-04,first,-1,38848,2022-03-04 09:19:00,16253.5,16548.8,295.2999999999993,39214,2022-03-04 15:25:00,16262.25,eod,-8.75,-1543.9673568575
2022-03-08,first,-1,39791,2022-03-08 12:32:00,15759.0,15790.0,31.0,39796,2022-03-08 12:37:00,15697.0,target,62.0,3063.43344384
2022-04-18,first,-1,48269,2022-04-18 10:05:00,17211.2,17249.0,37.79999999999927,48424,2022-04-18 12:40:00,17135.600000000002,target,75.59999999999854,3922.6271080519055
2022-04-19,first,1,48610,2022-04-19 09:31:00,17261.4,17243.25,18.150000000001455,48611,2022-04-19 09:32:00,17243.25,stop,-18.150000000001455,-2171.9246417865947
2022-04-19,reverse,-1,48611,2022-04-19 09:32:00,17243.25,17261.4,18.150000000001455,48619,2022-04-19 09:40:00,17206.949999999997,target,36.30000000000291,1367.4725697781892
2022-04-20,first,1,49081,2022-04-20 11:07:00,17140.0,17095.1,44.900000000001455,49109,2022-04-20 11:35:00,17095.1,stop,-44.900000000001455,-3908.2125287110944
2022-04-20,reverse,-1,49109,2022-04-20 11:35:00,17095.1,17140.0,44.900000000001455,49159,2022-04-20 12:25:00,17140.0,stop,-44.900000000001455,-3908.2125287110944
2022-04-22,first,1,49756,2022-04-22 09:52:00,17247.0,17225.75,21.25,49765,2022-04-22 10:01:00,17225.75,stop,-21.25,-2373.1336466275
2022-04-22,reverse,-1,49765,2022-04-22 10:01:00,17225.75,17247.0,21.25,49807,2022-04-22 10:43:00,17247.0,stop,-21.25,-2373.1336466275
2022-04-26,first,1,50594,2022-04-26 11:20:00,17166.4,17144.15,22.25,50680,2022-04-26 12:46:00,17144.15,stop,-22.25,-2436.7404010855
2022-04-26,reverse,-1,50680,2022-04-26 12:46:00,17144.15,17166.4,22.25,50682,2022-04-26 12:48:00,17099.65,target,44.5,1902.1900648820001
2022-04-27,first,1,50857,2022-04-27 09:28:00,17098.95,17066.0,32.95000000000073,50866,2022-04-27 09:37:00,17065.4,stop,-33.54999999999927,-3169.923758303453
2022-04-27,reverse,-1,50866,2022-04-27 09:37:00,17065.4,17098.350000000002,32.95000000000073,51056,2022-04-27 12:47:00,16999.5,target,65.90000000000146,3294.5951157110944
2022-04-28,first,1,51247,2022-04-28 09:43:00,17115.0,17102.0,13.0,51249,2022-04-28 09:45:00,17102.0,stop,-13.0,-1834.74432337
2022-04-28,reverse,-1,51249,2022-04-28 09:45:00,17102.0,17115.0,13.0,51273,2022-04-28 10:09:00,17115.3,stop,-13.299999999999272,-1854.2451344529527
2022-05-02,first,1,51616,2022-05-02 09:42:00,17005.0,16939.95,65.04999999999927,51959,2022-05-02 15:25:00,17075.5,eod,70.5,3593.434769395
2022-05-04,first,-1,51985,2022-05-04 09:36:00,17069.75,17093.05,23.299999999999272,52031,2022-05-04 10:22:00,17023.15,target,46.599999999998545,2039.9685196309053
2022-05-05,first,1,52493,2022-05-05 11:49:00,16904.15,16896.0,8.150000000001455,52495,2022-05-05 11:51:00,16896.0,stop,-8.150000000001455,-1515.9571235415947
2022-05-05,reverse,-1,52495,2022-05-05 11:51:00,16896.0,16904.15,8.150000000001455,52496,2022-05-05 11:52:00,16904.15,stop,-8.150000000001455,-1515.9571235415947
2022-05-10,first,1,53683,2022-05-10 12:54:00,16395.5,16356.4,39.100000000000364,53705,2022-05-10 13:16:00,16356.4,stop,-39.100000000000364,-3518.5597443590236
2022-05-10,reverse,-1,53705,2022-05-10 13:16:00,16356.4,16395.5,39.100000000000364,53806,2022-05-10 14:57:00,16278.199999999999,target,78.20000000000073,4106.2573890940475
2022-05-11,first,-1,53864,2022-05-11 09:40:00,16232.65,16314.7,82.05000000000109,54048,2022-05-11 12:44:00,16068.549999999997,target,164.10000000000218,9692.106647668143
2022-05-13,first,1,54600,2022-05-13 09:26:00,16011.15,15971.55,39.600000000000364,54613,2022-05-13 09:39:00,15971.55,stop,-39.600000000000364,-3544.477382547024
2022-05-13,reverse,-1,54613,2022-05-13 09:39:00,15971.55,16011.15,39.600000000000364,54649,2022-05-13 10:15:00,15892.349999999999,target,79.20000000000073,4177.843806321047
2022-05-16,first,1,55048,2022-05-16 10:39:00,15945.0,15922.0,23.0,55063,2022-05-16 10:54:00,15922.0,stop,-23.0,-2464.58483987
2022-05-16,reverse,-1,55063,2022-05-16 10:54:00,15922.0,15945.0,23.0,55078,2022-05-16 11:09:00,15945.0,stop,-23.0,-2464.58483987
2022-05-19,first,-1,56092,2022-05-19 09:18:00,15907.45,16240.25,332.7999999999993,56459,2022-05-19 15:25:00,15794.35,eod,113.10000000000036,6382.5320315020235
2022-05-20,first,1,56673,2022-05-20 12:44:00,16158.75,16098.75,60.0,56834,2022-05-20 15:25:00,16256.9,eod,98.14999999999964,5404.763494503476
2022-05-23,first,1,56871,2022-05-23 09:47:00,16270.4,16202.65,67.75,57186,2022-05-23 15:02:00,16202.65,stop,-67.75,-5378.2569677105
2022-05-23,reverse,-1,57186,2022-05-23 15:02:00,16202.65,16270.4,67.75,57209,2022-05-23 15:25:00,16167.9,eod,34.75,1284.5201523145
2022-05-24,first,-1,57228,2022-05-24 09:29:00,16161.1,16236.0,74.89999999999964,57584,2022-05-24 15:25:00,16108.2,eod,52.899999999999636,2465.0300278269765
2022-05-25,first,1,57668,2022-05-25 10:34:00,16139.3,16111.3,28.0,57726,2022-05-25 11:32:00,16111.3,stop,-28.0,-2792.836754666
2022-05-25,reverse,-1,57726,2022-05-25 11:32:00,16111.3,16139.3,28.0,57747,2022-05-25 11:53:00,16055.3,target,56.0,2667.390348574
2022-05-26,first,-1,57988,2022-05-26 09:39:00,16049.2,16069.9,20.69999999999891,58034,2022-05-26 10:25:00,16007.800000000003,target,41.39999999999782,1719.413234229858
2022-05-27,first,1,58159,2022-05-27 10:40:00,16283.7,16222.4,61.30000000000109,58198,2022-05-27 11:19:00,16222.4,stop,-61.30000000000109,-4959.327397021071
2022-05-27,reverse,-1,58198,2022-05-27 11:19:00,16222.4,16283.7,61.30000000000109,58272,2022-05-27 12:33:00,16283.7,stop,-61.30000000000109,-4959.327397021071
2022-06-01,first,-1,58853,2022-06-01 09:53:00,16549.65,16587.45,37.79999999999927,58883,2022-06-01 10:23:00,16587.45,stop,-37.79999999999927,-3437.3621999309526
2022-06-01,reverse,1,58883,2022-06-01 10:23:00,16587.45,16549.65,37.79999999999927,59051,2022-06-01 13:11:00,16549.65,stop,-37.79999999999927,-3437.3621999309526
2022-06-02,first,1,59223,2022-06-02 09:48:00,16491.7,16461.7,30.0,59268,2022-06-02 10:33:00,16551.7,target,60.0,2919.867143326
2022-06-03,first,1,59772,2022-06-03 12:42:00,16722.0,16702.4,19.599999999998545,59785,2022-06-03 12:55:00,16702.4,stop,-19.599999999998545,-2256.9261220839053
2022-06-03,reverse,-1,59785,2022-06-03 12:55:00,16702.4,16722.0,19.599999999998545,59800,2022-06-03 13:10:00,16722.0,stop,-19.599999999998545,-2256.9261220839053
2022-06-06,first,-1,60162,2022-06-06 12:57:00,16569.35,16593.0,23.650000000001455,60187,2022-06-06 13:22:00,16593.0,stop,-23.650000000001455,-2517.9109560835946
2022-06-06,reverse,1,60187,2022-06-06 13:22:00,16593.0,16569.35,23.650000000001455,60200,2022-06-06 13:35:00,16569.35,stop,-23.650000000001455,-2517.9109560835946
2022-06-08,first,1,60768,2022-06-08 10:33:00,16425.0,16378.0,47.0,60779,2022-06-08 10:44:00,16519.0,target,94.0,5130.51847216
2022-06-09,first,-1,61181,2022-06-09 11:11:00,16366.0,16385.0,19.0,61258,2022-06-09 12:28:00,16385.0,stop,-19.0,-2212.16963111
2022-06-09,reverse,1,61258,2022-06-09 12:28:00,16385.0,16366.0,19.0,61282,2022-06-09 12:52:00,16366.0,stop,-19.0,-2212.16963111
2022-06-21,first,1,63919,2022-06-21 13:04:00,15668.3,15643.0,25.299999999999272,64021,2022-06-21 14:46:00,15643.0,stop,-25.299999999999272,-2609.3181437929525
2022-06-21,reverse,-1,64021,2022-06-21 14:46:00,15643.0,15668.3,25.299999999999272,64023,2022-06-21 14:48:00,15668.3,stop,-25.299999999999272,-2609.3181437929525
2022-06-23,first,1,64449,2022-06-23 09:24:00,15487.9,15463.7,24.19999999999891,64462,2022-06-23 09:37:00,15536.299999999997,target,48.39999999999782,2183.206452637858
2022-06-24,first,-1,65035,2022-06-24 12:55:00,15648.85,15666.0,17.149999999999636,65041,2022-06-24 13:01:00,15666.0,stop,-17.149999999999636,-2079.6461866084765
2022-06-24,reverse,1,65041,2022-06-24 13:01:00,15666.0,15648.85,17.149999999999636,65065,2022-06-24 13:25:00,15648.85,stop,-17.149999999999636,-2079.6461866084765
2022-06-27,first,-1,65340,2022-06-27 11:45:00,15838.95,15854.95,16.0,65363,2022-06-27 12:08:00,15856.0,stop,-17.049999999999272,-2076.397998769453
2022-06-27,reverse,1,65363,2022-06-27 12:08:00,15856.0,15840.0,16.0,65371,2022-06-27 12:16:00,15840.0,stop,-16.0,-2008.16312256
2022-06-28,first,1,65821,2022-06-28 13:31:00,15792.25,15766.6,25.649999999999636,65886,2022-06-28 14:36:00,15843.55,target,51.29999999999927,2366.458099761953
2022-06-29,first,-1,66025,2022-06-29 10:40:00,15746.0,15759.9,13.899999999999636,66027,2022-06-29 10:42:00,15759.9,stop,-13.899999999999636,-1870.0493662989763
2022-06-29,reverse,1,66027,2022-06-29 10:42:00,15759.9,15746.0,13.899999999999636,66028,2022-06-29 10:43:00,15746.0,stop,-13.899999999999636,-1870.0493662989763
2022-06-30,first,-1,66372,2022-06-30 10:12:00,15821.2,15842.75,21.549999999999272,66380,2022-06-30 10:20:00,15778.100000000002,target,43.099999999998545,1833.8182765269053
2022-07-01,first,1,66873,2022-07-01 12:18:00,15636.95,15609.05,27.900000000001455,66886,2022-07-01 12:31:00,15609.05,stop,-27.900000000001455,-2777.7443830600946
2022-07-01,reverse,-1,66886,2022-07-01 12:31:00,15609.05,15636.95,27.900000000001455,66893,2022-07-01 12:38:00,15636.95,stop,-27.900000000001455,-2777.7443830600946
2022-07-04,first,1,67155,2022-07-04 10:45:00,15700.05,15675.3,24.75,67204,2022-07-04 11:34:00,15749.55,target,49.5,2251.061311944
2022-07-06,first,1,67879,2022-07-06 10:19:00,15865.35,15852.05,13.300000000001091,67881,2022-07-06 10:21:00,15852.05,stop,-13.300000000001091,-1832.861964814071
2022-07-06,reverse,-1,67881,2022-07-06 10:21:00,15852.05,15865.35,13.300000000001091,67885,2022-07-06 10:25:00,15865.35,stop,-13.300000000001091,-1832.861964814071
2022-07-07,first,1,68496,2022-07-07 14:21:00,16083.95,16042.0,41.95000000000073,68560,2022-07-07 15:25:00,16149.0,eod,65.04999999999927,3255.019874050453
2022-07-08,first,1,68895,2022-07-08 14:45:00,16187.0,16160.3,26.700000000000728,68935,2022-07-08 15:25:00,16227.0,eod,40.0,1625.36778546
2022-07-11,first,1,68992,2022-07-11 10:07:00,16151.8,16140.6,11.199999999998909,69017,2022-07-11 10:32:00,16140.6,stop,-11.199999999998909,-1701.292575563929
2022-07-11,reverse,-1,69017,2022-07-11 10:32:00,16140.6,16151.8,11.199999999998909,69058,2022-07-11 11:13:00,16151.8,stop,-11.199999999998909,-1701.292575563929
2022-07-12,first,-1,69404,2022-07-12 10:44:00,16132.5,16142.0,9.5,69410,2022-07-12 10:50:00,16142.0,stop,-9.5,-1590.649410945
2022-07-12,reverse,1,69410,2022-07-12 10:50:00,16142.0,16132.5,9.5,69430,2022-07-12 11:10:00,16132.5,stop,-9.5,-1590.649410945
2022-07-13,first,-1,69838,2022-07-13 11:43:00,16087.5,16104.0,16.5,69871,2022-07-13 12:16:00,16104.0,stop,-16.5,-2044.8985113150002
2022-07-13,reverse,1,69871,2022-07-13 12:16:00,16104.0,16087.5,16.5,69879,2022-07-13 12:24:00,16087.5,stop,-16.5,-2044.8985113150002
2022-07-14,first,-1,70257,2022-07-14 12:27:00,15953.1,15963.35,10.25,70260,2022-07-14 12:30:00,15963.35,stop,-10.25,-1636.3324033845001
2022-07-14,reverse,1,70260,2022-07-14 12:30:00,15963.35,15953.1,10.25,70265,2022-07-14 12:35:00,15953.1,stop,-10.25,-1636.3324033845001
2022-07-15,first,1,70539,2022-07-15 10:54:00,15980.0,15968.1,11.899999999999636,70547,2022-07-15 11:02:00,15968.1,stop,-11.899999999999636,-1743.8434726409764
2022-07-15,reverse,-1,70547,2022-07-15 11:02:00,15968.1,15980.0,11.899999999999636,70555,2022-07-15 11:10:00,15944.300000000001,target,23.799999999999272,576.7530462359528
2022-07-27,first,-1,73454,2022-07-27 09:29:00,16441.0,16511.05,70.04999999999927,73488,2022-07-27 10:03:00,16511.05,stop,-70.04999999999927,-5531.840691900453
2022-07-27,reverse,1,73488,2022-07-27 10:03:00,16511.05,16441.0,70.04999999999927,73794,2022-07-27 15:09:00,16651.149999999998,target,140.09999999999854,8124.882389457905
2022-08-23,first,-1,79925,2022-08-23 11:05:00,17431.95,17446.0,14.049999999999272,79936,2022-08-23 11:16:00,17446.0,stop,-14.049999999999272,-1908.6416893994528
2022-08-23,reverse,1,79936,2022-08-23 11:16:00,17446.0,17431.95,14.049999999999272,79942,2022-08-23 11:22:00,17474.1,target,28.099999999998545,830.5011984389054
2022-08-24,first,1,80238,2022-08-24 10:03:00,17556.6,17522.6,34.0,80312,2022-08-24 11:17:00,17624.6,target,68.0,3421.534435868
2022-08-25,first,1,80573,2022-08-25 09:23:00,17686.25,17665.3,20.950000000000728,80691,2022-08-25 11:21:00,17665.3,stop,-20.950000000000728,-2361.1523140955474
2022-08-25,reverse,-1,80691,2022-08-25 11:21:00,17665.3,17686.25,20.950000000000728,80713,2022-08-25 11:43:00,17686.25,stop,-20.950000000000728,-2361.1523140955474
2022-08-26,first,1,81063,2022-08-26 11:18:00,17688.4,17666.0,22.400000000001455,81171,2022-08-26 13:06:00,17666.0,stop,-22.400000000001455,-2455.4182093840946
2022-08-26,reverse,-1,81171,2022-08-26 13:06:00,17666.0,17688.4,22.400000000001455,81184,2022-08-26 13:19:00,17688.4,stop,-22.400000000001455,-2455.4182093840946
2022-08-29,first,-1,81317,2022-08-29 09:17:00,17257.0,17678.0,421.0,81685,2022-08-29 15:25:00,17377.0,eod,-120.0,-8792.68522874
2022-09-01,first,-1,82260,2022-09-01 12:30:00,17614.5,17634.95,20.450000000000728,82274,2022-09-01 12:44:00,17634.95,stop,-20.450000000000728,-2327.781915514547
2022-09-01,reverse,1,82274,2022-09-01 12:44:00,17634.95,17614.5,20.450000000000728,82278,2022-09-01 12:48:00,17614.5,stop,-20.450000000000728,-2327.781915514547
2022-09-02,first,1,82516,2022-09-02 10:31:00,17562.15,17540.0,22.150000000001455,82526,2022-09-02 10:41:00,17540.0,stop,-22.150000000001455,-2437.0120237615947
2022-09-02,reverse,-1,82526,2022-09-02 10:41:00,17540.0,17562.15,22.150000000001455,82529,2022-09-02 10:44:00,17562.15,stop,-22.150000000001455,-2437.0120237615947
2022-09-05,first,1,82818,2022-09-05 09:18:00,17620.05,17597.85,22.200000000000728,82828,2022-09-05 09:28:00,17597.85,stop,-22.200000000000728,-2441.251811619047
2022-09-05,reverse,-1,82828,2022-09-05 09:28:00,17597.85,17620.05,22.200000000000728,82830,2022-09-05 09:30:00,17621.1,stop,-23.25,-2509.5046504095
2022-09-06,first,1,83294,2022-09-06 10:59:00,17650.0,17628.45,21.549999999999272,83310,2022-09-06 11:15:00,17693.1,target,43.099999999998545,1801.7952714089054
2022-09-07,first,-1,83606,2022-09-07 09:56:00,17580.0,17600.55,20.549999999999272,83613,2022-09-07 10:03:00,17600.55,stop,-20.549999999999272,-2333.6919867854526
2022-09-07,reverse,1,83613,2022-09-07 10:03:00,17600.55,17580.0,20.549999999999272,83628,2022-09-07 10:18:00,17580.0,stop,-20.549999999999272,-2333.6919867854526
2022-09-08,first,1,84087,2022-09-08 11:42:00,17761.85,17744.05,17.799999999999272,84156,2022-09-08 12:51:00,17744.05,stop,-17.799999999999272,-2157.740991298953
2022-09-08,reverse,-1,84156,2022-09-08 12:51:00,17744.05,17761.85,17.799999999999272,84165,2022-09-08 13:00:00,17708.45,target,35.599999999998545,1313.4033814749055
2022-09-09,first,-1,84506,2022-09-09 12:26:00,17843.45,17869.0,25.549999999999272,84515,2022-09-09 12:35:00,17869.0,stop,-25.549999999999272,-2663.2124019444527
2022-09-09,reverse,1,84515,2022-09-09 12:35:00,17869.0,17843.45,25.549999999999272,84562,2022-09-09 13:22:00,17843.45,stop,-25.549999999999272,-2663.2124019444527
2022-09-14,first,-1,85481,2022-09-14 09:56:00,17908.25,17958.7,50.45000000000073,85550,2022-09-14 11:05:00,17958.7,stop,-50.45000000000073,-4282.888269689547
2022-09-14,reverse,1,85550,2022-09-14 11:05:00,17958.7,17908.25,50.45000000000073,85638,2022-09-14 12:33:00,18059.600000000002,target,100.90000000000146,5552.681743937094
2022-09-15,first,-1,85852,2022-09-15 09:52:00,18021.0,18036.35,15.349999999998545,85855,2022-09-15 09:55:00,17990.300000000003,target,30.69999999999709,990.1522892068108
2022-09-19,first,-1,86622,2022-09-19 10:12:00,17648.25,17669.0,20.75,86632,2022-09-19 10:22:00,17669.0,stop,-20.75,-2347.8600952725
2022-09-19,reverse,1,86632,2022-09-19 10:22:00,17669.0,17648.25,20.75,86659,2022-09-19 10:49:00,17648.25,stop,-20.75,-2347.8600952725
2022-09-20,first,-1,87296,2022-09-20 15:11:00,17818.95,17841.95,23.0,87310,2022-09-20 15:25:00,17819.9,eod,-0.9500000000007276,-1063.7267662485474
2022-09-21,first,-1,87345,2022-09-21 09:45:00,17778.65,17813.0,34.349999999998545,87390,2022-09-21 10:30:00,17813.5,stop,-34.849999999998545,-3266.6289976614053
2022-09-21,reverse,1,87390,2022-09-21 10:30:00,17813.5,17779.15,34.349999999998545,87448,2022-09-21 11:28:00,17779.15,stop,-34.349999999998545,-3234.1361994664053
2022-09-22,first,1,87731,2022-09-22 09:56:00,17702.05,17687.2,14.849999999998545,87741,2022-09-22 10:06:00,17687.2,stop,-14.849999999998545,-1965.0104701924054
2022-09-22,reverse,-1,87741,2022-09-22 10:06:00,17687.2,17702.05,14.849999999998545,87745,2022-09-22 10:10:00,17657.500000000004,target,29.69999999999709,930.8599756328108
2022-09-30,first,1,90156,2022-09-30 12:51:00,17120.15,17097.0,23.150000000001455,90179,2022-09-30 13:14:00,17097.0,stop,-23.150000000001455,-2494.4362289115948
2022-09-30,reverse,-1,90179,2022-09-30 13:14:00,17097.0,17120.15,23.150000000001455,90192,2022-09-30 13:27:00,17120.15,stop,-23.150000000001455,-2494.4362289115948
2022-10-03,first,-1,90470,2022-10-03 11:50:00,17029.45,17068.0,38.54999999999927,90595,2022-10-03 13:55:00,16952.350000000002,target,77.09999999999854,4023.2404007019054
2022-10-07,first,-1,91455,2022-10-07 09:30:00,17259.0,17306.3,47.29999999999927,91479,2022-10-07 09:54:00,17306.3,stop,-47.29999999999927,-4067.022890732953
2022-10-07,reverse,1,91479,2022-10-07 09:54:00,17306.3,17259.0,47.29999999999927,91603,2022-10-07 11:58:00,17259.0,stop,-47.29999999999927,-4067.022890732953
2022-10-10,first,-1,91922,2022-10-10 11:02:00,17083.7,17098.9,15.200000000000728,91928,2022-10-10 11:08:00,17098.9,stop,-15.200000000000728,-1977.4372091860473
2022-10-10,reverse,1,91928,2022-10-10 11:08:00,17098.9,17083.7,15.200000000000728,91951,2022-10-10 11:31:00,17129.300000000003,target,30.400000000001455,985.9059861980945
2022-10-11,first,-1,92334,2022-10-11 11:39:00,17152.65,17169.2,16.549999999999272,92343,2022-10-11 11:48:00,17169.2,stop,-16.549999999999272,-2066.370401878453
2022-10-11,reverse,1,92343,2022-10-11 11:48:00,17169.2,17152.65,16.549999999999272,92379,2022-10-11 12:24:00,17152.6,stop,-16.600000000002183,-2069.619681698142
2022-10-12,first,1,92782,2022-10-12 12:52:00,17071.0,17047.0,24.0,92786,2022-10-12 12:56:00,17047.0,stop,-24.0,-2548.83316598
2022-10-12,reverse,-1,92786,2022-10-12 12:56:00,17047.0,17071.0,24.0,92845,2022-10-12 13:55:00,17071.0,stop,-24.0,-2548.83316598
2022-10-13,first,1,93268,2022-10-13 14:43:00,17047.95,17025.1,22.850000000002183,93282,2022-10-13 14:57:00,17025.1,stop,-22.850000000002183,-2473.7054087106417
2022-10-13,reverse,-1,93282,2022-10-13 14:57:00,17025.1,17047.95,22.850000000002183,93291,2022-10-13 15:06:00,16979.399999999994,target,45.700000000004366,1982.2299237552838
2022-10-14,first,-1,93590,2022-10-14 13:50:00,17289.85,17303.5,13.650000000001455,93595,2022-10-14 13:55:00,17262.549999999996,target,27.30000000000291,781.6510408361892
2022-10-17,first,1,93810,2022-10-17 11:15:00,17278.0,17240.0,38.0,93852,2022-10-17 11:57:00,17240.0,stop,-38.0,-3462.17270998
2022-10-17,reverse,-1,93852,2022-10-17 11:57:00,17240.0,17278.0,38.0,93875,2022-10-17 12:20:00,17279.0,stop,-39.0,-3527.17541359
2022-10-18,first,-1,94380,2022-10-18 14:30:00,17462.9,17502.25,39.349999999998545,94412,2022-10-18 15:02:00,17502.25,stop,-39.349999999998545,-3553.7395591914055
2022-10-18,reverse,1,94412,2022-10-18 15:02:00,17502.25,17462.9,39.349999999998545,94435,2022-10-18 15:25:00,17504.9,eod,2.650000000001455,-824.3445108114054
2022-10-19,first,1,94611,2022-10-19 12:06:00,17553.0,17535.3,17.700000000000728,94614,2022-10-19 12:09:00,17535.3,stop,-17.700000000000728,-2147.669588763047
2022-10-19,reverse,-1,94614,2022-10-19 12:09:00,17535.3,17553.0,17.700000000000728,94670,2022-10-19 13:05:00,17499.899999999998,target,35.400000000001455,1303.9739729280946
2022-10-20,first,-1,94842,2022-10-20 09:42:00,17399.5,17415.0,15.5,94849,2022-10-20 09:49:00,17415.0,stop,-15.5,-2002.340480345
2022-10-20,reverse,1,94849,2022-10-20 09:49:00,17415.0,17399.5,15.5,94855,2022-10-20 09:55:00,17446.0,target,31.0,1019.48975179
2022-10-21,first,-1,95475,2022-10-21 14:00:00,17573.35,17591.85,18.5,95485,2022-10-21 14:10:00,17536.35,target,37.0,1407.327368983
2022-10-25,first,-1,95693,2022-10-25 11:23:00,17683.15,17695.0,11.849999999998545,95728,2022-10-25 11:58:00,17695.0,stop,-11.849999999998545,-1769.9330751214054
2022-10-25,reverse,1,95728,2022-10-25 11:58:00,17695.0,17683.15,11.849999999998545,95755,2022-10-25 12:25:00,17683.15,stop,-11.849999999998545,-1769.9330751214054
2022-10-27,first,1,96006,2022-10-27 10:21:00,17741.9,17725.0,16.900000000001455,96021,2022-10-27 10:36:00,17725.0,stop,-16.900000000001455,-2098.9126655090945
2022-10-27,reverse,-1,96021,2022-10-27 10:36:00,17725.0,17741.9,16.900000000001455,96057,2022-10-27 11:12:00,17741.9,stop,-16.900000000001455,-2098.9126655090945
2022-10-28,first,-1,96499,2022-10-28 12:19:00,17809.55,17826.95,17.400000000001455,96520,2022-10-28 12:40:00,17826.95,stop,-17.400000000001455,-2132.8604327650946
2022-10-28,reverse,1,96520,2022-10-28 12:40:00,17826.95,17809.55,17.400000000001455,96527,2022-10-28 12:47:00,17809.55,stop,-17.400000000001455,-2132.8604327650946
2022-11-03,first,-1,98006,2022-11-03 12:26:00,18085.25,18096.25,11.0,98008,2022-11-03 12:28:00,18096.25,stop,-11.0,-1721.559590215
2022-11-03,reverse,1,98008,2022-11-03 12:28:00,18096.25,18085.25,11.0,98011,2022-11-03 12:31:00,18085.25,stop,-11.0,-1721.559590215
2022-11-04,first,-1,98326,2022-11-04 11:31:00,18101.6,18114.0,12.400000000001455,98359,2022-11-04 12:04:00,18114.2,stop,-12.600000000002183,-1825.843619038142
2022-11-04,reverse,1,98359,2022-11-04 12:04:00,18114.2,18101.8,12.400000000001455,98381,2022-11-04 12:26:00,18139.000000000004,target,24.80000000000291,604.6176859481891
2022-11-07,first,1,98802,2022-11-07 13:12:00,18179.3,18170.0,9.299999999999272,98806,2022-11-07 13:16:00,18170.0,stop,-9.299999999999272,-1612.5048309729527
2022-11-07,reverse,-1,98806,2022-11-07 13:16:00,18170.0,18179.3,9.299999999999272,98808,2022-11-07 13:18:00,18179.3,stop,-9.299999999999272,-1612.5048309729527
2022-11-09,first,-1,99076,2022-11-09 11:31:00,18249.0,18262.0,13.0,99097,2022-11-09 11:52:00,18262.0,stop,-13.0,-1854.3663047100001
2022-11-09,reverse,1,99097,2022-11-09 11:52:00,18262.0,18249.0,13.0,99116,2022-11-09 12:11:00,18249.0,stop,-13.0,-1854.3663047100001
2022-11-11,first,1,99699,2022-11-11 09:24:00,18382.95,18095.0,287.9500000000007,100060,2022-11-11 15:25:00,18425.85,eod,42.89999999999782,1776.2594152318582
2022-11-14,first,-1,100430,2022-11-14 15:20:00,18369.5,18390.0,20.5,100435,2022-11-14 15:25:00,18372.45,eod,-2.9500000000007276,-1203.1505534395474
2022-11-15,first,-1,100472,2022-11-15 09:47:00,18366.2,18396.5,30.299999999999272,100647,2022-11-15 12:42:00,18396.5,stop,-30.299999999999272,-2980.918043346953
2022-11-15,reverse,1,100647,2022-11-15 12:42:00,18396.5,18366.2,30.299999999999272,100795,2022-11-15 15:10:00,18457.1,target,60.599999999998545,2926.272668503905
2022-11-16,first,1,100861,2022-11-16 10:01:00,18425.7,18412.15,13.549999999999272,100877,2022-11-16 10:17:00,18452.8,target,27.099999999998545,748.7556586149054
2022-11-17,first,-1,101249,2022-11-17 10:14:00,18420.7,18430.9,10.200000000000728,101253,2022-11-17 10:18:00,18430.9,stop,-10.200000000000728,-1675.2960442760473
2022-11-17,reverse,1,101253,2022-11-17 10:18:00,18430.9,18420.7,10.200000000000728,101257,2022-11-17 10:22:00,18420.7,stop,-10.200000000000728,-1675.2960442760473
2022-11-22,first,-1,102320,2022-11-22 09:20:00,18184.7,18200.0,15.299999999999272,102333,2022-11-22 09:33:00,18200.0,stop,-15.299999999999272,-2002.7725287669527
2022-11-22,reverse,1,102333,2022-11-22 09:33:00,18200.0,18184.7,15.299999999999272,102354,2022-11-22 09:54:00,18230.6,target,30.599999999998545,980.0663455339054
2022-11-23,first,1,102791,2022-11-23 10:56:00,18302.85,18296.15,6.69999999999709,102797,2022-11-23 11:02:00,18296.15,stop,-6.69999999999709,-1445.655877389811
2022-11-23,reverse,-1,102797,2022-11-23 11:02:00,18296.15,18302.85,6.69999999999709,102827,2022-11-23 11:32:00,18302.85,stop,-6.69999999999709,-1445.655877389811
2022-12-05,first,1,105983,2022-12-05 14:08:00,18775.15,18741.9,33.25,106047,2022-12-05 15:12:00,18841.65,target,66.5,3303.210038352
2022-12-06,first,-1,106127,2022-12-06 10:17:00,18730.5,18749.0,18.5,106146,2022-12-06 10:36:00,18749.0,stop,-18.5,-2220.118300995
2022-12-06,reverse,1,106146,2022-12-06 10:36:00,18749.0,18730.5,18.5,106171,2022-12-06 11:01:00,18730.5,stop,-18.5,-2220.118300995
2022-12-07,first,-1,106535,2022-12-07 10:50:00,18712.1,18729.6,17.5,106539,2022-12-07 10:54:00,18677.1,target,35.0,1257.841114988
2022-12-08,first,-1,106816,2022-12-08 09:16:00,18648.9,18700.0,51.099999999998545,106850,2022-12-08 09:50:00,18700.0,stop,-51.099999999998545,-4337.810489528905
2022-12-08,reverse,1,106850,2022-12-08 09:50:00,18700.0,18648.9,51.099999999998545,107185,2022-12-08 15:25:00,18717.75,eod,17.75,136.44782192249994
2022-12-09,first,-1,107229,2022-12-09 09:54:00,18728.25,18744.15,15.900000000001455,107235,2022-12-09 10:00:00,18744.15,stop,-15.900000000001455,-2051.072780364095
2022-12-09,reverse,1,107235,2022-12-09 10:00:00,18744.15,18728.25,15.900000000001455,107245,2022-12-09 10:10:00,18728.25,stop,-15.900000000001455,-2051.072780364095
2022-12-12,first,1,107613,2022-12-12 10:03:00,18608.1,18574.35,33.75,107807,2022-12-12 13:17:00,18574.35,stop,-33.75,-3208.7382386445
2022-12-12,reverse,-1,107807,2022-12-12 13:17:00,18574.35,18608.1,33.75,107915,2022-12-12 15:05:00,18608.1,stop,-33.75,-3208.7382386445
2022-12-13,first,1,107971,2022-12-13 09:46:00,18627.7,18610.05,17.650000000001455,107975,2022-12-13 09:50:00,18610.05,stop,-17.650000000001455,-2162.8054382775945
2022-12-13,reverse,-1,107975,2022-12-13 09:50:00,18610.05,18627.7,17.650000000001455,108041,2022-12-13 10:56:00,18627.7,stop,-17.650000000001455,-2162.8054382775945
2022-12-14,first,-1,108614,2022-12-14 14:14:00,18724.9,18741.55,16.649999999997817,108618,2022-12-14 14:18:00,18741.55,stop,-16.649999999997817,-2099.7674988843582
2022-12-14,reverse,1,108618,2022-12-14 14:18:00,18741.55,18724.9,16.649999999997817,108660,2022-12-14 15:00:00,18774.849999999995,target,33.299999999995634,1146.2630407957163
2022-12-19,first,1,109764,2022-12-19 14:39:00,18489.65,18435.0,54.650000000001455,109810,2022-12-19 15:25:00,18495.05,eod,5.399999999997817,-662.5257897671418
2022-12-20,first,1,110013,2022-12-20 12:33:00,18320.0,18302.85,17.150000000001455,110028,2022-12-20 12:48:00,18302.85,stop,-17.150000000001455,-2125.048748488595
2022-12-20,reverse,-1,110028,2022-12-20 12:48:00,18302.85,18320.0,17.150000000001455,110041,2022-12-20 13:01:00,18320.0,stop,-17.150000000001455,-2125.048748488595
2022-12-21,first,1,110243,2022-12-21 10:08:00,18440.05,18415.0,25.049999999999272,110254,2022-12-21 10:19:00,18415.0,stop,-25.049999999999272,-2640.4886817304528
2022-12-21,reverse,-1,110254,2022-12-21 10:19:00,18415.0,18440.05,25.049999999999272,110337,2022-12-21 11:42:00,18440.05,stop,-25.049999999999272,-2640.4886817304528
2022-12-22,first,-1,110575,2022-12-22 09:25:00,18288.4,18341.3,52.89999999999782,110644,2022-12-22 10:34:00,18182.600000000006,target,105.79999999999563,5867.280859689716
2022-12-26,first,-1,111359,2022-12-26 09:59:00,17966.75,17987.65,20.900000000001455,111418,2022-12-26 10:58:00,17987.65,stop,-20.900000000001455,-2363.0591503840947
2022-12-26,reverse,1,111418,2022-12-26 10:58:00,17987.65,17966.75,20.900000000001455,111578,2022-12-26 13:38:00,18029.450000000004,target,41.80000000000291,1711.5377432691891
2022-12-27,first,1,111691,2022-12-27 09:16:00,18100.15,17995.9,104.25,111711,2022-12-27 09:36:00,17995.9,stop,-104.25,-7781.5331717405
2022-12-27,reverse,-1,111711,2022-12-27 09:36:00,17995.9,18100.15,104.25,111964,2022-12-27 13:49:00,18100.15,stop,-104.25,-7781.5331717405
2022-12-28,first,1,112104,2022-12-28 09:54:00,18134.0,18102.4,31.599999999998545,112132,2022-12-28 10:22:00,18102.4,stop,-31.599999999998545,-3060.9086734039056
2022-12-28,reverse,-1,112132,2022-12-28 10:22:00,18102.4,18134.0,31.599999999998545,112170,2022-12-28 11:00:00,18134.0,stop,-31.599999999998545,-3060.9086734039056
2022-12-29,first,-1,112615,2022-12-29 12:10:00,18025.75,18035.0,9.25,112668,2022-12-29 13:03:00,18035.0,stop,-9.25,-1606.7869793075001
2022-12-29,reverse,1,112668,2022-12-29 13:03:00,18035.0,18025.75,9.25,112672,2022-12-29 13:07:00,18053.5,target,18.5,196.56332051500004
2022-12-30,first,-1,113082,2022-12-30 13:42:00,18276.15,18287.1,10.94999999999709,113091,2022-12-30 13:51:00,18254.250000000007,target,21.89999999999418,413.7635902556216
2023-01-02,first,-1,113205,2023-01-02 09:30:00,18172.5,18213.45,40.95000000000073,113213,2023-01-02 09:38:00,18213.45,stop,-40.95000000000073,-3669.883168279547
2023-01-02,reverse,1,113213,2023-01-02 09:38:00,18213.45,18172.5,40.95000000000073,113560,2023-01-02 15:25:00,18279.15,eod,65.70000000000073,3260.8306867140473
2023-01-03,first,1,113583,2023-01-03 09:33:00,18250.55,18210.05,40.5,113901,2023-01-03 14:51:00,18331.55,target,81.0,4254.475633619
2023-01-05,first,-1,114344,2023-01-05 09:44:00,18102.95,18162.0,59.04999999999927,114375,2023-01-05 10:15:00,18162.0,stop,-59.04999999999927,-4845.242296469452
2023-01-05,reverse,1,114375,2023-01-05 10:15:00,18162.0,18102.95,59.04999999999927,114411,2023-01-05 10:51:00,18102.95,stop,-59.04999999999927,-4845.242296469452
2023-01-06,first,1,114700,2023-01-06 09:25:00,18104.0,18052.8,51.20000000000073,114734,2023-01-06 09:59:00,18052.8,stop,-51.20000000000073,-4334.113146048047
2023-01-06,reverse,-1,114734,2023-01-06 09:59:00,18052.8,18104.0,51.20000000000073,114897,2023-01-06 12:42:00,17950.399999999998,target,102.40000000000146,5650.302128448095
2023-01-09,first,1,115080,2023-01-09 09:30:00,18085.1,17947.5,137.59999999999854,115435,2023-01-09 15:25:00,18167.6,eod,82.5,4354.784417753
2023-01-11,first,-1,115912,2023-01-11 10:52:00,17986.9,18049.9,63.0,116185,2023-01-11 15:25:00,17957.95,eod,28.950000000000728,876.9809140915472
2023-01-12,first,1,116208,2023-01-12 09:33:00,18007.1,17971.0,36.099999999998545,116218,2023-01-12 09:43:00,17971.0,stop,-36.099999999998545,-3351.172950940905
2023-01-12,reverse,-1,116218,2023-01-12 09:43:00,17971.0,18007.1,36.099999999998545,116251,2023-01-12 10:16:00,17898.800000000003,target,72.19999999999709,3688.6198500218106
2023-01-13,first,1,116648,2023-01-13 10:38:00,17883.0,17865.05,17.950000000000728,116740,2023-01-13 12:10:00,17918.9,target,35.900000000001455,1329.9129951410946
2023-01-16,first,-1,116973,2023-01-16 09:48:00,17998.5,18023.05,24.549999999999272,116985,2023-01-16 10:00:00,18023.05,stop,-24.549999999999272,-2600.862172795453
2023-01-16,reverse,1,116985,2023-01-16 10:00:00,18023.05,17998.5,24.549999999999272,117002,2023-01-16 10:17:00,17998.5,stop,-24.549999999999272,-2600.862172795453
2023-01-17,first,1,117443,2023-01-17 11:23:00,18033.15,18018.0,15.150000000001455,117476,2023-01-17 11:56:00,18063.450000000004,target,30.30000000000291,963.4250062741892
2023-01-19,first,1,118211,2023-01-19 11:41:00,18145.05,18133.4,11.649999999997817,118216,2023-01-19 11:46:00,18168.349999999995,target,23.299999999995634,506.61153362571633
2023-01-20,first,1,118462,2023-01-20 09:37:00,18121.3,18100.0,21.299999999999272,118467,2023-01-20 09:42:00,18100.0,stop,-21.299999999999272,-2391.3397688929526
2023-01-20,reverse,-1,118467,2023-01-20 09:42:00,18100.0,18121.3,21.299999999999272,118492,2023-01-20 10:07:00,18121.3,stop,-21.299999999999272,-2391.3397688929526
2023-01-23,first,1,119076,2023-01-23 13:36:00,18144.5,18132.0,12.5,119119,2023-01-23 14:19:00,18169.5,target,25.0,617.0964564599999
2023-01-24,first,1,119208,2023-01-24 09:33:00,18214.4,18140.2,74.20000000000073,119382,2023-01-24 12:27:00,18140.2,stop,-74.20000000000073,-5830.670500106047
2023-01-24,reverse,-1,119382,2023-01-24 12:27:00,18140.2,18214.4,74.20000000000073,119560,2023-01-24 15:25:00,18118.7,eod,21.5,390.08823537099994
2023-01-31,first,1,120955,2023-01-31 13:40:00,17801.0,17784.6,16.400000000001455,120957,2023-01-31 13:42:00,17784.6,stop,-16.400000000001455,-2067.4309040160947
2023-01-31,reverse,-1,120957,2023-01-31 13:42:00,17784.6,17801.0,16.400000000001455,120962,2023-01-31 13:47:00,17801.0,stop,-16.400000000001455,-2067.4309040160947
2023-02-01,first,1,121114,2023-02-01 10:04:00,17880.0,17850.0,30.0,121174,2023-02-01 11:04:00,17940.0,target,60.0,2896.1171898000002
2023-02-02,first,-1,121479,2023-02-02 09:54:00,17666.0,17736.0,70.0,121608,2023-02-02 12:03:00,17736.0,stop,-70.0,-5549.54690122
2023-02-02,reverse,1,121608,2023-02-02 12:03:00,17736.0,17666.0,70.0,121627,2023-02-02 12:22:00,17666.0,stop,-70.0,-5549.54690122
2023-02-03,first,-1,121837,2023-02-03 09:37:00,17702.15,17744.0,41.849999999998545,121860,2023-02-03 10:00:00,17744.0,stop,-41.849999999998545,-3720.3392206014055
2023-02-03,reverse,1,121860,2023-02-03 10:00:00,17744.0,17702.15,41.849999999998545,121882,2023-02-03 10:22:00,17702.0,stop,-42.0,-3730.08706006
2023-02-06,first,1,122235,2023-02-06 10:00:00,17823.7,17787.85,35.85000000000218,122256,2023-02-06 10:21:00,17787.85,stop,-35.85000000000218,-3331.7890876956417
2023-02-06,reverse,-1,122256,2023-02-06 10:21:00,17787.85,17823.7,35.85000000000218,122455,2023-02-06 13:40:00,17823.7,stop,-35.85000000000218,-3331.7890876956417
2023-02-07,first,1,122569,2023-02-07 09:19:00,17847.05,17791.75,55.29999999999927,122595,2023-02-07 09:45:00,17791.75,stop,-55.29999999999927,-4596.158391067953
2023-02-07,reverse,-1,122595,2023-02-07 09:45:00,17791.75,17847.05,55.29999999999927,122935,2023-02-07 15:25:00,17773.65,eod,18.099999999998545,175.04005390590538
2023-02-09,first,1,123355,2023-02-09 09:55:00,17870.0,17846.65,23.349999999998545,123384,2023-02-09 10:24:00,17916.699999999997,target,46.69999999999709,2031.979830012811
2023-02-10,first,1,123845,2023-02-10 11:50:00,17880.7,17865.25,15.450000000000728,123858,2023-02-10 12:03:00,17865.25,stop,-15.450000000000728,-2007.0580328795472
2023-02-10,reverse,-1,123858,2023-02-10 12:03:00,17865.25,17880.7,15.450000000000728,123976,2023-02-10 14:01:00,17880.7,stop,-15.450000000000728,-2007.0580328795472
2023-02-13,first,-1,124189,2023-02-13 11:19:00,17802.7,17820.45,17.75,124245,2023-02-13 12:15:00,17767.2,target,35.5,1305.899772661
2023-02-15,first,1,124846,2023-02-15 09:46:00,17892.8,17873.6,19.200000000000728,124863,2023-02-15 10:03:00,17931.2,target,38.400000000001455,1492.2093353600947
2023-02-16,first,1,125516,2023-02-16 14:41:00,18086.05,18071.35,14.700000000000728,125543,2023-02-16 15:08:00,18071.35,stop,-14.700000000000728,-1961.8318032140473
2023-02-16,reverse,-1,125543,2023-02-16 15:08:00,18071.35,18086.05,14.700000000000728,125560,2023-02-16 15:25:00,18062.35,eod,9.0,-421.26772765699997
2023-02-17,first,-1,125621,2023-02-17 10:11:00,18006.05,18020.9,14.850000000002183,125640,2023-02-17 10:30:00,18020.9,stop,-14.850000000002183,-1970.4651072896418
2023-02-17,reverse,1,125640,2023-02-17 10:30:00,18020.9,18006.05,14.850000000002183,125643,2023-02-17 10:33:00,18006.05,stop,-14.850000000002183,-1970.4651072896418
2023-02-20,first,1,125963,2023-02-20 09:38:00,17951.85,17907.4,44.44999999999709,126149,2023-02-20 12:44:00,17907.4,stop,-44.44999999999709,-3892.857506892311
2023-02-20,reverse,-1,126149,2023-02-20 12:44:00,17907.4,17951.85,44.44999999999709,126310,2023-02-20 15:25:00,17866.7,eod,40.70000000000073,1642.1227054990472
2023-02-21,first,-1,126339,2023-02-21 09:39:00,17855.0,17868.0,13.0,126341,2023-02-21 09:41:00,17868.0,stop,-13.0,-1847.62606003
2023-02-21,reverse,1,126341,2023-02-21 09:41:00,17868.0,17855.0,13.0,126355,2023-02-21 09:55:00,17855.0,stop,-13.0,-1847.62606003
2023-02-22,first,-1,126695,2023-02-22 09:20:00,17742.85,17857.95,115.10000000000218,127060,2023-02-22 15:25:00,17568.0,eod,174.84999999999854,10365.050387831405
2023-02-24,first,-1,127457,2023-02-24 09:32:00,17652.5,17689.85,37.349999999998545,127592,2023-02-24 11:47:00,17577.800000000003,target,74.69999999999709,3856.575258616811
2023-02-27,first,-1,127980,2023-02-27 12:00:00,17452.0,17480.0,28.0,128051,2023-02-27 13:11:00,17396.0,target,56.0,2644.45469872
2023-02-28,first,1,128291,2023-02-28 10:56:00,17452.0,17435.45,16.549999999999272,128337,2023-02-28 11:42:00,17435.45,stop,-16.549999999999272,-2071.2083236944527
2023-02-28,reverse,-1,128337,2023-02-28 11:42:00,17435.45,17452.0,16.549999999999272,128343,2023-02-28 11:48:00,17452.0,stop,-16.549999999999272,-2071.2083236944527
2023-03-08,first,1,130204,2023-03-08 11:34:00,17743.0,17724.0,19.0,130208,2023-03-08 11:38:00,17724.0,stop,-19.0,-2235.40123587
2023-03-08,reverse,-1,130208,2023-03-08 11:38:00,17724.0,17743.0,19.0,130314,2023-03-08 13:24:00,17743.0,stop,-19.0,-2235.40123587
2023-03-09,first,1,130538,2023-03-09 10:53:00,17733.0,17726.0,7.0,130556,2023-03-09 11:11:00,17747.0,target,14.0,-90.70548280000003
2023-03-13,first,-1,131210,2023-03-13 09:35:00,17512.55,17573.4,60.85000000000218,131344,2023-03-13 11:49:00,17390.849999999995,target,121.70000000000437,6914.096483726284
2023-03-17,first,1,132744,2023-03-17 10:11:00,17135.5,17110.55,24.950000000000728,132783,2023-03-17 10:50:00,17110.55,stop,-24.950000000000728,-2611.6728982405475
2023-03-17,reverse,-1,132783,2023-03-17 10:50:00,17110.55,17135.5,24.950000000000728,132830,2023-03-17 11:37:00,17060.649999999998,target,49.900000000001455,2253.7794669680943
2023-03-20,first,1,133409,2023-03-20 15:01:00,16994.5,16956.55,37.95000000000073,133433,2023-03-20 15:25:00,17040.95,eod,46.45000000000073,2030.7108020255473
2023-03-21,first,1,133483,2023-03-21 10:00:00,17081.85,17052.4,29.44999999999709,133663,2023-03-21 13:00:00,17140.749999999993,target,58.89999999999418,2838.2871614136216
2023-03-22,first,1,133906,2023-03-22 10:48:00,17176.15,17163.6,12.55000000000291,133916,2023-03-22 10:58:00,17163.6,stop,-12.55000000000291,-1806.546911497689
2023-03-22,reverse,-1,133916,2023-03-22 10:58:00,17163.6,17176.15,12.55000000000291,133944,2023-03-22 11:26:00,17176.15,stop,-12.55000000000291,-1806.546911497689
2023-03-23,first,1,134235,2023-03-23 10:02:00,17171.55,17137.0,34.54999999999927,134501,2023-03-23 14:28:00,17137.0,stop,-34.54999999999927,-3236.151338865453
2023-03-23,reverse,-1,134501,2023-03-23 14:28:00,17137.0,17171.55,34.54999999999927,134541,2023-03-23 15:08:00,17067.9,target,69.09999999999854,3501.3788903109053
2023-03-24,first,-1,134728,2023-03-24 12:00:00,17097.65,17109.7,12.049999999999272,134743,2023-03-24 12:15:00,17109.7,stop,-12.049999999999272,-1772.9173385334527
2023-03-24,reverse,1,134743,2023-03-24 12:15:00,17109.7,17097.65,12.049999999999272,134744,2023-03-24 12:16:00,17097.65,stop,-12.049999999999272,-1772.9173385334527
2023-03-27,first,1,135078,2023-03-27 11:35:00,17038.0,17007.1,30.900000000001455,135187,2023-03-27 13:24:00,17007.1,stop,-30.900000000001455,-2996.6692428110946
2023-03-27,reverse,-1,135187,2023-03-27 13:24:00,17007.1,17038.0,30.900000000001455,135206,2023-03-27 13:43:00,17038.0,stop,-30.900000000001455,-2996.6692428110946
2023-03-28,first,-1,135339,2023-03-28 09:41:00,17035.5,17060.0,24.5,135388,2023-03-28 10:30:00,16986.5,target,49.0,2196.56093058
2023-03-29,first,1,135840,2023-03-29 11:47:00,16983.4,16964.65,18.75,135844,2023-03-29 11:51:00,16964.65,stop,-18.75,-2206.1601924605
2023-03-29,reverse,-1,135844,2023-03-29 11:51:00,16964.65,16983.4,18.75,135913,2023-03-29 13:00:00,16983.4,stop,-18.75,-2206.1601924605
2023-04-19,first,-1,140103,2023-04-19 14:05:00,17624.7,17643.35,18.649999999997817,140109,2023-04-19 14:11:00,17643.35,stop,-18.649999999997817,-2210.951542660358
2023-04-19,reverse,1,140109,2023-04-19 14:11:00,17643.35,17624.7,18.649999999997817,140183,2023-04-19 15:25:00,17644.9,eod,1.5500000000029104,-898.2424955823108
2023-04-20,first,-1,140230,2023-04-20 09:57:00,17685.7,17699.9,14.200000000000728,140259,2023-04-20 10:26:00,17657.3,target,28.400000000001455,846.3821217700945
2023-04-21,first,1,140874,2023-04-21 14:26:00,17655.5,17644.8,10.700000000000728,140888,2023-04-21 14:40:00,17644.8,stop,-10.700000000000728,-1694.5239040830472
2023-04-21,reverse,-1,140888,2023-04-21 14:40:00,17644.8,17655.5,10.700000000000728,140900,2023-04-21 14:52:00,17655.5,stop,-10.700000000000728,-1694.5239040830472
2023-04-24,first,1,141058,2023-04-24 11:15:00,17672.05,17659.85,12.200000000000728,141061,2023-04-24 11:18:00,17659.85,stop,-12.200000000000728,-1792.2854231590472
2023-04-24,reverse,-1,141061,2023-04-24 11:18:00,17659.85,17672.05,12.200000000000728,141093,2023-04-24 11:50:00,17635.449999999997,target,24.400000000001455,586.8135289670945
2023-04-26,first,-1,141705,2023-04-26 09:32:00,17735.15,17744.75,9.599999999998545,141710,2023-04-26 09:37:00,17744.75,stop,-9.599999999998545,-1624.5665674389054
2023-04-26,reverse,1,141710,2023-04-26 09:37:00,17744.75,17735.15,9.599999999998545,141718,2023-04-26 09:45:00,17735.15,stop,-9.599999999998545,-1624.5665674389054
2023-04-27,first,1,142077,2023-04-27 09:29:00,17829.2,17817.0,12.200000000000728,142084,2023-04-27 09:36:00,17817.0,stop,-12.200000000000728,-1794.9738227820474
2023-04-27,reverse,-1,142084,2023-04-27 09:36:00,17817.0,17829.2,12.200000000000728,142085,2023-04-27 09:37:00,17829.2,stop,-12.200000000000728,-1794.9738227820474
2023-05-05,first,-1,144103,2023-05-05 12:00:00,18128.2,18149.35,21.149999999997817,144109,2023-05-05 12:06:00,18149.35,stop,-21.149999999997817,-2382.071786955358
2023-05-05,reverse,1,144109,2023-05-05 12:06:00,18149.35,18128.2,21.149999999997817,144121,2023-05-05 12:18:00,18191.649999999994,target,42.299999999995634,1741.2643039897162
2023-05-09,first,-1,145017,2023-05-09 14:44:00,18303.4,18318.5,15.099999999998545,145033,2023-05-09 15:00:00,18318.5,stop,-15.099999999998545,-1991.8026150589053
2023-05-09,reverse,1,145033,2023-05-09 15:00:00,18318.5,18303.4,15.099999999998545,145049,2023-05-09 15:16:00,18303.4,stop,-15.099999999998545,-1991.8026150589053
2023-05-10,first,-1,145088,2023-05-10 09:40:00,18288.6,18300.0,11.400000000001455,145107,2023-05-10 09:59:00,18265.799999999996,target,22.80000000000291,472.05303861618916
2023-05-11,first,1,145516,2023-05-11 10:33:00,18367.05,18354.2,12.849999999998545,145586,2023-05-11 11:43:00,18354.2,stop,-12.849999999998545,-1846.4155787124055
2023-05-11,reverse,-1,145586,2023-05-11 11:43:00,18354.2,18367.05,12.849999999998545,145665,2023-05-11 13:02:00,18367.05,stop,-12.849999999998545,-1846.4155787124055
2023-05-12,first,1,145971,2023-05-12 11:53:00,18299.0,18291.3,7.700000000000728,146003,2023-05-12 12:25:00,18314.4,target,15.400000000001455,-9.408334373905404
2023-05-15,first,1,146204,2023-05-15 09:36:00,18362.9,18337.5,25.400000000001455,146297,2023-05-15 11:09:00,18413.700000000004,target,50.80000000000291,2289.988626474189
2023-05-16,first,-1,146567,2023-05-16 09:24:00,18403.75,18438.0,34.25,146590,2023-05-16 09:47:00,18438.0,stop,-34.25,-3238.3210987175
2023-05-16,reverse,1,146590,2023-05-16 09:47:00,18438.0,18403.75,34.25,146635,2023-05-16 10:32:00,18403.75,stop,-34.25,-3238.3210987175
2023-05-18,first,1,147316,2023-05-18 09:23:00,18315.0,18298.05,16.950000000000728,147327,2023-05-18 09:34:00,18298.05,stop,-16.950000000000728,-2111.9660931105473
2023-05-18,reverse,-1,147327,2023-05-18 09:34:00,18298.05,18315.0,16.950000000000728,147348,2023-05-18 09:55:00,18264.149999999998,target,33.900000000001455,1193.4213854580944
2023-05-19,first,-1,147699,2023-05-19 09:31:00,18159.35,18188.25,28.900000000001455,147732,2023-05-19 10:04:00,18101.549999999996,target,57.80000000000291,2749.3587731511893
2023-05-24,first,-1,149136,2023-05-24 14:43:00,18280.5,18344.15,63.650000000001455,149178,2023-05-24 15:25:00,18297.3,eod,-16.799999999999272,-2101.9154558579526
2023-05-25,first,-1,149238,2023-05-25 10:10:00,18259.05,18293.25,34.20000000000073,149520,2023-05-25 14:52:00,18293.25,stop,-34.20000000000073,-3232.595548803047
2023-05-25,reverse,1,149520,2023-05-25 14:52:00,18293.25,18259.05,34.20000000000073,149553,2023-05-25 15:25:00,18322.25,eod,29.0,874.4941430450001
2023-05-31,first,-1,150863,2023-05-31 12:15:00,18571.95,18582.1,10.149999999997817,150865,2023-05-31 12:17:00,18582.1,stop,-10.149999999997817,-1674.6333761203582
2023-05-31,reverse,1,150865,2023-05-31 12:17:00,18582.1,18571.95,10.149999999997817,150881,2023-05-31 12:33:00,18571.95,stop,-10.149999999997817,-1674.6333761203582
2023-06-01,first,1,151084,2023-06-01 09:41:00,18641.5,18591.7,49.79999999999927,151335,2023-06-01 13:52:00,18591.7,stop,-49.79999999999927,-4252.328441851952
2023-06-01,reverse,-1,151335,2023-06-01 13:52:00,18591.7,18641.5,49.79999999999927,151428,2023-06-01 15:25:00,18571.2,eod,20.5,317.36162193099995
2023-06-02,first,-1,151465,2023-06-02 09:47:00,18621.5,18638.0,16.5,151475,2023-06-02 09:57:00,18588.5,target,33.0,1129.3856219
2023-06-05,first,1,152035,2023-06-05 13:02:00,18710.0,18706.8,3.2000000000007276,152040,2023-06-05 13:07:00,18706.8,stop,-3.2000000000007276,-1225.1714946480472
2023-06-05,reverse,-1,152040,2023-06-05 13:07:00,18706.8,18710.0,3.2000000000007276,152046,2023-06-05 13:13:00,18700.399999999998,target,6.400000000001455,-601.1455399919055
2023-06-06,first,-1,152193,2023-06-06 09:25:00,18662.5,18687.0,24.5,152198,2023-06-06 09:30:00,18687.0,stop,-24.5,-2608.971231695
2023-06-06,reverse,1,152198,2023-06-06 09:30:00,18687.0,18662.5,24.5,152229,2023-06-06 10:01:00,18662.5,stop,-24.5,-2608.971231695
2023-06-08,first,-1,153133,2023-06-08 12:35:00,18755.65,18770.0,14.349999999998545,153199,2023-06-08 13:41:00,18770.0,stop,-14.349999999998545,-1950.7873275964055
2023-06-08,reverse,1,153199,2023-06-08 13:41:00,18770.0,18755.65,14.349999999998545,153229,2023-06-08 14:11:00,18755.65,stop,-14.349999999998545,-1950.7873275964055
2023-06-09,first,-1,153327,2023-06-09 09:34:00,18695.55,18719.3,23.75,153343,2023-06-09 09:50:00,18719.3,stop,-23.75,-2560.7845976085
2023-06-09,reverse,1,153343,2023-06-09 09:50:00,18719.3,18695.55,23.75,153370,2023-06-09 10:17:00,18695.55,stop,-23.75,-2560.7845976085
2023-06-12,first,-1,153723,2023-06-12 09:55:00,18640.0,18649.95,9.950000000000728,153744,2023-06-12 10:16:00,18649.95,stop,-9.950000000000728,-1662.7969817195471
2023-06-12,reverse,1,153744,2023-06-12 10:16:00,18649.95,18640.0,9.950000000000728,153753,2023-06-12 10:25:00,18669.850000000002,target,19.900000000001455,277.02307052209454
2023-06-14,first,1,154524,2023-06-14 10:46:00,18779.9,18766.7,13.200000000000728,154613,2023-06-14 12:15:00,18806.300000000003,target,26.400000000001455,697.2063638180946
2023-06-15,first,-1,154919,2023-06-15 11:06:00,18833.1,18842.0,8.900000000001455,154928,2023-06-15 11:15:00,18815.299999999996,target,17.80000000000291,137.72463927618918
2023-06-19,first,-1,155635,2023-06-19 10:32:00,18859.55,18868.75,9.200000000000728,155667,2023-06-19 11:04:00,18841.149999999998,target,18.400000000001455,176.2737754730946
2023-06-20,first,1,156119,2023-06-20 12:21:00,18782.05,18775.65,6.399999999997817,156125,2023-06-20 12:27:00,18775.65,stop,-6.399999999997817,-1434.3579782968582
2023-06-20,reverse,-1,156125,2023-06-20 12:27:00,18775.65,18782.05,6.399999999997817,156128,2023-06-20 12:30:00,18782.05,stop,-6.399999999997817,-1434.3579782968582
2023-06-21,first,-1,156491,2023-06-21 12:18:00,18851.3,18863.7,12.400000000001455,156497,2023-06-21 12:24:00,18863.7,stop,-12.400000000001455,-1825.6683611500946
2023-06-21,reverse,1,156497,2023-06-21 12:24:00,18863.7,18851.3,12.400000000001455,156508,2023-06-21 12:35:00,18851.3,stop,-12.400000000001455,-1825.6683611500946
2023-06-22,first,1,156699,2023-06-22 09:31:00,18904.7,18895.1,9.600000000002183,156703,2023-06-22 09:35:00,18895.1,stop,-9.600000000002183,-1644.4100872781419
2023-06-22,reverse,-1,156703,2023-06-22 09:35:00,18895.1,18904.7,9.600000000002183,156726,2023-06-22 09:58:00,18875.899999999994,target,19.200000000004366,227.6677766902838
2023-06-23,first,-1,157279,2023-06-23 12:56:00,18753.7,18775.0,21.299999999999272,157355,2023-06-23 14:12:00,18711.100000000002,target,42.599999999998545,1751.1500020719054
2023-06-26,first,-1,157475,2023-06-26 09:57:00,18698.55,18738.9,40.35000000000218,157803,2023-06-26 15:25:00,18711.5,eod,-12.950000000000728,-1858.8067202805473
2023-06-27,first,1,157809,2023-06-27 09:16:00,18760.55,18716.0,44.54999999999927,158178,2023-06-27 15:25:00,18811.0,eod,50.45000000000073,2260.4409817045475
2023-08-02,first,-1,167446,2023-08-02 13:39:00,19551.6,19575.0,23.400000000001455,167524,2023-08-02 14:57:00,19575.0,stop,-23.400000000001455,-2552.6782870260945
2023-08-02,reverse,1,167524,2023-08-02 14:57:00,19575.0,19551.6,23.400000000001455,167552,2023-08-02 15:25:00,19594.0,eod,19.0,202.71099990999994
2023-08-03,first,1,167593,2023-08-03 09:51:00,19589.3,19567.9,21.399999999997817,167597,2023-08-03 09:55:00,19567.9,stop,-21.399999999997817,-2422.951727491858
2023-08-03,reverse,-1,167597,2023-08-03 09:55:00,19567.9,19589.3,21.399999999997817,167628,2023-08-03 10:26:00,19525.100000000006,target,42.799999999995634,1750.2218442697163
2023-08-04,first,1,167934,2023-08-04 09:17:00,19526.9,19468.4,58.5,168302,2023-08-04 15:25:00,19575.5,eod,48.599999999998545,2127.1075103359053
2023-08-07,first,1,168311,2023-08-07 09:19:00,19620.4,19605.85,14.55000000000291,168314,2023-08-07 09:22:00,19605.85,stop,-14.55000000000291,-1978.3324267626892
2023-08-07,reverse,-1,168314,2023-08-07 09:22:00,19605.85,19620.4,14.55000000000291,168363,2023-08-07 10:11:00,19620.4,stop,-14.55000000000291,-1978.3324267626892
2023-08-08,first,-1,168687,2023-08-08 09:20:00,19646.0,19668.0,22.0,168803,2023-08-08 11:16:00,19602.0,target,44.0,1826.88901472
2023-08-09,first,1,169327,2023-08-09 13:45:00,19571.25,19560.1,11.150000000001455,169343,2023-08-09 14:01:00,19593.550000000003,target,22.30000000000291,417.2276200721892
2023-08-10,first,-1,169500,2023-08-10 10:23:00,19611.5,19659.95,48.45000000000073,169802,2023-08-10 15:25:00,19600.95,eod,10.549999999999272,-346.8612219445473
2023-08-11,first,-1,169808,2023-08-11 09:16:00,19546.7,19602.7,56.0,170177,2023-08-11 15:25:00,19508.75,eod,37.95000000000073,1435.3214048255472
2023-08-14,first,-1,170396,2023-08-14 12:49:00,19394.1,19412.15,18.05000000000291,170413,2023-08-14 13:06:00,19413.0,stop,-18.900000000001455,-2257.4717336310946
2023-08-14,reverse,1,170413,2023-08-14 13:06:00,19413.0,19394.949999999997,18.05000000000291,170419,2023-08-14 13:12:00,19394.949999999997,stop,-18.05000000000291,-2202.2339766996893
2023-08-16,first,1,170610,2023-08-16 10:08:00,19402.65,19394.35,8.30000000000291,170619,2023-08-16 10:17:00,19419.250000000007,target,16.60000000000582,49.69399794137826
2023-08-18,first,1,171621,2023-08-18 14:29:00,19374.7,19360.3,14.400000000001455,171628,2023-08-18 14:36:00,19360.3,stop,-14.400000000001455,-1964.3813433500945
2023-08-18,reverse,-1,171628,2023-08-18 14:36:00,19360.3,19374.7,14.400000000001455,171659,2023-08-18 15:07:00,19331.499999999996,target,28.80000000000291,843.7354526021892
2023-08-21,first,-1,171739,2023-08-21 10:12:00,19315.0,19331.6,16.599999999998545,171751,2023-08-21 10:24:00,19331.6,stop,-16.599999999998545,-2106.612334225905
2023-08-21,reverse,1,171751,2023-08-21 10:24:00,19331.6,19315.0,16.599999999998545,171778,2023-08-21 10:51:00,19364.799999999996,target,33.19999999999709,1129.670365995811
2023-08-22,first,1,172069,2023-08-22 09:27:00,19417.95,19404.75,13.200000000000728,172095,2023-08-22 09:53:00,19404.75,stop,-13.200000000000728,-1887.1385149470473
2023-08-22,reverse,-1,172095,2023-08-22 09:53:00,19404.75,19417.95,13.200000000000728,172138,2023-08-22 10:36:00,19417.95,stop,-13.200000000000728,-1887.1385149470473
2023-08-23,first,-1,172449,2023-08-23 09:32:00,19378.05,19391.55,13.5,172457,2023-08-23 09:40:00,19391.55,stop,-13.5,-1906.1825632559999
2023-08-23,reverse,1,172457,2023-08-23 09:40:00,19391.55,19378.05,13.5,172467,2023-08-23 09:50:00,19378.05,stop,-13.5,-1906.1825632559999
2023-08-24,first,-1,173038,2023-08-24 13:06:00,19466.4,19479.15,12.75,173060,2023-08-24 13:28:00,19440.9,target,25.5,627.411454647
2023-08-28,first,1,173638,2023-08-28 10:36:00,19309.55,19300.0,9.549999999999272,173659,2023-08-28 10:57:00,19300.0,stop,-9.549999999999272,-1648.0866654754527
2023-08-28,reverse,-1,173659,2023-08-28 10:57:00,19300.0,19309.55,9.549999999999272,173662,2023-08-28 11:00:00,19309.55,stop,-9.549999999999272,-1648.0866654754527
2023-08-29,first,1,174008,2023-08-29 10:31:00,19331.0,19318.0,13.0,174157,2023-08-29 13:00:00,19357.0,target,26.0,661.78433632
2023-08-30,first,1,174542,2023-08-30 13:10:00,19423.5,19411.4,12.099999999998545,174577,2023-08-30 13:45:00,19411.4,stop,-12.099999999998545,-1815.7493039889055
2023-08-30,reverse,-1,174577,2023-08-30 13:45:00,19411.4,19423.5,12.099999999998545,174607,2023-08-30 14:15:00,19387.200000000004,target,24.19999999999709,543.8488370538109
2023-08-31,first,-1,174733,2023-08-31 10:06:00,19357.45,19372.7,15.25,174739,2023-08-31 10:12:00,19326.95,target,30.5,954.288804316
2023-09-21,first,-1,179959,2023-09-21 09:42:00,19841.4,19854.55,13.149999999997817,179969,2023-09-21 09:52:00,19815.100000000006,target,26.299999999995634,672.9984100347162
2023-09-22,first,-1,180344,2023-09-22 09:52:00,19742.95,19768.95,26.0,180354,2023-09-22 10:02:00,19690.95,target,52.0,2345.252098621
2023-09-25,first,-1,180698,2023-09-25 09:31:00,19680.0,19703.0,23.0,180702,2023-09-25 09:35:00,19703.0,stop,-23.0,-2528.87377263
2023-09-25,reverse,1,180702,2023-09-25 09:35:00,19703.0,19680.0,23.0,180730,2023-09-25 10:03:00,19680.0,stop,-23.0,-2528.87377263
2023-09-26,first,-1,181183,2023-09-26 11:21:00,19684.1,19699.1,15.0,181193,2023-09-26 11:31:00,19699.1,stop,-15.0,-2008.922283352
2023-09-26,reverse,1,181193,2023-09-26 11:31:00,19699.1,19684.1,15.0,181205,2023-09-26 11:43:00,19684.1,stop,-15.0,-2008.922283352
2023-09-28,first,1,181865,2023-09-28 10:13:00,19719.55,19708.7,10.849999999998545,181876,2023-09-28 10:24:00,19708.7,stop,-10.849999999998545,-1739.5819009824054
2023-09-28,reverse,-1,181876,2023-09-28 10:24:00,19708.7,19719.55,10.849999999998545,181877,2023-09-28 10:25:00,19687.000000000004,target,21.69999999999709,376.2561015228108
2023-10-05,first,1,183327,2023-10-05 09:35:00,19574.2,19540.75,33.45000000000073,183379,2023-10-05 10:27:00,19540.75,stop,-33.45000000000073,-3205.769844969547
2023-10-05,reverse,-1,183379,2023-10-05 10:27:00,19540.75,19574.2,33.45000000000073,183402,2023-10-05 10:50:00,19574.2,stop,-33.45000000000073,-3205.769844969547
2023-10-09,first,1,184094,2023-10-09 09:52:00,19611.1,19588.0,23.099999999998545,184105,2023-10-09 10:03:00,19588.0,stop,-23.099999999998545,-2533.8001787509056
2023-10-09,reverse,-1,184105,2023-10-09 10:03:00,19588.0,19611.1,23.099999999998545,184111,2023-10-09 10:09:00,19611.1,stop,-23.099999999998545,-2533.8001787509056
2023-10-13,first,-1,185694,2023-10-13 11:32:00,19699.9,19710.05,10.149999999997817,185698,2023-10-13 11:36:00,19710.05,stop,-10.149999999997817,-1693.9294649193582
2023-10-13,reverse,1,185698,2023-10-13 11:36:00,19710.05,19699.9,10.149999999997817,185750,2023-10-13 12:28:00,19730.349999999995,target,20.299999999995634,284.88194515571627
2023-10-16,first,1,186067,2023-10-16 11:30:00,19761.55,19750.0,11.549999999999272,186081,2023-10-16 11:44:00,19784.649999999998,target,23.099999999998545,465.9605932179055
2023-10-18,first,-1,186683,2023-10-18 09:16:00,19782.0,19817.75,35.75,186707,2023-10-18 09:40:00,19817.75,stop,-35.75,-3359.4031800975
2023-10-18,reverse,1,186707,2023-10-18 09:40:00,19817.75,19782.0,35.75,186773,2023-10-18 10:46:00,19782.0,stop,-35.75,-3359.4031800975
2023-10-19,first,-1,187203,2023-10-19 11:41:00,19620.0,19631.95,11.950000000000728,187207,2023-10-19 11:45:00,19631.95,stop,-11.950000000000728,-1809.5674645395472
2023-10-19,reverse,1,187207,2023-10-19 11:45:00,19631.95,19620.0,11.950000000000728,187236,2023-10-19 12:14:00,19655.850000000002,target,23.900000000001455,520.1661660420946
2023-10-20,first,1,187481,2023-10-20 10:04:00,19570.0,19536.65,33.349999999998545,187510,2023-10-20 10:33:00,19536.65,stop,-33.349999999998545,-3199.1994350064056
2023-10-20,reverse,-1,187510,2023-10-20 10:33:00,19536.65,19570.0,33.349999999998545,187802,2023-10-20 15:25:00,19525.65,eod,11.0,-316.329529903
2023-10-23,first,-1,187821,2023-10-23 09:29:00,19527.0,19539.5,12.5,187861,2023-10-23 10:09:00,19502.0,target,25.0,593.87340531
2023-10-27,first,1,189093,2023-10-27 11:56:00,19139.0,19126.2,12.799999999999272,189116,2023-10-27 12:19:00,19126.2,stop,-12.799999999999272,-1856.3722173719527
2023-10-27,reverse,-1,189116,2023-10-27 12:19:00,19126.2,19139.0,12.799999999999272,189129,2023-10-27 12:32:00,19100.600000000002,target,25.599999999998545,639.7316012519054
2023-10-31,first,1,189785,2023-10-31 10:58:00,19151.0,19133.4,17.599999999998545,189836,2023-10-31 11:49:00,19133.4,stop,-17.599999999998545,-2168.5083666839055
2023-10-31,reverse,-1,189836,2023-10-31 11:49:00,19133.4,19151.0,17.599999999998545,189865,2023-10-31 12:18:00,19151.0,stop,-17.599999999998545,-2168.5083666839055
2023-11-01,first,-1,190171,2023-11-01 11:09:00,19111.35,19130.35,19.0,190207,2023-11-01 11:45:00,19130.35,stop,-19.0,-2259.134937537
2023-11-01,reverse,1,190207,2023-11-01 11:45:00,19130.35,19111.35,19.0,190260,2023-11-01 12:38:00,19111.35,stop,-19.0,-2259.134937537
2023-11-02,first,-1,190489,2023-11-02 10:12:00,19199.7,19219.95,20.25,190579,2023-11-02 11:42:00,19159.2,target,40.5,1607.014504371
2023-11-06,first,1,191305,2023-11-06 11:18:00,19417.0,19408.65,8.349999999998545,191324,2023-11-06 11:37:00,19433.699999999997,target,16.69999999999709,55.947068972810825
2023-11-07,first,1,191615,2023-11-07 10:13:00,19459.0,19443.0,16.0,191643,2023-11-07 10:41:00,19491.0,target,32.0,1049.5081905000002
2023-11-08,first,1,192021,2023-11-08 10:44:00,19506.1,19495.5,10.599999999998545,192038,2023-11-08 11:01:00,19495.5,stop,-10.599999999998545,-1719.6839657759056
2023-11-08,reverse,-1,192038,2023-11-08 11:01:00,19495.5,19506.1,10.599999999998545,192074,2023-11-08 11:37:00,19506.1,stop,-10.599999999998545,-1719.6839657759056
2023-11-09,first,1,192415,2023-11-09 11:03:00,19499.95,19491.5,8.450000000000728,192461,2023-11-09 11:49:00,19516.850000000002,target,16.900000000001455,67.52514435209457
2023-11-10,first,-1,192757,2023-11-10 10:30:00,19407.2,19413.5,6.299999999999272,192760,2023-11-10 10:33:00,19413.5,stop,-6.299999999999272,-1438.6617727269527
2023-11-10,reverse,1,192760,2023-11-10 10:33:00,19413.5,19407.2,6.299999999999272,192763,2023-11-10 10:36:00,19426.1,target,12.599999999998545,-210.43400095609456
2023-11-13,first,1,193152,2023-11-13 10:50:00,19486.35,19478.0,8.349999999998545,193195,2023-11-13 11:33:00,19503.049999999996,target,16.69999999999709,54.760683265810826
2023-11-20,first,-1,194574,2023-11-20 09:32:00,19765.85,19790.0,24.150000000001455,194622,2023-11-20 10:20:00,19790.0,stop,-24.150000000001455,-2605.0955366185945
2023-11-20,reverse,1,194622,2023-11-20 10:20:00,19790.0,19765.85,24.150000000001455,194668,2023-11-20 11:06:00,19765.85,stop,-24.150000000001455,-2605.0955366185945
2023-11-21,first,1,194936,2023-11-21 09:19:00,19818.0,19748.0,70.0,195302,2023-11-21 15:25:00,19839.45,eod,21.450000000000728,357.76865660554733
2023-11-22,first,1,195309,2023-11-22 09:17:00,19852.0,19827.45,24.549999999999272,195467,2023-11-22 11:55:00,19827.45,stop,-24.549999999999272,-2632.1504228144527
2023-11-22,reverse,-1,195467,2023-11-22 11:55:00,19827.45,19852.0,24.549999999999272,195497,2023-11-22 12:25:00,19778.350000000002,target,49.099999999998545,2155.2986980619053
2023-11-23,first,1,195794,2023-11-23 11:07:00,19868.0,19844.3,23.700000000000728,195832,2023-11-23 11:45:00,19844.3,stop,-23.700000000000728,-2577.186381403047
2023-11-23,reverse,-1,195832,2023-11-23 11:45:00,19844.3,19868.0,23.700000000000728,195871,2023-11-23 12:24:00,19868.0,stop,-23.700000000000728,-2577.186381403047
2023-11-24,first,-1,196076,2023-11-24 09:34:00,19853.85,19865.85,12.0,196092,2023-11-24 09:50:00,19829.85,target,24.0,523.279206843
2023-11-28,first,-1,196492,2023-11-28 10:15:00,19838.0,19849.95,11.950000000000728,196508,2023-11-28 10:31:00,19849.95,stop,-11.950000000000728,-1813.2968384995472
2023-11-28,reverse,1,196508,2023-11-28 10:31:00,19849.95,19838.0,11.950000000000728,196575,2023-11-28 11:38:00,19838.0,stop,-11.950000000000728,-1813.2968384995472
2023-11-30,first,1,197250,2023-11-30 10:23:00,20055.85,20038.0,17.849999999998545,197256,2023-11-30 10:29:00,20038.0,stop,-17.849999999998545,-2200.2342337984055
2023-11-30,reverse,-1,197256,2023-11-30 10:29:00,20038.0,20055.85,17.849999999998545,197263,2023-11-30 10:36:00,20055.85,stop,-17.849999999998545,-2200.2342337984055
2023-12-21,first,-1,202826,2023-12-21 09:34:00,21083.25,21101.95,18.700000000000728,202830,2023-12-21 09:38:00,21101.95,stop,-18.700000000000728,-2273.3678535720474
2023-12-21,reverse,1,202830,2023-12-21 09:38:00,21101.95,21083.25,18.700000000000728,202831,2023-12-21 09:39:00,21139.350000000002,target,37.400000000001455,1372.3241039070945
2024-01-03,first,1,206010,2024-01-03 12:38:00,21638.4,21620.1,18.30000000000291,206050,2024-01-03 13:18:00,21675.000000000007,target,36.60000000000582,1311.1584586263782
2024-01-05,first,-1,206709,2024-01-05 11:47:00,21730.0,21748.35,18.349999999998545,206712,2024-01-05 11:50:00,21748.35,stop,-18.349999999998545,-2261.6810018434053
2024-01-05,reverse,1,206712,2024-01-05 11:50:00,21748.35,21730.0,18.349999999998545,206742,2024-01-05 12:20:00,21785.049999999996,target,36.69999999999709,1315.7760794258108
2024-01-08,first,-1,206950,2024-01-08 09:33:00,21759.15,21810.8,51.64999999999782,207045,2024-01-08 11:08:00,21655.850000000006,target,103.29999999999563,5645.399216849716
2024-01-09,first,-1,207611,2024-01-09 14:19:00,21694.3,21729.9,35.60000000000218,207634,2024-01-09 14:42:00,21623.099999999995,target,71.20000000000437,3559.921834186284
2024-01-10,first,1,207984,2024-01-10 14:17:00,21617.4,21598.0,19.400000000001455,207990,2024-01-10 14:23:00,21598.0,stop,-19.400000000001455,-2327.6756875940946
2024-01-10,reverse,-1,207990,2024-01-10 14:23:00,21598.0,21617.4,19.400000000001455,208003,2024-01-10 14:36:00,21617.4,stop,-19.400000000001455,-2327.6756875940946
2024-01-11,first,1,208140,2024-01-11 10:38:00,21711.65,21680.0,31.650000000001455,208156,2024-01-11 10:54:00,21680.0,stop,-31.650000000001455,-3125.361598856595
2024-01-11,reverse,-1,208156,2024-01-11 10:54:00,21680.0,21711.65,31.650000000001455,208261,2024-01-11 12:39:00,21711.65,stop,-31.650000000001455,-3125.361598856595
2024-01-17,first,1,209590,2024-01-17 09:48:00,21843.65,21822.0,21.650000000001455,209594,2024-01-17 09:52:00,21822.0,stop,-21.650000000001455,-2477.7637879965946
2024-01-17,reverse,-1,209594,2024-01-17 09:52:00,21822.0,21843.65,21.650000000001455,209629,2024-01-17 10:27:00,21778.699999999997,target,43.30000000000291,1744.1618114731891
2024-01-19,first,1,210308,2024-01-19 09:16:00,21651.3,21536.1,115.20000000000073,210677,2024-01-19 15:25:00,21675.1,eod,23.799999999999272,479.12214169595273
2024-01-20,first,1,210704,2024-01-20 09:37:00,21718.6,21688.9,29.69999999999709,210708,2024-01-20 09:41:00,21688.9,stop,-29.69999999999709,-2998.7585810748105
2024-01-20,reverse,-1,210708,2024-01-20 09:41:00,21688.9,21718.6,29.69999999999709,210724,2024-01-20 09:57:00,21718.6,stop,-29.69999999999709,-2998.7585810748105
2024-01-23,first,-1,211100,2024-01-23 09:58:00,21723.15,21765.6,42.44999999999709,211126,2024-01-23 10:24:00,21638.250000000007,target,84.89999999999418,4449.965330345622
2024-01-24,first,-1,211546,2024-01-24 11:09:00,21386.55,21413.5,26.950000000000728,211557,2024-01-24 11:20:00,21413.95,stop,-27.400000000001455,-2844.0799948050944
2024-01-24,reverse,1,211557,2024-01-24 11:20:00,21413.95,21387.0,26.950000000000728,211561,2024-01-24 11:24:00,21387.0,stop,-26.950000000000728,-2814.8364764295475
2024-01-25,first,-1,212060,2024-01-25 13:28:00,21267.35,21294.0,26.650000000001455,212080,2024-01-25 13:48:00,21294.0,stop,-26.650000000001455,-2793.2887864735944
2024-01-25,reverse,1,212080,2024-01-25 13:48:00,21294.0,21267.35,26.650000000001455,212107,2024-01-25 14:15:00,21267.35,stop,-26.650000000001455,-2793.2887864735944
2024-01-30,first,-1,212868,2024-01-30 14:26:00,21732.0,21768.5,36.5,212878,2024-01-30 14:36:00,21659.0,target,73.0,3676.28175849
2024-01-31,first,1,213157,2024-01-31 13:00:00,21768.35,21740.0,28.349999999998545,213282,2024-01-31 15:05:00,21825.049999999996,target,56.69999999999709,2615.1458628258106
2024-02-01,first,1,213338,2024-02-01 09:46:00,21828.6,21800.6,28.0,213363,2024-02-01 10:11:00,21884.6,target,56.0,2568.625235348
2024-02-02,first,-1,213996,2024-02-02 14:29:00,21983.85,22014.9,31.05000000000291,214010,2024-02-02 14:43:00,22014.9,stop,-31.05000000000291,-3091.558005487689
2024-02-02,reverse,1,214010,2024-02-02 14:43:00,22014.9,21983.85,31.05000000000291,214020,2024-02-02 14:53:00,21983.85,stop,-31.05000000000291,-3091.558005487689
2024-02-05,first,1,214068,2024-02-05 09:26:00,21988.1,21903.55,84.54999999999927,214122,2024-02-05 10:20:00,21903.55,stop,-84.54999999999927,-6567.828938856453
2024-02-05,reverse,-1,214122,2024-02-05 10:20:00,21903.55,21988.1,84.54999999999927,214178,2024-02-05 11:16:00,21988.1,stop,-84.54999999999927,-6567.828938856453
2024-02-06,first,-1,214438,2024-02-06 09:21:00,21798.0,21833.2,35.20000000000073,214440,2024-02-06 09:23:00,21833.2,stop,-35.20000000000073,-3358.1398486320472
2024-02-06,reverse,1,214440,2024-02-06 09:23:00,21833.2,21798.0,35.20000000000073,214466,2024-02-06 09:49:00,21903.600000000002,target,70.40000000000146,3504.3391301520946
2024-02-07,first,1,214925,2024-02-07 11:13:00,22015.95,21985.1,30.850000000002183,214938,2024-02-07 11:26:00,21985.1,stop,-30.850000000002183,-3078.578848790642
2024-02-07,reverse,-1,214938,2024-02-07 11:26:00,21985.1,22015.95,30.850000000002183,214950,2024-02-07 11:38:00,21923.399999999994,target,61.700000000004366,2937.4213703152836
2024-02-08,first,-1,215370,2024-02-08 12:23:00,21870.8,21906.0,35.20000000000073,215407,2024-02-08 13:00:00,21906.0,stop,-35.20000000000073,-3359.385254248047
2024-02-08,reverse,1,215407,2024-02-08 13:00:00,21906.0,21870.8,35.20000000000073,215459,2024-02-08 13:52:00,21870.8,stop,-35.20000000000073,-3359.385254248047
2024-02-09,first,-1,215581,2024-02-09 09:39:00,21803.4,21840.25,36.849999999998545,215602,2024-02-09 10:00:00,21729.700000000004,target,73.69999999999709,3720.562195508811
2024-02-12,first,-1,216073,2024-02-12 11:36:00,21775.0,21803.75,28.75,216102,2024-02-12 12:05:00,21717.5,target,57.5,2668.004242075
2024-02-13,first,-1,216315,2024-02-13 09:23:00,21667.8,21735.0,67.20000000000073,216349,2024-02-13 09:57:00,21735.0,stop,-67.20000000000073,-5435.999004108047
2024-02-13,reverse,1,216349,2024-02-13 09:57:00,21735.0,21667.8,67.20000000000073,216677,2024-02-13 15:25:00,21817.95,eod,82.95000000000073,4321.588293850547
2024-02-14,first,1,216738,2024-02-14 10:11:00,21662.45,21638.3,24.150000000001455,216784,2024-02-14 10:57:00,21710.750000000004,target,48.30000000000291,2071.078507748189
2024-02-15,first,1,217126,2024-02-15 10:24:00,21944.2,21926.05,18.150000000001455,217130,2024-02-15 10:28:00,21926.05,stop,-18.150000000001455,-2252.0343316025946
2024-02-15,reverse,-1,217130,2024-02-15 10:28:00,21926.05,21944.2,18.150000000001455,217133,2024-02-15 10:31:00,21944.2,stop,-18.150000000001455,-2252.0343316025946
2024-02-19,first,-1,217843,2024-02-19 09:51:00,22064.75,22105.0,40.25,217860,2024-02-19 10:08:00,22105.0,stop,-40.25,-3690.9668527975
2024-02-19,reverse,1,217860,2024-02-19 10:08:00,22105.0,22064.75,40.25,217927,2024-02-19 11:15:00,22185.5,target,80.5,4156.043911295
2024-02-20,first,-1,218271,2024-02-20 10:44:00,22115.05,22143.5,28.450000000000728,218306,2024-02-20 11:19:00,22143.5,stop,-28.450000000000728,-2924.7954433655473
2024-02-20,reverse,1,218306,2024-02-20 11:19:00,22143.5,22115.05,28.450000000000728,218350,2024-02-20 12:03:00,22200.4,target,56.900000000001455,2621.7252085210944
2024-02-21,first,1,218661,2024-02-21 10:59:00,22220.0,22184.2,35.79999999999927,218837,2024-02-21 13:55:00,22184.2,stop,-35.79999999999927,-3403.7482791619527
2024-02-21,reverse,-1,218837,2024-02-21 13:55:00,22184.2,22220.0,35.79999999999927,218866,2024-02-21 14:24:00,22112.600000000002,target,71.59999999999854,3577.542088551905
2024-02-22,first,1,219206,2024-02-22 13:49:00,22101.25,22075.0,26.25,219216,2024-02-22 13:59:00,22153.75,target,52.5,2336.5113644499997
2024-02-26,first,-1,219718,2024-02-26 09:51:00,22177.1,22228.8,51.70000000000073,220052,2024-02-26 15:25:00,22139.95,eod,37.14999999999782,1338.3204104493582
2024-02-27,first,1,220082,2024-02-27 09:40:00,22150.0,22128.0,22.0,220086,2024-02-27 09:44:00,22128.0,stop,-22.0,-2505.74954358
2024-02-27,reverse,-1,220086,2024-02-27 09:44:00,22128.0,22150.0,22.0,220091,2024-02-27 09:49:00,22150.0,stop,-22.0,-2505.74954358
2024-02-28,first,1,220462,2024-02-28 09:45:00,22209.85,22190.1,19.75,220471,2024-02-28 09:54:00,22190.1,stop,-19.75,-2360.5558188195
2024-02-28,reverse,-1,220471,2024-02-28 09:54:00,22190.1,22209.85,19.75,220484,2024-02-28 10:07:00,22209.85,stop,-19.75,-2360.5558188195
2024-02-29,first,-1,220862,2024-02-29 10:10:00,21918.95,22020.0,101.04999999999927,221137,2024-02-29 14:45:00,22020.0,stop,-101.04999999999927,-7640.636999609453
2024-02-29,reverse,1,221137,2024-02-29 14:45:00,22020.0,21918.95,101.04999999999927,221151,2024-02-29 14:59:00,21918.95,stop,-101.04999999999927,-7640.636999609453
2024-03-01,first,1,221192,2024-03-01 09:25:00,22253.75,21972.0,281.75,221552,2024-03-01 15:25:00,22438.35,eod,184.59999999999854,10918.499796518905
2024-03-05,first,-1,222103,2024-03-05 10:20:00,22391.1,22414.8,23.700000000000728,222186,2024-03-05 11:43:00,22414.8,stop,-23.700000000000728,-2620.755049299047
2024-03-05,reverse,1,222186,2024-03-05 11:43:00,22414.8,22391.1,23.700000000000728,222232,2024-03-05 12:29:00,22391.1,stop,-23.700000000000728,-2620.755049299047
2024-03-06,first,1,222426,2024-03-06 09:28:00,22423.1,22410.05,13.049999999999272,222429,2024-03-06 09:31:00,22410.05,stop,-13.049999999999272,-1928.8004376714528
2024-03-06,reverse,-1,222429,2024-03-06 09:31:00,22410.05,22423.1,13.049999999999272,222440,2024-03-06 09:42:00,22423.1,stop,-13.049999999999272,-1928.8004376714528
2024-03-07,first,1,222885,2024-03-07 10:52:00,22550.0,22533.95,16.049999999999272,222896,2024-03-07 11:03:00,22582.1,target,32.099999999998545,1003.1283331189054
2024-03-12,first,1,223623,2024-03-12 10:40:00,22522.0,22498.15,23.849999999998545,223626,2024-03-12 10:43:00,22498.15,stop,-23.849999999998545,-2632.3367827414054
2024-03-12,reverse,-1,223626,2024-03-12 10:43:00,22498.15,22522.0,23.849999999998545,223628,2024-03-12 10:45:00,22450.450000000004,target,47.69999999999709,2018.6066605538108
2024-03-14,first,1,224425,2024-03-14 11:32:00,22240.0,22198.75,41.25,224479,2024-03-14 12:26:00,22322.5,target,82.5,4283.705629375
2024-03-15,first,-1,224682,2024-03-15 09:34:00,22145.7,22192.0,46.29999999999927,224706,2024-03-15 09:58:00,22053.100000000002,target,92.59999999999854,4943.257492331905
2024-03-18,first,-1,225155,2024-03-18 11:12:00,22068.75,22095.0,26.25,225205,2024-03-18 12:02:00,22095.0,stop,-26.25,-2780.9974311375
2024-03-18,reverse,1,225205,2024-03-18 12:02:00,22095.0,22068.75,26.25,225222,2024-03-18 12:19:00,22147.5,target,52.5,2336.618284575
2024-03-20,first,-1,225827,2024-03-20 09:54:00,21913.75,21948.0,34.25,225846,2024-03-20 10:13:00,21845.25,target,68.5,3380.66035501
2024-03-21,first,-1,226354,2024-03-21 12:26:00,22041.0,22059.95,18.950000000000728,226364,2024-03-21 12:36:00,22059.95,stop,-18.950000000000728,-2306.002969429547
2024-03-21,reverse,1,226364,2024-03-21 12:36:00,22059.95,22041.0,18.950000000000728,226425,2024-03-21 13:37:00,22097.850000000002,target,37.900000000001455,1388.4281853420946
2024-03-22,first,1,226564,2024-03-22 09:41:00,22012.8,21994.05,18.75,226568,2024-03-22 09:45:00,21994.05,stop,-18.75,-2292.1992447285
2024-03-22,reverse,-1,226568,2024-03-22 09:45:00,21994.05,22012.8,18.75,226576,2024-03-22 09:53:00,22012.8,stop,-18.75,-2292.1992447285
2024-03-26,first,-1,226998,2024-03-26 10:40:00,22088.25,22102.0,13.75,227008,2024-03-26 10:50:00,22102.0,stop,-13.75,-1968.7972268025
2024-03-26,reverse,1,227008,2024-03-26 10:50:00,22102.0,22088.25,13.75,227012,2024-03-26 10:54:00,22088.25,stop,-13.75,-1968.7972268025
2024-04-15,first,-1,231415,2024-04-15 09:17:00,22431.0,22606.9,175.90000000000146,231783,2024-04-15 15:25:00,22364.0,eod,67.0,3274.30759005
2024-04-18,first,1,232172,2024-04-18 09:24:00,22278.55,22266.2,12.349999999998545,232178,2024-04-18 09:30:00,22266.2,stop,-12.349999999998545,-1880.8376715474055
2024-04-18,reverse,-1,232178,2024-04-18 09:30:00,22266.2,22278.55,12.349999999998545,232182,2024-04-18 09:34:00,22241.500000000004,target,24.69999999999709,527.5124972028108
2024-04-19,first,1,232812,2024-04-19 13:49:00,22073.0,22005.1,67.90000000000146,232908,2024-04-19 15:25:00,22119.75,eod,46.75,1963.3274641725
2024-04-22,first,1,232960,2024-04-22 10:02:00,22222.0,22195.6,26.400000000001455,233022,2024-04-22 11:04:00,22274.800000000003,target,52.80000000000291,2353.9413465521893
2024-04-23,first,-1,233583,2024-04-23 14:10:00,22376.0,22410.0,34.0,233591,2024-04-23 14:18:00,22410.0,stop,-34.0,-3290.02457746
2024-04-23,reverse,1,233591,2024-04-23 14:18:00,22410.0,22376.0,34.0,233634,2024-04-23 15:01:00,22376.0,stop,-34.0,-3290.02457746
2024-04-24,first,-1,233925,2024-04-24 13:37:00,22450.05,22469.0,18.950000000000728,233981,2024-04-24 14:33:00,22412.149999999998,target,37.900000000001455,1382.4030224580945
2024-04-25,first,-1,234042,2024-04-25 09:19:00,22339.1,22424.65,85.55000000000291,234078,2024-04-25 09:55:00,22424.65,stop,-85.55000000000291,-6640.282692137689
2024-04-25,reverse,1,234078,2024-04-25 09:55:00,22424.65,22339.1,85.55000000000291,234329,2024-04-25 14:06:00,22595.750000000007,target,171.10000000000582,10038.270621356378
2024-04-26,first,1,234509,2024-04-26 10:51:00,22639.9,22634.0,5.900000000001455,234513,2024-04-26 10:55:00,22651.700000000004,target,11.80000000000291,-317.61721267581095
2024-05-02,first,-1,235574,2024-05-02 09:51:00,22710.1,22758.0,47.900000000001455,235594,2024-05-02 10:11:00,22758.0,stop,-47.900000000001455,-4199.277679841094
2024-05-02,reverse,1,235594,2024-05-02 10:11:00,22758.0,22710.1,47.900000000001455,235908,2024-05-02 15:25:00,22775.0,eod,17.0,18.287525869999968
2024-05-06,first,1,236301,2024-05-06 09:28:00,22657.9,22648.0,9.900000000001455,236302,2024-05-06 09:29:00,22677.700000000004,target,19.80000000000291,201.95962848418912
2024-05-07,first,1,236695,2024-05-07 09:47:00,22563.9,22546.0,17.900000000001455,236697,2024-05-07 09:49:00,22546.0,stop,-17.900000000001455,-2246.3892767390944
2024-05-07,reverse,-1,236697,2024-05-07 09:49:00,22546.0,22563.9,17.900000000001455,236704,2024-05-07 09:56:00,22510.199999999997,target,35.80000000000291,1244.255907118189
2024-05-08,first,1,237049,2024-05-08 09:26:00,22366.0,22333.35,32.650000000001455,237052,2024-05-08 09:29:00,22333.35,stop,-32.650000000001455,-3201.5413046535946
2024-05-08,reverse,-1,237052,2024-05-08 09:29:00,22333.35,22366.0,32.650000000001455,237069,2024-05-08 09:46:00,22366.0,stop,-32.650000000001455,-3201.5413046535946
2024-05-09,first,-1,237424,2024-05-09 09:26:00,22340.9,22363.95,23.049999999999272,237435,2024-05-09 09:37:00,22363.95,stop,-23.049999999999272,-2577.6445095084528
2024-05-09,reverse,1,237435,2024-05-09 09:37:00,22363.95,22340.9,23.049999999999272,237436,2024-05-09 09:38:00,22340.9,stop,-23.049999999999272,-2577.6445095084528
2024-05-10,first,-1,238146,2024-05-10 15:13:00,22130.35,22165.35,35.0,238158,2024-05-10 15:25:00,22130.85,eod,-0.5,-1108.231617932
2024-05-13,first,-1,238293,2024-05-13 11:25:00,22010.3,22039.0,28.700000000000728,238300,2024-05-13 11:32:00,22039.0,stop,-28.700000000000728,-2939.2541379730474
2024-05-13,reverse,1,238300,2024-05-13 11:32:00,22039.0,22010.3,28.700000000000728,238354,2024-05-13 12:26:00,22096.4,target,57.400000000001455,2656.0057112060945
2024-05-14,first,1,238562,2024-05-14 09:39:00,22225.0,22196.0,29.0,238577,2024-05-14 09:54:00,22196.0,stop,-29.0,-2961.93175981
2024-05-14,reverse,-1,238577,2024-05-14 09:54:00,22196.0,22225.0,29.0,238579,2024-05-14 09:56:00,22225.0,stop,-29.0,-2961.93175981
2024-05-15,first,-1,238964,2024-05-15 10:06:00,22268.65,22303.0,34.349999999998545,239019,2024-05-15 11:01:00,22303.0,stop,-34.349999999998545,-3310.9390636564053
2024-05-15,reverse,1,239019,2024-05-15 11:01:00,22303.0,22268.65,34.349999999998545,239046,2024-05-15 11:28:00,22268.65,stop,-34.349999999998545,-3310.9390636564053
2024-05-16,first,-1,239316,2024-05-16 09:43:00,22341.4,22356.15,14.75,239321,2024-05-16 09:48:00,22356.15,stop,-14.75,-2038.1306231555
2024-05-16,reverse,1,239321,2024-05-16 09:48:00,22356.15,22341.4,14.75,239324,2024-05-16 09:51:00,22341.4,stop,-14.75,-2038.1306231555
2024-05-29,first,-1,242472,2024-05-29 10:33:00,22749.3,22767.75,18.450000000000728,242474,2024-05-29 10:35:00,22767.75,stop,-18.450000000000728,-2285.618661550547
2024-05-29,reverse,1,242474,2024-05-29 10:35:00,22767.75,22749.3,18.450000000000728,242506,2024-05-29 11:07:00,22749.3,stop,-18.450000000000728,-2285.618661550547
2024-05-31,first,-1,243173,2024-05-31 09:44:00,22740.95,22758.0,17.049999999999272,243177,2024-05-31 09:48:00,22706.850000000002,target,34.099999999998545,1130.4162584419053
2024-06-03,first,1,243881,2024-06-03 15:17:00,23440.95,23352.6,88.35000000000218,243889,2024-06-03 15:25:00,23427.05,eod,-13.900000000001455,-2001.4507784800946
2024-06-04,first,1,243934,2024-06-04 09:55:00,22931.9,22789.65,142.25,243960,2024-06-04 10:21:00,22789.65,stop,-142.25,-10333.6436447955
2024-06-04,reverse,-1,243960,2024-06-04 10:21:00,22789.65,22931.9,142.25,243994,2024-06-04 10:55:00,22505.15,target,284.5,17406.260120772
2024-06-05,first,-1,244277,2024-06-05 09:23:00,21887.6,22150.65,263.0500000000029,244362,2024-06-05 10:48:00,22150.65,stop,-263.0500000000029,-18170.53867308269
2024-06-05,reverse,1,244362,2024-06-05 10:48:00,22150.65,21887.6,263.0500000000029,244615,2024-06-05 15:01:00,22676.750000000007,target,526.1000000000058,33112.84471808638
2024-08-05,first,-1,259784,2024-08-05 11:35:00,23966.45,24034.2,67.75,259788,2024-08-05 11:39:00,24034.2,stop,-67.75,-5511.0740023465005
2024-08-05,reverse,1,259788,2024-08-05 11:39:00,24034.2,23966.45,67.75,259847,2024-08-05 12:38:00,23966.0,stop,-68.20000000000073,-5540.317520722047
2024-08-06,first,1,260116,2024-08-06 10:52:00,24270.0,24205.05,64.95000000000073,260217,2024-08-06 12:33:00,24205.05,stop,-64.95000000000073,-5333.1482149305475
2024-08-06,reverse,-1,260217,2024-08-06 12:33:00,24205.05,24270.0,64.95000000000073,260314,2024-08-06 14:10:00,24075.149999999998,target,129.90000000000146,7332.628583478095
2024-08-07,first,1,260465,2024-08-07 10:26:00,24286.95,24248.9,38.04999999999927,260469,2024-08-07 10:30:00,24363.05,target,76.09999999999854,3832.7801884999053
2024-08-08,first,-1,260871,2024-08-08 10:57:00,24184.45,24250.0,65.54999999999927,260891,2024-08-08 11:17:00,24250.0,stop,-65.54999999999927,-5371.797428364453
2024-08-08,reverse,1,260891,2024-08-08 11:17:00,24250.0,24184.45,65.54999999999927,261001,2024-08-08 13:07:00,24184.45,stop,-65.54999999999927,-5371.797428364453
2024-08-09,first,1,261250,2024-08-09 11:01:00,24371.7,24354.7,17.0,261397,2024-08-09 13:28:00,24405.7,target,34.0,1095.436743586
2024-08-12,first,1,261719,2024-08-12 12:35:00,24450.0,24415.0,35.0,261856,2024-08-12 14:52:00,24415.0,stop,-35.0,-3389.90890265
2024-08-12,reverse,-1,261856,2024-08-12 14:52:00,24415.0,24450.0,35.0,261864,2024-08-12 15:00:00,24345.0,target,70.0,3435.3749764
2024-08-13,first,-1,261916,2024-08-13 09:37:00,24331.0,24385.0,54.0,261921,2024-08-13 09:42:00,24385.0,stop,-54.0,-4623.52326476
2024-08-13,reverse,1,261921,2024-08-13 09:42:00,24385.0,24331.0,54.0,261961,2024-08-13 10:22:00,24331.0,stop,-54.0,-4623.52326476
2024-08-14,first,-1,262283,2024-08-14 09:29:00,24142.0,24156.0,14.0,262289,2024-08-14 09:35:00,24156.0,stop,-14.0,-2020.18185578
2024-08-14,reverse,1,262289,2024-08-14 09:35:00,24156.0,24142.0,14.0,262290,2024-08-14 09:36:00,24142.0,stop,-14.0,-2020.18185578
2024-08-16,first,-1,262680,2024-08-16 09:51:00,24325.1,24366.65,41.55000000000291,262719,2024-08-16 10:30:00,24241.999999999993,target,83.10000000000582,4288.448332769379
2024-09-06,first,-1,268320,2024-09-06 10:06:00,24979.55,25044.4,64.85000000000218,268639,2024-09-06 15:25:00,24909.25,eod,70.29999999999927,3445.2179064319525
2024-09-09,first,1,268667,2024-09-09 09:38:00,24895.0,24816.1,78.90000000000146,269014,2024-09-09 15:25:00,24983.05,eod,88.04999999999927,4598.956020239453
2024-09-10,first,1,269117,2024-09-10 10:53:00,24987.6,24976.3,11.299999999999272,269138,2024-09-10 11:14:00,25010.199999999997,target,22.599999999998545,344.0646079419054
2024-09-11,first,-1,269402,2024-09-11 09:23:00,25036.6,25100.0,63.400000000001455,269482,2024-09-11 10:43:00,25100.0,stop,-63.400000000001455,-5246.619533126094
2024-09-11,reverse,1,269482,2024-09-11 10:43:00,25100.0,25036.6,63.400000000001455,269679,2024-09-11 14:00:00,25036.6,stop,-63.400000000001455,-5246.619533126094
2024-09-12,first,-1,269813,2024-09-12 09:59:00,25037.45,25065.0,27.549999999999272,269818,2024-09-12 10:04:00,25065.0,stop,-27.549999999999272,-2916.287149844453
2024-09-12,reverse,1,269818,2024-09-12 10:04:00,25065.0,25037.45,27.549999999999272,269844,2024-09-12 10:30:00,25037.45,stop,-27.549999999999272,-2916.287149844453
2024-09-19,first,1,271645,2024-09-19 09:16:00,25559.6,25368.85,190.75,272014,2024-09-19 15:25:00,25497.35,eod,-62.25,-5179.7485755895
2024-09-20,first,-1,272040,2024-09-20 09:36:00,25455.0,25504.95,49.95000000000073,272053,2024-09-20 09:49:00,25504.95,stop,-49.95000000000073,-4379.490830419547
2024-09-20,reverse,1,272053,2024-09-20 09:49:00,25504.95,25455.0,49.95000000000073,272100,2024-09-20 10:36:00,25604.850000000002,target,99.90000000000146,5358.600788622094
2024-09-25,first,-1,273323,2024-09-25 12:14:00,25896.65,25911.0,14.349999999998545,273370,2024-09-25 13:01:00,25911.0,stop,-14.349999999998545,-2072.9499856164057
2024-09-25,reverse,1,273370,2024-09-25 13:01:00,25911.0,25896.65,14.349999999998545,273380,2024-09-25 13:11:00,25896.65,stop,-14.349999999998545,-2072.9499856164057
2024-09-26,first,1,273822,2024-09-26 14:18:00,26104.7,26080.35,24.350000000002183,273840,2024-09-26 14:36:00,26153.400000000005,target,48.700000000004366,2021.0781982592837
2024-09-30,first,-1,274275,2024-09-30 09:21:00,26229.75,26260.0,30.25,274299,2024-09-30 09:45:00,26169.25,target,60.5,2786.80396461
2024-12-03,first,1,290182,2024-12-03 11:58:00,24551.8,24521.05,30.75,290206,2024-12-03 12:22:00,24521.05,stop,-30.75,-3115.4616329885002
2024-12-03,reverse,-1,290206,2024-12-03 12:22:00,24521.05,24551.8,30.75,290228,2024-12-03 12:44:00,24551.8,stop,-30.75,-3115.4616329885002
2024-12-04,first,1,290491,2024-12-04 10:52:00,24626.7,24600.15,26.549999999999272,290554,2024-12-04 11:55:00,24600.15,stop,-26.549999999999272,-2843.8034589284525
2024-12-04,reverse,-1,290554,2024-12-04 11:55:00,24600.15,24626.7,26.549999999999272,290555,2024-12-04 11:56:00,24547.050000000003,target,53.099999999998545,2333.6618836079056
2024-12-05,first,-1,290801,2024-12-05 09:47:00,24540.05,24613.85,73.79999999999927,290942,2024-12-05 12:08:00,24613.85,stop,-73.79999999999927,-5914.153060578953
2024-12-05,reverse,1,290942,2024-12-05 12:08:00,24613.85,24540.05,73.79999999999927,291052,2024-12-05 13:58:00,24761.449999999997,target,147.59999999999854,8473.657980166905
2024-12-06,first,1,291216,2024-12-06 10:27:00,24826.85,24791.15,35.69999999999709,291219,2024-12-06 10:30:00,24791.15,stop,-35.69999999999709,-3441.845675979811
2024-12-06,reverse,-1,291219,2024-12-06 10:30:00,24791.15,24826.85,35.69999999999709,291255,2024-12-06 11:06:00,24826.85,stop,-35.69999999999709,-3441.845675979811
2024-12-09,first,1,291638,2024-12-09 11:14:00,24721.15,24703.25,17.900000000001455,291652,2024-12-09 11:28:00,24756.950000000004,target,35.80000000000291,1206.432699059189
2024-12-10,first,1,291915,2024-12-10 09:36:00,24724.0,24710.0,14.0,291938,2024-12-10 09:59:00,24752.0,target,28.0,699.49629164
2024-12-11,first,1,292339,2024-12-11 10:25:00,24741.95,24685.1,56.85000000000218,292639,2024-12-11 15:25:00,24737.9,eod,-4.049999999999272,-1383.5991472584528
2024-12-12,first,-1,292697,2024-12-12 10:08:00,24710.0,24743.95,33.95000000000073,292815,2024-12-12 12:06:00,24642.1,target,67.90000000000146,3293.8226689190947
2024-12-16,first,-1,293561,2024-12-16 12:02:00,24687.9,24733.95,46.04999999999927,293624,2024-12-16 13:05:00,24733.95,stop,-46.04999999999927,-4112.857337878453
2024-12-16,reverse,1,293624,2024-12-16 13:05:00,24733.95,24687.9,46.04999999999927,293764,2024-12-16 15:25:00,24732.25,eod,-1.7000000000007276,-1230.7461379820475
2024-12-27,first,-1,296619,2024-12-27 13:01:00,24009.7,24024.6,14.899999999997817,296624,2024-12-27 13:06:00,24024.6,stop,-14.899999999997817,-2076.421003822858
2024-12-27,reverse,1,296624,2024-12-27 13:06:00,24024.6,24009.7,14.899999999997817,296728,2024-12-27 14:50:00,24009.7,stop,-14.899999999997817,-2076.421003822858
2024-12-30,first,-1,296769,2024-12-30 09:16:00,23924.9,24007.95,83.04999999999927,296862,2024-12-30 10:49:00,24007.95,stop,-83.04999999999927,-6504.904562588453
2024-12-30,reverse,1,296862,2024-12-30 10:49:00,24007.95,23924.9,83.04999999999927,296963,2024-12-30 12:30:00,23924.9,stop,-83.04999999999927,-6504.904562588453
2024-12-31,first,1,297408,2024-12-31 13:40:00,23818.0,23759.35,58.650000000001455,297513,2024-12-31 15:25:00,23809.95,eod,-8.049999999999272,-1627.7353168994528
2025-01-01,first,1,297667,2025-01-01 11:44:00,23859.6,23831.2,28.399999999997817,297678,2025-01-01 11:55:00,23831.2,stop,-28.399999999997817,-2950.903863787858
2025-01-01,reverse,-1,297678,2025-01-01 11:55:00,23831.2,23859.6,28.399999999997817,297688,2025-01-01 12:05:00,23859.6,stop,-28.399999999997817,-2950.903863787858
2025-01-02,first,1,297915,2025-01-02 09:37:00,23934.25,23903.0,31.25,297962,2025-01-02 10:24:00,23996.75,target,62.5,2955.00979409
2025-01-03,first,1,298314,2025-01-03 10:01:00,24168.4,24136.05,32.35000000000218,298323,2025-01-03 10:10:00,24136.05,stop,-32.35000000000218,-3212.879679064642
2025-01-03,reverse,-1,298323,2025-01-03 10:10:00,24136.05,24168.4,32.35000000000218,298388,2025-01-03 11:15:00,24168.4,stop,-32.35000000000218,-3212.879679064642
2025-01-06,first,-1,298662,2025-01-06 09:34:00,24064.55,24149.9,85.35000000000218,298752,2025-01-06 11:04:00,23893.849999999995,target,170.70000000000437,9987.142455176283
2025-01-07,first,-1,299049,2025-01-07 09:46:00,23819.0,23883.85,64.84999999999854,299388,2025-01-07 15:25:00,23789.9,eod,29.099999999998545,786.9603018709054
2025-01-08,first,-1,299550,2025-01-08 11:52:00,23644.2,23659.35,15.149999999997817,299572,2025-01-08 12:14:00,23613.900000000005,target,30.299999999995634,867.9538882587162
2025-01-09,first,1,299824,2025-01-09 10:11:00,23728.0,23691.05,36.95000000000073,299859,2025-01-09 10:46:00,23691.05,stop,-36.95000000000073,-3504.279402770547
2025-01-09,reverse,-1,299859,2025-01-09 10:46:00,23691.05,23728.0,36.95000000000073,300099,2025-01-09 14:46:00,23617.149999999998,target,73.90000000000146,3701.2702923980946
2025-01-10,first,-1,300318,2025-01-10 12:10:00,23551.1,23635.0,83.90000000000146,300326,2025-01-10 12:18:00,23635.0,stop,-83.90000000000146,-6553.762181821095
2025-01-10,reverse,1,300326,2025-01-10 12:18:00,23635.0,23551.1,83.90000000000146,300439,2025-01-10 14:11:00,23551.1,stop,-83.90000000000146,-6553.762181821095
2025-01-13,first,1,300576,2025-01-13 10:13:00,23327.0,23300.95,26.049999999999272,300592,2025-01-13 10:29:00,23379.1,target,52.099999999998545,2289.5479509789056
2025-01-14,first,-1,300918,2025-01-14 09:40:00,23220.0,23244.9,24.900000000001455,300924,2025-01-14 09:46:00,23244.9,stop,-24.900000000001455,-2712.9384682890945
2025-01-14,reverse,1,300924,2025-01-14 09:46:00,23244.9,23220.0,24.900000000001455,300933,2025-01-14 09:55:00,23220.0,stop,-24.900000000001455,-2712.9384682890945
2025-01-15,first,1,301313,2025-01-15 10:00:00,23277.4,23254.5,22.900000000001455,301316,2025-01-15 10:03:00,23254.5,stop,-22.900000000001455,-2583.5232601590947
2025-01-15,reverse,-1,301316,2025-01-15 10:03:00,23254.5,23277.4,22.900000000001455,301317,2025-01-15 10:04:00,23277.4,stop,-22.900000000001455,-2583.5232601590947
2025-01-16,first,1,301729,2025-01-16 10:41:00,23390.0,23376.0,14.0,301734,2025-01-16 10:46:00,23376.0,stop,-14.0,-2007.07772526
2025-01-16,reverse,-1,301734,2025-01-16 10:46:00,23376.0,23390.0,14.0,301741,2025-01-16 10:53:00,23348.0,target,28.0,723.0358263600001
2025-01-17,first,-1,302097,2025-01-17 10:34:00,23299.0,23326.9,27.900000000001455,302112,2025-01-17 10:49:00,23243.199999999997,target,55.80000000000291,2531.428242658189
2025-01-20,first,1,302435,2025-01-20 09:57:00,23281.25,23235.3,45.95000000000073,302516,2025-01-20 11:18:00,23373.15,target,91.90000000000146,4876.757342616094
2025-01-21,first,-1,303067,2025-01-21 14:14:00,23240.0,23270.55,30.549999999999272,303087,2025-01-21 14:34:00,23178.9,target,61.099999999998545,2876.9518977709054
2025-01-22,first,-1,303248,2025-01-22 11:00:00,23130.55,23148.35,17.799999999999272,303251,2025-01-22 11:03:00,23148.35,stop,-17.799999999999272,-2249.8890318289527
2025-01-22,reverse,1,303251,2025-01-22 11:03:00,23148.35,23130.55,17.799999999999272,303252,2025-01-22 11:04:00,23130.55,stop,-17.799999999999272,-2249.8890318289527
2025-01-23,first,1,303540,2025-01-23 09:37:00,23200.35,23136.6,63.75,303888,2025-01-23 15:25:00,23265.0,eod,64.65000000000146,3107.2838150865946
2025-01-24,first,-1,303908,2025-01-24 09:30:00,23258.85,23290.0,31.150000000001455,303927,2025-01-24 09:49:00,23196.549999999996,target,62.30000000000291,2954.632671006189
2025-01-28,first,1,304775,2025-01-28 11:27:00,22984.9,22959.2,25.700000000000728,304788,2025-01-28 11:40:00,23036.300000000003,target,51.400000000001455,2249.9104134680947
2025-01-29,first,1,305019,2025-01-29 09:16:00,23034.95,22981.55,53.400000000001455,305122,2025-01-29 10:59:00,23141.750000000004,target,106.80000000000291,5849.256237113189
2025-01-30,first,1,305408,2025-01-30 09:30:00,23185.0,23152.4,32.599999999998545,305447,2025-01-30 10:09:00,23250.199999999997,target,65.19999999999709,3143.2884889278107
2025-02-03,first,-1,306647,2025-02-03 11:24:00,23388.0,23402.0,14.0,306654,2025-02-03 11:31:00,23360.0,target,28.0,722.8305397199999
2025-02-04,first,1,306894,2025-02-04 09:16:00,23559.0,23432.6,126.40000000000146,307263,2025-02-04 15:25:00,23780.0,eod,221.0,13261.64630621
2025-02-06,first,-1,307661,2025-02-06 09:33:00,23742.35,23819.95,77.60000000000218,308013,2025-02-06 15:25:00,23694.0,eod,48.349999999998545,2039.5736147764055
2025-02-07,first,1,308102,2025-02-07 10:39:00,23647.0,23603.0,44.0,308142,2025-02-07 11:19:00,23735.0,target,88.0,4617.05655098
2025-02-13,first,1,309557,2025-02-13 09:54:00,23250.0,23191.5,58.5,309776,2025-02-13 13:33:00,23191.5,stop,-58.5,-4896.5417538149995
2025-02-13,reverse,-1,309776,2025-02-13 13:33:00,23191.5,23250.0,58.5,309888,2025-02-13 15:25:00,23096.4,eod,95.09999999999854,5087.873520680905
2025-02-14,first,-1,309951,2025-02-14 10:13:00,23123.0,23154.0,31.0,309955,2025-02-14 10:17:00,23154.0,stop,-31.0,-3107.79555997
2025-02-14,reverse,1,309955,2025-02-14 10:17:00,23154.0,23123.0,31.0,309967,2025-02-14 10:29:00,23123.0,stop,-31.0,-3107.79555997
2025-02-17,first,-1,310378,2025-02-17 11:05:00,22928.4,22980.0,51.599999999998545,310527,2025-02-17 13:34:00,22980.0,stop,-51.599999999998545,-4443.522189323905
2025-02-17,reverse,1,310527,2025-02-17 13:34:00,22980.0,22928.4,51.599999999998545,310638,2025-02-17 15:25:00,23025.75,eod,45.75,1882.8256192425001
2025-02-18,first,1,310677,2025-02-18 09:49:00,22980.35,22960.35,20.0,310683,2025-02-18 09:55:00,22960.35,stop,-20.0,-2389.983330927
2025-02-18,reverse,-1,310683,2025-02-18 09:55:00,22960.35,22980.35,20.0,310685,2025-02-18 09:57:00,22980.35,stop,-20.0,-2389.983330927
2025-02-19,first,-1,311123,2025-02-19 11:00:00,22974.5,23003.55,29.049999999999272,311127,2025-02-19 11:04:00,23003.55,stop,-29.049999999999272,-2978.499865760453
2025-02-19,reverse,1,311127,2025-02-19 11:04:00,23003.55,22974.5,29.049999999999272,311187,2025-02-19 12:04:00,23061.649999999998,target,58.099999999998545,2684.9948596279055
2025-02-20,first,1,311562,2025-02-20 12:04:00,22934.95,22925.05,9.900000000001455,311568,2025-02-20 12:10:00,22925.05,stop,-9.900000000001455,-1732.8521396000947
2025-02-20,reverse,-1,311568,2025-02-20 12:10:00,22925.05,22934.95,9.900000000001455,311578,2025-02-20 12:20:00,22934.95,stop,-9.900000000001455,-1732.8521396000947
2025-02-21,first,-1,311936,2025-02-21 12:03:00,22825.25,22845.25,20.0,311956,2025-02-21 12:23:00,22845.25,stop,-20.0,-2387.672145505
2025-02-21,reverse,1,311956,2025-02-21 12:23:00,22845.25,22825.25,20.0,311993,2025-02-21 13:00:00,22825.25,stop,-20.0,-2387.672145505
2025-02-24,first,-1,312305,2025-02-24 11:57:00,22648.0,22666.45,18.450000000000728,312314,2025-02-24 12:06:00,22611.1,target,36.900000000001455,1314.0139446490946
2025-02-25,first,1,312551,2025-02-25 09:48:00,22629.9,22614.3,15.600000000002183,312564,2025-02-25 10:01:00,22614.3,stop,-15.600000000002183,-2098.051481562142
2025-02-25,reverse,-1,312564,2025-02-25 10:01:00,22614.3,22629.9,15.600000000002183,312584,2025-02-25 10:21:00,22583.099999999995,target,31.200000000004366,944.0750473862837
2025-02-27,first,-1,312929,2025-02-27 09:51:00,22548.4,22570.0,21.599999999998545,312990,2025-02-27 10:52:00,22570.0,stop,-21.599999999998545,-2486.9403374239055
2025-02-27,reverse,1,312990,2025-02-27 10:52:00,22570.0,22548.4,21.599999999998545,313029,2025-02-27 11:31:00,22548.0,stop,-22.0,-2512.93457598
2025-02-28,first,-1,313284,2025-02-28 09:31:00,22467.0,22499.8,32.79999999999927,313309,2025-02-28 09:56:00,22401.4,target,65.59999999999854,3182.687945075905
2025-03-03,first,-1,313673,2025-03-03 09:45:00,22251.35,22330.0,78.65000000000146,314013,2025-03-03 15:25:00,22264.95,eod,-13.600000000002183,-1961.837008843142
2025-03-04,first,1,314042,2025-03-04 09:39:00,22174.25,22147.0,27.25,314065,2025-03-04 10:02:00,22228.75,target,54.5,2465.23373017
2025-03-05,first,1,314395,2025-03-05 09:17:00,22232.6,22180.85,51.75,314421,2025-03-05 09:43:00,22336.1,target,103.5,5648.529746993
2025-03-10,first,-1,315886,2025-03-10 15:23:00,22512.2,22522.0,9.799999999999272,315888,2025-03-10 15:25:00,22513.0,eod,-0.7999999999992724,-1134.2648209719528
2025-03-11,first,1,316046,2025-03-11 11:48:00,22510.3,22497.0,13.299999999999272,316065,2025-03-11 12:07:00,22497.0,stop,-13.299999999999272,-1946.5385863529527
2025-03-11,reverse,-1,316065,2025-03-11 12:07:00,22497.0,22510.3,13.299999999999272,316072,2025-03-11 12:14:00,22510.3,stop,-13.299999999999272,-1946.5385863529527
2025-03-12,first,1,316302,2025-03-12 09:49:00,22548.0,22504.35,43.650000000001455,316313,2025-03-12 10:00:00,22504.35,stop,-43.650000000001455,-3919.4963789835947
2025-03-12,reverse,-1,316313,2025-03-12 10:00:00,22504.35,22548.0,43.650000000001455,316410,2025-03-12 11:37:00,22417.049999999996,target,87.30000000000291,4592.607658746189
2025-03-13,first,1,316666,2025-03-13 09:38:00,22539.0,22510.25,28.75,316691,2025-03-13 10:03:00,22596.5,target,57.5,2653.950660845
2025-03-17,first,-1,317076,2025-03-17 10:13:00,22589.2,22604.1,14.899999999997817,317090,2025-03-17 10:27:00,22559.400000000005,target,29.799999999995634,853.5006535537161
2025-07-28,first,-1,343494,2025-07-28 13:01:00,24738.8,24770.0,31.200000000000728,343528,2025-07-28 13:35:00,24676.399999999998,target,62.400000000001455,2935.8151111280945
2025-07-29,first,-1,343701,2025-07-29 10:13:00,24693.7,24744.8,51.099999999998545,343876,2025-07-29 13:08:00,24744.8,stop,-51.099999999998545,-4441.220212984906
2025-07-29,reverse,1,343876,2025-07-29 13:08:00,24744.8,24693.7,51.099999999998545,344008,2025-07-29 15:20:00,24846.999999999996,target,102.19999999999709,5521.071713601811
2025-07-30,first,1,344039,2025-07-30 09:36:00,24882.0,24817.6,64.40000000000146,344056,2025-07-30 09:53:00,24817.6,stop,-64.40000000000146,-5307.875755556094
2025-07-30,reverse,-1,344056,2025-07-30 09:53:00,24817.6,24882.0,64.40000000000146,344142,2025-07-30 11:19:00,24882.0,stop,-64.40000000000146,-5307.875755556094
2025-07-31,first,1,344520,2025-07-31 11:22:00,24780.6,24732.9,47.69999999999709,344608,2025-07-31 12:50:00,24875.999999999993,target,95.39999999999418,5078.557219673622
2025-08-01,first,-1,344809,2025-08-01 09:56:00,24765.6,24798.0,32.400000000001455,344816,2025-08-01 10:03:00,24798.0,stop,-32.400000000001455,-3226.8996645960947
2025-08-01,reverse,1,344816,2025-08-01 10:03:00,24798.0,24765.6,32.400000000001455,344891,2025-08-01 11:18:00,24765.6,stop,-32.400000000001455,-3226.8996645960947
2025-08-04,first,1,345227,2025-08-04 10:39:00,24725.0,24706.2,18.799999999999272,345236,2025-08-04 10:48:00,24705.0,stop,-20.0,-2419.8294422999998
2025-08-04,reverse,-1,345236,2025-08-04 10:48:00,24705.0,24723.8,18.799999999999272,345251,2025-08-04 11:03:00,24723.8,stop,-18.799999999999272,-2341.826197967953
2025-08-05,first,-1,345709,2025-08-05 12:26:00,24715.1,24733.4,18.30000000000291,345755,2025-08-05 13:12:00,24678.499999999993,target,36.60000000000582,1259.1507991043784
2025-08-06,first,1,345951,2025-08-06 10:16:00,24685.2,24665.3,19.900000000001455,345970,2025-08-06 10:35:00,24665.3,stop,-19.900000000001455,-2412.6500153050947
2025-08-06,reverse,-1,345970,2025-08-06 10:35:00,24665.3,24685.2,19.900000000001455,345991,2025-08-06 10:56:00,24625.499999999996,target,39.80000000000291,1468.011390212189
2025-08-08,first,-1,346866,2025-08-08 13:01:00,24531.5,24564.9,33.400000000001455,346994,2025-08-08 15:09:00,24464.699999999997,target,66.80000000000291,3225.3733337181893
2025-08-11,first,-1,347049,2025-08-11 09:49:00,24436.0,24463.6,27.599999999998545,347053,2025-08-11 09:53:00,24463.6,stop,-27.599999999998545,-2909.2481475559052
2025-08-11,reverse,1,347053,2025-08-11 09:53:00,24463.6,24436.0,27.599999999998545,347086,2025-08-11 10:26:00,24518.799999999996,target,55.19999999999709,2471.559233535811
2025-08-12,first,-1,347521,2025-08-12 11:26:00,24621.0,24652.1,31.099999999998545,347573,2025-08-12 12:18:00,24652.1,stop,-31.099999999998545,-3139.9224458909052
2025-08-12,reverse,1,347573,2025-08-12 12:18:00,24652.1,24621.0,31.099999999998545,347642,2025-08-12 13:27:00,24621.0,stop,-31.099999999998545,-3139.9224458909052
2025-08-13,first,1,347869,2025-08-13 10:59:00,24680.0,24666.0,14.0,347881,2025-08-13 11:11:00,24666.0,stop,-14.0,-2029.14603906
2025-08-13,reverse,-1,347881,2025-08-13 11:11:00,24666.0,24680.0,14.0,347886,2025-08-13 11:16:00,24680.0,stop,-14.0,-2029.14603906
2025-08-14,first,1,348166,2025-08-14 09:41:00,24716.5,24685.0,31.5,348190,2025-08-14 10:05:00,24685.0,stop,-31.5,-3167.018389415
2025-08-14,reverse,-1,348190,2025-08-14 10:05:00,24685.0,24716.5,31.5,348208,2025-08-14 10:23:00,24716.5,stop,-31.5,-3167.018389415
2025-08-18,first,-1,348769,2025-08-18 13:29:00,24986.4,24998.1,11.69999999999709,348780,2025-08-18 13:40:00,24998.1,stop,-11.69999999999709,-1885.1209740448107
2025-08-18,reverse,1,348780,2025-08-18 13:40:00,24998.1,24986.4,11.69999999999709,348784,2025-08-18 13:44:00,24986.4,stop,-11.69999999999709,-1885.1209740448107
2025-08-19,first,-1,348910,2025-08-19 09:35:00,24951.6,24965.0,13.400000000001455,348920,2025-08-19 09:45:00,24924.799999999996,target,26.80000000000291,618.0784461961891
2025-08-20,first,1,349294,2025-08-20 09:44:00,24993.9,24975.9,18.0,349325,2025-08-20 10:15:00,25029.9,target,36.0,1214.763824082
2025-08-21,first,1,349676,2025-08-21 09:51:00,25121.1,25090.5,30.599999999998545,350010,2025-08-21 15:25:00,25113.3,eod,-7.799999999999272,-1633.7813361839526
2025-08-25,first,-1,350433,2025-08-25 09:58:00,24943.0,24969.7,26.700000000000728,350488,2025-08-25 10:53:00,24969.7,stop,-26.700000000000728,-2859.4190748470473
2025-08-25,reverse,1,350488,2025-08-25 10:53:00,24969.7,24943.0,26.700000000000728,350607,2025-08-25 12:52:00,25023.100000000002,target,53.400000000001455,2345.9271959920943
2025-08-26,first,-1,350766,2025-08-26 09:16:00,24900.0,24998.0,98.0,351135,2025-08-26 15:25:00,24731.3,eod,168.70000000000073,9842.844821007047
2025-08-28,first,-1,351272,2025-08-28 11:27:00,24656.0,24677.9,21.900000000001455,351278,2025-08-28 11:33:00,24677.9,stop,-21.900000000001455,-2542.4963253790947
2025-08-28,reverse,1,351278,2025-08-28 11:33:00,24677.9,24656.0,21.900000000001455,351299,2025-08-28 11:54:00,24656.0,stop,-21.900000000001455,-2542.4963253790947
2025-08-29,first,-1,351536,2025-08-29 09:36:00,24621.4,24694.9,73.5,351600,2025-08-29 10:40:00,24694.9,stop,-73.5,-5896.043921843
2025-08-29,reverse,1,351600,2025-08-29 10:40:00,24694.9,24621.4,73.5,351797,2025-08-29 13:57:00,24621.4,stop,-73.5,-5896.043921843
2025-09-02,first,-1,352576,2025-09-02 14:26:00,24664.9,24717.2,52.29999999999927,352595,2025-09-02 14:45:00,24717.2,stop,-52.29999999999927,-4518.730769380953
2025-09-02,reverse,1,352595,2025-09-02 14:45:00,24717.2,24664.9,52.29999999999927,352635,2025-09-02 15:25:00,24688.9,eod,-28.299999999999272,-2959.0764560209527
2025-09-03,first,-1,352722,2025-09-03 10:37:00,24677.2,24710.0,32.79999999999927,352801,2025-09-03 11:56:00,24710.0,stop,-32.79999999999927,-3251.3884677919527
2025-09-03,reverse,1,352801,2025-09-03 11:56:00,24710.0,24677.2,32.79999999999927,352935,2025-09-03 14:10:00,24775.6,target,65.59999999999854,3143.1942169839053
2025-09-04,first,1,353120,2025-09-04 11:00:00,24945.3,24925.0,20.299999999999272,353128,2025-09-04 11:08:00,24925.0,stop,-20.299999999999272,-2443.093841782953
2025-09-04,reverse,-1,353128,2025-09-04 11:08:00,24925.0,24945.3,20.299999999999272,353185,2025-09-04 12:05:00,24945.3,stop,-20.299999999999272,-2443.093841782953
2025-09-05,first,-1,353447,2025-09-05 10:12:00,24773.0,24895.0,122.0,353675,2025-09-05 14:00:00,24895.0,stop,-122.0,-9051.26850148
2025-09-05,reverse,1,353675,2025-09-05 14:00:00,24895.0,24773.0,122.0,353760,2025-09-05 15:25:00,24846.0,eod,-49.0,-4307.31996501
2025-09-08,first,1,353781,2025-09-08 09:31:00,24912.3,24862.2,50.099999999998545,354135,2025-09-08 15:25:00,24900.3,eod,-12.0,-1903.148853486
2025-09-09,first,1,354222,2025-09-09 10:37:00,24931.4,24917.0,14.400000000001455,354224,2025-09-09 10:39:00,24917.0,stop,-14.400000000001455,-2059.441032724095
2025-09-09,reverse,-1,354224,2025-09-09 10:39:00,24917.0,24931.4,14.400000000001455,354243,2025-09-09 10:58:00,24931.4,stop,-14.400000000001455,-2059.441032724095
2025-09-10,first,-1,354754,2025-09-10 13:14:00,25058.4,25074.2,15.799999999999272,354806,2025-09-10 14:06:00,25074.2,stop,-15.799999999999272,-2152.8637786859526
2025-09-10,reverse,1,354806,2025-09-10 14:06:00,25074.2,25058.4,15.799999999999272,354818,2025-09-10 14:18:00,25058.4,stop,-15.799999999999272,-2152.8637786859526
2025-09-11,first,1,354928,2025-09-11 09:53:00,25087.5,25073.2,14.299999999999272,354931,2025-09-11 09:56:00,25073.2,stop,-14.299999999999272,-2055.6129101269526
2025-09-11,reverse,-1,354931,2025-09-11 09:56:00,25073.2,25087.5,14.299999999999272,355003,2025-09-11 11:08:00,25087.5,stop,-14.299999999999272,-2055.6129101269526
2025-09-12,first,1,355288,2025-09-12 09:38:00,25151.0,25134.0,17.0,355352,2025-09-12 10:42:00,25185.0,target,34.0,1082.10508704
2025-09-15,first,1,355831,2025-09-15 12:26:00,25188.8,25183.0,5.799999999999272,355838,2025-09-15 12:33:00,25183.0,stop,-5.799999999999272,-1504.9683021979527
2025-09-15,reverse,-1,355838,2025-09-15 12:33:00,25183.0,25188.8,5.799999999999272,355839,2025-09-15 12:34:00,25188.8,stop,-5.799999999999272,-1504.9683021979527
2025-09-16,first,1,356028,2025-09-16 09:28:00,25185.9,25175.0,10.900000000001455,356039,2025-09-16 09:39:00,25207.700000000004,target,21.80000000000291,288.6837691041891
2025-09-19,first,-1,357203,2025-09-19 10:18:00,25375.5,25388.1,12.599999999998545,357207,2025-09-19 10:22:00,25388.1,stop,-12.599999999998545,-1950.2798265959054
2025-09-19,reverse,1,357207,2025-09-19 10:22:00,25388.1,25375.5,12.599999999998545,357232,2025-09-19 10:47:00,25375.5,stop,-12.599999999998545,-1950.2798265959054
2025-09-22,first,1,357534,2025-09-22 09:34:00,25374.4,25341.0,33.400000000001455,357652,2025-09-22 11:32:00,25341.0,stop,-33.400000000001455,-3301.7458625940944
2025-09-22,reverse,-1,357652,2025-09-22 11:32:00,25341.0,25374.4,33.400000000001455,357677,2025-09-22 11:57:00,25374.4,stop,-33.400000000001455,-3301.7458625940944
2025-09-23,first,-1,357903,2025-09-23 09:28:00,25255.0,25280.0,25.0,357917,2025-09-23 09:42:00,25205.0,target,50.0,2120.9508394
2025-09-24,first,1,358543,2025-09-24 13:53:00,25188.0,25166.5,21.5,358549,2025-09-24 13:59:00,25166.5,stop,-21.5,-2525.228479745
2025-09-24,reverse,-1,358549,2025-09-24 13:59:00,25166.5,25188.0,21.5,358607,2025-09-24 14:57:00,25123.5,target,43.0,1667.4459031
2025-10-01,first,-1,360176,2025-10-01 09:51:00,24799.6,24828.3,28.700000000000728,360259,2025-10-01 11:14:00,24828.3,stop,-28.700000000000728,-2986.9713067190473
2025-10-01,reverse,1,360259,2025-10-01 11:14:00,24828.3,24799.6,28.700000000000728,360287,2025-10-01 11:42:00,24885.7,target,57.400000000001455,2608.2885424600945
2025-10-03,first,1,360551,2025-10-03 09:51:00,24935.5,24905.2,30.299999999999272,360577,2025-10-03 10:17:00,24905.2,stop,-30.299999999999272,-3092.782154926953
2025-10-03,reverse,-1,360577,2025-10-03 10:17:00,24905.2,24935.5,30.299999999999272,360589,2025-10-03 10:29:00,24935.5,stop,-30.299999999999272,-3092.782154926953
2025-10-06,first,1,360892,2025-10-06 09:17:00,25027.9,24993.7,34.20000000000073,360904,2025-10-06 09:29:00,24993.7,stop,-34.20000000000073,-3347.806687976047
2025-10-06,reverse,-1,360904,2025-10-06 09:29:00,24993.7,25027.9,34.20000000000073,360916,2025-10-06 09:41:00,25027.9,stop,-34.20000000000073,-3347.806687976047
2025-10-08,first,-1,361748,2025-10-08 11:03:00,25158.4,25181.4,23.0,361763,2025-10-08 11:18:00,25112.4,target,46.0,1862.592582412
2025-10-09,first,-1,362044,2025-10-09 09:44:00,25160.0,25181.2,21.200000000000728,362086,2025-10-09 10:26:00,25181.2,stop,-21.200000000000728,-2505.616471732047
2025-10-09,reverse,1,362086,2025-10-09 10:26:00,25181.2,25160.0,21.200000000000728,362121,2025-10-09 11:01:00,25223.600000000002,target,42.400000000001455,1627.4674586720944
2025-10-13,first,-1,362781,2025-10-13 09:31:00,25256.7,25305.0,48.29999999999927,362796,2025-10-13 09:46:00,25305.0,stop,-48.29999999999927,-4268.844007736952
2025-10-13,reverse,1,362796,2025-10-13 09:46:00,25305.0,25256.7,48.29999999999927,362888,2025-10-13 11:18:00,25256.7,stop,-48.29999999999927,-4268.844007736952
2025-10-14,first,1,363210,2025-10-14 10:25:00,25276.9,25240.0,36.900000000001455,363254,2025-10-14 11:09:00,25240.0,stop,-36.900000000001455,-3527.5274960090946
2025-10-14,reverse,-1,363254,2025-10-14 11:09:00,25240.0,25276.9,36.900000000001455,363315,2025-10-14 12:10:00,25166.199999999997,target,73.80000000000291,3668.2717936181893
2025-10-15,first,1,363517,2025-10-15 09:17:00,25339.2,25181.4,157.79999999999927,363885,2025-10-15 15:25:00,25431.4,eod,92.20000000000073,4861.047218134047
2025-10-24,first,-1,365694,2025-10-24 13:18:00,25837.7,25862.0,24.299999999999272,365707,2025-10-24 13:31:00,25789.100000000002,target,48.599999999998545,2019.9786772519053
2025-10-27,first,1,366100,2025-10-27 13:49:00,25997.0,25974.3,22.700000000000728,366196,2025-10-27 15:25:00,26030.0,eod,33.0,1002.64678253
2025-10-28,first,1,366219,2025-10-28 09:33:00,26051.6,25990.1,61.5,366239,2025-10-28 09:53:00,25990.1,stop,-61.5,-5139.426130537
2025-10-28,reverse,-1,366239,2025-10-28 09:53:00,25990.1,26051.6,61.5,366301,2025-10-28 10:55:00,25867.1,target,123.0,6853.572685508
2025-10-30,first,-1,367039,2025-10-30 10:43:00,26060.9,26074.4,13.5,367047,2025-10-30 10:51:00,26074.4,stop,-13.5,-2020.507548433
2025-10-30,reverse,1,367047,2025-10-30 10:51:00,26074.4,26060.9,13.5,367055,2025-10-30 10:59:00,26060.9,stop,-13.5,-2020.507548433
2025-10-31,first,-1,367387,2025-10-31 10:16:00,26012.0,26044.0,32.0,367408,2025-10-31 10:37:00,25948.0,target,64.0,3018.0385244
2025-11-03,first,-1,367702,2025-11-03 09:16:00,25818.1,25913.6,95.5,367745,2025-11-03 09:59:00,25913.6,stop,-95.5,-7346.575611437
2025-11-03,reverse,1,367745,2025-11-03 09:59:00,25913.6,25818.1,95.5,368071,2025-11-03 15:25:00,25904.9,eod,-8.69999999999709,-1705.825844784811
2025-11-04,first,-1,368166,2025-11-04 10:45:00,25807.4,25820.5,13.099999999998545,368179,2025-11-04 10:58:00,25820.5,stop,-13.099999999998545,-1990.1697867189055
2025-11-04,reverse,1,368179,2025-11-04 10:58:00,25820.5,25807.4,13.099999999998545,368186,2025-11-04 11:05:00,25807.4,stop,-13.099999999998545,-1990.1697867189055
2025-11-06,first,-1,368477,2025-11-06 09:41:00,25728.0,25759.9,31.900000000001455,368496,2025-11-06 10:00:00,25759.9,stop,-31.900000000001455,-3210.8623013190945
2025-11-06,reverse,1,368496,2025-11-06 10:00:00,25759.9,25728.0,31.900000000001455,368503,2025-11-06 10:07:00,25728.0,stop,-31.900000000001455,-3210.8623013190945
2025-11-07,first,-1,368831,2025-11-07 09:20:00,25474.2,25498.0,23.799999999999272,368943,2025-11-07 11:12:00,25498.0,stop,-23.799999999999272,-2679.9985896419525
2025-11-07,reverse,1,368943,2025-11-07 11:12:00,25498.0,25474.2,23.799999999999272,368961,2025-11-07 11:30:00,25545.6,target,47.599999999998545,1959.9729926039054
2025-11-10,first,1,369234,2025-11-10 09:48:00,25674.9,25638.0,36.900000000001455,369571,2025-11-10 15:25:00,25694.0,eod,19.099999999998545,104.85722827090541
2025-11-11,first,-1,369578,2025-11-11 09:17:00,25660.0,25738.1,78.09999999999854,369836,2025-11-11 13:35:00,25738.1,stop,-78.09999999999854,-6212.823917140905
2025-11-11,reverse,1,369836,2025-11-11 13:35:00,25738.1,25660.0,78.09999999999854,369946,2025-11-11 15:25:00,25823.0,eod,84.90000000000146,4379.828294429095
2025-11-14,first,-1,370748,2025-11-14 10:02:00,25841.8,25905.7,63.900000000001455,370800,2025-11-14 10:54:00,25905.7,stop,-63.900000000001455,-5292.895618475095
2025-11-14,reverse,1,370800,2025-11-14 10:54:00,25905.7,25841.8,63.900000000001455,370970,2025-11-14 13:44:00,25841.8,stop,-63.900000000001455,-5292.895618475095
2025-11-18,first,-1,371631,2025-11-18 12:15:00,25992.0,26003.5,11.5,371652,2025-11-18 12:36:00,25969.0,target,23.0,353.26982079000004
2025-11-19,first,-1,371930,2025-11-19 10:59:00,25971.0,25986.3,15.299999999999272,371946,2025-11-19 11:15:00,25940.4,target,30.599999999998545,847.6496198459054
2025-11-20,first,1,372252,2025-11-20 10:06:00,26112.1,26092.8,19.299999999999272,372286,2025-11-20 10:40:00,26150.699999999997,target,38.599999999998545,1364.5970812919054
2025-11-21,first,1,372860,2025-11-21 13:59:00,26147.9,26113.2,34.70000000000073,372910,2025-11-21 14:49:00,26113.2,stop,-34.70000000000073,-3399.4595725710474
2025-11-21,reverse,-1,372910,2025-11-21 14:49:00,26113.2,26147.9,34.70000000000073,372946,2025-11-21 15:25:00,26073.6,eod,39.60000000000218,1430.2413056521418
2025-11-24,first,-1,372979,2025-11-24 09:43:00,26097.2,26116.8,19.599999999998545,372985,2025-11-24 09:49:00,26116.8,stop,-19.599999999998545,-2417.6450325399055
2025-11-24,reverse,1,372985,2025-11-24 09:49:00,26116.8,26097.2,19.599999999998545,373032,2025-11-24 10:36:00,26155.999999999996,target,39.19999999999709,1403.508035191811
2025-11-25,first,-1,373406,2025-11-25 10:35:00,26003.7,26030.0,26.299999999999272,373427,2025-11-25 10:56:00,25951.100000000002,target,52.599999999998545,2277.1496931719053
2025-11-27,first,-1,374326,2025-11-27 13:25:00,26326.0,26362.2,36.20000000000073,374355,2025-11-27 13:54:00,26362.2,stop,-36.20000000000073,-3500.6040444020473
2025-11-27,reverse,1,374355,2025-11-27 13:54:00,26362.2,26326.0,36.20000000000073,374446,2025-11-27 15:25:00,26399.0,eod,36.79999999999927,1243.3444920679528
2025-11-28,first,1,374454,2025-11-28 09:18:00,26412.8,26370.0,42.79999999999927,374728,2025-11-28 13:52:00,26370.0,stop,-42.79999999999927,-3930.3746059079526
2025-11-28,reverse,-1,374728,2025-11-28 13:52:00,26370.0,26412.8,42.79999999999927,374821,2025-11-28 15:25:00,26393.0,eod,-23.0,-2643.32107443
2025-12-01,first,1,374903,2025-12-01 10:32:00,26457.1,26440.0,17.099999999998545,374909,2025-12-01 10:38:00,26440.0,stop,-17.099999999998545,-2261.0026285309054
2025-12-01,reverse,-1,374909,2025-12-01 10:38:00,26440.0,26457.1,17.099999999998545,374922,2025-12-01 10:51:00,26405.800000000003,target,34.19999999999709,1073.636066661811
2025-12-02,first,-1,375227,2025-12-02 09:41:00,26262.3,26292.4,30.100000000002183,375522,2025-12-02 14:36:00,26202.099999999995,target,60.200000000004366,2766.746313516284
2025-12-04,first,1,376015,2025-12-04 10:19:00,26188.0,26170.0,18.0,376025,2025-12-04 10:29:00,26224.0,target,36.0,1194.33609268
2025-12-05,first,1,376375,2025-12-05 10:04:00,26244.4,26156.3,88.10000000000218,376696,2025-12-05 15:25:00,26334.9,eod,90.5,4735.086248727
2025-12-08,first,-1,376712,2025-12-08 09:26:00,26294.5,26320.2,25.700000000000728,376734,2025-12-08 09:48:00,26243.1,target,51.400000000001455,2194.171669264095
2025-12-10,first,-1,377525,2025-12-10 10:29:00,26035.0,26061.0,26.0,377547,2025-12-10 10:51:00,25983.0,target,52.0,2237.61261502
2025-12-11,first,-1,377849,2025-12-11 09:38:00,25836.2,25920.0,83.79999999999927,377885,2025-12-11 10:14:00,25920.0,stop,-83.79999999999927,-6586.353619881953
2025-12-11,reverse,1,377885,2025-12-11 10:14:00,25920.0,25836.2,83.79999999999927,378196,2025-12-11 15:25:00,26010.0,eod,90.0,4708.1430327
2025-12-12,first,1,378205,2025-12-12 09:19:00,26108.7,26001.3,107.40000000000146,378571,2025-12-12 15:25:00,26147.0,eod,38.29999999999927,1345.1595669229528
2025-12-15,first,1,378611,2025-12-15 09:50:00,26027.1,25988.4,38.69999999999709,378733,2025-12-15 11:52:00,26104.499999999993,target,77.39999999999418,3887.492334923622
2025-12-16,first,1,379288,2025-12-16 14:52:00,25970.0,25958.0,12.0,379298,2025-12-16 15:02:00,25958.0,stop,-12.0,-1921.24316008
2025-12-16,reverse,-1,379298,2025-12-16 15:02:00,25958.0,25970.0,12.0,379315,2025-12-16 15:19:00,25934.0,target,24.0,418.85416988
2025-12-17,first,-1,379355,2025-12-17 09:44:00,25955.0,26004.9,49.900000000001455,379696,2025-12-17 15:25:00,25904.5,eod,50.5,2141.477137205
2025-12-18,first,1,379751,2025-12-18 10:05:00,25825.0,25813.9,11.099999999998545,379757,2025-12-18 10:11:00,25847.199999999997,target,22.19999999999709,303.7447833578109
2025-12-19,first,1,380243,2025-12-19 12:02:00,25995.0,25970.9,24.099999999998545,380386,2025-12-19 14:25:00,26043.199999999997,target,48.19999999999709,1990.462062097811
2025-12-24,first,-1,381489,2025-12-24 14:03:00,26175.1,26200.0,24.900000000001455,381571,2025-12-24 15:25:00,26172.1,eod,3.0,-949.916583392
2025-12-29,first,-1,381989,2025-12-29 09:53:00,26079.3,26100.0,20.700000000000728,381996,2025-12-29 10:00:00,26037.899999999998,target,41.400000000001455,1547.8261069080945
2025-12-31,first,1,382715,2025-12-31 09:29:00,26177.0,26137.4,39.599999999998545,382730,2025-12-31 09:44:00,26137.4,stop,-39.599999999998545,-3718.3868149839054
2025-12-31,reverse,-1,382730,2025-12-31 09:44:00,26137.4,26177.0,39.599999999998545,382767,2025-12-31 10:21:00,26177.0,stop,-39.599999999998545,-3718.3868149839054
2026-01-05,first,-1,384186,2026-01-05 15:15:00,26326.2,26361.9,35.70000000000073,384196,2026-01-05 15:25:00,26325.9,eod,0.2999999999992724,-1128.0087840810472
2026-01-06,first,-1,384214,2026-01-06 09:28:00,26305.8,26331.6,25.799999999999272,384219,2026-01-06 09:33:00,26331.6,stop,-25.799999999999272,-2824.2303610139525
2026-01-06,reverse,1,384219,2026-01-06 09:33:00,26331.6,26305.8,25.799999999999272,384246,2026-01-06 10:00:00,26383.199999999997,target,51.599999999998545,2205.6547995719056
2026-01-07,first,-1,384604,2026-01-07 09:43:00,26217.2,26259.0,41.79999999999927,384625,2026-01-07 10:04:00,26259.0,stop,-41.79999999999927,-3862.757919081953
2026-01-07,reverse,1,384625,2026-01-07 10:04:00,26259.0,26217.2,41.79999999999927,384770,2026-01-07 12:29:00,26217.2,stop,-41.79999999999927,-3862.757919081953
2026-01-13,first,1,386144,2026-01-13 10:23:00,25832.7,25785.0,47.70000000000073,386252,2026-01-13 12:11:00,25785.0,stop,-47.70000000000073,-4238.8801298970475
2026-01-13,reverse,-1,386252,2026-01-13 12:11:00,25785.0,25832.7,47.70000000000073,386303,2026-01-13 13:02:00,25689.6,target,95.40000000000146,5063.006756694094
2026-01-14,first,-1,386481,2026-01-14 09:45:00,25742.1,25799.8,57.70000000000073,386490,2026-01-14 09:54:00,25799.8,stop,-57.70000000000073,-4888.1732662590475
2026-01-14,reverse,1,386490,2026-01-14 09:54:00,25799.8,25742.1,57.70000000000073,386514,2026-01-14 10:18:00,25742.1,stop,-57.70000000000073,-4888.1732662590475
2026-01-16,first,-1,386843,2026-01-16 09:32:00,25756.5,25797.0,40.5,386855,2026-01-16 09:44:00,25797.0,stop,-40.5,-3770.373108135
2026-01-16,reverse,1,386855,2026-01-16 09:44:00,25797.0,25756.5,40.5,386886,2026-01-16 10:15:00,25878.0,target,81.0,4125.37685325
2026-01-22,first,-1,388374,2026-01-22 10:03:00,25405.0,25445.0,40.0,388400,2026-01-22 10:29:00,25325.0,target,80.0,4068.4658647
2026-01-23,first,-1,388764,2026-01-23 10:18:00,25274.1,25319.0,44.900000000001455,388774,2026-01-23 10:28:00,25319.0,stop,-44.900000000001455,-4048.1324810910946
2026-01-23,reverse,1,388774,2026-01-23 10:28:00,25319.0,25274.1,44.900000000001455,388841,2026-01-23 11:35:00,25274.1,stop,-44.900000000001455,-4048.1324810910946
2026-01-27,first,-1,389081,2026-01-27 09:20:00,25014.9,25087.5,72.59999999999854,389099,2026-01-27 09:38:00,25087.5,stop,-72.59999999999854,-5844.2731796639055
2026-01-27,reverse,1,389099,2026-01-27 09:38:00,25087.5,25014.9,72.59999999999854,389172,2026-01-27 10:51:00,25014.9,stop,-72.59999999999854,-5844.2731796639055
2026-01-28,first,-1,389719,2026-01-28 13:43:00,25339.2,25364.9,25.700000000000728,389766,2026-01-28 14:30:00,25364.9,stop,-25.700000000000728,-2801.1942518010474
2026-01-28,reverse,1,389766,2026-01-28 14:30:00,25364.9,25339.2,25.700000000000728,389769,2026-01-28 14:33:00,25339.2,stop,-25.700000000000728,-2801.1942518010474
2026-01-29,first,1,389884,2026-01-29 10:13:00,25314.0,25282.0,32.0,389892,2026-01-29 10:21:00,25282.0,stop,-32.0,-3209.73275156
2026-01-29,reverse,-1,389892,2026-01-29 10:21:00,25282.0,25314.0,32.0,389895,2026-01-29 10:24:00,25314.0,stop,-32.0,-3209.73275156
2026-01-30,first,1,390222,2026-01-30 09:36:00,25395.0,25324.1,70.90000000000146,390436,2026-01-30 13:10:00,25324.1,stop,-70.90000000000146,-5739.058135951094
2026-01-30,reverse,-1,390436,2026-01-30 13:10:00,25324.1,25395.0,70.90000000000146,390470,2026-01-30 13:44:00,25395.0,stop,-70.90000000000146,-5739.058135951094
2026-02-01,first,1,390749,2026-02-01 12:08:00,25445.0,25345.0,100.0,390752,2026-02-01 12:11:00,25345.0,stop,-100.0,-7630.9943519
2026-02-01,reverse,-1,390752,2026-02-01 12:11:00,25345.0,25445.0,100.0,390761,2026-02-01 12:20:00,25145.0,target,200.0,11869.8167311
2026-02-02,first,-1,390995,2026-02-02 09:59:00,24913.0,24986.6,73.59999999999854,391079,2026-02-02 11:23:00,24765.800000000003,target,147.1999999999971,8445.06429953181
2026-02-03,first,-1,391377,2026-02-03 10:06:00,25758.4,25810.9,52.5,391387,2026-02-03 10:16:00,25810.9,stop,-52.5,-4550.438055173
2026-02-03,reverse,1,391387,2026-02-03 10:16:00,25810.9,25758.4,52.5,391463,2026-02-03 11:32:00,25915.9,target,105.0,5684.793376252
2026-02-04,first,1,391710,2026-02-04 09:24:00,25810.0,25775.0,35.0,391823,2026-02-04 11:17:00,25775.0,stop,-35.0,-3413.17472185
2026-02-04,reverse,-1,391823,2026-02-04 11:17:00,25775.0,25810.0,35.0,391862,2026-02-04 11:56:00,25810.0,stop,-35.0,-3413.17472185
2026-02-05,first,-1,392159,2026-02-05 10:38:00,25724.8,25748.6,23.799999999999272,392193,2026-02-05 11:12:00,25748.6,stop,-23.799999999999272,-2684.2856589739526
2026-02-05,reverse,1,392193,2026-02-05 11:12:00,25748.6,25724.8,23.799999999999272,392201,2026-02-05 11:20:00,25724.2,stop,-24.399999999997817,-2723.277016807858
2026-02-06,first,1,392756,2026-02-06 14:20:00,25695.0,25662.0,33.0,392821,2026-02-06 15:25:00,25731.0,eod,36.0,1202.76995214
2026-02-12,first,-1,393959,2026-02-12 09:23:00,25898.6,25921.9,23.30000000000291,393992,2026-02-12 09:56:00,25921.9,stop,-23.30000000000291,-2654.757542005189
2026-02-12,reverse,1,393992,2026-02-12 09:56:00,25921.9,25898.6,23.30000000000291,394063,2026-02-12 11:07:00,25898.6,stop,-23.30000000000291,-2654.757542005189
2026-02-16,first,-1,394905,2026-02-16 12:39:00,25607.8,25617.8,10.0,394954,2026-02-16 13:28:00,25617.8,stop,-10.0,-1785.246804416
2026-02-16,reverse,1,394954,2026-02-16 13:28:00,25617.8,25607.8,10.0,394957,2026-02-16 13:31:00,25607.8,stop,-10.0,-1785.246804416
2026-02-17,first,1,395103,2026-02-17 09:42:00,25630.4,25615.0,15.400000000001455,395105,2026-02-17 09:44:00,25661.200000000004,target,30.80000000000291,865.9499773241891
2026-02-18,first,1,395474,2026-02-18 09:38:00,25755.0,25721.7,33.29999999999927,395489,2026-02-18 09:53:00,25721.7,stop,-33.29999999999927,-3301.7583108869526
2026-02-18,reverse,-1,395489,2026-02-18 09:53:00,25721.7,25755.0,33.29999999999927,395677,2026-02-18 13:01:00,25755.0,stop,-33.29999999999927,-3301.7583108869526
2026-02-19,first,1,395875,2026-02-19 10:04:00,25799.0,25776.2,22.799999999999272,395882,2026-02-19 10:11:00,25776.2,stop,-22.799999999999272,-2620.1622664719525
2026-02-19,reverse,-1,395882,2026-02-19 10:11:00,25776.2,25799.0,22.799999999999272,395908,2026-02-19 10:37:00,25730.600000000002,target,45.599999999998545,1826.0226604519055
2026-02-20,first,1,396333,2026-02-20 11:27:00,25601.3,25581.2,20.099999999998545,396352,2026-02-20 11:46:00,25641.499999999996,target,40.19999999999709,1477.312403491811
2026-02-23,first,1,396578,2026-02-23 09:17:00,25698.8,25635.8,63.0,396730,2026-02-23 11:49:00,25635.8,stop,-63.0,-5230.869097906
2026-02-23,reverse,-1,396730,2026-02-23 11:49:00,25635.8,25698.8,63.0,396891,2026-02-23 14:30:00,25698.8,stop,-63.0,-5230.869097906
2026-02-25,first,1,397331,2026-02-25 09:20:00,25719.0,25423.0,296.0,397696,2026-02-25 15:25:00,25626.6,eod,-92.40000000000146,-7141.791197616095
2026-02-26,first,1,397721,2026-02-26 09:35:00,25672.6,25639.0,33.599999999998545,397807,2026-02-26 11:01:00,25639.0,stop,-33.599999999998545,-3319.8443548759055
2026-02-26,reverse,-1,397807,2026-02-26 11:01:00,25639.0,25672.6,33.599999999998545,397820,2026-02-26 11:14:00,25672.6,stop,-33.599999999998545,-3319.8443548759055
2026-03-05,first,-1,399547,2026-03-05 15:01:00,24913.9,24960.0,46.099999999998545,399558,2026-03-05 15:12:00,24821.700000000004,target,92.19999999999709,4869.900204483811
2026-03-10,first,1,400403,2026-03-10 10:32:00,24270.0,24240.4,29.599999999998545,400446,2026-03-10 11:15:00,24329.199999999997,target,59.19999999999709,2734.813576887811
2026-03-17,first,1,402478,2026-03-17 13:52:00,23580.0,23566.5,13.5,402481,2026-03-17 13:55:00,23566.5,stop,-13.5,-1977.835298865
2026-03-17,reverse,-1,402481,2026-03-17 13:55:00,23566.5,23580.0,13.5,402487,2026-03-17 14:01:00,23580.0,stop,-13.5,-1977.835298865
2026-03-18,first,1,402577,2026-03-18 09:16:00,23719.8,23612.0,107.79999999999927,402946,2026-03-18 15:25:00,23765.8,eod,46.0,1886.416096984
2026-03-20,first,-1,403355,2026-03-20 09:44:00,23261.0,23349.0,88.0,403452,2026-03-20 11:21:00,23349.0,stop,-88.0,-6815.3104621
2026-03-20,reverse,1,403452,2026-03-20 11:21:00,23349.0,23261.0,88.0,403487,2026-03-20 11:56:00,23261.0,stop,-88.0,-6815.3104621
2026-03-24,first,-1,404098,2026-03-24 09:37:00,22796.0,22833.9,37.900000000001455,404106,2026-03-24 09:45:00,22720.199999999997,target,75.80000000000291,3840.087246518189
2026-03-25,first,-1,404814,2026-03-25 15:18:00,23287.0,23309.0,22.0,404821,2026-03-25 15:25:00,23286.3,eod,0.7000000000007276,-1050.0154396129528
2026-04-01,first,-1,405729,2026-04-01 11:48:00,22864.0,22937.8,73.79999999999927,405744,2026-04-01 12:03:00,22937.8,stop,-73.79999999999927,-5885.480504497953
2026-04-01,reverse,1,405744,2026-04-01 12:03:00,22937.8,22864.0,73.79999999999927,405833,2026-04-01 13:32:00,22864.0,stop,-73.79999999999927,-5885.480504497953
2026-04-02,first,1,406214,2026-04-02 13:38:00,22607.0,22547.1,59.900000000001455,406251,2026-04-02 14:15:00,22726.800000000003,target,119.80000000000291,6701.390024982189
2026-04-06,first,1,406346,2026-04-06 09:35:00,22778.0,22660.1,117.90000000000146,406361,2026-04-06 09:50:00,22660.1,stop,-117.90000000000146,-8748.611571541094
2026-04-06,reverse,-1,406361,2026-04-06 09:50:00,22660.1,22778.0,117.90000000000146,406487,2026-04-06 11:56:00,22778.0,stop,-117.90000000000146,-8748.611571541094
2026-04-07,first,-1,406802,2026-04-07 10:56:00,22922.0,22965.9,43.900000000001455,406827,2026-04-07 11:21:00,22965.9,stop,-43.900000000001455,-3942.8918853190944
2026-04-07,reverse,1,406827,2026-04-07 11:21:00,22965.9,22922.0,43.900000000001455,406958,2026-04-07 13:32:00,23053.700000000004,target,87.80000000000291,4615.711159244189
2026-04-09,first,1,407507,2026-04-09 10:11:00,23919.1,23871.0,48.099999999998545,407577,2026-04-09 11:21:00,23871.0,stop,-48.099999999998545,-4232.137992260906
2026-04-09,reverse,-1,407577,2026-04-09 11:21:00,23871.0,23919.1,48.099999999998545,407586,2026-04-09 11:30:00,23919.1,stop,-48.099999999998545,-4232.137992260906
2026-04-13,first,1,408345,2026-04-13 11:39:00,23799.9,23761.3,38.60000000000218,408396,2026-04-13 12:30:00,23877.100000000006,target,77.20000000000437,3912.5964160302838
2026-04-15,first,1,408719,2026-04-15 11:38:00,24234.3,24212.0,22.299999999999272,408825,2026-04-15 13:24:00,24212.0,stop,-22.299999999999272,-2560.9018011429525
2026-04-15,reverse,-1,408825,2026-04-15 13:24:00,24212.0,24234.3,22.299999999999272,408833,2026-04-15 13:32:00,24234.3,stop,-22.299999999999272,-2560.9018011429525
2026-04-16,first,1,408953,2026-04-16 09:17:00,24359.3,24220.0,139.29999999999927,409104,2026-04-16 11:48:00,24220.0,stop,-139.29999999999927,-10166.354981272953
2026-04-16,reverse,-1,409104,2026-04-16 11:48:00,24220.0,24359.3,139.29999999999927,409321,2026-04-16 15:25:00,24194.5,eod,25.5,546.0905736550001
2026-04-17,first,1,409361,2026-04-17 09:50:00,24220.0,24175.7,44.29999999999927,409399,2026-04-17 10:28:00,24308.6,target,88.59999999999854,4646.245471753906
2026-04-20,first,1,409749,2026-04-20 10:03:00,24365.0,24315.0,50.0,409830,2026-04-20 11:24:00,24465.0,target,100.0,5384.6007237
2026-04-22,first,-1,410565,2026-04-22 11:09:00,24401.6,24425.0,23.400000000001455,410578,2026-04-22 11:22:00,24425.0,stop,-23.400000000001455,-2635.6483040260946
2026-04-22,reverse,1,410578,2026-04-22 11:22:00,24425.0,24401.6,23.400000000001455,410601,2026-04-22 11:45:00,24401.6,stop,-23.400000000001455,-2635.6483040260946
2026-04-23,first,-1,410872,2026-04-23 10:01:00,24251.4,24276.0,24.599999999998545,410874,2026-04-23 10:03:00,24276.0,stop,-24.599999999998545,-2711.082043913905
2026-04-23,reverse,1,410874,2026-04-23 10:03:00,24276.0,24251.4,24.599999999998545,410881,2026-04-23 10:10:00,24251.4,stop,-24.599999999998545,-2711.082043913905
2026-04-24,first,-1,411207,2026-04-24 09:21:00,24113.8,24155.0,41.20000000000073,411221,2026-04-24 09:35:00,24031.399999999998,target,82.40000000000146,4246.561195828094
2026-04-27,first,1,411609,2026-04-27 09:48:00,24102.2,24031.0,71.20000000000073,411654,2026-04-27 10:33:00,24031.0,stop,-71.20000000000073,-5736.437600852048
2026-04-27,reverse,-1,411654,2026-04-27 10:33:00,24031.0,24102.2,71.20000000000073,411674,2026-04-27 10:53:00,24102.2,stop,-71.20000000000073,-5736.437600852048
2026-04-28,first,-1,412033,2026-04-28 10:37:00,24130.0,24165.0,35.0,412050,2026-04-28 10:54:00,24165.0,stop,-35.0,-3385.03334495
2026-04-28,reverse,1,412050,2026-04-28 10:54:00,24165.0,24130.0,35.0,412068,2026-04-28 11:12:00,24130.0,stop,-35.0,-3385.03334495
2026-05-29,first,-1,412355,2026-05-29 09:44:00,23961.0,24025.0,64.0,412376,2026-05-29 10:05:00,24025.0,stop,-64.0,-5267.22062946
2026-05-29,reverse,1,412376,2026-05-29 10:05:00,24025.0,23961.0,64.0,412503,2026-05-29 12:12:00,23961.0,stop,-64.0,-5267.22062946
2026-06-02,first,1,413370,2026-06-02 14:09:00,23635.0,23621.1,13.900000000001455,413377,2026-06-02 14:16:00,23621.1,stop,-13.900000000001455,-2004.7704345210946
2026-06-02,reverse,-1,413377,2026-06-02 14:16:00,23621.1,23635.0,13.900000000001455,413384,2026-06-02 14:23:00,23635.0,stop,-13.900000000001455,-2004.7704345210946
2026-06-03,first,-1,413665,2026-06-03 12:49:00,23379.2,23437.0,57.79999999999927,413702,2026-06-03 13:26:00,23437.0,stop,-57.79999999999927,-4854.250886481953
2026-06-03,reverse,1,413702,2026-06-03 13:26:00,23437.0,23379.2,57.79999999999927,413759,2026-06-03 14:23:00,23552.6,target,115.59999999999854,6414.2515275439055
2026-06-04,first,1,413848,2026-06-04 09:37:00,23434.0,23388.1,45.900000000001455,413851,2026-06-04 09:40:00,23388.1,stop,-45.900000000001455,-4080.870967781095
2026-06-04,reverse,-1,413851,2026-06-04 09:40:00,23388.1,23434.0,45.900000000001455,413856,2026-06-04 09:45:00,23434.0,stop,-45.900000000001455,-4080.870967781095
2026-06-05,first,1,414217,2026-06-05 09:31:00,23545.9,23501.2,44.70000000000073,414247,2026-06-05 10:01:00,23501.2,stop,-44.70000000000073,-4004.8025500310473
2026-06-05,reverse,-1,414247,2026-06-05 10:01:00,23501.2,23545.9,44.70000000000073,414249,2026-06-05 10:03:00,23545.9,stop,-44.70000000000073,-4004.8025500310473
2026-06-08,first,1,414619,2026-06-08 09:58:00,23269.0,23200.0,69.0,414878,2026-06-08 14:17:00,23200.0,stop,-69.0,-5579.21555309
2026-06-08,reverse,-1,414878,2026-06-08 14:17:00,23200.0,23269.0,69.0,414946,2026-06-08 15:25:00,23151.8,eod,48.20000000000073,2039.1013100020473
2026-06-09,first,-1,415000,2026-06-09 10:04:00,23225.0,23256.7,31.700000000000728,415079,2026-06-09 11:23:00,23161.6,target,63.400000000001455,3026.7147243740947
2026-06-10,first,1,415329,2026-06-10 09:18:00,23362.2,23239.6,122.60000000000218,415684,2026-06-10 15:13:00,23239.5,stop,-122.70000000000073,-9070.536472137048
2026-06-10,reverse,-1,415684,2026-06-10 15:13:00,23239.5,23362.100000000002,122.60000000000218,415696,2026-06-10 15:25:00,23249.0,eod,-9.5,-1712.230423485
2026-06-11,first,1,415832,2026-06-11 11:26:00,23247.0,23221.0,26.0,415862,2026-06-11 11:56:00,23299.0,target,52.0,2284.41796894
2026-06-12,first,-1,416104,2026-06-12 09:43:00,23396.1,23439.0,42.900000000001455,416328,2026-06-12 13:27:00,23439.0,stop,-42.900000000001455,-3885.9997147110944
2026-06-12,reverse,1,416328,2026-06-12 13:27:00,23439.0,23396.1,42.900000000001455,416341,2026-06-12 13:40:00,23524.800000000003,target,85.80000000000291,4477.646540682189
2026-06-23,first,-1,418923,2026-06-23 12:57:00,23954.0,23974.0,20.0,418956,2026-06-23 13:30:00,23914.0,target,40.0,1493.18029652
2026-06-24,first,-1,419106,2026-06-24 09:45:00,23857.6,23897.9,40.30000000000291,419123,2026-06-24 10:02:00,23897.9,stop,-40.30000000000291,-3724.887667355189
2026-06-24,reverse,1,419123,2026-06-24 10:02:00,23897.9,23857.6,40.30000000000291,419148,2026-06-24 10:27:00,23978.500000000007,target,80.60000000000582,4131.870936196378
2026-06-25,first,-1,419779,2026-06-25 14:43:00,24086.0,24138.0,52.0,419821,2026-06-25 15:25:00,24100.5,eod,-14.5,-2051.725203265
2026-06-29,first,-1,419842,2026-06-29 09:31:00,24060.0,24092.4,32.400000000001455,419852,2026-06-29 09:41:00,24092.4,stop,-32.400000000001455,-3214.8288101640946
2026-06-29,reverse,1,419852,2026-06-29 09:41:00,24092.4,24060.0,32.400000000001455,419963,2026-06-29 11:32:00,24060.0,stop,-32.400000000001455,-3214.8288101640946
2026-06-30,first,-1,420370,2026-06-30 12:04:00,23941.1,23967.0,25.900000000001455,420406,2026-06-30 12:40:00,23967.0,stop,-25.900000000001455,-2790.277188241095
2026-06-30,reverse,1,420406,2026-06-30 12:40:00,23967.0,23941.1,25.900000000001455,420433,2026-06-30 13:07:00,23941.1,stop,-25.900000000001455,-2790.277188241095
2026-07-08,first,-1,422461,2026-07-08 09:25:00,24271.6,24320.0,48.400000000001455,422538,2026-07-08 10:42:00,24320.0,stop,-48.400000000001455,-4258.491955676094
2026-07-08,reverse,1,422538,2026-07-08 10:42:00,24320.0,24271.6,48.400000000001455,422612,2026-07-08 11:56:00,24271.6,stop,-48.400000000001455,-4258.491955676094
2026-07-09,first,1,422946,2026-07-09 11:15:00,24065.3,24045.0,20.299999999999272,422957,2026-07-09 11:26:00,24105.899999999998,target,40.599999999998545,1529.5833319679055
2026-07-10,first,1,423330,2026-07-10 11:24:00,24211.1,24200.0,11.099999999998545,423335,2026-07-10 11:29:00,24200.0,stop,-11.099999999998545,-1832.6662340709054
2026-07-10,reverse,-1,423335,2026-07-10 11:29:00,24200.0,24211.1,11.099999999998545,423353,2026-07-10 11:47:00,24211.1,stop,-11.099999999998545,-1832.6662340709054
2026-07-13,first,1,423620,2026-07-13 09:59:00,24139.0,24115.0,24.0,423628,2026-07-13 10:07:00,24115.0,stop,-24.0,-2669.74699694
2026-07-13,reverse,-1,423628,2026-07-13 10:07:00,24115.0,24139.0,24.0,423648,2026-07-13 10:27:00,24139.0,stop,-24.0,-2669.74699694
2026-07-14,first,-1,423977,2026-07-14 09:41:00,24078.0,24147.0,69.0,424321,2026-07-14 15:25:00,24019.9,eod,58.099999999998545,2667.6079365809055
2026-07-15,first,-1,424530,2026-07-15 12:39:00,24136.2,24165.0,28.799999999999272,424535,2026-07-15 12:44:00,24165.0,stop,-28.799999999999272,-2982.122647331953
2026-07-15,reverse,1,424535,2026-07-15 12:44:00,24165.0,24136.2,28.799999999999272,424544,2026-07-15 12:53:00,24136.2,stop,-28.799999999999272,-2982.122647331953
2026-07-16,first,-1,424722,2026-07-16 09:36:00,24123.3,24167.1,43.79999999999927,424793,2026-07-16 10:47:00,24167.3,stop,-44.0,-3969.943059066
2026-07-16,reverse,1,424793,2026-07-16 10:47:00,24167.3,24123.5,43.79999999999927,424951,2026-07-16 13:25:00,24123.5,stop,-43.79999999999927,-3956.9459397879527
2026-07-17,first,1,425216,2026-07-17 11:35:00,24235.0,24207.3,27.700000000000728,425348,2026-07-17 13:47:00,24207.3,stop,-27.700000000000728,-2911.8359967030474
2026-07-17,reverse,-1,425348,2026-07-17 13:47:00,24207.3,24235.0,27.700000000000728,425372,2026-07-17 14:11:00,24235.0,stop,-27.700000000000728,-2911.8359967030474
2026-07-20,first,-1,425571,2026-07-20 11:15:00,24190.7,24210.0,19.299999999999272,425620,2026-07-20 12:04:00,24152.100000000002,target,38.599999999998545,1398.1272324919055
2026-07-21,first,-1,425893,2026-07-21 10:22:00,24190.1,24216.5,26.400000000001455,426052,2026-07-21 13:01:00,24137.299999999996,target,52.80000000000291,2321.175888086189
2026-07-27,first,1,427349,2026-07-27 09:38:00,23968.4,23945.0,23.400000000001455,427365,2026-07-27 09:54:00,23945.0,stop,-23.400000000001455,-2627.8371473740945
2026-07-27,reverse,-1,427365,2026-07-27 09:54:00,23945.0,23968.4,23.400000000001455,427456,2026-07-27 11:25:00,23968.4,stop,-23.400000000001455,-2627.8371473740945
2026-07-28,first,1,427724,2026-07-28 09:38:00,24021.0,23990.1,30.900000000001455,427748,2026-07-28 10:02:00,23990.1,stop,-30.900000000001455,-3116.1289600710948
2026-07-28,reverse,-1,427748,2026-07-28 10:02:00,23990.1,24021.0,30.900000000001455,427790,2026-07-28 10:44:00,24021.0,stop,-30.900000000001455,-3116.1289600710948
2026-07-30,first,-1,428609,2026-07-30 11:53:00,24296.1,24310.1,14.0,428619,2026-07-30 12:03:00,24310.1,stop,-14.0,-2022.8180783819998
2026-07-30,reverse,1,428619,2026-07-30 12:03:00,24310.1,24296.1,14.0,428627,2026-07-30 12:11:00,24296.1,stop,-14.0,-2022.8180783819998
2026-08-04,first,-1,429749,2026-08-04 12:08:00,24555.4,24587.1,31.69999999999709,429760,2026-08-04 12:19:00,24587.1,stop,-31.69999999999709,-3177.8018344248107
2026-08-04,reverse,1,429760,2026-08-04 12:19:00,24587.1,24555.4,31.69999999999709,429776,2026-08-04 12:35:00,24555.4,stop,-31.69999999999709,-3177.8018344248107
2026-08-05,first,-1,430139,2026-08-05 12:23:00,24640.1,24660.0,19.900000000001455,430161,2026-08-05 12:45:00,24600.299999999996,target,39.80000000000291,1468.442492156189
2026-08-06,first,1,430584,2026-08-06 13:33:00,24720.0,24710.0,10.0,430594,2026-08-06 13:43:00,24710.0,stop,-10.0,-1769.8879423
2026-08-06,reverse,-1,430594,2026-08-06 13:43:00,24710.0,24720.0,10.0,430596,2026-08-06 13:45:00,24720.0,stop,-10.0,-1769.8879423
2026-08-07,first,1,430740,2026-08-07 09:54:00,24698.0,24676.0,22.0,430759,2026-08-07 10:13:00,24676.0,stop,-22.0,-2549.33874014
2026-08-07,reverse,-1,430759,2026-08-07 10:13:00,24676.0,24698.0,22.0,430809,2026-08-07 11:03:00,24632.0,target,44.0,1740.8396981199999
2026-08-10,first,1,431165,2026-08-10 10:44:00,24670.0,24656.2,13.799999999999272,431227,2026-08-10 11:46:00,24656.2,stop,-13.799999999999272,-2015.9778475819528
2026-08-10,reverse,-1,431227,2026-08-10 11:46:00,24656.2,24670.0,13.799999999999272,431228,2026-08-10 11:47:00,24670.0,stop,-13.799999999999272,-2015.9778475819528
2026-08-11,first,-1,431452,2026-08-11 09:16:00,24581.4,24672.6,91.19999999999709,431821,2026-08-11 15:25:00,24535.1,eod,46.30000000000291,1891.9642594351892
2026-08-12,first,1,431836,2026-08-12 09:25:00,24524.0,24480.0,44.0,431861,2026-08-12 09:50:00,24480.0,stop,-44.0,-3976.04520444
2026-08-12,reverse,-1,431861,2026-08-12 09:50:00,24480.0,24524.0,44.0,431929,2026-08-12 10:58:00,24392.0,target,88.0,4604.31167208
2026-08-13,first,1,432296,2026-08-13 10:50:00,24419.9,24400.0,19.900000000001455,432310,2026-08-13 11:04:00,24400.0,stop,-19.900000000001455,-2408.1114698390948
2026-08-13,reverse,-1,432310,2026-08-13 11:04:00,24400.0,24419.9,19.900000000001455,432337,2026-08-13 11:31:00,24419.9,stop,-19.900000000001455,-2408.1114698390948
2026-08-14,first,1,432629,2026-08-14 10:08:00,24417.2,24406.0,11.200000000000728,432636,2026-08-14 10:15:00,24406.0,stop,-11.200000000000728,-1842.6905917520473
2026-08-14,reverse,-1,432636,2026-08-14 10:15:00,24406.0,24417.2,11.200000000000728,432653,2026-08-14 10:32:00,24383.6,target,22.400000000001455,341.40024954409466
2026-08-18,first,-1,433328,2026-08-18 09:17:00,24279.9,24422.0,142.09999999999854,433696,2026-08-18 15:25:00,24229.0,eod,50.900000000001455,2196.1345228710948
2026-08-20,first,1,434096,2026-08-20 09:35:00,24265.0,24243.5,21.5,434287,2026-08-20 12:46:00,24308.0,target,43.0,1682.13245147
2026-08-21,first,1,434490,2026-08-21 09:54:00,24302.0,24282.0,20.0,434499,2026-08-21 10:03:00,24282.0,stop,-20.0,-2412.59308824
2026-08-21,reverse,-1,434499,2026-08-21 10:03:00,24282.0,24302.0,20.0,434525,2026-08-21 10:29:00,24302.0,stop,-20.0,-2412.59308824
2026-08-24,first,-1,434852,2026-08-24 09:41:00,24311.3,24324.0,12.700000000000728,434930,2026-08-24 10:59:00,24285.899999999998,target,25.400000000001455,538.0284141080946
2026-08-27,first,-1,435963,2026-08-27 09:27:00,24373.0,24411.2,38.20000000000073,436078,2026-08-27 11:22:00,24296.6,target,76.40000000000146,3852.1107827440946
2026-08-31,first,-1,436712,2026-08-31 09:26:00,24192.0,24220.0,28.0,436857,2026-08-31 11:51:00,24223.0,stop,-31.0,-3126.08317815
2026-08-31,reverse,1,436857,2026-08-31 11:51:00,24223.0,24195.0,28.0,436862,2026-08-31 11:56:00,24279.0,target,56.0,2527.66370778
2026-09-02,first,1,437769,2026-09-02 14:33:00,24047.0,24005.3,41.70000000000073,437791,2026-09-02 14:55:00,24005.3,stop,-41.70000000000073,-3818.418188803047
2026-09-02,reverse,-1,437791,2026-09-02 14:55:00,24005.3,24047.0,41.70000000000073,437821,2026-09-02 15:25:00,24000.4,eod,4.899999999997817,-789.2922005771419
2026-09-03,first,1,437827,2026-09-03 09:16:00,24124.0,23995.0,129.0,438196,2026-09-03 15:25:00,24003.8,eod,-120.20000000000073,-8921.104761358047
2026-09-04,first,1,438419,2026-09-04 12:53:00,24068.0,24056.0,12.0,438422,2026-09-04 12:56:00,24056.0,stop,-12.0,-1888.70522764
2026-09-04,reverse,-1,438422,2026-09-04 12:56:00,24056.0,24068.0,12.0,438436,2026-09-04 13:10:00,24068.0,stop,-12.0,-1888.70522764
