day,leg,side,entry_i,entry_time,entry_px,stop,R,exit_i,exit_time,exit_px,exit_reason,gross_pts,r_mult,net
2021-10-01,first,-1,200,2021-10-01 12:35:00,17458.0,17544.25,86.25,345,2021-10-01 15:00:00,17544.25,stop,-86.25,-1.0,-6602.2825331225
2021-10-01,reverse,1,345,2021-10-01 15:00:00,17544.25,17458.0,86.25,370,2021-10-01 15:25:00,17515.05,eod,-29.200000000000728,-0.3385507246376896,-2894.854259073047
2021-10-04,first,1,376,2021-10-04 09:16:00,17609.35,17448.0,161.34999999999854,745,2021-10-04 15:25:00,17710.0,eod,100.65000000000146,0.6237991942981244,5542.411752146594
2021-10-05,first,1,807,2021-10-05 10:12:00,17669.0,17642.25,26.75,957,2021-10-05 12:42:00,17722.5,target,53.5,2.0,2477.320436685
2021-10-06,first,1,1209,2021-10-06 10:39:00,17810.9,17631.0,179.90000000000146,1458,2021-10-06 14:48:00,17631.0,stop,-179.90000000000146,-1.0,-12692.745275259094
2021-10-06,reverse,-1,1458,2021-10-06 14:48:00,17631.0,17810.9,179.90000000000146,1495,2021-10-06 15:25:00,17615.65,eod,15.349999999998545,0.08532518065591117,-0.9673954065946191
2021-10-07,first,-1,1860,2021-10-07 15:15:00,17794.45,17884.0,89.54999999999927,1870,2021-10-07 15:25:00,17816.1,eod,-21.649999999997817,-0.24176437744274698,-2408.863604085358
2021-10-08,first,-1,2091,2021-10-08 12:51:00,17852.05,17940.0,87.95000000000073,2245,2021-10-08 15:25:00,17900.0,eod,-47.95000000000073,-0.5451961341671442,-4119.420084900547
2021-10-11,first,1,2275,2021-10-11 09:40:00,17932.6,17842.9,89.69999999999709,2620,2021-10-11 15:25:00,17971.0,eod,38.400000000001455,0.42809364548497997,1491.5284680040945
2021-10-12,first,-1,2849,2021-10-12 12:59:00,17906.25,18059.6,153.34999999999854,2995,2021-10-12 15:25:00,18006.25,eod,-100.0,-0.6521030322791063,-7503.738019125
2021-10-20,first,-1,4669,2021-10-20 12:04:00,18338.0,18543.25,205.25,4870,2021-10-20 15:25:00,18326.5,eod,11.5,0.05602923264311815,-263.32260884500005
2021-10-21,first,1,4909,2021-10-21 09:49:00,18308.0,18251.15,56.849999999998545,4936,2021-10-21 10:16:00,18251.15,stop,-56.849999999998545,-1.0,-4704.771638531405
2021-10-21,reverse,-1,4936,2021-10-21 10:16:00,18251.15,18308.0,56.849999999998545,4996,2021-10-21 11:16:00,18137.450000000004,target,113.69999999999709,2.0,6381.43946215381
2021-10-22,first,1,5408,2021-10-22 11:53:00,18215.95,18077.5,138.45000000000073,5560,2021-10-22 14:25:00,18077.5,stop,-138.45000000000073,-1.0,-10006.021584354547
2021-10-22,reverse,-1,5560,2021-10-22 14:25:00,18077.5,18215.95,138.45000000000073,5620,2021-10-22 15:25:00,18147.0,eod,-69.5,-0.5019862766341613,-5524.085170445
2021-10-25,first,-1,5628,2021-10-25 09:18:00,18108.5,18318.0,209.5,5995,2021-10-25 15:25:00,18148.05,eod,-39.54999999999927,-0.18878281622911347,-3577.784521145453
2021-10-26,first,-1,6203,2021-10-26 12:38:00,18152.75,18285.0,132.25,6353,2021-10-26 15:08:00,18285.0,stop,-132.25,-1.0,-9604.2921402775
2021-10-26,reverse,1,6353,2021-10-26 15:08:00,18285.0,18152.75,132.25,6370,2021-10-26 15:25:00,18336.0,eod,51.0,0.3856332703213611,2304.31839819
2021-10-27,first,-1,6742,2021-10-27 15:22:00,18196.35,18344.9,148.5500000000029,6745,2021-10-27 15:25:00,18188.65,eod,7.69999999999709,0.051834399192170574,-507.9096448501892
2021-10-29,first,-1,7243,2021-10-29 11:13:00,17868.0,18344.9,476.90000000000146,7495,2021-10-29 15:25:00,17744.3,eod,123.70000000000073,0.25938351855735026,7038.021129597048
2021-11-01,first,1,7614,2021-11-01 11:09:00,17797.0,17659.25,137.75,7870,2021-11-01 15:25:00,18022.0,eod,225.0,1.633393829401089,13620.16049341
2021-11-02,first,1,7991,2021-11-02 11:11:00,17957.4,17659.25,298.15000000000146,8245,2021-11-02 15:25:00,17921.25,eod,-36.150000000001455,-0.12124769411370545,-3353.5720019265946
2021-11-03,first,-1,8543,2021-11-03 14:08:00,17882.0,18019.8,137.79999999999927,8620,2021-11-03 15:25:00,17845.0,eod,37.0,0.26850507982583594,1402.04722553
2021-11-08,first,-1,8673,2021-11-08 10:03:00,17875.4,18019.8,144.39999999999782,8795,2021-11-08 12:05:00,18019.8,stop,-144.39999999999782,-1.0,-10389.330301671858
2021-11-08,reverse,1,8795,2021-11-08 12:05:00,18019.8,17875.4,144.39999999999782,8995,2021-11-08 15:25:00,18131.65,eod,111.85000000000218,0.7745844875346528,6263.228773265642
2021-11-09,first,-1,9173,2021-11-09 12:08:00,18068.4,18153.0,84.59999999999854,9370,2021-11-09 15:25:00,18075.0,eod,-6.599999999998545,-0.07801418439714726,-1435.2594376739053
2021-11-10,first,-1,9377,2021-11-10 09:17:00,17945.0,18099.65,154.65000000000146,9745,2021-11-10 15:25:00,18019.75,eod,-74.75,-0.483349498868408,-5863.0826577475
2021-11-12,first,1,10137,2021-11-12 09:27:00,17979.3,17807.1,172.20000000000073,10495,2021-11-12 15:25:00,18137.1,eod,157.79999999999927,0.916376306620201,9250.009769795954
2021-11-15,first,-1,10650,2021-11-15 11:45:00,18110.35,18410.0,299.65000000000146,10870,2021-11-15 15:25:00,18134.15,eod,-23.80000000000291,-0.07942599699650524,-2554.0235876451893
2021-11-16,first,-1,11071,2021-11-16 12:31:00,18086.15,18170.4,84.25,11245,2021-11-16 15:25:00,17990.0,eod,96.15000000000146,1.1412462908012042,5243.464705098595
2021-11-17,first,-1,11286,2021-11-17 09:51:00,17958.05,18144.0,185.95000000000073,11620,2021-11-17 15:25:00,17903.75,eod,54.29999999999927,0.29201398225328884,2525.2929939019527
2021-11-18,first,-1,11672,2021-11-18 10:02:00,17844.2,18025.0,180.79999999999927,11995,2021-11-18 15:25:00,17780.1,eod,64.10000000000218,0.354535398230102,3164.267146277142
2021-11-23,first,1,12634,2021-11-23 13:34:00,17516.5,17250.0,266.5,12745,2021-11-23 15:25:00,17480.0,eod,-36.5,-0.13696060037523453,-3368.7743873649997
2021-11-24,first,-1,12805,2021-11-24 10:10:00,17514.25,17550.0,35.75,12816,2021-11-24 10:21:00,17550.0,stop,-35.75,-1.0,-3320.6082819425
2021-11-24,reverse,1,12816,2021-11-24 10:21:00,17550.0,17514.25,35.75,13050,2021-11-24 14:15:00,17514.25,stop,-35.75,-1.0,-3320.6082819425
2021-11-25,first,1,13244,2021-11-25 11:14:00,17463.7,17320.5,143.20000000000073,13495,2021-11-25 15:25:00,17534.75,eod,71.04999999999927,0.4961592178770874,3621.329765595453
2021-11-29,first,-1,14033,2021-11-29 11:53:00,17127.0,17558.0,431.0,14245,2021-11-29 15:25:00,17095.0,eod,32.0,0.07424593967517401,1089.94965858
2021-11-30,first,1,14509,2021-11-30 13:34:00,17153.05,17000.0,153.04999999999927,14620,2021-11-30 15:25:00,17014.25,eod,-138.79999999999927,-0.9068931721659584,-10010.583278952952
2021-12-01,first,1,14695,2021-12-01 10:25:00,17176.8,17002.65,174.14999999999782,14995,2021-12-01 15:25:00,17224.65,eod,47.85000000000218,0.2747631352282675,2118.571990765642
2021-12-03,first,-1,15671,2021-12-03 14:11:00,17281.75,17444.45,162.70000000000073,15745,2021-12-03 15:25:00,17245.35,eod,36.400000000001455,0.2237246465888217,1373.3142121690946
2021-12-06,first,-1,15752,2021-12-06 09:17:00,17168.25,17444.45,276.2000000000007,16120,2021-12-06 15:25:00,16955.05,eod,213.20000000000073,0.7719044170890665,12867.733879887048
2021-12-13,first,-1,17902,2021-12-13 13:52:00,17442.85,17688.0,245.15000000000146,17995,2021-12-13 15:25:00,17457.65,eod,-14.80000000000291,-0.060371201305334785,-1957.580185805189
2021-12-14,first,-1,18047,2021-12-14 10:02:00,17353.45,17688.0,334.5499999999993,18370,2021-12-14 15:25:00,17346.5,eod,6.950000000000728,0.020774174263938853,-542.2419968194527
2021-12-15,first,-1,18383,2021-12-15 09:23:00,17320.2,17424.0,103.79999999999927,18745,2021-12-15 15:25:00,17258.0,eod,62.20000000000073,0.59922928709057,3049.7261926980473
2021-12-16,first,-1,18768,2021-12-16 09:33:00,17320.0,17354.25,34.25,18922,2021-12-16 12:07:00,17251.5,target,68.5,2.0,3459.246646885
2021-12-21,first,1,19915,2021-12-21 09:55:00,16840.0,16431.3,408.7000000000007,20245,2021-12-21 15:25:00,16807.0,eod,-33.0,-0.08074382187423523,-3129.75176567
2021-12-22,first,1,20350,2021-12-22 10:55:00,16882.8,16708.5,174.29999999999927,20620,2021-12-22 15:25:00,16976.5,eod,93.70000000000073,0.5375788869764837,5103.191107927048
2021-12-24,first,-1,21048,2021-12-24 10:03:00,16966.0,17150.0,184.0,21370,2021-12-24 15:25:00,17003.25,eod,-37.25,-0.20244565217391305,-3408.7333039925
2021-12-27,first,1,21425,2021-12-27 10:05:00,16984.95,16920.0,64.95000000000073,21710,2021-12-27 14:50:00,17114.850000000002,target,129.90000000000146,2.0,7453.922194722095
2022-01-20,first,-1,28214,2022-01-20 10:44:00,17860.0,18333.7,473.7000000000007,28495,2022-01-20 15:25:00,17822.45,eod,37.54999999999927,0.07926957990289046,1438.1750713554527
2022-01-21,first,-1,28564,2022-01-21 10:19:00,17619.5,17824.9,205.40000000000146,28870,2022-01-21 15:25:00,17647.65,eod,-28.150000000001455,-0.13704965920156406,-2828.3882694115946
2022-01-24,first,1,28911,2022-01-24 09:51:00,17513.4,17502.5,10.900000000001455,28912,2022-01-24 09:52:00,17502.5,stop,-10.900000000001455,-1.0,-1705.0900873990945
2022-01-24,reverse,-1,28912,2022-01-24 09:52:00,17502.5,17513.4,10.900000000001455,28913,2022-01-24 09:53:00,17480.699999999997,target,21.80000000000291,2.0,420.49832064818924
2022-01-25,first,1,29556,2022-01-25 14:21:00,17236.4,16851.15,385.25,29620,2022-01-25 15:25:00,17278.0,eod,41.599999999998545,0.10798182998052834,1711.3924230159055
2022-01-27,first,-1,29766,2022-01-27 11:36:00,16908.15,17309.0,400.84999999999854,29858,2022-01-27 13:08:00,16968.0,eod,-59.849999999998545,-0.14930772109267498,-4876.804752901406
2022-02-01,first,-1,30848,2022-02-01 13:14:00,17268.0,17634.0,366.0,30979,2022-02-01 15:25:00,17602.7,eod,-334.7000000000007,-0.9144808743169419,-22748.95387322705
2022-02-03,first,-1,31521,2022-02-03 11:57:00,17650.35,17809.8,159.45000000000073,31729,2022-02-03 15:25:00,17517.5,eod,132.84999999999854,0.8331765443712633,7636.519254061405
2022-02-04,first,-1,31791,2022-02-04 10:12:00,17546.4,17809.8,263.3999999999978,32104,2022-02-04 15:25:00,17516.25,eod,30.150000000001455,0.1144646924829222,962.5198888335947
2022-02-08,first,1,32687,2022-02-08 12:38:00,17260.05,17048.2,211.84999999999854,32854,2022-02-08 15:25:00,17256.0,eod,-4.049999999999272,-0.01911729997639509,-1255.6046379404527
2022-02-09,first,1,32860,2022-02-09 09:16:00,17376.0,17131.55,244.45000000000073,33229,2022-02-09 15:25:00,17485.6,eod,109.59999999999854,0.448353446512572,6128.024809623906
2022-02-10,first,1,33288,2022-02-10 10:09:00,17523.8,17131.55,392.25,33604,2022-02-10 15:25:00,17603.0,eod,79.20000000000073,0.2019120458891032,4149.934232252047
2022-02-11,first,-1,33618,2022-02-11 09:24:00,17397.15,17650.0,252.84999999999854,33979,2022-02-11 15:25:00,17339.75,eod,57.400000000001455,0.22701206248764796,2736.3968147910946
2022-02-15,first,1,34504,2022-02-15 11:40:00,17008.0,16801.0,207.0,34729,2022-02-15 15:25:00,17364.65,eod,356.65000000000146,1.7229468599033886,22189.011854733595
2022-02-17,first,-1,35131,2022-02-17 09:37:00,17300.4,17495.0,194.59999999999854,35479,2022-02-17 15:25:00,17273.8,eod,26.600000000002183,0.13669064748202664,735.9686671381419
2022-02-18,first,-1,35513,2022-02-18 09:44:00,17261.0,17423.85,162.84999999999854,35854,2022-02-18 15:25:00,17280.0,eod,-19.0,-0.11667178385016991,-2227.48059301
2022-02-21,first,-1,35866,2022-02-21 09:22:00,17144.95,17388.0,243.04999999999927,36229,2022-02-21 15:25:00,17206.9,eod,-61.95000000000073,-0.25488582596174003,-5017.361420178548
2022-02-22,first,-1,36257,2022-02-22 09:38:00,16871.9,17354.0,482.09999999999854,36604,2022-02-22 15:25:00,17056.8,eod,-184.89999999999782,-0.38353038788632726,-13004.772702606859
2022-02-23,first,-1,36961,2022-02-23 15:07:00,17085.05,17193.8,108.75,36979,2022-02-23 15:25:00,17071.45,eod,13.599999999998545,0.12505747126435443,-105.38243996509459
2022-02-25,first,-1,37395,2022-02-25 10:06:00,16624.65,17193.8,569.1499999999978,37714,2022-02-25 15:25:00,16648.75,eod,-24.099999999998545,-0.0423438460862666,-2548.1082019739056
2022-03-02,first,-1,38177,2022-03-02 10:38:00,16571.8,16825.0,253.20000000000073,38464,2022-03-02 15:25:00,16646.05,eod,-74.25,-0.2932464454976295,-5807.0896714385
2022-03-03,first,-1,38754,2022-03-03 14:00:00,16540.1,16668.0,127.90000000000146,38839,2022-03-03 15:25:00,16519.2,eod,20.899999999997817,0.16340891321342907,378.45987592685805
2022-03-04,first,-1,38848,2022-03-04 09:19:00,16253.5,16668.0,414.5,39214,2022-03-04 15:25:00,16262.25,eod,-8.75,-0.021109770808202654,-1543.9673568575
2022-03-08,first,-1,39791,2022-03-08 12:32:00,15759.0,15922.7,163.70000000000073,39888,2022-03-08 14:09:00,15922.7,stop,-163.70000000000073,-1.0,-11607.676760937047
2022-03-08,reverse,1,39888,2022-03-08 14:09:00,15922.7,15759.0,163.70000000000073,39964,2022-03-08 15:25:00,16000.1,eod,77.39999999999964,0.4728161270616939,4060.3505286919763
2022-04-18,first,-1,48269,2022-04-18 10:05:00,17211.2,17570.4,359.2000000000007,48589,2022-04-18 15:25:00,17245.5,eod,-34.29999999999927,-0.09548997772828285,-3221.170018686953
2022-04-19,first,1,48610,2022-04-19 09:31:00,17261.4,17109.95,151.45000000000073,48941,2022-04-19 15:02:00,17109.95,stop,-151.45000000000073,-1.0,-10834.504640573547
2022-04-19,reverse,-1,48941,2022-04-19 15:02:00,17109.95,17261.4,151.45000000000073,48964,2022-04-19 15:25:00,16889.15,eod,220.79999999999927,1.457906899966974,13362.751778248952
2022-04-20,first,1,49081,2022-04-20 11:07:00,17140.0,16843.3,296.7000000000007,49339,2022-04-20 15:25:00,17172.0,eod,32.0,0.10785305021907625,1089.17983368
2022-04-22,first,1,49756,2022-04-22 09:52:00,17247.0,17079.0,168.0,50089,2022-04-22 15:25:00,17173.05,eod,-73.95000000000073,-0.44017857142857575,-5797.874576380547
2022-04-26,first,1,50594,2022-04-26 11:20:00,17166.4,16875.0,291.40000000000146,50839,2022-04-26 15:25:00,17214.9,eod,48.5,0.16643788606726068,2160.990543507
2022-04-27,first,1,50857,2022-04-27 09:28:00,17098.95,17068.2,30.75,50865,2022-04-27 09:36:00,17068.2,stop,-30.75,-1.0,-2987.9640884115
2022-04-27,reverse,-1,50865,2022-04-27 09:36:00,17068.2,17098.95,30.75,51056,2022-04-27 12:47:00,17006.7,target,61.5,2.0,3008.535319611
2022-04-28,first,1,51247,2022-04-28 09:43:00,17115.0,16957.85,157.15000000000146,51330,2022-04-28 11:06:00,17106.0,eod,-9.0,-0.05727012408526832,-1574.80193781
2022-05-02,first,-1,51687,2022-05-02 10:53:00,16993.15,17399.0,405.84999999999854,51959,2022-05-02 15:25:00,17075.5,eod,-82.34999999999854,-0.20290747813231202,-6340.819697826406
2022-05-04,first,-1,52013,2022-05-04 10:04:00,17042.6,17058.0,15.400000000001455,52032,2022-05-04 10:23:00,17011.799999999996,target,30.80000000000291,2.0,1013.3902636161893
2022-05-05,first,1,52493,2022-05-05 11:49:00,16904.15,16643.2,260.9500000000007,52709,2022-05-05 15:25:00,16685.0,eod,-219.15000000000146,-0.8398160567158491,-15227.917961831594
2022-05-10,first,1,53683,2022-05-10 12:54:00,16395.5,16211.3,184.20000000000073,53834,2022-05-10 15:25:00,16233.3,eod,-162.20000000000073,-0.88056460369164,-11518.286659968047
2022-05-11,first,-1,53864,2022-05-11 09:40:00,16232.65,16410.15,177.50000000000182,54209,2022-05-11 15:25:00,16194.2,eod,38.44999999999891,0.21661971830985077,1524.516939071429
2022-05-13,first,1,54600,2022-05-13 09:26:00,16011.15,15733.0,278.14999999999964,54959,2022-05-13 15:25:00,15780.45,eod,-230.6999999999989,-0.8294085924860658,-15963.224852675929
2022-05-16,first,1,55048,2022-05-16 10:39:00,15945.0,15744.1,200.89999999999964,55334,2022-05-16 15:25:00,15854.4,eod,-90.60000000000036,-0.45097063215530375,-6857.6111558340235
2022-05-19,first,-1,56092,2022-05-19 09:18:00,15907.45,16325.35,417.89999999999964,56459,2022-05-19 15:25:00,15794.35,eod,113.10000000000036,0.2706389088298647,6382.5320315020235
2022-05-20,first,1,56673,2022-05-20 12:44:00,16158.75,15740.0,418.75,56834,2022-05-20 15:25:00,16256.9,eod,98.14999999999964,0.23438805970149168,5404.763494503476
2022-05-23,first,1,56871,2022-05-23 09:47:00,16270.4,15740.0,530.3999999999996,57209,2022-05-23 15:25:00,16167.9,eod,-102.5,-0.19325037707390663,-7636.506442263
2022-05-24,first,-1,57228,2022-05-24 09:29:00,16161.1,16398.0,236.89999999999964,57584,2022-05-24 15:25:00,16108.2,eod,52.899999999999636,0.22330097087378523,2465.0300278269765
2022-05-25,first,1,57668,2022-05-25 10:34:00,16139.3,16034.05,105.25,57814,2022-05-25 13:00:00,16034.05,stop,-105.25,-1.0,-7812.9740757935
2022-05-25,reverse,-1,57814,2022-05-25 13:00:00,16034.05,16139.3,105.25,57959,2022-05-25 15:25:00,16020.0,eod,14.049999999999272,0.1334916864608007,-58.15153512054724
2022-05-26,first,-1,57988,2022-05-26 09:39:00,16049.2,16221.35,172.14999999999964,58073,2022-05-26 11:04:00,15912.45,eod,136.75,0.7943653790299174,7917.4210234435
2022-05-27,first,1,58159,2022-05-27 10:40:00,16283.7,15893.55,390.15000000000146,58444,2022-05-27 15:25:00,16331.15,eod,47.44999999999891,0.1216198897859765,2107.856210391429
2022-06-01,first,-1,58853,2022-06-01 09:53:00,16549.65,16674.0,124.34999999999854,59185,2022-06-01 15:25:00,16530.0,eod,19.650000000001455,0.15802171290713057,297.04312246359456
2022-06-02,first,1,59223,2022-06-02 09:48:00,16491.7,16425.1,66.60000000000218,59490,2022-06-02 14:15:00,16624.900000000005,target,133.20000000000437,2.0,7676.812799074283
2022-06-03,first,1,59772,2022-06-03 12:42:00,16722.0,16713.15,8.849999999998545,59779,2022-06-03 12:49:00,16713.15,stop,-8.849999999998545,-1.0,-1558.3309608914055
2022-06-03,reverse,-1,59779,2022-06-03 12:49:00,16713.15,16722.0,8.849999999998545,59780,2022-06-03 12:50:00,16722.0,stop,-8.849999999998545,-1.0,-1558.3309608914055
2022-06-06,first,-1,60162,2022-06-06 12:57:00,16569.35,16767.0,197.65000000000146,60310,2022-06-06 15:25:00,16583.0,eod,-13.650000000001455,-0.06906147229952621,-1867.8839199835945
2022-06-08,first,1,60768,2022-06-08 10:33:00,16425.0,16384.1,40.900000000001455,60775,2022-06-08 10:40:00,16506.800000000003,target,81.80000000000291,2.0,4337.694196202189
2022-06-09,first,-1,61181,2022-06-09 11:11:00,16366.0,16548.0,182.0,61435,2022-06-09 15:25:00,16478.1,eod,-112.09999999999854,-0.615934065934058,-8263.921337200905
2022-06-21,first,1,63919,2022-06-21 13:04:00,15668.3,15253.95,414.34999999999854,64060,2022-06-21 15:25:00,15629.65,eod,-38.649999999999636,-0.09327862917823042,-3476.8758555994764
2022-06-23,first,1,64449,2022-06-23 09:24:00,15487.9,15357.25,130.64999999999964,64810,2022-06-23 15:25:00,15583.0,eod,95.10000000000036,0.7278989667049417,5218.033804051023
2022-06-24,first,-1,65035,2022-06-24 12:55:00,15648.85,15748.0,99.14999999999964,65185,2022-06-24 15:25:00,15712.5,eod,-63.649999999999636,-0.641956631366615,-5102.271904473477
2022-06-27,first,-1,65340,2022-06-27 11:45:00,15838.95,15930.4,91.44999999999891,65560,2022-06-27 15:25:00,15838.9,eod,0.050000000001091394,0.0005467468562175176,-964.8517670384291
2022-06-28,first,1,65821,2022-06-28 13:31:00,15792.25,15712.35,79.89999999999964,65935,2022-06-28 15:25:00,15847.0,eod,54.75,0.6852315394242835,2590.6584073075
2022-06-29,first,-1,66025,2022-06-29 10:40:00,15746.0,15861.95,115.95000000000073,66310,2022-06-29 15:25:00,15767.95,eod,-21.950000000000728,-0.18930573523070798,-2393.321130359547
2022-06-30,first,-1,66372,2022-06-30 10:12:00,15821.2,15852.15,30.94999999999891,66432,2022-06-30 11:12:00,15759.300000000003,target,61.89999999999782,2.0,3055.8691043948584
2022-07-01,first,1,66873,2022-07-01 12:18:00,15636.95,15513.9,123.05000000000109,67060,2022-07-01 15:25:00,15785.55,eod,148.59999999999854,1.2076391710686487,8692.213379774905
2022-07-04,first,1,67155,2022-07-04 10:45:00,15700.05,15513.9,186.14999999999964,67435,2022-07-04 15:25:00,15839.8,eod,139.75,0.7507386516250351,8116.0113861415
2022-07-06,first,1,67879,2022-07-06 10:19:00,15865.35,15752.5,112.85000000000036,68185,2022-07-06 15:25:00,16001.9,eod,136.54999999999927,1.2100132919804947,7905.229654227453
2022-07-07,first,1,68496,2022-07-07 14:21:00,16083.95,15876.0,207.95000000000073,68560,2022-07-07 15:25:00,16149.0,eod,65.04999999999927,0.3128155806684253,3255.019874050453
2022-07-08,first,1,68895,2022-07-08 14:45:00,16187.0,16173.0,14.0,68913,2022-07-08 15:03:00,16215.0,target,28.0,2.0,845.54062878
2022-07-11,first,-1,69007,2022-07-11 10:22:00,16144.4,16240.0,95.60000000000036,69248,2022-07-11 14:23:00,16240.0,stop,-95.60000000000036,-1.0,-7187.585767684023
2022-07-11,reverse,1,69248,2022-07-11 14:23:00,16240.0,16144.4,95.60000000000036,69310,2022-07-11 15:25:00,16189.65,eod,-50.350000000000364,-0.5266736401673658,-4246.987531036523
2022-07-12,first,-1,69404,2022-07-12 10:44:00,16132.5,16253.2,120.70000000000073,69685,2022-07-12 15:25:00,16036.5,eod,96.0,0.7953603976801941,5267.13581991
2022-07-13,first,-1,69838,2022-07-13 11:43:00,16087.5,16142.45,54.95000000000073,69954,2022-07-13 13:39:00,15977.599999999999,target,109.90000000000146,2.0,6171.443224989094
2022-07-14,first,-1,70257,2022-07-14 12:27:00,15953.1,16079.0,125.89999999999964,70435,2022-07-14 15:25:00,15942.0,eod,11.100000000000364,0.08816521048451466,-248.52468131097635
2022-07-15,first,1,70539,2022-07-15 10:54:00,15980.0,15860.0,120.0,70810,2022-07-15 15:25:00,16079.9,eod,99.89999999999964,0.832499999999997,5521.546203760976
2022-07-27,first,-1,73454,2022-07-27 09:29:00,16441.0,16574.85,133.84999999999854,73658,2022-07-27 12:53:00,16574.85,stop,-133.84999999999854,-1.0,-9679.013182218405
2022-07-27,reverse,1,73658,2022-07-27 12:53:00,16574.85,16441.0,133.84999999999854,73810,2022-07-27 15:25:00,16656.45,eod,81.60000000000218,0.6096376540904226,4322.133560007142
2022-08-23,first,-1,79925,2022-08-23 11:05:00,17431.95,18004.7,572.75,80185,2022-08-23 15:25:00,17630.0,eod,-198.04999999999927,-0.3457878655608892,-13869.139153639453
2022-08-24,first,1,80238,2022-08-24 10:03:00,17556.6,17525.0,31.599999999998545,80306,2022-08-24 11:11:00,17619.799999999996,target,63.19999999999709,2.0,3109.603573195811
2022-08-25,first,1,80573,2022-08-25 09:23:00,17686.25,17520.0,166.25,80912,2022-08-25 15:02:00,17520.0,stop,-166.25,-1.0,-11803.5594695625
2022-08-25,reverse,-1,80912,2022-08-25 15:02:00,17520.0,17686.25,166.25,80935,2022-08-25 15:25:00,17519.25,eod,0.75,0.004511278195488722,-948.1079666925
2022-08-26,first,1,81063,2022-08-26 11:18:00,17688.4,17501.0,187.40000000000146,81310,2022-08-26 15:25:00,17675.25,eod,-13.150000000001455,-0.0701707577374672,-1854.3014427765945
2022-08-29,first,-1,81317,2022-08-29 09:17:00,17257.0,17765.0,508.0,81685,2022-08-29 15:25:00,17377.0,eod,-120.0,-0.23622047244094488,-8792.68522874
2022-09-01,first,-1,82260,2022-09-01 12:30:00,17614.5,17734.9,120.40000000000146,82435,2022-09-01 15:25:00,17605.0,eod,9.5,0.07890365448504888,-380.95094239499997
2022-09-02,first,1,82516,2022-09-02 10:31:00,17562.15,17482.0,80.15000000000146,82810,2022-09-02 15:25:00,17562.0,eod,-0.1500000000014552,-0.0018714909544785086,-1007.3289031815946
2022-09-05,first,1,82818,2022-09-05 09:18:00,17620.05,17491.35,128.70000000000073,83185,2022-09-05 15:25:00,17705.9,eod,85.85000000000218,0.6670551670551802,4580.441878320642
2022-09-06,first,-1,83514,2022-09-06 14:39:00,17687.9,17751.85,63.94999999999709,83560,2022-09-06 15:25:00,17677.35,eod,10.55000000000291,0.164972634871046,-313.95377355231085
2022-09-07,first,-1,83606,2022-09-07 09:56:00,17580.0,17751.85,171.84999999999854,83935,2022-09-07 15:25:00,17656.95,eod,-76.95000000000073,-0.4477742217049833,-5999.8444703895475
2022-09-08,first,1,84087,2022-09-08 11:42:00,17761.85,17611.45,150.39999999999782,84310,2022-09-08 15:25:00,17825.1,eod,63.25,0.42054521276596357,3109.3415961105
2022-09-09,first,-1,84506,2022-09-09 12:26:00,17843.45,17949.65,106.20000000000073,84685,2022-09-09 15:25:00,17859.45,eod,-16.0,-0.15065913370998013,-2042.436582469
2022-09-14,first,-1,85481,2022-09-14 09:56:00,17908.25,18123.35,215.09999999999854,85810,2022-09-14 15:25:00,18005.2,eod,-96.95000000000073,-0.45072059507206597,-7305.513987554547
2022-09-15,first,-1,85852,2022-09-15 09:52:00,18021.0,18110.0,89.0,86185,2022-09-15 15:25:00,17888.4,eod,132.59999999999854,1.489887640449422,7613.927787065905
2022-09-19,first,-1,86622,2022-09-19 10:12:00,17648.25,17969.25,321.0,86935,2022-09-19 15:25:00,17647.0,eod,1.25,0.003894080996884735,-917.8006158525001
2022-09-20,first,-1,87296,2022-09-20 15:11:00,17818.95,17943.1,124.14999999999782,87310,2022-09-20 15:25:00,17819.9,eod,-0.9500000000007276,-0.007652033830050297,-1063.7267662485474
2022-09-21,first,-1,87345,2022-09-21 09:45:00,17778.65,17943.1,164.4499999999971,87685,2022-09-21 15:25:00,17729.95,eod,48.70000000000073,0.2961386439647406,2164.3468889540472
2022-09-22,first,1,87731,2022-09-22 09:56:00,17702.05,17664.45,37.599999999998545,87745,2022-09-22 10:10:00,17664.45,stop,-37.599999999998545,-1.0,-3443.4327880649053
2022-09-22,reverse,-1,87745,2022-09-22 10:10:00,17664.45,17702.05,37.599999999998545,87818,2022-09-22 11:23:00,17589.250000000004,target,75.19999999999709,2.0,3888.8721791428106
2022-09-30,first,1,90156,2022-09-30 12:51:00,17120.15,16764.25,355.90000000000146,90310,2022-09-30 15:25:00,17123.0,eod,2.849999999998545,0.008007867378472979,-804.8107227715946
2022-10-03,first,-1,90470,2022-10-03 11:50:00,17029.45,17209.6,180.14999999999782,90685,2022-10-03 15:25:00,16890.75,eod,138.70000000000073,0.7699139605884119,8027.406943078047
2022-10-07,first,-1,91455,2022-10-07 09:30:00,17259.0,17444.0,185.0,91810,2022-10-07 15:25:00,17330.0,eod,-71.0,-0.3837837837837838,-5607.58696629
2022-10-10,first,-1,91922,2022-10-10 11:02:00,17083.7,17350.0,266.2999999999993,92185,2022-10-10 15:25:00,17227.55,eod,-143.84999999999854,-0.5401802478407771,-10340.035028612405
2022-10-11,first,-1,92334,2022-10-11 11:39:00,17152.65,17247.0,94.34999999999854,92553,2022-10-11 15:18:00,16963.950000000004,target,188.6999999999971,2.0,11275.434514073811
2022-10-12,first,1,92782,2022-10-12 12:52:00,17071.0,16951.05,119.95000000000073,92935,2022-10-12 15:25:00,17113.2,eod,42.20000000000073,0.3518132555231386,1753.2133150380473
2022-10-13,first,1,93268,2022-10-13 14:43:00,17047.95,16927.0,120.95000000000073,93310,2022-10-13 15:25:00,17029.7,eod,-18.25,-0.15088879702356256,-2174.7716653165
2022-10-14,first,-1,93590,2022-10-14 13:50:00,17289.85,17367.0,77.15000000000146,93685,2022-10-14 15:25:00,17208.0,eod,81.84999999999854,1.0609202851587427,4327.548522761405
2022-10-17,first,1,93810,2022-10-17 11:15:00,17278.0,17100.0,178.0,94060,2022-10-17 15:25:00,17309.3,eod,31.299999999999272,0.1758426966292094,1041.3291198469526
2022-10-18,first,-1,94380,2022-10-18 14:30:00,17462.9,17538.65,75.75,94435,2022-10-18 15:25:00,17504.9,eod,-42.0,-0.5544554455445545,-3725.996723758
2022-10-19,first,1,94611,2022-10-19 12:06:00,17553.0,17452.75,100.25,94810,2022-10-19 15:25:00,17508.85,eod,-44.150000000001455,-0.4403990024937801,-3866.5386132785943
2022-10-20,first,-1,94842,2022-10-20 09:42:00,17399.5,17599.35,199.84999999999854,95185,2022-10-20 15:25:00,17549.2,eod,-149.70000000000073,-0.7490617963472695,-10725.703304807048
2022-10-21,first,-1,95475,2022-10-21 14:00:00,17573.35,17665.5,92.15000000000146,95560,2022-10-21 15:25:00,17584.55,eod,-11.200000000000728,-0.12154096581660934,-1725.8029450190475
2022-10-25,first,-1,95693,2022-10-25 11:23:00,17683.15,17790.0,106.84999999999854,95935,2022-10-25 15:25:00,17650.8,eod,32.35000000000218,0.30276087973797494,1103.186424440642
2022-10-27,first,1,96006,2022-10-27 10:21:00,17741.9,17642.6,99.30000000000291,96310,2022-10-27 15:25:00,17737.0,eod,-4.900000000001455,-0.049345417925491554,-1319.0855088290946
2022-10-28,first,-1,96499,2022-10-28 12:19:00,17809.55,17887.1,77.54999999999927,96685,2022-10-28 15:25:00,17835.0,eod,-25.450000000000728,-0.32817537072857467,-2656.1321968255475
2022-11-03,first,-1,98006,2022-11-03 12:26:00,18085.25,18158.85,73.59999999999854,98185,2022-11-03 15:25:00,18117.85,eod,-32.599999999998545,-0.44293478260868463,-3125.6179881909056
2022-11-04,first,-1,98326,2022-11-04 11:31:00,18101.6,18150.0,48.400000000001455,98505,2022-11-04 14:30:00,18150.0,stop,-48.400000000001455,-1.0,-4152.940408276095
2022-11-04,reverse,1,98505,2022-11-04 14:30:00,18150.0,18101.6,48.400000000001455,98560,2022-11-04 15:25:00,18203.7,eod,53.70000000000073,1.1095041322313866,2482.0889831430472
2022-11-07,first,1,98802,2022-11-07 13:12:00,18179.3,18164.0,15.299999999999272,98813,2022-11-07 13:23:00,18164.0,stop,-15.299999999999272,-1.0,-2002.4184093129527
2022-11-07,reverse,-1,98813,2022-11-07 13:23:00,18164.0,18179.3,15.299999999999272,98819,2022-11-07 13:29:00,18133.4,target,30.599999999998545,2.0,981.2056863859054
2022-11-09,first,-1,99076,2022-11-09 11:31:00,18249.0,18375.25,126.25,99310,2022-11-09 15:25:00,18197.0,eod,52.0,0.41188118811881186,2370.80942994
2022-11-11,first,1,99699,2022-11-11 09:24:00,18382.95,18030.0,352.9500000000007,100060,2022-11-11 15:25:00,18425.85,eod,42.89999999999782,0.12154696132596042,1776.2594152318582
2022-11-14,first,-1,100430,2022-11-14 15:20:00,18369.5,18444.85,75.34999999999854,100435,2022-11-14 15:25:00,18372.45,eod,-2.9500000000007276,-0.039150630391516714,-1203.1505534395474
2022-11-15,first,-1,100472,2022-11-15 09:47:00,18366.2,18444.85,78.64999999999782,100792,2022-11-15 15:07:00,18444.85,stop,-78.64999999999782,-1.0,-6123.798762890358
2022-11-15,reverse,1,100792,2022-11-15 15:07:00,18444.85,18366.2,78.64999999999782,100810,2022-11-15 15:25:00,18480.25,eod,35.400000000001455,0.4500953591862993,1287.8085053890945
2022-11-16,first,1,100861,2022-11-16 10:01:00,18425.7,18342.2,83.5,101185,2022-11-16 15:25:00,18448.95,eod,23.25,0.27844311377245506,498.5611125135
2022-11-17,first,-1,101249,2022-11-17 10:14:00,18420.7,18493.15,72.45000000000073,101560,2022-11-17 15:25:00,18362.3,eod,58.400000000001455,0.8060731538992528,2783.889423370095
2022-11-22,first,-1,102320,2022-11-22 09:20:00,18184.7,18214.3,29.599999999998545,102337,2022-11-22 09:37:00,18214.3,stop,-29.599999999998545,-1.0,-2932.3111903899053
2022-11-22,reverse,1,102337,2022-11-22 09:37:00,18214.3,18184.7,29.599999999998545,102668,2022-11-22 15:08:00,18273.499999999996,target,59.19999999999709,2.0,2838.4097690418107
2022-11-23,first,1,102791,2022-11-23 10:56:00,18302.85,18228.45,74.39999999999782,103060,2022-11-23 15:25:00,18273.7,eod,-29.149999999997817,-0.39180107526879937,-2904.5825163453583
2022-12-05,first,1,105983,2022-12-05 14:08:00,18775.15,18710.45,64.70000000000073,106060,2022-12-05 15:25:00,18803.3,eod,28.149999999997817,0.4350850077279366,811.0124167953581
2022-12-06,first,-1,106127,2022-12-06 10:17:00,18730.5,18842.8,112.29999999999927,106435,2022-12-06 15:25:00,18757.4,eod,-26.900000000001455,-0.23953695458594507,-2766.1410113190946
2022-12-07,first,-1,106535,2022-12-07 10:50:00,18712.1,18790.0,77.90000000000146,106810,2022-12-07 15:25:00,18672.55,eod,39.54999999999927,0.5077021822849619,1553.6034164134528
2022-12-08,first,-1,106816,2022-12-08 09:16:00,18648.9,18790.0,141.09999999999854,107185,2022-12-08 15:25:00,18717.75,eod,-68.84999999999854,-0.4879518072289104,-5491.608478606406
2022-12-09,first,-1,107229,2022-12-09 09:54:00,18728.25,18790.0,61.75,107391,2022-12-09 12:36:00,18604.75,target,123.5,2.0,7010.30410287
2022-12-12,first,1,107613,2022-12-12 10:03:00,18608.1,18515.0,93.09999999999854,107935,2022-12-12 15:25:00,18604.8,eod,-3.2999999999992724,-0.035445757250261264,-1229.9268285689527
2022-12-13,first,1,107971,2022-12-13 09:46:00,18627.7,18535.55,92.15000000000146,108310,2022-12-13 15:25:00,18701.95,eod,74.25,0.8057514921323801,3809.3708699635
2022-12-14,first,-1,108614,2022-12-14 14:14:00,18724.9,18807.55,82.64999999999782,108685,2022-12-14 15:25:00,18735.6,eod,-10.69999999999709,-0.1294615849969434,-1713.0014124048107
2022-12-19,first,1,109764,2022-12-19 14:39:00,18489.65,18308.6,181.0500000000029,109810,2022-12-19 15:25:00,18495.05,eod,5.399999999997817,0.02982601491299492,-662.5257897671418
2022-12-20,first,1,110013,2022-12-20 12:33:00,18320.0,18231.9,88.09999999999854,110185,2022-12-20 15:25:00,18426.1,eod,106.09999999999854,1.204313280363227,5884.426006578906
2022-12-21,first,1,110243,2022-12-21 10:08:00,18440.05,18231.9,208.14999999999782,110472,2022-12-21 13:57:00,18231.9,stop,-208.14999999999782,-1.0,-14539.351380739357
2022-12-21,reverse,-1,110472,2022-12-21 13:57:00,18231.9,18440.05,208.14999999999782,110560,2022-12-21 15:25:00,18267.7,eod,-35.79999999999927,-0.1719913523901016,-3336.1354135559527
2022-12-22,first,-1,110575,2022-12-22 09:25:00,18288.4,18514.9,226.5,110935,2022-12-22 15:25:00,18167.35,eod,121.05000000000291,0.5344370860927281,6858.572089742689
2022-12-26,first,-1,111359,2022-12-26 09:59:00,17966.75,18237.4,270.65000000000146,111685,2022-12-26 15:25:00,18013.7,eod,-46.95000000000073,-0.17347127286163116,-4056.379579424547
2022-12-27,first,1,111691,2022-12-27 09:16:00,18100.15,17831.2,268.9500000000007,112060,2022-12-27 15:25:00,18144.55,eod,44.39999999999782,0.1650864472950277,1878.5757316328582
2022-12-28,first,1,112104,2022-12-28 09:54:00,18134.0,17831.2,302.7999999999993,112435,2022-12-28 15:25:00,18113.95,eod,-20.049999999999272,-0.06621532364596869,-2310.3250350994526
2022-12-29,first,-1,112615,2022-12-29 12:10:00,18025.75,18178.4,152.65000000000146,112789,2022-12-29 15:04:00,18178.4,stop,-152.65000000000146,-1.0,-10928.174676981595
2022-12-29,reverse,1,112789,2022-12-29 15:04:00,18178.4,18025.75,152.65000000000146,112810,2022-12-29 15:25:00,18192.0,eod,13.599999999998545,0.08909269570912817,-124.3192771440946
2022-12-30,first,-1,113082,2022-12-30 13:42:00,18276.15,18374.0,97.84999999999854,113185,2022-12-30 15:25:00,18219.05,eod,57.10000000000218,0.5835462442514362,2701.858757328142
2023-01-02,first,-1,113205,2023-01-02 09:30:00,18172.5,18374.0,201.5,113560,2023-01-02 15:25:00,18279.15,eod,-106.65000000000146,-0.5292803970223398,-7940.560795456595
2023-01-03,first,1,113583,2023-01-03 09:33:00,18250.55,18164.7,85.84999999999854,113935,2023-01-03 15:25:00,18312.2,eod,61.650000000001455,0.7181129877693943,2997.0043434725944
2023-01-05,first,-1,114344,2023-01-05 09:44:00,18102.95,18192.75,89.79999999999927,114685,2023-01-05 15:25:00,18051.6,eod,51.35000000000218,0.5718262806236369,2331.056182074642
2023-01-06,first,1,114700,2023-01-06 09:25:00,18104.0,17964.4,139.59999999999854,114895,2023-01-06 12:40:00,17964.4,stop,-139.59999999999854,-1.0,-10078.839866923905
2023-01-06,reverse,-1,114895,2023-01-06 12:40:00,17964.4,18104.0,139.59999999999854,115060,2023-01-06 15:25:00,17940.0,eod,24.400000000001455,0.1747851002865452,581.6035251160946
2023-01-09,first,1,115080,2023-01-09 09:30:00,18085.1,17872.05,213.04999999999927,115435,2023-01-09 15:25:00,18167.6,eod,82.5,0.38723304388641294,4354.784417753
2023-01-11,first,-1,115912,2023-01-11 10:52:00,17986.9,18190.0,203.09999999999854,116185,2023-01-11 15:25:00,17957.95,eod,28.950000000000728,0.14254062038405188,876.9809140915472
2023-01-12,first,1,116208,2023-01-12 09:33:00,18007.1,17930.1,77.0,116238,2023-01-12 10:03:00,17930.1,stop,-77.0,-1.0,-6009.083843292
2023-01-12,reverse,-1,116238,2023-01-12 10:03:00,17930.1,18007.1,77.0,116560,2023-01-12 15:25:00,17919.35,eod,10.75,0.1396103896103896,-305.0966015145
2023-01-13,first,1,116648,2023-01-13 10:38:00,17883.0,17820.05,62.95000000000073,116780,2023-01-13 12:50:00,18008.9,target,125.90000000000146,2.0,7178.616670241095
2023-01-16,first,-1,116973,2023-01-16 09:48:00,17998.5,18088.15,89.65000000000146,117310,2023-01-16 15:25:00,17947.05,eod,51.45000000000073,0.5738984941438917,2339.3433015645473
2023-01-17,first,1,117443,2023-01-17 11:23:00,18033.15,17886.95,146.20000000000073,117685,2023-01-17 15:25:00,18088.7,eod,55.54999999999927,0.3799589603283105,2604.3113151214525
2023-01-19,first,1,118211,2023-01-19 11:41:00,18145.05,18081.0,64.04999999999927,118435,2023-01-19 15:25:00,18105.0,eod,-40.04999999999927,-0.6252927400468341,-3610.2259976804526
2023-01-20,first,1,118462,2023-01-20 09:37:00,18121.3,18081.0,40.29999999999927,118725,2023-01-20 14:00:00,18081.0,stop,-40.29999999999927,-1.0,-3626.0661003029527
2023-01-20,reverse,-1,118725,2023-01-20 14:00:00,18081.0,18121.3,40.29999999999927,118810,2023-01-20 15:25:00,18055.15,eod,25.849999999998545,0.6414392059553105,673.8627434984055
2023-01-23,first,1,119076,2023-01-23 13:36:00,18144.5,18036.0,108.5,119185,2023-01-23 15:25:00,18143.9,eod,-0.5999999999985448,-0.005529953917037279,-1046.5348111239055
2023-01-24,first,1,119208,2023-01-24 09:33:00,18214.4,18036.0,178.40000000000146,119560,2023-01-24 15:25:00,18118.7,eod,-95.70000000000073,-0.536434977578475,-7227.860822491048
2023-01-31,first,1,120955,2023-01-31 13:40:00,17801.0,17522.25,278.75,121060,2023-01-31 15:25:00,17802.0,eod,1.0,0.003587443946188341,-936.6815268299999
2023-02-01,first,1,121114,2023-02-01 10:04:00,17880.0,17522.25,357.75,121397,2023-02-01 14:47:00,17522.25,stop,-357.75,-1.0,-24251.6157021225
2023-02-01,reverse,-1,121397,2023-02-01 14:47:00,17522.25,17880.0,357.75,121435,2023-02-01 15:25:00,17677.85,eod,-155.59999999999854,-0.43494060097833276,-11111.319167360905
2023-02-02,first,-1,121479,2023-02-02 09:54:00,17666.0,18063.95,397.9500000000007,121810,2023-02-02 15:25:00,17687.6,eod,-21.599999999998545,-0.054278175650203556,-2403.4160464959054
2023-02-03,first,-1,121837,2023-02-03 09:37:00,17702.15,18063.95,361.7999999999993,122185,2023-02-03 15:25:00,17897.15,eod,-195.0,-0.5389718076285251,-13675.503278473
2023-02-06,first,1,122235,2023-02-06 10:00:00,17823.7,17472.35,351.3500000000022,122560,2023-02-06 15:25:00,17801.65,eod,-22.049999999999272,-0.06275793368435786,-2434.9878575134526
2023-02-07,first,1,122569,2023-02-07 09:19:00,17847.05,17744.3,102.75,122766,2023-02-07 12:36:00,17744.3,stop,-102.75,-1.0,-7679.7249397735
2023-02-07,reverse,-1,122766,2023-02-07 12:36:00,17744.3,17847.05,102.75,122935,2023-02-07 15:25:00,17773.65,eod,-29.350000000002183,-0.28564476885646894,-2908.526494799642
2023-02-09,first,1,123681,2023-02-09 15:21:00,17949.2,17867.45,81.75,123685,2023-02-09 15:25:00,17955.0,eod,5.799999999999272,0.070948012232407,-627.2859541620473
2023-02-10,first,1,123845,2023-02-10 11:50:00,17880.7,17799.0,81.70000000000073,124060,2023-02-10 15:25:00,17876.55,eod,-4.150000000001455,-0.050795593635268275,-1272.7207936725945
2023-02-13,first,-1,124189,2023-02-13 11:19:00,17802.7,17900.5,97.79999999999927,124435,2023-02-13 15:25:00,17802.45,eod,0.25,0.002556237218813925,-985.4455295915
2023-02-15,first,1,124846,2023-02-15 09:46:00,17892.8,17745.0,147.79999999999927,125185,2023-02-15 15:25:00,18044.55,eod,151.75,1.026725304465499,8858.3266861665
2023-02-16,first,1,125516,2023-02-16 14:41:00,18086.05,18071.0,15.049999999999272,125543,2023-02-16 15:08:00,18071.0,stop,-15.049999999999272,-1.0,-1984.5767619504527
2023-02-16,reverse,-1,125543,2023-02-16 15:08:00,18071.0,18086.05,15.049999999999272,125560,2023-02-16 15:25:00,18062.35,eod,8.650000000001455,0.5747508305649085,-444.01268639340543
2023-02-17,first,-1,125621,2023-02-17 10:11:00,18006.05,18125.5,119.45000000000073,125935,2023-02-17 15:25:00,17949.2,eod,56.849999999998545,0.47593135203012304,2690.228741547405
2023-02-20,first,1,125963,2023-02-20 09:38:00,17951.85,17893.55,58.29999999999927,126192,2023-02-20 13:27:00,17893.55,stop,-58.29999999999927,-1.0,-4792.908016893953
2023-02-20,reverse,-1,126192,2023-02-20 13:27:00,17893.55,17951.85,58.29999999999927,126310,2023-02-20 15:25:00,17866.7,eod,26.849999999998545,0.46054888507716774,742.0721954974053
2023-02-21,first,-1,126339,2023-02-21 09:39:00,17855.0,18014.7,159.70000000000073,126685,2023-02-21 15:25:00,17851.95,eod,3.0499999999992724,0.019098309329989096,-804.3326670895474
2023-02-22,first,-1,126695,2023-02-22 09:20:00,17742.85,17895.95,153.10000000000218,127060,2023-02-22 15:25:00,17568.0,eod,174.84999999999854,1.14206401045066,10365.050387831405
2023-02-24,first,-1,127582,2023-02-24 11:37:00,17606.2,17700.0,93.79999999999927,127810,2023-02-24 15:25:00,17561.2,eod,45.0,0.4797441364605581,1926.7870256859999
2023-02-27,first,-1,127980,2023-02-27 12:00:00,17452.0,17575.0,123.0,128185,2023-02-27 15:25:00,17503.0,eod,-51.0,-0.4146341463414634,-4310.83458755
2023-02-28,first,1,128291,2023-02-28 10:56:00,17452.0,17392.2,59.79999999999927,128475,2023-02-28 14:00:00,17392.2,stop,-59.79999999999927,-1.0,-4881.835367561953
2023-02-28,reverse,-1,128475,2023-02-28 14:00:00,17392.2,17452.0,59.79999999999927,128560,2023-02-28 15:25:00,17405.0,eod,-12.799999999999272,-0.21404682274246536,-1826.7082978919527
2023-03-08,first,1,130204,2023-03-08 11:34:00,17743.0,17654.0,89.0,130435,2023-03-08 15:25:00,17798.9,eod,55.900000000001455,0.6280898876404658,2632.0199337410945
2023-03-09,first,1,130538,2023-03-09 10:53:00,17733.0,17695.6,37.400000000001455,130638,2023-03-09 12:33:00,17695.6,stop,-37.400000000001455,-1.0,-3430.965137246095
2023-03-09,reverse,-1,130638,2023-03-09 12:33:00,17695.6,17733.0,37.400000000001455,130810,2023-03-09 15:25:00,17645.7,eod,49.89999999999782,1.334224598930371,2243.770887906858
2023-03-13,first,-1,131210,2023-03-13 09:35:00,17512.55,17770.75,258.2000000000007,131558,2023-03-13 15:25:00,17233.55,eod,279.0,1.080557707203715,17139.021761579
2023-03-17,first,1,132744,2023-03-17 10:11:00,17135.5,16919.7,215.79999999999927,133058,2023-03-17 15:25:00,17168.05,eod,32.54999999999927,0.1508341056533799,1124.9988941844526
2023-03-20,first,1,133409,2023-03-20 15:01:00,16994.5,16866.0,128.5,133433,2023-03-20 15:25:00,17040.95,eod,46.45000000000073,0.36147859922179554,2030.7108020255473
2023-03-21,first,1,133483,2023-03-21 10:00:00,17081.85,16866.0,215.84999999999854,133808,2023-03-21 15:25:00,17155.7,eod,73.85000000000218,0.34213574241372563,3809.8218274446417
2023-03-22,first,1,133906,2023-03-22 10:48:00,17176.15,16866.0,310.15000000000146,134183,2023-03-22 15:25:00,17184.05,eod,7.899999999997817,0.025471546026109237,-477.59146532214186
2023-03-23,first,1,134235,2023-03-23 10:02:00,17171.55,17146.0,25.549999999999272,134389,2023-03-23 12:36:00,17222.649999999998,target,51.099999999998545,2.0,2329.8649919379054
2023-03-24,first,-1,134728,2023-03-24 12:00:00,17097.65,17238.4,140.75,134933,2023-03-24 15:25:00,16941.2,eod,156.45000000000073,1.1115452930728293,9180.038219751546
2023-03-27,first,1,135078,2023-03-27 11:35:00,17038.0,16931.95,106.04999999999927,135308,2023-03-27 15:25:00,17019.4,eod,-18.599999999998545,-0.17538896746816288,-2197.3464072139054
2023-03-28,first,-1,135339,2023-03-28 09:41:00,17035.5,17124.45,88.95000000000073,135683,2023-03-28 15:25:00,16973.9,eod,61.599999999998545,0.6925238898257228,3015.5949960659054
2023-03-29,first,1,135840,2023-03-29 11:47:00,16983.4,16928.05,55.35000000000218,136058,2023-03-29 15:25:00,17082.7,eod,99.29999999999927,1.7940379403793199,5465.389461378953
2023-04-19,first,-1,140103,2023-04-19 14:05:00,17624.7,17889.0,264.2999999999993,140183,2023-04-19 15:25:00,17644.9,eod,-20.200000000000728,-0.07642830117291254,-2311.705733256047
2023-04-20,first,-1,140230,2023-04-20 09:57:00,17685.7,17889.0,203.29999999999927,140558,2023-04-20 15:25:00,17659.65,eod,26.049999999999272,0.12813575996064616,693.6257682864526
2023-04-21,first,1,140874,2023-04-21 14:26:00,17655.5,17583.15,72.34999999999854,140933,2023-04-21 15:25:00,17649.45,eod,-6.049999999999272,-0.08362128541809805,-1392.3408808694526
2023-04-24,first,1,141058,2023-04-24 11:15:00,17672.05,17583.15,88.89999999999782,141308,2023-04-24 15:25:00,17768.95,eod,96.90000000000146,1.0899887514061173,5297.643142990095
2023-04-26,first,-1,141705,2023-04-26 09:32:00,17735.15,17822.7,87.54999999999927,142043,2023-04-26 15:10:00,17822.7,stop,-87.54999999999927,-1.0,-6691.527313838453
2023-04-26,reverse,1,142043,2023-04-26 15:10:00,17822.7,17735.15,87.54999999999927,142058,2023-04-26 15:25:00,17825.45,eod,2.75,0.031410622501428016,-823.3279598215
2023-04-27,first,1,142077,2023-04-27 09:29:00,17829.2,17766.5,62.70000000000073,142433,2023-04-27 15:25:00,17916.1,eod,86.89999999999782,1.3859649122806508,4645.098779466858
2023-05-05,first,-1,144103,2023-05-05 12:00:00,18128.2,18315.9,187.70000000000073,144308,2023-05-05 15:25:00,18126.95,eod,1.25,0.006659563132658472,-926.0112260915
2023-05-09,first,-1,145017,2023-05-09 14:44:00,18303.4,18388.1,84.69999999999709,145058,2023-05-09 15:25:00,18301.05,eod,2.350000000002183,0.02774498229046356,-857.5054370643581
2023-05-10,first,-1,145088,2023-05-10 09:40:00,18288.6,18388.1,99.5,145433,2023-05-10 15:25:00,18341.05,eod,-52.45000000000073,-0.5271356783919671,-4419.400408036548
2023-05-11,first,1,145516,2023-05-11 10:33:00,18367.05,18256.0,111.04999999999927,145808,2023-05-11 15:25:00,18359.0,eod,-8.049999999999272,-0.07248986942817942,-1534.4847160404527
2023-05-12,first,1,145971,2023-05-12 11:53:00,18299.0,18216.7,82.29999999999927,146178,2023-05-12 15:25:00,18336.6,eod,37.599999999998545,0.45686512758200337,1433.2719054839054
2023-05-15,first,1,146204,2023-05-15 09:36:00,18362.9,18216.7,146.20000000000073,146553,2023-05-15 15:25:00,18410.85,eod,47.94999999999709,0.32797537619696887,2104.779676762311
2023-05-16,first,-1,146567,2023-05-16 09:24:00,18403.75,18473.05,69.29999999999927,146928,2023-05-16 15:25:00,18325.0,eod,78.75,1.1363636363636482,4106.9844092125
2023-05-18,first,1,147316,2023-05-18 09:23:00,18315.0,18157.75,157.25,147661,2023-05-18 15:08:00,18157.75,stop,-157.25,-1.0,-11229.4452666275
2023-05-18,reverse,-1,147661,2023-05-18 15:08:00,18157.75,18315.0,157.25,147678,2023-05-18 15:25:00,18183.05,eod,-25.299999999999272,-0.16089030206676802,-2652.3385252879525
2023-05-19,first,-1,147699,2023-05-19 09:31:00,18159.35,18324.3,164.95000000000073,148053,2023-05-19 15:25:00,18227.25,eod,-67.90000000000146,-0.41163989087603003,-5421.481070626094
2023-05-24,first,-1,149136,2023-05-24 14:43:00,18280.5,18394.5,114.0,149178,2023-05-24 15:25:00,18297.3,eod,-16.799999999999272,-0.1473684210526252,-2101.9154558579526
2023-05-25,first,-1,149238,2023-05-25 10:10:00,18259.05,18394.5,135.45000000000073,149553,2023-05-25 15:25:00,18322.25,eod,-63.20000000000073,-0.4665928386858648,-5117.6739534930475
2023-05-31,first,-1,150863,2023-05-31 12:15:00,18571.95,18724.7,152.75,151053,2023-05-31 15:25:00,18628.9,eod,-56.95000000000073,-0.3728314238952584,-4716.759905068548
2023-06-01,first,1,151084,2023-06-01 09:41:00,18641.5,18566.0,75.5,151418,2023-06-01 15:15:00,18566.0,stop,-75.5,-1.0,-5922.458269075
2023-06-01,reverse,-1,151418,2023-06-01 15:15:00,18566.0,18641.5,75.5,151428,2023-06-01 15:25:00,18571.2,eod,-5.200000000000728,-0.0688741721854401,-1352.7682052920472
2023-06-02,first,-1,151465,2023-06-02 09:47:00,18621.5,18659.0,37.5,151687,2023-06-02 13:29:00,18659.0,stop,-37.5,-1.0,-3453.304982605
2023-06-02,reverse,1,151687,2023-06-02 13:29:00,18659.0,18621.5,37.5,151735,2023-06-02 14:17:00,18621.05,stop,-37.95000000000073,-1.0120000000000193,-3482.5485009805475
2023-06-05,first,1,152035,2023-06-05 13:02:00,18710.0,18585.4,124.59999999999854,152178,2023-06-05 15:25:00,18700.55,eod,-9.450000000000728,-0.0758426966292202,-1631.3314720855474
2023-06-06,first,-1,152193,2023-06-06 09:25:00,18662.5,18724.35,61.849999999998545,152553,2023-06-06 15:25:00,18679.65,eod,-17.150000000001455,-0.27728375101053937,-2131.2013601615945
2023-06-08,first,-1,153133,2023-06-08 12:35:00,18755.65,18841.5,85.84999999999854,153303,2023-06-08 15:25:00,18714.5,eod,41.150000000001455,0.4793244030285632,1656.8627227585946
2023-06-09,first,-1,153327,2023-06-09 09:34:00,18695.55,18841.5,145.95000000000073,153678,2023-06-09 15:25:00,18628.25,eod,67.29999999999927,0.46111682082904376,3357.7115660819527
2023-06-12,first,-1,153723,2023-06-12 09:55:00,18640.0,18841.5,201.5,154053,2023-06-12 15:25:00,18684.6,eod,-44.599999999998545,-0.22133995037220122,-3915.1406618059054
2023-06-14,first,1,154524,2023-06-14 10:46:00,18779.9,18747.0,32.900000000001455,154803,2023-06-14 15:25:00,18812.3,eod,32.39999999999782,0.9848024316108324,1087.119942157858
2023-06-15,first,-1,155037,2023-06-15 13:04:00,18791.0,18866.55,75.54999999999927,155178,2023-06-15 15:25:00,18745.0,eod,46.0,0.6088682991396485,1971.52109504
2023-06-19,first,-1,155635,2023-06-19 10:32:00,18859.55,18954.4,94.85000000000218,155928,2023-06-19 15:25:00,18840.0,eod,19.549999999999272,0.20611491829202766,251.02688462445275
2023-06-20,first,1,156119,2023-06-20 12:21:00,18782.05,18712.3,69.75,156303,2023-06-20 15:25:00,18879.95,eod,97.90000000000146,1.403584229390702,5343.6397251800945
2023-06-21,first,-1,156491,2023-06-21 12:18:00,18851.3,18908.95,57.650000000001455,156678,2023-06-21 15:25:00,18894.85,eod,-43.54999999999927,-0.7554206418039578,-3850.5025786014526
2023-06-22,first,1,156699,2023-06-22 09:31:00,18904.7,18828.8,75.90000000000146,156901,2023-06-22 12:53:00,18828.8,stop,-75.90000000000146,-1.0,-5952.955127935094
2023-06-22,reverse,-1,156901,2023-06-22 12:53:00,18828.8,18904.7,75.90000000000146,157053,2023-06-22 15:25:00,18832.0,eod,-3.2000000000007276,-0.042160737812920505,-1227.2585754880472
2023-06-23,first,-1,157279,2023-06-23 12:56:00,18753.7,18903.2,149.5,157428,2023-06-23 15:25:00,18705.0,eod,48.70000000000073,0.3257525083612089,2147.6664940930473
2023-06-26,first,-1,157475,2023-06-26 09:57:00,18698.55,18903.2,204.65000000000146,157803,2023-06-26 15:25:00,18711.5,eod,-12.950000000000728,-0.06327876862937032,-1858.8067202805473
2023-06-27,first,1,157809,2023-06-27 09:16:00,18760.55,18665.1,95.45000000000073,158178,2023-06-27 15:25:00,18811.0,eod,50.45000000000073,0.5285489785227904,2260.4409817045475
2023-08-02,first,-1,167446,2023-08-02 13:39:00,19551.6,19848.0,296.40000000000146,167552,2023-08-02 15:25:00,19594.0,eod,-42.400000000001455,-0.14304993252362094,-3787.7296556160945
2023-08-03,first,1,167593,2023-08-03 09:51:00,19589.3,19514.05,75.25,167737,2023-08-03 12:15:00,19514.05,stop,-75.25,-1.0,-5922.4260930935
2023-08-03,reverse,-1,167737,2023-08-03 12:15:00,19514.05,19589.3,75.25,167927,2023-08-03 15:25:00,19473.7,eod,40.349999999998545,0.5362126245846983,1591.8864442224053
2023-08-04,first,1,167934,2023-08-04 09:17:00,19526.9,19390.0,136.90000000000146,168302,2023-08-04 15:25:00,19575.5,eod,48.599999999998545,0.35500365230093517,2127.1075103359053
2023-08-07,first,1,168311,2023-08-07 09:19:00,19620.4,19507.5,112.90000000000146,168677,2023-08-07 15:25:00,19662.0,eod,41.599999999998545,0.3684676705048539,1670.6088105359054
2023-08-08,first,-1,168687,2023-08-08 09:20:00,19646.0,19684.0,38.0,169052,2023-08-08 15:25:00,19610.3,eod,35.70000000000073,0.9394736842105454,1287.3665747570474
2023-08-09,first,1,169327,2023-08-09 13:45:00,19571.25,19512.9,58.349999999998545,169409,2023-08-09 15:07:00,19687.949999999997,target,116.69999999999709,2.0,6551.867919287811
2023-08-10,first,-1,169500,2023-08-10 10:23:00,19611.5,19701.9,90.40000000000146,169802,2023-08-10 15:25:00,19600.95,eod,10.549999999999272,0.11670353982299893,-346.8612219445473
2023-08-11,first,-1,169808,2023-08-11 09:16:00,19546.7,19701.9,155.20000000000073,170177,2023-08-11 15:25:00,19508.75,eod,37.95000000000073,0.2445231958762922,1435.3214048255472
2023-08-14,first,-1,170396,2023-08-14 12:49:00,19394.1,19552.8,158.70000000000073,170552,2023-08-14 15:25:00,19471.2,eod,-77.10000000000218,-0.4858223062381968,-6040.629083733142
2023-08-16,first,1,170610,2023-08-16 10:08:00,19402.65,19317.0,85.65000000000146,170927,2023-08-16 15:25:00,19470.0,eod,67.34999999999854,0.7863397548160818,3347.7130147334055
2023-08-18,first,1,171621,2023-08-18 14:29:00,19374.7,19275.1,99.60000000000218,171677,2023-08-18 15:25:00,19324.5,eod,-50.20000000000073,-0.5040160642570244,-4290.865694112047
2023-08-21,first,-1,171739,2023-08-21 10:12:00,19315.0,19380.0,65.0,171797,2023-08-21 11:10:00,19380.0,stop,-65.0,-1.0,-5252.74318895
2023-08-21,reverse,1,171797,2023-08-21 11:10:00,19380.0,19315.0,65.0,172052,2023-08-21 15:25:00,19393.5,eod,13.5,0.2076923076923077,-151.373872335
2023-08-22,first,1,172069,2023-08-22 09:27:00,19417.95,19310.3,107.65000000000146,172427,2023-08-22 15:25:00,19383.3,eod,-34.650000000001455,-0.32187645146308397,-3281.079557512595
2023-08-23,first,-1,172449,2023-08-23 09:32:00,19378.05,19432.0,53.95000000000073,172634,2023-08-23 12:37:00,19432.0,stop,-53.95000000000073,-1.0,-4535.541924280547
2023-08-23,reverse,1,172634,2023-08-23 12:37:00,19432.0,19378.05,53.95000000000073,172802,2023-08-23 15:25:00,19432.2,eod,0.2000000000007276,0.0037071362372701555,-1016.5718797619527
2023-08-24,first,-1,173038,2023-08-24 13:06:00,19466.4,19575.0,108.59999999999854,173177,2023-08-24 15:25:00,19383.0,eod,83.40000000000146,0.7679558011049961,4391.0679936660945
2023-08-28,first,1,173638,2023-08-28 10:36:00,19309.55,19218.2,91.34999999999854,173927,2023-08-28 15:25:00,19317.75,eod,8.200000000000728,0.08976464148878882,-494.5923295529527
2023-08-29,first,1,174008,2023-08-29 10:31:00,19331.0,19305.1,25.900000000001455,174302,2023-08-29 15:25:00,19342.4,eod,11.400000000001455,0.4401544401544716,-287.0053709739055
2023-08-30,first,1,174542,2023-08-30 13:10:00,19423.5,19307.2,116.29999999999927,174677,2023-08-30 15:25:00,19343.0,eod,-80.5,-0.6921754084264876,-6260.764097065
2023-08-31,first,-1,174733,2023-08-31 10:06:00,19357.45,19444.0,86.54999999999927,175052,2023-08-31 15:25:00,19250.7,eod,106.75,1.2333911034084448,5910.7449545785
2023-09-21,first,-1,179959,2023-09-21 09:42:00,19841.4,20029.4,188.0,180302,2023-09-21 15:25:00,19774.5,eod,66.90000000000146,0.355851063829795,3312.108176601095
2023-09-22,first,-1,180344,2023-09-22 09:52:00,19742.95,19798.0,55.04999999999927,180411,2023-09-22 10:59:00,19798.0,stop,-55.04999999999927,-1.0,-4613.287322829453
2023-09-22,reverse,1,180411,2023-09-22 10:59:00,19798.0,19742.95,55.04999999999927,180566,2023-09-22 13:34:00,19742.95,stop,-55.04999999999927,-1.0,-4613.287322829453
2023-09-25,first,-1,180698,2023-09-25 09:31:00,19680.0,19825.0,145.0,181052,2023-09-25 15:25:00,19696.05,eod,-16.049999999999272,-0.11068965517240878,-2077.1049825404525
2023-09-26,first,-1,181183,2023-09-26 11:21:00,19684.1,19763.0,78.90000000000146,181427,2023-09-26 15:25:00,19675.9,eod,8.19999999999709,0.10392902408107653,-500.8595596001892
2023-09-28,first,1,181865,2023-09-28 10:13:00,19719.55,19543.9,175.64999999999782,182095,2023-09-28 14:03:00,19543.9,stop,-175.64999999999782,-1.0,-12449.208186054359
2023-09-28,reverse,-1,182095,2023-09-28 14:03:00,19543.9,19719.55,175.64999999999782,182177,2023-09-28 15:25:00,19525.05,eod,18.850000000002183,0.1073156846000707,193.81766609064186
2023-10-05,first,1,183327,2023-10-05 09:35:00,19574.2,19365.3,208.90000000000146,183677,2023-10-05 15:25:00,19574.1,eod,-0.10000000000218279,-0.00047869794160929676,-1038.500205363142
2023-10-09,first,1,184094,2023-10-09 09:52:00,19611.1,19365.3,245.79999999999927,184427,2023-10-09 15:25:00,19531.0,eod,-80.09999999999854,-0.32587469487387627,-6237.979172980906
2023-10-13,first,-1,185694,2023-10-13 11:32:00,19699.9,19884.0,184.09999999999854,185927,2023-10-13 15:25:00,19732.0,eod,-32.099999999998545,-0.1743617599130842,-3120.7388091589055
2023-10-16,first,1,186067,2023-10-16 11:30:00,19761.55,19693.2,68.34999999999854,186302,2023-10-16 15:25:00,19737.0,eod,-24.549999999999272,-0.35918068763715866,-2630.6030747654527
2023-10-18,first,-1,186683,2023-10-18 09:16:00,19782.0,19852.7,70.70000000000073,187052,2023-10-18 15:25:00,19674.55,eod,107.45000000000073,1.5198019801980145,5948.983976854547
2023-10-19,first,-1,187203,2023-10-19 11:41:00,19620.0,19742.2,122.20000000000073,187427,2023-10-19 15:25:00,19615.0,eod,5.0,0.04091653027823216,-707.7716383500001
2023-10-20,first,1,187481,2023-10-20 10:04:00,19570.0,19530.05,39.95000000000073,187581,2023-10-20 11:44:00,19530.05,stop,-39.95000000000073,-1.0,-3628.1043711805473
2023-10-20,reverse,-1,187581,2023-10-20 11:44:00,19530.05,19570.0,39.95000000000073,187802,2023-10-20 15:25:00,19525.65,eod,4.399999999997817,0.110137672090056,-745.2344660771419
2023-10-23,first,-1,187821,2023-10-23 09:29:00,19527.0,19669.95,142.95000000000073,188177,2023-10-23 15:25:00,19259.15,eod,267.84999999999854,1.8737320741517816,16379.779976998405
2023-10-27,first,1,189093,2023-10-27 11:56:00,19139.0,18840.55,298.4500000000007,189302,2023-10-27 15:25:00,19136.95,eod,-2.0499999999992724,-0.00686882224828034,-1157.7770561794528
2023-10-31,first,1,189785,2023-10-31 10:58:00,19151.0,19015.7,135.29999999999927,190052,2023-10-31 15:25:00,19162.95,eod,11.950000000000728,0.08832224685883808,-248.18399335945276
2023-11-01,first,-1,190171,2023-11-01 11:09:00,19111.35,19227.5,116.15000000000146,190427,2023-11-01 15:25:00,19053.55,eod,57.79999999999927,0.49763237193283294,2733.0726997109527
2023-11-02,first,-1,190489,2023-11-02 10:12:00,19199.7,19227.5,27.799999999999272,190586,2023-11-02 11:49:00,19144.100000000002,target,55.599999999998545,2.0,2588.5553288819056
2023-11-06,first,1,191305,2023-11-06 11:18:00,19417.0,19282.6,134.40000000000146,191552,2023-11-06 15:25:00,19486.85,eod,69.84999999999854,0.5197172619047454,3509.9315171014055
2023-11-07,first,1,191615,2023-11-07 10:13:00,19459.0,19282.6,176.40000000000146,191927,2023-11-07 15:25:00,19481.4,eod,22.400000000001455,0.1269841269841342,425.6464651560946
2023-11-08,first,1,192021,2023-11-08 10:44:00,19506.1,19415.0,91.09999999999854,192302,2023-11-08 15:25:00,19488.2,eod,-17.899999999997817,-0.19648737650930959,-2194.078819422858
2023-11-09,first,1,192415,2023-11-09 11:03:00,19499.95,19467.0,32.95000000000073,192677,2023-11-09 15:25:00,19489.0,eod,-10.950000000000728,-0.3323216995447795,-1742.3237151095473
2023-11-10,first,-1,192757,2023-11-10 10:30:00,19407.2,19524.0,116.79999999999927,193052,2023-11-10 15:25:00,19493.4,eod,-86.20000000000073,-0.7380136986301478,-6632.377791166047
2023-11-13,first,1,193152,2023-11-13 10:50:00,19486.35,19407.0,79.34999999999854,193427,2023-11-13 15:25:00,19497.5,eod,11.150000000001455,0.14051669817267373,-305.9093766984054
2023-11-20,first,-1,194574,2023-11-20 09:32:00,19765.85,19934.0,168.15000000000146,194927,2023-11-20 15:25:00,19750.0,eod,15.849999999998545,0.09426107641985375,-4.987392218594607
2023-11-21,first,1,194936,2023-11-21 09:19:00,19818.0,19718.0,100.0,195302,2023-11-21 15:25:00,19839.45,eod,21.450000000000728,0.21450000000000727,357.76865660554733
2023-11-22,first,1,195309,2023-11-22 09:17:00,19852.0,19718.0,134.0,195677,2023-11-22 15:25:00,19887.4,eod,35.400000000001455,0.2641791044776228,1263.7360807660946
2023-11-23,first,1,195794,2023-11-23 11:07:00,19868.0,19756.05,111.95000000000073,196052,2023-11-23 15:25:00,19878.15,eod,10.150000000001455,0.09066547565878864,-377.42394360140537
2023-11-24,first,-1,196076,2023-11-24 09:34:00,19853.85,19921.6,67.75,196427,2023-11-24 15:25:00,19831.45,eod,22.399999999997817,0.3306273062730305,419.2748810668581
2023-11-28,first,-1,196492,2023-11-28 10:15:00,19838.0,19921.6,83.59999999999854,196742,2023-11-28 14:25:00,19921.6,stop,-83.59999999999854,-1.0,-6470.740552155906
2023-11-28,reverse,1,196742,2023-11-28 14:25:00,19921.6,19838.0,83.59999999999854,196802,2023-11-28 15:25:00,19945.6,eod,24.0,0.28708133971292366,521.709619408
2023-11-30,first,1,197250,2023-11-30 10:23:00,20055.85,19801.95,253.89999999999782,197552,2023-11-30 15:25:00,20138.2,eod,82.35000000000218,0.3243402914533395,4311.322524479642
2023-12-21,first,-1,202826,2023-12-21 09:34:00,21083.25,21680.0,596.75,203177,2023-12-21 15:25:00,21359.4,eod,-276.15000000000146,-0.46275659824047166,-19008.313897966596
2024-01-03,first,1,206010,2024-01-03 12:38:00,21638.4,21635.2,3.2000000000007276,206011,2024-01-03 12:39:00,21635.2,stop,-3.2000000000007276,-1.0,-1275.2682776960473
2024-01-03,reverse,-1,206011,2024-01-03 12:39:00,21635.2,21638.4,3.2000000000007276,206012,2024-01-03 12:40:00,21628.8,target,6.400000000001455,2.0,-651.2423230399054
2024-01-05,first,-1,206709,2024-01-05 11:47:00,21730.0,21831.0,101.0,206927,2024-01-05 15:25:00,21787.2,eod,-57.20000000000073,-0.5663366336633735,-4787.036037092047
2024-01-08,first,-1,206950,2024-01-08 09:33:00,21759.15,21794.0,34.849999999998545,207036,2024-01-08 10:59:00,21689.450000000004,target,69.69999999999709,2.0,3461.308375553811
2024-01-09,first,-1,207611,2024-01-09 14:19:00,21694.3,21807.8,113.5,207677,2024-01-09 15:25:00,21630.0,eod,64.29999999999927,0.5665198237885398,3111.403179276953
2024-01-10,first,1,207984,2024-01-10 14:17:00,21617.4,21527.95,89.45000000000073,208052,2024-01-10 15:25:00,21718.95,eod,101.54999999999927,1.1352711011738228,5532.332195776453
2024-01-11,first,1,208140,2024-01-11 10:38:00,21711.65,21527.95,183.70000000000073,208427,2024-01-11 15:25:00,21684.05,eod,-27.600000000002183,-0.15024496461623338,-2862.169933477142
2024-01-19,first,1,210308,2024-01-19 09:16:00,21651.3,21446.6,204.70000000000073,210677,2024-01-19 15:25:00,21675.1,eod,23.799999999999272,0.11626770884220414,479.12214169595273
2024-01-20,first,1,210704,2024-01-20 09:37:00,21718.6,21579.3,139.29999999999927,211035,2024-01-20 15:08:00,21579.3,stop,-139.29999999999927,-1.0,-10121.179945418953
2024-01-20,reverse,-1,211035,2024-01-20 15:08:00,21579.3,21718.6,139.29999999999927,211052,2024-01-20 15:25:00,21619.8,eod,-40.5,-0.2907394113424279,-3698.9128287510002
2024-01-23,first,-1,211100,2024-01-23 09:58:00,21723.15,21758.3,35.14999999999782,211126,2024-01-23 10:24:00,21652.850000000006,target,70.29999999999563,2.0,3500.925857639716
2024-01-24,first,-1,211546,2024-01-24 11:09:00,21386.55,21783.0,396.4500000000007,211802,2024-01-24 15:25:00,21489.9,eod,-103.35000000000218,-0.2606886114264144,-7781.0353339846415
2024-01-25,first,-1,212060,2024-01-25 13:28:00,21267.35,21388.15,120.80000000000291,212177,2024-01-25 15:25:00,21348.85,eod,-81.5,-0.6746688741721691,-6358.687079482
2024-01-30,first,-1,212868,2024-01-30 14:26:00,21732.0,21938.8,206.79999999999927,212927,2024-01-30 15:25:00,21637.0,eod,95.0,0.45938104448742906,5106.34123791
2024-01-31,first,1,213157,2024-01-31 13:00:00,21768.35,21571.25,197.09999999999854,213302,2024-01-31 15:25:00,21803.0,eod,34.650000000001455,0.17579908675799955,1182.2134624265946
2024-02-01,first,1,213338,2024-02-01 09:46:00,21828.6,21740.0,88.59999999999854,213666,2024-02-01 15:14:00,21740.0,stop,-88.59999999999854,-1.0,-6828.292002645905
2024-02-01,reverse,-1,213666,2024-02-01 15:14:00,21740.0,21828.6,88.59999999999854,213677,2024-02-01 15:25:00,21751.0,eod,-11.0,-0.12415349887133387,-1784.0822025100001
2024-02-02,first,-1,213996,2024-02-02 14:29:00,21983.85,22198.05,214.20000000000073,214052,2024-02-02 15:25:00,21945.0,eod,38.849999999998545,0.18137254901960043,1452.1309768514054
2024-02-05,first,1,214068,2024-02-05 09:26:00,21988.1,21921.0,67.09999999999854,214121,2024-02-05 10:19:00,21921.0,stop,-67.09999999999854,-1.0,-5433.8302818509055
2024-02-05,reverse,-1,214121,2024-02-05 10:19:00,21921.0,21988.1,67.09999999999854,214178,2024-02-05 11:16:00,21988.1,stop,-67.09999999999854,-1.0,-5433.8302818509055
2024-02-06,first,-1,214438,2024-02-06 09:21:00,21798.0,22032.65,234.65000000000146,214802,2024-02-06 15:25:00,21997.0,eod,-199.0,-0.8480715959940284,-14005.58269995
2024-02-07,first,1,214925,2024-02-07 11:13:00,22015.95,21765.0,250.95000000000073,215177,2024-02-07 15:25:00,22010.0,eod,-5.950000000000728,-0.023709902370993068,-1460.4374986795474
2024-02-08,first,-1,215370,2024-02-08 12:23:00,21870.8,22086.95,216.15000000000146,215552,2024-02-08 15:25:00,21829.55,eod,41.25,0.19083969465648726,1610.0714367365
2024-02-09,first,-1,215581,2024-02-09 09:39:00,21803.4,22086.95,283.5499999999993,215927,2024-02-09 15:25:00,21833.0,eod,-29.599999999998545,-0.10439076000704857,-2994.2170874039057
2024-02-12,first,-1,216073,2024-02-12 11:36:00,21775.0,21889.0,114.0,216302,2024-02-12 15:25:00,21710.0,eod,65.0,0.5701754385964912,3155.52451915
2024-02-13,first,-1,216315,2024-02-13 09:23:00,21667.8,21782.25,114.45000000000073,216362,2024-02-13 10:10:00,21782.25,stop,-114.45000000000073,-1.0,-8507.376749680547
2024-02-13,reverse,1,216362,2024-02-13 10:10:00,21782.25,21667.8,114.45000000000073,216677,2024-02-13 15:25:00,21817.95,eod,35.70000000000073,0.3119266055045915,1250.2105482780473
2024-02-14,first,-1,216770,2024-02-14 10:43:00,21660.0,21844.05,184.04999999999927,216999,2024-02-14 14:32:00,21844.05,stop,-184.04999999999927,-1.0,-13031.431484620452
2024-02-14,reverse,1,216999,2024-02-14 14:32:00,21844.05,21660.0,184.04999999999927,217052,2024-02-14 15:25:00,21916.0,eod,71.95000000000073,0.3909263787014453,3604.8811912195474
2024-02-15,first,1,217126,2024-02-15 10:24:00,21944.2,21638.05,306.15000000000146,217427,2024-02-15 15:25:00,22018.75,eod,74.54999999999927,0.24350808427241194,3772.130453750453
2024-02-19,first,-1,217843,2024-02-19 09:51:00,22064.75,22139.95,75.20000000000073,217875,2024-02-19 10:23:00,22139.95,stop,-75.20000000000073,-1.0,-5962.811343967047
2024-02-19,reverse,1,217875,2024-02-19 10:23:00,22139.95,22064.75,75.20000000000073,218177,2024-02-19 15:25:00,22168.0,eod,28.049999999999272,0.3730053191489229,746.9514833004528
2024-02-20,first,-1,218271,2024-02-20 10:44:00,22115.05,22259.95,144.90000000000146,218552,2024-02-20 15:25:00,22226.15,eod,-111.10000000000218,-0.7667356797791655,-8297.268896732141
2024-02-21,first,1,218661,2024-02-21 10:59:00,22220.0,22096.05,123.95000000000073,218867,2024-02-21 14:25:00,22096.05,stop,-123.95000000000073,-1.0,-9132.228600940547
2024-02-21,reverse,-1,218867,2024-02-21 14:25:00,22096.05,22220.0,123.95000000000073,218927,2024-02-21 15:25:00,22045.25,eod,50.79999999999927,0.40984267849938666,2226.993854906953
2024-02-22,first,1,219206,2024-02-22 13:49:00,22101.25,21944.45,156.79999999999927,219302,2024-02-22 15:25:00,22264.0,eod,162.75,1.0379464285714335,9501.1733664475
2024-02-26,first,-1,219718,2024-02-26 09:51:00,22177.1,22324.8,147.70000000000073,220052,2024-02-26 15:25:00,22139.95,eod,37.14999999999782,0.25152335815841326,1338.3204104493582
2024-02-27,first,1,220082,2024-02-27 09:40:00,22150.0,22088.6,61.400000000001455,220427,2024-02-27 15:25:00,22191.95,eod,41.95000000000073,0.6832247557003214,1650.0793455605474
2024-02-28,first,1,220462,2024-02-28 09:45:00,22209.85,22095.2,114.64999999999782,220529,2024-02-28 10:52:00,22095.2,stop,-114.64999999999782,-1.0,-8527.688916230358
2024-02-28,reverse,-1,220529,2024-02-28 10:52:00,22095.2,22209.85,114.64999999999782,220802,2024-02-28 15:25:00,21903.0,eod,192.20000000000073,1.6764064544265538,11418.390686498047
2024-02-29,first,-1,220862,2024-02-29 10:10:00,21918.95,22228.95,310.0,221177,2024-02-29 15:25:00,21982.9,eod,-63.95000000000073,-0.2062903225806475,-5229.036695678547
2024-03-01,first,1,221192,2024-03-01 09:25:00,22253.75,21882.4,371.34999999999854,221552,2024-03-01 15:25:00,22438.35,eod,184.59999999999854,0.49710515686010304,10918.499796518905
2024-03-05,first,-1,222103,2024-03-05 10:20:00,22391.1,22544.95,153.85000000000218,222408,2024-03-05 15:25:00,22438.0,eod,-46.900000000001455,-0.3048423789405316,-4128.817773051094
2024-03-06,first,1,222426,2024-03-06 09:28:00,22423.1,22352.0,71.09999999999854,222460,2024-03-06 10:02:00,22352.0,stop,-71.09999999999854,-1.0,-5701.214308110905
2024-03-06,reverse,-1,222460,2024-03-06 10:02:00,22352.0,22423.1,71.09999999999854,222474,2024-03-06 10:16:00,22423.1,stop,-71.09999999999854,-1.0,-5701.214308110905
2024-03-07,first,1,222885,2024-03-07 10:52:00,22550.0,22322.0,228.0,223158,2024-03-07 15:25:00,22540.15,eod,-9.849999999998545,-0.04320175438595853,-1723.0174354414055
2024-03-12,first,1,223623,2024-03-12 10:40:00,22522.0,22392.5,129.5,223630,2024-03-12 10:47:00,22392.5,stop,-129.5,-1.0,-9498.065041345
2024-03-12,reverse,-1,223630,2024-03-12 10:47:00,22392.5,22522.0,129.5,223908,2024-03-12 15:25:00,22443.0,eod,-50.5,-0.38996138996138996,-4362.851456155
2024-03-14,first,1,224425,2024-03-14 11:32:00,22240.0,22025.0,215.0,224658,2024-03-14 15:25:00,22259.15,eod,19.150000000001455,0.08906976744186723,166.86809806859463
2024-03-15,first,-1,224682,2024-03-15 09:34:00,22145.7,22329.6,183.89999999999782,225033,2024-03-15 15:25:00,22137.3,eod,8.400000000001455,0.045676998368687084,-529.9701516299054
2024-03-18,first,-1,225155,2024-03-18 11:12:00,22068.75,22158.9,90.15000000000146,225227,2024-03-18 12:24:00,22158.9,stop,-90.15000000000146,-1.0,-6934.6701918165945
2024-03-18,reverse,1,225227,2024-03-18 12:24:00,22158.9,22068.75,90.15000000000146,225408,2024-03-18 15:25:00,22128.65,eod,-30.25,-0.335551858014415,-3042.0329680555
2024-03-20,first,-1,225827,2024-03-20 09:54:00,21913.75,22219.3,305.5499999999993,226158,2024-03-20 15:25:00,21919.0,eod,-5.25,-0.01718213058419248,-1413.2890362275
2024-03-21,first,-1,226354,2024-03-21 12:26:00,22041.0,22149.0,108.0,226533,2024-03-21 15:25:00,22119.45,eod,-78.45000000000073,-0.7263888888888956,-6173.663834224547
2024-03-26,first,-1,226998,2024-03-26 10:40:00,22088.25,22257.9,169.65000000000146,227283,2024-03-26 15:25:00,22093.05,eod,-4.799999999999272,-0.028293545534920313,-1387.0230294929527
2024-04-15,first,-1,231415,2024-04-15 09:17:00,22431.0,22829.0,398.0,231783,2024-04-15 15:25:00,22364.0,eod,67.0,0.16834170854271358,3274.30759005
2024-04-18,first,1,232172,2024-04-18 09:24:00,22278.55,22114.0,164.54999999999927,232491,2024-04-18 14:43:00,22114.0,stop,-164.54999999999927,-1.0,-11771.645442105453
2024-04-18,reverse,-1,232491,2024-04-18 14:43:00,22114.0,22278.55,164.54999999999927,232533,2024-04-18 15:25:00,22085.75,eod,28.25,0.1716803403220913,760.8758139024999
2024-04-19,first,1,232812,2024-04-19 13:49:00,22073.0,21813.6,259.40000000000146,232908,2024-04-19 15:25:00,22119.75,eod,46.75,0.18022359290670678,1963.3274641725
2024-04-22,first,1,232960,2024-04-22 10:02:00,22222.0,21813.6,408.40000000000146,233283,2024-04-22 15:25:00,22365.85,eod,143.84999999999854,0.35222820763956425,8270.879897861405
2024-04-23,first,-1,233583,2024-04-23 14:10:00,22376.0,22419.1,43.099999999998545,233658,2024-04-23 15:25:00,22358.3,eod,17.700000000000728,0.410672853828337,70.61519917704732
2024-04-24,first,-1,233925,2024-04-24 13:37:00,22450.05,22488.0,37.95000000000073,234033,2024-04-24 15:25:00,22421.0,eod,29.049999999999272,0.7654808959156447,807.1290955094527
2024-04-25,first,-1,234042,2024-04-25 09:19:00,22339.1,22488.0,148.90000000000146,234101,2024-04-25 10:18:00,22488.0,stop,-148.90000000000146,-1.0,-10758.203965831095
2024-04-25,reverse,1,234101,2024-04-25 10:18:00,22488.0,22339.1,148.90000000000146,234408,2024-04-25 15:25:00,22575.7,eod,87.70000000000073,0.5889858965748817,4617.388140043047
2024-04-26,first,1,234509,2024-04-26 10:51:00,22639.9,22571.65,68.25,234666,2024-04-26 13:28:00,22571.65,stop,-68.25,-1.0,-5519.7142036955
2024-04-26,reverse,-1,234666,2024-04-26 13:28:00,22571.65,22639.9,68.25,234783,2024-04-26 15:25:00,22572.0,eod,-0.3499999999985448,-0.005128205128183807,-1106.0306285764054
2024-05-02,first,-1,235574,2024-05-02 09:51:00,22710.1,22850.0,139.90000000000146,235908,2024-05-02 15:25:00,22775.0,eod,-64.90000000000146,-0.4639027877055095,-5304.323641211095
2024-05-06,first,1,236301,2024-05-06 09:28:00,22657.9,22470.0,187.90000000000146,236658,2024-05-06 15:25:00,22548.9,eod,-109.0,-0.5800957956359721,-8168.185186548
2024-05-07,first,1,236695,2024-05-07 09:47:00,22563.9,22510.0,53.900000000001455,236704,2024-05-07 09:56:00,22510.0,stop,-53.900000000001455,-1.0,-4585.870746779095
2024-05-07,reverse,-1,236704,2024-05-07 09:56:00,22510.0,22563.9,53.900000000001455,236759,2024-05-07 10:51:00,22402.199999999997,target,107.80000000000291,2.0,5925.066426958189
2024-05-08,first,1,237049,2024-05-08 09:26:00,22366.0,22312.65,53.349999999998545,237114,2024-05-08 10:31:00,22312.65,stop,-53.349999999998545,-1.0,-4546.743149926406
2024-05-08,reverse,-1,237114,2024-05-08 10:31:00,22312.65,22366.0,53.349999999998545,237161,2024-05-08 11:18:00,22366.0,stop,-53.349999999998545,-1.0,-4546.743149926406
2024-05-09,first,-1,237424,2024-05-09 09:26:00,22340.9,22489.9,149.0,237783,2024-05-09 15:25:00,22063.5,eod,277.40000000000146,1.8617449664429628,16952.417790116095
2024-05-10,first,-1,238146,2024-05-10 15:13:00,22130.35,22230.0,99.65000000000146,238158,2024-05-10 15:25:00,22130.85,eod,-0.5,-0.005017561465127875,-1108.231617932
2024-05-13,first,-1,238293,2024-05-13 11:25:00,22010.3,22165.35,155.04999999999927,238442,2024-05-13 13:54:00,22165.35,stop,-155.04999999999927,-1.0,-11152.345739096452
2024-05-13,reverse,1,238442,2024-05-13 13:54:00,22165.35,22010.3,155.04999999999927,238533,2024-05-13 15:25:00,22214.05,eod,48.70000000000073,0.31409222831345346,2088.4695253660475
2024-05-14,first,1,238562,2024-05-14 09:39:00,22225.0,21900.0,325.0,238908,2024-05-14 15:25:00,22311.2,eod,86.20000000000073,0.2652307692307715,4524.408944318047
2024-05-15,first,-1,238964,2024-05-15 10:06:00,22268.65,22362.15,93.5,239283,2024-05-15 15:25:00,22279.15,eod,-10.5,-0.11229946524064172,-1760.624582558
2024-05-16,first,-1,239316,2024-05-16 09:43:00,22341.4,22362.15,20.75,239330,2024-05-16 09:57:00,22362.15,stop,-20.75,-1.0,-2428.1468448155
2024-05-16,reverse,1,239330,2024-05-16 09:57:00,22362.15,22341.4,20.75,239332,2024-05-16 09:59:00,22341.4,stop,-20.75,-1.0,-2428.1468448155
2024-05-29,first,-1,242472,2024-05-29 10:33:00,22749.3,23007.7,258.40000000000146,242764,2024-05-29 15:25:00,22733.55,eod,15.75,0.060952012383900585,-62.526198088499996
2024-05-31,first,-1,243376,2024-05-31 13:07:00,22657.0,22760.0,103.0,243430,2024-05-31 14:01:00,22760.0,stop,-103.0,-1.0,-7780.01825537
2024-05-31,reverse,1,243430,2024-05-31 14:01:00,22760.0,22657.0,103.0,243461,2024-05-31 14:32:00,22657.0,stop,-103.0,-1.0,-7780.01825537
2024-06-03,first,1,243881,2024-06-03 15:17:00,23440.95,22630.0,810.9500000000007,243889,2024-06-03 15:25:00,23427.05,eod,-13.900000000001455,-0.017140390899564022,-2001.4507784800946
2024-06-04,first,1,243934,2024-06-04 09:55:00,22931.9,22630.0,301.90000000000146,243983,2024-06-04 10:44:00,22630.0,stop,-301.90000000000146,-1.0,-20708.594108459096
2024-06-04,reverse,-1,243983,2024-06-04 10:44:00,22630.0,22931.9,301.90000000000146,244007,2024-06-04 11:08:00,22026.199999999997,target,603.8000000000029,2.0,38164.35455111819
2024-06-05,first,-1,244277,2024-06-05 09:23:00,21887.6,22299.5,411.90000000000146,244374,2024-06-05 11:00:00,22299.5,stop,-411.90000000000146,-1.0,-27846.191105431095
2024-06-05,reverse,1,244374,2024-06-05 11:00:00,22299.5,21887.6,411.90000000000146,244639,2024-06-05 15:25:00,22596.55,eod,297.0499999999993,0.721170186938573,18225.347455259453
2024-08-05,first,-1,259784,2024-08-05 11:35:00,23966.45,25043.25,1076.7999999999993,260014,2024-08-05 15:25:00,24102.4,eod,-135.95000000000073,-0.12625371471025337,-9944.258388548547
2024-08-06,first,1,260116,2024-08-06 10:52:00,24270.0,23912.5,357.5,260389,2024-08-06 15:25:00,24071.2,eod,-198.79999999999927,-0.556083916083914,-14031.470291731952
2024-08-07,first,1,260465,2024-08-07 10:26:00,24286.95,24001.0,285.9500000000007,260764,2024-08-07 15:25:00,24363.45,eod,76.5,0.2675292883371212,3858.7744270559997
2024-08-08,first,-1,260871,2024-08-08 10:57:00,24184.45,24388.2,203.75,261139,2024-08-08 15:25:00,24115.0,eod,69.45000000000073,0.340858895705525,3403.5675589855473
2024-08-09,first,1,261250,2024-08-09 11:01:00,24371.7,24111.1,260.6000000000022,261514,2024-08-09 15:25:00,24400.0,eod,28.299999999999272,0.10859554873368778,725.0188441629527
2024-08-12,first,1,261719,2024-08-12 12:35:00,24450.0,24273.5,176.5,261889,2024-08-12 15:25:00,24368.8,eod,-81.20000000000073,-0.4600566572238002,-6392.243455868047
2024-08-13,first,-1,261916,2024-08-13 09:37:00,24331.0,24490.1,159.09999999999854,262264,2024-08-13 15:25:00,24159.9,eod,171.09999999999854,1.0754242614707739,10008.585317850906
2024-08-14,first,-1,262283,2024-08-14 09:29:00,24142.0,24490.1,348.09999999999854,262639,2024-08-14 15:25:00,24177.0,eod,-35.0,-0.10054582016661921,-3385.23863159
2024-09-06,first,-1,268320,2024-09-06 10:06:00,24979.55,25324.8,345.25,268639,2024-09-06 15:25:00,24909.25,eod,70.29999999999927,0.20362056480810795,3445.2179064319525
2024-09-09,first,1,268667,2024-09-09 09:38:00,24895.0,24855.0,40.0,268736,2024-09-09 10:47:00,24975.0,target,80.0,2.0,4075.8219693
2024-09-10,first,1,269117,2024-09-10 10:53:00,24987.6,24881.2,106.39999999999782,269389,2024-09-10 15:25:00,25095.2,eod,107.60000000000218,1.011278195488763,5867.840301092142
2024-09-11,first,-1,269402,2024-09-11 09:23:00,25036.6,25173.95,137.35000000000218,269764,2024-09-11 15:25:00,24952.0,eod,84.59999999999854,0.6159446669093352,4373.780601153905
2024-09-12,first,-1,269813,2024-09-12 09:59:00,25037.45,25145.0,107.54999999999927,270055,2024-09-12 14:01:00,25145.0,stop,-107.54999999999927,-1.0,-8116.503438644453
2024-09-12,reverse,1,270055,2024-09-12 14:01:00,25145.0,25037.45,107.54999999999927,270114,2024-09-12 15:00:00,25360.1,target,215.09999999999854,2.0,12851.099236588905
2024-09-19,first,1,271645,2024-09-19 09:16:00,25559.6,25302.5,257.09999999999854,272014,2024-09-19 15:25:00,25497.35,eod,-62.25,-0.24212368728121492,-5179.7485755895
2024-09-20,first,-1,272040,2024-09-20 09:36:00,25455.0,25640.0,185.0,272104,2024-09-20 10:40:00,25640.0,stop,-185.0,-1.0,-13158.10595295
2024-09-20,reverse,1,272104,2024-09-20 10:40:00,25640.0,25455.0,185.0,272389,2024-09-20 15:25:00,25784.1,eod,144.09999999999854,0.7789189189189111,8228.653818998906
2024-09-25,first,-1,273323,2024-09-25 12:14:00,25896.65,25996.0,99.34999999999854,273500,2024-09-25 15:11:00,25996.0,stop,-99.34999999999854,-1.0,-7598.179792466405
2024-09-25,reverse,1,273500,2024-09-25 15:11:00,25996.0,25896.65,99.34999999999854,273514,2024-09-25 15:25:00,25998.3,eod,2.2999999999992724,0.023150478107693065,-992.3939194230475
2024-09-26,first,1,273822,2024-09-26 14:18:00,26104.7,25879.15,225.54999999999927,273889,2024-09-26 15:25:00,26219.0,eod,114.29999999999927,0.5067612502770988,6284.133321442952
2024-09-30,first,-1,274275,2024-09-30 09:21:00,26229.75,26402.5,172.75,274639,2024-09-30 15:25:00,25987.5,eod,242.25,1.4023154848046309,14601.0453457275
2024-12-03,first,1,290182,2024-12-03 11:58:00,24551.8,24390.25,161.54999999999927,290389,2024-12-03 15:25:00,24537.0,eod,-14.799999999999272,-0.09161250386876718,-2078.9413705679526
2024-12-04,first,1,290491,2024-12-04 10:52:00,24626.7,24532.25,94.45000000000073,290555,2024-12-04 11:56:00,24532.25,stop,-94.45000000000073,-1.0,-7256.325453809547
2024-12-04,reverse,-1,290555,2024-12-04 11:56:00,24532.25,24626.7,94.45000000000073,290677,2024-12-04 13:58:00,24626.7,stop,-94.45000000000073,-1.0,-7256.325453809547
2024-12-05,first,-1,290801,2024-12-05 09:47:00,24540.05,24638.0,97.95000000000073,290943,2024-12-05 12:09:00,24638.0,stop,-97.95000000000073,-1.0,-7483.9683527605475
2024-12-05,reverse,1,290943,2024-12-05 12:09:00,24638.0,24540.05,97.95000000000073,291066,2024-12-05 14:12:00,24833.9,target,195.90000000000146,2.0,11612.049146441095
2024-12-06,first,1,291216,2024-12-06 10:27:00,24826.85,24396.0,430.84999999999854,291514,2024-12-06 15:25:00,24784.0,eod,-42.849999999998545,-0.09945456655448227,-3906.4926901684053
2024-12-09,first,1,291638,2024-12-09 11:14:00,24721.15,24396.0,325.15000000000146,291889,2024-12-09 15:25:00,24697.1,eod,-24.05000000000291,-0.07396586190989636,-2682.9552448826894
2024-12-10,first,1,291915,2024-12-10 09:36:00,24724.0,24396.0,328.0,292264,2024-12-10 15:25:00,24683.95,eod,-40.04999999999927,-0.12210365853658314,-3722.7735426994527
2024-12-11,first,1,292339,2024-12-11 10:25:00,24741.95,24595.4,146.54999999999927,292639,2024-12-11 15:25:00,24737.9,eod,-4.049999999999272,-0.027635619242574495,-1383.5991472584528
2024-12-12,first,-1,292697,2024-12-12 10:08:00,24710.0,24794.15,84.15000000000146,293014,2024-12-12 15:25:00,24650.0,eod,60.0,0.7130124777183477,2780.3013104
2024-12-16,first,-1,293561,2024-12-16 12:02:00,24687.9,24869.0,181.09999999999854,293764,2024-12-16 15:25:00,24732.25,eod,-44.349999999998545,-0.24489232468248978,-4002.352741741405
2024-12-27,first,-1,296619,2024-12-27 13:01:00,24009.7,24127.4,117.70000000000073,296763,2024-12-27 15:25:00,24001.0,eod,8.700000000000728,0.07391673746814506,-542.3571986269527
2024-12-30,first,-1,296769,2024-12-30 09:16:00,23924.9,24051.15,126.25,296923,2024-12-30 11:50:00,24051.15,stop,-126.25,-1.0,-9313.0213585405
2024-12-30,reverse,1,296923,2024-12-30 11:50:00,24051.15,23924.9,126.25,296963,2024-12-30 12:30:00,23924.9,stop,-126.25,-1.0,-9313.0213585405
2024-12-31,first,1,297408,2024-12-31 13:40:00,23818.0,23602.0,216.0,297513,2024-12-31 15:25:00,23809.95,eod,-8.049999999999272,-0.03726851851851515,-1627.7353168994528
2025-01-01,first,1,297667,2025-01-01 11:44:00,23859.6,23707.0,152.59999999999854,297888,2025-01-01 15:25:00,23909.35,eod,49.75,0.3260157273918773,2127.7204940905
2025-01-02,first,1,297915,2025-01-02 09:37:00,23934.25,23707.0,227.25,298263,2025-01-02 15:25:00,24275.0,eod,340.75,1.4994499449944994,21037.2519896075
2025-01-03,first,1,298314,2025-01-03 10:01:00,24168.4,23707.0,461.40000000000146,298638,2025-01-03 15:25:00,24089.0,eod,-79.40000000000146,-0.17208495882098224,-6270.451989214094
2025-01-06,first,-1,298662,2025-01-06 09:34:00,24064.55,24239.9,175.35000000000218,298804,2025-01-06 11:56:00,23713.849999999995,target,350.70000000000437,2.0,21687.629104976284
2025-01-07,first,-1,299049,2025-01-07 09:46:00,23819.0,24239.9,420.90000000000146,299388,2025-01-07 15:25:00,23789.9,eod,29.099999999998545,0.06913756236635411,786.9603018709054
2025-01-08,first,-1,299550,2025-01-08 11:52:00,23644.2,23884.0,239.79999999999927,299763,2025-01-08 15:25:00,23784.95,eod,-140.75,-0.5869474562135131,-10250.7585642315
2025-01-09,first,1,299824,2025-01-09 10:11:00,23728.0,23593.55,134.45000000000073,300138,2025-01-09 15:25:00,23652.9,eod,-75.09999999999854,-0.5585719598363565,-5983.4799050489055
2025-01-10,first,-1,300318,2025-01-10 12:10:00,23551.1,23670.5,119.40000000000146,300513,2025-01-10 15:25:00,23511.9,eod,39.19999999999709,0.3283082077051643,1448.0706325698106
2025-01-13,first,-1,300631,2025-01-13 11:08:00,23323.85,23523.95,200.10000000000218,300888,2025-01-13 15:25:00,23168.0,eod,155.84999999999854,0.7788605697151266,9034.523624421405
2025-01-14,first,-1,300918,2025-01-14 09:40:00,23220.0,23408.3,188.29999999999927,301263,2025-01-14 15:25:00,23280.0,eod,-60.0,-0.3186404673393533,-4994.533365
2025-01-15,first,1,301313,2025-01-15 10:00:00,23277.4,23220.0,57.400000000001455,301523,2025-01-15 13:30:00,23220.0,stop,-57.400000000001455,-1.0,-4825.526335614095
2025-01-15,reverse,-1,301523,2025-01-15 13:30:00,23220.0,23277.4,57.400000000001455,301638,2025-01-15 15:25:00,23271.0,eod,-51.0,-0.8885017421602562,-4409.50903251
2025-01-16,first,1,301729,2025-01-16 10:41:00,23390.0,23201.0,189.0,302013,2025-01-16 15:25:00,23385.0,eod,-5.0,-0.026455026455026454,-1422.20735775
2025-01-17,first,-1,302097,2025-01-17 10:34:00,23299.0,23414.0,115.0,302388,2025-01-17 15:25:00,23266.6,eod,32.400000000001455,0.28173913043479526,1010.3649781840945
2025-01-20,first,1,302435,2025-01-20 09:57:00,23281.25,23210.25,71.0,302543,2025-01-20 11:45:00,23423.25,target,142.0,2.0,8132.535721755
2025-01-21,first,-1,303067,2025-01-21 14:14:00,23240.0,23435.0,195.0,303138,2025-01-21 15:25:00,23108.0,eod,132.0,0.676923076923077,7485.64358372
2025-01-22,first,-1,303248,2025-01-22 11:00:00,23130.55,23435.0,304.4500000000007,303513,2025-01-22 15:25:00,23201.75,eod,-71.20000000000073,-0.2338643455411416,-5721.0334046030475
2025-01-23,first,1,303540,2025-01-23 09:37:00,23200.35,23020.0,180.34999999999854,303888,2025-01-23 15:25:00,23265.0,eod,64.65000000000146,0.35846964236208473,3107.2838150865946
2025-01-24,first,-1,303908,2025-01-24 09:30:00,23258.85,23319.2,60.35000000000218,303958,2025-01-24 10:20:00,23138.149999999994,target,120.70000000000437,2.0,6750.790561830284
2025-01-28,first,1,304775,2025-01-28 11:27:00,22984.9,22810.0,174.90000000000146,305013,2025-01-28 15:25:00,22987.95,eod,3.0499999999992724,0.01743853630645653,-892.1431719885472
2025-01-29,first,1,305019,2025-01-29 09:16:00,23034.95,22810.0,224.95000000000073,305388,2025-01-29 15:25:00,23160.0,eod,125.04999999999927,0.5559013114025289,7035.243371230453
2025-01-30,first,1,305408,2025-01-30 09:30:00,23185.0,22810.0,375.0,305763,2025-01-30 15:25:00,23245.15,eod,60.150000000001455,0.16040000000000387,2815.111227158595
2025-02-03,first,-1,306647,2025-02-03 11:24:00,23388.0,23625.5,237.5,306888,2025-02-03 15:25:00,23434.15,eod,-46.150000000001455,-0.19431578947369033,-4097.119932961595
2025-02-04,first,1,306894,2025-02-04 09:16:00,23559.0,23305.75,253.25,307263,2025-02-04 15:25:00,23780.0,eod,221.0,0.8726554787759131,13261.64630621
2025-02-06,first,-1,307661,2025-02-06 09:33:00,23742.35,23849.0,106.65000000000146,308013,2025-02-06 15:25:00,23694.0,eod,48.349999999998545,0.45335208626345885,2039.5736147764055
2025-02-07,first,1,308118,2025-02-07 10:55:00,23674.9,23660.0,14.900000000001455,308123,2025-02-07 11:00:00,23704.700000000004,target,29.80000000000291,2.0,834.4175496441892
2025-02-13,first,1,309557,2025-02-13 09:54:00,23250.0,22900.0,350.0,309888,2025-02-13 15:25:00,23096.4,eod,-153.59999999999854,-0.4388571428571387,-11076.671970503905
2025-02-14,first,-1,309951,2025-02-14 10:13:00,23123.0,23309.05,186.04999999999927,310263,2025-02-14 15:25:00,22992.0,eod,131.0,0.7041117979037921,7422.64242485
2025-02-17,first,-1,310378,2025-02-17 11:05:00,22928.4,23054.0,125.59999999999854,310638,2025-02-17 15:25:00,23025.75,eod,-97.34999999999854,-0.7750796178343923,-7417.395879481405
2025-02-18,first,1,310677,2025-02-18 09:49:00,22980.35,22830.0,150.34999999999854,311013,2025-02-18 15:25:00,22956.2,eod,-24.149999999997817,-0.1606252078483409,-2659.673555945358
2025-02-19,first,-1,311123,2025-02-19 11:00:00,22974.5,23008.15,33.650000000001455,311129,2025-02-19 11:06:00,23008.15,stop,-33.650000000001455,-1.0,-3277.5123023665947
2025-02-19,reverse,1,311129,2025-02-19 11:06:00,23008.15,22974.5,33.650000000001455,311200,2025-02-19 12:17:00,23075.450000000004,target,67.30000000000291,2.0,3282.7836532041892
2025-02-20,first,1,311562,2025-02-20 12:04:00,22934.95,22856.75,78.20000000000073,311763,2025-02-20 15:25:00,22940.65,eod,5.700000000000728,0.0728900255754562,-719.0768359159526
2025-02-21,first,-1,311936,2025-02-21 12:03:00,22825.25,22960.0,134.75,312138,2025-02-21 15:25:00,22818.1,eod,7.150000000001455,0.05306122448980672,-622.8487424934054
2025-02-24,first,-1,312305,2025-02-24 11:57:00,22648.0,22845.0,197.0,312513,2025-02-24 15:25:00,22610.0,eod,38.0,0.19289340101522842,1385.51691862
2025-02-25,first,1,312551,2025-02-25 09:48:00,22629.9,22575.15,54.75,312615,2025-02-25 10:52:00,22575.15,stop,-54.75,-1.0,-4642.2375802305
2025-02-25,reverse,-1,312615,2025-02-25 10:52:00,22575.15,22629.9,54.75,312888,2025-02-25 15:25:00,22567.45,eod,7.700000000000728,0.14063926940640598,-582.8187397859526
2025-02-27,first,-1,312929,2025-02-27 09:51:00,22548.4,22625.2,76.79999999999927,313263,2025-02-27 15:25:00,22544.25,eod,4.150000000001455,0.05403645833335279,-813.1207194664055
2025-02-28,first,-1,313284,2025-02-28 09:31:00,22467.0,22559.1,92.09999999999854,313486,2025-02-28 12:53:00,22282.800000000003,target,184.1999999999971,2.0,10892.00859322181
2025-03-03,first,-1,313673,2025-03-03 09:45:00,22251.35,22559.1,307.75,314013,2025-03-03 15:25:00,22264.95,eod,-13.600000000002183,-0.04419171405362204,-1961.837008843142
2025-03-04,first,1,314042,2025-03-04 09:39:00,22174.25,22140.05,34.20000000000073,314388,2025-03-04 15:25:00,22184.0,eod,9.75,0.28508771929823956,-442.87170828250004
2025-03-05,first,1,314395,2025-03-05 09:17:00,22232.6,22151.0,81.59999999999854,314516,2025-03-05 11:18:00,22395.799999999996,target,163.1999999999971,2.0,9528.16985147581
2025-03-10,first,-1,315886,2025-03-10 15:23:00,22512.2,22704.7,192.5,315888,2025-03-10 15:25:00,22513.0,eod,-0.7999999999992724,-0.004155844155840376,-1134.2648209719528
2025-03-11,first,1,316046,2025-03-11 11:48:00,22510.3,22362.0,148.29999999999927,316263,2025-03-11 15:25:00,22570.5,eod,60.20000000000073,0.40593391773432924,2829.902748312047
2025-03-12,first,1,316302,2025-03-12 09:49:00,22548.0,22362.0,186.0,316638,2025-03-12 15:25:00,22521.9,eod,-26.099999999998545,-0.14032258064515346,-2778.9991623389055
2025-03-13,first,1,316666,2025-03-13 09:38:00,22539.0,22380.2,158.79999999999927,317013,2025-03-13 15:25:00,22449.0,eod,-90.0,-0.5667506297229246,-6931.42480668
2025-03-17,first,-1,317076,2025-03-17 10:13:00,22589.2,22615.35,26.149999999997817,317099,2025-03-17 10:36:00,22536.900000000005,target,52.299999999995634,2.0,2316.0614847787165
2025-07-28,first,-1,343494,2025-07-28 13:01:00,24738.8,24925.0,186.20000000000073,343638,2025-07-28 15:25:00,24709.0,eod,29.799999999999272,0.16004296455423822,816.7269734419527
2025-07-29,first,-1,343701,2025-07-29 10:13:00,24693.7,24925.0,231.29999999999927,344013,2025-07-29 15:25:00,24842.2,eod,-148.5,-0.642023346303504,-10772.483544599
2025-07-30,first,1,344039,2025-07-30 09:36:00,24882.0,24637.0,245.0,344388,2025-07-30 15:25:00,24869.8,eod,-12.200000000000728,-0.04979591836734991,-1915.6276239980473
2025-07-31,first,1,344520,2025-07-31 11:22:00,24780.6,24625.1,155.5,344763,2025-07-31 15:25:00,24768.0,eod,-12.599999999998545,-0.08102893890674305,-1939.8871904459054
2025-08-01,first,-1,344809,2025-08-01 09:56:00,24765.6,24970.0,204.40000000000146,345138,2025-08-01 15:25:00,24615.8,eod,149.79999999999927,0.7328767123287584,8616.592933145952
2025-08-04,first,1,345227,2025-08-04 10:39:00,24725.0,24603.5,121.5,345513,2025-08-04 15:25:00,24794.0,eod,69.0,0.5679012345679012,3363.88863641
2025-08-05,first,-1,345709,2025-08-05 12:26:00,24715.1,24811.4,96.30000000000291,345888,2025-08-05 15:25:00,24712.3,eod,2.7999999999992724,0.029075804776730923,-937.9405829140474
2025-08-06,first,1,345951,2025-08-06 10:16:00,24685.2,24650.0,35.20000000000073,345970,2025-08-06 10:35:00,24650.0,stop,-35.20000000000073,-1.0,-3406.9296400720473
2025-08-06,reverse,-1,345970,2025-08-06 10:35:00,24650.0,24685.2,35.20000000000073,346076,2025-08-06 12:21:00,24685.2,stop,-35.20000000000073,-1.0,-3406.9296400720473
2025-08-08,first,-1,346866,2025-08-08 13:01:00,24531.5,24721.0,189.5,347010,2025-08-08 15:25:00,24435.1,eod,96.40000000000146,0.5087071240105617,5149.453360574094
2025-08-11,first,-1,347049,2025-08-11 09:49:00,24436.0,24564.9,128.90000000000146,347240,2025-08-11 13:00:00,24564.9,stop,-128.90000000000146,-1.0,-9494.022023249094
2025-08-11,reverse,1,347240,2025-08-11 13:00:00,24564.9,24436.0,128.90000000000146,347385,2025-08-11 15:25:00,24608.0,eod,43.099999999998545,0.33436772692007805,1683.5005558309053
2025-08-12,first,-1,347521,2025-08-12 11:26:00,24621.0,24764.0,143.0,347760,2025-08-12 15:25:00,24560.0,eod,61.0,0.42657342657342656,2846.82655659
2025-08-13,first,1,347869,2025-08-13 10:59:00,24680.0,24541.9,138.09999999999854,348135,2025-08-13 15:25:00,24714.0,eod,34.0,0.24619840695148704,1090.16258766
2025-08-14,first,1,348166,2025-08-14 09:41:00,24716.5,24541.9,174.59999999999854,348510,2025-08-14 15:25:00,24679.0,eod,-37.5,-0.2147766323024073,-3556.931967755
2025-08-18,first,-1,348769,2025-08-18 13:29:00,24986.4,25079.0,92.59999999999854,348885,2025-08-18 15:25:00,24966.7,eod,19.700000000000728,0.21274298056156626,155.96391930904724
2025-08-19,first,-1,348910,2025-08-19 09:35:00,24951.6,25007.9,56.30000000000291,349037,2025-08-19 11:42:00,25007.9,stop,-56.30000000000291,-1.0,-4783.646223795189
2025-08-19,reverse,1,349037,2025-08-19 11:42:00,25007.9,24951.6,56.30000000000291,349260,2025-08-19 15:25:00,25036.3,eod,28.399999999997817,0.5044404973356368,720.6337904378581
2025-08-20,first,1,349294,2025-08-20 09:44:00,24993.9,24982.0,11.900000000001455,349300,2025-08-20 09:50:00,25017.700000000004,target,23.80000000000291,2.0,421.9395481241891
2025-08-21,first,1,349676,2025-08-21 09:51:00,25121.1,24962.5,158.59999999999854,350010,2025-08-21 15:25:00,25113.3,eod,-7.799999999999272,-0.04918032786884832,-1633.7813361839526
2025-08-25,first,-1,350433,2025-08-25 09:58:00,24943.0,24975.0,32.0,350499,2025-08-25 11:04:00,24975.0,stop,-32.0,-1.0,-3203.93340398
2025-08-25,reverse,1,350499,2025-08-25 11:04:00,24975.0,24943.0,32.0,350760,2025-08-25 15:25:00,24994.9,eod,19.900000000001455,0.6218750000000455,168.81904866109466
2025-08-26,first,-1,350766,2025-08-26 09:16:00,24900.0,25030.0,130.0,351135,2025-08-26 15:25:00,24731.3,eod,168.70000000000073,1.2976923076923133,9842.844821007047
2025-08-28,first,-1,351272,2025-08-28 11:27:00,24656.0,25030.0,374.0,351510,2025-08-28 15:25:00,24501.3,eod,154.70000000000073,0.4136363636363656,8936.981132147048
2025-08-29,first,-1,351536,2025-08-29 09:36:00,24621.4,25030.0,408.59999999999854,351885,2025-08-29 15:25:00,24571.5,eod,49.900000000001455,0.12212432697014594,2125.2897036310947
2025-09-02,first,-1,352576,2025-09-02 14:26:00,24664.9,24874.7,209.79999999999927,352635,2025-09-02 15:25:00,24688.9,eod,-24.0,-0.11439466158245988,-2679.154257218
2025-09-03,first,-1,352722,2025-09-03 10:37:00,24677.2,24874.7,197.5,353010,2025-09-03 15:25:00,24807.0,eod,-129.79999999999927,-0.657215189873414,-9556.650717961953
2025-09-04,first,1,353120,2025-09-04 11:00:00,24945.3,24638.7,306.59999999999854,353385,2025-09-04 15:25:00,24840.0,eod,-105.29999999999927,-0.3434442270058701,-7966.869534932953
2025-09-05,first,-1,353447,2025-09-05 10:12:00,24773.0,25034.0,261.0,353760,2025-09-05 15:25:00,24846.0,eod,-73.0,-0.2796934865900383,-5866.13602459
2025-09-08,first,1,353781,2025-09-08 09:31:00,24912.3,24720.4,191.89999999999782,354135,2025-09-08 15:25:00,24900.3,eod,-12.0,-0.06253256904637904,-1903.148853486
2025-09-09,first,1,354222,2025-09-09 10:37:00,24931.4,24720.4,211.0,354510,2025-09-09 15:25:00,24958.2,eod,26.799999999999272,0.12701421800947524,617.9655385439528
2025-09-10,first,-1,354754,2025-09-10 13:14:00,25058.4,25125.0,66.59999999999854,354885,2025-09-10 15:25:00,25070.6,eod,-12.19999999999709,-0.1831831831831435,-1918.8540456898108
2025-09-11,first,1,354928,2025-09-11 09:53:00,25087.5,25039.7,47.79999999999927,355260,2025-09-11 15:25:00,25104.2,eod,16.700000000000728,0.34937238493725903,-41.0594220369527
2025-09-12,first,1,355288,2025-09-12 09:38:00,25151.0,25039.7,111.29999999999927,355635,2025-09-12 15:25:00,25205.2,eod,54.20000000000073,0.48697214734951555,2394.814134118047
2025-09-15,first,1,355831,2025-09-15 12:26:00,25188.8,25148.3,40.5,356010,2025-09-15 15:25:00,25165.2,eod,-23.599999999998545,-0.5827160493826801,-2661.7119179399056
2025-09-16,first,1,356028,2025-09-16 09:28:00,25185.9,25148.3,37.60000000000218,356061,2025-09-16 10:01:00,25261.100000000006,target,75.20000000000437,2.0,3758.9146163302835
2025-09-19,first,-1,357203,2025-09-19 10:18:00,25375.5,25522.6,147.09999999999854,357510,2025-09-19 15:25:00,25417.1,eod,-41.599999999998545,-0.28280081577157684,-3835.3582312859053
2025-09-22,first,1,357534,2025-09-22 09:34:00,25374.4,25352.0,22.400000000001455,357641,2025-09-22 11:21:00,25352.0,stop,-22.400000000001455,-1.0,-2586.9043023040945
2025-09-22,reverse,-1,357641,2025-09-22 11:21:00,25352.0,25374.4,22.400000000001455,357677,2025-09-22 11:57:00,25374.4,stop,-22.400000000001455,-1.0,-2586.9043023040945
2025-09-23,first,-1,357903,2025-09-23 09:28:00,25255.0,25432.7,177.70000000000073,358260,2025-09-23 15:25:00,25254.8,eod,0.2000000000007276,0.0011254924029303701,-1116.1838003779526
2025-09-24,first,1,358543,2025-09-24 13:53:00,25188.0,25079.2,108.79999999999927,358635,2025-09-24 15:25:00,25117.0,eod,-71.0,-0.652573529411769,-5742.01550105
2025-10-01,first,1,360216,2025-10-01 10:31:00,24812.8,24580.0,232.79999999999927,360510,2025-10-01 15:25:00,24974.8,eod,162.0,0.695876288659796,9406.047086764
2025-10-03,first,1,360551,2025-10-03 09:51:00,24935.5,24580.0,355.5,360885,2025-10-03 15:25:00,25007.8,eod,72.29999999999927,0.2033755274261583,3574.7400346869526
2025-10-06,first,1,360892,2025-10-06 09:17:00,25027.9,24916.0,111.90000000000146,361260,2025-10-06 15:25:00,25185.0,eod,157.09999999999854,1.4039320822162333,9083.937901430905
2025-10-08,first,-1,361748,2025-10-08 11:03:00,25158.4,25317.6,159.1999999999971,362010,2025-10-08 15:25:00,25118.0,eod,40.400000000001455,0.2537688442211193,1498.5774421960946
2025-10-09,first,-1,362044,2025-10-09 09:44:00,25160.0,25225.0,65.0,362121,2025-10-09 11:01:00,25225.0,stop,-65.0,-1.0,-5352.73488985
2025-10-09,reverse,1,362121,2025-10-09 11:01:00,25225.0,25160.0,65.0,362385,2025-10-09 15:25:00,25275.0,eod,50.0,0.7692307692307693,2120.608695
2025-10-13,first,-1,362781,2025-10-13 09:31:00,25256.7,25464.3,207.59999999999854,363135,2025-10-13 15:25:00,25317.4,eod,-60.70000000000073,-0.29238921001927337,-5074.877532501047
2025-10-14,first,1,363210,2025-10-14 10:25:00,25276.9,25230.6,46.30000000000291,363261,2025-10-14 11:16:00,25230.6,stop,-46.30000000000291,-1.0,-4138.3921020751895
2025-10-14,reverse,-1,363261,2025-10-14 11:16:00,25230.6,25276.9,46.30000000000291,363344,2025-10-14 12:39:00,25137.999999999993,target,92.60000000000582,2.0,4890.483429354378
2025-10-15,first,1,363517,2025-10-15 09:17:00,25339.2,25125.0,214.20000000000073,363885,2025-10-15 15:25:00,25431.4,eod,92.20000000000073,0.43043884220355,4861.047218134047
2025-10-24,first,-1,365694,2025-10-24 13:18:00,25837.7,26173.8,336.09999999999854,365821,2025-10-24 15:25:00,25817.0,eod,20.700000000000728,0.061588812853319894,206.40324653304725
2025-10-27,first,1,366100,2025-10-27 13:49:00,25997.0,25735.0,262.0,366196,2025-10-27 15:25:00,26030.0,eod,33.0,0.12595419847328243,1002.64678253
2025-10-28,first,1,366219,2025-10-28 09:33:00,26051.6,25957.0,94.59999999999854,366248,2025-10-28 10:02:00,25957.0,stop,-94.59999999999854,-1.0,-7290.4493710459055
2025-10-28,reverse,-1,366248,2025-10-28 10:02:00,25957.0,26051.6,94.59999999999854,366571,2025-10-28 15:25:00,25939.9,eod,17.099999999998545,0.18076109936573792,-29.647377809094507
2025-10-30,first,-1,367039,2025-10-30 10:43:00,26060.9,26261.8,200.89999999999782,367321,2025-10-30 15:25:00,26044.5,eod,16.400000000001455,0.08163265306123262,-76.92671049390538
2025-10-31,first,-1,367387,2025-10-31 10:16:00,26012.0,26261.8,249.79999999999927,367696,2025-10-31 15:25:00,25910.0,eod,102.0,0.4083266613290644,5488.14126158
2025-11-03,first,-1,367702,2025-11-03 09:16:00,25818.1,26261.8,443.7000000000007,368071,2025-11-03 15:25:00,25904.9,eod,-86.80000000000291,-0.19562767635790573,-6781.052090030189
2025-11-04,first,-1,368166,2025-11-04 10:45:00,25807.4,25942.3,134.89999999999782,368446,2025-11-04 15:25:00,25704.8,eod,102.60000000000218,0.7605633802817187,5530.643020958142
2025-11-06,first,-1,368477,2025-11-06 09:41:00,25728.0,25805.3,77.29999999999927,368821,2025-11-06 15:25:00,25628.5,eod,99.5,1.2871927554980716,5330.492953035
2025-11-07,first,-1,368831,2025-11-07 09:20:00,25474.2,25729.9,255.70000000000073,369196,2025-11-07 15:25:00,25590.0,eod,-115.79999999999927,-0.45287446226045736,-8660.247321761952
2025-11-10,first,1,369234,2025-11-10 09:48:00,25674.9,25428.1,246.8000000000029,369571,2025-11-10 15:25:00,25694.0,eod,19.099999999998545,0.07739059967584408,104.85722827090541
2025-11-11,first,-1,369578,2025-11-11 09:17:00,25660.0,25739.0,79.0,369836,2025-11-11 13:35:00,25739.0,stop,-79.0,-1.0,-6271.32635039
2025-11-11,reverse,1,369836,2025-11-11 13:35:00,25739.0,25660.0,79.0,369946,2025-11-11 15:25:00,25823.0,eod,84.0,1.0632911392405062,4321.32586118
2025-11-14,first,-1,370748,2025-11-14 10:02:00,25841.8,26079.0,237.20000000000073,371071,2025-11-14 15:25:00,25972.1,eod,-130.29999999999927,-0.5493254637436714,-9609.075138178952
2025-11-18,first,-1,371631,2025-11-18 12:15:00,25992.0,26083.0,91.0,371821,2025-11-18 15:25:00,25942.0,eod,50.0,0.5494505494505495,2108.34281826
2025-11-19,first,-1,371930,2025-11-19 10:59:00,25971.0,26041.2,70.20000000000073,372006,2025-11-19 12:15:00,26041.2,stop,-70.20000000000073,-1.0,-5704.622904042048
2025-11-19,reverse,1,372006,2025-11-19 12:15:00,26041.2,25971.0,70.20000000000073,372196,2025-11-19 15:25:00,26063.5,eod,22.299999999999272,0.317663817663804,306.54476203295275
2025-11-20,first,1,372252,2025-11-20 10:06:00,26112.1,26020.0,92.09999999999854,372571,2025-11-20 15:25:00,26234.2,eod,122.10000000000218,1.3257328990228459,6790.894379857142
2025-11-21,first,1,372860,2025-11-21 13:59:00,26147.9,26071.6,76.30000000000291,372927,2025-11-21 15:06:00,26071.6,stop,-76.30000000000291,-1.0,-6102.860382395189
2025-11-21,reverse,-1,372927,2025-11-21 15:06:00,26071.6,26147.9,76.30000000000291,372946,2025-11-21 15:25:00,26073.6,eod,-2.0,-0.02621231979030044,-1273.159504172
2025-11-24,first,-1,372979,2025-11-24 09:43:00,26097.2,26195.0,97.79999999999927,373321,2025-11-24 15:25:00,25985.0,eod,112.20000000000073,1.147239263803697,6149.711303258047
2025-11-25,first,-1,373406,2025-11-25 10:35:00,26003.7,26168.7,165.0,373696,2025-11-25 15:25:00,25888.0,eod,115.70000000000073,0.7012121212121256,6378.820290963047
2025-11-27,first,-1,374326,2025-11-27 13:25:00,26326.0,26495.6,169.59999999999854,374446,2025-11-27 15:25:00,26399.0,eod,-73.0,-0.4304245283018905,-5892.70353725
2025-11-28,first,1,374454,2025-11-28 09:18:00,26412.8,26317.5,95.29999999999927,374821,2025-11-28 15:25:00,26393.0,eod,-19.799999999999272,-0.2077649527806865,-2435.7058889379527
2025-12-01,first,1,374903,2025-12-01 10:32:00,26457.1,26363.1,94.0,374977,2025-12-01 11:46:00,26363.1,stop,-94.0,-1.0,-7258.394990922
2025-12-01,reverse,-1,374977,2025-12-01 11:46:00,26363.1,26457.1,94.0,375196,2025-12-01 15:25:00,26339.4,eod,23.69999999999709,0.2521276595744371,392.4232239748108
2025-12-02,first,-1,375227,2025-12-02 09:41:00,26262.3,26379.0,116.70000000000073,375571,2025-12-02 15:25:00,26229.0,eod,33.29999999999927,0.2853470437017915,1018.1735864069527
2025-12-04,first,1,376015,2025-12-04 10:19:00,26188.0,26055.0,133.0,376321,2025-12-04 15:25:00,26186.4,eod,-1.5999999999985448,-0.012030075187958983,-1249.1223315839054
2025-12-05,first,1,376375,2025-12-05 10:04:00,26244.4,26092.1,152.3000000000029,376696,2025-12-05 15:25:00,26334.9,eod,90.5,0.594221930400514,4735.086248727
2025-12-08,first,-1,376712,2025-12-08 09:26:00,26294.5,26369.9,75.40000000000146,376946,2025-12-08 13:20:00,26143.699999999997,target,150.8000000000029,2.0,8655.44040809819
2025-12-10,first,-1,377525,2025-12-10 10:29:00,26035.0,26039.0,4.0,377526,2025-12-10 10:30:00,26039.0,stop,-4.0,-1.0,-1402.5387871399998
2025-12-10,reverse,1,377526,2025-12-10 10:30:00,26039.0,26035.0,4.0,377527,2025-12-10 10:31:00,26035.0,stop,-4.0,-1.0,-1402.5387871399998
2025-12-11,first,-1,377849,2025-12-11 09:38:00,25836.2,26039.0,202.79999999999927,378196,2025-12-11 15:25:00,26010.0,eod,-173.79999999999927,-0.8570019723865873,-12436.596944781953
2025-12-12,first,1,378205,2025-12-12 09:19:00,26108.7,25805.0,303.7000000000007,378571,2025-12-12 15:25:00,26147.0,eod,38.29999999999927,0.12611129404016852,1345.1595669229528
2025-12-15,first,1,378806,2025-12-15 13:05:00,26119.0,25988.4,130.59999999999854,378946,2025-12-15 15:25:00,26109.8,eod,-9.200000000000728,-0.070444104134769,-1741.8324659680472
2025-12-16,first,1,379288,2025-12-16 14:52:00,25970.0,25952.3,17.700000000000728,379302,2025-12-16 15:06:00,25952.3,stop,-17.700000000000728,-1.0,-2291.6610595030475
2025-12-16,reverse,-1,379302,2025-12-16 15:06:00,25952.3,25970.0,17.700000000000728,379321,2025-12-16 15:25:00,25936.2,eod,16.099999999998545,0.9096045197738917,-94.56967748509459
2025-12-17,first,-1,379355,2025-12-17 09:44:00,25955.0,26008.2,53.20000000000073,379696,2025-12-17 15:25:00,25904.5,eod,50.5,0.9492481203007389,2141.477137205
2025-12-18,first,-1,380038,2025-12-18 14:52:00,25860.5,25980.0,119.5,380071,2025-12-18 15:25:00,25876.1,eod,-15.599999999998545,-0.13054393305438114,-2153.5849391259053
2025-12-19,first,1,380243,2025-12-19 12:02:00,25995.0,25850.0,145.0,380446,2025-12-19 15:25:00,26033.0,eod,38.0,0.2620689655172414,1327.60897892
2025-12-24,first,-1,381489,2025-12-24 14:03:00,26175.1,26269.2,94.10000000000218,381571,2025-12-24 15:25:00,26172.1,eod,3.0,0.03188097768331488,-949.916583392
2025-12-29,first,-1,381989,2025-12-29 09:53:00,26079.3,26269.2,189.90000000000146,382321,2025-12-29 15:25:00,25964.4,eod,114.89999999999782,0.6050552922590676,6325.524822242858
2025-12-31,first,1,382715,2025-12-31 09:29:00,26177.0,25882.6,294.40000000000146,383071,2025-12-31 15:25:00,26292.4,eod,115.40000000000146,0.39198369565217694,6354.380625466095
2026-01-05,first,-1,384186,2026-01-05 15:15:00,26326.2,26506.6,180.39999999999782,384196,2026-01-05 15:25:00,26325.9,eod,0.2999999999992724,0.001662971175162284,-1128.0087840810472
2026-01-06,first,-1,384214,2026-01-06 09:28:00,26305.8,26506.6,200.79999999999927,384571,2026-01-06 15:25:00,26282.0,eod,23.799999999999272,0.11852589641433943,399.90373804195275
2026-01-07,first,-1,384604,2026-01-07 09:43:00,26217.2,26506.6,289.3999999999978,384946,2026-01-07 15:25:00,26233.3,eod,-16.099999999998545,-0.0556323427781571,-2192.1884363049053
2026-01-13,first,1,386144,2026-01-13 10:23:00,25832.7,25573.2,259.5,386446,2026-01-13 15:25:00,25781.1,eod,-51.60000000000218,-0.19884393063584657,-4492.323955818142
2026-01-14,first,-1,386481,2026-01-14 09:45:00,25742.1,25929.0,186.90000000000146,386821,2026-01-14 15:25:00,25723.1,eod,19.0,0.10165864098448289,97.53410062800003
2026-01-16,first,-1,386843,2026-01-16 09:32:00,25756.5,25850.0,93.5,386882,2026-01-16 10:11:00,25850.0,stop,-93.5,-1.0,-7215.516399465
2026-01-16,reverse,1,386882,2026-01-16 10:11:00,25850.0,25756.5,93.5,387076,2026-01-16 13:25:00,25756.5,stop,-93.5,-1.0,-7215.516399465
2026-01-22,first,-1,388672,2026-01-22 15:01:00,25290.2,25471.2,181.0,388696,2026-01-22 15:25:00,25378.3,eod,-88.09999999999854,-0.48674033149170465,-6856.524703284906
2026-01-23,first,-1,388764,2026-01-23 10:18:00,25274.1,25397.7,123.60000000000218,389071,2026-01-23 15:25:00,25085.0,eod,189.09999999999854,1.5299352750808675,11162.500163648905
2026-01-27,first,-1,389081,2026-01-27 09:20:00,25014.9,25397.7,382.7999999999993,389446,2026-01-27 15:25:00,25175.6,eod,-160.6999999999971,-0.4198014629049044,-11571.01136770481
2026-01-28,first,-1,389719,2026-01-28 13:43:00,25339.2,25485.0,145.79999999999927,389821,2026-01-28 15:25:00,25458.5,eod,-119.29999999999927,-0.818244170096021,-8885.447309696952
2026-01-29,first,1,389884,2026-01-29 10:13:00,25314.0,25300.8,13.200000000000728,389891,2026-01-29 10:20:00,25300.8,stop,-13.200000000000728,-1.0,-1988.0035394280471
2026-01-29,reverse,-1,389891,2026-01-29 10:20:00,25300.8,25314.0,13.200000000000728,389892,2026-01-29 10:21:00,25274.399999999998,target,26.400000000001455,2.0,586.1035235280946
2026-01-30,first,1,390222,2026-01-30 09:36:00,25395.0,25262.6,132.40000000000146,390571,2026-01-30 15:25:00,25411.0,eod,16.0,0.12084592145014973,-91.80980966000004
2026-02-01,first,1,390749,2026-02-01 12:08:00,25445.0,25298.0,147.0,390753,2026-02-01 12:12:00,25298.0,stop,-147.0,-1.0,-10685.31738223
2026-02-01,reverse,-1,390753,2026-02-01 12:12:00,25298.0,25445.0,147.0,390770,2026-02-01 12:29:00,25004.0,target,294.0,2.0,17980.87490978
2026-02-02,first,-1,390995,2026-02-02 09:59:00,24913.0,25524.0,611.0,391321,2026-02-02 15:25:00,25149.2,eod,-236.20000000000073,-0.386579378068741,-16476.972264542048
2026-02-03,first,1,391404,2026-02-03 10:33:00,25885.0,24637.6,1247.4000000000015,391696,2026-02-03 15:25:00,25805.7,eod,-79.29999999999927,-0.06357223023889624,-6293.319683426953
2026-02-04,first,1,391710,2026-02-04 09:24:00,25810.0,24637.6,1172.4000000000015,392071,2026-02-04 15:25:00,25833.3,eod,23.299999999999272,0.019873763220743128,375.4855476869527
2026-02-05,first,-1,392159,2026-02-05 10:38:00,25724.8,25910.0,185.20000000000073,392446,2026-02-05 15:25:00,25719.0,eod,5.799999999999272,0.03131749460042792,-760.2056321180472
2026-02-06,first,1,392756,2026-02-06 14:20:00,25695.0,25600.1,94.90000000000146,392821,2026-02-06 15:25:00,25731.0,eod,36.0,0.37934668071653793,1202.76995214
2026-02-12,first,-1,393959,2026-02-12 09:23:00,25898.6,26020.0,121.40000000000146,394321,2026-02-12 15:25:00,25853.0,eod,45.599999999998545,0.3756177924217298,1823.9287367239053
2026-02-16,first,1,394953,2026-02-16 13:27:00,25616.0,25545.1,70.90000000000146,395071,2026-02-16 15:25:00,25721.0,eod,105.0,1.4809590973201388,5688.12757343
2026-02-17,first,1,395103,2026-02-17 09:42:00,25630.4,25545.1,85.30000000000291,395446,2026-02-17 15:25:00,25739.2,eod,108.79999999999927,1.275498241500534,5934.826495743952
2026-02-18,first,1,395474,2026-02-18 09:38:00,25755.0,25584.3,170.70000000000073,395821,2026-02-18 15:25:00,25822.8,eod,67.79999999999927,0.39718804920913287,3268.2854841419526
2026-02-19,first,1,395875,2026-02-19 10:04:00,25799.0,25660.0,139.0,395992,2026-02-19 12:01:00,25660.0,stop,-139.0,-1.0,-10171.48856699
2026-02-19,reverse,-1,395992,2026-02-19 12:01:00,25660.0,25799.0,139.0,396196,2026-02-19 15:25:00,25416.0,eod,244.0,1.7553956834532374,14724.54691564
2026-02-20,first,1,396333,2026-02-20 11:27:00,25601.3,25392.0,209.29999999999927,396571,2026-02-20 15:25:00,25575.0,eod,-26.299999999999272,-0.12565695174390523,-2844.2297564429527
2026-02-23,first,1,396578,2026-02-23 09:17:00,25698.8,25392.0,306.7999999999993,396946,2026-02-23 15:25:00,25700.0,eod,1.2000000000007276,0.003911342894396123,-1058.7938096679527
2026-02-25,first,1,397331,2026-02-25 09:20:00,25719.0,25341.0,378.0,397696,2026-02-25 15:25:00,25626.6,eod,-92.40000000000146,-0.2444444444444483,-7141.791197616095
2026-02-26,first,1,397721,2026-02-26 09:35:00,25672.6,25571.2,101.39999999999782,397888,2026-02-26 12:22:00,25571.2,stop,-101.39999999999782,-1.0,-7725.867790117858
2026-02-26,reverse,-1,397888,2026-02-26 12:22:00,25571.2,25672.6,101.39999999999782,398071,2026-02-26 15:25:00,25632.2,eod,-61.0,-0.6015779092702299,-5099.758564274
2026-03-10,first,1,400403,2026-03-10 10:32:00,24270.0,23804.0,466.0,400696,2026-03-10 15:25:00,24415.0,eod,145.0,0.3111587982832618,8310.57774715
2026-03-17,first,1,402478,2026-03-17 13:52:00,23580.0,23373.0,207.0,402571,2026-03-17 15:25:00,23615.9,eod,35.900000000001455,0.17342995169082828,1232.4531628010945
2026-03-18,first,1,402577,2026-03-18 09:16:00,23719.8,23373.0,346.7999999999993,402946,2026-03-18 15:25:00,23765.8,eod,46.0,0.13264129181084225,1886.416096984
2026-03-20,first,-1,403355,2026-03-20 09:44:00,23261.0,23875.7,614.7000000000007,403696,2026-03-20 15:25:00,23140.0,eod,121.0,0.19684398893769295,6770.25459239
2026-03-24,first,1,404263,2026-03-24 12:22:00,22818.6,22617.0,201.59999999999854,404446,2026-03-24 15:25:00,22958.9,eod,140.3000000000029,0.6959325396825592,8029.974863225189
2026-03-25,first,-1,404814,2026-03-25 15:18:00,23287.0,23460.1,173.09999999999854,404821,2026-03-25 15:25:00,23286.3,eod,0.7000000000007276,0.004043905257081071,-1050.0154396129528
2026-04-01,first,-1,405729,2026-04-01 11:48:00,22864.0,23035.0,171.0,405946,2026-04-01 15:25:00,22798.5,eod,65.5,0.3830409356725146,3169.396108375
2026-04-02,first,1,406214,2026-04-02 13:38:00,22607.0,22277.0,330.0,406321,2026-04-02 15:25:00,22740.0,eod,133.0,0.403030303030303,7559.19989733
2026-04-06,first,1,406346,2026-04-06 09:35:00,22778.0,22277.0,501.0,406696,2026-04-06 15:25:00,23051.9,eod,273.90000000000146,0.5467065868263502,16712.745094061094
2026-04-07,first,-1,406802,2026-04-07 10:56:00,22922.0,23089.0,167.0,406968,2026-04-07 13:42:00,23089.0,stop,-167.0,-1.0,-11944.724699710001
2026-04-07,reverse,1,406968,2026-04-07 13:42:00,23089.0,22922.0,167.0,407071,2026-04-07 15:25:00,23162.0,eod,73.0,0.437125748502994,3651.81843389
2026-04-09,first,-1,407539,2026-04-09 10:43:00,23881.0,24090.0,209.0,407821,2026-04-09 15:25:00,23861.9,eod,19.099999999998545,0.09138755980860548,135.87261813090544
2026-04-13,first,1,408345,2026-04-13 11:39:00,23799.9,23627.1,172.8000000000029,408571,2026-04-13 15:25:00,23848.0,eod,48.099999999998545,0.27835648148146835,2021.5155610809054
2026-04-15,first,1,408719,2026-04-15 11:38:00,24234.3,23627.1,607.2000000000007,408946,2026-04-15 15:25:00,24230.0,eod,-4.299999999999272,-0.0070816864295113096,-1391.1610661229527
2026-04-16,first,1,408953,2026-04-16 09:17:00,24359.3,23627.1,732.2000000000007,409321,2026-04-16 15:25:00,24194.5,eod,-164.79999999999927,-0.2250751160884992,-11823.487689217953
2026-04-17,first,1,409361,2026-04-17 09:50:00,24220.0,24115.0,105.0,409696,2026-04-17 15:25:00,24368.0,eod,148.0,1.4095238095238096,8506.38989732
2026-04-20,first,1,409749,2026-04-20 10:03:00,24365.0,24265.8,99.20000000000073,410071,2026-04-20 15:25:00,24312.9,eod,-52.099999999998545,-0.5252016129032073,-4499.708487218905
2026-04-22,first,-1,410565,2026-04-22 11:09:00,24401.6,24604.0,202.40000000000146,410821,2026-04-22 15:25:00,24383.4,eod,18.19999999999709,0.08992094861658577,68.46416614981086
2026-04-23,first,-1,410872,2026-04-23 10:01:00,24251.4,24446.0,194.59999999999854,411196,2026-04-23 15:25:00,24160.0,eod,91.40000000000146,0.46968139773896267,4829.231574846095
2026-04-24,first,-1,411207,2026-04-24 09:21:00,24113.8,24446.0,332.2000000000007,411571,2026-04-24 15:25:00,23932.1,eod,181.70000000000073,0.5469596628537036,10701.329664301047
2026-04-27,first,1,411609,2026-04-27 09:48:00,24102.2,23835.0,267.2000000000007,411946,2026-04-27 15:25:00,24118.9,eod,16.700000000000728,0.06250000000000255,-24.20367817095274
2026-04-28,first,-1,412033,2026-04-28 10:37:00,24130.0,24140.0,10.0,412041,2026-04-28 10:45:00,24140.0,stop,-10.0,-1.0,-1759.9657547000002
2026-04-28,reverse,1,412041,2026-04-28 10:45:00,24140.0,24130.0,10.0,412050,2026-04-28 10:54:00,24160.0,target,20.0,2.0,189.60213699999997
2026-05-29,first,-1,412355,2026-05-29 09:44:00,23961.0,24179.0,218.0,412696,2026-05-29 15:25:00,23725.0,eod,236.0,1.0825688073394495,14233.59045354
2026-06-02,first,1,413370,2026-06-02 14:09:00,23635.0,23286.0,349.0,413446,2026-06-02 15:25:00,23614.9,eod,-20.099999999998545,-0.05759312320916488,-2407.6811321389055
2026-06-03,first,-1,413665,2026-06-03 12:49:00,23379.2,23646.7,267.5,413821,2026-06-03 15:25:00,23510.7,eod,-131.5,-0.491588785046729,-9644.950142539
2026-06-04,first,1,413848,2026-06-04 09:37:00,23434.0,23212.0,222.0,414196,2026-06-04 15:25:00,23530.5,eod,96.5,0.4346846846846847,5173.077958155
2026-06-05,first,1,414217,2026-06-05 09:31:00,23545.9,23359.2,186.70000000000073,414469,2026-06-05 13:43:00,23359.2,stop,-186.70000000000073,-1.0,-13232.757237411048
2026-06-05,reverse,-1,414469,2026-06-05 13:43:00,23359.2,23545.9,186.70000000000073,414571,2026-06-05 15:25:00,23455.0,eod,-95.79999999999927,-0.5131226566684461,-7324.011479261952
2026-06-08,first,1,414714,2026-06-08 11:33:00,23250.0,23166.0,84.0,414925,2026-06-08 15:04:00,23166.0,stop,-84.0,-1.0,-6553.67446176
2026-06-08,reverse,-1,414925,2026-06-08 15:04:00,23166.0,23250.0,84.0,414946,2026-06-08 15:25:00,23151.8,eod,14.200000000000728,0.16904761904762772,-170.40896725795272
2026-06-09,first,-1,415000,2026-06-09 10:04:00,23225.0,23353.3,128.29999999999927,415321,2026-06-09 15:25:00,23338.6,eod,-113.59999999999854,-0.8854247856586063,-8478.763814595906
2026-06-10,first,1,415329,2026-06-10 09:18:00,23362.2,23145.0,217.20000000000073,415696,2026-06-10 15:25:00,23249.0,eod,-113.20000000000073,-0.5211786372007382,-8453.173306432047
2026-06-11,first,1,415832,2026-06-11 11:26:00,23247.0,23105.0,142.0,416071,2026-06-11 15:25:00,23216.2,eod,-30.799999999999272,-0.2169014084506991,-3096.389412151953
2026-06-12,first,1,416146,2026-06-12 10:25:00,23405.3,23161.2,244.09999999999854,416446,2026-06-12 15:25:00,23700.0,eod,294.7000000000007,1.2072920934043527,18053.714139867046
2026-06-23,first,-1,418923,2026-06-23 12:57:00,23954.0,24176.3,222.29999999999927,419071,2026-06-23 15:25:00,23825.0,eod,129.0,0.5802968960863717,7278.42091781
2026-06-24,first,-1,419106,2026-06-24 09:45:00,23857.6,24176.3,318.7000000000007,419446,2026-06-24 15:25:00,24061.9,eod,-204.3000000000029,-0.6410417320364056,-14385.33105939519
2026-06-25,first,-1,419779,2026-06-25 14:43:00,24086.0,24278.6,192.59999999999854,419821,2026-06-25 15:25:00,24100.5,eod,-14.5,-0.07528556593977212,-2051.725203265
2026-06-29,first,-1,419842,2026-06-29 09:31:00,24060.0,24278.6,218.59999999999854,420196,2026-06-29 15:25:00,23975.0,eod,85.0,0.3888380603842661,4416.48859365
2026-06-30,first,-1,420370,2026-06-30 12:04:00,23941.1,24139.0,197.90000000000146,420571,2026-06-30 15:25:00,23863.1,eod,78.0,0.39413845376452467,3963.503716838
2026-07-08,first,-1,422461,2026-07-08 09:25:00,24271.6,24565.1,293.5,422821,2026-07-08 15:25:00,23906.7,eod,364.8999999999978,1.243270868824524,22607.125446336857
2026-07-09,first,1,422946,2026-07-09 11:15:00,24065.3,23844.7,220.59999999999854,423196,2026-07-09 15:25:00,24009.3,eod,-56.0,-0.2538531278331839,-4748.025279306
2026-07-10,first,1,423330,2026-07-10 11:24:00,24211.1,23960.0,251.09999999999854,423571,2026-07-10 15:25:00,24244.5,eod,33.400000000001455,0.13301473516527937,1059.1928052840944
2026-07-13,first,1,423620,2026-07-13 09:59:00,24139.0,23960.0,179.0,423946,2026-07-13 15:25:00,24237.8,eod,98.79999999999927,0.5519553072625658,5310.484239751952
2026-07-14,first,-1,423977,2026-07-14 09:41:00,24078.0,24275.0,197.0,424321,2026-07-14 15:25:00,24019.9,eod,58.099999999998545,0.2949238578680129,2667.6079365809055
2026-07-15,first,-1,424530,2026-07-15 12:39:00,24136.2,24228.2,92.0,424696,2026-07-15 15:25:00,24075.2,eod,61.0,0.6630434782608695,2855.120136846
2026-07-16,first,-1,424722,2026-07-16 09:36:00,24123.3,24228.2,104.90000000000146,425071,2026-07-16 15:25:00,24096.0,eod,27.299999999999272,0.2602478551000848,664.7497083269527
2026-07-17,first,1,425216,2026-07-17 11:35:00,24235.0,24055.3,179.70000000000073,425446,2026-07-17 15:25:00,24335.6,eod,100.59999999999854,0.559821925431264,5425.816020133905
2026-07-20,first,-1,425571,2026-07-20 11:15:00,24190.7,24361.3,170.59999999999854,425821,2026-07-20 15:25:00,24266.0,eod,-75.29999999999927,-0.4413833528722152,-6005.680708686953
2026-07-21,first,-1,425893,2026-07-21 10:22:00,24190.1,24282.9,92.80000000000291,426196,2026-07-21 15:25:00,24177.5,eod,12.599999999998545,0.13577586206894557,-291.93279703609454
2026-07-27,first,1,427349,2026-07-27 09:38:00,23968.4,23640.0,328.40000000000146,427696,2026-07-27 15:25:00,24038.9,eod,70.5,0.21467722289890281,3474.310353647
2026-07-28,first,1,427724,2026-07-28 09:38:00,24021.0,23902.4,118.59999999999854,428071,2026-07-28 15:25:00,23989.8,eod,-31.200000000000728,-0.26306913996628256,-3135.624638988047
2026-07-30,first,-1,428609,2026-07-30 11:53:00,24296.1,24346.6,50.5,428648,2026-07-30 12:32:00,24346.6,stop,-50.5,-1.0,-4395.416760147
2026-07-30,reverse,1,428648,2026-07-30 12:32:00,24346.6,24296.1,50.5,428821,2026-07-30 15:25:00,24360.0,eod,13.400000000001455,0.26534653465349417,-242.83715082590544
2026-08-04,first,-1,429749,2026-08-04 12:08:00,24555.4,24697.0,141.59999999999854,429946,2026-08-04 15:25:00,24562.1,eod,-6.69999999999709,-0.047316384180770894,-1552.7342441748108
2026-08-05,first,-1,430139,2026-08-05 12:23:00,24640.1,24740.0,99.90000000000146,430321,2026-08-05 15:25:00,24640.8,eod,-0.7000000000007276,-0.007007007007014188,-1164.1670040490474
2026-08-06,first,1,430584,2026-08-06 13:33:00,24720.0,24565.0,155.0,430696,2026-08-06 15:25:00,24743.7,eod,23.700000000000728,0.1529032258064563,420.1266560430472
2026-08-07,first,1,430740,2026-08-07 09:54:00,24698.0,24692.6,5.400000000001455,430742,2026-08-07 09:56:00,24692.6,stop,-5.400000000001455,-1.0,-1470.5778400660947
2026-08-07,reverse,-1,430742,2026-08-07 09:56:00,24692.6,24698.0,5.400000000001455,430743,2026-08-07 09:57:00,24700.0,stop,-7.400000000001455,-1.3703703703702705,-1600.5832472860945
2026-08-10,first,1,431165,2026-08-10 10:44:00,24670.0,24601.0,69.0,431446,2026-08-10 15:25:00,24658.3,eod,-11.700000000000728,-0.1695652173913149,-1879.5080951630473
2026-08-11,first,-1,431452,2026-08-11 09:16:00,24581.4,24698.8,117.39999999999782,431821,2026-08-11 15:25:00,24535.1,eod,46.30000000000291,0.39437819420786857,1891.9642594351892
2026-08-12,first,1,431836,2026-08-12 09:25:00,24524.0,24510.0,14.0,431849,2026-08-12 09:38:00,24510.0,stop,-14.0,-1.0,-2026.47731274
2026-08-12,reverse,-1,431849,2026-08-12 09:38:00,24510.0,24524.0,14.0,431860,2026-08-12 09:49:00,24482.0,target,28.0,2.0,703.6362388800001
2026-08-13,first,1,432296,2026-08-13 10:50:00,24419.9,24363.9,56.0,432571,2026-08-13 15:25:00,24464.0,eod,44.099999999998545,0.787499999999974,1750.9666991209053
2026-08-14,first,1,432629,2026-08-14 10:08:00,24417.2,24363.9,53.29999999999927,432946,2026-08-14 15:25:00,24450.9,eod,33.70000000000073,0.632270168855557,1075.1626861590473
2026-08-18,first,-1,433328,2026-08-18 09:17:00,24279.9,24436.5,156.59999999999854,433696,2026-08-18 15:25:00,24229.0,eod,50.900000000001455,0.32503192848021667,2196.1345228710948
2026-08-20,first,1,434096,2026-08-20 09:35:00,24265.0,24087.4,177.59999999999854,434446,2026-08-20 15:25:00,24295.0,eod,30.0,0.1689189189189203,837.3196984
2026-08-21,first,1,434490,2026-08-21 09:54:00,24302.0,24087.4,214.59999999999854,434821,2026-08-21 15:25:00,24286.0,eod,-16.0,-0.07455731593662679,-2152.65070268
2026-08-24,first,-1,434852,2026-08-24 09:41:00,24311.3,24352.0,40.70000000000073,434954,2026-08-24 11:23:00,24229.899999999998,target,81.40000000000146,2.0,4178.179816268094
2026-08-27,first,-1,435963,2026-08-27 09:27:00,24373.0,24477.0,104.0,436321,2026-08-27 15:25:00,24283.0,eod,90.0,0.8653846153846154,4736.14755184
2026-08-31,first,-1,436712,2026-08-31 09:26:00,24192.0,24380.2,188.20000000000073,437071,2026-08-31 15:25:00,24251.7,eod,-59.70000000000073,-0.31721572794899305,-4991.660771757048
2026-09-02,first,1,437769,2026-09-02 14:33:00,24047.0,23942.4,104.59999999999854,437821,2026-09-02 15:25:00,24000.4,eod,-46.599999999998545,-0.4455066921606041,-4136.847611113905
2026-09-03,first,1,437827,2026-09-03 09:16:00,24124.0,23942.4,181.59999999999854,438196,2026-09-03 15:25:00,24003.8,eod,-120.20000000000073,-0.6618942731277626,-8921.104761358047
2026-09-04,first,1,438419,2026-09-04 12:53:00,24068.0,23983.4,84.59999999999854,438571,2026-09-04 15:25:00,24041.2,eod,-26.799999999999272,-0.3167848699763562,-2850.4920542119526
