day,leg,side,entry_i,entry_time,entry_px,stop,R,exit_i,exit_time,exit_px,exit_reason,gross_pts,net
2021-10-04,first,1,380,2021-10-04 09:20:00,17611.25,17507.15,104.09999999999854,745,2021-10-04 15:25:00,17710.0,eod,98.75,5418.9066152875
2021-10-05,first,1,755,2021-10-05 09:20:00,17662.0,17635.0,27.0,956,2021-10-05 12:41:00,17716.0,target,54.0,2509.93298542
2021-10-06,first,1,1130,2021-10-06 09:20:00,17840.7,17827.25,13.450000000000728,1152,2021-10-06 09:42:00,17827.25,stop,-13.450000000000728,-1876.4025512995472
2021-10-06,reverse,-1,1152,2021-10-06 09:42:00,17827.25,17840.7,13.450000000000728,1166,2021-10-06 09:56:00,17840.7,stop,-13.450000000000728,-1876.4025512995472
2021-10-11,first,1,2255,2021-10-11 09:20:00,17902.0,17898.0,4.0,2257,2021-10-11 09:22:00,17898.0,stop,-4.0,-1263.337338
2021-10-11,reverse,-1,2257,2021-10-11 09:22:00,17898.0,17902.0,4.0,2258,2021-10-11 09:23:00,17902.0,stop,-4.0,-1263.337338
2021-10-12,first,-1,2630,2021-10-12 09:20:00,17952.25,17956.55,4.299999999999272,2631,2021-10-12 09:21:00,17956.55,stop,-4.299999999999272,-1283.7662157679526
2021-10-12,reverse,1,2631,2021-10-12 09:21:00,17956.55,17952.25,4.299999999999272,2632,2021-10-12 09:22:00,17965.149999999998,target,8.599999999998545,-445.45202233709455
2021-10-13,first,1,3005,2021-10-13 09:20:00,18063.55,18005.4,58.14999999999782,3248,2021-10-13 13:23:00,18179.849999999995,target,116.29999999999563,6551.666236325716
2021-10-14,first,1,3380,2021-10-14 09:20:00,18268.1,18173.0,95.09999999999854,3745,2021-10-14 15:25:00,18356.45,eod,88.35000000000218,4731.819535374642
2021-10-18,first,1,3755,2021-10-18 09:20:00,18449.6,18350.0,99.59999999999854,4120,2021-10-18 15:25:00,18491.55,eod,41.95000000000073,1713.3829024485472
2021-10-19,first,-1,4130,2021-10-19 09:20:00,18558.55,18567.0,8.450000000000728,4134,2021-10-19 09:24:00,18567.0,stop,-8.450000000000728,-1563.8995432355473
2021-10-19,reverse,1,4134,2021-10-19 09:24:00,18567.0,18558.55,8.450000000000728,4147,2021-10-19 09:37:00,18558.55,stop,-8.450000000000728,-1563.8995432355473
2021-10-20,first,-1,4505,2021-10-20 09:20:00,18391.65,18448.15,56.5,4550,2021-10-20 10:05:00,18448.15,stop,-56.5,-4684.424256678
2021-10-20,reverse,1,4550,2021-10-20 10:05:00,18448.15,18391.65,56.5,4607,2021-10-20 11:02:00,18391.65,stop,-56.5,-4684.424256678
2021-10-21,first,1,4880,2021-10-21 09:20:00,18337.5,18336.15,1.3499999999985448,4881,2021-10-21 09:21:00,18340.199999999997,target,2.6999999999970896,-835.3840364971891
2021-10-22,first,1,5255,2021-10-22 09:20:00,18271.65,18222.55,49.10000000000218,5382,2021-10-22 11:27:00,18222.55,stop,-49.10000000000218,-4200.511419062142
2021-10-22,reverse,-1,5382,2021-10-22 11:27:00,18222.55,18271.65,49.10000000000218,5475,2021-10-22 13:00:00,18124.349999999995,target,98.20000000000437,5374.386822691284
2021-10-25,first,-1,5630,2021-10-25 09:20:00,18124.8,18224.4,99.60000000000218,5795,2021-10-25 12:05:00,18224.4,stop,-99.60000000000218,-7481.475720612142
2021-10-25,reverse,1,5795,2021-10-25 12:05:00,18224.4,18124.8,99.60000000000218,5924,2021-10-25 14:14:00,18124.8,stop,-99.60000000000218,-7481.475720612142
2021-10-27,first,1,6380,2021-10-27 09:20:00,18298.0,18268.0,30.0,6677,2021-10-27 14:17:00,18268.0,stop,-30.0,-2959.73730326
2021-10-27,reverse,-1,6677,2021-10-27 14:17:00,18268.0,18298.0,30.0,6699,2021-10-27 14:39:00,18208.0,target,60.0,2890.5060216399997
2021-10-28,first,-1,6755,2021-10-28 09:20:00,18145.1,18162.4,17.30000000000291,6770,2021-10-28 09:35:00,18110.499999999993,target,34.60000000000582,1241.5398272843784
2021-10-29,first,-1,7130,2021-10-29 09:20:00,17706.55,17786.15,79.60000000000218,7151,2021-10-29 09:41:00,17786.15,stop,-79.60000000000218,-6174.266553647142
2021-10-29,reverse,1,7151,2021-10-29 09:41:00,17786.15,17706.55,79.60000000000218,7421,2021-10-29 14:11:00,17706.55,stop,-79.60000000000218,-6174.266553647142
2021-11-01,first,-1,7505,2021-11-01 09:20:00,17821.1,17845.9,24.80000000000291,7508,2021-11-01 09:23:00,17771.499999999993,target,49.60000000000582,2222.1231207143783
2021-11-03,first,-1,8255,2021-11-03 09:20:00,17986.15,17994.95,8.799999999999272,8257,2021-11-03 09:22:00,17968.550000000003,target,17.599999999998545,139.2130585329054
2021-11-08,first,-1,8630,2021-11-08 09:20:00,17940.45,18010.0,69.54999999999927,8795,2021-11-08 12:05:00,18010.0,stop,-69.54999999999927,-5524.990761124453
2021-11-08,reverse,1,8795,2021-11-08 12:05:00,18010.0,17940.45,69.54999999999927,8915,2021-11-08 14:05:00,18149.1,target,139.09999999999854,8034.253925648905
2021-11-10,first,-1,9380,2021-11-10 09:20:00,17934.2,18078.35,144.14999999999782,9662,2021-11-10 14:02:00,18078.35,stop,-144.14999999999782,-10374.085530305358
2021-11-10,reverse,1,9662,2021-11-10 14:02:00,18078.35,17934.2,144.14999999999782,9745,2021-11-10 15:25:00,18019.75,eod,-58.599999999998545,-4814.567759140906
2021-11-12,first,1,10130,2021-11-12 09:20:00,17974.2,17902.65,71.54999999999927,10421,2021-11-12 14:11:00,18117.3,target,143.09999999999854,8294.808749684906
2021-11-15,first,1,10505,2021-11-15 09:20:00,18220.0,18129.5,90.5,10632,2021-11-15 11:27:00,18129.5,stop,-90.5,-6890.031521695
2021-11-15,reverse,-1,10632,2021-11-15 11:27:00,18129.5,18220.0,90.5,10870,2021-11-15 15:25:00,18134.15,eod,-4.650000000001455,-1309.5494167765946
2021-11-16,first,1,10880,2021-11-16 09:20:00,18110.45,18093.0,17.450000000000728,10884,2021-11-16 09:24:00,18093.0,stop,-17.450000000000728,-2140.9596094545473
2021-11-16,reverse,-1,10884,2021-11-16 09:24:00,18093.0,18110.45,17.450000000000728,10887,2021-11-16 09:27:00,18110.45,stop,-17.450000000000728,-2140.9596094545473
2021-11-17,first,-1,11255,2021-11-17 09:20:00,17934.0,17944.45,10.450000000000728,11256,2021-11-17 09:21:00,17944.45,stop,-10.450000000000728,-1683.2206362045472
2021-11-17,reverse,1,11256,2021-11-17 09:21:00,17944.45,17934.0,10.450000000000728,11265,2021-11-17 09:30:00,17965.350000000002,target,20.900000000001455,354.07781062209455
2021-11-18,first,-1,11630,2021-11-18 09:20:00,17920.0,17930.6,10.599999999998545,11633,2021-11-18 09:23:00,17930.6,stop,-10.599999999998545,-1692.7315406659054
2021-11-18,reverse,1,11633,2021-11-18 09:23:00,17930.6,17920.0,10.599999999998545,11637,2021-11-18 09:27:00,17920.0,stop,-10.599999999998545,-1692.7315406659054
2021-11-23,first,1,12380,2021-11-23 09:20:00,17314.7,17270.05,44.650000000001455,12382,2021-11-23 09:22:00,17270.05,stop,-44.650000000001455,-3894.9547609475944
2021-11-23,reverse,-1,12382,2021-11-23 09:22:00,17270.05,17314.7,44.650000000001455,12388,2021-11-23 09:28:00,17314.7,stop,-44.650000000001455,-3894.9547609475944
2021-11-24,first,-1,12755,2021-11-24 09:20:00,17527.0,17559.5,32.5,12766,2021-11-24 09:31:00,17559.5,stop,-32.5,-3109.567612265
2021-11-24,reverse,1,12766,2021-11-24 09:31:00,17559.5,17527.0,32.5,12802,2021-11-24 10:07:00,17527.0,stop,-32.5,-3109.567612265
2021-11-26,first,1,13505,2021-11-26 09:20:00,17353.8,17346.6,7.200000000000728,13506,2021-11-26 09:21:00,17346.6,stop,-7.200000000000728,-1461.9130684440474
2021-11-26,reverse,-1,13506,2021-11-26 09:21:00,17346.6,17353.8,7.200000000000728,13507,2021-11-26 09:22:00,17332.199999999997,target,14.400000000001455,-57.854670467905464
2021-11-29,first,-1,13880,2021-11-29 09:20:00,16899.0,17054.0,155.0,13893,2021-11-29 09:33:00,17054.0,stop,-155.0,-11061.65547033
2021-11-29,reverse,1,13893,2021-11-29 09:33:00,17054.0,16899.0,155.0,14245,2021-11-29 15:25:00,17095.0,eod,41.0,1675.52142211
2021-12-03,first,1,15380,2021-12-03 09:20:00,17502.85,17467.05,35.79999999999927,15400,2021-12-03 09:40:00,17467.05,stop,-35.79999999999927,-3323.050956338953
2021-12-03,reverse,-1,15400,2021-12-03 09:40:00,17467.05,17502.85,35.79999999999927,15420,2021-12-03 10:00:00,17395.45,target,71.59999999999854,3658.2394113749056
2021-12-06,first,-1,15755,2021-12-06 09:20:00,17206.0,17255.55,49.54999999999927,15885,2021-12-06 11:30:00,17106.9,target,99.09999999999854,5450.279600430906
2021-12-07,first,-1,16130,2021-12-07 09:20:00,17085.0,17092.35,7.349999999998545,16133,2021-12-07 09:23:00,17070.300000000003,target,14.69999999999709,-33.878610633189226
2021-12-08,first,1,16505,2021-12-08 09:20:00,17410.0,17215.75,194.25,16870,2021-12-08 15:25:00,17510.6,eod,100.59999999999854,5542.572796633905
2021-12-09,first,1,16880,2021-12-09 09:20:00,17530.0,17510.0,20.0,16882,2021-12-09 09:22:00,17510.0,stop,-20.0,-2296.7429944
2021-12-09,reverse,-1,16882,2021-12-09 09:22:00,17510.0,17530.0,20.0,16889,2021-12-09 09:29:00,17470.0,target,40.0,1603.4192222
2021-12-10,first,-1,17255,2021-12-10 09:20:00,17514.45,17564.5,50.04999999999927,17258,2021-12-10 09:23:00,17564.5,stop,-50.04999999999927,-4250.150365009453
2021-12-10,reverse,1,17258,2021-12-10 09:23:00,17564.5,17514.45,50.04999999999927,17270,2021-12-10 09:35:00,17514.45,stop,-50.04999999999927,-4250.150365009453
2021-12-13,first,1,17630,2021-12-13 09:20:00,17678.15,17541.1,137.0500000000029,17812,2021-12-13 12:22:00,17540.0,stop,-138.15000000000146,-9977.325642521595
2021-12-13,reverse,-1,17812,2021-12-13 12:22:00,17540.0,17677.050000000003,137.0500000000029,17995,2021-12-13 15:25:00,17457.65,eod,82.34999999999854,4355.770503483405
2021-12-14,first,-1,18005,2021-12-14 09:20:00,17315.45,17464.75,149.29999999999927,18370,2021-12-14 15:25:00,17346.5,eod,-31.049999999999272,-3011.6946596394528
2021-12-15,first,-1,18380,2021-12-15 09:20:00,17330.2,17379.5,49.29999999999927,18459,2021-12-15 10:39:00,17231.600000000002,target,98.59999999999854,5415.653531901906
2021-12-20,first,-1,19505,2021-12-20 09:20:00,16764.85,17044.2,279.3500000000022,19870,2021-12-20 15:25:00,16635.1,eod,129.75,7450.1593161805
2021-12-21,first,1,19880,2021-12-21 09:20:00,16812.65,16626.85,185.8000000000029,20245,2021-12-21 15:25:00,16807.0,eod,-5.650000000001455,-1351.9278219365947
2021-12-23,first,1,20630,2021-12-23 09:20:00,17065.8,17052.05,13.75,20633,2021-12-23 09:23:00,17052.05,stop,-13.75,-1882.6418454385
2021-12-23,reverse,-1,20633,2021-12-23 09:23:00,17052.05,17065.8,13.75,20634,2021-12-23 09:24:00,17065.8,stop,-13.75,-1882.6418454385
2021-12-24,first,-1,21005,2021-12-24 09:20:00,17084.05,17160.0,75.95000000000073,21080,2021-12-24 10:35:00,16932.149999999998,target,151.90000000000146,8884.508576518094
2021-12-28,first,1,21755,2021-12-28 09:20:00,17183.8,17176.45,7.349999999998545,21757,2021-12-28 09:22:00,17198.499999999996,target,14.69999999999709,-35.820280103189134
2021-12-29,first,-1,22130,2021-12-29 09:20:00,17250.45,17257.15,6.700000000000728,22135,2021-12-29 09:25:00,17237.05,target,13.400000000001455,-121.21251487490537
2021-12-30,first,1,22505,2021-12-30 09:20:00,17206.95,17151.6,55.35000000000218,22870,2021-12-30 15:25:00,17205.4,eod,-1.5499999999992724,-1092.2322535834528
2021-12-31,first,-1,22880,2021-12-31 09:20:00,17337.85,17340.0,2.150000000001455,22881,2021-12-31 09:21:00,17340.0,stop,-2.150000000001455,-1133.4997270385945
2021-12-31,reverse,1,22881,2021-12-31 09:21:00,17340.0,17337.85,2.150000000001455,22882,2021-12-31 09:22:00,17344.300000000003,target,4.30000000000291,-714.3426303228109
2022-01-04,first,1,23630,2022-01-04 09:20:00,17713.8,17674.15,39.64999999999782,23648,2022-01-04 09:38:00,17674.15,stop,-39.64999999999782,-3576.854270499358
2022-01-04,reverse,-1,23648,2022-01-04 09:38:00,17674.15,17713.8,39.64999999999782,23655,2022-01-04 09:45:00,17713.8,stop,-39.64999999999782,-3576.854270499358
2022-01-05,first,1,24005,2022-01-05 09:20:00,17843.6,17800.35,43.25,24023,2022-01-05 09:38:00,17800.35,stop,-43.25,-3813.0229346595
2022-01-05,reverse,-1,24023,2022-01-05 09:38:00,17800.35,17843.6,43.25,24031,2022-01-05 09:46:00,17843.6,stop,-43.25,-3813.0229346595
2022-01-07,first,1,24755,2022-01-07 09:20:00,17880.0,17848.45,31.549999999999272,24829,2022-01-07 10:34:00,17943.1,target,63.099999999998545,3097.5725386089052
2022-01-10,first,1,25130,2022-01-10 09:20:00,17958.65,17852.55,106.10000000000218,25495,2022-01-10 15:25:00,18053.0,eod,94.34999999999854,5127.026942943406
2022-01-11,first,1,25505,2022-01-11 09:20:00,18038.8,18011.4,27.399999999997817,25527,2022-01-11 09:42:00,18011.4,stop,-27.399999999997817,-2786.340561221858
2022-01-11,reverse,-1,25527,2022-01-11 09:42:00,18011.4,18038.8,27.399999999997817,25531,2022-01-11 09:46:00,18038.8,stop,-27.399999999997817,-2786.340561221858
2022-01-12,first,-1,25880,2022-01-12 09:20:00,18176.45,18212.85,36.39999999999782,25964,2022-01-12 10:44:00,18212.85,stop,-36.39999999999782,-3374.188440372858
2022-01-12,reverse,1,25964,2022-01-12 10:44:00,18212.85,18176.45,36.39999999999782,26245,2022-01-12 15:25:00,18234.0,eod,21.150000000001455,365.73263187159466
2022-01-13,first,1,26255,2022-01-13 09:20:00,18265.2,18236.05,29.150000000001455,26304,2022-01-13 10:09:00,18236.05,stop,-29.150000000001455,-2903.9384295125947
2022-01-13,reverse,-1,26304,2022-01-13 10:09:00,18236.05,18265.2,29.150000000001455,26380,2022-01-13 11:25:00,18265.2,stop,-29.150000000001455,-2903.9384295125947
2022-01-14,first,1,26630,2022-01-14 09:20:00,18169.9,18146.2,23.700000000000728,26645,2022-01-14 09:35:00,18217.300000000003,target,47.400000000001455,2072.339292208095
2022-01-17,first,1,27005,2022-01-17 09:20:00,18307.0,18291.75,15.25,27013,2022-01-17 09:28:00,18291.75,stop,-15.25,-2001.3537214875
2022-01-17,reverse,-1,27013,2022-01-17 09:28:00,18291.75,18307.0,15.25,27019,2022-01-17 09:34:00,18261.25,target,30.5,972.51996867
2022-01-18,first,1,27380,2022-01-18 09:20:00,18350.95,18331.4,19.549999999999272,27395,2022-01-18 09:35:00,18331.4,stop,-19.549999999999272,-2281.5436482834525
2022-01-18,reverse,-1,27395,2022-01-18 09:35:00,18331.4,18350.95,19.549999999999272,27399,2022-01-18 09:39:00,18292.300000000003,target,39.099999999998545,1530.8649184429055
2022-01-19,first,-1,27755,2022-01-19 09:20:00,18063.45,18136.55,73.09999999999854,27959,2022-01-19 12:44:00,17917.250000000004,target,146.1999999999971,8497.23835467281
2022-01-20,first,-1,28130,2022-01-20 09:20:00,17933.7,17978.0,44.29999999999927,28239,2022-01-20 11:09:00,17845.100000000002,target,88.59999999999854,4755.302288531905
2022-01-24,first,1,28880,2022-01-24 09:20:00,17552.95,17524.35,28.600000000002183,28888,2022-01-24 09:28:00,17524.35,stop,-28.600000000002183,-2856.011734053142
2022-01-24,reverse,-1,28888,2022-01-24 09:28:00,17524.35,17552.95,28.600000000002183,28890,2022-01-24 09:30:00,17467.149999999994,target,57.200000000004366,2721.220235685284
2022-01-25,first,-1,29255,2022-01-25 09:20:00,16904.7,17183.95,279.25,29295,2022-01-25 10:00:00,17183.95,stop,-279.25,-19138.3389050265
2022-01-25,reverse,1,29295,2022-01-25 10:00:00,17183.95,16904.7,279.25,29620,2022-01-25 15:25:00,17278.0,eod,94.04999999999927,5120.784227360453
2022-01-27,first,1,29630,2022-01-27 09:20:00,16988.1,16953.05,35.04999999999927,29644,2022-01-27 09:34:00,16953.05,stop,-35.04999999999927,-3265.5058175514528
2022-01-27,reverse,-1,29644,2022-01-27 09:34:00,16953.05,16988.1,35.04999999999927,29662,2022-01-27 09:52:00,16988.1,stop,-35.04999999999927,-3265.5058175514528
2022-01-31,first,-1,30239,2022-01-31 09:20:00,17320.35,17330.0,9.650000000001455,30242,2022-01-31 09:23:00,17301.049999999996,target,19.30000000000291,261.1076417461892
2022-02-02,first,1,30989,2022-02-02 09:20:00,17702.0,17601.05,100.95000000000073,31354,2022-02-02 15:25:00,17804.4,eod,102.40000000000146,5654.551561896094
2022-02-03,first,1,31364,2022-02-03 09:20:00,17765.0,17737.15,27.849999999998545,31379,2022-02-03 09:35:00,17737.15,stop,-27.849999999998545,-2810.9001227614053
2022-02-03,reverse,-1,31379,2022-02-03 09:35:00,17737.15,17765.0,27.849999999998545,31503,2022-02-03 11:39:00,17681.450000000004,target,55.69999999999709,2620.0757638538107
2022-02-04,first,-1,31739,2022-02-04 09:20:00,17496.15,17589.9,93.75,31746,2022-02-04 09:27:00,17589.9,stop,-93.75,-7090.4554506405
2022-02-04,reverse,1,31746,2022-02-04 09:27:00,17589.9,17496.15,93.75,31919,2022-02-04 12:20:00,17496.15,stop,-93.75,-7090.4554506405
2022-02-07,first,1,32114,2022-02-07 09:20:00,17519.4,17434.5,84.90000000000146,32121,2022-02-07 09:27:00,17434.5,stop,-84.90000000000146,-6514.126863579095
2022-02-07,reverse,-1,32121,2022-02-07 09:27:00,17434.5,17519.4,84.90000000000146,32282,2022-02-07 12:08:00,17264.699999999997,target,169.8000000000029,10042.06174588819
2022-02-09,first,1,32864,2022-02-09 09:20:00,17384.55,17245.0,139.54999999999927,33229,2022-02-09 15:25:00,17485.6,eod,101.04999999999927,5572.251693758452
2022-02-10,first,1,33239,2022-02-10 09:20:00,17512.0,17481.1,30.900000000001455,33249,2022-02-10 09:30:00,17481.1,stop,-30.900000000001455,-3004.7780650910945
2022-02-10,reverse,-1,33249,2022-02-10 09:30:00,17481.1,17512.0,30.900000000001455,33286,2022-02-10 10:07:00,17512.0,stop,-30.900000000001455,-3004.7780650910945
2022-02-11,first,-1,33614,2022-02-11 09:20:00,17428.75,17436.8,8.049999999999272,33616,2022-02-11 09:22:00,17412.65,target,16.099999999998545,51.244567545905454
2022-02-14,first,-1,33989,2022-02-14 09:20:00,16935.15,17351.15,416.0,34354,2022-02-14 15:25:00,16821.05,eod,114.10000000000218,6429.953645118142
2022-02-15,first,-1,34364,2022-02-15 09:20:00,16952.65,16970.0,17.349999999998545,34366,2022-02-15 09:22:00,16970.0,stop,-17.349999999998545,-2114.9511207664054
2022-02-15,reverse,1,34366,2022-02-15 09:22:00,16970.0,16952.65,17.349999999998545,34368,2022-02-15 09:24:00,16952.05,stop,-17.950000000000728,-2153.9424786005475
2022-02-16,first,1,34739,2022-02-16 09:20:00,17372.25,17359.0,13.25,34742,2022-02-16 09:23:00,17359.0,stop,-13.25,-1855.3915548125
2022-02-16,reverse,-1,34742,2022-02-16 09:23:00,17359.0,17372.25,13.25,34743,2022-02-16 09:24:00,17332.5,target,26.5,728.465913685
2022-02-18,first,-1,35489,2022-02-18 09:20:00,17267.9,17294.35,26.44999999999709,35499,2022-02-18 09:30:00,17294.35,stop,-26.44999999999709,-2711.8687747223107
2022-02-18,reverse,1,35499,2022-02-18 09:30:00,17294.35,17267.9,26.44999999999709,35513,2022-02-18 09:44:00,17267.9,stop,-26.44999999999709,-2711.8687747223107
2022-02-21,first,-1,35864,2022-02-21 09:20:00,17170.95,17281.0,110.04999999999927,36010,2022-02-21 11:46:00,17281.0,stop,-110.04999999999927,-8144.436251539452
2022-02-21,reverse,1,36010,2022-02-21 11:46:00,17281.0,17170.95,110.04999999999927,36229,2022-02-21 15:25:00,17206.9,eod,-74.09999999999854,-5808.204061318906
2022-02-22,first,-1,36239,2022-02-22 09:20:00,16909.0,16989.45,80.45000000000073,36341,2022-02-22 11:02:00,16989.45,stop,-80.45000000000073,-6215.874988404547
2022-02-22,reverse,1,36341,2022-02-22 11:02:00,16989.45,16909.0,80.45000000000073,36454,2022-02-22 12:55:00,16909.0,stop,-80.45000000000073,-6215.874988404547
2022-02-23,first,1,36614,2022-02-23 09:20:00,17164.55,17051.0,113.54999999999927,36968,2022-02-23 15:14:00,17051.0,stop,-113.54999999999927,-8369.893703135453
2022-02-23,reverse,-1,36968,2022-02-23 15:14:00,17051.0,17164.55,113.54999999999927,36979,2022-02-23 15:25:00,17071.45,eod,-20.450000000000728,-2318.141997044547
2022-02-24,first,-1,36989,2022-02-24 09:20:00,16694.1,17072.0,377.90000000000146,37343,2022-02-24 15:14:00,16264.0,eod,430.09999999999854,26974.931681258906
2022-02-28,first,1,37724,2022-02-28 09:20:00,16473.6,16450.25,23.349999999998545,37726,2022-02-28 09:22:00,16450.25,stop,-23.349999999998545,-2496.3726750984056
2022-02-28,reverse,-1,37726,2022-02-28 09:22:00,16450.25,16473.6,23.349999999998545,37729,2022-02-28 09:25:00,16403.550000000003,target,46.69999999999709,2057.0667127818106
2022-03-02,first,1,38099,2022-03-02 09:20:00,16605.0,16535.35,69.65000000000146,38251,2022-03-02 11:52:00,16535.35,stop,-69.65000000000146,-5507.453676663595
2022-03-02,reverse,-1,38251,2022-03-02 11:52:00,16535.35,16605.0,69.65000000000146,38450,2022-03-02 15:11:00,16605.0,stop,-69.65000000000146,-5507.453676663595
2022-03-03,first,1,38474,2022-03-03 09:20:00,16710.0,16630.8,79.20000000000073,38520,2022-03-03 10:06:00,16630.8,stop,-79.20000000000073,-6129.8623802880475
2022-03-03,reverse,-1,38520,2022-03-03 10:06:00,16630.8,16710.0,79.20000000000073,38724,2022-03-03 13:30:00,16472.399999999998,target,158.40000000000146,9314.779997448095
2022-03-04,first,-1,38849,2022-03-04 09:20:00,16275.4,16548.8,273.39999999999964,39214,2022-03-04 15:25:00,16262.25,eod,13.149999999999636,-120.78279591652364
2022-03-07,first,-1,39224,2022-03-07 09:20:00,15890.2,16271.0,380.7999999999993,39589,2022-03-07 15:25:00,15878.0,eod,12.200000000000728,-175.9456632019527
2022-03-08,first,1,39599,2022-03-08 09:20:00,15819.9,15770.0,49.899999999999636,39648,2022-03-08 10:09:00,15919.699999999999,target,99.79999999999927,5517.786510043953
2022-03-09,first,1,39974,2022-03-09 09:20:00,16064.15,16028.35,35.79999999999927,40000,2022-03-09 09:46:00,16135.749999999998,target,71.59999999999854,3681.0142533609055
2022-03-10,first,1,40349,2022-03-10 09:20:00,16669.8,16363.7,306.09999999999854,40714,2022-03-10 15:25:00,16595.05,eod,-74.75,-5839.9887661084995
2022-03-11,first,-1,40724,2022-03-11 09:20:00,16568.0,16637.95,69.95000000000073,40734,2022-03-11 09:30:00,16637.95,stop,-69.95000000000073,-5527.5130384795475
2022-03-11,reverse,1,40734,2022-03-11 09:30:00,16637.95,16568.0,69.95000000000073,40800,2022-03-11 10:36:00,16568.0,stop,-69.95000000000073,-5527.5130384795475
2022-03-14,first,1,41099,2022-03-14 09:20:00,16685.95,16637.0,48.95000000000073,41118,2022-03-14 09:39:00,16637.0,stop,-48.95000000000073,-4163.636660849547
2022-03-14,reverse,-1,41118,2022-03-14 09:39:00,16637.0,16685.95,48.95000000000073,41135,2022-03-14 09:56:00,16685.95,stop,-48.95000000000073,-4163.636660849547
2022-03-15,first,1,41474,2022-03-15 09:20:00,16897.3,16872.8,24.5,41477,2022-03-15 09:23:00,16872.8,stop,-24.5,-2578.354440061
2022-03-15,reverse,-1,41477,2022-03-15 09:23:00,16872.8,16897.3,24.5,41481,2022-03-15 09:27:00,16897.3,stop,-24.5,-2578.354440061
2022-03-16,first,-1,41849,2022-03-16 09:20:00,16901.6,16925.0,23.400000000001455,41854,2022-03-16 09:25:00,16925.0,stop,-23.400000000001455,-2507.3441540260947
2022-03-16,reverse,1,41854,2022-03-16 09:25:00,16925.0,16901.6,23.400000000001455,41893,2022-03-16 10:04:00,16901.6,stop,-23.400000000001455,-2507.3441540260947
2022-03-17,first,1,42224,2022-03-17 09:20:00,17232.8,17213.35,19.450000000000728,42229,2022-03-17 09:25:00,17213.35,stop,-19.450000000000728,-2255.916650601547
2022-03-17,reverse,-1,42229,2022-03-17 09:25:00,17213.35,17232.8,19.450000000000728,42258,2022-03-17 09:54:00,17232.8,stop,-19.450000000000728,-2255.916650601547
2022-03-21,first,-1,42599,2022-03-21 09:20:00,17304.7,17392.1,87.39999999999782,42964,2022-03-21 15:25:00,17165.7,eod,139.0,8042.198991856
2022-03-22,first,-1,42974,2022-03-22 09:20:00,17154.4,17172.4,18.0,42976,2022-03-22 09:22:00,17172.4,stop,-18.0,-2160.654259748
2022-03-22,reverse,1,42976,2022-03-22 09:22:00,17172.4,17154.4,18.0,42978,2022-03-22 09:24:00,17154.4,stop,-18.0,-2160.654259748
2022-03-23,first,1,43349,2022-03-23 09:20:00,17441.95,17420.6,21.350000000002183,43354,2022-03-23 09:25:00,17420.6,stop,-21.350000000002183,-2382.967258805642
2022-03-23,reverse,-1,43354,2022-03-23 09:25:00,17420.6,17441.95,21.350000000002183,43386,2022-03-23 09:57:00,17377.899999999994,target,42.700000000004366,1780.455907415284
2022-03-24,first,-1,43724,2022-03-24 09:20:00,17183.25,17273.0,89.75,43756,2022-03-24 09:52:00,17273.0,stop,-89.75,-6825.0917870625
2022-03-24,reverse,1,43756,2022-03-24 09:52:00,17273.0,17183.25,89.75,43906,2022-03-24 12:22:00,17183.25,stop,-89.75,-6825.0917870625
2022-03-25,first,-1,44099,2022-03-25 09:20:00,17258.3,17264.9,6.600000000002183,44100,2022-03-25 09:21:00,17245.099999999995,target,13.200000000004366,-134.34734727371637
2022-03-28,first,1,44474,2022-03-28 09:20:00,17185.35,17160.65,24.69999999999709,44475,2022-03-28 09:21:00,17160.65,stop,-24.69999999999709,-2596.279294059811
2022-03-28,reverse,-1,44475,2022-03-28 09:21:00,17160.65,17185.35,24.69999999999709,44481,2022-03-28 09:27:00,17111.250000000007,target,49.39999999999418,2220.4210434406214
2022-04-01,first,1,44849,2022-04-01 09:20:00,17520.95,17265.9,255.04999999999927,45214,2022-04-01 15:25:00,17730.7,eod,209.75,12633.8525965435
2022-04-04,first,1,45224,2022-04-04 09:20:00,17877.35,17721.75,155.59999999999854,45589,2022-04-04 15:25:00,18096.75,eod,219.40000000000146,13254.866588499095
2022-04-05,first,1,45599,2022-04-05 09:20:00,18082.2,18073.8,8.400000000001455,45600,2022-04-05 09:21:00,18073.8,stop,-8.400000000001455,-1552.3566831600947
2022-04-05,reverse,-1,45600,2022-04-05 09:21:00,18073.8,18082.2,8.400000000001455,45601,2022-04-05 09:22:00,18082.2,stop,-8.400000000001455,-1552.3566831600947
2022-04-06,first,-1,45974,2022-04-06 09:20:00,17930.4,18000.65,70.25,46339,2022-04-06 15:25:00,17862.3,eod,68.10000000000218,3422.803318353142
2022-04-07,first,1,46349,2022-04-07 09:20:00,17786.1,17760.35,25.75,46356,2022-04-07 09:27:00,17760.35,stop,-25.75,-2674.7913326845
2022-04-07,reverse,-1,46356,2022-04-07 09:27:00,17760.35,17786.1,25.75,46380,2022-04-07 09:51:00,17786.1,stop,-25.75,-2674.7913326845
2022-04-08,first,-1,46724,2022-04-08 09:20:00,17741.5,17743.4,1.9000000000014552,46725,2022-04-08 09:21:00,17737.699999999997,target,3.8000000000029104,-753.6389699118108
2022-04-12,first,-1,47474,2022-04-12 09:20:00,17609.85,17741.9,132.0500000000029,47839,2022-04-12 15:25:00,17579.05,eod,30.799999999999272,1003.6861930709526
2022-04-18,first,-1,48224,2022-04-18 09:20:00,17236.2,17263.45,27.25,48231,2022-04-18 09:27:00,17263.45,stop,-27.25,-2763.3286387365
2022-04-18,reverse,1,48231,2022-04-18 09:27:00,17263.45,17236.2,27.25,48236,2022-04-18 09:32:00,17236.2,stop,-27.25,-2763.3286387365
2022-04-19,first,1,48599,2022-04-19 09:20:00,17240.1,17238.75,1.3499999999985448,48600,2022-04-19 09:21:00,17238.75,stop,-1.3499999999985448,-1079.8022386484054
2022-04-19,reverse,-1,48600,2022-04-19 09:21:00,17238.75,17240.1,1.3499999999985448,48601,2022-04-19 09:22:00,17236.050000000003,target,2.6999999999970896,-816.5412890281891
2022-04-21,first,1,49349,2022-04-21 09:20:00,17244.75,17163.45,81.29999999999927,49598,2022-04-21 13:29:00,17407.35,target,162.59999999999854,9574.506740918905
2022-04-22,first,1,49724,2022-04-22 09:20:00,17216.45,17200.1,16.350000000002183,49733,2022-04-22 09:29:00,17249.150000000005,target,32.700000000004366,1133.3619041842837
2022-04-25,first,-1,50099,2022-04-25 09:20:00,16957.45,16967.0,9.549999999999272,50102,2022-04-25 09:23:00,16967.0,stop,-9.549999999999272,-1608.0121472644528
2022-04-25,reverse,1,50102,2022-04-25 09:23:00,16967.0,16957.45,9.549999999999272,50104,2022-04-25 09:25:00,16957.45,stop,-9.549999999999272,-1608.0121472644528
2022-04-26,first,1,50474,2022-04-26 09:20:00,17152.1,16980.3,171.79999999999927,50839,2022-04-26 15:25:00,17214.9,eod,62.80000000000291,3090.529205130189
2022-04-27,first,1,50849,2022-04-27 09:20:00,17081.9,17048.45,33.45000000000073,50869,2022-04-27 09:40:00,17048.45,stop,-33.45000000000073,-3163.1335205635473
2022-04-27,reverse,-1,50869,2022-04-27 09:40:00,17048.45,17081.9,33.45000000000073,50885,2022-04-27 09:56:00,17081.9,stop,-33.45000000000073,-3163.1335205635473
2022-04-28,first,1,51224,2022-04-28 09:20:00,17118.7,17055.7,63.0,51330,2022-04-28 11:06:00,17106.0,eod,-12.700000000000728,-1815.3119411670473
2022-05-02,first,1,51594,2022-05-02 09:20:00,16992.8,16925.0,67.79999999999927,51959,2022-05-02 15:25:00,17075.5,eod,82.70000000000073,4386.467753437048
2022-05-04,first,-1,51969,2022-05-04 09:20:00,17078.9,17137.75,58.849999999998545,52049,2022-05-04 10:40:00,16961.200000000004,target,117.69999999999709,6661.5042152388105
2022-05-06,first,-1,52719,2022-05-06 09:20:00,16417.95,16716.25,298.2999999999993,53084,2022-05-06 15:25:00,16433.4,eod,-15.450000000000728,-1982.2987533735472
2022-05-10,first,1,53469,2022-05-10 09:20:00,16330.0,16250.05,79.95000000000073,53810,2022-05-10 15:01:00,16250.05,stop,-79.95000000000073,-6172.100833980548
2022-05-10,reverse,-1,53810,2022-05-10 15:01:00,16250.05,16330.0,79.95000000000073,53834,2022-05-10 15:25:00,16233.3,eod,16.75,113.66060510650004
2022-05-11,first,-1,53844,2022-05-11 09:20:00,16272.45,16286.5,14.049999999999272,53849,2022-05-11 09:25:00,16286.5,stop,-14.049999999999272,-1888.8058678094526
2022-05-11,reverse,1,53849,2022-05-11 09:25:00,16286.5,16272.45,14.049999999999272,53851,2022-05-11 09:27:00,16314.599999999999,target,28.099999999998545,850.3370200289054
2022-05-12,first,1,54219,2022-05-12 09:20:00,15955.15,15950.0,5.149999999999636,54220,2022-05-12 09:21:00,15950.0,stop,-5.149999999999636,-1304.7655825914762
2022-05-12,reverse,-1,54220,2022-05-12 09:21:00,15950.0,15955.15,5.149999999999636,54221,2022-05-12 09:22:00,15939.7,target,10.299999999999272,-300.4738118170473
2022-05-13,first,1,54594,2022-05-13 09:20:00,15955.0,15811.85,143.14999999999964,54936,2022-05-13 15:02:00,15811.85,stop,-143.14999999999964,-10272.775318328477
2022-05-13,reverse,-1,54936,2022-05-13 15:02:00,15811.85,15955.0,143.14999999999964,54959,2022-05-13 15:25:00,15780.45,eod,31.399999999999636,1073.4465967969763
2022-05-16,first,-1,54969,2022-05-16 09:20:00,15834.15,15839.0,4.850000000000364,54970,2022-05-16 09:21:00,15839.0,stop,-4.850000000000364,-1283.2829000715237
2022-05-16,reverse,1,54970,2022-05-16 09:21:00,15839.0,15834.15,4.850000000000364,54971,2022-05-16 09:22:00,15848.7,target,9.700000000000728,-337.7424725969527
2022-05-17,first,1,55344,2022-05-17 09:20:00,15935.65,15925.0,10.649999999999636,55349,2022-05-17 09:25:00,15956.949999999999,target,21.299999999999272,414.4370327139527
2022-05-18,first,1,55719,2022-05-18 09:20:00,16317.55,16258.05,59.5,55898,2022-05-18 12:19:00,16258.05,stop,-59.5,-4842.932402916
2022-05-18,reverse,-1,55898,2022-05-18 12:19:00,16258.05,16317.55,59.5,55979,2022-05-18 13:40:00,16317.55,stop,-59.5,-4842.932402916
2022-05-19,first,-1,56094,2022-05-19 09:20:00,15899.85,16240.25,340.39999999999964,56459,2022-05-19 15:25:00,15794.35,eod,105.5,5888.641498938
2022-05-24,first,-1,57219,2022-05-24 09:20:00,16215.35,16224.85,9.5,57222,2022-05-24 09:23:00,16224.85,stop,-9.5,-1592.066744122
2022-05-24,reverse,1,57222,2022-05-24 09:23:00,16224.85,16215.35,9.5,57224,2022-05-24 09:25:00,16215.35,stop,-9.5,-1592.066744122
2022-05-25,first,-1,57594,2022-05-25 09:20:00,16213.05,16213.65,0.6000000000003638,57595,2022-05-25 09:21:00,16215.0,stop,-1.9500000000007276,-1101.2569852605473
2022-05-25,reverse,1,57595,2022-05-25 09:21:00,16215.0,16214.4,0.6000000000003638,57596,2022-05-25 09:22:00,16209.9,stop,-5.100000000000364,-1305.9616138890237
2022-05-26,first,-1,57969,2022-05-26 09:20:00,16072.8,16122.75,49.95000000000073,58037,2022-05-26 10:28:00,15972.899999999998,target,99.90000000000146,5521.667665023095
2022-05-30,first,1,58454,2022-05-30 09:20:00,16519.25,16323.05,196.20000000000073,58814,2022-05-30 15:20:00,16643.4,eod,124.15000000000146,7088.221847833594
2022-06-01,first,-1,58820,2022-06-01 09:20:00,16626.25,16646.25,20.0,58838,2022-06-01 09:38:00,16586.25,target,40.0,1618.537727875
2022-06-02,first,1,59195,2022-06-02 09:20:00,16444.8,16430.0,14.799999999999272,59201,2022-06-02 09:26:00,16474.399999999998,target,29.599999999998545,945.1073416879054
2022-06-03,first,1,59570,2022-06-03 09:20:00,16773.0,16622.75,150.25,59897,2022-06-03 14:47:00,16622.75,stop,-150.25,-10748.1667586575
2022-06-03,reverse,-1,59897,2022-06-03 14:47:00,16622.75,16773.0,150.25,59935,2022-06-03 15:25:00,16597.1,eod,25.650000000001455,685.8088063415946
2022-06-06,first,-1,59945,2022-06-06 09:20:00,16563.0,16612.15,49.150000000001455,59957,2022-06-06 09:32:00,16464.699999999997,target,98.30000000000291,5409.277380003189
2022-06-08,first,1,60695,2022-06-08 09:20:00,16429.65,16420.05,9.600000000002183,60697,2022-06-08 09:22:00,16420.05,stop,-9.600000000002183,-1602.0688624171419
2022-06-08,reverse,-1,60697,2022-06-08 09:22:00,16420.05,16429.65,9.600000000002183,60710,2022-06-08 09:35:00,16400.849999999995,target,19.200000000004366,270.0090015512838
2022-06-09,first,-1,61070,2022-06-09 09:20:00,16305.5,16368.05,62.54999999999927,61133,2022-06-09 10:23:00,16368.05,stop,-62.54999999999927,-5042.002386515453
2022-06-09,reverse,1,61133,2022-06-09 10:23:00,16368.05,16305.5,62.54999999999927,61435,2022-06-09 15:25:00,16478.1,eod,110.04999999999927,6174.5115503984525
2022-06-13,first,-1,61820,2022-06-13 09:20:00,15845.1,15862.2,17.100000000000364,61825,2022-06-13 09:25:00,15810.9,target,34.20000000000073,1254.8853518400474
2022-06-15,first,1,62195,2022-06-15 09:20:00,15742.2,15712.6,29.600000000000364,62200,2022-06-15 09:25:00,15712.6,stop,-29.600000000000364,-2890.0204318280234
2022-06-15,reverse,-1,62200,2022-06-15 09:25:00,15712.6,15742.2,29.600000000000364,62207,2022-06-15 09:32:00,15742.2,stop,-29.600000000000364,-2890.0204318280234
2022-06-16,first,-1,62570,2022-06-16 09:20:00,15848.25,15865.0,16.75,62575,2022-06-16 09:25:00,15814.75,target,33.5,1209.32957157
2022-06-17,first,-1,62945,2022-06-17 09:20:00,15318.95,15349.7,30.75,62953,2022-06-17 09:28:00,15257.45,target,61.5,3038.460124196
2022-06-20,first,-1,63320,2022-06-20 09:20:00,15332.45,15358.0,25.549999999999272,63328,2022-06-20 09:28:00,15281.350000000002,target,51.099999999998545,2362.2010591819053
2022-06-21,first,1,63695,2022-06-21 09:20:00,15486.0,15455.9,30.100000000000364,63702,2022-06-21 09:27:00,15455.9,stop,-30.100000000000364,-2918.1303602590237
2022-06-21,reverse,-1,63702,2022-06-21 09:27:00,15455.9,15486.0,30.100000000000364,63720,2022-06-21 09:45:00,15486.0,stop,-30.100000000000364,-2918.1303602590237
2022-06-22,first,-1,64070,2022-06-22 09:20:00,15534.65,15635.3,100.64999999999964,64435,2022-06-22 15:25:00,15405.75,eod,128.89999999999964,7415.952320155976
2022-06-23,first,1,64445,2022-06-23 09:20:00,15474.2,15405.9,68.30000000000109,64544,2022-06-23 10:59:00,15610.800000000003,target,136.60000000000218,7915.170423150142
2022-06-24,first,1,64820,2022-06-24 09:20:00,15739.7,15694.95,44.75,64825,2022-06-24 09:25:00,15694.95,stop,-44.75,-3874.5094490865
2022-06-24,reverse,-1,64825,2022-06-24 09:25:00,15694.95,15739.7,44.75,65185,2022-06-24 15:25:00,15712.5,eod,-17.549999999999272,-2106.4359108944527
2022-06-27,first,1,65195,2022-06-27 09:20:00,15876.3,15710.45,165.84999999999854,65560,2022-06-27 15:25:00,15838.9,eod,-37.399999999999636,-3399.2021618719764
2022-06-28,first,-1,65570,2022-06-28 09:20:00,15750.0,15787.1,37.100000000000364,65709,2022-06-28 11:39:00,15787.1,stop,-37.100000000000364,-3378.1805189310235
2022-06-28,reverse,1,65709,2022-06-28 11:39:00,15787.1,15750.0,37.100000000000364,65935,2022-06-28 15:25:00,15847.0,eod,59.899999999999636,2925.4223308989763
2022-06-29,first,1,65945,2022-06-29 09:20:00,15687.6,15678.0,9.600000000000364,65956,2022-06-29 09:31:00,15706.800000000001,target,19.200000000000728,282.2107262160473
2022-07-01,first,1,66695,2022-07-01 09:20:00,15665.65,15650.0,15.649999999999636,66700,2022-07-01 09:25:00,15696.949999999999,target,31.299999999999272,1068.9119460139527
2022-07-05,first,1,67445,2022-07-05 09:20:00,15915.0,15830.9,84.10000000000036,67723,2022-07-05 13:58:00,15830.9,stop,-84.10000000000036,-6434.691562699024
2022-07-05,reverse,-1,67723,2022-07-05 13:58:00,15830.9,15915.0,84.10000000000036,67810,2022-07-05 15:25:00,15773.4,eod,57.5,2769.691268477
2022-07-06,first,-1,67820,2022-07-06 09:20:00,15845.4,15850.0,4.600000000000364,67822,2022-07-06 09:22:00,15850.0,stop,-4.600000000000364,-1267.2246803940236
2022-07-06,reverse,1,67822,2022-07-06 09:22:00,15850.0,15845.4,4.600000000000364,67823,2022-07-06 09:23:00,15859.2,target,9.200000000000728,-370.42345021195274
2022-07-07,first,1,68195,2022-07-07 09:20:00,16110.2,16005.2,105.0,68560,2022-07-07 15:25:00,16149.0,eod,38.79999999999927,1548.6989042879527
2022-07-08,first,1,68570,2022-07-08 09:20:00,16200.0,16135.5,64.5,68935,2022-07-08 15:25:00,16227.0,eod,27.0,780.3326385299999
2022-07-11,first,1,68945,2022-07-11 09:20:00,16153.15,16146.6,6.549999999999272,68946,2022-07-11 09:21:00,16146.6,stop,-6.549999999999272,-1399.1326470974527
2022-07-11,reverse,-1,68946,2022-07-11 09:21:00,16146.6,16153.15,6.549999999999272,68950,2022-07-11 09:25:00,16133.500000000002,target,13.099999999998545,-121.82952116109459
2022-07-12,first,-1,69320,2022-07-12 09:20:00,16105.3,16119.6,14.300000000001091,69324,2022-07-12 09:24:00,16119.6,stop,-14.300000000001091,-1902.197071889071
2022-07-12,reverse,1,69324,2022-07-12 09:24:00,16119.6,16105.3,14.300000000001091,69366,2022-07-12 10:06:00,16148.200000000003,target,28.600000000002183,885.6850132421418
2022-07-13,first,-1,69695,2022-07-13 09:20:00,16106.0,16125.5,19.5,69721,2022-07-13 09:46:00,16125.5,stop,-19.5,-2240.223105715
2022-07-13,reverse,1,69721,2022-07-13 09:46:00,16125.5,16106.0,19.5,69755,2022-07-13 10:20:00,16106.0,stop,-19.5,-2240.223105715
2022-07-15,first,1,70445,2022-07-15 09:20:00,16029.15,15926.0,103.14999999999964,70810,2022-07-15 15:25:00,16079.9,eod,50.75,2326.6633213295
2022-07-18,first,1,70820,2022-07-18 09:20:00,16190.9,16073.0,117.89999999999964,71185,2022-07-18 15:25:00,16303.5,eod,112.60000000000036,6343.255365216024
2022-07-19,first,1,71195,2022-07-19 09:20:00,16244.1,16073.0,171.10000000000036,71560,2022-07-19 15:25:00,16339.2,eod,95.10000000000036,5205.097324287024
2022-07-20,first,1,71570,2022-07-20 09:20:00,16517.9,16073.0,444.90000000000146,71935,2022-07-20 15:25:00,16502.0,eod,-15.900000000001455,-2012.9878318390945
2022-07-21,first,-1,71945,2022-07-21 09:20:00,16508.2,16514.4,6.200000000000728,71949,2022-07-21 09:24:00,16514.4,stop,-6.200000000000728,-1382.5676715860473
2022-07-21,reverse,1,71949,2022-07-21 09:24:00,16514.4,16508.2,6.200000000000728,71953,2022-07-21 09:28:00,16508.2,stop,-6.200000000000728,-1382.5676715860473
2022-07-22,first,1,72320,2022-07-22 09:20:00,16671.75,16599.95,71.79999999999927,72685,2022-07-22 15:25:00,16716.3,eod,44.54999999999927,1912.7595241394529
2022-07-25,first,-1,72695,2022-07-25 09:20:00,16697.45,16727.65,30.200000000000728,72719,2022-07-25 09:44:00,16637.05,target,60.400000000001455,2943.374847455095
2022-07-26,first,-1,73070,2022-07-26 09:20:00,16569.95,16584.95,15.0,73084,2022-07-26 09:34:00,16539.95,target,30.0,969.4738282609999
2022-07-27,first,-1,73445,2022-07-27 09:20:00,16484.05,16511.05,27.0,73488,2022-07-27 10:03:00,16511.05,stop,-27.0,-2734.210767311
2022-07-27,reverse,1,73488,2022-07-27 10:03:00,16511.05,16484.05,27.0,73545,2022-07-27 11:00:00,16565.05,target,54.0,2529.622540279
2022-07-28,first,1,73820,2022-07-28 09:20:00,16769.9,16655.35,114.55000000000291,74185,2022-07-28 15:25:00,16930.1,eod,160.1999999999971,9426.66467299981
2022-07-29,first,1,74195,2022-07-29 09:20:00,17135.6,16925.0,210.59999999999854,74560,2022-07-29 15:25:00,17214.0,eod,78.40000000000146,4104.586777944094
2022-08-02,first,1,74945,2022-08-02 09:20:00,17319.8,17297.7,22.099999999998545,74974,2022-08-02 09:49:00,17297.7,stop,-22.099999999998545,-2429.6168091749055
2022-08-02,reverse,-1,74974,2022-08-02 09:49:00,17297.7,17319.8,22.099999999998545,74987,2022-08-02 10:02:00,17253.500000000004,target,44.19999999999709,1880.0624401678108
2022-08-03,first,-1,75320,2022-08-03 09:20:00,17395.65,17400.0,4.349999999998545,75322,2022-08-03 09:22:00,17386.950000000004,target,8.69999999999709,-429.2091901861892
2022-08-04,first,1,75695,2022-08-04 09:20:00,17464.7,17410.7,54.0,75810,2022-08-04 11:15:00,17410.7,stop,-54.0,-4505.1361701939995
2022-08-04,reverse,-1,75810,2022-08-04 11:15:00,17410.7,17464.7,54.0,75824,2022-08-04 11:29:00,17302.7,target,108.0,6025.301814626
2022-08-05,first,1,76070,2022-08-05 09:20:00,17439.65,17367.25,72.40000000000146,76380,2022-08-05 14:30:00,17367.25,stop,-72.40000000000146,-5700.4426079090945
2022-08-05,reverse,-1,76380,2022-08-05 14:30:00,17367.25,17439.65,72.40000000000146,76410,2022-08-05 15:00:00,17439.65,stop,-72.40000000000146,-5700.4426079090945
2022-08-08,first,-1,76445,2022-08-08 09:20:00,17398.0,17438.9,40.900000000001455,76454,2022-08-08 09:29:00,17438.9,stop,-40.900000000001455,-3653.3834912090947
2022-08-08,reverse,1,76454,2022-08-08 09:29:00,17438.9,17398.0,40.900000000001455,76575,2022-08-08 11:30:00,17520.700000000004,target,81.80000000000291,4320.349185844189
2022-08-10,first,-1,76820,2022-08-10 09:20:00,17548.0,17580.25,32.25,76849,2022-08-10 09:49:00,17483.5,target,64.5,3195.335386285
2022-08-11,first,1,77195,2022-08-11 09:20:00,17718.1,17710.9,7.19999999999709,77199,2022-08-11 09:24:00,17710.9,stop,-7.19999999999709,-1468.1452286898107
2022-08-11,reverse,-1,77199,2022-08-11 09:24:00,17710.9,17718.1,7.19999999999709,77200,2022-08-11 09:25:00,17718.1,stop,-7.19999999999709,-1468.1452286898107
2022-08-17,first,1,78320,2022-08-17 09:20:00,17885.4,17867.9,17.5,78363,2022-08-17 10:03:00,17920.4,target,35.0,1271.384901062
2022-08-18,first,-1,78695,2022-08-18 09:20:00,17929.0,17947.1,18.099999999998545,78703,2022-08-18 09:28:00,17892.800000000003,target,36.19999999999709,1349.2410233018109
2022-08-19,first,1,79070,2022-08-19 09:20:00,17959.25,17953.3,5.950000000000728,79071,2022-08-19 09:21:00,17953.3,stop,-5.950000000000728,-1391.0386393055473
2022-08-19,reverse,-1,79071,2022-08-19 09:21:00,17953.3,17959.25,5.950000000000728,79073,2022-08-19 09:23:00,17959.25,stop,-5.950000000000728,-1391.0386393055473
2022-08-22,first,-1,79445,2022-08-22 09:20:00,17665.85,17799.0,133.15000000000146,79810,2022-08-22 15:25:00,17489.55,eod,176.29999999999927,10460.621564005953
2022-08-23,first,-1,79820,2022-08-23 09:20:00,17412.45,17415.85,3.399999999997817,79821,2022-08-23 09:21:00,17415.85,stop,-3.399999999997817,-1216.0293051628582
2022-08-23,reverse,1,79821,2022-08-23 09:21:00,17415.85,17412.45,3.399999999997817,79822,2022-08-23 09:22:00,17412.45,stop,-3.399999999997817,-1216.0293051628582
2022-08-24,first,1,80195,2022-08-24 09:20:00,17576.9,17539.95,36.95000000000073,80208,2022-08-24 09:33:00,17539.95,stop,-36.95000000000073,-3399.051181828547
2022-08-24,reverse,-1,80208,2022-08-24 09:33:00,17539.95,17576.9,36.95000000000073,80247,2022-08-24 10:12:00,17576.9,stop,-36.95000000000073,-3399.051181828547
2022-08-25,first,1,80570,2022-08-25 09:20:00,17673.1,17603.0,70.09999999999854,80903,2022-08-25 14:53:00,17603.0,stop,-70.09999999999854,-5554.969416720905
2022-08-25,reverse,-1,80903,2022-08-25 14:53:00,17603.0,17673.1,70.09999999999854,80935,2022-08-25 15:25:00,17519.25,eod,83.75,4445.6965336775
2022-08-26,first,-1,80945,2022-08-26 09:20:00,17732.25,17733.5,1.25,80946,2022-08-26 09:21:00,17733.5,stop,-1.25,-1081.7443813575
2022-08-26,reverse,1,80946,2022-08-26 09:21:00,17733.5,17732.25,1.25,80947,2022-08-26 09:22:00,17736.0,target,2.5,-838.048394895
2022-08-29,first,-1,81320,2022-08-29 09:20:00,17284.0,17678.0,394.0,81685,2022-08-29 15:25:00,17377.0,eod,-93.0,-7038.07412621
2022-08-30,first,-1,81695,2022-08-30 09:20:00,17499.7,17505.7,6.0,81696,2022-08-30 09:21:00,17505.7,stop,-6.0,-1386.528939494
2022-08-30,reverse,1,81696,2022-08-30 09:21:00,17505.7,17499.7,6.0,81702,2022-08-30 09:27:00,17499.7,stop,-6.0,-1386.528939494
2022-09-01,first,1,82070,2022-09-01 09:20:00,17590.9,17567.4,23.5,82087,2022-09-01 09:37:00,17637.9,target,47.0,2056.250134032
2022-09-02,first,1,82445,2022-09-02 09:20:00,17603.0,17583.6,19.400000000001455,82453,2022-09-02 09:28:00,17583.6,stop,-19.400000000001455,-2259.0004636260946
2022-09-02,reverse,-1,82453,2022-09-02 09:28:00,17583.6,17603.0,19.400000000001455,82454,2022-09-02 09:29:00,17603.0,stop,-19.400000000001455,-2259.0004636260946
2022-09-05,first,1,82820,2022-09-05 09:20:00,17618.35,17597.85,20.5,82828,2022-09-05 09:28:00,17597.85,stop,-20.5,-2330.747215482
2022-09-05,reverse,-1,82828,2022-09-05 09:28:00,17597.85,17618.35,20.5,82829,2022-09-05 09:29:00,17618.35,stop,-20.5,-2330.747215482
2022-09-06,first,1,83195,2022-09-06 09:20:00,17758.65,17700.0,58.650000000001455,83214,2022-09-06 09:39:00,17700.0,stop,-58.650000000001455,-4812.347860726594
2022-09-06,reverse,-1,83214,2022-09-06 09:39:00,17700.0,17758.65,58.650000000001455,83560,2022-09-06 15:25:00,17677.35,eod,22.650000000001455,472.3719427665946
2022-09-07,first,-1,83570,2022-09-07 09:20:00,17568.6,17682.25,113.65000000000146,83935,2022-09-07 15:25:00,17656.95,eod,-88.35000000000218,-6740.680269235641
2022-09-09,first,1,84320,2022-09-09 09:20:00,17916.1,17820.0,96.09999999999854,84565,2022-09-09 13:25:00,17820.0,stop,-96.09999999999854,-7248.751977320905
2022-09-09,reverse,-1,84565,2022-09-09 13:25:00,17820.0,17916.1,96.09999999999854,84685,2022-09-09 15:25:00,17859.45,eod,-39.45000000000073,-3566.348817814547
2022-09-14,first,-1,85445,2022-09-14 09:20:00,17890.0,17910.0,20.0,85448,2022-09-14 09:23:00,17910.0,stop,-20.0,-2303.243738
2022-09-14,reverse,1,85448,2022-09-14 09:23:00,17910.0,17890.0,20.0,85474,2022-09-14 09:49:00,17950.0,target,40.0,1595.8920454
2022-09-16,first,-1,86195,2022-09-16 09:20:00,17787.3,17892.0,104.70000000000073,86468,2022-09-16 13:53:00,17577.899999999998,target,209.40000000000146,12610.133381628095
2022-09-19,first,-1,86570,2022-09-19 09:20:00,17540.0,17594.0,54.0,86583,2022-09-19 09:33:00,17594.0,stop,-54.0,-4507.34813374
2022-09-19,reverse,1,86583,2022-09-19 09:33:00,17594.0,17540.0,54.0,86935,2022-09-19 15:25:00,17647.0,eod,53.0,2446.11067999
2022-09-21,first,-1,87320,2022-09-21 09:20:00,17817.0,17831.4,14.400000000001455,87326,2022-09-21 09:26:00,17831.4,stop,-14.400000000001455,-1937.9797707240946
2022-09-21,reverse,1,87326,2022-09-21 09:26:00,17831.4,17817.0,14.400000000001455,87332,2022-09-21 09:32:00,17817.0,stop,-14.400000000001455,-1937.9797707240946
2022-09-22,first,1,87695,2022-09-22 09:20:00,17644.0,17600.5,43.5,87817,2022-09-22 11:22:00,17600.5,stop,-43.5,-3825.854732645
2022-09-22,reverse,-1,87817,2022-09-22 11:22:00,17600.5,17644.0,43.5,87932,2022-09-22 13:17:00,17644.0,stop,-43.5,-3825.854732645
2022-09-23,first,1,88070,2022-09-23 09:20:00,17546.85,17537.4,9.44999999999709,88075,2022-09-23 09:25:00,17565.749999999993,target,18.89999999999418,230.90844851362175
2022-09-26,first,-1,88445,2022-09-26 09:20:00,17131.9,17340.0,208.09999999999854,88810,2022-09-26 15:25:00,17033.0,eod,98.90000000000146,5438.546704711094
2022-09-28,first,-1,89195,2022-09-28 09:20:00,16867.65,17056.55,188.89999999999782,89560,2022-09-28 15:25:00,16844.4,eod,23.25,525.6127594994999
2022-09-30,first,1,89945,2022-09-30 09:20:00,16813.45,16776.0,37.45000000000073,89992,2022-09-30 10:07:00,16776.0,stop,-37.45000000000073,-3418.4834729145473
2022-09-30,reverse,-1,89992,2022-09-30 10:07:00,16776.0,16813.45,37.45000000000073,89993,2022-09-30 10:08:00,16813.45,stop,-37.45000000000073,-3418.4834729145473
2022-10-03,first,1,90320,2022-10-03 09:20:00,17075.0,16992.5,82.5,90336,2022-10-03 09:36:00,16992.5,stop,-82.5,-6350.558983675
2022-10-03,reverse,-1,90336,2022-10-03 09:36:00,16992.5,17075.0,82.5,90685,2022-10-03 15:25:00,16890.75,eod,101.75,5626.1891564675
2022-10-06,first,1,91070,2022-10-06 09:20:00,17400.2,17385.0,15.200000000000728,91071,2022-10-06 09:21:00,17385.0,stop,-15.200000000000728,-1982.5916145720473
2022-10-06,reverse,-1,91071,2022-10-06 09:21:00,17385.0,17400.2,15.200000000000728,91079,2022-10-06 09:29:00,17400.2,stop,-15.200000000000728,-1982.5916145720473
2022-10-07,first,-1,91445,2022-10-07 09:20:00,17297.0,17321.0,24.0,91457,2022-10-07 09:32:00,17249.0,target,48.0,2127.08468894
2022-10-14,first,1,93320,2022-10-14 09:20:00,17320.0,17306.25,13.75,93321,2022-10-14 09:21:00,17306.25,stop,-13.75,-1886.9905007625
2022-10-14,reverse,-1,93321,2022-10-14 09:21:00,17306.25,17320.0,13.75,93340,2022-10-14 09:40:00,17278.75,target,27.5,794.3710231499999
2022-10-17,first,-1,93695,2022-10-17 09:20:00,17147.8,17212.0,64.20000000000073,93745,2022-10-17 10:10:00,17212.0,stop,-64.20000000000073,-5163.666258878047
2022-10-17,reverse,1,93745,2022-10-17 10:10:00,17212.0,17147.8,64.20000000000073,94060,2022-10-17 15:25:00,17309.3,eod,97.29999999999927,5331.507558106952
2022-10-18,first,1,94070,2022-10-18 09:20:00,17470.0,17304.35,165.65000000000146,94435,2022-10-18 15:25:00,17504.9,eod,34.900000000001455,1271.9926806110946
2022-10-19,first,1,94445,2022-10-19 09:20:00,17557.3,17501.55,55.75,94669,2022-10-19 13:04:00,17501.55,stop,-55.75,-4620.4450924485
2022-10-19,reverse,-1,94669,2022-10-19 13:04:00,17501.55,17557.3,55.75,94810,2022-10-19 15:25:00,17508.85,eod,-7.299999999999272,-1471.0641025439527
2022-10-20,first,-1,94820,2022-10-20 09:20:00,17421.8,17510.0,88.20000000000073,95136,2022-10-20 14:36:00,17510.0,stop,-88.20000000000073,-6728.418523798047
2022-10-20,reverse,1,95136,2022-10-20 14:36:00,17510.0,17421.8,88.20000000000073,95185,2022-10-20 15:25:00,17549.2,eod,39.20000000000073,1550.7464562880473
2022-10-21,first,1,95195,2022-10-21 09:20:00,17614.1,17591.9,22.19999999999709,95332,2022-10-21 11:37:00,17658.499999999993,target,44.39999999999418,1886.8906959136218
2022-10-25,first,1,95570,2022-10-25 09:20:00,17727.3,17725.15,2.149999999997817,95571,2022-10-25 09:21:00,17725.15,stop,-2.149999999997817,-1140.125353344358
2022-10-25,reverse,-1,95571,2022-10-25 09:21:00,17725.15,17727.3,2.149999999997817,95572,2022-10-25 09:22:00,17727.5,stop,-2.349999999998545,-1153.1258940664054
2022-10-28,first,1,96320,2022-10-28 09:20:00,17843.1,17735.85,107.25,96685,2022-10-28 15:25:00,17835.0,eod,-8.099999999998545,-1528.7706679409055
2022-10-31,first,1,96695,2022-10-31 09:20:00,17978.35,17833.95,144.39999999999782,97060,2022-10-31 15:25:00,18056.0,eod,77.65000000000146,4041.4304709965945
2022-11-02,first,1,97445,2022-11-02 09:20:00,18197.1,18176.05,21.049999999999272,97456,2022-11-02 09:31:00,18176.05,stop,-21.049999999999272,-2376.3900970714526
2022-11-02,reverse,-1,97456,2022-11-02 09:31:00,18176.05,18197.1,21.049999999999272,97470,2022-11-02 09:45:00,18197.1,stop,-21.049999999999272,-2376.3900970714526
2022-11-03,first,-1,97820,2022-11-03 09:20:00,18061.1,18077.9,16.80000000000291,97827,2022-11-03 09:27:00,18077.9,stop,-16.80000000000291,-2098.162131790189
2022-11-03,reverse,1,97827,2022-11-03 09:27:00,18077.9,18061.1,16.80000000000291,97832,2022-11-03 09:32:00,18111.500000000007,target,33.60000000000582,1177.1119262663783
2022-11-04,first,1,98195,2022-11-04 09:20:00,18136.2,18112.1,24.100000000002183,98196,2022-11-04 09:21:00,18112.1,stop,-24.100000000002183,-2573.554336363142
2022-11-04,reverse,-1,98196,2022-11-04 09:21:00,18112.1,18136.2,24.100000000002183,98205,2022-11-04 09:30:00,18136.2,stop,-24.100000000002183,-2573.554336363142
2022-11-07,first,1,98570,2022-11-07 09:20:00,18282.2,18278.1,4.100000000002183,98573,2022-11-07 09:23:00,18278.1,stop,-4.100000000002183,-1276.340062683142
2022-11-07,reverse,-1,98573,2022-11-07 09:23:00,18278.1,18282.2,4.100000000002183,98574,2022-11-07 09:24:00,18284.4,stop,-6.30000000000291,-1419.3460106251891
2022-11-09,first,1,98945,2022-11-09 09:20:00,18327.0,18321.05,5.950000000000728,98946,2022-11-09 09:21:00,18321.05,stop,-5.950000000000728,-1397.3298194605472
2022-11-09,reverse,-1,98946,2022-11-09 09:21:00,18321.05,18327.0,5.950000000000728,98948,2022-11-09 09:23:00,18309.149999999998,target,11.900000000001455,-237.03156002190548
2022-11-10,first,-1,99320,2022-11-10 09:20:00,18142.0,18193.65,51.650000000001455,99531,2022-11-10 12:51:00,18038.699999999997,target,103.30000000000291,5707.278597673189
2022-11-11,first,1,99695,2022-11-11 09:20:00,18366.6,18095.0,271.59999999999854,100060,2022-11-11 15:25:00,18425.85,eod,59.25,2839.0536192555
2022-11-14,first,1,100070,2022-11-14 09:20:00,18436.6,18406.05,30.549999999999272,100107,2022-11-14 09:57:00,18406.05,stop,-30.549999999999272,-2997.8504419664528
2022-11-14,reverse,-1,100107,2022-11-14 09:57:00,18406.05,18436.6,30.549999999999272,100333,2022-11-14 13:43:00,18436.6,stop,-30.549999999999272,-2997.8504419664528
2022-11-16,first,1,100820,2022-11-16 09:20:00,18442.0,18421.0,21.0,100825,2022-11-16 09:25:00,18421.0,stop,-21.0,-2377.33037543
2022-11-16,reverse,-1,100825,2022-11-16 09:25:00,18421.0,18442.0,21.0,100876,2022-11-16 10:16:00,18442.0,stop,-21.0,-2377.33037543
2022-11-17,first,-1,101195,2022-11-17 09:20:00,18421.55,18452.4,30.850000000002183,101436,2022-11-17 13:21:00,18452.4,stop,-30.850000000002183,-3017.616414959642
2022-11-17,reverse,1,101436,2022-11-17 13:21:00,18452.4,18421.55,30.850000000002183,101542,2022-11-17 15:07:00,18421.55,stop,-30.850000000002183,-3017.616414959642
2022-11-18,first,-1,101570,2022-11-18 09:20:00,18378.25,18395.0,16.75,101587,2022-11-18 09:37:00,18344.75,target,33.5,1166.0483049700001
2022-11-21,first,1,101945,2022-11-21 09:20:00,18246.6,18235.5,11.099999999998545,101946,2022-11-21 09:21:00,18235.5,stop,-11.099999999998545,-1730.6302203809055
2022-11-21,reverse,-1,101946,2022-11-21 09:21:00,18235.5,18246.6,11.099999999998545,101947,2022-11-21 09:22:00,18213.300000000003,target,22.19999999999709,433.9598098318108
2022-11-22,first,-1,102320,2022-11-22 09:20:00,18184.7,18200.0,15.299999999999272,102333,2022-11-22 09:33:00,18200.0,stop,-15.299999999999272,-2002.7725287669527
2022-11-22,reverse,1,102333,2022-11-22 09:33:00,18200.0,18184.7,15.299999999999272,102354,2022-11-22 09:54:00,18230.6,target,30.599999999998545,980.0663455339054
2022-11-23,first,1,102695,2022-11-23 09:20:00,18328.0,18285.2,42.79999999999927,103043,2022-11-23 15:08:00,18285.2,stop,-42.79999999999927,-3792.066153651953
2022-11-23,reverse,-1,103043,2022-11-23 15:08:00,18285.2,18328.0,42.79999999999927,103060,2022-11-23 15:25:00,18273.7,eod,11.5,-262.419347629
2022-11-25,first,1,103445,2022-11-25 09:20:00,18619.0,18482.45,136.54999999999927,103810,2022-11-25 15:25:00,18649.85,eod,30.849999999998545,989.1448194514053
2022-11-28,first,1,103820,2022-11-28 09:20:00,18631.45,18566.15,65.29999999999927,104185,2022-11-28 15:25:00,18685.1,eod,53.64999999999782,2470.6034322543583
2022-11-30,first,-1,104570,2022-11-30 09:20:00,18773.2,18779.9,6.700000000000728,104578,2022-11-30 09:28:00,18759.8,target,13.400000000001455,-147.26253412990548
2022-12-01,first,1,104945,2022-12-01 09:20:00,18985.5,18845.1,140.40000000000146,105310,2022-12-01 15:25:00,18945.0,eod,-40.5,-3653.847279105
2022-12-02,first,-1,105320,2022-12-02 09:20:00,18895.75,18947.0,51.25,105457,2022-12-02 11:37:00,18793.25,target,102.5,5642.38186771
2022-12-05,first,-1,105695,2022-12-05 09:20:00,18811.8,18817.65,5.850000000002183,105700,2022-12-05 09:25:00,18800.099999999995,target,11.700000000004366,-258.42746895871625
2022-12-08,first,-1,106820,2022-12-08 09:20:00,18660.0,18664.25,4.25,106821,2022-12-08 09:21:00,18651.5,target,8.5,-463.83924451499996
2022-12-12,first,1,107570,2022-12-12 09:20:00,18476.8,18472.1,4.700000000000728,107572,2022-12-12 09:22:00,18472.1,stop,-4.700000000000728,-1318.6604855290473
2022-12-12,reverse,-1,107572,2022-12-12 09:22:00,18472.1,18476.8,4.700000000000728,107573,2022-12-12 09:23:00,18462.699999999997,target,9.400000000001455,-402.12236462790537
2022-12-13,first,1,107945,2022-12-13 09:20:00,18616.65,18599.55,17.100000000002183,107960,2022-12-13 09:35:00,18599.55,stop,-17.100000000002183,-2126.874325482142
2022-12-13,reverse,-1,107960,2022-12-13 09:35:00,18599.55,18616.65,17.100000000002183,107967,2022-12-13 09:42:00,18616.65,stop,-17.100000000002183,-2126.874325482142
2022-12-16,first,-1,109070,2022-12-16 09:20:00,18416.0,18417.05,1.0499999999992724,109071,2022-12-16 09:21:00,18417.05,stop,-1.0499999999992724,-1080.4409023104527
2022-12-16,reverse,1,109071,2022-12-16 09:21:00,18417.05,18416.0,1.0499999999992724,109072,2022-12-16 09:22:00,18419.149999999998,target,2.099999999998545,-875.7362736820946
2022-12-19,first,-1,109445,2022-12-19 09:20:00,18345.0,18375.0,30.0,109460,2022-12-19 09:35:00,18375.0,stop,-30.0,-2961.0545592
2022-12-19,reverse,1,109460,2022-12-19 09:35:00,18375.0,18345.0,30.0,109475,2022-12-19 09:50:00,18345.0,stop,-30.0,-2961.0545592
2022-12-20,first,1,109820,2022-12-20 09:20:00,18380.05,18363.4,16.649999999997817,109822,2022-12-20 09:22:00,18363.4,stop,-16.649999999997817,-2093.583238854358
2022-12-20,reverse,-1,109822,2022-12-20 09:22:00,18363.4,18380.05,16.649999999997817,109830,2022-12-20 09:30:00,18330.100000000006,target,33.299999999995634,1153.3018064647163
2022-12-21,first,1,110195,2022-12-21 09:20:00,18509.0,18424.0,85.0,110231,2022-12-21 09:56:00,18424.0,stop,-85.0,-6537.55472813
2022-12-21,reverse,-1,110231,2022-12-21 09:56:00,18424.0,18509.0,85.0,110472,2022-12-21 13:57:00,18254.0,target,170.0,10038.13469242
2022-12-22,first,-1,110570,2022-12-22 09:20:00,18301.95,18341.3,39.349999999998545,110624,2022-12-22 10:14:00,18223.250000000004,target,78.69999999999709,4105.475789027811
2022-12-26,first,-1,111320,2022-12-26 09:20:00,17899.55,17910.55,11.0,111321,2022-12-26 09:21:00,17910.55,stop,-11.0,-1718.382779461
2022-12-26,reverse,1,111321,2022-12-26 09:21:00,17910.55,17899.55,11.0,111325,2022-12-26 09:25:00,17932.55,target,22.0,426.14190140900007
2022-12-27,first,1,111695,2022-12-27 09:20:00,18118.25,17995.9,122.34999999999854,111711,2022-12-27 09:36:00,17995.9,stop,-122.34999999999854,-8958.082107081405
2022-12-27,reverse,-1,111711,2022-12-27 09:36:00,17995.9,18118.25,122.34999999999854,111969,2022-12-27 13:54:00,18118.25,stop,-122.34999999999854,-8958.082107081405
2022-12-28,first,1,112070,2022-12-28 09:20:00,18087.65,18076.0,11.650000000001455,112071,2022-12-28 09:21:00,18076.0,stop,-11.650000000001455,-1763.6531057765947
2022-12-28,reverse,-1,112071,2022-12-28 09:21:00,18076.0,18087.65,11.650000000001455,112072,2022-12-28 09:22:00,18087.65,stop,-11.650000000001455,-1763.6531057765947
2022-12-29,first,-1,112445,2022-12-29 09:20:00,18015.05,18118.0,102.95000000000073,112768,2022-12-29 14:43:00,18118.0,stop,-102.95000000000073,-7697.357260310548
2022-12-29,reverse,1,112768,2022-12-29 14:43:00,18118.0,18015.05,102.95000000000073,112810,2022-12-29 15:25:00,18192.0,eod,74.0,3801.8440209
2022-12-30,first,1,112820,2022-12-30 09:20:00,18335.25,18309.35,25.900000000001455,112937,2022-12-30 11:17:00,18309.35,stop,-25.900000000001455,-2693.9336020060946
2022-12-30,reverse,-1,112937,2022-12-30 11:17:00,18309.35,18335.25,25.900000000001455,113091,2022-12-30 13:51:00,18257.549999999996,target,51.80000000000291,2356.776468491189
2023-01-02,first,-1,113195,2023-01-02 09:20:00,18197.65,18224.85,27.19999999999709,113215,2023-01-02 09:40:00,18224.85,stop,-27.19999999999709,-2776.526240224811
2023-01-02,reverse,1,113215,2023-01-02 09:40:00,18224.85,18197.65,27.19999999999709,113495,2023-01-02 14:20:00,18197.65,stop,-27.19999999999709,-2776.526240224811
2023-01-03,first,1,113570,2023-01-03 09:20:00,18224.4,18215.15,9.25,113572,2023-01-03 09:22:00,18242.9,target,18.5,193.32321304699997
2023-01-04,first,1,113945,2023-01-04 09:20:00,18273.2,18261.5,11.700000000000728,113953,2023-01-04 09:28:00,18296.600000000002,target,23.400000000001455,510.9178030220946
2023-01-06,first,1,114695,2023-01-06 09:20:00,18069.45,18050.65,18.799999999999272,114701,2023-01-06 09:26:00,18107.05,target,37.599999999998545,1437.1988678349055
2023-01-09,first,1,115070,2023-01-09 09:20:00,18056.6,17947.5,109.09999999999854,115435,2023-01-09 15:25:00,18167.6,eod,111.0,6207.361470638
2023-01-10,first,1,115445,2023-01-10 09:20:00,18131.3,18119.0,12.299999999999272,115447,2023-01-10 09:22:00,18119.0,stop,-12.299999999999272,-1806.6404735829526
2023-01-10,reverse,-1,115447,2023-01-10 09:22:00,18119.0,18131.3,12.299999999999272,115455,2023-01-10 09:30:00,18094.4,target,24.599999999998545,591.9592896259054
2023-01-11,first,-1,115820,2023-01-11 09:20:00,17954.35,17962.55,8.200000000000728,115822,2023-01-11 09:22:00,17937.949999999997,target,16.400000000001455,61.75382379709464
2023-01-12,first,1,116195,2023-01-12 09:20:00,17995.0,17966.7,28.299999999999272,116197,2023-01-12 09:22:00,17966.7,stop,-28.299999999999272,-2844.0783017369527
2023-01-12,reverse,-1,116197,2023-01-12 09:22:00,17966.7,17995.0,28.299999999999272,116201,2023-01-12 09:26:00,17995.0,stop,-28.299999999999272,-2844.0783017369527
2023-01-13,first,1,116570,2023-01-13 09:20:00,17886.65,17870.0,16.650000000001455,116572,2023-01-13 09:22:00,17870.0,stop,-16.650000000001455,-2085.1425365065943
2023-01-13,reverse,-1,116572,2023-01-13 09:22:00,17870.0,17886.65,16.650000000001455,116580,2023-01-13 09:30:00,17886.65,stop,-16.650000000001455,-2085.1425365065943
2023-01-16,first,-1,116945,2023-01-16 09:20:00,18065.4,18094.0,28.599999999998545,116961,2023-01-16 09:36:00,18008.200000000004,target,57.19999999999709,2711.964374303811
2023-01-18,first,1,117695,2023-01-18 09:20:00,18107.25,18087.1,20.150000000001455,117700,2023-01-18 09:25:00,18087.1,stop,-20.150000000001455,-2316.3659766035944
2023-01-18,reverse,-1,117700,2023-01-18 09:25:00,18087.1,18107.25,20.150000000001455,117703,2023-01-18 09:28:00,18107.25,stop,-20.150000000001455,-2316.3659766035944
2023-01-19,first,1,118070,2023-01-19 09:20:00,18150.3,18137.35,12.950000000000728,118072,2023-01-19 09:22:00,18137.35,stop,-12.950000000000728,-1849.2061484165472
2023-01-19,reverse,-1,118072,2023-01-19 09:22:00,18137.35,18150.3,12.950000000000728,118079,2023-01-19 09:29:00,18111.449999999997,target,25.900000000001455,676.1488868320946
2023-01-20,first,1,118445,2023-01-20 09:20:00,18108.0,18106.0,2.0,118446,2023-01-20 09:21:00,18112.0,target,4.0,-746.9766542
2023-01-23,first,-1,118820,2023-01-23 09:20:00,18128.2,18128.95,0.75,118821,2023-01-23 09:21:00,18126.7,target,1.5,-909.760550189
2023-01-24,first,1,119195,2023-01-24 09:20:00,18195.0,18140.2,54.79999999999927,119382,2023-01-24 12:27:00,18140.2,stop,-54.79999999999927,-4569.618050071953
2023-01-24,reverse,-1,119382,2023-01-24 12:27:00,18140.2,18195.0,54.79999999999927,119560,2023-01-24 15:25:00,18118.7,eod,21.5,390.08823537099994
2023-01-25,first,-1,119570,2023-01-25 09:20:00,18061.65,18125.0,63.349999999998545,119642,2023-01-25 10:32:00,17934.950000000004,target,126.69999999999709,7229.716427273811
2023-01-27,first,-1,119945,2023-01-27 09:20:00,17930.55,17995.0,64.45000000000073,119996,2023-01-27 10:11:00,17801.649999999998,target,128.90000000000146,7374.965131758095
2023-01-30,first,1,120320,2023-01-30 09:20:00,17695.4,17542.2,153.20000000000073,120590,2023-01-30 13:50:00,17542.2,stop,-153.20000000000073,-10955.653967736047
2023-01-30,reverse,-1,120590,2023-01-30 13:50:00,17542.2,17695.4,153.20000000000073,120647,2023-01-30 14:47:00,17695.4,stop,-153.20000000000073,-10955.653967736047
2023-02-01,first,1,121070,2023-02-01 09:20:00,17854.3,17796.6,57.70000000000073,121255,2023-02-01 12:25:00,17969.7,target,115.40000000000146,6496.758885360095
2023-02-02,first,-1,121445,2023-02-02 09:20:00,17554.6,17705.15,150.5500000000029,121465,2023-02-02 09:40:00,17705.15,stop,-150.5500000000029,-10783.608932697689
2023-02-02,reverse,1,121465,2023-02-02 09:40:00,17705.15,17554.6,150.5500000000029,121810,2023-02-02 15:25:00,17687.6,eod,-17.55000000000291,-2140.5246128276895
2023-02-03,first,-1,121820,2023-02-03 09:20:00,17764.6,17783.0,18.400000000001455,121822,2023-02-03 09:22:00,17727.799999999996,target,36.80000000000291,1391.0550724361892
2023-02-06,first,1,122195,2023-02-06 09:20:00,17843.0,17830.1,12.900000000001455,122196,2023-02-06 09:21:00,17830.1,stop,-12.900000000001455,-1840.6998198910946
2023-02-06,reverse,-1,122196,2023-02-06 09:21:00,17830.1,17843.0,12.900000000001455,122201,2023-02-06 09:26:00,17804.299999999996,target,25.80000000000291,674.9048098161891
2023-02-07,first,1,122570,2023-02-07 09:20:00,17841.1,17791.75,49.349999999998545,122595,2023-02-07 09:45:00,17791.75,stop,-49.349999999998545,-4209.392304588406
2023-02-07,reverse,-1,122595,2023-02-07 09:45:00,17791.75,17841.1,49.349999999998545,122649,2023-02-07 10:39:00,17841.1,stop,-49.349999999998545,-4209.392304588406
2023-02-08,first,1,122945,2023-02-08 09:20:00,17836.45,17765.2,71.25,123310,2023-02-08 15:25:00,17910.2,eod,73.75,3790.4141595935
2023-02-09,first,1,123320,2023-02-09 09:20:00,17872.1,17868.45,3.649999999997817,123321,2023-02-09 09:21:00,17868.45,stop,-3.649999999997817,-1240.080873385358
2023-02-09,reverse,-1,123321,2023-02-09 09:21:00,17868.45,17872.1,3.649999999997817,123322,2023-02-09 09:22:00,17872.1,stop,-3.649999999997817,-1240.080873385358
2023-02-10,first,1,123695,2023-02-10 09:20:00,17864.4,17799.0,65.40000000000146,124060,2023-02-10 15:25:00,17876.55,eod,12.149999999997817,-213.17672482964184
2023-02-13,first,1,124070,2023-02-13 09:20:00,17890.85,17852.05,38.79999999999927,124077,2023-02-13 09:27:00,17852.05,stop,-38.79999999999927,-3524.645346868953
2023-02-13,reverse,-1,124077,2023-02-13 09:27:00,17852.05,17890.85,38.79999999999927,124116,2023-02-13 10:06:00,17774.45,target,77.59999999999854,4041.6693533349053
2023-02-14,first,1,124445,2023-02-14 09:20:00,17843.7,17797.15,46.54999999999927,124646,2023-02-14 12:41:00,17936.8,target,93.09999999999854,5047.761422394906
2023-02-15,first,1,124820,2023-02-15 09:20:00,17903.5,17903.2,0.2999999999992724,124821,2023-02-15 09:21:00,17900.7,stop,-2.7999999999992724,-1185.3802831619528
2023-02-15,reverse,-1,124821,2023-02-15 09:21:00,17900.7,17901.0,0.2999999999992724,124822,2023-02-15 09:22:00,17900.100000000002,target,0.5999999999985448,-964.3710908880946
2023-02-16,first,1,125195,2023-02-16 09:20:00,18120.05,18107.9,12.149999999997817,125207,2023-02-16 09:32:00,18144.349999999995,target,24.299999999995634,572.0248105157162
2023-02-17,first,-1,125570,2023-02-17 09:20:00,17980.0,18057.65,77.65000000000146,125935,2023-02-17 15:25:00,17949.2,eod,30.799999999999272,997.3539555879527
2023-02-20,first,1,125945,2023-02-20 09:20:00,17976.3,17924.0,52.29999999999927,125956,2023-02-20 09:31:00,17924.0,stop,-52.29999999999927,-4403.412710082953
2023-02-20,reverse,-1,125956,2023-02-20 09:31:00,17924.0,17976.3,52.29999999999927,125969,2023-02-20 09:44:00,17976.3,stop,-52.29999999999927,-4403.412710082953
2023-02-21,first,-1,126320,2023-02-21 09:20:00,17879.15,17894.0,14.849999999998545,126328,2023-02-21 09:28:00,17894.0,stop,-14.849999999998545,-1968.2942010714055
2023-02-21,reverse,1,126328,2023-02-21 09:28:00,17894.0,17879.15,14.849999999998545,126335,2023-02-21 09:35:00,17879.15,stop,-14.849999999998545,-1968.2942010714055
2023-02-22,first,-1,126695,2023-02-22 09:20:00,17742.85,17857.95,115.10000000000218,127060,2023-02-22 15:25:00,17568.0,eod,174.84999999999854,10365.050387831405
2023-02-23,first,-1,127070,2023-02-23 09:20:00,17540.0,17571.75,31.75,127094,2023-02-23 09:44:00,17476.5,target,63.5,3130.469540435
2023-02-28,first,1,128195,2023-02-28 09:20:00,17520.25,17468.0,52.25,128243,2023-02-28 10:08:00,17468.0,stop,-52.25,-4392.3616825825
2023-02-28,reverse,-1,128243,2023-02-28 10:08:00,17468.0,17520.25,52.25,128479,2023-02-28 14:04:00,17363.5,target,104.5,5796.812108285
2023-03-08,first,-1,130070,2023-03-08 09:20:00,17662.6,17685.8,23.200000000000728,130080,2023-03-08 09:30:00,17685.8,stop,-23.200000000000728,-2507.3622077240475
2023-03-08,reverse,1,130080,2023-03-08 09:30:00,17685.8,17662.6,23.200000000000728,130086,2023-03-08 09:36:00,17732.2,target,46.400000000001455,2015.6353010200946
2023-03-09,first,1,130445,2023-03-09 09:20:00,17793.0,17784.05,8.950000000000728,130446,2023-03-09 09:21:00,17784.05,stop,-8.950000000000728,-1583.1513531505473
2023-03-09,reverse,-1,130446,2023-03-09 09:21:00,17784.05,17793.0,8.950000000000728,130450,2023-03-09 09:25:00,17766.149999999998,target,17.900000000001455,162.17123877809462
2023-03-10,first,-1,130820,2023-03-10 09:20:00,17440.8,17647.7,206.90000000000146,131185,2023-03-10 15:25:00,17457.0,eod,-16.200000000000728,-2048.5489010580472
2023-03-14,first,-1,131568,2023-03-14 09:20:00,17211.25,17234.3,23.049999999999272,131572,2023-03-14 09:24:00,17165.15,target,46.099999999998545,2005.0464961959055
2023-03-15,first,-1,131943,2023-03-15 09:20:00,17255.0,17262.4,7.400000000001455,131944,2023-03-15 09:21:00,17240.199999999997,target,14.80000000000291,-30.286567671810815
2023-03-16,first,-1,132318,2023-03-16 09:20:00,17002.4,17015.5,13.099999999998545,132319,2023-03-16 09:21:00,17015.5,stop,-13.099999999998545,-1839.5407146189054
2023-03-16,reverse,1,132319,2023-03-16 09:21:00,17015.5,17002.4,13.099999999998545,132321,2023-03-16 09:23:00,17002.4,stop,-13.099999999998545,-1839.5407146189054
2023-03-17,first,1,132693,2023-03-17 09:20:00,17155.0,17152.65,2.349999999998545,132694,2023-03-17 09:21:00,17152.65,stop,-2.349999999998545,-1143.3320106164053
2023-03-17,reverse,-1,132694,2023-03-17 09:21:00,17152.65,17155.0,2.349999999998545,132695,2023-03-17 09:22:00,17155.0,stop,-2.349999999998545,-1143.3320106164053
2023-03-21,first,1,133443,2023-03-21 09:20:00,17087.8,17072.2,15.599999999998545,133444,2023-03-21 09:21:00,17072.2,stop,-15.599999999998545,-2003.2415575999053
2023-03-21,reverse,-1,133444,2023-03-21 09:21:00,17072.2,17087.8,15.599999999998545,133447,2023-03-21 09:24:00,17087.8,stop,-15.599999999998545,-2003.2415575999053
2023-03-22,first,1,133818,2023-03-22 09:20:00,17222.3,17148.0,74.29999999999927,133922,2023-03-22 11:04:00,17148.0,stop,-74.29999999999927,-5820.196986782953
2023-03-22,reverse,-1,133922,2023-03-22 11:04:00,17148.0,17222.3,74.29999999999927,134183,2023-03-22 15:25:00,17184.05,eod,-36.04999999999927,-3333.843573700453
2023-03-24,first,-1,134568,2023-03-24 09:20:00,17078.5,17117.8,39.29999999999927,134749,2023-03-24 12:21:00,17117.8,stop,-39.29999999999927,-3543.9134086429526
2023-03-24,reverse,1,134749,2023-03-24 12:21:00,17117.8,17078.5,39.29999999999927,134763,2023-03-24 12:35:00,17078.5,stop,-39.29999999999927,-3543.9134086429526
2023-03-27,first,-1,134943,2023-03-27 09:20:00,16978.95,17014.95,36.0,134953,2023-03-27 09:30:00,17014.95,stop,-36.0,-3327.701462979
2023-03-27,reverse,1,134953,2023-03-27 09:30:00,17014.95,16978.95,36.0,135123,2023-03-27 12:20:00,17086.95,target,72.0,3690.742947141
2023-03-29,first,-1,135693,2023-03-29 09:20:00,17003.7,17018.2,14.5,135712,2023-03-29 09:39:00,17018.2,stop,-14.5,-1930.5667390590002
2023-03-29,reverse,1,135712,2023-03-29 09:39:00,17018.2,17003.7,14.5,135758,2023-03-29 10:25:00,17047.2,target,29.0,896.306703906
2023-03-31,first,1,136068,2023-03-31 09:20:00,17348.55,17080.0,268.5499999999993,136433,2023-03-31 15:25:00,17445.9,eod,97.35000000000218,5332.420847035642
2023-04-03,first,-1,136443,2023-04-03 09:20:00,17437.7,17462.8,25.099999999998545,136568,2023-04-03 11:25:00,17387.500000000004,target,50.19999999999709,2267.683651027811
2023-04-05,first,1,136818,2023-04-05 09:20:00,17517.45,17507.55,9.900000000001455,136821,2023-04-05 09:23:00,17537.250000000004,target,19.80000000000291,289.89843753318917
2023-04-06,first,1,137193,2023-04-06 09:20:00,17585.05,17575.1,9.950000000000728,137207,2023-04-06 09:34:00,17575.1,stop,-9.950000000000728,-1644.5795031415473
2023-04-06,reverse,-1,137207,2023-04-06 09:34:00,17575.1,17585.05,9.950000000000728,137216,2023-04-06 09:43:00,17585.05,stop,-9.950000000000728,-1644.5795031415473
2023-04-10,first,-1,137568,2023-04-10 09:20:00,17688.9,17699.95,11.049999999999272,137569,2023-04-10 09:21:00,17666.800000000003,target,22.099999999998545,436.8103459229054
2023-04-13,first,-1,138693,2023-04-13 09:20:00,17830.5,17842.0,11.5,138695,2023-04-13 09:22:00,17842.0,stop,-11.5,-1749.702877725
2023-04-13,reverse,1,138695,2023-04-13 09:22:00,17842.0,17830.5,11.5,138703,2023-04-13 09:30:00,17865.0,target,23.0,492.30019773
2023-04-18,first,-1,139443,2023-04-18 09:20:00,17766.05,17780.0,13.950000000000728,139454,2023-04-18 09:31:00,17780.0,stop,-13.950000000000728,-1907.8569412405473
2023-04-18,reverse,1,139454,2023-04-18 09:31:00,17780.0,17766.05,13.950000000000728,139458,2023-04-18 09:35:00,17766.05,stop,-13.950000000000728,-1907.8569412405473
2023-04-19,first,-1,139818,2023-04-19 09:20:00,17672.95,17714.0,41.04999999999927,140183,2023-04-19 15:25:00,17644.9,eod,28.049999999999272,823.8492925614528
2023-04-21,first,1,140568,2023-04-21 09:20:00,17668.4,17655.0,13.400000000001455,140584,2023-04-21 09:36:00,17655.0,stop,-13.400000000001455,-1870.2056974740944
2023-04-21,reverse,-1,140584,2023-04-21 09:36:00,17655.0,17668.4,13.400000000001455,140588,2023-04-21 09:40:00,17668.4,stop,-13.400000000001455,-1870.2056974740944
2023-04-24,first,1,140943,2023-04-24 09:20:00,17692.8,17684.1,8.700000000000728,140945,2023-04-24 09:22:00,17684.1,stop,-8.700000000000728,-1565.1908106090473
2023-04-24,reverse,-1,140945,2023-04-24 09:22:00,17684.1,17692.8,8.700000000000728,140946,2023-04-24 09:23:00,17692.8,stop,-8.700000000000728,-1565.1908106090473
2023-04-26,first,-1,141693,2023-04-26 09:20:00,17749.2,17769.9,20.700000000000728,141757,2023-04-26 10:24:00,17769.9,stop,-20.700000000000728,-2346.3369339510473
2023-04-26,reverse,1,141757,2023-04-26 10:24:00,17769.9,17749.2,20.700000000000728,141891,2023-04-26 12:38:00,17811.300000000003,target,41.400000000001455,1689.2686018680945
2023-04-27,first,1,142068,2023-04-27 09:20:00,17810.5,17801.05,9.450000000000728,142076,2023-04-27 09:28:00,17829.4,target,18.900000000001455,226.39812996109458
2023-04-28,first,1,142443,2023-04-28 09:20:00,18016.15,17913.45,102.70000000000073,142808,2023-04-28 15:25:00,18112.55,eod,96.39999999999782,5259.263750392858
2023-05-02,first,1,142818,2023-05-02 09:20:00,18197.15,18111.05,86.10000000000218,143183,2023-05-02 15:25:00,18210.0,eod,12.849999999998545,-173.37923481159453
2023-05-03,first,1,143193,2023-05-03 09:20:00,18130.0,18126.7,3.2999999999992724,143194,2023-05-03 09:21:00,18126.7,stop,-3.2999999999992724,-1221.7478666869526
2023-05-03,reverse,-1,143194,2023-05-03 09:21:00,18126.7,18130.0,3.2999999999992724,143195,2023-05-03 09:22:00,18130.0,stop,-3.2999999999992724,-1221.7478666869526
2023-05-04,first,-1,143568,2023-05-04 09:20:00,18145.5,18160.0,14.5,143572,2023-05-04 09:24:00,18160.0,stop,-14.5,-1950.0997628549999
2023-05-04,reverse,1,143572,2023-05-04 09:24:00,18160.0,18145.5,14.5,143646,2023-05-04 10:38:00,18189.0,target,29.0,876.77368011
2023-05-05,first,1,143943,2023-05-05 09:20:00,18219.6,18194.5,25.099999999998545,144051,2023-05-05 11:08:00,18194.5,stop,-25.099999999998545,-2639.9666749009057
2023-05-05,reverse,-1,144051,2023-05-05 11:08:00,18194.5,18219.6,25.099999999998545,144094,2023-05-05 11:51:00,18144.300000000003,target,50.19999999999709,2254.7369069318106
2023-05-09,first,-1,144693,2023-05-09 09:20:00,18336.45,18349.0,12.549999999999272,144694,2023-05-09 09:21:00,18349.0,stop,-12.549999999999272,-1826.6111144744527
2023-05-09,reverse,1,144694,2023-05-09 09:21:00,18349.0,18336.45,12.549999999999272,144698,2023-05-09 09:25:00,18336.45,stop,-12.549999999999272,-1826.6111144744527
2023-05-11,first,1,145443,2023-05-11 09:20:00,18365.95,18340.0,25.950000000000728,145450,2023-05-11 09:27:00,18340.0,stop,-25.950000000000728,-2697.7080734795472
2023-05-11,reverse,-1,145450,2023-05-11 09:27:00,18340.0,18365.95,25.950000000000728,145516,2023-05-11 10:33:00,18365.95,stop,-25.950000000000728,-2697.7080734795472
2023-05-12,first,-1,145818,2023-05-12 09:20:00,18282.1,18363.0,80.90000000000146,146094,2023-05-12 14:01:00,18363.0,stop,-80.90000000000146,-6268.616128811094
2023-05-12,reverse,1,146094,2023-05-12 14:01:00,18363.0,18282.1,80.90000000000146,146178,2023-05-12 15:25:00,18336.6,eod,-26.400000000001455,-2726.9011255560945
2023-05-15,first,1,146188,2023-05-15 09:20:00,18348.9,18292.5,56.400000000001455,146449,2023-05-15 13:41:00,18461.700000000004,target,112.80000000000291,6319.335103734189
2023-05-16,first,-1,146563,2023-05-16 09:20:00,18413.0,18438.0,25.0,146590,2023-05-16 09:47:00,18438.0,stop,-25.0,-2637.20433211
2023-05-16,reverse,1,146590,2023-05-16 09:47:00,18438.0,18413.0,25.0,146625,2023-05-16 10:22:00,18413.0,stop,-25.0,-2637.20433211
2023-05-17,first,-1,146938,2023-05-17 09:20:00,18301.0,18317.7,16.700000000000728,146945,2023-05-17 09:27:00,18317.7,stop,-16.700000000000728,-2095.7658835070474
2023-05-17,reverse,1,146945,2023-05-17 09:27:00,18317.7,18301.0,16.700000000000728,146946,2023-05-17 09:28:00,18301.0,stop,-16.700000000000728,-2095.7658835070474
2023-05-18,first,1,147313,2023-05-18 09:20:00,18305.1,18290.2,14.899999999997817,147328,2023-05-18 09:35:00,18290.2,stop,-14.899999999997817,-1978.5762590328582
2023-05-18,reverse,-1,147328,2023-05-18 09:35:00,18290.2,18305.1,14.899999999997817,147356,2023-05-18 10:03:00,18260.400000000005,target,29.799999999995634,927.0445923337162
2023-05-19,first,-1,147688,2023-05-19 09:20:00,18171.85,18210.0,38.150000000001455,147733,2023-05-19 10:05:00,18095.549999999996,target,76.30000000000291,3951.6949496861894
2023-05-22,first,1,148063,2023-05-22 09:20:00,18252.75,18196.35,56.400000000001455,148428,2023-05-22 15:25:00,18324.5,eod,71.75,3653.3212311275
2023-05-23,first,1,148438,2023-05-23 09:20:00,18378.0,18364.95,13.049999999999272,148449,2023-05-23 09:31:00,18404.1,target,26.099999999998545,684.5860766189054
2023-05-24,first,-1,148813,2023-05-24 09:20:00,18297.9,18315.0,17.099999999998545,148822,2023-05-24 09:29:00,18315.0,stop,-17.099999999998545,-2121.7139325689054
2023-05-24,reverse,1,148822,2023-05-24 09:29:00,18315.0,18297.9,17.099999999998545,148838,2023-05-24 09:45:00,18349.199999999997,target,34.19999999999709,1212.0471622378109
2023-05-25,first,-1,149188,2023-05-25 09:20:00,18291.85,18303.7,11.850000000002183,149195,2023-05-25 09:27:00,18268.149999999994,target,23.700000000004366,530.4998734002838
2023-05-29,first,1,149938,2023-05-29 09:20:00,18698.4,18680.0,18.400000000001455,149941,2023-05-29 09:23:00,18680.0,stop,-18.400000000001455,-2212.7541160240944
2023-05-29,reverse,-1,149941,2023-05-29 09:23:00,18680.0,18698.4,18.400000000001455,149944,2023-05-29 09:26:00,18698.4,stop,-18.400000000001455,-2212.7541160240944
2023-06-01,first,1,151063,2023-06-01 09:20:00,18625.85,18615.2,10.649999999997817,151066,2023-06-01 09:23:00,18615.2,stop,-10.649999999997817,-1707.874615190358
2023-06-01,reverse,-1,151066,2023-06-01 09:23:00,18615.2,18625.85,10.649999999997817,151073,2023-06-01 09:30:00,18593.900000000005,target,21.299999999995634,368.96176514871627
2023-06-05,first,-1,151813,2023-06-05 09:20:00,18697.9,18714.8,16.899999999997817,151872,2023-06-05 10:19:00,18714.8,stop,-16.899999999997817,-2115.556279846858
2023-06-05,reverse,1,151872,2023-06-05 10:19:00,18714.8,18697.9,16.899999999997817,152046,2023-06-05 13:13:00,18697.9,stop,-16.899999999997817,-2115.556279846858
2023-06-06,first,-1,152188,2023-06-06 09:20:00,18683.6,18689.0,5.400000000001455,152193,2023-06-06 09:25:00,18672.799999999996,target,10.80000000000291,-314.7367566038108
2023-06-07,first,1,152563,2023-06-07 09:20:00,18712.5,18681.3,31.200000000000728,152847,2023-06-07 14:04:00,18774.9,target,62.400000000001455,3037.8408604860947
2023-06-08,first,1,152938,2023-06-08 09:20:00,18811.0,18805.0,6.0,152964,2023-06-08 09:46:00,18823.0,target,12.0,-239.11825874000004
2023-06-12,first,-1,153688,2023-06-12 09:20:00,18631.6,18658.05,26.450000000000728,153694,2023-06-12 09:26:00,18658.05,stop,-26.450000000000728,-2735.197890636547
2023-06-12,reverse,1,153694,2023-06-12 09:26:00,18658.05,18631.6,26.450000000000728,154053,2023-06-12 15:25:00,18684.6,eod,26.549999999999272,709.0387180334528
2023-06-13,first,1,154063,2023-06-13 09:20:00,18740.9,18738.0,2.900000000001455,154065,2023-06-13 09:22:00,18746.700000000004,target,5.80000000000291,-640.8297402358108
2023-06-14,first,1,154438,2023-06-14 09:20:00,18784.9,18775.2,9.700000000000728,154451,2023-06-14 09:33:00,18775.2,stop,-9.700000000000728,-1648.8592019610473
2023-06-14,reverse,-1,154451,2023-06-14 09:33:00,18775.2,18784.9,9.700000000000728,154457,2023-06-14 09:39:00,18755.8,target,19.400000000001455,242.71947309009454
2023-06-15,first,-1,154813,2023-06-15 09:20:00,18790.0,18815.45,25.450000000000728,154838,2023-06-15 09:45:00,18815.45,stop,-25.450000000000728,-2672.9049706745473
2023-06-15,reverse,1,154838,2023-06-15 09:45:00,18815.45,18790.0,25.450000000000728,154878,2023-06-15 10:25:00,18866.350000000002,target,50.900000000001455,2288.7453137020943
2023-06-16,first,-1,155188,2023-06-16 09:20:00,18802.0,18805.0,3.0,155193,2023-06-16 09:25:00,18805.0,stop,-3.0,-1213.7995612700001
2023-06-16,reverse,1,155193,2023-06-16 09:25:00,18805.0,18802.0,3.0,155194,2023-06-16 09:26:00,18811.0,target,6.0,-628.9291937599999
2023-06-19,first,-1,155563,2023-06-19 09:20:00,18915.0,18923.25,8.25,155568,2023-06-19 09:25:00,18898.5,target,16.5,51.82004326499998
2023-06-23,first,-1,157063,2023-06-23 09:20:00,18742.75,18839.85,97.09999999999854,157428,2023-06-23 15:25:00,18705.0,eod,37.75,1436.0742136224999
2023-06-26,first,-1,157438,2023-06-26 09:20:00,18698.75,18739.0,40.25,157452,2023-06-26 09:34:00,18739.0,stop,-40.25,-3633.3839502775
2023-06-26,reverse,1,157452,2023-06-26 09:34:00,18739.0,18698.75,40.25,157475,2023-06-26 09:57:00,18698.75,stop,-40.25,-3633.3839502775
2023-06-27,first,1,157813,2023-06-27 09:20:00,18747.05,18716.0,31.049999999999272,158156,2023-06-27 15:03:00,18809.149999999998,target,62.099999999998545,3017.754127117905
2023-06-28,first,1,158188,2023-06-28 09:20:00,18865.9,18810.35,55.55000000000291,158399,2023-06-28 12:51:00,18977.000000000007,target,111.10000000000582,6200.015157131378
2023-06-30,first,1,158563,2023-06-30 09:20:00,19163.85,19150.0,13.849999999998545,158580,2023-06-30 09:37:00,19191.549999999996,target,27.69999999999709,775.1193220058108
2023-07-03,first,1,158938,2023-07-03 09:20:00,19342.95,19335.0,7.950000000000728,158948,2023-07-03 09:30:00,19358.850000000002,target,15.900000000001455,5.225381502094535
2023-07-04,first,1,159313,2023-07-04 09:20:00,19459.3,19409.2,50.099999999998545,159347,2023-07-04 09:54:00,19409.2,stop,-50.099999999998545,-4285.814405284906
2023-07-04,reverse,-1,159347,2023-07-04 09:54:00,19409.2,19459.3,50.099999999998545,159492,2023-07-04 12:19:00,19459.3,stop,-50.099999999998545,-4285.814405284906
2023-07-05,first,-1,159688,2023-07-05 09:20:00,19444.5,19463.0,18.5,159691,2023-07-05 09:23:00,19463.0,stop,-18.5,-2232.332856075
2023-07-05,reverse,1,159691,2023-07-05 09:23:00,19463.0,19444.5,18.5,159707,2023-07-05 09:39:00,19444.5,stop,-18.5,-2232.332856075
2023-07-06,first,1,160063,2023-07-06 09:20:00,19458.05,19438.1,19.950000000000728,160115,2023-07-06 10:12:00,19497.95,target,39.900000000001455,1562.9106538400947
2023-07-07,first,1,160438,2023-07-07 09:20:00,19501.2,19472.55,28.650000000001455,160477,2023-07-07 09:59:00,19558.500000000004,target,57.30000000000291,2692.9218544831892
2023-07-10,first,-1,160813,2023-07-10 09:20:00,19415.6,19444.0,28.400000000001455,160822,2023-07-10 09:29:00,19444.0,stop,-28.400000000001455,-2875.3652231560945
2023-07-10,reverse,1,160822,2023-07-10 09:29:00,19444.0,19415.6,28.400000000001455,160826,2023-07-10 09:33:00,19415.6,stop,-28.400000000001455,-2875.3652231560945
2023-07-12,first,-1,161563,2023-07-12 09:20:00,19515.0,19543.75,28.75,161748,2023-07-12 12:25:00,19457.5,target,57.5,2706.666559275
2023-07-13,first,-1,161938,2023-07-13 09:20:00,19534.05,19543.7,9.650000000001455,161948,2023-07-13 09:30:00,19543.7,stop,-9.650000000001455,-1658.5908806775947
2023-07-13,reverse,1,161948,2023-07-13 09:30:00,19543.7,19534.05,9.650000000001455,161961,2023-07-13 09:43:00,19563.000000000004,target,19.30000000000291,222.74213481318912
2023-07-14,first,-1,162313,2023-07-14 09:20:00,19530.25,19557.2,26.950000000000728,162374,2023-07-14 10:21:00,19476.35,target,53.900000000001455,2472.3959411740943
2023-07-17,first,1,162688,2023-07-17 09:20:00,19631.95,19608.55,23.400000000001455,162691,2023-07-17 09:23:00,19608.55,stop,-23.400000000001455,-2553.6525432050944
2023-07-17,reverse,-1,162691,2023-07-17 09:23:00,19608.55,19631.95,23.400000000001455,162717,2023-07-17 09:49:00,19631.95,stop,-23.400000000001455,-2553.6525432050944
2023-07-18,first,1,163063,2023-07-18 09:20:00,19775.0,19724.05,50.95000000000073,163207,2023-07-18 11:44:00,19724.05,stop,-50.95000000000073,-4346.452911570547
2023-07-18,reverse,-1,163207,2023-07-18 11:44:00,19724.05,19775.0,50.95000000000073,163339,2023-07-18 13:56:00,19775.0,stop,-50.95000000000073,-4346.452911570547
2023-07-19,first,-1,163438,2023-07-19 09:20:00,19803.65,19819.9,16.25,163447,2023-07-19 09:29:00,19819.9,stop,-16.25,-2092.2208310155
2023-07-19,reverse,1,163447,2023-07-19 09:29:00,19819.9,19803.65,16.25,163459,2023-07-19 09:41:00,19803.65,stop,-16.25,-2092.2208310155
2023-07-24,first,1,164563,2023-07-24 09:20:00,19754.1,19728.0,26.099999999998545,164567,2023-07-24 09:24:00,19728.0,stop,-26.099999999998545,-2731.2033003809056
2023-07-24,reverse,-1,164567,2023-07-24 09:24:00,19728.0,19754.1,26.099999999998545,164576,2023-07-24 09:33:00,19754.1,stop,-26.099999999998545,-2731.2033003809056
2023-07-25,first,-1,164938,2023-07-25 09:20:00,19700.0,19744.1,44.099999999998545,165303,2023-07-25 15:25:00,19693.5,eod,6.5,-611.636160535
2023-07-26,first,1,165313,2023-07-26 09:20:00,19724.75,19688.6,36.150000000001455,165359,2023-07-26 10:06:00,19797.050000000003,target,72.30000000000291,3663.881481302189
2023-07-27,first,1,165688,2023-07-27 09:20:00,19862.75,19770.2,92.54999999999927,165803,2023-07-27 11:15:00,19770.2,stop,-92.54999999999927,-7051.354879949453
2023-07-27,reverse,-1,165803,2023-07-27 11:15:00,19770.2,19862.75,92.54999999999927,166052,2023-07-27 15:25:00,19662.3,eod,107.90000000000146,5978.437058675095
2023-07-28,first,-1,166062,2023-07-28 09:20:00,19740.25,19756.0,15.75,166079,2023-07-28 09:37:00,19756.0,stop,-15.75,-2058.6348814625
2023-07-28,reverse,1,166079,2023-07-28 09:37:00,19756.0,19740.25,15.75,166106,2023-07-28 10:04:00,19740.25,stop,-15.75,-2058.6348814625
2023-07-31,first,1,166437,2023-07-31 09:20:00,19726.0,19717.1,8.900000000001455,166438,2023-07-31 09:21:00,19717.1,stop,-8.900000000001455,-1612.9703295910947
2023-07-31,reverse,-1,166438,2023-07-31 09:21:00,19717.1,19726.0,8.900000000001455,166442,2023-07-31 09:25:00,19726.0,stop,-8.900000000001455,-1612.9703295910947
2023-08-01,first,1,166812,2023-08-01 09:20:00,19856.0,19840.95,15.049999999999272,166832,2023-08-01 09:40:00,19840.95,stop,-15.049999999999272,-2014.8556859894527
2023-08-01,reverse,-1,166832,2023-08-01 09:40:00,19840.95,19856.0,15.049999999999272,166839,2023-08-01 09:47:00,19856.0,stop,-15.049999999999272,-2014.8556859894527
2023-08-02,first,-1,167187,2023-08-02 09:20:00,19719.1,19812.95,93.85000000000218,167452,2023-08-02 13:45:00,19531.399999999994,target,187.70000000000437,11166.526985695284
2023-08-03,first,1,167562,2023-08-03 09:20:00,19567.65,19510.1,57.55000000000291,167737,2023-08-03 12:15:00,19510.1,stop,-57.55000000000291,-4771.810665677689
2023-08-03,reverse,-1,167737,2023-08-03 12:15:00,19510.1,19567.65,57.55000000000291,167848,2023-08-03 14:06:00,19394.999999999993,target,115.10000000000582,6450.906112589379
2023-08-04,first,1,167937,2023-08-04 09:20:00,19532.45,19521.55,10.900000000001455,167944,2023-08-04 09:27:00,19521.55,stop,-10.900000000001455,-1739.6304199400945
2023-08-04,reverse,-1,167944,2023-08-04 09:27:00,19521.55,19532.45,10.900000000001455,167945,2023-08-04 09:28:00,19532.45,stop,-10.900000000001455,-1739.6304199400945
2023-08-07,first,1,168312,2023-08-07 09:20:00,19615.7,19605.85,9.850000000002183,168314,2023-08-07 09:22:00,19605.85,stop,-9.850000000002183,-1672.819719795642
2023-08-07,reverse,-1,168314,2023-08-07 09:22:00,19605.85,19615.7,9.850000000002183,168322,2023-08-07 09:30:00,19586.149999999994,target,19.700000000004366,248.0101718802838
2023-08-08,first,-1,168687,2023-08-08 09:20:00,19646.0,19668.0,22.0,168803,2023-08-08 11:16:00,19602.0,target,44.0,1826.88901472
2023-08-11,first,-1,169812,2023-08-11 09:20:00,19542.4,19551.95,9.549999999999272,169829,2023-08-11 09:37:00,19523.300000000003,target,19.099999999998545,210.0940028229054
2023-08-14,first,-1,170187,2023-08-14 09:20:00,19355.6,19510.0,154.40000000000146,170552,2023-08-14 15:25:00,19471.2,eod,-115.60000000000218,-8542.574544748142
2023-08-17,first,1,170937,2023-08-17 09:20:00,19456.65,19428.0,28.650000000001455,170945,2023-08-17 09:28:00,19428.0,stop,-28.650000000001455,-2891.8280285865944
2023-08-17,reverse,-1,170945,2023-08-17 09:28:00,19428.0,19456.65,28.650000000001455,171142,2023-08-17 12:45:00,19370.699999999997,target,57.30000000000291,2695.154346693189
2023-08-18,first,1,171312,2023-08-18 09:20:00,19314.0,19291.85,22.150000000001455,171345,2023-08-18 09:53:00,19291.85,stop,-22.150000000001455,-2466.9813071185945
2023-08-18,reverse,-1,171345,2023-08-18 09:53:00,19291.85,19314.0,22.150000000001455,171442,2023-08-18 11:30:00,19314.0,stop,-22.150000000001455,-2466.9813071185945
2023-08-22,first,1,172062,2023-08-22 09:20:00,19398.0,19382.85,15.150000000001455,172073,2023-08-22 09:31:00,19428.300000000003,target,30.30000000000291,940.0762170571891
2023-08-23,first,-1,172437,2023-08-23 09:20:00,19388.65,19392.0,3.349999999998545,172439,2023-08-23 09:22:00,19381.950000000004,target,6.69999999999709,-593.309286866189
2023-08-25,first,-1,173187,2023-08-25 09:20:00,19270.85,19399.0,128.15000000000146,173552,2023-08-25 15:25:00,19236.0,eod,34.849999999998545,1238.5320502714053
2023-08-28,first,-1,173562,2023-08-28 09:20:00,19263.45,19304.75,41.29999999999927,173631,2023-08-28 10:29:00,19304.75,stop,-41.29999999999927,-3711.2972362019527
2023-08-28,reverse,1,173631,2023-08-28 10:29:00,19304.75,19263.45,41.29999999999927,173927,2023-08-28 15:25:00,19317.75,eod,13.0,-182.57935222499998
2023-08-29,first,-1,173937,2023-08-29 09:20:00,19339.45,19345.2,5.75,173938,2023-08-29 09:21:00,19345.2,stop,-5.75,-1401.7512715865
2023-08-29,reverse,1,173938,2023-08-29 09:21:00,19345.2,19339.45,5.75,173939,2023-08-29 09:22:00,19339.45,stop,-5.75,-1401.7512715865
2023-08-30,first,1,174312,2023-08-30 09:20:00,19413.0,19341.25,71.75,174659,2023-08-30 15:07:00,19341.25,stop,-71.75,-5691.9605028425
2023-08-30,reverse,-1,174659,2023-08-30 15:07:00,19341.25,19413.0,71.75,174677,2023-08-30 15:25:00,19343.0,eod,-1.75,-1141.7712501425
2023-08-31,first,-1,174687,2023-08-31 09:20:00,19354.9,19366.05,11.149999999997817,174694,2023-08-31 09:27:00,19332.600000000006,target,22.299999999995634,421.31025812471626
2023-09-01,first,-1,175062,2023-09-01 09:20:00,19399.9,19407.25,7.349999999998545,175066,2023-09-01 09:24:00,19385.200000000004,target,14.69999999999709,-73.48011421118917
2023-09-04,first,1,175437,2023-09-04 09:20:00,19567.9,19513.3,54.60000000000218,175515,2023-09-04 10:38:00,19513.3,stop,-54.60000000000218,-4580.1074331321415
2023-09-04,reverse,-1,175515,2023-09-04 10:38:00,19513.3,19567.9,54.60000000000218,175595,2023-09-04 11:58:00,19567.9,stop,-54.60000000000218,-4580.1074331321415
2023-09-05,first,1,175812,2023-09-05 09:20:00,19616.6,19602.0,14.599999999998545,175855,2023-09-05 10:03:00,19645.799999999996,target,29.19999999999709,864.8524227358109
2023-09-06,first,1,176187,2023-09-06 09:20:00,19626.4,19622.05,4.350000000002183,176188,2023-09-06 09:21:00,19622.05,stop,-4.350000000002183,-1315.5819869046418
2023-09-06,reverse,-1,176188,2023-09-06 09:21:00,19622.05,19626.4,4.350000000002183,176192,2023-09-06 09:25:00,19626.4,stop,-4.350000000002183,-1315.5819869046418
2023-09-08,first,1,176937,2023-09-08 09:20:00,19815.55,19766.0,49.54999999999927,177236,2023-09-08 14:19:00,19914.649999999998,target,99.09999999999854,5403.942128977906
2023-09-11,first,1,177312,2023-09-11 09:20:00,19955.0,19871.0,84.0,177677,2023-09-11 15:25:00,20040.0,eod,85.0,4485.25961805
2023-09-12,first,1,177687,2023-09-12 09:20:00,20115.55,20035.45,80.09999999999854,177717,2023-09-12 09:50:00,20035.45,stop,-80.09999999999854,-6246.608910109905
2023-09-12,reverse,-1,177717,2023-09-12 09:50:00,20035.45,20115.55,80.09999999999854,178052,2023-09-12 15:25:00,20042.8,eod,-7.349999999998545,-1517.6622224824055
2023-09-13,first,1,178062,2023-09-13 09:20:00,20039.5,20001.75,37.75,178250,2023-09-13 12:28:00,20115.0,target,75.5,3866.450892255
2023-09-14,first,1,178437,2023-09-14 09:20:00,20168.75,20120.65,48.099999999998545,178518,2023-09-14 10:41:00,20120.65,stop,-48.099999999998545,-4167.979929733905
2023-09-14,reverse,-1,178518,2023-09-14 10:41:00,20120.65,20168.75,48.099999999998545,178775,2023-09-14 14:58:00,20168.75,stop,-48.099999999998545,-4167.979929733905
2023-09-15,first,1,178812,2023-09-15 09:20:00,20208.0,20198.2,9.799999999999272,178839,2023-09-15 09:47:00,20198.2,stop,-9.799999999999272,-1679.7030463819526
2023-09-15,reverse,-1,178839,2023-09-15 09:47:00,20198.2,20208.0,9.799999999999272,178840,2023-09-15 09:48:00,20208.0,stop,-9.799999999999272,-1679.7030463819526
2023-09-18,first,-1,179187,2023-09-18 09:20:00,20193.15,20194.6,1.4499999999970896,179188,2023-09-18 09:21:00,20194.6,stop,-1.4499999999970896,-1136.844079777311
2023-09-18,reverse,1,179188,2023-09-18 09:21:00,20194.6,20193.15,1.4499999999970896,179189,2023-09-18 09:22:00,20197.499999999993,target,2.8999999999941792,-854.1567354813783
2023-09-20,first,-1,179562,2023-09-20 09:20:00,20078.05,20182.0,103.95000000000073,179927,2023-09-20 15:25:00,19977.4,eod,100.64999999999782,5501.900999825358
2023-09-21,first,-1,179937,2023-09-21 09:20:00,19856.4,19982.85,126.44999999999709,180302,2023-09-21 15:25:00,19774.5,eod,81.90000000000146,4286.892122451095
2023-09-25,first,-1,180687,2023-09-25 09:20:00,19705.0,19718.0,13.0,180689,2023-09-25 09:22:00,19718.0,stop,-13.0,-1879.27441703
2023-09-25,reverse,1,180689,2023-09-25 09:22:00,19718.0,19705.0,13.0,180690,2023-09-25 09:23:00,19705.0,stop,-13.0,-1879.27441703
2023-09-27,first,-1,181437,2023-09-27 09:20:00,19616.75,19629.5,12.75,181477,2023-09-27 10:00:00,19591.25,target,25.5,624.83938412
2023-09-29,first,-1,182187,2023-09-29 09:20:00,19655.0,19673.3,18.299999999999272,182212,2023-09-29 09:45:00,19673.3,stop,-18.299999999999272,-2222.9333851629526
2023-09-29,reverse,1,182212,2023-09-29 09:45:00,19673.3,19655.0,18.299999999999272,182280,2023-09-29 10:53:00,19655.0,stop,-18.299999999999272,-2222.9333851629526
2023-10-03,first,-1,182562,2023-10-03 09:20:00,19593.85,19717.9,124.05000000000291,182927,2023-10-03 15:25:00,19567.15,eod,26.69999999999709,703.2343837898109
2023-10-04,first,-1,182937,2023-10-04 09:20:00,19436.65,19449.9,13.25,183000,2023-10-04 10:23:00,19449.9,stop,-13.25,-1890.9343704455
2023-10-04,reverse,1,183000,2023-10-04 10:23:00,19449.9,19436.65,13.25,183062,2023-10-04 11:25:00,19436.65,stop,-13.25,-1890.9343704455
2023-10-05,first,1,183312,2023-10-05 09:20:00,19555.0,19474.55,80.45000000000073,183677,2023-10-05 15:25:00,19574.1,eod,19.099999999998545,209.5517039489054
2023-10-06,first,1,183687,2023-10-06 09:20:00,19629.6,19613.0,16.599999999998545,183770,2023-10-06 10:43:00,19662.799999999996,target,33.19999999999709,1124.572414435811
2023-10-10,first,-1,184437,2023-10-10 09:20:00,19633.8,19638.95,5.150000000001455,184443,2023-10-10 09:26:00,19623.499999999996,target,10.30000000000291,-363.49338885281077
2023-10-11,first,1,184812,2023-10-11 09:20:00,19820.9,19812.35,8.55000000000291,184825,2023-10-11 09:33:00,19838.000000000007,target,17.10000000000582,75.03170137137835
2023-10-12,first,1,185187,2023-10-12 09:20:00,19865.95,19847.2,18.75,185193,2023-10-12 09:26:00,19847.2,stop,-18.75,-2255.4726094715
2023-10-12,reverse,-1,185193,2023-10-12 09:26:00,19847.2,19865.95,18.75,185223,2023-10-12 09:56:00,19809.7,target,37.5,1400.929468591
2023-10-13,first,1,185562,2023-10-13 09:20:00,19723.95,19692.15,31.799999999999272,185648,2023-10-13 10:46:00,19692.15,stop,-31.799999999999272,-3101.1054171209526
2023-10-13,reverse,-1,185648,2023-10-13 10:46:00,19692.15,19723.95,31.799999999999272,185746,2023-10-13 12:24:00,19723.95,stop,-31.799999999999272,-3101.1054171209526
2023-10-16,first,-1,185937,2023-10-16 09:20:00,19695.0,19740.0,45.0,185985,2023-10-16 10:08:00,19740.0,stop,-45.0,-3959.18986035
2023-10-16,reverse,1,185985,2023-10-16 10:08:00,19740.0,19695.0,45.0,186302,2023-10-16 15:25:00,19737.0,eod,-3.0,-1229.79481197
2023-10-18,first,-1,186687,2023-10-18 09:20:00,19786.95,19817.75,30.799999999999272,186707,2023-10-18 09:40:00,19817.75,stop,-30.799999999999272,-3037.7244779669527
2023-10-18,reverse,1,186707,2023-10-18 09:40:00,19817.75,19786.95,30.799999999999272,186772,2023-10-18 10:45:00,19786.95,stop,-30.799999999999272,-3037.7244779669527
2023-10-19,first,-1,187062,2023-10-19 09:20:00,19564.8,19688.0,123.20000000000073,187427,2023-10-19 15:25:00,19615.0,eod,-50.20000000000073,-4294.976559078047
2023-10-20,first,1,187437,2023-10-20 09:20:00,19565.75,19532.55,33.20000000000073,187581,2023-10-20 11:44:00,19532.55,stop,-33.20000000000073,-3189.3788898630473
2023-10-20,reverse,-1,187581,2023-10-20 11:44:00,19532.55,19565.75,33.20000000000073,187802,2023-10-20 15:25:00,19525.65,eod,6.899999999997817,-582.770475102142
2023-10-25,first,-1,188187,2023-10-25 09:20:00,19333.0,19343.9,10.900000000001455,188192,2023-10-25 09:25:00,19311.199999999997,target,21.80000000000291,389.1835544381892
2023-10-26,first,-1,188562,2023-10-26 09:20:00,18989.95,19129.8,139.84999999999854,188927,2023-10-26 15:25:00,18856.95,eod,133.0,7623.352827691
2023-10-27,first,-1,188937,2023-10-27 09:20:00,19025.55,19039.9,14.350000000002183,188939,2023-10-27 09:22:00,19039.9,stop,-14.350000000002183,-1955.4045662746419
2023-10-27,reverse,1,188939,2023-10-27 09:22:00,19039.9,19025.55,14.350000000002183,188951,2023-10-27 09:34:00,19068.600000000006,target,28.700000000004366,842.2253583152835
2023-10-30,first,1,189312,2023-10-30 09:20:00,19106.9,19070.05,36.85000000000218,189322,2023-10-30 09:30:00,19070.05,stop,-36.85000000000218,-3418.7266687896417
2023-10-30,reverse,-1,189322,2023-10-30 09:30:00,19070.05,19106.9,36.85000000000218,189370,2023-10-30 10:18:00,19106.9,stop,-36.85000000000218,-3418.7266687896417
2023-11-01,first,1,190062,2023-11-01 09:20:00,19166.9,19111.1,55.80000000000291,190098,2023-11-01 09:56:00,19111.1,stop,-55.80000000000291,-4651.230153580189
2023-11-01,reverse,-1,190098,2023-11-01 09:56:00,19111.1,19166.9,55.80000000000291,190427,2023-11-01 15:25:00,19053.55,eod,57.54999999999927,2716.8263006134525
2023-11-02,first,-1,190437,2023-11-02 09:20:00,19215.0,19222.7,7.700000000000728,190438,2023-11-02 09:21:00,19222.7,stop,-7.700000000000728,-1526.3775500970473
2023-11-02,reverse,1,190438,2023-11-02 09:21:00,19222.7,19215.0,7.700000000000728,190455,2023-11-02 09:38:00,19238.100000000002,target,15.400000000001455,-25.21027348790551
2023-11-03,first,1,190812,2023-11-03 09:20:00,19344.95,19248.1,96.85000000000218,191177,2023-11-03 15:25:00,19305.05,eod,-39.900000000001455,-3621.0051115000947
2023-11-07,first,1,191562,2023-11-07 09:20:00,19460.8,19438.15,22.649999999997817,191707,2023-11-07 11:45:00,19438.15,stop,-22.649999999997817,-2501.985445209358
2023-11-07,reverse,-1,191707,2023-11-07 11:45:00,19438.15,19460.8,22.649999999997817,191832,2023-11-07 13:50:00,19460.8,stop,-22.649999999997817,-2501.985445209358
2023-11-08,first,1,191937,2023-11-08 09:20:00,19491.2,19476.55,14.650000000001455,192049,2023-11-08 11:12:00,19476.55,stop,-14.650000000001455,-1982.6207335775946
2023-11-08,reverse,-1,192049,2023-11-08 11:12:00,19476.55,19491.2,14.650000000001455,192060,2023-11-08 11:23:00,19491.2,stop,-14.650000000001455,-1982.6207335775946
2023-11-09,first,-1,192312,2023-11-09 09:20:00,19488.15,19512.45,24.299999999999272,192322,2023-11-09 09:30:00,19512.45,stop,-24.299999999999272,-2610.0952671659525
2023-11-09,reverse,1,192322,2023-11-09 09:30:00,19512.45,19488.15,24.299999999999272,192342,2023-11-09 09:50:00,19488.15,stop,-24.299999999999272,-2610.0952671659525
2023-11-10,first,-1,192687,2023-11-10 09:20:00,19387.55,19400.95,13.400000000001455,192692,2023-11-10 09:25:00,19400.95,stop,-13.400000000001455,-1899.8448114850946
2023-11-10,reverse,1,192692,2023-11-10 09:25:00,19400.95,19387.55,13.400000000001455,192701,2023-11-10 09:34:00,19387.55,stop,-13.400000000001455,-1899.8448114850946
2023-11-17,first,1,194187,2023-11-17 09:20:00,19796.95,19755.5,41.45000000000073,194552,2023-11-17 15:25:00,19806.45,eod,9.5,-418.449113274
2023-11-20,first,-1,194562,2023-11-20 09:20:00,19795.65,19809.5,13.849999999998545,194574,2023-11-20 09:32:00,19767.950000000004,target,27.69999999999709,764.7848504038109
2023-11-21,first,1,194937,2023-11-21 09:20:00,19828.9,19748.0,80.90000000000146,195302,2023-11-21 15:25:00,19839.45,eod,10.549999999999272,-350.76081274354726
2023-11-22,first,1,195312,2023-11-22 09:20:00,19845.0,19827.45,17.549999999999272,195347,2023-11-22 09:55:00,19880.1,target,35.099999999998545,1244.3601523889054
2023-11-23,first,1,195687,2023-11-23 09:20:00,19885.0,19875.1,9.900000000001455,195689,2023-11-23 09:22:00,19904.800000000003,target,19.80000000000291,249.39623882218905
2023-11-24,first,-1,196062,2023-11-24 09:20:00,19862.0,19868.75,6.75,196077,2023-11-24 09:35:00,19848.5,target,13.5,-159.38860490500002
2023-11-28,first,-1,196437,2023-11-28 09:20:00,19860.5,19862.95,2.4500000000007276,196438,2023-11-28 09:21:00,19862.95,stop,-2.4500000000007276,-1196.1560666545474
2023-11-28,reverse,1,196438,2023-11-28 09:21:00,19862.95,19860.5,2.4500000000007276,196439,2023-11-28 09:22:00,19860.0,stop,-2.9500000000007276,-1228.6488648495472
2023-11-29,first,1,196812,2023-11-29 09:20:00,20003.2,19942.0,61.20000000000073,197154,2023-11-29 15:02:00,20125.600000000002,target,122.40000000000146,6914.896355032095
2023-12-01,first,1,197562,2023-12-01 09:20:00,20351.1,20131.5,219.59999999999854,197927,2023-12-01 15:25:00,20375.8,eod,24.700000000000728,559.8519858910473
2023-12-04,first,-1,197937,2023-12-04 09:20:00,20624.8,20667.8,43.0,197945,2023-12-04 09:28:00,20667.8,stop,-43.0,-3845.090746286
2023-12-04,reverse,1,197945,2023-12-04 09:28:00,20667.8,20624.8,43.0,198199,2023-12-04 13:42:00,20753.8,target,86.0,4538.051188024
2023-12-05,first,1,198312,2023-12-05 09:20:00,20809.0,20801.0,8.0,198315,2023-12-05 09:23:00,20825.0,target,16.0,-13.356098739999993
2023-12-06,first,1,198687,2023-12-06 09:20:00,21025.3,20937.0,88.29999999999927,199052,2023-12-06 15:25:00,21045.05,eod,19.75,226.6395960365
2023-12-08,first,1,199437,2023-12-08 09:20:00,21052.4,21031.0,21.400000000001455,199479,2023-12-08 10:02:00,21095.200000000004,target,42.80000000000291,1724.093987164189
2023-12-11,first,1,199812,2023-12-11 09:20:00,21070.1,21060.2,9.899999999997817,199815,2023-12-11 09:23:00,21089.899999999994,target,19.799999999995634,229.12247239971634
2023-12-13,first,-1,200562,2023-12-13 09:20:00,21013.75,21025.8,12.049999999999272,200569,2023-12-13 09:27:00,21025.8,stop,-12.049999999999272,-1839.9109227754527
2023-12-13,reverse,1,200569,2023-12-13 09:27:00,21025.8,21013.75,12.049999999999272,200576,2023-12-13 09:34:00,21013.75,stop,-12.049999999999272,-1839.9109227754527
2023-12-14,first,1,200937,2023-12-14 09:20:00,21212.35,21035.45,176.89999999999782,201302,2023-12-14 15:25:00,21349.05,eod,136.70000000000073,7823.505188346047
2023-12-15,first,1,201312,2023-12-15 09:20:00,21388.85,21379.1,9.75,201316,2023-12-15 09:24:00,21379.1,stop,-9.75,-1696.6548272995
2023-12-15,reverse,-1,201316,2023-12-15 09:24:00,21379.1,21388.85,9.75,201320,2023-12-15 09:28:00,21388.85,stop,-9.75,-1696.6548272995
2023-12-19,first,-1,202062,2023-12-19 09:20:00,21500.65,21505.0,4.349999999998545,202067,2023-12-19 09:25:00,21505.0,stop,-4.349999999998545,-1347.7196103964054
2023-12-19,reverse,1,202067,2023-12-19 09:25:00,21505.0,21500.65,4.349999999998545,202068,2023-12-19 09:26:00,21500.65,stop,-4.349999999998545,-1347.7196103964054
2023-12-21,first,-1,202812,2023-12-21 09:20:00,21142.15,21158.0,15.849999999998545,202816,2023-12-21 09:24:00,21110.450000000004,target,31.69999999999709,1001.7607931138108
2023-12-22,first,1,203187,2023-12-22 09:20:00,21322.6,21315.65,6.94999999999709,203188,2023-12-22 09:21:00,21315.65,stop,-6.94999999999709,-1513.5618040823108
2023-12-22,reverse,-1,203188,2023-12-22 09:21:00,21315.65,21322.6,6.94999999999709,203191,2023-12-22 09:24:00,21301.750000000007,target,13.89999999999418,-158.25543381437836
2023-12-26,first,1,203562,2023-12-26 09:20:00,21388.7,21376.0,12.700000000000728,203571,2023-12-26 09:29:00,21376.0,stop,-12.700000000000728,-1888.3597705670472
2023-12-26,reverse,-1,203571,2023-12-26 09:29:00,21376.0,21388.7,12.700000000000728,203573,2023-12-26 09:31:00,21388.7,stop,-12.700000000000728,-1888.3597705670472
2023-12-28,first,1,204312,2023-12-28 09:20:00,21754.0,21730.8,23.200000000000728,204326,2023-12-28 09:34:00,21730.8,stop,-23.200000000000728,-2576.9578001280474
2023-12-28,reverse,-1,204326,2023-12-28 09:34:00,21730.8,21754.0,23.200000000000728,204334,2023-12-28 09:42:00,21754.0,stop,-23.200000000000728,-2576.9578001280474
2023-12-29,first,1,204687,2023-12-29 09:20:00,21887.6,21870.0,17.599999999998545,204699,2023-12-29 09:32:00,21922.799999999996,target,35.19999999999709,1215.9155044558108
2024-01-01,first,-1,205062,2024-01-01 09:20:00,21820.0,21878.85,58.849999999998545,205151,2024-01-01 10:49:00,21878.85,stop,-58.849999999998545,-4895.830147848405
2024-01-01,reverse,1,205151,2024-01-01 10:49:00,21878.85,21820.0,58.849999999998545,205385,2024-01-01 14:43:00,21996.549999999996,target,117.69999999999709,6577.3768948058105
2024-01-02,first,-1,205437,2024-01-02 09:20:00,21850.05,21900.0,49.95000000000073,205478,2024-01-02 10:01:00,21750.149999999998,target,99.90000000000146,5422.834978278094
2024-01-05,first,1,206562,2024-01-05 09:20:00,21813.6,21771.7,41.89999999999782,206647,2024-01-05 10:45:00,21771.7,stop,-41.89999999999782,-3793.208042932858
2024-01-05,reverse,-1,206647,2024-01-05 10:45:00,21771.7,21813.6,41.89999999999782,206860,2024-01-05 14:18:00,21687.900000000005,target,83.79999999999563,4377.6318008437165
2024-01-08,first,-1,206937,2024-01-08 09:20:00,21780.05,21797.0,16.950000000000728,206940,2024-01-08 09:23:00,21797.0,stop,-16.950000000000728,-2171.5334331505474
2024-01-08,reverse,1,206940,2024-01-08 09:23:00,21797.0,21780.05,16.950000000000728,206947,2024-01-08 09:30:00,21780.05,stop,-16.950000000000728,-2171.5334331505474
2024-01-10,first,-1,207687,2024-01-10 09:20:00,21602.2,21620.85,18.649999999997817,207694,2024-01-10 09:27:00,21564.900000000005,target,37.299999999995634,1357.9057567687162
2024-01-11,first,1,208062,2024-01-11 09:20:00,21757.0,21747.0,10.0,208066,2024-01-11 09:24:00,21747.0,stop,-10.0,-1719.1992494400001
2024-01-11,reverse,-1,208066,2024-01-11 09:24:00,21747.0,21757.0,10.0,208068,2024-01-11 09:26:00,21757.0,stop,-10.0,-1719.1992494400001
2024-01-15,first,1,208812,2024-01-15 09:20:00,22082.05,21950.05,132.0,209177,2024-01-15 15:25:00,22141.65,eod,59.60000000000218,2798.2375574431417
2024-01-16,first,1,209187,2024-01-16 09:20:00,22080.0,22054.45,25.549999999999272,209294,2024-01-16 11:07:00,22131.1,target,51.099999999998545,2245.8950579289053
2024-01-17,first,1,209562,2024-01-17 09:20:00,21835.5,21826.95,8.549999999999272,209564,2024-01-17 09:22:00,21826.95,stop,-8.549999999999272,-1626.3130514444526
2024-01-17,reverse,-1,209564,2024-01-17 09:22:00,21826.95,21835.5,8.549999999999272,209565,2024-01-17 09:23:00,21809.850000000002,target,17.099999999998545,41.006296151905474
2024-01-18,first,-1,209937,2024-01-18 09:20:00,21479.0,21481.35,2.349999999998545,209938,2024-01-18 09:21:00,21474.300000000003,target,4.69999999999709,-759.0747714131892
2024-01-19,first,1,210312,2024-01-19 09:20:00,21652.4,21536.1,116.30000000000291,210677,2024-01-19 15:25:00,21675.1,eod,22.69999999999709,407.61916772481084
2024-01-20,first,1,210687,2024-01-20 09:20:00,21741.0,21711.1,29.900000000001455,210696,2024-01-20 09:29:00,21711.1,stop,-29.900000000001455,-3012.138902081095
2024-01-20,reverse,-1,210696,2024-01-20 09:29:00,21711.1,21741.0,29.900000000001455,210882,2024-01-20 12:35:00,21651.299999999996,target,59.80000000000291,2818.603611736189
2024-01-23,first,-1,211062,2024-01-23 09:20:00,21773.95,21783.0,9.049999999999272,211066,2024-01-23 09:24:00,21755.850000000002,target,18.099999999998545,106.91568242190539
2024-01-24,first,-1,211437,2024-01-24 09:20:00,21194.15,21223.65,29.5,211438,2024-01-24 09:21:00,21223.65,stop,-29.5,-2977.294243258
2024-01-24,reverse,1,211438,2024-01-24 09:21:00,21223.65,21194.15,29.5,211448,2024-01-24 09:31:00,21282.65,target,59.0,2773.931037257
2024-01-29,first,1,212187,2024-01-29 09:20:00,21648.55,21598.2,50.349999999998545,212227,2024-01-29 10:00:00,21749.249999999996,target,100.69999999999709,5476.5615489418105
2024-01-31,first,-1,212937,2024-01-31 09:20:00,21604.0,21645.1,41.099999999998545,212946,2024-01-31 09:29:00,21645.1,stop,-41.099999999998545,-3738.3369992509056
2024-01-31,reverse,1,212946,2024-01-31 09:29:00,21645.1,21604.0,41.099999999998545,212985,2024-01-31 10:08:00,21727.299999999996,target,82.19999999999709,4274.387035635811
2024-02-01,first,1,213312,2024-02-01 09:20:00,21805.4,21785.0,20.400000000001455,213321,2024-02-01 09:29:00,21785.0,stop,-20.400000000001455,-2395.8774413440947
2024-02-01,reverse,-1,213321,2024-02-01 09:29:00,21785.0,21805.4,20.400000000001455,213324,2024-02-01 09:32:00,21805.4,stop,-20.400000000001455,-2395.8774413440947
2024-02-06,first,-1,214437,2024-02-06 09:20:00,21803.0,21833.2,30.200000000000728,214440,2024-02-06 09:23:00,21833.2,stop,-30.200000000000728,-3033.2118666820475
2024-02-06,reverse,1,214440,2024-02-06 09:23:00,21833.2,21803.0,30.200000000000728,214456,2024-02-06 09:39:00,21893.600000000002,target,60.400000000001455,2854.4831662520946
2024-02-07,first,1,214812,2024-02-07 09:20:00,22077.0,21956.0,121.0,214945,2024-02-07 11:33:00,21956.0,stop,-121.0,-8938.07475913
2024-02-07,reverse,-1,214945,2024-02-07 11:33:00,21956.0,22077.0,121.0,215177,2024-02-07 15:25:00,22010.0,eod,-54.0,-4582.89361726
2024-02-08,first,1,215187,2024-02-08 09:20:00,22082.55,21993.65,88.89999999999782,215237,2024-02-08 10:10:00,21993.65,stop,-88.89999999999782,-6852.132060081858
2024-02-08,reverse,-1,215237,2024-02-08 10:10:00,21993.65,22082.55,88.89999999999782,215291,2024-02-08 11:04:00,21815.850000000006,target,177.79999999999563,10484.088992704716
2024-02-09,first,-1,215562,2024-02-09 09:20:00,21773.95,21835.9,61.95000000000073,215570,2024-02-09 09:28:00,21835.9,stop,-61.95000000000073,-5096.550741558547
2024-02-09,reverse,1,215570,2024-02-09 09:28:00,21835.9,21773.95,61.95000000000073,215593,2024-02-09 09:51:00,21773.95,stop,-61.95000000000073,-5096.550741558547
2024-02-12,first,1,215937,2024-02-12 09:20:00,21871.0,21833.0,38.0,215957,2024-02-12 09:40:00,21833.0,stop,-38.0,-3540.74617144
2024-02-12,reverse,-1,215957,2024-02-12 09:40:00,21833.0,21871.0,38.0,216000,2024-02-12 10:23:00,21757.0,target,76.0,3869.5620401
2024-02-13,first,-1,216312,2024-02-13 09:20:00,21720.0,21742.0,22.0,216315,2024-02-13 09:23:00,21676.0,target,44.0,1791.40864044
2024-02-14,first,1,216687,2024-02-14 09:20:00,21658.0,21645.0,13.0,216689,2024-02-14 09:22:00,21645.0,stop,-13.0,-1912.46242383
2024-02-14,reverse,-1,216689,2024-02-14 09:22:00,21645.0,21658.0,13.0,216693,2024-02-14 09:26:00,21619.0,target,26.0,622.6430169600001
2024-02-15,first,1,217062,2024-02-15 09:20:00,21937.95,21872.35,65.60000000000218,217082,2024-02-15 09:40:00,21872.35,stop,-65.60000000000218,-5335.493960183142
2024-02-15,reverse,-1,217082,2024-02-15 09:40:00,21872.35,21937.95,65.60000000000218,217090,2024-02-15 09:48:00,21937.95,stop,-65.60000000000218,-5335.493960183142
2024-02-16,first,1,217437,2024-02-16 09:20:00,22060.05,22017.1,42.95000000000073,217802,2024-02-16 15:25:00,22085.1,eod,25.049999999999272,553.3615610084527
2024-02-20,first,1,218187,2024-02-20 09:20:00,22108.25,22102.05,6.200000000000728,218190,2024-02-20 09:23:00,22120.65,target,12.400000000001455,-269.53080132890545
2024-02-21,first,1,218562,2024-02-21 09:20:00,22237.0,22215.2,21.799999999999272,218622,2024-02-21 10:20:00,22215.2,stop,-21.799999999999272,-2494.2407524419527
2024-02-21,reverse,-1,218622,2024-02-21 10:20:00,22215.2,22237.0,21.799999999999272,218628,2024-02-21 10:26:00,22237.0,stop,-21.799999999999272,-2494.2407524419527
2024-02-22,first,-1,218937,2024-02-22 09:20:00,22087.55,22108.8,21.25,218947,2024-02-22 09:30:00,22045.05,target,42.5,1687.6168263139998
2024-02-23,first,1,219312,2024-02-23 09:20:00,22273.0,22261.0,12.0,219319,2024-02-23 09:27:00,22261.0,stop,-12.0,-1857.99776774
2024-02-23,reverse,-1,219319,2024-02-23 09:27:00,22261.0,22273.0,12.0,219330,2024-02-23 09:38:00,22273.0,stop,-12.0,-1857.99776774
2024-02-26,first,-1,219687,2024-02-26 09:20:00,22200.0,22202.15,2.150000000001455,219688,2024-02-26 09:21:00,22202.15,stop,-2.150000000001455,-1216.6775967615945
2024-02-26,reverse,1,219688,2024-02-26 09:21:00,22202.15,22200.0,2.150000000001455,219689,2024-02-26 09:22:00,22196.45,stop,-5.700000000000728,-1447.3764639460474
2024-02-27,first,1,220062,2024-02-27 09:20:00,22108.1,22101.0,7.099999999998545,220064,2024-02-27 09:22:00,22122.299999999996,target,14.19999999999709,-152.55416174418912
2024-02-28,first,1,220437,2024-02-28 09:20:00,22202.0,22176.05,25.950000000000728,220476,2024-02-28 09:59:00,22176.05,stop,-25.950000000000728,-2763.3322247605474
2024-02-28,reverse,-1,220476,2024-02-28 09:59:00,22176.05,22202.0,25.950000000000728,220483,2024-02-28 10:06:00,22202.0,stop,-25.950000000000728,-2763.3322247605474
2024-02-29,first,-1,220812,2024-02-29 09:20:00,21915.0,21934.45,19.450000000000728,220816,2024-02-29 09:24:00,21934.45,stop,-19.450000000000728,-2336.3488115145474
2024-02-29,reverse,1,220816,2024-02-29 09:24:00,21934.45,21915.0,19.450000000000728,220825,2024-02-29 09:33:00,21973.350000000002,target,38.900000000001455,1455.5607378420946
2024-03-01,first,1,221187,2024-03-01 09:20:00,22239.75,21972.0,267.75,221552,2024-03-01 15:25:00,22438.35,eod,198.59999999999854,11828.537647058905
2024-03-02,first,1,221562,2024-03-02 09:20:00,22453.5,22430.0,23.5,221651,2024-03-02 12:19:00,22500.5,target,47.0,1973.0645660599998
2024-03-04,first,1,221668,2024-03-04 09:20:00,22527.25,22500.0,27.25,221677,2024-03-04 09:29:00,22500.0,stop,-27.25,-2853.3776233725002
2024-03-04,reverse,-1,221677,2024-03-04 09:29:00,22500.0,22527.25,27.25,221733,2024-03-04 10:25:00,22527.25,stop,-27.25,-2853.3776233725002
2024-03-05,first,1,222043,2024-03-05 09:20:00,22460.0,22436.9,23.099999999998545,222081,2024-03-05 09:58:00,22436.9,stop,-23.099999999998545,-2582.5369378089053
2024-03-05,reverse,-1,222081,2024-03-05 09:58:00,22436.9,22460.0,23.099999999998545,222104,2024-03-05 10:21:00,22390.700000000004,target,46.19999999999709,1922.1504223638108
2024-03-06,first,1,222418,2024-03-06 09:20:00,22410.0,22381.0,29.0,222457,2024-03-06 09:59:00,22381.0,stop,-29.0,-2965.09659551
2024-03-06,reverse,-1,222457,2024-03-06 09:59:00,22381.0,22410.0,29.0,222467,2024-03-06 10:09:00,22410.0,stop,-29.0,-2965.09659551
2024-03-11,first,1,223168,2024-03-11 09:20:00,22571.55,22535.1,36.45000000000073,223188,2024-03-11 09:40:00,22535.1,stop,-36.45000000000073,-3452.0029600065473
2024-03-11,reverse,-1,223188,2024-03-11 09:40:00,22535.1,22571.55,36.45000000000073,223340,2024-03-11 12:12:00,22462.199999999997,target,72.90000000000146,3656.0426797470946
2024-03-13,first,1,223918,2024-03-13 09:20:00,22461.6,22438.0,23.599999999998545,223925,2024-03-13 09:27:00,22438.0,stop,-23.599999999998545,-2615.0571075559055
2024-03-13,reverse,-1,223925,2024-03-13 09:27:00,22438.0,22461.6,23.599999999998545,223953,2024-03-13 09:55:00,22390.800000000003,target,47.19999999999709,1987.1343080318106
2024-03-14,first,-1,224293,2024-03-14 09:20:00,22063.35,22074.8,11.450000000000728,224295,2024-03-14 09:22:00,22074.8,stop,-11.450000000000728,-1818.8650387215473
2024-03-14,reverse,1,224295,2024-03-14 09:22:00,22074.8,22063.35,11.450000000000728,224297,2024-03-14 09:24:00,22097.7,target,22.900000000001455,413.3901972750946
2024-03-15,first,-1,224668,2024-03-15 09:20:00,22153.65,22177.15,23.5,224670,2024-03-15 09:22:00,22177.15,stop,-23.5,-2603.692399188
2024-03-15,reverse,1,224670,2024-03-15 09:22:00,22177.15,22153.65,23.5,224682,2024-03-15 09:34:00,22153.65,stop,-23.5,-2603.692399188
2024-03-18,first,1,225043,2024-03-18 09:20:00,22089.85,22056.4,33.44999999999709,225057,2024-03-18 09:34:00,22056.4,stop,-33.44999999999709,-3248.8056229623107
2024-03-18,reverse,-1,225057,2024-03-18 09:34:00,22056.4,22089.85,33.44999999999709,225078,2024-03-18 09:55:00,22089.85,stop,-33.44999999999709,-3248.8056229623107
2024-03-21,first,-1,226168,2024-03-21 09:20:00,22074.2,22079.15,4.950000000000728,226172,2024-03-21 09:24:00,22064.3,target,9.900000000001455,-431.2429299849054
2024-03-22,first,1,226543,2024-03-22 09:20:00,22028.0,22025.0,3.0,226544,2024-03-22 09:21:00,22025.0,stop,-3.0,-1268.93613133
2024-03-22,reverse,-1,226544,2024-03-22 09:21:00,22025.0,22028.0,3.0,226545,2024-03-22 09:22:00,22019.0,target,6.0,-683.91179884
2024-03-27,first,-1,227293,2024-03-27 09:20:00,22088.85,22098.75,9.900000000001455,227299,2024-03-27 09:26:00,22098.75,stop,-9.900000000001455,-1718.5470822360946
2024-03-27,reverse,1,227299,2024-03-27 09:26:00,22098.75,22088.85,9.900000000001455,227300,2024-03-27 09:27:00,22118.550000000003,target,19.80000000000291,211.52513054718912
2024-03-28,first,1,227668,2024-03-28 09:20:00,22212.4,22183.95,28.450000000000728,227692,2024-03-28 09:44:00,22269.300000000003,target,56.900000000001455,2620.5465210630946
2024-04-01,first,1,228043,2024-04-01 09:20:00,22598.0,22327.05,270.9500000000007,228408,2024-04-01 15:25:00,22604.65,eod,6.650000000001455,-651.5762415664053
2024-04-02,first,1,228418,2024-04-02 09:20:00,22551.65,22542.05,9.600000000002183,228419,2024-04-02 09:21:00,22542.05,stop,-9.600000000002183,-1706.7992632571418
2024-04-02,reverse,-1,228419,2024-04-02 09:21:00,22542.05,22551.65,9.600000000002183,228423,2024-04-02 09:25:00,22551.65,stop,-9.600000000002183,-1706.7992632571418
2024-04-03,first,1,228793,2024-04-03 09:20:00,22467.4,22461.0,6.400000000001455,228798,2024-04-03 09:25:00,22461.0,stop,-6.400000000001455,-1497.4040715240944
2024-04-03,reverse,-1,228798,2024-04-03 09:25:00,22461.0,22467.4,6.400000000001455,228803,2024-04-03 09:30:00,22467.4,stop,-6.400000000001455,-1497.4040715240944
2024-04-04,first,-1,229168,2024-04-04 09:20:00,22645.0,22657.0,12.0,229169,2024-04-04 09:21:00,22621.0,target,24.0,475.53038974000003
2024-04-08,first,1,229918,2024-04-08 09:20:00,22634.6,22599.75,34.849999999998545,229937,2024-04-08 09:39:00,22704.299999999996,target,69.69999999999709,3445.1394865708107
2024-04-09,first,1,230293,2024-04-09 09:20:00,22778.35,22775.85,2.5,230294,2024-04-09 09:21:00,22783.35,target,5.0,-761.887762737
2024-04-10,first,-1,230668,2024-04-10 09:20:00,22758.95,22786.85,27.899999999997817,230673,2024-04-10 09:25:00,22786.85,stop,-27.899999999997817,-2900.059295337858
2024-04-10,reverse,1,230673,2024-04-10 09:25:00,22786.85,22758.95,27.899999999997817,230701,2024-04-10 09:53:00,22758.95,stop,-27.899999999997817,-2900.059295337858
2024-04-12,first,1,231043,2024-04-12 09:20:00,22746.2,22710.0,36.20000000000073,231067,2024-04-12 09:44:00,22710.0,stop,-36.20000000000073,-3438.7443368820473
2024-04-12,reverse,-1,231067,2024-04-12 09:44:00,22710.0,22746.2,36.20000000000073,231161,2024-04-12 11:18:00,22746.2,stop,-36.20000000000073,-3438.7443368820473
2024-04-15,first,-1,231418,2024-04-15 09:20:00,22431.2,22606.9,175.70000000000073,231783,2024-04-15 15:25:00,22364.0,eod,67.20000000000073,3287.3047093280475
2024-04-16,first,-1,231793,2024-04-16 09:20:00,22205.0,22235.0,30.0,231796,2024-04-16 09:23:00,22235.0,stop,-30.0,-3027.0884284
2024-04-16,reverse,1,231796,2024-04-16 09:23:00,22235.0,22205.0,30.0,231855,2024-04-16 10:22:00,22205.0,stop,-30.0,-3027.0884284
2024-04-18,first,1,232168,2024-04-18 09:20:00,22267.1,22263.6,3.5,232171,2024-04-18 09:23:00,22274.1,target,7.0,-623.170503732
2024-04-19,first,-1,232543,2024-04-19 09:20:00,21828.0,22083.0,255.0,232813,2024-04-19 13:50:00,22083.0,stop,-255.0,-17646.24731871
2024-04-19,reverse,1,232813,2024-04-19 13:50:00,22083.0,21828.0,255.0,232908,2024-04-19 15:25:00,22119.75,eod,36.75,1313.3004280725
2024-04-22,first,1,232918,2024-04-22 09:20:00,22246.15,22112.25,133.90000000000146,233283,2024-04-22 15:25:00,22365.85,eod,119.69999999999709,6701.0646056798105
2024-04-23,first,1,233293,2024-04-23 09:20:00,22393.6,22362.0,31.599999999998545,233320,2024-04-23 09:47:00,22362.0,stop,-31.599999999998545,-3133.7785877159054
2024-04-23,reverse,-1,233320,2024-04-23 09:47:00,22362.0,22393.6,31.599999999998545,233338,2024-04-23 10:05:00,22393.6,stop,-31.599999999998545,-3133.7785877159054
2024-04-25,first,-1,234043,2024-04-25 09:20:00,22336.15,22424.65,88.5,234078,2024-04-25 09:55:00,22424.65,stop,-88.5,-6831.990201488
2024-04-25,reverse,1,234078,2024-04-25 09:55:00,22424.65,22336.15,88.5,234329,2024-04-25 14:06:00,22601.65,target,177.0,10421.685640057
2024-04-30,first,1,235168,2024-04-30 09:20:00,22766.0,22735.05,30.950000000000728,235201,2024-04-30 09:53:00,22827.9,target,61.900000000001455,2936.0039460210946
2024-05-03,first,-1,235918,2024-05-03 09:20:00,22859.05,22879.25,20.200000000000728,235921,2024-05-03 09:23:00,22879.25,stop,-20.200000000000728,-2401.2509102630474
2024-05-03,reverse,1,235921,2024-05-03 09:23:00,22879.25,22859.05,20.200000000000728,235963,2024-05-03 10:05:00,22859.05,stop,-20.200000000000728,-2401.2509102630474
2024-05-06,first,1,236293,2024-05-06 09:20:00,22623.2,22550.0,73.20000000000073,236313,2024-05-06 09:40:00,22550.0,stop,-73.20000000000073,-5841.107215252047
2024-05-06,reverse,-1,236313,2024-05-06 09:40:00,22550.0,22623.2,73.20000000000073,236387,2024-05-06 10:54:00,22623.2,stop,-73.20000000000073,-5841.107215252047
2024-05-08,first,1,237043,2024-05-08 09:20:00,22313.95,22288.15,25.799999999999272,237049,2024-05-08 09:26:00,22365.55,target,51.599999999998545,2274.3856220049056
2024-05-09,first,-1,237418,2024-05-09 09:20:00,22361.6,22388.0,26.400000000001455,237471,2024-05-09 10:13:00,22308.799999999996,target,52.80000000000291,2352.4564398561893
2024-05-10,first,-1,237793,2024-05-10 09:20:00,22074.5,22117.0,42.5,237797,2024-05-10 09:24:00,22117.0,stop,-42.5,-3837.389731315
2024-05-10,reverse,1,237797,2024-05-10 09:24:00,22117.0,22074.5,42.5,237828,2024-05-10 09:55:00,22202.0,target,85.0,4448.27380841
2024-05-14,first,1,238543,2024-05-14 09:20:00,22223.55,22211.5,12.049999999999272,238546,2024-05-14 09:23:00,22211.5,stop,-12.049999999999272,-1860.4010955304527
2024-05-14,reverse,-1,238546,2024-05-14 09:23:00,22211.5,22223.55,12.049999999999272,238548,2024-05-14 09:25:00,22187.4,target,24.099999999998545,489.44663997090544
2024-05-15,first,-1,238918,2024-05-15 09:20:00,22339.9,22350.7,10.799999999999272,238932,2024-05-15 09:34:00,22318.300000000003,target,21.599999999998545,324.74331389790547
2024-05-16,first,-1,239293,2024-05-16 09:20:00,22373.0,22376.7,3.7000000000007276,239294,2024-05-16 09:21:00,22376.7,stop,-3.7000000000007276,-1320.3913364170471
2024-05-16,reverse,1,239294,2024-05-16 09:21:00,22376.7,22373.0,3.7000000000007276,239295,2024-05-16 09:22:00,22384.100000000002,target,7.400000000001455,-599.0512164879054
2024-05-21,first,1,240149,2024-05-21 09:20:00,22548.0,22539.5,8.5,240151,2024-05-21 09:22:00,22565.0,target,17.0,21.880042070000002
2024-05-22,first,-1,240524,2024-05-22 09:20:00,22615.7,22631.3,15.599999999998545,240530,2024-05-22 09:26:00,22631.3,stop,-15.599999999998545,-2098.0754316699054
2024-05-22,reverse,1,240530,2024-05-22 09:26:00,22631.3,22615.7,15.599999999998545,240546,2024-05-22 09:42:00,22615.7,stop,-15.599999999998545,-2098.0754316699054
2024-05-23,first,1,240899,2024-05-23 09:20:00,22666.65,22656.45,10.200000000000728,240908,2024-05-23 09:29:00,22656.45,stop,-10.200000000000728,-1747.7579513910473
2024-05-23,reverse,-1,240908,2024-05-23 09:29:00,22656.45,22666.65,10.200000000000728,240913,2024-05-23 09:34:00,22666.65,stop,-10.200000000000728,-1747.7579513910473
2024-05-24,first,1,241274,2024-05-24 09:20:00,23005.0,22962.5,42.5,241314,2024-05-24 10:00:00,22962.5,stop,-42.5,-3852.580942675
2024-05-24,reverse,-1,241314,2024-05-24 10:00:00,22962.5,23005.0,42.5,241337,2024-05-24 10:23:00,23005.0,stop,-42.5,-3852.580942675
2024-05-27,first,1,241649,2024-05-27 09:20:00,23038.45,23011.45,27.0,241684,2024-05-27 09:55:00,23011.45,stop,-27.0,-2845.876435139
2024-05-27,reverse,-1,241684,2024-05-27 09:55:00,23011.45,23038.45,27.0,241718,2024-05-27 10:29:00,23038.45,stop,-27.0,-2845.876435139
2024-05-29,first,-1,242399,2024-05-29 09:20:00,22833.95,22932.0,98.04999999999927,242764,2024-05-29 15:25:00,22733.55,eod,100.40000000000146,5438.504536325095
2024-05-30,first,-1,242774,2024-05-30 09:20:00,22689.0,22738.85,49.849999999998545,242791,2024-05-30 09:37:00,22589.300000000003,target,99.69999999999709,5395.482335336811
2024-06-05,first,-1,244274,2024-06-05 09:20:00,21933.8,22150.65,216.85000000000218,244362,2024-06-05 10:48:00,22150.65,stop,-216.85000000000218,-15168.204119864642
2024-06-05,reverse,1,244362,2024-06-05 10:48:00,22150.65,21933.8,216.85000000000218,244592,2024-06-05 14:38:00,22584.350000000006,target,433.70000000000437,27108.175611650284
2024-06-06,first,1,244649,2024-06-06 09:20:00,22719.7,22582.0,137.70000000000073,245014,2024-06-06 15:25:00,22927.9,eod,208.20000000000073,12444.188762164047
2024-06-07,first,1,245024,2024-06-07 09:20:00,22909.95,22874.2,35.75,245048,2024-06-07 09:44:00,22981.45,target,71.5,3557.403087046
2024-06-10,first,1,245399,2024-06-10 09:20:00,23379.75,23378.0,1.75,245400,2024-06-10 09:21:00,23378.0,stop,-1.75,-1210.8288204775
2024-06-10,reverse,-1,245400,2024-06-10 09:21:00,23378.0,23379.75,1.75,245401,2024-06-10 09:22:00,23374.5,target,3.5,-869.564626525
2024-06-18,first,1,247274,2024-06-18 09:20:00,23553.15,23541.55,11.600000000002183,247277,2024-06-18 09:23:00,23541.55,stop,-11.600000000002183,-1853.903336867142
2024-06-18,reverse,-1,247277,2024-06-18 09:23:00,23541.55,23553.15,11.600000000002183,247279,2024-06-18 09:25:00,23553.15,stop,-11.600000000002183,-1853.903336867142
2024-06-19,first,1,247649,2024-06-19 09:20:00,23599.55,23570.3,29.25,247659,2024-06-19 09:30:00,23570.3,stop,-29.25,-3001.6928881585
2024-06-19,reverse,-1,247659,2024-06-19 09:30:00,23570.3,23599.55,29.25,247663,2024-06-19 09:34:00,23599.55,stop,-29.25,-3001.6928881585
2024-06-20,first,-1,248024,2024-06-20 09:20:00,23481.05,23548.95,67.90000000000146,248126,2024-06-20 11:02:00,23548.95,stop,-67.90000000000146,-5512.520563300094
2024-06-20,reverse,1,248126,2024-06-20 11:02:00,23548.95,23481.05,67.90000000000146,248389,2024-06-20 15:25:00,23585.0,eod,36.04999999999927,1242.7321814404527
2024-06-21,first,1,248399,2024-06-21 09:20:00,23604.05,23584.25,19.799999999999272,248423,2024-06-21 09:44:00,23584.25,stop,-19.799999999999272,-2387.655984762953
2024-06-21,reverse,-1,248423,2024-06-21 09:44:00,23584.25,23604.05,19.799999999999272,248434,2024-06-21 09:55:00,23604.05,stop,-19.799999999999272,-2387.655984762953
2024-06-24,first,-1,248774,2024-06-24 09:20:00,23389.6,23481.6,92.0,248858,2024-06-24 10:44:00,23481.6,stop,-92.0,-7077.521265032
2024-06-24,reverse,1,248858,2024-06-24 10:44:00,23481.6,23389.6,92.0,249139,2024-06-24 15:25:00,23550.2,eod,68.60000000000218,3359.1655152021417
2024-06-25,first,1,249149,2024-06-25 09:20:00,23581.35,23565.0,16.349999999998545,249176,2024-06-25 09:47:00,23614.049999999996,target,32.69999999999709,1024.4761596058108
2024-06-26,first,1,249524,2024-06-26 09:20:00,23706.5,23701.9,4.599999999998545,249525,2024-06-26 09:21:00,23701.9,stop,-4.599999999998545,-1401.6275543239053
2024-06-26,reverse,-1,249525,2024-06-26 09:21:00,23701.9,23706.5,4.599999999998545,249526,2024-06-26 09:22:00,23706.5,stop,-4.599999999998545,-1401.6275543239053
2024-06-28,first,-1,250274,2024-06-28 09:20:00,24166.3,24184.4,18.100000000002183,250277,2024-06-28 09:23:00,24184.4,stop,-18.100000000002183,-2287.1086460271417
2024-06-28,reverse,1,250277,2024-06-28 09:23:00,24184.4,24166.3,18.100000000002183,250294,2024-06-28 09:40:00,24220.600000000006,target,36.200000000004366,1241.6092379502836
2024-07-01,first,-1,250649,2024-07-01 09:20:00,24099.7,24119.1,19.399999999997817,250654,2024-07-01 09:25:00,24119.1,stop,-19.399999999997817,-2370.472819867858
2024-07-01,reverse,1,250654,2024-07-01 09:25:00,24119.1,24099.7,19.399999999997817,250672,2024-07-01 09:43:00,24157.899999999994,target,38.799999999995634,1411.6888900297163
2024-07-02,first,1,251024,2024-07-02 09:20:00,24233.85,24210.0,23.849999999998545,251033,2024-07-02 09:29:00,24210.0,stop,-23.849999999998545,-2661.6217772984055
2024-07-02,reverse,-1,251033,2024-07-02 09:29:00,24210.0,24233.85,23.849999999998545,251049,2024-07-02 09:45:00,24162.300000000003,target,47.69999999999709,1989.3216659968107
2024-07-04,first,1,251774,2024-07-04 09:20:00,24398.0,24355.9,42.099999999998545,252113,2024-07-04 14:59:00,24355.9,stop,-42.099999999998545,-3850.4170615789053
2024-07-04,reverse,-1,252113,2024-07-04 14:59:00,24355.9,24398.0,42.099999999998545,252139,2024-07-04 15:25:00,24371.0,eod,-15.099999999998545,-2095.3440641089055
2024-07-05,first,-1,252149,2024-07-05 09:20:00,24266.6,24379.25,112.65000000000146,252496,2024-07-05 15:07:00,24379.25,stop,-112.65000000000146,-8434.830126518595
2024-07-05,reverse,1,252496,2024-07-05 15:07:00,24379.25,24266.6,112.65000000000146,252514,2024-07-05 15:25:00,24378.3,eod,-0.9500000000007276,-1175.9390097555474
2024-07-08,first,1,252524,2024-07-08 09:20:00,24357.95,24340.0,17.950000000000728,252544,2024-07-08 09:40:00,24340.0,stop,-17.950000000000728,-2280.329764599547
2024-07-08,reverse,-1,252544,2024-07-08 09:40:00,24340.0,24357.95,17.950000000000728,252567,2024-07-08 10:03:00,24357.95,stop,-17.950000000000728,-2280.329764599547
2024-07-09,first,1,252899,2024-07-09 09:20:00,24397.3,24374.0,23.299999999999272,252940,2024-07-09 10:01:00,24443.899999999998,target,46.599999999998545,1913.8173132679053
2024-07-11,first,-1,253649,2024-07-11 09:20:00,24379.05,24401.9,22.850000000002183,253702,2024-07-11 10:13:00,24333.349999999995,target,45.700000000004366,1856.4242832362838
2024-07-12,first,-1,254024,2024-07-12 09:20:00,24396.4,24425.0,28.599999999998545,254029,2024-07-12 09:25:00,24425.0,stop,-28.599999999998545,-2973.5734052539055
2024-07-12,reverse,1,254029,2024-07-12 09:25:00,24425.0,24396.4,28.599999999998545,254060,2024-07-12 09:56:00,24396.4,stop,-28.599999999998545,-2973.5734052539055
2024-07-15,first,-1,254399,2024-07-15 09:20:00,24562.9,24589.8,26.899999999997817,254416,2024-07-15 09:37:00,24589.8,stop,-26.899999999997817,-2865.917161246858
2024-07-15,reverse,1,254416,2024-07-15 09:37:00,24589.8,24562.9,26.899999999997817,254418,2024-07-15 09:39:00,24562.9,stop,-26.899999999997817,-2865.917161246858
2024-07-18,first,-1,255149,2024-07-18 09:20:00,24578.95,24609.0,30.049999999999272,255174,2024-07-18 09:45:00,24609.0,stop,-30.049999999999272,-3070.9502484994528
2024-07-18,reverse,1,255174,2024-07-18 09:45:00,24609.0,24578.95,30.049999999999272,255178,2024-07-18 09:49:00,24669.1,target,60.099999999998545,2787.5012660589055
2024-07-22,first,-1,255899,2024-07-22 09:20:00,24407.0,24434.0,27.0,255900,2024-07-22 09:21:00,24434.0,stop,-27.0,-2869.7504160099998
2024-07-22,reverse,1,255900,2024-07-22 09:21:00,24434.0,24407.0,27.0,255913,2024-07-22 09:34:00,24488.0,target,54.0,2394.0828915800003
2024-07-23,first,-1,256274,2024-07-23 09:20:00,24514.7,24560.1,45.39999999999782,256330,2024-07-23 10:16:00,24423.900000000005,target,90.79999999999563,4785.725621653716
2024-07-24,first,1,256649,2024-07-24 09:20:00,24445.05,24395.85,49.20000000000073,256668,2024-07-24 09:39:00,24395.85,stop,-49.20000000000073,-4312.619690649048
2024-07-24,reverse,-1,256668,2024-07-24 09:39:00,24395.85,24445.05,49.20000000000073,256705,2024-07-24 10:16:00,24445.05,stop,-49.20000000000073,-4312.619690649048
2024-07-25,first,1,257024,2024-07-25 09:20:00,24215.0,24213.15,1.8499999999985448,257025,2024-07-25 09:21:00,24213.15,stop,-1.8499999999985448,-1231.6161856214055
2024-07-25,reverse,-1,257025,2024-07-25 09:21:00,24213.15,24215.0,1.8499999999985448,257026,2024-07-25 09:22:00,24209.450000000004,target,3.6999999999970896,-870.8511805861892
2024-07-26,first,1,257399,2024-07-26 09:20:00,24500.45,24486.15,14.299999999999272,257410,2024-07-26 09:31:00,24529.05,target,28.599999999998545,742.3119685049054
2024-07-29,first,1,257774,2024-07-29 09:20:00,24975.7,24907.15,68.54999999999927,257953,2024-07-29 12:19:00,24907.15,stop,-68.54999999999927,-5579.168927088453
2024-07-29,reverse,-1,257953,2024-07-29 12:19:00,24907.15,24975.7,68.54999999999927,258139,2024-07-29 15:25:00,24920.0,eod,-12.849999999998545,-1958.5183360114054
2024-07-30,first,-1,258149,2024-07-30 09:20:00,24886.5,24900.0,13.5,258153,2024-07-30 09:24:00,24900.0,stop,-13.5,-2000.4168292650002
2024-07-30,reverse,1,258153,2024-07-30 09:24:00,24900.0,24886.5,13.5,258157,2024-07-30 09:28:00,24886.5,stop,-13.5,-2000.4168292650002
2024-07-31,first,-1,258524,2024-07-31 09:20:00,24950.0,24969.15,19.150000000001455,258532,2024-07-31 09:28:00,24969.15,stop,-19.150000000001455,-2368.7684131315946
2024-07-31,reverse,1,258532,2024-07-31 09:28:00,24969.15,24950.0,19.150000000001455,258535,2024-07-31 09:31:00,24950.0,stop,-19.150000000001455,-2368.7684131315946
2024-08-01,first,1,258899,2024-08-01 09:20:00,25102.0,25004.0,98.0,259087,2024-08-01 12:28:00,25004.0,stop,-98.0,-7495.15538266
2024-08-01,reverse,-1,259087,2024-08-01 12:28:00,25004.0,25102.0,98.0,259264,2024-08-01 15:25:00,25038.0,eod,-34.0,-3334.98235162
2024-08-02,first,1,259274,2024-08-02 09:20:00,24864.5,24819.75,44.75,259295,2024-08-02 09:41:00,24819.75,stop,-44.75,-4030.6094101425
2024-08-02,reverse,-1,259295,2024-08-02 09:41:00,24819.75,24864.5,44.75,259599,2024-08-02 14:45:00,24730.25,target,89.5,4696.0035495
2024-08-05,first,-1,259649,2024-08-05 09:20:00,24313.1,24352.55,39.45000000000073,259685,2024-08-05 09:56:00,24352.55,stop,-39.45000000000073,-3677.4277079965473
2024-08-05,reverse,1,259685,2024-08-05 09:56:00,24352.55,24313.1,39.45000000000073,259694,2024-08-05 10:05:00,24313.1,stop,-39.45000000000073,-3677.4277079965473
2024-08-06,first,1,260024,2024-08-06 09:20:00,24352.2,24092.3,259.90000000000146,260289,2024-08-06 13:45:00,24092.3,stop,-259.90000000000146,-18003.496444645094
2024-08-06,reverse,-1,260289,2024-08-06 13:45:00,24092.3,24352.2,259.90000000000146,260389,2024-08-06 15:25:00,24071.2,eod,21.099999999998545,262.2632697649054
2024-08-07,first,-1,260399,2024-08-07 09:20:00,24325.35,24359.0,33.650000000001455,260431,2024-08-07 09:52:00,24258.049999999996,target,67.30000000000291,3261.401338926189
2024-08-13,first,-1,261899,2024-08-13 09:20:00,24344.0,24385.0,41.0,261921,2024-08-13 09:42:00,24385.0,stop,-41.0,-3778.71051169
2024-08-13,reverse,1,261921,2024-08-13 09:42:00,24385.0,24344.0,41.0,261934,2024-08-13 09:55:00,24344.0,stop,-41.0,-3778.71051169
2024-08-14,first,-1,262274,2024-08-14 09:20:00,24156.6,24171.85,15.25,262276,2024-08-14 09:22:00,24171.85,stop,-15.25,-2101.6850007045
2024-08-14,reverse,1,262276,2024-08-14 09:22:00,24171.85,24156.6,15.25,262279,2024-08-14 09:25:00,24156.6,stop,-15.25,-2101.6850007045
2024-08-19,first,1,263024,2024-08-19 09:20:00,24640.95,24636.0,4.950000000000728,263025,2024-08-19 09:21:00,24636.0,stop,-4.950000000000728,-1440.3583547895473
2024-08-19,reverse,-1,263025,2024-08-19 09:21:00,24636.0,24640.95,4.950000000000728,263028,2024-08-19 09:24:00,24626.1,target,9.900000000001455,-475.06820618090535
2024-08-20,first,1,263399,2024-08-20 09:20:00,24641.75,24632.05,9.700000000000728,263404,2024-08-20 09:25:00,24632.05,stop,-9.700000000000728,-1749.0536234180472
2024-08-20,reverse,-1,263404,2024-08-20 09:25:00,24632.05,24641.75,9.700000000000728,263407,2024-08-20 09:28:00,24641.75,stop,-9.700000000000728,-1749.0536234180472
2024-08-21,first,1,263774,2024-08-21 09:20:00,24725.1,24694.25,30.849999999998545,263784,2024-08-21 09:30:00,24694.25,stop,-30.849999999998545,-3124.9248738534056
2024-08-21,reverse,-1,263784,2024-08-21 09:30:00,24694.25,24725.1,30.849999999998545,263801,2024-08-21 09:47:00,24725.1,stop,-30.849999999998545,-3124.9248738534056
2024-08-22,first,1,264149,2024-08-22 09:20:00,24822.5,24795.55,26.950000000000728,264514,2024-08-22 15:25:00,24842.55,eod,20.049999999999272,181.17573916945275
2024-08-23,first,-1,264524,2024-08-23 09:20:00,24821.55,24827.0,5.450000000000728,264525,2024-08-23 09:21:00,24827.0,stop,-5.450000000000728,-1476.0339512655473
2024-08-23,reverse,1,264525,2024-08-23 09:21:00,24827.0,24821.55,5.450000000000728,264526,2024-08-23 09:22:00,24837.9,target,10.900000000001455,-413.5194502889054
2024-08-27,first,1,265274,2024-08-27 09:20:00,25030.95,25019.15,11.799999999999272,265276,2024-08-27 09:22:00,25019.15,stop,-11.799999999999272,-1892.1815058609527
2024-08-27,reverse,-1,265276,2024-08-27 09:22:00,25019.15,25030.95,11.799999999999272,265278,2024-08-27 09:24:00,25030.95,stop,-11.799999999999272,-1892.1815058609527
2024-08-29,first,-1,266024,2024-08-29 09:20:00,25044.0,25057.0,13.0,266029,2024-08-29 09:25:00,25057.0,stop,-13.0,-1970.60986461
2024-08-29,reverse,1,266029,2024-08-29 09:25:00,25057.0,25044.0,13.0,266045,2024-08-29 09:41:00,25083.0,target,26.0,563.8283946
2024-09-03,first,-1,267149,2024-09-03 09:20:00,25333.4,25349.0,15.599999999998545,267160,2024-09-03 09:31:00,25349.0,stop,-15.599999999998545,-2144.567723463905
2024-09-03,reverse,1,267160,2024-09-03 09:31:00,25349.0,25333.4,15.599999999998545,267162,2024-09-03 09:33:00,25333.4,stop,-15.599999999998545,-2144.567723463905
2024-09-04,first,-1,267524,2024-09-04 09:20:00,25170.2,25362.35,192.14999999999782,267889,2024-09-04 15:25:00,25244.15,eod,-73.95000000000073,-5934.683580803548
2024-09-05,first,1,267899,2024-09-05 09:20:00,25321.2,25296.0,25.200000000000728,267905,2024-09-05 09:26:00,25296.0,stop,-25.200000000000728,-2767.9538680920473
2024-09-05,reverse,-1,267905,2024-09-05 09:26:00,25296.0,25321.2,25.200000000000728,267969,2024-09-05 10:30:00,25245.6,target,50.400000000001455,2146.2505248240946
2024-09-06,first,-1,268274,2024-09-06 09:20:00,25158.95,25238.55,79.59999999999854,268319,2024-09-06 10:05:00,24999.750000000004,target,159.1999999999971,9220.88922209281
2024-09-10,first,1,269024,2024-09-10 09:20:00,25022.05,24986.2,35.849999999998545,269046,2024-09-10 09:42:00,24986.2,stop,-35.849999999998545,-3454.9328447824055
2024-09-10,reverse,-1,269046,2024-09-10 09:42:00,24986.2,25022.05,35.849999999998545,269140,2024-09-10 11:16:00,25022.05,stop,-35.849999999998545,-3454.9328447824055
2024-09-11,first,-1,269399,2024-09-11 09:20:00,25059.3,25100.0,40.70000000000073,269482,2024-09-11 10:43:00,25100.0,stop,-40.70000000000073,-3771.446495073047
2024-09-11,reverse,1,269482,2024-09-11 10:43:00,25100.0,25059.3,40.70000000000073,269496,2024-09-11 10:57:00,25059.3,stop,-40.70000000000073,-3771.446495073047
2024-09-12,first,-1,269774,2024-09-12 09:20:00,25059.5,25078.9,19.400000000001455,269775,2024-09-12 09:21:00,25078.9,stop,-19.400000000001455,-2386.8923296240946
2024-09-12,reverse,1,269775,2024-09-12 09:21:00,25078.9,25059.5,19.400000000001455,269791,2024-09-12 09:37:00,25059.5,stop,-19.400000000001455,-2386.8923296240946
2024-09-13,first,1,270149,2024-09-13 09:20:00,25378.05,25325.45,52.599999999998545,270160,2024-09-13 09:31:00,25325.45,stop,-52.599999999998545,-4549.531754634905
2024-09-13,reverse,-1,270160,2024-09-13 09:31:00,25325.45,25378.05,52.599999999998545,270223,2024-09-13 10:34:00,25378.05,stop,-52.599999999998545,-4549.531754634905
2024-09-16,first,1,270524,2024-09-16 09:20:00,25424.0,25363.5,60.5,270889,2024-09-16 15:25:00,25440.45,eod,16.450000000000728,-63.062400664452696
2024-09-18,first,-1,271274,2024-09-18 09:20:00,25434.95,25436.85,1.8999999999978172,271275,2024-09-18 09:21:00,25437.05,stop,-2.099999999998545,-1268.7684629199052
2024-09-18,reverse,1,271275,2024-09-18 09:21:00,25437.05,25435.15,1.8999999999978172,271276,2024-09-18 09:22:00,25435.15,stop,-1.8999999999978172,-1255.771343641858
2024-09-19,first,1,271649,2024-09-19 09:20:00,25609.2,25368.85,240.35000000000218,272014,2024-09-19 15:25:00,25497.35,eod,-111.85000000000218,-8403.882674645642
2024-09-20,first,-1,272024,2024-09-20 09:20:00,25487.6,25561.55,73.95000000000073,272059,2024-09-20 09:55:00,25561.55,stop,-73.95000000000073,-5940.113412431548
2024-09-20,reverse,1,272059,2024-09-20 09:55:00,25561.55,25487.6,73.95000000000073,272156,2024-09-20 11:32:00,25709.45,target,147.90000000000146,8476.941146690095
2024-09-23,first,1,272399,2024-09-23 09:20:00,25895.8,25872.7,23.099999999998545,272473,2024-09-23 10:34:00,25872.7,stop,-23.099999999998545,-2641.3139242849056
2024-09-23,reverse,-1,272473,2024-09-23 10:34:00,25872.7,25895.8,23.099999999998545,272499,2024-09-23 11:00:00,25895.8,stop,-23.099999999998545,-2641.3139242849056
2024-09-24,first,1,272774,2024-09-24 09:20:00,25932.05,25915.0,17.049999999999272,272800,2024-09-24 09:46:00,25966.149999999998,target,34.099999999998545,1075.2420524979054
2024-09-26,first,1,273524,2024-09-26 09:20:00,26060.0,25996.0,64.0,273846,2024-09-26 14:42:00,26188.0,target,128.0,7175.20068472
2024-09-27,first,1,273899,2024-09-27 09:20:00,26339.2,26330.0,9.200000000000728,273902,2024-09-27 09:23:00,26357.600000000002,target,18.400000000001455,48.00298455209452
2024-09-30,first,-1,274274,2024-09-30 09:20:00,26233.3,26260.0,26.700000000000728,274295,2024-09-30 09:41:00,26179.899999999998,target,53.400000000001455,2325.224038348095
2024-10-01,first,-1,274649,2024-10-01 09:20:00,26033.0,26058.0,25.0,274654,2024-10-01 09:25:00,26058.0,stop,-25.0,-2767.5613485100002
2024-10-01,reverse,1,274654,2024-10-01 09:25:00,26058.0,26033.0,25.0,274657,2024-10-01 09:28:00,26033.0,stop,-25.0,-2767.5613485100002
2024-10-04,first,-1,275399,2024-10-04 09:20:00,25382.0,25400.0,18.0,275400,2024-10-04 09:21:00,25400.0,stop,-18.0,-2301.40562302
2024-10-04,reverse,1,275400,2024-10-04 09:21:00,25400.0,25382.0,18.0,275403,2024-10-04 09:24:00,25382.0,stop,-18.0,-2301.40562302
2024-10-07,first,-1,275774,2024-10-07 09:20:00,25252.2,25293.55,41.349999999998545,275845,2024-10-07 10:31:00,25169.500000000004,target,82.69999999999709,4246.587147662811
2024-10-08,first,1,276149,2024-10-08 09:20:00,24987.5,24985.05,2.4500000000007276,276150,2024-10-08 09:21:00,24981.55,stop,-5.950000000000728,-1511.2724582705473
2024-10-08,reverse,-1,276150,2024-10-08 09:21:00,24981.55,24984.0,2.4500000000007276,276151,2024-10-08 09:22:00,25004.4,stop,-22.850000000002183,-2609.818149279642
2024-10-09,first,1,276524,2024-10-09 09:20:00,25165.95,25142.6,23.350000000002183,276550,2024-10-09 09:46:00,25212.650000000005,target,46.700000000004366,1907.1664082542836
2024-10-10,first,-1,276899,2024-10-10 09:20:00,25160.4,25194.65,34.25,276936,2024-10-10 09:57:00,25194.65,stop,-34.25,-3353.9085967305
2024-10-10,reverse,1,276936,2024-10-10 09:57:00,25194.65,25160.4,34.25,276951,2024-10-10 10:12:00,25263.15,target,68.5,3323.3614323419997
2024-10-11,first,-1,277274,2024-10-11 09:20:00,25076.35,25127.5,51.150000000001455,277300,2024-10-11 09:46:00,25129.95,stop,-53.60000000000218,-4610.273049743142
2024-10-11,reverse,1,277300,2024-10-11 09:46:00,25129.95,25078.8,51.150000000001455,277354,2024-10-11 10:40:00,25078.8,stop,-51.150000000001455,-4451.058338587594
2024-10-14,first,-1,277649,2024-10-14 09:20:00,25139.9,25150.0,10.099999999998545,277654,2024-10-14 09:25:00,25119.700000000004,target,20.19999999999709,185.8393128438109
2024-10-15,first,1,278024,2024-10-15 09:20:00,25275.9,25224.0,51.900000000001455,278053,2024-10-15 09:49:00,25224.0,stop,-51.900000000001455,-4502.294334639095
2024-10-15,reverse,-1,278053,2024-10-15 09:49:00,25224.0,25275.9,51.900000000001455,278092,2024-10-15 10:28:00,25120.199999999997,target,103.80000000000291,5618.626617438189
2024-10-17,first,-1,278774,2024-10-17 09:20:00,25013.0,25072.25,59.25,278799,2024-10-17 09:45:00,24894.5,target,118.5,6577.775983925
2024-10-21,first,1,279524,2024-10-21 09:20:00,24975.25,24935.9,39.349999999998545,279533,2024-10-21 09:29:00,24935.9,stop,-39.349999999998545,-3681.5818142514054
2024-10-21,reverse,-1,279533,2024-10-21 09:29:00,24935.9,24975.25,39.349999999998545,279539,2024-10-21 09:35:00,24857.200000000004,target,78.69999999999709,3991.9873469088107
2024-10-22,first,1,279899,2024-10-22 09:20:00,24892.0,24752.1,139.90000000000146,279965,2024-10-22 10:26:00,24752.1,stop,-139.90000000000146,-10214.459355201094
2024-10-22,reverse,-1,279965,2024-10-22 10:26:00,24752.1,24892.0,139.90000000000146,280264,2024-10-22 15:25:00,24537.0,eod,215.09999999999854,12861.500426348906
2024-10-23,first,-1,280274,2024-10-23 09:20:00,24547.7,24581.75,34.04999999999927,280293,2024-10-23 09:39:00,24479.600000000002,target,68.09999999999854,3309.5997114469055
2024-10-24,first,-1,280649,2024-10-24 09:20:00,24468.2,24537.85,69.64999999999782,281014,2024-10-24 15:25:00,24456.2,eod,12.0,-335.691937084
2024-10-25,first,-1,281024,2024-10-25 09:20:00,24429.35,24453.95,24.600000000002183,281041,2024-10-25 09:37:00,24380.149999999994,target,49.200000000004366,2083.0732527052837
2024-10-28,first,1,281399,2024-10-28 09:20:00,24264.05,24252.0,12.049999999999272,281400,2024-10-28 09:21:00,24252.0,stop,-12.049999999999272,-1895.3083779404526
2024-10-28,reverse,-1,281400,2024-10-28 09:21:00,24252.0,24264.05,12.049999999999272,281401,2024-10-28 09:22:00,24264.05,stop,-12.049999999999272,-1895.3083779404526
2024-10-29,first,-1,281774,2024-10-29 09:20:00,24302.55,24326.75,24.200000000000728,281780,2024-10-29 09:26:00,24326.75,stop,-24.200000000000728,-2685.9559967730474
2024-10-29,reverse,1,281780,2024-10-29 09:26:00,24326.75,24302.55,24.200000000000728,281781,2024-10-29 09:27:00,24302.55,stop,-24.200000000000728,-2685.9559967730474
2024-10-31,first,-1,282524,2024-10-31 09:20:00,24333.35,24377.95,44.60000000000218,282541,2024-10-31 09:37:00,24244.149999999994,target,89.20000000000437,4684.823690225284
2024-11-04,first,-1,282899,2024-11-04 09:20:00,24246.15,24379.7,133.54999999999927,282996,2024-11-04 10:57:00,23979.050000000003,target,267.09999999999854,16250.296412027905
2024-11-05,first,1,283274,2024-11-05 09:20:00,24122.05,24054.05,68.0,283404,2024-11-05 11:30:00,24054.05,stop,-68.0,-5528.823270721
2024-11-05,reverse,-1,283404,2024-11-05 11:30:00,24054.05,24122.05,68.0,283521,2024-11-05 13:27:00,24122.05,stop,-68.0,-5528.823270721
2024-11-06,first,1,283649,2024-11-06 09:20:00,24339.4,24284.25,55.150000000001455,283659,2024-11-06 09:30:00,24449.700000000004,target,110.30000000000291,6054.390311349189
2024-11-08,first,-1,284399,2024-11-08 09:20:00,24164.7,24204.95,40.25,284404,2024-11-08 09:25:00,24204.95,stop,-40.25,-3726.8911594365
2024-11-08,reverse,1,284404,2024-11-08 09:25:00,24204.95,24164.7,40.25,284410,2024-11-08 09:31:00,24285.45,target,80.5,4120.119604656
2024-11-11,first,-1,284774,2024-11-11 09:20:00,24142.75,24238.0,95.25,284803,2024-11-11 09:49:00,24238.0,stop,-95.25,-7301.6643545075
2024-11-11,reverse,1,284803,2024-11-11 09:49:00,24238.0,24142.75,95.25,284917,2024-11-11 11:43:00,24428.5,target,190.5,11267.969813935
2024-11-12,first,-1,285149,2024-11-12 09:20:00,24249.65,24299.95,50.29999999999927,285188,2024-11-12 09:59:00,24299.95,stop,-50.29999999999927,-4381.621589055952
2024-11-12,reverse,1,285188,2024-11-12 09:59:00,24299.95,24249.65,50.29999999999927,285192,2024-11-12 10:03:00,24249.65,stop,-50.29999999999927,-4381.621589055952
2024-11-13,first,-1,285524,2024-11-13 09:20:00,23887.0,23934.0,47.0,285527,2024-11-13 09:23:00,23934.0,stop,-47.0,-4160.90873381
2024-11-13,reverse,1,285527,2024-11-13 09:23:00,23934.0,23887.0,47.0,285531,2024-11-13 09:27:00,23887.0,stop,-47.0,-4160.90873381
2024-11-14,first,-1,285899,2024-11-14 09:20:00,23668.45,23708.9,40.45000000000073,285903,2024-11-14 09:24:00,23708.9,stop,-40.45000000000073,-3731.4022422335474
2024-11-14,reverse,1,285903,2024-11-14 09:24:00,23708.9,23668.45,40.45000000000073,285907,2024-11-14 09:28:00,23668.45,stop,-40.45000000000073,-3731.4022422335474
2024-11-18,first,-1,286274,2024-11-18 09:20:00,23540.15,23619.9,79.75,286464,2024-11-18 12:30:00,23619.9,stop,-79.75,-6283.8136377805
2024-11-18,reverse,1,286464,2024-11-18 12:30:00,23619.9,23540.15,79.75,286493,2024-11-18 12:59:00,23540.15,stop,-79.75,-6283.8136377805
2024-11-19,first,1,286649,2024-11-19 09:20:00,23645.0,23511.0,134.0,287001,2024-11-19 15:12:00,23511.0,stop,-134.0,-9809.71163316
2024-11-19,reverse,-1,287001,2024-11-19 15:12:00,23511.0,23645.0,134.0,287014,2024-11-19 15:25:00,23510.1,eod,0.9000000000014552,-1040.8469161709054
2024-11-21,first,-1,287024,2024-11-21 09:20:00,23389.35,23532.4,143.0500000000029,287389,2024-11-21 15:25:00,23357.05,eod,32.29999999999927,1002.3190704959527
2024-11-25,first,1,287774,2024-11-25 09:20:00,24275.2,23870.05,405.15000000000146,288139,2024-11-25 15:25:00,24290.75,eod,15.549999999999272,-101.8966630795473
2024-11-26,first,-1,288149,2024-11-26 09:20:00,24306.0,24336.65,30.650000000001455,288178,2024-11-26 09:49:00,24244.699999999997,target,61.30000000000291,2871.716141973189
2024-11-27,first,1,288524,2024-11-27 09:20:00,24222.3,24210.0,12.299999999999272,288525,2024-11-27 09:21:00,24210.0,stop,-12.299999999999272,-1910.8405506029528
2024-11-27,reverse,-1,288525,2024-11-27 09:21:00,24210.0,24222.3,12.299999999999272,288534,2024-11-27 09:30:00,24185.4,target,24.599999999998545,487.7592126059054
2024-11-28,first,-1,288899,2024-11-28 09:20:00,24295.0,24329.0,34.0,288940,2024-11-28 10:01:00,24329.0,stop,-34.0,-3322.85333264
2024-11-28,reverse,1,288940,2024-11-28 10:01:00,24329.0,24295.0,34.0,288969,2024-11-28 10:30:00,24295.0,stop,-34.0,-3322.85333264
2024-11-29,first,-1,289274,2024-11-29 09:20:00,24155.05,24164.25,9.200000000000728,289276,2024-11-29 09:22:00,24136.649999999998,target,18.400000000001455,85.6824919630946
2024-12-02,first,1,289649,2024-12-02 09:20:00,24197.75,24190.75,7.0,289650,2024-12-02 09:21:00,24190.75,stop,-7.0,-1565.996907485
2024-12-02,reverse,-1,289650,2024-12-02 09:21:00,24190.75,24197.75,7.0,289651,2024-12-02 09:22:00,24197.75,stop,-7.0,-1565.996907485
2024-12-03,first,-1,290024,2024-12-03 09:20:00,24435.3,24486.6,51.29999999999927,290084,2024-12-03 10:20:00,24486.6,stop,-51.29999999999927,-4449.800248058953
2024-12-03,reverse,1,290084,2024-12-03 10:20:00,24486.6,24435.3,51.29999999999927,290321,2024-12-03 14:17:00,24589.199999999997,target,102.59999999999854,5551.483036361906
2024-12-04,first,-1,290399,2024-12-04 09:20:00,24556.65,24574.85,18.19999999999709,290401,2024-12-04 09:22:00,24574.85,stop,-18.19999999999709,-2300.2867197148107
2024-12-04,reverse,1,290401,2024-12-04 09:22:00,24574.85,24556.65,18.19999999999709,290410,2024-12-04 09:31:00,24611.249999999993,target,36.39999999999418,1247.9268431786218
2024-12-05,first,-1,290774,2024-12-05 09:20:00,24596.35,24600.0,3.650000000001455,290775,2024-12-05 09:21:00,24600.0,stop,-3.650000000001455,-1355.1765388235945
2024-12-05,reverse,1,290775,2024-12-05 09:21:00,24600.0,24596.35,3.650000000001455,290777,2024-12-05 09:23:00,24596.35,stop,-3.650000000001455,-1355.1765388235945
2024-12-06,first,1,291149,2024-12-06 09:20:00,24789.95,24760.0,29.950000000000728,291186,2024-12-06 09:57:00,24760.0,stop,-29.950000000000728,-3067.547240319547
2024-12-06,reverse,-1,291186,2024-12-06 09:57:00,24760.0,24789.95,29.950000000000728,291190,2024-12-06 10:01:00,24789.95,stop,-29.950000000000728,-3067.547240319547
2024-12-09,first,1,291524,2024-12-09 09:20:00,24744.35,24732.65,11.69999999999709,291527,2024-12-09 09:23:00,24767.749999999993,target,23.39999999999418,400.2144163186218
2024-12-10,first,1,291899,2024-12-10 09:20:00,24705.0,24693.3,11.700000000000728,291905,2024-12-10 09:26:00,24693.3,stop,-11.700000000000728,-1880.1068478630473
2024-12-10,reverse,-1,291905,2024-12-10 09:26:00,24693.3,24705.0,11.700000000000728,291910,2024-12-10 09:31:00,24705.0,stop,-11.700000000000728,-1880.1068478630473
2024-12-11,first,1,292274,2024-12-11 09:20:00,24693.05,24671.65,21.399999999997817,292304,2024-12-11 09:50:00,24671.65,stop,-21.399999999997817,-2510.262701566858
2024-12-11,reverse,-1,292304,2024-12-11 09:50:00,24671.65,24693.05,21.399999999997817,292306,2024-12-11 09:52:00,24693.05,stop,-21.399999999997817,-2510.262701566858
2024-12-12,first,-1,292649,2024-12-12 09:20:00,24733.0,24741.65,8.650000000001455,292652,2024-12-12 09:23:00,24741.65,stop,-8.650000000001455,-1682.5277584865946
2024-12-12,reverse,1,292652,2024-12-12 09:23:00,24741.65,24733.0,8.650000000001455,292660,2024-12-12 09:31:00,24758.950000000004,target,17.30000000000291,3.8484678341891367
2024-12-16,first,1,293399,2024-12-16 09:20:00,24793.05,24784.4,8.649999999997817,293402,2024-12-16 09:23:00,24784.4,stop,-8.649999999997817,-1683.4070695943583
2024-12-16,reverse,-1,293402,2024-12-16 09:23:00,24784.4,24793.05,8.649999999997817,293408,2024-12-16 09:29:00,24767.100000000006,target,17.299999999995634,3.413089084716262
2024-12-17,first,1,293774,2024-12-17 09:20:00,24658.8,24645.0,13.799999999999272,293779,2024-12-17 09:25:00,24686.399999999998,target,27.599999999998545,674.6174438279054
2024-12-19,first,-1,294524,2024-12-19 09:20:00,23948.75,24270.35,321.59999999999854,294888,2024-12-19 15:25:00,24019.95,eod,-71.20000000000073,-5735.030532007047
2024-12-20,first,1,294898,2024-12-20 09:20:00,23951.7,23921.0,30.700000000000728,294915,2024-12-20 09:37:00,24013.100000000002,target,61.400000000001455,2883.2271170720946
2024-12-23,first,-1,295273,2024-12-23 09:20:00,23788.1,23806.8,18.700000000000728,295275,2024-12-23 09:22:00,23806.8,stop,-18.700000000000728,-2319.6403175890473
2024-12-23,reverse,1,295275,2024-12-23 09:22:00,23806.8,23788.1,18.700000000000728,295278,2024-12-23 09:25:00,23788.1,stop,-18.700000000000728,-2319.6403175890473
2024-12-24,first,1,295648,2024-12-24 09:20:00,23768.9,23763.05,5.850000000002183,295651,2024-12-24 09:23:00,23780.600000000006,target,11.700000000004366,-343.4298236947163
2024-12-30,first,-1,296773,2024-12-30 09:20:00,23930.2,24007.95,77.75,296862,2024-12-30 10:49:00,24007.95,stop,-77.75,-6160.4809017215
2024-12-30,reverse,1,296862,2024-12-30 10:49:00,24007.95,23930.2,77.75,296876,2024-12-30 11:03:00,23930.2,stop,-77.75,-6160.4809017215
2024-12-31,first,-1,297148,2024-12-31 09:20:00,23698.25,23841.2,142.95000000000073,297432,2024-12-31 14:04:00,23841.2,stop,-142.95000000000073,-10394.689157414547
2024-12-31,reverse,1,297432,2024-12-31 14:04:00,23841.2,23698.25,142.95000000000073,297513,2024-12-31 15:25:00,23809.95,eod,-31.25,-3135.7980406515
2025-01-01,first,1,297523,2025-01-01 09:20:00,23776.1,23742.9,33.19999999999709,297535,2025-01-01 09:32:00,23742.9,stop,-33.19999999999709,-3261.4062735898106
2025-01-01,reverse,-1,297535,2025-01-01 09:32:00,23742.9,23776.1,33.19999999999709,297575,2025-01-01 10:12:00,23776.1,stop,-33.19999999999709,-3261.4062735898106
2025-01-03,first,1,298273,2025-01-03 09:20:00,24242.0,24219.0,23.0,298278,2025-01-03 09:25:00,24219.0,stop,-23.0,-2606.52344421
2025-01-03,reverse,-1,298278,2025-01-03 09:25:00,24219.0,24242.0,23.0,298297,2025-01-03 09:44:00,24173.0,target,46.0,1878.66310488
2025-01-06,first,-1,298648,2025-01-06 09:20:00,24095.45,24145.1,49.64999999999782,298650,2025-01-06 09:22:00,24145.1,stop,-49.64999999999782,-4336.731898385358
2025-01-06,reverse,1,298650,2025-01-06 09:22:00,24145.1,24095.45,49.64999999999782,298657,2025-01-06 09:29:00,24095.45,stop,-49.64999999999782,-4336.731898385358
2025-01-07,first,-1,299023,2025-01-07 09:20:00,23831.0,23848.95,17.950000000000728,299027,2025-01-07 09:24:00,23848.95,stop,-17.950000000000728,-2271.6221896195475
2025-01-07,reverse,1,299027,2025-01-07 09:24:00,23848.95,23831.0,17.950000000000728,299029,2025-01-07 09:26:00,23831.0,stop,-17.950000000000728,-2271.6221896195475
2025-01-10,first,1,300148,2025-01-10 09:20:00,23653.3,23606.0,47.29999999999927,300156,2025-01-10 09:28:00,23606.0,stop,-47.29999999999927,-4175.602416072953
2025-01-10,reverse,-1,300156,2025-01-10 09:28:00,23606.0,23653.3,47.29999999999927,300168,2025-01-10 09:40:00,23511.4,target,94.59999999999854,5048.281226185905
2025-01-16,first,1,301648,2025-01-16 09:20:00,23389.05,23268.0,121.04999999999927,302013,2025-01-16 15:25:00,23385.0,eod,-4.049999999999272,-1360.4547893204526
2025-01-17,first,1,302023,2025-01-17 09:20:00,23255.55,23245.0,10.549999999999272,302025,2025-01-17 09:22:00,23276.649999999998,target,21.099999999998545,276.21677375790546
2025-01-20,first,1,302398,2025-01-20 09:20:00,23260.15,23259.45,0.7000000000007276,302399,2025-01-20 09:21:00,23259.45,stop,-0.7000000000007276,-1140.5479207560472
2025-01-20,reverse,-1,302399,2025-01-20 09:21:00,23259.45,23260.15,0.7000000000007276,302400,2025-01-20 09:22:00,23270.05,stop,-10.599999999998545,-1784.0746864949053
2025-01-21,first,1,302773,2025-01-21 09:20:00,23431.0,23422.2,8.799999999999272,302779,2025-01-21 09:26:00,23422.2,stop,-8.799999999999272,-1669.8540200519528
2025-01-21,reverse,-1,302779,2025-01-21 09:26:00,23422.2,23431.0,8.799999999999272,302781,2025-01-21 09:28:00,23431.0,stop,-8.799999999999272,-1669.8540200519528
2025-01-23,first,1,303523,2025-01-23 09:20:00,23146.95,23130.0,16.950000000000728,303538,2025-01-23 09:35:00,23180.850000000002,target,33.900000000001455,1109.8902516420947
2025-01-24,first,-1,303898,2025-01-24 09:20:00,23293.0,23300.0,7.0,303899,2025-01-24 09:21:00,23300.0,stop,-7.0,-1550.63890073
2025-01-24,reverse,1,303899,2025-01-24 09:21:00,23300.0,23293.0,7.0,303901,2025-01-24 09:23:00,23293.0,stop,-7.0,-1550.63890073
2025-01-27,first,-1,304273,2025-01-27 09:20:00,22920.9,22958.95,38.04999999999927,304276,2025-01-27 09:23:00,22958.95,stop,-38.04999999999927,-3562.607251258453
2025-01-27,reverse,1,304276,2025-01-27 09:23:00,22958.95,22920.9,38.04999999999927,304331,2025-01-27 10:18:00,22920.9,stop,-38.04999999999927,-3562.607251258453
2025-01-28,first,-1,304648,2025-01-28 09:20:00,22941.95,22968.6,26.649999999997817,304662,2025-01-28 09:34:00,22888.650000000005,target,53.299999999995634,2375.0296165337163
2025-01-29,first,1,305023,2025-01-29 09:20:00,23040.0,22981.55,58.45000000000073,305147,2025-01-29 11:24:00,22981.55,stop,-58.45000000000073,-4889.699957795548
2025-01-29,reverse,-1,305147,2025-01-29 11:24:00,22981.55,23040.0,58.45000000000073,305149,2025-01-29 11:26:00,23040.0,stop,-58.45000000000073,-4889.699957795548
2025-01-30,first,1,305398,2025-01-30 09:20:00,23138.95,23130.0,8.950000000000728,305402,2025-01-30 09:24:00,23156.850000000002,target,17.900000000001455,70.25756716209457
2025-02-03,first,-1,306523,2025-02-03 09:20:00,23350.0,23563.0,213.0,306888,2025-02-03 15:25:00,23434.15,eod,-84.15000000000146,-6566.572595781595
2025-02-04,first,1,306898,2025-02-04 09:20:00,23569.65,23432.6,137.0500000000029,307263,2025-02-04 15:25:00,23780.0,eod,210.34999999999854,12569.367512763405
2025-02-05,first,1,307273,2025-02-05 09:20:00,23818.75,23779.2,39.54999999999927,307614,2025-02-05 15:01:00,23779.2,stop,-39.54999999999927,-3674.7944335994525
2025-02-05,reverse,-1,307614,2025-02-05 15:01:00,23779.2,23818.75,39.54999999999927,307638,2025-02-05 15:25:00,23769.45,eod,9.75,-470.1611456265
2025-02-10,first,1,308398,2025-02-10 09:20:00,23537.05,23535.0,2.0499999999992724,308399,2025-02-10 09:21:00,23541.149999999998,target,4.099999999998545,-833.3540473020945
2025-02-12,first,1,309148,2025-02-12 09:20:00,23127.0,23122.2,4.799999999999272,309149,2025-02-12 09:21:00,23122.2,stop,-4.799999999999272,-1404.7110396119526
2025-02-12,reverse,-1,309149,2025-02-12 09:21:00,23122.2,23127.0,4.799999999999272,309150,2025-02-12 09:22:00,23112.600000000002,target,9.599999999998545,-468.6721076280946
2025-02-13,first,1,309523,2025-02-13 09:20:00,23172.0,23139.55,32.45000000000073,309527,2025-02-13 09:24:00,23139.55,stop,-32.45000000000073,-3202.332604695547
2025-02-13,reverse,-1,309527,2025-02-13 09:24:00,23139.55,23172.0,32.45000000000073,309528,2025-02-13 09:25:00,23074.649999999998,target,64.90000000000146,3125.680591738095
2025-02-14,first,-1,309898,2025-02-14 09:20:00,23167.95,23205.5,37.54999999999927,309932,2025-02-14 09:54:00,23092.850000000002,target,75.09999999999854,3788.2223235119054
2025-02-17,first,1,310273,2025-02-17 09:20:00,22938.85,22830.0,108.84999999999854,310638,2025-02-17 15:25:00,23025.75,eod,86.90000000000146,4557.686872794095
2025-02-19,first,-1,311023,2025-02-19 09:20:00,22886.15,22951.95,65.79999999999927,311047,2025-02-19 09:44:00,22951.95,stop,-65.79999999999927,-5365.837800540952
2025-02-19,reverse,1,311047,2025-02-19 09:44:00,22951.95,22886.15,65.79999999999927,311078,2025-02-19 10:15:00,23083.55,target,131.59999999999854,7462.318926844905
2025-02-20,first,-1,311398,2025-02-20 09:20:00,22901.25,22966.45,65.20000000000073,311763,2025-02-20 15:25:00,22940.65,eod,-39.400000000001455,-3650.0247442590944
2025-02-21,first,1,311773,2025-02-21 09:20:00,22937.45,22893.95,43.5,311794,2025-02-21 09:41:00,22893.95,stop,-43.5,-3916.410946354
2025-02-21,reverse,-1,311794,2025-02-21 09:41:00,22893.95,22937.45,43.5,311826,2025-02-21 10:13:00,22806.95,target,87.0,4566.441874751
2025-02-24,first,-1,312148,2025-02-24 09:20:00,22657.9,22695.3,37.39999999999782,312406,2025-02-24 13:38:00,22583.100000000006,target,74.79999999999563,3777.447049989716
2025-02-27,first,-1,312898,2025-02-27 09:20:00,22595.0,22600.0,5.0,312899,2025-02-27 09:21:00,22600.0,stop,-5.0,-1408.69265395
2025-02-27,reverse,1,312899,2025-02-27 09:21:00,22600.0,22595.0,5.0,312901,2025-02-27 09:23:00,22595.0,stop,-5.0,-1408.69265395
2025-02-28,first,-1,313273,2025-02-28 09:20:00,22492.05,22574.75,82.70000000000073,313470,2025-02-28 12:37:00,22326.649999999998,target,165.40000000000146,9669.529229493095
2025-03-03,first,-1,313648,2025-03-03 09:20:00,22361.4,22375.2,13.799999999999272,313651,2025-03-03 09:23:00,22333.800000000003,target,27.599999999998545,714.3917303279054
2025-03-04,first,1,314023,2025-03-04 09:20:00,22131.8,22103.0,28.799999999999272,314045,2025-03-04 09:42:00,22189.399999999998,target,57.599999999998545,2667.415280467905
2025-03-05,first,1,314398,2025-03-05 09:20:00,22229.75,22180.85,48.900000000001455,314415,2025-03-05 09:37:00,22327.550000000003,target,97.80000000000291,5278.160603147189
2025-03-06,first,-1,314773,2025-03-06 09:20:00,22506.9,22553.5,46.599999999998545,314787,2025-03-06 09:34:00,22413.700000000004,target,93.19999999999709,4976.079986633811
2025-03-07,first,1,315148,2025-03-07 09:20:00,22626.8,22574.0,52.79999999999927,315264,2025-03-07 11:16:00,22732.399999999998,target,105.59999999999854,5778.255833287905
2025-03-10,first,-1,315523,2025-03-10 09:20:00,22622.7,22629.9,7.200000000000728,315524,2025-03-10 09:21:00,22629.9,stop,-7.200000000000728,-1552.1724718860473
2025-03-10,reverse,1,315524,2025-03-10 09:21:00,22629.9,22622.7,7.200000000000728,315528,2025-03-10 09:25:00,22644.300000000003,target,14.400000000001455,-148.48358986190544
2025-03-11,first,-1,315898,2025-03-11 09:20:00,22367.8,22408.8,41.0,315906,2025-03-11 09:28:00,22408.8,stop,-41.0,-3744.903223526
2025-03-11,reverse,1,315906,2025-03-11 09:28:00,22408.8,22367.8,41.0,315953,2025-03-11 10:15:00,22490.8,target,82.0,4248.325132444
2025-03-18,first,1,317398,2025-03-18 09:20:00,22686.8,22579.9,106.89999999999782,317752,2025-03-18 15:14:00,22900.599999999995,target,213.79999999999563,12808.670929485716
2025-03-19,first,1,317773,2025-03-19 09:20:00,22930.0,22903.25,26.75,317775,2025-03-19 09:22:00,22903.25,stop,-26.75,-2827.7747580325
2025-03-19,reverse,-1,317775,2025-03-19 09:22:00,22903.25,22930.0,26.75,317800,2025-03-19 09:47:00,22930.0,stop,-26.75,-2827.7747580325
2025-03-20,first,1,318148,2025-03-20 09:20:00,23045.0,22965.7,79.29999999999927,318391,2025-03-20 13:23:00,23203.6,target,158.59999999999854,9215.338202553905
2025-03-21,first,-1,318523,2025-03-21 09:20:00,23208.85,23218.5,9.650000000001455,318524,2025-03-21 09:21:00,23189.549999999996,target,19.30000000000291,160.3717767761891
2025-03-24,first,-1,318898,2025-03-24 09:20:00,23515.2,23519.15,3.9500000000007276,318899,2025-03-24 09:21:00,23507.3,target,7.900000000001455,-585.8998412249055
2025-03-27,first,-1,320023,2025-03-27 09:20:00,23524.05,23528.45,4.400000000001455,320024,2025-03-27 09:21:00,23528.45,stop,-4.400000000001455,-1385.5844945250947
2025-03-27,reverse,1,320024,2025-03-27 09:21:00,23528.45,23524.05,4.400000000001455,320025,2025-03-27 09:22:00,23520.95,stop,-7.5,-1587.039843334
2025-05-02,first,1,320398,2025-05-02 09:20:00,24518.0,23589.3,928.7000000000007,320763,2025-05-02 15:25:00,24394.0,eod,-124.0,-9174.79027232
2025-05-05,first,-1,320773,2025-05-05 09:20:00,24511.0,24530.0,19.0,320779,2025-05-05 09:26:00,24530.0,stop,-19.0,-2351.50793801
2025-05-05,reverse,1,320779,2025-05-05 09:26:00,24530.0,24511.0,19.0,320781,2025-05-05 09:28:00,24511.0,stop,-19.0,-2351.50793801
2025-05-06,first,-1,321148,2025-05-06 09:20:00,24525.0,24569.0,44.0,321486,2025-05-06 14:58:00,24437.0,target,88.0,4603.54184718
2025-05-07,first,-1,321523,2025-05-07 09:20:00,24447.8,24464.1,16.299999999999272,321529,2025-05-07 09:26:00,24464.1,stop,-16.299999999999272,-2174.9194619589525
2025-05-07,reverse,1,321529,2025-05-07 09:26:00,24464.1,24447.8,16.299999999999272,321531,2025-05-07 09:28:00,24496.699999999997,target,32.599999999998545,1002.8762015119055
2025-05-08,first,-1,321898,2025-05-08 09:20:00,24473.7,24516.3,42.599999999998545,322163,2025-05-08 13:45:00,24388.500000000004,target,85.19999999999709,4422.411877457811
2025-05-09,first,-1,322273,2025-05-09 09:20:00,24179.1,24195.5,16.400000000001455,322274,2025-05-09 09:21:00,24195.5,stop,-16.400000000001455,-2176.8230223060946
2025-05-09,reverse,1,322274,2025-05-09 09:21:00,24195.5,24179.1,16.400000000001455,322275,2025-05-09 09:22:00,24167.5,stop,-28.0,-2930.65594043
2025-05-15,first,-1,323773,2025-05-15 09:20:00,24676.0,24740.0,64.0,323852,2025-05-15 10:39:00,24740.0,stop,-64.0,-5279.45229176
2025-05-15,reverse,1,323852,2025-05-15 10:39:00,24740.0,24676.0,64.0,323853,2025-05-15 10:40:00,24868.0,target,128.0,7197.78221512
2025-05-16,first,-1,324148,2025-05-16 09:20:00,25068.1,25123.0,54.900000000001455,324158,2025-05-16 09:30:00,25123.0,stop,-54.900000000001455,-4694.635429871095
2025-05-16,reverse,1,324158,2025-05-16 09:30:00,25123.0,25068.1,54.900000000001455,324162,2025-05-16 09:34:00,25068.1,stop,-54.900000000001455,-4694.635429871095
2025-05-19,first,1,324523,2025-05-19 09:20:00,25060.0,25018.0,42.0,324803,2025-05-19 14:00:00,25018.0,stop,-42.0,-3855.2434815799998
2025-05-19,reverse,-1,324803,2025-05-19 14:00:00,25018.0,25060.0,42.0,324888,2025-05-19 15:25:00,24977.9,eod,40.099999999998545,1481.4784848009053
2025-05-20,first,-1,324898,2025-05-20 09:20:00,25008.7,25059.9,51.20000000000073,325107,2025-05-20 12:49:00,24906.3,target,102.40000000000146,5531.306016850094
2025-05-21,first,-1,325273,2025-05-21 09:20:00,24780.2,24784.3,4.099999999998545,325274,2025-05-21 09:21:00,24784.3,stop,-4.099999999998545,-1387.5729178449055
2025-05-21,reverse,1,325274,2025-05-21 09:21:00,24784.3,24780.2,4.099999999998545,325275,2025-05-21 09:22:00,24780.2,stop,-4.099999999998545,-1387.5729178449055
2025-05-23,first,1,326023,2025-05-23 09:20:00,24680.0,24635.0,45.0,326037,2025-05-23 09:34:00,24770.0,target,90.0,4729.3559855
2025-05-26,first,1,326398,2025-05-26 09:20:00,25051.1,24877.0,174.09999999999854,326763,2025-05-26 15:25:00,25036.0,eod,-15.099999999998545,-2106.9786844309056
2025-05-27,first,-1,326773,2025-05-27 09:20:00,24877.0,25035.0,158.0,326902,2025-05-27 11:29:00,25035.0,stop,-158.0,-11393.14498232
2025-05-27,reverse,1,326902,2025-05-27 11:29:00,25035.0,24877.0,158.0,326963,2025-05-27 12:30:00,24877.0,stop,-158.0,-11393.14498232
2025-05-29,first,-1,327523,2025-05-29 09:20:00,24870.0,24900.0,30.0,327526,2025-05-29 09:23:00,24810.0,target,60.0,2777.5641552
2025-05-30,first,1,327898,2025-05-30 09:20:00,24944.0,24907.5,36.5,327938,2025-05-30 10:00:00,24907.5,stop,-36.5,-3495.838263915
2025-05-30,reverse,-1,327938,2025-05-30 10:00:00,24907.5,24944.0,36.5,328263,2025-05-30 15:25:00,24866.6,eod,40.900000000001455,1535.3709954990945
2025-06-02,first,-1,328273,2025-06-02 09:20:00,24644.8,24878.0,233.20000000000073,328638,2025-06-02 15:25:00,24794.9,eod,-150.10000000000218,-10875.651327317142
2025-06-03,first,1,328648,2025-06-03 09:20:00,24793.5,24788.0,5.5,328649,2025-06-03 09:21:00,24788.0,stop,-5.5,-1478.710139215
2025-06-03,reverse,-1,328649,2025-06-03 09:21:00,24788.0,24793.5,5.5,328650,2025-06-03 09:22:00,24777.0,target,11.0,-406.16552965000005
2025-06-04,first,-1,329023,2025-06-04 09:20:00,24689.5,24709.9,20.400000000001455,329029,2025-06-04 09:26:00,24709.9,stop,-20.400000000001455,-2445.565361834095
2025-06-04,reverse,1,329029,2025-06-04 09:26:00,24709.9,24689.5,20.400000000001455,329032,2025-06-04 09:29:00,24689.5,stop,-20.400000000001455,-2445.565361834095
2025-06-06,first,-1,329773,2025-06-06 09:20:00,24826.4,24875.0,48.599999999998545,329819,2025-06-06 10:06:00,24875.0,stop,-48.599999999998545,-4280.983582053906
2025-06-06,reverse,1,329819,2025-06-06 10:06:00,24875.0,24826.4,48.599999999998545,329824,2025-06-06 10:11:00,24826.4,stop,-48.599999999998545,-4280.983582053906
2025-06-09,first,1,330148,2025-06-09 09:20:00,25180.0,25175.7,4.299999999999272,330149,2025-06-09 09:21:00,25175.7,stop,-4.299999999999272,-1407.3393640769527
2025-06-09,reverse,-1,330149,2025-06-09 09:21:00,25175.7,25180.0,4.299999999999272,330150,2025-06-09 09:22:00,25186.7,stop,-11.0,-1842.857478264
2025-06-10,first,-1,330523,2025-06-10 09:20:00,25193.5,25243.2,49.70000000000073,330583,2025-06-10 10:20:00,25243.2,stop,-49.70000000000073,-4358.766616487047
2025-06-10,reverse,1,330583,2025-06-10 10:20:00,25243.2,25193.5,49.70000000000073,330615,2025-06-10 10:52:00,25193.5,stop,-49.70000000000073,-4358.766616487047
2025-06-13,first,-1,331648,2025-06-13 09:20:00,24664.2,24911.0,246.79999999999927,332013,2025-06-13 15:25:00,24739.0,eod,-74.79999999999927,-5981.279625551952
2025-06-20,first,1,333523,2025-06-20 09:20:00,24880.0,24775.0,105.0,333662,2025-06-20 11:39:00,25090.0,target,210.0,12524.2061083
2025-06-24,first,1,334273,2025-06-24 09:20:00,25261.0,25226.0,35.0,334279,2025-06-24 09:26:00,25226.0,stop,-35.0,-3403.78285807
2025-06-24,reverse,-1,334279,2025-06-24 09:26:00,25226.0,25261.0,35.0,334290,2025-06-24 09:37:00,25156.0,target,70.0,3421.50102098
2025-06-26,first,1,335023,2025-06-26 09:20:00,25315.5,25287.0,28.5,335033,2025-06-26 09:30:00,25372.5,target,57.0,2573.95966632
2025-06-27,first,1,335398,2025-06-27 09:20:00,25697.8,25541.2,156.59999999999854,335763,2025-06-27 15:25:00,25754.6,eod,56.79999999999927,2554.4224568359527
2025-06-30,first,-1,335773,2025-06-30 09:20:00,25738.0,25790.0,52.0,335993,2025-06-30 13:00:00,25634.0,target,104.0,5622.83404708
2025-07-02,first,1,336523,2025-07-02 09:20:00,25685.0,25638.0,47.0,336546,2025-07-02 09:43:00,25638.0,stop,-47.0,-4190.86347603
2025-07-02,reverse,-1,336546,2025-07-02 09:43:00,25638.0,25685.0,47.0,336763,2025-07-02 13:20:00,25544.0,target,94.0,4974.51773298
2025-07-04,first,-1,337273,2025-07-04 09:20:00,25493.1,25510.0,16.900000000001455,337278,2025-07-04 09:25:00,25510.0,stop,-16.900000000001455,-2231.803261191095
2025-07-04,reverse,1,337278,2025-07-04 09:25:00,25510.0,25493.1,16.900000000001455,337285,2025-07-04 09:32:00,25493.1,stop,-16.900000000001455,-2231.803261191095
2025-07-07,first,1,337648,2025-07-07 09:20:00,25526.0,25475.7,50.29999999999927,338013,2025-07-07 15:25:00,25542.0,eod,16.0,-94.05085548
2025-07-08,first,1,338023,2025-07-08 09:20:00,25532.0,25500.1,31.900000000001455,338366,2025-07-08 15:03:00,25595.800000000003,target,63.80000000000291,3012.158008642189
2025-07-09,first,1,338398,2025-07-09 09:20:00,25580.7,25575.0,5.700000000000728,338400,2025-07-09 09:22:00,25575.0,stop,-5.700000000000728,-1505.1740620770474
2025-07-09,reverse,-1,338400,2025-07-09 09:22:00,25575.0,25580.7,5.700000000000728,338401,2025-07-09 09:23:00,25580.7,stop,-5.700000000000728,-1505.1740620770474
2025-07-10,first,-1,338773,2025-07-10 09:20:00,25526.6,25565.0,38.400000000001455,338866,2025-07-10 10:53:00,25449.799999999996,target,76.80000000000291,3858.376975196189
2025-07-11,first,-1,339148,2025-07-11 09:20:00,25353.5,25420.0,66.5,339257,2025-07-11 11:09:00,25220.5,target,133.0,7514.49017786
2025-07-14,first,-1,339523,2025-07-14 09:20:00,25152.8,25169.7,16.900000000001455,339526,2025-07-14 09:23:00,25118.999999999996,target,33.80000000000291,1069.6553988021892
2025-07-15,first,1,339898,2025-07-15 09:20:00,25197.1,25166.1,31.0,339919,2025-07-15 09:41:00,25166.1,stop,-31.0,-3142.747321152
2025-07-15,reverse,-1,339919,2025-07-15 09:41:00,25166.1,25197.1,31.0,339969,2025-07-15 10:31:00,25197.1,stop,-31.0,-3142.747321152
2025-07-17,first,-1,340648,2025-07-17 09:20:00,25231.8,25266.2,34.400000000001455,341013,2025-07-17 15:25:00,25165.3,eod,66.5,3193.892336469
2025-07-18,first,-1,341023,2025-07-18 09:20:00,25145.0,25170.0,25.0,341051,2025-07-18 09:48:00,25095.0,target,50.0,2122.8326336
2025-07-21,first,-1,341398,2025-07-21 09:20:00,24978.5,25013.8,35.29999999999927,341425,2025-07-21 09:47:00,25013.8,stop,-35.29999999999927,-3419.0496322029526
2025-07-21,reverse,1,341425,2025-07-21 09:47:00,25013.8,24978.5,35.29999999999927,341433,2025-07-21 09:55:00,25084.399999999998,target,70.59999999999854,3462.925025497905
2025-07-22,first,1,341773,2025-07-22 09:20:00,25148.0,25130.0,18.0,341794,2025-07-22 09:41:00,25130.0,stop,-18.0,-2297.09460358
2025-07-22,reverse,-1,341794,2025-07-22 09:41:00,25130.0,25148.0,18.0,341798,2025-07-22 09:45:00,25148.0,stop,-18.0,-2297.09460358
2025-07-23,first,-1,342148,2025-07-23 09:20:00,25160.3,25164.5,4.200000000000728,342149,2025-07-23 09:21:00,25164.5,stop,-4.200000000000728,-1400.5756425280474
2025-07-23,reverse,1,342149,2025-07-23 09:21:00,25164.5,25160.3,4.200000000000728,342150,2025-07-23 09:22:00,25154.7,stop,-9.799999999999272,-1764.4949823119528
2025-07-24,first,1,342523,2025-07-24 09:20:00,25239.7,25226.1,13.600000000002183,342527,2025-07-24 09:24:00,25226.1,stop,-13.600000000002183,-2012.726711538142
2025-07-24,reverse,-1,342527,2025-07-24 09:24:00,25226.1,25239.7,13.600000000002183,342555,2025-07-24 09:52:00,25198.899999999994,target,27.200000000004366,639.3835957502838
2025-07-25,first,-1,342898,2025-07-25 09:20:00,24943.7,25095.0,151.29999999999927,343263,2025-07-25 15:25:00,24850.5,eod,93.20000000000073,4934.393112938047
2025-07-28,first,1,343273,2025-07-28 09:20:00,24800.9,24751.0,49.900000000001455,343328,2025-07-28 10:15:00,24900.700000000004,target,99.80000000000291,5364.146567224189
2025-07-29,first,-1,343648,2025-07-29 09:20:00,24685.0,24712.8,27.799999999999272,343651,2025-07-29 09:23:00,24712.8,stop,-27.799999999999272,-2926.5083860579525
2025-07-29,reverse,1,343651,2025-07-29 09:23:00,24712.8,24685.0,27.799999999999272,343653,2025-07-29 09:25:00,24684.4,stop,-28.399999999997817,-2965.499743891858
2025-07-30,first,1,344023,2025-07-30 09:20:00,24838.5,24813.1,25.400000000001455,344091,2025-07-30 10:28:00,24813.1,stop,-25.400000000001455,-2772.6933322760947
2025-07-30,reverse,-1,344091,2025-07-30 10:28:00,24813.1,24838.5,25.400000000001455,344135,2025-07-30 11:12:00,24838.5,stop,-25.400000000001455,-2772.6933322760947
2025-07-31,first,-1,344398,2025-07-31 09:20:00,24700.0,24869.9,169.90000000000146,344595,2025-07-31 12:37:00,24869.9,stop,-169.90000000000146,-12163.649177339095
2025-07-31,reverse,1,344595,2025-07-31 12:37:00,24869.9,24700.0,169.90000000000146,344763,2025-07-31 15:25:00,24768.0,eod,-101.90000000000146,-7744.628622819095
2025-08-06,first,1,345895,2025-08-06 09:20:00,24720.0,24710.0,10.0,345907,2025-08-06 09:32:00,24710.0,stop,-10.0,-1769.8879423
2025-08-06,reverse,-1,345907,2025-08-06 09:32:00,24710.0,24720.0,10.0,345909,2025-08-06 09:34:00,24720.0,stop,-10.0,-1769.8879423
2025-08-07,first,-1,346270,2025-08-07 09:20:00,24577.6,24639.0,61.400000000001455,346507,2025-08-07 13:17:00,24454.799999999996,target,122.80000000000291,6864.736093036189
2025-08-08,first,1,346645,2025-08-08 09:20:00,24645.2,24625.2,20.0,346647,2025-08-08 09:22:00,24625.2,stop,-20.0,-2418.464286144
2025-08-08,reverse,-1,346647,2025-08-08 09:22:00,24625.2,24645.2,20.0,346654,2025-08-08 09:29:00,24585.2,target,40.0,1481.697930456
2025-08-11,first,-1,347020,2025-08-11 09:20:00,24471.1,24484.0,12.900000000001455,347023,2025-08-11 09:23:00,24484.0,stop,-12.900000000001455,-1954.3088679110947
2025-08-11,reverse,1,347023,2025-08-11 09:23:00,24484.0,24471.1,12.900000000001455,347029,2025-08-11 09:29:00,24471.1,stop,-12.900000000001455,-1954.3088679110947
2025-08-12,first,1,347395,2025-08-12 09:20:00,24629.7,24605.1,24.600000000002183,347400,2025-08-12 09:25:00,24678.900000000005,target,49.200000000004366,2078.8041459542837
2025-08-13,first,-1,347770,2025-08-13 09:20:00,24631.0,24662.6,31.599999999998545,347790,2025-08-13 09:40:00,24662.6,stop,-31.599999999998545,-3172.5948698959055
2025-08-13,reverse,1,347790,2025-08-13 09:40:00,24662.6,24631.0,31.599999999998545,347930,2025-08-13 12:00:00,24631.0,stop,-31.599999999998545,-3172.5948698959055
2025-08-19,first,-1,348895,2025-08-19 09:20:00,24950.0,24971.1,21.099999999998545,348898,2025-08-19 09:23:00,24971.1,stop,-21.099999999998545,-2495.5236851709055
2025-08-19,reverse,1,348898,2025-08-19 09:23:00,24971.1,24950.0,21.099999999998545,348910,2025-08-19 09:35:00,24950.0,stop,-21.099999999998545,-2495.5236851709055
2025-08-21,first,1,349645,2025-08-21 09:20:00,25113.3,25111.0,2.2999999999992724,349646,2025-08-21 09:21:00,25111.0,stop,-2.2999999999992724,-1276.2271197229527
2025-08-21,reverse,-1,349646,2025-08-21 09:21:00,25111.0,25113.3,2.2999999999992724,349647,2025-08-21 09:22:00,25115.0,stop,-4.0,-1386.73171586
2025-08-22,first,-1,350020,2025-08-22 09:20:00,25028.6,25119.0,90.40000000000146,350385,2025-08-22 15:25:00,24897.5,eod,131.09999999999854,7396.543176778905
2025-08-25,first,-1,350395,2025-08-25 09:20:00,24934.3,24960.0,25.700000000000728,350402,2025-08-25 09:27:00,24960.0,stop,-25.700000000000728,-2794.2675384230474
2025-08-25,reverse,1,350402,2025-08-25 09:27:00,24960.0,24934.3,25.700000000000728,350440,2025-08-25 10:05:00,24934.3,stop,-25.700000000000728,-2794.2675384230474
2025-08-26,first,-1,350770,2025-08-26 09:20:00,24845.1,24998.0,152.90000000000146,351135,2025-08-26 15:25:00,24731.3,eod,113.79999999999927,6275.135579195952
2025-08-28,first,-1,351145,2025-08-28 09:20:00,24576.5,24734.5,158.0,351510,2025-08-28 15:25:00,24501.3,eod,75.20000000000073,3770.6262191420474
2025-08-29,first,-1,351520,2025-08-29 09:20:00,24668.1,24700.0,31.900000000001455,351604,2025-08-29 10:44:00,24700.0,stop,-31.900000000001455,-3192.7303588410946
2025-08-29,reverse,1,351604,2025-08-29 10:44:00,24700.0,24668.1,31.900000000001455,351616,2025-08-29 10:56:00,24668.1,stop,-31.900000000001455,-3192.7303588410946
2025-09-01,first,-1,351895,2025-09-01 09:20:00,24644.8,24658.9,14.100000000002183,351898,2025-09-01 09:23:00,24658.9,stop,-14.100000000002183,-2035.2836363571419
2025-09-01,reverse,1,351898,2025-09-01 09:23:00,24658.9,24644.8,14.100000000002183,351903,2025-09-01 09:28:00,24644.8,stop,-14.100000000002183,-2035.2836363571419
2025-09-02,first,1,352270,2025-09-02 09:20:00,24762.1,24747.9,14.19999999999709,352284,2025-09-02 09:34:00,24790.499999999993,target,28.39999999999418,724.8387451136218
2025-09-03,first,-1,352645,2025-09-03 09:20:00,24651.8,24693.1,41.29999999999927,352651,2025-09-03 09:26:00,24693.1,stop,-41.29999999999927,-3803.4769250889526
2025-09-03,reverse,1,352651,2025-09-03 09:26:00,24693.1,24651.8,41.29999999999927,352935,2025-09-03 14:10:00,24775.699999999997,target,82.59999999999854,4248.238467631905
2025-09-04,first,1,353020,2025-09-04 09:20:00,24962.3,24806.2,156.09999999999854,353385,2025-09-04 15:25:00,24840.0,eod,-122.29999999999927,-9071.915496302952
2025-09-08,first,1,353770,2025-09-08 09:20:00,24882.2,24842.1,40.10000000000218,353968,2025-09-08 12:38:00,24962.400000000005,target,80.20000000000437,4089.0380609942836
2025-09-09,first,1,354145,2025-09-09 09:20:00,24950.2,24940.0,10.200000000000728,354150,2025-09-09 09:25:00,24940.0,stop,-10.200000000000728,-1786.8231436220472
2025-09-09,reverse,-1,354150,2025-09-09 09:25:00,24940.0,24950.2,10.200000000000728,354152,2025-09-09 09:27:00,24950.2,stop,-10.200000000000728,-1786.8231436220472
2025-09-10,first,1,354520,2025-09-10 09:20:00,25035.0,24954.0,81.0,354885,2025-09-10 15:25:00,25070.6,eod,35.599999999998545,1188.0664787839055
2025-09-11,first,1,354895,2025-09-11 09:20:00,25095.0,25052.1,42.900000000001455,355260,2025-09-11 15:25:00,25104.2,eod,9.200000000000728,-528.5796991119527
2025-09-12,first,1,355270,2025-09-12 09:20:00,25150.0,25140.7,9.299999999999272,355273,2025-09-12 09:23:00,25140.7,stop,-9.299999999999272,-1731.7541294269527
2025-09-12,reverse,-1,355273,2025-09-12 09:23:00,25140.7,25150.0,9.299999999999272,355277,2025-09-12 09:27:00,25150.0,stop,-9.299999999999272,-1731.7541294269527
2025-09-16,first,1,356020,2025-09-16 09:20:00,25179.7,25152.0,27.700000000000728,356054,2025-09-16 09:54:00,25235.100000000002,target,55.400000000001455,2472.3058725720944
2025-09-17,first,1,356395,2025-09-17 09:20:00,25383.2,25322.2,61.0,356760,2025-09-17 15:25:00,25424.0,eod,40.79999999999927,1520.0348460079529
2025-09-19,first,1,357145,2025-09-19 09:20:00,25423.1,25416.6,6.5,357150,2025-09-19 09:25:00,25416.6,stop,-6.5,-1554.4664413169999
2025-09-19,reverse,-1,357150,2025-09-19 09:25:00,25416.6,25423.1,6.5,357151,2025-09-19 09:26:00,25427.0,stop,-10.400000000001455,-1807.9769853960947
2025-09-22,first,1,357520,2025-09-22 09:20:00,25324.6,25293.0,31.599999999998545,357545,2025-09-22 09:45:00,25387.799999999996,target,63.19999999999709,2976.7146882358106
2025-09-24,first,-1,358270,2025-09-24 09:20:00,25136.4,25167.9,31.5,358327,2025-09-24 10:17:00,25167.9,stop,-31.5,-3174.740588523
2025-09-24,reverse,1,358327,2025-09-24 10:17:00,25167.9,25136.4,31.5,358351,2025-09-24 10:41:00,25136.4,stop,-31.5,-3174.740588523
2025-09-25,first,-1,358645,2025-09-25 09:20:00,25105.0,25116.8,11.799999999999272,358646,2025-09-25 09:21:00,25116.8,stop,-11.799999999999272,-1893.6501606979527
2025-09-25,reverse,1,358646,2025-09-25 09:21:00,25116.8,25105.0,11.799999999999272,358654,2025-09-25 09:29:00,25105.0,stop,-11.799999999999272,-1893.6501606979527
2025-09-26,first,-1,359020,2025-09-26 09:20:00,24853.0,24897.4,44.400000000001455,359271,2025-09-26 13:31:00,24764.199999999997,target,88.80000000000291,4649.932841908189
2025-09-29,first,-1,359395,2025-09-29 09:20:00,24751.3,24774.0,22.700000000000728,359408,2025-09-29 09:33:00,24774.0,stop,-22.700000000000728,-2596.128806333047
2025-09-29,reverse,1,359408,2025-09-29 09:33:00,24774.0,24751.3,22.700000000000728,359453,2025-09-29 10:18:00,24819.4,target,45.400000000001455,1829.3903078260946
2025-10-01,first,-1,360145,2025-10-01 09:20:00,24752.6,24765.0,12.400000000001455,360149,2025-10-01 09:24:00,24765.0,stop,-12.400000000001455,-1926.6231985360946
2025-10-01,reverse,1,360149,2025-10-01 09:24:00,24765.0,24752.6,12.400000000001455,360156,2025-10-01 09:31:00,24789.800000000003,target,24.80000000000291,490.8409871721891
2025-10-03,first,1,360520,2025-10-03 09:20:00,24919.9,24901.1,18.80000000000291,360527,2025-10-03 09:27:00,24901.1,stop,-18.80000000000291,-2345.180923810189
2025-10-03,reverse,-1,360527,2025-10-03 09:27:00,24901.1,24919.9,18.80000000000291,360543,2025-10-03 09:43:00,24919.9,stop,-18.80000000000291,-2345.180923810189
2025-10-06,first,1,360895,2025-10-06 09:20:00,25013.2,24993.7,19.5,360904,2025-10-06 09:29:00,24993.7,stop,-19.5,-2392.266944909
2025-10-06,reverse,-1,360904,2025-10-06 09:29:00,24993.7,25013.2,19.5,360911,2025-10-06 09:36:00,25013.2,stop,-19.5,-2392.266944909
2025-10-07,first,1,361270,2025-10-07 09:20:00,25186.1,25180.0,6.099999999998545,361271,2025-10-07 09:21:00,25198.299999999996,target,12.19999999999709,-335.18137768418916
2025-10-13,first,-1,362770,2025-10-13 09:20:00,25297.0,25416.0,119.0,363135,2025-10-13 15:25:00,25317.4,eod,-20.400000000001455,-2455.9579979840946
2025-10-14,first,1,363145,2025-10-14 09:20:00,25358.5,25345.0,13.5,363163,2025-10-14 09:38:00,25345.0,stop,-13.5,-2008.2604896349999
2025-10-14,reverse,-1,363163,2025-10-14 09:38:00,25345.0,25358.5,13.5,363165,2025-10-14 09:40:00,25318.0,target,27.0,624.34900657
2025-10-15,first,1,363520,2025-10-15 09:20:00,25351.3,25181.4,169.89999999999782,363885,2025-10-15 15:25:00,25431.4,eod,80.10000000000218,4074.514504453142
2025-10-16,first,-1,363895,2025-10-16 09:20:00,25495.0,25509.9,14.900000000001455,363897,2025-10-16 09:22:00,25509.9,stop,-14.900000000001455,-2101.830357689095
2025-10-16,reverse,1,363897,2025-10-16 09:22:00,25509.9,25495.0,14.900000000001455,363914,2025-10-16 09:39:00,25495.0,stop,-14.900000000001455,-2101.830357689095
2025-10-17,first,1,364270,2025-10-17 09:20:00,25600.3,25594.3,6.0,364271,2025-10-17 09:21:00,25612.3,target,12.0,-355.26430748600006
2025-10-20,first,1,364645,2025-10-20 09:20:00,25960.0,25947.5,12.5,364648,2025-10-20 09:23:00,25947.5,stop,-12.5,-1953.564886075
2025-10-20,reverse,-1,364648,2025-10-20 09:23:00,25947.5,25960.0,12.5,364649,2025-10-20 09:24:00,25922.5,target,25.0,484.0364993
2025-10-24,first,-1,365456,2025-10-24 09:20:00,25922.0,25994.5,72.5,365715,2025-10-24 13:39:00,25777.0,target,145.0,8284.79716661
2025-10-29,first,1,366581,2025-10-29 09:20:00,26166.1,26148.2,17.899999999997817,366582,2025-10-29 09:21:00,26148.2,stop,-17.899999999997817,-2308.012904622858
2025-10-29,reverse,-1,366582,2025-10-29 09:21:00,26148.2,26166.1,17.899999999997817,366586,2025-10-29 09:25:00,26166.1,stop,-17.899999999997817,-2308.012904622858
2025-10-30,first,1,366956,2025-10-30 09:20:00,26145.0,26129.9,15.099999999998545,366958,2025-10-30 09:22:00,26129.9,stop,-15.099999999998545,-2125.6922723889056
2025-10-30,reverse,-1,366958,2025-10-30 09:22:00,26129.9,26145.0,15.099999999998545,366959,2025-10-30 09:23:00,26145.0,stop,-15.099999999998545,-2125.6922723889056
2025-10-31,first,-1,367331,2025-10-31 09:20:00,26000.0,26045.0,45.0,367335,2025-10-31 09:24:00,26045.0,stop,-45.0,-4067.0508824500002
2025-10-31,reverse,1,367335,2025-10-31 09:24:00,26045.0,26000.0,45.0,367392,2025-10-31 10:21:00,26000.0,stop,-45.0,-4067.0508824500002
2025-11-03,first,-1,367706,2025-11-03 09:20:00,25843.9,25913.6,69.69999999999709,367745,2025-11-03 09:59:00,25913.6,stop,-69.69999999999709,-5669.947224574811
2025-11-03,reverse,1,367745,2025-11-03 09:59:00,25913.6,25843.9,69.69999999999709,368071,2025-11-03 15:25:00,25904.9,eod,-8.69999999999709,-1705.825844784811
2025-11-04,first,1,368081,2025-11-04 09:20:00,25874.6,25864.1,10.5,368082,2025-11-04 09:21:00,25864.1,stop,-10.5,-1822.132736707
2025-11-04,reverse,-1,368082,2025-11-04 09:21:00,25864.1,25874.6,10.5,368085,2025-11-04 09:24:00,25874.6,stop,-10.5,-1822.132736707
2025-11-07,first,-1,368831,2025-11-07 09:20:00,25474.2,25498.0,23.799999999999272,368943,2025-11-07 11:12:00,25498.0,stop,-23.799999999999272,-2679.9985896419525
2025-11-07,reverse,1,368943,2025-11-07 11:12:00,25498.0,25474.2,23.799999999999272,368961,2025-11-07 11:30:00,25545.6,target,47.599999999998545,1959.9729926039054
2025-11-10,first,1,369206,2025-11-10 09:20:00,25666.0,25588.4,77.59999999999854,369571,2025-11-10 15:25:00,25694.0,eod,28.0,683.3812904
2025-11-11,first,-1,369581,2025-11-11 09:20:00,25625.5,25738.1,112.59999999999854,369836,2025-11-11 13:35:00,25738.1,stop,-112.59999999999854,-8454.826992595905
2025-11-11,reverse,1,369836,2025-11-11 13:35:00,25738.1,25625.5,112.59999999999854,369946,2025-11-11 15:25:00,25823.0,eod,84.90000000000146,4379.828294429095
2025-11-12,first,1,369956,2025-11-12 09:20:00,25934.5,25826.0,108.5,370321,2025-11-12 15:25:00,25979.9,eod,45.400000000001455,1809.5373790160945
2025-11-14,first,-1,370706,2025-11-14 09:20:00,25869.5,25901.7,32.20000000000073,370715,2025-11-14 09:29:00,25901.7,stop,-32.20000000000073,-3232.783784032047
2025-11-14,reverse,1,370715,2025-11-14 09:29:00,25901.7,25869.5,32.20000000000073,370720,2025-11-14 09:34:00,25966.100000000002,target,64.40000000000146,3044.8248272420947
2025-11-17,first,1,371081,2025-11-17 09:20:00,26020.1,25971.0,49.099999999998545,371446,2025-11-17 15:25:00,26057.0,eod,36.900000000001455,1255.6954316690944
2025-11-18,first,1,371456,2025-11-18 09:20:00,25982.3,25965.0,17.299999999999272,371485,2025-11-18 09:49:00,25965.0,stop,-17.299999999999272,-2265.877239752953
2025-11-18,reverse,-1,371485,2025-11-18 09:49:00,25965.0,25982.3,17.299999999999272,371495,2025-11-18 09:59:00,25930.4,target,34.599999999998545,1107.7630776059054
2025-11-19,first,-1,371831,2025-11-19 09:20:00,25902.6,25948.0,45.400000000001455,371837,2025-11-19 09:26:00,25948.0,stop,-45.400000000001455,-4091.3857206660946
2025-11-19,reverse,1,371837,2025-11-19 09:26:00,25948.0,25902.6,45.400000000001455,372006,2025-11-19 12:15:00,26038.800000000003,target,90.80000000000291,4759.652507652189
2025-11-20,first,1,372206,2025-11-20 09:20:00,26115.9,26062.0,53.900000000001455,372456,2025-11-20 13:30:00,26223.700000000004,target,107.80000000000291,5861.535344044189
2025-11-21,first,1,372581,2025-11-21 09:20:00,26157.0,26131.1,25.900000000001455,372606,2025-11-21 09:45:00,26131.1,stop,-25.900000000001455,-2827.742000041095
2025-11-21,reverse,-1,372606,2025-11-21 09:45:00,26131.1,26157.0,25.900000000001455,372641,2025-11-21 10:20:00,26079.299999999996,target,51.80000000000291,2222.9680704561893
2025-11-24,first,-1,372956,2025-11-24 09:20:00,26127.2,26141.0,13.799999999999272,372957,2025-11-24 09:21:00,26141.0,stop,-13.799999999999272,-2041.1425682019526
2025-11-24,reverse,1,372957,2025-11-24 09:21:00,26141.0,26127.2,13.799999999999272,372968,2025-11-24 09:32:00,26126.1,stop,-14.900000000001455,-2112.6267242310946
2025-11-25,first,-1,373331,2025-11-25 09:20:00,25961.4,25987.3,25.899999999997817,373348,2025-11-25 09:37:00,25987.3,stop,-25.899999999997817,-2824.838904806858
2025-11-25,reverse,1,373348,2025-11-25 09:37:00,25987.3,25961.4,25.899999999997817,373360,2025-11-25 09:49:00,25961.4,stop,-25.899999999997817,-2824.838904806858
2025-11-27,first,1,374081,2025-11-27 09:20:00,26441.7,26370.3,71.40000000000146,374312,2025-11-27 13:11:00,26370.3,stop,-71.40000000000146,-5789.457061320095
2025-11-27,reverse,-1,374312,2025-11-27 13:11:00,26370.3,26441.7,71.40000000000146,374446,2025-11-27 15:25:00,26399.0,eod,-28.700000000000728,-3013.8416171730473
2025-11-28,first,1,374456,2025-11-28 09:20:00,26419.0,26370.0,49.0,374728,2025-11-28 13:52:00,26370.0,stop,-49.0,-4333.39136829
2025-11-28,reverse,-1,374728,2025-11-28 13:52:00,26370.0,26419.0,49.0,374821,2025-11-28 15:25:00,26393.0,eod,-23.0,-2643.32107443
2025-12-01,first,-1,374831,2025-12-01 09:20:00,26449.2,26480.0,30.799999999999272,374974,2025-12-01 11:43:00,26387.600000000002,target,61.599999999998545,2854.5527591519053
2025-12-02,first,-1,375206,2025-12-02 09:20:00,26310.0,26315.0,5.0,375207,2025-12-02 09:21:00,26300.0,target,10.0,-497.20542209999996
2025-12-03,first,1,375581,2025-12-03 09:20:00,26167.2,26167.1,0.10000000000218279,375582,2025-12-03 09:21:00,26167.1,stop,-0.10000000000218279,-1151.2881068231418
2025-12-03,reverse,-1,375582,2025-12-03 09:21:00,26167.1,26167.2,0.10000000000218279,375583,2025-12-03 09:22:00,26170.0,stop,-2.900000000001455,-1333.2956769310945
2025-12-04,first,1,375956,2025-12-04 09:20:00,26078.6,26070.3,8.299999999999272,375959,2025-12-04 09:23:00,26095.199999999997,target,16.599999999998545,-64.51294741809454
2025-12-05,first,1,376331,2025-12-05 09:20:00,26192.5,26180.2,12.299999999999272,376333,2025-12-05 09:22:00,26180.2,stop,-12.299999999999272,-1944.5451954469527
2025-12-05,reverse,-1,376333,2025-12-05 09:22:00,26180.2,26192.5,12.299999999999272,376345,2025-12-05 09:34:00,26192.5,stop,-12.299999999999272,-1944.5451954469527
2025-12-08,first,-1,376706,2025-12-08 09:20:00,26309.7,26317.1,7.399999999997817,376708,2025-12-08 09:22:00,26317.1,stop,-7.399999999997817,-1628.247332747858
2025-12-08,reverse,1,376708,2025-12-08 09:22:00,26317.1,26309.7,7.399999999997817,376711,2025-12-08 09:25:00,26309.7,stop,-7.399999999997817,-1628.247332747858
2025-12-09,first,-1,377081,2025-12-09 09:20:00,25937.0,26055.0,118.0,377446,2025-12-09 15:25:00,25957.3,eod,-20.299999999999272,-2460.4063484229528
2025-12-10,first,-1,377456,2025-12-10 09:20:00,25954.9,25995.0,40.099999999998545,377466,2025-12-10 09:30:00,25995.0,stop,-40.099999999998545,-3747.7660991389052
2025-12-10,reverse,1,377466,2025-12-10 09:30:00,25995.0,25954.9,40.099999999998545,377554,2025-12-10 10:58:00,25954.9,stop,-40.099999999998545,-3747.7660991389052
2025-12-11,first,-1,377831,2025-12-11 09:20:00,25896.7,25915.0,18.299999999999272,377833,2025-12-11 09:22:00,25915.0,stop,-18.299999999999272,-2329.7115202369528
2025-12-11,reverse,1,377833,2025-12-11 09:22:00,25915.0,25896.7,18.299999999999272,377834,2025-12-11 09:23:00,25896.7,stop,-18.299999999999272,-2329.7115202369528
2025-12-12,first,1,378206,2025-12-12 09:20:00,26111.2,26001.3,109.90000000000146,378571,2025-12-12 15:25:00,26147.0,eod,35.79999999999927,1182.6528078979527
2025-12-16,first,1,378956,2025-12-16 09:20:00,26021.0,26010.5,10.5,378960,2025-12-16 09:24:00,26010.5,stop,-10.5,-1824.637233715
2025-12-16,reverse,-1,378960,2025-12-16 09:24:00,26010.5,26021.0,10.5,378984,2025-12-16 09:48:00,26021.0,stop,-10.5,-1824.637233715
2025-12-17,first,-1,379331,2025-12-17 09:20:00,25964.0,25967.4,3.400000000001455,379332,2025-12-17 09:21:00,25967.4,stop,-3.400000000001455,-1362.3225523540946
2025-12-17,reverse,1,379332,2025-12-17 09:21:00,25967.4,25964.0,3.400000000001455,379333,2025-12-17 09:22:00,25974.200000000004,target,6.80000000000291,-699.4694691758109
2025-12-18,first,1,379706,2025-12-18 09:20:00,25847.9,25831.3,16.600000000002183,379728,2025-12-18 09:42:00,25831.3,stop,-16.600000000002183,-2218.088111912142
2025-12-18,reverse,-1,379728,2025-12-18 09:42:00,25831.3,25847.9,16.600000000002183,379757,2025-12-18 10:11:00,25847.9,stop,-16.600000000002183,-2218.088111912142
2025-12-19,first,-1,380081,2025-12-19 09:20:00,25989.0,25992.1,3.099999999998545,380082,2025-12-19 09:21:00,25992.1,stop,-3.099999999998545,-1343.2494217709054
2025-12-19,reverse,1,380082,2025-12-19 09:21:00,25992.1,25989.0,3.099999999998545,380084,2025-12-19 09:23:00,25998.299999999996,target,6.19999999999709,-738.8833753441891
2025-12-22,first,1,380456,2025-12-22 09:20:00,26175.0,26028.5,146.5,380821,2025-12-22 15:25:00,26197.4,eod,22.400000000001455,310.75437563609455
2025-12-23,first,1,380831,2025-12-23 09:20:00,26209.0,26191.1,17.900000000001455,380836,2025-12-23 09:25:00,26191.1,stop,-17.900000000001455,-2308.7468043610947
2025-12-23,reverse,-1,380836,2025-12-23 09:25:00,26191.1,26209.0,17.900000000001455,380868,2025-12-23 09:57:00,26209.0,stop,-17.900000000001455,-2308.7468043610947
2025-12-26,first,-1,381581,2025-12-26 09:20:00,26137.7,26143.5,5.799999999999272,381583,2025-12-26 09:22:00,26126.100000000002,target,11.599999999998545,-390.25352231809467
2025-12-29,first,-1,381956,2025-12-29 09:20:00,26060.0,26080.0,20.0,381964,2025-12-29 09:28:00,26080.0,stop,-20.0,-2443.0097254
2025-12-29,reverse,1,381964,2025-12-29 09:28:00,26080.0,26060.0,20.0,381993,2025-12-29 09:57:00,26060.0,stop,-20.0,-2443.0097254
2025-12-30,first,-1,382331,2025-12-30 09:20:00,25899.0,25967.1,68.09999999999854,382392,2025-12-30 10:21:00,25967.1,stop,-68.09999999999854,-5566.885506620905
2025-12-30,reverse,1,382392,2025-12-30 10:21:00,25967.1,25899.0,68.09999999999854,382465,2025-12-30 11:34:00,25899.0,stop,-68.09999999999854,-5566.885506620905
2025-12-31,first,1,382706,2025-12-31 09:20:00,26167.1,25935.8,231.29999999999927,383071,2025-12-31 15:25:00,26292.4,eod,125.30000000000291,6997.907391205189
2026-01-01,first,-1,383081,2026-01-01 09:20:00,26308.9,26339.6,30.69999999999709,383446,2026-01-01 15:25:00,26289.5,eod,19.400000000001455,113.83880977609454
2026-01-02,first,-1,383456,2026-01-02 09:20:00,26325.3,26329.8,4.5,383457,2026-01-02 09:21:00,26329.8,stop,-4.5,-1440.006364911
2026-01-02,reverse,1,383457,2026-01-02 09:21:00,26329.8,26325.3,4.5,383458,2026-01-02 09:22:00,26325.3,stop,-4.5,-1440.006364911
2026-01-05,first,1,383831,2026-01-05 09:20:00,26452.8,26452.0,0.7999999999992724,383832,2026-01-05 09:21:00,26447.0,stop,-5.799999999999272,-1526.5918282779528
2026-01-05,reverse,-1,383832,2026-01-05 09:21:00,26447.0,26447.8,0.7999999999992724,383833,2026-01-05 09:22:00,26454.9,stop,-7.900000000001455,-1663.0975058590946
2026-01-06,first,-1,384206,2026-01-06 09:20:00,26329.6,26381.0,51.400000000001455,384245,2026-01-06 09:59:00,26381.0,stop,-51.400000000001455,-4488.7067252660945
2026-01-06,reverse,1,384245,2026-01-06 09:59:00,26381.0,26329.6,51.400000000001455,384284,2026-01-06 10:38:00,26329.6,stop,-51.400000000001455,-4488.7067252660945
2026-01-07,first,-1,384581,2026-01-07 09:20:00,26240.0,26285.0,45.0,384636,2026-01-07 10:15:00,26285.0,stop,-45.0,-4071.15661525
2026-01-07,reverse,1,384636,2026-01-07 10:15:00,26285.0,26240.0,45.0,384649,2026-01-07 10:28:00,26240.0,stop,-45.0,-4071.15661525
2026-01-08,first,1,384956,2026-01-08 09:20:00,26196.0,26172.0,24.0,384962,2026-01-08 09:26:00,26172.0,stop,-24.0,-2704.93654848
2026-01-08,reverse,-1,384962,2026-01-08 09:26:00,26172.0,26196.0,24.0,384991,2026-01-08 09:55:00,26196.0,stop,-24.0,-2704.93654848
2026-01-09,first,-1,385331,2026-01-09 09:20:00,26014.0,26030.9,16.900000000001455,385333,2026-01-09 09:22:00,25980.199999999997,target,33.80000000000291,1054.9226609381892
2026-01-14,first,-1,386456,2026-01-14 09:20:00,25762.0,25775.0,13.0,386457,2026-01-14 09:21:00,25775.0,stop,-13.0,-1982.8928485699998
2026-01-14,reverse,1,386457,2026-01-14 09:21:00,25775.0,25762.0,13.0,386459,2026-01-14 09:23:00,25801.0,target,26.0,551.54541064
2026-01-16,first,-1,386831,2026-01-16 09:20:00,25798.0,25811.0,13.0,386836,2026-01-16 09:25:00,25772.0,target,26.0,551.5967322999999
2026-01-19,first,-1,387206,2026-01-19 09:20:00,25615.7,25628.3,12.599999999998545,387216,2026-01-19 09:30:00,25590.500000000004,target,25.19999999999709,502.71321561781076
2026-01-20,first,1,387581,2026-01-20 09:20:00,25579.0,25567.1,11.900000000001455,387582,2026-01-20 09:21:00,25567.1,stop,-11.900000000001455,-1908.0556774210947
2026-01-20,reverse,-1,387582,2026-01-20 09:21:00,25567.1,25579.0,11.900000000001455,387586,2026-01-20 09:25:00,25543.299999999996,target,23.80000000000291,412.5408414561891
2026-01-21,first,-1,387956,2026-01-21 09:20:00,25263.8,25325.0,61.20000000000073,388022,2026-01-21 10:26:00,25141.399999999998,target,122.40000000000146,6826.996037228095
2026-01-23,first,1,388706,2026-01-23 09:20:00,25300.8,25287.5,13.299999999999272,388708,2026-01-23 09:22:00,25327.399999999998,target,26.599999999998545,598.6490121979054
2026-01-27,first,-1,389081,2026-01-27 09:20:00,25014.9,25087.5,72.59999999999854,389099,2026-01-27 09:38:00,25087.5,stop,-72.59999999999854,-5844.2731796639055
2026-01-27,reverse,1,389099,2026-01-27 09:38:00,25087.5,25014.9,72.59999999999854,389172,2026-01-27 10:51:00,25014.9,stop,-72.59999999999854,-5844.2731796639055
2026-01-28,first,1,389456,2026-01-28 09:20:00,25479.0,25430.0,49.0,389471,2026-01-28 09:35:00,25430.0,stop,-49.0,-4317.31058149
2026-01-28,reverse,-1,389471,2026-01-28 09:35:00,25430.0,25479.0,49.0,389584,2026-01-28 11:28:00,25479.0,stop,-49.0,-4317.31058149
2026-02-01,first,-1,390581,2026-02-01 09:20:00,25387.9,25426.4,38.5,390636,2026-02-01 10:15:00,25426.4,stop,-38.5,-3634.061979623
2026-02-01,reverse,1,390636,2026-02-01 10:15:00,25426.4,25387.9,38.5,390690,2026-02-01 11:09:00,25503.4,target,77.0,3871.774403422
2026-02-04,first,1,391706,2026-02-04 09:20:00,25797.8,25712.5,85.29999999999927,392071,2026-02-04 15:25:00,25833.3,eod,35.5,1168.518531729
2026-02-05,first,-1,392081,2026-02-05 09:20:00,25769.9,25812.1,42.19999999999709,392370,2026-02-05 14:09:00,25685.500000000007,target,84.39999999999418,4348.235336005621
2026-02-06,first,1,392456,2026-02-06 09:20:00,25664.0,25635.0,29.0,392473,2026-02-06 09:37:00,25635.0,stop,-29.0,-3020.76348939
2026-02-06,reverse,-1,392473,2026-02-06 09:37:00,25635.0,25664.0,29.0,392526,2026-02-06 10:30:00,25577.0,target,58.0,2634.47172468
2026-02-09,first,1,392831,2026-02-09 09:20:00,25879.9,25726.1,153.8000000000029,393196,2026-02-09 15:25:00,25911.0,eod,31.099999999998545,881.1774048509054
2026-02-10,first,1,393206,2026-02-10 09:20:00,25973.8,25901.0,72.79999999999927,393571,2026-02-10 15:25:00,25968.0,eod,-5.799999999999272,-1518.3974698979528
2026-02-11,first,-1,393581,2026-02-11 09:20:00,26047.0,26068.0,21.0,393599,2026-02-11 09:38:00,26005.0,target,42.0,1587.38029228
2026-02-12,first,-1,393956,2026-02-12 09:20:00,25913.0,25921.3,8.299999999999272,393958,2026-02-12 09:22:00,25921.3,stop,-8.299999999999272,-1679.9633318229528
2026-02-12,reverse,1,393958,2026-02-12 09:22:00,25921.3,25913.0,8.299999999999272,393959,2026-02-12 09:23:00,25905.8,stop,-15.5,-2147.859625831
2026-02-13,first,-1,394331,2026-02-13 09:20:00,25667.7,25686.0,18.299999999999272,394341,2026-02-13 09:30:00,25631.100000000002,target,36.599999999998545,1242.8544613319054
2026-02-16,first,-1,394706,2026-02-16 09:20:00,25500.0,25539.5,39.5,394719,2026-02-16 09:33:00,25539.5,stop,-39.5,-3700.982402595
2026-02-16,reverse,1,394719,2026-02-16 09:33:00,25539.5,25500.0,39.5,394730,2026-02-16 09:44:00,25500.0,stop,-39.5,-3700.982402595
2026-02-18,first,1,395456,2026-02-18 09:20:00,25742.2,25725.4,16.799999999999272,395459,2026-02-18 09:23:00,25725.4,stop,-16.799999999999272,-2229.2769980359526
2026-02-18,reverse,-1,395459,2026-02-18 09:23:00,25725.4,25742.2,16.799999999999272,395463,2026-02-18 09:27:00,25742.2,stop,-16.799999999999272,-2229.2769980359526
2026-02-19,first,1,395831,2026-02-19 09:20:00,25870.0,25837.1,32.900000000001455,395837,2026-02-19 09:26:00,25837.1,stop,-32.900000000001455,-3277.7314026310946
2026-02-19,reverse,-1,395837,2026-02-19 09:26:00,25837.1,25870.0,32.900000000001455,395885,2026-02-19 10:14:00,25771.299999999996,target,65.80000000000291,3138.035443676189
2026-02-20,first,-1,396206,2026-02-20 09:20:00,25471.4,25496.9,25.5,396215,2026-02-20 09:29:00,25420.4,target,51.0,2182.251540602
2026-02-23,first,1,396581,2026-02-23 09:20:00,25725.0,25635.8,89.20000000000073,396730,2026-02-23 11:49:00,25635.8,stop,-89.20000000000073,-6933.939932488047
2026-02-23,reverse,-1,396730,2026-02-23 11:49:00,25635.8,25725.0,89.20000000000073,396923,2026-02-23 15:02:00,25725.0,stop,-89.20000000000073,-6933.939932488047
2026-02-25,first,1,397331,2026-02-25 09:20:00,25719.0,25423.0,296.0,397696,2026-02-25 15:25:00,25626.6,eod,-92.40000000000146,-7141.791197616095
2026-02-26,first,1,397706,2026-02-26 09:20:00,25683.6,25670.0,13.599999999998545,397707,2026-02-26 09:21:00,25670.0,stop,-13.599999999998545,-2020.3206064959054
2026-02-26,reverse,-1,397707,2026-02-26 09:21:00,25670.0,25683.6,13.599999999998545,397708,2026-02-26 09:22:00,25642.800000000003,target,27.19999999999709,631.7897007918109
2026-02-27,first,1,398081,2026-02-27 09:20:00,25533.9,25520.0,13.900000000001455,398088,2026-02-27 09:27:00,25520.0,stop,-13.900000000001455,-2037.2553345790948
2026-02-27,reverse,-1,398088,2026-02-27 09:27:00,25520.0,25533.9,13.900000000001455,398091,2026-02-27 09:30:00,25492.199999999997,target,27.80000000000291,673.3574059581892
2026-03-02,first,-1,398456,2026-03-02 09:20:00,25080.0,25344.0,264.0,398821,2026-03-02 15:25:00,24971.3,eod,108.70000000000073,5939.603304807048
2026-03-05,first,-1,399206,2026-03-05 09:20:00,24671.0,24731.0,60.0,399239,2026-03-05 09:53:00,24731.0,stop,-60.0,-5019.35594122
2026-03-05,reverse,1,399239,2026-03-05 09:53:00,24731.0,24671.0,60.0,399269,2026-03-05 10:23:00,24671.0,stop,-60.0,-5019.35594122
2026-03-06,first,1,399581,2026-03-06 09:20:00,24719.0,24677.1,41.900000000001455,399671,2026-03-06 10:50:00,24677.1,stop,-41.900000000001455,-3842.9113599210946
2026-03-06,reverse,-1,399671,2026-03-06 10:50:00,24677.1,24719.0,41.900000000001455,399682,2026-03-06 11:01:00,24719.0,stop,-41.900000000001455,-3842.9113599210946
2026-03-09,first,-1,399956,2026-03-09 09:20:00,23870.2,24569.8,699.5999999999985,400321,2026-03-09 15:25:00,24099.7,eod,-229.5,-16023.614741339
2026-03-10,first,1,400331,2026-03-10 09:20:00,24236.6,24082.2,154.39999999999782,400696,2026-03-10 15:25:00,24415.0,eod,178.40000000000146,10481.668047724095
2026-03-11,first,1,400706,2026-03-11 09:20:00,24370.2,24306.0,64.20000000000073,400711,2026-03-11 09:25:00,24306.0,stop,-64.20000000000073,-5286.123161082047
2026-03-11,reverse,-1,400711,2026-03-11 09:25:00,24306.0,24370.2,64.20000000000073,400783,2026-03-11 10:37:00,24177.6,target,128.40000000000146,7233.397554204094
2026-03-12,first,-1,401081,2026-03-12 09:20:00,23677.8,23954.5,276.7000000000007,401446,2026-03-12 15:25:00,23715.0,eod,-37.20000000000073,-3520.3034080080474
2026-03-13,first,-1,401456,2026-03-13 09:20:00,23496.8,23537.5,40.70000000000073,401463,2026-03-13 09:27:00,23537.5,stop,-40.70000000000073,-3744.7164638230474
2026-03-13,reverse,1,401463,2026-03-13 09:27:00,23537.5,23496.8,40.70000000000073,401482,2026-03-13 09:46:00,23496.8,stop,-40.70000000000073,-3744.7164638230474
2026-03-16,first,1,401831,2026-03-16 09:20:00,23246.0,23203.1,42.900000000001455,401836,2026-03-16 09:25:00,23203.1,stop,-42.900000000001455,-3882.6980212510944
2026-03-16,reverse,-1,401836,2026-03-16 09:25:00,23203.1,23246.0,42.900000000001455,401839,2026-03-16 09:28:00,23246.0,stop,-42.900000000001455,-3882.6980212510944
2026-03-17,first,1,402206,2026-03-17 09:20:00,23406.5,23396.0,10.5,402208,2026-03-17 09:22:00,23427.5,target,21.0,267.13587925999997
2026-03-18,first,1,402581,2026-03-18 09:20:00,23753.9,23612.0,141.90000000000146,402946,2026-03-18 15:25:00,23765.8,eod,11.899999999997817,-330.17609611714187
2026-03-19,first,-1,402956,2026-03-19 09:20:00,23285.0,23776.9,491.90000000000146,403321,2026-03-19 15:25:00,23120.0,eod,165.0,9629.96297795
2026-03-23,first,-1,403706,2026-03-23 09:20:00,22715.7,22720.0,4.299999999999272,403707,2026-03-23 09:21:00,22720.0,stop,-4.299999999999272,-1365.2556028769527
2026-03-23,reverse,1,403707,2026-03-23 09:21:00,22720.0,22715.7,4.299999999999272,403708,2026-03-23 09:22:00,22728.6,target,8.599999999998545,-526.9414094460946
2026-03-24,first,-1,404081,2026-03-24 09:20:00,22770.2,22888.2,118.0,404266,2026-03-24 12:25:00,22888.2,stop,-118.0,-8756.995346824
2026-03-24,reverse,1,404266,2026-03-24 12:25:00,22888.2,22770.2,118.0,404446,2026-03-24 15:25:00,22958.9,eod,70.70000000000073,3505.7866919690473
2026-03-27,first,-1,404831,2026-03-27 09:20:00,23071.6,23315.2,243.60000000000218,405196,2026-03-27 15:25:00,22808.9,eod,262.6999999999971,15984.37780139481
2026-03-30,first,-1,405206,2026-03-30 09:20:00,22498.1,22525.0,26.900000000001455,405208,2026-03-30 09:22:00,22525.0,stop,-26.900000000001455,-2830.5941733910945
2026-03-30,reverse,1,405208,2026-03-30 09:22:00,22525.0,22498.1,26.900000000001455,405215,2026-03-30 09:29:00,22578.800000000003,target,53.80000000000291,2413.743455282189
2026-04-02,first,-1,405956,2026-04-02 09:20:00,22335.0,22387.9,52.900000000001455,405973,2026-04-02 09:37:00,22387.9,stop,-52.900000000001455,-4517.874279669095
2026-04-02,reverse,1,405973,2026-04-02 09:37:00,22387.9,22335.0,52.900000000001455,405985,2026-04-02 09:49:00,22335.0,stop,-52.900000000001455,-4517.874279669095
2026-04-06,first,1,406331,2026-04-06 09:20:00,22740.4,22675.0,65.40000000000146,406339,2026-04-06 09:28:00,22675.0,stop,-65.40000000000146,-5336.224529594095
2026-04-06,reverse,-1,406339,2026-04-06 09:28:00,22675.0,22740.4,65.40000000000146,406344,2026-04-06 09:33:00,22740.4,stop,-65.40000000000146,-5336.224529594095
2026-04-08,first,1,407081,2026-04-08 09:20:00,23928.1,23901.7,26.399999999997817,407084,2026-04-08 09:23:00,23901.7,stop,-26.399999999997817,-2822.1045155778584
2026-04-08,reverse,-1,407084,2026-04-08 09:23:00,23901.7,23928.1,26.399999999997817,407092,2026-04-08 09:31:00,23928.1,stop,-26.399999999997817,-2822.1045155778584
2026-04-09,first,1,407456,2026-04-09 09:20:00,23988.0,23891.2,96.79999999999927,407485,2026-04-09 09:49:00,23891.2,stop,-96.79999999999927,-7398.115223911953
2026-04-09,reverse,-1,407485,2026-04-09 09:49:00,23891.2,23988.0,96.79999999999927,407821,2026-04-09 15:25:00,23861.9,eod,29.299999999999272,798.7257013089527
2026-04-13,first,1,408206,2026-04-13 09:20:00,23650.0,23627.1,22.900000000001455,408228,2026-04-13 09:42:00,23695.800000000003,target,45.80000000000291,1874.613061662189
2026-04-15,first,1,408581,2026-04-15 09:20:00,24269.9,23839.3,430.6000000000022,408946,2026-04-15 15:25:00,24230.0,eod,-39.900000000001455,-3705.2573146390946
2026-04-16,first,1,408956,2026-04-16 09:20:00,24375.0,24220.0,155.0,409104,2026-04-16 11:48:00,24220.0,stop,-155.0,-11186.89742795
2026-04-16,reverse,-1,409104,2026-04-16 11:48:00,24220.0,24375.0,155.0,409321,2026-04-16 15:25:00,24194.5,eod,25.5,546.0905736550001
2026-04-17,first,1,409331,2026-04-17 09:20:00,24213.3,24100.0,113.29999999999927,409696,2026-04-17 15:25:00,24368.0,eod,154.70000000000073,8941.908011507046
2026-04-20,first,1,409706,2026-04-20 09:20:00,24360.0,24267.0,93.0,410071,2026-04-20 15:25:00,24312.9,eod,-47.099999999998545,-4174.694969168905
2026-04-22,first,1,410456,2026-04-22 09:20:00,24467.5,24429.6,37.900000000001455,410464,2026-04-22 09:28:00,24429.6,stop,-37.900000000001455,-3578.6665085310947
2026-04-22,reverse,-1,410464,2026-04-22 09:28:00,24429.6,24467.5,37.900000000001455,410496,2026-04-22 10:00:00,24353.799999999996,target,75.80000000000291,3812.1408919261894
2026-04-23,first,-1,410831,2026-04-23 09:20:00,24190.9,24390.1,199.1999999999971,411196,2026-04-23 15:25:00,24160.0,eod,30.900000000001455,897.6029932510946
2026-04-24,first,-1,411206,2026-04-24 09:20:00,24117.0,24155.0,38.0,411218,2026-04-24 09:32:00,24041.0,target,76.0,3830.48914962
2026-04-27,first,1,411581,2026-04-27 09:20:00,24060.9,24015.0,45.900000000001455,411715,2026-04-27 11:34:00,24015.0,stop,-45.900000000001455,-4091.5954839990945
2026-04-27,reverse,-1,411715,2026-04-27 11:34:00,24015.0,24060.9,45.900000000001455,411760,2026-04-27 12:19:00,24060.9,stop,-45.900000000001455,-4091.5954839990945
2026-04-28,first,-1,411956,2026-04-28 09:20:00,24090.4,24133.0,42.599999999998545,411962,2026-04-28 09:26:00,24133.0,stop,-42.599999999998545,-3878.3764464739056
2026-04-28,reverse,1,411962,2026-04-28 09:26:00,24133.0,24090.4,42.599999999998545,411971,2026-04-28 09:35:00,24090.4,stop,-42.599999999998545,-3878.3764464739056
2026-06-01,first,-1,412706,2026-06-01 09:20:00,23695.9,23715.0,19.099999999998545,412710,2026-06-01 09:24:00,23657.700000000004,target,38.19999999999709,1380.5908035038108
2026-06-02,first,-1,413081,2026-06-02 09:20:00,23353.9,23469.8,115.89999999999782,413285,2026-06-02 12:44:00,23469.8,stop,-115.89999999999782,-8630.475153556858
2026-06-02,reverse,1,413285,2026-06-02 12:44:00,23469.8,23353.9,115.89999999999782,413446,2026-06-02 15:25:00,23614.9,eod,145.10000000000218,8330.765504233143
2026-06-04,first,1,413831,2026-06-04 09:20:00,23418.0,23326.0,92.0,414196,2026-06-04 15:25:00,23530.5,eod,112.5,6213.121215915
2026-06-05,first,1,414206,2026-06-05 09:20:00,23520.0,23501.0,19.0,414247,2026-06-05 10:01:00,23501.0,stop,-19.0,-2334.22964581
2026-06-05,reverse,-1,414247,2026-06-05 10:01:00,23501.0,23520.0,19.0,414248,2026-06-05 10:02:00,23520.0,stop,-19.0,-2334.22964581
2026-06-08,first,1,414581,2026-06-08 09:20:00,23189.0,23179.9,9.099999999998545,414584,2026-06-08 09:23:00,23207.199999999997,target,18.19999999999709,88.89702971781088
2026-06-09,first,-1,414956,2026-06-09 09:20:00,23260.6,23260.9,0.3000000000029104,414957,2026-06-09 09:21:00,23260.9,stop,-0.3000000000029104,-1114.5665126151891
2026-06-09,reverse,1,414957,2026-06-09 09:21:00,23260.9,23260.6,0.3000000000029104,414958,2026-06-09 09:22:00,23256.5,stop,-4.400000000001455,-1381.0074578140946
2026-06-10,first,1,415331,2026-06-10 09:20:00,23340.0,23239.6,100.40000000000146,415684,2026-06-10 15:13:00,23239.5,stop,-100.5,-7627.476451995
2026-06-10,reverse,-1,415684,2026-06-10 15:13:00,23239.5,23339.9,100.40000000000146,415696,2026-06-10 15:25:00,23249.0,eod,-9.5,-1712.230423485
2026-06-11,first,-1,415706,2026-06-11 09:20:00,23150.0,23249.0,99.0,415833,2026-06-11 11:27:00,23249.0,stop,-99.0,-7528.44130039
2026-06-11,reverse,1,415833,2026-06-11 11:27:00,23249.0,23150.0,99.0,416071,2026-06-11 15:25:00,23216.2,eod,-32.79999999999927,-3226.394819371953
2026-06-12,first,-1,416081,2026-06-12 09:20:00,23463.0,23475.0,12.0,416087,2026-06-12 09:26:00,23439.0,target,24.0,461.53668378000003
2026-06-15,first,1,416456,2026-06-15 09:20:00,23960.5,23666.2,294.2999999999993,416821,2026-06-15 15:25:00,23923.2,eod,-37.29999999999927,-3531.0017901569527
2026-06-16,first,-1,416831,2026-06-16 09:20:00,23952.0,23970.0,18.0,416841,2026-06-16 09:30:00,23970.0,stop,-18.0,-2276.94229842
2026-06-16,reverse,1,416841,2026-06-16 09:30:00,23970.0,23952.0,18.0,416852,2026-06-16 09:41:00,23952.0,stop,-18.0,-2276.94229842
2026-06-17,first,1,417206,2026-06-17 09:20:00,24013.0,23992.2,20.799999999999272,417208,2026-06-17 09:22:00,23992.2,stop,-20.799999999999272,-2459.6375787719526
2026-06-17,reverse,-1,417208,2026-06-17 09:22:00,23992.2,24013.0,20.799999999999272,417213,2026-06-17 09:27:00,24013.0,stop,-20.799999999999272,-2459.6375787719526
2026-06-18,first,1,417581,2026-06-18 09:20:00,24094.5,24075.0,19.5,417598,2026-06-18 09:37:00,24075.0,stop,-19.5,-2376.550541895
2026-06-18,reverse,-1,417598,2026-06-18 09:37:00,24075.0,24094.5,19.5,417601,2026-06-18 09:40:00,24094.5,stop,-19.5,-2376.550541895
2026-06-19,first,1,417956,2026-06-19 09:20:00,24023.2,23992.5,30.700000000000728,417961,2026-06-19 09:25:00,23992.5,stop,-30.700000000000728,-3103.169476677047
2026-06-19,reverse,-1,417961,2026-06-19 09:25:00,23992.5,24023.2,30.700000000000728,417990,2026-06-19 09:54:00,24023.2,stop,-30.700000000000728,-3103.169476677047
2026-06-22,first,1,418331,2026-06-22 09:20:00,24142.3,24070.3,72.0,418696,2026-06-22 15:25:00,24115.0,eod,-27.299999999999272,-2884.2559188529526
2026-06-23,first,-1,418706,2026-06-23 09:20:00,24097.2,24125.0,27.799999999999272,418722,2026-06-23 09:36:00,24127.0,stop,-29.799999999999272,-3046.4581693619525
2026-06-23,reverse,1,418722,2026-06-23 09:36:00,24127.0,24099.2,27.799999999999272,418851,2026-06-23 11:45:00,24099.2,stop,-27.799999999999272,-2916.4869765819526
2026-06-24,first,-1,419081,2026-06-24 09:20:00,23860.8,23889.9,29.100000000002183,419084,2026-06-24 09:23:00,23889.9,stop,-29.100000000002183,-2996.9121300271418
2026-06-24,reverse,1,419084,2026-06-24 09:23:00,23889.9,23860.8,29.100000000002183,419106,2026-06-24 09:45:00,23860.8,stop,-29.100000000002183,-2996.9121300271418
2026-06-25,first,-1,419456,2026-06-25 09:20:00,24134.0,24150.0,16.0,419458,2026-06-25 09:22:00,24150.0,stop,-16.0,-2150.05040524
2026-06-25,reverse,1,419458,2026-06-25 09:22:00,24150.0,24134.0,16.0,419467,2026-06-25 09:31:00,24134.0,stop,-16.0,-2150.05040524
2026-06-29,first,-1,419831,2026-06-29 09:20:00,24107.9,24110.0,2.099999999998545,419832,2026-06-29 09:21:00,24110.0,stop,-2.099999999998545,-1246.0663266189054
2026-06-29,reverse,1,419832,2026-06-29 09:21:00,24110.0,24107.9,2.099999999998545,419833,2026-06-29 09:22:00,24114.199999999997,target,4.19999999999709,-836.6570693621891
2026-06-30,first,-1,420206,2026-06-30 09:20:00,23950.0,24025.0,75.0,420571,2026-06-30 15:25:00,23863.1,eod,86.90000000000146,4541.875524709095
2026-07-03,first,1,421331,2026-07-03 09:20:00,24379.8,24366.1,13.700000000000728,421336,2026-07-03 09:25:00,24407.2,target,27.400000000001455,666.3932389300946
2026-07-06,first,-1,421706,2026-07-06 09:20:00,24392.0,24410.1,18.099999999998545,421716,2026-07-06 09:30:00,24410.1,stop,-18.099999999998545,-2290.9697455809055
2026-07-06,reverse,1,421716,2026-07-06 09:30:00,24410.1,24392.0,18.099999999998545,421732,2026-07-06 09:46:00,24446.299999999996,target,36.19999999999709,1237.7481383958109
2026-07-08,first,-1,422456,2026-07-08 09:20:00,24311.6,24320.0,8.400000000001455,422458,2026-07-08 09:22:00,24294.799999999996,target,16.80000000000291,-20.999969103810884
2026-07-09,first,-1,422831,2026-07-09 09:20:00,24030.5,24037.5,7.0,422832,2026-07-09 09:21:00,24037.5,stop,-7.0,-1563.2554754799999
2026-07-09,reverse,1,422832,2026-07-09 09:21:00,24037.5,24030.5,7.0,422833,2026-07-09 09:22:00,24025.6,stop,-11.900000000001455,-1881.6848977910945
2026-07-10,first,-1,423206,2026-07-10 09:20:00,24191.0,24218.9,27.900000000001455,423219,2026-07-10 09:33:00,24218.9,stop,-27.900000000001455,-2924.5576897390947
2026-07-10,reverse,1,423219,2026-07-10 09:33:00,24218.9,24191.0,27.900000000001455,423335,2026-07-10 11:29:00,24191.0,stop,-27.900000000001455,-2924.5576897390947
2026-07-13,first,1,423581,2026-07-13 09:20:00,24057.1,24041.4,15.69999999999709,423584,2026-07-13 09:23:00,24041.4,stop,-15.69999999999709,-2128.9654655848108
2026-07-13,reverse,-1,423584,2026-07-13 09:23:00,24041.4,24057.1,15.69999999999709,423597,2026-07-13 09:36:00,24057.1,stop,-15.69999999999709,-2128.9654655848108
2026-07-14,first,-1,423956,2026-07-14 09:20:00,24128.0,24134.2,6.200000000000728,423957,2026-07-14 09:21:00,24134.2,stop,-6.200000000000728,-1512.9212665420473
2026-07-14,reverse,1,423957,2026-07-14 09:21:00,24134.2,24128.0,6.200000000000728,423958,2026-07-14 09:22:00,24128.0,stop,-6.200000000000728,-1512.9212665420473
2026-07-22,first,-1,426206,2026-07-22 09:20:00,24082.5,24185.0,102.5,426571,2026-07-22 15:25:00,23990.0,eod,92.5,4903.623958275
2026-07-23,first,1,426581,2026-07-23 09:20:00,23950.6,23897.0,53.599999999998545,426597,2026-07-23 09:36:00,23897.0,stop,-53.599999999998545,-4590.097649835905
2026-07-23,reverse,-1,426597,2026-07-23 09:36:00,23897.0,23950.6,53.599999999998545,426620,2026-07-23 09:59:00,23950.6,stop,-53.599999999998545,-4590.097649835905
2026-07-24,first,1,426956,2026-07-24 09:20:00,23772.9,23693.0,79.90000000000146,426972,2026-07-24 09:36:00,23693.0,stop,-79.90000000000146,-6296.178881899094
2026-07-24,reverse,-1,426972,2026-07-24 09:36:00,23693.0,23772.9,79.90000000000146,427141,2026-07-24 12:25:00,23772.9,stop,-79.90000000000146,-6296.178881899094
2026-07-27,first,1,427331,2026-07-27 09:20:00,23951.8,23923.0,28.799999999999272,427397,2026-07-27 10:26:00,23923.0,stop,-28.799999999999272,-2978.4753880279527
2026-07-27,reverse,-1,427397,2026-07-27 10:26:00,23923.0,23951.8,28.799999999999272,427430,2026-07-27 10:59:00,23951.8,stop,-28.799999999999272,-2978.4753880279527
2026-07-28,first,1,427706,2026-07-28 09:20:00,24033.9,23970.4,63.5,427754,2026-07-28 10:08:00,23970.4,stop,-63.5,-5234.880085523
2026-07-28,reverse,-1,427754,2026-07-28 10:08:00,23970.4,24033.9,63.5,427853,2026-07-28 11:47:00,24033.9,stop,-63.5,-5234.880085523
2026-07-29,first,-1,428081,2026-07-29 09:20:00,24262.7,24275.0,12.299999999999272,428099,2026-07-29 09:38:00,24275.0,stop,-12.299999999999272,-1911.7421010969529
2026-07-29,reverse,1,428099,2026-07-29 09:38:00,24275.0,24262.7,12.299999999999272,428120,2026-07-29 09:59:00,24262.7,stop,-12.299999999999272,-1911.7421010969529
2026-07-31,first,1,428831,2026-07-31 09:20:00,24415.0,24355.0,60.0,429196,2026-07-31 15:25:00,24442.0,eod,27.0,639.7968262300001
2026-08-05,first,1,429956,2026-08-05 09:20:00,24717.8,24546.6,171.20000000000073,430321,2026-08-05 15:25:00,24640.8,eod,-77.0,-6123.885264546
2026-08-06,first,1,430331,2026-08-06 09:20:00,24709.1,24693.1,16.0,430359,2026-08-06 09:48:00,24741.1,target,32.0,959.693574778
2026-08-07,first,1,430706,2026-08-07 09:20:00,24670.9,24652.0,18.900000000001455,430764,2026-08-07 10:18:00,24652.0,stop,-18.900000000001455,-2347.4197856690944
2026-08-07,reverse,-1,430764,2026-08-07 10:18:00,24652.0,24670.9,18.900000000001455,430992,2026-08-07 14:06:00,24614.199999999997,target,37.80000000000291,1338.2335090181891
2026-08-10,first,1,431081,2026-08-10 09:20:00,24674.0,24625.6,48.400000000001455,431091,2026-08-10 09:30:00,24625.6,stop,-48.400000000001455,-4264.547911556095
2026-08-10,reverse,-1,431091,2026-08-10 09:30:00,24625.6,24674.0,48.400000000001455,431166,2026-08-10 10:45:00,24674.0,stop,-48.400000000001455,-4264.547911556095
2026-08-11,first,-1,431456,2026-08-11 09:20:00,24568.0,24589.8,21.799999999999272,431559,2026-08-11 11:03:00,24524.4,target,43.599999999998545,1716.6861964359055
2026-08-12,first,1,431831,2026-08-12 09:20:00,24500.0,24480.1,19.900000000001455,431833,2026-08-12 09:22:00,24480.1,stop,-19.900000000001455,-2409.4817581610946
2026-08-12,reverse,-1,431833,2026-08-12 09:22:00,24480.1,24500.0,19.900000000001455,431835,2026-08-12 09:24:00,24500.0,stop,-19.900000000001455,-2409.4817581610946
2026-08-17,first,1,432956,2026-08-17 09:20:00,24360.2,24344.0,16.200000000000728,432959,2026-08-17 09:23:00,24344.0,stop,-16.200000000000728,-2166.6434621620474
2026-08-17,reverse,-1,432959,2026-08-17 09:23:00,24344.0,24360.2,16.200000000000728,432962,2026-08-17 09:26:00,24360.2,stop,-16.200000000000728,-2166.6434621620474
2026-08-18,first,-1,433331,2026-08-18 09:20:00,24280.0,24422.0,142.0,433696,2026-08-18 15:25:00,24229.0,eod,51.0,2202.63308251
2026-08-19,first,-1,433706,2026-08-19 09:20:00,24157.7,24234.3,76.59999999999854,434071,2026-08-19 15:25:00,24116.0,eod,41.70000000000073,1600.2001519430473
2026-08-20,first,1,434081,2026-08-20 09:20:00,24248.0,24116.0,132.0,434446,2026-08-20 15:25:00,24295.0,eod,47.0,1942.36565977
2026-08-25,first,1,435206,2026-08-25 09:20:00,24199.0,24139.4,59.599999999998545,435269,2026-08-25 10:23:00,24139.4,stop,-59.599999999998545,-4984.260661623905
2026-08-25,reverse,-1,435269,2026-08-25 10:23:00,24139.4,24199.0,59.599999999998545,435361,2026-08-25 11:55:00,24199.0,stop,-59.599999999998545,-4984.260661623905
2026-08-26,first,1,435581,2026-08-26 09:20:00,24521.0,24500.0,21.0,435603,2026-08-26 09:42:00,24563.0,target,42.0,1612.76740676
2026-08-27,first,-1,435956,2026-08-27 09:20:00,24397.0,24411.2,14.200000000000728,435964,2026-08-27 09:28:00,24368.6,target,28.400000000001455,731.5704361840947
2026-08-28,first,-1,436331,2026-08-28 09:20:00,24281.2,24302.1,20.899999999997817,436336,2026-08-28 09:25:00,24302.1,stop,-20.899999999997817,-2471.0818357128583
2026-08-28,reverse,1,436336,2026-08-28 09:25:00,24302.1,24281.2,20.899999999997817,436354,2026-08-28 09:43:00,24343.899999999994,target,41.799999999995634,1603.5150579397164
2026-09-02,first,-1,437456,2026-09-02 09:20:00,23980.0,24110.9,130.90000000000146,437821,2026-09-02 15:25:00,24000.4,eod,-20.400000000001455,-2433.4277892440946
2026-09-03,first,1,437831,2026-09-03 09:20:00,24100.9,24090.0,10.900000000001455,437833,2026-09-03 09:22:00,24090.0,stop,-10.900000000001455,-1817.7838991490946
2026-09-03,reverse,-1,437833,2026-09-03 09:22:00,24090.0,24100.9,10.900000000001455,437834,2026-09-03 09:23:00,24100.9,stop,-10.900000000001455,-1817.7838991490946
2026-09-07,first,-1,438581,2026-09-07 09:20:00,23944.1,23955.4,11.30000000000291,438616,2026-09-07 09:55:00,23921.499999999993,target,22.60000000000582,362.3026151843784
2026-09-08,first,-1,438956,2026-09-08 09:20:00,23790.0,23869.8,79.79999999999927,439321,2026-09-08 15:25:00,23750.0,eod,40.0,1495.9858806
2026-09-09,first,-1,439331,2026-09-09 09:20:00,23616.8,23754.0,137.20000000000073,439696,2026-09-09 15:25:00,23557.3,eod,59.5,2766.501571499
2026-09-10,first,-1,439706,2026-09-10 09:20:00,23547.9,23569.0,21.099999999998545,439754,2026-09-10 10:08:00,23505.700000000004,target,42.19999999999709,1643.1334865038107
2026-09-11,first,-1,440081,2026-09-11 09:20:00,23313.0,23322.0,9.0,440092,2026-09-11 09:31:00,23322.0,stop,-9.0,-1680.98645235
2026-09-11,reverse,1,440092,2026-09-11 09:31:00,23322.0,23313.0,9.0,440093,2026-09-11 09:32:00,23313.0,stop,-9.0,-1680.98645235
2026-09-15,first,-1,440456,2026-09-15 09:20:00,23516.0,23581.3,65.29999999999927,440539,2026-09-15 10:43:00,23385.4,target,130.59999999999854,7389.918205945905
2026-09-16,first,-1,440831,2026-09-16 09:20:00,23312.5,23333.0,20.5,440838,2026-09-16 09:27:00,23271.5,target,41.0,1569.15728176
2026-09-18,first,-1,441581,2026-09-18 09:20:00,23342.0,23380.0,38.0,441805,2026-09-18 13:04:00,23380.0,stop,-38.0,-3566.56096642
2026-09-18,reverse,1,441805,2026-09-18 13:04:00,23380.0,23342.0,38.0,441845,2026-09-18 13:44:00,23342.0,stop,-38.0,-3566.56096642
2026-09-21,first,1,441956,2026-09-21 09:20:00,23395.0,23360.0,35.0,442235,2026-09-21 13:59:00,23465.0,target,70.0,3451.6268354
2026-09-22,first,1,442331,2026-09-22 09:20:00,23440.0,23437.6,2.400000000001455,442332,2026-09-22 09:21:00,23444.800000000003,target,4.80000000000291,-786.2038741278109
2026-09-23,first,1,442706,2026-09-23 09:20:00,23430.0,23374.0,56.0,442740,2026-09-23 09:54:00,23374.0,stop,-56.0,-4737.15706244
2026-09-23,reverse,-1,442740,2026-09-23 09:54:00,23374.0,23430.0,56.0,442767,2026-09-23 10:21:00,23430.0,stop,-56.0,-4737.15706244
