day,leg,side,entry_i,entry_time,entry_px,stop,R,exit_i,exit_time,exit_px,exit_reason,gross_pts,r_mult,net
2021-10-04,first,1,380,2021-10-04 09:20:00,17611.25,17448.0,163.25,745,2021-10-04 15:25:00,17710.0,eod,98.75,0.6049004594180705,5418.9066152875
2021-10-05,first,1,755,2021-10-05 09:20:00,17662.0,17642.25,19.75,795,2021-10-05 10:00:00,17642.25,stop,-19.75,-1.0,-2282.7547483425
2021-10-05,reverse,-1,795,2021-10-05 10:00:00,17642.25,17662.0,19.75,806,2021-10-05 10:11:00,17662.0,stop,-19.75,-1.0,-2282.7547483425
2021-10-06,first,1,1130,2021-10-06 09:20:00,17840.7,17631.0,209.70000000000073,1458,2021-10-06 14:48:00,17631.0,stop,-209.70000000000073,-1.0,-14629.825842837048
2021-10-06,reverse,-1,1458,2021-10-06 14:48:00,17631.0,17840.7,209.70000000000073,1495,2021-10-06 15:25:00,17615.65,eod,15.349999999998545,0.0731998092513042,-0.9673954065946191
2021-10-07,first,-1,1505,2021-10-07 09:20:00,17776.15,17865.0,88.84999999999854,1660,2021-10-07 11:55:00,17865.0,stop,-88.84999999999854,-1.0,-6776.732224551405
2021-10-07,reverse,1,1660,2021-10-07 11:55:00,17865.0,17776.15,88.84999999999854,1870,2021-10-07 15:25:00,17816.1,eod,-48.900000000001455,-0.5503657850309764,-4180.557648771095
2021-10-08,first,-1,1880,2021-10-08 09:20:00,17852.8,17884.0,31.200000000000728,1909,2021-10-08 09:49:00,17884.0,stop,-31.200000000000728,-1.0,-3030.6376298480473
2021-10-08,reverse,1,1909,2021-10-08 09:49:00,17884.0,17852.8,31.200000000000728,2055,2021-10-08 12:15:00,17852.8,stop,-31.200000000000728,-1.0,-3030.6376298480473
2021-10-11,first,1,2255,2021-10-11 09:20:00,17902.0,17842.9,59.099999999998545,2365,2021-10-11 11:10:00,18020.199999999997,target,118.19999999999709,2.0,6677.902540857811
2021-10-12,first,-1,2630,2021-10-12 09:20:00,17952.25,18059.6,107.34999999999854,2995,2021-10-12 15:25:00,18006.25,eod,-54.0,-0.5030274802049439,-4514.400585185
2021-10-13,first,1,3005,2021-10-13 09:20:00,18063.55,17862.6,200.95000000000073,3370,2021-10-13 15:25:00,18172.6,eod,109.04999999999927,0.5426723065439109,6080.520662498453
2021-10-14,first,1,3380,2021-10-14 09:20:00,18268.1,17862.6,405.5,3745,2021-10-14 15:25:00,18356.45,eod,88.35000000000218,0.21787916152898196,4731.819535374642
2021-10-18,first,1,3755,2021-10-18 09:20:00,18449.6,18265.15,184.4499999999971,4120,2021-10-18 15:25:00,18491.55,eod,41.95000000000073,0.22743290864733742,1713.3829024485472
2021-10-20,first,-1,4505,2021-10-20 09:20:00,18391.65,18543.25,151.59999999999854,4870,2021-10-20 15:25:00,18326.5,eod,65.15000000000146,0.4297493403694069,3223.1546374785944
2021-10-21,first,1,4880,2021-10-21 09:20:00,18337.5,18251.15,86.34999999999854,4936,2021-10-21 10:16:00,18251.15,stop,-86.34999999999854,-1.0,-6622.351395026405
2021-10-21,reverse,-1,4936,2021-10-21 10:16:00,18251.15,18337.5,86.34999999999854,5185,2021-10-21 14:25:00,18078.450000000004,target,172.6999999999971,2.0,10216.59897514381
2021-10-22,first,1,5255,2021-10-22 09:20:00,18271.65,18077.5,194.15000000000146,5560,2021-10-22 14:25:00,18077.5,stop,-194.15000000000146,-1.0,-13626.672175431595
2021-10-22,reverse,-1,5560,2021-10-22 14:25:00,18077.5,18271.65,194.15000000000146,5620,2021-10-22 15:25:00,18147.0,eod,-69.5,-0.35797064125675754,-5524.085170445
2021-10-25,first,-1,5630,2021-10-25 09:20:00,18124.8,18318.0,193.20000000000073,5995,2021-10-25 15:25:00,18148.05,eod,-23.25,-0.12034161490683185,-2518.5192999885003
2021-10-26,first,-1,6005,2021-10-26 09:20:00,18225.2,18234.35,9.149999999997817,6009,2021-10-26 09:24:00,18237.0,stop,-11.799999999999272,-1.289617486339026,-1775.9559085419528
2021-10-26,reverse,1,6009,2021-10-26 09:24:00,18237.0,18227.850000000002,9.149999999997817,6010,2021-10-26 09:25:00,18225.6,stop,-11.400000000001455,-1.2459016393447186,-1749.9616699860946
2021-10-27,first,1,6380,2021-10-27 09:20:00,18298.0,18108.1,189.90000000000146,6745,2021-10-27 15:25:00,18188.65,eod,-109.34999999999854,-0.5758293838862438,-8116.344376806405
2021-10-28,first,-1,6755,2021-10-28 09:20:00,18145.1,18344.9,199.8000000000029,7120,2021-10-28 15:25:00,17854.05,eod,291.0499999999993,1.456706706706682,17911.48316806845
2021-10-29,first,-1,7130,2021-10-29 09:20:00,17706.55,18344.9,638.3500000000022,7495,2021-10-29 15:25:00,17744.3,eod,-37.75,-0.05913683715829854,-3453.9034075685
2021-11-01,first,-1,7505,2021-11-01 09:20:00,17821.1,17944.0,122.90000000000146,7758,2021-11-01 13:33:00,17944.0,stop,-122.90000000000146,-1.0,-8990.843252011095
2021-11-01,reverse,1,7758,2021-11-01 13:33:00,17944.0,17821.1,122.90000000000146,7870,2021-11-01 15:25:00,18022.0,eod,78.0,0.6346623270951919,4064.76306274
2021-11-02,first,1,7880,2021-11-02 09:20:00,18008.5,17659.25,349.25,8245,2021-11-02 15:25:00,17921.25,eod,-87.25,-0.24982104509663564,-6675.2101563975
2021-11-03,first,-1,8255,2021-11-03 09:20:00,17986.15,17986.8,0.6499999999978172,8256,2021-11-03 09:21:00,17984.850000000006,target,1.2999999999956344,2.0,-920.3310103102838
2021-11-08,first,-1,8630,2021-11-08 09:20:00,17940.45,18019.8,79.34999999999854,8795,2021-11-08 12:05:00,18019.8,stop,-79.34999999999854,-1.0,-6162.017256502405
2021-11-08,reverse,1,8795,2021-11-08 12:05:00,18019.8,17940.45,79.34999999999854,8995,2021-11-08 15:25:00,18131.65,eod,111.85000000000218,1.4095778197858126,6263.228773265642
2021-11-09,first,1,9005,2021-11-09 09:20:00,18109.95,17770.0,339.9500000000007,9370,2021-11-09 15:25:00,18075.0,eod,-34.95000000000073,-0.10280923665245081,-3278.1989926695474
2021-11-10,first,-1,9380,2021-11-10 09:20:00,17934.2,18099.65,165.45000000000073,9745,2021-11-10 15:25:00,18019.75,eod,-85.54999999999927,-0.5170746449078205,-6564.927098759453
2021-11-11,first,1,9755,2021-11-11 09:20:00,17957.5,17925.2,32.29999999999927,9765,2021-11-11 09:30:00,17925.2,stop,-32.29999999999927,-1.0,-3103.3791665469525
2021-11-11,reverse,-1,9765,2021-11-11 09:30:00,17925.2,17957.5,32.29999999999927,9812,2021-11-11 10:17:00,17860.600000000002,target,64.59999999999854,2.0,3195.3828132619055
2021-11-12,first,1,10130,2021-11-12 09:20:00,17974.2,17807.1,167.10000000000218,10495,2021-11-12 15:25:00,18137.1,eod,162.89999999999782,0.9748653500897408,9581.523558206858
2021-11-15,first,1,10505,2021-11-15 09:20:00,18220.0,17807.1,412.90000000000146,10870,2021-11-15 15:25:00,18134.15,eod,-85.84999999999854,-0.20791959312181701,-6587.848498481405
2021-11-16,first,1,10880,2021-11-16 09:20:00,18110.45,18082.0,28.450000000000728,10896,2021-11-16 09:36:00,18082.0,stop,-28.450000000000728,-1.0,-2855.801169744547
2021-11-16,reverse,-1,10896,2021-11-16 09:36:00,18082.0,18110.45,28.450000000000728,11061,2021-11-16 12:21:00,18110.45,stop,-28.450000000000728,-1.0,-2855.801169744547
2021-11-17,first,-1,11255,2021-11-17 09:20:00,17934.0,18144.0,210.0,11620,2021-11-17 15:25:00,17903.75,eod,30.25,0.14404761904761904,962.3894007224999
2021-11-18,first,-1,11630,2021-11-18 09:20:00,17920.0,18025.0,105.0,11809,2021-11-18 12:19:00,17710.0,target,210.0,2.0,12646.864875700001
2021-11-23,first,1,12380,2021-11-23 09:20:00,17314.7,17301.55,13.150000000001455,12381,2021-11-23 09:21:00,17301.55,stop,-13.150000000001455,-1.0,-1847.9084746625945
2021-11-23,reverse,-1,12381,2021-11-23 09:21:00,17301.55,17314.7,13.150000000001455,12382,2021-11-23 09:22:00,17275.249999999996,target,26.30000000000291,2.0,716.4481827521893
2021-11-24,first,-1,12755,2021-11-24 09:20:00,17527.0,17550.0,23.0,12762,2021-11-24 09:27:00,17550.0,stop,-23.0,-1.0,-2492.04192797
2021-11-24,reverse,1,12762,2021-11-24 09:27:00,17550.0,17527.0,23.0,12802,2021-11-24 10:07:00,17527.0,stop,-23.0,-1.0,-2492.04192797
2021-11-25,first,-1,13130,2021-11-25 09:20:00,17429.0,17605.0,176.0,13495,2021-11-25 15:25:00,17534.75,eod,-105.75,-0.6008522727272727,-7869.3391441375
2021-11-26,first,1,13505,2021-11-26 09:20:00,17353.8,17320.5,33.29999999999927,13507,2021-11-26 09:22:00,17320.5,stop,-33.29999999999927,-1.0,-3158.037134222953
2021-11-26,reverse,-1,13507,2021-11-26 09:22:00,17320.5,17353.8,33.29999999999927,13518,2021-11-26 09:33:00,17353.8,stop,-33.29999999999927,-1.0,-3158.037134222953
2021-11-29,first,-1,13880,2021-11-29 09:20:00,16899.0,17558.0,659.0,14245,2021-11-29 15:25:00,17095.0,eod,-196.0,-0.29742033383915023,-13726.76631834
2021-11-30,first,-1,14255,2021-11-30 09:20:00,17199.95,17207.85,7.899999999997817,14256,2021-11-30 09:21:00,17207.85,stop,-7.899999999997817,-1.0,-1504.9061871578583
2021-11-30,reverse,1,14256,2021-11-30 09:21:00,17207.85,17199.95,7.899999999997817,14257,2021-11-30 09:22:00,17199.95,stop,-7.899999999997817,-1.0,-1504.9061871578583
2021-12-02,first,-1,15005,2021-12-02 09:20:00,17246.9,17250.0,3.099999999998545,15006,2021-12-02 09:21:00,17250.0,stop,-3.099999999998545,-1.0,-1193.6963938089054
2021-12-02,reverse,1,15006,2021-12-02 09:21:00,17250.0,17246.9,3.099999999998545,15007,2021-12-02 09:22:00,17246.9,stop,-3.099999999998545,-1.0,-1193.6963938089054
2021-12-03,first,1,15380,2021-12-03 09:20:00,17502.85,17311.5,191.34999999999854,15613,2021-12-03 13:13:00,17311.5,stop,-191.34999999999854,-1.0,-13431.560474803406
2021-12-03,reverse,-1,15613,2021-12-03 13:13:00,17311.5,17502.85,191.34999999999854,15745,2021-12-03 15:25:00,17245.35,eod,66.15000000000146,0.3457015939378205,3306.6357047715946
2021-12-06,first,-1,15755,2021-12-06 09:20:00,17206.0,17444.45,238.45000000000073,16120,2021-12-06 15:25:00,16955.05,eod,250.95000000000073,1.0524218913818408,15320.940143609547
2021-12-07,first,-1,16130,2021-12-07 09:20:00,17085.0,17444.45,359.4500000000007,16495,2021-12-07 15:25:00,17220.2,eod,-135.20000000000073,-0.3761301989150103,-9777.783881772048
2021-12-08,first,1,16505,2021-12-08 09:20:00,17410.0,16942.05,467.9500000000007,16870,2021-12-08 15:25:00,17510.6,eod,100.59999999999854,0.21498023293086524,5542.572796633905
2021-12-09,first,1,16880,2021-12-09 09:20:00,17530.0,17433.7,96.29999999999927,16940,2021-12-09 10:20:00,17433.7,stop,-96.29999999999927,-1.0,-7255.143998956953
2021-12-09,reverse,-1,16940,2021-12-09 10:20:00,17433.7,17530.0,96.29999999999927,17055,2021-12-09 12:15:00,17530.0,stop,-96.29999999999927,-1.0,-7255.143998956953
2021-12-10,first,-1,17255,2021-12-10 09:20:00,17514.45,17590.9,76.45000000000073,17620,2021-12-10 15:25:00,17542.8,eod,-28.349999999998545,-0.3708306082406576,-2839.5916966724053
2021-12-13,first,1,17630,2021-12-13 09:20:00,17678.15,17435.45,242.70000000000073,17849,2021-12-13 12:59:00,17435.45,stop,-242.70000000000073,-1.0,-16771.569745096047
2021-12-13,reverse,-1,17849,2021-12-13 12:59:00,17435.45,17678.15,242.70000000000073,17995,2021-12-13 15:25:00,17457.65,eod,-22.200000000000728,-0.09147095179233894,-2438.473599091047
2021-12-14,first,-1,18005,2021-12-14 09:20:00,17315.45,17688.0,372.5499999999993,18370,2021-12-14 15:25:00,17346.5,eod,-31.049999999999272,-0.0833445175144258,-3011.6946596394528
2021-12-15,first,-1,18380,2021-12-15 09:20:00,17330.2,17424.0,93.79999999999927,18745,2021-12-15 15:25:00,17258.0,eod,72.20000000000073,0.7697228144989476,3699.5821565980473
2021-12-20,first,-1,19505,2021-12-20 09:20:00,16764.85,17128.0,363.15000000000146,19870,2021-12-20 15:25:00,16635.1,eod,129.75,0.35729037587773504,7450.1593161805
2021-12-21,first,1,19880,2021-12-21 09:20:00,16812.65,16431.3,381.3500000000022,20245,2021-12-21 15:25:00,16807.0,eod,-5.650000000001455,-0.014815786023341873,-1351.9278219365947
2021-12-22,first,-1,20255,2021-12-22 09:20:00,16918.45,16955.0,36.54999999999927,20320,2021-12-22 10:25:00,16845.350000000002,target,73.09999999999854,2.0,3765.1284876819054
2021-12-23,first,1,20630,2021-12-23 09:20:00,17065.8,16862.05,203.75,20995,2021-12-23 15:25:00,17058.75,eod,-7.049999999999272,-0.03460122699386146,-1447.2383496254527
2021-12-24,first,-1,21005,2021-12-24 09:20:00,17084.05,17150.0,65.95000000000073,21051,2021-12-24 10:06:00,16952.149999999998,target,131.90000000000146,2.0,7584.454504318094
2021-12-28,first,1,21755,2021-12-28 09:20:00,17183.8,16842.4,341.3999999999978,22120,2021-12-28 15:25:00,17254.1,eod,70.29999999999927,0.2059168131224362,3577.378879180953
2021-12-29,first,-1,22130,2021-12-29 09:20:00,17250.45,17255.4,4.950000000000728,22131,2021-12-29 09:21:00,17240.55,target,9.900000000001455,2.0,-348.72197750990534
2021-12-30,first,1,22505,2021-12-30 09:20:00,17206.95,17166.15,40.79999999999927,22870,2021-12-30 15:25:00,17205.4,eod,-1.5499999999992724,-0.037990196078414216,-1092.2322535834528
2022-01-04,first,1,23630,2022-01-04 09:20:00,17713.8,17396.2,317.59999999999854,23995,2022-01-04 15:25:00,17856.0,eod,142.20000000000073,0.44773299748111267,8240.776433022047
2022-01-05,first,1,24005,2022-01-05 09:20:00,17843.6,17714.8,128.79999999999927,24370,2022-01-05 15:25:00,17950.95,eod,107.35000000000218,0.8334627329192763,5973.807881674642
2022-01-06,first,1,24380,2022-01-06 09:20:00,17796.85,17714.8,82.04999999999927,24395,2022-01-06 09:35:00,17714.8,stop,-82.04999999999927,-1.0,-6333.664312056453
2022-01-06,reverse,-1,24395,2022-01-06 09:35:00,17714.8,17796.85,82.04999999999927,24639,2022-01-06 13:39:00,17796.85,stop,-82.04999999999927,-1.0,-6333.664312056453
2022-01-07,first,1,24755,2022-01-07 09:20:00,17880.0,17685.65,194.34999999999854,25120,2022-01-07 15:25:00,17860.1,eod,-19.900000000001455,-0.10239259068691332,-2296.2319617610947
2022-01-10,first,1,25130,2022-01-10 09:20:00,17958.65,17736.0,222.65000000000146,25495,2022-01-10 15:25:00,18053.0,eod,94.34999999999854,0.4237592634179112,5127.026942943406
2022-01-11,first,1,25505,2022-01-11 09:20:00,18038.8,17940.6,98.20000000000073,25870,2022-01-11 15:25:00,18083.3,eod,44.5,0.4531568228105873,1886.1238192189999
2022-01-13,first,1,26255,2022-01-13 09:20:00,18265.2,18191.9,73.29999999999927,26620,2022-01-13 15:25:00,18289.95,eod,24.75,0.3376534788540279,598.7852159085
2022-01-17,first,1,27005,2022-01-17 09:20:00,18307.0,18146.2,160.79999999999927,27370,2022-01-17 15:25:00,18337.95,eod,30.950000000000728,0.19247512437811484,1000.9808317305474
2022-01-18,first,1,27380,2022-01-18 09:20:00,18350.95,18146.2,204.75,27714,2022-01-18 14:54:00,18146.2,stop,-204.75,-1.0,-14316.8760997115
2022-01-18,reverse,-1,27714,2022-01-18 14:54:00,18146.2,18350.95,204.75,27745,2022-01-18 15:25:00,18130.9,eod,15.299999999999272,0.07472527472527117,-13.031170331047235
2022-01-19,first,-1,27755,2022-01-19 09:20:00,18063.45,18333.7,270.25,28120,2022-01-19 15:25:00,17976.3,eod,87.15000000000146,0.3224791859389508,4658.828706502594
2022-01-20,first,-1,28130,2022-01-20 09:20:00,17933.7,18333.7,400.0,28495,2022-01-20 15:25:00,17822.45,eod,111.25,0.278125,6227.6135252985005
2022-01-24,first,1,28880,2022-01-24 09:20:00,17552.95,17502.5,50.45000000000073,28889,2022-01-24 09:29:00,17502.5,stop,-50.45000000000073,-1.0,-4275.947015174547
2022-01-24,reverse,-1,28889,2022-01-24 09:29:00,17502.5,17552.95,50.45000000000073,28977,2022-01-24 10:57:00,17401.6,target,100.90000000000146,2.0,5562.212176199095
2022-01-25,first,-1,29255,2022-01-25 09:20:00,16904.7,17654.5,749.7999999999993,29620,2022-01-25 15:25:00,17278.0,eod,-373.2999999999993,-0.4978660976260331,-25251.84317954695
2022-01-27,first,1,29630,2022-01-27 09:20:00,16988.1,16851.15,136.9499999999971,29858,2022-01-27 13:08:00,16968.0,eod,-20.099999999998545,-0.14676889375683805,-2293.9711515209056
2022-01-31,first,-1,30239,2022-01-31 09:20:00,17320.35,17395.0,74.65000000000146,30401,2022-01-31 12:02:00,17395.0,stop,-74.65000000000146,-1.0,-5845.896362413595
2022-01-31,reverse,1,30401,2022-01-31 12:02:00,17395.0,17320.35,74.65000000000146,30604,2022-01-31 15:25:00,17359.7,eod,-35.29999999999927,-0.47287340924311566,-3288.7131444669526
2022-02-02,first,1,30989,2022-02-02 09:20:00,17702.0,17231.25,470.75,31354,2022-02-02 15:25:00,17804.4,eod,102.40000000000146,0.21752522570366745,5654.551561896094
2022-02-03,first,1,31364,2022-02-03 09:20:00,17765.0,17231.25,533.75,31729,2022-02-03 15:25:00,17517.5,eod,-247.5,-0.4637002341920375,-17084.986369825
2022-02-04,first,-1,31739,2022-02-04 09:20:00,17496.15,17809.8,313.6499999999978,32104,2022-02-04 15:25:00,17516.25,eod,-20.099999999998545,-0.06408417025346305,-2303.0063297639053
2022-02-07,first,1,32114,2022-02-07 09:20:00,17519.4,17475.0,44.400000000001455,32119,2022-02-07 09:25:00,17475.0,stop,-44.400000000001455,-1.0,-3882.210209784095
2022-02-07,reverse,-1,32119,2022-02-07 09:25:00,17475.0,17519.4,44.400000000001455,32158,2022-02-07 10:04:00,17386.199999999997,target,88.80000000000291,2.0,4776.149911068189
2022-02-08,first,-1,32489,2022-02-08 09:20:00,17273.1,17592.0,318.90000000000146,32854,2022-02-08 15:25:00,17256.0,eod,17.099999999998545,0.053621825023513536,118.91000994890538
2022-02-09,first,1,32864,2022-02-09 09:20:00,17384.55,17131.55,253.0,33229,2022-02-09 15:25:00,17485.6,eod,101.04999999999927,0.39940711462450307,5572.251693758452
2022-02-10,first,1,33239,2022-02-10 09:20:00,17512.0,17131.55,380.4500000000007,33604,2022-02-10 15:25:00,17603.0,eod,91.0,0.23919043238270424,4916.96613485
2022-02-11,first,-1,33614,2022-02-11 09:20:00,17428.75,17650.0,221.25,33979,2022-02-11 15:25:00,17339.75,eod,89.0,0.40225988700564974,4789.941660715
2022-02-14,first,-1,33989,2022-02-14 09:20:00,16935.15,17443.75,508.59999999999854,34354,2022-02-14 15:25:00,16821.05,eod,114.10000000000218,0.22434132913881735,6429.953645118142
2022-02-15,first,-1,34364,2022-02-15 09:20:00,16952.65,17443.75,491.09999999999854,34729,2022-02-15 15:25:00,17364.65,eod,-412.0,-0.8389330075341096,-27768.268100453
2022-02-16,first,1,34739,2022-02-16 09:20:00,17372.25,16801.0,571.25,35104,2022-02-16 15:25:00,17301.8,eod,-70.45000000000073,-0.12332603938730981,-5572.567668320547
2022-02-17,first,-1,35114,2022-02-17 09:20:00,17430.0,17495.0,65.0,35129,2022-02-17 09:35:00,17300.0,target,130.0,2.0,7455.0311247
2022-02-18,first,-1,35489,2022-02-18 09:20:00,17267.9,17423.85,155.9499999999971,35854,2022-02-18 15:25:00,17280.0,eod,-12.099999999998545,-0.07758897082397416,-1779.0799779189053
2022-02-21,first,-1,35864,2022-02-21 09:20:00,17170.95,17388.0,217.04999999999927,36229,2022-02-21 15:25:00,17206.9,eod,-35.95000000000073,-0.16563003916148744,-3327.7359140385474
2022-02-22,first,-1,36239,2022-02-22 09:20:00,16909.0,17354.0,445.0,36604,2022-02-22 15:25:00,17056.8,eod,-147.79999999999927,-0.3321348314606725,-10593.807076537953
2022-02-23,first,1,36614,2022-02-23 09:20:00,17164.55,16879.35,285.2000000000007,36979,2022-02-23 15:25:00,17071.45,eod,-93.09999999999854,-0.3264375876577781,-7040.938256959906
2022-02-24,first,-1,36989,2022-02-24 09:20:00,16694.1,17193.8,499.7000000000007,37343,2022-02-24 15:14:00,16264.0,eod,430.09999999999854,0.8607164298579106,26974.931681258906
2022-02-25,first,-1,37349,2022-02-25 09:20:00,16585.9,17193.8,607.8999999999978,37714,2022-02-25 15:25:00,16648.75,eod,-62.849999999998545,-0.1033887152492166,-5066.300062086406
2022-03-03,first,1,38474,2022-03-03 09:20:00,16710.0,16468.0,242.0,38817,2022-03-03 15:03:00,16468.0,stop,-242.0,-1.0,-16709.51747258
2022-03-03,reverse,-1,38817,2022-03-03 15:03:00,16468.0,16710.0,242.0,38839,2022-03-03 15:25:00,16519.2,eod,-51.20000000000073,-0.21157024793388732,-4307.001623792047
2022-03-04,first,-1,38849,2022-03-04 09:20:00,16275.4,16668.0,392.60000000000036,39214,2022-03-04 15:25:00,16262.25,eod,13.149999999999636,0.03349465104431896,-120.78279591652364
2022-03-07,first,-1,39224,2022-03-07 09:20:00,15890.2,16479.35,589.1499999999978,39589,2022-03-07 15:25:00,15878.0,eod,12.200000000000728,0.02070779937197789,-175.9456632019527
2022-03-08,first,1,39599,2022-03-08 09:20:00,15819.9,15711.15,108.75,39757,2022-03-08 11:58:00,15711.15,stop,-108.75,-1.0,-8034.9596170905
2022-03-08,reverse,-1,39757,2022-03-08 11:58:00,15711.15,15819.9,108.75,39864,2022-03-08 13:45:00,15819.9,stop,-108.75,-1.0,-8034.9596170905
2022-03-09,first,1,39974,2022-03-09 09:20:00,16064.15,15676.35,387.7999999999993,40339,2022-03-09 15:25:00,16365.2,eod,301.0500000000011,0.776302217637962,18591.959345046573
2022-03-10,first,1,40349,2022-03-10 09:20:00,16669.8,15676.35,993.4499999999989,40714,2022-03-10 15:25:00,16595.05,eod,-74.75,-0.07524284060596918,-5839.9887661084995
2022-03-11,first,-1,40724,2022-03-11 09:20:00,16568.0,16753.5,185.5,41089,2022-03-11 15:25:00,16641.5,eod,-73.5,-0.39622641509433965,-5758.272636295
2022-03-14,first,1,41099,2022-03-14 09:20:00,16685.95,16450.0,235.95000000000073,41464,2022-03-14 15:25:00,16879.8,eod,193.84999999999854,0.8215723670269037,11614.866142642406
2022-03-15,first,1,41474,2022-03-15 09:20:00,16897.3,16450.0,447.2999999999993,41839,2022-03-15 15:25:00,16649.0,eod,-248.29999999999927,-0.5551084283478642,-17122.13091214295
2022-03-16,first,-1,41849,2022-03-16 09:20:00,16901.6,16928.9,27.30000000000291,41854,2022-03-16 09:25:00,16928.9,stop,-27.30000000000291,-1.0,-2760.854698105189
2022-03-16,reverse,1,41854,2022-03-16 09:25:00,16928.9,16901.6,27.30000000000291,41893,2022-03-16 10:04:00,16901.6,stop,-27.30000000000291,-1.0,-2760.854698105189
2022-03-17,first,1,42224,2022-03-17 09:20:00,17232.8,16870.3,362.5,42589,2022-03-17 15:25:00,17327.0,eod,94.20000000000073,0.2598620689655192,5129.696379122047
2022-03-21,first,-1,42599,2022-03-21 09:20:00,17304.7,17385.85,81.14999999999782,42920,2022-03-21 14:41:00,17142.400000000005,target,162.29999999999563,2.0,9556.761985968717
2022-03-22,first,-1,42974,2022-03-22 09:20:00,17154.4,17304.4,150.0,43220,2022-03-22 13:26:00,17304.4,stop,-150.0,-1.0,-10741.011136268
2022-03-22,reverse,1,43220,2022-03-22 13:26:00,17304.4,17154.4,150.0,43339,2022-03-22 15:25:00,17377.9,eod,73.5,0.49,3783.269656897
2022-03-23,first,1,43349,2022-03-23 09:20:00,17441.95,17051.0,390.9500000000007,43714,2022-03-23 15:25:00,17265.95,eod,-176.0,-0.45018544570916913,-12432.989740519
2022-03-24,first,-1,43724,2022-03-24 09:20:00,17183.25,17347.0,163.75,44089,2022-03-24 15:25:00,17224.85,eod,-41.599999999998545,-0.2540458015267087,-3695.2116082409057
2022-03-25,first,-1,44099,2022-03-25 09:20:00,17258.3,17292.55,34.25,44116,2022-03-25 09:37:00,17189.8,target,68.5,2.0,3460.3021623590002
2022-03-28,first,1,44474,2022-03-28 09:20:00,17185.35,17096.4,88.94999999999709,44484,2022-03-28 09:30:00,17096.4,stop,-88.94999999999709,-1.0,-6771.603862117311
2022-03-28,reverse,-1,44484,2022-03-28 09:30:00,17096.4,17185.35,88.94999999999709,44669,2022-03-28 12:35:00,17186.4,stop,-90.0,-1.0118043844856992,-6839.856700908
2022-04-01,first,1,44849,2022-04-01 09:20:00,17520.95,17025.35,495.6000000000022,45214,2022-04-01 15:25:00,17730.7,eod,209.75,0.42322437449555905,12633.8525965435
2022-04-04,first,1,45224,2022-04-04 09:20:00,17877.35,17560.0,317.34999999999854,45589,2022-04-04 15:25:00,18096.75,eod,219.40000000000146,0.6913502442098707,13254.866588499095
2022-04-05,first,1,45599,2022-04-05 09:20:00,18082.2,17560.0,522.2000000000007,45964,2022-04-05 15:25:00,18008.35,eod,-73.85000000000218,-0.14142091152815411,-5805.6639668856415
2022-04-06,first,-1,45974,2022-04-06 09:20:00,17930.4,18171.45,241.04999999999927,46339,2022-04-06 15:25:00,17862.3,eod,68.10000000000218,0.282514001244565,3422.803318353142
2022-04-08,first,-1,46724,2022-04-08 09:20:00,17741.5,17866.3,124.79999999999927,46979,2022-04-08 13:35:00,17866.3,stop,-124.79999999999927,-1.0,-9112.986654157952
2022-04-08,reverse,1,46979,2022-04-08 13:35:00,17866.3,17741.5,124.79999999999927,47089,2022-04-08 15:25:00,17888.9,eod,22.600000000002183,0.18108974358976213,465.8902537281419
2022-04-11,first,1,47099,2022-04-11 09:20:00,17759.85,17656.3,103.54999999999927,47464,2022-04-11 15:25:00,17730.45,eod,-29.399999999997817,-0.2839208112022986,-2911.5396949828582
2022-04-12,first,-1,47474,2022-04-12 09:20:00,17609.85,17829.95,220.10000000000218,47839,2022-04-12 15:25:00,17579.05,eod,30.799999999999272,0.13993639254883675,1003.6861930709526
2022-04-18,first,-1,48224,2022-04-18 09:20:00,17236.2,17570.4,334.2000000000007,48589,2022-04-18 15:25:00,17245.5,eod,-9.299999999999272,-0.027827648114899017,-1596.5301089369527
2022-04-19,first,1,48599,2022-04-19 09:20:00,17240.1,17109.95,130.14999999999782,48941,2022-04-19 15:02:00,17109.95,stop,-130.14999999999782,-1.0,-9449.947053680358
2022-04-19,reverse,-1,48941,2022-04-19 15:02:00,17109.95,17240.1,130.14999999999782,48964,2022-04-19 15:25:00,16889.15,eod,220.79999999999927,1.6965040338071684,13362.751778248952
2022-04-20,first,-1,48974,2022-04-20 09:20:00,17107.45,17314.0,206.54999999999927,49339,2022-04-20 15:25:00,17172.0,eod,-64.54999999999927,-0.3125151295085911,-5185.726928814453
2022-04-21,first,1,49349,2022-04-21 09:20:00,17244.75,17079.0,165.75,49714,2022-04-21 15:25:00,17412.7,eod,167.95000000000073,1.0132730015083,9922.179681605547
2022-04-22,first,1,49724,2022-04-22 09:20:00,17216.45,17079.0,137.45000000000073,50089,2022-04-22 15:25:00,17173.05,eod,-43.400000000001455,-0.3157511822480991,-3812.0419810950943
2022-04-25,first,-1,50099,2022-04-25 09:20:00,16957.45,17321.0,363.5499999999993,50464,2022-04-25 15:25:00,16976.0,eod,-18.549999999999272,-0.05102461834685548,-2193.0364797544526
2022-04-26,first,1,50474,2022-04-26 09:20:00,17152.1,16875.0,277.09999999999854,50839,2022-04-26 15:25:00,17214.9,eod,62.80000000000291,0.2266329844821481,3090.529205130189
2022-04-27,first,1,50849,2022-04-27 09:20:00,17081.9,17068.2,13.700000000000728,50854,2022-04-27 09:25:00,17068.2,stop,-13.700000000000728,-1.0,-1879.6679918610473
2022-04-27,reverse,-1,50854,2022-04-27 09:25:00,17068.2,17081.9,13.700000000000728,50855,2022-04-27 09:26:00,17081.9,stop,-13.700000000000728,-1.0,-1879.6679918610473
2022-04-28,first,1,51224,2022-04-28 09:20:00,17118.7,16957.85,160.85000000000218,51330,2022-04-28 11:06:00,17106.0,eod,-12.700000000000728,-0.07895554864781197,-1815.3119411670473
2022-05-05,first,-1,52344,2022-05-05 09:20:00,16823.05,17137.75,314.7000000000007,52709,2022-05-05 15:25:00,16685.0,eod,138.04999999999927,0.4386717508738448,7988.686115939453
2022-05-06,first,-1,52719,2022-05-06 09:20:00,16417.95,16980.35,562.3999999999978,53084,2022-05-06 15:25:00,16433.4,eod,-15.450000000000728,-0.02747155049786769,-1982.2987533735472
2022-05-10,first,1,53469,2022-05-10 09:20:00,16330.0,16211.3,118.70000000000073,53834,2022-05-10 15:25:00,16233.3,eod,-96.70000000000073,-0.8146588037068251,-7260.6095735130475
2022-05-11,first,-1,53844,2022-05-11 09:20:00,16272.45,16410.15,137.70000000000073,54085,2022-05-11 13:21:00,15997.05,target,275.40000000000146,2.0,16926.226692105094
2022-05-13,first,1,54594,2022-05-13 09:20:00,15955.0,15733.0,222.0,54959,2022-05-13 15:25:00,15780.45,eod,-174.54999999999927,-0.786261261261258,-12313.323044974453
2022-05-16,first,-1,54969,2022-05-16 09:20:00,15834.15,16091.0,256.85000000000036,55334,2022-05-16 15:25:00,15854.4,eod,-20.25,-0.07883978976056052,-2284.3245356654998
2022-05-17,first,1,55344,2022-05-17 09:20:00,15935.65,15744.1,191.54999999999927,55709,2022-05-17 15:25:00,16261.45,eod,325.8000000000011,1.7008613938919463,20202.551133469075
2022-05-18,first,1,55719,2022-05-18 09:20:00,16317.55,15744.1,573.4499999999989,56084,2022-05-18 15:25:00,16229.6,eod,-87.94999999999891,-0.15336995378847165,-6691.772620211429
2022-05-19,first,-1,56094,2022-05-19 09:20:00,15899.85,16325.35,425.5,56459,2022-05-19 15:25:00,15794.35,eod,105.5,0.24794359576968272,5888.641498938
2022-05-20,first,-1,56469,2022-05-20 09:20:00,16065.75,16325.35,259.60000000000036,56834,2022-05-20 15:25:00,16256.9,eod,-191.14999999999964,-0.7363251155624012,-13397.248614766477
2022-05-23,first,1,56844,2022-05-23 09:20:00,16220.0,15740.0,480.0,57209,2022-05-23 15:25:00,16167.9,eod,-52.100000000000364,-0.10854166666666742,-4360.370180319023
2022-05-24,first,-1,57219,2022-05-24 09:20:00,16215.35,16398.0,182.64999999999964,57584,2022-05-24 15:25:00,16108.2,eod,107.14999999999964,0.5866411168902264,5990.498631984477
2022-05-25,first,-1,57594,2022-05-25 09:20:00,16213.05,16232.5,19.450000000000728,57616,2022-05-25 09:42:00,16174.149999999998,target,38.900000000001455,2.0,1554.1034572080946
2022-05-26,first,-1,57969,2022-05-26 09:20:00,16072.8,16221.35,148.5500000000011,58073,2022-05-26 11:04:00,15912.45,eod,160.34999999999854,1.0794345338269766,9451.081098247405
2022-05-30,first,1,58454,2022-05-30 09:20:00,16519.25,16201.05,318.2000000000007,58814,2022-05-30 15:20:00,16643.4,eod,124.15000000000146,0.39016341923319037,7088.221847833594
2022-06-01,first,-1,58820,2022-06-01 09:20:00,16626.25,16674.0,47.75,59051,2022-06-01 13:11:00,16530.75,target,95.5,2.0,5226.18777823
2022-06-02,first,1,59195,2022-06-02 09:20:00,16444.8,16425.1,19.700000000000728,59202,2022-06-02 09:27:00,16484.2,target,39.400000000001455,2.0,1581.9661863100946
2022-06-03,first,1,59570,2022-06-03 09:20:00,16773.0,16430.0,343.0,59935,2022-06-03 15:25:00,16597.1,eod,-175.90000000000146,-0.5128279883381966,-12415.047306061095
2022-06-06,first,-1,59945,2022-06-06 09:20:00,16563.0,16767.0,204.0,60310,2022-06-06 15:25:00,16583.0,eod,-20.0,-0.09803921568627451,-2280.54245706
2022-06-08,first,1,60695,2022-06-08 09:20:00,16429.65,16384.1,45.55000000000291,60714,2022-06-08 09:39:00,16384.1,stop,-45.55000000000291,-1.0,-3938.3010526376893
2022-06-08,reverse,-1,60714,2022-06-08 09:39:00,16384.1,16429.65,45.55000000000291,60769,2022-06-08 10:34:00,16429.65,stop,-45.55000000000291,-1.0,-3938.3010526376893
2022-06-09,first,-1,61070,2022-06-09 09:20:00,16305.5,16548.0,242.5,61435,2022-06-09 15:25:00,16478.1,eod,-172.59999999999854,-0.7117525773195816,-12195.549918795905
2022-06-10,first,1,61445,2022-06-10 09:20:00,16307.0,16268.6,38.399999999999636,61454,2022-06-10 09:29:00,16268.6,stop,-38.399999999999636,-1.0,-3471.5558379159766
2022-06-10,reverse,-1,61454,2022-06-10 09:29:00,16268.6,16307.0,38.399999999999636,61731,2022-06-10 14:06:00,16191.800000000001,target,76.79999999999927,2.0,4016.755617955953
2022-06-13,first,-1,61820,2022-06-13 09:20:00,15845.1,16496.8,651.6999999999989,62185,2022-06-13 15:25:00,15781.75,eod,63.350000000000364,0.09720730397422199,3149.714162071524
2022-06-15,first,1,62195,2022-06-15 09:20:00,15742.2,15673.5,68.70000000000073,62560,2022-06-15 15:25:00,15705.0,eod,-37.20000000000073,-0.54148471615721,-3383.9109643920474
2022-06-17,first,-1,62945,2022-06-17 09:20:00,15318.95,15865.0,546.0499999999993,63310,2022-06-17 15:25:00,15353.65,eod,-34.69999999999891,-0.06354729420382557,-3214.799963085929
2022-06-20,first,-1,63320,2022-06-20 09:20:00,15332.45,15865.0,532.5499999999993,63685,2022-06-20 15:25:00,15361.05,eod,-28.599999999998545,-0.05370387757017855,-2818.5144185349054
2022-06-21,first,1,63695,2022-06-21 09:20:00,15486.0,15253.95,232.04999999999927,64060,2022-06-21 15:25:00,15629.65,eod,143.64999999999964,0.6190476190476194,8373.117012503477
2022-06-22,first,-1,64070,2022-06-22 09:20:00,15534.65,15716.75,182.10000000000036,64435,2022-06-22 15:25:00,15405.75,eod,128.89999999999964,0.7078528281164161,7415.952320155976
2022-06-23,first,1,64445,2022-06-23 09:20:00,15474.2,15357.25,116.95000000000073,64810,2022-06-23 15:25:00,15583.0,eod,108.79999999999927,0.930312099187675,6108.570843507952
2022-06-24,first,1,64820,2022-06-24 09:20:00,15739.7,15360.0,379.7000000000007,65185,2022-06-24 15:25:00,15712.5,eod,-27.200000000000728,-0.07163550171187957,-2734.012232442047
2022-06-27,first,1,65195,2022-06-27 09:20:00,15876.3,15611.0,265.2999999999993,65560,2022-06-27 15:25:00,15838.9,eod,-37.399999999999636,-0.14097248398039855,-3399.2021618719764
2022-06-28,first,-1,65570,2022-06-28 09:20:00,15750.0,15922.45,172.45000000000073,65935,2022-06-28 15:25:00,15847.0,eod,-97.0,-0.5624818788054485,-7271.84246517
2022-07-04,first,1,67070,2022-07-04 09:20:00,15710.25,15513.9,196.35000000000036,67435,2022-07-04 15:25:00,15839.8,eod,129.54999999999927,0.659791189202949,7452.983809319453
2022-07-05,first,1,67445,2022-07-05 09:20:00,15915.0,15727.25,187.75,67810,2022-07-05 15:25:00,15773.4,eod,-141.60000000000036,-0.7541944074567263,-10171.363355124024
2022-07-06,first,-1,67820,2022-07-06 09:20:00,15845.4,16014.6,169.20000000000073,68185,2022-07-06 15:25:00,16001.9,eod,-156.5,-0.9249408983451497,-11141.135358753
2022-07-07,first,1,68195,2022-07-07 09:20:00,16110.2,15876.0,234.20000000000073,68560,2022-07-07 15:25:00,16149.0,eod,38.79999999999927,0.16567036720751133,1548.6989042879527
2022-07-08,first,1,68570,2022-07-08 09:20:00,16200.0,15876.0,324.0,68935,2022-07-08 15:25:00,16227.0,eod,27.0,0.08333333333333333,780.3326385299999
2022-07-12,first,-1,69320,2022-07-12 09:20:00,16105.3,16253.2,147.90000000000146,69685,2022-07-12 15:25:00,16036.5,eod,68.79999999999927,0.4651791751183137,3499.5275981019527
2022-07-13,first,-1,69695,2022-07-13 09:20:00,16106.0,16139.7,33.70000000000073,69746,2022-07-13 10:11:00,16139.7,stop,-33.70000000000073,-1.0,-3163.2614969770475
2022-07-13,reverse,1,69746,2022-07-13 10:11:00,16139.7,16106.0,33.70000000000073,69755,2022-07-13 10:20:00,16106.0,stop,-33.70000000000073,-1.0,-3163.2614969770475
2022-07-14,first,-1,70070,2022-07-14 09:20:00,16032.95,16142.45,109.5,70435,2022-07-14 15:25:00,15942.0,eod,90.95000000000073,0.8305936073059427,4940.575190430547
2022-07-15,first,1,70445,2022-07-15 09:20:00,16029.15,15860.0,169.14999999999964,70810,2022-07-15 15:25:00,16079.9,eod,50.75,0.30002955956251914,2326.6633213295
2022-07-18,first,1,70820,2022-07-18 09:20:00,16190.9,15930.3,260.60000000000036,71185,2022-07-18 15:25:00,16303.5,eod,112.60000000000036,0.4320798158096708,6343.255365216024
2022-07-19,first,1,71195,2022-07-19 09:20:00,16244.1,15930.3,313.8000000000011,71560,2022-07-19 15:25:00,16339.2,eod,95.10000000000036,0.3030592734225622,5205.097324287024
2022-07-20,first,1,71570,2022-07-20 09:20:00,16517.9,15930.3,587.6000000000022,71935,2022-07-20 15:25:00,16502.0,eod,-15.900000000001455,-0.027059223961881203,-2012.9878318390945
2022-07-21,first,-1,71945,2022-07-21 09:20:00,16508.2,16569.0,60.79999999999927,71994,2022-07-21 10:09:00,16569.0,stop,-60.79999999999927,-1.0,-4931.715288691953
2022-07-21,reverse,1,71994,2022-07-21 10:09:00,16569.0,16508.2,60.79999999999927,72219,2022-07-21 13:54:00,16508.2,stop,-60.79999999999927,-1.0,-4931.715288691953
2022-07-22,first,1,72320,2022-07-22 09:20:00,16671.75,16507.4,164.34999999999854,72685,2022-07-22 15:25:00,16716.3,eod,44.54999999999927,0.27106784301794745,1912.7595241394529
2022-07-25,first,-1,72695,2022-07-25 09:20:00,16697.45,16757.5,60.04999999999927,72800,2022-07-25 11:05:00,16577.350000000002,target,120.09999999999854,2.0,6824.036252971905
2022-07-26,first,-1,73070,2022-07-26 09:20:00,16569.95,16688.0,118.04999999999927,73435,2022-07-26 15:25:00,16489.0,eod,80.95000000000073,0.6857263871241104,4281.361577190547
2022-07-27,first,-1,73445,2022-07-27 09:20:00,16484.05,16574.85,90.79999999999927,73658,2022-07-27 12:53:00,16574.85,stop,-90.79999999999927,-1.0,-6881.383257628952
2022-07-27,reverse,1,73658,2022-07-27 12:53:00,16574.85,16484.05,90.79999999999927,73810,2022-07-27 15:25:00,16656.45,eod,81.60000000000218,0.8986784140969475,4322.133560007142
2022-07-28,first,1,73820,2022-07-28 09:20:00,16769.9,16438.0,331.90000000000146,74185,2022-07-28 15:25:00,16930.1,eod,160.1999999999971,0.4826755046700705,9426.66467299981
2022-07-29,first,1,74195,2022-07-29 09:20:00,17135.6,16438.0,697.5999999999985,74560,2022-07-29 15:25:00,17214.0,eod,78.40000000000146,0.11238532110091976,4104.586777944094
2022-08-01,first,1,74570,2022-08-01 09:20:00,17193.65,17100.05,93.60000000000218,74911,2022-08-01 15:01:00,17380.850000000006,target,187.20000000000437,2.0,11174.026591055284
2022-08-02,first,1,74945,2022-08-02 09:20:00,17319.8,17275.2,44.599999999998545,74980,2022-08-02 09:55:00,17275.2,stop,-44.599999999998545,-1.0,-3891.7927279499054
2022-08-02,reverse,-1,74980,2022-08-02 09:55:00,17275.2,17319.8,44.599999999998545,75081,2022-08-02 11:36:00,17319.8,stop,-44.599999999998545,-1.0,-3891.7927279499054
2022-08-03,first,-1,75320,2022-08-03 09:20:00,17395.65,17420.0,24.349999999998545,75330,2022-08-03 09:30:00,17346.950000000004,target,48.69999999999709,2.0,2170.8989542138106
2022-08-04,first,1,75695,2022-08-04 09:20:00,17464.7,17243.85,220.85000000000218,75840,2022-08-04 11:45:00,17243.85,stop,-220.85000000000218,-1.0,-15347.982927865642
2022-08-04,reverse,-1,75840,2022-08-04 11:45:00,17243.85,17464.7,220.85000000000218,76060,2022-08-04 15:25:00,17372.1,eod,-128.25,-0.5807108897441645,-9328.7325735795
2022-08-05,first,1,76070,2022-08-05 09:20:00,17439.65,17178.0,261.65000000000146,76435,2022-08-05 15:25:00,17415.6,eod,-24.05000000000291,-0.09191668259125846,-2558.389022452689
2022-08-08,first,-1,76445,2022-08-08 09:20:00,17398.0,17514.35,116.34999999999854,76575,2022-08-08 11:30:00,17514.35,stop,-116.34999999999854,-1.0,-8557.837478583406
2022-08-08,reverse,1,76575,2022-08-08 11:30:00,17514.35,17398.0,116.34999999999854,76810,2022-08-08 15:25:00,17561.95,eod,47.60000000000218,0.40911044263001956,2096.5510495571416
2022-08-10,first,-1,76820,2022-08-10 09:20:00,17548.0,17583.9,35.900000000001455,76850,2022-08-10 09:50:00,17476.199999999997,target,71.80000000000291,2.0,3669.855122638189
2022-08-11,first,1,77195,2022-08-11 09:20:00,17718.1,17455.3,262.7999999999993,77560,2022-08-11 15:25:00,17679.1,eod,-39.0,-0.14840182648401867,-3534.687193892
2022-08-12,first,1,77570,2022-08-12 09:20:00,17658.0,17657.5,0.5,77571,2022-08-12 09:21:00,17657.5,stop,-0.5,-1.0,-1031.713588955
2022-08-12,reverse,-1,77571,2022-08-12 09:21:00,17657.5,17658.0,0.5,77572,2022-08-12 09:22:00,17656.5,target,1.0,2.0,-934.2095335399999
2022-08-17,first,1,78320,2022-08-17 09:20:00,17885.4,17676.95,208.45000000000073,78685,2022-08-17 15:25:00,17962.1,eod,76.69999999999709,0.36795394579034213,3981.284270524811
2022-08-18,first,-1,78695,2022-08-18 09:20:00,17929.0,17964.85,35.849999999998545,78737,2022-08-18 10:02:00,17964.85,stop,-35.849999999998545,-1.0,-3334.2037717984053
2022-08-18,reverse,1,78737,2022-08-18 10:02:00,17964.85,17929.0,35.849999999998545,78762,2022-08-18 10:27:00,17929.0,stop,-35.849999999998545,-1.0,-3334.2037717984053
2022-08-19,first,1,79070,2022-08-19 09:20:00,17959.25,17858.85,100.40000000000146,79195,2022-08-19 11:25:00,17858.85,stop,-100.40000000000146,-1.0,-7528.928218341094
2022-08-19,reverse,-1,79195,2022-08-19 11:25:00,17858.85,17959.25,100.40000000000146,79435,2022-08-19 15:25:00,17744.45,eod,114.39999999999782,1.139442231075659,6433.652517086858
2022-08-22,first,-1,79445,2022-08-22 09:20:00,17665.85,18004.7,338.8500000000022,79810,2022-08-22 15:25:00,17489.55,eod,176.29999999999927,0.5202892135162996,10460.621564005953
2022-08-23,first,-1,79820,2022-08-23 09:20:00,17412.45,18004.7,592.25,80185,2022-08-23 15:25:00,17630.0,eod,-217.54999999999927,-0.36732798649218956,-15136.358283244454
2022-08-24,first,1,80195,2022-08-24 09:20:00,17576.9,17525.0,51.900000000001455,80209,2022-08-24 09:34:00,17525.0,stop,-51.900000000001455,-1.0,-4370.585847859094
2022-08-24,reverse,-1,80209,2022-08-24 09:34:00,17525.0,17576.9,51.900000000001455,80247,2022-08-24 10:12:00,17576.9,stop,-51.900000000001455,-1.0,-4370.585847859094
2022-08-25,first,1,80570,2022-08-25 09:20:00,17673.1,17520.0,153.09999999999854,80912,2022-08-25 15:02:00,17520.0,stop,-153.09999999999854,-1.0,-10948.773917090906
2022-08-25,reverse,-1,80912,2022-08-25 15:02:00,17520.0,17673.1,153.09999999999854,80935,2022-08-25 15:25:00,17519.25,eod,0.75,0.004898758981058179,-948.1079666925
2022-08-26,first,-1,80945,2022-08-26 09:20:00,17732.25,17739.35,7.099999999998545,80946,2022-08-26 09:21:00,17739.35,stop,-7.099999999998545,-1.0,-1462.0101974759054
2022-08-26,reverse,1,80946,2022-08-26 09:21:00,17739.35,17732.25,7.099999999998545,80950,2022-08-26 09:25:00,17753.549999999996,target,14.19999999999709,2.0,-77.8169943691891
2022-08-29,first,-1,81320,2022-08-29 09:20:00,17284.0,17765.0,481.0,81685,2022-08-29 15:25:00,17377.0,eod,-93.0,-0.19334719334719336,-7038.07412621
2022-09-01,first,1,82070,2022-09-01 09:20:00,17590.9,17342.45,248.45000000000073,82435,2022-09-01 15:25:00,17605.0,eod,14.099999999998545,0.05675186154155164,-81.77598719909457
2022-09-02,first,1,82445,2022-09-02 09:20:00,17603.0,17482.0,121.0,82810,2022-09-02 15:25:00,17562.0,eod,-41.0,-0.33884297520661155,-3662.68934565
2022-09-05,first,1,82820,2022-09-05 09:20:00,17618.35,17491.35,127.0,83185,2022-09-05 15:25:00,17705.9,eod,87.55000000000291,0.6893700787401804,4690.946474457689
2022-09-06,first,1,83195,2022-09-06 09:20:00,17758.65,17660.0,98.65000000000146,83244,2022-09-06 10:09:00,17660.0,stop,-98.65000000000146,-1.0,-7411.771716326594
2022-09-06,reverse,-1,83244,2022-09-06 10:09:00,17660.0,17758.65,98.65000000000146,83560,2022-09-06 15:25:00,17677.35,eod,-17.349999999998545,-0.1758743030917211,-2127.0519128334054
2022-09-07,first,-1,83570,2022-09-07 09:20:00,17568.6,17751.85,183.25,83935,2022-09-07 15:25:00,17656.95,eod,-88.35000000000218,-0.48212824010915245,-6740.680269235641
2022-09-09,first,1,84320,2022-09-09 09:20:00,17916.1,17695.0,221.09999999999854,84685,2022-09-09 15:25:00,17859.45,eod,-56.64999999999782,-0.25621890547262866,-4685.070199735358
2022-09-14,first,-1,85445,2022-09-14 09:20:00,17890.0,18123.35,233.34999999999854,85810,2022-09-14 15:25:00,18005.2,eod,-115.20000000000073,-0.49367902292694,-8491.501121672047
2022-09-15,first,-1,85820,2022-09-15 09:20:00,18087.5,18110.0,22.5,85837,2022-09-15 09:37:00,18042.5,target,45.0,2.0,1918.5533206999999
2022-09-16,first,-1,86195,2022-09-16 09:20:00,17787.3,17969.25,181.95000000000073,86560,2022-09-16 15:25:00,17574.2,eod,213.09999999999854,1.1712008793624495,12850.643384984905
2022-09-19,first,-1,86570,2022-09-19 09:20:00,17540.0,17969.25,429.25,86935,2022-09-19 15:25:00,17647.0,eod,-107.0,-0.24927198602213163,-7952.49142507
2022-09-21,first,-1,87320,2022-09-21 09:20:00,17817.0,17943.1,126.09999999999854,87685,2022-09-21 15:25:00,17729.95,eod,87.04999999999927,0.6903251387787492,4656.544510510453
2022-09-23,first,1,88070,2022-09-23 09:20:00,17546.85,17542.35,4.5,88071,2022-09-23 09:21:00,17555.85,target,9.0,2.0,-412.448955747
2022-09-26,first,-1,88445,2022-09-26 09:20:00,17131.9,17747.4,615.5,88810,2022-09-26 15:25:00,17033.0,eod,98.90000000000146,0.160682372055242,5438.546704711094
2022-09-27,first,-1,88820,2022-09-27 09:20:00,17144.0,17180.0,36.0,88845,2022-09-27 09:45:00,17072.0,target,72.0,2.0,3689.76698024
2022-09-28,first,-1,89195,2022-09-28 09:20:00,16867.65,17132.35,264.6999999999971,89560,2022-09-28 15:25:00,16844.4,eod,23.25,0.0878352852285616,525.6127594994999
2022-09-29,first,-1,89570,2022-09-29 09:20:00,17017.4,17033.0,15.599999999998545,89578,2022-09-29 09:28:00,16986.200000000004,target,31.19999999999709,2.0,1039.8224470038108
2022-09-30,first,1,89945,2022-09-30 09:20:00,16813.45,16786.05,27.400000000001455,89960,2022-09-30 09:35:00,16786.05,stop,-27.400000000001455,-1.0,-2765.3782291950947
2022-09-30,reverse,-1,89960,2022-09-30 09:35:00,16786.05,16813.45,27.400000000001455,89964,2022-09-30 09:39:00,16813.45,stop,-27.400000000001455,-1.0,-2765.3782291950947
2022-10-03,first,1,90320,2022-10-03 09:20:00,17075.0,16764.25,310.75,90685,2022-10-03 15:25:00,16890.75,eod,-184.25,-0.5929203539823009,-12962.8434163575
2022-10-06,first,1,91070,2022-10-06 09:20:00,17400.2,16858.0,542.2000000000007,91435,2022-10-06 15:25:00,17319.5,eod,-80.70000000000073,-0.14883806713390008,-6239.148178117047
2022-10-07,first,-1,91445,2022-10-07 09:20:00,17297.0,17444.0,147.0,91810,2022-10-07 15:25:00,17330.0,eod,-33.0,-0.22448979591836735,-3138.1343034700003
2022-10-11,first,1,92195,2022-10-11 09:20:00,17183.75,17114.5,69.25,92263,2022-10-11 10:28:00,17114.5,stop,-69.25,-1.0,-5491.3602416825
2022-10-11,reverse,-1,92263,2022-10-11 10:28:00,17114.5,17183.75,69.25,92356,2022-10-11 12:01:00,17183.75,stop,-69.25,-1.0,-5491.3602416825
2022-10-12,first,-1,92570,2022-10-12 09:20:00,16984.9,17198.0,213.09999999999854,92935,2022-10-12 15:25:00,17113.2,eod,-128.29999999999927,-0.6020647583294235,-9327.552794140953
2022-10-13,first,1,92945,2022-10-13 09:20:00,17059.45,17012.85,46.60000000000218,92985,2022-10-13 10:00:00,17012.85,stop,-46.60000000000218,-1.0,-4017.3100560031417
2022-10-13,reverse,-1,92985,2022-10-13 10:00:00,17012.85,17059.45,46.60000000000218,93270,2022-10-13 14:45:00,17059.45,stop,-46.60000000000218,-1.0,-4017.3100560031417
2022-10-14,first,1,93320,2022-10-14 09:20:00,17320.0,16927.0,393.0,93685,2022-10-14 15:25:00,17208.0,eod,-112.0,-0.28498727735368956,-8271.82534608
2022-10-17,first,-1,93695,2022-10-17 09:20:00,17147.8,17367.0,219.20000000000073,94060,2022-10-17 15:25:00,17309.3,eod,-161.5,-0.7367700729926983,-11488.429320131
2022-10-18,first,1,94070,2022-10-18 09:20:00,17470.0,17100.0,370.0,94435,2022-10-18 15:25:00,17504.9,eod,34.900000000001455,0.09432432432432826,1271.9926806110946
2022-10-19,first,1,94445,2022-10-19 09:20:00,17557.3,17452.75,104.54999999999927,94810,2022-10-19 15:25:00,17508.85,eod,-48.45000000000073,-0.46341463414635164,-4146.0502388015475
2022-10-20,first,-1,94820,2022-10-20 09:20:00,17421.8,17599.35,177.54999999999927,95185,2022-10-20 15:25:00,17549.2,eod,-127.40000000000146,-0.7175443537031934,-9276.524505310095
2022-10-21,first,1,95195,2022-10-21 09:20:00,17614.1,17385.3,228.79999999999927,95560,2022-10-21 15:25:00,17584.55,eod,-29.549999999999272,-0.12915209790209514,-2918.794157126453
2022-10-25,first,1,95570,2022-10-25 09:20:00,17727.3,17495.0,232.29999999999927,95935,2022-10-25 15:25:00,17650.8,eod,-76.5,-0.3293155402496782,-5971.804444941
2022-10-28,first,1,96320,2022-10-28 09:20:00,17843.1,17684.2,158.89999999999782,96685,2022-10-28 15:25:00,17835.0,eod,-8.099999999998545,-0.05097545626179142,-1528.7706679409055
2022-10-31,first,1,96695,2022-10-31 09:20:00,17978.35,17773.3,205.04999999999927,97060,2022-10-31 15:25:00,18056.0,eod,77.65000000000146,0.3786881248476066,4041.4304709965945
2022-11-02,first,1,97445,2022-11-02 09:20:00,18197.1,18112.5,84.59999999999854,97810,2022-11-02 15:25:00,18141.15,eod,-55.94999999999709,-0.6613475177304734,-4644.387411082311
2022-11-03,first,-1,97820,2022-11-03 09:20:00,18061.1,18229.45,168.35000000000218,98185,2022-11-03 15:25:00,18117.85,eod,-56.75,-0.33709533709533274,-4695.0201410095
2022-11-04,first,1,98195,2022-11-04 09:20:00,18136.2,18052.55,83.65000000000146,98560,2022-11-04 15:25:00,18203.7,eod,67.5,0.8069336521219226,3379.126292961
2022-11-07,first,1,98570,2022-11-07 09:20:00,18282.2,18069.85,212.35000000000218,98935,2022-11-07 15:25:00,18266.35,eod,-15.850000000002183,-0.07464092300448326,-2039.9208202656419
2022-11-09,first,1,98945,2022-11-09 09:20:00,18327.0,18119.5,207.5,99310,2022-11-09 15:25:00,18197.0,eod,-130.0,-0.6265060240963856,-9458.79305164
2022-11-10,first,-1,99320,2022-11-10 09:20:00,18142.0,18299.9,157.90000000000146,99685,2022-11-10 15:25:00,18098.0,eod,44.0,0.2786573780873945,1852.6182735999998
2022-11-11,first,1,99695,2022-11-11 09:20:00,18366.6,18030.0,336.59999999999854,100060,2022-11-11 15:25:00,18425.85,eod,59.25,0.1760249554367209,2839.0536192555
2022-11-14,first,1,100070,2022-11-14 09:20:00,18436.6,18030.0,406.59999999999854,100435,2022-11-14 15:25:00,18372.45,eod,-64.14999999999782,-0.15777176586325148,-5181.366480670358
2022-11-15,first,-1,100445,2022-11-15 09:20:00,18420.5,18444.85,24.349999999998545,100472,2022-11-15 09:47:00,18371.800000000003,target,48.69999999999709,2.0,2153.366619796811
2022-11-16,first,1,100820,2022-11-16 09:20:00,18442.0,18342.2,99.79999999999927,101185,2022-11-16 15:25:00,18448.95,eod,6.950000000000728,0.06963927855712203,-560.9829563294527
2022-11-17,first,-1,101195,2022-11-17 09:20:00,18421.55,18493.15,71.60000000000218,101560,2022-11-17 15:25:00,18362.3,eod,59.25,0.8275139664804217,2839.1271803015
2022-11-18,first,-1,101570,2022-11-18 09:20:00,18378.25,18473.6,95.34999999999854,101935,2022-11-18 15:25:00,18340.15,eod,38.099999999998545,0.3995804929208089,1465.0607415759055
2022-11-22,first,-1,102320,2022-11-22 09:20:00,18184.7,18214.3,29.599999999998545,102337,2022-11-22 09:37:00,18214.3,stop,-29.599999999998545,-1.0,-2932.3111903899053
2022-11-22,reverse,1,102337,2022-11-22 09:37:00,18214.3,18184.7,29.599999999998545,102668,2022-11-22 15:08:00,18273.499999999996,target,59.19999999999709,2.0,2838.4097690418107
2022-11-23,first,1,102695,2022-11-23 09:20:00,18328.0,18228.45,99.54999999999927,103060,2022-11-23 15:25:00,18273.7,eod,-54.29999999999927,-0.5454545454545421,-4539.400512136953
2022-11-24,first,-1,103070,2022-11-24 09:20:00,18300.35,18342.9,42.55000000000291,103089,2022-11-24 09:39:00,18342.9,stop,-42.55000000000291,-1.0,-3776.074652132689
2022-11-24,reverse,1,103089,2022-11-24 09:39:00,18342.9,18300.35,42.55000000000291,103412,2022-11-24 15:02:00,18428.000000000007,target,85.10000000000582,2.0,4519.336727051378
2022-11-25,first,1,103445,2022-11-25 09:20:00,18619.0,18264.9,354.09999999999854,103810,2022-11-25 15:25:00,18649.85,eod,30.849999999998545,0.08712228184128402,989.1448194514053
2022-11-28,first,1,103820,2022-11-28 09:20:00,18631.45,18581.15,50.29999999999927,104009,2022-11-28 12:29:00,18732.05,target,100.59999999999854,2.0,5521.677182764905
2022-11-29,first,-1,104195,2022-11-29 09:20:00,18724.95,18742.3,17.349999999998545,104202,2022-11-29 09:27:00,18742.3,stop,-17.349999999998545,-1.0,-2145.2702467724052
2022-11-29,reverse,1,104202,2022-11-29 09:27:00,18742.3,18724.95,17.349999999998545,104224,2022-11-29 09:49:00,18724.95,stop,-17.349999999998545,-1.0,-2145.2702467724052
2022-11-30,first,-1,104570,2022-11-30 09:20:00,18773.2,18797.65,24.450000000000728,104604,2022-11-30 09:54:00,18724.3,target,48.900000000001455,2.0,2160.3334440250946
2022-12-01,first,1,104945,2022-12-01 09:20:00,18985.5,18721.05,264.4500000000007,105310,2022-12-01 15:25:00,18945.0,eod,-40.5,-0.15314804310833763,-3653.847279105
2022-12-02,first,-1,105320,2022-12-02 09:20:00,18895.75,18986.45,90.70000000000073,105685,2022-12-02 15:25:00,18818.0,eod,77.75,0.8572216097023084,4033.5649533625
2022-12-05,first,-1,105695,2022-12-05 09:20:00,18811.8,18986.45,174.65000000000146,106060,2022-12-05 15:25:00,18803.3,eod,8.5,0.048668766103635436,-466.436120511
2022-12-07,first,1,106445,2022-12-07 09:20:00,18740.85,18682.4,58.44999999999709,106539,2022-12-07 10:54:00,18682.4,stop,-58.44999999999709,-1.0,-4816.153452932311
2022-12-07,reverse,-1,106539,2022-12-07 10:54:00,18682.4,18740.85,58.44999999999709,106810,2022-12-07 15:25:00,18672.55,eod,9.850000000002183,0.1685201026518849,-376.46879636935813
2022-12-08,first,-1,106820,2022-12-08 09:20:00,18660.0,18790.0,130.0,107185,2022-12-08 15:25:00,18717.75,eod,-57.75,-0.4442307692307692,-4770.2683586775
2022-12-09,first,-1,107195,2022-12-09 09:20:00,18766.05,18790.0,23.950000000000728,107231,2022-12-09 09:56:00,18718.149999999998,target,47.900000000001455,2.0,2095.453057038095
2022-12-13,first,1,107945,2022-12-13 09:20:00,18616.65,18535.55,81.10000000000218,108310,2022-12-13 15:25:00,18701.95,eod,85.29999999999927,1.0517879161528603,4527.650744853952
2022-12-16,first,-1,109070,2022-12-16 09:20:00,18416.0,18777.75,361.75,109435,2022-12-16 15:25:00,18319.9,eod,96.09999999999854,0.2656530753282614,5234.571753400905
2022-12-19,first,-1,109445,2022-12-19 09:20:00,18345.0,18486.3,141.29999999999927,109764,2022-12-19 14:39:00,18486.3,stop,-141.29999999999927,-1.0,-10195.855470992952
2022-12-19,reverse,1,109764,2022-12-19 14:39:00,18486.3,18345.0,141.29999999999927,109810,2022-12-19 15:25:00,18495.05,eod,8.75,0.061924982307148234,-444.7667326735
2022-12-20,first,1,109820,2022-12-20 09:20:00,18380.05,18308.6,71.45000000000073,109834,2022-12-20 09:34:00,18308.6,stop,-71.45000000000073,-1.0,-5654.793921026548
2022-12-20,reverse,-1,109834,2022-12-20 09:34:00,18308.6,18380.05,71.45000000000073,110123,2022-12-20 14:23:00,18380.05,stop,-71.45000000000073,-1.0,-5654.793921026548
2022-12-21,first,1,110195,2022-12-21 09:20:00,18509.0,18231.9,277.09999999999854,110472,2022-12-21 13:57:00,18231.9,stop,-277.09999999999854,-1.0,-19021.287794648906
2022-12-21,reverse,-1,110472,2022-12-21 13:57:00,18231.9,18509.0,277.09999999999854,110560,2022-12-21 15:25:00,18267.7,eod,-35.79999999999927,-0.12919523637675734,-3336.1354135559527
2022-12-22,first,-1,110570,2022-12-22 09:20:00,18301.95,18514.9,212.95000000000073,110935,2022-12-22 15:25:00,18167.35,eod,134.60000000000218,0.6320732566330205,7739.1269208271415
2022-12-26,first,-1,111320,2022-12-26 09:20:00,17899.55,18237.4,337.8500000000022,111685,2022-12-26 15:25:00,18013.7,eod,-114.15000000000146,-0.33787183661388404,-8423.411656832595
2022-12-27,first,1,111695,2022-12-27 09:20:00,18118.25,17831.2,287.0499999999993,112060,2022-12-27 15:25:00,18144.55,eod,26.299999999999272,0.09162166869883065,702.0267962919527
2022-12-28,first,1,112070,2022-12-28 09:20:00,18087.65,17831.2,256.4500000000007,112435,2022-12-28 15:25:00,18113.95,eod,26.299999999999272,0.10255410411385922,702.5502772239527
2022-12-29,first,-1,112445,2022-12-29 09:20:00,18015.05,18178.4,163.35000000000218,112789,2022-12-29 15:04:00,18178.4,stop,-163.35000000000218,-1.0,-11623.520558354641
2022-12-29,reverse,1,112789,2022-12-29 15:04:00,18178.4,18015.05,163.35000000000218,112810,2022-12-29 15:25:00,18192.0,eod,13.599999999998545,0.08325681052952778,-124.3192771440946
2022-12-30,first,1,112820,2022-12-30 09:20:00,18335.25,17985.0,350.25,113185,2022-12-30 15:25:00,18219.05,eod,-116.20000000000073,-0.33176302640970945,-8562.132956023048
2023-01-02,first,-1,113195,2023-01-02 09:20:00,18197.65,18374.0,176.34999999999854,113560,2023-01-02 15:25:00,18279.15,eod,-81.5,-0.46214913524241946,-6306.173046248
2023-01-03,first,1,113570,2023-01-03 09:20:00,18224.4,18164.7,59.70000000000073,113935,2023-01-03 15:25:00,18312.2,eod,87.79999999999927,1.470686767169149,4696.825042873953
2023-01-04,first,1,113945,2023-01-04 09:20:00,18273.2,18222.85,50.35000000000218,113969,2023-01-04 09:44:00,18222.85,stop,-50.35000000000218,-1.0,-4281.769930740642
2023-01-04,reverse,-1,113969,2023-01-04 09:44:00,18222.85,18273.2,50.35000000000218,114099,2023-01-04 11:54:00,18122.149999999994,target,100.70000000000437,2.0,5536.888449550283
2023-01-05,first,-1,114320,2023-01-05 09:20:00,18115.75,18192.75,77.0,114685,2023-01-05 15:25:00,18051.6,eod,64.15000000000146,0.833116883116902,3162.8718158665947
2023-01-06,first,1,114695,2023-01-06 09:20:00,18069.45,17964.4,105.04999999999927,114895,2023-01-06 12:40:00,17964.4,stop,-105.04999999999927,-1.0,-7832.996457198453
2023-01-06,reverse,-1,114895,2023-01-06 12:40:00,17964.4,18069.45,105.04999999999927,115060,2023-01-06 15:25:00,17940.0,eod,24.400000000001455,0.232270347453609,581.6035251160946
2023-01-09,first,1,115070,2023-01-09 09:20:00,18056.6,17872.05,184.54999999999927,115435,2023-01-09 15:25:00,18167.6,eod,111.0,0.6014630181522647,6207.361470638
2023-01-10,first,1,115445,2023-01-10 09:20:00,18131.3,18079.7,51.599999999998545,115457,2023-01-10 09:32:00,18079.7,stop,-51.599999999998545,-1.0,-4360.574411709906
2023-01-10,reverse,-1,115457,2023-01-10 09:32:00,18079.7,18131.3,51.599999999998545,115648,2023-01-10 12:43:00,17976.500000000004,target,103.19999999999709,2.0,5701.844107117811
2023-01-11,first,-1,115820,2023-01-11 09:20:00,17954.35,18190.0,235.65000000000146,116185,2023-01-11 15:25:00,17957.95,eod,-3.600000000002183,-0.015276893698290517,-1238.3002484031417
2023-01-12,first,1,116195,2023-01-12 09:20:00,17995.0,17930.1,64.90000000000146,116238,2023-01-12 10:03:00,17930.1,stop,-64.90000000000146,-1.0,-5222.551129611094
2023-01-12,reverse,-1,116238,2023-01-12 10:03:00,17930.1,17995.0,64.90000000000146,116560,2023-01-12 15:25:00,17919.35,eod,10.75,0.16563944530045854,-305.0966015145
2023-01-13,first,1,116570,2023-01-13 09:20:00,17886.65,17820.05,66.60000000000218,116782,2023-01-13 12:52:00,18019.850000000006,target,133.20000000000437,2.0,7652.949082535284
2023-01-16,first,-1,116945,2023-01-16 09:20:00,18065.4,18088.15,22.75,116955,2023-01-16 09:30:00,18019.9,target,45.5,2.0,1951.432742067
2023-01-17,first,-1,117320,2023-01-17 09:20:00,17974.25,18088.15,113.90000000000146,117663,2023-01-17 15:03:00,18088.15,stop,-113.90000000000146,-1.0,-8408.438890264095
2023-01-17,reverse,1,117663,2023-01-17 15:03:00,18088.15,17974.25,113.90000000000146,117685,2023-01-17 15:25:00,18088.7,eod,0.5499999999992724,0.0048287971905115485,-970.8373834285474
2023-01-18,first,1,117695,2023-01-18 09:20:00,18107.25,17973.0,134.25,118060,2023-01-18 15:25:00,18201.9,eod,94.65000000000146,0.7050279329609047,5143.980488968595
2023-01-19,first,1,118070,2023-01-19 09:20:00,18150.3,17973.0,177.29999999999927,118435,2023-01-19 15:25:00,18105.0,eod,-45.29999999999927,-0.2554991539763083,-3951.4901916329527
2023-01-20,first,1,118445,2023-01-20 09:20:00,18108.0,18081.0,27.0,118525,2023-01-20 10:40:00,18162.0,target,54.0,2.0,2502.3031653
2023-01-23,first,-1,118820,2023-01-23 09:20:00,18128.2,18177.75,49.54999999999927,118848,2023-01-23 09:48:00,18177.75,stop,-49.54999999999927,-1.0,-4228.148569479453
2023-01-23,reverse,1,118848,2023-01-23 09:48:00,18177.75,18128.2,49.54999999999927,119025,2023-01-23 12:45:00,18128.2,stop,-49.54999999999927,-1.0,-4228.148569479453
2023-01-24,first,1,119195,2023-01-24 09:20:00,18195.0,18036.0,159.0,119560,2023-01-24 15:25:00,18118.7,eod,-76.29999999999927,-0.4798742138364734,-5966.808372456952
2023-01-25,first,-1,119570,2023-01-25 09:20:00,18061.65,18218.45,156.79999999999927,119935,2023-01-25 15:25:00,17892.05,eod,169.60000000000218,1.0816326530612435,10018.332412143141
2023-01-27,first,-1,119945,2023-01-27 09:20:00,17930.55,17951.9,21.350000000002183,119946,2023-01-27 09:21:00,17951.9,stop,-21.350000000002183,-1.0,-2391.691085644642
2023-01-27,reverse,1,119946,2023-01-27 09:21:00,17951.9,17930.55,21.350000000002183,119947,2023-01-27 09:22:00,17930.55,stop,-21.350000000002183,-1.0,-2391.691085644642
2023-01-30,first,1,120320,2023-01-30 09:20:00,17695.4,17576.8,118.60000000000218,120580,2023-01-30 13:40:00,17576.8,stop,-118.60000000000218,-1.0,-8707.152332642141
2023-01-30,reverse,-1,120580,2023-01-30 13:40:00,17576.8,17695.4,118.60000000000218,120647,2023-01-30 14:47:00,17695.4,stop,-118.60000000000218,-1.0,-8707.152332642141
2023-01-31,first,1,120695,2023-01-31 09:20:00,17725.9,17522.25,203.65000000000146,121060,2023-01-31 15:25:00,17802.0,eod,76.09999999999854,0.3736803339062018,3945.0215142809056
2023-02-01,first,1,121070,2023-02-01 09:20:00,17854.3,17522.25,332.0499999999993,121397,2023-02-01 14:47:00,17522.25,stop,-332.0499999999993,-1.0,-22581.04621934545
2023-02-01,reverse,-1,121397,2023-02-01 14:47:00,17522.25,17854.3,332.0499999999993,121435,2023-02-01 15:25:00,17677.85,eod,-155.59999999999854,-0.46860412588465256,-11111.319167360905
2023-02-02,first,-1,121445,2023-02-02 09:20:00,17554.6,18063.95,509.3500000000022,121810,2023-02-02 15:25:00,17687.6,eod,-133.0,-0.26111711004220955,-9642.811484342
2023-02-03,first,-1,121820,2023-02-03 09:20:00,17764.6,18063.95,299.3500000000022,122185,2023-02-03 15:25:00,17897.15,eod,-132.5500000000029,-0.44279271755470834,-9617.152783917689
2023-02-06,first,1,122195,2023-02-06 09:20:00,17843.0,17472.35,370.65000000000146,122560,2023-02-06 15:25:00,17801.65,eod,-41.349999999998545,-0.11156077161742448,-3689.5400371864052
2023-02-07,first,1,122570,2023-02-07 09:20:00,17841.1,17744.3,96.79999999999927,122766,2023-02-07 12:36:00,17744.3,stop,-96.79999999999927,-1.0,-7292.958853293952
2023-02-07,reverse,-1,122766,2023-02-07 12:36:00,17744.3,17841.1,96.79999999999927,122935,2023-02-07 15:25:00,17773.65,eod,-29.350000000002183,-0.3032024793388678,-2908.526494799642
2023-02-08,first,1,122945,2023-02-08 09:20:00,17836.45,17703.0,133.45000000000073,123310,2023-02-08 15:25:00,17910.2,eod,73.75,0.5526414387410985,3790.4141595935
2023-02-13,first,1,124070,2023-02-13 09:20:00,17890.85,17844.7,46.14999999999782,124082,2023-02-13 09:32:00,17844.7,stop,-46.14999999999782,-1.0,-4002.2894803353583
2023-02-13,reverse,-1,124082,2023-02-13 09:32:00,17844.7,17890.85,46.14999999999782,124247,2023-02-13 12:17:00,17752.400000000005,target,92.29999999999563,2.0,4997.3348344687165
2023-02-14,first,1,124445,2023-02-14 09:20:00,17843.7,17745.0,98.70000000000073,124810,2023-02-14 15:25:00,17944.25,eod,100.54999999999927,1.018743667679823,5531.9041155004525
2023-02-15,first,1,124820,2023-02-15 09:20:00,17903.5,17745.0,158.5,125185,2023-02-15 15:25:00,18044.55,eod,141.04999999999927,0.8899053627760206,8162.7977575394525
2023-02-16,first,1,125195,2023-02-16 09:20:00,18120.05,17872.35,247.70000000000073,125560,2023-02-16 15:25:00,18062.35,eod,-57.70000000000073,-0.23294307630198044,-4756.794093464047
2023-02-17,first,-1,125570,2023-02-17 09:20:00,17980.0,18125.5,145.5,125935,2023-02-17 15:25:00,17949.2,eod,30.799999999999272,0.21168384879724586,997.3539555879527
2023-02-20,first,1,125945,2023-02-20 09:20:00,17976.3,17893.55,82.75,126192,2023-02-20 13:27:00,17893.55,stop,-82.75,-1.0,-6382.2241201585
2023-02-20,reverse,-1,126192,2023-02-20 13:27:00,17893.55,17976.3,82.75,126310,2023-02-20 15:25:00,17866.7,eod,26.849999999998545,0.324471299093638,742.0721954974053
2023-02-21,first,-1,126320,2023-02-21 09:20:00,17879.15,18014.7,135.54999999999927,126685,2023-02-21 15:25:00,17851.95,eod,27.200000000000728,0.2006639616377785,765.0694857290473
2023-02-22,first,-1,126695,2023-02-22 09:20:00,17742.85,17895.95,153.10000000000218,127060,2023-02-22 15:25:00,17568.0,eod,174.84999999999854,1.14206401045066,10365.050387831405
2023-02-23,first,-1,127070,2023-02-23 09:20:00,17540.0,17895.95,355.9500000000007,127435,2023-02-23 15:25:00,17509.55,eod,30.450000000000728,0.08554572271386618,982.1301861245472
2023-02-28,first,1,128195,2023-02-28 09:20:00,17520.25,17392.2,128.04999999999927,128475,2023-02-28 14:00:00,17392.2,stop,-128.04999999999927,-1.0,-9318.269888944453
2023-02-28,reverse,-1,128475,2023-02-28 14:00:00,17392.2,17520.25,128.04999999999927,128560,2023-02-28 15:25:00,17405.0,eod,-12.799999999999272,-0.09996095275282581,-1826.7082978919527
2023-03-01,first,-1,128570,2023-03-01 09:20:00,17480.7,17534.0,53.29999999999927,128880,2023-03-01 14:30:00,17534.0,stop,-53.29999999999927,-1.0,-4460.831783066953
2023-03-01,reverse,1,128880,2023-03-01 14:30:00,17534.0,17480.7,53.29999999999927,128935,2023-03-01 15:25:00,17536.5,eod,2.5,0.046904315196998767,-834.635504505
2023-03-02,first,1,128945,2023-03-02 09:20:00,17496.85,17474.35,22.5,128949,2023-03-02 09:24:00,17474.35,stop,-22.5,-1.0,-2458.639881032
2023-03-02,reverse,-1,128949,2023-03-02 09:24:00,17474.35,17496.85,22.5,128982,2023-03-02 09:57:00,17429.35,target,45.0,2.0,1929.042612643
2023-03-03,first,-1,129320,2023-03-03 09:20:00,17519.0,17550.0,31.0,129330,2023-03-03 09:30:00,17550.0,stop,-31.0,-1.0,-3011.92669909
2023-03-03,reverse,1,129330,2023-03-03 09:30:00,17550.0,17519.0,31.0,129400,2023-03-03 10:40:00,17612.0,target,62.0,2.0,3031.73376518
2023-03-08,first,-1,130070,2023-03-08 09:20:00,17662.6,17863.3,200.70000000000073,130435,2023-03-08 15:25:00,17798.9,eod,-136.3000000000029,-0.6791230692576105,-9859.167986015189
2023-03-09,first,1,130445,2023-03-09 09:20:00,17793.0,17695.6,97.40000000000146,130638,2023-03-09 12:33:00,17695.6,stop,-97.40000000000146,-1.0,-7331.127353846095
2023-03-09,reverse,-1,130638,2023-03-09 12:33:00,17695.6,17793.0,97.40000000000146,130810,2023-03-09 15:25:00,17645.7,eod,49.89999999999782,0.5123203285420644,2243.770887906858
2023-03-10,first,-1,130820,2023-03-10 09:20:00,17440.8,17770.75,329.9500000000007,131185,2023-03-10 15:25:00,17457.0,eod,-16.200000000000728,-0.049098348234583096,-2048.5489010580472
2023-03-13,first,-1,131195,2023-03-13 09:20:00,17558.9,17770.75,211.84999999999854,131558,2023-03-13 15:25:00,17233.55,eod,325.3500000000022,1.5357564314373586,20151.10415425564
2023-03-14,first,-1,131568,2023-03-14 09:20:00,17211.25,17573.4,362.15000000000146,131933,2023-03-14 15:25:00,17126.2,eod,85.04999999999927,0.23484743890652748,4536.901801805453
2023-03-15,first,-1,131943,2023-03-15 09:20:00,17255.0,17277.0,22.0,131949,2023-03-15 09:26:00,17211.0,target,44.0,2.0,1867.79237774
2023-03-16,first,-1,132318,2023-03-16 09:20:00,17002.4,17262.4,260.0,132683,2023-03-16 15:25:00,17052.55,eod,-50.14999999999782,-0.192884615384607,-4247.890883369359
2023-03-17,first,1,132693,2023-03-17 09:20:00,17155.0,16919.7,235.29999999999927,133058,2023-03-17 15:25:00,17168.05,eod,13.049999999999272,0.055461113472160276,-142.5538262105473
2023-03-21,first,1,133443,2023-03-21 09:20:00,17087.8,16866.0,221.79999999999927,133808,2023-03-21 15:25:00,17155.7,eod,67.90000000000146,0.30613165013526455,3423.0557409650946
2023-03-22,first,1,133818,2023-03-22 09:20:00,17222.3,16866.0,356.2999999999993,134183,2023-03-22 15:25:00,17184.05,eod,-38.25,-0.10735335391524019,-3477.4662369235
2023-03-24,first,-1,134568,2023-03-24 09:20:00,17078.5,17238.4,159.90000000000146,134933,2023-03-24 15:25:00,16941.2,eod,137.29999999999927,0.8586616635397,7935.564048882953
2023-03-27,first,-1,134943,2023-03-27 09:20:00,16978.95,17119.85,140.89999999999782,135259,2023-03-27 14:36:00,17119.85,stop,-140.89999999999782,-1.0,-10146.485071667857
2023-03-27,reverse,1,135259,2023-03-27 14:36:00,17119.85,16978.95,140.89999999999782,135308,2023-03-27 15:25:00,17019.4,eod,-100.44999999999709,-0.7129169623846604,-7517.8176976923105
2023-03-28,first,-1,135318,2023-03-28 09:20:00,17085.95,17124.45,38.5,135387,2023-03-28 10:29:00,17008.95,target,77.0,2.0,4015.773572411
2023-03-29,first,-1,135693,2023-03-29 09:20:00,17003.7,17088.2,84.5,136046,2023-03-29 15:13:00,17088.2,stop,-84.5,-1.0,-6480.755991759
2023-03-29,reverse,1,136046,2023-03-29 15:13:00,17088.2,17003.7,84.5,136058,2023-03-29 15:25:00,17082.7,eod,-5.5,-0.0650887573964497,-1346.893876949
2023-03-31,first,1,136068,2023-03-31 09:20:00,17348.55,16942.6,405.9500000000007,136433,2023-03-31 15:25:00,17445.9,eod,97.35000000000218,0.2398078581106097,5332.420847035642
2023-04-03,first,-1,136443,2023-04-03 09:20:00,17437.7,17464.5,26.799999999999272,136573,2023-04-03 11:30:00,17384.100000000002,target,53.599999999998545,2.0,2488.692843301905
2023-04-05,first,1,136818,2023-04-05 09:20:00,17517.45,17384.0,133.45000000000073,137183,2023-04-05 15:25:00,17625.55,eod,108.09999999999854,0.810041213937789,6028.126598769905
2023-04-06,first,1,137193,2023-04-06 09:20:00,17585.05,17384.0,201.04999999999927,137558,2023-04-06 15:25:00,17649.0,eod,63.95000000000073,0.31808007958219825,3157.8560700795474
2023-04-10,first,-1,137568,2023-04-10 09:20:00,17688.9,17715.0,26.099999999998545,137723,2023-04-10 11:55:00,17715.0,stop,-26.099999999998545,-1.0,-2696.3199680789053
2023-04-10,reverse,1,137723,2023-04-10 11:55:00,17715.0,17688.9,26.099999999998545,137859,2023-04-10 14:11:00,17688.9,stop,-26.099999999998545,-1.0,-2696.3199680789053
2023-04-11,first,-1,137943,2023-04-11 09:20:00,17743.6,17754.0,10.400000000001455,137947,2023-04-11 09:24:00,17754.0,stop,-10.400000000001455,-1.0,-1676.7132863360946
2023-04-11,reverse,1,137947,2023-04-11 09:24:00,17754.0,17743.6,10.400000000001455,137977,2023-04-11 09:54:00,17774.800000000003,target,20.80000000000291,2.0,350.8373210321891
2023-04-12,first,1,138318,2023-04-12 09:20:00,17783.15,17715.95,67.20000000000073,138683,2023-04-12 15:25:00,17863.95,eod,80.79999999999927,1.2023809523809286,4249.474428968952
2023-04-13,first,-1,138693,2023-04-13 09:20:00,17830.5,17879.7,49.20000000000073,139041,2023-04-13 15:08:00,17879.7,stop,-49.20000000000073,-1.0,-4200.304803822048
2023-04-13,reverse,1,139041,2023-04-13 15:08:00,17879.7,17830.5,49.20000000000073,139058,2023-04-13 15:25:00,17884.1,eod,4.399999999997817,0.0894308943088974,-717.076837318142
2023-04-18,first,-1,139443,2023-04-18 09:20:00,17766.05,17889.0,122.95000000000073,139808,2023-04-18 15:25:00,17709.75,eod,56.29999999999927,0.4579097193981207,2658.5829873619527
2023-04-19,first,-1,139818,2023-04-19 09:20:00,17672.95,17889.0,216.04999999999927,140183,2023-04-19 15:25:00,17644.9,eod,28.049999999999272,0.1298310576255467,823.8492925614528
2023-04-20,first,-1,140193,2023-04-20 09:20:00,17709.4,17889.0,179.59999999999854,140558,2023-04-20 15:25:00,17659.65,eod,49.75,0.27700445434298665,2233.7844027295
2023-04-21,first,1,140568,2023-04-21 09:20:00,17668.4,17610.95,57.45000000000073,140757,2023-04-21 12:29:00,17610.95,stop,-57.45000000000073,-1.0,-4732.821218453547
2023-04-21,reverse,-1,140757,2023-04-21 12:29:00,17610.95,17668.4,57.45000000000073,140878,2023-04-21 14:30:00,17668.4,stop,-57.45000000000073,-1.0,-4732.821218453547
2023-04-24,first,1,140943,2023-04-24 09:20:00,17692.8,17583.15,109.64999999999782,141308,2023-04-24 15:25:00,17768.95,eod,76.15000000000146,0.694482444140474,3948.8370430825944
2023-04-25,first,1,141318,2023-04-25 09:20:00,17740.7,17634.2,106.5,141683,2023-04-25 15:25:00,17777.85,eod,37.14999999999782,0.3488262910797917,1413.5793480343582
2023-04-26,first,-1,141693,2023-04-26 09:20:00,17749.2,17822.7,73.5,142043,2023-04-26 15:10:00,17822.7,stop,-73.5,-1.0,-5778.479684559
2023-04-26,reverse,1,142043,2023-04-26 15:10:00,17822.7,17749.2,73.5,142058,2023-04-26 15:25:00,17825.45,eod,2.75,0.03741496598639456,-823.3279598215
2023-04-27,first,1,142068,2023-04-27 09:20:00,17810.5,17766.5,44.0,142392,2023-04-27 14:44:00,17898.5,target,88.0,2.0,4716.90284051
2023-04-28,first,1,142443,2023-04-28 09:20:00,18016.15,17766.5,249.65000000000146,142808,2023-04-28 15:25:00,18112.55,eod,96.39999999999782,0.3861405968355588,5259.263750392858
2023-05-02,first,1,142818,2023-05-02 09:20:00,18197.15,17965.0,232.15000000000146,143183,2023-05-02 15:25:00,18210.0,eod,12.849999999998545,0.05535214301097766,-173.37923481159453
2023-05-03,first,1,143193,2023-05-03 09:20:00,18130.0,17965.0,165.0,143558,2023-05-03 15:25:00,18150.8,eod,20.799999999999272,0.12606060606060165,344.4050063119527
2023-05-04,first,-1,143568,2023-05-04 09:20:00,18145.5,18180.0,34.5,143612,2023-05-04 10:04:00,18180.0,stop,-34.5,-1.0,-3250.153835055
2023-05-04,reverse,1,143612,2023-05-04 10:04:00,18180.0,18145.5,34.5,143793,2023-05-04 13:05:00,18249.0,target,69.0,2.0,3475.85539131
2023-05-05,first,1,143943,2023-05-05 09:20:00,18219.6,18101.0,118.59999999999854,144308,2023-05-05 15:25:00,18126.95,eod,-92.64999999999782,-0.7811973018549658,-7029.743711045358
2023-05-08,first,-1,144318,2023-05-08 09:20:00,18208.0,18222.8,14.799999999999272,144324,2023-05-08 09:26:00,18223.2,stop,-15.200000000000728,-1.0270270270271267,-1996.6708566320474
2023-05-08,reverse,1,144324,2023-05-08 09:26:00,18223.2,18208.4,14.799999999999272,144326,2023-05-08 09:28:00,18208.4,stop,-14.799999999999272,-1.0,-1970.6766180759528
2023-05-09,first,-1,144693,2023-05-09 09:20:00,18336.45,18344.7,8.25,144694,2023-05-09 09:21:00,18344.7,stop,-8.25,-1.0,-1547.0994889515
2023-05-09,reverse,1,144694,2023-05-09 09:21:00,18344.7,18336.45,8.25,144698,2023-05-09 09:25:00,18336.45,stop,-8.25,-1.0,-1547.0994889515
2023-05-10,first,-1,145068,2023-05-10 09:20:00,18350.05,18388.1,38.04999999999927,145092,2023-05-10 09:44:00,18273.95,target,76.09999999999854,2.0,3935.6459023599054
2023-05-11,first,1,145443,2023-05-11 09:20:00,18365.95,18256.0,109.95000000000073,145808,2023-05-11 15:25:00,18359.0,eod,-6.950000000000728,-0.06321055025011989,-1462.9817420695472
2023-05-12,first,-1,145818,2023-05-12 09:20:00,18282.1,18388.75,106.65000000000146,146178,2023-05-12 15:25:00,18336.6,eod,-54.5,-0.5110173464603774,-4552.544753507
2023-05-15,first,1,146188,2023-05-15 09:20:00,18348.9,18216.7,132.20000000000073,146553,2023-05-15 15:25:00,18410.85,eod,61.94999999999709,0.46860816944021744,3014.8175273023107
2023-05-16,first,-1,146563,2023-05-16 09:20:00,18413.0,18473.05,60.04999999999927,146928,2023-05-16 15:25:00,18325.0,eod,88.0,1.465445462114922,4708.10117582
2023-05-17,first,-1,146938,2023-05-17 09:20:00,18301.0,18414.0,113.0,147303,2023-05-17 15:25:00,18227.1,eod,73.90000000000146,0.6539823008849687,3793.479063559095
2023-05-18,first,1,147313,2023-05-18 09:20:00,18305.1,18157.75,147.34999999999854,147661,2023-05-18 15:08:00,18157.75,stop,-147.34999999999854,-1.0,-10585.918500888405
2023-05-18,reverse,-1,147661,2023-05-18 15:08:00,18157.75,18305.1,147.34999999999854,147678,2023-05-18 15:25:00,18183.05,eod,-25.299999999999272,-0.17170003393280978,-2652.3385252879525
2023-05-19,first,-1,147688,2023-05-19 09:20:00,18171.85,18324.3,152.45000000000073,148053,2023-05-19 15:25:00,18227.25,eod,-55.400000000001455,-0.3633978353558622,-4609.161115751094
2023-05-22,first,1,148063,2023-05-22 09:20:00,18252.75,18120.05,132.70000000000073,148428,2023-05-22 15:25:00,18324.5,eod,71.75,0.5406932931424235,3653.3212311275
2023-05-23,first,1,148438,2023-05-23 09:20:00,18378.0,18265.65,112.34999999999854,148803,2023-05-23 15:25:00,18357.0,eod,-21.0,-0.1869158878504697,-2376.23551335
2023-05-24,first,-1,148813,2023-05-24 09:20:00,18297.9,18429.0,131.09999999999854,149178,2023-05-24 15:25:00,18297.3,eod,0.6000000000021828,0.004576659038918302,-971.1660786718581
2023-05-25,first,-1,149188,2023-05-25 09:20:00,18291.85,18394.5,102.65000000000146,149553,2023-05-25 15:25:00,18322.25,eod,-30.400000000001455,-0.2961519727228546,-2986.146391901095
2023-05-26,first,1,149563,2023-05-26 09:20:00,18421.6,18203.0,218.59999999999854,149928,2023-05-26 15:25:00,18565.75,eod,144.15000000000146,0.6594236047575591,8355.389855666595
2023-05-29,first,1,149938,2023-05-29 09:20:00,18698.4,18203.0,495.40000000000146,150303,2023-05-29 15:25:00,18673.5,eod,-24.900000000001455,-0.05026241421074159,-2635.1604925590946
2023-05-30,first,-1,150313,2023-05-30 09:20:00,18691.9,18706.0,14.099999999998545,150315,2023-05-30 09:22:00,18706.0,stop,-14.099999999998545,-1.0,-1933.4460664189055
2023-05-30,reverse,1,150315,2023-05-30 09:22:00,18706.0,18691.9,14.099999999998545,150365,2023-05-30 10:12:00,18734.199999999997,target,28.19999999999709,2.0,815.444660877811
2023-06-01,first,1,151063,2023-06-01 09:20:00,18625.85,18566.0,59.849999999998545,151418,2023-06-01 15:15:00,18566.0,stop,-59.849999999998545,-1.0,-4905.165957578405
2023-06-01,reverse,-1,151418,2023-06-01 15:15:00,18566.0,18625.85,59.849999999998545,151428,2023-06-01 15:25:00,18571.2,eod,-5.200000000000728,-0.08688387635757484,-1352.7682052920472
2023-06-02,first,-1,151438,2023-06-02 09:20:00,18654.6,18659.0,4.400000000001455,151439,2023-06-02 09:21:00,18645.799999999996,target,8.80000000000291,2.0,-444.2460544438108
2023-06-06,first,-1,152188,2023-06-06 09:20:00,18683.6,18724.35,40.75,152553,2023-06-06 15:25:00,18679.65,eod,3.9499999999970896,0.0969325153373519,-760.0052763326892
2023-06-07,first,1,152563,2023-06-07 09:20:00,18712.5,18605.55,106.95000000000073,152928,2023-06-07 15:25:00,18797.35,eod,84.84999999999854,0.793361383824198,4496.767499441406
2023-06-08,first,1,152938,2023-06-08 09:20:00,18811.0,18605.55,205.45000000000073,153303,2023-06-08 15:25:00,18714.5,eod,-96.5,-0.46970065709418185,-7290.055467055
2023-06-09,first,-1,153313,2023-06-09 09:20:00,18727.6,18841.5,113.90000000000146,153678,2023-06-09 15:25:00,18628.25,eod,99.34999999999854,0.8722563652326363,5440.499930381406
2023-06-12,first,-1,153688,2023-06-12 09:20:00,18631.6,18841.5,209.90000000000146,154053,2023-06-12 15:25:00,18684.6,eod,-53.0,-0.2525011910433522,-4461.019671482
2023-06-13,first,1,154063,2023-06-13 09:20:00,18740.9,18649.0,91.90000000000146,154428,2023-06-13 15:25:00,18777.9,eod,37.0,0.402611534276381,1386.720867132
2023-06-14,first,1,154438,2023-06-14 09:20:00,18784.9,18747.0,37.900000000001455,154803,2023-06-14 15:25:00,18812.3,eod,27.399999999997817,0.7229551451186481,762.1064241078581
2023-06-15,first,-1,154813,2023-06-15 09:20:00,18790.0,18832.0,42.0,154850,2023-06-15 09:57:00,18832.0,stop,-42.0,-1.0,-3748.69971542
2023-06-15,reverse,1,154850,2023-06-15 09:57:00,18832.0,18790.0,42.0,154943,2023-06-15 11:30:00,18790.0,stop,-42.0,-1.0,-3748.69971542
2023-06-16,first,-1,155188,2023-06-16 09:20:00,18802.0,18866.55,64.54999999999927,155482,2023-06-16 14:14:00,18866.55,stop,-64.54999999999927,-1.0,-5214.7159684654525
2023-06-16,reverse,1,155482,2023-06-16 14:14:00,18866.55,18802.0,64.54999999999927,155553,2023-06-16 15:25:00,18895.0,eod,28.450000000000728,0.44074360960497366,828.9444958045473
2023-06-19,first,-1,155563,2023-06-19 09:20:00,18915.0,18954.4,39.400000000001455,155668,2023-06-19 11:05:00,18836.199999999997,target,78.80000000000291,2.0,4101.488478168189
2023-06-21,first,1,156313,2023-06-21 09:20:00,18854.45,18712.3,142.15000000000146,156678,2023-06-21 15:25:00,18894.85,eod,40.39999999999782,0.28420682377768136,1605.729370026858
2023-06-22,first,1,156688,2023-06-22 09:20:00,18869.35,18828.8,40.54999999999927,156901,2023-06-22 12:53:00,18828.8,stop,-40.54999999999927,-1.0,-3655.1095553214527
2023-06-22,reverse,-1,156901,2023-06-22 12:53:00,18828.8,18869.35,40.54999999999927,156945,2023-06-22 13:37:00,18869.35,stop,-40.54999999999927,-1.0,-3655.1095553214527
2023-06-23,first,-1,157063,2023-06-23 09:20:00,18742.75,18903.2,160.45000000000073,157428,2023-06-23 15:25:00,18705.0,eod,37.75,0.23527578684948475,1436.0742136224999
2023-06-26,first,-1,157438,2023-06-26 09:20:00,18698.75,18903.2,204.45000000000073,157803,2023-06-26 15:25:00,18711.5,eod,-12.75,-0.06236243580337469,-1845.8096010025001
2023-06-27,first,1,157813,2023-06-27 09:20:00,18747.05,18665.1,81.95000000000073,158178,2023-06-27 15:25:00,18811.0,eod,63.95000000000073,0.7803538743136078,3137.9774804395474
2023-06-28,first,1,158188,2023-06-28 09:20:00,18865.9,18730.0,135.90000000000146,158553,2023-06-28 15:25:00,18970.65,eod,104.75,0.7707873436350176,5787.3566200545
2023-06-30,first,1,158563,2023-06-30 09:20:00,19163.85,18730.0,433.84999999999854,158928,2023-06-30 15:25:00,19269.1,eod,105.25,0.24259536706234955,5814.7523220505
2023-07-03,first,1,158938,2023-07-03 09:20:00,19342.95,18730.0,612.9500000000007,159303,2023-07-03 15:25:00,19414.95,eod,72.0,0.11746471979769951,3650.917338981
2023-07-04,first,1,159313,2023-07-04 09:20:00,19459.3,19335.2,124.09999999999854,159678,2023-07-04 15:25:00,19458.1,eod,-1.2000000000007276,-0.009669621273172778,-1108.0187418140472
2023-07-05,first,-1,159688,2023-07-05 09:20:00,19444.5,19500.0,55.5,160053,2023-07-05 15:25:00,19474.0,eod,-29.5,-0.5315315315315315,-2947.362595785
2023-07-06,first,1,160063,2023-07-06 09:20:00,19458.05,19400.0,58.04999999999927,160428,2023-07-06 15:25:00,19531.1,eod,73.04999999999927,1.2583979328165407,3717.1831741684528
2023-07-07,first,1,160438,2023-07-07 09:20:00,19501.2,19490.65,10.549999999999272,160441,2023-07-07 09:23:00,19522.3,target,21.099999999998545,2.0,340.44326516490537
2023-07-10,first,-1,160813,2023-07-10 09:20:00,19415.6,19567.0,151.40000000000146,161178,2023-07-10 15:25:00,19421.0,eod,-5.400000000001455,-0.03566710700133027,-1380.3030401260946
2023-07-12,first,-1,161563,2023-07-12 09:20:00,19515.0,19562.25,47.25,161928,2023-07-12 15:25:00,19458.2,eod,56.79999999999927,1.2021164021163868,2661.1646667479527
2023-07-14,first,-1,162313,2023-07-14 09:20:00,19530.25,19614.05,83.79999999999927,162672,2023-07-14 15:19:00,19614.05,stop,-83.79999999999927,-1.0,-6478.4763459229525
2023-07-14,reverse,1,162672,2023-07-14 15:19:00,19614.05,19530.25,83.79999999999927,162678,2023-07-14 15:25:00,19617.25,eod,3.2000000000007276,0.03818615751790878,-824.7294599929527
2023-07-17,first,1,162688,2023-07-17 09:20:00,19631.95,19475.0,156.95000000000073,163053,2023-07-17 15:25:00,19727.0,eod,95.04999999999927,0.6056068811723404,5143.891349190453
2023-07-18,first,1,163063,2023-07-18 09:20:00,19775.0,19628.75,146.25,163428,2023-07-18 15:25:00,19771.55,eod,-3.4500000000007276,-0.023589743589748566,-1259.6370830455473
2023-07-19,first,-1,163438,2023-07-19 09:20:00,19803.65,19824.75,21.099999999998545,163448,2023-07-19 09:30:00,19824.75,stop,-21.099999999998545,-1.0,-2407.4839435239055
2023-07-19,reverse,1,163448,2023-07-19 09:30:00,19824.75,19803.65,21.099999999998545,163459,2023-07-19 09:41:00,19803.65,stop,-21.099999999998545,-1.0,-2407.4839435239055
2023-07-20,first,1,163813,2023-07-20 09:20:00,19813.5,19748.5,65.0,164115,2023-07-20 14:22:00,19943.5,target,130.0,2.0,7412.03212723
2023-07-21,first,1,164188,2023-07-21 09:20:00,19886.95,19796.15,90.79999999999927,164313,2023-07-21 11:25:00,19796.15,stop,-90.79999999999927,-1.0,-6938.044080990952
2023-07-21,reverse,-1,164313,2023-07-21 11:25:00,19796.15,19886.95,90.79999999999927,164553,2023-07-21 15:25:00,19805.4,eod,-9.25,-0.10187224669603606,-1637.0736015955
2023-07-24,first,1,164563,2023-07-24 09:20:00,19754.1,19730.35,23.75,164567,2023-07-24 09:24:00,19730.35,stop,-23.75,-1.0,-2578.4871488645
2023-07-24,reverse,-1,164567,2023-07-24 09:24:00,19730.35,19754.1,23.75,164576,2023-07-24 09:33:00,19754.1,stop,-23.75,-1.0,-2578.4871488645
2023-07-25,first,-1,164938,2023-07-25 09:20:00,19700.0,19789.3,89.29999999999927,165303,2023-07-25 15:25:00,19693.5,eod,6.5,0.07278835386338245,-611.636160535
2023-07-26,first,1,165313,2023-07-26 09:20:00,19724.75,19632.15,92.59999999999854,165678,2023-07-26 15:25:00,19773.2,eod,48.45000000000073,0.5232181425486122,2113.9750074005474
2023-07-27,first,1,165688,2023-07-27 09:20:00,19862.75,19781.1,81.65000000000146,165792,2023-07-27 11:04:00,19781.1,stop,-81.65000000000146,-1.0,-6343.011879298595
2023-07-27,reverse,-1,165792,2023-07-27 11:04:00,19781.1,19862.75,81.65000000000146,166004,2023-07-27 14:37:00,19617.799999999996,target,163.3000000000029,2.0,9579.400369971188
2023-07-28,first,-1,166062,2023-07-28 09:20:00,19740.25,19872.35,132.09999999999854,166427,2023-07-28 15:25:00,19734.95,eod,5.299999999999272,0.04012112036335602,-690.3279704720472
2023-07-31,first,1,166437,2023-07-31 09:20:00,19726.0,19678.0,48.0,166565,2023-07-31 11:28:00,19822.0,target,96.0,2.0,5204.01873172
2023-08-01,first,1,166812,2023-08-01 09:20:00,19856.0,19781.4,74.59999999999854,167177,2023-08-01 15:25:00,19813.75,eod,-42.25,-0.5663538873994749,-3782.4639077975
2023-08-02,first,-1,167187,2023-08-02 09:20:00,19719.1,19848.0,128.90000000000146,167552,2023-08-02 15:25:00,19594.0,eod,125.09999999999854,0.9705197827773245,7097.357739708906
2023-08-03,first,1,167562,2023-08-03 09:20:00,19567.65,19514.05,53.60000000000218,167737,2023-08-03 12:15:00,19514.05,stop,-53.60000000000218,-1.0,-4515.117559937142
2023-08-03,reverse,-1,167737,2023-08-03 12:15:00,19514.05,19567.65,53.60000000000218,167827,2023-08-03 13:45:00,19406.849999999995,target,107.20000000000437,2.0,5937.317180551284
2023-08-04,first,1,167937,2023-08-04 09:20:00,19532.45,19390.0,142.45000000000073,168302,2023-08-04 15:25:00,19575.5,eod,43.04999999999927,0.30221130221129555,1766.3425053004526
2023-08-07,first,1,168312,2023-08-07 09:20:00,19615.7,19507.5,108.20000000000073,168677,2023-08-07 15:25:00,19662.0,eod,46.29999999999927,0.42791127541588686,1976.1215175029527
2023-08-08,first,-1,168687,2023-08-08 09:20:00,19646.0,19684.0,38.0,169052,2023-08-08 15:25:00,19610.3,eod,35.70000000000073,0.9394736842105454,1287.3665747570474
2023-08-09,first,1,169062,2023-08-09 09:20:00,19591.25,19585.15,6.099999999998545,169063,2023-08-09 09:21:00,19585.15,stop,-6.099999999998545,-1.0,-1428.7054618039053
2023-08-09,reverse,-1,169063,2023-08-09 09:21:00,19585.15,19591.25,6.099999999998545,169070,2023-08-09 09:28:00,19572.950000000004,target,12.19999999999709,2.0,-239.15598574118917
2023-08-10,first,1,169437,2023-08-10 09:20:00,19615.75,19512.9,102.84999999999854,169802,2023-08-10 15:25:00,19600.95,eod,-14.799999999999272,-0.14389888186679126,-1994.4992772869527
2023-08-11,first,-1,169812,2023-08-11 09:20:00,19542.4,19701.9,159.5,170177,2023-08-11 15:25:00,19508.75,eod,33.650000000001455,0.21097178683386492,1155.8833403485946
2023-08-14,first,-1,170187,2023-08-14 09:20:00,19355.6,19552.8,197.20000000000073,170552,2023-08-14 15:25:00,19471.2,eod,-115.60000000000218,-0.5862068965517331,-8542.574544748142
2023-08-16,first,1,170562,2023-08-16 09:20:00,19382.4,19317.0,65.40000000000146,170927,2023-08-16 15:25:00,19470.0,eod,87.59999999999854,1.3394495412843517,4664.017762835905
2023-08-17,first,1,170937,2023-08-17 09:20:00,19456.65,19384.5,72.15000000000146,171053,2023-08-17 11:16:00,19384.5,stop,-72.15000000000146,-1.0,-5718.701471551594
2023-08-17,reverse,-1,171053,2023-08-17 11:16:00,19384.5,19456.65,72.15000000000146,171302,2023-08-17 15:25:00,19396.6,eod,-12.099999999998545,-0.16770616770614416,-1815.2891197709055
2023-08-21,first,-1,171687,2023-08-21 09:20:00,19358.9,19380.0,21.099999999998545,171739,2023-08-21 10:12:00,19316.700000000004,target,42.19999999999709,2.0,1714.7956310838108
2023-08-22,first,1,172062,2023-08-22 09:20:00,19398.0,19310.3,87.70000000000073,172427,2023-08-22 15:25:00,19383.3,eod,-14.700000000000728,-0.16761687571266368,-1984.2756204930474
2023-08-23,first,-1,172437,2023-08-23 09:20:00,19388.65,19432.0,43.349999999998545,172634,2023-08-23 12:37:00,19432.0,stop,-43.349999999998545,-1.0,-3846.6946025464053
2023-08-23,reverse,1,172634,2023-08-23 12:37:00,19432.0,19388.65,43.349999999998545,172802,2023-08-23 15:25:00,19432.2,eod,0.2000000000007276,0.004613610149959269,-1016.5718797619527
2023-08-25,first,-1,173187,2023-08-25 09:20:00,19270.85,19575.0,304.15000000000146,173552,2023-08-25 15:25:00,19236.0,eod,34.849999999998545,0.1145816209107295,1238.5320502714053
2023-08-28,first,-1,173562,2023-08-28 09:20:00,19263.45,19316.0,52.54999999999927,173663,2023-08-28 11:01:00,19316.0,stop,-52.54999999999927,-1.0,-4442.577651814453
2023-08-28,reverse,1,173663,2023-08-28 11:01:00,19316.0,19263.45,52.54999999999927,173927,2023-08-28 15:25:00,19317.75,eod,1.75,0.03330161750713652,-913.8597678374999
2023-08-29,first,-1,173937,2023-08-29 09:20:00,19339.45,19361.0,21.549999999999272,173969,2023-08-29 09:52:00,19361.0,stop,-21.549999999999272,-1.0,-2428.7939886244526
2023-08-29,reverse,1,173969,2023-08-29 09:52:00,19361.0,19339.45,21.549999999999272,173994,2023-08-29 10:17:00,19339.45,stop,-21.549999999999272,-1.0,-2428.7939886244526
2023-08-30,first,1,174312,2023-08-30 09:20:00,19413.0,19307.2,105.79999999999927,174677,2023-08-30 15:25:00,19343.0,eod,-70.0,-0.6616257088846926,-5578.23570916
2023-08-31,first,-1,174687,2023-08-31 09:20:00,19354.9,19444.0,89.09999999999854,175052,2023-08-31 15:25:00,19250.7,eod,104.20000000000073,1.1694725028058635,5745.031683784047
2023-09-01,first,-1,175062,2023-09-01 09:20:00,19399.9,19444.0,44.099999999998545,175258,2023-09-01 12:36:00,19444.0,stop,-44.099999999998545,-1.0,-3895.6390864789055
2023-09-01,reverse,1,175258,2023-09-01 12:36:00,19444.0,19399.9,44.099999999998545,175427,2023-09-01 15:25:00,19515.35,eod,71.34999999999854,1.617913832199567,3606.9480167464053
2023-09-04,first,1,175437,2023-09-04 09:20:00,19567.9,19236.3,331.6000000000022,175802,2023-09-04 15:25:00,19609.3,eod,41.39999999999782,0.12484921592279115,1658.509820307858
2023-09-05,first,1,175812,2023-09-05 09:20:00,19616.6,19508.25,108.34999999999854,176177,2023-09-05 15:25:00,19654.05,eod,37.45000000000073,0.3456391324411743,1400.9835929535473
2023-09-06,first,1,176187,2023-09-06 09:20:00,19626.4,19596.4,30.0,176386,2023-09-06 12:39:00,19596.4,stop,-30.0,-1.0,-2982.462534308
2023-09-06,reverse,-1,176386,2023-09-06 12:39:00,19596.4,19626.4,30.0,176527,2023-09-06 15:00:00,19626.4,stop,-30.0,-1.0,-2982.462534308
2023-09-07,first,1,176562,2023-09-07 09:20:00,19626.05,19556.1,69.95000000000073,176880,2023-09-07 14:38:00,19765.95,target,139.90000000000146,2.0,8058.596279880095
2023-09-08,first,1,176937,2023-09-08 09:20:00,19815.55,19603.0,212.54999999999927,177302,2023-09-08 15:25:00,19872.15,eod,56.60000000000218,0.2662902846389197,2642.0542824031418
2023-09-11,first,1,177312,2023-09-11 09:20:00,19955.0,19772.7,182.29999999999927,177677,2023-09-11 15:25:00,20040.0,eod,85.0,0.46626439934174624,4485.25961805
2023-09-12,first,1,177687,2023-09-12 09:20:00,20115.55,19987.3,128.25,177723,2023-09-12 09:56:00,19987.3,stop,-128.25,-1.0,-9375.6653762885
2023-09-12,reverse,-1,177723,2023-09-12 09:56:00,19987.3,20115.55,128.25,178052,2023-09-12 15:25:00,20042.8,eod,-55.5,-0.4327485380116959,-4646.718688661
2023-09-13,first,1,178062,2023-09-13 09:20:00,20039.5,19987.3,52.20000000000073,178292,2023-09-13 13:10:00,20143.9,target,104.40000000000146,2.0,5744.534627926095
2023-09-14,first,1,178437,2023-09-14 09:20:00,20168.75,19987.3,181.45000000000073,178802,2023-09-14 15:25:00,20175.9,eod,7.150000000001455,0.039404794709294165,-577.5257291864054
2023-09-15,first,1,178812,2023-09-15 09:20:00,20208.0,20095.0,113.0,179177,2023-09-15 15:25:00,20240.0,eod,32.0,0.2831858407079646,1036.69488272
2023-09-18,first,-1,179187,2023-09-18 09:20:00,20193.15,20270.0,76.84999999999854,179552,2023-09-18 15:25:00,20173.25,eod,19.900000000001455,0.25894599869878765,250.96364229609458
2023-09-20,first,-1,179562,2023-09-20 09:20:00,20078.05,20233.75,155.70000000000073,179927,2023-09-20 15:25:00,19977.4,eod,100.64999999999782,0.6464354527938173,5501.900999825358
2023-09-21,first,-1,179937,2023-09-21 09:20:00,19856.4,20029.4,173.0,180302,2023-09-21 15:25:00,19774.5,eod,81.90000000000146,0.47341040462428585,4286.892122451095
2023-09-25,first,-1,180687,2023-09-25 09:20:00,19705.0,19825.0,120.0,181052,2023-09-25 15:25:00,19696.05,eod,8.950000000000728,0.0745833333333394,-452.4650727904527
2023-09-26,first,-1,181062,2023-09-26 09:20:00,19694.55,19763.0,68.45000000000073,181427,2023-09-26 15:25:00,19675.9,eod,18.649999999997817,0.2724616508399944,178.23992267535806
2023-09-27,first,-1,181437,2023-09-27 09:20:00,19616.75,19763.0,146.25,181802,2023-09-27 15:25:00,19719.0,eod,-102.25,-0.6991452991452991,-7679.2560020575
2023-09-28,first,1,181812,2023-09-28 09:20:00,19710.4,19543.9,166.5,182095,2023-09-28 14:03:00,19543.9,stop,-166.5,-1.0,-11854.433448022999
2023-09-28,reverse,-1,182095,2023-09-28 14:03:00,19543.9,19710.4,166.5,182177,2023-09-28 15:25:00,19525.05,eod,18.850000000002183,0.11321321321322632,193.81766609064186
2023-09-29,first,-1,182187,2023-09-29 09:20:00,19655.0,19742.0,87.0,182325,2023-09-29 11:38:00,19742.0,stop,-87.0,-1.0,-6688.61912317
2023-09-29,reverse,1,182325,2023-09-29 11:38:00,19742.0,19655.0,87.0,182552,2023-09-29 15:25:00,19699.35,eod,-42.650000000001455,-0.490229885057488,-3806.5079232735943
2023-10-03,first,-1,182562,2023-10-03 09:20:00,19593.85,19794.0,200.15000000000146,182927,2023-10-03 15:25:00,19567.15,eod,26.69999999999709,0.1333999500374564,703.2343837898109
2023-10-04,first,-1,182937,2023-10-04 09:20:00,19436.65,19794.0,357.34999999999854,183302,2023-10-04 15:25:00,19475.0,eod,-38.349999999998545,-0.10731775570168939,-3522.5022310564054
2023-10-05,first,1,183312,2023-10-05 09:20:00,19555.0,19365.3,189.70000000000073,183677,2023-10-05 15:25:00,19574.1,eod,19.099999999998545,0.10068529256720334,209.5517039489054
2023-10-06,first,1,183687,2023-10-06 09:20:00,19629.6,19365.3,264.2999999999993,184052,2023-10-06 15:25:00,19680.95,eod,51.35000000000218,0.1942867953083705,2304.0609889146417
2023-10-09,first,1,184062,2023-10-09 09:20:00,19524.5,19365.3,159.20000000000073,184427,2023-10-09 15:25:00,19531.0,eod,6.5,0.04082914572864303,-608.7450403549999
2023-10-10,first,-1,184437,2023-10-10 09:20:00,19633.8,19691.0,57.20000000000073,184620,2023-10-10 12:23:00,19691.0,stop,-57.20000000000073,-1.0,-4751.175882528048
2023-10-10,reverse,1,184620,2023-10-10 12:23:00,19691.0,19633.8,57.20000000000073,184802,2023-10-10 15:25:00,19741.1,eod,50.099999999998545,0.8758741258740893,2221.7786101189054
2023-10-11,first,1,184812,2023-10-11 09:20:00,19820.9,19505.95,314.9500000000007,185177,2023-10-11 15:25:00,19847.85,eod,26.94999999999709,0.08556913795839666,715.1398258123108
2023-10-12,first,1,185187,2023-10-12 09:20:00,19865.95,19820.05,45.900000000001455,185215,2023-10-12 09:48:00,19820.05,stop,-45.900000000001455,-1.0,-4019.8315514600945
2023-10-12,reverse,-1,185215,2023-10-12 09:48:00,19820.05,19865.95,45.900000000001455,185341,2023-10-12 11:54:00,19865.95,stop,-45.900000000001455,-1.0,-4019.8315514600945
2023-10-16,first,-1,185937,2023-10-16 09:20:00,19695.0,19816.9,121.90000000000146,186302,2023-10-16 15:25:00,19737.0,eod,-42.0,-0.3445447087776825,-3764.1817495200003
2023-10-18,first,-1,186687,2023-10-18 09:20:00,19786.95,19852.7,65.75,187052,2023-10-18 15:25:00,19674.55,eod,112.40000000000146,1.7095057034220753,6270.662678985094
2023-10-19,first,-1,187062,2023-10-19 09:20:00,19564.8,19742.2,177.40000000000146,187427,2023-10-19 15:25:00,19615.0,eod,-50.20000000000073,-0.282976324689968,-4294.976559078047
2023-10-20,first,1,187437,2023-10-20 09:20:00,19565.75,19530.05,35.70000000000073,187581,2023-10-20 11:44:00,19530.05,stop,-35.70000000000073,-1.0,-3351.842880838047
2023-10-20,reverse,-1,187581,2023-10-20 11:44:00,19530.05,19565.75,35.70000000000073,187802,2023-10-20 15:25:00,19525.65,eod,4.399999999997817,0.1232492997198243,-745.2344660771419
2023-10-23,first,-1,187812,2023-10-23 09:20:00,19531.75,19669.95,138.20000000000073,188155,2023-10-23 15:03:00,19255.35,target,276.40000000000146,2.0,16935.471833569096
2023-10-25,first,-1,188187,2023-10-25 09:20:00,19333.0,19669.95,336.9500000000007,188552,2023-10-25 15:25:00,19128.9,eod,204.09999999999854,0.6057278527971452,12239.176422540906
2023-10-26,first,-1,188562,2023-10-26 09:20:00,18989.95,19669.95,680.0,188927,2023-10-26 15:25:00,18856.95,eod,133.0,0.19558823529411765,7623.352827691
2023-10-30,first,1,189312,2023-10-30 09:20:00,19106.9,18840.55,266.3500000000022,189677,2023-10-30 15:25:00,19223.9,eod,117.0,0.439271635066638,6579.307335812
2023-10-31,first,1,189687,2023-10-31 09:20:00,19214.4,19015.7,198.70000000000073,190052,2023-10-31 15:25:00,19162.95,eod,-51.45000000000073,-0.2589330649219957,-4369.3554022335475
2023-11-01,first,1,190062,2023-11-01 09:20:00,19166.9,19120.0,46.900000000001455,190090,2023-11-01 09:48:00,19120.0,stop,-46.900000000001455,-1.0,-4072.8583457090945
2023-11-01,reverse,-1,190090,2023-11-01 09:48:00,19120.0,19166.9,46.900000000001455,190427,2023-11-01 15:25:00,19053.55,eod,66.45000000000073,1.4168443496801422,3295.1981084845474
2023-11-02,first,-1,190437,2023-11-02 09:20:00,19215.0,19227.5,12.5,190439,2023-11-02 09:22:00,19227.5,stop,-12.5,-1.0,-1838.390527425
2023-11-02,reverse,1,190439,2023-11-02 09:22:00,19227.5,19215.0,12.5,190469,2023-11-02 09:52:00,19215.0,stop,-12.5,-1.0,-1838.390527425
2023-11-03,first,1,190812,2023-11-03 09:20:00,19344.95,19140.2,204.75,191177,2023-11-03 15:25:00,19305.05,eod,-39.900000000001455,-0.19487179487180198,-3621.0051115000947
2023-11-07,first,1,191562,2023-11-07 09:20:00,19460.8,19282.6,178.20000000000073,191927,2023-11-07 15:25:00,19481.4,eod,20.600000000002183,0.11560044893379405,308.64159865814185
2023-11-08,first,1,191937,2023-11-08 09:20:00,19491.2,19415.0,76.20000000000073,192302,2023-11-08 15:25:00,19488.2,eod,-3.0,-0.039370078740157105,-1225.538535634
2023-11-09,first,-1,192312,2023-11-09 09:20:00,19488.15,19522.3,34.14999999999782,192356,2023-11-09 10:04:00,19522.3,stop,-34.14999999999782,-1.0,-3250.371897724358
2023-11-09,reverse,1,192356,2023-11-09 10:04:00,19522.3,19488.15,34.14999999999782,192379,2023-11-09 10:27:00,19488.15,stop,-34.14999999999782,-1.0,-3250.371897724358
2023-11-10,first,-1,192687,2023-11-10 09:20:00,19387.55,19524.0,136.45000000000073,193052,2023-11-10 15:25:00,19493.4,eod,-105.85000000000218,-0.7757420300476484,-7909.344760229642
2023-11-13,first,1,193062,2023-11-13 09:20:00,19500.4,19407.0,93.40000000000146,193427,2023-11-13 15:25:00,19497.5,eod,-2.900000000001455,-0.031049250535347003,-1219.1973624190946
2023-11-16,first,1,193812,2023-11-16 09:20:00,19701.0,19470.0,231.0,194177,2023-11-16 15:25:00,19818.95,eod,117.95000000000073,0.5106060606060637,6630.880252980547
2023-11-17,first,1,194187,2023-11-17 09:20:00,19796.95,19470.0,326.9500000000007,194552,2023-11-17 15:25:00,19806.45,eod,9.5,0.02905643064688784,-418.449113274
2023-11-20,first,-1,194562,2023-11-20 09:20:00,19795.65,19934.0,138.34999999999854,194927,2023-11-20 15:25:00,19750.0,eod,45.650000000001455,0.32996024575353766,1931.5833802035945
2023-11-21,first,1,194937,2023-11-21 09:20:00,19828.9,19718.0,110.90000000000146,195302,2023-11-21 15:25:00,19839.45,eod,10.549999999999272,0.095130748421994,-350.76081274354726
2023-11-22,first,1,195312,2023-11-22 09:20:00,19845.0,19718.0,127.0,195677,2023-11-22 15:25:00,19887.4,eod,42.400000000001455,0.33385826771654686,1718.7550060360945
2023-11-23,first,1,195687,2023-11-23 09:20:00,19885.0,19756.05,128.95000000000073,196052,2023-11-23 15:25:00,19878.15,eod,-6.849999999998545,-0.053121364870093106,-1482.4699049714054
2023-11-24,first,-1,196062,2023-11-24 09:20:00,19862.0,19921.6,59.599999999998545,196427,2023-11-24 15:25:00,19831.45,eod,30.549999999999272,0.51258389261745,948.9074916454528
2023-11-28,first,-1,196437,2023-11-28 09:20:00,19860.5,19921.6,61.099999999998545,196742,2023-11-28 14:25:00,19921.6,stop,-61.099999999998545,-1.0,-5008.564633380905
2023-11-28,reverse,1,196742,2023-11-28 14:25:00,19921.6,19860.5,61.099999999998545,196802,2023-11-28 15:25:00,19945.6,eod,24.0,0.39279869067104045,521.709619408
2023-11-29,first,1,196812,2023-11-29 09:20:00,20003.2,19801.95,201.25,197177,2023-11-29 15:25:00,20133.7,eod,130.5,0.6484472049689441,7441.279685791
2023-11-30,first,1,197187,2023-11-30 09:20:00,20122.25,19801.95,320.2999999999993,197552,2023-11-30 15:25:00,20138.2,eod,15.950000000000728,0.049797065251329264,-4.85699522445276
2023-12-01,first,1,197562,2023-12-01 09:20:00,20351.1,19801.95,549.1499999999978,197927,2023-12-01 15:25:00,20375.8,eod,24.700000000000728,0.044978603296004414,559.8519858910473
2023-12-05,first,1,198312,2023-12-05 09:20:00,20809.0,20360.0,449.0,198677,2023-12-05 15:25:00,20942.8,eod,133.79999999999927,0.29799554565701397,7641.947156001953
2023-12-06,first,1,198687,2023-12-06 09:20:00,21025.3,20815.55,209.75,199052,2023-12-06 15:25:00,21045.05,eod,19.75,0.09415971394517282,226.6395960365
2023-12-07,first,1,199062,2023-12-07 09:20:00,20975.75,20941.25,34.5,199167,2023-12-07 11:05:00,21044.75,target,69.0,2.0,3428.027880995
2023-12-08,first,1,199437,2023-12-08 09:20:00,21052.4,20956.25,96.15000000000146,199700,2023-12-08 13:43:00,20956.25,stop,-96.15000000000146,-1.0,-7305.654631226595
2023-12-08,reverse,-1,199700,2023-12-08 13:43:00,20956.25,21052.4,96.15000000000146,199779,2023-12-08 15:02:00,21052.4,stop,-96.15000000000146,-1.0,-7305.654631226595
2023-12-11,first,1,199812,2023-12-11 09:20:00,21070.1,20949.0,121.09999999999854,200177,2023-12-11 15:25:00,21078.95,eod,8.850000000002183,0.07308009909167869,-482.4698080703581
2023-12-12,first,1,200187,2023-12-12 09:20:00,21102.8,20949.0,153.79999999999927,200552,2023-12-12 15:25:00,21018.6,eod,-84.20000000000073,-0.5474642392717889,-6529.938958254047
2023-12-13,first,-1,200562,2023-12-13 09:20:00,21013.75,21129.95,116.20000000000073,200927,2023-12-13 15:25:00,21043.0,eod,-29.25,-0.2517211703958676,-2957.9574248675
2023-12-14,first,1,200937,2023-12-14 09:20:00,21212.35,20900.1,312.25,201302,2023-12-14 15:25:00,21349.05,eod,136.70000000000073,0.4377902321857509,7823.505188346047
2023-12-15,first,1,201312,2023-12-15 09:20:00,21388.85,20900.1,488.75,201677,2023-12-15 15:25:00,21565.7,eod,176.85000000000218,0.3618414322250684,10429.657459074642
2023-12-18,first,1,201687,2023-12-18 09:20:00,21473.4,20900.1,573.3000000000029,202052,2023-12-18 15:25:00,21460.3,eod,-13.100000000002183,-0.022850165707312256,-1915.802990657142
2023-12-19,first,-1,202062,2023-12-19 09:20:00,21500.65,21524.95,24.299999999999272,202083,2023-12-19 09:41:00,21452.050000000003,target,48.599999999998545,2.0,2094.1735457529053
2023-12-21,first,-1,202812,2023-12-21 09:20:00,21142.15,21680.0,537.8499999999985,203177,2023-12-21 15:25:00,21359.4,eod,-217.25,-0.4039230268662277,-15180.6622705955
2023-12-22,first,1,203187,2023-12-22 09:20:00,21322.6,21067.3,255.29999999999927,203552,2023-12-22 15:25:00,21378.7,eod,56.10000000000218,0.219741480611055,2583.780048307142
2023-12-26,first,1,203562,2023-12-26 09:20:00,21388.7,21285.75,102.95000000000073,203927,2023-12-26 15:25:00,21492.0,eod,103.29999999999927,1.003399708596392,5649.969410672953
2023-12-28,first,1,204312,2023-12-28 09:20:00,21754.0,21526.0,228.0,204677,2023-12-28 15:25:00,21782.15,eod,28.150000000001455,0.12346491228070813,760.0525744985946
2023-12-29,first,1,204687,2023-12-29 09:20:00,21887.6,21736.6,151.0,205052,2023-12-29 15:25:00,21863.6,eod,-24.0,-0.15894039735099338,-2631.231801832
2024-01-01,first,-1,205062,2024-01-01 09:20:00,21820.0,21934.75,114.75,205344,2024-01-01 14:02:00,21934.75,stop,-114.75,-1.0,-8529.4812796475
2024-01-01,reverse,1,205344,2024-01-01 14:02:00,21934.75,21820.0,114.75,205427,2024-01-01 15:25:00,21837.4,eod,-97.34999999999854,-0.8483660130718828,-7398.731902461405
2024-01-02,first,-1,205437,2024-01-02 09:20:00,21850.05,22025.0,174.95000000000073,205802,2024-01-02 15:25:00,21746.7,eod,103.34999999999854,0.590740211488986,5647.094305732406
2024-01-03,first,1,205812,2024-01-03 09:20:00,21706.1,21674.0,32.099999999998545,205829,2024-01-03 09:37:00,21674.0,stop,-32.099999999998545,-1.0,-3154.5101721609053
2024-01-03,reverse,-1,205829,2024-01-03 09:37:00,21674.0,21706.1,32.099999999998545,206157,2024-01-03 15:05:00,21609.800000000003,target,64.19999999999709,2.0,3105.250185481811
2024-01-05,first,1,206562,2024-01-05 09:20:00,21813.6,21741.45,72.14999999999782,206656,2024-01-05 10:54:00,21741.45,stop,-72.14999999999782,-1.0,-5759.022333730358
2024-01-05,reverse,-1,206656,2024-01-05 10:54:00,21741.45,21813.6,72.14999999999782,206904,2024-01-05 15:02:00,21813.6,stop,-72.14999999999782,-1.0,-5759.022333730358
2024-01-08,first,-1,206937,2024-01-08 09:20:00,21780.05,21794.0,13.950000000000728,206940,2024-01-08 09:23:00,21794.0,stop,-13.950000000000728,-1.0,-1976.5253223205473
2024-01-08,reverse,1,206940,2024-01-08 09:23:00,21794.0,21780.05,13.950000000000728,206947,2024-01-08 09:30:00,21780.05,stop,-13.950000000000728,-1.0,-1976.5253223205473
2024-01-09,first,-1,207312,2024-01-09 09:20:00,21717.25,21794.0,76.75,207458,2024-01-09 11:46:00,21794.0,stop,-76.75,-1.0,-6057.6207756125
2024-01-09,reverse,1,207458,2024-01-09 11:46:00,21794.0,21717.25,76.75,207606,2024-01-09 14:14:00,21717.25,stop,-76.75,-1.0,-6057.6207756125
2024-01-10,first,-1,207687,2024-01-10 09:20:00,21602.2,21807.8,205.59999999999854,208052,2024-01-10 15:25:00,21718.95,eod,-116.75,-0.5678501945525332,-8655.7607343515
2024-01-11,first,1,208062,2024-01-11 09:20:00,21757.0,21527.95,229.04999999999927,208427,2024-01-11 15:25:00,21684.05,eod,-72.95000000000073,-0.318489412791971,-5810.0425421905475
2024-01-12,first,-1,208437,2024-01-12 09:20:00,21770.0,21772.65,2.650000000001455,208439,2024-01-12 09:22:00,21764.699999999997,target,5.30000000000291,2.0,-725.0513502668108
2024-01-15,first,1,208812,2024-01-15 09:20:00,22082.05,21627.0,455.0499999999993,209177,2024-01-15 15:25:00,22141.65,eod,59.60000000000218,0.13097461817383205,2798.2375574431417
2024-01-16,first,1,209187,2024-01-16 09:20:00,22080.0,21627.0,453.0,209552,2024-01-16 15:25:00,22027.9,eod,-52.099999999998545,-0.1150110375275906,-4460.618489518905
2024-01-18,first,-1,209937,2024-01-18 09:20:00,21479.0,22064.7,585.7000000000007,210302,2024-01-18 15:25:00,21546.0,eod,-67.0,-0.11439303397643831,-5419.76862025
2024-01-19,first,1,210312,2024-01-19 09:20:00,21652.4,21446.6,205.8000000000029,210677,2024-01-19 15:25:00,21675.1,eod,22.69999999999709,0.11030126336247215,407.61916772481084
2024-01-20,first,1,210687,2024-01-20 09:20:00,21741.0,21579.3,161.70000000000073,211035,2024-01-20 15:08:00,21579.3,stop,-161.70000000000073,-1.0,-11577.240506283048
2024-01-20,reverse,-1,211035,2024-01-20 15:08:00,21579.3,21741.0,161.70000000000073,211052,2024-01-20 15:25:00,21619.8,eod,-40.5,-0.2504638218923922,-3698.9128287510002
2024-01-24,first,-1,211437,2024-01-24 09:20:00,21194.15,21783.0,588.8499999999985,211802,2024-01-24 15:25:00,21489.9,eod,-295.75,-0.5022501485947197,-20284.2640794205
2024-01-25,first,1,211812,2024-01-25 09:20:00,21420.95,21220.0,200.95000000000073,212177,2024-01-25 15:25:00,21348.85,eod,-72.10000000000218,-0.3587957203284495,-5749.055903978142
2024-01-29,first,1,212187,2024-01-29 09:20:00,21648.55,21255.1,393.4500000000007,212552,2024-01-29 15:25:00,21879.15,eod,230.60000000000218,0.5860973440081376,13918.190520003142
2024-01-30,first,1,212562,2024-01-30 09:20:00,21893.95,21255.1,638.8500000000022,212927,2024-01-30 15:25:00,21637.0,eod,-256.9500000000007,-0.40220709086640033,-17769.735111729547
2024-01-31,first,-1,212937,2024-01-31 09:20:00,21604.0,21938.8,334.7999999999993,213302,2024-01-31 15:25:00,21803.0,eod,-199.0,-0.5943847072879344,-14002.26389927
2024-02-01,first,1,213312,2024-02-01 09:20:00,21805.4,21740.0,65.40000000000146,213666,2024-02-01 15:14:00,21740.0,stop,-65.40000000000146,-1.0,-5320.229278894095
2024-02-01,reverse,-1,213666,2024-02-01 15:14:00,21740.0,21805.4,65.40000000000146,213677,2024-02-01 15:25:00,21751.0,eod,-11.0,-0.1681957186544305,-1784.0822025100001
2024-02-05,first,1,214062,2024-02-05 09:20:00,21922.65,21921.0,1.6500000000014552,214063,2024-02-05 09:21:00,21921.0,stop,-1.6500000000014552,-1.0,-1179.4033305765947
2024-02-05,reverse,-1,214063,2024-02-05 09:21:00,21921.0,21922.65,1.6500000000014552,214064,2024-02-05 09:22:00,21917.699999999997,target,3.3000000000029104,2.0,-857.6399477068107
2024-02-06,first,-1,214437,2024-02-06 09:20:00,21803.0,22032.65,229.65000000000146,214802,2024-02-06 15:25:00,21997.0,eod,-194.0,-0.8447637709557969,-13680.654718
2024-02-07,first,1,214812,2024-02-07 09:20:00,22077.0,21765.0,312.0,215177,2024-02-07 15:25:00,22010.0,eod,-67.0,-0.21474358974358973,-5428.85255407
2024-02-08,first,1,215187,2024-02-08 09:20:00,22082.55,21902.35,180.20000000000073,215287,2024-02-08 11:00:00,21902.35,stop,-180.20000000000073,-1.0,-12785.317010489047
2024-02-08,reverse,-1,215287,2024-02-08 11:00:00,21902.35,22082.55,180.20000000000073,215552,2024-02-08 15:25:00,21829.55,eod,72.79999999999927,0.4039955604883406,3660.367002840953
2024-02-09,first,-1,215562,2024-02-09 09:20:00,21773.95,22086.95,313.0,215927,2024-02-09 15:25:00,21833.0,eod,-59.04999999999927,-0.18865814696485392,-4908.042901089453
2024-02-12,first,1,215937,2024-02-12 09:20:00,21871.0,21674.2,196.79999999999927,216159,2024-02-12 13:02:00,21674.2,stop,-196.79999999999927,-1.0,-13860.458878171952
2024-02-12,reverse,-1,216159,2024-02-12 13:02:00,21674.2,21871.0,196.79999999999927,216302,2024-02-12 15:25:00,21710.0,eod,-35.79999999999927,-0.18191056910568804,-3395.0235969619525
2024-02-13,first,-1,216312,2024-02-13 09:20:00,21720.0,21782.25,62.25,216362,2024-02-13 10:10:00,21782.25,stop,-62.25,-1.0,-5115.1286181225005
2024-02-13,reverse,1,216362,2024-02-13 10:10:00,21782.25,21720.0,62.25,216486,2024-02-13 12:14:00,21720.0,stop,-62.25,-1.0,-5115.1286181225005
2024-02-15,first,1,217062,2024-02-15 09:20:00,21937.95,21638.05,299.90000000000146,217427,2024-02-15 15:25:00,22018.75,eod,80.79999999999927,0.2694231410470119,4178.397351312953
2024-02-16,first,1,217437,2024-02-16 09:20:00,22060.05,21638.05,422.0,217802,2024-02-16 15:25:00,22085.1,eod,25.049999999999272,0.05936018957345799,553.3615610084527
2024-02-19,first,-1,217812,2024-02-19 09:20:00,22130.3,22139.95,9.650000000001455,217822,2024-02-19 09:30:00,22110.999999999996,target,19.30000000000291,2.0,178.82276890718924
2024-02-20,first,1,218187,2024-02-20 09:20:00,22108.25,22055.0,53.25,218356,2024-02-20 12:09:00,22214.75,target,106.5,2.0,5845.61381897
2024-02-21,first,1,218562,2024-02-21 09:20:00,22237.0,22096.05,140.95000000000073,218867,2024-02-21 14:25:00,22096.05,stop,-140.95000000000073,-1.0,-10237.274562310547
2024-02-21,reverse,-1,218867,2024-02-21 14:25:00,22096.05,22237.0,140.95000000000073,218927,2024-02-21 15:25:00,22045.25,eod,50.79999999999927,0.3604114934373821,2226.993854906953
2024-02-22,first,-1,218937,2024-02-22 09:20:00,22087.55,22270.2,182.65000000000146,219302,2024-02-22 15:25:00,22264.0,eod,-176.45000000000073,-0.9660552970161473,-12544.725129095546
2024-02-23,first,1,219312,2024-02-23 09:20:00,22273.0,21944.45,328.5499999999993,219677,2024-02-23 15:25:00,22216.5,eod,-56.5,-0.17196773702632817,-4749.8568070950005
2024-02-26,first,-1,219687,2024-02-26 09:20:00,22200.0,22324.8,124.79999999999927,220052,2024-02-26 15:25:00,22139.95,eod,60.04999999999927,0.48116987179486875,2826.4905677804527
2024-02-27,first,1,220062,2024-02-27 09:20:00,22108.1,22088.6,19.5,220069,2024-02-27 09:27:00,22147.1,target,39.0,2.0,1459.088628728
2024-02-28,first,1,220437,2024-02-28 09:20:00,22202.0,22095.2,106.79999999999927,220529,2024-02-28 10:52:00,22095.2,stop,-106.79999999999927,-1.0,-8017.417692891952
2024-02-28,reverse,-1,220529,2024-02-28 10:52:00,22095.2,22202.0,106.79999999999927,220802,2024-02-28 15:25:00,21903.0,eod,192.20000000000073,1.7996254681648132,11418.390686498047
2024-02-29,first,-1,220812,2024-02-29 09:20:00,21915.0,22228.95,313.9500000000007,221177,2024-02-29 15:25:00,21982.9,eod,-67.90000000000146,-0.2162764771460465,-5485.729801419095
2024-03-01,first,1,221187,2024-03-01 09:20:00,22239.75,21882.4,357.34999999999854,221552,2024-03-01 15:25:00,22438.35,eod,198.59999999999854,0.5557576605568753,11828.537647058905
2024-03-02,first,1,221562,2024-03-02 09:20:00,22453.5,21882.4,571.0999999999985,221662,2024-03-02 12:30:00,22507.0,eod,53.5,0.0936788653475751,2395.470942595
2024-03-04,first,1,221668,2024-03-04 09:20:00,22527.25,21882.4,644.8499999999985,222033,2024-03-04 15:25:00,22501.7,eod,-25.549999999999272,-0.03962161743040914,-2742.9021095094527
2024-03-05,first,1,222043,2024-03-05 09:20:00,22460.0,21882.4,577.5999999999985,222408,2024-03-05 15:25:00,22438.0,eod,-22.0,-0.03808864265927987,-2511.05278178
2024-03-06,first,1,222418,2024-03-06 09:20:00,22410.0,22352.0,58.0,222460,2024-03-06 10:02:00,22352.0,stop,-58.0,-1.0,-4849.67889082
2024-03-06,reverse,-1,222460,2024-03-06 10:02:00,22352.0,22410.0,58.0,222467,2024-03-06 10:09:00,22410.0,stop,-58.0,-1.0,-4849.67889082
2024-03-07,first,1,222793,2024-03-07 09:20:00,22574.4,22322.0,252.40000000000146,223158,2024-03-07 15:25:00,22540.15,eod,-34.25,-0.13569730586370762,-3309.0834035255
2024-03-11,first,1,223168,2024-03-11 09:20:00,22571.55,22322.0,249.54999999999927,223533,2024-03-11 15:25:00,22410.05,eod,-161.5,-0.6471648968142676,-11578.451788576
2024-03-12,first,-1,223543,2024-03-12 09:20:00,22442.9,22614.8,171.89999999999782,223908,2024-03-12 15:25:00,22443.0,eod,-0.09999999999854481,-0.0005817335660183017,-1087.5773980989054
2024-03-13,first,1,223918,2024-03-13 09:20:00,22461.6,22392.5,69.09999999999854,223953,2024-03-13 09:55:00,22392.5,stop,-69.09999999999854,-1.0,-5571.901743300906
2024-03-13,reverse,-1,223953,2024-03-13 09:55:00,22392.5,22461.6,69.09999999999854,224058,2024-03-13 11:40:00,22254.300000000003,target,138.1999999999971,2.0,7903.158715051811
2024-03-14,first,-1,224293,2024-03-14 09:20:00,22063.35,22537.9,474.5500000000029,224658,2024-03-14 15:25:00,22259.15,eod,-195.8000000000029,-0.4126014118638746,-13802.11344922519
2024-03-15,first,-1,224668,2024-03-15 09:20:00,22153.65,22329.6,175.9499999999971,225033,2024-03-15 15:25:00,22137.3,eod,16.350000000002183,0.09292412617222195,-13.334660329358144
2024-03-18,first,1,225043,2024-03-18 09:20:00,22089.85,22000.0,89.84999999999854,225408,2024-03-18 15:25:00,22128.65,eod,38.80000000000291,0.43183082915975,1446.4037162151892
2024-03-19,first,1,225418,2024-03-19 09:20:00,22041.3,22019.15,22.149999999997817,225421,2024-03-19 09:23:00,22019.15,stop,-22.149999999997817,-1.0,-2513.637828224358
2024-03-19,reverse,-1,225421,2024-03-19 09:23:00,22019.15,22041.3,22.149999999997817,225442,2024-03-19 09:44:00,22041.3,stop,-22.149999999997817,-1.0,-2513.637828224358
2024-03-20,first,-1,225793,2024-03-20 09:20:00,21948.05,22219.3,271.25,226158,2024-03-20 15:25:00,21919.0,eod,29.049999999999272,0.1070967741935457,815.7169199494527
2024-03-22,first,1,226543,2024-03-22 09:20:00,22028.0,22020.0,8.0,226545,2024-03-22 09:22:00,22020.0,stop,-8.0,-1.0,-1593.8641132799999
2024-03-22,reverse,-1,226545,2024-03-22 09:22:00,22020.0,22028.0,8.0,226548,2024-03-22 09:25:00,22004.0,target,16.0,2.0,-33.79922664000003
2024-03-26,first,1,226918,2024-03-26 09:20:00,22104.0,21953.85,150.15000000000146,227283,2024-03-26 15:25:00,22093.05,eod,-10.950000000000728,-0.07292707292707706,-1786.8717713505473
2024-03-27,first,-1,227293,2024-03-27 09:20:00,22088.85,22150.0,61.150000000001455,227307,2024-03-27 09:34:00,22150.0,stop,-61.150000000001455,-1.0,-5049.935642248594
2024-03-27,reverse,1,227307,2024-03-27 09:34:00,22150.0,22088.85,61.150000000001455,227658,2024-03-27 15:25:00,22190.0,eod,40.0,0.6541291905151112,1523.3574326
2024-03-28,first,1,227668,2024-03-28 09:20:00,22212.4,22071.1,141.3000000000029,227959,2024-03-28 14:11:00,22495.000000000007,target,282.6000000000058,2.0,17287.795626286377
2024-04-01,first,1,228043,2024-04-01 09:20:00,22598.0,22071.1,526.9000000000015,228408,2024-04-01 15:25:00,22604.65,eod,6.650000000001455,0.01262099070032537,-651.5762415664053
2024-04-02,first,1,228418,2024-04-02 09:20:00,22551.65,22071.1,480.5500000000029,228783,2024-04-02 15:25:00,22577.45,eod,25.799999999999272,0.05368848194776634,593.6908489489526
2024-04-05,first,1,229543,2024-04-05 09:20:00,22512.15,22420.5,91.65000000000146,229908,2024-04-05 15:25:00,22604.6,eod,92.44999999999709,1.0087288597926418,4925.656583532311
2024-04-08,first,1,229918,2024-04-08 09:20:00,22634.6,22506.6,128.0,230283,2024-04-08 15:25:00,22751.05,eod,116.45000000000073,0.9097656250000057,6483.216117803548
2024-04-09,first,1,230293,2024-04-09 09:20:00,22778.35,22506.6,271.75,230658,2024-04-09 15:25:00,22736.35,eod,-42.0,-0.1545538178472861,-3816.210793067
2024-04-10,first,-1,230668,2024-04-10 09:20:00,22758.95,22845.0,86.04999999999927,231033,2024-04-10 15:25:00,22804.95,eod,-46.0,-0.5345729227193537,-4076.608230679
2024-04-15,first,-1,231418,2024-04-15 09:20:00,22431.2,22829.0,397.7999999999993,231783,2024-04-15 15:25:00,22364.0,eod,67.20000000000073,0.16892911010558284,3287.3047093280475
2024-04-16,first,-1,231793,2024-04-16 09:20:00,22205.0,22517.55,312.5499999999993,232158,2024-04-16 15:25:00,22210.4,eod,-5.400000000001455,-0.01727723564230193,-1428.0219195940945
2024-04-18,first,1,232168,2024-04-18 09:20:00,22267.1,22114.0,153.09999999999854,232491,2024-04-18 14:43:00,22114.0,stop,-153.09999999999854,-1.0,-11027.364485770906
2024-04-18,reverse,-1,232491,2024-04-18 14:43:00,22114.0,22267.1,153.09999999999854,232533,2024-04-18 15:25:00,22085.75,eod,28.25,0.18451992161985806,760.8758139024999
2024-04-19,first,-1,232543,2024-04-19 09:20:00,21828.0,22342.0,514.0,232908,2024-04-19 15:25:00,22119.75,eod,-291.75,-0.5676070038910506,-20035.0966763775
2024-04-22,first,1,232918,2024-04-22 09:20:00,22246.15,21813.6,432.5500000000029,233283,2024-04-22 15:25:00,22365.85,eod,119.69999999999709,0.2767310137556266,6701.0646056798105
2024-04-23,first,1,233293,2024-04-23 09:20:00,22393.6,22231.7,161.89999999999782,233658,2024-04-23 15:25:00,22358.3,eod,-35.29999999999927,-0.2180358245830744,-3374.225294358953
2024-04-24,first,-1,233668,2024-04-24 09:20:00,22412.2,22417.0,4.799999999999272,233669,2024-04-24 09:21:00,22417.0,stop,-4.799999999999272,-1.0,-1392.5649134119526
2024-04-24,reverse,1,233669,2024-04-24 09:21:00,22417.0,22412.2,4.799999999999272,233670,2024-04-24 09:22:00,22410.15,stop,-6.849999999998545,-1.4270833333332464,-1525.7853860114053
2024-04-25,first,-1,234043,2024-04-25 09:20:00,22336.15,22488.0,151.84999999999854,234101,2024-04-25 10:18:00,22488.0,stop,-151.84999999999854,-1.0,-10949.911475181405
2024-04-25,reverse,1,234101,2024-04-25 10:18:00,22488.0,22336.15,151.84999999999854,234408,2024-04-25 15:25:00,22575.7,eod,87.70000000000073,0.5775436285808466,4617.388140043047
2024-04-29,first,-1,234793,2024-04-29 09:20:00,22630.95,22700.0,69.04999999999927,235036,2024-04-29 13:23:00,22700.0,stop,-69.04999999999927,-1.0,-5572.730824729453
2024-04-29,reverse,1,235036,2024-04-29 13:23:00,22700.0,22630.95,69.04999999999927,235158,2024-04-29 15:25:00,22747.35,eod,47.349999999998545,0.6857349746560325,1991.5925950664055
2024-04-30,first,1,235168,2024-04-30 09:20:00,22766.0,22530.05,235.95000000000073,235533,2024-04-30 15:25:00,22709.9,eod,-56.099999999998545,-0.23776223776223085,-4732.2964279989055
2024-05-02,first,-1,235543,2024-05-02 09:20:00,22720.95,22850.0,129.04999999999927,235908,2024-05-02 15:25:00,22775.0,eod,-54.04999999999927,-0.41882991088724975,-4599.229920379453
2024-05-06,first,1,236293,2024-05-06 09:20:00,22623.2,22470.0,153.20000000000073,236658,2024-05-06 15:25:00,22548.9,eod,-74.29999999999927,-0.48498694516970575,-5912.591371280952
2024-05-07,first,1,236668,2024-05-07 09:20:00,22540.0,22510.0,30.0,236704,2024-05-07 09:56:00,22510.0,stop,-30.0,-1.0,-3032.3061305
2024-05-07,reverse,-1,236704,2024-05-07 09:56:00,22510.0,22540.0,30.0,236734,2024-05-07 10:26:00,22450.0,target,60.0,2.0,2817.9371944
2024-05-08,first,1,237043,2024-05-08 09:20:00,22313.95,22312.65,1.2999999999992724,237044,2024-05-08 09:21:00,22316.55,target,2.599999999998545,2.0,-909.9086011050945
2024-05-09,first,-1,237418,2024-05-09 09:20:00,22361.6,22489.9,128.3000000000029,237741,2024-05-09 14:43:00,22104.999999999993,target,256.6000000000058,2.0,15600.007435574378
2024-05-10,first,-1,237793,2024-05-10 09:20:00,22074.5,22489.9,415.40000000000146,238158,2024-05-10 15:25:00,22130.85,eod,-56.349999999998545,-0.13565238324506101,-4737.677176313406
2024-05-14,first,1,238543,2024-05-14 09:20:00,22223.55,21900.0,323.5499999999993,238908,2024-05-14 15:25:00,22311.2,eod,87.65000000000146,0.2709009426672899,4618.662864552594
2024-05-15,first,-1,238918,2024-05-15 09:20:00,22339.9,22362.15,22.25,238942,2024-05-15 09:44:00,22362.15,stop,-22.25,-1.0,-2525.6252394005
2024-05-15,reverse,1,238942,2024-05-15 09:44:00,22362.15,22339.9,22.25,238955,2024-05-15 09:57:00,22339.9,stop,-22.25,-1.0,-2525.6252394005
2024-05-17,first,1,239668,2024-05-17 09:20:00,22446.85,22154.95,291.8999999999978,240033,2024-05-17 15:25:00,22505.1,eod,58.25,0.19955464200068665,2704.2662884604997
2024-05-18,first,-1,240043,2024-05-18 09:20:00,22518.05,22546.0,27.950000000000728,240083,2024-05-18 11:30:00,22546.0,stop,-27.950000000000728,-1.0,-2899.188301220547
2024-05-18,reverse,1,240083,2024-05-18 11:30:00,22546.0,22518.05,27.950000000000728,240143,2024-05-18 12:30:00,22540.5,eod,-5.5,-0.19677996422181956,-1440.261662265
2024-05-21,first,1,240149,2024-05-21 09:20:00,22548.0,22469.6,78.40000000000146,240514,2024-05-21 15:25:00,22605.95,eod,57.95000000000073,0.7391581632653017,2683.0402142405474
2024-05-22,first,-1,240524,2024-05-22 09:20:00,22615.7,22676.9,61.20000000000073,240805,2024-05-22 14:01:00,22676.9,stop,-61.20000000000073,-1.0,-5062.198716286048
2024-05-22,reverse,1,240805,2024-05-22 14:01:00,22676.9,22615.7,61.20000000000073,240860,2024-05-22 14:56:00,22615.7,stop,-61.20000000000073,-1.0,-5062.198716286048
2024-05-23,first,1,240899,2024-05-23 09:20:00,22666.65,22611.0,55.650000000001455,241037,2024-05-23 11:38:00,22777.950000000004,target,111.30000000000291,2.0,6147.992009994189
2024-05-24,first,1,241274,2024-05-24 09:20:00,23005.0,22611.0,394.0,241639,2024-05-24 15:25:00,23010.55,eod,5.549999999999272,0.014086294416241808,-730.0230361355473
2024-05-27,first,1,241649,2024-05-27 09:20:00,23038.45,22611.0,427.4500000000007,242014,2024-05-27 15:25:00,23004.0,eod,-34.45000000000073,-0.08059422154638125,-3330.019128244547
2024-05-28,first,-1,242024,2024-05-28 09:20:00,23001.35,23177.0,175.65000000000146,242389,2024-05-28 15:25:00,22931.0,eod,70.34999999999854,0.4005123825789807,3482.3095442164054
2024-05-29,first,-1,242399,2024-05-29 09:20:00,22833.95,23007.7,173.75,242764,2024-05-29 15:25:00,22733.55,eod,100.40000000000146,0.5778417266187134,5438.504536325095
2024-05-30,first,-1,242774,2024-05-30 09:20:00,22689.0,22852.0,163.0,243139,2024-05-30 15:25:00,22486.9,eod,202.09999999999854,1.239877300613488,12051.759185000905
2024-06-04,first,1,243899,2024-06-04 09:20:00,22904.65,22630.0,274.65000000000146,243908,2024-06-04 09:29:00,22630.0,stop,-274.65000000000146,-1.0,-18937.270435086593
2024-06-04,reverse,-1,243908,2024-06-04 09:29:00,22630.0,22904.65,274.65000000000146,243934,2024-06-04 09:55:00,22904.65,stop,-274.65000000000146,-1.0,-18937.270435086593
2024-06-05,first,-1,244274,2024-06-05 09:20:00,21933.8,22299.5,365.7000000000007,244374,2024-06-05 11:00:00,22299.5,stop,-365.7000000000007,-1.0,-24843.85655221305
2024-06-05,reverse,1,244374,2024-06-05 11:00:00,22299.5,21933.8,365.7000000000007,244639,2024-06-05 15:25:00,22596.55,eod,297.0499999999993,0.8122778233524711,18225.347455259453
2024-06-06,first,1,244649,2024-06-06 09:20:00,22719.7,21736.65,983.0499999999993,245014,2024-06-06 15:25:00,22927.9,eod,208.20000000000073,0.21178983774986102,12444.188762164047
2024-06-07,first,1,245024,2024-06-07 09:20:00,22909.95,22750.0,159.95000000000073,245176,2024-06-07 11:52:00,23229.850000000002,target,319.90000000000146,2.0,19699.825230322094
2024-06-10,first,1,245399,2024-06-10 09:20:00,23379.75,22750.0,629.75,245764,2024-06-10 15:25:00,23226.95,eod,-152.79999999999927,-0.24263596665343276,-11026.903155186952
2024-06-11,first,-1,245774,2024-06-11 09:20:00,23280.0,23410.0,130.0,246028,2024-06-11 13:34:00,23410.0,stop,-130.0,-1.0,-9545.7490509
2024-06-11,reverse,1,246028,2024-06-11 13:34:00,23410.0,23280.0,130.0,246139,2024-06-11 15:25:00,23298.0,eod,-112.0,-0.8615384615384616,-8376.00831588
2024-06-12,first,-1,246149,2024-06-12 09:20:00,23349.6,23445.9,96.30000000000291,246230,2024-06-12 10:41:00,23445.9,stop,-96.30000000000291,-1.0,-7356.3486017551895
2024-06-12,reverse,1,246230,2024-06-12 10:41:00,23445.9,23349.6,96.30000000000291,246438,2024-06-12 14:09:00,23349.6,stop,-96.30000000000291,-1.0,-7356.3486017551895
2024-06-13,first,-1,246524,2024-06-13 09:20:00,23450.0,23472.6,22.599999999998545,246543,2024-06-13 09:39:00,23404.800000000003,target,45.19999999999709,2.0,1839.8163941718108
2024-06-14,first,-1,246899,2024-06-14 09:20:00,23420.0,23432.85,12.849999999998545,246902,2024-06-14 09:23:00,23394.300000000003,target,25.69999999999709,2.0,572.7768903768108
2024-06-18,first,1,247274,2024-06-18 09:20:00,23553.15,23352.0,201.15000000000146,247639,2024-06-18 15:25:00,23574.35,eod,21.19999999999709,0.10539398458860023,277.62422472481086
2024-06-19,first,1,247649,2024-06-19 09:20:00,23599.55,23352.0,247.54999999999927,248014,2024-06-19 15:25:00,23502.55,eod,-97.0,-0.39184003231670483,-7404.467043581
2024-06-20,first,-1,248024,2024-06-20 09:20:00,23481.05,23579.0,97.95000000000073,248246,2024-06-20 13:02:00,23579.6,stop,-98.54999999999927,-1.0061255742725732,-7504.853428946452
2024-06-20,reverse,1,248246,2024-06-20 13:02:00,23579.6,23481.649999999998,97.95000000000073,248389,2024-06-20 15:25:00,23585.0,eod,5.400000000001455,0.05513016845330694,-749.6006842059054
2024-06-21,first,1,248399,2024-06-21 09:20:00,23604.05,23445.9,158.14999999999782,248626,2024-06-21 13:07:00,23442.45,stop,-161.59999999999854,-1.0218147328485665,-11602.613552864905
2024-06-21,reverse,-1,248626,2024-06-21 13:07:00,23442.45,23600.6,158.14999999999782,248764,2024-06-21 15:25:00,23475.4,eod,-32.95000000000073,-0.2083465064811962,-3240.015733438547
2024-06-24,first,-1,248774,2024-06-24 09:20:00,23389.6,23594.0,204.40000000000146,249139,2024-06-24 15:25:00,23550.2,eod,-160.60000000000218,-0.7857142857142908,-11536.706732678142
2024-06-25,first,1,249149,2024-06-25 09:20:00,23581.35,23495.0,86.34999999999854,249514,2024-06-25 15:25:00,23736.8,eod,155.45000000000073,1.8002316155182785,9001.458116478547
2024-06-26,first,1,249524,2024-06-26 09:20:00,23706.5,23571.15,135.34999999999854,249889,2024-06-26 15:25:00,23862.35,eod,155.84999999999854,1.1514591799039544,9025.311386451405
2024-06-27,first,1,249899,2024-06-27 09:20:00,23838.95,23676.0,162.95000000000073,250264,2024-06-27 15:25:00,24049.0,eod,210.04999999999927,1.2890457195458627,12545.264859500452
2024-07-01,first,-1,250649,2024-07-01 09:20:00,24099.7,24229.9,130.20000000000073,251014,2024-07-01 15:25:00,24211.0,eod,-111.29999999999927,-0.8548387096774089,-8344.221281626953
2024-07-02,first,1,251024,2024-07-02 09:20:00,24233.85,24082.0,151.84999999999854,251389,2024-07-02 15:25:00,24205.55,eod,-28.299999999999272,-0.18636812644056333,-2950.8076812339527
2024-07-04,first,1,251774,2024-07-04 09:20:00,24398.0,24122.0,276.0,252139,2024-07-04 15:25:00,24371.0,eod,-27.0,-0.09782608695652174,-2869.13455609
2024-07-05,first,-1,252149,2024-07-05 09:20:00,24266.6,24454.9,188.3000000000029,252514,2024-07-05 15:25:00,24378.3,eod,-111.70000000000073,-0.5932023366967552,-8373.077558089048
2024-07-08,first,1,252524,2024-07-08 09:20:00,24357.95,24240.0,117.95000000000073,252889,2024-07-08 15:25:00,24379.05,eod,21.099999999998545,0.17888935989824853,257.3577744299054
2024-07-09,first,1,252899,2024-07-09 09:20:00,24397.3,24286.85,110.45000000000073,253264,2024-07-09 15:25:00,24482.0,eod,84.70000000000073,0.7668628338614774,4389.7685357270475
2024-07-10,first,1,253274,2024-07-10 09:20:00,24451.6,24286.85,164.75,253349,2024-07-10 10:35:00,24286.85,stop,-164.75,-1.0,-11821.8174058045
2024-07-10,reverse,-1,253349,2024-07-10 10:35:00,24286.85,24451.6,164.75,253639,2024-07-10 15:25:00,24349.0,eod,-62.150000000001455,-0.3772382397572167,-5152.5400154185945
2024-07-11,first,-1,253649,2024-07-11 09:20:00,24379.05,24510.2,131.15000000000146,254014,2024-07-11 15:25:00,24398.85,eod,-19.799999999999272,-0.15097216927181892,-2401.2528032189525
2024-07-12,first,-1,254024,2024-07-12 09:20:00,24396.4,24510.2,113.79999999999927,254119,2024-07-12 10:55:00,24510.2,stop,-113.79999999999927,-1.0,-8511.803752825952
2024-07-12,reverse,1,254119,2024-07-12 10:55:00,24510.2,24396.4,113.79999999999927,254389,2024-07-12 15:25:00,24521.0,eod,10.799999999999272,0.09490333919155836,-414.59844263204724
2024-07-15,first,-1,254399,2024-07-15 09:20:00,24562.9,24593.7,30.799999999999272,254478,2024-07-15 10:39:00,24593.7,stop,-30.799999999999272,-1.0,-3119.427705325953
2024-07-15,reverse,1,254478,2024-07-15 10:39:00,24593.7,24562.9,30.799999999999272,254764,2024-07-15 15:25:00,24624.0,eod,30.299999999999272,0.9837662337662334,851.1922341029526
2024-07-16,first,-1,254774,2024-07-16 09:20:00,24627.0,24639.9,12.900000000001455,254789,2024-07-16 09:35:00,24639.9,stop,-12.900000000001455,-1.0,-1956.9758835090947
2024-07-16,reverse,1,254789,2024-07-16 09:35:00,24639.9,24627.0,12.900000000001455,254806,2024-07-16 09:52:00,24627.0,stop,-12.900000000001455,-1.0,-1956.9758835090947
2024-07-18,first,-1,255149,2024-07-18 09:20:00,24578.95,24687.95,109.0,255199,2024-07-18 10:10:00,24687.95,stop,-109.0,-1.0,-8202.913698509
2024-07-18,reverse,1,255199,2024-07-18 10:10:00,24687.95,24578.95,109.0,255262,2024-07-18 11:13:00,24578.95,stop,-109.0,-1.0,-8202.913698509
2024-07-19,first,1,255524,2024-07-19 09:20:00,24759.5,24527.35,232.15000000000146,255860,2024-07-19 14:56:00,24527.35,stop,-232.15000000000146,-1.0,-16207.113915528595
2024-07-19,reverse,-1,255860,2024-07-19 14:56:00,24527.35,24759.5,232.15000000000146,255889,2024-07-19 15:25:00,24535.25,eod,-7.900000000001455,-0.034029722162401056,-1630.2576309860947
2024-07-22,first,-1,255899,2024-07-22 09:20:00,24407.0,24837.8,430.7999999999993,256264,2024-07-22 15:25:00,24505.35,eod,-98.34999999999854,-0.22829619312905922,-7507.693318583405
2024-07-23,first,-1,256274,2024-07-23 09:20:00,24514.7,24550.0,35.29999999999927,256316,2024-07-23 10:02:00,24444.100000000002,target,70.59999999999854,2.0,3472.671008731905
2024-07-24,first,1,256649,2024-07-24 09:20:00,24445.05,24070.3,374.75,257014,2024-07-24 15:25:00,24415.0,eod,-30.049999999999272,-0.08018679119412747,-3068.1455197804526
2024-07-26,first,1,257399,2024-07-26 09:20:00,24500.45,24200.05,300.40000000000146,257764,2024-07-26 15:25:00,24898.3,eod,397.84999999999854,1.3244007989347424,24738.243435512406
2024-07-29,first,1,257774,2024-07-29 09:20:00,24975.7,24200.05,775.6500000000015,258139,2024-07-29 15:25:00,24920.0,eod,-55.70000000000073,-0.07181073937987574,-4744.104013477047
2024-07-30,first,-1,258149,2024-07-30 09:20:00,24886.5,25075.0,188.5,258514,2024-07-30 15:25:00,24925.75,eod,-39.25,-0.20822281167108753,-3674.2364472225
2024-07-31,first,-1,258524,2024-07-31 09:20:00,24950.0,25011.7,61.70000000000073,258587,2024-07-31 10:23:00,25011.7,stop,-61.70000000000073,-1.0,-5134.633451737047
2024-07-31,reverse,1,258587,2024-07-31 10:23:00,25011.7,24950.0,61.70000000000073,258634,2024-07-31 11:10:00,24950.0,stop,-61.70000000000073,-1.0,-5134.633451737047
2024-08-01,first,1,258899,2024-08-01 09:20:00,25102.0,24905.25,196.75,259264,2024-08-01 15:25:00,25038.0,eod,-64.0,-0.3252858958068615,-5285.6451054
2024-08-05,first,-1,259649,2024-08-05 09:20:00,24313.1,25043.25,730.1500000000015,260014,2024-08-05 15:25:00,24102.4,eod,210.6999999999971,0.2885708416078842,12582.998600044812
2024-08-06,first,1,260024,2024-08-06 09:20:00,24352.2,23912.5,439.7000000000007,260389,2024-08-06 15:25:00,24071.2,eod,-281.0,-0.6390720946099603,-19374.692528474
2024-08-07,first,-1,260399,2024-08-07 09:20:00,24325.35,24398.0,72.65000000000146,260764,2024-08-07 15:25:00,24363.45,eod,-38.10000000000218,-0.5244322092223183,-3589.8836215681417
2024-08-08,first,1,260774,2024-08-08 09:20:00,24238.55,24209.95,28.599999999998545,260820,2024-08-08 10:06:00,24209.95,stop,-28.599999999998545,-1.0,-2970.3837640849056
2024-08-08,reverse,-1,260820,2024-08-08 10:06:00,24209.95,24238.55,28.599999999998545,260841,2024-08-08 10:27:00,24238.55,stop,-28.599999999998545,-1.0,-2970.3837640849056
2024-08-12,first,1,261524,2024-08-12 09:20:00,24360.6,24317.9,42.69999999999709,261549,2024-08-12 09:45:00,24317.9,stop,-42.69999999999709,-1.0,-3888.7686093848106
2024-08-12,reverse,-1,261549,2024-08-12 09:45:00,24317.9,24360.6,42.69999999999709,261596,2024-08-12 10:32:00,24360.6,stop,-42.69999999999709,-1.0,-3888.7686093848106
2024-08-13,first,-1,261899,2024-08-13 09:20:00,24344.0,24490.1,146.09999999999854,262264,2024-08-13 15:25:00,24159.9,eod,184.09999999999854,1.2600958247775522,10853.398070920906
2024-08-14,first,-1,262274,2024-08-14 09:20:00,24156.6,24490.1,333.5,262639,2024-08-14 15:25:00,24177.0,eod,-20.400000000001455,-0.061169415292358184,-2436.4489242960944
2024-08-19,first,1,263024,2024-08-19 09:20:00,24640.95,24233.0,407.9500000000007,263389,2024-08-19 15:25:00,24598.2,eod,-42.75,-0.1047922539526901,-3896.8138983315002
2024-08-20,first,1,263399,2024-08-20 09:20:00,24641.75,24533.0,108.75,263764,2024-08-20 15:25:00,24710.0,eod,68.25,0.6275862068965518,3316.5736151825
2024-08-21,first,1,263774,2024-08-21 09:20:00,24725.1,24533.0,192.09999999999854,264139,2024-08-21 15:25:00,24800.85,eod,75.75,0.39432587194170005,3802.5397013205
2024-08-22,first,1,264149,2024-08-22 09:20:00,24822.5,24685.05,137.45000000000073,264514,2024-08-22 15:25:00,24842.55,eod,20.049999999999272,0.14587122590032134,181.17573916945275
2024-08-23,first,-1,264524,2024-08-23 09:20:00,24821.55,24870.35,48.79999999999927,264610,2024-08-23 10:46:00,24870.35,stop,-48.79999999999927,-1.0,-4293.901152758953
2024-08-23,reverse,1,264610,2024-08-23 10:46:00,24870.35,24821.55,48.79999999999927,264889,2024-08-23 15:25:00,24858.0,eod,-12.349999999998545,-0.2530737704917772,-1925.1761643434054
2024-08-26,first,1,264899,2024-08-26 09:20:00,24889.3,24791.0,98.29999999999927,265264,2024-08-26 15:25:00,25043.65,eod,154.35000000000218,1.5701932858596472,8907.598572050641
2024-08-27,first,1,265274,2024-08-27 09:20:00,25030.95,24791.0,239.95000000000073,265639,2024-08-27 15:25:00,25013.0,eod,-17.950000000000728,-0.07480725151073421,-2291.8429236595475
2024-08-28,first,-1,265649,2024-08-28 09:20:00,25039.5,25093.25,53.75,265768,2024-08-28 11:19:00,25093.25,stop,-53.75,-1.0,-4619.3930542275
2024-08-28,reverse,1,265768,2024-08-28 11:19:00,25093.25,25039.5,53.75,265982,2024-08-28 14:53:00,25039.5,stop,-53.75,-1.0,-4619.3930542275
2024-08-29,first,-1,266024,2024-08-29 09:20:00,25044.0,25144.85,100.84999999999854,266213,2024-08-29 12:29:00,25144.85,stop,-100.84999999999854,-1.0,-7681.097376748406
2024-08-29,reverse,1,266213,2024-08-29 12:29:00,25144.85,25044.0,100.84999999999854,266307,2024-08-29 14:03:00,25044.0,stop,-100.84999999999854,-1.0,-7681.097376748406
2024-09-02,first,1,266774,2024-09-02 09:20:00,25393.05,25314.0,79.04999999999927,266984,2024-09-02 12:50:00,25314.0,stop,-79.04999999999927,-1.0,-6268.657387450453
2024-09-02,reverse,-1,266984,2024-09-02 12:50:00,25314.0,25393.05,79.04999999999927,267139,2024-09-02 15:25:00,25339.15,eod,-25.150000000001455,-0.3181530676787057,-2765.0116628715946
2024-09-03,first,-1,267149,2024-09-03 09:20:00,25333.4,25419.95,86.54999999999927,267514,2024-09-03 15:25:00,25351.0,eod,-17.599999999998545,-0.20335066435584856,-2274.573130683905
2024-09-04,first,-1,267524,2024-09-04 09:20:00,25170.2,25398.0,227.79999999999927,267889,2024-09-04 15:25:00,25244.15,eod,-73.95000000000073,-0.324626865671646,-5934.683580803548
2024-09-05,first,1,267899,2024-09-05 09:20:00,25321.2,25206.05,115.15000000000146,268264,2024-09-05 15:25:00,25234.15,eod,-87.04999999999927,-0.7559704732956853,-6787.313004813453
2024-09-06,first,-1,268274,2024-09-06 09:20:00,25158.95,25324.8,165.84999999999854,268639,2024-09-06 15:25:00,24909.25,eod,249.70000000000073,1.5055773289116847,15103.633898798047
2024-09-10,first,1,269024,2024-09-10 09:20:00,25022.05,24881.2,140.84999999999854,269389,2024-09-10 15:25:00,25095.2,eod,73.15000000000146,0.5193468228612156,3628.4971617275946
2024-09-11,first,-1,269399,2024-09-11 09:20:00,25059.3,25173.95,114.65000000000146,269764,2024-09-11 15:25:00,24952.0,eod,107.29999999999927,0.9358918447448575,5848.953639206953
2024-09-12,first,-1,269774,2024-09-12 09:20:00,25059.5,25145.0,85.5,270055,2024-09-12 14:01:00,25145.0,stop,-85.5,-1.0,-6683.571038245
2024-09-12,reverse,1,270055,2024-09-12 14:01:00,25145.0,25059.5,85.5,270102,2024-09-12 14:48:00,25316.0,target,171.0,2.0,9985.23443579
2024-09-13,first,1,270149,2024-09-13 09:20:00,25378.05,24992.05,386.0,270514,2024-09-13 15:25:00,25377.0,eod,-1.0499999999992724,-0.002720207253884125,-1199.5242607304526
2024-09-16,first,1,270524,2024-09-16 09:20:00,25424.0,24992.05,431.9500000000007,270889,2024-09-16 15:25:00,25440.45,eod,16.450000000000728,0.03808311147123672,-63.062400664452696
2024-09-17,first,1,270899,2024-09-17 09:20:00,25408.65,25368.2,40.45000000000073,271264,2024-09-17 15:25:00,25446.75,eod,38.099999999998545,0.9419035846723822,1344.1383570059054
2024-09-18,first,-1,271274,2024-09-18 09:20:00,25434.95,25477.7,42.75,271355,2024-09-18 10:41:00,25477.7,stop,-42.75,-1.0,-3911.1283646665
2024-09-18,reverse,1,271355,2024-09-18 10:41:00,25477.7,25434.95,42.75,271497,2024-09-18 13:03:00,25434.95,stop,-42.75,-1.0,-3911.1283646665
2024-09-19,first,1,271649,2024-09-19 09:20:00,25609.2,25302.5,306.7000000000007,272014,2024-09-19 15:25:00,25497.35,eod,-111.85000000000218,-0.36468862080209297,-8403.882674645642
2024-09-20,first,-1,272024,2024-09-20 09:20:00,25487.6,25640.0,152.40000000000146,272104,2024-09-20 10:40:00,25640.0,stop,-152.40000000000146,-1.0,-11039.575510636094
2024-09-20,reverse,1,272104,2024-09-20 10:40:00,25640.0,25487.6,152.40000000000146,272389,2024-09-20 15:25:00,25784.1,eod,144.09999999999854,0.9455380577427636,8228.653818998906
2024-09-23,first,1,272399,2024-09-23 09:20:00,25895.8,25420.05,475.75,272764,2024-09-23 15:25:00,25917.0,eod,21.200000000000728,0.044561219127694646,237.5479957920473
2024-09-24,first,1,272774,2024-09-24 09:20:00,25932.05,25420.05,512.0,273139,2024-09-24 15:25:00,25947.0,eod,14.950000000000728,0.02919921875000142,-169.23211837045267
2024-09-25,first,1,273149,2024-09-25 09:20:00,25927.95,25925.0,2.9500000000007276,273150,2024-09-25 09:21:00,25924.05,stop,-3.900000000001455,-1.322033898305252,-1394.1404707200945
2024-09-25,reverse,-1,273150,2024-09-25 09:21:00,25924.05,25927.0,2.9500000000007276,273152,2024-09-25 09:23:00,25927.0,stop,-2.9500000000007276,-1.0,-1332.3879022905473
2024-09-26,first,1,273524,2024-09-26 09:20:00,26060.0,25879.15,180.84999999999854,273889,2024-09-26 15:25:00,26219.0,eod,159.0,0.8791816422449614,9189.75417281
2024-09-27,first,1,273899,2024-09-27 09:20:00,26339.2,25879.15,460.0499999999993,274264,2024-09-27 15:25:00,26344.0,eod,4.799999999999272,0.010433648516464037,-835.8011263520473
2024-09-30,first,-1,274274,2024-09-30 09:20:00,26233.3,26402.5,169.20000000000073,274639,2024-09-30 15:25:00,25987.5,eod,245.79999999999927,1.452718676122921,14831.744212911952
2024-10-01,first,-1,274649,2024-10-01 09:20:00,26033.0,26402.5,369.5,275014,2024-10-01 15:25:00,25971.35,eod,61.650000000001455,0.16684709066306214,2864.9229192965945
2024-10-04,first,-1,275399,2024-10-04 09:20:00,25382.0,26019.75,637.75,275764,2024-10-04 15:25:00,25188.1,eod,193.90000000000146,0.3040376323010607,11472.667271939095
2024-10-07,first,-1,275774,2024-10-07 09:20:00,25252.2,25630.0,377.7999999999993,276139,2024-10-07 15:25:00,25000.0,eod,252.20000000000073,0.6675489677077852,15264.545409558048
2024-10-08,first,1,276149,2024-10-08 09:20:00,24987.5,24887.8,99.70000000000073,276435,2024-10-08 14:06:00,25186.9,target,199.40000000000146,2.0,11833.519760416095
2024-10-09,first,1,276524,2024-10-09 09:20:00,25165.95,25010.2,155.75,276889,2024-10-09 15:25:00,25118.0,eod,-47.95000000000073,-0.3078651685393305,-4243.720290059548
2024-10-10,first,-1,276899,2024-10-10 09:20:00,25160.4,25356.15,195.75,277264,2024-10-10 15:25:00,25118.75,eod,41.650000000001455,0.21277139208174434,1579.7966072685947
2024-10-11,first,-1,277274,2024-10-11 09:20:00,25076.35,25269.05,192.70000000000073,277639,2024-10-11 15:25:00,25056.0,eod,20.349999999998545,0.10560456668395676,196.67688221640537
2024-10-15,first,1,278024,2024-10-15 09:20:00,25275.9,25192.05,83.85000000000218,278057,2024-10-15 09:53:00,25192.05,stop,-83.85000000000218,-1.0,-6578.584139299642
2024-10-15,reverse,-1,278057,2024-10-15 09:53:00,25192.05,25275.9,83.85000000000218,278389,2024-10-15 15:25:00,25129.0,eod,63.04999999999927,0.7519379844960957,2970.3130210094528
2024-10-16,first,-1,278399,2024-10-16 09:20:00,25097.9,25287.35,189.4499999999971,278764,2024-10-16 15:25:00,25039.7,eod,58.20000000000073,0.30720506730008773,2656.6605532640474
2024-10-17,first,-1,278774,2024-10-17 09:20:00,25013.0,25154.4,141.40000000000146,279139,2024-10-17 15:25:00,24847.05,eod,165.95000000000073,1.1736209335219168,9662.154270219547
2024-10-21,first,1,279524,2024-10-21 09:20:00,24975.25,24642.0,333.25,279889,2024-10-21 15:25:00,24774.95,eod,-200.29999999999927,-0.6010502625656392,-14141.013553221952
2024-10-22,first,1,279899,2024-10-22 09:20:00,24892.0,24642.0,250.0,280137,2024-10-22 13:18:00,24642.0,stop,-250.0,-1.0,-17369.37351774
2024-10-22,reverse,-1,280137,2024-10-22 13:18:00,24642.0,24892.0,250.0,280264,2024-10-22 15:25:00,24537.0,eod,105.0,0.42,5706.58626381
2024-10-23,first,-1,280274,2024-10-23 09:20:00,24547.7,25029.5,481.7999999999993,280639,2024-10-23 15:25:00,24481.3,eod,66.40000000000146,0.13781652137816844,3199.0951153100946
2024-10-24,first,-1,280649,2024-10-24 09:20:00,24468.2,24675.0,206.79999999999927,281014,2024-10-24 15:25:00,24456.2,eod,12.0,0.058027079303675254,-335.691937084
2024-10-25,first,-1,281024,2024-10-25 09:20:00,24429.35,24675.0,245.65000000000146,281389,2024-10-25 15:25:00,24221.95,eod,207.39999999999782,0.8442906574394324,12366.500963806859
2024-10-28,first,1,281399,2024-10-28 09:20:00,24264.05,24068.4,195.64999999999782,281764,2024-10-28 15:25:00,24355.45,eod,91.40000000000146,0.46716074623052634,4827.4515686050945
2024-10-29,first,-1,281774,2024-10-29 09:20:00,24302.55,24492.0,189.45000000000073,282121,2024-10-29 15:07:00,24492.0,stop,-189.45000000000073,-1.0,-13427.652768325548
2024-10-29,reverse,1,282121,2024-10-29 15:07:00,24492.0,24302.55,189.45000000000073,282139,2024-10-29 15:25:00,24469.5,eod,-22.5,-0.11876484560570026,-2578.307451015
2024-10-30,first,1,282149,2024-10-30 09:20:00,24383.7,24165.0,218.70000000000073,282514,2024-10-30 15:25:00,24376.0,eod,-7.700000000000728,-0.03520804755372978,-1614.6679125170472
2024-10-31,first,-1,282524,2024-10-31 09:20:00,24333.35,24520.0,186.65000000000146,282889,2024-10-31 15:25:00,24202.6,eod,130.75,0.7005089740155317,7385.6860252205
2024-11-04,first,-1,282899,2024-11-04 09:20:00,24246.15,24520.0,273.84999999999854,283264,2024-11-04 15:25:00,24123.45,eod,122.70000000000073,0.4480555048384202,6863.906010744047
2024-11-05,first,1,283274,2024-11-05 09:20:00,24122.05,23900.3,221.75,283639,2024-11-05 15:25:00,24286.15,eod,164.10000000000218,0.7400225479143278,9554.333651398141
2024-11-06,first,1,283649,2024-11-06 09:20:00,24339.4,23980.25,359.15000000000146,284014,2024-11-06 15:25:00,24588.0,eod,248.59999999999854,0.6921898928024434,15041.898292085905
2024-11-07,first,1,284024,2024-11-07 09:20:00,24548.0,23980.25,567.75,284389,2024-11-07 15:25:00,24299.15,eod,-248.84999999999854,-0.4383091149273422,-17288.755198211406
2024-11-08,first,-1,284399,2024-11-08 09:20:00,24164.7,24665.0,500.2999999999993,284764,2024-11-08 15:25:00,24221.75,eod,-57.04999999999927,-0.11403158105136789,-4818.9365800844525
2024-11-11,first,-1,284774,2024-11-11 09:20:00,24142.75,24665.0,522.25,285139,2024-11-11 15:25:00,24226.9,eod,-84.15000000000146,-0.16112972714217608,-6580.134344436595
2024-11-12,first,-1,285149,2024-11-12 09:20:00,24249.65,24433.25,183.59999999999854,285514,2024-11-12 15:25:00,23943.95,eod,305.7000000000007,1.6650326797385793,18759.340896104048
2024-11-13,first,-1,285524,2024-11-13 09:20:00,23887.0,24315.0,428.0,285889,2024-11-13 15:25:00,23708.2,eod,178.79999999999927,0.4177570093457927,10516.701741327954
2024-11-14,first,-1,285899,2024-11-14 09:20:00,23668.45,23803.0,134.54999999999927,286264,2024-11-14 15:25:00,23611.05,eod,57.400000000001455,0.426607209215918,2629.1123060050945
2024-11-18,first,-1,286274,2024-11-18 09:20:00,23540.15,23803.0,262.84999999999854,286639,2024-11-18 15:25:00,23511.4,eod,28.75,0.10937797222750678,768.9797039045
2024-11-19,first,1,286649,2024-11-19 09:20:00,23645.0,23458.0,187.0,287014,2024-11-19 15:25:00,23510.1,eod,-134.90000000000146,-0.7213903743315586,-9868.198669911095
2024-11-21,first,-1,287024,2024-11-21 09:20:00,23389.35,23844.0,454.65000000000146,287389,2024-11-21 15:25:00,23357.05,eod,32.29999999999927,0.07104365995820779,1002.3190704959527
2024-11-22,first,-1,287399,2024-11-22 09:20:00,23441.65,23844.0,402.34999999999854,287680,2024-11-22 14:01:00,23844.0,stop,-402.34999999999854,-1.0,-27252.000761196407
2024-11-22,reverse,1,287680,2024-11-22 14:01:00,23844.0,23441.65,402.34999999999854,287764,2024-11-22 15:25:00,23878.0,eod,34.0,0.08450354169255654,1104.4642235800002
2024-11-25,first,1,287774,2024-11-25 09:20:00,24275.2,23278.65,996.5499999999993,288139,2024-11-25 15:25:00,24290.75,eod,15.549999999999272,0.015603833224624237,-101.8966630795473
2024-11-26,first,-1,288149,2024-11-26 09:20:00,24306.0,24365.0,59.0,288205,2024-11-26 10:16:00,24188.0,target,118.0,2.0,6557.36943666
2024-11-27,first,1,288524,2024-11-27 09:20:00,24222.3,24132.5,89.79999999999927,288889,2024-11-27 15:25:00,24305.0,eod,82.70000000000073,0.9209354120267417,4262.791106447047
2024-11-28,first,-1,288899,2024-11-28 09:20:00,24295.0,24380.0,85.0,288977,2024-11-28 10:38:00,24125.0,target,170.0,2.0,9937.6982038
2024-11-29,first,-1,289274,2024-11-29 09:20:00,24155.05,24380.0,224.95000000000073,289639,2024-11-29 15:25:00,24301.95,eod,-146.90000000000146,-0.6530340075572393,-10659.264414770094
2024-12-02,first,1,289649,2024-12-02 09:20:00,24197.75,23844.8,352.9500000000007,290014,2024-12-02 15:25:00,24422.0,eod,224.25,0.6353591160220982,13461.9222577025
2024-12-03,first,-1,290024,2024-12-03 09:20:00,24435.3,24474.9,39.60000000000218,290082,2024-12-03 10:18:00,24474.9,stop,-39.60000000000218,-1.0,-3689.268615822142
2024-12-03,reverse,1,290082,2024-12-03 10:18:00,24474.9,24435.3,39.60000000000218,290140,2024-12-03 11:16:00,24554.100000000006,target,79.20000000000437,2.0,4031.0202353102836
2024-12-04,first,-1,290399,2024-12-04 09:20:00,24556.65,24590.0,33.349999999998545,290406,2024-12-04 09:27:00,24590.0,stop,-33.349999999998545,-1.0,-3285.0776794064054
2024-12-04,reverse,1,290406,2024-12-04 09:27:00,24590.0,24556.65,33.349999999998545,290445,2024-12-04 10:06:00,24656.699999999997,target,66.69999999999709,2.0,3216.7312394128107
2024-12-05,first,-1,290774,2024-12-05 09:20:00,24596.35,24638.0,41.650000000001455,290802,2024-12-05 09:48:00,24513.049999999996,target,83.30000000000291,2.0,4296.808540066189
2024-12-06,first,1,291149,2024-12-06 09:20:00,24789.95,24396.0,393.9500000000007,291514,2024-12-06 15:25:00,24784.0,eod,-5.950000000000728,-0.015103439522783898,-1507.8929269595474
2024-12-09,first,1,291524,2024-12-09 09:20:00,24744.35,24396.0,348.34999999999854,291889,2024-12-09 15:25:00,24697.1,eod,-47.25,-0.13563944308884798,-4191.0179686345
2024-12-10,first,1,291899,2024-12-10 09:20:00,24705.0,24396.0,309.0,292264,2024-12-10 15:25:00,24683.95,eod,-21.049999999999272,-0.06812297734627597,-2487.7221741094527
2024-12-11,first,1,292274,2024-12-11 09:20:00,24693.05,24595.4,97.64999999999782,292639,2024-12-11 15:25:00,24737.9,eod,44.85000000000218,0.45929339477729836,1795.0330592706418
2024-12-12,first,-1,292649,2024-12-12 09:20:00,24733.0,24794.15,61.150000000001455,293014,2024-12-12 15:25:00,24650.0,eod,83.0,1.3573180703188557,4274.97002737
2024-12-16,first,1,293399,2024-12-16 09:20:00,24793.05,24231.0,562.0499999999993,293764,2024-12-16 15:25:00,24732.25,eod,-60.79999999999927,-0.10817542923227355,-5072.405921332953
2024-12-18,first,-1,294149,2024-12-18 09:20:00,24414.9,24775.0,360.09999999999854,294514,2024-12-18 15:25:00,24259.05,eod,155.85000000000218,0.4327964454318323,9015.858792040643
2024-12-19,first,-1,294524,2024-12-19 09:20:00,23948.75,24775.0,826.25,294888,2024-12-19 15:25:00,24019.95,eod,-71.20000000000073,-0.08617246596066654,-5735.030532007047
2024-12-20,first,1,294898,2024-12-20 09:20:00,23951.7,23921.05,30.650000000001455,294915,2024-12-20 09:37:00,24013.000000000004,target,61.30000000000291,2.0,2876.728557433189
2024-12-23,first,-1,295273,2024-12-23 09:20:00,23788.1,24097.95,309.8500000000022,295638,2024-12-23 15:25:00,23770.15,eod,17.94999999999709,0.057931257059857875,62.708769717310815
2024-12-24,first,1,295648,2024-12-24 09:20:00,23768.9,23664.1,104.80000000000291,296013,2024-12-24 15:25:00,23778.0,eod,9.099999999998545,0.08683206106868599,-512.3923743090946
2024-12-26,first,-1,296023,2024-12-26 09:20:00,23853.3,23878.25,24.950000000000728,296049,2024-12-26 09:46:00,23803.399999999998,target,49.900000000001455,2.0,2138.4297593130946
2024-12-30,first,-1,296773,2024-12-30 09:20:00,23930.2,24051.15,120.95000000000073,296923,2024-12-30 11:50:00,24051.15,stop,-120.95000000000073,-1.0,-8968.597697673547
2024-12-30,reverse,1,296923,2024-12-30 11:50:00,24051.15,23930.2,120.95000000000073,296963,2024-12-30 12:30:00,23930.2,stop,-120.95000000000073,-1.0,-8968.597697673547
2024-12-31,first,-1,297148,2024-12-31 09:20:00,23698.25,24078.15,379.90000000000146,297513,2024-12-31 15:25:00,23809.95,eod,-111.70000000000073,-0.29402474335351486,-8363.354669602048
2025-01-01,first,1,297523,2025-01-01 09:20:00,23776.1,23602.0,174.09999999999854,297888,2025-01-01 15:25:00,23909.35,eod,133.25,0.7653647329121259,7555.4462455255
2025-01-02,first,1,297898,2025-01-02 09:20:00,23881.85,23707.0,174.84999999999854,298162,2025-01-02 13:44:00,24231.549999999996,target,349.6999999999971,2.0,21619.76949562581
2025-01-03,first,1,298273,2025-01-03 09:20:00,24242.0,23707.0,535.0,298638,2025-01-03 15:25:00,24089.0,eod,-153.0,-0.28598130841121494,-11054.65097491
2025-01-06,first,-1,298648,2025-01-06 09:20:00,24095.45,24239.9,144.45000000000073,298790,2025-01-06 11:42:00,23806.55,target,288.90000000000146,2.0,17669.933408780096
2025-01-07,first,-1,299023,2025-01-07 09:20:00,23831.0,24239.9,408.90000000000146,299388,2025-01-07 15:25:00,23789.9,eod,41.099999999998545,0.10051357300072976,1566.7874585509053
2025-01-08,first,1,299398,2025-01-08 09:20:00,23746.45,23660.0,86.45000000000073,299479,2025-01-08 10:41:00,23660.0,stop,-86.45000000000073,-1.0,-6721.382052284547
2025-01-08,reverse,-1,299479,2025-01-08 10:41:00,23660.0,23746.45,86.45000000000073,299663,2025-01-08 13:45:00,23746.45,stop,-86.45000000000073,-1.0,-6721.382052284547
2025-01-09,first,1,299773,2025-01-09 09:20:00,23693.35,23593.55,99.79999999999927,300138,2025-01-09 15:25:00,23652.9,eod,-40.44999999999709,-0.40531062124245876,-3731.1362249623107
2025-01-10,first,1,300148,2025-01-10 09:20:00,23653.3,23612.95,40.349999999998545,300155,2025-01-10 09:27:00,23612.95,stop,-40.349999999998545,-1.0,-3723.9525211624054
2025-01-10,reverse,-1,300155,2025-01-10 09:27:00,23612.95,23653.3,40.349999999998545,300162,2025-01-10 09:34:00,23532.250000000004,target,80.69999999999709,2.0,4144.624750827811
2025-01-14,first,-1,300898,2025-01-14 09:20:00,23275.0,23408.3,133.29999999999927,301263,2025-01-14 15:25:00,23280.0,eod,-5.0,-0.03750937734433629,-1420.32556355
2025-01-15,first,1,301273,2025-01-15 09:20:00,23279.9,23220.0,59.900000000001455,301291,2025-01-15 09:38:00,23220.0,stop,-59.900000000001455,-1.0,-4988.033094639095
2025-01-15,reverse,-1,301291,2025-01-15 09:38:00,23220.0,23279.9,59.900000000001455,301314,2025-01-15 10:01:00,23279.9,stop,-59.900000000001455,-1.0,-4988.033094639095
2025-01-16,first,1,301648,2025-01-16 09:20:00,23389.05,23201.0,188.04999999999927,302013,2025-01-16 15:25:00,23385.0,eod,-4.049999999999272,-0.021536825312413126,-1360.4547893204526
2025-01-20,first,1,302398,2025-01-20 09:20:00,23260.15,23210.25,49.900000000001455,302515,2025-01-20 11:17:00,23359.950000000004,target,99.80000000000291,2.0,5390.5045164391895
2025-01-21,first,1,302773,2025-01-21 09:20:00,23431.0,23210.25,220.75,302835,2025-01-21 10:22:00,23210.25,stop,-220.75,-1.0,-15443.5511749125
2025-01-21,reverse,-1,302835,2025-01-21 10:22:00,23210.25,23431.0,220.75,302925,2025-01-21 11:52:00,23431.0,stop,-220.75,-1.0,-15443.5511749125
2025-01-22,first,-1,303148,2025-01-22 09:20:00,23140.0,23435.0,295.0,303513,2025-01-22 15:25:00,23201.75,eod,-61.75,-0.2093220338983051,-5106.9195187175
2025-01-23,first,1,303523,2025-01-23 09:20:00,23146.95,23020.0,126.95000000000073,303888,2025-01-23 15:25:00,23265.0,eod,118.04999999999927,0.9298936589208239,6578.428187860452
2025-01-24,first,-1,303898,2025-01-24 09:20:00,23293.0,23319.2,26.200000000000728,303915,2025-01-24 09:37:00,23240.6,target,52.400000000001455,2.0,2310.5216937040946
2025-01-27,first,-1,304273,2025-01-27 09:20:00,22920.9,23375.0,454.09999999999854,304638,2025-01-27 15:25:00,22845.0,eod,75.90000000000146,0.16714380092491016,3844.450825101095
2025-01-28,first,-1,304648,2025-01-28 09:20:00,22941.95,23375.0,433.0499999999993,305013,2025-01-28 15:25:00,22987.95,eod,-46.0,-0.10622329984990203,-4079.738851939
2025-01-29,first,1,305023,2025-01-29 09:20:00,23040.0,22810.0,230.0,305388,2025-01-29 15:25:00,23160.0,eod,120.0,0.5217391304347826,6706.979718
2025-01-30,first,1,305398,2025-01-30 09:20:00,23138.95,22810.0,328.9500000000007,305763,2025-01-30 15:25:00,23245.15,eod,106.20000000000073,0.3228454172366636,5808.485728399048
2025-02-01,first,1,306148,2025-02-01 09:20:00,23565.1,23123.4,441.6999999999971,306513,2025-02-01 15:25:00,23548.0,eod,-17.099999999998545,-0.03871405931627498,-2211.5285482909053
2025-02-03,first,-1,306523,2025-02-03 09:20:00,23350.0,23625.5,275.5,306888,2025-02-03 15:25:00,23434.15,eod,-84.15000000000146,-0.3054446460980089,-6566.572595781595
2025-02-04,first,1,306898,2025-02-04 09:20:00,23569.65,23305.75,263.90000000000146,307263,2025-02-04 15:25:00,23780.0,eod,210.34999999999854,0.7970822281167009,12569.367512763405
2025-02-05,first,1,307273,2025-02-05 09:20:00,23818.75,23498.25,320.5,307638,2025-02-05 15:25:00,23769.45,eod,-49.29999999999927,-0.15382215288611317,-4308.403998401953
2025-02-06,first,-1,307648,2025-02-06 09:20:00,23792.0,23849.0,57.0,307867,2025-02-06 12:59:00,23678.0,target,114.0,2.0,6306.1517333
2025-02-07,first,1,308023,2025-02-07 09:20:00,23661.0,23660.0,1.0,308024,2025-02-07 09:21:00,23663.0,target,2.0,2.0,-971.94423964
2025-02-10,first,1,308398,2025-02-10 09:20:00,23537.05,23521.0,16.049999999999272,308402,2025-02-10 09:24:00,23569.149999999998,target,32.099999999998545,2.0,986.2426516179055
2025-02-11,first,1,308773,2025-02-11 09:20:00,23406.5,23389.0,17.5,308777,2025-02-11 09:24:00,23389.0,stop,-17.5,-1.0,-2234.809581755
2025-02-11,reverse,-1,308777,2025-02-11 09:24:00,23389.0,23406.5,17.5,308789,2025-02-11 09:36:00,23406.5,stop,-17.5,-1.0,-2234.809581755
2025-02-12,first,1,309148,2025-02-12 09:20:00,23127.0,23060.0,67.0,309159,2025-02-12 09:31:00,23056.7,stop,-70.29999999999927,-1.0492537313432728,-5661.267603156953
2025-02-12,reverse,-1,309159,2025-02-12 09:31:00,23056.7,23123.7,67.0,309186,2025-02-12 09:58:00,22922.7,target,134.0,2.0,7618.784744366
2025-02-13,first,1,309523,2025-02-13 09:20:00,23172.0,22900.0,272.0,309888,2025-02-13 15:25:00,23096.4,eod,-75.59999999999854,-0.27794117647058286,-6006.461088923906
2025-02-14,first,-1,309898,2025-02-14 09:20:00,23167.95,23309.05,141.09999999999854,310117,2025-02-14 12:59:00,22885.750000000004,target,282.1999999999971,2.0,17250.28224114281
2025-02-17,first,1,310273,2025-02-17 09:20:00,22938.85,22846.45,92.39999999999782,310307,2025-02-17 09:54:00,22846.45,stop,-92.39999999999782,-1.0,-7094.230559932858
2025-02-17,reverse,-1,310307,2025-02-17 09:54:00,22846.45,22938.85,92.39999999999782,310349,2025-02-17 10:36:00,22938.85,stop,-92.39999999999782,-1.0,-7094.230559932858
2025-02-18,first,1,310648,2025-02-18 09:20:00,22974.6,22830.0,144.59999999999854,311013,2025-02-18 15:25:00,22956.2,eod,-18.399999999997817,-0.1272475795297234,-2285.908010187858
2025-02-19,first,-1,311023,2025-02-19 09:20:00,22886.15,23008.15,122.0,311052,2025-02-19 09:49:00,23008.15,stop,-122.0,-1.0,-9018.989743423
2025-02-19,reverse,1,311052,2025-02-19 09:49:00,23008.15,22886.15,122.0,311388,2025-02-19 15:25:00,22963.25,eod,-44.900000000001455,-0.3680327868852578,-4008.600261754095
2025-02-20,first,-1,311398,2025-02-20 09:20:00,22901.25,23106.2,204.95000000000073,311763,2025-02-20 15:25:00,22940.65,eod,-39.400000000001455,-0.19224201024640797,-3650.0247442590944
2025-02-21,first,1,311773,2025-02-21 09:20:00,22937.45,22904.3,33.150000000001455,311793,2025-02-21 09:40:00,22904.3,stop,-33.150000000001455,-1.0,-3243.8100237175945
2025-02-21,reverse,-1,311793,2025-02-21 09:40:00,22904.3,22937.45,33.150000000001455,311825,2025-02-21 10:12:00,22837.999999999996,target,66.30000000000291,2.0,3220.708850297189
2025-02-24,first,-1,312148,2025-02-24 09:20:00,22657.9,22845.0,187.09999999999854,312513,2025-02-24 15:25:00,22610.0,eod,47.900000000001455,0.2560128273650552,2028.8743228810945
2025-02-25,first,1,312523,2025-02-25 09:20:00,22581.0,22575.15,5.849999999998545,312524,2025-02-25 09:21:00,22575.15,stop,-5.849999999998545,-1.0,-1463.6053737014054
2025-02-25,reverse,-1,312524,2025-02-25 09:21:00,22575.15,22581.0,5.849999999998545,312525,2025-02-25 09:22:00,22581.0,stop,-5.849999999998545,-1.0,-1463.6053737014054
2025-02-27,first,-1,312898,2025-02-27 09:20:00,22595.0,22625.2,30.200000000000728,313059,2025-02-27 12:01:00,22534.6,target,60.400000000001455,2.0,2842.4841621440946
2025-02-28,first,-1,313273,2025-02-28 09:20:00,22492.05,22559.1,67.04999999999927,313465,2025-02-28 12:32:00,22357.95,target,134.09999999999854,2.0,7634.944606499906
2025-03-03,first,-1,313648,2025-03-03 09:20:00,22361.4,22559.1,197.6999999999971,314013,2025-03-03 15:25:00,22264.95,eod,96.45000000000073,0.4878603945371884,5189.8278738765475
2025-03-05,first,1,314398,2025-03-05 09:20:00,22229.75,22151.0,78.75,314484,2025-03-05 10:46:00,22387.25,target,157.5,2.0,9157.80070763
2025-03-07,first,1,315148,2025-03-07 09:20:00,22626.8,22435.0,191.79999999999927,315513,2025-03-07 15:25:00,22637.15,eod,10.350000000002183,0.05396246089677905,-411.6222228593581
2025-03-10,first,-1,315523,2025-03-10 09:20:00,22622.7,22704.7,82.0,315547,2025-03-10 09:44:00,22704.7,stop,-82.0,-1.0,-6414.374701914
2025-03-10,reverse,1,315547,2025-03-10 09:44:00,22704.7,22622.7,82.0,315788,2025-03-10 13:45:00,22622.7,stop,-82.0,-1.0,-6414.374701914
2025-03-11,first,-1,315898,2025-03-11 09:20:00,22367.8,22704.7,336.90000000000146,316263,2025-03-11 15:25:00,22570.5,eod,-202.70000000000073,-0.6016622143069156,-14255.840397263048
2025-03-12,first,1,316273,2025-03-12 09:20:00,22554.65,22362.0,192.65000000000146,316638,2025-03-12 15:25:00,22521.9,eod,-32.75,-0.1699974046197755,-3211.2671413455
2025-03-13,first,1,316648,2025-03-13 09:20:00,22516.4,22380.2,136.20000000000073,317013,2025-03-13 15:25:00,22449.0,eod,-67.40000000000146,-0.4948604992657937,-5462.363705094094
2025-03-17,first,-1,317023,2025-03-17 09:20:00,22591.95,22615.35,23.399999999997817,317028,2025-03-17 09:25:00,22615.35,stop,-23.399999999997817,-1.0,-2604.690223352858
2025-03-17,reverse,1,317028,2025-03-17 09:25:00,22615.35,22591.95,23.399999999997817,317036,2025-03-17 09:33:00,22662.149999999994,target,46.799999999995634,2.0,1957.2986432247162
2025-03-18,first,1,317398,2025-03-18 09:20:00,22686.8,22502.5,184.29999999999927,317763,2025-03-18 15:25:00,22906.35,eod,219.54999999999927,1.1912642430819325,13182.338108728452
2025-03-19,first,1,317773,2025-03-19 09:20:00,22930.0,22764.0,166.0,318138,2025-03-19 15:25:00,22971.0,eod,41.0,0.2469879518072289,1574.99939739
2025-03-20,first,1,318148,2025-03-20 09:20:00,23045.0,22764.0,281.0,318513,2025-03-20 15:25:00,23196.8,eod,151.79999999999927,0.54021352313167,8773.436147101953
2025-03-21,first,-1,318523,2025-03-21 09:20:00,23208.85,23232.6,23.75,318535,2025-03-21 09:32:00,23232.6,stop,-23.75,-1.0,-2637.9946136345
2025-03-21,reverse,1,318535,2025-03-21 09:32:00,23232.6,23208.85,23.75,318544,2025-03-21 09:41:00,23280.1,target,47.5,2.0,1992.229129153
2025-03-25,first,1,319273,2025-03-25 09:20:00,23725.3,23295.0,430.2999999999993,319638,2025-03-25 15:25:00,23690.75,eod,-34.54999999999927,-0.08029281896351227,-3348.2677819404526
2025-03-26,first,-1,319648,2025-03-26 09:20:00,23736.4,23785.0,48.599999999998545,319806,2025-03-26 11:58:00,23639.200000000004,target,97.19999999999709,2.0,5215.057474083811
2025-03-27,first,-1,320023,2025-03-27 09:20:00,23524.05,23756.75,232.70000000000073,320388,2025-03-27 15:25:00,23591.0,eod,-66.95000000000073,-0.28770949720670613,-5451.5036053305475
2025-05-02,first,1,320398,2025-05-02 09:20:00,24518.0,23456.05,1061.9500000000007,320763,2025-05-02 15:25:00,24394.0,eod,-124.0,-0.11676632609821547,-9174.79027232
2025-05-05,first,-1,320773,2025-05-05 09:20:00,24511.0,24517.5,6.5,320774,2025-05-05 09:21:00,24498.0,target,13.0,2.0,-271.42142248999994
2025-05-06,first,-1,321148,2025-05-06 09:20:00,24525.0,24629.5,104.5,321513,2025-05-06 15:25:00,24427.0,eod,98.0,0.937799043062201,5253.56888328
2025-05-07,first,-1,321523,2025-05-07 09:20:00,24447.8,24490.0,42.20000000000073,321531,2025-05-07 09:28:00,24490.0,stop,-42.20000000000073,-1.0,-3858.489485458047
2025-05-07,reverse,1,321531,2025-05-07 09:28:00,24490.0,24447.8,42.20000000000073,321550,2025-05-07 09:47:00,24447.8,stop,-42.20000000000073,-1.0,-3858.489485458047
2025-05-08,first,-1,321898,2025-05-08 09:20:00,24473.7,24490.0,16.299999999999272,321903,2025-05-08 09:25:00,24490.0,stop,-16.299999999999272,-1.0,-2175.362538956953
2025-05-08,reverse,1,321903,2025-05-08 09:25:00,24490.0,24473.7,16.299999999999272,321907,2025-05-08 09:29:00,24473.7,stop,-16.299999999999272,-1.0,-2175.362538956953
2025-05-09,first,-1,322273,2025-05-09 09:20:00,24179.1,24490.0,310.90000000000146,322638,2025-05-09 15:25:00,24085.0,eod,94.09999999999854,0.30266966870375717,5005.975726598906
2025-05-13,first,1,323023,2025-05-13 09:20:00,24917.8,23992.7,925.0999999999985,323388,2025-05-13 15:25:00,24627.0,eod,-290.7999999999993,-0.31434439520051854,-20021.22721672795
2025-05-14,first,-1,323398,2025-05-14 09:20:00,24749.4,25069.9,320.5,323763,2025-05-14 15:25:00,24730.0,eod,19.400000000001455,0.06053042121685322,140.51751936609452
2025-05-15,first,-1,323773,2025-05-15 09:20:00,24676.0,24834.4,158.40000000000146,323853,2025-05-15 10:40:00,24834.4,stop,-158.40000000000146,-1.0,-11415.707512544095
2025-05-15,reverse,1,323853,2025-05-15 10:40:00,24834.4,24676.0,158.40000000000146,324138,2025-05-15 15:25:00,25081.0,eod,246.59999999999854,1.5568181818181583,14903.459025405906
2025-05-16,first,-1,324148,2025-05-16 09:20:00,25068.1,25144.9,76.80000000000291,324513,2025-05-16 15:25:00,25077.5,eod,-9.400000000001455,-0.12239583333334764,-1737.0124156160946
2025-05-19,first,1,324523,2025-05-19 09:20:00,25060.0,25006.8,53.20000000000073,324803,2025-05-19 14:00:00,25006.8,stop,-53.20000000000073,-1.0,-4583.082161148047
2025-05-19,reverse,-1,324803,2025-05-19 14:00:00,25006.8,25060.0,53.20000000000073,324888,2025-05-19 15:25:00,24977.9,eod,28.899999999997817,0.5432330827067184,753.6398052328582
2025-05-20,first,-1,324898,2025-05-20 09:20:00,25008.7,25117.2,108.5,325198,2025-05-20 14:20:00,24791.7,target,217.0,2.0,12980.615850556
2025-05-21,first,-1,325273,2025-05-21 09:20:00,24780.2,25117.2,337.0,325638,2025-05-21 15:25:00,24815.2,eod,-35.0,-0.10385756676557864,-3396.156459394
2025-05-23,first,1,326023,2025-05-23 09:20:00,24680.0,24515.0,165.0,326388,2025-05-23 15:25:00,24880.9,eod,200.90000000000146,1.2175757575757664,11936.258625151095
2025-05-26,first,1,326398,2025-05-26 09:20:00,25051.1,24515.0,536.0999999999985,326763,2025-05-26 15:25:00,25036.0,eod,-15.099999999998545,-0.02816638686811898,-2106.9786844309056
2025-05-27,first,-1,326773,2025-05-27 09:20:00,24877.0,25123.7,246.70000000000073,327138,2025-05-27 15:25:00,24856.7,eod,20.299999999999272,0.082286177543572,196.83707134295275
2025-05-28,first,-1,327148,2025-05-28 09:20:00,24884.1,25106.2,222.10000000000218,327513,2025-05-28 15:25:00,24762.6,eod,121.5,0.5470508779828852,6774.989215413
2025-05-30,first,1,327898,2025-05-30 09:20:00,24944.0,24661.2,282.7999999999993,328263,2025-05-30 15:25:00,24866.6,eod,-77.40000000000146,-0.27369165487977953,-6153.749156266094
2025-06-02,first,-1,328273,2025-06-02 09:20:00,24644.8,24925.0,280.2000000000007,328638,2025-06-02 15:25:00,24794.9,eod,-150.10000000000218,-0.5356887937187788,-10875.651327317142
2025-06-03,first,1,328648,2025-06-03 09:20:00,24793.5,24610.1,183.40000000000146,329013,2025-06-03 15:25:00,24655.5,eod,-138.0,-0.7524536532170061,-10089.30166089
2025-06-04,first,-1,329023,2025-06-04 09:20:00,24689.5,24929.0,239.5,329388,2025-06-04 15:25:00,24724.3,eod,-34.79999999999927,-0.14530271398747086,-3381.6042938179526
2025-06-05,first,-1,329398,2025-06-05 09:20:00,24739.5,24929.0,189.5,329564,2025-06-05 12:06:00,24929.0,stop,-189.5,-1.0,-13438.377903285
2025-06-05,reverse,1,329564,2025-06-05 12:06:00,24929.0,24739.5,189.5,329763,2025-06-05 15:25:00,24866.0,eod,-63.0,-0.3324538258575198,-5217.6999599499995
2025-06-06,first,-1,329773,2025-06-06 09:20:00,24826.4,25008.8,182.39999999999782,329855,2025-06-06 10:42:00,25008.8,stop,-182.39999999999782,-1.0,-12978.345325071858
2025-06-06,reverse,1,329855,2025-06-06 10:42:00,25008.8,24826.4,182.39999999999782,330138,2025-06-06 15:25:00,25090.0,eod,81.20000000000073,0.44517543859650055,4151.857883332047
2025-06-09,first,1,330148,2025-06-09 09:20:00,25180.0,25050.1,129.90000000000146,330513,2025-06-09 15:25:00,25184.0,eod,4.0,0.030792917628944996,-867.9589140400001
2025-06-10,first,-1,330523,2025-06-10 09:20:00,25193.5,25208.6,15.099999999998545,330525,2025-06-10 09:22:00,25208.6,stop,-15.099999999998545,-1.0,-2109.6730715809053
2025-06-10,reverse,1,330525,2025-06-10 09:22:00,25208.6,25193.5,15.099999999998545,330532,2025-06-10 09:29:00,25193.5,stop,-15.099999999998545,-1.0,-2109.6730715809053
2025-06-11,first,-1,330898,2025-06-11 09:20:00,25188.3,25247.9,59.60000000000218,330983,2025-06-11 10:45:00,25247.9,stop,-59.60000000000218,-1.0,-5002.2044246821415
2025-06-11,reverse,1,330983,2025-06-11 10:45:00,25247.9,25188.3,59.60000000000218,331263,2025-06-11 15:25:00,25205.0,eod,-42.900000000001455,-0.7197986577181189,-3916.9449649690946
2025-06-12,first,-1,331273,2025-06-12 09:20:00,25229.3,25306.5,77.20000000000073,331520,2025-06-12 13:27:00,25074.899999999998,target,154.40000000000146,2.0,8907.672751838094
2025-06-13,first,-1,331648,2025-06-13 09:20:00,24664.2,25306.5,642.2999999999993,332013,2025-06-13 15:25:00,24739.0,eod,-74.79999999999927,-0.1164564845087955,-5981.279625551952
2025-06-17,first,1,332398,2025-06-17 09:20:00,24928.7,24675.7,253.0,332763,2025-06-17 15:25:00,24862.0,eod,-66.70000000000073,-0.2636363636363665,-5458.141534427047
2025-06-18,first,-1,332773,2025-06-18 09:20:00,24867.9,25024.8,156.89999999999782,333138,2025-06-18 15:25:00,24819.0,eod,48.900000000001455,0.31166347992353177,2056.0700702910945
2025-06-20,first,1,333523,2025-06-20 09:20:00,24880.0,24786.0,94.0,333593,2025-06-20 10:30:00,25068.0,target,188.0,2.0,11094.52298772
2025-06-24,first,1,334273,2025-06-24 09:20:00,25261.0,24825.0,436.0,334638,2025-06-24 15:25:00,25094.4,eod,-166.59999999999854,-0.38211009174311594,-11955.887342993905
2025-06-25,first,-1,334648,2025-06-25 09:20:00,25175.0,25349.0,174.0,335013,2025-06-25 15:25:00,25244.0,eod,-69.0,-0.39655172413793105,-5613.00231259
2025-06-26,first,1,335023,2025-06-26 09:20:00,25315.5,25040.0,275.5,335388,2025-06-26 15:25:00,25555.9,eod,240.40000000000146,0.8725952813067204,14492.318044246094
2025-06-27,first,1,335398,2025-06-27 09:20:00,25697.8,25040.0,657.7999999999993,335763,2025-06-27 15:25:00,25754.6,eod,56.79999999999927,0.08634843417452012,2554.4224568359527
2025-06-30,first,-1,335773,2025-06-30 09:20:00,25738.0,25772.3,34.29999999999927,335780,2025-06-30 09:27:00,25772.3,stop,-34.29999999999927,-1.0,-3367.0398621829527
2025-06-30,reverse,1,335780,2025-06-30 09:27:00,25772.3,25738.0,34.29999999999927,335783,2025-06-30 09:30:00,25738.0,stop,-34.29999999999927,-1.0,-3367.0398621829527
2025-07-01,first,-1,336148,2025-07-01 09:20:00,25635.0,25772.3,137.29999999999927,336513,2025-07-01 15:25:00,25644.5,eod,-9.5,-0.06919155134741478,-1753.210768995
2025-07-02,first,1,336523,2025-07-02 09:20:00,25685.0,25575.0,110.0,336626,2025-07-02 11:03:00,25575.0,stop,-110.0,-1.0,-8284.956048600001
2025-07-02,reverse,-1,336626,2025-07-02 11:03:00,25575.0,25685.0,110.0,336888,2025-07-02 15:25:00,25543.9,eod,31.099999999998545,0.2827272727272595,886.9254307709055
2025-07-03,first,-1,336898,2025-07-03 09:20:00,25619.2,25695.1,75.89999999999782,337263,2025-07-03 15:25:00,25502.0,eod,117.20000000000073,1.544137022397946,6482.902072468048
2025-07-04,first,-1,337273,2025-07-04 09:20:00,25493.1,25666.7,173.60000000000218,337638,2025-07-04 15:25:00,25542.0,eod,-48.900000000001455,-0.2816820276497744,-4311.889776711095
2025-07-07,first,1,337648,2025-07-07 09:20:00,25526.0,25410.0,116.0,338013,2025-07-07 15:25:00,25542.0,eod,16.0,0.13793103448275862,-94.05085548
2025-07-08,first,1,338023,2025-07-08 09:20:00,25532.0,25410.0,122.0,338388,2025-07-08 15:25:00,25622.0,eod,90.0,0.7377049180327869,4714.78063406
2025-07-09,first,1,338398,2025-07-09 09:20:00,25580.7,25410.0,170.70000000000073,338763,2025-07-09 15:25:00,25564.4,eod,-16.299999999999272,-0.09548916227298888,-2194.0213838109526
2025-07-10,first,-1,338773,2025-07-10 09:20:00,25526.6,25645.8,119.20000000000073,339138,2025-07-10 15:25:00,25415.0,eod,111.59999999999854,0.9362416107382371,6120.471060823906
2025-07-11,first,-1,339148,2025-07-11 09:20:00,25353.5,25495.0,141.5,339513,2025-07-11 15:25:00,25215.0,eod,138.5,0.9787985865724381,7872.005047715
2025-07-14,first,-1,339523,2025-07-14 09:20:00,25152.8,25261.7,108.90000000000146,339888,2025-07-14 15:25:00,25167.9,eod,-15.100000000002183,-0.1386593204775205,-2108.976807727142
2025-07-15,first,1,339898,2025-07-15 09:20:00,25197.1,25076.3,120.79999999999927,340263,2025-07-15 15:25:00,25284.1,eod,87.0,0.720198675496693,4525.553052868
2025-07-16,first,1,340273,2025-07-16 09:20:00,25198.3,25076.3,122.0,340638,2025-07-16 15:25:00,25239.8,eod,41.5,0.3401639344262295,1568.687888459
2025-07-17,first,-1,340648,2025-07-17 09:20:00,25231.8,25289.9,58.10000000000218,341013,2025-07-17 15:25:00,25165.3,eod,66.5,1.144578313252969,3193.892336469
2025-07-18,first,-1,341023,2025-07-18 09:20:00,25145.0,25254.6,109.59999999999854,341388,2025-07-18 15:25:00,25035.0,eod,110.0,1.0036496350365096,6022.9948502
2025-07-21,first,-1,341398,2025-07-21 09:20:00,24978.5,25254.6,276.09999999999854,341763,2025-07-21 15:25:00,25132.0,eod,-153.5,-0.5559579862368736,-11102.369198905
2025-07-22,first,1,341773,2025-07-22 09:20:00,25148.0,25040.0,108.0,342138,2025-07-22 15:25:00,25099.0,eod,-49.0,-0.4537037037037037,-4311.64809167
2025-07-24,first,1,342523,2025-07-24 09:20:00,25239.7,25079.9,159.79999999999927,342687,2025-07-24 12:04:00,25079.9,stop,-159.79999999999927,-1.0,-11513.620903755953
2025-07-24,reverse,-1,342687,2025-07-24 12:04:00,25079.9,25239.7,159.79999999999927,342888,2025-07-24 15:25:00,25090.9,eod,-11.0,-0.06883604505632071,-1841.218606588
2025-07-25,first,-1,342898,2025-07-25 09:20:00,24943.7,25274.9,331.2000000000007,343263,2025-07-25 15:25:00,24850.5,eod,93.20000000000073,0.28140096618357646,4934.393112938047
2025-07-29,first,-1,343648,2025-07-29 09:20:00,24685.0,24925.0,240.0,344013,2025-07-29 15:25:00,24842.2,eod,-157.20000000000073,-0.655000000000003,-11337.858233192048
2025-07-30,first,1,344023,2025-07-30 09:20:00,24838.5,24637.0,201.5,344388,2025-07-30 15:25:00,24869.8,eod,31.299999999999272,0.1553349875930485,911.9899830369527
2025-07-31,first,-1,344398,2025-07-31 09:20:00,24700.0,24908.1,208.09999999999854,344615,2025-07-31 12:57:00,24908.1,stop,-208.09999999999854,-1.0,-14646.752455240905
2025-07-31,reverse,1,344615,2025-07-31 12:57:00,24908.1,24700.0,208.09999999999854,344763,2025-07-31 15:25:00,24768.0,eod,-140.09999999999854,-0.673234022104755,-10227.731900720906
2025-08-01,first,-1,344773,2025-08-01 09:20:00,24805.0,24970.0,165.0,345138,2025-08-01 15:25:00,24615.8,eod,189.20000000000073,1.1466666666666712,11177.025430912046
2025-08-04,first,-1,345148,2025-08-04 09:20:00,24700.0,24854.9,154.90000000000146,345513,2025-08-04 15:25:00,24794.0,eod,-94.0,-0.6068431245965081,-7229.94397334
2025-08-05,first,1,345523,2025-08-05 09:20:00,24750.4,24603.5,146.90000000000146,345888,2025-08-05 15:25:00,24712.3,eod,-38.10000000000218,-0.25936010891764333,-3596.503260347142
2025-08-06,first,1,345895,2025-08-06 09:20:00,24720.0,24650.0,70.0,345970,2025-08-06 10:35:00,24650.0,stop,-70.0,-1.0,-5669.0237257
2025-08-06,reverse,-1,345970,2025-08-06 10:35:00,24650.0,24720.0,70.0,346260,2025-08-06 15:25:00,24630.0,eod,20.0,0.2857142857142857,181.2195992
2025-08-07,first,-1,346270,2025-08-07 09:20:00,24577.6,24738.9,161.3000000000029,346635,2025-08-07 15:25:00,24714.0,eod,-136.40000000000146,-0.8456292622442592,-9983.964682676095
2025-08-08,first,1,346645,2025-08-08 09:20:00,24645.2,24409.0,236.20000000000073,347010,2025-08-08 15:25:00,24435.1,eod,-210.10000000000218,-0.8895004233700319,-14772.226159883143
2025-08-11,first,-1,347020,2025-08-11 09:20:00,24471.1,24564.9,93.80000000000291,347240,2025-08-11 13:00:00,24564.9,stop,-93.80000000000291,-1.0,-7213.027589960189
2025-08-11,reverse,1,347240,2025-08-11 13:00:00,24564.9,24471.1,93.80000000000291,347385,2025-08-11 15:25:00,24608.0,eod,43.099999999998545,0.45948827292107897,1683.5005558309053
2025-08-12,first,1,347395,2025-08-12 09:20:00,24629.7,24411.0,218.70000000000073,347760,2025-08-12 15:25:00,24560.0,eod,-69.70000000000073,-0.3187014174668518,-5647.983264817047
2025-08-13,first,-1,347770,2025-08-13 09:20:00,24631.0,24764.0,133.0,348135,2025-08-13 15:25:00,24714.0,eod,-83.0,-0.6240601503759399,-6513.73383545
2025-08-14,first,1,348145,2025-08-14 09:20:00,24686.0,24541.9,144.09999999999854,348510,2025-08-14 15:25:00,24679.0,eod,-7.0,-0.04857737682165212,-1574.34950765
2025-08-19,first,-1,348895,2025-08-19 09:20:00,24950.0,25007.9,57.900000000001455,349037,2025-08-19 11:42:00,25007.9,stop,-57.900000000001455,-1.0,-4887.623178019095
2025-08-19,reverse,1,349037,2025-08-19 11:42:00,25007.9,24950.0,57.900000000001455,349260,2025-08-19 15:25:00,25036.3,eod,28.399999999997817,0.49050086355780836,720.6337904378581
2025-08-21,first,1,349645,2025-08-21 09:20:00,25113.3,24962.5,150.79999999999927,350010,2025-08-21 15:25:00,25113.3,eod,0.0,0.0,-1126.760248026
2025-08-22,first,-1,350020,2025-08-22 09:20:00,25028.6,25178.5,149.90000000000146,350385,2025-08-22 15:25:00,24897.5,eod,131.09999999999854,0.8745830553702286,7396.543176778905
2025-08-25,first,-1,350395,2025-08-25 09:20:00,24934.3,24975.0,40.70000000000073,350409,2025-08-25 09:34:00,24975.0,stop,-40.70000000000073,-1.0,-3769.3080925730474
2025-08-25,reverse,1,350409,2025-08-25 09:34:00,24975.0,24934.3,40.70000000000073,350440,2025-08-25 10:05:00,24934.3,stop,-40.70000000000073,-1.0,-3769.3080925730474
2025-08-26,first,-1,350770,2025-08-26 09:20:00,24845.1,25030.0,184.90000000000146,351135,2025-08-26 15:25:00,24731.3,eod,113.79999999999927,0.6154678204434741,6275.135579195952
2025-08-28,first,-1,351145,2025-08-28 09:20:00,24576.5,25030.0,453.5,351510,2025-08-28 15:25:00,24501.3,eod,75.20000000000073,0.16582138919515044,3770.6262191420474
2025-08-29,first,-1,351520,2025-08-29 09:20:00,24668.1,25030.0,361.90000000000146,351885,2025-08-29 15:25:00,24571.5,eod,96.59999999999854,0.26692456479690013,5160.117055043906
2025-09-01,first,-1,351895,2025-09-01 09:20:00,24644.8,24710.0,65.20000000000073,352083,2025-09-01 12:28:00,24710.0,stop,-65.20000000000073,-1.0,-5356.921790828047
2025-09-01,reverse,1,352083,2025-09-01 12:28:00,24710.0,24644.8,65.20000000000073,352260,2025-09-01 15:25:00,24750.5,eod,40.5,0.6211656441717722,1512.055747595
2025-09-02,first,1,352270,2025-09-02 09:20:00,24762.1,24546.0,216.09999999999854,352635,2025-09-02 15:25:00,24688.9,eod,-73.19999999999709,-0.3387320684868005,-5877.69784810981
2025-09-03,first,-1,352645,2025-09-03 09:20:00,24651.8,24874.7,222.90000000000146,353010,2025-09-03 15:25:00,24807.0,eod,-155.20000000000073,-0.6962763571108107,-11207.284866268048
2025-09-04,first,1,353020,2025-09-04 09:20:00,24962.3,24638.7,323.59999999999854,353385,2025-09-04 15:25:00,24840.0,eod,-122.29999999999927,-0.3779357231149562,-9071.915496302952
2025-09-05,first,-1,353395,2025-09-05 09:20:00,24916.3,25034.0,117.70000000000073,353760,2025-09-05 15:25:00,24846.0,eod,70.29999999999927,0.5972812234494379,3446.2999380969527
2025-09-08,first,1,353770,2025-09-08 09:20:00,24882.2,24720.4,161.79999999999927,354135,2025-09-08 15:25:00,24900.3,eod,18.099999999998545,0.11186650185413242,53.432525174905436
2025-09-09,first,1,354145,2025-09-09 09:20:00,24950.2,24720.4,229.79999999999927,354510,2025-09-09 15:25:00,24958.2,eod,8.0,0.034812880765883486,-604.085289324
2025-09-10,first,1,354520,2025-09-10 09:20:00,25035.0,24720.4,314.59999999999854,354885,2025-09-10 15:25:00,25070.6,eod,35.599999999998545,0.11315956770501814,1188.0664787839055
2025-09-11,first,1,354895,2025-09-11 09:20:00,25095.0,25039.7,55.29999999999927,355260,2025-09-11 15:25:00,25104.2,eod,9.200000000000728,0.16636528028934627,-528.5796991119527
2025-09-12,first,1,355270,2025-09-12 09:20:00,25150.0,25039.7,110.29999999999927,355635,2025-09-12 15:25:00,25205.2,eod,55.20000000000073,0.5004533091568548,2459.816837728047
2025-09-15,first,1,355645,2025-09-15 09:20:00,25174.9,25039.7,135.20000000000073,356010,2025-09-15 15:25:00,25165.2,eod,-9.700000000000728,-0.07174556213018252,-1758.1743377610474
2025-09-16,first,1,356020,2025-09-16 09:20:00,25179.7,25148.3,31.400000000001455,356059,2025-09-16 09:59:00,25242.500000000004,target,62.80000000000291,2.0,2953.199285858189
2025-09-17,first,1,356395,2025-09-17 09:20:00,25383.2,25265.0,118.20000000000073,356760,2025-09-17 15:25:00,25424.0,eod,40.79999999999927,0.345177664974611,1520.0348460079529
2025-09-23,first,-1,357895,2025-09-23 09:20:00,25295.0,25432.7,137.70000000000073,358260,2025-09-23 15:25:00,25254.8,eod,40.20000000000073,0.2919389978213545,1483.2400552220474
2025-09-24,first,-1,358270,2025-09-24 09:20:00,25136.4,25333.2,196.79999999999927,358635,2025-09-24 15:25:00,25117.0,eod,19.400000000001455,0.09857723577236548,133.89702522609457
2025-09-25,first,-1,358645,2025-09-25 09:20:00,25105.0,25198.0,93.0,359010,2025-09-25 15:25:00,24968.0,eod,137.0,1.4731182795698925,7778.75213647
2025-09-26,first,-1,359020,2025-09-26 09:20:00,24853.0,25059.7,206.70000000000073,359385,2025-09-26 15:25:00,24695.2,eod,157.79999999999927,0.7634252539912855,9135.119390997952
2025-09-29,first,-1,359395,2025-09-29 09:20:00,24751.3,25059.7,308.40000000000146,359760,2025-09-29 15:25:00,24691.7,eod,59.599999999998545,0.19325551232165455,2753.5937007699054
2025-09-30,first,-1,359770,2025-09-30 09:20:00,24742.0,24774.0,32.0,359780,2025-09-30 09:30:00,24678.0,target,64.0,2.0,3039.7646938
2025-10-03,first,1,360520,2025-10-03 09:20:00,24919.9,24580.0,339.90000000000146,360885,2025-10-03 15:25:00,25007.8,eod,87.89999999999782,0.2586054721976977,4588.782211002858
2025-10-06,first,1,360895,2025-10-06 09:20:00,25013.2,24916.0,97.20000000000073,361260,2025-10-06 15:25:00,25185.0,eod,171.79999999999927,1.7674897119341357,10039.477644497952
2025-10-07,first,1,361270,2025-10-07 09:20:00,25186.1,24916.0,270.09999999999854,361635,2025-10-07 15:25:00,25227.0,eod,40.900000000001455,0.15142539800074667,1529.9052387090946
2025-10-08,first,-1,361645,2025-10-08 09:20:00,25249.0,25317.6,68.59999999999854,361763,2025-10-08 11:18:00,25111.800000000003,target,137.1999999999971,2.0,7789.289237511811
2025-10-09,first,-1,362020,2025-10-09 09:20:00,25171.3,25225.0,53.70000000000073,362121,2025-10-09 11:01:00,25225.0,stop,-53.70000000000073,-1.0,-4618.397650643047
2025-10-09,reverse,1,362121,2025-10-09 11:01:00,25225.0,25171.3,53.70000000000073,362385,2025-10-09 15:25:00,25275.0,eod,50.0,0.9310986964618123,2120.608695
2025-10-13,first,-1,362770,2025-10-13 09:20:00,25297.0,25464.3,167.29999999999927,363135,2025-10-13 15:25:00,25317.4,eod,-20.400000000001455,-0.12193664076510187,-2455.9579979840946
2025-10-14,first,1,363145,2025-10-14 09:20:00,25358.5,25230.6,127.90000000000146,363261,2025-10-14 11:16:00,25230.6,stop,-127.90000000000146,-1.0,-9442.612716651094
2025-10-14,reverse,-1,363261,2025-10-14 11:16:00,25230.6,25358.5,127.90000000000146,363510,2025-10-14 15:25:00,25188.4,eod,42.19999999999709,0.3299452697419594,1614.347167409811
2025-10-15,first,1,363520,2025-10-15 09:20:00,25351.3,25125.0,226.29999999999927,363885,2025-10-15 15:25:00,25431.4,eod,80.10000000000218,0.3539549270879471,4074.514504453142
2025-10-17,first,1,364270,2025-10-17 09:20:00,25600.3,25398.0,202.29999999999927,364635,2025-10-17 15:25:00,25755.5,eod,155.20000000000073,0.7671774592189881,8950.673095562048
2025-10-20,first,1,364645,2025-10-20 09:20:00,25960.0,25659.6,300.40000000000146,365010,2025-10-20 15:25:00,25923.0,eod,-37.0,-0.12316910785619115,-3545.71199763
2025-10-24,first,-1,365456,2025-10-24 09:20:00,25922.0,26173.8,251.79999999999927,365821,2025-10-24 15:25:00,25817.0,eod,105.0,0.4169976171564746,5684.68902221
2025-10-27,first,-1,365831,2025-10-27 09:20:00,25945.0,26173.8,228.79999999999927,366196,2025-10-27 15:25:00,26030.0,eod,-85.0,-0.3715034965034977,-6666.21812975
2025-10-28,first,1,366206,2025-10-28 09:20:00,25976.8,25957.0,19.799999999999272,366209,2025-10-28 09:23:00,26016.399999999998,target,39.599999999998545,2.0,1431.8972845479057
2025-10-29,first,1,366581,2025-10-29 09:20:00,26166.1,25820.2,345.8999999999978,366946,2025-10-29 15:25:00,26253.0,eod,86.90000000000146,0.2512286788089101,4502.477597049095
2025-10-31,first,-1,367331,2025-10-31 09:20:00,26000.0,26261.8,261.7999999999993,367696,2025-10-31 15:25:00,25910.0,eod,90.0,0.34377387318563885,4708.3141049
2025-11-03,first,-1,367706,2025-11-03 09:20:00,25843.9,26261.8,417.8999999999978,368071,2025-11-03 15:25:00,25904.9,eod,-61.0,-0.1459679349126593,-5104.423703168
2025-11-04,first,1,368081,2025-11-04 09:20:00,25874.6,25800.0,74.59999999999854,368136,2025-11-04 10:15:00,25800.0,stop,-74.59999999999854,-1.0,-5987.709465305906
2025-11-04,reverse,-1,368136,2025-11-04 10:15:00,25800.0,25874.6,74.59999999999854,368446,2025-11-04 15:25:00,25704.8,eod,95.20000000000073,1.2761394101877022,5049.749607672047
2025-11-06,first,-1,368456,2025-11-06 09:20:00,25799.9,25805.3,5.399999999997817,368457,2025-11-06 09:21:00,25789.100000000006,target,10.799999999995634,2.0,-436.4768662902838
2025-11-07,first,-1,368831,2025-11-07 09:20:00,25474.2,25729.9,255.70000000000073,369196,2025-11-07 15:25:00,25590.0,eod,-115.79999999999927,-0.45287446226045736,-8660.247321761952
2025-11-10,first,1,369206,2025-11-10 09:20:00,25666.0,25428.1,237.90000000000146,369571,2025-11-10 15:25:00,25694.0,eod,28.0,0.11769651113913338,683.3812904
2025-11-11,first,-1,369581,2025-11-11 09:20:00,25625.5,25739.0,113.5,369836,2025-11-11 13:35:00,25739.0,stop,-113.5,-1.0,-8513.329425845
2025-11-11,reverse,1,369836,2025-11-11 13:35:00,25739.0,25625.5,113.5,369946,2025-11-11 15:25:00,25823.0,eod,84.0,0.7400881057268722,4321.32586118
2025-11-12,first,1,369956,2025-11-12 09:20:00,25934.5,25555.0,379.5,370321,2025-11-12 15:25:00,25979.9,eod,45.400000000001455,0.11963109354414085,1809.5373790160945
2025-11-13,first,1,370331,2025-11-13 09:20:00,25911.1,25555.0,356.09999999999854,370696,2025-11-13 15:25:00,25959.9,eod,48.80000000000291,0.1370401572592056,2030.8887156901892
2025-11-14,first,-1,370706,2025-11-14 09:20:00,25869.5,26079.0,209.5,371071,2025-11-14 15:25:00,25972.1,eod,-102.59999999999854,-0.4897374701670575,-7808.9741181759055
2025-11-17,first,1,371081,2025-11-17 09:20:00,26020.1,25815.0,205.09999999999854,371446,2025-11-17 15:25:00,26057.0,eod,36.900000000001455,0.17991223793272412,1255.6954316690944
2025-11-18,first,1,371456,2025-11-18 09:20:00,25982.3,25815.0,167.29999999999927,371821,2025-11-18 15:25:00,25942.0,eod,-40.29999999999927,-0.24088463837417481,-3760.5459567229527
2025-11-19,first,-1,371831,2025-11-19 09:20:00,25902.6,26041.2,138.60000000000218,372006,2025-11-19 12:15:00,26041.2,stop,-138.60000000000218,-1.0,-10149.637697118142
2025-11-19,reverse,1,372006,2025-11-19 12:15:00,26041.2,25902.6,138.60000000000218,372196,2025-11-19 15:25:00,26063.5,eod,22.299999999999272,0.16089466089465312,306.54476203295275
2025-11-20,first,1,372206,2025-11-20 09:20:00,26115.9,26020.0,95.90000000000146,372571,2025-11-20 15:25:00,26234.2,eod,118.29999999999927,1.2335766423357402,6543.884106138953
2025-11-21,first,1,372581,2025-11-21 09:20:00,26157.0,26020.0,137.0,372946,2025-11-21 15:25:00,26073.6,eod,-83.40000000000146,-0.6087591240876019,-6564.4137924660945
2025-11-24,first,-1,372956,2025-11-24 09:20:00,26127.2,26195.0,67.79999999999927,373301,2025-11-24 15:05:00,25991.600000000002,target,135.59999999999854,2.0,7670.261351131905
2025-11-25,first,-1,373331,2025-11-25 09:20:00,25961.4,26168.7,207.29999999999927,373696,2025-11-25 15:25:00,25888.0,eod,73.40000000000146,0.35407621804149403,3629.9295636660945
2025-11-26,first,-1,373706,2025-11-26 09:20:00,26159.8,26168.7,8.900000000001455,373715,2025-11-26 09:29:00,26168.7,stop,-8.900000000001455,-1.0,-1723.1870158850945
2025-11-26,reverse,1,373715,2025-11-26 09:29:00,26168.7,26159.8,8.900000000001455,373719,2025-11-26 09:33:00,26186.500000000004,target,17.80000000000291,2.0,11.928407728189143
2025-11-27,first,1,374081,2025-11-27 09:20:00,26441.7,25867.4,574.2999999999993,374446,2025-11-27 15:25:00,26399.0,eod,-42.70000000000073,-0.07435138429392439,-3924.370444927047
2025-11-28,first,1,374456,2025-11-28 09:20:00,26419.0,26317.5,101.5,374821,2025-11-28 15:25:00,26393.0,eod,-26.0,-0.2561576354679803,-2838.72265132
2025-12-01,first,-1,374831,2025-12-01 09:20:00,26449.2,26459.8,10.599999999998545,374832,2025-12-01 09:21:00,26459.8,stop,-10.599999999998545,-1.0,-1838.6424414899054
2025-12-01,reverse,1,374832,2025-12-01 09:21:00,26459.8,26449.2,10.599999999998545,374854,2025-12-01 09:43:00,26449.2,stop,-10.599999999998545,-1.0,-1838.6424414899054
2025-12-02,first,-1,375206,2025-12-02 09:20:00,26310.0,26379.0,69.0,375571,2025-12-02 15:25:00,26229.0,eod,81.0,1.173913043478261,4117.98653421
2025-12-04,first,1,375956,2025-12-04 09:20:00,26078.6,26055.0,23.599999999998545,375960,2025-12-04 09:24:00,26125.799999999996,target,47.19999999999709,2.0,1924.046302115811
2025-12-05,first,1,376331,2025-12-05 09:20:00,26192.5,26092.1,100.40000000000146,376696,2025-12-05 15:25:00,26334.9,eod,142.40000000000146,1.4183266932270855,8108.726566086095
2025-12-08,first,-1,376706,2025-12-08 09:20:00,26309.7,26369.9,60.20000000000073,376880,2025-12-08 12:14:00,26189.3,target,120.40000000000146,2.0,6679.098188610094
2025-12-09,first,-1,377081,2025-12-09 09:20:00,25937.0,26369.9,432.90000000000146,377446,2025-12-09 15:25:00,25957.3,eod,-20.299999999999272,-0.046893046893045055,-2460.4063484229528
2025-12-10,first,-1,377456,2025-12-10 09:20:00,25954.9,26039.0,84.09999999999854,377511,2025-12-10 10:15:00,26039.0,stop,-84.09999999999854,-1.0,-6607.885057978905
2025-12-10,reverse,1,377511,2025-12-10 10:15:00,26039.0,25954.9,84.09999999999854,377554,2025-12-10 10:58:00,25954.9,stop,-84.09999999999854,-1.0,-6607.885057978905
2025-12-11,first,-1,377831,2025-12-11 09:20:00,25896.7,26039.0,142.29999999999927,378196,2025-12-11 15:25:00,26010.0,eod,-113.29999999999927,-0.7962052002810952,-8504.968363186952
2025-12-12,first,1,378206,2025-12-12 09:20:00,26111.2,25805.0,306.2000000000007,378571,2025-12-12 15:25:00,26147.0,eod,35.79999999999927,0.11691704768125143,1182.6528078979527
2025-12-16,first,1,378956,2025-12-16 09:20:00,26021.0,25988.4,32.599999999998545,378995,2025-12-16 09:59:00,25988.4,stop,-32.599999999998545,-1.0,-3260.8189139339056
2025-12-16,reverse,-1,378995,2025-12-16 09:59:00,25988.4,26021.0,32.599999999998545,379321,2025-12-16 15:25:00,25936.2,eod,52.20000000000073,1.6012269938651245,2251.4103521940474
2025-12-17,first,-1,379331,2025-12-17 09:20:00,25964.0,26008.2,44.20000000000073,379493,2025-12-17 12:02:00,25875.6,target,88.40000000000146,2.0,4604.925639044095
2025-12-22,first,1,380456,2025-12-22 09:20:00,26175.0,25960.2,214.79999999999927,380821,2025-12-22 15:25:00,26197.4,eod,22.400000000001455,0.10428305400373153,310.75437563609455
2025-12-23,first,1,380831,2025-12-23 09:20:00,26209.0,25960.2,248.79999999999927,381196,2025-12-23 15:25:00,26203.8,eod,-5.200000000000728,-0.020900321543411347,-1483.4297302080472
2025-12-24,first,-1,381206,2025-12-24 09:20:00,26227.5,26259.0,31.5,381259,2025-12-24 10:13:00,26259.0,stop,-31.5,-1.0,-3193.406276265
2025-12-24,reverse,1,381259,2025-12-24 10:13:00,26259.0,26227.5,31.5,381300,2025-12-24 10:54:00,26227.5,stop,-31.5,-1.0,-3193.406276265
2025-12-26,first,-1,381581,2025-12-26 09:20:00,26137.7,26269.2,131.5,381946,2025-12-26 15:25:00,26057.9,eod,79.79999999999927,0.6068441064638728,4042.9308638839525
2025-12-29,first,-1,381956,2025-12-29 09:20:00,26060.0,26269.2,209.20000000000073,382321,2025-12-29 15:25:00,25964.4,eod,95.59999999999854,0.45697896749521133,5071.302811915905
2025-12-30,first,-1,382331,2025-12-30 09:20:00,25899.0,26269.2,370.2000000000007,382696,2025-12-30 15:25:00,25937.0,eod,-38.0,-0.10264721772015106,-3610.30412796
2025-12-31,first,1,382706,2025-12-31 09:20:00,26167.1,25882.6,284.5,383071,2025-12-31 15:25:00,26292.4,eod,125.30000000000291,0.4404217926186394,6997.907391205189
2026-01-01,first,-1,383081,2026-01-01 09:20:00,26308.9,26325.0,16.099999999998545,383111,2026-01-01 09:50:00,26325.0,stop,-16.099999999998545,-1.0,-2193.7571683789056
2026-01-01,reverse,1,383111,2026-01-01 09:50:00,26325.0,26308.9,16.099999999998545,383119,2026-01-01 09:58:00,26308.9,stop,-16.099999999998545,-1.0,-2193.7571683789056
2026-01-05,first,1,383831,2026-01-05 09:20:00,26452.8,26262.0,190.79999999999927,384196,2026-01-05 15:25:00,26325.9,eod,-126.89999999999782,-0.6650943396226326,-9396.347551106857
2026-01-06,first,-1,384206,2026-01-06 09:20:00,26329.6,26506.6,177.0,384571,2026-01-06 15:25:00,26282.0,eod,47.599999999998545,0.26892655367230817,1946.5609321239053
2026-01-07,first,-1,384581,2026-01-07 09:20:00,26240.0,26506.6,266.59999999999854,384946,2026-01-07 15:25:00,26233.3,eod,6.700000000000728,0.02513128282070804,-710.5168386129527
2026-01-08,first,1,384956,2026-01-08 09:20:00,26196.0,26187.4,8.599999999998545,384958,2026-01-08 09:22:00,26187.4,stop,-8.599999999998545,-1.0,-1704.1583640739054
2026-01-08,reverse,-1,384958,2026-01-08 09:22:00,26187.4,26196.0,8.599999999998545,384960,2026-01-08 09:24:00,26196.0,stop,-8.599999999998545,-1.0,-1704.1583640739054
2026-01-09,first,-1,385331,2026-01-09 09:20:00,26014.0,26249.0,235.0,385696,2026-01-09 15:25:00,25791.1,eod,222.90000000000146,0.9485106382978785,13346.933913589095
2026-01-13,first,1,386081,2026-01-13 09:20:00,25877.9,25573.2,304.7000000000007,386446,2026-01-13 15:25:00,25781.1,eod,-96.80000000000291,-0.31768953068592937,-7430.446158990189
2026-01-14,first,-1,386456,2026-01-14 09:20:00,25762.0,25929.0,167.0,386821,2026-01-14 15:25:00,25723.1,eod,38.900000000001455,0.23293413173653565,1390.7474687890945
2026-01-16,first,-1,386831,2026-01-16 09:20:00,25798.0,25850.0,52.0,386882,2026-01-16 10:11:00,25850.0,stop,-52.0,-1.0,-4518.61414928
2026-01-16,reverse,1,386882,2026-01-16 10:11:00,25850.0,25798.0,52.0,386907,2026-01-16 10:36:00,25954.0,target,104.0,2.0,5619.1388875600005
2026-01-19,first,-1,387206,2026-01-19 09:20:00,25615.7,25956.6,340.8999999999978,387571,2026-01-19 15:25:00,25572.2,eod,43.5,0.12760340275740767,1692.262691681
2026-01-20,first,1,387581,2026-01-20 09:20:00,25579.0,25532.0,47.0,387588,2026-01-20 09:27:00,25532.0,stop,-47.0,-1.0,-4189.05011071
2026-01-20,reverse,-1,387588,2026-01-20 09:27:00,25532.0,25579.0,47.0,387786,2026-01-20 12:45:00,25438.0,target,94.0,2.0,4976.3310983
2026-01-21,first,-1,387956,2026-01-21 09:20:00,25263.8,25679.0,415.2000000000007,388321,2026-01-21 15:25:00,25165.0,eod,98.79999999999927,0.23795761078997857,5292.9322320319525
2026-01-23,first,1,388706,2026-01-23 09:20:00,25300.8,25200.0,100.79999999999927,388942,2026-01-23 13:16:00,25200.0,stop,-100.79999999999927,-1.0,-7680.515967887953
2026-01-23,reverse,-1,388942,2026-01-23 13:16:00,25200.0,25300.8,100.79999999999927,389071,2026-01-23 15:25:00,25085.0,eod,115.0,1.140873015873024,6347.06747115
2026-01-27,first,-1,389081,2026-01-27 09:20:00,25014.9,25397.7,382.7999999999993,389446,2026-01-27 15:25:00,25175.6,eod,-160.6999999999971,-0.4198014629049044,-11571.01136770481
2026-01-28,first,1,389456,2026-01-28 09:20:00,25479.0,24957.5,521.5,389821,2026-01-28 15:25:00,25458.5,eod,-20.5,-0.039309683604985615,-2465.221084375
2026-01-29,first,1,389831,2026-01-29 09:20:00,25368.6,25300.8,67.79999999999927,389865,2026-01-29 09:54:00,25300.8,stop,-67.79999999999927,-1.0,-5537.151156533952
2026-01-29,reverse,-1,389865,2026-01-29 09:54:00,25300.8,25368.6,67.79999999999927,389948,2026-01-29 11:17:00,25368.6,stop,-67.79999999999927,-1.0,-5537.151156533952
2026-01-30,first,1,390206,2026-01-30 09:20:00,25359.5,25262.6,96.90000000000146,390571,2026-01-30 15:25:00,25411.0,eod,51.5,0.5314757481940064,2215.7861684950003
2026-02-01,first,-1,390581,2026-02-01 09:20:00,25387.9,25564.8,176.89999999999782,390769,2026-02-01 12:28:00,25034.100000000006,target,353.79999999999563,2.0,21866.498646579716
2026-02-02,first,-1,390956,2026-02-02 09:20:00,24885.0,25524.0,639.0,391321,2026-02-02 15:25:00,25149.2,eod,-264.2000000000007,-0.4134585289514878,-18296.568963462047
2026-02-04,first,1,391706,2026-02-04 09:20:00,25797.8,24637.6,1160.2000000000007,392071,2026-02-04 15:25:00,25833.3,eod,35.5,0.030598172728839836,1168.518531729
2026-02-05,first,-1,392081,2026-02-05 09:20:00,25769.9,25910.0,140.09999999999854,392446,2026-02-05 15:25:00,25719.0,eod,50.900000000001455,0.3633119200571162,2170.6447650710943
2026-02-09,first,1,392831,2026-02-09 09:20:00,25879.9,25600.1,279.8000000000029,393196,2026-02-09 15:25:00,25911.0,eod,31.099999999998545,0.11115082201571916,881.1774048509054
2026-02-10,first,1,393206,2026-02-10 09:20:00,25973.8,25600.1,373.7000000000007,393571,2026-02-10 15:25:00,25968.0,eod,-5.799999999999272,-0.015520470966013543,-1518.3974698979528
2026-02-12,first,-1,393956,2026-02-12 09:20:00,25913.0,26020.0,107.0,394321,2026-02-12 15:25:00,25853.0,eod,60.0,0.5607476635514018,2759.72132474
2026-02-13,first,-1,394331,2026-02-13 09:20:00,25667.7,25928.0,260.2999999999993,394696,2026-02-13 15:25:00,25516.9,eod,150.79999999999927,0.5793315405301563,8666.163213593953
2026-02-16,first,-1,394706,2026-02-16 09:20:00,25500.0,25652.0,152.0,395015,2026-02-16 14:29:00,25652.0,stop,-152.0,-1.0,-11013.78655872
2026-02-16,reverse,1,395015,2026-02-16 14:29:00,25652.0,25500.0,152.0,395071,2026-02-16 15:25:00,25721.0,eod,69.0,0.45394736842105265,3348.0302434699997
2026-02-17,first,1,395081,2026-02-17 09:20:00,25595.0,25545.1,49.900000000001455,395140,2026-02-17 10:19:00,25694.800000000003,target,99.80000000000291,2.0,5350.561723822189
2026-02-18,first,1,395456,2026-02-18 09:20:00,25742.2,25584.3,157.90000000000146,395821,2026-02-18 15:25:00,25822.8,eod,80.59999999999854,0.5104496516782635,4100.3200903499055
2026-02-19,first,1,395831,2026-02-19 09:20:00,25870.0,25660.0,210.0,395992,2026-02-19 12:01:00,25660.0,stop,-210.0,-1.0,-14786.6805233
2026-02-19,reverse,-1,395992,2026-02-19 12:01:00,25660.0,25870.0,210.0,396196,2026-02-19 15:25:00,25416.0,eod,244.0,1.161904761904762,14724.54691564
2026-02-20,first,-1,396206,2026-02-20 09:20:00,25471.4,25877.0,405.59999999999854,396571,2026-02-20 15:25:00,25575.0,eod,-103.59999999999854,-0.2554240631163681,-7867.166437503905
2026-02-23,first,1,396581,2026-02-23 09:20:00,25725.0,25392.0,333.0,396946,2026-02-23 15:25:00,25700.0,eod,-25.0,-0.07507507507507508,-2761.86464425
2026-02-25,first,1,397331,2026-02-25 09:20:00,25719.0,25341.0,378.0,397696,2026-02-25 15:25:00,25626.6,eod,-92.40000000000146,-0.2444444444444483,-7141.791197616095
2026-02-26,first,1,397706,2026-02-26 09:20:00,25683.6,25571.2,112.39999999999782,397888,2026-02-26 12:22:00,25571.2,stop,-112.39999999999782,-1.0,-8440.897529827858
2026-02-26,reverse,-1,397888,2026-02-26 12:22:00,25571.2,25683.6,112.39999999999782,398071,2026-02-26 15:25:00,25632.2,eod,-61.0,-0.5427046263345301,-5099.758564274
2026-03-02,first,-1,398456,2026-03-02 09:20:00,25080.0,25487.0,407.0,398821,2026-03-02 15:25:00,24971.3,eod,108.70000000000073,0.2670761670761689,5939.603304807048
2026-03-05,first,-1,399206,2026-03-05 09:20:00,24671.0,24700.0,29.0,399208,2026-03-05 09:22:00,24700.0,stop,-29.0,-1.0,-3004.2721293100003
2026-03-05,reverse,1,399208,2026-03-05 09:22:00,24700.0,24671.0,29.0,399213,2026-03-05 09:27:00,24671.0,stop,-29.0,-1.0,-3004.2721293100003
2026-03-06,first,1,399581,2026-03-06 09:20:00,24719.0,24630.6,88.40000000000146,399904,2026-03-06 14:43:00,24630.6,stop,-88.40000000000146,-1.0,-6864.741592056094
2026-03-06,reverse,-1,399904,2026-03-06 14:43:00,24630.6,24719.0,88.40000000000146,399946,2026-03-06 15:25:00,24541.4,eod,89.19999999999709,1.0090497737556066,4679.738569079811
2026-03-09,first,-1,399956,2026-03-09 09:20:00,23870.2,24970.4,1100.2000000000007,400321,2026-03-09 15:25:00,24099.7,eod,-229.5,-0.20859843664788205,-16023.614741339
2026-03-10,first,1,400331,2026-03-10 09:20:00,24236.6,23804.0,432.59999999999854,400696,2026-03-10 15:25:00,24415.0,eod,178.40000000000146,0.41239019879797056,10481.668047724095
2026-03-11,first,1,400706,2026-03-11 09:20:00,24370.2,24222.0,148.20000000000073,400748,2026-03-11 10:02:00,24222.0,stop,-148.20000000000073,-1.0,-10744.913257842047
2026-03-11,reverse,-1,400748,2026-03-11 10:02:00,24222.0,24370.2,148.20000000000073,401053,2026-03-11 15:07:00,23925.6,target,296.40000000000146,2.0,18155.288767164093
2026-03-12,first,-1,401081,2026-03-12 09:20:00,23677.8,24418.9,741.1000000000022,401446,2026-03-12 15:25:00,23715.0,eod,-37.20000000000073,-0.05019565510727381,-3520.3034080080474
2026-03-13,first,-1,401456,2026-03-13 09:20:00,23496.8,23918.0,421.2000000000007,401821,2026-03-13 15:25:00,23209.1,eod,287.7000000000007,0.6830484330484335,17602.17140170105
2026-03-16,first,1,401831,2026-03-16 09:20:00,23246.0,23155.1,90.90000000000146,401891,2026-03-16 10:20:00,23155.1,stop,-90.90000000000146,-1.0,-7002.006647971095
2026-03-16,reverse,-1,401891,2026-03-16 10:20:00,23155.1,23246.0,90.90000000000146,401950,2026-03-16 11:19:00,23246.0,stop,-90.90000000000146,-1.0,-7002.006647971095
2026-03-17,first,1,402206,2026-03-17 09:20:00,23406.5,23140.6,265.90000000000146,402571,2026-03-17 15:25:00,23615.9,eod,209.40000000000146,0.7875141030462591,12510.422239136095
2026-03-18,first,1,402581,2026-03-18 09:20:00,23753.9,23373.0,380.90000000000146,402946,2026-03-18 15:25:00,23765.8,eod,11.899999999997817,0.03124179574690935,-330.17609611714187
2026-03-19,first,-1,402956,2026-03-19 09:20:00,23285.0,23875.7,590.7000000000007,403321,2026-03-19 15:25:00,23120.0,eod,165.0,0.27932960893854714,9629.96297795
2026-03-20,first,-1,403331,2026-03-20 09:20:00,23327.7,23875.7,548.0,403696,2026-03-20 15:25:00,23140.0,eod,187.70000000000073,0.34251824817518384,11104.793871603048
2026-03-23,first,-1,403706,2026-03-23 09:20:00,22715.7,23309.0,593.2999999999993,404071,2026-03-23 15:25:00,22500.6,eod,215.10000000000218,0.362548457778531,12896.337569157142
2026-03-27,first,-1,404831,2026-03-27 09:20:00,23071.6,23460.1,388.5,405196,2026-03-27 15:25:00,22808.9,eod,262.6999999999971,0.6761904761904687,15984.37780139481
2026-03-30,first,-1,405206,2026-03-30 09:20:00,22498.1,23460.1,962.0,405571,2026-03-30 15:25:00,22330.0,eod,168.09999999999854,0.17474012474012324,9844.933030558905
2026-04-01,first,-1,405581,2026-04-01 09:20:00,22966.9,23460.1,493.1999999999971,405946,2026-04-01 15:25:00,22798.5,eod,168.40000000000146,0.3414436334144413,9856.413976906095
2026-04-02,first,-1,405956,2026-04-02 09:20:00,22335.0,23019.0,684.0,406321,2026-04-02 15:25:00,22740.0,eod,-405.0,-0.5921052631578947,-27405.32622075
2026-04-06,first,1,406331,2026-04-06 09:20:00,22740.4,22277.0,463.40000000000146,406696,2026-04-06 15:25:00,23051.9,eod,311.5,0.6722054380664632,19156.846749797
2026-04-07,first,1,406706,2026-04-07 09:20:00,22848.7,22627.0,221.70000000000073,407071,2026-04-07 15:25:00,23162.0,eod,313.2999999999993,1.4131709517365731,19271.968111372953
2026-04-08,first,1,407081,2026-04-08 09:20:00,23928.1,22806.0,1122.0999999999985,407446,2026-04-08 15:25:00,24062.0,eod,133.90000000000146,0.11932982800107088,7595.0865857390945
2026-04-09,first,1,407456,2026-04-09 09:20:00,23988.0,23948.4,39.599999999998545,407474,2026-04-09 09:38:00,23948.4,stop,-39.599999999998545,-1.0,-3680.9391104039055
2026-04-09,reverse,-1,407474,2026-04-09 09:38:00,23948.4,23988.0,39.599999999998545,407487,2026-04-09 09:51:00,23869.200000000004,target,79.19999999999709,2.0,4041.382078463811
2026-04-10,first,-1,407831,2026-04-10 09:20:00,24000.0,24090.0,90.0,408110,2026-04-10 13:59:00,24090.0,stop,-90.0,-1.0,-6957.9581049
2026-04-10,reverse,1,408110,2026-04-10 13:59:00,24090.0,24000.0,90.0,408126,2026-04-10 14:15:00,24000.0,stop,-90.0,-1.0,-6957.9581049
2026-04-15,first,1,408581,2026-04-15 09:20:00,24269.9,23627.1,642.8000000000029,408946,2026-04-15 15:25:00,24230.0,eod,-39.900000000001455,-0.06207218419415257,-3705.2573146390946
2026-04-16,first,1,408956,2026-04-16 09:20:00,24375.0,23627.1,747.9000000000015,409321,2026-04-16 15:25:00,24194.5,eod,-180.5,-0.24134242545794846,-12844.030135895
2026-04-17,first,1,409331,2026-04-17 09:20:00,24213.3,24115.0,98.29999999999927,409696,2026-04-17 15:25:00,24368.0,eod,154.70000000000073,1.5737538148525114,8941.908011507046
2026-04-20,first,1,409706,2026-04-20 09:20:00,24360.0,24265.8,94.20000000000073,410071,2026-04-20 15:25:00,24312.9,eod,-47.099999999998545,-0.4999999999999807,-4174.694969168905
2026-04-23,first,-1,410831,2026-04-23 09:20:00,24190.9,24446.0,255.09999999999854,411196,2026-04-23 15:25:00,24160.0,eod,30.900000000001455,0.12112896903175865,897.6029932510946
2026-04-24,first,-1,411206,2026-04-24 09:20:00,24117.0,24446.0,329.0,411571,2026-04-24 15:25:00,23932.1,eod,184.90000000000146,0.56200607902736,10909.283572749095
2026-04-27,first,1,411581,2026-04-27 09:20:00,24060.9,23835.0,225.90000000000146,411946,2026-04-27 15:25:00,24118.9,eod,58.0,0.2567507746790599,2660.407980922
2026-04-28,first,-1,411956,2026-04-28 09:20:00,24090.4,24140.0,49.599999999998545,411981,2026-04-28 09:45:00,24140.0,stop,-49.599999999998545,-1.0,-4333.395371743905
2026-04-28,reverse,1,411981,2026-04-28 09:45:00,24140.0,24090.4,49.599999999998545,412081,2026-04-28 11:25:00,24090.4,stop,-49.599999999998545,-1.0,-4333.395371743905
2026-05-29,first,-1,412331,2026-05-29 09:20:00,24040.0,24179.0,139.0,412672,2026-05-29 15:01:00,23762.0,target,278.0,2.0,16962.35253478
2026-06-01,first,-1,412706,2026-06-01 09:20:00,23695.9,24061.1,365.1999999999971,413071,2026-06-01 15:25:00,23459.0,eod,236.90000000000146,0.6486856516977091,14296.628010811095
2026-06-02,first,-1,413081,2026-06-02 09:20:00,23353.9,24061.1,707.1999999999971,413446,2026-06-02 15:25:00,23614.9,eod,-261.0,-0.3690610859728522,-18062.367447368
2026-06-03,first,1,413456,2026-06-03 09:20:00,23353.6,23286.0,67.59999999999854,413493,2026-06-03 09:57:00,23286.0,stop,-67.59999999999854,-1.0,-5489.682988955906
2026-06-03,reverse,-1,413493,2026-06-03 09:57:00,23286.0,23353.6,67.59999999999854,413503,2026-06-03 10:07:00,23353.6,stop,-67.59999999999854,-1.0,-5489.682988955906
2026-06-04,first,1,413831,2026-06-04 09:20:00,23418.0,23212.0,206.0,414196,2026-06-04 15:25:00,23530.5,eod,112.5,0.5461165048543689,6213.121215915
2026-06-05,first,1,414206,2026-06-05 09:20:00,23520.0,23359.2,160.79999999999927,414469,2026-06-05 13:43:00,23359.2,stop,-160.79999999999927,-1.0,-11549.187213911953
2026-06-05,reverse,-1,414469,2026-06-05 13:43:00,23359.2,23520.0,160.79999999999927,414571,2026-06-05 15:25:00,23455.0,eod,-95.79999999999927,-0.5957711442786051,-7324.011479261952
2026-06-09,first,-1,414956,2026-06-09 09:20:00,23260.6,23353.3,92.70000000000073,415321,2026-06-09 15:25:00,23338.6,eod,-78.0,-0.8414239482200582,-6165.276583112
2026-06-10,first,1,415331,2026-06-10 09:20:00,23340.0,23145.0,195.0,415696,2026-06-10 15:25:00,23249.0,eod,-91.0,-0.4666666666666667,-7010.11328629
2026-06-11,first,-1,415706,2026-06-11 09:20:00,23150.0,23456.0,306.0,416071,2026-06-11 15:25:00,23216.2,eod,-66.20000000000073,-0.21633986928104812,-5396.352621982047
2026-06-15,first,1,416456,2026-06-15 09:20:00,23960.5,23336.0,624.5,416821,2026-06-15 15:25:00,23923.2,eod,-37.29999999999927,-0.05972778222577946,-3531.0017901569527
2026-06-16,first,-1,416831,2026-06-16 09:20:00,23952.0,24029.0,77.0,417196,2026-06-16 15:25:00,23998.9,eod,-46.900000000001455,-0.609090909090928,-4155.520432749095
2026-06-17,first,1,417206,2026-06-17 09:20:00,24013.0,23920.0,93.0,417571,2026-06-17 15:25:00,24087.5,eod,74.5,0.8010752688172043,3733.489757195
2026-06-18,first,1,417581,2026-06-18 09:20:00,24094.5,24024.0,70.5,417946,2026-06-18 15:25:00,24205.1,eod,110.59999999999854,1.5687943262411141,6078.075548443905
2026-06-22,first,1,418331,2026-06-22 09:20:00,24142.3,23952.0,190.29999999999927,418696,2026-06-22 15:25:00,24115.0,eod,-27.299999999999272,-0.1434576983709899,-2884.2559188529526
2026-06-23,first,-1,418706,2026-06-23 09:20:00,24097.2,24176.3,79.09999999999854,418927,2026-06-23 13:01:00,23939.000000000004,target,158.1999999999971,2.0,9174.05010931781
2026-06-24,first,-1,419081,2026-06-24 09:20:00,23860.8,24176.3,315.5,419446,2026-06-24 15:25:00,24061.9,eod,-201.10000000000218,-0.6374009508716393,-14177.377150947143
2026-06-29,first,-1,419831,2026-06-29 09:20:00,24107.9,24278.6,170.6999999999971,420196,2026-06-29 15:25:00,23975.0,eod,132.90000000000146,0.7785588752197055,7529.298660731095
2026-06-30,first,-1,420206,2026-06-30 09:20:00,23950.0,24139.0,189.0,420571,2026-06-30 15:25:00,23863.1,eod,86.90000000000146,0.45978835978836746,4541.875524709095
2026-07-01,first,-1,420581,2026-07-01 09:20:00,24022.5,24139.0,116.5,420750,2026-07-01 12:09:00,24139.0,stop,-116.5,-1.0,-8680.914663015
2026-07-01,reverse,1,420750,2026-07-01 12:09:00,24139.0,24022.5,116.5,420946,2026-07-01 15:25:00,24083.1,eod,-55.900000000001455,-0.47982832618027,-4742.787521781094
2026-07-03,first,1,421331,2026-07-03 09:20:00,24379.8,24142.0,237.79999999999927,421696,2026-07-03 15:25:00,24349.4,eod,-30.399999999997817,-0.1278385197644992,-3089.774232411858
2026-07-06,first,-1,421706,2026-07-06 09:20:00,24392.0,24448.9,56.900000000001455,421733,2026-07-06 09:47:00,24448.9,stop,-56.900000000001455,-1.0,-4813.074645649094
2026-07-06,reverse,1,421733,2026-07-06 09:47:00,24448.9,24392.0,56.900000000001455,422071,2026-07-06 15:25:00,24484.9,eod,36.0,0.6326889279437448,1224.087258982
2026-07-07,first,-1,422081,2026-07-07 09:20:00,24509.5,24514.2,4.700000000000728,422082,2026-07-07 09:21:00,24514.2,stop,-4.700000000000728,-1.0,-1421.9436155570475
2026-07-07,reverse,1,422082,2026-07-07 09:21:00,24514.2,24509.5,4.700000000000728,422083,2026-07-07 09:22:00,24508.3,stop,-5.900000000001455,-1.2553191489362856,-1499.9263312250946
2026-07-08,first,-1,422456,2026-07-08 09:20:00,24311.6,24565.1,253.5,422821,2026-07-08 15:25:00,23906.7,eod,404.8999999999978,1.5972386587771117,25206.54930193686
2026-07-09,first,-1,422831,2026-07-09 09:20:00,24030.5,24330.0,299.5,423196,2026-07-09 15:25:00,24009.3,eod,21.200000000000728,0.07078464106844984,269.8207663220473
2026-07-13,first,1,423581,2026-07-13 09:20:00,24057.1,23960.0,97.09999999999854,423792,2026-07-13 12:51:00,24251.299999999996,target,194.1999999999971,2.0,11511.511216675812
2026-07-14,first,-1,423956,2026-07-14 09:20:00,24128.0,24275.0,147.0,424321,2026-07-14 15:25:00,24019.9,eod,108.09999999999854,0.735374149659854,5916.887756080905
2026-07-15,first,-1,424331,2026-07-15 09:20:00,24165.0,24275.0,110.0,424696,2026-07-15 15:25:00,24075.2,eod,89.79999999999927,0.8163636363636297,4726.705312877953
2026-07-16,first,-1,424706,2026-07-16 09:20:00,24169.7,24228.2,58.5,425071,2026-07-16 15:25:00,24096.0,eod,73.70000000000073,1.2598290598290722,3680.0813808230473
2026-07-17,first,-1,425081,2026-07-17 09:20:00,24180.0,24220.0,40.0,425106,2026-07-17 09:45:00,24220.0,stop,-40.0,-1.0,-3710.902224
2026-07-17,reverse,1,425106,2026-07-17 09:45:00,24220.0,24180.0,40.0,425352,2026-07-17 13:51:00,24180.0,stop,-40.0,-1.0,-3710.902224
2026-07-20,first,1,425456,2026-07-20 09:20:00,24199.4,24180.0,19.400000000001455,425458,2026-07-20 09:22:00,24180.0,stop,-19.400000000001455,-1.0,-2371.8465296340946
2026-07-20,reverse,-1,425458,2026-07-20 09:22:00,24180.0,24199.4,19.400000000001455,425460,2026-07-20 09:24:00,24199.4,stop,-19.400000000001455,-1.0,-2371.8465296340946
2026-07-21,first,1,425831,2026-07-21 09:20:00,24257.7,24121.0,136.70000000000073,426196,2026-07-21 15:25:00,24177.5,eod,-80.20000000000073,-0.5866861741038794,-6323.968141072048
2026-07-22,first,-1,426206,2026-07-22 09:20:00,24082.5,24282.9,200.40000000000146,426571,2026-07-22 15:25:00,23990.0,eod,92.5,0.4615768463073819,4903.623958275
2026-07-27,first,1,427331,2026-07-27 09:20:00,23951.8,23640.0,311.7999999999993,427696,2026-07-27 15:25:00,24038.9,eod,87.10000000000218,0.2793457344451648,4553.355233573142
2026-07-28,first,1,427706,2026-07-28 09:20:00,24033.9,23902.4,131.5,428071,2026-07-28 15:25:00,23989.8,eod,-44.10000000000218,-0.33536121673005465,-3974.1595155571417
2026-07-30,first,-1,428456,2026-07-30 09:20:00,24320.0,24346.6,26.599999999998545,428648,2026-07-30 12:32:00,24346.6,stop,-26.599999999998545,-1.0,-2842.261006425905
2026-07-30,reverse,1,428648,2026-07-30 12:32:00,24346.6,24320.0,26.599999999998545,428688,2026-07-30 13:12:00,24320.0,stop,-26.599999999998545,-1.0,-2842.261006425905
2026-07-31,first,1,428831,2026-07-31 09:20:00,24415.0,24250.0,165.0,429196,2026-07-31 15:25:00,24442.0,eod,27.0,0.16363636363636364,639.7968262300001
2026-08-04,first,-1,429581,2026-08-04 09:20:00,24678.3,24689.2,10.900000000001455,429590,2026-08-04 09:29:00,24656.499999999996,target,21.80000000000291,2.0,297.74033137218913
2026-08-05,first,1,429956,2026-08-05 09:20:00,24717.8,24500.0,217.79999999999927,430321,2026-08-05 15:25:00,24640.8,eod,-77.0,-0.3535353535353547,-6123.885264546
2026-08-06,first,1,430331,2026-08-06 09:20:00,24709.1,24565.0,144.09999999999854,430696,2026-08-06 15:25:00,24743.7,eod,34.60000000000218,0.24011103400418135,1128.6561253921418
2026-08-10,first,1,431081,2026-08-10 09:20:00,24674.0,24601.0,73.0,431097,2026-08-10 09:36:00,24601.0,stop,-73.0,-1.0,-5863.19358275
2026-08-10,reverse,-1,431097,2026-08-10 09:36:00,24601.0,24674.0,73.0,431166,2026-08-10 10:45:00,24674.0,stop,-73.0,-1.0,-5863.19358275
2026-08-11,first,-1,431456,2026-08-11 09:20:00,24568.0,24698.8,130.79999999999927,431821,2026-08-11 15:25:00,24535.1,eod,32.900000000001455,0.2515290519877801,1021.1572678090945
2026-08-13,first,1,432206,2026-08-13 09:20:00,24422.5,24363.9,58.599999999998545,432571,2026-08-13 15:25:00,24464.0,eod,41.5,0.7081911262798811,1581.959669735
2026-08-14,first,1,432581,2026-08-14 09:20:00,24388.0,24363.9,24.099999999998545,432846,2026-08-14 13:45:00,24436.199999999997,target,48.19999999999709,2.0,2017.9533646378109
2026-08-18,first,-1,433331,2026-08-18 09:20:00,24280.0,24436.5,156.5,433696,2026-08-18 15:25:00,24229.0,eod,51.0,0.3258785942492013,2202.63308251
2026-08-19,first,-1,433706,2026-08-19 09:20:00,24157.7,24269.5,111.79999999999927,434071,2026-08-19 15:25:00,24116.0,eod,41.70000000000073,0.37298747763864937,1600.2001519430473
2026-08-20,first,1,434081,2026-08-20 09:20:00,24248.0,24087.4,160.59999999999854,434446,2026-08-20 15:25:00,24295.0,eod,47.0,0.2926525529265282,1942.36565977
2026-08-21,first,1,434456,2026-08-21 09:20:00,24280.0,24087.4,192.59999999999854,434821,2026-08-21 15:25:00,24286.0,eod,6.0,0.031152647975078118,-722.59122326
2026-08-24,first,-1,434831,2026-08-24 09:20:00,24338.7,24352.0,13.299999999999272,434846,2026-08-24 09:35:00,24312.100000000002,target,26.599999999998545,2.0,615.5629206119054
2026-08-25,first,1,435206,2026-08-25 09:20:00,24199.0,24173.7,25.299999999999272,435230,2026-08-25 09:44:00,24173.7,stop,-25.299999999999272,-1.0,-2755.254705446953
2026-08-25,reverse,-1,435230,2026-08-25 09:44:00,24173.7,24199.0,25.299999999999272,435361,2026-08-25 11:55:00,24199.0,stop,-25.299999999999272,-1.0,-2755.254705446953
2026-08-26,first,1,435581,2026-08-26 09:20:00,24521.0,24136.2,384.7999999999993,435946,2026-08-26 15:25:00,24451.9,eod,-69.09999999999854,-0.17957380457380112,-5607.1323521689055
2026-08-27,first,-1,435956,2026-08-27 09:20:00,24397.0,24477.0,80.0,436321,2026-08-27 15:25:00,24283.0,eod,114.0,1.425,6295.8018652
2026-08-28,first,-1,436331,2026-08-28 09:20:00,24281.2,24374.9,93.70000000000073,436388,2026-08-28 10:17:00,24374.9,stop,-93.70000000000073,-1.0,-7203.278658521047
2026-08-28,reverse,1,436388,2026-08-28 10:17:00,24374.9,24281.2,93.70000000000073,436466,2026-08-28 11:35:00,24281.2,stop,-93.70000000000073,-1.0,-7203.278658521047
2026-08-31,first,-1,436706,2026-08-31 09:20:00,24219.3,24380.2,160.90000000000146,437071,2026-08-31 15:25:00,24251.7,eod,-32.400000000001455,-0.201367308887515,-3217.5539903100944
2026-09-01,first,1,437081,2026-09-01 09:20:00,24182.1,24171.0,11.099999999998545,437085,2026-09-01 09:24:00,24171.0,stop,-11.099999999998545,-1.0,-1832.1701246909054
2026-09-01,reverse,-1,437085,2026-09-01 09:24:00,24171.0,24182.1,11.099999999998545,437086,2026-09-01 09:25:00,24182.1,stop,-11.099999999998545,-1.0,-1832.1701246909054
2026-09-02,first,-1,437456,2026-09-02 09:20:00,23980.0,24296.0,316.0,437821,2026-09-02 15:25:00,24000.4,eod,-20.400000000001455,-0.06455696202532106,-2433.4277892440946
2026-09-03,first,1,437831,2026-09-03 09:20:00,24100.9,23942.4,158.5,438196,2026-09-03 15:25:00,24003.8,eod,-97.10000000000218,-0.6126182965299822,-7419.542307967142
2026-09-04,first,-1,438206,2026-09-04 09:20:00,24046.8,24148.0,101.20000000000073,438571,2026-09-04 15:25:00,24041.2,eod,5.599999999998545,0.05533596837943186,-744.5002576800946
2026-09-07,first,-1,438581,2026-09-07 09:20:00,23944.1,24090.0,145.90000000000146,438946,2026-09-07 15:25:00,23866.5,eod,77.59999999999854,0.5318711446195872,3937.4513137339054
2026-09-08,first,-1,438956,2026-09-08 09:20:00,23790.0,23923.5,133.5,439321,2026-09-08 15:25:00,23750.0,eod,40.0,0.299625468164794,1495.9858806
2026-09-09,first,-1,439331,2026-09-09 09:20:00,23616.8,23923.5,306.7000000000007,439696,2026-09-09 15:25:00,23557.3,eod,59.5,0.19400065210303183,2766.501571499
2026-09-10,first,-1,439706,2026-09-10 09:20:00,23547.9,23673.9,126.0,440071,2026-09-10 15:25:00,23488.9,eod,59.0,0.46825396825396826,2735.1789071519997
2026-09-11,first,-1,440081,2026-09-11 09:20:00,23313.0,23673.9,360.90000000000146,440446,2026-09-11 15:25:00,23469.3,eod,-156.29999999999927,-0.43308395677472605,-11255.884694102953
2026-09-16,first,-1,440831,2026-09-16 09:20:00,23312.5,23581.3,268.7999999999993,441196,2026-09-16 15:25:00,23275.0,eod,37.5,0.13950892857142894,1341.647819125
2026-09-17,first,-1,441206,2026-09-17 09:20:00,23300.1,23345.9,45.80000000000291,441251,2026-09-17 10:05:00,23345.9,stop,-45.80000000000291,-1.0,-4072.8652620601893
2026-09-17,reverse,1,441251,2026-09-17 10:05:00,23345.9,23300.1,45.80000000000291,441291,2026-09-17 10:45:00,23300.1,stop,-45.80000000000291,-1.0,-4072.8652620601893
2026-09-18,first,-1,441581,2026-09-18 09:20:00,23342.0,23418.0,76.0,441946,2026-09-18 15:25:00,23369.0,eod,-27.0,-0.35526315789473684,-2851.53122671
2026-09-21,first,1,441956,2026-09-21 09:20:00,23395.0,23281.3,113.70000000000073,442321,2026-09-21 15:25:00,23446.0,eod,51.0,0.44854881266490476,2216.90050399
2026-09-22,first,1,442331,2026-09-22 09:20:00,23440.0,23281.3,158.70000000000073,442696,2026-09-22 15:25:00,23390.0,eod,-50.0,-0.31505986137365954,-4347.4145563
2026-09-23,first,1,442706,2026-09-23 09:20:00,23430.0,23286.0,144.0,443071,2026-09-23 15:25:00,23454.0,eod,24.0,0.16666666666666666,461.69064876000004
2026-09-25,first,-1,443456,2026-09-25 09:20:00,23134.9,23484.0,349.09999999999854,443821,2026-09-25 15:25:00,23190.0,eod,-55.099999999998545,-0.15783443139501224,-4674.564292888906
