,session_bar,hour,hour_bin=09,hour_bin=10,hour_bin=11,hour_bin=12,hour_bin=13,hour_bin=14,hour_bin=15,hour_bin=<09:25,hour_bin=>=15:20,dow,dir=down,bars_since_choch,choch_same_session,days_to_expiry,sl,sl_dist_pts,sl_dist_atr,atr14,atr_bps,range_1h_pts,range_1h_atr,range_3h_pts,range_3h_atr,range_since_choch_atr,bar_range_pts,bar_body_pts,bar_range_atr,close_pos_in_bar,close_vs_sess_open_pts,sess_range_atr,pos_in_session_range,gap_pts,ret_1h_pts,er_1h,n_events_asof,n_choch_since_bos,n_bos_since_choch,bars_since_bos,last_bos_dir=down,last_bos_same_session,n_choch_since_bos_today,bars_since_prev_choch,last_choch_dir=down,alt_dir6,alt_kind6,n_choch_1h,n_bos_1h,n_choch_3h,n_bos_3h,n_events_today,n_choch_today,n_bos_today,vol_ratio20,vol_ratio60,sess_cumvol_ratio20s,vol_max_ratio20_5,vol_max_ratio20_15,hv2_bars_since,hv2_dir=down,hv2_dir=flat,hv2_dir=none,hv2_dir=up,hv2_dir_agree,hv2_ratio,hv3_dir=down,hv3_dir=none,hv3_dir=up,vol_ratio20_at_choch,vol_max_ratio20_choch_to_k,sess_vol_vs_prev_sess,dist_prot_dir_atr,dist_sh_atr,dist_sl_atr,last_sh_bars_ago,last_sl_bars_ago,swing_ahead_dist_atr,dist_choch_lvl_atr,n_swings_1h,choch_bar_range_atr,move_since_choch_pts,swing_near_kind=H,n_rooms_alive,room_edge_dist_dir_atr,room_edge_kind=hi,room_ahead_dist_atr,room_behind_dist_atr,touch_prot_n,touch_prot_last=broke,touch_prot_last=held,touch_prot_last=na,touch_prot_last=none,touch_prot_last=pending,touch_prot_bars_ago,touch_room_n,touch_room_last=broke,touch_room_last=held,touch_room_last=none,touch_room_last=pending,touch_swing_n,touch_swing_last=broke,touch_swing_last=held,touch_swing_last=none,touch_swing_last=pending,touch_swing_bars_ago,today_n_closed_asof,today_net_asof,today_pts_asof,today_n_stops_asof,last_closed_reason_asof=nan,last_closed_reason_asof=next_choch,last_closed_reason_asof=stop_loss,card_read=ACCEPTED,card_read=FIRST_PRINT,card_read=HUNT,card_read=LEAVE,card_read=NEW,card_read=PENDING,card_read=RECYCLE,card_read=REJECT,card_read=THIN,card_out_side=down,card_out_side=nan,card_out_side=up,card_last_hunt_dir=down,card_last_hunt_dir=nan,card_last_hunt_dir=up,card_last_reject_dir=down,card_last_reject_dir=nan,card_last_reject_dir=up,card_cluster_sit,card_leave_side=down,card_leave_side=up,card_leave_kind=gap,card_leave_kind=normal,fz_zone_kind=B,fz_gate=BLOCK,fz_gate=REENTER,fz_gate=TAKE,fz_gate=WATCH,fz_block_reason=hunt_fade,fz_block_reason=leave_into_recycle,fz_block_reason=nan,fz_block_reason=new,fz_block_reason=open_pierce,fz_branch=leave,fz_branch=nan,fz_take_why=accepted_no_defend,fz_take_why=defend_wrong_half,fz_take_why=leave_gap_quiet,fz_take_why=leave_vol_fail,fz_take_why=nan,fz_entered_read=ACCEPTED,fz_entered_read=FIRST_PRINT,fz_entered_read=RECYCLE,fz_entered_read=REJECT,fz_entered_read=THIN,fz_entered_read=nan,fz_watch_kind=WATCH,fz_watch_kind=WATCH_EDGE,card_in_room,ffd_close_dstar,ffd_close_dstar_z60,ffd_vol_dstar,ffd_vol_dstar_z60,bsadf_close,bsadf_close_win,cusum_events_60,cusum_bars_since,csw_max_abs,csw_max_exceed,csw_sign_dir,bocpd_ret_h60_map,bocpd_ret_h60_p10,bocpd_ret_h60_since_reset,bocpd_ret_h240_map,bocpd_ret_h240_p10,bocpd_ret_h240_since_reset,bocpd_rng_h60_map,bocpd_rng_h60_p10,bocpd_rng_h60_since_reset,bocpd_rng_h240_map,bocpd_rng_h240_p10,bocpd_rng_h240_since_reset,rv_absret,rv_body_frac,rv_logvol_rel20,rv_ev36,rv_ret36_atr,gmm3_p0,gmm3_p1,gmm3_p2,gmm3_map,gmm4_p0,gmm4_p1,gmm4_p2,gmm4_p3,gmm4_map,hmm3_p0,hmm3_p1,hmm3_p2,hmm3_map,hmm3_map_run,hmm4_p0,hmm4_p1,hmm4_p2,hmm4_p3,hmm4_map,hmm4_map_run,jump3_state,jump3_run,jump4_state,jump4_run,nn_dist_prefix_short,p1_dist_prefix_short,nn_dist_prefix_long,p1_dist_prefix_long,win_sign_agree10,win_dd_extreme_atr,win_range_slope,gap_pts__na,ret_1h_pts__na,er_1h__na,bars_since_prev_choch__na,sess_cumvol_ratio20s__na,hv2_bars_since__na,vol_ratio20_at_choch__na,vol_max_ratio20_choch_to_k__na,dist_prot_dir_atr__na,room_ahead_dist_atr__na,room_behind_dist_atr__na,touch_prot_bars_ago__na,touch_swing_bars_ago__na,csw_max_abs__na,bocpd_ret_h60_since_reset__na,bocpd_rng_h60_since_reset__na,nn_dist_prefix_long__na
session_bar,1.0,0.9879,-0.4791,-0.3605,-0.1463,0.0338,0.308,0.5433,0.3881,-0.4131,0.1344,0.0302,-0.0175,-0.0078,0.2811,-0.0277,-0.0485,-0.2508,-0.1177,-0.2593,-0.2141,-0.0887,0.1249,0.1844,0.4379,-0.1047,-0.1822,0.0263,0.0065,-0.0014,0.0005,0.7683,0.0035,-0.0027,-0.027,-0.1322,-0.0647,0.0114,-0.0033,0.0128,-0.0293,0.521,0.1225,-0.0568,-0.0157,0.054,0.0061,0.0552,0.0178,0.0276,-0.0222,0.8544,0.6333,0.7531,0.3426,0.3254,-0.0134,0.3754,0.5174,0.0604,0.3812,0.0564,-0.7244,0.3584,-0.0606,0.045,0.4173,-0.6398,0.3598,0.269,0.3131,-0.0126,-0.295,0.0079,-0.0182,-0.0231,-0.0479,0.1694,-0.2178,0.0764,-0.0708,-0.1872,0.0181,0.1693,0.0815,-0.0182,0.067,-0.0229,0.1272,-0.032,0.038,-0.0423,-0.0547,0.0151,-0.0501,0.0478,-0.0208,0.0637,-0.0405,0.0289,0.1136,-0.0022,-0.0456,-0.0846,0.0648,-0.1245,0.6157,-0.5197,-0.4315,0.4485,-0.5755,0.3389,0.3299,0.0385,-0.0087,-0.0144,-0.0438,-0.0319,0.0213,-0.0181,0.0394,0.0856,0.0161,-0.0186,0.0075,0.0552,-0.0509,0.0116,0.02,-0.0878,0.0862,0.1039,0.0042,-0.0517,-0.3851,0.1385,0.0946,-0.1999,0.0348,0.0174,0.1573,-0.02,0.1069,0.1092,-0.0859,-0.3215,0.0194,-0.0201,-0.0217,0.0477,-0.1959,-0.0497,0.0121,0.006,-0.0276,0.0206,0.0332,0.0316,-0.0426,0.1116,0.0731,0.0633,-0.0502,0.043,-0.1617,-0.0839,-0.0662,0.0164,-0.0041,-0.04,0.1126,0.0571,-0.0066,0.2162,-0.2301,0.1904,0.1549,-0.218,0.1595,0.285,-0.3589,0.2257,0.2145,-0.3571,0.2215,-0.1085,-0.0214,0.075,0.6673,0.0586,0.1146,-0.0004,-0.0938,-0.1402,0.0106,0.0891,-0.0229,-0.0549,-0.0776,0.0726,-0.0048,-0.0568,-0.0501,0.0326,0.0006,0.0306,0.0218,-0.0287,-0.0982,0.0282,-0.1674,-0.012,0.0459,0.0568,0.1841,0.0749,0.2035,0.0134,0.078,0.0237,0.3745,0.0143,-0.7236,-0.5817,-0.0307,-0.0004,-0.7244,-0.5457,-0.4917,-0.0423,-0.1744,0.0244,-0.0688,-0.0846,-0.4131,-0.009,-0.0273,-0.0138
hour,0.9879,1.0,-0.5235,-0.365,-0.1481,0.0342,0.3117,0.5499,0.3954,-0.3664,0.1286,0.0321,-0.0145,-0.0162,0.2497,-0.0295,-0.0453,-0.246,-0.109,-0.2614,-0.2176,-0.1009,0.1125,0.1724,0.4285,-0.096,-0.1757,0.0205,0.015,-0.007,-0.0038,0.7592,0.0025,-0.0021,-0.0229,-0.1237,-0.0593,0.0125,-0.0043,0.0113,-0.0281,0.5169,0.1186,-0.0616,-0.0128,0.0613,0.0074,0.0612,0.0176,0.0396,-0.0287,0.8475,0.6279,0.7461,0.3586,0.3328,-0.011,0.393,0.5254,0.0283,0.3865,0.0672,-0.72,0.3466,-0.045,0.0608,0.4155,-0.6413,0.3636,0.2762,0.3333,-0.0078,-0.295,0.0097,-0.0261,-0.0256,-0.0509,0.1504,-0.2026,0.0842,-0.0773,-0.1806,0.0147,0.1706,0.0798,-0.0242,0.0572,-0.0206,0.1364,-0.0258,0.0232,-0.035,-0.0561,0.0303,-0.0604,0.0391,-0.0214,0.0612,-0.0297,0.0176,0.1168,0.0046,-0.0404,-0.0835,0.0517,-0.1178,0.6095,-0.513,-0.425,0.4419,-0.5685,0.3353,0.3256,0.0368,-0.0095,-0.0144,-0.0421,-0.0293,0.0152,-0.0191,0.0325,0.0937,0.0119,-0.0102,0.001,0.0451,-0.0471,0.0177,0.0164,-0.0833,0.0842,0.0956,0.0081,-0.0536,-0.3625,0.1295,0.0831,-0.1817,0.0439,0.0179,0.1402,-0.0162,0.0975,0.0989,-0.0835,-0.2851,0.0201,-0.0213,-0.0197,0.0439,-0.1753,-0.0553,0.0177,0.0021,-0.0284,0.0149,0.0307,0.0264,-0.0336,0.1025,0.0619,0.0561,-0.0471,0.0431,-0.1424,-0.0639,-0.0628,0.0199,-0.0099,-0.0443,0.1099,0.0557,0.0008,0.2153,-0.2356,0.1878,0.1553,-0.2235,0.1621,0.2816,-0.3535,0.2245,0.2125,-0.352,0.2214,-0.1094,-0.0238,0.1041,0.6654,0.0565,0.1109,-0.0032,-0.0889,-0.1343,0.0096,0.0825,-0.0241,-0.0487,-0.0681,0.0666,-0.0075,-0.0471,-0.047,0.0298,-0.0007,0.0286,0.024,-0.0286,-0.0907,0.0206,-0.174,-0.0227,0.051,0.062,0.1803,0.084,0.203,0.0231,0.0739,0.0273,0.3759,0.0114,-0.712,-0.5569,-0.0304,-0.0026,-0.72,-0.5522,-0.4825,-0.035,-0.1632,0.0231,-0.0669,-0.0835,-0.3664,-0.0123,-0.0313,-0.0122
hour_bin=09,-0.4791,-0.5235,1.0,-0.1517,-0.1346,-0.1539,-0.1701,-0.1582,-0.087,-0.0921,-0.0283,-0.0906,0.0039,0.0409,-0.0428,-0.0057,0.046,0.2074,0.1707,0.1335,0.1093,0.0731,-0.0285,-0.2169,-0.3795,0.1556,0.1383,-0.0127,0.0625,-0.0034,0.0101,-0.4331,0.0095,0.004,0.0,0.1389,0.047,-0.0229,0.0041,-0.0243,0.0331,-0.3274,-0.0887,0.0674,0.0065,-0.0734,-0.0089,-0.0459,0.0054,-0.026,0.0965,-0.4336,-0.3712,-0.3593,-0.1342,-0.0781,-0.0302,-0.1775,-0.2536,-0.0929,-0.235,-0.0253,0.404,-0.1776,0.0737,-0.0789,-0.1948,0.3048,-0.1757,-0.0241,-0.1373,-0.0188,0.2846,0.0088,0.049,0.0138,0.0343,-0.103,0.1828,-0.0646,0.1976,0.1649,-0.0047,-0.1095,-0.0366,0.0204,-0.0534,-0.0102,-0.119,-0.0219,0.075,0.0073,-0.0247,-0.0703,0.0404,-0.0328,0.0165,-0.0446,0.0103,0.0005,-0.0973,-0.0157,0.0127,0.1184,-0.0208,0.0572,-0.3332,0.3117,0.2811,-0.255,0.3519,-0.1819,-0.2239,-0.0253,0.0077,-0.0283,0.0216,-0.022,0.0308,0.0897,-0.0335,-0.0901,0.0338,-0.0745,0.0611,-0.0057,0.0396,-0.0532,-0.0482,-0.0149,0.0628,-0.0716,0.0102,0.0136,0.2607,-0.1017,0.0362,-0.0238,-0.0126,0.0127,0.0104,0.0235,-0.0162,0.0323,0.005,-0.0716,0.0112,-0.0117,-0.0179,-0.0126,-0.044,0.0645,-0.0232,0.0413,0.0489,-0.0076,0.0006,0.0017,-0.0195,-0.0152,0.0291,0.0135,0.0466,-0.0099,0.1148,0.1345,0.0773,-0.0573,-0.0329,0.009,-0.1051,0.0078,0.0234,-0.1686,0.2217,-0.1152,-0.1173,0.2033,-0.1019,-0.1849,0.3023,-0.189,-0.0944,0.2856,-0.1276,0.1335,0.055,0.0015,-0.4174,-0.0021,-0.1108,0.004,0.105,0.1207,-0.0115,-0.0757,0.0236,0.0585,0.0688,-0.0894,0.0025,0.1068,0.0544,-0.0495,-0.0073,-0.0318,-0.0212,0.028,0.0856,-0.0164,0.1113,0.0192,-0.0853,-0.1192,-0.1443,-0.1574,-0.0956,-0.0315,-0.0683,-0.0818,-0.3003,-0.0253,0.6727,0.5013,-0.0126,0.0347,0.404,0.6652,0.5447,0.0073,0.1035,-0.0126,-0.0193,0.1184,-0.0921,0.0204,-0.0179,-0.0219
hour_bin=10,-0.3605,-0.365,-0.1517,1.0,-0.1552,-0.1775,-0.1962,-0.1824,-0.1004,-0.1062,-0.0326,0.0031,0.0234,0.026,0.0754,0.0202,0.0531,0.0893,-0.0212,0.1625,0.1244,0.218,0.1558,0.0482,-0.1438,-0.0425,0.0515,-0.0083,-0.0756,-0.0046,-0.021,-0.3015,-0.0152,0.0023,-0.0224,0.058,0.0641,-0.0042,-0.0054,0.0297,-0.0421,-0.1556,0.0115,0.0341,0.0264,-0.0525,-0.0403,-0.0237,-0.0444,-0.0502,0.0292,-0.318,-0.2018,-0.3069,-0.2313,-0.1311,-0.038,-0.2358,-0.3401,-0.1043,-0.1477,-0.0292,0.3302,-0.1897,0.0964,0.0125,-0.1513,0.2688,-0.1766,-0.21,-0.261,-0.0221,0.0646,0.0137,-0.0108,0.0393,0.0621,0.0344,-0.0535,-0.033,-0.0087,0.0584,-0.0244,-0.0355,0.0154,-0.0313,-0.0403,-0.0256,-0.0434,-0.0253,0.0235,0.0195,0.0377,-0.0585,0.1043,-0.0103,0.016,-0.0011,0.0037,-0.0194,0.0022,0.0088,-0.0267,-0.0414,0.0243,-0.0139,-0.2218,0.1792,0.1438,-0.1484,0.1989,-0.1334,-0.0999,-0.0292,-0.0016,0.0112,0.0385,0.0393,-0.0472,-0.0486,-0.0016,-0.0167,0.0174,0.0398,-0.0687,-0.0571,0.0072,0.057,-0.0053,0.0664,-0.0743,-0.052,0.0072,0.0348,-0.105,0.0878,-0.0653,0.0022,-0.0146,0.0612,-0.0558,0.0074,-0.0273,0.0162,0.0459,-0.0826,0.0622,-0.06,-0.0206,-0.0146,-0.0508,0.0512,-0.0026,-0.0066,-0.0016,0.0311,-0.0367,-0.0123,0.0109,-0.0211,-0.0459,-0.035,0.0519,-0.0332,0.0032,-0.0379,-0.0317,0.0646,0.0747,0.0453,0.0915,0.0657,0.027,-0.0695,0.0665,-0.0729,-0.0765,0.0654,-0.0533,-0.0798,0.0092,0.0213,-0.1236,0.0049,-0.0853,0.0267,0.0295,-0.2661,-0.2499,-0.0434,0.013,0.0093,-0.0304,-0.03,-0.0026,0.0367,0.0086,-0.0455,-0.0312,0.0427,0.0103,-0.0813,-0.042,0.0107,0.0086,-0.0115,0.0002,0.0031,0.0376,0.0047,0.1122,0.0322,-0.041,0.0197,-0.016,0.0054,-0.0994,-0.0552,0.0715,0.019,-0.1779,0.0198,0.1002,-0.1614,0.0832,-0.0111,0.3302,-0.0759,-0.1398,0.0195,0.0071,-0.0146,0.0431,-0.0414,-0.1062,0.0112,0.0486,0.0313
hour_bin=11,-0.1463,-0.1481,-0.1346,-0.1552,1.0,-0.1575,-0.1741,-0.1619,-0.0891,-0.0942,-0.029,-0.0004,-0.0032,-0.0188,0.0669,-0.0126,-0.0211,-0.1236,-0.1702,0.0042,0.0187,-0.0439,-0.087,0.1128,0.1351,-0.1629,-0.0995,0.0124,-0.1377,0.008,-0.0101,-0.0857,-0.0119,-0.0228,0.0364,0.0095,-0.0146,0.0016,-0.005,0.0056,0.041,0.05,0.0203,0.0255,-0.0005,0.0007,0.0034,-0.0741,-0.0115,0.015,-0.0612,-0.0889,-0.0028,-0.1011,-0.0877,-0.1092,-0.0614,-0.1354,-0.1808,-0.0236,-0.0218,-0.0259,0.0767,-0.0541,0.0281,-0.0426,-0.1104,0.1763,-0.1041,-0.1868,-0.1376,-0.0398,-0.1151,-0.0192,-0.0065,-0.0026,-0.0212,0.0777,-0.1004,-0.0345,-0.1386,-0.1184,0.0023,-0.0361,0.0452,0.0425,-0.0109,-0.0212,-0.0428,-0.0224,-0.0345,-0.0227,0.1072,-0.0258,-0.0122,0.0056,-0.0583,0.0513,-0.0063,0.0305,-0.0265,-0.0018,-0.0042,0.0391,-0.0029,-0.0378,-0.0729,0.0247,-0.0029,-0.0245,0.0268,-0.075,0.0362,0.081,0.0467,0.0667,0.0193,-0.0266,-0.0305,0.0216,0.0062,-0.0287,-0.0336,0.0245,0.0027,-0.0092,0.0183,-0.0168,0.0239,-0.0105,-0.0097,0.0602,0.001,0.02,-0.0932,0.0632,0.0175,-0.0491,-0.0129,0.0448,0.0038,0.0209,0.0016,0.0433,-0.0212,-0.0733,0.0356,-0.0437,0.1327,-0.0129,-0.0451,0.0143,-0.0136,-0.0367,0.0062,-0.0103,-0.0277,0.0412,-0.0118,0.0273,-0.0248,0.0332,-0.0225,-0.0276,-0.0923,-0.1421,-0.004,-0.0038,-0.0058,0.0329,-0.0478,-0.0717,0.024,0.0142,-0.0158,-0.0052,0.0563,-0.0154,0.0249,0.0307,0.0062,0.022,0.0378,0.0268,0.013,-0.105,-0.0566,-0.1227,0.0443,-0.0343,0.0915,-0.0022,-0.0916,-0.1101,-0.0001,0.0835,-0.0059,-0.0754,-0.0923,0.1003,-0.0055,-0.1098,-0.073,0.0014,0.0049,0.0068,0.0086,-0.0158,-0.067,-0.0035,0.0505,0.0552,0.0203,0.0917,0.0117,0.0097,0.041,0.0411,0.0121,-0.0099,-0.0092,0.0276,-0.2001,-0.1432,-0.0129,-0.0032,0.0767,-0.1425,-0.124,-0.0227,-0.0111,-0.0129,0.0878,0.0391,-0.0942,0.0189,0.0572,0.0393
hour_bin=12,0.0338,0.0342,-0.1539,-0.1775,-0.1575,1.0,-0.199,-0.185,-0.1018,-0.1077,-0.0331,0.0699,-0.054,0.0281,0.0572,-0.0443,-0.0047,-0.1804,-0.1796,-0.0877,-0.0767,-0.0926,-0.0565,0.1567,0.3045,-0.1556,-0.1156,0.0483,-0.0709,0.0558,0.0302,0.1783,0.0446,-0.0388,0.055,-0.0294,-0.002,-0.0002,0.0512,0.0186,-0.0174,0.1008,0.0302,-0.021,-0.0577,0.0086,-0.0285,0.0233,-0.0295,-0.0096,-0.091,0.0656,0.0943,0.0381,-0.0098,-0.1104,0.0526,0.014,0.1019,0.0867,0.0815,-0.0296,-0.2065,0.1373,-0.0882,-0.0065,0.0144,-0.0672,0.0691,-0.0681,0.0028,0.0296,-0.1617,-0.0515,0.0179,-0.0472,-0.0695,0.1245,-0.1335,0.0436,-0.1383,-0.1457,0.0597,-0.0031,-0.0613,0.0062,0.057,0.0372,0.0467,0.0863,0.0218,-0.0577,-0.0027,-0.0172,0.016,0.128,0.0462,-0.0297,-0.1022,0.1027,0.0205,-0.0496,-0.0399,-0.042,0.1047,-0.0468,0.043,-0.0576,-0.0733,0.0202,-0.0959,0.0813,0.0333,-0.0296,-0.0025,0.0103,-0.0142,-0.0091,0.035,-0.0493,0.0342,-0.0046,-0.0509,0.0175,0.0293,0.0585,-0.0472,0.0021,-0.0011,0.053,-0.0623,0.1103,-0.0218,0.0058,-0.1065,0.0363,-0.0289,-0.0269,-0.0148,0.0092,0.0164,0.0059,-0.0203,0.0378,0.0149,-0.0838,0.0098,-0.008,-0.0209,-0.0148,-0.0515,0.0369,0.0036,-0.0076,-0.0025,-0.0626,0.0096,0.0147,0.0158,-0.0115,0.0325,-0.0632,-0.0044,0.0576,-0.1751,-0.2365,0.0104,0.0062,0.007,0.0429,-0.1001,-0.1317,-0.1415,0.0876,-0.1711,0.0647,0.0322,-0.142,0.0492,0.028,-0.1517,0.026,0.0213,-0.1164,0.023,-0.1491,-0.1184,-0.0572,0.1576,0.0283,0.1037,0.0416,-0.1586,-0.1173,0.0533,0.0391,0.0331,-0.1025,-0.082,0.0862,0.0544,-0.1695,-0.1135,0.0928,0.0483,0.066,-0.0507,0.0294,-0.0389,0.0161,-0.09,0.0221,0.0424,-0.0085,0.0574,-0.0089,-0.0174,-0.1004,0.0559,0.0384,0.0481,-0.0296,-0.2287,-0.1637,-0.0148,-0.0121,-0.2065,-0.1654,-0.1418,-0.0577,0.0223,-0.0148,-0.0282,-0.042,-0.1077,-0.0331,-0.0209,-0.0256
hour_bin=13,0.308,0.3117,-0.1701,-0.1962,-0.1741,-0.199,1.0,-0.2046,-0.1126,-0.1191,-0.0366,0.0362,-0.0262,0.0103,0.0846,-0.0074,-0.0197,-0.0965,-0.0297,-0.1233,-0.1139,-0.0686,0.0366,0.0527,0.1924,-0.0274,-0.0443,-0.0014,0.0485,-0.009,0.0067,0.3227,-0.0051,0.0358,-0.0371,-0.0699,-0.0182,-0.0186,0.0191,-0.0219,0.0046,0.1936,0.0179,-0.0291,-0.0291,0.0141,0.0275,0.0392,0.0262,-0.0411,-0.011,0.2772,0.2042,0.2492,0.1012,-0.0011,0.0192,0.1579,0.1562,0.0779,0.1376,0.058,-0.3065,0.171,-0.0392,0.0163,0.1105,-0.2385,0.182,0.088,0.1313,-0.0187,-0.1157,-0.0131,0.0029,0.0327,-0.0014,0.0307,-0.0433,0.0654,-0.0474,-0.0351,0.025,0.1012,0.0342,-0.0089,0.0383,-0.0104,0.0349,-0.0283,0.05,-0.0166,-0.0471,-0.0145,-0.0052,-0.0116,0.0092,0.012,0.0018,-0.019,0.0398,0.0517,0.004,-0.0464,-0.0533,-0.0276,0.1967,-0.1848,-0.1553,0.1426,-0.1864,0.1026,0.1131,-0.0327,-0.009,0.004,-0.0194,0.0088,0.0075,-0.0545,-0.009,0.0584,-0.003,-0.0283,0.0393,-0.0041,-0.01,0.02,0.0235,-0.0612,0.0511,0.0352,0.021,-0.0415,-0.1178,0.0364,0.0325,-0.0534,-0.0163,-0.0009,0.0488,0.0162,0.0226,0.0331,-0.0134,-0.0926,0.001,0.0022,-0.0231,-0.0163,-0.057,-0.0127,0.0125,0.0179,-0.009,-0.004,0.0207,0.0057,-0.0126,0.0257,0.0323,0.038,-0.0172,0.0087,-0.1178,-0.1505,-0.0424,-0.0225,0.011,-0.0312,-0.0174,-0.0264,0.0304,0.1103,-0.1331,0.1411,0.0425,-0.1279,0.065,0.0889,-0.1622,0.0978,0.0473,-0.1602,0.071,-0.0023,0.0399,0.0362,0.2368,0.0201,0.0009,0.0272,-0.0253,-0.0038,0.0323,-0.0075,0.0081,-0.0133,-0.0083,-0.02,0.0214,-0.0032,0.0385,0.0234,0.0263,0.0386,-0.0095,0.0035,-0.0726,-0.0069,-0.0726,-0.0104,0.0461,-0.0023,0.0617,0.0221,0.0997,0.0287,0.044,0.0114,0.1482,0.0126,-0.2529,-0.181,-0.0163,0.0114,-0.3065,-0.1755,-0.1568,-0.0166,-0.099,0.0742,-0.0505,-0.0464,-0.1191,0.004,-0.0231,0.024
hour_bin=14,0.5433,0.5499,-0.1582,-0.1824,-0.1619,-0.185,-0.2046,1.0,-0.1047,-0.1107,-0.034,-0.0551,0.0798,-0.0385,0.0786,0.0013,-0.0052,-0.0182,0.0844,-0.1144,-0.1021,-0.0155,0.093,-0.0109,0.0739,0.0636,-0.0347,-0.0438,0.0702,-0.0576,0.0283,0.3428,-0.0032,-0.0069,-0.0569,-0.0238,-0.0281,0.0263,-0.0569,0.016,-0.0488,0.2201,0.0627,-0.0416,0.083,0.0407,-0.0011,0.043,0.0308,0.0688,0.0356,0.4466,0.2995,0.4058,0.1461,0.1764,-0.0316,0.1523,0.2518,0.0354,0.2055,0.0648,-0.3139,0.1074,0.006,0.0174,0.265,-0.3444,0.1508,0.1999,0.1519,0.0169,-0.0237,0.0832,-0.08,-0.0679,0.0046,-0.0038,0.0016,0.0277,0.0837,-0.0109,-0.0809,0.0512,0.0766,0.0063,0.0013,-0.0265,0.0501,-0.0263,-0.0263,0.0397,-0.0328,0.0454,-0.0363,-0.0411,0.0016,0.0032,0.0372,-0.0502,0.061,0.0425,-0.041,-0.0094,-0.0086,-0.0406,0.3341,-0.2688,-0.2256,0.2372,-0.2921,0.1688,0.1703,0.0172,-0.0403,-0.034,-0.0165,-0.0046,0.0078,-0.0218,-0.0043,0.0611,0.0217,0.0025,-0.0252,-0.0051,-0.0173,0.0323,-0.0015,-0.068,0.0826,0.0081,0.0561,-0.0724,-0.1095,0.0354,0.0486,-0.0834,0.0798,-0.0328,0.0969,-0.0651,0.0954,0.0116,-0.0202,-0.0861,-0.0248,0.0265,-0.0215,0.0798,-0.053,-0.039,-0.0288,0.0243,-0.0043,0.0245,0.0531,0.0271,-0.0577,0.0828,0.03,0.0473,-0.0102,-0.0278,-0.039,0.0632,0.027,0.0099,-0.0017,-0.0585,0.1011,0.094,0.0282,0.0844,-0.0639,0.0703,0.0763,-0.0712,0.0516,0.1294,-0.1199,0.0535,0.1275,-0.1464,0.0832,0.011,0.0226,0.0801,0.2968,0.0223,0.0167,-0.057,0.0532,0.0083,-0.0462,0.0279,-0.0578,0.0576,0.0047,-0.0002,-0.0543,0.0745,0.0207,-0.0293,-0.0509,-0.0401,0.0695,-0.0591,-0.0312,0.0249,-0.0841,-0.048,-0.0168,0.0003,0.0589,0.0157,0.0904,0.0236,-0.0258,-0.0204,0.2038,0.0172,-0.2351,-0.1682,-0.0152,0.0179,-0.3139,-0.1798,-0.1458,0.0397,-0.0717,-0.0152,-0.0122,-0.0094,-0.1107,0.0086,-0.0215,-0.0263
hour_bin=15,0.3881,0.3954,-0.087,-0.1004,-0.0891,-0.1018,-0.1126,-0.1047,1.0,-0.0609,-0.0187,0.0319,-0.0511,0.0025,0.0433,-0.0067,-0.0323,-0.0353,-0.0099,-0.0404,-0.0169,-0.0189,0.0097,0.0151,0.0243,0.0231,-0.0058,0.0405,0.0357,0.0248,-0.0827,0.1997,-0.0184,0.0023,0.0387,-0.02,-0.0211,-0.0102,0.0328,-0.012,0.0329,0.1299,0.0072,0.0141,-0.0494,0.0076,0.0008,-0.0111,-0.0023,-0.0034,-0.0036,0.2985,0.1848,0.2724,0.2075,0.2934,0.0102,0.1776,0.1733,-0.1315,0.0993,-0.0167,-0.1803,0.0894,0.0473,0.0296,0.1781,-0.2422,0.1148,0.1103,0.1659,0.0021,-0.0632,-0.0353,0.0511,0.0464,-0.0217,0.0177,-0.0769,-0.0197,0.0102,-0.0345,0.0506,0.0711,0.0006,-0.0552,0.0021,0.0125,0.053,-0.0145,-0.0109,-0.0326,-0.0322,0.0507,-0.0448,0.0017,-0.0571,0.0546,0.0034,0.015,0.0233,-0.0579,0.0237,-0.0237,0.0503,-0.0223,0.1933,-0.1166,-0.0525,0.1282,-0.1518,0.1458,0.0379,-0.0167,0.036,-0.0187,-0.0042,-0.0631,0.018,0.0652,0.036,0.0088,0.0526,-0.0407,-0.0012,0.0348,0.0045,-0.0482,0.0014,-0.0178,0.0199,-0.0292,-0.0613,0.055,-0.0603,0.0243,0.0559,-0.0805,-0.0084,0.0427,0.0329,0.0372,0.0109,0.0654,-0.0766,-0.0474,0.0357,-0.042,-0.0118,-0.0084,-0.0291,-0.049,0.0396,-0.0237,-0.0222,0.0412,-0.0348,-0.0252,0.0252,0.017,0.0222,0.0103,-0.0298,0.0596,0.1568,0.2362,-0.0578,0.0164,-0.0527,0.0057,0.0962,0.0933,0.0155,-0.0065,0.0219,-0.0337,0.0349,0.021,0.0395,0.0988,-0.0292,0.0868,0.0687,-0.0327,0.114,0.0021,-0.008,0.1634,0.1457,0.0176,-0.0163,0.0269,0.0012,-0.0175,0.0172,-0.0165,0.029,-0.0094,0.0395,-0.0256,0.0149,0.035,0.0091,-0.0229,0.0144,0.0178,-0.0341,0.0389,0.0529,-0.0274,-0.0386,-0.0063,0.0243,0.0539,0.0484,0.0683,0.0593,0.0377,0.0249,-0.0,0.0689,-0.0167,-0.1294,-0.0926,-0.0084,-0.0252,-0.1803,-0.099,-0.0802,-0.0326,-0.0203,-0.0084,-0.044,-0.0237,-0.0609,-0.0187,-0.0118,-0.0145
hour_bin=<09:25,-0.4131,-0.3664,-0.0921,-0.1062,-0.0942,-0.1077,-0.1191,-0.1107,-0.0609,1.0,-0.0198,0.0133,0.0283,-0.067,-0.5358,0.0718,-0.0313,0.2491,0.2348,0.1258,0.1167,-0.078,-0.2185,-0.2479,-0.3643,0.2411,0.1976,-0.0397,0.1282,-0.0146,-0.0057,-0.3709,-0.0178,0.0279,0.0,0.0,-0.0312,0.0221,-0.0267,-0.0301,0.028,-0.3358,-0.1185,-0.0324,0.02,0.0571,0.0557,0.0285,0.0364,0.0439,-0.0025,-0.3776,-0.339,-0.2992,0.0,0.0,0.1126,0.0,0.0,0.0,-0.1813,-0.0177,0.3379,-0.1648,0.0,0.0,-0.1364,0.2134,-0.123,0.1341,0.1122,0.0821,0.2365,0.0059,-0.0112,0.0031,0.0196,-0.2879,0.309,-0.0282,0.0893,0.1909,-0.0289,-0.0678,-0.1043,0.0037,-0.0149,0.0739,0.0035,0.0691,-0.1668,0.0795,-0.001,0.1598,-0.0916,-0.0853,-0.0003,-0.0523,0.0977,-0.0876,-0.0541,0.009,0.1104,0.0267,-0.1203,0.1934,-0.241,0.227,0.2055,-0.1881,0.2569,-0.1273,-0.1682,-0.0177,-0.0235,-0.0198,-0.0124,0.049,-0.0089,0.0148,-0.0235,0.002,-0.0161,0.044,-0.04,-0.0174,0.0299,-0.0247,0.0163,0.0658,-0.0938,-0.1287,-0.0394,0.0248,0.5165,-0.2563,-0.1019,0.3842,-0.0088,-0.1567,-0.1959,-0.0379,-0.0931,-0.2847,0.0692,0.7779,-0.1534,0.1572,-0.0125,-0.0088,0.4783,-0.1011,0.0191,-0.0251,-0.0235,0.0067,-0.001,-0.0798,0.0748,-0.138,-0.0921,-0.0621,-0.0271,-0.0229,0.3194,0.326,0.0319,-0.02,-0.0387,-0.0426,0.0,0.0,0.0,-0.1335,0.1663,-0.1418,-0.072,0.1521,-0.1214,-0.1559,0.2787,-0.1762,-0.1104,0.2627,-0.1069,0.1446,0.0395,0.3004,-0.3767,-0.026,-0.1832,-0.0451,0.2233,0.2462,-0.0427,-0.1619,-0.0224,0.1852,0.1876,-0.1685,-0.0428,0.2356,0.1708,-0.0653,-0.0449,-0.0508,0.0182,-0.0012,0.0958,-0.0219,0.0263,-0.0866,0.0241,-0.0235,-0.1286,0.0748,-0.1181,0.0984,-0.1669,0.0275,0.0,-0.0177,0.4709,0.658,-0.0088,-0.0266,0.3379,0.3276,0.4217,0.0795,0.1312,-0.0088,0.0346,0.0267,1.0,-0.0198,-0.0125,-0.0153
hour_bin=>=15:20,0.1344,0.1286,-0.0283,-0.0326,-0.029,-0.0331,-0.0366,-0.034,-0.0187,-0.0198,1.0,-0.0159,-0.0444,-0.0097,0.0141,0.0179,-0.0104,-0.009,-0.0042,-0.0258,-0.0077,0.0198,0.0533,-0.0173,-0.0057,-0.015,-0.0605,0.0318,-0.0744,0.0317,0.0497,0.044,0.0228,0.0114,0.0136,-0.0369,-0.0366,0.0381,-0.0489,0.0141,-0.0102,0.0422,0.0466,-0.0448,-0.0438,0.0418,0.0345,0.0497,-0.0142,0.0732,0.0513,0.1239,0.1093,0.1123,0.0451,0.0949,-0.0109,0.0548,0.0792,-0.0371,-0.0227,-0.0054,-0.0586,0.086,-0.0426,0.0036,-0.0045,-0.0611,0.0815,0.1081,0.0812,-0.0377,-0.0684,-0.0224,0.0398,0.0056,-0.0267,0.0638,0.0131,0.0508,-0.0174,-0.0369,0.0442,0.0387,-0.0383,0.0167,0.0097,-0.0114,0.0761,-0.0047,0.0473,-0.0106,-0.0232,-0.0348,-0.0544,0.0755,0.004,0.0376,-0.0546,0.0397,0.0215,-0.0536,0.0378,-0.0077,0.0285,0.0101,0.1242,-0.1181,-0.1118,0.12,-0.0771,-0.0391,0.1178,0.2194,-0.0072,-0.0061,-0.0573,0.077,-0.0432,0.1271,-0.0072,-0.0194,-0.0345,0.0536,-0.0337,0.0491,-0.0282,-0.0157,-0.036,0.0298,-0.002,0.0378,-0.0473,-0.0163,-0.0196,-0.0476,-0.0313,0.1324,-0.0027,-0.0482,-0.0727,-0.0116,-0.0286,-0.1004,-0.0381,-0.0154,-0.0472,0.0483,-0.0038,-0.0027,-0.0095,-0.0311,0.0479,-0.0077,-0.0072,-0.0149,-0.0113,-0.0293,0.0387,-0.046,-0.0399,0.007,-0.0104,0.0256,0.0327,0.0616,-0.0525,0.0065,0.0117,-0.0373,0.0069,-0.0087,0.005,0.0336,0.0249,0.0354,-0.0023,0.0241,0.0241,0.01,-0.0148,0.0222,0.0005,-0.0018,0.0065,-0.0325,0.0216,0.0325,0.1099,0.0453,0.0602,-0.0483,0.0103,-0.0804,-0.0483,0.0631,-0.0483,0.0112,-0.0457,0.0453,-0.0483,0.0168,-0.0396,0.0102,-0.0483,-0.0483,0.0483,-0.0483,-0.0064,0.0508,0.0193,0.0009,-0.0359,-0.0197,0.0243,0.0129,0.0285,0.0095,-0.0122,0.0697,-0.0238,-0.0054,-0.0421,-0.0301,-0.0027,-0.0082,-0.0586,-0.0322,-0.0261,-0.0106,-0.0315,-0.0027,-0.0259,-0.0077,-0.0198,-0.0061,-0.0038,-0.0047
dow,0.0302,0.0321,-0.0906,0.0031,-0.0004,0.0699,0.0362,-0.0551,0.0319,0.0133,-0.0159,1.0,0.0086,-0.0584,0.0199,0.0718,-0.0131,-0.0045,-0.016,0.0022,0.0183,-0.0345,-0.0494,0.0036,0.0252,-0.0493,0.0199,0.0064,0.0132,-0.0072,-0.1065,0.0271,-0.0986,0.1077,-0.0894,0.009,-0.01,0.0127,-0.0398,-0.0041,0.0641,0.0255,0.037,-0.0161,0.0125,-0.0063,0.0189,0.0283,0.0252,0.0089,-0.0224,0.0295,0.0388,0.0151,-0.0024,-0.0136,0.0984,-0.0284,-0.0279,0.0378,0.015,-0.0272,-0.0315,0.0217,-0.0226,-0.0171,0.0383,-0.0184,-0.0175,-0.0002,-0.0284,0.1561,-0.0017,-0.0421,0.0408,0.0085,0.0242,0.0189,-0.0393,0.0307,-0.0237,-0.0191,-0.0044,-0.0264,-0.0189,-0.0156,-0.0124,0.0393,0.023,-0.0162,-0.0407,0.0242,0.0123,0.0335,-0.0207,0.0478,0.0016,0.0472,-0.0554,0.0368,-0.0074,-0.0086,0.0173,0.013,-0.0093,-0.0069,0.0479,-0.0481,-0.036,0.0469,-0.0378,0.0088,0.0333,-0.0409,-0.0053,-0.0151,-0.0321,0.05,0.003,-0.0073,-0.0697,0.0482,-0.0101,0.0236,-0.0199,0.0412,-0.0214,-0.0165,-0.0001,0.0308,-0.0367,0.0608,0.0154,-0.0499,0.0128,-0.0379,-0.0612,0.0417,0.0478,0.0201,-0.0579,0.0264,-0.0578,0.0009,0.0268,0.0267,0.0214,-0.0238,-0.0206,-0.0028,0.0297,-0.0489,0.0741,0.002,0.038,0.0027,-0.0438,-0.0593,0.0541,-0.0455,-0.0221,-0.0513,-0.0073,-0.0194,0.0297,-0.0082,-0.0349,-0.0036,0.0547,0.044,0.0318,0.0261,-0.0549,-0.0331,0.0074,-0.0407,-0.014,0.0094,0.008,-0.0265,0.0007,0.0086,-0.064,0.017,-0.028,-0.0178,-0.015,-0.0117,0.0376,-0.1167,0.0328,-0.043,0.0208,-0.0354,-0.0415,0.0361,-0.0363,0.015,0.0197,0.0143,-0.0406,0.0164,0.0039,-0.0047,-0.0367,-0.0349,0.0459,-0.0449,-0.0372,-0.012,0.0219,0.0054,0.0838,0.0351,0.024,0.0469,0.01,0.0109,-0.0032,-0.0048,0.0749,0.0959,-0.05,-0.0447,0.0478,0.044,-0.0315,-0.028,-0.0388,0.0242,0.0052,-0.0497,0.022,0.013,0.0133,0.0635,0.0677,0.083
dir=down,-0.0175,-0.0145,0.0039,0.0234,-0.0032,-0.054,-0.0262,0.0798,-0.0511,0.0283,-0.0444,0.0086,1.0,-0.0242,-0.075,-0.0227,0.003,0.1294,0.1632,0.0167,0.0289,0.0622,0.0643,0.011,-0.0309,0.1464,0.1545,-0.8594,0.1928,-0.8264,-0.5297,-0.0249,-0.7765,-0.0898,-0.8469,-0.0054,-0.0155,0.0476,-0.08,0.0239,0.0148,-0.0084,0.039,-0.0029,0.9928,-0.0188,0.019,0.0055,0.0047,-0.0069,0.0304,-0.0217,-0.0235,-0.0147,0.0847,0.1035,0.0129,0.0814,0.0745,-0.0728,0.399,-0.0327,-0.0217,-0.3853,0.0926,0.0633,0.1825,0.003,-0.1978,0.0551,0.0746,-0.0406,0.0692,0.8655,-0.8655,-0.3205,0.417,-0.0657,0.0749,-0.0391,0.1412,0.0914,-0.9976,-0.0047,-0.0605,-0.2282,0.0262,0.0213,-0.0723,-0.0182,0.0629,0.0496,-0.0394,-0.0609,0.041,-0.0116,0.0368,-0.0513,0.0177,-0.0239,0.037,0.078,-0.0291,-0.0464,-0.0527,-0.0078,0.0035,-0.0091,-0.0145,0.0122,-0.0125,-0.0144,0.0261,0.0022,-0.0103,-0.0132,-0.0179,0.0587,0.0003,0.0142,-0.0103,-0.0336,0.4561,-0.0346,-0.4188,0.0076,0.0064,-0.0188,-0.0396,0.0322,-0.0016,-0.0951,0.6257,-0.6274,-0.028,-0.0045,-0.0185,0.0324,-0.0337,0.0249,-0.0484,0.0379,-0.0334,-0.007,0.0184,0.0253,0.0272,-0.0222,0.0016,0.0359,-0.0367,-0.0121,0.0404,0.0031,0.0161,0.0126,-0.0893,-0.0103,0.03,-0.0396,-0.0168,-0.0498,-0.0767,-0.8417,0.0953,0.1016,0.0265,0.0249,0.0461,-0.0336,0.1073,0.1221,0.0599,-0.082,0.0794,-0.0646,-0.0769,0.0594,-0.1007,-0.1392,0.0972,-0.0888,-0.0894,0.0953,-0.0792,0.0983,-0.0284,0.0884,-0.0222,-0.6219,-0.0029,-0.0836,0.1157,0.0514,-0.1197,0.0668,-0.035,0.044,0.1176,-0.0168,-0.0987,0.1474,0.0309,-0.0237,-0.1001,-0.0979,0.0843,-0.0499,0.1155,0.0299,-0.0408,-0.0038,-0.0136,0.0287,0.0025,0.0273,0.0446,0.0492,0.0141,0.0562,0.1438,-0.0327,0.017,0.0518,-0.0337,-0.0317,-0.0217,-0.0008,0.0146,0.0496,0.1313,-0.0337,-0.0138,-0.0464,0.0283,-0.0444,0.0016,-0.0182
bars_since_choch,-0.0078,-0.0162,0.0409,0.026,-0.0188,0.0281,0.0103,-0.0385,0.0025,-0.067,-0.0097,-0.0584,-0.0242,1.0,-0.2015,-0.0027,0.0414,0.0093,0.023,-0.0207,-0.0336,-0.1512,-0.2173,-0.0891,-0.0938,0.2423,-0.0001,0.0025,0.0019,0.013,0.0212,-0.0808,0.0208,-0.0404,0.0132,0.0057,0.0322,-0.5575,0.679,-0.4447,-0.0664,0.1966,-0.5864,0.2256,-0.0293,-0.1032,0.2177,-0.3356,0.3149,-0.1018,0.1607,-0.0074,-0.1307,0.1273,-0.1378,-0.1415,-0.096,-0.0749,-0.0063,0.1267,0.0379,-0.0243,-0.0236,-0.0108,-0.0527,0.0232,0.0418,-0.0226,-0.016,0.0328,0.0949,-0.0834,-0.0744,0.018,-0.0157,-0.0351,-0.079,0.3545,-0.0,0.0431,0.0894,0.118,0.0253,0.0041,0.0144,-0.0121,0.0521,-0.0152,-0.0718,0.0456,0.0466,-0.0332,0.2353,-0.2237,0.3239,0.111,-0.0212,0.0918,-0.0983,0.083,-0.436,-0.4245,0.4801,0.0552,0.0289,0.5045,-0.0941,0.0756,0.048,-0.0518,0.0871,-0.0832,-0.0221,0.0118,-0.0067,-0.052,-0.2136,0.0398,0.2002,-0.051,0.0031,0.0786,0.1029,-0.1593,0.0996,0.0311,-0.0258,0.0022,0.0108,-0.0587,0.06,0.1889,-0.1162,-0.1192,-0.0931,-0.1678,0.0959,0.0078,-0.0374,-0.1178,0.1013,0.0437,-0.1071,0.0644,0.0189,-0.0509,-0.1176,0.1205,-0.0152,-0.0018,-0.0603,0.0113,0.087,0.0053,0.0086,-0.0724,-0.0181,-0.0753,0.0989,-0.0421,0.1702,-0.0441,0.0423,-0.036,-0.1337,-0.1293,0.0938,0.0192,-0.1013,-0.0063,-0.1977,-0.2028,-0.0448,0.075,-0.2113,0.0694,0.0086,-0.1937,-0.0019,-0.0006,0.0125,0.0183,-0.0024,0.0157,0.0135,0.0384,0.0865,-0.1476,0.0102,-0.0046,-0.4017,0.6597,-0.4407,0.1415,0.6599,-0.4027,0.6556,-0.4979,-0.1043,-0.3704,0.6715,-0.363,0.1357,0.0243,0.6594,0.6516,-0.6816,0.6577,0.0891,-0.2724,-0.0176,-0.0733,-0.0758,-0.0199,0.1258,0.0376,-0.0185,-0.0984,-0.0953,-0.0066,-0.2193,-0.0121,-0.0124,-0.0448,-0.0374,0.0098,-0.0236,0.0114,-0.1533,-0.0332,0.0271,0.0159,0.2,0.0552,-0.067,-0.0037,-0.053,-0.0443
choch_same_session,0.2811,0.2497,-0.0428,0.0754,0.0669,0.0572,0.0846,0.0786,0.0433,-0.5358,0.0141,0.0199,-0.075,-0.2015,1.0,-0.0455,-0.0111,-0.1423,-0.1543,-0.0548,-0.045,0.1228,0.1901,0.2235,0.2614,-0.2647,-0.1536,0.117,-0.1362,0.0525,0.0461,0.2681,0.0592,0.0166,0.0389,-0.0828,-0.0038,0.1254,-0.1652,0.1232,-0.0266,0.0516,0.2252,-0.0401,-0.0625,0.0194,-0.0696,0.0587,-0.0838,0.0415,-0.0421,0.2661,0.307,0.1336,0.0216,0.0218,0.0064,0.0319,0.0462,0.0429,0.1141,0.0126,-0.2255,0.1171,-0.0231,0.0207,0.0968,-0.1515,0.0873,-0.1614,-0.1374,-0.0081,-0.0717,-0.0761,0.0788,-0.0158,-0.0637,0.1051,-0.1659,0.0253,0.0309,-0.167,0.0755,0.04,0.0851,0.0251,-0.0129,-0.0286,-0.0035,-0.1044,0.0628,-0.0274,-0.048,-0.0128,-0.0142,0.0047,-0.0236,0.0244,-0.0103,0.0197,0.0483,0.0153,-0.0804,0.0178,0.0538,-0.1049,0.1711,-0.1612,-0.1459,0.1336,-0.1825,0.0904,0.1194,0.0126,0.0167,0.0141,0.0653,-0.054,-0.0473,0.0209,0.0167,-0.0145,-0.0703,0.0395,0.0208,-0.0167,-0.0108,0.0362,-0.0262,-0.0291,0.0591,0.0742,0.0155,0.0559,-0.1308,0.1266,0.0356,-0.1949,0.0063,0.0648,0.1124,0.0269,0.0661,0.1318,-0.0175,-0.4387,0.062,-0.0652,0.0089,0.0063,-0.152,0.0314,-0.0329,-0.053,0.0167,0.0344,0.0261,0.0677,-0.072,0.0746,0.0579,0.0475,-0.0072,0.0809,-0.1695,-0.1877,-0.1262,-0.0443,0.0518,0.0018,0.0177,0.0089,-0.0055,0.0273,-0.0231,0.0175,0.0585,-0.0218,0.0705,0.09,-0.1267,0.1135,0.0347,-0.1206,0.0229,-0.0618,0.0285,-0.1602,0.2674,0.0588,0.2039,-0.1331,-0.0247,-0.1385,-0.1405,0.2005,-0.1601,0.023,-0.0932,0.2114,-0.1512,-0.0532,-0.1107,0.0486,-0.1469,-0.1126,0.1831,-0.1815,-0.1175,0.0956,-0.0156,0.0325,0.0212,0.0205,0.0162,-0.0748,0.0465,-0.0117,0.032,-0.1061,0.0295,0.0126,-0.3178,-0.426,0.0063,0.0189,-0.2255,0.0743,0.0603,-0.0274,-0.1467,0.0063,-0.0561,0.0178,-0.5358,0.0141,0.0089,0.0109
days_to_expiry,-0.0277,-0.0295,-0.0057,0.0202,-0.0126,-0.0443,-0.0074,0.0013,-0.0067,0.0718,0.0179,0.0718,-0.0227,-0.0027,-0.0455,1.0,0.0345,0.1005,-0.0923,0.255,0.2075,0.1434,-0.0686,0.1309,-0.0504,-0.0624,0.1274,0.0235,-0.0531,-0.0014,0.0509,-0.0168,0.0188,0.0106,0.005,-0.0179,0.0276,-0.0245,0.0192,0.0033,0.0376,-0.0402,-0.0394,0.0068,-0.0216,-0.0153,0.0082,-0.0329,0.0133,-0.0133,0.0063,-0.0328,-0.0566,-0.006,0.0139,-0.0173,0.1308,0.0178,0.0034,-0.0629,-0.0308,-0.0401,0.0458,-0.0102,-0.0303,0.0657,-0.058,0.0606,-0.0145,-0.0051,0.0318,0.0158,0.013,-0.0045,0.0095,-0.0107,-0.0559,0.059,-0.0639,0.0068,-0.0885,0.0501,0.0258,0.1507,-0.0322,0.0142,-0.0063,-0.0473,-0.0284,-0.0337,-0.0635,0.0257,0.0711,0.0198,-0.0079,0.0423,0.0046,-0.052,-0.0398,0.0796,-0.0143,-0.0593,0.0059,0.0014,0.0629,-0.0118,-0.0024,-0.0124,-0.0243,0.0132,0.0195,-0.0248,0.0005,-0.0179,-0.0455,0.0074,0.0212,0.0123,-0.0475,0.0375,-0.013,0.0325,-0.061,0.0405,0.01,-0.0633,0.0676,-0.0271,-0.05,0.1217,-0.0987,-0.0676,0.0283,-0.0045,0.0639,-0.0092,-0.0482,0.0267,-0.0126,0.0349,-0.0539,-0.038,-0.0414,0.0035,0.0229,0.0359,0.0447,-0.0339,-0.0134,-0.0531,0.0391,-0.0164,0.0378,-0.0398,0.0356,0.0015,-0.0669,-0.0036,0.0277,-0.01,-0.0554,-0.0399,0.054,0.0067,0.0464,0.0219,-0.0273,0.0154,0.0407,0.0703,-0.0917,-0.0986,-0.0246,-0.0616,0.0557,-0.0703,-0.0405,0.0602,-0.0376,-0.0261,0.0316,-0.0224,-0.0744,0.043,-0.0249,0.049,-0.031,0.0404,-0.0509,0.0184,-0.0526,0.0101,0.0256,0.0377,0.0158,-0.0481,0.0112,0.0185,0.0457,-0.0474,0.0224,-0.0003,0.0505,0.0446,0.0198,0.0205,-0.0242,0.0116,-0.0043,-0.0188,0.0503,-0.0066,-0.0248,-0.0004,-0.0027,0.0147,-0.0233,-0.0021,-0.0292,0.0326,-0.0761,0.0977,0.0321,0.0676,0.0487,0.1202,0.0458,0.0401,0.0528,0.0257,-0.0102,0.0404,0.0763,0.0014,0.0718,0.1055,0.069,0.0845
sl,-0.0485,-0.0453,0.046,0.0531,-0.0211,-0.0047,-0.0197,-0.0052,-0.0323,-0.0313,-0.0104,-0.0131,0.003,0.0414,-0.0111,0.0345,1.0,0.0079,-0.01,0.0221,-0.4119,0.0065,-0.0141,0.0355,0.0279,0.035,0.0523,0.0088,0.0519,0.0572,-0.0354,-0.0017,0.0085,-0.06,-0.0285,-0.031,0.9277,0.0,0.0115,0.0183,-0.0069,-0.0259,0.009,0.0136,0.0052,0.0359,-0.0345,0.0039,-0.0445,0.02,-0.0588,-0.0389,0.0207,-0.0911,0.0129,-0.0497,0.0747,0.049,0.0334,-0.063,0.049,-0.0037,-0.0145,-0.035,0.0278,0.1192,0.0053,-0.0044,-0.0001,-0.018,0.0805,-0.0062,-0.0139,0.0144,-0.014,-0.0091,0.0391,0.0139,-0.0533,-0.0703,-0.0131,-0.0007,-0.0011,-0.0025,-0.0046,0.0222,0.0126,-0.0208,-0.0388,-0.0001,0.0549,-0.0449,-0.0064,-0.0446,0.0262,-0.0041,0.0399,0.0009,0.0093,-0.0508,-0.0103,-0.0594,0.0175,0.0854,0.0329,0.0317,0.0239,-0.0435,-0.0392,0.0264,-0.0115,0.0017,0.011,0.0312,-0.0071,0.0143,-0.0003,0.0212,-0.0232,0.0459,0.0111,-0.0228,-0.0087,0.0142,-0.0094,-0.0094,0.0305,-0.035,0.0345,-0.032,0.006,-0.0186,-0.0315,0.0302,-0.004,0.0016,-0.0103,0.0331,-0.0094,-0.0067,-0.0224,0.0308,-0.0176,-0.0181,0.0416,-0.0294,-0.0053,0.0074,0.0589,-0.0062,-0.0161,0.0393,-0.0192,-0.0107,0.0067,-0.0402,0.0142,0.0079,0.0081,-0.0029,-0.0244,-0.0082,0.9944,-0.0281,-0.212,0.003,-0.061,0.0497,0.0252,0.0115,-0.1377,-0.1153,-0.0443,0.0157,-0.1231,0.0039,-0.0339,-0.1137,-0.0292,-0.0576,0.0549,-0.0626,-0.0864,0.0603,-0.0359,-0.1758,-0.0038,0.0299,-0.0308,-0.0275,0.093,0.0207,-0.0917,-0.0647,0.0262,0.0844,0.0073,-0.0834,-0.1086,0.0427,0.0204,-0.0756,-0.0271,0.0773,0.0209,0.0227,-0.0159,0.0101,-0.0155,0.0042,-0.0018,-0.0022,0.0003,-0.0279,-0.1751,0.043,-0.1068,0.0441,0.0015,0.0352,-0.0087,-0.0671,0.0311,0.01,-0.0342,-0.0947,-0.0145,0.0011,0.0038,-0.0449,0.0013,0.0316,-0.0259,0.0854,-0.0313,-0.0744,-0.0477,-0.0584
sl_dist_pts,-0.2508,-0.246,0.2074,0.0893,-0.1236,-0.1804,-0.0965,-0.0182,-0.0353,0.2491,-0.009,-0.0045,0.1294,0.0093,-0.1423,0.1005,0.0079,1.0,0.7473,0.6945,0.6292,0.6708,0.2564,0.3712,-0.1211,0.6465,0.7234,-0.0983,0.3351,-0.1054,-0.0096,-0.2299,-0.0529,0.0369,-0.0814,0.2422,-0.0134,-0.0292,-0.0357,-0.0143,0.091,-0.1662,-0.0958,0.1413,0.1364,-0.1548,0.0379,-0.1409,0.0505,-0.1375,0.0752,-0.2689,-0.3277,-0.1426,0.2646,0.3297,0.3525,0.2459,0.1737,-0.3154,-0.0285,-0.0481,0.1441,-0.1146,0.1782,0.1759,-0.0045,0.0221,-0.023,0.3517,0.3092,0.1745,0.4955,0.1006,-0.0936,0.0608,0.1371,-0.4551,0.574,-0.1173,0.5735,0.6438,-0.1265,0.178,-0.1392,-0.0608,-0.0795,-0.0005,-0.1351,-0.0576,-0.034,0.0466,0.1089,-0.0469,0.0301,-0.181,0.0483,-0.0801,0.1757,-0.2137,-0.0689,0.2313,0.0188,0.0831,-0.3052,0.1123,-0.2255,0.1524,0.1167,-0.1518,0.2253,-0.1411,-0.1219,-0.0381,-0.065,-0.115,0.0823,0.0683,0.0013,0.03,-0.1058,-0.1633,0.0598,-0.0286,-0.0241,-0.1482,0.1413,-0.0381,-0.1065,0.1586,-0.09,-0.5162,0.1151,-0.0224,0.2,-0.0129,-0.1276,0.0421,-0.0538,0.1262,-0.1462,-0.106,-0.0128,-0.0295,-0.0078,0.1982,0.1409,-0.1218,-0.0617,-0.012,0.0956,-0.1171,0.0816,-0.0109,0.0774,0.0931,-0.0725,-0.0667,0.0228,-0.1408,-0.028,-0.1178,0.0045,-0.0772,0.569,0.4544,0.2462,-0.0572,0.2417,-0.1752,0.4114,0.4498,0.0949,-0.439,0.6742,-0.3801,-0.3082,0.6541,-0.2732,-0.2223,0.2976,-0.1189,-0.2153,0.256,-0.1797,0.62,0.2425,0.346,-0.293,-0.0383,-0.3771,-0.0543,0.4036,0.4126,-0.1006,-0.3415,-0.0036,0.3613,0.4468,-0.3903,-0.065,0.4868,0.3803,-0.2361,-0.0953,-0.0931,0.0229,0.0107,0.2413,-0.0531,0.0803,0.0187,0.0031,0.0399,-0.157,-0.1048,-0.1447,-0.0554,-0.0174,-0.1413,0.169,-0.0365,0.3166,0.3095,0.0253,0.0383,0.1441,0.3056,0.2566,0.0466,0.1581,0.0266,0.1203,0.0831,0.2491,-0.0194,0.0102,-0.0198
sl_dist_atr,-0.1177,-0.109,0.1707,-0.0212,-0.1702,-0.1796,-0.0297,0.0844,-0.0099,0.2348,-0.0042,-0.016,0.1632,0.023,-0.1543,-0.0923,-0.01,0.7473,1.0,0.0874,0.0838,0.2527,0.3177,-0.0411,-0.116,0.8472,0.3835,-0.1435,0.4486,-0.1335,-0.093,-0.1434,-0.1191,0.0273,-0.1476,0.2564,-0.0154,0.0182,-0.0729,0.0001,0.0312,-0.094,-0.0335,0.0878,0.165,-0.0825,0.0378,-0.1153,0.0578,-0.0634,0.0752,-0.1318,-0.1806,-0.059,0.3959,0.4465,0.1083,0.399,0.3037,-0.3661,0.0391,0.0082,0.011,-0.0533,0.225,0.2403,0.0678,-0.1007,0.0544,0.4223,0.4485,0.0966,0.5359,0.1177,-0.1387,0.0677,0.1881,-0.5907,0.7355,-0.1027,0.7472,0.4827,-0.1666,-0.0751,-0.1081,-0.0155,0.0133,0.1057,-0.1322,-0.0167,-0.0412,0.0758,0.046,-0.0091,0.0492,-0.2628,0.0143,-0.0976,0.2454,-0.2565,-0.0262,0.3736,-0.0351,0.0593,-0.4144,0.1163,-0.1234,0.1332,0.1288,-0.0844,0.1196,-0.0718,-0.0674,0.0067,-0.0401,-0.1123,0.0235,0.0523,0.0122,0.0158,-0.0579,-0.0735,0.0835,-0.0297,-0.0467,-0.0887,0.101,-0.0477,-0.0085,0.0309,-0.0289,-0.3415,0.0936,-0.0654,0.144,-0.0447,-0.0637,0.0103,-0.0056,0.0823,-0.0824,-0.1028,0.0103,-0.0161,-0.0426,0.1927,0.0915,-0.0818,-0.0617,0.0541,0.0653,-0.1555,0.0974,0.0122,0.0111,0.0441,-0.041,-0.047,0.0275,-0.089,-0.0054,-0.0498,-0.0219,-0.1358,0.4647,0.5067,0.2697,-0.094,0.0481,-0.2262,0.5041,0.5803,0.1029,-0.3346,0.5002,-0.317,-0.1845,0.474,-0.1884,-0.2266,0.3813,-0.159,-0.158,0.3317,-0.1562,0.4633,0.347,0.4508,-0.1705,-0.1043,-0.315,-0.0941,0.4194,0.3718,-0.1231,-0.2683,-0.0579,0.3618,0.3593,-0.3728,-0.107,0.5257,0.3725,-0.1854,-0.1287,-0.1358,0.0574,-0.0308,0.21,-0.0021,0.0437,-0.0104,0.034,0.0402,-0.1798,-0.123,-0.0406,0.0434,-0.0456,-0.1959,0.3198,-0.056,0.2464,0.2657,0.0046,0.0206,0.011,0.2606,0.2079,0.0758,0.1215,-0.0408,0.0758,0.0593,0.2348,-0.0344,-0.0144,-0.0438
atr14,-0.2593,-0.2614,0.1335,0.1625,0.0042,-0.0877,-0.1233,-0.1144,-0.0404,0.1258,-0.0258,0.0022,0.0167,-0.0207,-0.0548,0.255,0.0221,0.6945,0.0874,1.0,0.887,0.7548,0.0501,0.6294,-0.0554,0.0901,0.6908,0.0092,0.0327,-0.0086,0.0832,-0.1998,0.0446,0.0382,0.0444,0.0942,0.0009,-0.0348,0.0017,0.0118,0.1094,-0.1648,-0.0786,0.1093,0.0254,-0.1397,-0.0009,-0.0893,-0.0222,-0.1352,0.0122,-0.2765,-0.2988,-0.1714,-0.0269,0.0221,0.4504,-0.0657,-0.0782,-0.0758,-0.0872,-0.0759,0.2058,-0.1145,0.0186,-0.0109,-0.0784,0.1437,-0.0971,0.0712,-0.0219,0.1786,0.1861,0.015,0.0135,0.0263,0.0123,-0.0765,0.0954,-0.0769,0.0759,0.4655,-0.0125,0.3475,-0.1158,-0.0772,-0.1139,-0.1035,-0.0684,-0.0654,-0.0004,-0.0068,0.1204,-0.0749,0.006,0.0188,0.0775,-0.0296,-0.0116,-0.0409,-0.0753,-0.022,0.0388,0.06,-0.0247,0.0302,-0.2072,0.0907,0.0394,-0.1372,0.2059,-0.1253,-0.1145,-0.0705,-0.0714,-0.0506,0.1064,0.0639,-0.0191,0.0184,-0.0965,-0.1789,-0.0222,-0.0036,0.0272,-0.1455,0.127,-0.0195,-0.1587,0.2135,-0.1069,-0.4131,0.0558,0.0614,0.1541,0.0327,-0.145,0.061,-0.0583,0.1085,-0.1466,-0.0626,-0.0361,-0.031,0.0502,0.0949,0.1243,-0.1038,-0.0388,-0.0579,0.06,-0.0027,0.0209,-0.0234,0.08,0.086,-0.0621,-0.0464,0.0081,-0.1274,-0.043,-0.143,0.0269,0.0398,0.3705,0.1535,0.09,0.0136,0.3214,-0.0085,0.0902,0.0673,-0.0047,-0.3,0.4835,-0.2352,-0.2536,0.4835,-0.225,-0.0588,0.0373,0.0023,-0.142,0.027,-0.0914,0.4543,0.0161,0.0397,-0.2712,0.0533,-0.2456,-0.0038,0.2013,0.2497,-0.0427,-0.2445,0.0356,0.198,0.3178,-0.1883,-0.005,0.1956,0.1718,-0.1514,-0.0284,-0.0161,-0.0051,0.0283,0.1393,-0.0517,0.0847,0.0645,-0.007,0.028,-0.0619,-0.037,-0.1718,-0.1262,0.0192,-0.0296,-0.0907,0.0027,0.2218,0.1876,0.0337,0.0101,0.2058,0.1745,0.1683,-0.0068,0.1117,0.0585,0.1069,0.06,0.1258,0.004,0.0277,0.0183
atr_bps,-0.2141,-0.2176,0.1093,0.1244,0.0187,-0.0767,-0.1139,-0.1021,-0.0169,0.1167,-0.0077,0.0183,0.0289,-0.0336,-0.045,0.2075,-0.4119,0.6292,0.0838,0.887,1.0,0.6848,0.0551,0.5581,-0.0588,0.0693,0.5985,-0.0082,0.0003,-0.0411,0.0722,-0.1843,0.0212,0.0574,0.0411,0.0991,-0.4124,-0.0406,0.0015,-0.0088,0.0921,-0.1347,-0.0854,0.0988,0.0363,-0.1505,0.0222,-0.083,0.0083,-0.1422,0.0486,-0.2359,-0.286,-0.113,-0.0357,0.0414,0.3738,-0.0831,-0.0839,-0.04,-0.0876,-0.0618,0.194,-0.1039,0.0072,-0.0657,-0.0696,0.1353,-0.0959,0.0792,-0.0534,0.1654,0.1794,0.0249,0.0002,0.0211,-0.0023,-0.0735,0.1047,-0.0381,0.0782,0.4221,-0.0248,0.3331,-0.1025,-0.0867,-0.1127,-0.0931,-0.0554,-0.0595,-0.0291,0.0192,0.1232,-0.053,-0.0094,0.022,0.0521,-0.026,-0.0172,-0.0117,-0.066,0.002,0.0331,0.0282,-0.0399,0.0172,-0.2065,0.1108,0.0632,-0.1493,0.1989,-0.1115,-0.1189,-0.0754,-0.0603,-0.0635,0.0983,0.0525,-0.0109,0.0003,-0.1001,-0.1504,-0.004,-0.0064,0.0123,-0.1257,0.1039,-0.0082,-0.165,0.2116,-0.0988,-0.3799,0.0756,0.0334,0.1325,0.0349,-0.1255,0.0419,-0.0573,0.0993,-0.1218,-0.0694,-0.018,-0.0258,0.0316,0.0875,0.1128,-0.0947,-0.0578,-0.0576,0.0574,-0.0143,0.0196,-0.0213,0.0797,0.0942,-0.0601,-0.0398,-0.0024,-0.1088,-0.0325,-0.1217,-0.4066,0.0367,0.4274,0.1368,0.1062,0.001,0.2811,-0.0121,0.149,0.1172,0.0196,-0.2921,0.5066,-0.2288,-0.2283,0.5009,-0.1993,-0.042,0.0216,0.0207,-0.1052,0.0111,-0.0795,0.4886,0.0158,0.0157,-0.2319,0.0442,-0.2551,-0.0079,0.2091,0.2428,-0.0467,-0.2484,0.0358,0.2009,0.3279,-0.1897,-0.0078,0.2017,0.1628,-0.1734,-0.0306,-0.019,-0.0031,0.0249,0.1282,-0.0551,0.0854,0.07,-0.0077,0.0464,0.0239,-0.0534,-0.1099,-0.1358,0.0081,-0.0471,-0.0874,0.0415,0.1871,0.1666,0.0461,0.0587,0.194,0.1568,0.1519,0.0192,0.1051,0.0504,0.1211,0.0282,0.1167,0.0481,0.0517,0.0503
range_1h_pts,-0.0887,-0.1009,0.0731,0.218,-0.0439,-0.0926,-0.0686,-0.0155,-0.0189,-0.078,0.0198,-0.0345,0.0622,-0.1512,0.1228,0.1434,0.0065,0.6708,0.2527,0.7548,0.6848,1.0,0.6533,0.6975,0.1754,0.221,0.6209,-0.0281,0.1507,-0.0556,0.0376,-0.0008,-0.0108,-0.0191,0.0106,0.3934,-0.0175,0.0266,-0.1089,0.0912,0.0858,-0.0788,0.0375,0.204,0.07,-0.2263,-0.0755,-0.1268,-0.0982,-0.2219,0.0294,-0.1442,-0.2062,-0.0576,0.1301,0.2138,0.3906,0.1337,0.1143,-0.2325,0.0348,-0.0521,0.0115,-0.0403,0.1045,0.0884,0.0067,-0.0271,0.0269,0.2476,0.1331,0.1804,0.3674,0.0785,-0.0434,0.0379,0.067,-0.1984,0.1764,-0.1692,0.2112,0.4304,-0.058,0.2845,-0.0886,-0.1103,-0.0925,-0.076,-0.1139,-0.055,0.0288,-0.0138,0.0904,-0.0868,0.0851,-0.0893,0.0783,-0.0982,0.0625,-0.0892,-0.0897,0.1609,-0.0899,0.0237,-0.1077,-0.0534,-0.1186,0.0173,-0.0141,-0.0512,0.1066,-0.1136,-0.0168,-0.0327,-0.0398,-0.0575,0.1262,0.0243,-0.0351,0.0217,-0.0824,-0.1694,0.0206,-0.0037,-0.0162,-0.1037,0.0783,0.0044,-0.106,0.1365,-0.0641,-0.4233,0.1023,0.0378,-0.0465,0.1472,-0.0887,-0.0511,-0.0596,0.1364,-0.0733,-0.0682,0.0371,0.0214,-0.0059,-0.0611,0.146,-0.1316,-0.0517,-0.0085,-0.0627,-0.0018,-0.0024,-0.0042,0.035,0.1235,-0.036,-0.0105,-0.0426,-0.0529,-0.033,-0.0717,0.0017,-0.0143,0.4049,0.2446,0.2325,-0.001,0.363,-0.0914,0.3973,0.3224,0.0666,-0.383,0.5934,-0.311,-0.2953,0.5993,-0.2441,-0.1237,0.0768,-0.0171,-0.1838,0.0534,-0.1632,0.4588,0.0786,0.1257,-0.1766,0.0208,-0.1808,-0.105,0.2762,0.2101,-0.1465,-0.1865,-0.0771,0.2934,0.328,-0.1745,-0.1167,0.31,0.2203,-0.1945,-0.14,-0.1216,0.1033,-0.0782,0.1361,-0.025,0.0793,0.1324,-0.022,0.1156,-0.233,-0.2965,-0.2,-0.2046,0.1967,-0.0228,0.0676,-0.0178,0.0854,-0.0441,0.012,0.0003,0.0115,0.0359,0.0148,-0.0138,0.0406,0.0545,0.0764,0.0237,-0.078,-0.024,0.018,-0.0017
range_1h_atr,0.1249,0.1125,-0.0285,0.1558,-0.087,-0.0565,0.0366,0.093,0.0097,-0.2185,0.0533,-0.0494,0.0643,-0.2173,0.1901,-0.0686,-0.0141,0.2564,0.3177,0.0501,0.0551,0.6533,1.0,0.3213,0.3198,0.2633,0.1825,-0.0419,0.2195,-0.0644,-0.0349,0.1965,-0.0615,-0.063,-0.0263,0.5533,-0.0235,0.1028,-0.1873,0.1493,0.0132,0.0367,0.1515,0.1971,0.0696,-0.1791,-0.1306,-0.1059,-0.1424,-0.1776,0.0269,0.0617,-0.0081,0.083,0.2565,0.3451,0.1175,0.3165,0.3045,-0.3166,0.1379,0.0137,-0.2003,0.0657,0.16,0.1713,0.1047,-0.2131,0.1564,0.3298,0.2577,0.1125,0.4034,0.0815,-0.058,0.0575,0.1059,-0.2675,0.2093,-0.199,0.2332,0.158,-0.0626,0.0219,-0.0241,-0.0691,-0.0016,0.0131,-0.1044,-0.0001,0.0407,-0.0149,0.0086,-0.0495,0.1296,-0.1664,0.0409,-0.1189,0.1142,-0.1042,-0.0616,0.2982,-0.1974,-0.0284,-0.1542,-0.1254,0.0334,-0.0483,-0.0391,0.0593,-0.0551,-0.0306,0.0865,0.0187,0.0299,-0.0317,0.0686,-0.021,-0.0328,0.0088,-0.0109,-0.0656,0.0377,0.008,-0.0485,-0.0083,-0.0095,0.0242,0.0169,-0.0383,0.0299,-0.177,0.0801,-0.0032,-0.2213,0.1726,0.0145,-0.1365,-0.0471,0.0957,0.0373,-0.0467,0.0885,0.0642,-0.0587,-0.1784,0.0904,-0.0919,-0.0481,0.0596,-0.1264,-0.0103,-0.0217,0.006,-0.0179,0.1062,0.0052,0.0217,-0.0662,0.0487,-0.0067,0.0438,-0.0254,-0.0523,0.2458,0.2537,0.2715,-0.018,0.194,-0.1366,0.5588,0.468,0.0959,-0.2453,0.3588,-0.2071,-0.157,0.3676,-0.1269,-0.1147,0.0796,-0.0202,-0.1152,0.0545,-0.135,0.1951,0.1037,0.1872,0.0078,-0.0245,-0.0202,-0.1746,0.2364,0.0654,-0.1964,-0.0282,-0.1756,0.2649,0.1815,-0.0602,-0.1936,0.2866,0.159,-0.1311,-0.2046,-0.1895,0.1821,-0.167,0.0714,0.0338,0.0206,0.1318,-0.0173,0.141,-0.3447,-0.446,-0.1441,-0.1776,0.2834,0.0146,0.22,-0.0409,-0.0809,-0.2375,-0.0243,-0.012,-0.2003,-0.1373,-0.1563,-0.0149,-0.048,0.0131,0.0012,-0.0284,-0.2185,-0.0539,-0.0091,-0.0313
range_3h_pts,0.1844,0.1724,-0.2169,0.0482,0.1128,0.1567,0.0527,-0.0109,0.0151,-0.2479,-0.0173,0.0036,0.011,-0.0891,0.2235,0.1309,0.0355,0.3712,-0.0411,0.6294,0.5581,0.6975,0.3213,1.0,0.6855,-0.0466,0.4116,0.0192,-0.016,-0.0115,0.01,0.4064,-0.0081,-0.026,0.0496,0.164,0.01,-0.0145,-0.0319,0.0715,0.0567,0.1101,0.0446,0.1589,0.0213,-0.1966,-0.0902,-0.101,-0.0774,-0.2245,-0.094,0.0885,0.0079,0.1295,0.0203,0.0285,0.45,-0.0009,0.0605,0.0012,0.1283,-0.0497,-0.1949,0.0796,-0.0174,-0.0044,0.0933,-0.1624,0.1047,0.0459,-0.0046,0.2354,0.0121,0.0312,-0.0312,0.0016,0.0022,0.0242,-0.0885,-0.0713,-0.0114,0.2131,-0.007,0.3574,-0.0773,-0.0837,-0.0096,-0.0811,-0.021,-0.0495,0.0343,-0.0671,0.1106,-0.09,0.0246,0.0673,0.1,-0.022,-0.0553,-0.0131,-0.0004,0.0702,-0.0733,-0.0323,-0.0053,-0.0992,0.0705,-0.1482,-0.1612,0.0446,-0.0909,0.0724,0.0357,-0.0502,-0.0365,-0.03,0.1112,0.0036,-0.0096,-0.0468,-0.0656,-0.1351,-0.0135,0.0131,-0.0031,-0.1089,0.0979,-0.019,-0.1136,0.1534,-0.0771,-0.2947,0.0665,0.0562,-0.2197,0.2141,-0.0973,-0.1134,-0.0575,0.1507,-0.0316,-0.0606,0.0431,0.0737,-0.0063,-0.1943,0.1598,-0.146,-0.0469,-0.0304,-0.1339,0.0148,0.0009,-0.0501,0.0254,0.1064,-0.036,-0.0048,-0.0259,-0.0488,0.0138,-0.0989,0.0276,0.0199,0.1391,-0.0617,0.1338,0.0995,0.369,-0.0405,0.2053,0.0812,-0.0898,-0.2248,0.3007,-0.1599,-0.2481,0.3358,-0.1783,-0.0129,-0.1258,0.0807,-0.1264,-0.1058,-0.0618,0.2749,0.0126,-0.0513,0.0557,0.009,-0.0639,-0.0213,0.0486,0.0566,-0.0564,-0.1409,-0.0149,0.1482,0.2173,-0.057,-0.0292,0.0595,0.0714,-0.0956,-0.0602,0.0018,0.0397,-0.0388,-0.0,-0.0272,-0.0142,0.1472,0.0552,0.0832,0.0141,-0.0762,-0.1634,-0.2652,0.1652,-0.0094,0.0739,-0.0233,-0.3282,-0.3222,-0.0182,-0.0199,-0.1949,-0.2641,-0.2389,-0.0671,-0.0328,0.0596,0.071,-0.0323,-0.2479,-0.0411,-0.011,-0.0159
range_3h_atr,0.4379,0.4285,-0.3795,-0.1438,0.1351,0.3045,0.1924,0.0739,0.0243,-0.3643,-0.0057,0.0252,-0.0309,-0.0938,0.2614,-0.0504,0.0279,-0.1211,-0.116,-0.0554,-0.0588,0.1754,0.3198,0.6855,1.0,-0.1248,-0.0783,0.0362,-0.0453,0.0092,-0.0334,0.7125,-0.0216,-0.0416,0.0494,0.1585,0.0147,0.0286,-0.0516,0.1129,-0.0162,0.2602,0.1213,0.1232,-0.0237,-0.128,-0.1203,-0.0602,-0.1136,-0.1837,-0.1776,0.3076,0.2192,0.2868,0.0656,0.0262,0.2172,0.0803,0.2018,0.1036,0.2228,0.0025,-0.4219,0.2124,-0.0606,0.0082,0.1811,-0.35,0.2469,0.0192,0.0341,0.2078,-0.1088,-0.0102,-0.0229,0.0023,-0.0203,0.0575,-0.142,-0.0452,-0.0976,-0.116,0.0298,0.1146,-0.0129,-0.0437,0.1166,0.0149,0.0246,0.0065,0.0111,-0.0698,0.0729,-0.0427,0.0183,0.0585,0.0741,-0.0168,-0.0512,0.0034,0.0559,0.1152,-0.1123,-0.0651,-0.0133,-0.1354,0.2439,-0.2362,-0.2087,0.1453,-0.273,0.2012,0.1213,0.0079,0.0173,0.0186,0.0299,-0.0168,0.0031,-0.0821,0.0083,-0.0255,-0.0298,0.0281,-0.0057,0.0,0.0041,-0.0062,-0.0186,0.0063,0.0099,0.0039,0.0055,0.0272,-0.3564,0.198,-0.009,-0.1533,-0.037,0.0774,0.0676,-0.018,0.0812,0.0842,-0.0237,-0.2877,0.0746,-0.0745,-0.0418,0.0535,-0.1779,0.0142,-0.0217,-0.0529,-0.038,0.0547,0.007,0.0325,-0.0329,0.0389,0.0413,-0.0129,0.0191,0.0164,-0.1216,-0.1964,0.1312,0.1382,0.2066,-0.0362,0.1991,0.0563,-0.1027,0.0014,-0.0805,0.0161,-0.0792,-0.0385,-0.0333,0.0479,-0.2069,0.1065,-0.0115,-0.172,0.0107,-0.0503,-0.0031,-0.0721,0.2501,-0.0203,0.1261,-0.0303,-0.092,-0.1288,-0.046,0.0145,-0.0638,0.0514,0.0296,0.0957,-0.0422,-0.085,-0.0581,0.0227,-0.0685,0.0077,0.0645,-0.085,-0.1155,0.0269,-0.1218,0.1128,0.0832,0.0665,0.0206,-0.1066,-0.1324,-0.2861,0.1889,0.0062,0.1956,-0.0399,-0.5851,-0.501,-0.0468,-0.0138,-0.4219,-0.4644,-0.4132,-0.0698,-0.1092,0.0542,0.0354,-0.0651,-0.3643,-0.059,-0.0397,-0.0418
range_since_choch_atr,-0.1047,-0.096,0.1556,-0.0425,-0.1629,-0.1556,-0.0274,0.0636,0.0231,0.2411,-0.015,-0.0493,0.1464,0.2423,-0.2647,-0.0624,0.035,0.6465,0.8472,0.0901,0.0693,0.221,0.2633,-0.0466,-0.1248,1.0,0.4158,-0.1312,0.4947,-0.117,-0.0789,-0.1412,-0.1089,-0.0071,-0.1056,0.2077,0.0055,-0.1682,0.1587,-0.1666,-0.0078,-0.0275,-0.2222,0.1569,0.1441,-0.137,0.0861,-0.1989,0.1835,-0.1149,0.1282,-0.1242,-0.2238,-0.0085,0.4607,0.495,0.0757,0.4348,0.3384,-0.4184,0.0652,-0.0011,-0.0145,-0.0522,0.2419,0.2824,0.0963,-0.1021,0.0258,0.4024,0.5349,0.0401,0.4517,0.1298,-0.1336,0.0255,0.1117,-0.4249,0.6158,-0.0436,0.6493,0.4418,-0.1473,-0.0558,-0.1147,-0.0511,0.0309,0.0793,-0.1521,-0.0071,-0.1032,0.0651,0.1077,0.0218,0.0322,-0.1901,0.0083,-0.0784,0.1831,-0.1854,-0.1009,0.2016,0.1226,0.0493,-0.3606,0.2213,-0.1556,0.1482,0.1346,-0.1005,0.1544,-0.1085,-0.0732,0.0027,-0.0423,-0.0561,-0.0066,0.0603,0.0375,-0.0089,-0.0648,-0.0678,0.066,-0.0339,-0.0235,-0.0797,0.0658,-0.005,-0.008,0.0224,-0.0193,-0.2795,0.0741,-0.0791,0.1267,-0.0664,-0.0716,0.0445,-0.0259,0.0492,-0.0813,-0.0523,0.0115,-0.0479,-0.0225,0.1954,0.0585,-0.0471,-0.0677,0.0519,0.0651,-0.1534,0.0959,0.0032,-0.004,0.0238,-0.0589,-0.0493,0.0508,-0.1009,0.0088,-0.0778,0.0234,-0.1429,0.4902,0.5458,0.2273,-0.0131,0.0227,-0.192,0.4464,0.5013,0.0879,-0.3174,0.4164,-0.2987,-0.1783,0.3959,-0.1987,-0.2148,0.3727,-0.1587,-0.1584,0.3259,-0.141,0.3837,0.1876,0.4969,-0.1603,-0.0975,-0.4222,0.1308,0.2336,0.4003,0.1053,-0.3949,0.1611,0.1731,0.3121,-0.4977,0.1298,0.3776,0.4332,-0.1875,0.1001,0.0883,-0.1827,0.185,0.2006,-0.1229,0.0339,-0.0143,-0.018,0.0585,-0.1009,-0.0289,-0.0318,0.0267,-0.0865,0.0527,0.3174,-0.0568,0.2366,0.2628,-0.0096,0.0077,-0.0145,0.2299,0.1528,0.0651,0.1586,-0.0375,0.1274,0.0493,0.2411,-0.039,-0.0303,-0.0576
bar_range_pts,-0.1822,-0.1757,0.1383,0.0515,-0.0995,-0.1156,-0.0443,-0.0347,-0.0058,0.1976,-0.0605,0.0199,0.1545,-0.0001,-0.1536,0.1274,0.0523,0.7234,0.3835,0.6908,0.5985,0.6209,0.1825,0.4116,-0.0783,0.4158,1.0,-0.1095,0.7115,-0.1065,-0.0442,-0.1584,-0.0921,0.0068,-0.0442,0.1487,0.0177,-0.128,0.0804,-0.1287,0.0812,-0.0708,-0.1694,0.1271,0.1524,-0.1616,0.0339,-0.0993,0.1124,-0.1351,0.1113,-0.1755,-0.2585,-0.0554,0.3629,0.3929,0.29,0.2627,0.1688,-0.3188,0.0127,-0.0366,0.067,-0.078,0.1807,0.2192,0.0346,-0.0076,-0.0272,0.1681,0.2846,0.1291,0.3198,0.1348,-0.1396,-0.0232,0.0887,-0.3134,0.3538,-0.0365,0.121,0.7054,-0.1523,0.2027,-0.0769,-0.0767,-0.0752,-0.0364,-0.1218,0.0044,-0.0544,-0.001,0.1016,-0.0101,0.0176,-0.2188,0.021,-0.0502,0.2242,-0.2675,-0.0718,0.1432,0.0722,0.0603,-0.248,0.1012,-0.175,0.0973,0.0684,-0.1232,0.183,-0.1078,-0.1049,-0.1009,-0.1089,-0.0398,-0.039,0.0743,0.1197,0.0475,-0.1198,-0.1208,0.0971,-0.1266,0.0637,-0.0902,0.0683,0.0037,-0.064,0.1005,-0.0602,-0.4976,0.084,-0.124,0.1071,-0.0892,-0.0763,0.0688,-0.0594,0.0328,-0.0857,-0.0327,-0.0619,-0.0208,0.0211,0.1645,0.0557,-0.0282,-0.0707,-0.0428,0.0468,-0.0975,0.1186,-0.0333,0.0154,0.0729,-0.145,-0.0796,0.0885,-0.1651,0.0728,-0.1341,0.0477,-0.119,0.5911,0.4865,0.1784,-0.012,0.2492,-0.3306,0.3874,0.447,0.0378,-0.3704,0.578,-0.2703,-0.2537,0.5589,-0.2415,-0.162,0.2237,-0.0932,-0.1869,0.1913,-0.1178,0.7885,0.2655,0.4024,-0.1829,-0.0737,-0.5787,0.0635,0.4393,0.5564,0.002,-0.5348,0.1352,0.3719,0.5914,-0.5791,0.0383,0.5907,0.5859,-0.3527,0.0029,0.0264,-0.0827,0.1526,0.3539,-0.2033,0.0628,0.004,-0.0164,0.0417,-0.0047,0.0464,-0.0632,-0.0243,-0.0313,-0.0319,0.2906,-0.0335,0.2246,0.2408,0.0229,0.0266,0.067,0.1851,0.1683,-0.001,0.1101,0.0452,0.0923,0.0603,0.1976,-0.0315,-0.0003,-0.0198
bar_body_pts,0.0263,0.0205,-0.0127,-0.0083,0.0124,0.0483,-0.0014,-0.0438,0.0405,-0.0397,0.0318,0.0064,-0.8594,0.0025,0.117,0.0235,0.0088,-0.0983,-0.1435,0.0092,-0.0082,-0.0281,-0.0419,0.0192,0.0362,-0.1312,-0.1095,1.0,-0.1555,0.8374,0.5571,0.0146,0.7651,0.0883,0.8335,0.0052,0.0245,-0.0213,0.0417,-0.0001,-0.024,0.0217,-0.0127,0.0073,-0.8514,0.0231,-0.0126,-0.0316,-0.0202,0.0136,-0.0386,0.024,0.0353,0.0068,-0.0622,-0.0711,0.0068,-0.0495,-0.0494,0.0503,-0.3707,0.035,0.0092,0.3688,-0.0792,-0.0289,-0.1887,-0.0154,0.2199,-0.0707,-0.0687,0.0402,-0.045,-0.8292,0.8307,0.2498,-0.3883,0.0726,-0.0693,0.0325,-0.115,-0.0881,0.8585,0.0045,0.0542,0.1921,-0.0524,-0.0728,0.0322,0.0041,-0.0667,-0.0519,0.0569,0.0557,-0.0386,0.0047,-0.0422,0.0515,-0.0159,0.0269,-0.0299,-0.0659,0.0297,0.0547,0.0362,-0.012,0.0147,-0.014,-0.0125,0.0084,0.0012,-0.0036,0.0018,-0.0011,-0.0032,0.0017,0.0198,-0.0802,0.0225,0.0127,0.0061,0.0133,-0.4388,0.0076,0.4357,0.0096,-0.0072,-0.0005,0.0009,-0.0006,-0.0001,0.0472,-0.5058,0.513,0.0461,-0.0021,0.0284,-0.0606,0.0087,-0.013,0.0642,-0.0278,0.019,0.042,-0.0504,-0.0266,-0.0125,0.0123,0.0051,-0.0108,0.0238,0.0008,-0.0205,-0.0118,-0.02,-0.013,0.0351,0.0314,-0.0249,0.0303,0.0463,0.0535,0.0901,0.8214,-0.0816,-0.0881,-0.0429,-0.0255,-0.0575,0.0148,-0.0621,-0.0709,-0.0238,0.0783,-0.0552,0.0579,0.071,-0.0386,0.0861,0.1117,-0.0841,0.0779,0.0664,-0.0868,0.0674,-0.0663,0.0605,-0.0849,0.0252,0.6094,0.0273,0.0521,-0.0889,-0.0619,0.0713,-0.0209,0.0087,-0.0309,-0.1017,0.0449,0.0608,-0.1204,-0.0517,0.0222,0.0557,0.0574,-0.0388,0.0189,-0.0844,-0.0021,0.0322,0.0299,-0.0016,0.0132,0.0083,-0.009,-0.0377,-0.0289,-0.0392,-0.0503,-0.1145,0.0373,-0.0389,-0.0619,0.0449,0.0398,0.0092,0.0041,-0.0017,-0.0519,-0.1186,0.0215,0.0287,0.0547,-0.0397,0.0516,0.0147,0.0225
bar_range_atr,0.0065,0.015,0.0625,-0.0756,-0.1377,-0.0709,0.0485,0.0702,0.0357,0.1282,-0.0744,0.0132,0.1928,0.0019,-0.1362,-0.0531,0.0519,0.3351,0.4486,0.0327,0.0003,0.1507,0.2195,-0.016,-0.0453,0.4947,0.7115,-0.1555,1.0,-0.129,-0.1189,-0.0233,-0.1496,-0.0085,-0.0918,0.1116,0.0323,-0.1256,0.1003,-0.1741,0.0071,0.0648,-0.1382,0.0556,0.1831,-0.0929,0.029,-0.0275,0.1701,-0.0521,0.1444,0.0321,-0.0588,0.0942,0.5385,0.5368,-0.0137,0.4269,0.3047,-0.3995,0.0947,0.0196,-0.107,0.0114,0.2441,0.2997,0.106,-0.1452,0.0696,0.1508,0.4044,0.0227,0.2773,0.1647,-0.1989,-0.0649,0.1034,-0.3681,0.3971,0.0233,0.0772,0.5461,-0.1967,-0.0541,-0.0023,-0.0464,0.0049,0.05,-0.1216,0.0586,-0.0753,0.0037,0.0342,0.0539,0.0187,-0.3276,-0.0454,-0.0422,0.3272,-0.3376,-0.0115,0.2368,0.039,0.0254,-0.3174,0.091,-0.0475,0.0471,0.0534,-0.0369,0.0534,-0.0357,-0.027,-0.0666,-0.0945,0.0085,-0.1777,0.0563,0.1962,0.0445,-0.0389,-0.0044,0.1386,-0.1708,0.0783,0.0045,-0.0126,0.0138,0.0383,-0.0616,0.0379,-0.2826,0.0443,-0.2361,-0.0158,-0.1687,0.0263,0.0333,-0.0469,-0.0581,0.0261,0.009,-0.0703,0.0169,-0.0096,0.1199,-0.0391,0.0616,-0.0738,0.0315,-0.0131,-0.1326,0.1624,-0.0403,-0.0546,0.0171,-0.1457,-0.0759,0.1293,-0.1106,0.1515,-0.0653,0.0383,-0.184,0.4683,0.5387,0.1569,-0.0152,0.0329,-0.4615,0.4542,0.5682,0.0589,-0.2205,0.3417,-0.1506,-0.1038,0.3125,-0.1181,-0.1604,0.2719,-0.1062,-0.1244,0.2359,-0.0709,0.6641,0.3723,0.526,0.0216,-0.1241,-0.5728,0.0826,0.4375,0.534,0.0364,-0.52,0.1395,0.3508,0.5185,-0.6258,0.0494,0.6494,0.6493,-0.3378,0.0217,0.043,-0.1001,0.1772,0.3622,-0.2195,-0.0014,-0.0549,-0.0169,0.025,0.0403,0.0972,0.0791,0.0937,-0.062,-0.0183,0.4903,-0.0522,0.0865,0.1362,-0.0007,0.0027,-0.107,0.0831,0.0627,0.0037,0.0465,-0.0108,0.0328,0.0254,0.1282,-0.0514,-0.0263,-0.0455
close_pos_in_bar,-0.0014,-0.007,-0.0034,-0.0046,0.008,0.0558,-0.009,-0.0576,0.0248,-0.0146,0.0317,-0.0072,-0.8264,0.013,0.0525,-0.0014,0.0572,-0.1054,-0.1335,-0.0086,-0.0411,-0.0556,-0.0644,-0.0115,0.0092,-0.117,-0.1065,0.8374,-0.129,1.0,0.4564,-0.0046,0.7259,0.0535,0.7274,-0.0215,0.0658,-0.0209,0.0589,-0.0131,-0.0241,0.022,-0.0209,-0.0176,-0.817,0.0434,-0.0092,-0.0061,-0.0016,0.0247,-0.0652,-0.0012,0.0227,-0.0164,-0.0715,-0.0778,-0.0182,-0.0659,-0.0634,0.0421,-0.3018,-0.002,0.0168,0.2951,-0.0639,-0.0361,-0.135,-0.0053,0.1501,-0.0775,-0.0715,0.0502,-0.0342,-0.7562,0.7612,0.2341,-0.3311,0.0633,-0.0718,0.0251,-0.1212,-0.0726,0.8259,-0.0304,0.0377,0.18,-0.022,-0.0309,-0.0074,0.0174,-0.0719,-0.0479,0.0719,0.0473,-0.0241,0.0149,0.0045,0.0396,-0.0187,-0.007,-0.0202,-0.0815,0.0148,0.0575,0.0676,-0.0046,-0.0075,0.0142,0.0226,-0.016,0.0141,0.0006,-0.0159,-0.003,0.0275,0.0026,0.0111,-0.0678,0.0037,0.0312,0.0011,0.031,-0.4238,0.0296,0.3924,0.0184,0.0032,-0.0267,0.0202,0.0083,-0.0287,0.0816,-0.498,0.496,0.0353,-0.0057,0.009,-0.0279,0.0284,-0.0184,0.0389,-0.0408,-0.0038,0.0277,-0.0187,-0.007,-0.0242,0.0161,0.0144,-0.0186,0.0125,0.0319,-0.0253,-0.0095,-0.0144,-0.0125,0.0403,0.0005,-0.0034,0.0248,0.0211,0.0457,0.1283,0.7283,-0.0822,-0.0718,-0.0419,-0.0015,-0.0568,-0.0,-0.0818,-0.0819,-0.0715,0.0709,-0.0389,0.0612,0.0357,-0.0195,0.0763,0.0765,-0.0432,0.0596,0.0307,-0.0353,0.0454,-0.0822,0.0486,-0.0744,-0.0011,0.5579,-0.0033,0.0648,-0.0821,-0.0397,0.0912,-0.0505,0.0236,-0.032,-0.1103,0.0063,0.0808,-0.1172,-0.0184,0.0197,0.0755,0.0754,-0.0636,0.0351,-0.0971,0.0022,0.0035,-0.0003,-0.0009,0.0052,0.0175,0.0073,-0.0141,-0.0025,-0.0473,-0.0445,-0.1093,0.05,-0.0015,-0.042,0.0296,0.0442,0.0168,0.0002,-0.0092,-0.0479,-0.0842,0.0424,0.0442,0.0575,-0.0146,0.0635,0.0092,0.0244
close_vs_sess_open_pts,0.0005,-0.0038,0.0101,-0.021,-0.0101,0.0302,0.0067,0.0283,-0.0827,-0.0057,0.0497,-0.1065,-0.5297,0.0212,0.0461,0.0509,-0.0354,-0.0096,-0.093,0.0832,0.0722,0.0376,-0.0349,0.01,-0.0334,-0.0789,-0.0442,0.5571,-0.1189,0.4564,1.0,-0.021,0.8131,0.0271,0.4991,0.0215,0.0036,-0.0348,0.0382,0.0019,-0.0633,-0.0092,-0.0303,0.0386,-0.526,-0.0283,0.0031,-0.022,-0.0431,-0.014,-0.0083,-0.0193,-0.0228,-0.0113,-0.0137,-0.049,-0.0238,-0.0247,-0.0158,-0.0628,-0.2811,0.031,0.0237,0.2615,0.0122,-0.0227,-0.21,0.0112,0.209,-0.0444,-0.0346,-0.0846,-0.0473,-0.5202,0.5143,0.1845,-0.2381,0.0601,-0.0694,0.0137,-0.0661,0.0083,0.5263,0.095,0.0486,0.1758,-0.0174,-0.0914,0.0325,0.0239,-0.0306,-0.0638,0.0399,0.0262,-0.0079,-0.0121,-0.0296,0.0274,-0.0073,0.0197,-0.0081,-0.0683,0.0441,0.0421,0.0282,0.0001,0.0083,-0.0404,-0.042,0.0006,-0.0022,0.0123,-0.0083,0.0215,-0.0278,-0.0104,0.0053,-0.0797,0.0525,-0.0345,0.0219,0.0129,-0.2396,-0.0371,0.2909,-0.0115,-0.0072,0.0245,0.0319,-0.027,0.0026,0.007,-0.3425,0.3385,0.0466,-0.0168,0.0495,-0.0931,0.0357,-0.0005,0.0796,-0.0654,0.0113,0.0765,-0.0933,0.0093,0.0052,-0.0023,0.0147,-0.0231,0.0233,-0.0268,0.0064,-0.0234,-0.0026,-0.0488,0.0746,0.0282,-0.021,0.0183,0.0782,0.0317,0.0226,0.6027,-0.0334,-0.0455,-0.0242,-0.0289,-0.097,0.0424,-0.0664,-0.079,0.0823,0.0569,-0.0313,0.0366,0.0768,-0.0216,0.0776,0.0945,-0.0725,0.0246,0.0959,-0.0854,0.0805,0.0019,0.0268,-0.03,0.0003,0.7396,-0.0469,0.0446,-0.0167,0.0489,0.0695,-0.1234,0.0005,0.0673,-0.0176,-0.0065,0.0466,-0.0503,-0.0002,-0.0014,0.0442,0.0368,-0.0381,0.026,-0.0452,-0.0087,-0.1437,-0.0535,-0.3386,0.0142,-0.0324,-0.0397,-0.0334,-0.031,-0.0346,-0.0078,-0.1173,-0.0184,-0.0056,-0.0266,-0.0042,-0.0186,0.0237,0.0054,-0.0032,-0.0638,-0.1269,-0.0596,0.008,0.0421,-0.0057,-0.004,-0.0239,-0.0254
sess_range_atr,0.7683,0.7592,-0.4331,-0.3015,-0.0857,0.1783,0.3227,0.3428,0.1997,-0.3709,0.044,0.0271,-0.0249,-0.0808,0.2681,-0.0168,-0.0017,-0.2299,-0.1434,-0.1998,-0.1843,-0.0008,0.1965,0.4064,0.7125,-0.1412,-0.1584,0.0146,-0.0233,-0.0046,-0.021,1.0,-0.0129,-0.0168,0.0198,0.0256,-0.0293,0.014,-0.0272,0.0587,-0.0271,0.3837,0.1139,0.0433,-0.0189,-0.0579,-0.0692,0.0083,-0.044,-0.0965,-0.1192,0.5943,0.4365,0.5307,0.1986,0.1259,0.1652,0.2032,0.3226,0.1451,0.3111,0.0453,-0.613,0.3155,-0.0991,-0.0593,0.268,-0.4735,0.3096,0.1234,0.1413,0.1282,-0.2358,-0.0035,-0.0288,-0.0344,-0.0521,0.127,-0.1898,0.0424,-0.1138,-0.1761,0.0229,0.1698,0.0313,-0.0102,0.1152,0.0255,0.1216,-0.0108,0.0171,-0.0483,-0.0038,0.0015,-0.0365,0.0507,0.0471,-0.0009,-0.0366,0.0008,0.0787,0.0447,-0.0737,-0.0936,0.0387,-0.1419,0.4707,-0.3888,-0.3146,0.3013,-0.4629,0.3274,0.2178,-0.007,0.0107,-0.0023,-0.0045,-0.0271,0.0035,-0.0292,0.001,0.0508,-0.0224,0.015,0.0035,-0.0031,0.0055,-0.0047,-0.0071,-0.0107,0.0194,0.0785,0.0049,-0.0097,-0.3649,0.1679,0.0347,-0.1726,0.0377,0.0426,0.1106,-0.0378,0.094,0.0931,-0.0461,-0.2905,0.0408,-0.0455,-0.0508,0.0423,-0.1824,-0.0188,-0.0024,-0.0418,-0.0368,0.0379,-0.0025,0.0363,-0.0279,0.0774,0.0526,0.0098,-0.0125,0.0361,-0.1674,-0.1651,0.0368,0.07,0.1098,-0.0307,0.0956,-0.0208,-0.0861,0.0931,-0.2173,0.1382,-0.0084,-0.1869,0.0359,0.1633,-0.3203,0.1722,0.0672,-0.3028,0.1058,-0.1094,-0.0223,0.0122,0.4625,0.0169,0.139,-0.0092,-0.1199,-0.1545,-0.0126,0.055,-0.0431,-0.0091,-0.0399,0.0973,-0.021,-0.0864,-0.0632,0.007,-0.0313,0.0292,0.0487,-0.0594,-0.128,0.0097,-0.2039,0.0357,0.0933,0.0508,0.1059,-0.0269,0.0599,-0.1224,0.1497,0.0233,0.2796,-0.0467,-0.658,-0.5278,-0.0468,-0.0403,-0.613,-0.5103,-0.4416,-0.0483,-0.1582,0.0541,-0.025,-0.0936,-0.3709,-0.0651,-0.0508,-0.0519
pos_in_session_range,0.0035,0.0025,0.0095,-0.0152,-0.0119,0.0446,-0.0051,-0.0032,-0.0184,-0.0178,0.0228,-0.0986,-0.7765,0.0208,0.0592,0.0188,0.0085,-0.0529,-0.1191,0.0446,0.0212,-0.0108,-0.0615,-0.0081,-0.0216,-0.1089,-0.0921,0.7651,-0.1496,0.7259,0.8131,-0.0129,1.0,0.0477,0.7528,0.0148,0.0358,-0.0328,0.058,-0.0038,-0.0089,0.0048,-0.0302,0.0127,-0.7714,0.0075,-0.0126,-0.0241,-0.0294,0.0133,-0.0219,0.0024,0.0034,0.0026,-0.0429,-0.0679,-0.0417,-0.0546,-0.0388,-0.0307,-0.3722,0.0191,0.0305,0.3504,-0.0211,-0.0329,-0.2226,-0.002,0.2391,-0.0647,-0.0575,-0.0239,-0.0436,-0.7507,0.7471,0.2684,-0.3211,0.0549,-0.0567,0.01,-0.1044,-0.0347,0.7747,0.0435,0.0716,0.203,-0.0434,-0.0699,0.0302,0.0396,-0.0573,-0.045,0.0589,0.0349,-0.0291,-0.0246,-0.0485,0.0453,0.0132,0.0006,-0.0242,-0.0782,0.0436,0.0643,0.0351,0.0,-0.0036,-0.0024,0.005,-0.0151,0.0117,0.0146,-0.0254,0.0152,-0.0086,0.009,0.0146,-0.0972,0.0499,-0.039,0.0255,0.0093,-0.3473,-0.0186,0.3765,-0.0135,-0.0048,0.0232,0.0335,-0.0214,-0.0057,0.039,-0.4889,0.4909,0.0543,-0.0112,0.0449,-0.0958,0.0388,0.0016,0.0799,-0.0527,0.0155,0.0762,-0.0909,-0.0007,0.0034,-0.0046,0.0335,-0.0459,0.0167,-0.0171,-0.0026,0.0039,-0.0177,-0.0083,0.0745,0.0169,-0.0336,0.0248,0.0715,0.0367,0.0851,0.8182,-0.0683,-0.0624,-0.0172,-0.0384,-0.0749,0.018,-0.0818,-0.0944,0.0334,0.0842,-0.0648,0.073,0.0963,-0.0503,0.1129,0.1233,-0.095,0.0644,0.0869,-0.1027,0.0879,-0.0471,0.0426,-0.0569,0.0148,0.8343,-0.0337,0.0651,-0.0587,0.011,0.1031,-0.1185,0.0095,0.0268,-0.0855,0.0,0.0713,-0.0916,-0.0235,0.0043,0.0732,0.0653,-0.0621,0.0394,-0.0791,-0.0096,-0.102,-0.0276,-0.2391,-0.0118,-0.0286,-0.0402,-0.0512,-0.0499,-0.0319,-0.0597,-0.1249,0.0233,0.0053,-0.0433,0.025,0.0196,0.0305,0.0052,-0.0123,-0.045,-0.1294,-0.0103,0.0337,0.0643,-0.0178,0.0362,0.0052,0.0086
gap_pts,-0.0027,-0.0021,0.004,0.0023,-0.0228,-0.0388,0.0358,-0.0069,0.0023,0.0279,0.0114,0.1077,-0.0898,-0.0404,0.0166,0.0106,-0.06,0.0369,0.0273,0.0382,0.0574,-0.0191,-0.063,-0.026,-0.0416,-0.0071,0.0068,0.0883,-0.0085,0.0535,0.0271,-0.0168,0.0477,1.0,-0.0625,0.0216,-0.052,0.0424,-0.0423,0.021,0.0783,0.0166,0.0493,0.009,-0.0915,-0.0021,-0.0532,-0.0103,0.0345,0.0088,-0.0141,0.0139,-0.0046,0.0203,0.0187,0.0241,0.0092,-0.0102,0.0136,0.1013,-0.0053,0.0217,-0.0444,0.0487,-0.0339,-0.0407,-0.0231,-0.0141,0.0422,-0.0137,0.0035,-0.0002,0.0356,-0.1459,0.1257,0.0807,0.0199,-0.1008,0.0924,0.0023,-0.0402,0.0365,0.0875,-0.0934,-0.0263,0.0447,0.0045,-0.0006,0.0306,0.0205,-0.0008,0.034,0.0236,-0.032,-0.0203,0.0064,0.0002,0.0028,0.0012,-0.0035,0.0663,0.0597,-0.0593,0.0876,-0.0336,-0.0109,-0.0352,0.0325,0.0332,-0.0325,0.0324,-0.0207,-0.0172,0.0242,0.0016,0.0012,0.0335,-0.0533,0.0261,-0.0156,-0.008,-0.0476,-0.0198,-0.0323,0.0615,-0.029,0.0136,0.0139,-0.0351,-0.0093,0.0439,0.0461,-0.0225,0.0582,0.0797,-0.0046,0.0057,-0.0197,0.0304,0.0217,-0.0043,0.0156,0.0086,0.012,-0.0411,0.0234,0.0216,-0.0241,0.0281,0.0341,0.072,-0.0373,-0.0026,0.0432,-0.001,0.0548,-0.0394,0.0046,-0.0255,-0.0188,0.0149,0.0064,-0.0301,0.1939,0.0341,0.0139,-0.0074,0.0041,-0.0096,0.0502,0.007,0.0166,0.0019,-0.0302,0.0284,-0.0102,-0.0075,0.0255,-0.0234,-0.005,0.0125,0.0181,-0.014,0.0133,-0.0307,0.054,0.0634,0.0156,-0.0068,-0.0344,-0.0365,-0.0422,0.078,0.0371,-0.0485,-0.0231,-0.0442,0.0732,0.0403,-0.0446,-0.0351,0.0614,-0.0221,0.0807,-0.0482,-0.0433,0.039,-0.0565,-0.0065,0.0475,0.0122,0.0278,0.0906,0.0575,-0.0119,0.0269,-0.0047,0.013,-0.0223,-0.1093,0.0141,0.0,0.0279,0.0378,0.0,0.0185,-0.0444,0.0574,0.049,0.034,0.0035,-0.0599,0.0367,0.0876,0.0279,0.0267,0.0,0.0
ret_1h_pts,-0.027,-0.0229,0.0,-0.0224,0.0364,0.055,-0.0371,-0.0569,0.0387,0.0,0.0136,-0.0894,-0.8469,0.0132,0.0389,0.005,-0.0285,-0.0814,-0.1476,0.0444,0.0411,0.0106,-0.0263,0.0496,0.0494,-0.1056,-0.0442,0.8335,-0.0918,0.7274,0.4991,0.0198,0.7528,-0.0625,1.0,0.0408,-0.0064,-0.0477,0.0545,-0.0204,0.0462,-0.0247,-0.0487,0.052,-0.8461,-0.0274,-0.0633,-0.028,0.009,-0.0222,-0.0057,-0.0154,-0.0197,-0.017,-0.0263,-0.043,-0.0037,-0.0378,-0.0473,0.0109,-0.4646,0.0401,0.0533,0.4239,-0.06,-0.0618,-0.2445,-0.0008,0.2577,-0.0202,-0.0475,0.0128,-0.0684,-0.8036,0.8069,0.2835,-0.3428,0.0631,-0.0747,0.04,-0.1333,-0.0349,0.8417,0.0487,0.044,0.1773,-0.013,-0.0513,0.0473,0.0333,-0.0646,-0.0776,0.0318,0.0729,-0.0579,-0.0117,-0.0372,0.0481,0.0086,-0.0083,-0.0298,-0.0575,0.0366,-0.016,0.0352,-0.026,-0.0271,0.0363,0.0345,-0.0255,0.0466,-0.0145,-0.0327,0.0142,-0.035,0.0144,-0.0064,-0.0444,0.0207,0.0015,0.0028,0.0315,-0.4015,0.0208,0.375,-0.0071,0.0001,0.0084,0.0281,-0.0121,-0.0121,0.0392,-0.5543,0.5388,0.0,-0.0064,0.0499,-0.0841,0.0093,-0.0237,0.0892,-0.0517,0.0491,0.0368,-0.0722,0.0,-0.017,0.0228,0.0167,-0.0476,0.0,-0.0289,-0.0135,0.003,-0.0361,0.0085,0.0332,0.0539,-0.0545,0.0583,0.0445,0.0854,0.0356,0.8292,-0.0133,-0.032,0.0076,-0.0248,-0.0536,-0.0201,-0.0696,-0.0954,-0.041,0.0665,0.0024,0.0398,0.0437,0.0304,0.0881,0.1171,-0.0848,0.0642,0.0694,-0.0842,0.0982,-0.0384,-0.0022,-0.027,0.0047,0.5919,-0.0079,0.0532,-0.0707,-0.0208,0.0793,-0.0927,0.0194,0.0184,-0.0439,-0.0042,0.0664,-0.0834,-0.0008,-0.0069,0.056,0.0602,-0.0676,0.0386,-0.0589,-0.0309,0.0404,0.0093,-0.013,0.0448,-0.026,-0.0382,-0.0362,-0.0591,0.0043,-0.0069,-0.1161,0.0136,0.0,0.0,0.0216,-0.0171,0.0533,-0.0126,0.0,-0.0776,-0.1484,0.0612,-0.0002,-0.016,0.0,0.0136,-0.0213,-0.0035
er_1h,-0.1322,-0.1237,0.1389,0.058,0.0095,-0.0294,-0.0699,-0.0238,-0.02,0.0,-0.0369,0.009,-0.0054,0.0057,-0.0828,-0.0179,-0.031,0.2422,0.2564,0.0942,0.0991,0.3934,0.5533,0.164,0.1585,0.2077,0.1487,0.0052,0.1116,-0.0215,0.0215,0.0256,0.0148,0.0216,0.0408,1.0,-0.022,-0.0614,-0.0163,0.0785,0.0579,-0.1022,-0.0661,0.3981,0.002,-0.1934,-0.0465,-0.3636,-0.1287,-0.2308,0.0047,-0.2109,-0.2752,-0.0924,0.1439,0.1972,0.1081,0.1734,0.097,-0.2189,0.0012,0.0057,0.0093,-0.0108,0.1111,0.0991,-0.0272,0.0064,0.0211,0.2508,0.1908,0.1187,0.3981,-0.0304,-0.0146,0.0592,0.0579,-0.2779,0.2778,-0.2182,0.1781,0.2269,0.0059,-0.0408,-0.0285,-0.0007,-0.0154,0.0525,0.0037,-0.006,-0.0512,0.0244,0.192,-0.0915,0.1783,-0.2299,-0.0549,-0.1522,0.1775,-0.0649,-0.2984,0.1885,-0.059,0.0319,-0.1664,0.0793,-0.1716,0.1397,0.1215,-0.0952,0.1457,-0.1051,-0.058,0.0178,0.0814,0.0062,0.0524,0.0004,0.0199,0.0036,-0.0646,-0.1563,0.0161,-0.032,0.0245,-0.0145,0.0033,0.012,-0.0418,0.0017,0.0371,-0.0611,0.0264,0.0314,0.0,0.0524,-0.0377,-0.0198,-0.0232,0.0825,-0.0568,0.0339,0.0803,-0.0401,-0.0254,0.0,0.0667,-0.0805,-0.0503,0.0613,0.0,-0.0902,0.0106,-0.0066,0.0019,0.0809,-0.0222,-0.0131,-0.0166,-0.0824,0.0206,-0.0338,-0.0274,0.0265,0.259,0.2254,0.5831,-0.1614,0.0671,-0.064,0.3544,0.2748,-0.0167,-0.1902,0.167,-0.164,-0.1024,0.1953,-0.0759,-0.1368,0.139,-0.1197,-0.075,0.1265,-0.1183,0.1712,0.1088,0.1663,-0.2564,-0.0107,-0.1155,-0.0098,0.137,0.1216,-0.036,-0.1326,-0.008,0.1677,0.1912,-0.1341,-0.0179,0.1785,0.1119,-0.0648,-0.0393,-0.0353,0.0054,-0.0068,0.0942,-0.0197,0.0209,0.1128,-0.0649,0.1226,-0.4954,-0.5786,-0.2822,-0.2539,0.2897,-0.1539,0.1186,-0.01,0.1714,0.0,-0.0441,0.0354,0.0093,0.0639,0.0,0.0244,0.0016,0.0061,0.1878,0.0319,0.0,-0.01,-0.0094,-0.0179
n_events_asof,-0.0647,-0.0593,0.047,0.0641,-0.0146,-0.002,-0.0182,-0.0281,-0.0211,-0.0312,-0.0366,-0.01,-0.0155,0.0322,-0.0038,0.0276,0.9277,-0.0134,-0.0154,0.0009,-0.4124,-0.0175,-0.0235,0.01,0.0147,0.0055,0.0177,0.0245,0.0323,0.0658,0.0036,-0.0293,0.0358,-0.052,-0.0064,-0.022,1.0,0.0024,-0.0019,0.0249,-0.0031,-0.0252,0.0169,0.0165,-0.0105,0.0359,-0.0298,0.012,-0.0456,0.0089,-0.0387,-0.038,0.0268,-0.0947,-0.0129,-0.0751,0.0366,0.0467,0.0306,-0.0622,0.0331,0.0274,-0.0131,-0.0247,0.0187,0.1177,0.005,-0.0144,0.0127,-0.0219,0.0715,0.0157,-0.0062,-0.004,0.0071,0.0032,0.039,0.0083,-0.0493,-0.062,-0.0174,-0.013,0.0182,-0.0213,0.0201,0.0107,0.003,-0.0064,-0.0385,0.0194,0.0452,-0.0336,-0.0189,-0.0311,0.0326,-0.0174,0.0144,-0.0089,0.0205,-0.0337,-0.0082,-0.0392,0.0033,0.0844,0.0232,0.0226,0.0272,-0.0411,-0.0314,0.0237,-0.0161,0.0177,0.0021,0.0312,-0.0187,0.0258,-0.0048,0.0311,-0.0202,0.0204,0.0042,-0.0155,-0.0125,0.0097,0.0002,0.0106,-0.0079,-0.0006,0.0472,-0.0393,0.0029,-0.0012,-0.033,0.0269,0.0091,-0.009,0.0008,0.0334,-0.0099,-0.0139,-0.0161,0.0547,-0.0231,-0.0147,0.0337,-0.02,-0.0102,0.0147,0.0663,-0.0036,-0.0258,0.0366,-0.0115,-0.0172,0.0171,-0.0181,0.0319,-0.0051,0.0015,0.0014,-0.0214,-0.0107,0.9322,-0.0006,-0.2311,-0.0261,-0.0537,0.03,0.0142,0.0173,-0.1398,-0.1157,-0.0447,0.0389,-0.1237,0.0152,0.0022,-0.112,0.0334,-0.0418,0.0651,-0.0573,-0.0596,0.0676,-0.0193,-0.184,0.0039,0.0033,-0.0297,0.0137,0.1075,0.0082,-0.0896,-0.0713,0.0206,0.0946,-0.0108,-0.0796,-0.1252,0.0576,0.0083,-0.0763,-0.0448,0.0745,0.0121,0.0097,-0.0038,-0.0039,-0.0307,0.0164,-0.0021,-0.0151,-0.0346,-0.0427,-0.2274,0.0321,-0.132,0.0629,0.0091,-0.0014,-0.014,-0.1202,0.038,0.0111,-0.0602,-0.1798,-0.0131,0.0034,0.0086,-0.0336,-0.0272,0.021,-0.0322,0.0844,-0.0312,-0.1343,-0.0851,-0.1042
n_choch_since_bos,0.0114,0.0125,-0.0229,-0.0042,0.0016,-0.0002,-0.0186,0.0263,-0.0102,0.0221,0.0381,0.0127,0.0476,-0.5575,0.1254,-0.0245,0.0,-0.0292,0.0182,-0.0348,-0.0406,0.0266,0.1028,-0.0145,0.0286,-0.1682,-0.128,-0.0213,-0.1256,-0.0209,-0.0348,0.014,-0.0328,0.0424,-0.0477,-0.0614,0.0024,1.0,-0.8156,0.8438,0.0621,-0.3849,0.9428,-0.4362,0.0445,0.4209,-0.4023,0.4261,-0.6594,0.3275,-0.4549,-0.0369,0.2439,-0.3171,0.0162,0.0129,0.0029,0.0351,0.0502,-0.0258,-0.0063,0.0146,-0.0195,0.0248,-0.0118,-0.0119,-0.0173,-0.0103,0.0313,0.0157,-0.0591,0.0476,0.0688,0.0085,0.0207,0.2585,0.2858,-0.2524,0.012,-0.2446,0.0479,-0.1984,-0.0478,-0.0688,-0.0102,-0.0139,-0.0399,0.0009,-0.0181,-0.0535,0.0361,0.0322,-0.1215,0.0433,-0.0778,0.0088,0.0091,-0.0126,-0.0301,0.0372,0.3444,0.3139,-0.3766,0.0443,-0.0205,-0.4131,0.1391,-0.1182,-0.0976,0.1402,-0.1275,0.0081,0.1313,0.0035,0.0129,0.0381,0.1257,-0.0566,-0.1175,0.083,0.0339,-0.0532,-0.0534,0.1107,-0.0877,-0.0162,0.0066,0.0093,-0.0111,0.0124,-0.0044,-0.0035,0.0934,0.0459,0.0426,0.1046,-0.0492,-0.0562,0.0346,0.1029,-0.0453,-0.0389,0.0635,0.0084,-0.0638,0.0172,0.1012,-0.1054,0.0075,-0.0018,0.0246,-0.0279,-0.0318,-0.0049,0.0561,0.0321,0.0385,0.0148,-0.0525,0.0348,-0.0934,0.0524,-0.006,-0.0023,-0.0147,0.0105,-0.1037,-0.0308,0.0204,0.113,-0.0015,-0.0028,0.033,0.0506,0.0445,-0.0234,0.0399,0.0342,0.002,0.0623,-0.034,0.038,0.0511,-0.0406,0.0051,-0.1479,-0.1124,0.0376,-0.0735,-0.0116,0.5877,-0.8057,0.4427,-0.2787,-0.8057,0.5966,-0.8057,0.5064,0.0086,0.6099,-0.8057,0.2248,-0.3235,0.3879,-0.8057,-0.8057,0.8057,-0.8057,-0.1067,0.8827,-0.2525,-0.05,0.284,0.0103,-0.0866,-0.0444,0.0421,0.1141,0.0291,0.0468,0.0804,0.0003,-0.0142,0.0216,-0.0018,-0.0198,-0.0195,-0.0195,0.0864,0.0322,0.0106,-0.0453,-0.0966,0.0443,0.0221,0.0158,-0.0026,0.0266
n_bos_since_choch,-0.0033,-0.0043,0.0041,-0.0054,-0.005,0.0512,0.0191,-0.0569,0.0328,-0.0267,-0.0489,-0.0398,-0.08,0.679,-0.1652,0.0192,0.0115,-0.0357,-0.0729,0.0017,0.0015,-0.1089,-0.1873,-0.0319,-0.0516,0.1587,0.0804,0.0417,0.1003,0.0589,0.0382,-0.0272,0.058,-0.0423,0.0545,-0.0163,-0.0019,-0.8156,1.0,-0.7679,-0.0558,0.3328,-0.8151,0.1674,-0.0755,-0.1663,0.2267,-0.2353,0.5876,-0.0925,0.309,0.0824,-0.1087,0.2494,-0.0161,-0.0486,-0.08,-0.0649,-0.0652,0.0665,-0.0046,-0.0437,0.0093,0.0016,0.0125,0.0425,0.0166,0.0138,-0.035,-0.0616,0.0452,-0.0857,-0.1212,-0.0294,0.0018,-0.3002,-0.3353,0.3696,-0.0573,0.2812,-0.0862,0.1616,0.0785,0.0497,-0.0099,0.0098,0.0604,0.002,0.0043,0.0476,-0.066,-0.0275,0.1709,-0.0445,0.0964,0.0451,0.0113,0.0322,-0.0154,-0.0128,-0.4141,-0.4086,0.4308,-0.0357,0.0775,0.4228,-0.1194,0.0936,0.0579,-0.0893,0.1152,-0.0669,-0.0668,-0.0067,-0.0019,-0.0489,-0.1346,0.0393,0.1313,-0.0504,-0.0299,0.0519,0.0109,-0.1022,0.1199,0.0228,-0.0164,-0.0022,0.0189,-0.0298,0.018,0.0582,-0.0928,-0.0562,-0.0672,-0.1018,0.0391,0.047,-0.0218,-0.0987,0.0488,0.0177,-0.0789,0.0102,0.0693,-0.0291,-0.0993,0.1003,0.0214,-0.0218,-0.0055,0.0336,0.0322,-0.0095,-0.0579,-0.0453,-0.0184,-0.0399,0.0762,-0.0469,0.1107,-0.0658,0.0172,0.0071,-0.0316,-0.0383,0.0367,0.015,-0.0289,-0.1152,-0.1148,-0.1011,-0.0485,0.0317,-0.1384,0.0415,-0.0106,-0.1232,0.0074,0.0114,0.0021,0.0038,-0.0089,0.0085,0.024,0.1158,0.1172,-0.0462,0.1439,0.0225,-0.6067,0.9768,-0.6463,0.2261,0.9753,-0.6228,0.9748,-0.7145,-0.1061,-0.6128,0.9811,-0.4392,0.3119,-0.239,0.9753,0.975,-0.9836,0.9761,0.1323,-0.6716,-0.0039,-0.0499,-0.1313,-0.0605,0.1562,0.1132,0.0563,-0.0354,-0.0395,-0.0574,-0.1207,-0.0067,-0.017,-0.0384,-0.0218,0.0155,0.0093,0.0078,-0.124,-0.0275,0.0251,0.0521,0.1437,-0.0357,-0.0267,-0.0158,-0.0309,-0.0378
bars_since_bos,0.0128,0.0113,-0.0243,0.0297,0.0056,0.0186,-0.0219,0.016,-0.012,-0.0301,0.0141,-0.0041,0.0239,-0.4447,0.1232,0.0033,0.0183,-0.0143,0.0001,0.0118,-0.0088,0.0912,0.1493,0.0715,0.1129,-0.1666,-0.1287,-0.0001,-0.1741,-0.0131,0.0019,0.0587,-0.0038,0.021,-0.0204,0.0785,0.0249,0.8438,-0.7679,1.0,0.0961,-0.4543,0.8042,-0.1131,0.0271,0.2367,-0.419,0.1506,-0.8515,0.071,-0.5361,-0.1552,0.0839,-0.3706,-0.0305,-0.0162,0.0965,-0.0033,0.0368,0.0061,-0.0107,-0.0029,-0.0249,0.0377,-0.0334,-0.0521,-0.0378,-0.0134,0.057,0.0203,-0.071,0.1014,0.0798,-0.0062,0.0285,0.2967,0.3128,-0.2145,-0.0082,-0.3995,0.0392,-0.17,-0.0244,-0.0249,-0.0071,-0.0052,-0.0412,0.0261,0.0178,-0.0251,0.0125,-0.013,-0.0128,0.0032,-0.0006,0.0098,-0.0043,0.003,-0.0332,0.0437,0.2511,0.2865,-0.3578,0.0579,-0.0094,-0.3837,0.0611,-0.0516,-0.0346,0.0662,-0.0597,0.0011,0.0638,0.0153,0.0123,0.0055,0.1545,-0.0571,-0.1326,0.0574,0.0385,-0.0678,-0.0552,0.1189,-0.0964,-0.028,0.0151,0.0104,-0.0457,0.029,0.008,0.0121,0.0929,0.0776,0.0232,0.1422,-0.0744,-0.0641,-0.0244,0.1361,-0.0641,-0.021,0.0838,0.0019,-0.0634,-0.0056,0.1349,-0.134,-0.0057,0.0265,-0.0068,-0.0209,-0.0443,-0.0332,0.0067,0.0137,0.0596,0.0294,-0.0452,0.0331,-0.1146,0.029,0.0128,0.0272,-0.0219,-0.031,0.0406,-0.0212,0.0382,0.1178,0.0152,-0.0188,0.0324,0.0265,0.0245,-0.0238,0.0278,0.0279,0.001,0.0396,-0.0544,0.0472,0.0258,-0.0569,-0.0251,-0.1543,-0.1162,-0.0258,-0.2527,0.0242,0.5534,-0.761,0.4159,-0.2619,-0.7552,0.527,-0.764,0.508,0.0384,0.5649,-0.7452,0.1905,-0.3396,0.3954,-0.7535,-0.7605,0.7435,-0.7677,-0.1399,0.8258,-0.1766,0.0238,0.1898,0.1095,-0.169,-0.1744,-0.1146,-0.0689,0.1106,0.0294,0.0152,-0.0014,-0.0306,-0.0282,-0.0112,-0.0395,-0.0249,-0.0351,0.0355,-0.013,-0.0067,-0.0325,-0.0175,0.0579,-0.0301,-0.0015,0.0006,0.0075
last_bos_dir=down,-0.0293,-0.0281,0.0331,-0.0421,0.041,-0.0174,0.0046,-0.0488,0.0329,0.028,-0.0102,0.0641,0.0148,-0.0664,-0.0266,0.0376,-0.0069,0.091,0.0312,0.1094,0.0921,0.0858,0.0132,0.0567,-0.0162,-0.0078,0.0812,-0.024,0.0071,-0.0241,-0.0633,-0.0271,-0.0089,0.0783,0.0462,0.0579,-0.0031,0.0621,-0.0558,0.0961,1.0,-0.041,0.0537,0.0498,0.007,0.0068,-0.0075,-0.0537,-0.0754,-0.0242,-0.0851,-0.0642,-0.0552,-0.0523,0.077,0.0861,0.0472,0.0652,0.0625,-0.0589,-0.0344,0.0049,0.0124,0.0218,0.0311,0.0165,-0.0233,-0.0148,0.0434,0.0611,0.0607,-0.0056,0.0371,-0.1531,0.1513,0.0431,0.0487,-0.0731,0.0628,-0.0992,0.042,0.0122,-0.017,0.0351,0.0047,-0.0204,-0.0719,-0.008,0.0473,0.0244,0.0011,0.0368,-0.028,0.002,-0.0059,-0.044,-0.0017,0.006,0.0312,-0.0413,-0.0097,0.0474,0.0146,0.0565,-0.0817,0.0114,-0.032,0.0467,0.0442,-0.0632,0.0258,0.0353,-0.0588,0.0049,0.0197,0.0211,0.0556,-0.0245,-0.0297,-0.0024,-0.0332,-0.0344,0.0081,0.0062,-0.0162,0.0171,0.0188,-0.0488,0.0101,-0.0234,0.0185,-0.1057,0.0208,0.0403,0.0639,0.025,0.009,-0.0445,-0.0325,0.0489,-0.0025,-0.0061,0.0559,0.0029,-0.0611,0.0331,0.0453,-0.0463,0.0035,-0.0325,-0.0117,-0.0532,0.0058,0.0317,-0.0332,0.086,-0.0325,0.0338,-0.0562,0.011,-0.015,0.0398,-0.0049,0.0655,0.1071,0.0906,0.0404,-0.0257,0.0246,0.0481,0.0118,0.0207,0.0577,-0.045,0.0478,-0.0518,0.0126,0.0471,0.0085,-0.0421,-0.0131,-0.0346,-0.0099,-0.0207,-0.0197,0.0481,-0.0098,0.068,-0.0885,0.028,0.031,-0.0597,0.048,-0.0513,-0.0959,0.0025,-0.011,0.0663,0.1794,0.0512,-0.0749,0.0674,-0.0338,-0.0189,-0.0763,-0.074,0.0604,-0.026,0.1189,0.022,0.0453,0.1135,0.163,0.0613,-0.0731,-0.0519,-0.0306,-0.0091,0.0649,-0.0328,0.0397,0.0049,0.0089,0.0741,0.0374,-0.0043,0.0124,0.0359,0.0679,0.0368,0.0424,-0.0325,-0.0091,0.0565,0.028,-0.0102,0.0035,0.0244
last_bos_same_session,0.521,0.5169,-0.3274,-0.1556,0.05,0.1008,0.1936,0.2201,0.1299,-0.3358,0.0422,0.0255,-0.0084,0.1966,0.0516,-0.0402,-0.0259,-0.1662,-0.094,-0.1648,-0.1347,-0.0788,0.0367,0.1101,0.2602,-0.0275,-0.0708,0.0217,0.0648,0.022,-0.0092,0.3837,0.0048,0.0166,-0.0247,-0.1022,-0.0252,-0.3849,0.3328,-0.4543,-0.041,1.0,-0.2536,-0.0002,-0.0065,-0.1019,0.2815,-0.0429,0.3743,-0.0147,0.2746,0.6124,0.3142,0.7391,0.1633,0.136,-0.1435,0.2075,0.2667,0.008,0.2212,0.0377,-0.437,0.2246,-0.0052,0.0197,0.2074,-0.3373,0.2031,0.1114,0.1823,-0.1292,-0.2593,-0.0075,-0.0196,-0.1376,-0.1342,0.235,-0.1648,0.2073,-0.0922,-0.0446,0.0097,0.1179,0.0493,-0.0108,0.0751,-0.0442,0.0398,-0.0154,0.0244,-0.0348,0.023,-0.031,-0.0028,0.0343,-0.0171,0.0311,-0.02,0.0211,0.0088,-0.0498,0.0377,-0.0942,0.0439,-0.0002,0.312,-0.2805,-0.2397,0.208,-0.3219,0.1919,0.1825,0.0377,-0.0131,0.0422,-0.1196,0.0097,0.1155,-0.0633,0.0185,0.0354,0.0592,-0.1053,0.0749,0.0431,-0.0362,0.0037,0.0443,-0.0726,0.0453,0.0879,-0.0375,-0.0936,-0.3785,0.0602,0.1157,-0.111,0.0188,-0.0413,0.133,0.0411,0.0285,0.0812,-0.022,-0.2585,-0.039,0.0398,0.0267,0.0188,-0.1761,-0.0035,0.0249,-0.0056,-0.0131,-0.0383,-0.0031,0.036,-0.0066,0.0478,0.1122,0.0289,-0.027,0.0236,-0.1605,-0.1313,-0.0488,0.0079,0.011,-0.0958,0.0786,0.0448,-0.0302,0.1581,-0.1537,0.1139,0.1163,-0.1362,0.1031,0.167,-0.2034,0.1614,0.119,-0.1956,0.1503,-0.0202,0.03,-0.0418,0.6008,0.0179,-0.1294,0.3295,-0.2704,-0.0591,0.3285,-0.1338,0.3286,-0.2975,-0.1033,-0.1716,0.3277,-0.1578,0.0554,-0.1248,0.3284,0.3295,-0.328,0.3282,0.0388,-0.3644,0.052,-0.001,-0.0453,-0.0485,0.2417,0.1353,0.1876,0.0156,0.016,-0.0187,0.2425,0.0377,-0.5048,-0.4547,0.0188,0.001,-0.437,-0.4255,-0.4735,-0.0348,-0.1227,0.0188,0.0055,-0.0942,-0.3358,0.0049,0.0267,0.0327
n_choch_since_bos_today,0.1225,0.1186,-0.0887,0.0115,0.0203,0.0302,0.0179,0.0627,0.0072,-0.1185,0.0466,0.037,0.039,-0.5864,0.2252,-0.0394,0.009,-0.0958,-0.0335,-0.0786,-0.0854,0.0375,0.1515,0.0446,0.1213,-0.2222,-0.1694,-0.0127,-0.1382,-0.0209,-0.0303,0.1139,-0.0302,0.0493,-0.0487,-0.0661,0.0169,0.9428,-0.8151,0.8042,0.0537,-0.2536,1.0,-0.4037,0.0351,0.3413,-0.3828,0.4065,-0.6251,0.2617,-0.4077,0.0735,0.339,-0.2195,0.0291,0.0234,-0.0057,0.051,0.0727,-0.0263,0.0491,0.0223,-0.125,0.0771,-0.0128,-0.0168,0.022,-0.0754,0.0713,0.0062,-0.0556,0.0245,0.0009,-0.0048,0.0304,0.237,0.2563,-0.2097,-0.0572,-0.2122,0.0148,-0.2433,-0.0389,-0.053,-0.0046,-0.0113,-0.0105,-0.0021,0.0105,-0.0515,0.0434,0.0291,-0.1406,0.0493,-0.1011,0.0235,0.0127,0.0008,-0.0453,0.0439,0.3798,0.3363,-0.4001,-0.0122,-0.0115,-0.4464,0.2134,-0.186,-0.1571,0.1957,-0.2055,0.0494,0.1801,0.0086,-0.0023,0.0466,0.1386,-0.0689,-0.1204,0.0536,0.0407,-0.0459,-0.0547,0.1093,-0.0845,-0.0143,-0.0012,0.0188,-0.0066,-0.0061,0.0134,0.005,0.0914,0.0618,-0.0509,0.1614,-0.0365,-0.0998,0.0399,0.1132,-0.0167,-0.0282,0.0916,0.029,-0.06,-0.1026,0.1148,-0.1161,0.0099,0.0016,-0.0354,-0.0101,-0.0503,0.0034,0.0478,0.0353,0.0497,0.0348,-0.0747,0.0581,-0.0833,0.0612,0.0035,0.0106,-0.0743,-0.0502,-0.1137,-0.008,0.0385,0.1148,0.021,0.0098,0.0317,0.0602,0.0199,-0.0031,0.0467,0.0162,0.0153,0.09,-0.0964,0.0714,0.0678,-0.0982,0.0161,-0.1854,-0.1198,-0.0041,0.0337,-0.0021,0.6274,-0.8052,0.416,-0.3329,-0.8052,0.6319,-0.8052,0.4838,-0.0178,0.6381,-0.8052,0.2029,-0.3509,0.3989,-0.8052,-0.8052,0.8052,-0.8052,-0.1066,0.8204,-0.1981,-0.0156,0.2578,-0.0022,-0.0495,-0.044,0.055,0.0886,0.0578,0.0549,0.1249,0.0059,-0.1423,-0.127,0.0016,-0.0248,-0.125,-0.1245,-0.0215,0.0291,-0.0353,-0.0453,-0.1154,-0.0122,-0.1185,0.006,0.0022,0.033
bars_since_prev_choch,-0.0568,-0.0616,0.0674,0.0341,0.0255,-0.021,-0.0291,-0.0416,0.0141,-0.0324,-0.0448,-0.0161,-0.0029,0.2256,-0.0401,0.0068,0.0136,0.1413,0.0878,0.1093,0.0988,0.204,0.1971,0.1589,0.1232,0.1569,0.1271,0.0073,0.0556,-0.0176,0.0386,0.0433,0.0127,0.009,0.052,0.3981,0.0165,-0.4362,0.1674,-0.1131,0.0498,-0.0002,-0.4037,1.0,0.0021,-0.6444,-0.0158,-0.8056,0.0709,-0.7269,0.1541,-0.2563,-0.5224,0.0374,0.0782,0.1241,0.194,0.0577,0.0582,-0.0969,0.002,-0.0124,0.0354,-0.0374,0.088,0.0219,0.0039,-0.0393,0.0452,0.1226,0.1216,0.116,0.1884,0.0013,-0.0204,0.0388,0.0285,-0.0599,0.1015,-0.1846,0.0695,0.1614,0.0064,0.0522,0.0293,-0.0149,-0.0058,0.0616,-0.0208,0.0505,-0.0328,-0.1042,0.2357,-0.1051,0.1538,-0.1317,-0.0578,-0.0199,0.126,-0.0886,-0.2093,-0.0293,0.123,0.0354,-0.0897,0.1955,-0.276,0.2574,0.2473,-0.2626,0.2596,-0.045,-0.2426,0.001,0.0327,0.0023,-0.0236,0.0396,0.0325,-0.0292,-0.0292,-0.0481,0.0554,-0.0501,0.0079,-0.018,-0.0015,0.0237,-0.0119,0.0148,-0.0066,-0.0552,-0.0447,0.0178,-0.0037,-0.0217,0.0007,-0.0139,-0.0596,0.0391,-0.0186,0.0434,0.019,-0.0001,-0.0228,0.0002,0.0327,-0.0344,-0.0288,0.0413,-0.0525,-0.0756,0.0586,-0.0206,-0.043,0.0424,-0.024,-0.0135,0.0151,-0.0451,0.0257,-0.0338,0.0151,0.0147,0.1704,0.1205,0.4144,0.098,0.0042,-0.0551,0.2184,0.1456,0.0318,-0.1305,0.0807,-0.0677,-0.0651,0.0959,-0.0251,-0.1173,0.0602,-0.0625,-0.1104,0.0605,-0.1026,0.1296,0.077,0.075,-0.3399,0.0356,-0.2142,0.1691,0.0044,0.1554,0.1465,-0.2539,0.1534,0.0401,0.1509,-0.2471,0.1615,0.077,0.1194,-0.1098,0.1386,0.1381,-0.185,0.1604,0.0615,-0.3291,0.2585,0.282,-0.2407,0.3231,-0.2221,-0.2989,-0.3538,-0.3661,0.1525,-0.0996,-0.0281,-0.0296,0.0572,0.0022,0.0,-0.0297,0.0354,0.0483,-0.0127,-0.1042,-0.0044,-0.0416,0.1686,0.0354,-0.0324,-0.0531,0.0042,-0.0306
last_choch_dir=down,-0.0157,-0.0128,0.0065,0.0264,-0.0005,-0.0577,-0.0291,0.083,-0.0494,0.02,-0.0438,0.0125,0.9928,-0.0293,-0.0625,-0.0216,0.0052,0.1364,0.165,0.0254,0.0363,0.07,0.0696,0.0213,-0.0237,0.1441,0.1524,-0.8514,0.1831,-0.817,-0.526,-0.0189,-0.7714,-0.0915,-0.8461,0.002,-0.0105,0.0445,-0.0755,0.0271,0.007,-0.0065,0.0351,0.0021,1.0,-0.0156,0.0209,-0.0006,0.0017,-0.0068,0.0215,-0.0225,-0.0222,-0.0171,0.0827,0.1007,0.0209,0.0796,0.0711,-0.0724,0.3991,-0.0322,-0.0213,-0.386,0.0977,0.0601,0.1807,0.0018,-0.1943,0.0535,0.0709,-0.0355,0.0773,0.862,-0.8589,-0.3177,0.4193,-0.0644,0.0765,-0.0414,0.1403,0.0936,-0.9903,-0.0029,-0.0666,-0.2259,0.0283,0.0184,-0.0756,-0.0178,0.0639,0.0506,-0.0373,-0.0641,0.0449,-0.0053,0.0402,-0.0493,0.0111,-0.0204,0.0319,0.0811,-0.0314,-0.0456,-0.0542,-0.0069,0.0104,-0.0156,-0.0204,0.0176,-0.0199,-0.0108,0.031,0.0027,-0.0096,-0.0126,-0.0096,0.0611,0.0043,0.0151,-0.0361,-0.0525,0.4595,-0.0396,-0.4158,0.0094,0.0041,-0.0173,-0.0426,0.0414,-0.0097,-0.0975,0.6302,-0.6229,-0.0262,0.0028,-0.0245,0.0367,-0.0335,0.0294,-0.0562,0.039,-0.0307,-0.0126,0.022,0.0268,0.0316,-0.0267,0.0019,0.0362,-0.0358,-0.0092,0.036,0.0038,0.0168,0.014,-0.0882,-0.0075,0.0264,-0.0519,-0.0131,-0.0596,-0.0741,-0.8355,0.0938,0.0979,0.0324,0.0189,0.0468,-0.0321,0.1067,0.1195,0.0596,-0.0767,0.0766,-0.0602,-0.0762,0.0571,-0.0964,-0.1307,0.0935,-0.0794,-0.086,0.0917,-0.0784,0.0936,-0.0308,0.0844,-0.0254,-0.62,0.0035,-0.0791,0.1067,0.0475,-0.1153,0.0729,-0.0305,0.035,0.1122,-0.0108,-0.0943,0.1396,0.0266,-0.0221,-0.0957,-0.0934,0.0798,-0.0454,0.1161,0.0343,-0.0455,-0.0098,-0.0129,0.0304,-0.0075,0.0178,0.0447,0.05,0.018,0.0588,0.1371,-0.0322,0.0151,0.0474,-0.0335,-0.0309,-0.0213,0.0022,0.017,0.0506,0.1342,-0.0335,-0.0114,-0.0456,0.02,-0.0438,0.0019,-0.0178
alt_dir6,0.054,0.0613,-0.0734,-0.0525,0.0007,0.0086,0.0141,0.0407,0.0076,0.0571,0.0418,-0.0063,-0.0188,-0.1032,0.0194,-0.0153,0.0359,-0.1548,-0.0825,-0.1397,-0.1505,-0.2263,-0.1791,-0.1966,-0.128,-0.137,-0.1616,0.0231,-0.0929,0.0434,-0.0283,-0.0579,0.0075,-0.0021,-0.0274,-0.1934,0.0359,0.4209,-0.1663,0.2367,0.0068,-0.1019,0.3413,-0.6444,-0.0156,1.0,0.1094,0.4133,-0.2057,0.8329,-0.4146,0.1991,0.5575,-0.1922,-0.0204,-0.0774,-0.1866,0.0083,-0.0099,0.0647,0.0247,0.0199,-0.0311,0.0041,-0.0231,0.0128,0.0306,-0.006,-0.025,-0.048,-0.0398,-0.0789,-0.1099,-0.0419,0.0503,0.0586,0.0503,0.0352,-0.054,-0.036,-0.0643,-0.1592,0.0153,-0.1104,-0.0442,0.0173,-0.0331,-0.0685,0.0436,-0.0266,0.0102,0.0492,-0.126,0.0669,-0.0162,0.0545,0.004,0.029,-0.0696,0.0642,0.0578,-0.0274,-0.0313,0.0407,0.0519,-0.0734,0.3987,-0.3722,-0.3523,0.3882,-0.3634,0.089,0.3172,0.0334,0.0248,-0.0068,-0.0278,-0.0332,-0.0031,0.0665,0.0368,0.0432,-0.0526,0.0293,0.0158,0.028,-0.057,0.0531,0.0226,-0.0309,0.0158,0.1236,0.0015,-0.0317,0.0588,-0.0554,0.0538,-0.0241,0.0208,-0.0382,0.0539,-0.0437,0.0109,0.0145,-0.0265,0.016,-0.0437,0.0365,0.0677,-0.0498,0.0855,-0.0148,-0.023,-0.0217,-0.0065,-0.022,0.035,0.0184,-0.0107,0.0603,0.0012,0.0618,0.0385,0.047,-0.1377,-0.0646,-0.2598,-0.1819,-0.0658,0.0768,-0.2313,-0.1863,-0.048,0.1615,-0.1785,0.0723,0.1316,-0.1821,0.0438,0.1177,-0.0776,0.0536,0.1175,-0.0768,0.0909,-0.1395,-0.047,-0.013,0.2424,-0.019,0.2158,-0.1681,-0.0045,-0.1498,-0.1478,0.2589,-0.1554,-0.0396,-0.1329,0.2492,-0.1624,-0.0853,-0.1337,0.1853,-0.1414,-0.1413,0.1777,-0.1609,-0.0648,0.3945,-0.3848,-0.4308,0.2334,-0.1548,0.0777,0.1374,0.2784,0.33,-0.0934,0.0594,-0.0011,0.0145,-0.0662,0.0222,-0.0498,0.0082,-0.0311,-0.0372,0.0284,0.0492,0.0479,-0.017,-0.093,0.0407,0.0571,0.0223,-0.0472,-0.0109
alt_kind6,0.0061,0.0074,-0.0089,-0.0403,0.0034,-0.0285,0.0275,-0.0011,0.0008,0.0557,0.0345,0.0189,0.019,0.2177,-0.0696,0.0082,-0.0345,0.0379,0.0378,-0.0009,0.0222,-0.0755,-0.1306,-0.0902,-0.1203,0.0861,0.0339,-0.0126,0.029,-0.0092,0.0031,-0.0692,-0.0126,-0.0532,-0.0633,-0.0465,-0.0298,-0.4023,0.2267,-0.419,-0.0075,0.2815,-0.3828,-0.0158,0.0209,0.1094,1.0,-0.1657,0.3468,0.0984,0.3181,0.1105,0.0616,0.2147,-0.0392,-0.0357,-0.068,0.0093,0.0014,0.0343,0.0229,0.0518,0.0042,-0.036,-0.0183,-0.0027,0.0081,0.0121,-0.0239,0.0372,0.0371,-0.0902,-0.0292,-0.0053,-0.0023,-0.0622,-0.0891,0.0777,0.0366,0.09,0.0439,0.0567,-0.022,-0.012,0.0145,-0.0603,-0.0518,-0.0201,0.0023,0.0353,-0.0197,0.0446,-0.0051,0.0055,0.0145,-0.0092,-0.0292,0.0364,0.0082,-0.006,-0.09,-0.1146,0.1655,-0.0323,-0.0152,0.1793,0.2348,-0.2298,-0.2177,0.1538,-0.2483,0.1654,0.1257,-0.0375,0.0152,-0.0356,-0.0752,0.0538,0.0717,-0.0632,0.0114,0.0034,0.0355,-0.0606,0.0417,0.0209,0.0061,-0.034,-0.0013,0.0196,-0.0221,-0.0221,-0.0301,-0.0526,0.0157,-0.082,0.0284,0.0749,-0.0103,-0.0815,0.0081,0.0079,-0.0176,-0.0559,0.0565,0.035,-0.0855,0.0822,-0.0384,-0.0103,0.0336,0.0114,-0.0001,0.0199,-0.0645,-0.0226,-0.0143,0.0078,0.0191,-0.0273,0.0394,-0.0388,-0.0362,-0.0103,-0.0388,-0.034,-0.0717,-0.0982,-0.0361,0.0164,-0.0607,-0.0259,0.0375,0.0014,-0.0157,0.0036,0.0637,-0.0216,0.0214,0.0289,-0.0136,-0.0157,0.0199,-0.0104,0.0301,0.0466,0.033,-0.0419,0.1543,-0.0118,-0.1989,0.2185,-0.0664,0.0997,0.2262,-0.1568,0.2404,-0.148,-0.0139,-0.1878,0.2188,0.001,0.0768,-0.1921,0.2322,0.2241,-0.2285,0.2406,0.0548,-0.3571,0.2036,-0.0582,-0.1762,-0.0664,0.1092,0.0976,0.1132,0.0925,-0.1221,-0.0169,0.0078,-0.0178,-0.0049,0.0451,-0.0439,-0.0072,0.0042,0.0327,0.0118,0.0446,0.0156,-0.0103,0.0153,-0.0323,0.0557,-0.0205,-0.0126,0.0049
n_choch_1h,0.0552,0.0612,-0.0459,-0.0237,-0.0741,0.0233,0.0392,0.043,-0.0111,0.0285,0.0497,0.0283,0.0055,-0.3356,0.0587,-0.0329,0.0039,-0.1409,-0.1153,-0.0893,-0.083,-0.1268,-0.1059,-0.101,-0.0602,-0.1989,-0.0993,-0.0316,-0.0275,-0.0061,-0.022,0.0083,-0.0241,-0.0103,-0.028,-0.3636,0.012,0.4261,-0.2353,0.1506,-0.0537,-0.0429,0.4065,-0.8056,-0.0006,0.4133,-0.1657,1.0,-0.1319,0.4837,-0.1396,0.1807,0.3683,-0.0512,-0.0432,-0.0808,-0.1259,-0.024,-0.0369,0.0694,-0.0069,-0.0086,-0.0314,0.0415,-0.0577,-0.0424,-0.0074,0.0142,-0.01,-0.0717,-0.1138,-0.0539,-0.1675,0.0252,-0.002,-0.0591,-0.0318,0.0356,-0.1166,0.2262,-0.1115,-0.1394,-0.0069,-0.0168,-0.0011,0.0051,0.0079,-0.0579,0.0501,-0.0346,0.0416,0.1101,-0.273,0.1168,-0.1684,0.101,0.0526,0.0259,-0.0929,0.0483,0.2727,0.0619,-0.1701,-0.0904,0.1087,-0.2369,0.1179,-0.0953,-0.0892,0.115,-0.0961,-0.0211,0.1228,-0.0086,-0.0054,-0.0044,0.0185,-0.0557,-0.0161,0.03,0.0269,0.043,-0.0304,0.0331,-0.0115,0.0445,-0.0028,-0.0486,0.0251,-0.0318,0.0145,0.0505,0.0362,-0.0151,-0.0177,0.0267,0.0183,-0.0047,0.0653,-0.0231,0.0203,-0.0365,-0.0196,0.0173,-0.0101,0.018,-0.0222,0.018,0.0161,-0.02,0.0077,0.0645,-0.0378,0.0013,0.0745,-0.0519,0.0201,0.0123,-0.0108,0.0352,-0.013,0.0407,-0.0022,-0.0175,-0.1188,-0.0798,-0.2965,0.0549,0.014,0.024,-0.1331,-0.0895,-0.0156,0.1105,-0.0499,0.0711,0.0355,-0.0652,0.0154,0.0936,-0.0589,0.0231,0.1126,-0.0586,0.089,-0.1153,-0.0841,-0.0431,0.2291,-0.0173,0.2229,-0.2145,0.0373,-0.1552,-0.2004,0.2351,-0.2157,0.0462,-0.1076,0.2472,-0.2189,-0.014,-0.1018,0.028,-0.1978,-0.1857,0.252,-0.2242,-0.0841,0.2722,-0.2252,-0.1797,0.1952,-0.2766,0.1701,0.2471,0.2099,0.2046,-0.1038,0.1282,0.0035,0.0027,-0.0096,0.0035,-0.02,-0.0055,-0.0314,-0.0556,0.0224,0.1101,0.005,0.0427,-0.2001,-0.0904,0.0285,0.0216,-0.0282,0.0147
n_bos_1h,0.0178,0.0176,0.0054,-0.0444,-0.0115,-0.0295,0.0262,0.0308,-0.0023,0.0364,-0.0142,0.0252,0.0047,0.3149,-0.0838,0.0133,-0.0445,0.0505,0.0578,-0.0222,0.0083,-0.0982,-0.1424,-0.0774,-0.1136,0.1835,0.1124,-0.0202,0.1701,-0.0016,-0.0431,-0.044,-0.0294,0.0345,0.009,-0.1287,-0.0456,-0.6594,0.5876,-0.8515,-0.0754,0.3743,-0.6251,0.0709,0.0017,-0.2057,0.3468,-0.1319,1.0,-0.0248,0.5059,0.1957,-0.032,0.3669,0.0697,0.055,-0.0877,0.0413,-0.0084,-0.0073,0.0194,0.0326,0.009,-0.0345,0.0157,0.0627,0.0644,-0.0177,-0.0462,0.0104,0.0969,-0.0829,-0.0351,0.0253,-0.038,-0.2276,-0.2323,0.118,0.0411,0.4593,0.021,0.1492,-0.0031,-0.0024,-0.0026,0.0202,0.0495,-0.0299,-0.0395,0.0038,0.0032,0.0466,-0.0145,-0.0105,-0.0524,0.0012,0.0068,0.0078,0.0172,-0.0331,-0.1211,-0.1635,0.2291,-0.0429,-0.0158,0.2519,-0.0148,0.0093,0.0008,-0.0445,0.0249,0.0327,-0.0554,-0.0452,-0.0317,-0.0306,-0.122,0.0622,0.1044,-0.0416,-0.0404,0.0612,0.0574,-0.0997,0.0695,-0.0034,0.0249,-0.0337,0.036,0.0155,-0.052,-0.043,-0.0698,-0.0648,-0.0057,-0.1183,0.0518,0.0254,0.0585,-0.0918,0.0559,-0.0015,-0.0678,0.0223,0.033,-0.0031,-0.0861,0.0871,-0.0109,-0.0374,0.0116,-0.0247,0.0692,0.0803,0.0134,0.0066,-0.036,-0.0424,0.022,-0.0244,0.0952,-0.0297,-0.0426,-0.04,0.0402,0.0497,-0.0934,0.0184,-0.0349,-0.0928,0.0154,0.0604,-0.0045,-0.0392,0.0133,-0.001,-0.0402,0.0006,0.0009,-0.0214,0.0584,-0.0215,-0.0181,0.061,0.0397,0.1321,0.089,0.0723,0.2738,-0.0314,-0.4276,0.5641,-0.2977,0.2165,0.5658,-0.3975,0.5696,-0.3819,-0.0305,-0.4711,0.5698,-0.1216,0.2906,-0.2694,0.5659,0.5649,-0.5729,0.5711,0.0949,-0.6433,0.1764,-0.0127,-0.1458,-0.0626,0.1756,0.2112,0.1574,0.1412,-0.1566,-0.0225,0.0462,-0.0154,0.0305,0.0408,0.022,0.0387,0.009,0.0428,0.002,0.0466,0.0101,0.022,0.0076,-0.0429,0.0364,-0.0039,-0.0109,-0.0305
n_choch_3h,0.0276,0.0396,-0.026,-0.0502,0.015,-0.0096,-0.0411,0.0688,-0.0034,0.0439,0.0732,0.0089,-0.0069,-0.1018,0.0415,-0.0133,0.02,-0.1375,-0.0634,-0.1352,-0.1422,-0.2219,-0.1776,-0.2245,-0.1837,-0.1149,-0.1351,0.0136,-0.0521,0.0247,-0.014,-0.0965,0.0133,0.0088,-0.0222,-0.2308,0.0089,0.3275,-0.0925,0.071,-0.0242,-0.0147,0.2617,-0.7269,-0.0068,0.8329,0.0984,0.4837,-0.0248,1.0,-0.1987,0.2833,0.5679,-0.0668,-0.0345,-0.0803,-0.2186,-0.0247,-0.0471,0.0665,-0.0096,0.0321,0.0038,0.0011,-0.0067,0.0016,-0.0127,0.0324,-0.0272,-0.0779,-0.0691,-0.1115,-0.1194,-0.025,0.0361,-0.0085,-0.0134,0.0632,-0.0462,0.0844,-0.0449,-0.1465,0.0037,-0.1142,-0.0359,0.0389,-0.0457,-0.0544,0.0324,-0.0273,0.0262,0.0751,-0.1873,0.0836,-0.0429,0.0675,0.0164,0.0176,-0.0709,0.0613,0.0508,-0.0466,-0.0035,0.0287,0.0508,-0.0672,0.3756,-0.3584,-0.3421,0.3699,-0.3343,0.0645,0.307,0.042,-0.0114,-0.0156,-0.0357,-0.0346,-0.0084,0.0556,0.0565,0.0832,-0.0638,0.0401,0.0134,0.0097,-0.0296,0.0333,0.02,-0.0331,0.0209,0.0871,0.0073,-0.0458,0.0565,-0.0621,0.0305,-0.0153,0.043,-0.0399,0.0462,-0.0624,-0.0257,0.0309,-0.013,0.0098,-0.0379,0.0365,0.0608,-0.0451,0.0699,-0.0014,-0.0023,0.0116,0.0097,-0.0121,0.0289,-0.0254,0.0112,0.0526,-0.0,0.0397,0.0244,0.0168,-0.1179,-0.0427,-0.2988,-0.1729,-0.0803,0.0676,-0.2307,-0.1611,-0.0133,0.1395,-0.141,0.0634,0.1171,-0.1502,0.0289,0.1027,-0.0383,0.0586,0.1023,-0.0453,0.1129,-0.1173,-0.0364,-0.017,0.406,-0.0054,0.1652,-0.1046,-0.0426,-0.1292,-0.0746,0.213,-0.0819,-0.093,-0.1466,0.1888,-0.0954,-0.0876,-0.0835,0.0997,-0.0718,-0.0707,0.1104,-0.0822,-0.0375,0.2706,-0.3465,-0.4224,0.1878,-0.2174,0.1175,0.1898,0.339,0.3888,-0.1176,0.0519,-0.0146,0.0273,-0.0146,0.0362,-0.0451,0.0393,0.0038,0.0075,0.0562,0.0751,0.0505,-0.0109,-0.1374,0.0287,0.0439,0.0492,-0.0396,-0.0004
n_bos_3h,-0.0222,-0.0287,0.0965,0.0292,-0.0612,-0.091,-0.011,0.0356,-0.0036,-0.0025,0.0513,-0.0224,0.0304,0.1607,-0.0421,0.0063,-0.0588,0.0752,0.0752,0.0122,0.0486,0.0294,0.0269,-0.094,-0.1776,0.1282,0.1113,-0.0386,0.1444,-0.0652,-0.0083,-0.1192,-0.0219,-0.0141,-0.0057,0.0047,-0.0387,-0.4549,0.309,-0.5361,-0.0851,0.2746,-0.4077,0.1541,0.0215,-0.4146,0.3181,-0.1396,0.5059,-0.1987,1.0,0.1785,-0.1396,0.44,0.0093,0.0499,-0.0794,0.0443,0.0044,-0.0591,-0.0121,0.0486,0.0254,-0.0215,0.0347,0.0131,-0.0455,0.0344,0.0052,0.0707,0.0816,-0.0923,0.0339,0.0358,-0.0358,-0.1309,-0.1044,0.0347,0.0559,0.2482,0.0623,0.106,-0.0265,-0.0125,0.0476,0.0057,-0.0192,-0.022,-0.0318,0.0097,-0.0024,0.0433,0.0007,-0.0147,-0.0251,-0.0628,-0.0319,0.0238,0.0545,-0.0529,-0.0304,-0.0497,0.0899,-0.0685,-0.0112,0.1395,-0.0492,0.0523,0.0616,-0.1079,0.0343,0.0833,-0.1097,-0.0127,-0.0168,-0.0188,-0.1078,0.0339,0.0943,-0.0431,0.0054,0.0494,0.0694,-0.0798,0.0318,-0.0013,0.0227,-0.0328,0.06,-0.0199,-0.0322,-0.0491,-0.0411,-0.0772,-0.0404,-0.0878,0.0562,0.0426,0.0364,-0.0994,0.0491,0.045,-0.0554,-0.0015,0.0224,-0.0037,-0.0968,0.0964,-0.0217,0.0026,-0.0299,0.0173,0.0371,0.0862,-0.0275,0.0014,-0.0384,-0.0303,0.0232,-0.0225,0.0847,-0.0092,-0.0568,-0.0249,0.0352,0.0586,0.007,-0.0212,-0.0113,-0.0664,0.0841,0.1198,0.0592,-0.0469,0.1109,-0.0234,-0.0207,0.103,0.0182,-0.0169,0.0513,-0.0281,-0.0133,0.0479,0.0271,0.1276,0.0738,0.0182,0.2908,-0.0025,-0.2682,0.2851,-0.096,0.142,0.2914,-0.222,0.3005,-0.1691,0.0169,-0.3117,0.2982,0.0098,0.1821,-0.1867,0.2954,0.2793,-0.2991,0.306,0.1041,-0.4515,0.253,0.1032,-0.2257,-0.0159,0.009,0.0171,0.0009,-0.0285,-0.0675,-0.0327,0.0372,-0.0127,0.091,0.0277,-0.0333,0.0381,0.0254,0.0921,0.0149,0.0433,-0.0344,0.0026,0.02,-0.0685,-0.0025,-0.0102,-0.0217,-0.0162
n_events_today,0.8544,0.8475,-0.4336,-0.318,-0.0889,0.0656,0.2772,0.4466,0.2985,-0.3776,0.1239,0.0295,-0.0217,-0.0074,0.2661,-0.0328,-0.0389,-0.2689,-0.1318,-0.2765,-0.2359,-0.1442,0.0617,0.0885,0.3076,-0.1242,-0.1755,0.024,0.0321,-0.0012,-0.0193,0.5943,0.0024,0.0139,-0.0154,-0.2109,-0.038,-0.0369,0.0824,-0.1552,-0.0642,0.6124,0.0735,-0.2563,-0.0225,0.1991,0.1105,0.1807,0.1957,0.2833,0.1785,1.0,0.7988,0.8332,0.2892,0.2479,-0.1481,0.3273,0.4204,0.0506,0.3505,0.069,-0.6518,0.3118,-0.0542,0.0579,0.3505,-0.536,0.3005,0.1902,0.2659,-0.0906,-0.3234,-0.0041,-0.0031,-0.0711,-0.0881,0.1931,-0.2171,0.198,-0.093,-0.1905,0.0234,0.1152,0.0771,0.0081,0.0232,-0.0538,0.1219,-0.0591,0.0515,-0.0083,-0.1231,0.0416,-0.0732,0.0502,-0.0334,0.0805,-0.0454,0.0361,0.1041,-0.027,-0.0206,-0.0884,0.0709,-0.1012,0.7028,-0.6157,-0.5251,0.5308,-0.6543,0.361,0.3963,0.0522,-0.0287,-0.0135,-0.0556,-0.0704,0.0454,-0.0129,0.0576,0.1107,0.0064,-0.029,0.0307,0.046,-0.0579,0.0331,0.0524,-0.0996,0.0701,0.1215,-0.0011,-0.0594,-0.3573,0.1137,0.1314,-0.2006,0.0561,-0.0171,0.1874,-0.0074,0.0836,0.1253,-0.1018,-0.2956,-0.0113,0.0127,0.0167,0.0244,-0.178,-0.0228,0.0009,0.0445,-0.0285,0.0146,0.0376,0.0378,-0.0558,0.1331,0.0869,0.0902,-0.038,0.0432,-0.1928,-0.1016,-0.1423,-0.0744,-0.0209,-0.0578,0.0167,0.007,-0.0137,0.2234,-0.2212,0.1724,0.1617,-0.2096,0.1539,0.2669,-0.3182,0.2176,0.2089,-0.3135,0.2335,-0.1085,-0.0131,0.06,0.8972,0.0497,0.0763,0.0703,-0.1581,-0.1327,0.096,0.0852,0.0653,-0.1679,-0.1427,0.0266,0.0757,-0.1,-0.0104,0.0185,0.0912,0.1138,-0.0565,0.059,-0.0783,-0.05,-0.1903,-0.1246,0.0576,-0.0225,0.2108,0.1329,0.2868,0.1257,0.0322,0.0294,0.3473,0.0355,-0.6526,-0.5285,-0.0328,0.0091,-0.6518,-0.4924,-0.4418,-0.0083,-0.1673,-0.0018,-0.1161,-0.0884,-0.3776,0.0093,-0.0245,0.0071
n_choch_today,0.6333,0.6279,-0.3712,-0.2018,-0.0028,0.0943,0.2042,0.2995,0.1848,-0.339,0.1093,0.0388,-0.0235,-0.1307,0.307,-0.0566,0.0207,-0.3277,-0.1806,-0.2988,-0.286,-0.2062,-0.0081,0.0079,0.2192,-0.2238,-0.2585,0.0353,-0.0588,0.0227,-0.0228,0.4365,0.0034,-0.0046,-0.0197,-0.2752,0.0268,0.2439,-0.1087,0.0839,-0.0552,0.3142,0.339,-0.5224,-0.0222,0.5575,0.0616,0.3683,-0.032,0.5679,-0.1396,0.7988,1.0,0.3745,0.1585,0.0826,-0.1942,0.1623,0.2135,0.0711,0.2595,0.0602,-0.4954,0.243,-0.0499,0.03,0.2323,-0.3469,0.1887,0.027,0.0853,-0.1017,-0.32,-0.0306,0.0214,-0.0229,-0.029,0.1609,-0.2325,0.1011,-0.13,-0.2773,0.0209,0.0107,0.05,0.0199,0.0118,-0.0615,0.1049,-0.0789,0.0711,0.0205,-0.1896,0.0599,-0.0507,0.0653,-0.0265,0.0661,-0.0681,0.0673,0.1392,0.0141,-0.0681,-0.0835,0.0667,-0.1762,0.7802,-0.7054,-0.6253,0.6419,-0.7246,0.3296,0.5,0.0631,-0.0289,0.0077,-0.0245,-0.0776,-0.0105,0.0104,0.0828,0.1237,-0.0407,0.0362,-0.0051,0.0487,-0.0657,0.0416,0.0578,-0.0914,0.0553,0.1611,0.0065,-0.0329,-0.2945,0.1149,0.1086,-0.1818,0.0505,-0.0149,0.1693,-0.023,0.0829,0.1089,-0.0852,-0.2686,-0.009,0.0109,0.0557,-0.0032,-0.1522,0.0094,-0.0324,0.0355,-0.0411,0.0047,0.0576,0.0548,-0.0673,0.1614,0.0342,0.1078,0.0214,0.0317,-0.2571,-0.1669,-0.2531,-0.1431,-0.0558,0.0203,-0.1233,-0.1146,-0.041,0.2191,-0.2516,0.1585,0.1515,-0.2402,0.1172,0.2266,-0.2837,0.1892,0.196,-0.2762,0.1919,-0.2023,-0.0413,-0.0135,0.7716,0.0241,0.2516,-0.1091,-0.1018,-0.229,-0.0795,0.2726,-0.1112,-0.1093,-0.1987,0.2279,-0.1055,-0.1192,-0.1274,0.1326,-0.078,-0.0576,0.1337,-0.1226,-0.1226,0.2057,-0.3194,-0.2672,0.19,-0.0819,0.1793,0.1442,0.3374,0.2514,0.0124,0.0387,0.2369,0.0341,-0.562,-0.4605,-0.0381,-0.0091,-0.4954,-0.4275,-0.35,0.0205,-0.1271,-0.0032,-0.1639,-0.0835,-0.339,0.0135,-0.0292,0.0053
n_bos_today,0.7531,0.7461,-0.3593,-0.3069,-0.1011,0.0381,0.2492,0.4058,0.2724,-0.2992,0.1123,0.0151,-0.0147,0.1273,0.1336,-0.006,-0.0911,-0.1426,-0.059,-0.1714,-0.113,-0.0576,0.083,0.1295,0.2868,-0.0085,-0.0554,0.0068,0.0942,-0.0164,-0.0113,0.5307,0.0026,0.0203,-0.017,-0.0924,-0.0947,-0.3171,0.2494,-0.3706,-0.0523,0.7391,-0.2195,0.0374,-0.0171,-0.1922,0.2147,-0.0512,0.3669,-0.0668,0.44,0.8332,0.3745,1.0,0.259,0.259,-0.0767,0.3089,0.3987,0.0191,0.3124,0.0569,-0.572,0.2693,-0.0336,0.0312,0.315,-0.5066,0.3012,0.2423,0.303,-0.0696,-0.2418,0.0106,-0.0204,-0.1045,-0.1173,0.1787,-0.1447,0.2293,-0.0427,-0.0603,0.0184,0.1638,0.0808,-0.0037,0.0346,-0.0305,0.0916,-0.0214,0.0352,-0.0252,-0.0301,-0.0073,-0.0605,0.0228,-0.0231,0.0602,-0.0117,-0.0026,0.037,-0.0594,0.0356,-0.0689,0.0512,0.0037,0.4231,-0.354,-0.2827,0.267,-0.4117,0.2864,0.1979,0.0302,-0.0155,-0.0162,-0.0942,-0.0285,0.0904,-0.0208,0.0309,0.0732,0.0545,-0.0838,0.0521,0.0334,-0.0236,-0.0039,0.0402,-0.0813,0.0595,0.0543,-0.025,-0.0781,-0.3125,0.0542,0.1204,-0.1388,0.0529,-0.0358,0.1501,0.0168,0.0479,0.0933,-0.0705,-0.2317,-0.0329,0.0316,-0.0253,0.0431,-0.1486,-0.0405,0.0358,0.0416,-0.0099,0.0049,0.0043,0.0121,-0.0217,0.0692,0.1101,0.0497,-0.0905,0.0376,-0.1013,-0.0429,-0.0268,0.0043,0.0181,-0.0964,0.1235,0.1004,0.005,0.1627,-0.1249,0.1377,0.1154,-0.116,0.1275,0.2271,-0.2506,0.1851,0.1601,-0.2482,0.2012,0.0023,0.0174,0.0732,0.7202,0.0527,-0.1224,0.2318,-0.166,-0.0046,0.2465,-0.1271,0.226,-0.1772,-0.059,-0.1781,0.2399,-0.0585,0.0925,-0.1144,0.2408,0.2569,-0.2309,0.2232,-0.0234,-0.3003,0.0148,0.026,-0.0837,-0.0089,0.2055,0.1052,0.1737,-0.0107,0.0342,-0.0022,0.3077,0.0313,-0.5361,-0.432,-0.0179,0.0258,-0.572,-0.4128,-0.402,-0.0252,-0.1478,0.0088,-0.0388,-0.0689,-0.2992,0.0067,-0.0064,0.0112
vol_ratio20,0.3426,0.3586,-0.1342,-0.2313,-0.0877,-0.0098,0.1012,0.1461,0.2075,0.0,0.0451,-0.0024,0.0847,-0.1378,0.0216,0.0139,0.0129,0.2646,0.3959,-0.0269,-0.0357,0.1301,0.2565,0.0203,0.0656,0.4607,0.3629,-0.0622,0.5385,-0.0715,-0.0137,0.1986,-0.0429,0.0187,-0.0263,0.1439,-0.0129,0.0162,-0.0161,-0.0305,0.077,0.1633,0.0291,0.0782,0.0827,-0.0204,-0.0392,-0.0432,0.0697,-0.0345,0.0093,0.2892,0.1585,0.259,1.0,0.9291,-0.0468,0.7838,0.5767,-0.7829,0.2255,-0.0323,-0.4353,0.1789,0.4461,0.3431,0.2372,-0.3775,0.2054,0.361,0.7627,-0.0355,0.2216,0.0413,-0.0988,0.0764,0.1429,-0.4582,0.4038,-0.0334,0.1138,0.3411,-0.0893,0.0283,-0.0032,-0.0546,-0.0194,0.0736,-0.0627,0.0509,-0.0529,-0.0057,0.0026,0.0563,-0.0308,-0.3176,-0.0549,-0.0732,0.3098,-0.2815,0.0875,0.295,-0.0384,0.0454,-0.3074,-0.0491,0.1319,-0.0989,-0.0655,0.1201,-0.0899,0.0175,0.0776,-0.0141,-0.0268,0.0407,0.0183,0.034,-0.0101,0.0418,-0.0543,-0.0558,-0.0018,0.003,-0.002,-0.0134,0.0052,0.0079,0.0123,-0.023,0.0158,-0.2139,0.0779,-0.0558,0.0,0.0183,-0.0249,-0.0975,0.018,0.1236,-0.0332,-0.004,0.0954,0.0162,-0.1109,0.0,0.1301,-0.1249,-0.0363,-0.0007,0.0,-0.243,0.122,-0.0097,-0.0585,0.0447,-0.0246,0.0134,-0.0086,-0.0338,-0.0036,-0.0115,0.0118,-0.0292,0.7355,0.8396,0.2128,-0.1061,0.0157,-0.2583,0.3773,0.4173,0.1,-0.1171,0.2222,-0.0886,-0.0403,0.2134,-0.0467,0.0104,0.1061,-0.0158,0.0224,0.0714,0.0093,0.3428,0.1708,0.9812,0.2071,0.0059,-0.2733,-0.0231,0.3063,0.2824,-0.0634,-0.2784,-0.0013,0.3002,0.3383,-0.3805,-0.059,0.5214,0.3945,-0.1929,-0.0726,-0.0627,0.0151,0.0277,0.2561,-0.1009,-0.0972,0.0022,-0.0171,0.1541,-0.0484,-0.0258,0.1656,0.1376,0.0392,0.039,0.4989,-0.0292,-0.2146,0.0,-0.0232,0.0198,-0.4353,-0.0676,0.0,-0.0057,0.0487,0.0034,0.0001,0.0454,0.0,-0.0292,-0.006,-0.0236
vol_ratio60,0.3254,0.3328,-0.0781,-0.1311,-0.1092,-0.1104,-0.0011,0.1764,0.2934,0.0,0.0949,-0.0136,0.1035,-0.1415,0.0218,-0.0173,-0.0497,0.3297,0.4465,0.0221,0.0414,0.2138,0.3451,0.0285,0.0262,0.495,0.3929,-0.0711,0.5368,-0.0778,-0.049,0.1259,-0.0679,0.0241,-0.043,0.1972,-0.0751,0.0129,-0.0486,-0.0162,0.0861,0.136,0.0234,0.1241,0.1007,-0.0774,-0.0357,-0.0808,0.055,-0.0803,0.0499,0.2479,0.0826,0.259,0.9291,1.0,-0.0515,0.7321,0.5695,-0.7325,0.2196,-0.0278,-0.3859,0.1382,0.4148,0.3298,0.2733,-0.3893,0.1814,0.3652,0.7143,-0.0099,0.2964,0.0611,-0.0975,0.0913,0.1612,-0.4742,0.4214,-0.0825,0.1758,0.3757,-0.1049,0.0135,-0.0073,-0.0634,-0.0231,0.0714,-0.0785,0.0331,-0.0617,-0.0085,0.0285,0.0509,-0.0168,-0.3271,-0.0568,-0.0848,0.3159,-0.2795,0.0641,0.3033,-0.0491,0.0646,-0.3106,-0.0423,0.0816,-0.0425,-0.0074,0.0768,-0.0354,0.0019,0.035,0.0012,-0.0177,0.0379,0.0349,0.0212,-0.034,0.067,-0.0358,-0.0571,0.0003,0.0162,-0.0208,-0.0045,0.0031,0.0007,-0.0028,-0.0046,0.008,-0.2358,0.0941,-0.0536,0.0,0.0349,-0.0223,-0.0856,0.0054,0.13,-0.0479,0.0071,0.085,0.0133,-0.113,0.0,0.1347,-0.1302,-0.0506,0.0156,0.0,-0.2166,0.1096,-0.0029,-0.0458,0.0766,-0.0428,-0.0021,-0.0077,-0.0266,-0.0291,0.0035,-0.0501,-0.0402,0.8238,0.9221,0.2626,-0.0584,0.0339,-0.2718,0.4849,0.5142,0.1022,-0.1537,0.2905,-0.1231,-0.0674,0.2748,-0.0671,0.002,0.1186,-0.013,0.0109,0.0788,0.0008,0.3844,0.1899,0.9147,0.1295,-0.0131,-0.2821,-0.0566,0.3647,0.2966,-0.0998,-0.278,-0.0278,0.344,0.364,-0.3761,-0.0916,0.5609,0.3837,-0.216,-0.1063,-0.1013,0.0434,0.0025,0.2642,-0.1055,-0.0423,0.0383,-0.0228,0.1683,-0.0464,-0.0527,0.0745,0.057,0.027,0.0352,0.4677,-0.0305,-0.1338,0.0,-0.0113,0.038,-0.3859,-0.0236,0.0,-0.0085,0.0492,-0.0399,0.0228,0.0646,0.0,-0.0305,-0.0009,-0.0251
sess_cumvol_ratio20s,-0.0134,-0.011,-0.0302,-0.038,-0.0614,0.0526,0.0192,-0.0316,0.0102,0.1126,-0.0109,0.0984,0.0129,-0.096,0.0064,0.1308,0.0747,0.3525,0.1083,0.4504,0.3738,0.3906,0.1175,0.45,0.2172,0.0757,0.29,0.0068,-0.0137,-0.0182,-0.0238,0.1652,-0.0417,0.0092,-0.0037,0.1081,0.0366,0.0029,-0.08,0.0965,0.0472,-0.1435,-0.0057,0.194,0.0209,-0.1866,-0.068,-0.1259,-0.0877,-0.2186,-0.0794,-0.1481,-0.1942,-0.0767,-0.0468,-0.0515,1.0,-0.0434,0.0007,0.0795,-0.0238,0.0174,0.0236,-0.0027,-0.0632,-0.0651,-0.0283,-0.0074,0.0395,0.0314,-0.0402,0.5513,0.1837,-0.0238,0.0132,0.0189,-0.0374,-0.1482,0.1154,-0.0819,0.0697,0.1832,-0.0089,0.1907,-0.11,-0.0352,0.035,0.1027,-0.0347,-0.0413,-0.0271,-0.0075,0.0936,-0.0272,-0.0146,0.0129,0.1107,-0.0303,-0.0023,-0.0843,-0.0103,0.0461,0.0084,0.0307,-0.0684,0.0526,-0.0523,0.0047,-0.0007,-0.0636,0.045,0.0057,-0.0537,-0.0655,-0.0598,-0.0557,0.0558,0.0811,-0.0149,-0.0556,-0.0154,-0.1023,-0.0117,0.0434,-0.0437,-0.065,0.0522,-0.0018,-0.1244,0.1593,-0.0742,-0.2633,-0.0153,0.0754,0.1212,-0.0017,-0.163,0.0642,-0.0407,0.0756,-0.1211,-0.0632,-0.0405,-0.031,0.0681,0.0593,0.0888,-0.0723,-0.0616,0.0012,0.0678,-0.042,0.0503,-0.0143,0.0458,0.0713,-0.0469,-0.075,0.0393,-0.1169,-0.023,-0.1339,0.0679,0.0147,0.2475,0.0671,0.1253,0.0958,0.199,0.0077,0.1292,0.0704,-0.0402,-0.2042,0.2471,-0.1573,-0.1511,0.2562,-0.1197,-0.086,0.0202,0.0088,-0.1518,0.0334,-0.0776,0.1996,0.0487,0.0609,-0.1862,-0.0477,-0.0708,-0.0726,0.1485,0.1183,-0.1037,-0.0981,-0.0641,0.1902,0.2423,-0.0491,-0.0824,0.134,0.0716,-0.079,-0.1027,-0.0684,0.0872,-0.0684,0.0531,-0.0058,0.0334,0.1167,0.069,0.0675,-0.1696,-0.1239,-0.2668,-0.1698,0.0246,-0.0632,0.0272,0.0,0.0177,0.0831,0.0,0.0,0.0236,0.0652,0.0951,-0.0075,0.1244,0.06,0.0821,0.0307,0.1126,0.0,0.0,0.0
vol_max_ratio20_5,0.3754,0.393,-0.1775,-0.2358,-0.1354,0.014,0.1579,0.1523,0.1776,0.0,0.0548,-0.0284,0.0814,-0.0749,0.0319,0.0178,0.049,0.2459,0.399,-0.0657,-0.0831,0.1337,0.3165,-0.0009,0.0803,0.4348,0.2627,-0.0495,0.4269,-0.0659,-0.0247,0.2032,-0.0546,-0.0102,-0.0378,0.1734,0.0467,0.0351,-0.0649,-0.0033,0.0652,0.2075,0.051,0.0577,0.0796,0.0083,0.0093,-0.024,0.0413,-0.0247,0.0443,0.3273,0.1623,0.3089,0.7838,0.7321,-0.0434,1.0,0.7639,-0.7898,0.3156,0.0068,-0.5683,0.204,0.4294,0.4325,0.3079,-0.4921,0.269,0.5819,0.9191,-0.0283,0.2604,0.0365,-0.054,0.0921,0.138,-0.4076,0.3813,-0.0594,0.2007,0.2904,-0.0782,0.0208,-0.0075,-0.0282,-0.0014,0.0637,-0.0861,0.0337,-0.0309,0.004,0.0108,0.0228,-0.0006,-0.2311,-0.0479,-0.1136,0.2087,-0.1361,0.0332,0.2639,-0.0634,0.0314,-0.2476,-0.0155,0.1396,-0.1047,-0.0746,0.1535,-0.1094,-0.0125,0.1243,0.0077,-0.0417,0.0119,0.0091,0.0596,-0.0108,0.028,-0.051,-0.0542,0.0333,-0.0138,-0.0156,0.0,-0.0028,0.0042,0.0514,-0.0484,0.0095,-0.1481,0.0837,-0.0714,0.0,0.0091,-0.0131,-0.0713,0.0027,0.1116,-0.0428,0.0376,0.0688,0.0125,-0.1006,0.0,0.1211,-0.1117,-0.0153,0.0297,0.0,-0.2281,0.1255,0.0818,0.0327,0.0417,-0.0051,-0.0185,-0.0266,-0.0359,-0.0128,-0.0143,0.0478,-0.0068,0.4889,0.5995,0.2201,-0.0914,0.0334,-0.2006,0.3997,0.4117,0.0981,-0.0992,0.1863,-0.0821,0.0096,0.1766,-0.0199,-0.0033,0.0882,-0.0255,0.0483,0.0474,0.0403,0.2466,0.1447,0.767,0.2381,-0.0115,-0.1824,-0.0768,0.2948,0.2253,-0.1015,-0.1855,-0.0547,0.2823,0.2791,-0.2725,-0.0976,0.4442,0.3233,-0.1344,-0.1072,-0.1033,0.0568,-0.0316,0.1809,-0.036,-0.0611,0.0216,-0.0089,0.1352,-0.1091,-0.0969,0.1227,0.1105,0.0838,0.0395,0.5202,-0.0608,-0.2341,0.0,-0.0457,0.0109,-0.5683,-0.1013,0.0,0.004,0.0341,0.0148,0.0116,0.0314,0.0,-0.0608,-0.0358,-0.0473
vol_max_ratio20_15,0.5174,0.5254,-0.2536,-0.3401,-0.1808,0.1019,0.1562,0.2518,0.1733,0.0,0.0792,-0.0279,0.0745,-0.0063,0.0462,0.0034,0.0334,0.1737,0.3037,-0.0782,-0.0839,0.1143,0.3045,0.0605,0.2018,0.3384,0.1688,-0.0494,0.3047,-0.0634,-0.0158,0.3226,-0.0388,0.0136,-0.0473,0.097,0.0306,0.0502,-0.0652,0.0368,0.0625,0.2667,0.0727,0.0582,0.0711,-0.0099,0.0014,-0.0369,-0.0084,-0.0471,0.0044,0.4204,0.2135,0.3987,0.5767,0.5695,0.0007,0.7639,1.0,-0.5149,0.3596,0.0287,-0.707,0.2846,0.2127,0.5876,0.4317,-0.7242,0.4186,0.5558,0.763,0.0152,0.1817,0.053,-0.049,0.081,0.1098,-0.2676,0.2628,-0.0862,0.1887,0.1714,-0.0697,0.0701,0.0145,-0.0236,0.0116,0.0336,-0.0451,0.0093,-0.0389,-0.0362,0.0217,0.0413,0.0011,-0.1407,-0.0597,-0.0374,0.1254,-0.0727,0.0236,0.1538,-0.017,0.0599,-0.169,0.0131,0.2114,-0.1786,-0.1458,0.2088,-0.1748,0.0401,0.1455,0.0153,-0.0033,-0.0135,-0.0052,0.0125,0.0014,0.0309,0.0208,-0.0269,0.0378,-0.0026,-0.0343,0.04,-0.0324,0.0017,0.0818,-0.0549,-0.0112,-0.0658,0.067,-0.0708,0.0,-0.0052,0.0315,-0.0577,-0.0187,0.0383,0.0141,0.0285,0.0626,0.0052,-0.0881,0.0,0.0393,-0.0367,-0.0398,0.0234,0.0,-0.1307,0.0576,0.0447,0.0263,0.0513,0.0125,-0.0013,-0.042,0.0204,-0.0051,0.0262,0.0343,0.0031,0.2995,0.3976,0.1575,-0.0154,0.0361,-0.1527,0.3149,0.2988,0.0593,-0.055,0.0972,-0.0328,-0.0214,0.0865,-0.0155,0.0568,0.002,0.049,0.0833,-0.0338,0.0721,0.1579,0.093,0.5548,0.2858,0.0123,-0.1027,-0.0817,0.2244,0.1622,-0.0884,-0.126,-0.0714,0.2347,0.2065,-0.172,-0.0908,0.3174,0.2276,-0.0497,-0.1005,-0.0867,0.0577,-0.0493,0.094,0.0273,-0.0948,-0.0084,0.0094,0.083,-0.0438,-0.062,-0.0264,-0.0529,0.0623,0.0301,0.4033,-0.0693,-0.3514,0.0,-0.0552,0.0126,-0.707,-0.1787,0.0,-0.0362,-0.0223,-0.0004,0.0051,0.0599,0.0,-0.0693,-0.0574,-0.0686
hv2_bars_since,0.0604,0.0283,-0.0929,-0.1043,-0.0236,0.0867,0.0779,0.0354,-0.1315,0.0,-0.0371,0.0378,-0.0728,0.1267,0.0429,-0.0629,-0.063,-0.3154,-0.3661,-0.0758,-0.04,-0.2325,-0.3166,0.0012,0.1036,-0.4184,-0.3188,0.0503,-0.3995,0.0421,-0.0628,0.1451,-0.0307,0.1013,0.0109,-0.2189,-0.0622,-0.0258,0.0665,0.0061,-0.0589,0.008,-0.0263,-0.0969,-0.0724,0.0647,0.0343,0.0694,-0.0073,0.0665,-0.0591,0.0506,0.0711,0.0191,-0.7829,-0.7325,0.0795,-0.7898,-0.5149,1.0,-0.0298,0.0205,0.0,0.0262,-0.5068,-0.239,-0.0751,0.1582,-0.0869,-0.3136,-0.7497,0.0539,-0.3001,-0.0181,0.0547,-0.0747,-0.1375,0.3952,-0.3756,0.0675,-0.1298,-0.3244,0.0737,0.0132,0.0586,0.0454,-0.0089,-0.0413,0.1089,-0.0429,0.0277,-0.0031,-0.0132,-0.0171,-0.0351,0.2405,0.0193,0.0922,-0.2313,0.2082,-0.0797,-0.2686,0.0669,-0.0277,0.2563,0.0495,0.0699,-0.0574,-0.0584,-0.0027,-0.1022,0.1055,0.0033,-0.0156,-0.0277,-0.0744,-0.0319,-0.0711,0.0373,-0.0144,0.0404,0.1087,0.0109,-0.0055,-0.0043,0.007,-0.0017,-0.0059,-0.0218,-0.0172,0.0404,0.1929,-0.0781,0.0421,0.0,-0.0319,0.0638,0.0358,0.0737,-0.1444,0.0974,-0.0445,-0.0259,-0.0109,0.0654,0.0,-0.1406,0.1371,0.0163,-0.0003,0.0,0.1752,-0.1102,0.0073,0.007,-0.0535,0.0247,0.0186,-0.0033,0.0813,0.0289,0.0788,-0.064,0.0153,-0.6453,-0.7217,-0.1784,0.0751,-0.0309,0.1907,-0.3309,-0.3547,-0.09,0.2042,-0.2849,0.1554,0.0928,-0.2757,0.0921,0.1334,-0.2535,0.1253,0.1014,-0.2118,0.0828,-0.2651,-0.1054,-0.7857,0.0449,-0.0267,0.2068,0.072,-0.2859,-0.225,0.1032,0.2117,0.0487,-0.2818,-0.3002,0.2869,0.1067,-0.4513,-0.3289,0.1964,0.1033,0.1259,-0.0567,0.0169,-0.2506,0.0936,0.0544,-0.0204,0.1141,-0.1471,0.1368,0.0816,-0.0603,-0.0945,-0.0446,-0.0803,-0.3178,0.0,-0.1111,0.0,0.0,-0.0441,0.0,-0.1253,0.0,-0.0031,-0.1211,0.0163,-0.0135,-0.0277,0.0,0.0,0.0,0.0
hv2_dir=down,0.3812,0.3865,-0.235,-0.1477,-0.0218,0.0815,0.1376,0.2055,0.0993,-0.1813,-0.0227,0.015,0.399,0.0379,0.1141,-0.0308,0.049,-0.0285,0.0391,-0.0872,-0.0876,0.0348,0.1379,0.1283,0.2228,0.0652,0.0127,-0.3707,0.0947,-0.3018,-0.2811,0.3111,-0.3722,-0.0053,-0.4646,0.0012,0.0331,-0.0063,-0.0046,-0.0107,-0.0344,0.2212,0.0491,0.002,0.3991,0.0247,0.0229,-0.0069,0.0194,-0.0096,-0.0121,0.3505,0.2595,0.3124,0.2255,0.2196,-0.0238,0.3156,0.3596,-0.0298,1.0,-0.0498,-0.5365,-0.4638,-0.0431,0.0648,0.5189,-0.3247,-0.1437,0.1829,0.2904,0.0068,-0.0333,0.4002,-0.4103,-0.1197,0.2034,-0.0248,-0.01,-0.0007,0.0232,0.0067,-0.3956,0.0268,-0.0111,-0.1048,0.0643,0.0176,-0.0154,-0.0431,0.0577,-0.0013,-0.0059,-0.0569,0.0486,0.0061,-0.0022,-0.0255,-0.0001,0.0189,0.0068,0.0703,-0.0259,-0.0184,-0.053,0.0258,0.2555,-0.2345,-0.2176,0.2257,-0.2499,0.0954,0.1884,0.0239,-0.0102,-0.0227,0.0289,0.0222,-0.0515,0.0064,-0.0102,0.0086,0.1897,0.0138,-0.2102,-0.0395,0.0118,0.0291,0.0002,-0.0276,0.0328,0.0249,0.2657,-0.2268,-0.1793,0.1134,-0.0027,-0.0699,-0.0249,0.0629,0.0066,-0.0189,0.0309,0.0425,0.0019,-0.141,0.0656,-0.0609,0.0169,0.0487,-0.0867,-0.0013,-0.0038,0.0078,0.0177,-0.0111,0.0046,0.012,-0.0125,0.0354,-0.0301,-0.0034,0.0096,-0.3656,-0.0094,0.0242,0.0159,-0.0088,0.0574,-0.0254,0.1404,0.1112,0.0034,0.0214,-0.0201,0.0219,0.0167,-0.0253,-0.0029,0.0627,-0.099,0.0579,0.0539,-0.0962,0.055,0.01,0.0152,0.1169,0.2892,-0.3051,-0.0051,-0.0064,0.0229,0.0113,-0.0163,0.0152,0.0029,0.0089,0.0346,-0.0325,-0.0137,0.0517,0.0288,0.0109,-0.0131,0.0063,0.0131,-0.0094,-0.0013,-0.0008,-0.0706,0.0164,0.0325,0.0459,0.0005,-0.0348,0.0901,0.0328,0.0963,0.0421,0.2914,-0.0498,-0.3237,-0.2755,-0.0249,-0.0503,-0.5365,-0.2654,-0.2387,-0.0013,0.0281,0.0487,-0.006,-0.0184,-0.1813,-0.0557,-0.0352,-0.0431
hv2_dir=flat,0.0564,0.0672,-0.0253,-0.0292,-0.0259,-0.0296,0.058,0.0648,-0.0167,-0.0177,-0.0054,-0.0272,-0.0327,-0.0243,0.0126,-0.0401,-0.0037,-0.0481,0.0082,-0.0759,-0.0618,-0.0521,0.0137,-0.0497,0.0025,-0.0011,-0.0366,0.035,0.0196,-0.002,0.031,0.0453,0.0191,0.0217,0.0401,0.0057,0.0274,0.0146,-0.0437,-0.0029,0.0049,0.0377,0.0223,-0.0124,-0.0322,0.0199,0.0518,-0.0086,0.0326,0.0321,0.0486,0.069,0.0602,0.0569,-0.0323,-0.0278,0.0174,0.0068,0.0287,0.0205,-0.0498,1.0,-0.0524,-0.0453,-0.1647,-0.0274,-0.0375,-0.0122,0.0551,0.0074,-0.0121,0.0087,-0.0291,-0.0272,0.0142,0.0074,-0.0234,-0.0325,0.0036,0.0568,0.0037,-0.0494,0.0325,-0.038,0.0419,0.001,0.0327,0.0009,0.0584,-0.0042,-0.0364,-0.0095,-0.0207,0.0627,-0.0404,-0.0074,-0.0327,0.047,-0.0068,0.0092,0.045,0.0291,-0.0354,-0.0069,0.0011,0.0101,0.0854,-0.0737,-0.0698,0.0555,-0.0689,0.0521,0.0295,-0.0049,-0.0064,-0.0054,-0.0442,0.0342,0.0025,-0.0081,-0.0064,0.0572,-0.0308,0.0106,0.0177,0.0591,-0.0371,-0.014,0.1053,-0.0521,-0.036,0.0079,-0.0423,-0.0069,-0.0175,-0.0356,0.0218,-0.0013,-0.0024,-0.0431,0.0399,-0.0104,0.0283,-0.0178,0.0102,-0.0138,-0.0422,0.0432,-0.0034,-0.0024,-0.0085,-0.0278,0.0037,-0.0069,-0.0064,-0.0133,-0.0101,0.0268,-0.0092,0.0386,0.0074,0.0572,-0.0007,0.0239,-0.0628,-0.0675,0.0091,-0.0078,-0.0667,0.0436,0.0127,0.0253,0.0045,0.053,-0.0432,-0.0185,0.0759,-0.0441,0.0909,-0.0161,-0.0078,-0.0065,0.0233,-0.0179,-0.0025,-0.0162,-0.0052,-0.0396,0.0831,-0.0009,0.0405,-0.0432,0.0184,-0.0308,-0.0432,0.0509,-0.0432,0.0138,-0.006,0.0314,-0.0432,0.0127,-0.0272,0.0262,-0.0432,-0.0432,0.0432,-0.0432,-0.0057,0.0177,-0.0008,0.0148,0.0388,-0.0129,-0.016,-0.0202,0.0048,0.0146,-0.0206,-0.011,0.0569,-0.0049,-0.0376,-0.0269,-0.0024,-0.0073,-0.0524,-0.0288,-0.0233,-0.0095,-0.0282,-0.0024,-0.0232,-0.0069,-0.0177,-0.0054,-0.0034,-0.0042
hv2_dir=none,-0.7244,-0.72,0.404,0.3302,0.0767,-0.2065,-0.3065,-0.3139,-0.1803,0.3379,-0.0586,-0.0315,-0.0217,-0.0236,-0.2255,0.0458,-0.0145,0.1441,0.011,0.2058,0.194,0.0115,-0.2003,-0.1949,-0.4219,-0.0145,0.067,0.0092,-0.107,0.0168,0.0237,-0.613,0.0305,-0.0444,0.0533,0.0093,-0.0131,-0.0195,0.0093,-0.0249,0.0124,-0.437,-0.125,0.0354,-0.0213,-0.0311,0.0042,-0.0314,0.009,0.0038,0.0254,-0.6518,-0.4954,-0.572,-0.4353,-0.3859,0.0236,-0.5683,-0.707,0.0,-0.5365,-0.0524,1.0,-0.4878,0.0,0.0,-0.4036,0.6315,-0.3639,-0.3284,-0.4882,0.0195,0.1406,-0.0179,0.0423,-0.0294,-0.025,-0.0153,0.0602,-0.0183,0.0337,0.0739,0.0199,-0.101,-0.0405,0.016,-0.0763,0.0121,-0.0478,0.0385,-0.0507,0.0489,0.0169,0.0242,-0.0349,0.0031,0.0147,-0.0193,0.0029,-0.0051,-0.0798,-0.0841,0.0689,0.0544,0.0205,0.0687,-0.4369,0.3821,0.3244,-0.3515,0.4276,-0.2132,-0.2788,-0.0161,0.0406,0.0064,0.0045,0.0475,-0.0297,0.0227,-0.042,-0.025,-0.0457,0.0357,0.0007,-0.0285,0.0271,-0.0071,-0.0485,0.0988,-0.0728,-0.0811,-0.0176,0.0219,0.3343,-0.1535,-0.0815,0.2026,-0.0262,-0.0635,-0.119,0.0087,-0.0885,-0.1238,0.1064,0.2628,-0.0725,0.0654,0.0143,-0.0262,0.1616,0.0677,-0.0309,-0.0228,0.0131,-0.0063,-0.0024,-0.0521,0.0494,-0.0798,-0.0603,-0.0391,-0.0052,-0.0235,0.0649,0.0044,-0.0374,0.0136,-0.0817,0.0816,-0.1954,-0.1441,-0.0018,-0.1587,0.152,-0.1408,-0.1196,0.1411,-0.1162,-0.2216,0.2849,-0.1942,-0.1846,0.28,-0.1864,0.0275,-0.0323,-0.1924,-0.5537,-0.0043,-0.0414,0.0127,0.0085,0.0544,0.0104,-0.0132,0.025,-0.0275,-0.0012,0.0128,0.0134,-0.036,-0.0387,-0.0259,0.0205,-0.0122,-0.0186,0.0291,0.0474,-0.042,0.1247,-0.0164,-0.0526,-0.0726,-0.0802,0.016,-0.1315,0.0254,-0.1144,-0.03,-0.4138,0.0929,0.609,0.5135,0.0463,0.0669,1.0,0.4629,0.4449,0.0489,0.1027,-0.0262,0.0372,0.0544,0.3379,0.1039,0.0656,0.0804
hv2_dir=up,0.3584,0.3466,-0.1776,-0.1897,-0.0541,0.1373,0.171,0.1074,0.0894,-0.1648,0.086,0.0217,-0.3853,-0.0108,0.1171,-0.0102,-0.035,-0.1146,-0.0533,-0.1145,-0.1039,-0.0403,0.0657,0.0796,0.2124,-0.0522,-0.078,0.3688,0.0114,0.2951,0.2615,0.3155,0.3504,0.0487,0.4239,-0.0108,-0.0247,0.0248,0.0016,0.0377,0.0218,0.2246,0.0771,-0.0374,-0.386,0.0041,-0.036,0.0415,-0.0345,0.0011,-0.0215,0.3118,0.243,0.2693,0.1789,0.1382,-0.0027,0.204,0.2846,0.0262,-0.4638,-0.0453,-0.4878,1.0,0.0718,-0.0601,-0.1073,-0.3259,0.5231,0.1184,0.1737,-0.0287,-0.1083,-0.3914,0.3783,0.1537,-0.1808,0.0467,-0.0535,0.0113,-0.06,-0.0772,0.3837,0.0842,0.0477,0.0916,0.0073,-0.0311,0.057,0.0049,-0.0009,-0.0486,-0.0085,0.024,-0.0073,-0.0084,-0.0082,0.0396,-0.0019,-0.0156,0.07,0.0113,-0.0403,-0.0372,0.0332,-0.1002,0.1818,-0.1477,-0.1052,0.1274,-0.1803,0.1175,0.0936,-0.0071,-0.0311,0.0177,-0.0279,-0.0782,0.0841,-0.0292,0.0556,0.0086,-0.1437,-0.0534,0.2143,0.0619,-0.035,-0.0205,0.0348,-0.0674,0.048,0.0583,-0.2502,0.2128,-0.1631,0.0494,0.0852,-0.1404,0.0536,0.0081,0.1121,0.012,0.0568,0.0889,-0.1154,-0.1282,0.0147,-0.0123,-0.032,-0.0226,-0.0788,-0.0657,0.0359,0.017,-0.0311,0.0201,-0.0008,0.0382,-0.0376,0.0413,0.0934,0.036,-0.0043,0.3998,-0.0487,-0.0194,0.0214,-0.004,0.0366,-0.0661,0.0492,0.0258,-0.0024,0.1366,-0.1324,0.1276,0.097,-0.1155,0.1108,0.1706,-0.1958,0.1449,0.1347,-0.1921,0.1391,-0.0368,0.0191,0.0872,0.27,0.3206,0.0427,-0.0001,-0.0354,-0.0642,0.0125,-0.0096,-0.0227,0.0176,-0.0337,0.0154,0.0067,-0.0176,0.015,0.012,-0.0013,0.0128,-0.0006,-0.0144,-0.0476,0.0423,-0.0579,-0.002,0.0157,0.0308,0.0861,0.0223,0.044,-0.0628,0.0238,-0.0104,0.1056,-0.0453,-0.2993,-0.2505,-0.0226,-0.0171,-0.4878,-0.2075,-0.217,-0.0486,-0.1328,-0.0226,-0.0294,-0.0372,-0.1648,-0.0507,-0.032,-0.0392
hv2_dir_agree,-0.0606,-0.045,0.0737,0.0964,0.0281,-0.0882,-0.0392,0.006,0.0473,0.0,-0.0426,-0.0226,0.0926,-0.0527,-0.0231,-0.0303,0.0278,0.1782,0.225,0.0186,0.0072,0.1045,0.16,-0.0174,-0.0606,0.2419,0.1807,-0.0792,0.2441,-0.0639,0.0122,-0.0991,-0.0211,-0.0339,-0.06,0.1111,0.0187,-0.0118,0.0125,-0.0334,0.0311,-0.0052,-0.0128,0.088,0.0977,-0.0231,-0.0183,-0.0577,0.0157,-0.0067,0.0347,-0.0542,-0.0499,-0.0336,0.4461,0.4148,-0.0632,0.4294,0.2127,-0.5068,-0.0431,-0.1647,0.0,0.0718,1.0,0.1021,0.0253,-0.0492,0.0249,0.1875,0.4182,-0.0163,0.1567,0.0655,-0.0965,0.064,0.1068,-0.2544,0.246,-0.038,0.089,0.1651,-0.0906,-0.042,-0.0491,-0.069,-0.0134,-0.0003,-0.0538,0.0231,-0.0445,0.0215,0.0172,0.0307,-0.0004,-0.1389,0.0292,-0.017,0.124,-0.1711,0.0175,0.1625,-0.0081,0.0401,-0.1887,-0.0214,-0.0477,0.0633,0.0707,-0.0718,0.0744,-0.0025,-0.0693,0.0401,0.0401,0.0401,-0.0161,-0.0391,0.0143,0.0137,0.0137,0.0047,0.0052,-0.0356,0.0407,0.0389,-0.025,-0.009,0.0697,-0.0185,-0.043,-0.0807,0.0805,-0.097,0.0,-0.0161,0.0163,-0.1141,0.0231,0.095,0.0009,0.0133,-0.0361,0.122,-0.1161,0.0,0.0889,-0.097,0.0231,0.0231,0.0,-0.1151,0.1087,-0.0294,-0.0064,0.0288,-0.0187,-0.0557,0.0492,-0.0309,0.0344,-0.0468,0.0246,-0.0576,0.3914,0.4275,0.0859,0.0022,0.0044,-0.1276,0.2486,0.2404,0.0417,-0.0807,0.144,-0.0931,-0.0258,0.136,-0.0047,-0.0003,0.1232,-0.0176,-0.005,0.1045,-0.0012,0.1319,0.0176,0.4494,-0.0326,0.0054,-0.1221,0.0115,0.1098,0.1224,-0.0112,-0.1389,0.0158,0.1234,0.1594,-0.1797,-0.0112,0.2134,0.1758,-0.1343,-0.0092,-0.0275,-0.0063,0.034,0.1183,-0.0761,-0.0601,-0.0043,-0.0743,0.0887,-0.0254,0.0029,0.0377,0.0369,0.0841,0.0151,0.1645,0.0,0.0997,0.0,0.0,-0.0207,0.0,0.0809,0.0,0.0215,0.1179,-0.0821,0.0246,0.0401,0.0,0.0,0.0,0.0
hv2_ratio,0.045,0.0608,-0.0789,0.0125,-0.0426,-0.0065,0.0163,0.0174,0.0296,0.0,0.0036,-0.0171,0.0633,0.0232,0.0207,0.0657,0.1192,0.1759,0.2403,-0.0109,-0.0657,0.0884,0.1713,-0.0044,0.0082,0.2824,0.2192,-0.0289,0.2997,-0.0361,-0.0227,-0.0593,-0.0329,-0.0407,-0.0618,0.0991,0.1177,-0.0119,0.0425,-0.0521,0.0165,0.0197,-0.0168,0.0219,0.0601,0.0128,-0.0027,-0.0424,0.0627,0.0016,0.0131,0.0579,0.03,0.0312,0.3431,0.3298,-0.0651,0.4325,0.5876,-0.239,0.0648,-0.0274,0.0,-0.0601,0.1021,1.0,0.2816,-0.4639,0.1908,0.1769,0.4665,-0.0127,0.2096,0.026,-0.045,-0.0051,0.0308,-0.2093,0.2454,-0.0103,0.11,0.1989,-0.06,-0.055,0.028,0.0179,-0.0697,0.0095,-0.1,0.044,-0.0573,0.0106,0.0613,0.0147,0.0384,-0.1468,-0.0782,-0.0811,0.152,-0.0605,-0.0172,0.0885,-0.0335,0.0965,-0.0896,-0.0044,-0.002,-0.0102,-0.0329,0.0334,0.0279,-0.0732,0.0391,-0.0573,-0.0483,0.0493,-0.0197,0.0448,0.0105,0.0348,-0.0308,-0.0159,0.027,-0.01,-0.0152,-0.0156,-0.0031,0.0238,0.0178,-0.0153,0.0014,-0.0816,0.0747,-0.0952,0.0,-0.0197,-0.008,0.0455,0.02,-0.017,-0.0219,0.0288,0.042,-0.0689,0.0365,0.0,-0.0091,0.0151,-0.0493,0.0076,0.0,-0.0726,0.0245,0.028,0.0099,0.0139,-0.0574,-0.0005,0.0048,-0.0284,0.0044,0.0054,0.1279,-0.044,0.2454,0.2968,0.084,-0.0403,0.0061,-0.106,0.2031,0.2192,0.0339,-0.1517,0.1396,-0.0701,-0.0993,0.1233,-0.1285,-0.1205,0.2207,-0.1019,-0.0569,0.1929,-0.0367,0.1744,0.1065,0.3515,0.0434,0.0104,-0.1803,0.0247,0.146,0.1868,0.0197,-0.1762,0.0392,0.1236,0.18,-0.2376,0.0183,0.2222,0.2928,-0.0411,0.0135,0.0059,-0.0616,0.0618,0.0661,-0.0314,-0.0344,-0.0156,0.0127,0.0715,-0.0118,0.0195,0.0504,0.118,-0.0055,-0.0155,0.227,0.0,-0.0695,0.0,0.0,0.0819,0.0,0.0255,0.0,0.0106,0.0257,-0.0336,0.0613,0.0965,0.0,0.0,0.0,0.0
hv3_dir=down,0.4173,0.4155,-0.1948,-0.1513,-0.1104,0.0144,0.1105,0.265,0.1781,-0.1364,-0.0045,0.0383,0.1825,0.0418,0.0968,-0.058,0.0053,-0.0045,0.0678,-0.0784,-0.0696,0.0067,0.1047,0.0933,0.1811,0.0963,0.0346,-0.1887,0.106,-0.135,-0.21,0.268,-0.2226,-0.0231,-0.2445,-0.0272,0.005,-0.0173,0.0166,-0.0378,-0.0233,0.2074,0.022,0.0039,0.1807,0.0306,0.0081,-0.0074,0.0644,-0.0127,-0.0455,0.3505,0.2323,0.315,0.2372,0.2733,-0.0283,0.3079,0.4317,-0.0751,0.5189,-0.0375,-0.4036,-0.1073,0.0253,0.2816,1.0,-0.6391,-0.2603,0.1827,0.2913,0.0278,-0.0711,0.2244,-0.2262,-0.0747,0.0779,-0.0035,-0.0267,-0.024,0.0426,0.0192,-0.178,0.0327,0.0227,-0.0067,0.0309,-0.0451,0.0729,-0.0324,-0.0411,-0.0296,-0.032,0.0883,-0.0259,-0.0201,-0.0481,0.026,0.0207,0.0036,0.021,0.0272,-0.0205,0.0062,-0.0137,-0.013,0.2065,-0.1752,-0.147,0.1868,-0.1823,0.0784,0.1297,-0.0375,-0.0497,-0.0419,0.0213,-0.0366,0.0312,-0.0117,-0.018,0.0031,0.1474,-0.0849,-0.0408,0.0721,-0.0648,0.0125,0.0803,-0.0868,0.0287,0.0299,0.1459,-0.1187,-0.1349,0.0848,0.0745,-0.091,-0.0187,0.0321,0.0524,-0.0006,0.0184,0.0699,-0.0487,-0.1061,0.0427,-0.0306,-0.0265,-0.0187,-0.0652,0.0058,0.004,0.0358,0.0137,0.0553,0.0244,-0.0251,-0.0255,0.0152,0.048,0.0056,-0.0159,-0.2048,0.0478,0.0884,-0.0254,-0.0336,0.0294,-0.014,0.1408,0.1207,-0.0626,-0.0124,-0.0055,-0.0116,-0.0323,-0.0067,-0.0285,0.0346,-0.0527,0.0118,0.0449,-0.0544,0.0461,0.0519,0.0357,0.1497,0.2358,-0.1903,-0.043,0.0177,0.0253,0.0319,0.0061,-0.0255,0.0221,0.0103,0.0588,-0.0705,0.01,0.0664,0.0722,0.0043,0.0078,0.022,-0.0154,0.0159,0.0024,-0.0108,-0.021,0.0155,0.0963,0.0069,0.0814,0.0443,0.1019,0.0634,0.0054,0.0377,0.2283,-0.0375,-0.2757,-0.2072,-0.0187,-0.0284,-0.4036,-0.2132,-0.1796,-0.0296,-0.0333,-0.0187,-0.0424,0.0062,-0.1364,-0.0419,-0.0265,-0.0324
hv3_dir=none,-0.6398,-0.6413,0.3048,0.2688,0.1763,-0.0672,-0.2385,-0.3444,-0.2422,0.2134,-0.0611,-0.0184,0.003,-0.0226,-0.1515,0.0606,-0.0044,0.0221,-0.1007,0.1437,0.1353,-0.0271,-0.2131,-0.1624,-0.35,-0.1021,-0.0076,-0.0154,-0.1452,-0.0053,0.0112,-0.4735,-0.002,-0.0141,-0.0008,0.0064,-0.0144,-0.0103,0.0138,-0.0134,-0.0148,-0.3373,-0.0754,-0.0393,0.0018,-0.006,0.0121,0.0142,-0.0177,0.0324,0.0344,-0.536,-0.3469,-0.5066,-0.3775,-0.3893,-0.0074,-0.4921,-0.7242,0.1582,-0.3247,-0.0122,0.6315,-0.3259,-0.0492,-0.4639,-0.6391,1.0,-0.5763,-0.3529,-0.4689,-0.0548,0.0603,0.0034,0.0021,-0.0192,-0.011,0.0191,-0.0047,0.0057,-0.0659,0.0004,-0.0059,-0.1035,-0.0591,-0.0073,-0.0411,0.036,-0.0557,0.0099,-0.0051,0.0591,0.0247,-0.0349,-0.0059,0.0564,0.0556,-0.0352,-0.0516,0.0339,-0.0579,-0.0617,0.0547,0.0078,0.0185,0.0581,-0.3378,0.2793,0.2273,-0.2777,0.3045,-0.155,-0.1957,-0.0122,-0.0027,0.0339,0.0295,0.0307,-0.0387,0.0119,-0.0295,-0.0328,-0.0472,0.0541,-0.0214,-0.0638,0.0564,-0.0096,-0.1161,0.1107,-0.0238,-0.0245,0.0051,0.0271,0.2111,-0.0705,-0.0946,0.1472,0.0293,-0.0198,-0.1134,0.0076,-0.0716,-0.0851,0.0925,0.166,-0.0194,0.0175,0.0414,-0.0414,0.1021,0.0628,-0.0252,0.0078,-0.0027,-0.0667,-0.034,0.0017,0.0402,-0.0663,-0.0679,-0.0454,-0.0038,-0.0343,-0.0401,-0.1044,-0.0307,-0.0122,-0.046,0.0638,-0.229,-0.1823,0.0284,-0.0636,0.0558,-0.0819,-0.0446,0.0505,-0.0583,-0.1493,0.127,-0.1223,-0.1457,0.1397,-0.1563,-0.0363,-0.0496,-0.2336,-0.3962,-0.0557,0.0061,0.0234,-0.0499,-0.0027,0.0228,0.0482,0.0288,-0.0888,-0.0731,0.0588,0.0281,-0.1047,-0.0811,0.0023,0.0357,0.0098,-0.0167,0.023,0.0231,-0.0164,0.1119,0.007,-0.0236,-0.0707,-0.0728,-0.0171,-0.0807,0.0063,-0.07,-0.0127,-0.3259,0.0586,0.4414,0.3243,0.0293,0.0172,0.6315,0.3187,0.281,0.0591,0.0922,0.0293,0.0489,0.0078,0.2134,0.0656,0.0414,0.0508
hv3_dir=up,0.3598,0.3636,-0.1757,-0.1766,-0.1041,0.0691,0.182,0.1508,0.1148,-0.123,0.0815,-0.0175,-0.1978,-0.016,0.0873,-0.0145,-0.0001,-0.023,0.0544,-0.0971,-0.0959,0.0269,0.1564,0.1047,0.2469,0.0258,-0.0272,0.2199,0.0696,0.1501,0.209,0.3096,0.2391,0.0422,0.2577,0.0211,0.0127,0.0313,-0.035,0.057,0.0434,0.2031,0.0713,0.0452,-0.1943,-0.025,-0.0239,-0.01,-0.0462,-0.0272,0.0052,0.3005,0.1887,0.3012,0.2054,0.1814,0.0395,0.269,0.4186,-0.0869,-0.1437,0.0551,-0.3639,0.5231,0.0249,0.1908,-0.2603,-0.5763,1.0,0.2327,0.2639,0.0392,-0.0001,-0.2427,0.2377,0.1034,-0.069,-0.0202,0.0343,0.0183,0.0374,-0.0209,0.1966,0.0951,0.05,0.0163,0.0184,0.0027,-0.0076,0.022,0.0501,-0.0428,0.003,-0.0501,0.0351,-0.0495,-0.0186,0.0166,0.0428,-0.0464,0.0503,0.0486,-0.0468,-0.0164,-0.0087,-0.059,0.2047,-0.1645,-0.1292,0.1501,-0.1885,0.1112,0.1079,0.0551,0.0562,0.002,-0.0596,0.0003,0.0155,-0.0024,0.0562,0.0379,-0.0973,0.0223,0.0702,0.0035,-0.0018,-0.0013,0.0603,-0.0467,-0.0005,-0.0009,-0.1614,0.0921,-0.1217,-0.0016,0.0396,-0.0881,-0.0169,-0.0092,0.0867,-0.0089,0.0704,0.0326,-0.0643,-0.0957,-0.021,0.0105,-0.0239,0.0719,-0.0588,-0.0851,0.0274,-0.0479,-0.0111,0.0249,0.0167,0.0245,-0.0234,0.0671,0.0343,0.0511,0.0218,0.2612,-0.0005,0.0369,0.0656,0.051,0.0266,-0.0651,0.1337,0.0973,0.0314,0.093,-0.0642,0.1151,0.0903,-0.0563,0.1033,0.1506,-0.1035,0.1409,0.1351,-0.1175,0.147,-0.0096,0.0244,0.134,0.2469,0.2721,0.0381,-0.0481,0.0358,-0.0304,-0.0351,-0.0334,-0.0596,0.1005,0.0293,0.0011,-0.0458,0.0609,0.025,-0.0075,-0.0532,-0.0357,0.0374,-0.0458,-0.0315,0.032,-0.1181,-0.0252,-0.0727,0.0815,0.0049,-0.0256,-0.007,-0.0752,0.0822,-0.0241,0.1606,-0.0338,-0.2612,-0.1869,-0.0169,0.0086,-0.3639,-0.1735,-0.1619,-0.0428,-0.0804,-0.0169,-0.0164,-0.0164,-0.123,-0.0378,-0.0239,-0.0292
vol_ratio20_at_choch,0.269,0.2762,-0.0241,-0.21,-0.1868,-0.0681,0.088,0.1999,0.1103,0.1341,0.1081,-0.0002,0.0551,0.0328,-0.1614,-0.0051,-0.018,0.3517,0.4223,0.0712,0.0792,0.2476,0.3298,0.0459,0.0192,0.4024,0.1681,-0.0707,0.1508,-0.0775,-0.0444,0.1234,-0.0647,-0.0137,-0.0202,0.2508,-0.0219,0.0157,-0.0616,0.0203,0.0611,0.1114,0.0062,0.1226,0.0535,-0.048,0.0372,-0.0717,0.0104,-0.0779,0.0707,0.1902,0.027,0.2423,0.361,0.3652,0.0314,0.5819,0.5558,-0.3136,0.1829,0.0074,-0.3284,0.1184,0.1875,0.1769,0.1827,-0.3529,0.2327,1.0,0.6781,0.0571,0.3364,0.0731,-0.0187,0.1314,0.1644,-0.2525,0.3857,-0.1634,0.5025,0.1862,-0.0546,0.0603,-0.0495,-0.0336,-0.0207,0.0155,-0.093,0.0157,0.0517,0.0356,-0.0012,-0.075,0.094,-0.097,-0.004,-0.0506,0.0586,-0.0346,-0.1281,0.1647,-0.004,0.0363,-0.1897,0.1114,0.091,-0.0777,-0.0704,0.1163,-0.0637,-0.0147,0.0786,0.0241,-0.0423,-0.0785,-0.0043,0.0471,0.0102,0.0225,-0.0572,-0.0167,0.0637,-0.04,-0.0142,0.005,0.0541,-0.0888,0.062,-0.0301,-0.0232,-0.1317,0.051,-0.0544,0.0882,-0.0206,0.0134,-0.0369,0.0286,0.0379,-0.0056,-0.0404,0.0727,-0.0186,-0.0878,0.1112,0.0468,-0.0402,-0.0401,0.0433,0.0257,-0.1704,0.0742,0.0888,0.0465,0.0491,0.0332,-0.0299,-0.0409,-0.0042,-0.0022,0.0063,-0.0214,-0.0229,0.2304,0.2782,0.2602,-0.0706,0.0737,-0.0348,0.3355,0.2927,0.0994,-0.0961,0.2218,-0.1511,-0.0021,0.212,-0.0265,0.0245,0.0581,-0.023,0.0669,0.0151,0.0009,0.133,0.0126,0.3665,0.0669,-0.0098,-0.0928,-0.0672,0.1834,0.1197,-0.0728,-0.1034,-0.0585,0.1838,0.1541,-0.1524,-0.0573,0.239,0.1497,-0.0956,-0.0669,-0.0783,0.0486,-0.0539,0.0469,0.0247,0.0063,-0.0014,0.0039,0.0341,-0.2448,-0.2641,-0.0799,-0.0932,0.1353,-0.0356,0.3543,-0.0144,-0.0268,0.1598,-0.0424,0.0247,-0.3284,0.0,0.0,0.0356,0.0445,0.0356,0.0134,0.0363,0.1341,-0.0144,-0.0395,-0.0329
vol_max_ratio20_choch_to_k,0.3131,0.3333,-0.1373,-0.261,-0.1376,0.0028,0.1313,0.1519,0.1659,0.1122,0.0812,-0.0284,0.0746,0.0949,-0.1374,0.0318,0.0805,0.3092,0.4485,-0.0219,-0.0534,0.1331,0.2577,-0.0046,0.0341,0.5349,0.2846,-0.0687,0.4044,-0.0715,-0.0346,0.1413,-0.0575,0.0035,-0.0475,0.1908,0.0715,-0.0591,0.0452,-0.071,0.0607,0.1823,-0.0556,0.1216,0.0709,-0.0398,0.0371,-0.1138,0.0969,-0.0691,0.0816,0.2659,0.0853,0.303,0.7627,0.7143,-0.0402,0.9191,0.763,-0.7497,0.2904,-0.0121,-0.4882,0.1737,0.4182,0.4665,0.2913,-0.4689,0.2639,0.6781,1.0,-0.0324,0.2615,0.0513,-0.0651,0.1075,0.1497,-0.3563,0.4326,-0.0696,0.2767,0.3047,-0.0716,0.0285,-0.0249,-0.0253,0.0065,0.0498,-0.1037,0.0532,-0.0349,-0.0042,0.0521,-0.0056,0.0568,-0.1954,-0.0674,-0.0637,0.1749,-0.1096,-0.0492,0.1973,0.0287,0.0741,-0.2629,0.0808,0.1142,-0.0948,-0.0798,0.143,-0.0822,-0.0328,0.1151,0.0173,-0.026,0.0079,-0.005,0.0435,0.0034,0.0225,-0.059,-0.0335,0.047,-0.0269,-0.0131,-0.0041,0.0195,-0.0248,0.0621,-0.0395,-0.0115,-0.1445,0.0685,-0.0723,0.1031,-0.0236,0.0003,-0.0466,0.0003,0.0929,-0.0444,0.0293,0.0663,-0.0052,-0.1034,0.0758,0.099,-0.0928,-0.034,0.0253,0.0539,-0.236,0.1279,0.0894,0.0266,0.0341,-0.0089,-0.0292,-0.0147,-0.0392,-0.0115,-0.02,0.0796,-0.0213,0.4689,0.5731,0.242,-0.0832,0.0292,-0.1668,0.3751,0.3749,0.0965,-0.1131,0.1791,-0.1012,-0.0213,0.17,-0.0574,0.0091,0.1107,-0.0386,0.0456,0.0681,0.0357,0.2352,0.1172,0.7269,0.1756,-0.0174,-0.2562,0.0241,0.2264,0.2778,0.0136,-0.2632,0.0444,0.2066,0.2567,-0.3566,0.0228,0.3757,0.3642,-0.1186,0.0113,0.0021,-0.063,0.0665,0.1403,-0.0634,-0.046,0.0092,-0.0109,0.1286,-0.1064,-0.0874,0.0906,0.0781,0.064,0.0496,0.4667,-0.0426,-0.1626,0.1293,-0.045,0.0221,-0.4882,-0.1084,0.0,-0.0042,0.0604,0.0116,0.0464,0.0741,0.1122,-0.0426,-0.0368,-0.049
sess_vol_vs_prev_sess,-0.0126,-0.0078,-0.0188,-0.0221,-0.0398,0.0296,-0.0187,0.0169,0.0021,0.0821,-0.0377,0.1561,-0.0406,-0.0834,-0.0081,0.0158,-0.0062,0.1745,0.0966,0.1786,0.1654,0.1804,0.1125,0.2354,0.2078,0.0401,0.1291,0.0402,0.0227,0.0502,-0.0846,0.1282,-0.0239,-0.0002,0.0128,0.1187,0.0157,0.0476,-0.0857,0.1014,-0.0056,-0.1292,0.0245,0.116,-0.0355,-0.0789,-0.0902,-0.0539,-0.0829,-0.1115,-0.0923,-0.0906,-0.1017,-0.0696,-0.0355,-0.0099,0.5513,-0.0283,0.0152,0.0539,0.0068,0.0087,0.0195,-0.0287,-0.0163,-0.0127,0.0278,-0.0548,0.0392,0.0571,-0.0324,1.0,0.1645,-0.061,0.0565,0.0408,0.0035,-0.1571,0.141,-0.0541,0.053,0.1346,0.0445,-0.0731,-0.0887,-0.0361,0.0181,0.1083,-0.0036,-0.0607,-0.024,0.0109,0.0237,0.0171,-0.0175,0.0047,0.0997,0.0157,0.0038,-0.1115,-0.0113,0.0635,-0.0093,0.1025,-0.0883,0.0324,-0.0052,0.012,0.0182,-0.0281,-0.0025,0.0212,-0.0158,-0.0699,-0.04,-0.0476,0.0203,0.0555,0.0111,-0.0102,-0.0031,-0.0779,-0.0106,0.0092,-0.001,0.0159,-0.0107,-0.0027,-0.046,0.0538,-0.0212,-0.1525,-0.0396,0.0605,0.1104,-0.0322,-0.0883,0.0218,-0.0396,0.0397,-0.0519,-0.0292,0.0039,-0.0223,0.0358,0.0137,0.0484,-0.0365,-0.0819,0.0211,0.0575,-0.0655,0.0396,-0.0199,0.0579,0.0966,0.0078,-0.082,0.0119,-0.0597,0.0005,-0.0952,-0.0039,0.0286,0.2015,0.0814,0.1519,0.1164,0.1469,-0.0367,0.1916,0.1533,-0.0461,-0.1408,0.1423,-0.067,-0.1228,0.1464,-0.0982,-0.0778,0.0558,0.0064,-0.095,0.0618,-0.0294,0.1385,0.1004,0.0517,-0.116,-0.0319,-0.0306,-0.0803,0.1172,0.062,-0.0964,-0.0591,-0.0686,0.1458,0.1311,-0.0325,-0.0856,0.1245,0.0575,-0.0667,-0.098,-0.0736,0.0829,-0.075,0.0056,0.023,-0.0026,0.0829,0.0976,0.0327,-0.1734,-0.1202,-0.2605,-0.1736,0.0008,-0.102,0.0527,0.0,0.027,0.0592,0.0,0.0066,0.0195,0.0439,0.0596,0.0109,0.1458,0.0576,0.0265,0.1025,0.0821,-0.0566,0.0,0.0
dist_prot_dir_atr,-0.295,-0.295,0.2846,0.0646,-0.1151,-0.1617,-0.1157,-0.0237,-0.0632,0.2365,-0.0684,-0.0017,0.0692,-0.0744,-0.0717,0.013,-0.0139,0.4955,0.5359,0.1861,0.1794,0.3674,0.4034,0.0121,-0.1088,0.4517,0.3198,-0.045,0.2773,-0.0342,-0.0473,-0.2358,-0.0436,0.0356,-0.0684,0.3981,-0.0062,0.0688,-0.1212,0.0798,0.0371,-0.2593,0.0009,0.1884,0.0773,-0.1099,-0.0292,-0.1675,-0.0351,-0.1194,0.0339,-0.3234,-0.32,-0.2418,0.2216,0.2964,0.1837,0.2604,0.1817,-0.3001,-0.0333,-0.0291,0.1406,-0.1083,0.1567,0.2096,-0.0711,0.0603,-0.0001,0.3364,0.2615,0.1645,1.0,0.0281,0.0182,0.2149,0.2456,-0.5385,0.5542,-0.3378,0.3666,0.3925,-0.0697,-0.1111,-0.1387,-0.0189,-0.0209,0.0934,-0.5716,-0.0645,-0.0133,0.0,0.3581,-0.2372,0.401,-0.2555,0.0427,-0.207,0.2054,-0.1629,-0.1889,0.2547,-0.0405,0.1459,-0.291,0.1414,-0.2596,0.2239,0.2017,-0.1509,0.2525,-0.2052,-0.0953,-0.0481,-0.0267,-0.0595,0.0501,0.0131,0.0001,0.0406,-0.0732,-0.0696,0.0498,-0.0403,0.001,-0.0706,0.0791,-0.036,-0.0453,0.0467,-0.0133,-0.2764,0.0561,0.0002,0.2555,-0.0697,-0.0645,0.0631,-0.0392,0.0898,-0.1327,-0.0231,-0.0438,-0.0276,0.0135,0.1641,0.0962,-0.0866,-0.0699,0.0533,0.1458,-0.1056,0.079,0.0318,0.0297,0.0791,-0.041,-0.1155,0.0583,-0.1245,-0.0287,-0.0799,-0.0122,-0.0393,0.4213,0.4262,0.2791,-0.0619,0.1334,-0.1709,0.442,0.457,0.0528,-0.3338,0.4916,-0.2976,-0.189,0.4782,-0.1816,-0.2348,0.3538,-0.1592,-0.1881,0.3272,-0.2113,0.3557,0.2455,0.3253,-0.352,-0.0431,-0.2001,-0.1295,0.3637,0.2784,-0.1618,-0.1656,-0.1159,0.3434,0.2621,-0.2227,-0.1458,0.409,0.2507,-0.1059,-0.1752,-0.1655,0.1076,-0.0906,0.2083,0.0346,0.0292,0.0204,-0.0089,0.0699,-0.4456,-0.3829,-0.2244,-0.0574,0.1015,-0.2477,0.1478,-0.0715,0.3596,0.3401,-0.0357,0.0235,0.1406,0.3779,0.3375,0.0,0.1844,0.0186,0.3581,0.1459,0.2365,-0.0462,-0.0459,-0.0547
dist_sh_atr,0.0079,0.0097,0.0088,0.0137,-0.0192,-0.0515,-0.0131,0.0832,-0.0353,0.0059,-0.0224,-0.0421,0.8655,0.018,-0.0761,-0.0045,0.0144,0.1006,0.1177,0.015,0.0249,0.0785,0.0815,0.0312,-0.0102,0.1298,0.1348,-0.8292,0.1647,-0.7562,-0.5202,-0.0035,-0.7507,-0.1459,-0.8036,-0.0304,-0.004,0.0085,-0.0294,-0.0062,-0.1531,-0.0075,-0.0048,0.0013,0.862,-0.0419,-0.0053,0.0252,0.0253,-0.025,0.0358,-0.0041,-0.0306,0.0106,0.0413,0.0611,-0.0238,0.0365,0.053,-0.0181,0.4002,-0.0272,-0.0179,-0.3914,0.0655,0.026,0.2244,0.0034,-0.2427,0.0731,0.0513,-0.061,0.0281,1.0,-0.9432,-0.269,0.3984,0.0363,-0.0196,-0.0564,0.1221,0.0708,-0.8655,0.0155,-0.0526,-0.1995,0.0193,0.0148,-0.073,-0.0277,0.0593,0.062,-0.0353,-0.0625,0.0308,0.0207,0.0425,-0.0118,-0.0168,-0.0122,-0.0324,-0.0089,-0.0004,-0.0802,0.0289,0.0069,-0.0128,0.0002,-0.0088,0.0009,0.0017,-0.0199,0.0155,0.0263,-0.0231,-0.013,-0.0322,0.0773,-0.0092,-0.0008,-0.014,-0.0036,0.3907,-0.0272,-0.3619,-0.0007,-0.0088,0.0142,-0.0097,0.0161,-0.0102,-0.0641,0.5729,-0.5916,-0.0794,0.0056,-0.0241,0.0505,-0.031,-0.0015,-0.0408,0.0316,-0.0422,-0.0174,0.0484,0.0007,0.0033,0.0039,0.0033,0.0459,-0.06,0.0315,0.0185,-0.008,-0.0078,-0.016,-0.0481,-0.0154,0.0411,-0.0243,-0.024,-0.0471,-0.068,-0.8568,0.0455,0.0534,-0.0092,0.0318,0.0492,-0.0271,0.0845,0.0786,0.004,-0.0835,0.086,-0.0666,-0.0809,0.0708,-0.1091,-0.141,0.1173,-0.0994,-0.0847,0.1194,-0.0877,0.0801,-0.0408,0.0451,-0.0117,-0.5977,-0.0309,-0.0331,0.0695,0.0644,-0.047,0.0285,-0.0077,0.0064,0.0492,-0.0539,-0.0396,0.0991,0.0565,-0.0202,-0.0373,-0.0355,0.0289,-0.0173,0.0333,0.0038,-0.0564,-0.0319,-0.0437,-0.0079,0.0469,0.0465,0.0759,0.0541,0.0449,0.064,0.1009,-0.0256,0.0198,0.0384,-0.0429,-0.0331,-0.0179,-0.0103,-0.0006,0.062,0.0764,-0.009,-0.0046,-0.0802,0.0059,-0.0237,-0.0134,-0.0283
dist_sl_atr,-0.0182,-0.0261,0.049,-0.0108,-0.0065,0.0179,0.0029,-0.08,0.0511,-0.0112,0.0398,0.0408,-0.8655,-0.0157,0.0788,0.0095,-0.014,-0.0936,-0.1387,0.0135,0.0002,-0.0434,-0.058,-0.0312,-0.0229,-0.1336,-0.1396,0.8307,-0.1989,0.7612,0.5143,-0.0288,0.7471,0.1257,0.8069,-0.0146,0.0071,0.0207,0.0018,0.0285,0.1513,-0.0196,0.0304,-0.0204,-0.8589,0.0503,-0.0023,-0.002,-0.038,0.0361,-0.0358,-0.0031,0.0214,-0.0204,-0.0988,-0.0975,0.0132,-0.054,-0.049,0.0547,-0.4103,0.0142,0.0423,0.3783,-0.0965,-0.045,-0.2262,0.0021,0.2377,-0.0187,-0.0651,0.0565,0.0182,-0.9432,1.0,0.354,-0.3055,0.0768,-0.0633,-0.04,-0.0838,-0.1083,0.8655,0.0026,0.0523,0.2011,-0.0241,-0.0371,0.0096,0.0102,-0.0143,-0.0467,0.0179,0.019,0.0038,0.0181,-0.0264,0.0187,-0.0296,0.0501,-0.0628,-0.0928,0.0332,0.0859,0.0569,-0.006,-0.0009,0.0114,0.0233,0.0023,0.015,-0.005,-0.0119,-0.0283,0.0246,0.0008,0.049,-0.0895,-0.0071,0.005,0.0127,0.0158,-0.3912,0.0313,0.3571,-0.0021,0.0052,-0.0054,0.0153,-0.0077,-0.005,0.0559,-0.5606,0.5979,0.1042,-0.0007,0.0234,-0.047,0.0199,0.0068,0.0337,-0.0411,0.0332,0.0202,-0.0409,-0.0079,0.0018,-0.0084,-0.011,-0.054,0.0713,-0.0052,-0.0338,0.0372,0.0001,0.028,0.0431,0.0069,-0.0432,0.0318,0.0071,0.0495,0.0666,0.8549,-0.0737,-0.0793,-0.047,-0.0205,-0.0135,0.0501,-0.094,-0.0951,-0.0086,0.0578,-0.0541,0.0445,0.0604,-0.041,0.0982,0.125,-0.0999,0.0914,0.0706,-0.0996,0.0751,-0.1177,-0.0088,-0.0927,-0.0047,0.5977,0.078,0.0065,-0.0765,-0.1053,0.0213,0.0173,-0.0186,-0.0111,-0.0753,0.1092,0.0131,-0.1223,-0.0966,0.033,0.0128,0.0097,-0.0009,-0.0092,-0.0473,0.028,0.056,0.0232,0.0439,-0.0058,-0.0358,-0.0358,-0.0619,-0.0323,-0.0401,-0.0514,-0.1307,0.0113,0.0267,0.0015,0.0215,0.0195,0.0423,0.0487,0.0456,-0.0467,-0.0865,0.0087,-0.0045,0.0859,-0.0112,0.0101,-0.0072,0.0092
last_sh_bars_ago,-0.0231,-0.0256,0.0138,0.0393,-0.0026,-0.0472,0.0327,-0.0679,0.0464,0.0031,0.0056,0.0085,-0.3205,-0.0351,-0.0158,-0.0107,-0.0091,0.0608,0.0677,0.0263,0.0211,0.0379,0.0575,0.0016,0.0023,0.0255,-0.0232,0.2498,-0.0649,0.2341,0.1845,-0.0344,0.2684,0.0807,0.2835,0.0592,0.0032,0.2585,-0.3002,0.2967,0.0431,-0.1376,0.237,0.0388,-0.3177,0.0586,-0.0622,-0.0591,-0.2276,-0.0085,-0.1309,-0.0711,-0.0229,-0.1045,0.0764,0.0913,0.0189,0.0921,0.081,-0.0747,-0.1197,0.0074,-0.0294,0.1537,0.064,-0.0051,-0.0747,-0.0192,0.1034,0.1314,0.1075,0.0408,0.2149,-0.269,0.354,1.0,0.4766,-0.3355,0.1004,-0.5013,0.0503,0.05,0.3166,-0.0074,-0.0144,0.0855,-0.0382,0.0217,-0.1711,0.0181,0.2448,-0.0341,0.0215,-0.2982,0.3207,-0.0753,0.0049,-0.0162,0.0553,-0.0632,0.0454,0.1566,-0.0587,0.1631,-0.1638,0.006,0.0015,0.0152,0.0406,0.0104,-0.0005,-0.0165,0.0149,-0.0135,0.026,-0.0071,0.133,-0.1072,-0.069,-0.0279,-0.0264,0.0018,-0.1332,0.0224,0.1066,-0.0259,0.0074,0.0196,-0.0192,0.0331,-0.0216,-0.0443,-0.163,0.303,0.0762,0.0959,-0.0142,-0.095,-0.0236,0.1703,-0.0676,-0.0385,0.046,0.0551,-0.1072,0.031,0.1666,-0.1682,-0.0207,-0.0236,-0.0022,-0.0717,0.0266,0.0372,0.015,0.0564,0.0149,-0.0344,-0.0155,-0.0145,-0.0676,-0.0021,0.0152,0.3093,0.0856,0.0777,0.0719,-0.067,0.0217,0.0276,0.0629,0.0568,0.0873,0.0261,0.0599,0.0256,0.008,0.0644,0.0645,0.0734,-0.0189,0.0571,0.052,-0.0174,0.0156,-0.0107,0.0081,0.0798,-0.1048,0.2285,0.1325,-0.3021,0.2539,-0.0148,-0.2787,0.1033,-0.3274,0.3115,0.058,0.1302,-0.2852,0.1598,-0.0663,0.1371,-0.2897,-0.3031,0.273,-0.3097,-0.1109,0.2891,0.012,0.0092,0.0516,0.044,-0.094,-0.0947,-0.0307,0.03,0.1013,-0.116,-0.0402,0.0124,0.0154,0.0239,-0.0236,-0.0093,-0.0294,0.0033,0.0222,-0.0341,0.023,-0.0236,0.0044,0.1631,0.0031,-0.0087,-0.0183,0.0057
last_sl_bars_ago,-0.0479,-0.0509,0.0343,0.0621,-0.0212,-0.0695,-0.0014,0.0046,-0.0217,0.0196,-0.0267,0.0242,0.417,-0.079,-0.0637,-0.0559,0.0391,0.1371,0.1881,0.0123,-0.0023,0.067,0.1059,0.0022,-0.0203,0.1117,0.0887,-0.3883,0.1034,-0.3311,-0.2381,-0.0521,-0.3211,0.0199,-0.3428,0.0579,0.039,0.2858,-0.3353,0.3128,0.0487,-0.1342,0.2563,0.0285,0.4193,0.0503,-0.0891,-0.0318,-0.2323,-0.0134,-0.1044,-0.0881,-0.029,-0.1173,0.1429,0.1612,-0.0374,0.138,0.1098,-0.1375,0.2034,-0.0234,-0.025,-0.1808,0.1068,0.0308,0.0779,-0.011,-0.069,0.1644,0.1497,0.0035,0.2456,0.3984,-0.3055,0.4766,1.0,-0.355,0.1192,-0.4975,0.1686,0.0883,-0.42,-0.0058,-0.0306,-0.0838,0.005,0.0468,-0.2183,-0.0106,0.2511,0.0643,0.0057,-0.3249,0.3227,-0.0878,0.0116,-0.0697,0.0773,-0.0621,0.0711,0.2345,-0.1114,0.1277,-0.1967,-0.0405,-0.0114,0.0201,0.0268,0.014,0.0074,-0.033,0.0207,-0.0286,0.0085,-0.0141,0.1083,-0.0565,-0.067,0.0333,-0.0213,-0.0332,0.1968,0.0011,-0.2013,-0.0596,0.0425,0.0063,-0.0239,0.0299,-0.0134,-0.1022,0.3139,-0.1873,0.0483,0.0846,-0.0331,-0.0635,-0.0418,0.1455,-0.0718,-0.0356,0.0189,0.0448,-0.0643,0.0255,0.1452,-0.1421,-0.0217,-0.0044,0.0022,-0.046,0.0239,0.0498,0.0184,-0.0028,-0.0414,-0.0109,0.0086,-0.0261,-0.0602,-0.025,-0.0006,-0.3326,0.1208,0.1385,0.0834,-0.0323,0.0564,-0.0245,0.1248,0.1328,-0.0092,-0.0471,0.1217,-0.0561,-0.0684,0.1135,-0.0366,-0.0456,0.0778,-0.0451,-0.0155,0.0721,-0.0573,0.0315,-0.0291,0.1322,-0.1114,-0.2701,0.1475,-0.3316,0.2803,0.0023,-0.3442,0.1712,-0.3198,0.2864,0.1291,0.1206,-0.3304,0.2299,-0.0532,0.0938,-0.3388,-0.3441,0.322,-0.3281,0.0044,0.2897,-0.0546,-0.0079,0.0614,0.0796,-0.1022,-0.0895,-0.0083,0.0452,0.1126,-0.0893,0.0956,-0.038,0.0384,0.0629,-0.0418,-0.076,-0.025,0.0266,0.0378,0.0643,0.0948,-0.0418,0.034,0.1277,0.0196,-0.0593,-0.0217,-0.0113
swing_ahead_dist_atr,0.1694,0.1504,-0.103,0.0344,0.0777,0.1245,0.0307,-0.0038,0.0177,-0.2879,0.0638,0.0189,-0.0657,0.3545,0.1051,0.059,0.0139,-0.4551,-0.5907,-0.0765,-0.0735,-0.1984,-0.2675,0.0242,0.0575,-0.4249,-0.3134,0.0726,-0.3681,0.0633,0.0601,0.127,0.0549,-0.1008,0.0631,-0.2779,0.0083,-0.2524,0.3696,-0.2145,-0.0731,0.235,-0.2097,-0.0599,-0.0644,0.0352,0.0777,0.0356,0.118,0.0632,0.0347,0.1931,0.1609,0.1787,-0.4582,-0.4742,-0.1482,-0.4076,-0.2676,0.3952,-0.0248,-0.0325,-0.0153,0.0467,-0.2544,-0.2093,-0.0035,0.0191,-0.0202,-0.2525,-0.3563,-0.1571,-0.5385,0.0363,0.0768,-0.3355,-0.355,1.0,-0.6841,0.1908,-0.2611,-0.418,0.0699,0.1184,0.0843,-0.0179,0.0547,-0.1308,0.0811,0.0312,0.0146,-0.0104,0.0182,-0.032,0.0199,0.3782,0.0087,0.1882,-0.354,0.3105,-0.2776,-0.6708,0.2726,-0.1431,0.5552,0.0266,0.0982,-0.1103,-0.1127,0.0786,-0.0942,0.0475,0.061,0.0438,0.0313,0.0459,-0.1215,0.0038,0.057,-0.0393,0.0635,0.1031,-0.0209,-0.006,0.0289,0.1007,-0.1069,0.0423,0.0375,-0.025,-0.0052,0.3389,-0.0824,-0.052,-0.2353,-0.0093,0.0719,0.0047,0.0012,-0.1444,0.1253,0.067,-0.0457,0.0263,0.0666,-0.2048,-0.1523,0.1442,0.0534,-0.0478,-0.1407,0.1774,-0.068,-0.0064,-0.0433,-0.0713,0.0224,0.0286,0.0129,0.0817,0.066,0.0308,0.0144,0.0201,-0.5093,-0.5242,-0.2846,0.1155,-0.0567,0.2102,-0.4856,-0.5513,-0.0907,0.2437,-0.4514,0.2352,0.1068,-0.424,0.1007,0.1303,-0.2545,0.103,0.0663,-0.2155,0.1176,-0.3961,-0.2939,-0.5196,0.2276,0.0622,0.1321,0.3816,-0.6021,-0.3118,0.4028,0.0927,0.3554,-0.5847,-0.3896,0.1806,0.3929,-0.6386,-0.2752,0.1319,0.4121,0.4106,-0.347,0.3294,-0.1393,-0.1391,-0.0692,-0.0533,-0.0701,-0.0604,0.3057,0.1884,0.1093,-0.0566,-0.0461,0.2501,-0.3472,0.0121,-0.2229,-0.2857,-0.0255,-0.0172,-0.0153,-0.2046,-0.2635,-0.0104,-0.1534,0.0412,0.012,-0.1431,-0.2879,0.0343,-0.0222,-0.016
dist_choch_lvl_atr,-0.2178,-0.2026,0.1828,-0.0535,-0.1004,-0.1335,-0.0433,0.0016,-0.0769,0.309,0.0131,-0.0393,0.0749,-0.0,-0.1659,-0.0639,-0.0533,0.574,0.7355,0.0954,0.1047,0.1764,0.2093,-0.0885,-0.142,0.6158,0.3538,-0.0693,0.3971,-0.0718,-0.0694,-0.1898,-0.0567,0.0924,-0.0747,0.2778,-0.0493,0.012,-0.0573,-0.0082,0.0628,-0.1648,-0.0572,0.1015,0.0765,-0.054,0.0366,-0.1166,0.0411,-0.0462,0.0559,-0.2171,-0.2325,-0.1447,0.4038,0.4214,0.1154,0.3813,0.2628,-0.3756,-0.01,0.0036,0.0602,-0.0535,0.246,0.2454,-0.0267,-0.0047,0.0343,0.3857,0.4326,0.141,0.5542,-0.0196,-0.0633,0.1004,0.1192,-0.6841,1.0,-0.0682,0.4143,0.4725,-0.0789,-0.1187,-0.0768,0.0204,-0.0461,0.123,-0.0908,0.0268,-0.0091,-0.0119,0.0275,-0.0095,0.0673,-0.3385,-0.0452,-0.0906,0.3133,-0.2886,-0.0504,0.4218,-0.0,0.1225,-0.5176,0.1724,-0.1616,0.165,0.1506,-0.1269,0.1604,-0.0951,-0.0913,-0.0068,-0.0332,-0.0774,0.0019,0.0542,0.0298,0.026,-0.0757,-0.0704,0.06,-0.052,0.0057,-0.0978,0.1071,-0.0461,-0.0309,0.0132,0.0131,-0.3038,0.0334,-0.0304,0.2455,-0.1141,-0.0361,0.0325,-0.0138,0.0676,-0.0881,-0.0882,0.007,-0.034,-0.0508,0.2425,0.0751,-0.0664,-0.0722,0.0515,0.128,-0.198,0.1171,-0.0226,0.0405,0.0369,-0.051,-0.0439,0.0336,-0.1065,0.0065,-0.0646,-0.0479,-0.0504,0.4919,0.5123,0.3552,-0.1054,0.0171,-0.2358,0.4414,0.5147,0.0889,-0.2533,0.4192,-0.252,-0.1063,0.3916,-0.1277,-0.1455,0.3269,-0.1318,-0.0821,0.2728,-0.1193,0.4734,0.3737,0.4793,-0.2344,-0.0613,-0.3436,-0.0737,0.4258,0.3953,-0.1005,-0.2978,-0.0383,0.3658,0.3488,-0.3779,-0.0893,0.527,0.3663,-0.1883,-0.1089,-0.1105,0.0396,-0.0074,0.2329,-0.0187,0.0348,-0.0191,0.0221,0.0326,-0.2902,-0.2221,-0.1178,-0.0118,-0.0347,-0.2267,0.2663,0.0073,0.2966,0.3378,0.0233,0.0881,0.0602,0.326,0.2782,-0.0119,0.1655,-0.043,0.0198,0.1225,0.309,0.0282,0.0143,0.0017
n_swings_1h,0.0764,0.0842,-0.0646,-0.033,-0.0345,0.0436,0.0654,0.0277,-0.0197,-0.0282,0.0508,0.0307,-0.0391,0.0431,0.0253,0.0068,-0.0703,-0.1173,-0.1027,-0.0769,-0.0381,-0.1692,-0.199,-0.0713,-0.0452,-0.0436,-0.0365,0.0325,0.0233,0.0251,0.0137,0.0424,0.01,0.0023,0.04,-0.2182,-0.062,-0.2446,0.2812,-0.3995,-0.0992,0.2073,-0.2122,-0.1846,-0.0414,-0.036,0.09,0.2262,0.4593,0.0844,0.2482,0.198,0.1011,0.2293,-0.0334,-0.0825,-0.0819,-0.0594,-0.0862,0.0675,-0.0007,0.0568,-0.0183,0.0113,-0.038,-0.0103,-0.024,0.0057,0.0183,-0.1634,-0.0696,-0.0541,-0.3378,-0.0564,-0.04,-0.5013,-0.4975,0.1908,-0.0682,1.0,-0.1181,-0.0749,0.0432,-0.0348,0.003,0.0129,0.0265,-0.0383,0.3028,0.0589,-0.1068,-0.0189,-0.1649,0.2456,-0.3378,0.1277,0.0069,0.1078,-0.098,0.0451,0.2333,-0.0639,0.0326,-0.1634,0.0808,0.0223,0.0379,-0.0271,-0.0426,-0.0246,-0.0308,0.0897,-0.0447,-0.0109,0.0117,-0.0103,-0.1274,0.0836,0.0615,-0.0232,-0.015,0.0699,-0.0366,-0.004,0.0423,-0.0042,0.0345,-0.0473,0.0146,-0.0109,-0.0007,0.075,-0.0715,-0.069,-0.0879,-0.0849,0.0113,0.0196,0.0499,-0.097,0.0662,0.0292,-0.0541,0.0184,0.0264,-0.0527,-0.1003,0.093,0.003,0.0021,-0.0006,-0.001,0.0397,-0.0238,0.0284,-0.0883,-0.012,0.0331,0.0171,0.0153,0.065,0.0091,-0.0681,0.0026,-0.0928,-0.0934,-0.1314,0.0386,-0.068,-0.0269,-0.1168,-0.0814,-0.0308,0.0699,-0.0927,0.0782,0.0143,-0.1059,0.0388,0.0357,-0.0354,0.0266,0.0546,-0.0339,0.0933,-0.0122,-0.014,-0.0562,0.2636,0.0201,-0.1207,0.2706,-0.2371,0.0336,0.28,-0.1155,0.2687,-0.2653,-0.0946,-0.1417,0.2766,-0.1689,0.0754,-0.1042,0.2791,0.2819,-0.2608,0.2617,0.0025,-0.286,0.0001,-0.0565,-0.0683,-0.0838,0.2449,0.2848,0.129,0.0675,-0.2099,0.1595,-0.0046,0.0471,-0.0479,-0.0898,0.0306,0.0339,-0.0183,-0.0751,-0.0851,-0.0189,0.0002,0.0306,-0.159,-0.1634,-0.0282,0.0559,0.0434,0.0531
choch_bar_range_atr,-0.0708,-0.0773,0.1976,-0.0087,-0.1386,-0.1383,-0.0474,0.0837,0.0102,0.0893,-0.0174,-0.0237,0.1412,0.0894,0.0309,-0.0885,-0.0131,0.5735,0.7472,0.0759,0.0782,0.2112,0.2332,-0.0114,-0.0976,0.6493,0.121,-0.115,0.0772,-0.1212,-0.0661,-0.1138,-0.1044,-0.0402,-0.1333,0.1781,-0.0174,0.0479,-0.0862,0.0392,0.042,-0.0922,0.0148,0.0695,0.1403,-0.0643,0.0439,-0.1115,0.021,-0.0449,0.0623,-0.093,-0.13,-0.0427,0.1138,0.1758,0.0697,0.2007,0.1887,-0.1298,0.0232,0.0037,0.0337,-0.06,0.089,0.11,0.0426,-0.0659,0.0374,0.5025,0.2767,0.053,0.3666,0.1221,-0.0838,0.0503,0.1686,-0.2611,0.4143,-0.1181,1.0,0.1077,-0.1433,-0.0587,-0.1136,-0.0435,0.0588,0.0564,-0.1242,-0.0194,0.0071,0.0723,0.0361,-0.0577,0.0501,-0.006,0.0766,-0.0149,-0.0203,-0.0388,-0.0651,0.1465,0.0159,0.0465,-0.1956,0.1265,-0.0861,0.0927,0.0861,-0.0512,0.078,-0.045,-0.0455,0.0332,0.0006,-0.092,0.0626,0.0126,-0.051,0.0073,-0.0143,-0.0341,0.0272,0.0453,-0.0857,-0.0693,0.08,-0.0389,-0.0266,0.0524,-0.0378,-0.2025,0.1117,-0.0405,0.1368,-0.0026,-0.0631,-0.0205,0.0065,0.0763,-0.0509,-0.057,0.0388,-0.0075,-0.0364,0.0793,0.0769,-0.0767,-0.0327,0.0564,0.0223,-0.0972,0.04,0.0337,0.0388,0.0532,0.0094,-0.037,-0.0146,-0.0276,-0.0329,-0.0026,-0.0301,-0.1296,0.1859,0.2092,0.122,-0.0327,0.0274,0.0428,0.2684,0.2931,0.0984,-0.2519,0.3265,-0.2754,-0.1263,0.3094,-0.1517,-0.1829,0.2459,-0.1214,-0.1071,0.2142,-0.1176,0.1044,0.0159,0.1464,-0.1363,-0.0768,-0.0287,-0.102,0.1622,0.0955,-0.1147,-0.0058,-0.0843,0.1416,0.1013,-0.0646,-0.0973,0.1751,0.0658,-0.0397,-0.1115,-0.1248,0.0775,-0.0815,0.0516,0.0809,0.0392,-0.0207,0.0196,0.0126,-0.1274,-0.1412,-0.0853,-0.0406,-0.0578,-0.0511,0.1588,-0.0592,0.1927,0.1802,-0.0151,-0.0112,0.0337,0.2982,0.2273,0.0723,0.0789,-0.0247,0.0653,0.0465,0.0893,-0.0305,-0.0278,-0.0475
move_since_choch_pts,-0.1872,-0.1806,0.1649,0.0584,-0.1184,-0.1457,-0.0351,-0.0109,-0.0345,0.1909,-0.0369,-0.0191,0.0914,0.118,-0.167,0.0501,-0.0007,0.6438,0.4827,0.4655,0.4221,0.4304,0.158,0.2131,-0.116,0.4418,0.7054,-0.0881,0.5461,-0.0726,0.0083,-0.1761,-0.0347,0.0365,-0.0349,0.2269,-0.013,-0.1984,0.1616,-0.17,0.0122,-0.0446,-0.2433,0.1614,0.0936,-0.1592,0.0567,-0.1394,0.1492,-0.1465,0.106,-0.1905,-0.2773,-0.0603,0.3411,0.3757,0.1832,0.2904,0.1714,-0.3244,0.0067,-0.0494,0.0739,-0.0772,0.1651,0.1989,0.0192,0.0004,-0.0209,0.1862,0.3047,0.1346,0.3925,0.0708,-0.1083,0.05,0.0883,-0.418,0.4725,-0.0749,0.1077,1.0,-0.0923,0.1174,-0.0407,-0.0265,-0.0912,0.0307,-0.1195,-0.0408,-0.0482,0.0196,0.1181,-0.0297,0.0667,-0.3075,-0.0379,-0.1028,0.3237,-0.3006,-0.0764,0.2026,0.0473,0.0828,-0.2986,0.1153,-0.2058,0.1643,0.1335,-0.1423,0.2181,-0.141,-0.1141,-0.0951,-0.0747,-0.0919,0.0002,0.08,0.0905,0.017,-0.1234,-0.1399,0.1208,-0.1231,0.0351,-0.1033,0.1032,-0.0336,-0.0378,0.0836,-0.0645,-0.4093,0.0528,-0.051,0.1275,-0.06,-0.0656,0.0717,-0.0444,0.0404,-0.096,-0.0549,-0.0429,-0.0361,0.0318,0.1563,0.0563,-0.0369,-0.0736,-0.0406,0.0748,-0.0823,0.0858,-0.0151,0.0176,0.0334,-0.0825,-0.0399,0.0466,-0.1515,0.0454,-0.1123,-0.0014,-0.0592,0.5264,0.4525,0.2772,-0.0889,0.1581,-0.4394,0.3782,0.4531,0.0469,-0.2995,0.485,-0.2198,-0.209,0.4728,-0.1787,-0.1384,0.2388,-0.0785,-0.1403,0.2023,-0.1202,0.7833,0.4957,0.3799,-0.1987,-0.0413,-0.6406,0.1478,0.3974,0.5842,0.1006,-0.5974,0.1964,0.3221,0.5138,-0.6425,0.1352,0.537,0.5941,-0.2456,0.1036,0.1061,-0.176,0.2141,0.2792,-0.2034,0.0797,0.018,-0.0283,0.0423,-0.0999,-0.0499,-0.0636,-0.0219,0.033,-0.2746,0.1813,-0.0278,0.2469,0.2515,0.0207,0.0242,0.0739,0.2251,0.1725,0.0196,0.084,0.0544,0.1166,0.0828,0.1909,-0.0395,0.0118,-0.0131
swing_near_kind=H,0.0181,0.0147,-0.0047,-0.0244,0.0023,0.0597,0.025,-0.0809,0.0506,-0.0289,0.0442,-0.0044,-0.9976,0.0253,0.0755,0.0258,-0.0011,-0.1265,-0.1666,-0.0125,-0.0248,-0.058,-0.0626,-0.007,0.0298,-0.1473,-0.1523,0.8585,-0.1967,0.8259,0.5263,0.0229,0.7747,0.0875,0.8417,0.0059,0.0182,-0.0478,0.0785,-0.0244,-0.017,0.0097,-0.0389,0.0064,-0.9903,0.0153,-0.022,-0.0069,-0.0031,0.0037,-0.0265,0.0234,0.0209,0.0184,-0.0893,-0.1049,-0.0089,-0.0782,-0.0697,0.0737,-0.3956,0.0325,0.0199,0.3837,-0.0906,-0.06,-0.178,-0.0059,0.1966,-0.0546,-0.0716,0.0445,-0.0697,-0.8655,0.8655,0.3166,-0.42,0.0699,-0.0789,0.0432,-0.1433,-0.0923,1.0,0.0089,0.0614,0.2258,-0.0268,-0.0238,0.0738,0.0181,-0.0614,-0.05,0.0387,0.0598,-0.0381,0.015,-0.038,0.0506,-0.0203,0.0288,-0.0343,-0.0807,0.0278,0.0461,0.057,0.0058,-0.0058,0.0112,0.0165,-0.014,0.0149,0.0132,-0.0277,-0.0024,0.0101,0.013,0.02,-0.0595,-0.0016,-0.0145,0.0101,0.033,-0.4573,0.0363,0.4178,-0.0082,-0.0056,0.0183,0.0385,-0.0303,0.0003,0.0999,-0.6217,0.6259,0.0274,0.0069,0.0205,-0.0338,0.0337,-0.0264,0.051,-0.0382,0.0325,0.0089,-0.0196,-0.0258,-0.0287,0.0237,-0.0017,-0.036,0.0364,0.0182,-0.0444,-0.0034,0.0101,-0.0131,0.0889,0.0094,-0.0349,0.0437,0.0156,0.0531,0.0786,0.8387,-0.098,-0.1049,-0.0261,-0.0226,-0.0422,0.0376,-0.1062,-0.1226,-0.0598,0.08,-0.0764,0.0651,0.0738,-0.0564,0.0993,0.137,-0.0986,0.0889,0.0864,-0.0969,0.0781,-0.1018,0.0248,-0.0925,0.0246,0.6197,0.0067,0.0821,-0.1176,-0.0539,0.1183,-0.0628,0.0335,-0.0458,-0.119,0.0208,0.0972,-0.1506,-0.0333,0.0261,0.0986,0.0964,-0.0828,0.0484,-0.1157,-0.0289,0.0424,0.0049,0.0124,-0.0251,-0.0019,-0.0256,-0.0476,-0.052,-0.0147,-0.0524,-0.1477,0.0325,-0.0183,-0.0528,0.0337,0.0314,0.0199,-0.0002,-0.0154,-0.05,-0.1323,0.0337,0.013,0.0461,-0.0289,0.0442,-0.0017,0.0181
n_rooms_alive,0.1693,0.1706,-0.1095,-0.0355,-0.0361,-0.0031,0.1012,0.0512,0.0711,-0.0678,0.0387,-0.0264,-0.0047,0.0041,0.04,0.1507,-0.0025,0.178,-0.0751,0.3475,0.3331,0.2845,0.0219,0.3574,0.1146,-0.0558,0.2027,0.0045,-0.0541,-0.0304,0.095,0.1698,0.0435,-0.0934,0.0487,-0.0408,-0.0213,-0.0688,0.0497,-0.0249,0.0351,0.1179,-0.053,0.0522,-0.0029,-0.1104,-0.012,-0.0168,-0.0024,-0.1142,-0.0125,0.1152,0.0107,0.1638,0.0283,0.0135,0.1907,0.0208,0.0701,0.0132,0.0268,-0.038,-0.101,0.0842,-0.042,-0.055,0.0327,-0.1035,0.0951,0.0603,0.0285,-0.0731,-0.1111,0.0155,0.0026,-0.0074,-0.0058,0.1184,-0.1187,-0.0348,-0.0587,0.1174,0.0089,1.0,0.0438,-0.0453,-0.0456,-0.1709,0.0067,-0.0356,0.0442,0.0029,0.0138,-0.0581,-0.0167,0.0358,-0.0127,0.016,-0.0394,0.0511,0.0044,-0.0819,0.0045,0.0068,0.0893,-0.0339,0.0627,-0.0967,-0.0953,0.0456,-0.056,0.0329,0.0322,-0.0086,0.0184,-0.0646,0.0297,0.0077,0.0323,-0.0064,-0.0495,-0.092,0.027,-0.0518,0.039,-0.1073,0.1262,-0.0638,-0.0584,0.0654,-0.0236,-0.1455,0.0096,0.0229,-0.0842,0.0692,0.0153,-0.0631,-0.0589,0.0456,0.0186,-0.0689,0.033,0.0349,-0.0533,0.0026,0.0422,-0.0409,-0.0149,-0.0461,-0.0936,0.0112,-0.0022,0.0164,0.0701,-0.0085,0.006,0.0444,-0.0551,-0.0244,0.0493,-0.0064,-0.0187,0.0526,0.0661,-0.0406,-0.0314,0.0406,0.1252,-0.0068,0.0215,-0.0206,0.0041,-0.0154,0.1019,-0.0449,-0.023,0.1038,-0.0645,0.0816,-0.0479,0.0647,0.0307,-0.0513,0.0404,0.1041,-0.0787,-0.0174,0.0592,0.0932,-0.0652,0.0612,-0.0498,0.0271,0.0563,-0.0878,0.0526,-0.0265,0.054,-0.0525,0.0565,-0.031,0.0208,-0.0996,0.0554,0.0692,-0.0391,0.0459,-0.0076,-0.0736,-0.0249,0.0401,-0.0475,0.0188,0.0793,0.0564,-0.0064,-0.0561,0.0238,0.0273,0.0142,-0.1206,-0.1269,-0.0849,-0.0606,-0.1468,-0.101,-0.1148,-0.076,0.0029,-0.1485,0.0309,0.0139,0.0068,-0.0678,-0.1348,-0.0854,-0.1045
room_edge_dist_dir_atr,0.0815,0.0798,-0.0366,0.0154,0.0452,-0.0613,0.0342,0.0766,0.0006,-0.1043,-0.0383,-0.0189,-0.0605,0.0144,0.0851,-0.0322,-0.0046,-0.1392,-0.1081,-0.1158,-0.1025,-0.0886,-0.0241,-0.0773,-0.0129,-0.1147,-0.0769,0.0542,-0.0023,0.0377,0.0486,0.0313,0.0716,-0.0263,0.044,-0.0285,0.0201,-0.0102,-0.0099,-0.0071,0.0047,0.0493,-0.0046,0.0293,-0.0666,-0.0442,0.0145,-0.0011,-0.0026,-0.0359,0.0476,0.0771,0.05,0.0808,-0.0032,-0.0073,-0.11,-0.0075,0.0145,0.0586,-0.0111,0.0419,-0.0405,0.0477,-0.0491,0.028,0.0227,-0.0591,0.05,-0.0495,-0.0249,-0.0887,-0.1387,-0.0526,0.0523,-0.0144,-0.0306,0.0843,-0.0768,0.003,-0.1136,-0.0407,0.0614,0.0438,1.0,0.0347,-0.5213,0.0114,0.0259,0.0424,0.0158,-0.0007,-0.0324,-0.0016,0.0122,-0.5784,-0.5113,0.0053,0.5529,-0.2009,0.0001,0.0033,-0.0046,0.0629,-0.0138,-0.0413,0.041,-0.03,-0.0162,0.0246,-0.032,0.0403,-0.0004,-0.0139,0.0476,0.0483,-0.0137,-0.0692,-0.0371,0.0269,0.0946,0.1051,-0.0243,0.063,-0.0561,0.0647,-0.0982,0.0719,0.1117,-0.1249,0.045,0.1027,-0.0307,0.0149,-0.113,0.0397,0.1729,-0.088,0.0205,-0.1051,0.1699,0.0448,0.1612,-0.0282,-0.1048,-0.0039,-0.1159,0.1033,0.0278,-0.0434,-0.1533,0.031,-0.0994,0.0077,0.0112,0.0663,0.0541,0.1402,-0.1703,0.2322,-0.0416,0.2416,0.0032,0.0803,-0.1153,-0.0827,-0.043,-0.0458,-0.062,-0.0162,-0.0741,-0.0746,0.0425,0.1147,-0.1223,0.1504,0.0878,-0.1274,0.1129,0.132,-0.1209,0.1307,0.0656,-0.1332,0.0634,-0.0619,-0.0233,-0.0689,0.0768,0.0802,0.0346,-0.0086,-0.0157,-0.0637,0.0065,0.0341,-0.0182,-0.0235,-0.0942,0.0467,-0.0131,-0.0249,-0.0586,0.0024,0.0054,0.003,0.0136,-0.0108,-0.0842,0.0006,0.0222,-0.0132,-0.0217,0.034,0.0739,0.0263,0.0374,-0.003,-0.0061,0.0205,0.03,0.0057,-0.0754,-0.0971,-0.0271,-0.01,-0.0405,-0.072,-0.0639,-0.0007,-0.4583,0.0602,-0.0299,0.0629,-0.1043,-0.0212,0.0011,-0.0104
room_edge_kind=hi,-0.0182,-0.0242,0.0204,-0.0313,0.0425,0.0062,-0.0089,0.0063,-0.0552,0.0037,0.0167,-0.0156,-0.2282,-0.0121,0.0251,0.0142,0.0222,-0.0608,-0.0155,-0.0772,-0.0867,-0.1103,-0.0691,-0.0837,-0.0437,-0.0511,-0.0767,0.1921,-0.0464,0.18,0.1758,-0.0102,0.203,0.0447,0.1773,-0.0007,0.0107,-0.0139,0.0098,-0.0052,-0.0204,-0.0108,-0.0113,-0.0149,-0.2259,0.0173,-0.0603,0.0051,0.0202,0.0389,0.0057,0.0081,0.0199,-0.0037,-0.0546,-0.0634,-0.0352,-0.0282,-0.0236,0.0454,-0.1048,0.001,0.016,0.0916,-0.069,0.0179,-0.0067,-0.0073,0.0163,-0.0336,-0.0253,-0.0361,-0.0189,-0.1995,0.2011,0.0855,-0.0838,-0.0179,0.0204,0.0129,-0.0435,-0.0265,0.2258,-0.0453,0.0347,1.0,0.0463,0.0237,0.0489,-0.0193,0.0513,-0.0615,-0.0622,0.0097,-0.023,-0.0071,0.01,-0.019,0.0136,-0.0141,0.0255,0.0207,-0.0617,0.0262,0.028,-0.0411,0.0012,-0.0109,-0.0054,0.0048,-0.0099,-0.0048,0.0149,0.001,0.0146,0.0167,0.0263,-0.0993,0.0309,-0.03,-0.0119,0.0243,-0.0623,-0.0385,0.1127,-0.007,-0.0047,0.0155,0.0863,-0.0389,-0.0341,0.0344,-0.1332,0.158,0.019,0.0171,0.0695,-0.044,-0.0343,-0.0127,0.0524,0.0188,0.0503,0.0062,-0.0635,0.0092,-0.0158,0.0153,0.0007,0.0353,0.022,-0.0118,-0.0361,0.0262,0.0146,0.0093,0.0106,0.0275,-0.0407,0.0279,0.0343,0.0588,0.0516,0.2161,-0.0769,-0.0574,-0.0351,-0.018,-0.0867,0.0067,-0.0341,-0.0315,-0.0633,-0.0112,-0.0067,0.0322,0.0198,-0.0028,0.0119,0.0053,0.0046,-0.007,0.0317,0.0129,-0.0016,-0.0467,0.0131,-0.0394,0.0274,0.1552,0.0134,0.0151,-0.0327,-0.0096,0.0276,0.0011,0.0025,-0.0179,-0.024,-0.0021,0.0261,-0.0528,-0.0116,0.0731,0.0261,0.0184,-0.0186,-0.0036,-0.0873,-0.0151,-0.0395,-0.0921,-0.0173,-0.0121,-0.0116,0.0141,-0.0007,0.0377,0.0032,-0.0543,-0.0191,0.0359,0.0078,0.0164,0.0353,0.0598,0.016,-0.0009,0.033,-0.0615,-0.1126,-0.0343,-0.0843,0.0262,0.0037,0.048,0.05,0.021
room_ahead_dist_atr,0.067,0.0572,-0.0534,-0.0403,-0.0109,0.057,0.0383,0.0013,0.0021,-0.0149,0.0097,-0.0124,0.0262,0.0521,-0.0129,-0.0063,0.0126,-0.0795,0.0133,-0.1139,-0.1127,-0.0925,-0.0016,-0.0096,0.1166,0.0309,-0.0752,-0.0524,0.0049,-0.022,-0.0174,0.1152,-0.0434,0.0045,-0.013,-0.0154,0.003,-0.0399,0.0604,-0.0412,-0.0719,0.0751,-0.0105,-0.0058,0.0283,-0.0331,-0.0518,0.0079,0.0495,-0.0457,-0.0192,0.0232,0.0118,0.0346,-0.0194,-0.0231,0.035,-0.0014,0.0116,-0.0089,0.0643,0.0327,-0.0763,0.0073,-0.0134,-0.0697,0.0309,-0.0411,0.0184,-0.0207,0.0065,0.0181,-0.0209,0.0193,-0.0241,-0.0382,0.005,0.0547,-0.0461,0.0265,0.0588,-0.0912,-0.0268,-0.0456,-0.5213,0.0463,1.0,-0.0292,0.0002,-0.0117,0.0251,0.075,0.0024,-0.0567,0.0258,0.398,0.323,-0.0429,-0.3689,0.2059,0.0052,-0.0261,-0.0236,-0.0391,0.0608,-0.0128,0.0203,-0.0032,-0.0066,-0.0007,-0.05,0.0421,0.0162,0.0059,-0.0263,0.0152,-0.0559,0.1059,0.041,-0.0352,0.003,-0.0598,0.0529,-0.0613,0.0254,-0.0426,0.1041,-0.1048,-0.0281,0.1031,-0.0957,0.1324,-0.0609,-0.0019,-0.0292,-0.0439,-0.2174,0.1351,-0.0571,0.1225,-0.2183,0.0419,-0.2306,0.0449,0.1635,-0.058,0.1287,-0.1174,-0.0194,0.0351,0.0763,-0.0252,0.1805,0.0194,0.0098,-0.1763,-0.063,-0.207,0.2721,-0.2822,0.0498,-0.3032,0.0018,-0.0612,-0.0306,-0.0367,-0.0202,0.052,0.0409,0.0256,0.0364,0.014,-0.0833,0.03,-0.0826,0.013,-0.0049,-0.067,0.0618,-0.0698,0.0043,-0.064,-0.0266,0.0222,-0.0583,-0.0927,-0.0315,-0.0275,0.0147,-0.0487,-0.0071,0.0571,-0.0704,-0.0023,0.0588,-0.0211,0.0598,-0.0585,-0.0064,-0.0137,0.0692,-0.0752,0.0102,0.0342,0.0554,0.0613,-0.0651,0.054,0.025,-0.0165,-0.063,-0.0037,-0.0081,-0.0288,-0.0223,-0.0151,0.0124,-0.0034,-0.0091,0.0062,0.0123,-0.0523,-0.088,-0.043,0.0,-0.0447,-0.0763,-0.0408,-0.054,0.075,0.0,0.0622,0.0368,-0.0391,-0.0149,-0.0523,-0.0459,-0.0322
room_behind_dist_atr,-0.0229,-0.0206,-0.0102,-0.0256,-0.0212,0.0372,-0.0104,-0.0265,0.0125,0.0739,-0.0114,0.0393,0.0213,-0.0152,-0.0286,-0.0473,-0.0208,-0.0005,0.1057,-0.1035,-0.0931,-0.076,0.0131,-0.0811,0.0149,0.0793,-0.0364,-0.0728,0.05,-0.0309,-0.0914,0.0255,-0.0699,-0.0006,-0.0513,0.0525,-0.0064,0.0009,0.002,0.0261,-0.008,-0.0442,-0.0021,0.0616,0.0184,-0.0685,-0.0201,-0.0579,-0.0299,-0.0544,-0.022,-0.0538,-0.0615,-0.0305,0.0736,0.0714,0.1027,0.0637,0.0336,-0.0413,0.0176,0.0009,0.0121,-0.0311,-0.0003,0.0095,-0.0451,0.036,0.0027,0.0155,0.0498,0.1083,0.0934,0.0148,-0.0371,0.0217,0.0468,-0.1308,0.123,-0.0383,0.0564,0.0307,-0.0238,-0.1709,0.0114,0.0237,-0.0292,1.0,-0.006,0.0262,-0.0659,0.0311,0.0409,0.0331,-0.0145,0.01,0.3407,-0.0869,0.0314,-0.3113,-0.0112,0.0806,-0.012,-0.0199,-0.0779,0.0328,-0.0661,0.0847,0.0794,-0.0398,0.0811,-0.0587,-0.037,0.019,0.0765,0.0638,0.0431,0.2615,-0.2397,-0.0349,0.0504,-0.0525,-0.1971,0.3287,-0.2211,0.004,0.0194,-0.0342,-0.0987,0.2741,-0.2351,-0.039,-0.0027,0.0495,0.0619,0.0135,-0.3998,0.1799,0.0164,0.1586,-0.3009,-0.0176,-0.0985,-0.0965,0.238,-0.061,0.1443,-0.1597,0.0274,0.0219,0.1571,-0.0674,0.0765,-0.0522,-0.057,-0.0982,0.0038,-0.1207,0.1698,-0.1438,-0.2151,-0.2382,-0.0289,-0.0466,0.1023,0.1134,0.1101,0.0048,-0.0315,-0.019,0.0845,0.0837,0.0264,-0.0182,-0.0042,0.0006,-0.0517,-0.0021,-0.0008,-0.0129,0.0534,-0.0006,-0.0721,0.0388,-0.0501,0.017,0.0691,0.1126,-0.065,-0.0458,-0.051,0.0017,0.0501,0.0632,0.0015,-0.0609,-0.0011,0.0579,0.0641,-0.0514,-0.0012,0.0675,0.0369,-0.0008,-0.0058,-0.0014,-0.0016,0.0055,0.0032,0.0007,0.02,0.0715,0.0016,0.0247,-0.0509,-0.0674,-0.0946,-0.0653,0.0348,-0.0586,0.0549,-0.0085,0.0265,0.0341,-0.0168,-0.0045,0.0121,0.0378,0.0182,0.0311,0.2472,0.0,0.0513,-0.0199,0.0739,0.0185,0.0175,-0.0017
touch_prot_n,0.1272,0.1364,-0.119,-0.0434,-0.0428,0.0467,0.0349,0.0501,0.053,0.0035,0.0761,0.023,-0.0723,-0.0718,-0.0035,-0.0284,-0.0388,-0.1351,-0.1322,-0.0684,-0.0554,-0.1139,-0.1044,-0.021,0.0246,-0.1521,-0.1218,0.0322,-0.1216,-0.0074,0.0325,0.1216,0.0302,0.0306,0.0473,0.0037,-0.0385,-0.0181,0.0043,0.0178,0.0473,0.0398,0.0105,-0.0208,-0.0756,0.0436,0.0023,0.0501,-0.0395,0.0324,-0.0318,0.1219,0.1049,0.0916,-0.0627,-0.0785,-0.0347,-0.0861,-0.0451,0.1089,-0.0154,0.0584,-0.0478,0.057,-0.0538,-0.1,0.0729,-0.0557,-0.0076,-0.093,-0.1037,-0.0036,-0.5716,-0.073,0.0096,-0.1711,-0.2183,0.0811,-0.0908,0.3028,-0.1242,-0.1195,0.0738,0.0067,0.0259,0.0489,0.0002,-0.006,1.0,-0.0199,0.0318,0.0,-0.5064,0.3383,-0.464,0.0208,-0.0677,0.0561,-0.0029,0.0323,0.1041,0.0062,-0.0368,-0.1126,0.0532,-0.0281,0.1292,-0.0908,-0.071,0.0492,-0.1213,0.145,0.0055,0.0423,0.0433,0.0113,0.005,0.0376,-0.0336,-0.0428,0.0247,-0.02,-0.0417,0.0379,-0.0062,0.0058,-0.0243,0.0297,0.0094,-0.0169,0.0114,0.0946,-0.0368,0.041,-0.0699,0.0376,-0.0135,0.0223,0.0532,-0.0367,0.0096,-0.0033,0.0626,-0.0619,0.0203,-0.0197,-0.0461,0.0325,0.0299,0.0211,0.0107,0.0085,-0.0598,-0.0503,-0.006,-0.0266,0.0181,0.0624,-0.0317,0.0333,-0.0241,0.0144,-0.0355,0.0573,-0.0916,-0.0972,0.0523,-0.0745,-0.0384,0.0732,-0.1365,-0.14,-0.009,0.1357,-0.1779,0.0887,0.0774,-0.1767,0.0645,0.083,-0.1894,0.0673,0.0511,-0.1768,0.0515,-0.0971,-0.0631,-0.0696,0.0833,0.0174,0.0388,0.0105,-0.0725,-0.0315,0.0301,0.0217,0.0149,-0.0613,-0.0054,0.058,0.0221,-0.0928,-0.0621,0.0087,0.0436,0.0311,0.0024,-0.0039,-0.1163,-0.0216,0.0218,-0.004,-0.0026,-0.0549,0.0965,0.0612,0.0112,-0.0297,-0.001,0.0391,-0.0522,0.0744,-0.0893,-0.0934,0.0532,0.0196,-0.0478,-0.1347,-0.1013,0.0,-0.0644,-0.0278,-0.5064,-0.1126,0.0035,0.0541,0.0526,0.0737
touch_prot_last=broke,-0.032,-0.0258,-0.0219,-0.0253,-0.0224,0.0863,-0.0283,-0.0263,-0.0145,0.0691,-0.0047,-0.0162,-0.0182,0.0456,-0.1044,-0.0337,-0.0001,-0.0576,-0.0167,-0.0654,-0.0595,-0.055,-0.0001,-0.0495,0.0065,-0.0071,0.0044,0.0041,0.0586,0.0174,0.0239,-0.0108,0.0396,0.0205,0.0333,-0.006,0.0194,-0.0535,0.0476,-0.0251,0.0244,-0.0154,-0.0515,0.0505,-0.0178,-0.0266,0.0353,-0.0346,0.0038,-0.0273,0.0097,-0.0591,-0.0789,-0.0214,0.0509,0.0331,-0.0413,0.0337,0.0093,-0.0429,-0.0431,-0.0042,0.0385,0.0049,0.0231,0.044,-0.0324,0.0099,0.022,0.0157,0.0532,-0.0607,-0.0645,-0.0277,0.0102,0.0181,-0.0106,0.0312,0.0268,0.0589,-0.0194,-0.0408,0.0181,-0.0356,0.0424,-0.0193,-0.0117,0.0262,-0.0199,1.0,-0.0996,-0.0082,-0.0179,-0.0269,0.0004,-0.007,-0.0283,0.0599,0.0143,-0.0299,-0.0062,-0.0253,0.0692,-0.006,-0.0342,0.0427,-0.0279,0.0204,0.0144,-0.0447,0.0209,0.0199,-0.04,-0.0042,-0.0056,-0.0047,-0.0281,0.0463,-0.0335,-0.007,-0.0056,0.071,-0.0267,0.0415,-0.0261,0.0731,-0.0493,-0.0121,-0.0279,0.0479,-0.0312,0.0193,-0.0366,0.005,-0.0152,-0.0207,-0.0324,0.0564,-0.0021,0.0077,-0.0563,-0.009,-0.0222,-0.0362,0.0216,0.094,0.009,-0.0076,-0.003,-0.0021,-0.0073,-0.024,0.0371,-0.006,-0.0056,-0.0115,-0.0088,-0.0227,0.0299,-0.0356,-0.0308,-0.003,0.0034,0.0251,0.0113,0.0254,-0.0001,0.0277,-0.035,-0.0541,-0.0203,-0.0191,0.0032,-0.0017,-0.0464,0.0092,0.0093,-0.0455,0.0131,-0.0482,0.0049,-0.0244,-0.0353,0.009,-0.0061,-0.0057,-0.0099,0.052,-0.0494,0.0272,-0.0453,0.0381,0.0141,0.0591,0.0492,-0.0546,0.0451,-0.0071,0.0077,-0.045,0.0371,0.022,0.0633,-0.0621,0.0476,0.0453,-0.0501,0.0555,-0.0053,-0.0522,0.0388,0.0314,-0.0502,0.0686,0.0262,0.0202,0.0104,-0.0048,0.0259,0.0484,0.0069,-0.0042,0.0156,0.0366,-0.0021,-0.0063,0.0385,-0.0249,-0.0202,-0.0082,-0.0244,-0.0021,-0.02,-0.006,0.0691,-0.0047,-0.003,-0.0036
touch_prot_last=held,0.038,0.0232,0.075,0.0235,-0.0345,0.0218,0.05,-0.0263,-0.0109,-0.1668,0.0473,-0.0407,0.0629,0.0466,0.0628,-0.0635,0.0549,-0.034,-0.0412,-0.0004,-0.0291,0.0288,0.0407,0.0343,0.0111,-0.1032,-0.0544,-0.0667,-0.0753,-0.0719,-0.0306,0.0171,-0.0573,-0.0008,-0.0646,-0.0512,0.0452,0.0361,-0.066,0.0125,0.0011,0.0244,0.0434,-0.0328,0.0639,0.0102,-0.0197,0.0416,0.0032,0.0262,-0.0024,0.0515,0.0711,0.0352,-0.0529,-0.0617,-0.0271,-0.0309,-0.0389,0.0277,0.0577,-0.0364,-0.0507,-0.0009,-0.0445,-0.0573,-0.0411,-0.0051,0.0501,0.0517,-0.0349,-0.024,-0.0133,0.0593,-0.0143,0.2448,0.2511,0.0146,-0.0091,-0.1068,0.0071,-0.0482,-0.0614,0.0442,0.0158,0.0513,0.0251,-0.0659,0.0318,-0.0996,1.0,-0.2243,-0.4901,-0.7355,0.6729,0.0387,0.0216,-0.0585,-0.0617,0.0948,-0.0564,0.0132,-0.0784,-0.0237,0.0638,0.0357,0.0469,-0.036,-0.029,0.0163,-0.0456,0.0451,0.0103,0.0423,0.0263,-0.0231,-0.0042,-0.0671,0.0524,-0.0249,-0.0631,0.0222,0.0907,-0.1008,0.037,-0.0076,0.0284,-0.034,-0.0002,-0.0378,0.0453,0.057,0.0103,-0.0145,-0.0674,0.0277,0.0752,-0.1171,-0.0574,0.075,0.0395,-0.003,-0.014,0.1151,-0.085,-0.1102,0.0703,-0.0704,0.0299,0.0211,-0.0862,-0.0129,0.0383,0.06,0.056,-0.0327,0.0494,-0.0381,0.0013,0.0015,0.0469,0.0016,0.0506,-0.0405,-0.1068,-0.0904,0.0124,-0.0845,0.0321,0.0664,-0.0484,-0.0489,0.012,0.0543,-0.04,0.0598,-0.0102,-0.0351,0.0061,0.0293,-0.0901,0.0594,-0.0027,-0.0764,-0.0116,-0.0288,0.0351,-0.0629,0.0485,-0.0285,0.0621,-0.058,0.023,-0.0315,-0.0513,0.058,-0.0606,0.0294,-0.0403,0.0868,-0.0569,-0.0071,-0.0688,0.0159,-0.0431,-0.0506,0.0742,-0.066,-0.0685,0.0579,0.0104,-0.0276,0.0048,-0.0562,-0.0594,-0.0733,0.0484,0.0636,0.0556,-0.037,-0.073,0.003,-0.0066,-0.0833,-0.0574,0.0373,-0.0507,-0.0678,-0.0517,-0.2243,-0.0458,0.0211,-0.5476,-0.0237,-0.1668,0.0121,-0.0257,-0.0088
touch_prot_last=na,-0.0423,-0.035,0.0073,0.0195,-0.0227,-0.0577,-0.0166,0.0397,-0.0326,0.0795,-0.0106,0.0242,0.0496,-0.0332,-0.0274,0.0257,-0.0449,0.0466,0.0758,-0.0068,0.0192,-0.0138,-0.0149,-0.0671,-0.0698,0.0651,-0.001,-0.0519,0.0037,-0.0479,-0.0638,-0.0483,-0.045,0.034,-0.0776,0.0244,-0.0336,0.0322,-0.0275,-0.013,0.0368,-0.0348,0.0291,-0.1042,0.0506,0.0492,0.0446,0.1101,0.0466,0.0751,0.0433,-0.0083,0.0205,-0.0252,-0.0057,-0.0085,-0.0075,0.004,-0.0362,-0.0031,-0.0013,-0.0095,0.0489,-0.0486,0.0215,0.0106,-0.0296,0.0591,-0.0428,0.0356,-0.0042,0.0109,0.0,0.062,-0.0467,-0.0341,0.0643,-0.0104,-0.0119,-0.0189,0.0723,0.0196,-0.05,0.0029,-0.0007,-0.0615,0.075,0.0311,0.0,-0.0082,-0.2243,1.0,-0.0404,-0.0606,0.0,0.0203,0.0069,0.0309,-0.0223,0.0009,-0.0198,0.0157,-0.0016,-0.0134,-0.0137,-0.0092,-0.0238,0.0465,0.0406,-0.045,0.0288,-0.0003,-0.031,-0.0095,-0.0126,-0.0106,0.0464,0.0142,-0.054,-0.0158,-0.0126,0.005,-0.0356,0.0546,-0.0339,0.0065,0.0129,-0.0273,-0.0628,0.0706,-0.0258,-0.0016,0.0607,-0.0086,0.0426,0.0259,-0.0731,0.0442,-0.0047,0.0174,-0.054,-0.0203,0.0062,-0.044,0.0486,0.0208,0.0202,-0.017,-0.0067,-0.0047,0.0593,-0.0014,-0.0182,-0.0134,-0.0126,-0.0259,-0.0197,0.0041,0.0219,-0.018,-0.0471,-0.0446,-0.0532,-0.0675,0.0232,0.035,-0.0315,-0.0265,-0.0157,0.0057,0.0171,0.0219,0.0078,-0.0639,0.057,-0.0381,-0.0479,0.0566,-0.0335,0.0104,0.0418,-0.0421,-0.0222,0.0358,-0.0119,-0.0169,-0.0398,0.0043,0.0024,-0.0702,0.0272,-0.033,0.0165,-0.0308,-0.0314,0.0441,-0.0219,-0.0036,-0.01,0.024,-0.0356,0.0215,-0.0227,0.0053,-0.0297,-0.0239,0.032,-0.0242,0.0085,0.017,-0.008,0.0123,0.0235,0.0101,-0.0354,-0.0037,0.0123,0.0273,0.0094,-0.0254,0.0085,-0.0095,0.0569,0.0555,-0.0047,-0.0143,0.0489,0.0726,0.045,1.0,-0.0028,-0.0047,0.4097,-0.0134,0.0795,-0.0106,-0.0067,-0.0082
touch_prot_last=none,-0.0547,-0.0561,-0.0247,0.0377,0.1072,-0.0027,-0.0471,-0.0328,-0.0322,-0.001,-0.0232,0.0123,-0.0394,0.2353,-0.048,0.0711,-0.0064,0.1089,0.046,0.1204,0.1232,0.0904,0.0086,0.1106,0.0729,0.1077,0.1016,0.0569,0.0342,0.0719,0.0399,-0.0038,0.0589,0.0236,0.0318,0.192,-0.0189,-0.1215,0.1709,-0.0128,-0.028,0.023,-0.1406,0.2357,-0.0373,-0.126,-0.0051,-0.273,-0.0145,-0.1873,0.0007,-0.1231,-0.1896,-0.0301,0.0026,0.0285,0.0936,0.0108,0.0217,-0.0132,-0.0059,-0.0207,0.0169,-0.0085,0.0172,0.0613,-0.032,0.0247,0.003,-0.0012,0.0521,0.0237,0.3581,-0.0353,0.0179,0.0215,0.0057,0.0182,0.0275,-0.1649,0.0361,0.1181,0.0387,0.0138,-0.0324,-0.0622,0.0024,0.0409,-0.5064,-0.0179,-0.4901,-0.0404,1.0,-0.1325,0.0,-0.0235,0.0105,0.0009,0.029,-0.047,-0.1332,-0.0742,0.1021,0.1065,-0.0341,0.0716,-0.1544,0.1096,0.0832,-0.0851,0.1411,-0.1269,-0.0428,-0.0207,-0.0275,0.034,-0.034,0.0321,0.0237,0.0429,-0.0275,-0.0169,-0.0474,0.0142,0.0299,0.0052,-0.0102,0.0093,-0.0438,0.0444,-0.0121,-0.0408,-0.0101,-0.0271,-0.0183,-0.0251,-0.0451,0.0479,-0.0103,-0.0049,-0.0369,0.0771,-0.0267,-0.0254,0.0349,-0.012,0.0007,0.0057,-0.0146,-0.0103,0.001,-0.0279,0.0431,-0.0294,-0.0275,0.0397,-0.0431,-0.0441,0.047,-0.0535,0.0124,-0.0364,-0.0005,0.0321,0.0612,0.021,0.1088,0.0931,0.0316,-0.0474,0.057,0.0279,-0.0575,-0.0827,0.0487,-0.0457,-0.058,0.0639,-0.0542,-0.0483,0.0922,-0.0487,-0.0384,0.0971,-0.0263,0.0814,0.0348,-0.0199,-0.1225,0.0464,-0.1215,0.1595,-0.0821,0.0577,0.1428,-0.1317,0.1375,-0.0602,0.0011,-0.1413,0.1608,-0.0698,0.0697,0.0615,0.1261,0.1383,-0.1808,0.1512,0.1022,-0.0318,-0.0068,0.0249,-0.0602,0.065,-0.0136,-0.0636,-0.1114,-0.1511,0.042,-0.0566,0.0161,-0.0207,-0.054,-0.009,-0.0103,-0.0312,0.0169,0.0285,-0.0403,-0.0404,0.0586,-0.0103,0.8949,0.1065,-0.001,-0.0232,-0.0146,-0.0179
touch_prot_last=pending,0.0151,0.0303,-0.0703,-0.0585,-0.0258,-0.0172,-0.0145,0.0454,0.0507,0.1598,-0.0348,0.0335,-0.0609,-0.2237,-0.0128,0.0198,-0.0446,-0.0469,-0.0091,-0.0749,-0.053,-0.0868,-0.0495,-0.09,-0.0427,0.0218,-0.0101,0.0557,0.0539,0.0473,0.0262,0.0015,0.0349,-0.032,0.0729,-0.0915,-0.0311,0.0433,-0.0445,0.0032,0.002,-0.031,0.0493,-0.1051,-0.0641,0.0669,0.0055,0.1168,-0.0105,0.0836,-0.0147,0.0416,0.0599,-0.0073,0.0563,0.0509,-0.0272,0.0228,0.0413,-0.0171,-0.0569,0.0627,0.0242,0.024,0.0307,0.0147,0.0883,-0.0349,-0.0501,-0.075,-0.0056,0.0171,-0.2372,-0.0625,0.019,-0.2982,-0.3249,-0.032,-0.0095,0.2456,-0.0577,-0.0297,0.0598,-0.0581,-0.0016,0.0097,-0.0567,0.0331,0.3383,-0.0269,-0.7355,-0.0606,-0.1325,1.0,-0.6786,-0.035,-0.0314,0.0483,0.058,-0.0739,0.1732,0.0372,0.0078,-0.0441,-0.0405,-0.0974,0.0705,-0.0575,-0.0434,0.0665,-0.063,0.0363,0.0368,-0.0311,-0.0057,0.0072,0.0178,0.0438,-0.0551,0.005,0.1008,-0.0273,-0.0563,0.0833,-0.0497,-0.0089,-0.023,0.0454,0.0595,-0.0207,-0.0308,-0.0406,-0.0207,0.0395,0.0809,-0.0206,-0.025,0.0794,0.0781,-0.0933,0.0085,-0.0443,0.0377,-0.0969,0.0547,0.1175,-0.093,0.0871,-0.022,-0.0155,0.0819,0.0403,-0.0768,-0.0441,-0.0412,0.021,-0.0188,0.08,-0.0488,0.0496,-0.0431,0.0412,-0.0413,0.0449,0.072,0.0756,-0.0835,0.0374,-0.0501,-0.0376,0.012,0.033,0.0262,0.0192,-0.0011,-0.0255,0.0704,-0.018,0.0426,0.0046,0.0239,-0.0159,0.0451,0.0054,0.0384,-0.0184,-0.0514,0.0798,0.0392,0.0207,0.0127,-0.0422,0.0246,-0.0033,-0.0403,0.0205,-0.0281,0.0115,0.0496,-0.001,-0.0434,0.0484,0.0288,-0.056,-0.0382,-0.0399,0.0409,-0.0326,0.0045,-0.0434,-0.0108,0.0052,0.0381,0.0046,0.0894,0.1324,0.0181,0.0263,-0.1047,0.0869,0.0722,0.0158,0.0245,0.08,0.0781,-0.0154,0.0242,0.0378,0.0783,-0.0606,0.0165,-0.0155,-0.148,-0.0441,0.1598,0.0072,0.0443,0.0272
touch_prot_bars_ago,-0.0501,-0.0604,0.0404,0.1043,-0.0122,0.016,-0.0052,-0.0363,-0.0448,-0.0916,-0.0544,-0.0207,0.041,0.3239,-0.0142,-0.0079,0.0262,0.0301,0.0492,0.006,-0.0094,0.0851,0.1296,0.0246,0.0183,0.0322,0.0176,-0.0386,0.0187,-0.0241,-0.0079,-0.0365,-0.0291,-0.0203,-0.0579,0.1783,0.0326,-0.0778,0.0964,-0.0006,-0.0059,-0.0028,-0.1011,0.1538,0.0449,-0.0162,0.0145,-0.1684,-0.0524,-0.0429,-0.0251,-0.0732,-0.0507,-0.0605,-0.0308,-0.0168,-0.0146,-0.0006,0.0011,-0.0351,0.0486,-0.0404,-0.0349,-0.0073,-0.0004,0.0384,-0.0259,-0.0059,0.0351,0.094,0.0568,-0.0175,0.401,0.0308,0.0038,0.3207,0.3227,0.0199,0.0673,-0.3378,0.0501,0.0667,-0.0381,-0.0167,0.0122,-0.023,0.0258,-0.0145,-0.464,0.0004,0.6729,0.0,0.0,-0.6786,1.0,-0.0323,-0.0153,-0.07,-0.0013,0.0613,-0.2994,-0.0643,0.0681,0.0813,-0.0034,0.2208,-0.0638,0.0395,0.0281,-0.0244,0.0497,-0.0625,0.002,0.0251,0.0294,-0.0477,-0.074,-0.0419,0.1096,-0.0415,-0.0533,0.0472,0.0861,-0.1092,0.0519,0.012,0.0169,-0.0396,-0.031,-0.0346,0.0707,0.084,-0.0292,-0.0518,-0.0668,-0.0418,0.0712,-0.0556,-0.0524,0.038,0.0179,0.0207,-0.0585,0.0893,-0.0416,-0.0328,0.0321,-0.0337,0.0171,0.0546,-0.0849,-0.0388,0.088,-0.0051,0.0639,-0.0286,0.0226,-0.0922,0.0667,-0.0484,0.0747,-0.0298,0.0222,-0.0336,-0.0296,-0.0157,0.19,-0.1319,0.0184,-0.0241,0.0415,0.0072,-0.0285,-0.0177,0.0044,0.013,-0.0458,0.0243,-0.0416,-0.0154,0.012,0.0303,-0.0654,0.0192,-0.0637,0.071,0.1325,-0.0535,-0.0647,-0.0228,-0.0777,0.0892,-0.0199,0.0222,0.0795,-0.0813,0.0937,-0.0272,-0.0041,-0.0534,0.0788,-0.004,0.0112,0.0174,0.0746,0.081,-0.0922,0.1056,0.088,0.0197,-0.0593,-0.0173,-0.0092,0.0752,-0.222,-0.2852,-0.0658,-0.0568,0.1451,-0.1238,-0.1065,-0.0096,0.0122,-0.0803,-0.0524,0.0035,-0.0349,-0.0341,-0.0937,0.0,0.0022,0.0398,0.0,0.0813,-0.0916,-0.0118,-0.0421,-0.0274
touch_room_n,0.0478,0.0391,-0.0328,-0.0103,0.0056,0.128,-0.0116,-0.0411,0.0017,-0.0853,0.0755,0.0478,-0.0116,0.111,0.0047,0.0423,-0.0041,-0.181,-0.2628,0.0188,0.022,-0.0893,-0.1664,0.0673,0.0585,-0.1901,-0.2188,0.0047,-0.3276,0.0149,-0.0121,0.0507,-0.0246,0.0064,-0.0117,-0.2299,-0.0174,0.0088,0.0451,0.0098,-0.044,0.0343,0.0235,-0.1317,-0.0053,0.0545,-0.0092,0.101,0.0012,0.0675,-0.0628,0.0502,0.0653,0.0228,-0.3176,-0.3271,0.0129,-0.2311,-0.1407,0.2405,0.0061,-0.0074,0.0031,-0.0084,-0.1389,-0.1468,-0.0201,0.0564,-0.0495,-0.097,-0.1954,0.0047,-0.2555,0.0207,0.0181,-0.0753,-0.0878,0.3782,-0.3385,0.1277,-0.006,-0.3075,0.015,0.0358,-0.5784,-0.0071,0.398,0.01,0.0208,-0.007,0.0387,0.0203,-0.0235,-0.035,-0.0323,1.0,0.531,0.2369,-0.9532,0.5232,0.059,-0.2827,0.0366,-0.048,0.3048,-0.0108,0.0529,-0.0628,-0.0839,0.0325,-0.0642,0.0094,0.0616,0.0318,-0.0198,-0.0438,-0.0191,0.044,0.0113,-0.0331,-0.0102,-0.0038,-0.0353,0.0019,0.0334,-0.0033,0.0434,-0.0618,-0.0317,0.0996,-0.0894,0.1478,-0.0083,-0.0127,-0.0347,-0.0026,-0.1222,0.0687,-0.0301,0.0218,-0.0776,0.0126,-0.1501,0.0382,0.1137,-0.1182,0.0261,-0.0194,-0.0052,0.0228,0.0255,0.0994,0.0242,-0.0015,0.0194,-0.135,0.0173,-0.0969,0.1323,-0.1115,0.0248,-0.1656,-0.0113,-0.0182,-0.2855,-0.3256,-0.2167,0.1778,-0.0017,0.2362,-0.2659,-0.2952,-0.0695,0.0793,-0.1755,0.0537,-0.0162,-0.1578,-0.015,-0.0163,-0.0473,-0.0287,-0.0056,-0.0086,0.0536,-0.3004,-0.2443,-0.3141,0.0618,-0.005,0.2101,0.046,-0.2741,-0.202,0.0629,0.1844,0.0369,-0.2405,-0.1828,0.224,0.0726,-0.3623,-0.2181,0.1772,0.0692,0.066,-0.0493,0.0103,-0.1152,0.0773,-0.0249,0.0531,0.0163,-0.0696,0.1733,0.1668,0.0321,-0.0296,-0.0904,0.2344,-0.2413,0.0318,-0.07,-0.0925,0.048,-0.003,0.0031,-0.0671,-0.0924,0.0203,0.2208,-0.0301,-0.0124,-0.048,-0.0853,0.05,0.0127,0.0235
touch_room_last=broke,-0.0208,-0.0214,0.0165,0.016,-0.0583,0.0462,0.0092,0.0016,-0.0571,-0.0003,0.004,0.0016,0.0368,-0.0212,-0.0236,0.0046,0.0399,0.0483,0.0143,0.0775,0.0521,0.0783,0.0409,0.1,0.0741,0.0083,0.021,-0.0422,-0.0454,0.0045,-0.0296,0.0471,-0.0485,0.0002,-0.0372,-0.0549,0.0144,0.0091,0.0113,-0.0043,-0.0017,-0.0171,0.0127,-0.0578,0.0402,0.004,-0.0292,0.0526,0.0068,0.0164,-0.0319,-0.0334,-0.0265,-0.0231,-0.0549,-0.0568,0.1107,-0.0479,-0.0597,0.0193,-0.0022,-0.0327,0.0147,-0.0082,0.0292,-0.0782,-0.0481,0.0556,-0.0186,-0.004,-0.0674,0.0997,0.0427,0.0425,-0.0264,0.0049,0.0116,0.0087,-0.0452,0.0069,0.0766,-0.0379,-0.038,-0.0127,-0.5113,0.01,0.323,0.3407,-0.0677,-0.0283,0.0216,0.0069,0.0105,-0.0314,-0.0153,0.531,1.0,-0.1325,-0.517,-0.2326,0.0732,-0.0241,-0.0584,-0.0464,0.0935,-0.0234,-0.0328,0.0471,0.0503,-0.039,0.0214,-0.0074,-0.0168,0.0126,-0.0434,0.004,0.0822,0.0817,-0.0817,-0.027,-0.0434,-0.0896,-0.0882,0.0931,-0.0298,-0.0178,0.0546,-0.0615,-0.0923,0.1781,-0.1265,-0.0974,0.0565,0.0344,-0.0112,0.0868,-0.2691,0.0905,-0.0163,0.147,-0.21,-0.0053,-0.1332,0.0072,0.1383,-0.0761,0.1574,-0.1455,-0.0231,0.0742,0.0746,0.0331,0.0478,-0.0142,-0.0434,-0.0724,-0.0237,-0.1187,0.1535,-0.183,-0.061,-0.2445,0.0258,-0.0366,-0.0051,-0.0283,-0.011,0.1296,0.0554,0.0519,0.0133,0.0013,-0.0248,-0.0681,0.0159,-0.0511,-0.1041,0.0219,-0.0924,-0.0441,-0.0094,-0.0324,-0.0145,-0.0027,-0.0036,-0.0268,-0.0501,-0.04,-0.0169,-0.0203,0.0278,0.0144,-0.0518,-0.0227,0.008,0.013,0.0084,-0.0276,0.015,0.0197,0.0229,-0.0627,-0.0133,0.0036,0.0015,0.0142,-0.0069,0.0024,0.0243,-0.0117,-0.0252,0.0402,-0.0219,-0.0361,-0.0021,0.0075,-0.0187,-0.0348,0.026,0.031,-0.0525,-0.0327,0.0185,-0.0216,-0.0163,-0.0189,0.0147,-0.0058,-0.0311,0.0069,0.3179,-0.0163,0.0127,-0.0464,-0.0003,0.004,-0.0231,-0.0283
touch_room_last=held,0.0637,0.0612,-0.0446,-0.0011,0.0513,-0.0297,0.012,0.0032,0.0546,-0.0523,0.0376,0.0472,-0.0513,0.0918,0.0244,-0.052,0.0009,-0.0801,-0.0976,-0.0296,-0.026,-0.0982,-0.1189,-0.022,-0.0168,-0.0784,-0.0502,0.0515,-0.0422,0.0396,0.0274,-0.0009,0.0453,0.0028,0.0481,-0.1522,-0.0089,-0.0126,0.0322,0.003,0.006,0.0311,0.0008,-0.0199,-0.0493,0.029,0.0364,0.0259,0.0078,0.0176,0.0238,0.0805,0.0661,0.0602,-0.0732,-0.0848,-0.0303,-0.1136,-0.0374,0.0922,-0.0255,0.047,-0.0193,0.0396,-0.017,-0.0811,0.026,-0.0352,0.0166,-0.0506,-0.0637,0.0157,-0.207,-0.0118,0.0187,-0.0162,-0.0697,0.1882,-0.0906,0.1078,-0.0149,-0.1028,0.0506,0.016,0.0053,-0.019,-0.0429,-0.0869,0.0561,0.0599,-0.0585,0.0309,0.0009,0.0483,-0.07,0.2369,-0.1325,1.0,-0.3112,-0.14,0.0102,-0.1587,0.224,0.0193,-0.0307,0.1351,0.0674,-0.0741,-0.0836,0.0479,-0.0568,0.0201,0.0441,0.047,0.0749,-0.022,-0.1159,-0.0184,0.0947,0.0076,0.0244,0.0486,0.0004,-0.0538,0.0686,0.0324,-0.0038,-0.0327,0.0279,-0.0042,-0.021,0.006,-0.0772,-0.0509,-0.0317,-0.1,0.0622,-0.0395,-0.0098,-0.0708,0.0988,-0.0104,-0.0177,0.0475,-0.0322,-0.0314,-0.087,0.0715,0.0803,-0.0098,-0.0343,-0.0046,0.0175,-0.0279,-0.0261,-0.0287,-0.0409,0.0066,0.0353,0.0134,0.1071,0.0697,0.0105,0.0439,-0.1107,-0.105,-0.1351,0.0616,-0.0223,-0.0451,-0.0879,-0.0615,0.018,0.0813,-0.0773,0.0863,0.0347,-0.0828,0.0425,0.0518,-0.0263,0.0168,0.0334,-0.0265,0.0551,-0.0224,0.0231,-0.0911,0.0691,0.0377,0.0437,0.0324,-0.0716,-0.0595,0.034,0.0412,0.0413,-0.0718,-0.0456,0.0663,0.024,-0.0615,-0.0571,0.0286,0.0319,0.0423,-0.0147,0.0433,0.0421,0.0165,-0.0405,-0.0198,-0.0148,0.0374,0.1703,0.1726,0.0223,-0.0148,-0.0795,0.1073,-0.0984,0.1137,-0.0636,-0.0538,0.1233,0.0595,-0.0193,-0.0639,-0.0482,0.0309,0.0191,-0.0098,0.0146,0.0193,-0.0523,0.0973,0.0803,0.0599
touch_room_last=none,-0.0405,-0.0297,0.0103,0.0037,-0.0063,-0.1022,0.0018,0.0372,0.0034,0.0977,-0.0546,-0.0554,0.0177,-0.0983,-0.0103,-0.0398,0.0093,0.1757,0.2454,-0.0116,-0.0172,0.0625,0.1142,-0.0553,-0.0512,0.1831,0.2242,-0.0159,0.3272,-0.0187,-0.0073,-0.0366,0.0132,0.0012,0.0086,0.1775,0.0205,-0.0301,-0.0154,-0.0332,0.0312,-0.02,-0.0453,0.126,0.0111,-0.0696,0.0082,-0.0929,0.0172,-0.0709,0.0545,-0.0454,-0.0681,-0.0117,0.3098,0.3159,-0.0023,0.2087,0.1254,-0.2313,-0.0001,-0.0068,0.0029,-0.0019,0.124,0.152,0.0207,-0.0516,0.0428,0.0586,0.1749,0.0038,0.2054,-0.0168,-0.0296,0.0553,0.0773,-0.354,0.3133,-0.098,-0.0203,0.3237,-0.0203,-0.0394,0.5529,0.0136,-0.3689,0.0314,-0.0029,0.0143,-0.0617,-0.0223,0.029,0.058,-0.0013,-0.9532,-0.517,-0.3112,1.0,-0.5464,-0.0311,0.2701,-0.0222,0.0401,-0.3018,0.0003,-0.0516,0.0593,0.08,-0.0388,0.0596,-0.0063,-0.0592,-0.0418,0.0043,0.0395,0.0218,-0.0166,-0.031,0.0418,0.0043,0.007,0.0129,0.0382,-0.0621,-0.0024,-0.0434,0.0687,0.0158,-0.0752,0.075,-0.1609,0.0014,0.0223,0.0219,0.0112,0.0725,-0.0379,0.0316,-0.0166,0.0459,-0.0145,0.1298,-0.0524,-0.0876,0.128,-0.0176,0.0141,-0.0048,-0.0384,-0.0118,-0.0989,-0.0112,-0.0096,-0.0223,0.1334,-0.0227,0.0818,-0.1137,0.0956,-0.0467,0.1432,0.0161,0.0003,0.2862,0.3196,0.2036,-0.1477,0.0017,-0.2487,0.2459,0.2792,0.067,-0.0799,0.1642,-0.0479,0.0226,0.1467,0.0283,0.0081,0.055,0.0338,-0.0162,0.0218,-0.0525,0.3018,0.2349,0.3054,-0.0556,-0.0103,-0.2295,-0.0171,0.2545,0.221,-0.0331,-0.2072,-0.0095,0.2186,0.1869,-0.2489,-0.0424,0.3488,0.2317,-0.1871,-0.0401,-0.0359,0.0177,0.0157,0.1122,-0.1035,0.0322,-0.0538,-0.0081,0.0628,-0.1188,-0.1057,-0.0056,0.0384,0.0808,-0.2374,0.2344,-0.0418,0.0582,0.082,-0.0384,0.0015,0.0029,0.0496,0.0767,-0.0223,-0.2004,0.0316,0.0165,0.0401,0.0977,-0.0546,-0.0048,-0.0261
touch_room_last=pending,0.0289,0.0176,0.0005,-0.0194,0.0305,0.1027,-0.019,-0.0502,0.015,-0.0876,0.0397,0.0368,-0.0239,0.083,0.0197,0.0796,-0.0508,-0.2137,-0.2565,-0.0409,-0.0117,-0.0892,-0.1042,-0.0131,0.0034,-0.1854,-0.2675,0.0269,-0.3376,-0.007,0.0197,0.0008,0.0006,-0.0035,-0.0083,-0.0649,-0.0337,0.0372,-0.0128,0.0437,-0.0413,0.0211,0.0439,-0.0886,-0.0204,0.0642,-0.006,0.0483,-0.0331,0.0613,-0.0529,0.0361,0.0673,-0.0026,-0.2815,-0.2795,-0.0843,-0.1361,-0.0727,0.2082,0.0189,0.0092,-0.0051,-0.0156,-0.1711,-0.0605,0.0036,0.0339,-0.0464,-0.0346,-0.1096,-0.1115,-0.1629,-0.0122,0.0501,-0.0632,-0.0621,0.3105,-0.2886,0.0451,-0.0388,-0.3006,0.0288,0.0511,-0.2009,-0.0141,0.2059,-0.3113,0.0323,-0.0299,0.0948,0.0009,-0.047,-0.0739,0.0613,0.5232,-0.2326,-0.14,-0.5464,1.0,-0.0386,-0.2101,-0.063,-0.018,0.3072,-0.0661,0.0519,-0.0709,-0.0936,0.0547,-0.0579,0.0018,0.0613,0.0092,-0.0127,-0.0387,-0.0304,-0.0461,0.0554,-0.0311,0.0205,0.0459,0.0688,-0.1023,0.0614,-0.001,0.0041,-0.005,0.0511,-0.0753,0.0422,0.2914,-0.0055,-0.0277,0.0043,-0.0322,0.1284,-0.0141,-0.0173,-0.0748,0.0806,0.0302,-0.022,0.0274,-0.0029,-0.0659,-0.0729,0.076,-0.0244,-0.0173,-0.0348,0.0947,-0.0437,0.0441,0.0869,-0.0781,0.0781,0.0081,-0.0293,0.0484,0.047,0.0113,-0.0518,0.0065,-0.2804,-0.3035,-0.1557,0.0192,-0.041,0.2905,-0.2578,-0.3048,-0.0709,0.1123,-0.1699,0.0532,0.0496,-0.1502,0.0263,-0.0016,-0.0424,-0.0219,0.0123,-0.0072,0.0331,-0.3368,-0.2605,-0.2837,0.0404,0.0078,0.2314,-0.0137,-0.2211,-0.2153,0.0114,0.2194,-0.0234,-0.1995,-0.2182,0.2486,0.0151,-0.3352,-0.2393,0.2118,0.0278,0.0034,-0.0058,-0.0505,-0.1914,0.1299,0.0107,0.0414,0.041,-0.0683,0.0395,0.0122,0.0105,-0.0047,-0.0739,0.1964,-0.1741,0.0092,-0.0488,-0.0463,-0.0173,-0.0227,-0.0051,-0.0145,-0.0342,0.0009,-0.0691,-0.0173,-0.0425,-0.018,-0.0876,0.0005,-0.0244,0.0206
touch_swing_n,0.1136,0.1168,-0.0973,0.0022,-0.0265,0.0205,0.0398,0.061,0.0233,-0.0541,0.0215,-0.0074,0.037,-0.436,0.0483,-0.0143,-0.0103,-0.0689,-0.0262,-0.0753,-0.066,-0.0897,-0.0616,-0.0004,0.0559,-0.1009,-0.0718,-0.0299,-0.0115,-0.0202,-0.0081,0.0787,-0.0242,0.0663,-0.0298,-0.2984,-0.0082,0.3444,-0.4141,0.2511,-0.0097,0.0088,0.3798,-0.2093,0.0319,0.0578,-0.09,0.2727,-0.1211,0.0508,-0.0304,0.1041,0.1392,0.037,0.0875,0.0641,-0.0103,0.0332,0.0236,-0.0797,0.0068,0.045,-0.0798,0.07,0.0175,-0.0172,0.021,-0.0579,0.0503,-0.1281,-0.0492,-0.0113,-0.1889,-0.0324,-0.0628,0.0454,0.0711,-0.2776,-0.0504,0.2333,-0.0651,-0.0764,-0.0343,0.0044,0.0001,0.0255,0.0052,-0.0112,0.1041,-0.0062,-0.0564,-0.0198,-0.1332,0.1732,-0.2994,0.059,0.0732,0.0102,-0.0311,-0.0386,1.0,0.4163,-0.4884,-0.1789,0.0167,-0.5136,0.1229,-0.0833,-0.0574,0.0413,-0.118,0.1272,0.0174,-0.0184,-0.0095,0.0762,0.067,-0.0252,-0.0635,-0.0179,0.0542,-0.0228,-0.039,0.0731,-0.0541,-0.0373,0.0405,-0.017,0.0143,0.0187,-0.0357,-0.0666,0.0573,0.0171,-0.0813,0.1048,-0.0471,-0.0341,-0.0034,0.0605,-0.0241,-0.0105,0.0437,0.0016,-0.0228,-0.0318,0.063,-0.0601,0.0088,-0.0034,-0.0255,0.0035,-0.0283,-0.0251,0.0225,-0.0158,0.012,0.0322,-0.0226,0.0176,-0.0486,0.035,-0.0167,0.0078,-0.0159,-0.0111,-0.2102,0.1006,-0.0211,0.0482,0.0179,0.0455,0.058,0.0694,-0.0022,0.0332,0.0298,-0.0139,0.0512,0.0712,-0.0814,0.0802,0.0847,-0.0778,0.0741,-0.0947,-0.1141,0.0336,0.102,0.0112,0.2983,-0.4174,0.2257,-0.1349,-0.404,0.3073,-0.4162,0.2481,-0.0044,0.2457,-0.3909,0.1343,-0.1362,0.1255,-0.4029,-0.4158,0.3828,-0.4189,-0.1026,0.2366,0.0574,0.0401,0.039,0.0052,0.1955,0.2777,0.1135,0.0704,-0.0777,0.1081,0.0891,0.0238,-0.109,-0.1043,0.0582,-0.0466,-0.0798,-0.1116,-0.0796,-0.0198,0.0063,-0.0034,-0.1305,-0.1789,-0.0541,0.0007,0.0388,0.0539
touch_swing_last=broke,-0.0022,0.0046,-0.0157,0.0088,-0.0018,-0.0496,0.0517,0.0425,-0.0579,0.009,-0.0536,-0.0086,0.078,-0.4245,0.0153,-0.0593,-0.0594,0.2313,0.3736,-0.022,0.002,0.1609,0.2982,0.0702,0.1152,0.2016,0.1432,-0.0659,0.2368,-0.0815,-0.0683,0.0447,-0.0782,0.0597,-0.0575,0.1885,-0.0392,0.3139,-0.4086,0.2865,0.0474,-0.0498,0.3363,-0.0293,0.0811,-0.0274,-0.1146,0.0619,-0.1635,-0.0466,-0.0497,-0.027,0.0141,-0.0594,0.295,0.3033,0.0461,0.2639,0.1538,-0.2686,0.0703,0.0291,-0.0841,0.0113,0.1625,0.0885,0.0272,-0.0617,0.0486,0.1647,0.1973,0.0635,0.2547,-0.0089,-0.0928,0.1566,0.2345,-0.6708,0.4218,-0.0639,0.1465,0.2026,-0.0807,-0.0819,0.0033,0.0207,-0.0261,0.0806,0.0062,-0.0253,0.0132,0.0157,-0.0742,0.0372,-0.0643,-0.2827,-0.0241,-0.1587,0.2701,-0.2101,0.4163,1.0,-0.5521,-0.1077,-0.6174,-0.3616,0.0311,-0.0061,0.0064,-0.0045,-0.0451,0.0604,-0.0036,-0.0409,-0.0741,-0.0223,0.1189,-0.0045,-0.0643,0.0219,-0.0211,-0.0834,0.0051,0.0402,-0.0568,-0.063,0.0939,-0.0674,-0.0169,0.0051,0.0097,-0.2208,0.1074,0.0248,-0.0574,0.145,-0.0465,-0.0862,0.032,0.1323,-0.0452,-0.0293,0.0815,0.0235,-0.0816,0.0152,0.149,-0.1346,-0.0536,0.032,-0.0103,-0.094,0.0195,-0.0084,0.0319,0.0696,0.0133,0.0272,-0.0647,0.0026,-0.0585,0.0152,-0.0652,-0.0306,0.2574,0.2604,0.1985,-0.1331,0.051,-0.1179,0.3975,0.4221,0.0677,-0.1201,0.272,-0.1427,-0.0234,0.2547,-0.014,-0.0515,0.0413,0.0086,-0.0121,0.015,-0.0496,0.2166,0.1587,0.2668,-0.0524,-0.0743,0.077,-0.4171,0.457,0.0662,-0.4291,0.0989,-0.3947,0.4598,0.2275,0.0177,-0.4097,0.4445,0.081,-0.0257,-0.4315,-0.4324,0.3809,-0.3856,0.0352,0.2075,0.0756,0.0689,0.0699,0.0886,-0.1424,-0.1251,0.0077,0.0221,0.1036,-0.1439,0.3266,0.0291,-0.0168,-0.0075,0.032,-0.0206,-0.0841,-0.0489,0.0079,0.0157,-0.0064,-0.0379,-0.0607,-0.1077,0.009,0.009,0.0453,0.0555
touch_swing_last=held,-0.0456,-0.0404,0.0127,-0.0267,-0.0042,-0.0399,0.004,-0.041,0.0237,0.1104,0.0378,0.0173,-0.0291,0.4801,-0.0804,0.0059,0.0175,0.0188,-0.0351,0.0388,0.0331,-0.0899,-0.1974,-0.0733,-0.1123,0.1226,0.0722,0.0297,0.039,0.0148,0.0441,-0.0737,0.0436,-0.0593,0.0366,-0.059,0.0033,-0.3766,0.4308,-0.3578,0.0146,0.0377,-0.4001,0.123,-0.0314,-0.0313,0.1655,-0.1701,0.2291,-0.0035,0.0899,-0.0206,-0.0681,0.0356,-0.0384,-0.0491,0.0084,-0.0634,-0.017,0.0669,-0.0259,-0.0354,0.0689,-0.0403,-0.0081,-0.0335,-0.0205,0.0547,-0.0468,-0.004,0.0287,-0.0093,-0.0405,-0.0004,0.0332,-0.0587,-0.1114,0.2726,-0.0,0.0326,0.0159,0.0473,0.0278,0.0045,-0.0046,-0.0617,-0.0236,-0.012,-0.0368,0.0692,-0.0784,-0.0016,0.1021,0.0078,0.0681,0.0366,-0.0584,0.224,-0.0222,-0.063,-0.4884,-0.5521,1.0,-0.0502,-0.2876,0.718,-0.0485,0.0297,0.0111,-0.0431,0.0632,-0.0297,-0.0428,0.0079,0.0186,-0.0396,-0.0808,0.0478,0.0517,-0.0327,-0.0141,0.0408,0.0031,-0.0114,0.0116,0.0339,-0.0209,-0.0085,-0.0447,0.0633,-0.0339,-0.0192,-0.0705,-0.0192,0.1394,-0.146,-0.0175,0.1058,-0.0177,-0.0983,-0.0034,-0.0346,-0.0654,-0.0518,0.0797,0.0893,-0.1032,0.0996,-0.025,-0.0177,0.0638,0.0339,0.0083,-0.0195,-0.0141,0.0011,-0.0312,-0.0353,0.0479,-0.0383,0.0371,-0.0398,0.0249,-0.0088,0.0265,0.0215,-0.0268,0.0519,0.0009,-0.0917,-0.1303,-0.1158,0.0305,0.0129,-0.069,0.0365,-0.0102,-0.0757,-0.0128,0.0117,0.0684,-0.0247,-0.0245,0.0647,0.0108,0.075,0.0661,-0.0013,0.0006,0.0113,-0.2882,0.4407,-0.2677,0.1352,0.4324,-0.2863,0.4277,-0.2982,-0.0383,-0.2327,0.3951,-0.144,0.1337,-0.161,0.4228,0.435,-0.3837,0.4427,0.1286,-0.309,-0.0466,-0.1053,-0.0701,-0.0347,0.0993,0.1039,-0.0265,-0.0362,-0.065,0.0152,-0.1642,0.0079,0.0714,0.1082,-0.0177,0.0335,0.0689,0.0975,0.0701,-0.0016,0.0369,-0.0177,0.0926,-0.0502,0.1104,-0.0009,-0.025,-0.0306
touch_swing_last=none,-0.0846,-0.0835,0.1184,-0.0414,0.0391,-0.042,-0.0464,-0.0094,-0.0237,0.0267,-0.0077,0.013,-0.0464,0.0552,0.0178,0.0014,0.0854,0.0831,0.0593,0.06,0.0282,0.0237,-0.0284,-0.0323,-0.0651,0.0493,0.0603,0.0547,0.0254,0.0575,0.0421,-0.0936,0.0643,0.0876,-0.016,0.0319,0.0844,0.0443,-0.0357,0.0579,0.0565,-0.0942,-0.0122,0.0354,-0.0456,0.0407,-0.0323,-0.0904,-0.0429,0.0287,-0.0685,-0.0884,-0.0835,-0.0689,0.0454,0.0646,0.0307,0.0314,0.0599,-0.0277,-0.0184,-0.0069,0.0544,-0.0372,0.0401,0.0965,0.0062,0.0078,-0.0164,0.0363,0.0741,0.1025,0.1459,-0.0802,0.0859,0.1631,0.1277,-0.1431,0.1225,-0.1634,0.0465,0.0828,0.0461,0.0068,0.0629,0.0262,-0.0391,-0.0199,-0.1126,-0.006,-0.0237,-0.0134,0.1065,-0.0441,0.0813,-0.048,-0.0464,0.0193,0.0401,-0.018,-0.1789,-0.1077,-0.0502,1.0,-0.0561,0.0,-0.0577,0.0391,0.0292,-0.0284,0.0506,-0.0496,-0.0118,-0.0069,-0.0091,-0.0077,-0.0377,-0.0333,0.0619,0.0964,-0.0091,-0.0246,0.0232,-0.0909,0.093,-0.024,0.0319,-0.0199,-0.0131,-0.0739,0.1005,-0.0502,-0.0321,-0.0098,0.0798,-0.0751,0.0813,-0.03,-0.0034,-0.0058,0.0317,-0.0148,-0.0363,0.0513,-0.0483,0.0455,-0.0039,0.006,-0.0049,-0.0034,-0.012,-0.0394,0.0607,-0.0098,-0.0091,-0.0189,0.0727,-0.0371,0.018,-0.03,0.0715,0.0037,0.0894,0.0843,0.0521,0.0676,0.0046,0.0232,-0.0384,-0.0153,0.0131,0.035,0.0059,-0.0792,0.0746,-0.0445,-0.0267,0.0704,-0.0629,-0.0715,0.1107,-0.0658,-0.0635,0.1086,-0.072,0.062,0.0716,0.0479,-0.0893,0.0241,-0.0605,-0.0388,0.0819,0.0599,-0.0401,-0.054,-0.0284,0.0749,0.0808,-0.0467,-0.0408,0.0809,0.0196,-0.0191,-0.0406,-0.0405,0.0322,-0.0278,0.0156,0.0617,-0.0097,-0.0094,0.0701,0.054,-0.0882,-0.0507,-0.1138,-0.0044,-0.1097,-0.0865,-0.0142,-0.0069,0.0947,0.1091,-0.0034,-0.0104,0.0544,0.1346,0.1314,-0.0134,-0.0044,-0.0034,0.0912,1.0,0.0267,-0.0077,-0.0049,-0.006
touch_swing_last=pending,0.0648,0.0517,-0.0208,0.0243,-0.0029,0.1047,-0.0533,-0.0086,0.0503,-0.1203,0.0285,-0.0093,-0.0527,0.0289,0.0538,0.0629,0.0329,-0.3052,-0.4144,-0.0247,-0.0399,-0.1077,-0.1542,-0.0053,-0.0133,-0.3606,-0.248,0.0362,-0.3174,0.0676,0.0282,0.0387,0.0351,-0.0336,0.0352,-0.1664,0.0232,-0.0205,0.0775,-0.0094,-0.0817,0.0439,-0.0115,-0.0897,-0.0542,0.0519,-0.0152,0.1087,-0.0158,0.0508,-0.0112,0.0709,0.0667,0.0512,-0.3074,-0.3106,-0.0684,-0.2476,-0.169,0.2563,-0.053,0.0011,0.0205,0.0332,-0.1887,-0.0896,-0.0137,0.0185,-0.0087,-0.1897,-0.2629,-0.0883,-0.291,0.0289,0.0569,-0.1638,-0.1967,0.5552,-0.5176,0.0808,-0.1956,-0.2986,0.057,0.0893,-0.0138,0.028,0.0608,-0.0779,0.0532,-0.0342,0.0638,-0.0137,-0.0341,-0.0405,-0.0034,0.3048,0.0935,-0.0307,-0.3018,0.3072,0.0167,-0.6174,-0.2876,-0.0561,1.0,-0.2572,0.0227,-0.0298,-0.0245,0.0522,-0.0185,-0.0309,0.047,0.0417,0.0707,0.0649,-0.0535,-0.0321,0.0119,-0.0167,0.0399,0.0642,-0.0141,-0.0152,0.0338,0.0468,-0.0967,0.0908,0.0646,-0.0485,-0.0024,0.2859,-0.0511,-0.0085,-0.0827,-0.014,0.052,0.0075,-0.0197,-0.0598,0.0484,0.07,-0.0248,0.0098,0.0308,-0.112,-0.0751,0.0613,0.0869,-0.0197,-0.0453,0.0862,-0.0443,0.0303,-0.0216,-0.0775,-0.0027,0.0101,0.026,0.0398,0.0166,0.0189,0.0318,0.0244,-0.3355,-0.3379,-0.2063,0.1004,-0.0513,0.2265,-0.3386,-0.3845,-0.1061,0.1454,-0.2679,0.1416,0.0429,-0.2406,0.0426,0.0651,-0.1376,0.0282,0.0516,-0.1031,0.0638,-0.3362,-0.2628,-0.3194,0.0806,0.0701,0.1953,0.0788,-0.2976,-0.2177,0.1009,0.1666,0.0627,-0.2706,-0.2466,0.2089,0.1136,-0.3992,-0.2243,0.1855,0.1128,0.1023,-0.0889,0.0378,-0.1653,0.0356,-0.0417,0.0212,-0.0313,-0.0826,0.0921,0.0591,0.042,0.0093,-0.0341,0.1725,-0.2211,-0.0396,-0.0693,-0.1179,-0.0197,-0.0052,0.0205,-0.0657,-0.1051,-0.0137,-0.0262,0.0614,-0.0373,-0.0561,-0.1203,-0.0079,-0.0279,-0.0342
touch_swing_bars_ago,-0.1245,-0.1178,0.0572,-0.0139,-0.0378,-0.0468,-0.0276,-0.0406,-0.0223,0.1934,0.0101,-0.0069,-0.0078,0.5045,-0.1049,-0.0118,0.0317,0.1123,0.1163,0.0302,0.0172,-0.0534,-0.1254,-0.0992,-0.1354,0.2213,0.1012,-0.012,0.091,-0.0046,0.0001,-0.1419,0.0,-0.0109,-0.026,0.0793,0.0226,-0.4131,0.4228,-0.3837,0.0114,-0.0002,-0.4464,0.1955,-0.0069,-0.0734,0.1793,-0.2369,0.2519,-0.0672,0.1395,-0.1012,-0.1762,0.0037,-0.0491,-0.0423,0.0526,-0.0155,0.0131,0.0495,0.0258,0.0101,0.0687,-0.1002,-0.0214,-0.0044,-0.013,0.0581,-0.059,0.1114,0.0808,0.0324,0.1414,0.0069,-0.006,0.006,-0.0405,0.0266,0.1724,0.0223,0.1265,0.1153,0.0058,-0.0339,-0.0413,-0.0411,-0.0128,0.0328,-0.0281,0.0427,0.0357,-0.0092,0.0716,-0.0974,0.2208,-0.0108,-0.0234,0.1351,0.0003,-0.0661,-0.5136,-0.3616,0.718,0.0,-0.2572,1.0,-0.1218,0.093,0.0684,-0.0715,0.1144,-0.09,-0.0456,0.0317,0.0327,-0.0452,-0.0942,0.0516,0.0659,-0.0238,-0.0292,0.0289,0.0371,-0.0516,0.0285,0.0017,0.0209,-0.0336,-0.0215,0.009,0.0094,0.0275,-0.0548,-0.049,0.1912,-0.1824,0.0104,0.1059,-0.0296,-0.0873,-0.0127,-0.0243,-0.0732,-0.0467,0.0521,0.1521,-0.095,0.0895,-0.0086,0.0175,0.0883,-0.0175,0.0425,-0.053,0.0177,-0.0084,-0.0637,-0.0356,0.0645,-0.0547,0.0438,-0.034,0.0372,-0.0315,0.0652,0.0733,0.1554,-0.0247,-0.0218,-0.0981,-0.0423,-0.0219,-0.0064,-0.0528,0.0095,-0.0269,-0.0132,0.001,-0.0189,-0.0519,0.1516,-0.0552,-0.0598,0.1427,-0.0521,0.1447,0.154,0.0427,-0.0874,-0.0418,-0.3634,0.4239,-0.1766,0.2324,0.4134,-0.351,0.4236,-0.2235,0.0187,-0.299,0.3785,-0.0504,0.1988,-0.1658,0.4038,0.4168,-0.3751,0.4397,0.1512,-0.3108,0.0049,-0.0579,-0.0705,-0.0142,-0.1035,-0.0993,-0.1338,-0.0745,-0.0566,-0.0523,-0.0686,-0.0177,0.1416,0.1849,-0.0296,0.044,0.0687,0.1903,0.1547,-0.0092,0.0902,-0.0296,0.0609,0.0,0.1934,-0.008,-0.0419,-0.0513
today_n_closed_asof,0.6157,0.6095,-0.3332,-0.2218,-0.0729,0.043,0.1967,0.3341,0.1933,-0.241,0.1242,0.0479,0.0035,-0.0941,0.1711,-0.0024,0.0239,-0.2255,-0.1234,-0.2072,-0.2065,-0.1186,0.0334,0.0705,0.2439,-0.1556,-0.175,0.0147,-0.0475,-0.0075,0.0083,0.4707,-0.0036,-0.0352,-0.0271,-0.1716,0.0272,0.1391,-0.1194,0.0611,-0.032,0.312,0.2134,-0.276,0.0104,0.3987,0.2348,0.1179,-0.0148,0.3756,-0.0492,0.7028,0.7802,0.4231,0.1319,0.0816,-0.0523,0.1396,0.2114,0.0699,0.2555,0.0854,-0.4369,0.1818,-0.0477,-0.002,0.2065,-0.3378,0.2047,0.091,0.1142,-0.0052,-0.2596,-0.0128,-0.0009,0.0015,-0.0114,0.0982,-0.1616,0.0379,-0.0861,-0.2058,-0.0058,0.0627,0.041,0.0012,0.0203,-0.0661,0.1292,-0.0279,0.0469,-0.0238,-0.1544,0.0705,-0.0638,0.0529,-0.0328,0.0674,-0.0516,0.0519,0.1229,0.0311,-0.0485,-0.0577,0.0227,-0.1218,1.0,-0.9279,-0.8323,0.8021,-0.9378,0.4508,0.626,0.0456,0.0111,-0.0284,-0.0258,-0.0498,0.0094,0.0138,0.0304,0.075,0.022,-0.0065,-0.014,0.0714,-0.0673,0.0171,0.0341,-0.0598,0.0397,0.1077,0.001,-0.029,-0.2384,0.087,0.1094,-0.119,0.0463,-0.0275,0.1258,-0.0279,0.0893,0.0478,-0.0557,-0.1875,-0.0301,0.0239,0.0094,0.0179,-0.1153,0.0035,-0.0389,0.0268,-0.0525,0.0156,0.0447,0.057,-0.0648,0.1193,0.026,0.0863,0.0229,0.022,-0.175,-0.1147,-0.1689,-0.1006,-0.041,0.045,-0.0571,-0.0802,-0.0451,0.1787,-0.2115,0.1112,0.1319,-0.1956,0.1277,0.1688,-0.2859,0.1478,0.1575,-0.2777,0.1531,-0.1516,-0.0515,0.0023,0.6233,0.0411,0.1969,-0.1257,-0.0228,-0.1546,-0.0987,0.207,-0.1201,-0.0256,-0.1003,0.1769,-0.1199,-0.0415,-0.091,0.0751,-0.0971,-0.0805,0.1353,-0.1248,-0.1043,0.1367,-0.1938,-0.1809,0.0829,-0.0214,0.1106,0.0767,0.2348,0.1427,0.0165,0.0415,0.2304,0.0456,-0.4906,-0.3609,-0.033,-0.0078,-0.4369,-0.3813,-0.3114,-0.0238,-0.1411,-0.033,-0.1516,-0.0577,-0.241,0.026,-0.0107,0.018
today_net_asof,-0.5197,-0.513,0.3117,0.1792,0.0247,-0.0576,-0.1848,-0.2688,-0.1166,0.227,-0.1181,-0.0481,-0.0091,0.0756,-0.1612,-0.0124,-0.0435,0.1524,0.1332,0.0907,0.1108,0.0173,-0.0483,-0.1482,-0.2362,0.1482,0.0973,-0.014,0.0471,0.0142,-0.0404,-0.3888,-0.0024,0.0325,0.0363,0.1397,-0.0411,-0.1182,0.0936,-0.0516,0.0467,-0.2805,-0.186,0.2574,-0.0156,-0.3722,-0.2298,-0.0953,0.0093,-0.3584,0.0523,-0.6157,-0.7054,-0.354,-0.0989,-0.0425,0.0047,-0.1047,-0.1786,-0.0574,-0.2345,-0.0737,0.3821,-0.1477,0.0633,-0.0102,-0.1752,0.2793,-0.1645,-0.0777,-0.0948,0.012,0.2239,0.0002,0.0114,0.0152,0.0201,-0.1103,0.165,-0.0271,0.0927,0.1643,0.0112,-0.0967,-0.03,-0.0109,-0.0032,0.0847,-0.0908,0.0204,-0.036,0.0465,0.1096,-0.0575,0.0395,-0.0628,0.0471,-0.0741,0.0593,-0.0709,-0.0833,-0.0061,0.0297,0.0391,-0.0298,0.093,-0.9279,1.0,0.9554,-0.8232,0.8836,-0.3198,-0.6811,-0.0369,0.0122,0.0175,0.0043,0.0742,-0.0229,0.0009,-0.0322,-0.0508,-0.0232,0.0163,0.0027,-0.0542,0.0585,-0.0243,-0.0319,0.0492,-0.029,-0.0554,-0.0109,0.0152,0.2246,-0.1019,-0.0962,0.1199,-0.0269,0.0127,-0.1146,0.0068,-0.0866,-0.0505,0.0686,0.1766,0.0103,-0.0106,-0.0007,-0.0239,0.1086,-0.0048,0.0393,-0.0247,0.0495,-0.0311,-0.0253,-0.0493,0.0589,-0.0968,-0.0366,-0.0617,-0.0416,-0.012,0.157,0.133,0.1608,0.0987,0.0004,-0.0407,0.0557,0.0807,0.0033,-0.146,0.1694,-0.0803,-0.1219,0.1543,-0.1097,-0.1424,0.2651,-0.1585,-0.1174,0.2541,-0.131,0.1038,0.0521,0.0193,-0.5716,-0.0376,-0.1648,0.0992,0.0297,0.1185,0.0744,-0.1788,0.0951,0.0372,0.0981,-0.1492,0.0928,0.0478,0.0721,-0.0633,0.0718,0.0582,-0.1088,0.098,0.0884,-0.123,0.1761,0.1637,-0.051,0.0086,-0.0886,-0.0575,-0.2043,-0.1258,-0.0345,-0.0513,-0.2,-0.0308,0.4587,0.3393,0.0311,0.0136,0.3821,0.3565,0.2925,0.0465,0.1277,0.0311,0.1208,0.0391,0.227,-0.0136,0.0094,-0.0093
today_pts_asof,-0.4315,-0.425,0.2811,0.1438,-0.0029,-0.0733,-0.1553,-0.2256,-0.0525,0.2055,-0.1118,-0.036,-0.0145,0.048,-0.1459,-0.0243,-0.0392,0.1167,0.1288,0.0394,0.0632,-0.0141,-0.0391,-0.1612,-0.2087,0.1346,0.0684,-0.0125,0.0534,0.0226,-0.042,-0.3146,0.005,0.0332,0.0345,0.1215,-0.0314,-0.0976,0.0579,-0.0346,0.0442,-0.2397,-0.1571,0.2473,-0.0204,-0.3523,-0.2177,-0.0892,0.0008,-0.3421,0.0616,-0.5251,-0.6253,-0.2827,-0.0655,-0.0074,-0.0007,-0.0746,-0.1458,-0.0584,-0.2176,-0.0698,0.3244,-0.1052,0.0707,-0.0329,-0.147,0.2273,-0.1292,-0.0704,-0.0798,0.0182,0.2017,-0.0088,0.0233,0.0406,0.0268,-0.1127,0.1506,-0.0426,0.0861,0.1335,0.0165,-0.0953,-0.0162,-0.0054,-0.0066,0.0794,-0.071,0.0144,-0.029,0.0406,0.0832,-0.0434,0.0281,-0.0839,0.0503,-0.0836,0.08,-0.0936,-0.0574,0.0064,0.0111,0.0292,-0.0245,0.0684,-0.8323,0.9554,1.0,-0.8002,0.7997,-0.2112,-0.6845,-0.0314,0.0332,0.0109,0.0056,0.0596,-0.0235,0.0172,-0.0313,-0.0496,-0.0309,0.0198,0.0061,-0.0501,0.0608,-0.0326,-0.0209,0.0336,-0.0206,-0.0438,-0.0102,0.0159,0.2033,-0.0905,-0.0705,0.0947,-0.0169,0.0043,-0.0858,-0.0053,-0.0701,-0.0388,0.052,0.1598,-0.0025,-0.003,0.0046,-0.027,0.0983,0.0064,0.0211,-0.0211,0.0441,-0.026,0.0014,-0.0328,0.0337,-0.0676,-0.0326,-0.0376,-0.036,0.0003,0.1515,0.1441,0.1629,0.099,-0.0094,-0.0475,0.0722,0.0945,0.0033,-0.1319,0.151,-0.0593,-0.1113,0.1349,-0.0888,-0.1281,0.2411,-0.1453,-0.1073,0.2297,-0.122,0.0802,0.0485,0.0376,-0.5075,-0.0346,-0.1375,0.063,0.0497,0.0996,0.0402,-0.1507,0.0595,0.0584,0.0996,-0.1283,0.0575,0.065,0.0672,-0.0541,0.0377,0.0248,-0.0727,0.0623,0.0768,-0.1092,0.1607,0.1339,-0.0405,0.0087,-0.0829,-0.051,-0.1806,-0.108,-0.0358,-0.0619,-0.1686,-0.0242,0.4132,0.3066,0.0282,0.0131,0.3244,0.3214,0.2643,0.0406,0.1177,0.0282,0.0941,0.0292,0.2055,-0.009,0.0056,-0.0073
today_n_stops_asof,0.4485,0.4419,-0.255,-0.1484,-0.0245,0.0202,0.1426,0.2372,0.1282,-0.1881,0.12,0.0469,0.0122,-0.0518,0.1336,0.0132,0.0264,-0.1518,-0.0844,-0.1372,-0.1493,-0.0512,0.0593,0.0446,0.1453,-0.1005,-0.1232,0.0084,-0.0369,-0.016,0.0006,0.3013,-0.0151,-0.0325,-0.0255,-0.0952,0.0237,0.1402,-0.0893,0.0662,-0.0632,0.208,0.1957,-0.2626,0.0176,0.3882,0.1538,0.115,-0.0445,0.3699,-0.1079,0.5308,0.6419,0.267,0.1201,0.0768,-0.0636,0.1535,0.2088,-0.0027,0.2257,0.0555,-0.3515,0.1274,-0.0718,0.0334,0.1868,-0.2777,0.1501,0.1163,0.143,-0.0281,-0.1509,0.0009,0.0023,0.0104,0.014,0.0786,-0.1269,-0.0246,-0.0512,-0.1423,-0.014,0.0456,0.0246,0.0048,-0.0007,-0.0398,0.0492,-0.0447,0.0163,-0.045,-0.0851,0.0665,-0.0244,0.0325,-0.039,0.0479,-0.0388,0.0547,0.0413,-0.0045,-0.0431,-0.0284,0.0522,-0.0715,0.8021,-0.8232,-0.8002,1.0,-0.7321,-0.0831,0.8673,0.0593,0.0035,-0.0295,-0.0113,-0.0397,0.0007,-0.0093,0.0127,0.0644,0.0278,-0.0064,-0.0199,0.0712,-0.0905,0.0525,0.0556,-0.0599,0.0197,0.0918,-0.0012,-0.0111,-0.1861,0.0767,0.0889,-0.0963,0.0375,-0.0137,0.0941,-0.0446,0.086,0.0295,-0.0434,-0.1463,-0.0145,0.0107,0.0082,0.0375,-0.09,-0.009,-0.0352,0.0027,-0.0353,0.0039,0.0362,0.0518,-0.05,0.094,0.0143,0.0553,0.0199,-0.0027,-0.1201,-0.0809,-0.1407,-0.1192,-0.0151,0.0282,-0.019,-0.0443,-0.026,0.1426,-0.1483,0.0605,0.1291,-0.1389,0.0928,0.1562,-0.2013,0.1531,0.1265,-0.2046,0.118,-0.1103,-0.0201,0.0194,0.4791,0.0003,0.1557,-0.0951,-0.0182,-0.1008,-0.0742,0.1717,-0.09,-0.0268,-0.0938,0.1379,-0.0904,-0.0313,-0.0638,0.0628,-0.0719,-0.0658,0.1,-0.0893,-0.0606,0.1476,-0.1723,-0.1559,0.0853,-0.0182,0.0437,0.0243,0.2294,0.1671,0.0262,0.0289,0.192,-0.02,-0.3732,-0.2793,-0.0258,-0.0566,-0.3515,-0.293,-0.2404,-0.045,-0.0942,-0.0258,-0.0978,-0.0284,-0.1881,-0.0295,-0.0365,-0.0447
last_closed_reason_asof=nan,-0.5755,-0.5685,0.3519,0.1989,0.0268,-0.0959,-0.1864,-0.2921,-0.1518,0.2569,-0.0771,-0.0378,-0.0125,0.0871,-0.1825,0.0195,-0.0115,0.2253,0.1196,0.2059,0.1989,0.1066,-0.0551,-0.0909,-0.273,0.1544,0.183,0.0012,0.0534,0.0141,-0.0022,-0.4629,0.0117,0.0324,0.0466,0.1457,-0.0161,-0.1275,0.1152,-0.0597,0.0258,-0.3219,-0.2055,0.2596,-0.0199,-0.3634,-0.2483,-0.0961,0.0249,-0.3343,0.0343,-0.6543,-0.7246,-0.4117,-0.0899,-0.0354,0.045,-0.1094,-0.1748,-0.1022,-0.2499,-0.0689,0.4276,-0.1803,0.0744,0.0279,-0.1823,0.3045,-0.1885,-0.0637,-0.0822,-0.0025,0.2525,0.0017,0.015,-0.0005,0.0074,-0.0942,0.1604,-0.0308,0.078,0.2181,0.0149,-0.056,-0.032,-0.0099,-0.05,0.0811,-0.1213,0.0209,-0.0456,0.0288,0.1411,-0.063,0.0497,-0.0642,0.0214,-0.0568,0.0596,-0.0579,-0.118,-0.0451,0.0632,0.0506,-0.0185,0.1144,-0.9378,0.8836,0.7997,-0.7321,1.0,-0.4955,-0.6546,-0.034,-0.0121,0.0166,0.0382,0.0521,-0.0276,-0.0092,-0.0385,-0.0694,-0.0307,0.0202,0.0052,-0.0499,0.0458,-0.0101,-0.0294,0.0625,-0.0472,-0.1109,0.0073,0.0344,0.2542,-0.0822,-0.1111,0.1261,-0.0344,0.0291,-0.1344,0.0184,-0.0779,-0.0619,0.052,0.1999,0.0319,-0.0264,0.0006,-0.0344,0.1229,-0.0057,0.0306,-0.0235,0.0672,-0.0174,-0.0409,-0.047,0.0518,-0.1119,-0.0446,-0.0693,-0.008,-0.0106,0.2051,0.16,0.1486,0.0918,0.0364,-0.0584,0.0458,0.0688,0.0577,-0.1666,0.2064,-0.1109,-0.1273,0.1891,-0.1318,-0.1643,0.2868,-0.1487,-0.1421,0.2755,-0.1526,0.1574,0.0528,0.0425,-0.6073,-0.0361,-0.192,0.12,0.0248,0.1549,0.0925,-0.1996,0.1174,0.0279,0.1044,-0.181,0.1164,0.0506,0.1113,-0.0547,0.0924,0.0758,-0.1327,0.1211,0.0957,-0.1232,0.1894,0.1485,-0.0733,0.0116,-0.099,-0.0589,-0.2182,-0.1237,-0.0177,-0.03,-0.2389,-0.034,0.5167,0.3833,0.0352,0.0129,0.4276,0.4036,0.3302,0.0288,0.1513,0.0352,0.1417,0.0506,0.2569,-0.0147,0.0006,-0.0194
last_closed_reason_asof=next_choch,0.3389,0.3353,-0.1819,-0.1334,-0.075,0.0813,0.1026,0.1688,0.1458,-0.1273,-0.0391,0.0088,-0.0144,-0.0832,0.0904,-0.0248,0.0017,-0.1411,-0.0718,-0.1253,-0.1115,-0.1136,-0.0306,0.0724,0.2012,-0.1085,-0.1078,-0.0036,-0.0357,0.0006,0.0123,0.3274,0.0146,-0.0207,-0.0145,-0.1051,0.0177,0.0081,-0.0669,0.0011,0.0353,0.1919,0.0494,-0.045,-0.0108,0.089,0.1654,-0.0211,0.0327,0.0645,0.0833,0.361,0.3296,0.2864,0.0175,0.0019,0.0057,-0.0125,0.0401,0.1055,0.0954,0.0521,-0.2132,0.1175,-0.0025,-0.0732,0.0784,-0.155,0.1112,-0.0147,-0.0328,0.0212,-0.2052,-0.0199,-0.005,-0.0165,-0.033,0.0475,-0.0951,0.0897,-0.045,-0.141,0.0132,0.0329,0.0403,-0.0048,0.0421,-0.0587,0.145,0.0199,0.0451,-0.0003,-0.1269,0.0363,-0.0625,0.0094,-0.0074,0.0201,-0.0063,0.0018,0.1272,0.0604,-0.0297,-0.0496,-0.0309,-0.09,0.4508,-0.3198,-0.2112,-0.0831,-0.4955,1.0,-0.3323,-0.035,0.0196,-0.0002,-0.0101,-0.0588,0.0286,-0.0056,0.0525,0.0304,0.0153,-0.0242,0.0155,0.01,0.0173,-0.0381,0.0068,-0.0241,0.0225,0.0302,0.0094,-0.0201,-0.1259,0.0495,0.0857,-0.0884,0.0694,-0.0326,0.1019,0.0079,0.0402,0.053,-0.0456,-0.099,-0.0369,0.0271,-0.0247,-0.0175,-0.0609,0.0377,-0.0378,0.0429,-0.0464,0.0357,-0.0089,0.0505,-0.055,0.0773,0.042,0.0613,0.0049,0.0424,-0.1318,-0.0951,-0.0748,-0.0183,-0.0447,0.0635,-0.042,-0.0453,-0.0688,0.089,-0.1305,0.0994,0.0283,-0.1185,0.0856,0.0557,-0.1836,0.0404,0.0891,-0.1692,0.0926,-0.0912,-0.0572,-0.0437,0.3196,0.043,0.0982,-0.068,-0.0076,-0.0956,-0.0555,0.096,-0.0657,-0.003,-0.0253,0.0997,-0.0683,-0.0248,-0.0678,0.0163,-0.0569,-0.0371,0.0789,-0.0739,-0.0671,-0.0154,-0.0842,-0.0642,-0.0112,0.018,0.1051,0.0713,0.0258,-0.0334,-0.0023,0.007,0.0952,0.0521,-0.2704,-0.1935,-0.0175,0.0347,-0.2132,-0.2068,-0.1676,-0.0003,-0.1071,-0.0175,-0.116,-0.0496,-0.1273,0.0388,0.0368,0.0702
last_closed_reason_asof=stop_loss,0.3299,0.3256,-0.2239,-0.0999,0.0362,0.0333,0.1131,0.1703,0.0379,-0.1682,0.1178,0.0333,0.0261,-0.0221,0.1194,0.0005,0.011,-0.1219,-0.0674,-0.1145,-0.1189,-0.0168,0.0865,0.0357,0.1213,-0.0732,-0.1049,0.0018,-0.027,-0.0159,-0.0083,0.2178,-0.0254,-0.0172,-0.0327,-0.058,0.0021,0.1313,-0.0668,0.0638,-0.0588,0.1825,0.1801,-0.2426,0.031,0.3172,0.1257,0.1228,-0.0554,0.307,-0.1097,0.3963,0.5,0.1979,0.0776,0.035,-0.0537,0.1243,0.1455,0.0033,0.1884,0.0295,-0.2788,0.0936,-0.0693,0.0391,0.1297,-0.1957,0.1079,0.0786,0.1151,-0.0158,-0.0953,0.0155,-0.0119,0.0149,0.0207,0.061,-0.0913,-0.0447,-0.0455,-0.1141,-0.0277,0.0322,-0.0004,0.0149,0.0162,-0.037,0.0055,-0.04,0.0103,-0.031,-0.0428,0.0368,0.002,0.0616,-0.0168,0.0441,-0.0592,0.0613,0.0174,-0.0036,-0.0428,-0.0118,0.047,-0.0456,0.626,-0.6811,-0.6845,0.8673,-0.6546,-0.3323,1.0,0.0674,-0.0039,-0.0178,-0.0327,-0.0055,0.005,0.0148,-0.0039,0.049,0.02,-0.0009,-0.0192,0.0455,-0.0648,0.0441,0.026,-0.0469,0.0317,0.0941,-0.0162,-0.0198,-0.1664,0.0462,0.0461,-0.06,-0.0231,-0.0033,0.0572,-0.0269,0.0496,0.0211,-0.0167,-0.1308,-0.0025,0.0051,0.0209,0.0525,-0.0804,-0.0266,-0.0003,-0.0118,-0.0326,-0.0121,0.0521,0.007,-0.0084,0.0542,0.0119,0.0219,0.0044,-0.0252,-0.1081,-0.091,-0.0962,-0.0838,-0.0006,0.0081,-0.012,-0.0335,-0.0011,0.1034,-0.1105,0.034,0.1136,-0.1022,0.0688,0.1299,-0.1516,0.1263,0.0768,-0.1519,0.0852,-0.0915,-0.0076,-0.0081,0.3813,0.0018,0.123,-0.0711,-0.0203,-0.085,-0.0521,0.1332,-0.0703,-0.0277,-0.0913,0.1098,-0.067,-0.0334,-0.0619,0.0452,-0.0509,-0.05,0.0755,-0.0672,-0.0456,0.1472,-0.1324,-0.1053,0.0893,-0.0283,0.016,0.0019,0.2144,0.1632,0.0212,0.0265,0.171,-0.0083,-0.3257,-0.2478,-0.0231,-0.0442,-0.2788,-0.2582,-0.2127,-0.031,-0.0711,-0.0231,-0.0529,-0.0118,-0.1682,-0.0178,-0.0326,-0.04
card_read=ACCEPTED,0.0385,0.0368,-0.0253,-0.0292,0.081,-0.0296,-0.0327,0.0172,-0.0167,-0.0177,0.2194,-0.0409,0.0022,0.0118,0.0126,-0.0179,0.0312,-0.0381,0.0067,-0.0705,-0.0754,-0.0327,0.0187,-0.0502,0.0079,0.0027,-0.1009,-0.0011,-0.0666,-0.003,0.0215,-0.007,0.0152,0.0242,0.0142,0.0178,0.0312,0.0035,-0.0067,0.0153,0.0049,0.0377,0.0086,0.001,0.0027,0.0334,-0.0375,-0.0086,-0.0452,0.042,-0.0127,0.0522,0.0631,0.0302,-0.0141,0.0012,-0.0655,0.0077,0.0153,-0.0156,0.0239,-0.0049,-0.0161,-0.0071,0.0401,-0.0573,-0.0375,-0.0122,0.0551,0.0241,0.0173,-0.0699,-0.0481,0.0263,-0.0283,-0.0135,-0.0286,0.0438,-0.0068,-0.0109,0.0332,-0.0951,-0.0024,-0.0086,-0.0139,0.001,0.0059,0.019,0.0423,-0.0042,0.0423,-0.0095,-0.0207,-0.0311,0.0251,0.0318,0.0126,0.047,-0.0418,0.0092,-0.0184,-0.0409,0.0079,-0.0069,0.0417,0.0317,0.0456,-0.0369,-0.0314,0.0593,-0.034,-0.035,0.0674,1.0,-0.0064,-0.0054,-0.0794,-0.0235,-0.0386,-0.0081,-0.0064,-0.0173,-0.0308,0.0479,-0.0301,0.2112,-0.1564,-0.014,-0.0322,0.0195,0.0067,0.0943,-0.0423,-0.0452,-0.0175,-0.0704,0.0573,-0.0013,-0.0024,-0.0431,0.0399,-0.0104,-0.0256,0.0182,-0.0341,-0.0138,-0.0422,0.0432,0.7062,0.4991,-0.0085,-0.0278,-0.0745,-0.0069,-0.0064,-0.0133,-0.0101,-0.0262,0.0346,0.0785,-0.0356,0.0936,0.0333,-0.0103,-0.0512,-0.0181,-0.0085,0.0254,-0.1067,-0.0011,-0.0124,-0.028,0.0045,-0.0066,-0.0164,0.0366,-0.0012,-0.0176,0.0043,-0.0351,0.0574,-0.0147,0.0042,0.0579,-0.0271,-0.1012,-0.0694,-0.0204,0.0534,-0.009,0.0437,-0.0079,-0.0374,-0.0488,0.0016,0.0376,-0.0117,-0.0317,-0.0597,0.05,-0.0107,-0.0491,-0.0442,0.0386,0.0038,-0.0045,0.0077,-0.0121,-0.0394,0.0193,-0.0241,-0.0142,0.0775,0.0001,-0.015,-0.013,0.0155,0.0011,0.0352,0.0555,-0.0243,-0.0049,-0.0376,-0.0269,-0.0024,-0.0073,-0.0161,-0.0288,-0.0233,-0.0095,-0.0282,-0.0024,-0.0232,-0.0069,-0.0177,-0.0054,-0.0034,-0.0042
card_read=FIRST_PRINT,-0.0087,-0.0095,0.0077,-0.0016,0.0467,-0.0025,-0.009,-0.0403,0.036,-0.0235,-0.0072,-0.0053,-0.0103,-0.0067,0.0167,-0.0455,-0.0071,-0.065,-0.0401,-0.0714,-0.0603,-0.0398,0.0299,-0.0365,0.0173,-0.0423,-0.1089,-0.0032,-0.0945,0.0275,-0.0278,0.0107,-0.0086,0.0016,-0.035,0.0814,-0.0187,0.0129,-0.0019,0.0123,0.0197,-0.0131,-0.0023,0.0327,-0.0096,0.0248,0.0152,-0.0054,-0.0317,-0.0114,-0.0168,-0.0287,-0.0289,-0.0155,-0.0268,-0.0177,-0.0598,-0.0417,-0.0033,-0.0277,-0.0102,-0.0064,0.0406,-0.0311,0.0401,-0.0483,-0.0497,-0.0027,0.0562,-0.0423,-0.026,-0.04,-0.0267,-0.0231,0.0246,0.026,0.0085,0.0313,-0.0332,0.0117,0.0006,-0.0747,0.0101,0.0184,0.0476,0.0146,-0.0263,0.0765,0.0433,-0.0056,0.0263,-0.0126,-0.0275,-0.0057,0.0294,-0.0198,-0.0434,0.0749,0.0043,-0.0127,-0.0095,-0.0741,0.0186,-0.0091,0.0707,0.0327,0.0111,0.0122,0.0332,0.0035,-0.0121,0.0196,-0.0039,-0.0064,1.0,-0.0072,-0.1052,-0.0311,-0.0512,-0.0107,-0.0085,-0.023,-0.0409,0.0635,-0.04,-0.0225,0.0299,-0.0186,-0.0079,0.0462,-0.0478,0.1823,-0.056,-0.0599,-0.0232,-0.0933,0.076,-0.0545,-0.0032,0.1497,-0.0862,-0.0138,-0.0339,0.0718,-0.0451,-0.0183,-0.0559,-0.1493,-0.0046,-0.0032,-0.0112,-0.0368,0.0567,-0.0091,-0.0085,-0.0176,-0.0134,-0.0347,0.0458,-0.0545,-0.0472,0.124,-0.0096,0.014,-0.017,-0.0097,0.036,-0.0384,0.0124,0.0681,-0.0135,-0.0444,0.0059,0.0704,-0.0869,0.1031,0.0431,-0.0969,0.069,0.017,-0.0204,0.0055,-0.0004,-0.0268,-0.0532,-0.0733,-0.001,-0.0226,-0.0305,-0.0115,0.0329,0.0007,-0.0273,-0.0292,-0.0051,0.0285,0.0057,-0.0197,0.0046,0.0544,-0.0008,-0.0546,-0.023,-0.003,0.0032,0.0112,0.0086,-0.0034,-0.055,-0.0001,-0.0273,-0.0123,0.0045,-0.0011,-0.0154,-0.047,-0.0515,-0.0555,-0.0287,0.0348,-0.0955,-0.0064,0.0134,0.0037,-0.0032,-0.0097,0.0406,-0.0006,0.013,-0.0126,0.0387,-0.0032,-0.0307,-0.0091,-0.0235,-0.0072,-0.0046,-0.0056
card_read=HUNT,-0.0144,-0.0144,-0.0283,0.0112,0.0667,0.0103,0.004,-0.034,-0.0187,-0.0198,-0.0061,-0.0151,-0.0132,-0.052,0.0141,0.0074,0.0143,-0.115,-0.1123,-0.0506,-0.0635,-0.0575,-0.0317,-0.03,0.0186,-0.0561,-0.0398,0.0017,0.0085,0.0026,-0.0104,-0.0023,0.009,0.0012,0.0144,0.0062,0.0258,0.0381,-0.0489,0.0055,0.0211,0.0422,0.0466,0.0023,-0.0126,-0.0068,-0.0356,-0.0044,-0.0306,-0.0156,-0.0188,-0.0135,0.0077,-0.0162,0.0407,0.0379,-0.0557,0.0119,-0.0135,-0.0744,-0.0227,-0.0054,0.0064,0.0177,0.0401,0.0493,-0.0419,0.0339,0.002,-0.0785,0.0079,-0.0476,-0.0595,-0.013,0.0008,-0.0071,-0.0141,0.0459,-0.0774,-0.0103,-0.092,-0.0919,0.013,-0.0646,0.0483,0.0167,0.0152,0.0638,0.0113,-0.0047,-0.0231,-0.0106,0.034,0.0072,-0.0477,-0.0438,0.004,-0.022,0.0395,-0.0387,0.0762,-0.0223,-0.0396,-0.0077,0.0649,-0.0452,-0.0284,0.0175,0.0109,-0.0295,0.0166,-0.0002,-0.0178,-0.0054,-0.0072,1.0,-0.0888,-0.0263,-0.0432,-0.0091,-0.0072,-0.0194,-0.0345,0.0536,-0.0337,0.1172,-0.2417,0.227,0.046,-0.0022,-0.0403,0.1539,-0.0473,-0.0505,-0.0196,-0.0788,0.0641,0.1324,-0.0027,-0.0482,-0.0727,0.5229,-0.0286,-0.1004,-0.0381,-0.0154,-0.0472,0.0483,-0.0038,-0.0027,-0.0095,-0.0311,0.0479,-0.0077,-0.0072,-0.0149,-0.0113,-0.0293,0.0387,-0.046,-0.0399,0.1047,0.016,0.0034,0.0132,0.0342,-0.018,0.0398,0.0022,0.017,-0.0315,-0.0661,0.005,0.0648,-0.0971,0.027,0.0862,-0.0907,0.0706,0.0585,-0.0277,-0.0298,0.0342,-0.0383,0.027,-0.1116,-0.1193,0.026,-0.0044,0.0065,0.0938,-0.0483,-0.0251,-0.0804,-0.0483,0.0857,-0.0483,-0.0124,-0.0457,0.0819,-0.0483,-0.032,-0.0763,0.076,-0.0483,-0.0483,0.0483,-0.0483,-0.0064,0.0313,0.0193,0.0159,0.0115,0.0591,0.0188,0.0182,-0.0402,-0.0487,0.0386,0.1153,-0.0179,-0.0054,-0.0421,-0.0301,-0.0027,-0.0082,0.0064,-0.0322,-0.0261,-0.0106,-0.0315,-0.0027,0.0263,-0.0077,-0.0198,-0.0061,-0.0038,-0.0047
card_read=LEAVE,-0.0438,-0.0421,0.0216,0.0385,0.0193,-0.0142,-0.0194,-0.0165,-0.0042,-0.0124,-0.0573,-0.0321,-0.0179,-0.2136,0.0653,0.0212,-0.0003,0.0823,0.0235,0.1064,0.0983,0.1262,0.0686,0.1112,0.0299,-0.0066,-0.039,0.0198,-0.1777,0.0111,0.0053,-0.0045,0.0146,0.0335,-0.0064,0.0524,-0.0048,0.1257,-0.1346,0.1545,0.0556,-0.1196,0.1386,-0.0236,-0.0096,-0.0278,-0.0752,0.0185,-0.122,-0.0357,-0.1078,-0.0556,-0.0245,-0.0942,0.0183,0.0349,0.0558,0.0091,-0.0052,-0.0319,0.0289,-0.0442,0.0045,-0.0279,-0.0161,-0.0197,0.0213,0.0295,-0.0596,-0.0043,-0.005,0.0203,0.0501,-0.0322,0.049,0.133,0.1083,-0.1215,0.0019,-0.1274,0.0626,0.0002,0.02,0.0297,-0.0137,0.0263,-0.0559,0.0431,0.005,-0.0281,-0.0042,0.0464,-0.034,0.0178,-0.074,-0.0191,0.0822,-0.1159,0.0218,-0.0304,0.067,0.1189,-0.0808,-0.0377,-0.0535,-0.0942,-0.0258,0.0043,0.0056,-0.0113,0.0382,-0.0101,-0.0327,-0.0794,-0.1052,-0.0888,1.0,-0.3828,-0.6304,-0.1322,-0.1052,-0.2826,-0.2322,0.4106,-0.2906,-0.1166,0.1002,-0.0133,-0.1335,0.1954,-0.1088,-0.1836,0.5329,0.5691,0.2207,0.8875,-0.3043,-0.1293,0.0306,0.5045,-0.3409,-0.0862,0.3225,-0.0985,-0.0849,-0.032,0.5312,-0.5062,-0.0561,-0.0396,0.1067,0.3499,-0.523,0.0869,0.0813,0.1677,0.1274,0.3299,-0.4358,0.1498,-0.5813,-0.0175,0.0057,0.0585,0.0358,0.008,0.0459,-0.0953,0.0713,0.1113,0.0029,-0.0187,-0.0127,-0.1023,0.1032,-0.0393,-0.114,0.1151,-0.0755,-0.0515,0.0109,-0.0678,-0.0332,0.0142,-0.0733,-0.0999,-0.1316,-0.0006,-0.0797,0.0151,0.1628,-0.1138,-0.0104,-0.0978,-0.1166,0.1537,-0.1363,0.018,-0.0835,0.1594,-0.1097,-0.0591,-0.1349,0.0593,-0.1154,-0.1168,0.1293,-0.15,-0.0909,0.0952,0.0334,0.0909,0.0002,0.0509,-0.1091,-0.1276,-0.0177,0.0083,0.0808,-0.0325,-0.0531,-0.009,0.0238,0.0046,0.0306,-0.0018,0.0045,0.009,0.0501,0.0464,-0.0312,-0.0396,-0.0103,-0.0377,-0.0124,-0.0258,0.0433,0.0125
card_read=NEW,-0.0319,-0.0293,-0.022,0.0393,-0.0266,-0.0091,0.0088,-0.0046,-0.0631,0.049,0.077,0.05,0.0587,0.0398,-0.054,0.0123,0.0212,0.0683,0.0523,0.0639,0.0525,0.0243,-0.021,0.0036,-0.0168,0.0603,0.0743,-0.0802,0.0563,-0.0678,-0.0797,-0.0271,-0.0972,-0.0533,-0.0444,0.0004,0.0311,-0.0566,0.0393,-0.0571,-0.0245,0.0097,-0.0689,0.0396,0.0611,-0.0332,0.0538,-0.0557,0.0622,-0.0346,0.0339,-0.0704,-0.0776,-0.0285,0.034,0.0212,0.0811,0.0596,0.0125,-0.0711,0.0222,0.0342,0.0475,-0.0782,-0.0391,0.0448,-0.0366,0.0307,0.0003,0.0471,0.0435,0.0555,0.0131,0.0773,-0.0895,-0.1072,-0.0565,0.0038,0.0542,0.0836,0.0126,0.08,-0.0595,0.0077,-0.0692,-0.0993,0.1059,0.2615,0.0376,0.0463,-0.0671,0.0142,0.0321,0.0438,-0.0419,0.044,0.0817,-0.0184,-0.0166,-0.0461,-0.0252,-0.0045,0.0478,-0.0333,-0.0321,0.0516,-0.0498,0.0742,0.0596,-0.0397,0.0521,-0.0588,-0.0055,-0.0235,-0.0311,-0.0263,-0.3828,1.0,-0.1864,-0.0391,-0.0311,-0.0836,-0.1487,0.2312,-0.1454,-0.0817,0.1087,-0.0675,-0.1553,0.2669,-0.1738,-0.0217,-0.204,-0.2179,-0.0845,-0.3397,-0.4094,0.5708,-0.0117,-0.2078,-0.3136,-0.0502,-0.1234,-0.433,0.618,0.0389,-0.2034,0.2084,-0.0166,-0.0117,-0.0409,-0.1339,0.2065,-0.0333,-0.0311,-0.0642,-0.0488,-0.1263,0.1668,-0.1983,-0.1719,-0.2508,0.0093,-0.1161,0.0756,0.0544,-0.0081,0.0375,0.0541,-0.0613,0.0692,0.0769,-0.0493,-0.0102,0.0408,-0.0101,0.0189,0.0305,-0.0272,-0.0082,0.0619,-0.0346,-0.0408,0.0447,-0.0355,0.072,0.0476,0.0563,-0.0622,-0.0885,-0.074,0.0285,0.0347,0.078,0.0251,-0.0684,0.0461,0.015,0.0789,-0.0829,0.0269,0.0644,0.0725,-0.0585,0.0263,0.0264,-0.0427,0.0452,0.0518,-0.056,0.0689,0.0468,0.0092,0.012,-0.0213,-0.0029,-0.0049,0.0187,0.0481,-0.0309,0.0668,-0.0235,0.02,0.0372,-0.0117,0.0033,0.0475,0.0318,0.0075,0.0142,0.1292,0.1035,0.0356,-0.0333,0.049,0.0254,-0.0166,-0.0203
card_read=PENDING,0.0213,0.0152,0.0308,-0.0472,-0.0305,0.035,0.0075,0.0078,0.018,-0.0089,-0.0432,0.003,0.0003,0.2002,-0.0473,-0.0475,-0.0232,0.0013,0.0122,-0.0191,-0.0109,-0.0351,-0.0328,-0.0096,0.0031,0.0375,0.1197,0.0225,0.1962,0.0037,0.0525,0.0035,0.0499,0.0261,0.0207,0.0199,-0.0202,-0.1175,0.1313,-0.1326,-0.0297,0.1155,-0.1204,0.0325,0.0043,-0.0031,0.0717,-0.0161,0.1044,-0.0084,0.0943,0.0454,-0.0105,0.0904,-0.0101,-0.034,-0.0149,-0.0108,0.0014,0.0373,-0.0515,0.0025,-0.0297,0.0841,0.0143,0.0105,0.0312,-0.0387,0.0155,0.0102,0.0034,0.0111,0.0001,-0.0092,-0.0071,-0.069,-0.067,0.057,0.0298,0.0615,-0.051,0.0905,-0.0016,0.0323,-0.0371,0.0309,0.041,-0.2397,-0.0336,-0.0335,0.0524,-0.054,0.0237,-0.0551,0.1096,0.0113,-0.0817,0.0947,-0.031,0.0554,-0.0635,-0.0643,0.0517,0.0619,0.0119,0.0659,0.0094,-0.0229,-0.0235,0.0007,-0.0276,0.0286,0.005,-0.0386,-0.0512,-0.0432,-0.6304,-0.1864,1.0,-0.0644,-0.0512,-0.1376,0.4811,-0.8061,0.5448,0.0772,-0.075,0.022,0.1647,-0.3055,0.211,0.0588,-0.3359,-0.3587,-0.1391,-0.5594,0.4553,-0.183,-0.0193,-0.3421,0.4684,0.0738,-0.2033,0.3009,-0.227,0.0108,-0.3349,0.3431,-0.0273,-0.0193,-0.0673,-0.2206,0.34,-0.0548,-0.0512,-0.1057,-0.0803,-0.208,0.2747,-0.3201,0.9222,-0.1149,-0.0276,0.0119,-0.0307,-0.0287,0.019,0.0437,-0.0272,-0.1317,0.0045,0.0255,0.0346,0.0463,-0.0254,0.0024,0.0505,-0.032,0.0548,0.0165,-0.0154,0.0578,-0.0086,-0.0037,0.0485,0.1814,0.1715,-0.005,0.0503,0.016,-0.1877,0.1271,0.0157,0.0998,0.1115,-0.1777,0.1408,-0.0043,0.1065,-0.1749,0.1162,0.0721,0.1423,-0.0707,0.1067,0.1143,-0.131,0.1525,0.126,-0.0769,-0.0791,-0.0902,-0.028,-0.0608,0.0899,0.1011,0.0205,-0.0198,-0.1239,0.0059,0.0376,-0.0386,0.0022,-0.0096,-0.0193,-0.0306,-0.0297,-0.0015,-0.0427,-0.054,0.0144,-0.0193,-0.0025,0.0619,-0.0089,-0.0432,-0.0273,-0.0335
card_read=RECYCLE,-0.0181,-0.0191,0.0897,-0.0486,0.0216,-0.0493,-0.0545,-0.0218,0.0652,0.0148,0.1271,-0.0073,0.0142,-0.051,0.0209,0.0375,0.0459,0.03,0.0158,0.0184,0.0003,0.0217,0.0088,-0.0468,-0.0821,-0.0089,0.0475,0.0127,0.0445,0.0312,-0.0345,-0.0292,-0.039,-0.0156,0.0015,0.0036,0.0204,0.083,-0.0504,0.0574,-0.0024,-0.0633,0.0536,-0.0292,0.0151,0.0665,-0.0632,0.03,-0.0416,0.0556,-0.0431,-0.0129,0.0104,-0.0208,0.0418,0.067,-0.0556,0.028,0.0309,-0.0144,0.0064,-0.0081,0.0227,-0.0292,0.0137,0.0348,-0.0117,0.0119,-0.0024,0.0225,0.0225,-0.0102,0.0406,-0.0008,0.005,-0.0279,0.0333,-0.0393,0.026,-0.0232,0.0073,0.017,-0.0145,-0.0064,0.0269,-0.03,-0.0352,-0.0349,-0.0428,-0.007,-0.0249,-0.0158,0.0429,0.005,-0.0415,-0.0331,-0.027,0.0076,0.0418,-0.0311,-0.0179,0.0219,-0.0327,0.0964,-0.0167,-0.0238,0.0138,0.0009,0.0172,-0.0093,-0.0092,-0.0056,0.0148,-0.0081,-0.0107,-0.0091,-0.1322,-0.0391,-0.0644,1.0,-0.0107,-0.0289,-0.0514,0.0798,-0.0502,-0.0282,0.0375,-0.0233,0.0019,-0.0163,0.0177,-0.0066,-0.0704,-0.0752,-0.0292,-0.1173,0.0955,-0.0202,-0.004,-0.0717,0.0823,-0.0173,-0.0426,0.0467,-0.0567,0.0326,-0.0702,0.072,-0.0057,-0.004,-0.0141,-0.0463,0.0713,-0.0115,-0.0107,-0.0222,-0.0168,-0.0436,0.0576,0.1488,-0.0594,0.1559,0.0445,0.0091,0.0471,0.0779,-0.0258,-0.0335,-0.015,-0.0205,0.0142,0.0197,0.0071,-0.0302,0.0645,-0.0604,-0.0261,0.0506,-0.0327,-0.0268,0.0351,0.0178,0.0094,0.0303,0.014,0.0411,0.031,0.043,-0.0209,-0.0011,0.0098,-0.0513,0.0584,-0.0063,-0.0473,0.0155,-0.0503,0.0597,0.0083,-0.0051,-0.0518,0.07,0.0748,0.007,-0.0454,-0.0469,0.0546,-0.0504,-0.0299,0.0631,-0.0505,-0.0583,0.04,0.0184,-0.0043,0.0195,0.0201,0.0251,-0.0183,-0.0321,0.0806,-0.0081,0.0638,0.081,-0.004,-0.0122,0.0227,0.072,0.1017,-0.0158,-0.0166,-0.004,0.0321,0.0964,0.0148,-0.0091,-0.0057,-0.007
card_read=REJECT,0.0394,0.0325,-0.0335,-0.0016,0.0062,0.0342,-0.009,-0.0043,0.036,-0.0235,-0.0072,-0.0697,-0.0103,0.0031,0.0167,-0.013,0.0111,-0.1058,-0.0579,-0.0965,-0.1001,-0.0824,-0.0109,-0.0656,0.0083,-0.0648,-0.1198,0.0061,-0.0389,0.0011,0.0219,0.001,0.0255,-0.008,0.0028,-0.0646,0.0042,0.0339,-0.0299,0.0385,-0.0332,0.0185,0.0407,-0.0292,-0.0361,0.0368,0.0114,0.0269,-0.0404,0.0565,0.0054,0.0576,0.0828,0.0309,-0.0543,-0.0358,-0.0154,-0.051,0.0208,0.0404,-0.0102,-0.0064,-0.042,0.0556,0.0137,-0.0308,-0.018,-0.0295,0.0562,-0.0572,-0.059,-0.0031,-0.0732,-0.014,0.0127,-0.0264,-0.0213,0.0635,-0.0757,-0.015,-0.0143,-0.1234,0.0101,-0.0495,0.0946,-0.0119,0.003,0.0504,0.0247,-0.0056,-0.0631,-0.0126,-0.0275,0.1008,-0.0533,-0.0102,-0.0434,0.0244,0.0043,0.0205,0.0542,-0.0211,-0.0141,-0.0091,0.0399,-0.0292,0.0304,-0.0322,-0.0313,0.0127,-0.0385,0.0525,-0.0039,-0.0064,-0.0085,-0.0072,-0.1052,-0.0311,-0.0512,-0.0107,1.0,-0.023,-0.0409,0.0635,-0.04,0.0351,-0.0605,0.0499,0.0962,-0.1166,0.0494,0.1168,-0.056,-0.0599,-0.0232,-0.0933,0.076,-0.0545,-0.0032,-0.0571,0.0992,-0.0138,-0.0339,0.0718,-0.0451,-0.0183,-0.0559,0.0573,-0.0046,-0.0032,-0.0112,-0.0368,0.0567,-0.0091,-0.0085,-0.0176,-0.0134,-0.0347,0.0458,0.1568,-0.0472,0.124,0.0105,0.0203,-0.0772,-0.0532,-0.0597,0.0708,-0.0782,0.0814,-0.0566,-0.0388,0.0059,0.078,-0.1034,0.0579,0.0612,-0.1008,0.0635,0.0055,-0.0566,0.0157,0.0731,-0.052,0.0552,-0.1119,-0.0536,-0.06,0.0742,0.0266,0.0474,-0.0323,-0.0052,-0.0467,-0.022,0.0478,-0.0348,-0.007,-0.0684,0.057,-0.0225,-0.0391,-0.0722,0.0579,-0.0207,-0.0301,0.0214,-0.0365,-0.0331,0.0425,-0.0012,0.0261,0.0017,-0.0338,0.0653,0.0456,-0.0452,-0.0469,-0.0348,0.0335,0.0017,-0.0064,-0.0498,-0.0357,-0.0032,-0.0097,-0.042,-0.0381,-0.0309,-0.0126,-0.0374,-0.0032,-0.0307,-0.0091,-0.0235,-0.0072,-0.0046,-0.0056
card_read=THIN,0.0856,0.0937,-0.0901,-0.0167,-0.0287,-0.0046,0.0584,0.0611,0.0088,0.002,-0.0194,0.0482,-0.0336,0.0786,-0.0145,0.0325,-0.0228,-0.1633,-0.0735,-0.1789,-0.1504,-0.1694,-0.0656,-0.1351,-0.0255,-0.0678,-0.1208,0.0133,-0.0044,0.031,0.0129,0.0508,0.0093,-0.0476,0.0315,-0.1563,-0.0155,-0.0532,0.0519,-0.0678,-0.0344,0.0354,-0.0459,-0.0481,-0.0525,0.0432,0.0034,0.043,0.0612,0.0832,0.0494,0.1107,0.1237,0.0732,-0.0558,-0.0571,-0.1023,-0.0542,-0.0269,0.1087,0.0086,0.0572,-0.025,0.0086,0.0047,-0.0159,0.0031,-0.0328,0.0379,-0.0167,-0.0335,-0.0779,-0.0696,-0.0036,0.0158,0.0018,-0.0332,0.1031,-0.0704,0.0699,-0.0341,-0.1399,0.033,-0.092,0.1051,0.0243,-0.0598,-0.0525,-0.02,0.071,0.0222,0.005,-0.0169,-0.0273,0.0472,-0.0038,-0.0896,0.0486,0.007,0.0459,-0.0228,-0.0834,0.0408,-0.0246,0.0642,0.0289,0.075,-0.0508,-0.0496,0.0644,-0.0694,0.0304,0.049,-0.0173,-0.023,-0.0194,-0.2826,-0.0836,-0.1376,-0.0289,-0.023,1.0,-0.1098,0.1707,-0.1073,0.1202,-0.0967,0.0038,0.1438,-0.175,0.0747,0.1177,-0.1506,-0.1608,-0.0624,-0.2508,0.2041,-0.1228,-0.0086,-0.1534,0.2457,-0.0371,-0.0911,0.1717,-0.1213,0.0054,-0.1501,0.1538,-0.0122,-0.0086,-0.0302,-0.0989,0.1524,-0.0246,-0.023,-0.0474,-0.036,-0.0932,0.1232,0.3977,-0.1269,0.3332,-0.0118,-0.0119,-0.0944,-0.0553,-0.0908,0.0574,-0.1076,0.028,-0.0663,-0.049,0.0155,0.0833,-0.1454,0.0391,0.0693,-0.1374,0.0354,0.0853,-0.0701,0.0808,0.093,-0.0694,0.1047,-0.0905,-0.0271,-0.0538,0.1368,0.0485,0.0103,0.0298,-0.0478,-0.0003,0.062,0.0074,0.0298,-0.0549,-0.0641,0.0031,0.0407,-0.0611,-0.0266,0.0164,0.0613,0.0539,-0.0384,0.0432,-0.0396,-0.0539,0.0201,-0.0677,-0.0103,-0.0282,0.0766,0.0797,0.0439,0.0383,0.0017,0.0322,-0.0279,0.1318,-0.072,-0.0496,-0.0086,0.0736,-0.025,-0.0583,-0.0658,0.005,-0.1004,-0.0086,-0.0132,-0.0246,0.002,0.114,-0.0122,0.071
card_out_side=down,0.0161,0.0119,0.0338,0.0174,-0.0336,-0.0509,-0.003,0.0217,0.0526,-0.0161,-0.0345,-0.0101,0.4561,0.1029,-0.0703,-0.061,-0.0087,0.0598,0.0835,-0.0222,-0.004,0.0206,0.0377,-0.0135,-0.0298,0.066,0.0971,-0.4388,0.1386,-0.4238,-0.2396,-0.0224,-0.3473,-0.0198,-0.4015,0.0161,-0.0125,-0.0534,0.0109,-0.0552,0.0081,0.0592,-0.0547,0.0554,0.4595,-0.0526,0.0355,-0.0304,0.0574,-0.0638,0.0694,0.0064,-0.0407,0.0545,-0.0018,0.0003,-0.0117,0.0333,0.0378,0.0109,0.1897,-0.0308,-0.0457,-0.1437,0.0052,0.027,0.1474,-0.0472,-0.0973,0.0637,0.047,-0.0106,0.0498,0.3907,-0.3912,-0.1332,0.1968,-0.0209,0.06,-0.0366,0.0272,0.1208,-0.4573,0.027,-0.0243,-0.0623,0.0529,-0.1971,-0.0417,-0.0267,0.0907,-0.0356,-0.0474,-0.0563,0.0861,-0.0353,-0.0882,0.0004,0.0129,0.0688,-0.039,0.0051,0.0031,0.0232,-0.0141,0.0371,0.022,-0.0232,-0.0309,0.0278,-0.0307,0.0153,0.02,-0.0308,-0.0409,-0.0345,-0.2322,-0.1487,0.4811,-0.0514,-0.0409,-0.1098,1.0,-0.6431,-0.191,0.1068,-0.0924,0.0131,0.1489,-0.2546,0.1651,-0.0375,0.0348,-0.2862,-0.0278,-0.2171,0.3633,-0.0809,-0.0154,-0.0898,0.1526,0.1134,-0.1318,0.161,-0.1245,-0.0011,-0.0822,0.0909,-0.0218,-0.0154,-0.0537,-0.0807,0.1758,0.09,0.0306,-0.0487,-0.0641,-0.146,0.1369,-0.2156,0.4206,-0.104,-0.0448,-0.4001,-0.0175,-0.0032,0.0483,-0.0118,0.0101,-0.0544,0.0492,0.0662,0.0277,-0.0182,0.0507,-0.0612,-0.0016,0.031,0.0265,-0.085,0.0666,-0.039,-0.0397,0.0742,-0.0246,0.1468,0.1056,-0.0032,-0.0157,-0.2919,-0.1086,0.0093,0.0858,0.1021,-0.0139,-0.0694,0.0403,0.0477,0.1151,-0.0937,0.0026,0.111,0.086,-0.018,-0.0055,-0.0053,-0.0132,0.0316,0.1038,-0.0287,0.0068,-0.0174,-0.0176,-0.0344,0.0062,0.0125,0.0327,0.0243,-0.0315,-0.017,0.0493,-0.0308,0.0282,0.0342,-0.0154,-0.0149,-0.0457,-0.015,-0.0062,-0.0356,0.0475,-0.0154,-0.0591,0.0232,-0.0161,-0.0345,-0.0218,-0.0267
card_out_side=nan,-0.0186,-0.0102,-0.0745,0.0398,0.0245,0.0175,-0.0283,0.0025,-0.0407,0.044,0.0536,0.0236,-0.0346,-0.1593,0.0395,0.0405,0.0142,-0.0286,-0.0297,-0.0036,-0.0064,-0.0037,0.008,0.0131,0.0281,-0.0339,-0.1266,0.0076,-0.1708,0.0296,-0.0371,0.015,-0.0186,-0.0323,0.0208,-0.032,0.0097,0.1107,-0.1022,0.1189,0.0062,-0.1053,0.1093,-0.0501,-0.0396,0.0293,-0.0606,0.0331,-0.0997,0.0401,-0.0798,-0.029,0.0362,-0.0838,0.003,0.0162,0.0434,-0.0138,-0.0026,-0.0055,0.0138,0.0106,0.0357,-0.0534,-0.0356,-0.01,-0.0849,0.0541,0.0223,-0.04,-0.0269,0.0092,-0.0403,-0.0272,0.0313,0.0224,0.0011,-0.006,-0.052,-0.004,0.0453,-0.1231,0.0363,-0.0518,0.063,-0.0385,-0.0613,0.3287,0.0379,0.0415,-0.1008,0.0546,0.0142,0.0833,-0.1092,0.0019,0.0931,-0.0538,0.0382,-0.1023,0.0731,0.0402,-0.0114,-0.0909,-0.0152,-0.0516,-0.0065,0.0163,0.0198,-0.0064,0.0202,-0.0242,-0.0009,0.0479,0.0635,0.0536,0.4106,0.2312,-0.8061,0.0798,0.0635,0.1707,-0.6431,1.0,-0.6288,-0.1045,0.0973,-0.0233,-0.2078,0.3924,-0.2746,-0.005,0.1768,0.2745,0.0628,0.3776,-0.5649,0.1561,0.0239,0.1807,-0.3006,-0.0928,0.2121,-0.2825,0.1843,0.0265,0.1693,-0.1823,0.0339,0.0239,0.0618,0.1227,-0.2706,-0.0909,-0.0213,0.1029,0.0996,0.2107,-0.23,0.3458,-0.7434,0.1496,0.018,0.0219,0.0403,0.0303,-0.0089,0.005,-0.0048,0.0949,-0.0284,-0.057,0.001,-0.0107,-0.0288,0.0178,-0.0533,-0.02,-0.0732,0.0211,-0.0025,-0.0154,0.0124,-0.0165,-0.0364,-0.2096,-0.1928,0.0161,-0.0226,0.0033,0.1766,-0.1007,-0.0471,-0.1057,-0.0803,0.151,-0.1154,-0.0194,-0.1131,0.1584,-0.0899,-0.0935,-0.1099,0.0519,-0.0783,-0.0821,0.1049,-0.1208,-0.1154,0.0775,0.0437,0.0539,0.0162,0.0656,-0.0507,-0.0661,-0.0496,-0.0226,0.1074,0.0615,-0.0294,0.0479,-0.0207,-0.0052,0.0239,0.0222,0.0357,-0.0184,0.0227,0.0546,0.0016,0.0239,0.0374,-0.0909,0.044,0.0536,0.0339,0.0415
card_out_side=up,0.0075,0.001,0.0611,-0.0687,0.0027,0.0293,0.0393,-0.0252,-0.0012,-0.04,-0.0337,-0.0199,-0.4188,0.0996,0.0208,0.01,-0.0094,-0.0241,-0.0467,0.0272,0.0123,-0.0162,-0.0485,-0.0031,-0.0057,-0.0235,0.0637,0.4357,0.0783,0.3924,0.2909,0.0035,0.3765,0.0615,0.375,0.0245,0.0002,-0.0877,0.1199,-0.0964,-0.0162,0.0749,-0.0845,0.0079,-0.4158,0.0158,0.0417,-0.0115,0.0695,0.0134,0.0318,0.0307,-0.0051,0.0521,-0.002,-0.0208,-0.0437,-0.0156,-0.0343,-0.0043,-0.2102,0.0177,0.0007,0.2143,0.0407,-0.0152,-0.0408,-0.0214,0.0702,-0.0142,-0.0131,-0.001,0.001,-0.3619,0.3571,0.1066,-0.2013,0.0289,0.0057,0.0423,-0.0857,0.0351,0.4178,0.039,-0.0561,0.1127,0.0254,-0.2211,-0.0062,-0.0261,0.037,-0.0339,0.0299,-0.0497,0.0519,0.0334,-0.0298,0.0686,-0.0621,0.0614,-0.0541,-0.0568,0.0116,0.093,0.0338,0.0285,-0.014,0.0027,0.0061,-0.0199,0.0052,0.0155,-0.0192,-0.0301,-0.04,-0.0337,-0.2906,-0.1454,0.5448,-0.0502,-0.04,-0.1073,-0.191,-0.6288,1.0,0.0255,-0.031,0.0166,0.1152,-0.2444,0.1844,0.0445,-0.262,-0.0612,-0.0522,-0.2635,0.3552,-0.118,-0.015,-0.1404,0.2304,0.0038,-0.138,0.1986,-0.1098,-0.0329,-0.1335,0.1414,-0.0213,-0.015,-0.0247,-0.0753,0.1683,0.0252,-0.0037,-0.0824,-0.0626,-0.1218,0.1558,-0.2244,0.5258,-0.0862,0.0223,0.3782,-0.0339,-0.0356,-0.0377,0.0057,-0.0041,-0.0664,-0.0135,0.0059,-0.0292,0.0322,-0.0145,0.0394,0.07,-0.0058,0.0667,0.0593,-0.0644,0.0594,0.0245,-0.0542,0.0717,0.1196,0.14,-0.0173,0.045,0.2921,-0.1161,0.1197,-0.0268,0.0318,0.117,-0.1231,0.107,-0.0236,0.0281,-0.1079,0.1126,0.0072,0.0536,-0.0482,0.106,0.1106,-0.121,0.1228,0.0424,-0.0703,-0.0629,-0.0514,-0.003,-0.0491,0.0587,0.072,0.0304,0.0043,-0.1057,-0.0615,-0.0123,-0.0301,-0.0022,-0.0281,-0.015,-0.0133,0.0007,0.0388,-0.0228,-0.0339,-0.0503,-0.015,0.0122,0.093,-0.04,-0.0337,-0.0213,-0.0261
card_last_hunt_dir=down,0.0552,0.0451,-0.0057,-0.0571,-0.0092,0.0585,-0.0041,-0.0051,0.0348,-0.0174,0.0491,0.0412,0.0076,0.0311,-0.0167,-0.0633,-0.0094,-0.1482,-0.0887,-0.1455,-0.1257,-0.1037,-0.0083,-0.1089,0.0,-0.0797,-0.0902,0.0096,0.0045,0.0184,-0.0115,-0.0031,-0.0135,-0.029,-0.0071,-0.0145,0.0106,-0.0162,0.0228,-0.028,0.0171,0.0431,-0.0143,-0.018,0.0094,0.028,0.0209,0.0445,-0.0034,0.0097,-0.0013,0.046,0.0487,0.0334,-0.0134,-0.0045,-0.065,0.0,0.04,0.007,-0.0395,0.0591,-0.0285,0.0619,0.0389,-0.0156,0.0721,-0.0638,0.0035,0.005,-0.0041,0.0159,-0.0706,-0.0007,-0.0021,-0.0259,-0.0596,0.1007,-0.0978,-0.0042,-0.0693,-0.1033,-0.0082,-0.1073,0.0647,-0.007,-0.0426,0.004,0.0058,0.0731,-0.0076,0.0065,0.0052,-0.0089,0.012,-0.0033,-0.0178,0.0324,-0.0024,-0.001,-0.0373,-0.063,0.0339,-0.024,0.0468,0.0017,0.0714,-0.0542,-0.0501,0.0712,-0.0499,0.01,0.0455,0.2112,-0.0225,0.1172,-0.1166,-0.0817,0.0772,-0.0282,0.0351,0.1202,0.1068,-0.1045,0.0255,1.0,-0.752,-0.0488,0.1377,-0.1544,0.0558,0.1255,-0.0401,-0.0878,-0.0386,-0.0974,0.1996,0.0499,-0.0085,-0.1381,0.0806,0.3253,-0.0075,-0.0401,-0.0784,0.0076,-0.1348,0.1386,0.2029,-0.0085,-0.0295,-0.0045,-0.0049,0.0299,-0.0225,-0.0176,0.002,0.0051,0.001,0.0741,0.0192,0.1275,-0.0076,-0.0295,-0.0847,-0.0329,-0.0099,0.0195,-0.1009,0.0007,-0.0477,-0.0582,0.0153,0.0956,-0.1243,0.1108,0.0051,-0.1251,0.0791,-0.0162,-0.0143,-0.0611,0.0675,-0.017,0.101,-0.0742,-0.036,-0.0172,0.0291,0.0021,0.0208,0.0175,-0.0211,-0.0049,0.0231,0.0043,0.0147,-0.0305,-0.0103,0.0112,0.0189,-0.0283,0.0111,0.0006,0.0284,0.0183,-0.028,0.0209,-0.0496,-0.0104,-0.0139,-0.0361,-0.0262,-0.0437,0.0256,0.0232,0.0315,0.0135,0.0019,0.0411,-0.0639,-0.0169,-0.0424,-0.0308,-0.0085,-0.0255,-0.0285,-0.0402,-0.046,0.0065,-0.007,-0.0085,0.0077,-0.024,-0.0174,-0.019,-0.012,-0.0147
card_last_hunt_dir=nan,-0.0509,-0.0471,0.0396,0.0072,0.0183,-0.0472,-0.01,-0.0173,0.0045,0.0299,-0.0282,-0.0214,0.0064,-0.0258,-0.0108,0.0676,0.0305,0.1413,0.101,0.127,0.1039,0.0783,-0.0095,0.0979,0.0041,0.0658,0.0683,-0.0072,-0.0126,0.0032,-0.0072,0.0055,-0.0048,0.0136,0.0001,0.0033,-0.0079,0.0066,-0.0164,0.0151,0.0188,-0.0362,-0.0012,-0.0015,0.0041,-0.057,0.0061,-0.0028,0.0249,-0.0296,0.0227,-0.0579,-0.0657,-0.0236,0.0052,0.0031,0.0522,-0.0028,-0.0324,-0.0017,0.0118,-0.0371,0.0271,-0.035,-0.025,-0.0031,-0.0648,0.0564,-0.0018,0.0541,0.0195,-0.0107,0.0791,-0.0088,0.0052,0.0074,0.0425,-0.1069,0.1071,0.0345,0.08,0.1032,-0.0056,0.1262,-0.0982,-0.0047,0.1041,0.0194,-0.0243,-0.0493,0.0284,0.0129,-0.0102,-0.023,0.0169,0.0434,0.0546,-0.0038,-0.0434,0.0041,0.0405,0.0939,-0.0209,0.0319,-0.0967,0.0209,-0.0673,0.0585,0.0608,-0.0905,0.0458,0.0173,-0.0648,-0.1564,0.0299,-0.2417,0.1002,0.1087,-0.075,0.0375,-0.0605,-0.0967,-0.0924,0.0973,-0.031,-0.752,1.0,-0.6217,-0.1557,0.237,-0.1378,-0.1133,0.037,0.073,0.046,0.0777,-0.2654,-0.0557,0.0112,0.1901,-0.1223,-0.4055,-0.0608,0.0908,0.0947,-0.0016,0.1858,-0.1908,-0.1526,0.0112,0.0392,-0.0281,0.0711,-0.0103,0.0299,-0.0284,-0.0407,-0.0801,0.0895,-0.1409,0.0015,-0.2086,0.0296,0.0115,0.0671,0.0281,0.028,-0.028,0.0746,-0.0017,0.0541,0.0574,-0.0204,-0.0789,0.1272,-0.0933,-0.0873,0.1222,-0.1015,0.0221,0.029,0.074,-0.0724,0.0276,-0.077,0.0705,0.053,0.0141,-0.0382,0.0,-0.0319,-0.0169,0.0364,0.0131,-0.014,-0.0267,-0.0162,0.0416,-0.0096,-0.0232,-0.0137,0.0379,0.0169,-0.0262,-0.0171,-0.0104,0.0224,-0.019,0.0091,0.0004,0.0266,0.0284,-0.0127,-0.0086,-0.034,-0.0461,-0.0159,-0.0019,-0.012,-0.0684,0.0443,0.0225,0.0551,0.0506,0.0112,0.0339,0.0271,0.0391,0.0528,0.0129,0.0471,0.0112,-0.0036,0.0319,0.0299,0.0252,0.0159,0.0195
card_last_hunt_dir=up,0.0116,0.0177,-0.0532,0.057,-0.0168,0.0021,0.02,0.0323,-0.0482,-0.0247,-0.0157,-0.0165,-0.0188,0.0022,0.0362,-0.0271,-0.035,-0.0381,-0.0477,-0.0195,-0.0082,0.0044,0.0242,-0.019,-0.0062,-0.005,0.0037,-0.0005,0.0138,-0.0267,0.0245,-0.0047,0.0232,0.0139,0.0084,0.012,-0.0006,0.0093,-0.0022,0.0104,-0.0488,0.0037,0.0188,0.0237,-0.0173,0.0531,-0.034,-0.0486,-0.0337,0.0333,-0.0328,0.0331,0.0416,-0.0039,0.0079,0.0007,-0.0018,0.0042,0.0017,-0.0059,0.0291,-0.014,-0.0071,-0.0205,-0.009,0.0238,0.0125,-0.0096,-0.0013,-0.0888,-0.0248,-0.0027,-0.036,0.0142,-0.0054,0.0196,0.0063,0.0423,-0.0461,-0.0473,-0.0389,-0.0336,0.0183,-0.0638,0.0719,0.0155,-0.1048,-0.0342,0.0297,-0.0121,-0.034,-0.0273,0.0093,0.0454,-0.0396,-0.0618,-0.0615,-0.0327,0.0687,-0.005,-0.017,-0.0674,-0.0085,-0.0199,0.0908,-0.0336,0.0171,-0.0243,-0.0326,0.0525,-0.0101,-0.0381,0.0441,-0.014,-0.0186,0.227,-0.0133,-0.0675,0.022,-0.0233,0.0499,0.0038,0.0131,-0.0233,0.0166,-0.0488,-0.6217,1.0,0.0723,-0.1758,0.1425,0.0226,-0.0085,-0.0062,-0.0239,-0.0019,0.165,0.0251,-0.007,-0.124,0.0896,0.2278,0.1009,-0.09,-0.0503,-0.0066,-0.1213,0.1243,-0.0099,-0.007,-0.0244,0.0479,-0.1019,-0.0199,-0.0186,0.064,0.0593,0.1153,-0.1369,0.1255,-0.0252,0.1646,-0.0358,0.0177,-0.001,-0.0035,-0.0307,0.0193,0.0069,0.0018,-0.0253,-0.0178,0.0127,0.006,-0.045,0.0098,0.1262,-0.0365,0.0597,-0.0142,-0.0269,-0.0394,0.0295,-0.0216,-0.0034,-0.0186,-0.0375,-0.0009,0.0232,-0.0025,0.0237,0.0048,-0.0301,-0.0141,-0.0063,0.0355,0.007,-0.0268,0.0269,0.0218,-0.0016,-0.0238,-0.0387,0.039,-0.0078,-0.006,-0.0007,0.004,0.0451,0.0118,-0.0237,-0.0002,0.0503,0.0649,0.0211,0.0422,-0.0134,-0.0131,0.0158,0.0547,0.0085,-0.014,-0.0331,-0.0401,-0.007,-0.0211,-0.0071,-0.0116,-0.0254,-0.0273,-0.0631,-0.007,-0.0037,-0.0199,-0.0247,-0.0157,-0.0099,-0.0121
card_last_reject_dir=down,0.02,0.0164,-0.0482,-0.0053,0.0239,-0.0011,0.0235,-0.0015,0.0014,0.0163,-0.036,-0.0001,-0.0396,0.0108,-0.0262,-0.05,0.0345,-0.1065,-0.0085,-0.1587,-0.165,-0.106,0.0169,-0.1136,-0.0186,-0.008,-0.064,0.0009,0.0383,0.0202,0.0319,-0.0071,0.0335,-0.0351,0.0281,-0.0418,0.0472,-0.0111,0.0189,-0.0457,0.0101,0.0443,-0.0066,-0.0119,-0.0426,0.0226,-0.0013,0.0251,0.036,0.02,0.06,0.0524,0.0578,0.0402,0.0123,-0.0028,-0.1244,0.0514,0.0818,-0.0218,0.0002,0.1053,-0.0485,0.0348,0.0697,0.0178,0.0803,-0.1161,0.0603,0.062,0.0621,-0.046,-0.0453,-0.0097,0.0153,-0.0192,-0.0239,0.0375,-0.0309,0.0146,-0.0266,-0.0378,0.0385,-0.0584,0.1117,0.0863,-0.0281,-0.0987,0.0094,-0.0279,-0.0002,-0.0628,-0.0438,0.0595,-0.031,-0.0317,-0.0923,0.0279,0.0158,0.0511,0.0143,-0.0169,-0.0447,-0.0131,0.0646,-0.0215,0.0341,-0.0319,-0.0209,0.0556,-0.0294,0.0068,0.026,-0.0322,-0.0079,0.046,-0.1335,-0.1553,0.1647,0.0019,0.0962,0.1438,0.1489,-0.2078,0.1152,0.1377,-0.1557,0.0723,1.0,-0.5817,-0.2384,0.0578,-0.1146,-0.0337,-0.0485,-0.1095,0.3792,-0.1556,-0.0161,-0.1497,0.2717,0.0401,0.057,0.1024,-0.193,0.0261,-0.1495,0.1507,-0.0227,-0.0161,-0.056,-0.0355,0.0048,0.0518,-0.0079,0.0157,0.1348,0.059,-0.115,0.1499,0.1727,0.194,0.0398,0.0095,-0.0859,-0.0361,-0.0589,0.0301,-0.0181,-0.0092,0.0009,0.0005,0.0286,-0.0191,-0.0591,-0.0275,0.0562,-0.0628,0.0543,-0.0308,0.0266,0.0215,0.0181,0.0191,0.037,-0.0212,0.0343,0.0034,0.0867,0.0197,-0.0038,0.0098,0.0025,-0.03,0.0107,-0.0074,0.0105,0.0059,-0.0062,-0.0212,0.0131,0.0067,-0.0017,0.0339,0.015,0.0057,-0.0135,0.014,-0.0049,-0.0265,-0.0151,-0.0866,0.022,-0.0836,0.0309,0.0996,0.0524,0.0588,-0.0763,0.0092,0.0572,-0.0322,-0.0431,-0.0359,-0.0161,0.0129,-0.0485,-0.0638,-0.059,-0.0628,-0.0674,-0.0161,-0.0681,-0.0131,0.0163,-0.036,-0.0227,-0.0279
card_last_reject_dir=nan,-0.0878,-0.0833,-0.0149,0.0664,-0.0105,0.053,-0.0612,-0.068,-0.0178,0.0658,0.0298,0.0308,0.0322,-0.0587,-0.0291,0.1217,-0.032,0.1586,0.0309,0.2135,0.2116,0.1365,-0.0383,0.1534,0.0063,0.0224,0.1005,-0.0006,-0.0616,0.0083,-0.027,-0.0107,-0.0214,-0.0093,-0.0121,0.0017,-0.0393,0.0124,-0.0298,0.029,-0.0234,-0.0726,-0.0061,0.0148,0.0414,-0.0309,0.0196,-0.0318,0.0155,-0.0331,-0.0199,-0.0996,-0.0914,-0.0813,-0.023,-0.0046,0.1593,-0.0484,-0.0549,-0.0172,-0.0276,-0.0521,0.0988,-0.0674,-0.0185,-0.0153,-0.0868,0.1107,-0.0467,-0.0301,-0.0395,0.0538,0.0467,0.0161,-0.0077,0.0331,0.0299,-0.025,0.0132,-0.0109,0.0524,0.0836,-0.0303,0.0654,-0.1249,-0.0389,0.1031,0.2741,-0.0169,0.0479,-0.0378,0.0706,0.0444,-0.0207,-0.0346,0.0996,0.1781,-0.0042,-0.0752,-0.0753,0.0187,0.0051,0.0633,-0.0739,-0.0485,0.009,-0.0598,0.0492,0.0336,-0.0599,0.0625,-0.0241,-0.0469,0.0195,0.0462,-0.0022,0.1954,0.2669,-0.3055,-0.0163,-0.1166,-0.175,-0.2546,0.3924,-0.2444,-0.1544,0.237,-0.1758,-0.5817,1.0,-0.6513,-0.1031,0.1219,0.0939,0.0834,0.1544,-0.6519,0.2686,0.0276,0.3007,-0.507,-0.0519,-0.1934,-0.1135,0.299,0.0258,0.2941,-0.3024,0.0391,-0.0439,0.0963,0.0336,0.0877,-0.0485,-0.008,-0.1324,-0.1828,-0.1331,0.2502,-0.2998,-0.3005,-0.3896,-0.0361,0.0065,0.1164,0.0348,0.0414,-0.0213,0.0559,-0.0073,0.0345,0.0052,-0.0078,-0.0193,0.0915,-0.007,-0.1052,0.0907,-0.0347,0.0341,0.0161,0.0173,-0.0369,0.0115,-0.0368,0.0431,-0.0153,0.0072,-0.0932,0.0002,-0.0027,-0.0259,0.0194,0.0799,-0.0206,-0.0074,-0.0319,0.0236,0.0127,0.0012,-0.0166,0.0014,0.0248,-0.0041,-0.0216,-0.0171,0.0275,-0.0413,-0.0634,0.0311,0.0019,0.0875,-0.0218,0.1029,0.0006,-0.0287,-0.068,-0.0606,0.0505,0.0048,-0.0549,0.0195,0.0585,0.0542,0.0276,-0.0126,0.0988,0.0307,0.0501,0.0706,0.1059,0.0276,0.0721,-0.0739,0.0658,0.0298,0.0391,0.0066
card_last_reject_dir=up,0.0862,0.0842,0.0628,-0.0743,-0.0097,-0.0623,0.0511,0.0826,0.0199,-0.0938,-0.002,-0.0367,-0.0016,0.06,0.0591,-0.0987,0.006,-0.09,-0.0289,-0.1069,-0.0988,-0.0641,0.0299,-0.0771,0.0099,-0.0193,-0.0602,-0.0001,0.0379,-0.0287,0.0026,0.0194,-0.0057,0.0439,-0.0121,0.0371,0.0029,-0.0044,0.018,0.008,0.0185,0.0453,0.0134,-0.0066,-0.0097,0.0158,-0.0221,0.0145,-0.052,0.0209,-0.0322,0.0701,0.0553,0.0595,0.0158,0.008,-0.0742,0.0095,-0.0112,0.0404,0.0328,-0.036,-0.0728,0.048,-0.043,0.0014,0.0287,-0.0238,-0.0005,-0.0232,-0.0115,-0.0212,-0.0133,-0.0102,-0.005,-0.0216,-0.0134,-0.0052,0.0131,-0.0007,-0.0378,-0.0645,0.0003,-0.0236,0.045,-0.0341,-0.0957,-0.2351,0.0114,-0.0312,0.0453,-0.0258,-0.0121,-0.0308,0.0707,-0.0894,-0.1265,-0.021,0.075,0.0422,-0.0357,0.0097,-0.0339,0.1005,-0.0024,0.0094,0.0397,-0.029,-0.0206,0.0197,-0.0472,0.0225,0.0317,0.0067,-0.0478,-0.0403,-0.1088,-0.1738,0.211,0.0177,0.0494,0.0747,0.1651,-0.2746,0.1844,0.0558,-0.1378,0.1425,-0.2384,-0.6513,1.0,0.0692,-0.0386,-0.0807,-0.0543,-0.0822,0.4246,-0.1756,-0.018,-0.2194,0.3519,0.0246,0.1777,0.0399,-0.1769,-0.0551,-0.2116,0.2205,-0.0255,0.0674,-0.0627,-0.0069,-0.1092,0.0095,0.017,0.1434,0.0924,0.1039,-0.1914,0.2181,0.1977,0.2841,0.0061,-0.0167,-0.0589,-0.008,0.0055,-0.0027,-0.0498,0.0173,-0.0415,-0.0066,-0.017,0.0409,-0.0541,0.0341,0.0732,-0.0498,-0.0093,-0.012,-0.0441,-0.0408,0.0271,-0.0317,0.0095,-0.0317,-0.0137,-0.0118,0.0304,-0.0187,0.0067,0.0218,-0.0255,-0.0674,0.0145,0.0157,0.0283,-0.0336,-0.0094,0.0184,0.0075,-0.0079,-0.0281,-0.0267,0.0117,0.0151,-0.0203,0.0362,0.0803,-0.0125,0.0118,-0.0237,0.0054,-0.0449,-0.0295,-0.0587,0.0323,0.0175,0.0108,-0.0143,0.0124,0.0067,-0.0297,-0.0313,-0.018,0.003,-0.0728,0.0229,-0.0048,-0.0258,-0.0635,-0.018,-0.0226,0.1005,-0.0938,-0.002,-0.0255,0.0182
card_cluster_sit,0.1039,0.0956,-0.0716,-0.052,0.0602,0.1103,0.0352,0.0081,-0.0292,-0.1287,0.0378,0.0608,-0.0951,0.1889,0.0742,-0.0676,-0.0186,-0.5162,-0.3415,-0.4131,-0.3799,-0.4233,-0.177,-0.2947,0.0039,-0.2795,-0.4976,0.0472,-0.2826,0.0816,0.007,0.0785,0.039,0.0461,0.0392,-0.0611,-0.0012,-0.0035,0.0582,0.0121,-0.1057,0.0879,0.005,-0.0552,-0.0975,0.1236,-0.0221,0.0505,-0.043,0.0871,-0.0491,0.1215,0.1611,0.0543,-0.2139,-0.2358,-0.2633,-0.1481,-0.0658,0.1929,0.0249,0.0079,-0.0811,0.0583,-0.0807,-0.0816,0.0299,-0.0245,-0.0009,-0.1317,-0.1445,-0.1525,-0.2764,-0.0641,0.0559,-0.0443,-0.1022,0.3389,-0.3038,0.075,-0.2025,-0.4093,0.0999,-0.1455,0.1027,0.0344,0.1324,-0.039,0.0946,0.0193,0.057,-0.0016,-0.0408,-0.0406,0.084,0.1478,-0.0974,0.006,-0.1609,0.2914,-0.0666,-0.2208,-0.0192,-0.0502,0.2859,0.0275,0.1077,-0.0554,-0.0438,0.0918,-0.1109,0.0302,0.0941,0.0943,0.1823,0.1539,-0.1836,-0.0217,0.0588,-0.0066,0.1168,0.1177,-0.0375,-0.005,0.0445,0.1255,-0.1133,0.0226,0.0578,-0.1031,0.0692,1.0,-0.1247,-0.0784,-0.102,-0.134,0.1293,-0.0108,0.0686,-0.1118,0.1049,0.1298,-0.0747,0.0597,-0.0193,-0.1002,-0.1506,0.1063,0.0971,-0.0177,-0.0616,0.0339,0.0353,-0.0195,0.0841,-0.0804,0.0322,-0.0535,0.0554,0.0578,0.0668,0.0792,-0.0194,0.048,-0.372,-0.3048,-0.1275,-0.0096,-0.1768,0.2402,-0.333,-0.4018,-0.1181,0.2678,-0.4793,0.2199,0.145,-0.4498,0.1282,0.1025,-0.1683,0.0633,0.0895,-0.1379,0.0662,-0.4456,-0.1985,-0.2472,0.1278,0.014,0.1859,0.0575,-0.2582,-0.2257,0.1015,0.1715,0.0196,-0.2443,-0.3027,0.2193,0.0801,-0.3686,-0.2183,0.2946,0.0977,0.0916,-0.0614,0.0037,-0.2641,0.1211,-0.0588,-0.0445,0.0187,-0.0129,0.0202,-0.0426,0.0175,-0.0232,-0.0221,0.1293,-0.2071,-0.0354,-0.1513,-0.151,-0.0177,-0.0532,-0.0811,-0.0899,-0.1196,-0.0016,-0.0668,-0.0177,-0.0379,-0.0502,-0.1287,-0.0396,-0.025,-0.0306
card_leave_side=down,0.0042,0.0081,0.0102,0.0072,0.001,-0.0218,0.021,0.0561,-0.0613,-0.0394,-0.0473,0.0154,0.6257,-0.1162,0.0155,0.0283,-0.0315,0.1151,0.0936,0.0558,0.0756,0.1023,0.0801,0.0665,0.0055,0.0741,0.084,-0.5058,0.0443,-0.498,-0.3425,0.0049,-0.4889,-0.0225,-0.5543,0.0264,-0.033,0.0934,-0.0928,0.0929,0.0208,-0.0375,0.0914,-0.0447,0.6302,0.0015,-0.0301,0.0362,-0.0698,0.0073,-0.0411,-0.0011,0.0065,-0.025,0.0779,0.0941,-0.0153,0.0837,0.067,-0.0781,0.2657,-0.0423,-0.0176,-0.2502,0.0805,0.0747,0.1459,0.0051,-0.1614,0.051,0.0685,-0.0396,0.0561,0.5729,-0.5606,-0.163,0.3139,-0.0824,0.0334,-0.0715,0.1117,0.0528,-0.6217,0.0096,-0.0307,-0.1332,-0.0609,-0.0027,-0.0368,-0.0366,0.0103,0.0607,-0.0101,-0.0207,-0.0292,-0.0083,0.0565,-0.0772,0.0014,-0.0055,0.0573,0.1074,-0.0705,-0.0321,-0.0511,-0.0548,0.001,-0.0109,-0.0102,-0.0012,0.0073,0.0094,-0.0162,-0.0423,-0.056,-0.0473,0.5329,-0.204,-0.3359,-0.0704,-0.056,-0.1506,0.0348,0.1768,-0.262,-0.0401,0.037,-0.0085,-0.1146,0.1219,-0.0386,-0.1247,1.0,-0.3925,0.0905,0.4857,-0.1531,-0.0889,-0.0211,0.3099,-0.1982,-0.0157,0.1407,-0.0136,-0.0674,-0.0335,0.3245,-0.3078,-0.0299,-0.0211,0.0177,0.1798,-0.2405,0.0516,0.0631,0.1069,-0.0302,0.1709,-0.2072,0.0609,-0.3098,-0.0301,-0.0755,-0.4956,0.0665,0.0426,0.0158,-0.0688,0.0505,0.032,0.0617,0.066,0.0382,-0.0842,0.0851,-0.027,-0.0899,0.0765,-0.0723,-0.1022,0.0235,-0.0889,-0.0568,0.0197,-0.0764,0.0137,-0.0962,0.0492,-0.0126,-0.383,0.0831,-0.0867,0.0399,-0.0344,-0.1076,0.1262,-0.068,0.0002,-0.0046,0.0642,-0.0914,0.0383,-0.0576,0.021,-0.0913,-0.0966,0.0931,-0.0844,0.0159,0.0709,-0.041,0.0524,-0.0048,0.0775,-0.0203,-0.0238,0.06,0.0566,0.0365,0.0229,0.0639,-0.003,-0.013,0.002,-0.0211,0.0153,-0.0176,-0.002,0.0154,0.0607,0.0379,-0.0211,0.0179,-0.0321,-0.0394,-0.0121,0.0257,0.0088
card_leave_side=up,-0.0517,-0.0536,0.0136,0.0348,0.02,0.0058,-0.0415,-0.0724,0.055,0.0248,-0.0163,-0.0499,-0.6274,-0.1192,0.0559,-0.0045,0.0302,-0.0224,-0.0654,0.0614,0.0334,0.0378,-0.0032,0.0562,0.0272,-0.0791,-0.124,0.513,-0.2361,0.496,0.3385,-0.0097,0.4909,0.0582,0.5388,0.0314,0.0269,0.0459,-0.0562,0.0776,0.0403,-0.0936,0.0618,0.0178,-0.6229,-0.0317,-0.0526,-0.0151,-0.0648,-0.0458,-0.0772,-0.0594,-0.0329,-0.0781,-0.0558,-0.0536,0.0754,-0.0714,-0.0708,0.0421,-0.2268,-0.0069,0.0219,0.2128,-0.097,-0.0952,-0.1187,0.0271,0.0921,-0.0544,-0.0723,0.0605,0.0002,-0.5916,0.5979,0.303,-0.1873,-0.052,-0.0304,-0.069,-0.0405,-0.051,0.6259,0.0229,0.0149,0.158,-0.0019,0.0495,0.041,0.005,-0.0145,-0.0086,-0.0271,0.0395,-0.0518,-0.0127,0.0344,-0.0509,0.0223,-0.0277,0.0171,0.0248,-0.0192,-0.0098,-0.0085,-0.049,-0.029,0.0152,0.0159,-0.0111,0.0344,-0.0201,-0.0198,-0.0452,-0.0599,-0.0505,0.5691,-0.2179,-0.3587,-0.0752,-0.0599,-0.1608,-0.2862,0.2745,-0.0612,-0.0878,0.073,-0.0062,-0.0337,0.0939,-0.0807,-0.0784,-0.3925,1.0,0.1519,0.4926,-0.1819,-0.0541,0.0538,0.2472,-0.1779,-0.0785,0.2138,-0.0938,-0.0267,-0.0022,0.2621,-0.2511,-0.0319,-0.0225,0.0988,0.2056,-0.3348,0.0444,0.027,0.0783,0.1678,0.1925,-0.2724,0.1036,-0.3308,0.0103,0.0794,0.5444,-0.0256,-0.0326,0.0346,-0.0368,0.0284,0.0899,-0.0572,-0.0851,-0.0512,-0.0293,0.0295,-0.0164,-0.0365,0.0508,-0.0118,0.0433,-0.011,0.0127,0.0191,-0.0037,-0.0056,-0.1219,-0.0495,-0.0485,-0.0744,0.3885,0.0963,-0.0394,-0.05,-0.0729,-0.0222,0.0444,-0.0821,0.0193,-0.0864,0.1108,-0.0304,-0.1015,-0.0906,0.0441,-0.0368,-0.0331,0.0501,-0.081,-0.1143,0.0346,0.0761,0.0479,0.0048,-0.02,-0.099,-0.1157,-0.0775,-0.046,0.0523,-0.0576,-0.1205,-0.0069,0.0385,0.0031,0.0538,-0.0168,0.0219,0.0117,0.0396,-0.0086,-0.0708,-0.0225,-0.0286,-0.0098,0.0248,-0.0163,0.0221,0.005
card_leave_kind=gap,-0.3851,-0.3625,0.2607,-0.105,-0.0932,-0.1065,-0.1178,-0.1095,-0.0603,0.5165,-0.0196,0.0128,-0.028,-0.0931,-0.1308,0.0639,-0.004,0.2,0.144,0.1541,0.1325,-0.0465,-0.2213,-0.2197,-0.3564,0.1267,0.1071,0.0461,-0.0158,0.0353,0.0466,-0.3649,0.0543,0.0797,0.0,0.0,0.0091,0.0426,-0.0672,0.0232,0.0639,-0.3785,-0.0509,-0.0037,-0.0262,0.0588,0.0157,-0.0177,-0.0057,0.0565,-0.0404,-0.3573,-0.2945,-0.3125,0.0,0.0,0.1212,0.0,0.0,0.0,-0.1793,-0.0175,0.3343,-0.1631,0.0,0.0,-0.1349,0.2111,-0.1217,0.0882,0.1031,0.1104,0.2555,-0.0794,0.1042,0.0762,0.0483,-0.2353,0.2455,-0.0879,0.1368,0.1275,0.0274,-0.0842,-0.113,0.019,-0.0292,0.0619,-0.0699,-0.0152,-0.0674,0.0426,-0.0183,0.0809,-0.0668,-0.0347,-0.0112,-0.0317,0.0219,0.0043,-0.0813,-0.0574,0.1394,0.0798,-0.0827,0.1912,-0.2384,0.2246,0.2033,-0.1861,0.2542,-0.1259,-0.1664,-0.0175,-0.0232,-0.0196,0.2207,-0.0845,-0.1391,-0.0292,-0.0232,-0.0624,-0.0278,0.0628,-0.0522,-0.0386,0.046,-0.0239,-0.0485,0.0834,-0.0543,-0.102,0.0905,0.1519,1.0,-0.2536,-0.1175,0.1917,-0.0087,0.0284,-0.193,-0.0024,-0.0604,-0.1328,0.0464,0.3549,0.0335,-0.0277,-0.0124,-0.0087,0.4835,-0.0552,-0.0413,0.0275,0.0886,0.0356,-0.0003,-0.0475,-0.0043,-0.1012,-0.1283,-0.0802,0.0122,0.0698,0.2078,0.2047,-0.0433,-0.0502,-0.0227,0.0275,-0.1316,-0.0334,0.0106,-0.1098,0.1499,-0.1178,-0.0439,0.1294,-0.0589,-0.1014,0.2324,-0.1445,-0.0499,0.2129,-0.086,0.0969,0.0559,0.1726,-0.3551,0.0263,-0.0946,-0.0722,0.1738,0.1867,-0.0725,-0.0646,-0.0616,0.1414,0.1065,-0.0612,-0.068,0.1473,0.0569,-0.0078,-0.0714,-0.0804,0.0652,-0.0582,0.0382,0.0305,0.0468,-0.0137,0.0054,-0.0614,-0.181,-0.0286,-0.1185,0.0943,-0.175,-0.0411,-0.2189,-0.0175,0.4658,0.651,-0.0087,0.023,0.3343,0.5219,0.6491,0.0426,0.1935,-0.0087,0.0023,0.0798,0.5165,-0.0196,-0.0124,-0.0152
card_leave_kind=normal,0.1385,0.1295,-0.1017,0.0878,0.0632,0.0363,0.0364,0.0354,0.0243,-0.2563,-0.0476,-0.0379,-0.0045,-0.1678,0.1266,-0.0092,0.0016,-0.0129,-0.0447,0.0327,0.0349,0.1472,0.1726,0.2141,0.198,-0.0664,-0.0892,-0.0021,-0.1687,-0.0057,-0.0168,0.1679,-0.0112,-0.0046,-0.0064,0.0524,-0.009,0.1046,-0.1018,0.1422,0.025,0.0602,0.1614,-0.0217,0.0028,-0.0554,-0.082,0.0267,-0.1183,-0.0621,-0.0878,0.1137,0.1149,0.0542,0.0183,0.0349,-0.0017,0.0091,-0.0052,-0.0319,0.1134,-0.0356,-0.1535,0.0494,-0.0161,-0.0197,0.0848,-0.0705,-0.0016,-0.0206,-0.0236,-0.0322,-0.0697,0.0056,-0.0007,0.0959,0.0846,-0.0093,-0.1141,-0.0849,-0.0026,-0.06,0.0069,0.0692,0.0397,0.0171,-0.0439,0.0135,0.0376,-0.0207,0.0277,0.0259,-0.0251,-0.0206,-0.0418,-0.0026,0.0868,-0.1,0.0112,-0.0322,0.1048,0.145,-0.146,-0.0751,-0.014,-0.1824,0.087,-0.1019,-0.0905,0.0767,-0.0822,0.0495,0.0462,-0.0704,-0.0933,-0.0788,0.8875,-0.3397,-0.5594,-0.1173,-0.0933,-0.2508,-0.2171,0.3776,-0.2635,-0.0974,0.0777,-0.0019,-0.1095,0.1544,-0.0822,-0.134,0.4857,0.4926,-0.2536,1.0,-0.2463,-0.2188,0.0345,0.4869,-0.2469,-0.0844,0.3484,-0.035,-0.1061,-0.1994,0.511,-0.489,-0.0497,-0.0352,-0.1226,0.3731,-0.4992,0.0732,0.0387,0.1494,0.1265,0.3496,-0.4302,0.1963,-0.5159,0.0206,-0.0001,0.0252,-0.0622,-0.0884,0.066,-0.0708,0.0814,0.0974,0.0467,-0.0075,-0.0162,-0.0495,0.0315,0.0169,-0.0923,0.053,-0.047,-0.0032,-0.099,0.0011,-0.0093,-0.0866,-0.0321,-0.1449,-0.1569,-0.0821,0.0887,0.0025,0.2062,-0.0787,-0.0924,-0.1852,-0.0814,0.183,-0.1061,-0.049,-0.1332,0.187,-0.0766,-0.1282,-0.1607,0.0626,-0.0807,-0.0778,0.0975,-0.1213,-0.1082,0.08,0.011,0.0966,-0.0024,0.0795,-0.0227,-0.1131,0.0386,-0.0364,0.1628,-0.0128,0.0201,-0.0007,-0.1965,-0.303,0.0345,-0.0127,-0.1535,-0.2376,-0.2569,0.0259,-0.1224,-0.0352,-0.0113,-0.0751,-0.2563,-0.0164,0.0488,0.0195
fz_zone_kind=B,0.0946,0.0831,0.0362,-0.0653,0.0175,-0.0289,0.0325,0.0486,0.0559,-0.1019,-0.0313,-0.0612,-0.0185,0.0959,0.0356,-0.0482,-0.0103,-0.1276,-0.0637,-0.145,-0.1255,-0.0887,0.0145,-0.0973,-0.009,-0.0716,-0.0763,0.0284,0.0263,0.009,0.0495,0.0347,0.0449,0.0057,0.0499,-0.0377,0.0008,-0.0492,0.0391,-0.0744,0.009,0.1157,-0.0365,0.0007,-0.0245,0.0538,0.0284,0.0183,0.0518,0.0305,0.0562,0.1314,0.1086,0.1204,-0.0249,-0.0223,-0.163,-0.0131,0.0315,0.0638,-0.0027,0.0218,-0.0815,0.0852,0.0163,-0.008,0.0745,-0.0946,0.0396,0.0134,0.0003,-0.0883,-0.0645,-0.0241,0.0234,-0.0142,-0.0331,0.0719,-0.0361,0.0113,-0.0631,-0.0656,0.0205,0.0153,0.1729,0.0695,-0.2174,-0.3998,-0.0135,-0.0324,0.0752,-0.0731,-0.0451,-0.025,0.0712,-0.1222,-0.2691,0.0622,0.0725,0.1284,-0.0471,-0.0465,-0.0175,0.0813,0.052,0.0104,0.1094,-0.0962,-0.0705,0.0889,-0.1111,0.0857,0.0461,0.0573,0.076,0.0641,-0.3043,-0.4094,0.4553,0.0955,0.076,0.2041,0.3633,-0.5649,0.3552,0.1996,-0.2654,0.165,0.3792,-0.6519,0.4246,0.1293,-0.1531,-0.1819,-0.1175,-0.2463,1.0,-0.3957,-0.0424,-0.4642,0.766,0.1058,0.3015,0.156,-0.4501,-0.0455,-0.4845,0.4669,0.0405,0.0286,-0.1271,-0.0176,-0.1778,0.0813,0.076,0.1568,0.1191,0.3085,-0.4075,0.4845,0.4199,0.6126,-0.0068,0.0222,-0.1253,-0.0654,-0.047,-0.0005,-0.0784,0.001,-0.0344,-0.016,0.0353,0.0494,-0.082,0.0398,0.0813,-0.0858,0.0748,0.0078,-0.0563,0.0238,0.0847,-0.0496,0.0776,0.0023,0.0441,-0.0547,0.1183,0.0284,0.0034,0.0392,-0.0324,-0.0714,0.0354,0.0163,0.0443,-0.0391,-0.0299,0.0112,0.0298,-0.0183,-0.0494,0.008,0.038,0.0364,-0.0323,0.051,0.0435,-0.0525,-0.0402,-0.0977,0.0362,-0.0644,0.0609,0.0608,0.0325,0.0028,-0.0743,0.0139,-0.0057,-0.0138,-0.0651,-0.0651,-0.0424,-0.0088,-0.0815,-0.0324,-0.0619,-0.0731,-0.2006,-0.0424,-0.0738,0.0813,-0.1019,-0.0313,-0.0599,-0.0324
fz_gate=BLOCK,-0.1999,-0.1817,-0.0238,0.0022,-0.0491,-0.0269,-0.0534,-0.0834,-0.0805,0.3842,0.1324,0.0417,0.0324,0.0078,-0.1949,0.0267,0.0331,0.0421,0.0103,0.061,0.0419,-0.0511,-0.1365,-0.1134,-0.1533,0.0445,0.0688,-0.0606,0.0333,-0.0279,-0.0931,-0.1726,-0.0958,-0.0197,-0.0841,-0.0198,0.0334,-0.0562,0.047,-0.0641,-0.0445,-0.111,-0.0998,-0.0139,0.0367,-0.0241,0.0749,-0.0047,0.0254,-0.0153,0.0426,-0.2006,-0.1818,-0.1388,-0.0975,-0.0856,0.0642,-0.0713,-0.0577,0.0358,-0.0699,-0.0013,0.2026,-0.1404,-0.1141,0.0455,-0.091,0.1472,-0.0881,-0.0369,-0.0466,0.0218,0.0631,0.0505,-0.047,-0.095,-0.0635,0.0047,0.0325,0.0196,-0.0205,0.0717,-0.0338,-0.0631,-0.088,-0.044,0.1351,0.1799,0.0223,0.0564,-0.1171,0.0442,0.0479,0.0794,-0.0556,0.0687,0.0905,-0.0395,-0.0379,-0.0141,-0.0341,-0.0862,0.1058,-0.03,0.0075,0.1059,-0.119,0.1199,0.0947,-0.0963,0.1261,-0.0884,-0.06,-0.0013,-0.0545,0.1324,-0.1293,0.5708,-0.183,-0.0202,-0.0545,-0.1228,-0.0809,0.1561,-0.118,0.0499,-0.0557,0.0251,-0.1556,0.2686,-0.1756,-0.0108,-0.0889,-0.0541,0.1917,-0.2188,-0.3957,1.0,-0.0205,-0.364,-0.5494,0.2532,-0.2163,-0.7585,0.8283,0.335,-0.3563,0.3651,-0.029,-0.0205,0.206,0.2807,-0.11,-0.03,-0.0545,-0.0673,-0.066,-0.2128,0.2506,-0.3475,-0.3012,-0.3123,0.0257,-0.0781,0.0577,0.0497,-0.0553,0.0329,0.042,-0.0121,-0.0359,-0.0494,-0.119,-0.0326,0.0077,-0.0253,-0.0142,0.0053,-0.0483,-0.0347,0.1243,-0.1,-0.0277,0.1126,-0.0582,0.0284,0.0065,0.0283,-0.1799,-0.0803,-0.083,0.0329,0.0395,0.0979,0.0303,-0.0665,0.0518,0.0093,0.0892,-0.0728,0.0403,0.0374,0.0648,-0.0134,0.0339,0.0338,-0.0556,0.0516,0.0428,-0.042,0.0934,-0.0081,0.0193,0.0065,-0.0345,0.0346,-0.0352,0.0283,-0.0276,0.0192,-0.0326,-0.0411,0.2056,0.2588,-0.0205,-0.0352,0.2026,0.1732,0.1804,0.0442,0.0963,0.0591,0.0634,-0.03,0.3842,-0.0103,-0.029,-0.0356
fz_gate=REENTER,0.0348,0.0439,-0.0126,-0.0146,-0.0129,-0.0148,-0.0163,0.0798,-0.0084,-0.0088,-0.0027,0.0478,-0.0337,-0.0374,0.0063,-0.0126,-0.0094,-0.0538,-0.0056,-0.0583,-0.0573,-0.0596,-0.0471,-0.0575,-0.037,-0.0259,-0.0594,0.0087,-0.0469,0.0284,0.0357,0.0377,0.0388,0.0304,0.0093,-0.0232,-0.0099,0.0346,-0.0218,-0.0244,-0.0325,0.0188,0.0399,-0.0596,-0.0335,0.0208,-0.0103,0.0653,0.0585,0.043,0.0364,0.0561,0.0505,0.0529,0.018,0.0054,-0.0407,0.0027,-0.0187,0.0737,-0.0249,-0.0024,-0.0262,0.0536,0.0231,0.02,-0.0187,0.0293,-0.0169,0.0286,0.0003,-0.0396,-0.0392,-0.031,0.0199,-0.0236,-0.0418,0.0012,-0.0138,0.0499,0.0065,-0.0444,0.0337,-0.0589,0.0205,-0.0343,-0.0571,0.0164,0.0532,-0.0021,-0.0574,-0.0047,-0.0103,0.0781,-0.0524,-0.0301,-0.0163,-0.0098,0.0316,-0.0173,-0.0034,0.032,-0.0177,-0.0034,-0.0197,-0.0296,0.0463,-0.0269,-0.0169,0.0375,-0.0344,0.0694,-0.0231,-0.0024,-0.0032,-0.0027,0.0306,-0.0117,-0.0193,-0.004,-0.0032,-0.0086,-0.0154,0.0239,-0.015,-0.0085,0.0112,-0.007,-0.0161,0.0276,-0.018,0.0686,-0.0211,0.0538,-0.0087,0.0345,-0.0424,-0.0205,1.0,-0.0215,-0.0325,-0.0052,-0.0128,0.0271,-0.017,-0.0069,-0.021,-0.0562,-0.0017,-0.0012,-0.0042,-0.0139,0.0214,-0.0034,-0.0032,-0.0066,-0.005,-0.0131,0.0173,-0.0205,-0.0178,-0.0259,-0.0096,0.0151,-0.0338,-0.0068,0.0347,-0.0151,0.0092,-0.0312,-0.0371,-0.0254,0.0022,0.0286,-0.0557,0.0598,0.0004,-0.0558,0.0511,0.0459,-0.0513,0.0584,0.0299,-0.0426,0.0569,-0.0415,0.038,0.0116,0.0561,0.0312,0.0043,-0.0216,0.0278,0.0461,-0.0216,0.003,-0.0216,0.0306,-0.0204,0.024,-0.0216,0.003,-0.034,0.0269,-0.0216,-0.0216,0.0216,-0.0216,-0.0029,0.0042,0.0224,-0.0138,0.0247,-0.0522,0.0459,0.0177,0.0297,0.0142,-0.0076,-0.0237,-0.0078,-0.0024,-0.0188,-0.0134,-0.0012,-0.0037,-0.0262,-0.0144,-0.0116,-0.0047,-0.0141,-0.0012,-0.0116,-0.0034,-0.0088,-0.0027,-0.0017,-0.0021
fz_gate=TAKE,0.0174,0.0179,0.0127,0.0612,0.0448,0.0092,-0.0009,-0.0328,0.0427,-0.1567,-0.0482,0.0201,0.0249,-0.1178,0.0648,0.0349,-0.0067,0.1262,0.0823,0.1085,0.0993,0.1364,0.0957,0.1507,0.0774,0.0492,0.0328,-0.013,-0.0581,-0.0184,-0.0005,0.0426,0.0016,0.0217,-0.0237,0.0825,-0.0139,0.1029,-0.0987,0.1361,0.0489,-0.0413,0.1132,0.0391,0.0294,-0.0382,-0.0815,-0.0231,-0.0918,-0.0399,-0.0994,-0.0171,-0.0149,-0.0358,0.1236,0.13,0.0756,0.1116,0.0383,-0.1444,0.0629,-0.0431,-0.0635,0.0081,0.095,-0.017,0.0321,-0.0198,-0.0092,0.0379,0.0929,0.0397,0.0898,-0.0015,0.0068,0.1703,0.1455,-0.1444,0.0676,-0.097,0.0763,0.0404,-0.0264,0.0456,-0.1051,-0.0127,0.1225,0.1586,-0.0367,0.0077,0.075,0.0174,-0.0049,-0.0933,0.038,0.0218,0.147,-0.0708,-0.0166,-0.0748,0.0605,0.1323,-0.0983,-0.0058,-0.0598,-0.0873,-0.0275,0.0127,0.0043,-0.0137,0.0291,-0.0326,-0.0033,-0.0431,0.1497,-0.0482,0.5045,-0.2078,-0.3421,-0.0717,-0.0571,-0.1534,-0.0898,0.1807,-0.1404,-0.1381,0.1901,-0.124,-0.1497,0.3007,-0.2194,-0.1118,0.3099,0.2472,0.0284,0.4869,-0.4642,-0.364,-0.0215,1.0,-0.5755,-0.0922,-0.2266,0.4798,-0.3015,-0.1219,0.9788,-0.997,-0.0304,-0.0215,-0.075,-0.2458,0.379,0.1049,0.0611,-0.1178,-0.0895,-0.2318,0.2381,-0.364,-0.3155,-0.3642,-0.0031,0.0241,0.1112,0.0728,0.1167,-0.0717,0.0467,0.0504,0.0857,0.0755,0.0402,-0.0572,0.1306,-0.0436,-0.0572,0.1327,-0.0069,-0.0461,-0.0006,-0.0073,-0.07,0.0055,-0.0569,0.0065,-0.0156,0.0569,-0.031,0.0062,0.0526,-0.0929,0.055,0.0257,-0.0936,0.0415,-0.101,0.0722,-0.0033,0.0426,-0.0855,0.0333,0.0034,0.0062,-0.0939,-0.0925,0.0899,-0.1099,-0.0748,0.0935,-0.0337,0.0987,-0.022,0.059,-0.0822,-0.1254,-0.0031,-0.0173,0.0641,-0.083,0.0051,0.035,-0.0541,-0.0688,0.0564,0.0395,-0.0635,-0.0701,-0.0352,0.0174,0.109,-0.0215,0.0033,-0.0058,-0.1567,0.0216,0.0798,0.0528
fz_gate=WATCH,0.1573,0.1402,0.0104,-0.0558,0.0038,0.0164,0.0488,0.0969,0.0329,-0.1959,-0.0727,-0.0579,-0.0484,0.1013,0.1124,-0.0539,-0.0224,-0.1462,-0.0824,-0.1466,-0.1218,-0.0733,0.0373,-0.0316,0.0676,-0.0813,-0.0857,0.0642,0.0261,0.0389,0.0796,0.1106,0.0799,-0.0043,0.0892,-0.0568,-0.0161,-0.0453,0.0488,-0.0641,-0.0025,0.133,-0.0167,-0.0186,-0.0562,0.0539,0.0081,0.0203,0.0559,0.0462,0.0491,0.1874,0.1693,0.1501,-0.0332,-0.0479,-0.1211,-0.0428,0.0141,0.0974,0.0066,0.0399,-0.119,0.1121,0.0009,-0.0219,0.0524,-0.1134,0.0867,-0.0056,-0.0444,-0.0519,-0.1327,-0.0408,0.0337,-0.0676,-0.0718,0.1253,-0.0881,0.0662,-0.0509,-0.096,0.051,0.0186,0.1699,0.0524,-0.2183,-0.3009,0.0096,-0.0563,0.0395,-0.054,-0.0369,0.0085,0.0179,-0.0776,-0.21,0.0988,0.0459,0.0806,-0.0241,-0.0452,-0.0034,0.0317,0.0484,-0.0127,0.1258,-0.1146,-0.0858,0.0941,-0.1344,0.1019,0.0572,0.0399,-0.0862,-0.0727,-0.3409,-0.3136,0.4684,0.0823,0.0992,0.2457,0.1526,-0.3006,0.2304,0.0806,-0.1223,0.0896,0.2717,-0.507,0.3519,0.1049,-0.1982,-0.1779,-0.193,-0.2469,0.766,-0.5494,-0.0325,-0.5755,1.0,-0.1391,0.3936,0.2334,-0.4551,-0.1841,-0.5633,0.5773,0.0529,0.0374,-0.1132,-0.025,-0.2447,-0.0674,-0.0067,0.1651,0.1384,0.3953,-0.4344,0.6324,0.5482,0.6021,-0.0191,0.046,-0.1478,-0.1084,-0.0584,0.0363,-0.0793,-0.0324,-0.0459,-0.0264,0.061,0.0778,-0.1199,0.0571,0.0637,-0.1197,0.0451,0.0685,-0.1049,0.0902,0.085,-0.1007,0.098,-0.0278,0.0056,-0.0766,0.1817,0.0627,0.0253,0.0559,-0.0859,-0.112,0.0587,0.0209,0.0466,-0.075,-0.0738,0.024,0.0427,-0.0628,-0.0575,0.0043,0.0559,0.0547,-0.0333,0.0547,0.0298,-0.0473,-0.0533,-0.0804,0.0011,-0.0549,0.1007,0.0807,0.0315,-0.0104,-0.0327,0.0593,0.0227,0.0049,-0.1306,-0.1644,-0.0325,-0.0043,-0.119,-0.0881,-0.1258,-0.054,-0.1811,-0.0325,-0.0578,0.0317,-0.1959,-0.0102,-0.0459,-0.0159
fz_block_reason=hunt_fade,-0.02,-0.0162,0.0235,0.0074,0.0209,0.0059,0.0162,-0.0651,0.0372,-0.0379,-0.0116,0.0264,0.0379,0.0437,0.0269,-0.038,0.0308,-0.106,-0.1028,-0.0626,-0.0694,-0.0682,-0.0467,-0.0606,-0.018,-0.0523,-0.0327,-0.0278,0.009,-0.0408,-0.0654,-0.0378,-0.0527,0.0156,-0.0517,0.0339,0.0547,-0.0389,0.0177,-0.021,-0.0061,0.0411,-0.0282,0.0434,0.039,-0.0437,0.0079,-0.0365,-0.0015,-0.0624,0.045,-0.0074,-0.023,0.0168,-0.004,0.0071,-0.0632,0.0376,0.0285,-0.0445,-0.0189,-0.0104,0.0087,0.012,0.0133,0.0288,-0.0006,0.0076,-0.0089,-0.0404,0.0293,-0.0292,-0.0231,0.0316,-0.0411,-0.0385,-0.0356,0.067,-0.0882,0.0292,-0.057,-0.0549,-0.0382,-0.0689,0.0448,0.0188,0.0419,-0.0176,-0.0033,-0.009,-0.003,-0.0203,0.0771,-0.0443,0.0207,0.0126,-0.0053,-0.0104,-0.0145,0.0302,-0.0105,-0.0293,-0.0346,-0.0148,0.07,-0.0243,-0.0279,0.0068,-0.0053,-0.0446,0.0184,0.0079,-0.0269,-0.0104,-0.0138,0.5229,-0.0862,-0.0502,0.0738,-0.0173,-0.0138,-0.0371,0.1134,-0.0928,0.0038,0.3253,-0.4055,0.2278,0.0401,-0.0519,0.0246,0.1298,-0.0157,-0.0785,-0.0024,-0.0844,0.1058,0.2532,-0.0052,-0.0922,-0.1391,1.0,-0.0548,-0.1921,-0.0729,-0.0295,-0.0902,0.0924,-0.0074,-0.0052,-0.0181,-0.0594,0.0916,0.0699,-0.0138,0.0166,-0.0216,-0.056,0.0323,-0.088,-0.0763,0.0445,0.029,-0.0401,-0.0437,-0.0166,0.0137,0.0159,-0.0339,0.0228,-0.037,-0.0475,0.0096,0.0501,-0.0957,0.0035,0.0585,-0.0849,0.0627,-0.0443,-0.0105,-0.0743,0.0437,-0.015,0.024,-0.075,-0.0672,-0.0229,-0.0128,-0.0446,0.0335,0.0118,-0.044,-0.0099,0.0112,0.0373,0.0218,-0.0504,0.0041,0.013,0.0271,-0.0543,-0.0109,0.0504,0.0181,0.0166,-0.0308,0.011,-0.0104,-0.0022,0.0251,-0.0096,0.0043,0.0353,-0.0123,0.0129,-0.0658,-0.0647,0.0265,0.0978,-0.012,-0.0104,-0.0209,0.0165,-0.0052,-0.0157,0.0087,0.0326,0.0329,-0.0203,-0.0126,-0.0052,0.0614,-0.0148,-0.0379,-0.0116,-0.0074,-0.009
fz_block_reason=leave_into_recycle,0.1069,0.0975,-0.0162,-0.0273,0.0016,-0.0203,0.0226,0.0954,0.0109,-0.0931,-0.0286,-0.0578,-0.0334,-0.1071,0.0661,-0.0414,-0.0176,-0.0128,0.0103,-0.0361,-0.018,0.0371,0.0885,0.0431,0.0812,0.0115,-0.0619,0.019,-0.0703,-0.0038,0.0113,0.094,0.0155,0.0086,0.0491,0.0803,-0.0231,0.0635,-0.0789,0.0838,0.0559,0.0285,0.0916,0.019,-0.0307,0.0109,-0.0176,-0.0196,-0.0678,-0.0257,-0.0554,0.0836,0.0829,0.0479,0.0954,0.085,-0.0405,0.0688,0.0626,-0.0259,0.0309,0.0283,-0.0885,0.0568,-0.0361,0.042,0.0184,-0.0716,0.0704,0.0727,0.0663,0.0039,-0.0438,-0.0422,0.0332,0.046,0.0189,-0.0457,0.007,-0.0541,0.0388,-0.0429,0.0325,0.033,0.1612,0.0503,-0.2306,-0.0985,0.0626,-0.0222,-0.014,0.0062,-0.0267,0.0377,-0.0585,-0.1501,-0.1332,-0.0177,0.1298,-0.022,0.0437,0.0815,-0.0654,-0.0363,-0.0248,-0.0732,0.0893,-0.0866,-0.0701,0.086,-0.0779,0.0402,0.0496,-0.0256,-0.0339,-0.0286,0.3225,-0.1234,-0.2033,-0.0426,-0.0339,-0.0911,-0.1318,0.2121,-0.138,-0.0075,-0.0608,0.1009,0.057,-0.1934,0.1777,-0.0747,0.1407,0.2138,-0.0604,0.3484,0.3015,-0.2163,-0.0128,-0.2266,0.3936,-0.0548,1.0,-0.4721,-0.1791,-0.0725,-0.2218,0.2272,-0.0181,-0.0128,-0.0445,-0.1461,-0.5978,-0.0363,-0.0339,0.3165,0.2369,0.6361,-0.74,0.6224,-0.1875,0.4922,-0.0174,0.0396,0.0079,0.0241,0.0482,-0.0222,-0.006,0.0737,0.0344,0.0301,0.0237,-0.0263,-0.0105,0.003,-0.0491,-0.0001,-0.0604,0.0221,-0.0526,-0.045,0.0627,-0.0579,0.0209,-0.0652,-0.0851,0.0581,0.0375,0.0056,0.1212,-0.0667,-0.013,-0.1303,-0.0758,0.1139,-0.0676,0.0063,-0.046,0.1007,-0.0694,-0.0112,-0.1127,0.0113,-0.0754,-0.0735,0.0709,-0.0707,0.0218,0.0317,0.0143,0.0291,0.063,0.0274,-0.0516,-0.0684,-0.0102,-0.0232,0.0815,0.0273,0.0566,-0.0256,-0.0902,-0.1081,-0.0128,-0.0024,-0.0885,-0.0769,-0.0853,0.0062,-0.1483,-0.0128,-0.0216,-0.0363,-0.0931,-0.0286,-0.0181,-0.0222
fz_block_reason=nan,0.1092,0.0989,0.0323,0.0162,0.0433,0.0378,0.0331,0.0116,0.0654,-0.2847,-0.1004,0.0009,-0.007,0.0644,0.1318,0.0035,-0.0181,-0.0295,-0.0161,-0.031,-0.0258,0.0214,0.0642,0.0737,0.0842,-0.0479,-0.0208,0.042,0.0169,0.0277,0.0765,0.0931,0.0762,0.012,0.0368,-0.0401,-0.0147,0.0084,0.0102,0.0019,0.0029,0.0812,0.029,-0.0001,-0.0126,0.0145,-0.0559,0.0173,0.0223,0.0309,-0.0015,0.1253,0.1089,0.0933,0.0162,0.0133,-0.031,0.0125,0.0052,-0.0109,0.0425,-0.0178,-0.1238,0.0889,0.122,-0.0689,0.0699,-0.0851,0.0326,-0.0186,-0.0052,-0.0223,-0.0276,-0.0174,0.0202,0.0551,0.0448,0.0263,-0.034,0.0184,-0.0075,-0.0361,0.0089,0.0349,-0.0282,0.0062,0.0449,-0.0965,-0.0619,-0.0362,0.1151,-0.044,-0.0254,-0.0969,0.0893,0.0382,0.0072,0.0475,-0.0524,0.0274,0.0016,0.0235,-0.0518,0.0513,0.0098,-0.0467,0.0478,-0.0505,-0.0388,0.0295,-0.0619,0.053,0.0211,0.0182,0.0718,-0.1004,-0.0985,-0.433,0.3009,0.0467,0.0718,0.1717,0.161,-0.2825,0.1986,-0.0401,0.0908,-0.09,0.1024,-0.1135,0.0399,0.0597,-0.0136,-0.0938,-0.1328,-0.035,0.156,-0.7585,0.0271,0.4798,0.2334,-0.1921,-0.4721,1.0,-0.6283,-0.2541,0.4697,-0.4813,0.0383,0.0271,-0.1562,-0.156,0.4983,0.0513,0.0718,-0.1504,-0.0985,-0.2324,0.2676,-0.1017,0.3971,-0.0466,-0.0116,0.0441,-0.0574,-0.061,0.0178,-0.0149,-0.0339,-0.0383,0.007,0.0218,0.0865,0.047,0.0001,0.0208,0.0456,-0.0047,0.084,0.0166,-0.0771,0.1203,-0.0168,-0.063,0.0386,0.0179,0.0509,-0.0644,0.1374,0.0687,-0.0059,0.0148,-0.027,-0.0014,0.0232,-0.016,-0.0017,-0.0126,-0.0499,-0.0015,0.0099,-0.0263,0.0167,0.0046,0.0198,0.0186,0.0029,0.0006,-0.0531,0.0168,-0.0939,-0.0121,-0.0595,-0.0241,0.0656,0.0144,0.0386,-0.0101,-0.0295,-0.0355,-0.0114,0.0542,-0.1254,-0.1616,0.0271,0.0334,-0.1238,-0.1051,-0.106,-0.044,0.0121,-0.0448,-0.0428,0.0513,-0.2847,0.0284,0.0383,0.0469
fz_block_reason=new,-0.0859,-0.0835,0.005,0.0459,-0.0212,0.0149,-0.0134,-0.0202,-0.0766,0.0692,-0.0381,0.0268,0.0184,0.0189,-0.0175,0.0229,0.0416,-0.0078,-0.0426,0.0502,0.0316,-0.0059,-0.0587,-0.0063,-0.0237,-0.0225,0.0211,-0.0504,-0.0096,-0.0187,-0.0933,-0.0461,-0.0909,-0.0411,-0.0722,-0.0254,0.0337,-0.0638,0.0693,-0.0634,-0.0611,-0.022,-0.06,-0.0228,0.022,-0.0265,0.0565,-0.0101,0.033,-0.013,0.0224,-0.1018,-0.0852,-0.0705,-0.1109,-0.113,0.0681,-0.1006,-0.0881,0.0654,0.0019,0.0102,0.1064,-0.1154,-0.1161,0.0365,-0.0487,0.0925,-0.0643,-0.0878,-0.1034,0.0358,0.0135,0.0484,-0.0409,-0.1072,-0.0643,0.0666,-0.0508,0.0264,-0.0364,0.0318,-0.0196,-0.0533,-0.1048,-0.0635,0.1635,0.238,0.0203,0.0216,-0.085,0.0486,0.0349,0.0547,-0.0416,0.1137,0.1383,-0.0322,-0.0876,-0.0029,-0.0228,-0.0816,0.0797,-0.0483,0.0308,0.0521,-0.0557,0.0686,0.052,-0.0434,0.052,-0.0456,-0.0167,-0.0341,-0.0451,-0.0381,-0.0849,0.618,-0.227,-0.0567,-0.0451,-0.1213,-0.1245,0.1843,-0.1098,-0.0784,0.0947,-0.0503,-0.193,0.299,-0.1769,-0.0193,-0.0674,-0.0267,0.0464,-0.1061,-0.4501,0.8283,-0.017,-0.3015,-0.4551,-0.0729,-0.1791,-0.6283,1.0,-0.0964,-0.2951,0.3024,-0.0241,-0.017,0.2487,0.3775,-0.2238,-0.0483,-0.0451,-0.0931,-0.0708,-0.1833,0.2421,-0.2878,-0.2495,-0.3639,0.0322,-0.067,-0.04,-0.067,-0.0666,0.0277,0.0772,0.0061,-0.0251,-0.0321,-0.1305,-0.0204,-0.0121,0.0187,-0.0215,-0.0126,-0.0524,0.034,0.0455,-0.0351,-0.0217,0.0378,-0.0524,0.0096,0.0059,-0.0678,-0.0743,-0.0791,-0.0443,0.0643,-0.035,0.0365,0.0601,-0.0348,0.071,-0.0506,0.039,-0.0264,0.0653,-0.0399,0.0196,-0.0109,0.0617,0.0637,-0.0704,0.0655,0.0192,-0.0489,0.0738,0.0357,0.018,-0.0074,0.0028,0.0001,0.0136,0.0284,0.0185,-0.0308,-0.025,-0.0341,0.0676,0.0403,-0.017,-0.0217,0.1064,0.0688,0.0411,0.0486,0.1208,0.0713,0.0536,-0.0483,0.0692,0.0015,-0.0241,-0.0295
fz_block_reason=open_pierce,-0.3215,-0.2851,-0.0716,-0.0826,-0.0733,-0.0838,-0.0926,-0.0861,-0.0474,0.7779,-0.0154,0.0267,0.0253,-0.0509,-0.4387,0.0359,-0.0294,0.1982,0.1927,0.0949,0.0875,-0.0611,-0.1784,-0.1943,-0.2877,0.1954,0.1645,-0.0266,0.1199,-0.007,0.0093,-0.2905,-0.0007,0.0234,0.0,0.0,-0.02,0.0172,-0.0291,-0.0056,0.0331,-0.2585,-0.1026,0.0002,0.0268,0.016,0.035,0.018,-0.0031,0.0098,-0.0037,-0.2956,-0.2686,-0.2317,0.0,0.0,0.0593,0.0,0.0,0.0,-0.141,-0.0138,0.2628,-0.1282,0.0,0.0,-0.1061,0.166,-0.0957,0.1112,0.0758,0.0137,0.1641,0.0007,-0.0079,0.031,0.0255,-0.2048,0.2425,-0.0527,0.0793,0.1563,-0.0258,0.0026,-0.0039,0.0092,-0.058,-0.061,-0.0197,0.094,-0.1102,0.0208,-0.012,0.1175,-0.0328,-0.1182,-0.0761,-0.0314,0.128,-0.0659,-0.0318,0.0152,0.0893,0.0455,-0.112,0.1521,-0.1875,0.1766,0.1598,-0.1463,0.1999,-0.099,-0.1308,-0.0138,-0.0183,-0.0154,-0.032,0.0389,0.0108,0.0326,-0.0183,0.0054,-0.0011,0.0265,-0.0329,0.0076,-0.0016,-0.0066,0.0261,0.0258,-0.0551,-0.1002,-0.0335,-0.0022,0.3549,-0.1994,-0.0455,0.335,-0.0069,-0.1219,-0.1841,-0.0295,-0.0725,-0.2541,-0.0964,1.0,-0.1193,0.1223,-0.0097,-0.0069,-0.024,-0.0786,0.1212,-0.0195,-0.0183,0.0316,0.0162,-0.0548,0.0339,-0.1164,-0.1009,-0.0009,-0.0258,-0.0204,0.2354,0.2401,0.0219,0.0034,-0.0423,-0.0427,0.0,0.0,0.0,-0.085,0.1061,-0.1139,-0.0322,0.0936,-0.0607,-0.1204,0.2058,-0.1093,-0.0526,0.193,-0.0465,0.1163,0.0456,0.21,-0.2951,-0.0051,-0.1495,-0.0469,0.1931,0.19,-0.0437,-0.1352,-0.0252,0.1605,0.1399,-0.1412,-0.0437,0.2038,0.1328,-0.0513,-0.0443,-0.0475,0.022,-0.0057,0.0692,-0.0142,0.0348,-0.0857,0.0185,0.0112,-0.0856,0.0643,-0.0701,0.0522,-0.1172,0.0045,0.0,-0.0138,0.3663,0.5119,-0.0069,-0.0207,0.2628,0.244,0.3154,0.0208,-0.0065,-0.0069,-0.0017,0.0455,0.7779,-0.0154,-0.0097,-0.0119
fz_branch=leave,0.0194,0.0201,0.0112,0.0622,0.0356,0.0098,0.001,-0.0248,0.0357,-0.1534,-0.0472,0.0214,0.0272,-0.1176,0.062,0.0447,-0.0053,0.1409,0.0915,0.1243,0.1128,0.146,0.0904,0.1598,0.0746,0.0585,0.0557,-0.0125,-0.0391,-0.0242,0.0052,0.0408,0.0034,0.0216,-0.017,0.0667,-0.0102,0.1012,-0.0993,0.1349,0.0453,-0.039,0.1148,0.0327,0.0316,-0.0437,-0.0855,-0.0222,-0.0861,-0.0379,-0.0968,-0.0113,-0.009,-0.0329,0.1301,0.1347,0.0888,0.1211,0.0393,-0.1406,0.0656,-0.0422,-0.0725,0.0147,0.0889,-0.0091,0.0427,-0.0194,-0.021,0.0468,0.099,0.0484,0.0962,0.0033,0.0018,0.1666,0.1452,-0.1523,0.0751,-0.1003,0.0769,0.0563,-0.0287,0.0422,-0.1159,-0.0158,0.1287,0.1443,-0.0461,0.009,0.0703,0.0202,0.0007,-0.093,0.0321,0.0261,0.1574,-0.087,-0.0176,-0.0729,0.063,0.149,-0.1032,-0.0039,-0.0751,-0.095,-0.0301,0.0103,-0.0025,-0.0145,0.0319,-0.0369,-0.0025,-0.0422,-0.0559,-0.0472,0.5312,-0.2034,-0.3349,-0.0702,-0.0559,-0.1501,-0.0822,0.1693,-0.1335,-0.1348,0.1858,-0.1213,-0.1495,0.2941,-0.2116,-0.1506,0.3245,0.2621,0.0335,0.511,-0.4845,-0.3563,-0.021,0.9788,-0.5633,-0.0902,-0.2218,0.4697,-0.2951,-0.1193,1.0,-0.9759,-0.0298,-0.021,-0.0734,-0.2406,0.3709,0.1078,0.0635,-0.1153,-0.0876,-0.2269,0.231,-0.3563,-0.3088,-0.3934,-0.0012,0.0215,0.1159,0.0756,0.1104,-0.0644,0.0446,0.0368,0.0894,0.0855,0.0393,-0.0723,0.1499,-0.0654,-0.0667,0.1541,-0.0214,-0.0501,0.0036,-0.0085,-0.0706,0.0111,-0.0464,0.0217,-0.0155,0.0622,-0.025,0.0086,0.0463,-0.0939,0.0612,0.032,-0.0934,0.036,-0.1032,0.077,-0.0043,0.0318,-0.0862,0.0449,0.0082,0.0069,-0.0954,-0.0957,0.089,-0.1103,-0.0642,0.0945,-0.0284,0.1022,-0.0232,0.0598,-0.0799,-0.1169,0.0076,-0.0059,0.0707,-0.0911,0.0252,0.0366,-0.0574,-0.0703,0.0576,0.0419,-0.0725,-0.0707,-0.0383,0.0202,0.102,-0.021,0.0097,-0.0039,-0.1534,0.0233,0.0815,0.0544
fz_branch=nan,-0.0201,-0.0213,-0.0117,-0.06,-0.0437,-0.008,0.0022,0.0265,-0.042,0.1572,0.0483,-0.0238,-0.0222,0.1205,-0.0652,-0.0339,0.0074,-0.1218,-0.0818,-0.1038,-0.0947,-0.1316,-0.0919,-0.146,-0.0745,-0.0471,-0.0282,0.0123,0.0616,0.0161,-0.0023,-0.0455,-0.0046,-0.0241,0.0228,-0.0805,0.0147,-0.1054,0.1003,-0.134,-0.0463,0.0398,-0.1161,-0.0344,-0.0267,0.0365,0.0822,0.018,0.0871,0.0365,0.0964,0.0127,0.0109,0.0316,-0.1249,-0.1302,-0.0723,-0.1117,-0.0367,0.1371,-0.0609,0.0432,0.0654,-0.0123,-0.097,0.0151,-0.0306,0.0175,0.0105,-0.0402,-0.0928,-0.0365,-0.0866,0.0039,-0.0084,-0.1682,-0.1421,0.1442,-0.0664,0.093,-0.0767,-0.0369,0.0237,-0.0409,0.1033,0.0153,-0.1174,-0.1597,0.0325,-0.0076,-0.0704,-0.017,0.0057,0.0871,-0.0337,-0.0194,-0.1455,0.0715,0.0141,0.076,-0.0601,-0.1346,0.0996,0.006,0.0613,0.0895,0.0239,-0.0106,-0.003,0.0107,-0.0264,0.0271,0.0051,0.0432,-0.1493,0.0483,-0.5062,0.2084,0.3431,0.072,0.0573,0.1538,0.0909,-0.1823,0.1414,0.1386,-0.1908,0.1243,0.1507,-0.3024,0.2205,0.1063,-0.3078,-0.2511,-0.0277,-0.489,0.4669,0.3651,-0.0562,-0.997,0.5773,0.0924,0.2272,-0.4813,0.3024,0.1223,-0.9759,1.0,0.0305,0.0216,0.0752,0.2466,-0.3801,-0.1044,-0.0608,0.1181,0.0898,0.2325,-0.2391,0.3651,0.3165,0.3657,0.0039,-0.0253,-0.1084,-0.0722,-0.1192,0.0727,-0.0473,-0.0479,-0.0827,-0.0734,-0.0403,0.0549,-0.1261,0.0388,0.0571,-0.1282,0.0029,0.0425,0.0046,0.0027,0.0676,-0.0022,0.0524,-0.0032,0.0126,-0.0578,0.0266,-0.0086,-0.0529,0.0944,-0.0571,-0.0292,0.0951,-0.0417,0.1026,-0.0745,0.0049,-0.0444,0.0871,-0.0335,-0.0008,-0.0083,0.0954,0.094,-0.0915,0.1114,0.075,-0.0937,0.0319,-0.0975,0.0201,-0.0549,0.0786,0.1239,0.0008,0.0161,-0.0634,0.0848,-0.0045,-0.0347,0.0555,0.0698,-0.0562,-0.0392,0.0654,0.0711,0.0361,-0.017,-0.1077,0.0216,-0.0024,0.006,0.1572,-0.0214,-0.0795,-0.0525
fz_take_why=accepted_no_defend,-0.0217,-0.0197,-0.0179,-0.0206,0.1327,-0.0209,-0.0231,-0.0215,-0.0118,-0.0125,-0.0038,-0.0206,0.0016,-0.0152,0.0089,-0.0134,0.0589,-0.0617,-0.0617,-0.0388,-0.0578,-0.0517,-0.0481,-0.0469,-0.0418,-0.0677,-0.0707,0.0051,-0.0738,0.0144,0.0147,-0.0508,0.0335,0.0281,0.0167,-0.0503,0.0663,0.0075,0.0214,-0.0057,0.0035,0.0267,0.0099,-0.0288,0.0019,0.0677,-0.0384,0.0161,-0.0109,0.0608,-0.0217,0.0167,0.0557,-0.0253,-0.0363,-0.0506,-0.0616,-0.0153,-0.0398,0.0163,0.0169,-0.0034,0.0143,-0.032,0.0231,-0.0493,-0.0265,0.0414,-0.0239,-0.0401,-0.034,-0.0819,-0.0699,0.0033,-0.011,-0.0207,-0.0217,0.0534,-0.0722,0.003,-0.0327,-0.0736,-0.0017,-0.0149,0.0278,0.0007,-0.0194,0.0274,0.0299,-0.003,0.0299,-0.0067,-0.0146,-0.022,0.0171,-0.0052,-0.0231,0.0803,-0.0048,-0.0244,0.0088,-0.0536,-0.025,-0.0049,0.0869,-0.0086,0.0094,-0.0007,0.0046,0.0082,0.0006,-0.0247,0.0209,0.7062,-0.0046,-0.0038,-0.0561,-0.0166,-0.0273,-0.0057,-0.0046,-0.0122,-0.0218,0.0339,-0.0213,0.2029,-0.1526,-0.0099,-0.0227,0.0391,-0.0255,0.0971,-0.0299,-0.0319,-0.0124,-0.0497,0.0405,-0.029,-0.0017,-0.0304,0.0529,-0.0074,-0.0181,0.0383,-0.0241,-0.0097,-0.0298,0.0305,1.0,-0.0017,-0.006,-0.0196,-0.0803,-0.0049,-0.0046,-0.0094,-0.0071,-0.0185,0.0244,0.0836,-0.0252,0.0661,0.0625,0.0048,-0.0652,-0.0487,-0.0508,0.0108,-0.0776,-0.0088,-0.0692,-0.0731,0.0032,0.0453,-0.0699,0.0713,0.0113,-0.0663,0.0607,0.0032,0.0171,0.0023,0.072,0.0175,0.0128,-0.0758,-0.0486,-0.0373,0.048,0.0156,0.0271,0.0193,-0.0629,-0.0182,0.0327,0.0217,0.014,-0.0604,-0.0556,0.0338,0.0153,-0.0704,-0.0143,0.0177,0.0358,0.0241,-0.0196,0.0134,-0.0516,0.0034,-0.0657,-0.0304,0.035,0.0156,0.0331,0.0515,0.0521,0.044,-0.0108,0.0205,-0.0406,-0.0034,-0.0266,-0.019,-0.0017,-0.0052,0.0143,-0.0203,-0.0165,-0.0067,-0.0199,-0.0017,-0.0164,-0.0049,-0.0125,-0.0038,-0.0024,-0.003
fz_take_why=defend_wrong_half,0.0477,0.0439,-0.0126,-0.0146,-0.0129,-0.0148,-0.0163,0.0798,-0.0084,-0.0088,-0.0027,-0.0028,0.0359,-0.0018,0.0063,-0.0531,-0.0062,-0.012,0.0541,-0.0579,-0.0576,-0.0085,0.0596,-0.0304,0.0535,0.0519,-0.0428,-0.0108,0.0315,-0.0186,-0.0231,0.0423,-0.0459,0.0341,-0.0476,0.0613,-0.0036,-0.0018,-0.0218,0.0265,-0.0325,0.0188,0.0016,0.0413,0.0362,-0.0498,-0.0103,-0.02,-0.0374,-0.0451,0.0026,0.0244,-0.0032,0.0431,-0.0007,0.0156,0.0012,0.0297,0.0234,-0.0003,0.0487,-0.0024,-0.0262,-0.0226,0.0231,0.0076,-0.0187,-0.0414,0.0719,0.0433,0.0253,0.0211,0.0533,0.0459,-0.054,-0.0236,-0.0044,-0.0478,0.0515,0.0021,0.0564,-0.0406,-0.036,-0.0461,-0.0434,0.0353,0.0351,0.0219,0.0211,-0.0021,0.0211,-0.0047,-0.0103,-0.0155,0.0546,0.0228,0.0742,-0.0098,-0.0384,-0.0173,-0.0034,0.032,-0.0177,-0.0034,-0.0197,0.0175,0.0179,-0.0239,-0.027,0.0375,-0.0344,-0.0175,0.0525,0.4991,-0.0032,-0.0027,-0.0396,-0.0117,-0.0193,-0.004,-0.0032,-0.0086,-0.0154,0.0239,-0.015,-0.0085,0.0112,-0.007,-0.0161,-0.0439,0.0674,-0.0177,-0.0211,-0.0225,-0.0087,-0.0352,0.0286,-0.0205,-0.0012,-0.0215,0.0374,-0.0052,-0.0128,0.0271,-0.017,-0.0069,-0.021,0.0216,-0.0017,1.0,-0.0042,-0.0139,-0.0567,-0.0034,-0.0032,-0.0066,-0.005,-0.0131,0.0173,0.0591,-0.0178,0.0467,-0.0085,-0.0548,-0.0266,-0.0034,0.0603,0.0507,-0.059,0.0416,0.0588,0.0564,0.0022,-0.0471,0.0379,-0.0322,0.0275,0.0313,-0.0457,-0.0411,0.0478,-0.0403,-0.0491,0.0503,-0.0579,-0.0386,-0.0266,-0.0057,-0.0089,-0.0588,0.0113,-0.0216,0.0207,-0.0359,-0.0216,0.0112,-0.0216,0.0223,-0.0204,0.0169,-0.0216,0.0122,-0.034,0.0069,-0.0216,-0.0216,0.0216,-0.0216,-0.0029,0.0042,0.0224,0.0307,0.0526,-0.0324,-0.0439,-0.0572,-0.0474,-0.0546,0.0545,0.0283,0.0519,-0.0024,-0.0188,-0.0134,-0.0012,-0.0037,-0.0262,-0.0144,-0.0116,-0.0047,-0.0141,-0.0012,-0.0116,-0.0034,-0.0088,-0.0027,-0.0017,-0.0021
fz_take_why=leave_gap_quiet,-0.1959,-0.1753,-0.044,-0.0508,-0.0451,-0.0515,-0.057,-0.053,-0.0291,0.4783,-0.0095,0.0297,-0.0367,-0.0603,-0.152,0.0391,-0.0161,0.0956,0.0653,0.06,0.0574,-0.0627,-0.1264,-0.1339,-0.1779,0.0651,0.0468,0.0238,-0.0131,0.0125,0.0233,-0.1824,0.0167,0.072,0.0,0.0,-0.0258,0.0246,-0.0055,-0.0068,-0.0117,-0.1761,-0.0354,-0.0525,-0.0358,0.0855,0.0336,0.0077,0.0116,0.0699,-0.0299,-0.178,-0.1522,-0.1486,0.0,0.0,0.0678,0.0,0.0,0.0,-0.0867,-0.0085,0.1616,-0.0788,0.0,0.0,-0.0652,0.1021,-0.0588,0.0257,0.0539,0.0575,0.1458,-0.06,0.0713,-0.0022,0.0022,-0.1407,0.128,-0.0006,0.0223,0.0748,0.0364,-0.0936,-0.1533,0.022,0.0763,0.1571,0.0107,-0.0073,-0.0862,0.0593,0.001,0.0819,-0.0849,0.0255,0.0746,-0.0343,-0.0118,-0.0348,-0.0255,-0.0103,0.0638,-0.012,-0.0453,0.0883,-0.1153,0.1086,0.0983,-0.09,0.1229,-0.0609,-0.0804,-0.0085,-0.0112,-0.0095,0.1067,-0.0409,-0.0673,-0.0141,-0.0112,-0.0302,-0.0537,0.0618,-0.0247,-0.0295,0.0392,-0.0244,-0.056,0.0963,-0.0627,-0.0616,0.0177,0.0988,0.4835,-0.1226,-0.1271,0.206,-0.0042,-0.075,-0.1132,-0.0181,-0.0445,-0.1562,0.2487,-0.024,-0.0734,0.0752,-0.006,-0.0042,1.0,-0.0483,-0.1978,-0.012,-0.0112,-0.0232,-0.0176,-0.0456,0.0602,-0.0716,-0.062,-0.0905,-0.0025,0.0677,0.159,0.1564,-0.0284,-0.0243,-0.0018,0.0029,0.0,0.0,0.0,-0.0414,0.0693,-0.0183,-0.0237,0.0639,-0.0552,-0.0228,0.1193,-0.0891,-0.0569,0.1072,-0.0714,0.0362,-0.0151,0.1596,-0.1774,0.0062,-0.0615,-0.0127,0.0701,0.1055,-0.009,-0.0467,-0.0078,0.0628,0.0875,-0.045,-0.0058,0.0597,0.042,-0.0132,-0.0104,-0.0156,0.0053,-0.0032,0.0482,0.0131,-0.0019,-0.0397,0.009,-0.0395,-0.0621,0.0216,-0.0642,0.0806,-0.0924,0.0194,0.0,-0.0085,0.2252,0.3147,-0.0042,-0.0127,0.1616,0.2084,0.2623,0.0593,0.1839,-0.0042,0.0274,-0.012,0.4783,-0.0095,-0.006,-0.0073
fz_take_why=leave_vol_fail,-0.0497,-0.0553,0.0645,0.0512,0.0143,0.0369,-0.0127,-0.039,-0.049,-0.1011,-0.0311,-0.0489,-0.0121,0.0113,0.0314,-0.0164,0.0393,-0.1171,-0.1555,-0.0027,-0.0143,-0.0018,-0.0103,0.0148,0.0142,-0.1534,-0.0975,0.0008,-0.1326,0.0319,-0.0268,-0.0188,-0.0171,-0.0373,-0.0289,-0.0902,0.0366,-0.0279,0.0336,-0.0209,-0.0532,-0.0035,-0.0101,-0.0756,-0.0092,-0.0148,0.0114,0.0645,-0.0247,-0.0014,0.0173,-0.0228,0.0094,-0.0405,-0.243,-0.2166,-0.042,-0.2281,-0.1307,0.1752,-0.0013,-0.0278,0.0677,-0.0657,-0.1151,-0.0726,0.0058,0.0628,-0.0851,-0.1704,-0.236,-0.0655,-0.1056,0.0315,-0.0052,-0.0717,-0.046,0.1774,-0.198,-0.001,-0.0972,-0.0823,0.0182,0.0112,0.031,-0.0118,-0.0252,-0.0674,0.0085,-0.024,-0.0129,-0.0014,-0.0279,0.0403,-0.0388,0.0994,0.0331,-0.0046,-0.0989,0.0947,0.0035,-0.094,0.0339,-0.0394,0.0862,-0.0175,0.0035,-0.0048,0.0064,-0.009,-0.0057,0.0377,-0.0266,-0.0278,-0.0368,-0.0311,0.3499,-0.1339,-0.2206,-0.0463,-0.0368,-0.0989,-0.0807,0.1227,-0.0753,-0.0045,-0.0281,0.0479,-0.0355,0.0336,-0.0069,0.0339,0.1798,0.2056,-0.0552,0.3731,-0.0176,0.2807,-0.0139,-0.2458,-0.025,-0.0594,-0.1461,-0.156,0.3775,-0.0786,-0.2406,0.2466,-0.0196,-0.0139,-0.0483,1.0,-0.6487,-0.0034,0.0785,0.058,0.0664,0.204,-0.2364,0.1599,-0.2034,0.0635,0.0349,-0.0105,-0.2145,-0.2203,-0.096,-0.0061,0.0538,0.0611,-0.1294,-0.1547,-0.092,0.0084,-0.081,0.0694,-0.0188,-0.0746,-0.0192,0.0024,-0.0313,0.0179,0.003,-0.0258,-0.0332,-0.1377,-0.1118,-0.2506,0.0045,-0.0097,0.1115,0.0501,-0.1622,-0.1549,0.0532,0.1071,0.0256,-0.149,-0.132,0.1373,0.0437,-0.2031,-0.1437,0.0657,0.056,0.0558,-0.0212,0.018,-0.0861,-0.0147,0.036,-0.0086,-0.042,-0.0328,0.0594,0.014,0.0109,-0.0327,0.02,0.0494,-0.16,-0.0278,0.0215,-0.0487,-0.0139,-0.0418,0.0677,-0.0042,-0.0276,-0.0014,-0.1001,-0.0139,-0.0261,-0.0394,-0.1011,-0.0311,-0.0196,-0.024
fz_take_why=nan,0.0121,0.0177,-0.0232,-0.0026,-0.0136,0.0036,0.0125,-0.0288,0.0396,0.0191,0.0479,0.0741,0.0404,0.087,-0.0329,0.0378,-0.0192,0.0816,0.0974,0.0209,0.0196,-0.0024,-0.0217,0.0009,-0.0217,0.0959,0.1186,-0.0205,0.1624,-0.0253,0.0064,-0.0024,-0.0026,-0.0026,-0.0135,0.0106,-0.0115,-0.0318,0.0322,-0.0443,0.0058,0.0249,-0.0503,0.0586,0.036,-0.023,-0.0001,-0.0378,0.0692,-0.0023,0.0371,0.0009,-0.0324,0.0358,0.122,0.1096,0.0503,0.1255,0.0576,-0.1102,-0.0038,0.0037,-0.0309,0.0359,0.1087,0.0245,0.004,-0.0252,0.0274,0.0742,0.1279,0.0396,0.079,0.0185,-0.0338,0.0266,0.0239,-0.068,0.1171,0.0397,0.04,0.0858,-0.0444,-0.0022,-0.0994,-0.0361,0.1805,0.0765,-0.0598,0.0371,0.0383,-0.0182,0.0431,-0.0768,0.088,0.0242,0.0478,0.0175,-0.0112,-0.0437,-0.0283,0.0195,0.0083,0.0607,-0.0443,0.0425,-0.0389,0.0393,0.0211,-0.0352,0.0306,-0.0378,-0.0003,-0.0745,0.0567,0.0479,-0.523,0.2065,0.34,0.0713,0.0567,0.1524,0.1758,-0.2706,0.1683,-0.0049,0.0711,-0.1019,0.0048,0.0877,-0.1092,0.0353,-0.2405,-0.3348,-0.0413,-0.4992,-0.1778,-0.11,0.0214,0.379,-0.2447,0.0916,-0.5978,0.4983,-0.2238,0.1212,0.3709,-0.3801,-0.0803,-0.0567,-0.1978,-0.6487,1.0,0.033,-0.0321,-0.2665,-0.2171,-0.6033,0.6987,-0.5694,0.3136,-0.3927,-0.02,-0.0351,0.1265,0.1163,0.0476,0.0222,-0.0235,-0.1036,0.0797,0.1035,0.0545,0.0224,0.0562,-0.0562,0.053,0.0453,0.0704,-0.0089,0.0246,0.0457,-0.0366,0.0273,0.0327,0.1551,0.1594,0.1127,0.0123,0.0046,-0.1612,0.0128,0.121,0.1904,0.0144,-0.1559,0.0315,0.0983,0.1194,-0.1718,0.0182,0.1555,0.1854,-0.0578,0.012,0.0135,-0.036,0.0385,0.0435,-0.0159,-0.0321,-0.0028,-0.0237,0.0168,0.008,0.0318,0.0142,0.0198,-0.0528,-0.0675,0.0846,0.0428,-0.0072,0.0346,0.0214,0.0383,-0.0309,0.0064,0.0154,-0.0182,0.1386,0.0214,0.0312,0.0607,0.0191,0.0479,0.0302,0.0371
fz_entered_read=ACCEPTED,0.006,0.0021,0.0413,-0.0066,-0.0367,-0.0076,0.0179,0.0243,-0.0237,-0.0251,-0.0077,0.002,0.0031,0.0053,-0.053,-0.0398,-0.0107,-0.0109,0.0122,-0.0234,-0.0213,-0.0042,0.006,-0.0501,-0.0529,0.0032,-0.0333,-0.0118,-0.0403,-0.0095,-0.0234,-0.0418,0.0039,0.0432,0.003,-0.0066,-0.0172,-0.0049,-0.0095,-0.0332,0.0317,-0.0056,0.0034,-0.0206,0.0038,-0.0217,0.0199,0.0013,0.0803,0.0116,0.0862,0.0445,0.0355,0.0416,-0.0097,-0.0029,-0.0143,0.0818,0.0447,0.0073,0.0078,-0.0069,-0.0228,0.017,-0.0294,0.028,0.0358,0.0078,-0.0479,0.0888,0.0894,-0.0199,0.0318,-0.008,0.0372,0.0372,0.0498,-0.0064,-0.0226,-0.0238,0.0337,-0.0151,-0.0034,0.0164,0.0077,0.0262,0.0194,-0.0522,-0.0503,-0.006,0.06,-0.0134,-0.0294,-0.0441,-0.0051,-0.0015,-0.0142,-0.0279,-0.0096,0.0441,-0.0251,-0.0084,-0.0195,-0.0098,0.0303,-0.053,0.0268,-0.0247,-0.0211,0.0027,-0.0235,0.0429,-0.0118,-0.0069,-0.0091,-0.0077,0.0869,-0.0333,-0.0548,-0.0115,-0.0091,-0.0246,0.09,-0.0909,0.0252,0.0299,-0.0103,-0.0199,0.0518,-0.0485,0.0095,-0.0195,0.0516,0.0444,0.0275,0.0732,0.0813,-0.03,-0.0034,0.1049,-0.0674,0.0699,-0.0363,0.0513,-0.0483,-0.0195,0.1078,-0.1044,-0.0049,-0.0034,-0.012,-0.0034,0.033,1.0,-0.0091,-0.0189,-0.0143,-0.0371,-0.1994,-0.03,-0.0505,0.1327,-0.0089,0.011,-0.0374,-0.0259,-0.0183,-0.0347,0.0035,-0.0096,0.001,0.0079,0.0064,0.0195,0.0188,0.0134,0.0432,0.0148,0.0583,-0.0117,0.006,-0.0602,0.0798,-0.0068,0.0236,-0.0363,-0.0281,-0.0123,0.0367,0.02,0.0162,-0.0085,0.0032,-0.011,-0.0047,0.0244,-0.0091,-0.0073,-0.0314,0.0121,0.0016,-0.0201,-0.0336,-0.0062,-0.0001,-0.0089,-0.0006,-0.0107,-0.0083,-0.0101,-0.0176,-0.0018,-0.0319,-0.0183,0.0169,0.0089,0.0461,0.031,-0.007,-0.0124,0.0359,-0.0069,0.0059,0.0355,-0.0034,-0.0104,-0.0228,-0.0057,0.0081,-0.0134,-0.04,-0.0034,-0.0328,-0.0098,-0.0251,-0.0077,-0.0049,-0.006
fz_entered_read=FIRST_PRINT,-0.0276,-0.0284,0.0489,-0.0016,0.0062,-0.0025,-0.009,-0.0043,-0.0222,-0.0235,-0.0072,0.038,0.0161,0.0086,0.0167,0.0356,0.0067,0.0774,0.0111,0.08,0.0797,0.035,-0.0179,0.0254,-0.038,-0.004,0.0154,-0.02,-0.0546,-0.0144,-0.0026,-0.0368,-0.0177,-0.001,-0.0361,0.0019,0.0171,0.0561,-0.0579,0.0067,-0.0332,-0.0131,0.0478,-0.043,0.0168,-0.0065,-0.0645,0.0745,0.0134,0.0097,-0.0275,-0.0285,-0.0411,-0.0099,-0.0585,-0.0458,0.0458,0.0327,0.0263,0.007,0.0177,-0.0064,0.0131,-0.0311,-0.0064,0.0099,0.0137,-0.0027,-0.0111,0.0465,0.0266,0.0579,0.0297,-0.0078,0.0001,0.015,0.0184,-0.0433,0.0405,0.0284,0.0388,0.0176,0.0101,0.0701,0.0112,0.0146,0.0098,-0.057,-0.006,-0.0056,0.056,-0.0126,-0.0275,-0.0412,0.0639,0.0194,-0.0434,-0.0261,-0.0223,0.0869,0.0225,0.0319,-0.0141,-0.0091,-0.0216,0.0177,-0.0525,0.0495,0.0441,-0.0353,0.0672,-0.0464,-0.0326,-0.0064,-0.0085,-0.0072,0.0813,-0.0311,-0.0512,-0.0107,-0.0085,-0.023,0.0306,-0.0213,-0.0037,-0.0225,0.0299,-0.0186,-0.0079,-0.008,0.017,0.0841,0.0631,0.027,0.0886,0.0387,0.076,-0.0545,-0.0032,0.0611,-0.0067,-0.0138,-0.0339,0.0718,-0.0451,-0.0183,0.0635,-0.0608,-0.0046,-0.0032,-0.0112,0.0785,-0.0321,-0.0091,1.0,-0.0176,-0.0134,-0.0347,-0.1865,0.0361,-0.0472,0.124,0.0063,-0.0217,-0.026,-0.0448,-0.0043,0.0293,0.0372,0.0888,-0.0011,-0.0059,0.0059,-0.0206,0.0587,0.0222,-0.0295,0.0496,-0.0204,-0.0491,0.0289,0.0223,0.0086,0.0252,-0.0424,-0.0253,-0.0518,-0.0467,-0.0254,-0.0132,0.0626,-0.0572,0.0207,-0.0331,-0.0572,0.0658,-0.0572,0.0219,-0.0277,0.0742,-0.0572,-0.0104,-0.0593,0.0543,-0.0572,-0.0572,0.0572,-0.0572,-0.0076,0.0536,-0.0012,-0.0022,-0.0114,-0.0188,-0.0013,-0.0039,-0.0406,-0.0386,0.0091,-0.0171,-0.0362,-0.0064,0.045,0.043,-0.0032,-0.0097,0.0131,0.0368,0.057,-0.0126,0.0006,-0.0032,-0.0307,-0.0091,-0.0235,-0.0072,-0.0046,-0.0056
fz_entered_read=RECYCLE,0.0206,0.0149,-0.0076,0.0311,-0.0103,-0.0626,-0.004,0.0245,0.0412,0.0067,-0.0149,0.0027,0.0126,-0.0724,0.0344,0.0015,-0.0402,0.0931,0.0441,0.086,0.0942,0.1235,0.1062,0.1064,0.0547,0.0238,0.0729,-0.013,0.0171,-0.0125,-0.0488,0.0379,-0.0083,0.0548,0.0085,0.0809,-0.0181,0.0321,-0.0453,0.0137,0.086,-0.0383,0.0353,0.0424,0.014,-0.022,-0.0226,-0.0519,0.0066,-0.0121,0.0014,0.0146,0.0047,0.0049,0.0447,0.0766,0.0713,0.0417,0.0513,-0.0535,-0.0111,-0.0133,-0.0063,0.0201,0.0288,0.0139,0.0553,-0.0667,0.0249,0.0491,0.0341,0.0966,0.0791,-0.016,0.028,0.0564,-0.0028,-0.0713,0.0369,-0.0883,0.0532,0.0334,-0.0131,-0.0085,0.0663,0.0093,-0.1763,-0.0982,-0.0266,-0.0115,-0.0327,-0.0259,0.0397,0.021,-0.0286,-0.135,-0.0724,-0.0287,0.1334,-0.0781,-0.0158,0.0696,0.0011,-0.0189,-0.0775,-0.0084,0.0156,-0.0311,-0.026,0.0039,-0.0174,0.0357,-0.0121,-0.0133,-0.0176,-0.0149,0.1677,-0.0642,-0.1057,-0.0222,-0.0176,-0.0474,-0.0487,0.1029,-0.0824,-0.0176,-0.0284,0.064,0.0157,-0.1324,0.1434,-0.0804,0.1069,0.0783,0.0356,0.1494,0.1568,-0.0673,-0.0066,-0.1178,0.1651,0.0166,0.3165,-0.1504,-0.0931,0.0316,-0.1153,0.1181,-0.0094,-0.0066,-0.0232,0.058,-0.2665,-0.0189,-0.0176,1.0,-0.0277,-0.0716,-0.3847,0.2785,-0.0975,0.2559,-0.0355,-0.0043,0.0996,0.0684,0.0106,-0.0382,0.0884,0.0641,0.0856,0.0765,0.0118,-0.0819,0.0722,-0.0639,-0.0245,0.0736,-0.0409,-0.0396,-0.0444,0.0707,-0.0588,-0.0445,0.0026,0.0444,-0.0246,0.0531,-0.0215,-0.0009,0.0162,-0.0441,0.0482,-0.007,-0.0562,0.011,-0.0374,0.058,0.0338,0.0219,-0.0557,0.0579,-0.0111,-0.0335,-0.0547,-0.0531,0.0453,-0.0382,0.022,0.0099,0.0404,0.0088,0.0387,-0.0125,-0.0973,-0.0644,0.0022,0.0102,0.0315,-0.0113,0.0648,-0.0133,-0.0241,0.0048,-0.0066,0.0433,-0.0063,0.0147,0.0238,-0.0259,-0.0771,-0.0066,0.0247,-0.0189,0.0067,-0.0149,-0.0094,-0.0115
fz_entered_read=REJECT,0.0332,0.0307,0.0006,-0.0367,-0.0277,0.0096,0.0207,0.0531,-0.0348,-0.001,-0.0113,-0.0438,-0.0893,-0.0181,0.0261,-0.0669,0.0142,-0.0725,-0.041,-0.0621,-0.0601,-0.036,0.0052,-0.036,0.007,-0.0589,-0.145,0.0351,-0.1457,0.0403,0.0746,-0.0025,0.0745,-0.0394,0.0332,-0.0222,0.0319,0.0385,-0.0184,0.0596,-0.0325,-0.0031,0.0497,-0.024,-0.0882,0.035,-0.0143,0.0201,-0.036,0.0289,-0.0384,0.0376,0.0576,0.0043,-0.0246,-0.0428,-0.0469,-0.0051,0.0125,0.0247,0.0046,-0.0101,-0.0024,-0.0008,-0.0187,-0.0574,0.0244,-0.034,0.0167,0.0332,-0.0089,0.0078,-0.041,-0.0481,0.0431,0.0149,-0.0414,0.0224,-0.051,-0.012,0.0094,-0.0825,0.0889,0.006,0.0541,0.0106,-0.063,0.0038,0.0181,-0.0088,0.0494,-0.0197,-0.0431,-0.0188,0.0226,0.0173,-0.0237,-0.0409,-0.0227,0.0781,0.012,0.0133,-0.0312,0.0727,-0.0027,-0.0637,0.0447,-0.0253,0.0014,0.0362,-0.0409,-0.0089,0.0521,-0.0101,-0.0134,-0.0113,0.1274,-0.0488,-0.0803,-0.0168,-0.0134,-0.036,-0.0641,0.0996,-0.0626,0.002,-0.0407,0.0593,0.1348,-0.1828,0.0924,0.0322,-0.0302,0.1678,-0.0003,0.1265,0.1191,-0.066,-0.005,-0.0895,0.1384,-0.0216,0.2369,-0.0985,-0.0708,0.0162,-0.0876,0.0898,-0.0071,-0.005,-0.0176,0.0664,-0.2171,-0.0143,-0.0134,-0.0277,1.0,-0.0544,-0.2924,0.2264,-0.0741,0.1945,0.0185,0.0402,-0.0638,-0.0416,-0.0087,-0.0248,-0.0167,0.1005,-0.0788,-0.0905,0.009,-0.0094,-0.0321,-0.0314,0.0025,-0.0167,0.0334,0.0019,0.0298,-0.0692,0.0232,0.0285,-0.0483,-0.148,-0.0811,-0.0232,0.0316,0.0308,0.0942,-0.0183,-0.08,-0.0842,-0.0012,0.0843,-0.0292,-0.0715,-0.0878,0.0882,-0.0096,-0.0976,-0.0948,0.0168,-0.0034,-0.0103,0.0115,-0.0292,-0.0754,0.0503,-0.0079,-0.0405,0.024,-0.05,-0.0052,-0.0064,0.0298,0.037,-0.0193,-0.0023,-0.0408,-0.0101,0.0035,-0.0051,-0.005,-0.0152,-0.0024,-0.0114,0.0083,-0.0197,-0.0586,-0.005,-0.0481,0.0727,-0.001,-0.0113,-0.0071,-0.0088
fz_entered_read=THIN,0.0316,0.0264,0.0017,-0.0123,0.0412,0.0147,0.0057,0.0271,-0.0252,-0.0798,-0.0293,-0.0593,-0.0103,-0.0753,0.0677,-0.0036,0.0079,-0.0667,-0.047,-0.0464,-0.0398,-0.0105,0.0217,-0.0048,0.0325,-0.0493,-0.0796,0.0314,-0.0759,0.0005,0.0282,0.0363,0.0169,0.0046,0.0539,-0.0131,-0.0051,0.0148,-0.0399,0.0294,0.0338,0.036,0.0348,-0.0135,-0.0075,0.0184,0.0078,0.0123,-0.0424,-0.0254,-0.0303,0.0378,0.0548,0.0121,0.0134,-0.0021,-0.075,-0.0185,-0.0013,0.0186,0.012,0.0268,-0.0521,0.0382,-0.0557,-0.0005,-0.0251,0.0017,0.0245,-0.0299,-0.0292,-0.082,-0.1155,-0.0154,0.0069,-0.0344,-0.0109,0.0286,-0.0439,0.0331,-0.037,-0.0399,0.0094,0.0444,0.1402,0.0275,-0.207,-0.1207,0.0624,-0.0227,-0.0381,0.0041,-0.0441,0.08,-0.0922,-0.0969,-0.1187,0.0066,0.0818,0.0081,0.0322,0.0272,-0.0353,-0.0371,0.0101,-0.0356,0.057,-0.0493,-0.0328,0.0518,-0.047,0.0505,0.007,-0.0262,-0.0347,-0.0293,0.3299,-0.1263,-0.208,-0.0436,-0.0347,-0.0932,-0.146,0.2107,-0.1218,0.0051,-0.0801,0.1153,0.059,-0.1331,0.1039,-0.0535,0.1709,0.1925,-0.0475,0.3496,0.3085,-0.2128,-0.0131,-0.2318,0.3953,-0.056,0.6361,-0.2324,-0.1833,-0.0548,-0.2269,0.2325,-0.0185,-0.0131,-0.0456,0.204,-0.6033,-0.0371,-0.0347,-0.0716,-0.0544,1.0,-0.757,0.6283,-0.1918,0.5036,0.006,0.0423,-0.0623,-0.0381,-0.0008,-0.0239,-0.0451,-0.0286,-0.014,-0.013,0.0241,0.003,-0.0334,0.0602,-0.0079,-0.0365,-0.0473,0.0199,-0.0358,-0.0489,0.0778,-0.0422,0.0136,-0.0643,-0.0719,-0.0205,0.0239,0.0045,0.116,-0.02,-0.0606,-0.1438,-0.0274,0.1131,-0.0328,-0.0432,-0.0828,0.1035,-0.029,-0.06,-0.1243,0.0167,-0.025,-0.0224,0.0469,-0.0357,0.0078,-0.0251,0.0139,0.0327,0.0154,0.0385,0.0098,-0.0301,-0.0272,-0.0365,0.0517,0.04,-0.0196,-0.0262,-0.0526,-0.09,-0.0131,-0.0394,-0.0521,-0.0399,-0.0643,0.0041,-0.1517,-0.0131,-0.0385,-0.0371,-0.0798,-0.0293,-0.0185,-0.0227
fz_entered_read=nan,-0.0426,-0.0336,-0.0195,0.0109,-0.0118,0.0158,-0.0126,-0.0577,0.0252,0.0748,0.0387,0.0541,0.03,0.0989,-0.072,0.0277,0.0081,0.0228,0.0275,0.0081,-0.0024,-0.0426,-0.0662,-0.0259,-0.0329,0.0508,0.0885,-0.0249,0.1293,-0.0034,-0.021,-0.0279,-0.0336,-0.0255,-0.0545,-0.0166,0.0015,-0.0525,0.0762,-0.0452,-0.0562,-0.0066,-0.0747,0.0151,0.0264,-0.0107,0.0191,-0.0108,0.022,0.0112,0.0232,-0.0558,-0.0673,-0.0217,-0.0086,-0.0077,0.0393,-0.0266,-0.042,-0.0033,-0.0125,-0.0092,0.0494,-0.0376,0.0492,0.0048,-0.0255,0.0402,-0.0234,-0.0409,-0.0147,0.0119,0.0583,0.0411,-0.0432,-0.0155,0.0086,0.0129,0.0336,0.0171,-0.0146,0.0466,-0.0349,-0.0551,-0.1703,-0.0407,0.2721,0.1698,-0.0317,0.0299,0.0013,0.0219,0.047,-0.0488,0.0667,0.1323,0.1535,0.0353,-0.1137,-0.0293,-0.0226,-0.0647,0.0479,0.018,0.026,0.0645,-0.0648,0.0589,0.0337,-0.05,0.0518,-0.055,-0.0084,0.0346,0.0458,0.0387,-0.4358,0.1668,0.2747,0.0576,0.0458,0.1232,0.1369,-0.23,0.1558,0.001,0.0895,-0.1369,-0.115,0.2502,-0.1914,0.0554,-0.2072,-0.2724,-0.0043,-0.4302,-0.4075,0.2506,0.0173,0.2381,-0.4344,0.0323,-0.74,0.2676,0.2421,0.0339,0.231,-0.2391,0.0244,0.0173,0.0602,-0.2364,0.6987,-0.1994,-0.1865,-0.3847,-0.2924,-0.757,1.0,-0.7299,0.2533,-0.6652,0.0053,-0.0452,0.0443,0.032,0.0044,0.048,-0.007,-0.0599,0.0006,0.0073,-0.0316,0.0387,-0.0125,-0.0174,0.0131,-0.013,0.0364,0.0154,0.0314,0.0421,-0.067,0.0412,0.0088,0.1002,0.1186,0.0145,-0.0243,-0.0162,-0.1554,0.0587,0.0508,0.1625,0.0633,-0.1498,0.0703,0.0312,0.0982,-0.1473,0.0659,0.065,0.1636,-0.0152,0.0604,0.0622,-0.0769,0.0734,0.014,-0.0117,-0.0228,-0.0157,-0.0287,0.0006,0.0349,0.0556,0.0089,0.0135,-0.0508,-0.02,0.0008,0.0346,0.0415,0.0554,0.0173,0.0227,0.0494,0.0231,0.0241,0.0219,0.1917,0.0173,0.0527,0.018,0.0748,0.0387,0.0244,0.0299
fz_watch_kind=WATCH,0.1116,0.1025,-0.0152,-0.0211,0.0273,-0.0115,0.0257,0.0828,0.017,-0.138,-0.046,-0.0455,-0.0396,-0.0421,0.0746,-0.01,-0.0029,-0.1408,-0.089,-0.1274,-0.1088,-0.0529,0.0487,-0.0488,0.0389,-0.1009,-0.1651,0.0303,-0.1106,0.0248,0.0183,0.0774,0.0248,-0.0188,0.0583,-0.0824,0.0014,0.0348,-0.0469,0.0331,0.011,0.0478,0.0581,-0.0451,-0.0519,0.0603,-0.0273,0.0352,-0.0244,0.0526,-0.0225,0.1331,0.1614,0.0692,-0.0338,-0.0266,-0.1169,-0.0359,0.0204,0.0813,0.0354,0.0386,-0.0798,0.0413,-0.0309,-0.0284,0.0152,-0.0663,0.0671,-0.0042,-0.0392,-0.0597,-0.1245,-0.0243,0.0318,-0.0145,-0.0261,0.0817,-0.1065,0.0153,-0.0276,-0.1515,0.0437,-0.0244,0.2322,0.0279,-0.2822,-0.1438,0.0333,-0.0356,0.0015,-0.018,-0.0535,0.0496,-0.0484,-0.1115,-0.183,0.0134,0.0956,0.0484,0.0176,0.0026,-0.0383,-0.03,0.0398,-0.0547,0.1193,-0.0968,-0.0676,0.094,-0.1119,0.0773,0.0542,0.0785,-0.0545,-0.046,0.1498,-0.1983,-0.3201,0.1488,0.1568,0.3977,-0.2156,0.3458,-0.2244,0.0741,-0.1409,0.1255,0.1499,-0.2998,0.2181,0.0578,0.0609,0.1036,-0.1012,0.1963,0.4845,-0.3475,-0.0205,-0.364,0.6324,-0.088,0.6224,-0.1017,-0.2878,-0.1164,-0.3563,0.3651,0.0836,0.0591,-0.0716,0.1599,-0.5694,-0.03,0.0361,0.2785,0.2264,0.6283,-0.7299,1.0,-0.3012,0.7909,0.0036,0.0286,-0.1162,-0.0719,-0.0664,0.006,-0.0738,0.0855,-0.0491,-0.0428,0.0382,0.0177,-0.095,0.0414,0.0115,-0.0895,-0.0222,0.033,-0.0793,0.0296,0.1075,-0.0818,0.0505,-0.1633,-0.13,-0.0683,0.1227,0.0314,0.1588,-0.0418,-0.0876,-0.176,-0.0236,0.1496,-0.0552,-0.067,-0.1443,0.1459,-0.0423,-0.1065,-0.1582,0.0421,-0.0209,-0.0294,0.0558,-0.0514,-0.0557,0.0048,0.0149,-0.0201,0.0463,-0.014,0.0321,0.009,0.0053,-0.0116,0.0629,0.0662,-0.0001,0.0386,-0.1124,-0.1203,-0.0205,0.0181,-0.0798,-0.086,-0.0958,-0.018,-0.2303,-0.0205,-0.0569,-0.03,-0.138,0.0254,-0.029,0.0104
fz_watch_kind=WATCH_EDGE,0.0731,0.0619,0.0291,-0.0459,-0.0248,0.0325,0.0323,0.03,0.0222,-0.0921,-0.0399,-0.0221,-0.0168,0.1702,0.0579,-0.0554,-0.0244,-0.028,-0.0054,-0.043,-0.0325,-0.033,-0.0067,0.0138,0.0413,0.0088,0.0728,0.0463,0.1515,0.0211,0.0782,0.0526,0.0715,0.0149,0.0445,0.0206,-0.0214,-0.0934,0.1107,-0.1146,-0.015,0.1122,-0.0833,0.0257,-0.0131,0.0012,0.0394,-0.013,0.0952,-0.0,0.0847,0.0869,0.0342,0.1101,-0.0036,-0.0291,-0.023,-0.0128,-0.0051,0.0289,-0.0301,0.0074,-0.0603,0.0934,0.0344,0.0044,0.048,-0.0679,0.0343,-0.0022,-0.0115,0.0005,-0.0287,-0.024,0.0071,-0.0676,-0.0602,0.066,0.0065,0.065,-0.0329,0.0454,0.0156,0.0493,-0.0416,0.0343,0.0498,-0.2151,-0.0241,-0.0308,0.0469,-0.0471,0.0124,-0.0431,0.0747,0.0248,-0.061,0.1071,-0.0467,0.047,-0.0486,-0.0585,0.0371,0.0715,0.0166,0.0438,0.026,-0.0366,-0.0326,0.0143,-0.0446,0.042,0.0119,-0.0356,-0.0472,-0.0399,-0.5813,-0.1719,0.9222,-0.0594,-0.0472,-0.1269,0.4206,-0.7434,0.5258,0.0192,0.0015,-0.0252,0.1727,-0.3005,0.1977,0.0668,-0.3098,-0.3308,-0.1283,-0.5159,0.4199,-0.3012,-0.0178,-0.3155,0.5482,-0.0763,-0.1875,0.3971,-0.2495,-0.1009,-0.3088,0.3165,-0.0252,-0.0178,-0.062,-0.2034,0.3136,-0.0505,-0.0472,-0.0975,-0.0741,-0.1918,0.2533,-0.3012,1.0,-0.1127,-0.0273,0.0257,-0.0565,-0.0557,-0.0001,0.0382,-0.018,-0.1322,-0.0026,0.0144,0.0327,0.0766,-0.0449,0.0255,0.066,-0.0508,0.0792,0.0488,-0.0436,0.0789,-0.0114,-0.0357,0.0661,0.1421,0.1472,-0.0205,0.0913,0.0433,-0.1402,0.1139,-0.0112,0.0522,0.0978,-0.1359,0.117,-0.02,0.065,-0.128,0.0983,0.0376,0.1,-0.0401,0.0914,0.0991,-0.1013,0.1229,0.0967,-0.0634,-0.0817,-0.0773,-0.0487,-0.0525,0.0892,0.0896,0.0331,-0.0002,-0.1082,0.0014,0.0277,-0.0356,-0.0394,-0.0725,-0.0178,-0.0248,-0.0603,-0.0156,-0.0515,-0.0471,0.0257,-0.0178,-0.0098,0.0715,-0.0921,-0.0399,-0.0252,-0.0308
card_in_room,0.0633,0.0561,0.0135,-0.035,0.0332,-0.0632,0.038,0.0473,0.0103,-0.0621,0.007,-0.0513,-0.0498,-0.0441,0.0475,-0.0399,-0.0082,-0.1178,-0.0498,-0.143,-0.1217,-0.0717,0.0438,-0.0989,-0.0129,-0.0778,-0.1341,0.0535,-0.0653,0.0457,0.0317,0.0098,0.0367,0.0064,0.0854,-0.0338,-0.0107,0.0524,-0.0658,0.029,0.0398,0.0289,0.0612,-0.0338,-0.0596,0.0618,-0.0388,0.0407,-0.0297,0.0397,-0.0092,0.0902,0.1078,0.0497,-0.0115,0.0035,-0.1339,-0.0143,0.0262,0.0788,-0.0034,0.0572,-0.0391,0.036,-0.0468,0.0054,0.0056,-0.0454,0.0511,0.0063,-0.02,-0.0952,-0.0799,-0.0471,0.0495,-0.0021,-0.025,0.0308,-0.0646,0.0091,-0.0026,-0.1123,0.0531,-0.0064,0.2416,0.0588,-0.3032,-0.2382,0.0144,-0.003,0.0016,-0.0446,-0.0364,0.0412,-0.0298,-0.1656,-0.2445,0.0697,0.1432,0.0113,0.035,0.0152,-0.0398,0.0037,0.0189,-0.034,0.0863,-0.0617,-0.0376,0.0553,-0.0693,0.0613,0.0219,0.0936,0.124,0.1047,-0.0175,-0.2508,-0.1149,0.1559,0.124,0.3332,-0.104,0.1496,-0.0862,0.1275,-0.2086,0.1646,0.194,-0.3896,0.2841,0.0792,-0.0301,0.0103,-0.0802,0.0206,0.6126,-0.3123,-0.0259,-0.3642,0.6021,0.0445,0.4922,-0.0466,-0.3639,-0.0009,-0.3934,0.3657,0.0661,0.0467,-0.0905,0.0635,-0.3927,0.1327,0.124,0.2559,0.1945,0.5036,-0.6652,0.7909,-0.1127,1.0,-0.0012,0.0457,-0.0714,-0.022,-0.0459,0.0008,-0.0706,0.0355,-0.0281,-0.017,0.0472,0.0387,-0.0666,0.047,0.0633,-0.0667,0.0304,0.0346,-0.0611,-0.0135,0.1186,-0.07,0.0476,-0.1062,-0.0748,-0.0312,0.0721,0.0321,0.126,-0.0654,-0.0276,-0.1416,-0.0573,0.1284,-0.0617,-0.0225,-0.0905,0.1174,-0.0679,-0.0397,-0.1166,0.0408,-0.0517,-0.0573,0.0721,-0.0618,-0.0231,0.023,0.0173,-0.0376,0.0541,-0.0137,0.0172,-0.0094,0.0077,-0.0176,0.0295,0.0515,0.0117,0.0208,-0.0449,-0.0317,-0.0259,-0.0052,-0.0391,-0.0205,-0.0138,-0.0446,-0.2722,-0.0259,-0.0531,0.0037,-0.0621,0.007,-0.0367,-0.003
ffd_close_dstar,-0.0502,-0.0471,0.0466,0.0519,-0.0225,-0.0044,-0.0172,-0.0102,-0.0298,-0.0271,-0.0104,-0.0073,-0.0767,0.0423,-0.0072,0.054,0.9944,0.0045,-0.0219,0.0269,-0.4066,0.0017,-0.0254,0.0276,0.0191,0.0234,0.0477,0.0901,0.0383,0.1283,0.0226,-0.0125,0.0851,-0.0301,0.0356,-0.0274,0.9322,-0.006,0.0172,0.0128,-0.0049,-0.027,0.0035,0.0151,-0.0741,0.0385,-0.0362,-0.0022,-0.0426,0.0244,-0.0568,-0.038,0.0214,-0.0905,0.0118,-0.0501,0.0679,0.0478,0.0343,-0.064,0.0096,-0.0007,-0.0052,-0.0043,0.0246,0.1279,-0.0159,-0.0038,0.0218,-0.0214,0.0796,-0.0039,-0.0122,-0.068,0.0666,0.0152,-0.0006,0.0144,-0.0479,-0.0681,-0.0301,-0.0014,0.0786,-0.0187,0.0032,0.0516,0.0018,-0.0289,-0.0355,0.0034,0.0506,-0.0532,-0.0005,-0.0413,0.0222,-0.0113,0.0258,0.0105,0.0161,-0.0518,-0.0167,-0.0652,0.0249,0.0894,0.0318,0.0372,0.0229,-0.0416,-0.036,0.0199,-0.008,0.0049,0.0044,0.0333,-0.0096,0.016,0.0057,0.0093,-0.0276,0.0445,0.0105,-0.0118,-0.0448,0.018,0.0223,-0.0076,0.0296,-0.0358,0.0398,-0.0361,0.0061,-0.0194,-0.0755,0.0794,0.0122,-0.0001,-0.0068,0.0257,-0.0096,-0.0031,-0.0191,0.029,-0.0174,-0.0116,0.0322,-0.0258,-0.0012,0.0039,0.0625,-0.0085,-0.0025,0.0349,-0.02,-0.0089,0.0063,-0.0355,0.0185,0.006,0.0053,0.0036,-0.0273,-0.0012,1.0,0.052,-0.2138,0.0001,-0.0582,0.0485,0.0154,0.0152,-0.1431,-0.1185,-0.0425,0.0163,-0.1255,0.0088,-0.0314,-0.1152,-0.0222,-0.0521,0.0484,-0.0578,-0.0871,0.0536,-0.0344,-0.1737,0.0076,0.0289,-0.0285,0.035,0.0875,0.0247,-0.0915,-0.0614,0.0333,0.0753,0.009,-0.0785,-0.1127,0.0397,0.0261,-0.0784,-0.0264,0.0808,0.0267,0.0285,-0.0211,0.0142,-0.0184,-0.0013,-0.0028,-0.0059,-0.0078,-0.0259,-0.1685,0.0461,-0.106,0.043,-0.0051,0.0251,-0.0151,0.0,0.0329,0.0147,0.0,0.0,-0.0052,0.0051,0.0109,-0.0532,-0.0097,0.0289,-0.0243,0.0894,-0.0271,0.0,0.0,0.0
ffd_close_dstar_z60,0.043,0.0431,-0.0099,-0.0332,-0.0276,0.0576,0.0087,-0.0278,0.0596,-0.0229,0.0256,-0.0194,-0.8417,-0.036,0.0809,0.0067,-0.0281,-0.0772,-0.1358,0.0398,0.0367,-0.0143,-0.0523,0.0199,0.0164,-0.1429,-0.119,0.8214,-0.184,0.7283,0.6027,0.0361,0.8182,0.1939,0.8292,0.0265,-0.0006,-0.0023,0.0071,0.0272,0.0655,0.0236,0.0106,0.0147,-0.8355,0.047,-0.0103,-0.0175,-0.04,0.0168,-0.0249,0.0432,0.0317,0.0376,-0.0292,-0.0402,0.0147,-0.0068,0.0031,0.0153,-0.3656,0.0239,-0.0235,0.3998,-0.0576,-0.044,-0.2048,-0.0343,0.2612,-0.0229,-0.0213,0.0286,-0.0393,-0.8568,0.8549,0.3093,-0.3326,0.0201,-0.0504,0.0026,-0.1296,-0.0592,0.8387,0.0526,0.0803,0.2161,-0.0612,-0.0466,0.0573,0.0251,-0.0405,-0.0675,0.0321,0.0449,-0.0336,-0.0182,-0.0366,0.0439,0.0003,0.0065,0.0078,-0.0306,-0.0088,0.0843,0.0244,-0.0315,0.022,-0.012,0.0003,-0.0027,-0.0106,0.0424,-0.0252,-0.0103,0.014,0.0034,0.0585,-0.1161,0.0119,0.0091,0.0203,-0.0119,-0.4001,0.0219,0.3782,-0.0295,0.0115,0.0177,0.0095,0.0065,-0.0167,0.048,-0.4956,0.5444,0.0698,0.0252,0.0222,-0.0781,0.0151,0.0241,0.046,-0.0401,0.0396,0.0441,-0.067,-0.0204,0.0215,-0.0253,0.0048,-0.0548,0.0677,-0.0105,-0.0351,0.011,-0.0217,-0.0043,0.0402,0.0423,-0.0452,0.0286,0.0257,0.0457,0.052,1.0,-0.0499,-0.064,-0.0088,-0.057,-0.0374,0.0246,-0.0777,-0.0897,0.0184,0.0846,-0.0802,0.0828,0.0944,-0.0597,0.0945,0.1848,-0.144,0.1132,0.136,-0.1527,0.1126,-0.0657,0.0408,-0.046,0.0351,0.7365,0.0327,0.0211,-0.0558,-0.0564,0.0485,-0.0431,-0.0319,0.0297,-0.076,0.0539,0.0283,-0.0888,-0.0596,0.0133,0.0272,0.0265,-0.008,-0.0129,-0.0828,0.0066,-0.0089,0.0262,-0.0678,0.0109,-0.0474,-0.0605,-0.0698,-0.0584,-0.0064,-0.0602,-0.1207,0.0,-0.0277,-0.0428,0.0,0.0,-0.0235,0.0005,0.0019,-0.0675,-0.1243,0.0077,-0.0009,0.0843,-0.0229,0.0,0.0,0.0
ffd_vol_dstar,-0.1617,-0.1424,0.1148,0.0032,-0.0923,-0.1751,-0.1178,-0.039,0.1568,0.3194,0.0327,0.0297,0.0953,-0.1337,-0.1695,0.0464,-0.212,0.569,0.4647,0.3705,0.4274,0.4049,0.2458,0.1391,-0.1216,0.4902,0.5911,-0.0816,0.4683,-0.0822,-0.0334,-0.1674,-0.0683,0.0341,-0.0133,0.259,-0.2311,-0.0147,-0.0316,-0.0219,0.1071,-0.1605,-0.0743,0.1704,0.0938,-0.1377,-0.0388,-0.1188,0.0402,-0.1179,0.0352,-0.1928,-0.2571,-0.1013,0.7355,0.8238,0.2475,0.4889,0.2995,-0.6453,-0.0094,-0.0628,0.0649,-0.0487,0.3914,0.2454,0.0478,-0.0401,-0.0005,0.2304,0.4689,0.2015,0.4213,0.0455,-0.0737,0.0856,0.1208,-0.5093,0.4919,-0.0928,0.1859,0.5264,-0.098,0.0661,-0.1153,-0.0769,-0.0306,0.1023,-0.0916,0.0113,-0.1068,0.0232,0.0612,0.072,-0.0296,-0.2855,-0.0051,-0.1107,0.2862,-0.2804,-0.0159,0.2574,0.0265,0.0521,-0.3355,0.0652,-0.175,0.157,0.1515,-0.1201,0.2051,-0.1318,-0.1081,-0.0512,-0.017,0.0132,0.0358,0.0756,-0.0307,0.0471,-0.0772,-0.0944,-0.0175,0.0403,-0.0339,-0.0847,0.0671,-0.001,-0.0859,0.1164,-0.0589,-0.372,0.0665,-0.0256,0.2078,-0.0622,-0.1253,0.0577,-0.0338,0.1112,-0.1478,-0.0437,0.0079,-0.0574,-0.04,0.2354,0.1159,-0.1084,-0.0652,-0.0266,0.159,-0.2145,0.1265,-0.0374,-0.026,0.0996,-0.0638,-0.0623,0.0443,-0.1162,-0.0565,-0.0714,-0.2138,-0.0499,1.0,0.8916,0.2767,-0.0333,0.1174,-0.2412,0.499,0.5173,0.0855,-0.3156,0.5049,-0.269,-0.1847,0.4916,-0.1937,-0.1473,0.2777,-0.0989,-0.1375,0.2457,-0.1437,0.5397,0.1835,0.774,-0.2445,-0.0368,-0.4049,-0.0437,0.4271,0.4195,-0.0976,-0.3965,0.0085,0.398,0.504,-0.444,-0.0747,0.5839,0.437,-0.2795,-0.097,-0.0931,0.0213,0.0328,0.3154,-0.1217,0.0293,0.0555,-0.0218,0.1328,-0.128,-0.0791,-0.1079,-0.0173,-0.016,-0.0051,0.2432,0.0,0.2654,0.3086,0.0,0.0,0.0649,0.253,0.2411,0.0232,0.1646,0.0037,0.0663,0.0521,0.3194,0.0,0.0,0.0
ffd_vol_dstar_z60,-0.0839,-0.0639,0.1345,-0.0379,-0.1421,-0.2365,-0.1505,0.0632,0.2362,0.326,0.0616,-0.0082,0.1016,-0.1293,-0.1877,0.0219,0.003,0.4544,0.5067,0.1535,0.1368,0.2446,0.2537,-0.0617,-0.1964,0.5458,0.4865,-0.0881,0.5387,-0.0718,-0.0455,-0.1651,-0.0624,0.0139,-0.032,0.2254,-0.0261,0.0105,-0.0383,-0.031,0.0906,-0.1313,-0.0502,0.1205,0.0979,-0.0646,-0.034,-0.0798,0.0497,-0.0427,0.0586,-0.1016,-0.1669,-0.0429,0.8396,0.9221,0.0671,0.5995,0.3976,-0.7217,0.0242,-0.0675,0.0044,-0.0194,0.4275,0.2968,0.0884,-0.1044,0.0369,0.2782,0.5731,0.0814,0.4262,0.0534,-0.0793,0.0777,0.1385,-0.5242,0.5123,-0.0934,0.2092,0.4525,-0.1049,-0.0406,-0.0827,-0.0574,-0.0367,0.1134,-0.0972,0.0254,-0.0904,0.035,0.021,0.0756,-0.0157,-0.3256,-0.0283,-0.105,0.3196,-0.3035,-0.0111,0.2604,0.0215,0.0676,-0.3379,0.0733,-0.1147,0.133,0.1441,-0.0809,0.16,-0.0951,-0.091,-0.0181,-0.0097,0.0342,0.008,0.0544,-0.0287,0.0779,-0.0532,-0.0553,-0.0032,0.0303,-0.0356,-0.0329,0.0281,-0.0035,-0.0361,0.0348,-0.008,-0.3048,0.0426,-0.0326,0.2047,-0.0884,-0.0654,0.0497,-0.0068,0.0728,-0.1084,-0.0166,0.0241,-0.061,-0.067,0.2401,0.0756,-0.0722,-0.0487,-0.0034,0.1564,-0.2203,0.1163,-0.0259,-0.0448,0.0684,-0.0416,-0.0381,0.032,-0.0719,-0.0557,-0.022,0.0001,-0.064,0.8916,1.0,0.24,-0.0418,0.0087,-0.2648,0.4634,0.5094,0.0934,-0.259,0.4006,-0.2193,-0.147,0.3841,-0.159,-0.1476,0.3075,-0.1341,-0.1168,0.2682,-0.1132,0.4387,0.1958,0.8772,-0.178,-0.0315,-0.3593,-0.0508,0.4095,0.3749,-0.0942,-0.3421,-0.0052,0.371,0.4293,-0.4255,-0.0853,0.5888,0.4139,-0.2385,-0.1016,-0.1013,0.0273,0.0305,0.3186,-0.1092,0.0009,-0.0038,-0.0389,0.112,-0.1533,-0.0513,-0.0445,0.0709,-0.0385,0.04,0.2796,0.0,0.277,0.3259,0.0,0.0,0.0044,0.2506,0.2492,0.035,0.1455,-0.0396,0.0348,0.0676,0.326,0.0,0.0,0.0
bsadf_close,-0.0662,-0.0628,0.0773,-0.0317,-0.004,0.0104,-0.0424,0.027,-0.0578,0.0319,-0.0525,-0.0349,0.0265,0.0938,-0.1262,-0.0273,-0.061,0.2462,0.2697,0.09,0.1062,0.2325,0.2715,0.1338,0.1312,0.2273,0.1784,-0.0429,0.1569,-0.0419,-0.0242,0.0368,-0.0172,-0.0074,0.0076,0.5831,-0.0537,-0.1037,0.0367,0.0406,0.0404,-0.0488,-0.1137,0.4144,0.0324,-0.2598,-0.0717,-0.2965,-0.0934,-0.2988,0.007,-0.1423,-0.2531,-0.0268,0.2128,0.2626,0.1253,0.2201,0.1575,-0.1784,0.0159,0.0091,-0.0374,0.0214,0.0859,0.084,-0.0254,-0.0307,0.0656,0.2602,0.242,0.1519,0.2791,-0.0092,-0.047,0.0719,0.0834,-0.2846,0.3552,-0.1314,0.122,0.2772,-0.0261,-0.0314,-0.043,-0.0351,-0.0202,0.1101,0.0523,-0.0001,0.0124,-0.0315,0.1088,-0.0835,0.19,-0.2167,-0.011,-0.1351,0.2036,-0.1557,-0.2102,0.1985,-0.0268,0.0046,-0.2063,0.1554,-0.1689,0.1608,0.1629,-0.1407,0.1486,-0.0748,-0.0962,-0.0085,0.036,-0.018,0.0459,-0.0081,0.019,-0.0258,-0.0597,-0.0908,0.0483,-0.0089,-0.0377,-0.0099,0.028,-0.0307,-0.0589,0.0414,0.0055,-0.1275,0.0158,0.0346,-0.0433,0.066,-0.047,-0.0553,0.0347,0.1167,-0.0584,0.0137,0.0482,0.0178,-0.0666,0.0219,0.1104,-0.1192,-0.0508,0.0603,-0.0284,-0.096,0.0476,-0.0183,-0.0043,0.0106,-0.0087,-0.0008,0.0044,-0.0664,-0.0001,-0.0459,-0.0582,-0.0088,0.2767,0.24,1.0,-0.0784,0.0084,-0.163,0.2803,0.2405,0.0529,-0.0927,0.1184,-0.0358,-0.0733,0.1339,-0.0064,-0.0786,0.0582,-0.0553,-0.0407,0.0365,-0.0822,0.2283,0.1774,0.2156,-0.192,-0.0161,-0.1865,0.0426,0.13,0.1964,0.0113,-0.2132,0.048,0.1548,0.2353,-0.2013,0.0253,0.2077,0.1651,-0.1244,0.0053,0.0153,-0.0459,0.0554,0.1344,-0.0741,0.0188,0.1302,-0.0416,0.0961,-0.3645,-0.5245,-0.3528,-0.3981,0.2388,-0.1379,0.1268,0.0053,0.0567,0.0375,0.0,0.0515,-0.0374,0.028,-0.0273,-0.0315,0.1268,0.0056,0.0853,0.0046,0.0319,0.0173,0.0272,0.0161
bsadf_close_win,0.0164,0.0199,-0.0573,0.0646,-0.0038,0.0062,-0.0225,0.0099,0.0164,-0.02,0.0065,-0.0036,0.0249,0.0192,-0.0443,0.0154,0.0497,-0.0572,-0.094,0.0136,0.001,-0.001,-0.018,0.0995,0.1382,-0.0131,-0.012,-0.0255,-0.0152,-0.0015,-0.0289,0.07,-0.0384,0.0041,-0.0248,-0.1614,0.03,-0.0308,0.015,-0.0212,-0.0257,0.0079,-0.008,0.098,0.0189,-0.1819,-0.0982,0.0549,0.0184,-0.1729,-0.0212,-0.0744,-0.1431,0.0043,-0.1061,-0.0584,0.0958,-0.0914,-0.0154,0.0751,-0.0088,-0.0078,0.0136,-0.004,0.0022,-0.0403,-0.0336,-0.0122,0.051,-0.0706,-0.0832,0.1164,-0.0619,0.0318,-0.0205,-0.067,-0.0323,0.1155,-0.1054,0.0386,-0.0327,-0.0889,-0.0226,0.0406,-0.0458,-0.018,0.052,0.0048,-0.0745,0.0277,-0.0845,-0.0265,0.0931,0.0374,-0.1319,0.1778,0.1296,0.0616,-0.1477,0.0192,0.1006,-0.1331,0.0519,0.0232,0.1004,-0.0247,-0.1006,0.0987,0.099,-0.1192,0.0918,-0.0183,-0.0838,0.0254,-0.0384,0.0398,-0.0953,0.0375,0.0437,-0.0335,0.0708,0.0574,-0.0118,0.005,0.0057,0.0195,-0.028,0.0193,0.0301,-0.0213,-0.0027,-0.0096,-0.0688,-0.0368,-0.0502,-0.0708,-0.0005,0.0329,-0.0151,-0.0717,0.0363,0.0159,-0.0222,-0.0149,0.0277,0.0034,-0.0644,0.0727,0.0108,0.0507,-0.0243,-0.0061,0.0222,-0.0347,0.0293,-0.0382,-0.0248,-0.0239,0.048,0.006,0.0382,0.0008,0.0485,-0.057,-0.0333,-0.0418,-0.0784,1.0,0.0144,0.0198,0.0692,0.037,-0.0844,-0.043,-0.055,-0.0156,-0.0738,-0.0476,-0.0208,-0.0293,0.0212,-0.0467,-0.022,0.0242,0.0466,-0.0761,-0.0885,-0.0858,-0.0918,-0.0268,0.0306,0.0098,-0.0622,-0.0646,0.0125,-0.0066,0.0093,-0.0199,0.0197,0.0189,0.018,-0.0678,-0.0192,0.0162,0.0094,0.022,-0.0217,0.0029,-0.0315,-0.0436,0.0394,0.0686,0.0122,-0.0228,0.1837,0.2494,-0.1976,-0.2489,-0.1085,0.1654,-0.1003,-0.0154,-0.0159,-0.0616,0.0,0.0152,0.0136,-0.0704,-0.1016,-0.0265,0.065,-0.0457,0.0732,0.0232,-0.02,0.0059,-0.0246,-0.0226
cusum_events_60,-0.0041,-0.0099,-0.0329,0.0747,-0.0058,0.007,0.011,-0.0017,-0.0527,-0.0387,0.0117,0.0547,0.0461,-0.1013,0.0518,0.0407,0.0252,0.2417,0.0481,0.3214,0.2811,0.363,0.194,0.369,0.2066,0.0227,0.2492,-0.0575,0.0329,-0.0568,-0.097,0.1098,-0.0749,-0.0096,-0.0536,0.0671,0.0142,0.0204,-0.0289,0.0382,0.0246,0.011,0.0385,0.0042,0.0468,-0.0658,-0.0361,0.014,-0.0349,-0.0803,-0.0113,-0.0209,-0.0558,0.0181,0.0157,0.0339,0.199,0.0334,0.0361,-0.0309,0.0574,-0.0667,-0.0817,0.0366,0.0044,0.0061,0.0294,-0.046,0.0266,0.0737,0.0292,0.1469,0.1334,0.0492,-0.0135,0.0217,0.0564,-0.0567,0.0171,-0.068,0.0274,0.1581,-0.0422,0.1252,-0.062,-0.0867,0.0409,-0.0315,-0.0384,-0.035,0.0321,-0.0157,0.0316,-0.0501,0.0184,-0.0017,0.0554,-0.0223,0.0017,-0.041,-0.0211,0.051,0.0009,-0.0384,-0.0513,-0.0218,-0.041,0.0004,-0.0094,-0.0151,0.0364,-0.0447,-0.0006,-0.1067,0.0124,0.0022,0.0713,0.0541,-0.0272,-0.015,-0.0782,-0.1076,0.0101,-0.0048,-0.0041,-0.1009,0.0746,0.0069,-0.0181,0.0559,-0.0498,-0.1768,0.0505,0.0284,-0.0227,0.0814,-0.0784,0.042,0.0092,0.0467,-0.0793,-0.0339,-0.006,-0.0339,0.0772,-0.0423,0.0446,-0.0473,-0.0776,-0.059,-0.0018,0.0538,-0.0235,0.0035,0.0372,0.0884,-0.0167,-0.0451,-0.007,-0.0738,-0.018,-0.0706,0.0154,-0.0374,0.1174,0.0087,0.0084,0.0144,1.0,-0.1862,0.1232,0.0836,-0.0258,-0.1024,0.2202,-0.0834,-0.0603,0.217,-0.0872,0.0247,-0.038,0.0328,-0.0123,-0.0376,-0.0309,0.1948,0.0607,-0.0143,-0.035,-0.0744,-0.0374,-0.0246,0.0469,0.0302,-0.0514,-0.0513,-0.0107,0.0746,0.1092,-0.0498,-0.0323,0.081,0.0934,-0.092,-0.0473,-0.0279,0.0369,-0.0201,0.0775,-0.0178,0.0572,0.0142,0.0763,-0.064,0.0094,-0.0169,-0.0486,-0.0884,0.0964,-0.0779,0.0295,-0.1211,-0.0297,-0.0683,-0.0607,-0.0582,-0.0817,-0.0406,-0.0416,-0.0157,-0.0221,0.0606,0.0218,-0.0384,-0.0387,-0.1348,-0.0858,-0.105
cusum_bars_since,-0.04,-0.0443,0.009,0.0453,0.0329,0.0429,-0.0312,-0.0585,0.0057,-0.0426,-0.0373,0.044,-0.0336,-0.0063,0.0018,0.0703,0.0115,-0.1752,-0.2262,-0.0085,-0.0121,-0.0914,-0.1366,-0.0405,-0.0362,-0.192,-0.3306,0.0148,-0.4615,-0.0,0.0424,-0.0307,0.018,0.0502,-0.0201,-0.064,0.0173,0.113,-0.1152,0.1178,0.0481,-0.0958,0.1148,-0.0551,-0.0321,0.0768,0.0164,0.024,-0.0928,0.0676,-0.0664,-0.0578,0.0203,-0.0964,-0.2583,-0.2718,0.0077,-0.2006,-0.1527,0.1907,-0.0254,0.0436,0.0816,-0.0661,-0.1276,-0.106,-0.014,0.0638,-0.0651,-0.0348,-0.1668,-0.0367,-0.1709,-0.0271,0.0501,0.0276,-0.0245,0.2102,-0.2358,-0.0269,0.0428,-0.4394,0.0376,-0.0068,-0.0162,0.0067,0.0256,-0.019,0.0732,-0.0541,0.0664,0.0057,-0.0474,-0.0376,-0.0241,0.2362,0.0519,-0.0451,-0.2487,0.2905,0.0482,-0.1179,-0.0917,-0.0153,0.2265,-0.0981,0.045,-0.0407,-0.0475,0.0282,-0.0584,0.0635,0.0081,-0.0011,0.0681,0.017,0.1113,-0.0613,-0.1317,-0.0205,0.0814,0.028,-0.0544,0.0949,-0.0664,0.0007,-0.0017,0.0018,-0.0092,-0.0073,0.0173,0.2402,0.032,0.0899,0.0275,0.0974,0.001,-0.0121,-0.0312,0.0504,-0.0324,0.0228,0.0737,-0.0383,0.0061,-0.0427,0.0368,-0.0479,-0.0088,0.0416,0.0029,0.0611,-0.1036,-0.0096,0.0888,0.0641,0.1005,-0.0286,-0.0599,0.0855,-0.1322,0.0355,0.0152,0.0246,-0.2412,-0.2648,-0.163,0.0198,-0.1862,1.0,-0.2497,-0.3365,-0.0445,0.1047,-0.2308,0.0749,0.0379,-0.2063,0.018,0.0403,-0.1405,0.0444,0.0163,-0.1245,0.0154,-0.4889,-0.451,-0.2407,-0.0565,0.0346,0.3745,-0.1071,-0.2124,-0.321,-0.0729,0.3548,-0.1402,-0.1752,-0.3048,0.4032,-0.08,-0.3562,-0.396,0.2008,-0.0653,-0.0817,0.1133,-0.1633,-0.268,0.1689,0.0435,0.0498,0.0285,-0.0782,-0.0556,-0.0915,0.0037,0.0049,-0.0124,0.1857,-0.2282,0.0239,0.0029,-0.02,0.0187,0.0234,0.0816,-0.0287,-0.0188,0.0057,-0.0055,-0.0312,-0.0407,-0.0153,-0.0426,0.0451,0.0265,0.0457
csw_max_abs,0.1126,0.1099,-0.1051,0.0915,-0.0478,-0.1001,-0.0174,0.1011,0.0962,0.0,0.0069,0.0318,0.1073,-0.1977,0.0177,-0.0917,-0.1377,0.4114,0.5041,0.0902,0.149,0.3973,0.5588,0.2053,0.1991,0.4464,0.3874,-0.0621,0.4542,-0.0818,-0.0664,0.0956,-0.0818,0.007,-0.0696,0.3544,-0.1398,-0.0015,-0.1148,0.0152,0.0118,0.0786,0.021,0.2184,0.1067,-0.2313,-0.0607,-0.1331,0.0154,-0.2307,0.0841,0.0167,-0.1233,0.1235,0.3773,0.4849,0.1292,0.3997,0.3149,-0.3309,0.1404,0.0127,-0.1954,0.0492,0.2486,0.2031,0.1408,-0.229,0.1337,0.3355,0.3751,0.1916,0.442,0.0845,-0.094,0.0629,0.1248,-0.4856,0.4414,-0.1168,0.2684,0.3782,-0.1062,0.0215,-0.0741,-0.0341,0.0364,0.0845,-0.1365,-0.0203,-0.0484,0.0171,0.057,0.012,0.0415,-0.2659,0.0133,-0.0879,0.2459,-0.2578,0.0179,0.3975,-0.1303,0.0131,-0.3386,-0.0423,-0.0571,0.0557,0.0722,-0.019,0.0458,-0.042,-0.012,-0.0124,-0.0135,-0.0315,0.0029,0.0692,0.0045,0.0142,-0.0566,-0.0663,0.0492,-0.0284,-0.0135,-0.0477,0.0541,-0.0253,0.0009,0.0345,-0.0415,-0.333,0.0617,-0.0572,-0.1316,0.0467,-0.0344,-0.0359,-0.0371,0.0857,-0.0459,-0.037,0.0344,0.007,-0.0251,0.0,0.0894,-0.0827,-0.0692,0.0588,0.0,-0.1294,0.0797,0.001,-0.0011,0.0856,-0.0788,-0.014,0.0006,-0.0491,-0.0026,-0.0281,-0.1431,-0.0777,0.499,0.4634,0.2803,0.0692,0.1232,-0.2497,1.0,0.9274,0.0499,-0.2628,0.462,-0.2613,-0.0744,0.4366,-0.0653,-0.0421,0.1703,-0.0006,0.0036,0.124,-0.0355,0.4596,0.2989,0.3598,-0.0407,-0.0765,-0.2492,-0.1175,0.408,0.2548,-0.1613,-0.2438,-0.0893,0.396,0.3673,-0.3063,-0.1451,0.536,0.3368,-0.3031,-0.1757,-0.1532,0.104,-0.0677,0.2154,-0.1085,0.0679,0.13,-0.0045,0.13,-0.1607,-0.1504,-0.1543,-0.1426,0.088,-0.1574,0.4534,-0.0171,-0.0743,-0.1287,0.0281,0.0278,-0.1954,-0.1105,-0.1311,0.0171,0.0368,-0.0081,0.0599,0.0131,0.0,-0.0235,0.0288,-0.0044
csw_max_exceed,0.0571,0.0557,0.0078,0.0657,-0.0717,-0.1317,-0.0264,0.094,0.0933,0.0,-0.0087,0.0261,0.1221,-0.2028,0.0089,-0.0986,-0.1153,0.4498,0.5803,0.0673,0.1172,0.3224,0.468,0.0812,0.0563,0.5013,0.447,-0.0709,0.5682,-0.0819,-0.079,-0.0208,-0.0944,0.0166,-0.0954,0.2748,-0.1157,-0.0028,-0.1011,-0.0188,0.0207,0.0448,0.0098,0.1456,0.1195,-0.1863,-0.0259,-0.0895,0.0604,-0.1611,0.1198,0.007,-0.1146,0.1004,0.4173,0.5142,0.0704,0.4117,0.2988,-0.3547,0.1112,0.0253,-0.1441,0.0258,0.2404,0.2192,0.1207,-0.1823,0.0973,0.2927,0.3749,0.1533,0.457,0.0786,-0.0951,0.0568,0.1328,-0.5513,0.5147,-0.0814,0.2931,0.4531,-0.1226,-0.0206,-0.0746,-0.0315,0.014,0.0837,-0.14,-0.0191,-0.0489,0.0219,0.0279,0.033,0.0072,-0.2952,0.0013,-0.0615,0.2792,-0.3048,0.0455,0.4221,-0.1158,0.035,-0.3845,-0.0219,-0.0802,0.0807,0.0945,-0.0443,0.0688,-0.0453,-0.0335,-0.028,-0.0444,-0.0661,-0.0187,0.0769,0.0255,0.0197,-0.0388,-0.049,0.0662,-0.057,0.0059,-0.0582,0.0574,-0.0178,0.0005,0.0052,-0.0066,-0.4018,0.066,-0.0851,-0.0334,-0.0075,-0.016,-0.0494,-0.0254,0.0755,-0.0264,-0.0475,0.0301,0.0218,-0.0321,0.0,0.0855,-0.0734,-0.0731,0.0564,0.0,-0.1547,0.1035,0.0079,-0.0059,0.0765,-0.0905,-0.013,0.0073,-0.0428,0.0144,-0.017,-0.1185,-0.0897,0.5173,0.5094,0.2405,0.037,0.0836,-0.3365,0.9274,1.0,0.0935,-0.2564,0.4934,-0.2492,-0.0478,0.4513,-0.0494,-0.0613,0.2288,-0.0252,0.006,0.171,-0.0299,0.5639,0.4145,0.4098,-0.035,-0.0973,-0.3272,-0.1103,0.4758,0.3407,-0.159,-0.2871,-0.0653,0.4194,0.4135,-0.3829,-0.1427,0.6319,0.4128,-0.3688,-0.1709,-0.1596,0.0932,-0.0331,0.3142,-0.1346,0.084,0.0954,0.003,0.0968,-0.1151,-0.0671,-0.0715,-0.0498,0.0054,-0.207,0.4693,-0.0124,0.0226,-0.0131,0.0304,0.0473,-0.1441,0.011,-0.0173,0.0219,0.0626,-0.0232,0.0349,0.035,0.0,-0.0088,0.0319,-0.0043
csw_sign_dir,-0.0066,0.0008,0.0234,0.027,0.024,-0.1415,0.0304,0.0282,0.0155,0.0,0.005,-0.0549,0.0599,-0.0448,-0.0055,-0.0246,-0.0443,0.0949,0.1029,-0.0047,0.0196,0.0666,0.0959,-0.0898,-0.1027,0.0879,0.0378,-0.0238,0.0589,-0.0715,0.0823,-0.0861,0.0334,0.0019,-0.041,-0.0167,-0.0447,0.033,-0.0485,0.0324,0.0577,-0.0302,0.0317,0.0318,0.0596,-0.048,0.0375,-0.0156,-0.0045,-0.0133,0.0592,-0.0137,-0.041,0.005,0.1,0.1022,-0.0402,0.0981,0.0593,-0.09,0.0034,0.0045,-0.0018,-0.0024,0.0417,0.0339,-0.0626,0.0284,0.0314,0.0994,0.0965,-0.0461,0.0528,0.004,-0.0086,0.0873,-0.0092,-0.0907,0.0889,-0.0308,0.0984,0.0469,-0.0598,0.0041,0.0425,-0.0633,-0.0833,0.0264,-0.009,0.0032,0.012,0.0078,-0.0575,0.0262,-0.0285,-0.0695,-0.0248,0.018,0.067,-0.0709,0.058,0.0677,0.0305,0.0059,-0.1061,-0.0064,-0.0451,0.0033,0.0033,-0.026,0.0577,-0.0688,-0.0011,0.0045,0.0059,0.005,-0.0127,-0.0493,0.0346,0.0071,0.0059,0.0155,0.0277,0.001,-0.0292,0.0153,-0.0204,0.0127,0.0286,-0.0078,-0.017,-0.1181,0.0382,-0.0512,0.0106,-0.0162,0.0353,-0.119,0.0022,0.0402,0.061,0.0096,0.0237,0.0865,-0.1305,0.0,0.0393,-0.0403,0.0032,0.0022,0.0,-0.092,0.0545,0.0064,0.0059,0.0118,0.009,0.0241,-0.0316,0.0382,0.0327,0.0472,-0.0425,0.0184,0.0855,0.0934,0.0529,-0.0844,-0.0258,-0.0445,0.0499,0.0935,1.0,0.0104,0.0405,0.0117,0.0453,-0.0057,0.0301,0.073,-0.075,0.0833,0.0449,-0.083,0.0344,0.0742,0.0658,0.0955,-0.0038,0.0955,-0.0069,-0.0431,0.0834,0.0054,-0.0364,0.0245,-0.0662,0.0538,-0.0175,0.0036,-0.0589,0.0902,0.0011,-0.0266,-0.0395,-0.0755,0.0645,-0.0268,0.0721,0.0006,0.0006,0.0233,-0.0939,0.03,0.0007,-0.0048,0.031,0.0342,0.0229,-0.018,0.0407,0.0045,0.0287,0.0175,0.0022,0.0067,-0.0018,0.0226,0.0169,0.0078,0.024,0.0022,-0.0499,0.0059,0.0,0.005,0.0032,0.0039
bocpd_ret_h60_map,0.2162,0.2153,-0.1686,-0.0695,0.0142,0.0876,0.1103,0.0844,-0.0065,-0.1335,0.0336,-0.0331,-0.082,0.075,0.0273,-0.0616,0.0157,-0.439,-0.3346,-0.3,-0.2921,-0.383,-0.2453,-0.2248,0.0014,-0.3174,-0.3704,0.0783,-0.2205,0.0709,0.0569,0.0931,0.0842,-0.0302,0.0665,-0.1902,0.0389,0.0506,0.0317,0.0265,-0.045,0.1581,0.0602,-0.1305,-0.0767,0.1615,0.0014,0.1105,-0.0392,0.1395,-0.0469,0.2234,0.2191,0.1627,-0.1171,-0.1537,-0.2042,-0.0992,-0.055,0.2042,0.0214,0.053,-0.1587,0.1366,-0.0807,-0.1517,-0.0124,-0.0636,0.093,-0.0961,-0.1131,-0.1408,-0.3338,-0.0835,0.0578,0.0261,-0.0471,0.2437,-0.2533,0.0699,-0.2519,-0.2995,0.08,-0.0154,0.1147,-0.0112,0.03,-0.0182,0.1357,-0.0017,0.0543,-0.0639,-0.0827,0.0192,-0.0177,0.0793,-0.0681,0.0813,-0.0799,0.1123,0.0694,-0.1201,0.0129,-0.0792,0.1454,-0.0528,0.1787,-0.146,-0.1319,0.1426,-0.1666,0.089,0.1034,-0.0066,0.0704,0.0648,-0.1023,-0.0102,0.0463,-0.0302,0.078,0.0833,-0.0182,-0.0107,0.0322,0.0956,-0.0789,0.006,-0.0191,-0.0193,0.0409,0.2678,-0.0842,-0.0293,-0.1098,-0.0495,0.0494,-0.0326,0.0286,-0.0572,0.0778,0.0501,-0.0263,0.047,-0.0204,-0.085,-0.0723,0.0549,0.0453,-0.0471,-0.0414,0.0084,0.0224,0.0195,-0.0206,-0.0819,-0.0094,0.003,0.0387,0.0177,0.0766,0.0387,0.0163,0.0846,-0.3156,-0.259,-0.0927,-0.043,-0.1024,0.1047,-0.2628,-0.2564,0.0104,1.0,-0.6225,0.6666,0.5317,-0.6421,0.5251,0.4523,-0.3979,0.2237,0.4713,-0.4071,0.3635,-0.341,-0.179,-0.1895,0.2186,0.0993,0.2304,0.0479,-0.2604,-0.23,0.0726,0.225,0.0082,-0.2404,-0.2786,0.2524,0.0588,-0.3254,-0.273,0.1639,0.0748,0.0592,-0.0149,-0.0049,-0.1253,0.1136,-0.079,-0.0487,-0.0647,-0.0036,0.0732,0.0163,0.0876,0.0037,0.0178,0.0948,-0.112,-0.0199,-0.2165,-0.1948,-0.0301,-0.0498,-0.1587,-0.1933,-0.1897,-0.0639,-0.0864,0.0007,-0.104,-0.0792,-0.1335,-0.0118,-0.0318,-0.0287
bocpd_ret_h60_p10,-0.2301,-0.2356,0.2217,0.0665,-0.0158,-0.1711,-0.1331,-0.0639,0.0219,0.1663,0.0249,0.0074,0.0794,-0.2113,-0.0231,0.0557,-0.1231,0.6742,0.5002,0.4835,0.5066,0.5934,0.3588,0.3007,-0.0805,0.4164,0.578,-0.0552,0.3417,-0.0389,-0.0313,-0.2173,-0.0648,0.0284,0.0024,0.167,-0.1237,0.0445,-0.1384,0.0245,0.0478,-0.1537,0.0199,0.0807,0.0766,-0.1785,-0.0157,-0.0499,0.0133,-0.141,0.1109,-0.2212,-0.2516,-0.1249,0.2222,0.2905,0.2471,0.1863,0.0972,-0.2849,-0.0201,-0.0432,0.152,-0.1324,0.144,0.1396,-0.0055,0.0558,-0.0642,0.2218,0.1791,0.1423,0.4916,0.086,-0.0541,0.0599,0.1217,-0.4514,0.4192,-0.0927,0.3265,0.485,-0.0764,0.1019,-0.1223,-0.0067,-0.0826,-0.0042,-0.1779,-0.0464,-0.04,0.057,0.0487,-0.0011,0.0044,-0.1755,0.0159,-0.0773,0.1642,-0.1699,-0.0022,0.272,-0.069,0.0746,-0.2679,0.0095,-0.2115,0.1694,0.151,-0.1483,0.2064,-0.1305,-0.1105,-0.0164,-0.0869,-0.0971,0.1032,0.0408,-0.0254,0.0645,-0.1034,-0.1454,0.0507,-0.0288,-0.0145,-0.1243,0.1272,-0.045,-0.0591,0.0915,-0.0541,-0.4793,0.0851,0.0295,0.1499,0.0315,-0.082,0.0077,-0.0557,0.1306,-0.1199,-0.0957,-0.0105,0.0001,-0.0121,0.1061,0.1499,-0.1261,-0.0699,0.0379,0.0693,-0.081,0.0562,0.0188,0.0587,0.0722,-0.0321,-0.0334,-0.0125,-0.095,-0.0449,-0.0666,-0.1255,-0.0802,0.5049,0.4006,0.1184,-0.055,0.2202,-0.2308,0.462,0.4934,0.0405,-0.6225,1.0,-0.5422,-0.3335,0.9797,-0.3403,-0.3543,0.5089,-0.2216,-0.294,0.4872,-0.2951,0.5647,0.2718,0.2864,-0.2348,-0.0624,-0.2736,-0.153,0.432,0.3352,-0.1927,-0.2391,-0.1008,0.3992,0.423,-0.3092,-0.172,0.5276,0.387,-0.2951,-0.1919,-0.1851,0.1204,-0.0879,0.2091,-0.0629,0.1072,0.0901,0.0158,0.0644,-0.1354,-0.0671,-0.0656,0.0341,0.0035,-0.1761,0.228,0.01,0.2699,0.2425,0.0294,0.034,0.152,0.231,0.2463,0.057,0.1064,0.0277,0.0699,0.0746,0.1663,0.0127,0.0314,0.0308
bocpd_ret_h60_since_reset,0.1904,0.1878,-0.1152,-0.0729,-0.0052,0.0647,0.1411,0.0703,-0.0337,-0.1418,0.0354,-0.0407,-0.0646,0.0694,0.0175,-0.0703,0.0039,-0.3801,-0.317,-0.2352,-0.2288,-0.311,-0.2071,-0.1599,0.0161,-0.2987,-0.2703,0.0579,-0.1506,0.0612,0.0366,0.1382,0.073,-0.0102,0.0398,-0.164,0.0152,-0.0234,0.0415,-0.0238,-0.0518,0.1139,-0.0031,-0.0677,-0.0602,0.0723,0.0036,0.0711,-0.001,0.0634,-0.0234,0.1724,0.1585,0.1377,-0.0886,-0.1231,-0.1573,-0.0821,-0.0328,0.1554,0.0219,-0.0185,-0.1408,0.1276,-0.0931,-0.0701,-0.0116,-0.0819,0.1151,-0.1511,-0.1012,-0.067,-0.2976,-0.0666,0.0445,0.0256,-0.0561,0.2352,-0.252,0.0782,-0.2754,-0.2198,0.0651,-0.0449,0.1504,0.0322,0.013,0.0006,0.0887,0.0092,0.0598,-0.0381,-0.0457,-0.0255,0.013,0.0537,-0.0511,0.0863,-0.0479,0.0532,0.0332,-0.1427,0.0365,-0.0445,0.1416,-0.0269,0.1112,-0.0803,-0.0593,0.0605,-0.1109,0.0994,0.034,0.0366,0.1031,0.027,-0.0393,-0.0101,0.0024,-0.0604,0.0579,0.0391,-0.0612,0.0178,0.0394,0.1108,-0.0933,0.0098,-0.0275,-0.007,0.0341,0.2199,-0.027,-0.0164,-0.1178,0.0169,0.0398,-0.0253,0.0598,-0.0436,0.0571,0.0035,0.003,0.0208,0.0187,-0.1139,-0.0654,0.0388,0.0713,-0.0322,-0.0183,0.0694,-0.0562,0.0134,0.0222,-0.0639,-0.0314,0.0602,-0.0174,0.0414,0.0255,0.047,0.0088,0.0828,-0.269,-0.2193,-0.0358,-0.0156,-0.0834,0.0749,-0.2613,-0.2492,0.0117,0.6666,-0.5422,1.0,0.2107,-0.5447,0.358,0.3157,-0.3324,0.2078,0.2766,-0.3261,0.2971,-0.2626,-0.1393,-0.1453,0.1769,0.0972,0.1427,0.0568,-0.1958,-0.1593,0.0827,0.1337,0.0204,-0.1827,-0.2199,0.1691,0.0609,-0.2336,-0.1883,0.1025,0.0787,0.0781,-0.0197,0.0103,-0.0982,0.014,-0.0396,-0.0262,-0.0534,-0.0481,0.0947,0.0236,0.0683,-0.0286,0.0393,0.1147,-0.1405,0.0,-0.178,-0.1822,0.0,-0.0006,-0.1408,-0.1753,-0.1861,-0.0381,-0.0752,0.0261,-0.0587,-0.0445,-0.1418,0.0,0.0,0.0
bocpd_ret_h240_map,0.1549,0.1553,-0.1173,-0.0765,0.0563,0.0322,0.0425,0.0763,0.0349,-0.072,-0.0023,-0.014,-0.0769,0.0086,0.0585,-0.0405,-0.0339,-0.3082,-0.1845,-0.2536,-0.2283,-0.2953,-0.157,-0.2481,-0.0792,-0.1783,-0.2537,0.071,-0.1038,0.0357,0.0768,-0.0084,0.0963,-0.0075,0.0437,-0.1024,0.0022,0.0399,-0.0106,0.0278,0.0126,0.1163,0.0467,-0.0651,-0.0762,0.1316,0.0637,0.0355,-0.0402,0.1171,-0.0207,0.1617,0.1515,0.1154,-0.0403,-0.0674,-0.1511,0.0096,-0.0214,0.0928,0.0167,0.0759,-0.1196,0.097,-0.0258,-0.0993,-0.0323,-0.0446,0.0903,-0.0021,-0.0213,-0.1228,-0.189,-0.0809,0.0604,0.008,-0.0684,0.1068,-0.1063,0.0143,-0.1263,-0.209,0.0738,-0.023,0.0878,0.0198,-0.0049,-0.0517,0.0774,0.0093,-0.0102,-0.0479,-0.058,0.0704,-0.0458,-0.0162,-0.1041,0.0347,0.0226,0.0496,0.0298,-0.0234,-0.0102,-0.0267,0.0429,-0.0132,0.1319,-0.1219,-0.1113,0.1291,-0.1273,0.0283,0.1136,-0.0012,0.0431,0.0862,-0.114,0.0189,0.0505,-0.0261,0.0612,0.0693,-0.0016,-0.0533,0.07,0.0051,-0.0873,0.1262,0.0562,-0.1052,0.0732,0.145,-0.0899,-0.0365,-0.0439,-0.0923,0.0813,-0.0142,0.0004,-0.0572,0.0637,0.0585,-0.0491,0.0456,-0.0215,-0.0322,-0.0667,0.0571,0.0113,0.0275,-0.0237,-0.0188,0.053,0.0432,-0.0295,-0.0245,0.0025,-0.0079,0.0131,0.0115,0.066,0.0633,-0.0314,0.0944,-0.1847,-0.147,-0.0733,-0.0738,-0.0603,0.0379,-0.0744,-0.0478,0.0453,0.5317,-0.3335,0.2107,1.0,-0.3729,0.5754,0.3634,-0.2257,0.1362,0.4302,-0.2523,0.2635,-0.1946,-0.0848,-0.1095,0.1603,0.089,0.1446,-0.0005,-0.1142,-0.1363,0.0092,0.1581,-0.0189,-0.1209,-0.175,0.1631,-0.0048,-0.1385,-0.1739,0.0587,0.0037,-0.0041,0.0205,-0.0219,-0.043,0.0597,-0.0085,-0.0229,-0.0707,0.02,0.0218,0.0228,0.1112,0.0752,-0.0159,-0.0062,0.0298,-0.0641,-0.1546,-0.1001,-0.0459,-0.1084,-0.1196,-0.0771,-0.0693,-0.0479,-0.1108,-0.0254,-0.0743,-0.0267,-0.072,-0.0641,-0.0579,-0.0639
bocpd_ret_h240_p10,-0.218,-0.2235,0.2033,0.0654,-0.0154,-0.142,-0.1279,-0.0712,0.021,0.1521,0.0241,0.0094,0.0594,-0.1937,-0.0218,0.0602,-0.1137,0.6541,0.474,0.4835,0.5009,0.5993,0.3676,0.3358,-0.0385,0.3959,0.5589,-0.0386,0.3125,-0.0195,-0.0216,-0.1869,-0.0503,0.0255,0.0304,0.1953,-0.112,0.0342,-0.1232,0.0279,0.0471,-0.1362,0.0162,0.0959,0.0571,-0.1821,-0.0216,-0.0652,0.0006,-0.1502,0.103,-0.2096,-0.2402,-0.116,0.2134,0.2748,0.2562,0.1766,0.0865,-0.2757,-0.0253,-0.0441,0.1411,-0.1155,0.136,0.1233,-0.0067,0.0505,-0.0563,0.212,0.17,0.1464,0.4782,0.0708,-0.041,0.0644,0.1135,-0.424,0.3916,-0.1059,0.3094,0.4728,-0.0564,0.1038,-0.1274,-0.0028,-0.067,-0.0021,-0.1767,-0.0455,-0.0351,0.0566,0.0639,-0.018,0.0243,-0.1578,0.0219,-0.0828,0.1467,-0.1502,-0.0139,0.2547,-0.0757,0.0704,-0.2406,0.001,-0.1956,0.1543,0.1349,-0.1389,0.1891,-0.1185,-0.1022,-0.0176,-0.0969,-0.0907,0.1151,0.0305,-0.032,0.0506,-0.1008,-0.1374,0.031,-0.02,-0.0058,-0.1251,0.1222,-0.0365,-0.0628,0.0907,-0.0498,-0.4498,0.0765,0.0508,0.1294,0.053,-0.0858,0.0053,-0.0558,0.1327,-0.1197,-0.0849,-0.0001,-0.0047,-0.0126,0.0936,0.1541,-0.1282,-0.0663,0.0313,0.0639,-0.0746,0.0453,0.0148,0.0496,0.0736,-0.0167,-0.0365,-0.013,-0.0895,-0.0508,-0.0667,-0.1152,-0.0597,0.4916,0.3841,0.1339,-0.0476,0.217,-0.2063,0.4366,0.4513,-0.0057,-0.6421,0.9797,-0.5447,-0.3729,1.0,-0.3606,-0.3656,0.5005,-0.2264,-0.3197,0.4925,-0.3069,0.54,0.2565,0.2773,-0.2248,-0.0471,-0.266,-0.1365,0.3999,0.3217,-0.1735,-0.243,-0.0875,0.3791,0.4133,-0.3032,-0.1525,0.4923,0.3722,-0.271,-0.1726,-0.1643,0.1053,-0.078,0.1939,-0.0609,0.0956,0.0912,0.0235,0.0557,-0.1519,-0.0926,-0.0713,0.02,0.0218,-0.1736,0.2015,0.016,0.2454,0.2138,0.0302,0.0369,0.1411,0.2042,0.2146,0.0566,0.0949,0.0338,0.0836,0.0704,0.1521,0.0163,0.0334,0.0372
bocpd_ret_h240_since_reset,0.1595,0.1621,-0.1019,-0.0533,0.0249,0.0492,0.065,0.0516,0.0395,-0.1214,0.0241,0.008,-0.1007,-0.0019,0.0705,-0.0376,-0.0292,-0.2732,-0.1884,-0.225,-0.1993,-0.2441,-0.1269,-0.1783,-0.0333,-0.1987,-0.2415,0.0861,-0.1181,0.0763,0.0776,0.0359,0.1129,-0.0234,0.0881,-0.0759,0.0334,0.002,0.0074,0.001,0.0085,0.1031,0.0153,-0.0251,-0.0964,0.0438,0.0214,0.0154,0.0009,0.0289,0.0182,0.1539,0.1172,0.1275,-0.0467,-0.0671,-0.1197,-0.0199,-0.0155,0.0921,-0.0029,0.0909,-0.1162,0.1108,-0.0047,-0.1285,-0.0285,-0.0583,0.1033,-0.0265,-0.0574,-0.0982,-0.1816,-0.1091,0.0982,0.0645,-0.0366,0.1007,-0.1277,0.0388,-0.1517,-0.1787,0.0993,-0.0645,0.1129,0.0119,0.0618,-0.0008,0.0645,0.0131,0.0061,-0.0335,-0.0542,0.0426,-0.0416,-0.015,-0.0924,0.0425,0.0283,0.0263,0.0512,-0.014,-0.0128,-0.0629,0.0426,-0.0189,0.1277,-0.1097,-0.0888,0.0928,-0.1318,0.0856,0.0688,0.0043,0.069,0.0706,-0.0755,-0.0272,0.0548,-0.0327,0.0635,0.0354,0.0265,-0.0732,0.0667,0.0791,-0.1015,0.0597,0.0543,-0.0347,-0.0093,0.1282,-0.0723,-0.0118,-0.0589,-0.047,0.0748,-0.0483,0.0511,-0.0069,0.0451,0.0627,-0.0604,0.084,-0.0524,-0.0607,-0.0214,0.0029,0.0607,-0.0457,-0.0552,-0.0192,0.0704,0.0583,-0.0204,-0.0409,0.0334,-0.0473,0.0364,-0.0222,0.0792,0.0304,-0.0222,0.0945,-0.1937,-0.159,-0.0064,-0.0208,-0.0872,0.018,-0.0653,-0.0494,0.0301,0.5251,-0.3403,0.358,0.5754,-0.3606,1.0,0.3507,-0.2357,0.1521,0.3684,-0.2564,0.2752,-0.1889,-0.0716,-0.1208,0.154,0.1247,0.1321,0.0136,-0.1236,-0.1148,0.0247,0.1275,-0.0025,-0.1156,-0.138,0.14,0.0146,-0.1396,-0.1713,0.0192,0.0247,0.0174,0.0063,-0.0109,-0.0356,0.0247,-0.0415,-0.019,-0.0934,0.0075,0.0319,0.0023,0.0803,0.0048,0.038,-0.0209,0.0141,0.0,-0.1482,-0.1362,0.0,-0.0526,-0.1162,-0.1156,-0.1093,-0.0335,-0.1127,-0.0038,-0.0645,-0.0629,-0.1214,0.0,0.0,0.0
bocpd_rng_h60_map,0.285,0.2816,-0.1849,-0.0798,0.0307,0.028,0.0889,0.1294,0.0988,-0.1559,0.01,-0.0265,-0.1392,-0.0006,0.09,-0.0261,-0.0576,-0.2223,-0.2266,-0.0588,-0.042,-0.1237,-0.1147,-0.0129,0.0479,-0.2148,-0.162,0.1117,-0.1604,0.0765,0.0945,0.1633,0.1233,-0.005,0.1171,-0.1368,-0.0418,0.0623,0.0114,0.0396,-0.0421,0.167,0.09,-0.1173,-0.1307,0.1177,0.0289,0.0936,-0.0214,0.1027,-0.0169,0.2669,0.2266,0.2271,0.0104,0.002,-0.086,-0.0033,0.0568,0.1334,0.0627,-0.0161,-0.2216,0.1706,-0.0003,-0.1205,0.0346,-0.1493,0.1506,0.0245,0.0091,-0.0778,-0.2348,-0.141,0.125,0.0734,-0.0456,0.1303,-0.1455,0.0357,-0.1829,-0.1384,0.137,0.0816,0.132,0.0053,-0.0698,-0.0129,0.083,-0.0482,0.0293,0.0104,-0.0483,0.0046,-0.0154,-0.0163,-0.0441,0.0518,0.0081,-0.0016,0.0712,-0.0515,0.0117,-0.0715,0.0651,-0.0519,0.1688,-0.1424,-0.1281,0.1562,-0.1643,0.0557,0.1299,-0.0351,0.017,0.0585,-0.0515,-0.0082,0.0165,-0.0268,0.0055,0.0853,-0.085,0.0211,0.0593,-0.0162,0.0221,-0.0142,-0.0308,0.0341,-0.012,0.1025,-0.1022,0.0433,-0.1014,-0.0032,0.0078,-0.0347,0.0459,-0.0461,0.0685,-0.0443,0.0221,0.0166,0.034,-0.1204,-0.0501,0.0425,0.0032,-0.0411,-0.0228,0.0024,-0.0089,-0.0117,-0.0491,-0.0396,0.0019,0.0199,0.0154,0.033,0.0488,0.0346,-0.0521,0.1848,-0.1473,-0.1476,-0.0786,-0.0293,0.0247,0.0403,-0.0421,-0.0613,0.073,0.4523,-0.3543,0.3157,0.3634,-0.3656,0.3507,1.0,-0.5305,0.5372,0.6377,-0.589,0.5844,-0.1553,-0.1003,-0.1011,0.244,0.1385,0.1413,0.023,-0.1544,-0.1504,0.0335,0.133,-0.0057,-0.1399,-0.2023,0.1564,0.0262,-0.188,-0.1625,0.056,0.0318,0.0254,-0.0006,-0.0111,-0.0824,0.1006,-0.0716,0.0307,-0.0146,0.0186,0.0803,-0.004,0.0753,-0.0433,0.0616,-0.0015,0.0011,-0.0059,-0.2635,-0.2134,-0.0335,-0.058,-0.2216,-0.2127,-0.1806,0.0104,-0.0986,0.0193,-0.0395,-0.0715,-0.1559,-0.0265,-0.0274,-0.0162
bocpd_rng_h60_p10,-0.3589,-0.3535,0.3023,0.0092,0.0062,-0.1517,-0.1622,-0.1199,-0.0292,0.2787,-0.0148,0.0007,0.0972,0.0125,-0.1267,0.0316,0.0549,0.2976,0.3813,0.0373,0.0216,0.0768,0.0796,-0.1258,-0.2069,0.3727,0.2237,-0.0841,0.2719,-0.0432,-0.0725,-0.3203,-0.095,0.0125,-0.0848,0.139,0.0651,-0.034,0.0021,-0.0544,-0.0131,-0.2034,-0.0964,0.0602,0.0935,-0.0776,-0.0136,-0.0589,0.0584,-0.0383,0.0513,-0.3182,-0.2837,-0.2506,0.1061,0.1186,0.0202,0.0882,0.002,-0.2535,-0.099,-0.0078,0.2849,-0.1958,0.1232,0.2207,-0.0527,0.127,-0.1035,0.0581,0.1107,0.0558,0.3538,0.1173,-0.0999,-0.0189,0.0778,-0.2545,0.3269,-0.0354,0.2459,0.2388,-0.0986,-0.0479,-0.1209,0.0046,0.0043,0.0534,-0.1894,0.0049,-0.0901,0.0418,0.0922,0.0239,0.012,-0.0473,-0.0094,-0.0263,0.055,-0.0424,-0.0814,0.0413,0.0684,0.1107,-0.1376,0.1516,-0.2859,0.2651,0.2411,-0.2013,0.2868,-0.1836,-0.1516,0.0574,-0.0204,-0.0277,0.0109,0.0619,-0.0154,0.0351,-0.0566,-0.0701,0.0666,-0.0025,-0.0644,-0.0143,0.029,-0.0269,0.0266,0.0161,-0.0441,-0.1683,0.0235,-0.011,0.2324,-0.099,-0.0563,0.1243,-0.0513,-0.0006,-0.1049,-0.0105,-0.0526,-0.0771,0.0455,0.2058,0.0036,0.0046,0.0171,0.0478,0.1193,-0.0313,0.0246,0.006,0.0289,-0.0444,0.0298,-0.0358,0.0314,-0.0793,-0.0436,-0.0611,0.0484,-0.144,0.2777,0.3075,0.0582,0.0212,-0.038,-0.1405,0.1703,0.2288,-0.075,-0.3979,0.5089,-0.3324,-0.2257,0.5005,-0.2357,-0.5305,1.0,-0.4706,-0.319,0.9712,-0.3609,0.2385,0.1657,0.2351,-0.2894,-0.1168,-0.2295,-0.0073,0.2157,0.246,-0.0238,-0.2035,0.0122,0.1815,0.2455,-0.2739,-0.0233,0.2966,0.3031,-0.1297,-0.0328,-0.0333,-0.0179,0.0286,0.121,-0.0709,0.0353,-0.0413,-0.0073,-0.0307,-0.1184,0.0172,-0.0377,0.1162,-0.1098,-0.0344,0.0182,-0.0444,0.4146,0.3762,-0.0064,0.0046,0.2849,0.3467,0.3378,0.0418,0.1459,-0.0596,0.1029,0.1107,0.2787,-0.0201,-0.0355,-0.0563
bocpd_rng_h60_since_reset,0.2257,0.2245,-0.189,0.0213,0.022,0.026,0.0978,0.0535,0.0868,-0.1762,0.0222,0.0086,-0.0888,0.0183,0.1135,-0.0224,-0.0626,-0.1189,-0.159,0.0023,0.0207,-0.0171,-0.0202,0.0807,0.1065,-0.1587,-0.0932,0.0779,-0.1062,0.0596,0.0246,0.1722,0.0644,0.0181,0.0642,-0.1197,-0.0573,0.038,0.0038,0.0472,-0.0346,0.1614,0.0714,-0.0625,-0.0794,0.0536,-0.0157,0.0231,-0.0215,0.0586,-0.0281,0.2176,0.1892,0.1851,-0.0158,-0.013,0.0088,-0.0255,0.049,0.1253,0.0579,-0.0065,-0.1942,0.1449,-0.0176,-0.1019,0.0118,-0.1223,0.1409,-0.023,-0.0386,0.0064,-0.1592,-0.0994,0.0914,0.0571,-0.0451,0.103,-0.1318,0.0266,-0.1214,-0.0785,0.0889,0.0647,0.1307,-0.007,-0.064,-0.0006,0.0673,-0.0244,0.0594,-0.0421,-0.0487,-0.0159,0.0303,-0.0287,-0.0324,0.0168,0.0338,-0.0219,0.0802,0.0086,-0.0247,-0.0658,0.0282,-0.0552,0.1478,-0.1585,-0.1453,0.1531,-0.1487,0.0404,0.1263,-0.0147,0.0055,-0.0298,-0.0678,-0.0346,0.0578,0.0178,0.0157,0.0808,-0.039,-0.0154,0.0594,-0.0611,0.074,-0.0394,0.0215,0.0173,-0.0408,0.0633,-0.0889,0.0127,-0.1445,0.0011,0.0238,-0.1,0.0584,-0.0073,0.0902,-0.0743,-0.045,0.1203,-0.0351,-0.1093,-0.0085,0.0027,0.0023,-0.0403,-0.0891,0.0179,0.0457,-0.0602,0.0223,0.0707,-0.0692,-0.0489,0.0421,0.0296,0.0789,-0.0135,-0.0578,0.1132,-0.0989,-0.1341,-0.0553,-0.0467,0.0328,0.0444,-0.0006,-0.0252,0.0833,0.2237,-0.2216,0.2078,0.1362,-0.2264,0.1521,0.5372,-0.4706,1.0,0.1694,-0.4828,0.3565,-0.0729,-0.0146,-0.1101,0.212,0.0925,0.1061,0.0054,-0.1121,-0.1261,0.0163,0.0992,-0.0075,-0.1022,-0.1545,0.1204,0.0093,-0.1282,-0.1259,0.0388,0.013,0.0113,0.0055,-0.0086,-0.0618,0.0745,-0.0106,0.0693,0.0164,0.0266,0.0717,0.0075,0.0297,-0.0721,0.0565,-0.039,0.0043,0.0057,-0.2467,-0.2482,0.0,-0.0103,-0.1942,-0.2062,-0.2135,-0.0421,-0.0751,0.0354,-0.0633,-0.0658,-0.1762,-0.0145,0.0,0.0097
bocpd_rng_h240_map,0.2145,0.2125,-0.0944,-0.1236,0.0378,0.0213,0.0473,0.1275,0.0687,-0.1104,0.0005,-0.064,-0.0894,-0.0024,0.0347,-0.0744,-0.0864,-0.2153,-0.158,-0.142,-0.1052,-0.1838,-0.1152,-0.1264,-0.0115,-0.1584,-0.1869,0.0664,-0.1244,0.0307,0.0959,0.0672,0.0869,-0.014,0.0694,-0.075,-0.0596,0.0511,-0.0089,0.0258,-0.0099,0.119,0.0678,-0.1104,-0.086,0.1175,0.0199,0.1126,-0.0181,0.1023,-0.0133,0.2089,0.196,0.1601,0.0224,0.0109,-0.1518,0.0483,0.0833,0.1014,0.0539,0.0233,-0.1846,0.1347,-0.005,-0.0569,0.0449,-0.1457,0.1351,0.0669,0.0456,-0.095,-0.1881,-0.0847,0.0706,0.052,-0.0155,0.0663,-0.0821,0.0546,-0.1071,-0.1403,0.0864,0.0307,0.0656,0.0317,-0.0266,-0.0721,0.0511,-0.0353,-0.0027,-0.0222,-0.0384,0.0451,-0.0654,-0.0056,-0.0145,0.0334,-0.0162,0.0123,0.0847,-0.0121,-0.0245,-0.0635,0.0516,-0.0598,0.1575,-0.1174,-0.1073,0.1265,-0.1421,0.0891,0.0768,0.0042,-0.0004,0.0342,-0.0332,-0.0408,-0.0086,0.0094,0.0731,0.093,-0.0397,0.0124,0.0245,0.0675,-0.0724,0.0295,0.0181,-0.0369,0.0271,0.0895,-0.0568,0.0191,-0.0499,-0.0093,0.0847,-0.0277,0.0299,-0.07,0.085,0.0437,0.0627,-0.0168,-0.0217,-0.0526,-0.0706,0.0676,0.072,-0.0491,-0.0569,0.003,-0.0366,0.0798,0.0086,-0.0588,0.0232,0.0778,-0.067,0.1075,-0.0114,0.1186,-0.0871,0.136,-0.1375,-0.1168,-0.0407,-0.022,-0.0123,0.0163,0.0036,0.006,0.0449,0.4713,-0.294,0.2766,0.4302,-0.3197,0.3684,0.6377,-0.319,0.1694,1.0,-0.3944,0.6383,-0.1353,-0.0513,-0.0611,0.1935,0.1315,0.1199,0.0004,-0.0888,-0.1325,0.0051,0.1131,-0.0186,-0.0806,-0.1405,0.1225,0.0032,-0.114,-0.135,0.0381,0.0043,-0.0036,0.0115,-0.0215,-0.0374,0.0824,-0.0792,-0.0369,-0.0734,0.0189,0.0497,-0.0103,0.031,-0.0392,0.0547,-0.0139,0.0416,-0.0419,-0.1935,-0.1241,-0.0442,-0.0775,-0.1846,-0.1358,-0.1113,-0.0222,-0.0673,-0.0034,-0.045,-0.0635,-0.1104,-0.0333,-0.0477,-0.0449
bocpd_rng_h240_p10,-0.3571,-0.352,0.2856,0.0049,0.0268,-0.1164,-0.1602,-0.1464,-0.0327,0.2627,-0.0018,0.017,0.0953,0.0157,-0.1206,0.043,0.0603,0.256,0.3317,0.027,0.0111,0.0534,0.0545,-0.1058,-0.172,0.3259,0.1913,-0.0868,0.2359,-0.0353,-0.0854,-0.3028,-0.1027,0.0133,-0.0842,0.1265,0.0676,-0.0406,0.0085,-0.0569,-0.0207,-0.1956,-0.0982,0.0605,0.0917,-0.0768,-0.0104,-0.0586,0.061,-0.0453,0.0479,-0.3135,-0.2762,-0.2482,0.0714,0.0788,0.0334,0.0474,-0.0338,-0.2118,-0.0962,-0.0179,0.28,-0.1921,0.1045,0.1929,-0.0544,0.1397,-0.1175,0.0151,0.0681,0.0618,0.3272,0.1194,-0.0996,-0.0174,0.0721,-0.2155,0.2728,-0.0339,0.2142,0.2023,-0.0969,-0.0513,-0.1332,0.0129,0.0222,0.0388,-0.1768,0.009,-0.0764,0.0358,0.0971,0.0054,0.0192,-0.0086,-0.0027,-0.0265,0.0218,-0.0072,-0.0778,0.015,0.0647,0.1086,-0.1031,0.1427,-0.2777,0.2541,0.2297,-0.2046,0.2755,-0.1692,-0.1519,0.0579,-0.0268,-0.0383,0.0142,0.0447,-0.0037,0.0303,-0.052,-0.0694,0.0742,-0.0165,-0.0542,-0.017,0.0276,-0.0216,0.0191,0.0115,-0.0317,-0.1379,0.0197,-0.0037,0.2129,-0.0866,-0.0496,0.1126,-0.0426,0.0055,-0.1007,-0.015,-0.0579,-0.063,0.0378,0.193,0.0111,-0.0022,0.0175,0.0503,0.1072,-0.0258,0.0273,-0.0068,0.0252,-0.0445,0.0285,-0.0422,0.0412,-0.0818,-0.0357,-0.07,0.0536,-0.1527,0.2457,0.2682,0.0365,0.0242,-0.0376,-0.1245,0.124,0.171,-0.083,-0.4071,0.4872,-0.3261,-0.2523,0.4925,-0.2564,-0.589,0.9712,-0.4828,-0.3944,1.0,-0.4103,0.2046,0.1443,0.2042,-0.2789,-0.1283,-0.2079,-0.0016,0.1849,0.2234,-0.0131,-0.187,0.0169,0.1557,0.2171,-0.2508,-0.014,0.2587,0.2735,-0.0995,-0.021,-0.0198,-0.0235,0.0306,0.0993,-0.0698,0.0363,-0.0468,-0.0038,-0.0423,-0.1045,0.0278,-0.03,0.1222,-0.1133,-0.0322,-0.0054,-0.0342,0.3932,0.3537,-0.005,0.0107,0.28,0.326,0.3174,0.0358,0.1316,-0.0595,0.1047,0.1086,0.2627,-0.0114,-0.0257,-0.046
bocpd_rng_h240_since_reset,0.2215,0.2214,-0.1276,-0.0853,0.013,0.023,0.071,0.0832,0.114,-0.1069,0.0065,-0.028,-0.0792,0.0135,0.0229,-0.0249,-0.0359,-0.1797,-0.1562,-0.0914,-0.0795,-0.1632,-0.135,-0.0618,0.0107,-0.141,-0.1178,0.0674,-0.0709,0.0454,0.0805,0.1058,0.0879,-0.0307,0.0982,-0.1183,-0.0193,0.0051,0.024,-0.0251,-0.0197,0.1503,0.0161,-0.1026,-0.0784,0.0909,0.0301,0.089,0.0397,0.1129,0.0271,0.2335,0.1919,0.2012,0.0093,0.0008,-0.0776,0.0403,0.0721,0.0828,0.055,-0.0025,-0.1864,0.1391,-0.0012,-0.0367,0.0461,-0.1563,0.147,0.0009,0.0357,-0.0294,-0.2113,-0.0877,0.0751,0.0156,-0.0573,0.1176,-0.1193,0.0933,-0.1176,-0.1202,0.0781,0.0404,0.0634,-0.0016,-0.0583,-0.0501,0.0515,-0.0061,-0.0116,-0.0119,-0.0263,0.0384,-0.0637,0.0536,-0.0036,0.0551,-0.0525,0.0331,0.0741,-0.0496,0.0108,-0.072,0.0638,-0.0521,0.1531,-0.131,-0.122,0.118,-0.1526,0.0926,0.0852,-0.0271,-0.0532,0.027,-0.0733,-0.0355,0.0485,0.014,0.0552,0.1047,-0.0246,-0.0364,0.0717,0.101,-0.077,-0.0034,0.037,-0.0368,0.0095,0.0662,-0.0764,-0.0056,-0.086,-0.0321,0.0776,-0.0582,0.0569,-0.0569,0.098,0.024,0.0209,0.0386,-0.0524,-0.0465,-0.0464,0.0524,0.0128,-0.0579,-0.0714,-0.0332,0.0327,0.0236,-0.0424,0.0026,-0.0483,0.0136,0.0088,0.0505,0.0661,0.0476,-0.0344,0.1126,-0.1437,-0.1132,-0.0822,0.0466,-0.0309,0.0154,-0.0355,-0.0299,0.0344,0.3635,-0.2951,0.2971,0.2635,-0.3069,0.2752,0.5844,-0.3609,0.3565,0.6383,-0.4103,1.0,-0.1146,-0.0502,-0.0646,0.2284,0.1454,0.0758,0.0248,-0.0855,-0.0867,0.0333,0.0573,0.0115,-0.0752,-0.1041,0.0776,0.031,-0.096,-0.0855,0.0148,0.032,0.0262,-0.0176,0.0078,-0.0403,0.04,-0.0626,-0.0404,-0.0618,-0.0077,0.109,0.07,0.0296,-0.0425,-0.0011,0.0524,0.03,-0.0529,-0.2015,-0.1645,0.0,-0.0762,-0.1864,-0.176,-0.1661,-0.0119,-0.0562,0.014,-0.0293,-0.072,-0.1069,-0.0662,0.0,-0.035
rv_absret,-0.1085,-0.1094,0.1335,0.0267,-0.105,-0.1491,-0.0023,0.011,0.0021,0.1446,-0.0325,-0.0178,0.0983,0.0384,-0.0618,0.049,-0.1758,0.62,0.4633,0.4543,0.4886,0.4588,0.1951,0.2749,-0.0503,0.3837,0.7885,-0.0663,0.6641,-0.0822,0.0019,-0.1094,-0.0471,0.054,-0.0384,0.1712,-0.184,-0.1479,0.1158,-0.1543,0.0481,-0.0202,-0.1854,0.1296,0.0936,-0.1395,0.0466,-0.1153,0.1321,-0.1173,0.1276,-0.1085,-0.2023,0.0023,0.3428,0.3844,0.1996,0.2466,0.1579,-0.2651,0.01,-0.0162,0.0275,-0.0368,0.1319,0.1744,0.0519,-0.0363,-0.0096,0.133,0.2352,0.1385,0.3557,0.0801,-0.1177,-0.0107,0.0315,-0.3961,0.4734,-0.0122,0.1044,0.7833,-0.1018,0.1041,-0.0619,-0.0467,-0.0927,0.017,-0.0971,-0.0057,-0.0288,-0.0169,0.0814,-0.0184,0.071,-0.3004,-0.0268,-0.0224,0.3018,-0.3368,-0.0947,0.2166,0.075,0.062,-0.3362,0.1447,-0.1516,0.1038,0.0802,-0.1103,0.1574,-0.0912,-0.0915,-0.1012,-0.0733,-0.1116,-0.0999,0.072,0.1814,0.0411,-0.1119,-0.0905,0.1468,-0.2096,0.1196,-0.0742,0.0705,-0.0186,-0.0212,0.0431,-0.0317,-0.4456,0.0137,-0.1219,0.0969,-0.1449,0.0023,0.0284,-0.0415,0.0065,-0.0278,-0.075,-0.0652,0.0179,0.0096,0.1163,0.0217,-0.0032,-0.0758,-0.0386,0.0362,-0.1377,0.1551,-0.0363,-0.0253,0.0444,-0.148,-0.0643,0.1002,-0.1633,0.1421,-0.1062,-0.1737,-0.0657,0.5397,0.4387,0.2283,-0.0761,0.1948,-0.4889,0.4596,0.5639,0.0742,-0.341,0.5647,-0.2626,-0.1946,0.54,-0.1889,-0.1553,0.2385,-0.0729,-0.1353,0.2046,-0.1146,1.0,0.6991,0.3629,-0.1173,-0.0392,-0.7023,0.1052,0.5148,0.6387,0.0399,-0.6395,0.1681,0.4309,0.6281,-0.6765,0.067,0.6882,0.6525,-0.3457,0.0338,0.0589,-0.1133,0.1963,0.3955,-0.2107,0.0408,0.0026,-0.0177,0.0505,0.0158,0.0147,-0.0029,0.0068,-0.0604,-0.3236,0.2689,0.0069,0.1721,0.1863,0.0325,0.0822,0.0275,0.1882,0.1603,-0.0169,0.1075,-0.0185,0.0668,0.062,0.1446,0.0187,0.0292,0.0036
rv_body_frac,-0.0214,-0.0238,0.055,0.0295,-0.0566,-0.1184,0.0399,0.0226,-0.008,0.0395,0.0216,-0.015,-0.0284,0.0865,0.0285,-0.031,-0.0038,0.2425,0.347,0.0161,0.0158,0.0786,0.1037,0.0126,-0.0031,0.1876,0.2655,0.0605,0.3723,0.0486,0.0268,-0.0223,0.0426,0.0634,-0.0022,0.1088,0.0039,-0.1124,0.1172,-0.1162,-0.0098,0.03,-0.1198,0.077,-0.0308,-0.047,0.033,-0.0841,0.089,-0.0364,0.0738,-0.0131,-0.0413,0.0174,0.1708,0.1899,0.0487,0.1447,0.093,-0.1054,0.0152,-0.0052,-0.0323,0.0191,0.0176,0.1065,0.0357,-0.0496,0.0244,0.0126,0.1172,0.1004,0.2455,-0.0408,-0.0088,0.0081,-0.0291,-0.2939,0.3737,-0.014,0.0159,0.4957,0.0248,-0.0787,-0.0233,0.0131,-0.0315,0.0691,-0.0631,-0.0099,0.0351,-0.0398,0.0348,-0.0514,0.1325,-0.2443,-0.0501,0.0231,0.2349,-0.2605,-0.1141,0.1587,0.0661,0.0716,-0.2628,0.154,-0.0515,0.0521,0.0485,-0.0201,0.0528,-0.0572,-0.0076,-0.0694,-0.001,-0.1193,-0.1316,0.0476,0.1715,0.031,-0.0536,-0.0271,0.1056,-0.1928,0.14,-0.036,0.053,-0.0375,0.0343,-0.0153,-0.0137,-0.1985,-0.0962,-0.0495,0.0559,-0.1569,0.0441,0.0065,0.038,-0.0156,0.0056,-0.0672,-0.0851,0.0509,0.0059,0.0456,-0.0155,0.0126,-0.0486,-0.0266,-0.0151,-0.1118,0.1594,-0.0281,-0.0518,-0.0246,-0.0811,-0.0719,0.1186,-0.13,0.1472,-0.0748,0.0076,0.0408,0.1835,0.1958,0.1774,-0.0885,0.0607,-0.451,0.2989,0.4145,0.0658,-0.179,0.2718,-0.1393,-0.0848,0.2565,-0.0716,-0.1003,0.1657,-0.0146,-0.0513,0.1443,-0.0502,0.6991,1.0,0.1694,-0.0095,0.0174,-0.5041,0.1229,0.3447,0.412,0.0787,-0.4548,0.14,0.2785,0.3434,-0.4768,0.0824,0.4709,0.4238,-0.1606,0.062,0.0837,-0.1077,0.1757,0.3013,-0.1307,0.0101,-0.0069,0.0225,0.0128,-0.012,0.003,0.0207,0.0519,-0.0964,-0.5361,0.1169,0.0301,0.047,0.0585,0.0062,0.0864,-0.0323,0.0886,0.0689,-0.0398,0.0561,-0.0483,0.014,0.0716,0.0395,0.0437,0.0061,0.0003
rv_logvol_rel20,0.075,0.1041,0.0015,-0.2661,-0.1227,-0.0572,0.0362,0.0801,0.1634,0.3004,0.0325,-0.0117,0.0884,-0.1476,-0.1602,0.0404,0.0299,0.346,0.4508,0.0397,0.0157,0.1257,0.1872,-0.0513,-0.0721,0.4969,0.4024,-0.0849,0.526,-0.0744,-0.03,0.0122,-0.0569,0.0156,-0.027,0.1663,0.0033,0.0376,-0.0462,-0.0258,0.068,-0.0418,-0.0041,0.075,0.0844,-0.013,-0.0419,-0.0431,0.0723,-0.017,0.0182,0.06,-0.0135,0.0732,0.9812,0.9147,0.0609,0.767,0.5548,-0.7857,0.1169,-0.0396,-0.1924,0.0872,0.4494,0.3515,0.1497,-0.2336,0.134,0.3665,0.7269,0.0517,0.3253,0.0451,-0.0927,0.0798,0.1322,-0.5196,0.4793,-0.0562,0.1464,0.3799,-0.0925,-0.0174,-0.0689,-0.0394,-0.0275,0.1126,-0.0696,0.052,-0.0629,0.0043,-0.0199,0.0798,-0.0535,-0.3141,-0.04,-0.0911,0.3054,-0.2837,0.0336,0.2668,-0.0013,0.0479,-0.3194,0.0427,0.0023,0.0193,0.0376,0.0194,0.0425,-0.0437,-0.0081,-0.0204,-0.0226,0.026,-0.0006,0.0563,-0.005,0.043,-0.06,-0.0538,-0.0032,0.0161,-0.0173,-0.0172,0.0141,-0.0009,0.0034,0.0072,-0.0118,-0.2472,0.0492,-0.0485,0.1726,-0.0821,-0.0547,0.0283,0.0116,0.0569,-0.0766,-0.0229,0.0581,-0.0644,-0.0678,0.21,0.0622,-0.0578,-0.0373,-0.0057,0.1596,-0.2506,0.1127,-0.0123,-0.0467,0.0531,-0.0232,-0.0205,0.0145,-0.0683,-0.0205,-0.0312,0.0289,-0.046,0.774,0.8772,0.2156,-0.0858,-0.0143,-0.2407,0.3598,0.4098,0.0955,-0.1895,0.2864,-0.1453,-0.1095,0.2773,-0.1208,-0.1011,0.2351,-0.1101,-0.0611,0.2042,-0.0646,0.3629,0.1694,1.0,-0.0021,-0.0191,-0.3073,-0.0589,0.3742,0.3464,-0.0955,-0.3036,-0.0291,0.3568,0.39,-0.3996,-0.0917,0.5634,0.4085,-0.185,-0.1055,-0.0963,0.0408,0.0039,0.2663,-0.0788,-0.0711,-0.0292,-0.0053,0.1152,-0.148,-0.0436,0.0519,0.1422,-0.0096,0.0399,0.4131,-0.0276,0.0935,0.2484,0.0,0.0142,-0.1924,0.1376,0.1806,0.0043,0.1245,-0.001,-0.0163,0.0479,0.3004,-0.0278,0.0085,-0.0184
rv_ev36,0.6673,0.6654,-0.4174,-0.2499,0.0443,0.1576,0.2368,0.2968,0.1457,-0.3767,0.1099,0.0376,-0.0222,0.0102,0.2674,-0.0509,-0.0308,-0.293,-0.1705,-0.2712,-0.2319,-0.1766,0.0078,0.0557,0.2501,-0.1603,-0.1829,0.0252,0.0216,-0.0011,0.0003,0.4625,0.0148,-0.0068,0.0047,-0.2564,-0.0297,-0.0735,0.1439,-0.2527,-0.0885,0.6008,0.0337,-0.3399,-0.0254,0.2424,0.1543,0.2291,0.2738,0.406,0.2908,0.8972,0.7716,0.7202,0.2071,0.1295,-0.1862,0.2381,0.2858,0.0449,0.2892,0.0831,-0.5537,0.27,-0.0326,0.0434,0.2358,-0.3962,0.2469,0.0669,0.1756,-0.116,-0.352,-0.0117,-0.0047,-0.1048,-0.1114,0.2276,-0.2344,0.2636,-0.1363,-0.1987,0.0246,0.0592,0.0768,0.0274,0.0147,-0.065,0.0833,-0.0494,0.0485,0.0024,-0.1225,0.0392,-0.0647,0.0618,-0.0169,0.0691,-0.0556,0.0404,0.102,-0.0524,0.0006,-0.0893,0.0806,-0.0874,0.6233,-0.5716,-0.5075,0.4791,-0.6073,0.3196,0.3813,0.0534,-0.0305,-0.0044,-0.0797,-0.0622,0.0503,-0.0209,0.0742,0.1368,-0.0157,-0.0226,0.045,0.0291,-0.0382,0.0232,0.0867,-0.0932,0.0304,0.1278,-0.0126,-0.0744,-0.3551,0.0887,0.1183,-0.1799,0.0561,-0.031,0.1817,-0.0128,0.0375,0.1374,-0.0743,-0.2951,-0.025,0.0266,0.048,-0.0089,-0.1774,0.0045,0.0123,0.0367,-0.0254,-0.0215,0.0316,0.0239,-0.0243,0.1227,0.0913,0.0721,-0.0285,0.0351,-0.2445,-0.178,-0.192,-0.0918,-0.035,-0.0565,-0.0407,-0.035,-0.0038,0.2186,-0.2348,0.1769,0.1603,-0.2248,0.154,0.244,-0.2894,0.212,0.1935,-0.2789,0.2284,-0.1173,-0.0095,-0.0021,1.0,0.038,0.0589,0.127,-0.222,-0.141,0.1576,0.0792,0.1264,-0.2482,-0.1807,0.0116,0.1344,-0.159,-0.0187,-0.0001,0.1541,0.1745,-0.1122,0.1202,-0.0673,-0.1051,-0.1864,-0.1421,0.0461,-0.0423,0.2414,0.1783,0.3377,0.1852,-0.0001,0.0306,0.3108,0.0482,-0.6251,-0.5221,-0.0305,0.0286,-0.5537,-0.4754,-0.4347,0.0024,-0.132,0.0146,-0.1107,-0.0893,-0.3767,0.0208,-0.0113,0.0232
rv_ret36_atr,0.0586,0.0565,-0.0021,-0.0434,-0.0343,0.0283,0.0201,0.0223,0.0176,-0.026,0.0453,-0.1167,-0.6219,-0.0046,0.0588,0.0184,-0.0275,-0.0383,-0.1043,0.0533,0.0442,0.0208,-0.0245,0.009,-0.0203,-0.0975,-0.0737,0.6094,-0.1241,0.5579,0.7396,0.0169,0.8343,-0.0344,0.5919,-0.0107,0.0137,-0.0116,0.0225,0.0242,0.028,0.0179,-0.0021,0.0356,-0.62,-0.019,-0.0118,-0.0173,-0.0314,-0.0054,-0.0025,0.0497,0.0241,0.0527,0.0059,-0.0131,-0.0477,-0.0115,0.0123,-0.0267,-0.3051,-0.0009,-0.0043,0.3206,0.0054,0.0104,-0.1903,-0.0557,0.2721,-0.0098,-0.0174,-0.0319,-0.0431,-0.5977,0.5977,0.2285,-0.2701,0.0622,-0.0613,0.0201,-0.0768,-0.0413,0.6197,0.0932,0.0802,0.1552,-0.0487,-0.0458,0.0174,0.0272,-0.0285,-0.0702,0.0464,0.0207,-0.0228,-0.005,-0.0203,0.0377,-0.0103,0.0078,0.0112,-0.0743,0.0113,0.0241,0.0701,-0.0418,0.0411,-0.0376,-0.0346,0.0003,-0.0361,0.043,0.0018,-0.009,-0.0115,0.0065,0.0151,-0.0885,0.016,-0.0011,0.0266,0.0485,-0.2919,0.0033,0.2921,0.0021,0.0,-0.0025,0.0197,0.0002,-0.0187,0.014,-0.383,0.3885,0.0263,0.0025,0.0284,-0.0803,0.0312,0.0062,0.0627,-0.0446,0.0056,0.0687,-0.0791,-0.0051,0.0086,-0.0086,0.0156,-0.0588,0.0062,-0.0097,0.0046,0.02,-0.0132,-0.0009,0.0308,0.0045,-0.0162,0.0314,0.0433,0.0321,0.035,0.7365,-0.0368,-0.0315,-0.0161,-0.0268,-0.0744,0.0346,-0.0765,-0.0973,0.0955,0.0993,-0.0624,0.0972,0.089,-0.0471,0.1247,0.1385,-0.1168,0.0925,0.1315,-0.1283,0.1454,-0.0392,0.0174,-0.0191,0.038,1.0,-0.0071,0.0338,-0.0383,-0.015,0.0763,-0.1219,-0.036,0.081,-0.0889,0.0226,0.0362,-0.069,-0.0409,0.0025,0.0358,0.0299,-0.0265,0.0065,-0.0788,0.0017,-0.1485,-0.0247,-0.3811,-0.0321,-0.0116,-0.0402,-0.0403,-0.0478,-0.0184,-0.0038,-0.1073,0.0151,-0.0281,-0.0513,-0.0071,0.0085,-0.0043,-0.0094,-0.0244,-0.0702,-0.1119,-0.0459,0.011,0.0241,-0.026,0.0258,-0.0276,-0.0081
gmm3_p0,0.1146,0.1109,-0.1108,0.013,0.0915,0.1037,0.0009,0.0167,-0.0163,-0.1832,0.0602,0.0328,-0.0029,-0.4017,0.2039,-0.0526,0.093,-0.3771,-0.315,-0.2456,-0.2551,-0.1808,-0.0202,-0.0639,0.1261,-0.4222,-0.5787,0.0273,-0.5728,-0.0033,-0.0469,0.139,-0.0337,-0.0365,-0.0079,-0.1155,0.1075,0.5877,-0.6067,0.5534,0.031,-0.1294,0.6274,-0.2142,0.0035,0.2158,-0.1989,0.2229,-0.4276,0.1652,-0.2682,0.0763,0.2516,-0.1224,-0.2733,-0.2821,-0.0708,-0.1824,-0.1027,0.2068,-0.0051,0.0405,-0.0414,0.0427,-0.1221,-0.1803,-0.043,0.0061,0.0381,-0.0928,-0.2562,-0.0306,-0.2001,-0.0309,0.078,0.1325,0.1475,0.1321,-0.3436,-0.1207,-0.0287,-0.6406,0.0067,-0.0652,0.0346,0.0134,-0.0071,-0.051,0.0388,-0.0453,0.0621,0.0272,-0.1215,0.0127,-0.0777,0.2101,0.0278,0.0437,-0.2295,0.2314,0.2983,0.077,-0.2882,-0.0605,0.1953,-0.3634,0.1969,-0.1648,-0.1375,0.1557,-0.192,0.0982,0.123,0.0437,0.0329,0.0938,0.1628,-0.074,-0.1877,0.0098,0.0474,0.0103,-0.1086,0.1766,-0.1161,0.0208,-0.0319,0.0237,-0.0038,-0.0027,0.0067,0.1859,0.0831,0.0963,-0.0946,0.2062,0.0034,-0.083,0.0043,0.0526,0.0253,0.0335,0.1212,-0.0059,-0.0443,-0.1495,0.0463,-0.0529,0.0271,0.0113,-0.0615,0.1115,-0.1612,0.0162,0.0626,0.0162,0.0942,0.116,-0.1554,0.1588,-0.1402,0.126,0.0875,0.0327,-0.4049,-0.3593,-0.1865,0.0306,-0.0374,0.3745,-0.2492,-0.3272,-0.0069,0.2304,-0.2736,0.1427,0.1446,-0.266,0.1321,0.1413,-0.2295,0.1061,0.1199,-0.2079,0.0758,-0.7023,-0.5041,-0.3073,0.0589,-0.0071,1.0,-0.5938,-0.1421,-0.7543,-0.572,0.9603,-0.6156,-0.0378,-0.4554,0.9477,-0.5816,-0.3295,-0.7615,0.4349,-0.5672,-0.575,0.6054,-0.6284,-0.2135,0.5413,-0.0581,0.048,0.1372,0.0311,-0.0626,-0.0682,-0.0187,-0.01,0.0933,0.2029,-0.149,0.0151,-0.1856,-0.1925,-0.0061,-0.0553,-0.0414,-0.1818,-0.1009,0.0272,-0.0816,-0.0274,-0.0987,-0.0605,-0.1832,0.0143,0.0048,0.027
gmm3_p1,-0.0004,-0.0032,0.004,0.0093,-0.0022,0.0416,0.0272,-0.057,0.0269,-0.0451,-0.0483,-0.043,-0.0836,0.6597,-0.1331,0.0101,0.0207,-0.0543,-0.0941,-0.0038,-0.0079,-0.105,-0.1746,-0.0213,-0.0303,0.1308,0.0635,0.0521,0.0826,0.0648,0.0446,-0.0092,0.0651,-0.0422,0.0532,-0.0098,0.0082,-0.8057,0.9768,-0.761,-0.0597,0.3295,-0.8052,0.1691,-0.0791,-0.1681,0.2185,-0.2145,0.5641,-0.1046,0.2851,0.0703,-0.1091,0.2318,-0.0231,-0.0566,-0.0726,-0.0768,-0.0817,0.072,-0.0064,-0.0432,0.0127,-0.0001,0.0115,0.0247,0.0177,0.0234,-0.0481,-0.0672,0.0241,-0.0803,-0.1295,-0.0331,0.0065,-0.3021,-0.3316,0.3816,-0.0737,0.2706,-0.102,0.1478,0.0821,0.0612,-0.0086,0.0151,0.0571,0.0017,0.0105,0.0381,-0.058,-0.033,0.1595,-0.0422,0.0892,0.046,0.0144,0.0324,-0.0171,-0.0137,-0.4174,-0.4171,0.4407,-0.0388,0.0788,0.4239,-0.1257,0.0992,0.063,-0.0951,0.12,-0.068,-0.0711,-0.0079,0.0007,-0.0483,-0.1138,0.0285,0.1271,-0.0513,-0.0323,0.0298,0.0093,-0.1007,0.1197,0.0175,-0.0169,0.0048,0.0098,-0.0259,0.0218,0.0575,-0.0867,-0.0394,-0.0722,-0.0787,0.0392,0.0329,-0.0216,-0.0929,0.0559,0.0118,-0.0667,0.0148,0.0643,-0.0469,-0.0939,0.0944,0.0193,-0.0216,-0.0127,0.0501,0.0128,-0.0085,-0.0572,-0.0441,-0.0183,-0.02,0.0587,-0.0418,0.1139,-0.0654,0.0247,0.0211,-0.0437,-0.0508,0.0426,0.0098,-0.0246,-0.1071,-0.1175,-0.1103,-0.0431,0.0479,-0.153,0.0568,-0.0005,-0.1365,0.0136,0.023,-0.0073,0.0054,0.0004,-0.0016,0.0248,0.1052,0.1229,-0.0589,0.127,0.0338,-0.5938,1.0,-0.6793,0.2109,0.9757,-0.6087,0.962,-0.7256,-0.1199,-0.5876,0.9804,-0.4648,0.2922,-0.2598,0.9694,0.9782,-0.9562,0.9569,0.1311,-0.6734,-0.0164,-0.034,-0.1401,-0.0739,0.1444,0.0962,0.0382,-0.0463,-0.0288,-0.0584,-0.1431,-0.0106,-0.0226,-0.0513,-0.0216,-0.0045,0.0127,0.0045,-0.1238,-0.033,0.0155,0.0601,0.1309,-0.0388,-0.0451,-0.0191,-0.0305,-0.0374
gmm3_p2,-0.0938,-0.0889,0.105,-0.0304,-0.0916,-0.1586,-0.0253,0.0532,0.0012,0.2233,0.0103,0.0208,0.1157,-0.4407,-0.0247,0.0256,-0.0917,0.4036,0.4194,0.2013,0.2091,0.2762,0.2364,0.0486,-0.092,0.2336,0.4393,-0.0889,0.4375,-0.0821,-0.0167,-0.1199,-0.0587,0.078,-0.0707,0.137,-0.0896,0.4427,-0.6463,0.4159,0.048,-0.2704,0.416,0.0044,0.1067,-0.0045,-0.0664,0.0373,-0.2977,-0.0426,-0.096,-0.1581,-0.1018,-0.166,0.3063,0.3647,0.1485,0.2948,0.2244,-0.2859,0.0229,0.0184,0.0085,-0.0354,0.1098,0.146,0.0253,-0.0499,0.0358,0.1834,0.2264,0.1172,0.3637,0.0695,-0.0765,0.2539,0.2803,-0.6021,0.4258,-0.2371,0.1622,0.3974,-0.1176,-0.0498,-0.0157,-0.0327,-0.0704,0.0501,-0.0725,0.0141,0.023,0.0165,-0.0821,0.0246,-0.0199,-0.2741,-0.0518,-0.0716,0.2545,-0.2211,0.2257,0.457,-0.2677,0.0819,-0.2976,-0.1766,-0.0228,0.0297,0.0497,-0.0182,0.0248,-0.0076,-0.0203,-0.0374,-0.0273,-0.0251,-0.0104,0.0347,0.0157,0.0584,-0.0052,-0.0478,0.0858,-0.0471,-0.0268,-0.0211,0.0364,-0.0301,0.0025,0.0194,-0.0255,-0.2582,0.0399,-0.05,0.1738,-0.0924,-0.0324,0.0395,0.0278,0.055,-0.0859,-0.044,-0.013,-0.027,-0.035,0.1931,0.0612,-0.0571,-0.0629,0.0207,0.0701,-0.1622,0.121,0.0032,0.0207,0.0482,-0.08,-0.0606,0.0508,-0.0876,-0.0112,-0.0276,-0.0915,-0.0558,0.4271,0.4095,0.13,-0.0622,0.0469,-0.2124,0.408,0.4758,0.0834,-0.2604,0.432,-0.1958,-0.1142,0.3999,-0.1236,-0.1544,0.2157,-0.1121,-0.0888,0.1849,-0.0855,0.5148,0.3447,0.3742,-0.222,-0.0383,-0.1421,-0.6793,1.0,0.416,-0.6912,-0.082,-0.6243,0.9458,0.5564,-0.1044,-0.6838,0.9016,0.3034,-0.0751,-0.691,-0.6901,0.6241,-0.587,0.1225,0.3135,0.088,-0.0048,0.0399,0.0533,-0.1265,-0.0635,-0.021,0.0692,-0.0558,-0.1287,0.3184,0.0029,0.1994,0.2407,0.0391,0.0533,0.0085,0.1624,0.2408,0.0165,0.043,-0.0582,-0.0676,0.0819,0.2233,0.0162,0.0412,0.0285
gmm3_map,-0.1402,-0.1343,0.1207,-0.03,-0.1101,-0.1173,-0.0038,0.0083,-0.0175,0.2462,-0.0804,-0.0354,0.0514,0.1415,-0.1385,0.0377,-0.0647,0.4126,0.3718,0.2497,0.2428,0.2101,0.0654,0.0566,-0.1288,0.4003,0.5564,-0.0619,0.534,-0.0397,0.0489,-0.1545,0.011,0.0371,-0.0208,0.1216,-0.0713,-0.2787,0.2261,-0.2619,-0.0513,-0.0591,-0.3329,0.1554,0.0475,-0.1498,0.0997,-0.1552,0.2165,-0.1292,0.142,-0.1327,-0.229,-0.0046,0.2824,0.2966,0.1183,0.2253,0.1622,-0.225,0.0113,-0.0308,0.0544,-0.0642,0.1224,0.1868,0.0319,-0.0027,-0.0304,0.1197,0.2778,0.062,0.2784,0.0644,-0.1053,-0.0148,0.0023,-0.3118,0.3953,0.0336,0.0955,0.5842,-0.0539,0.0271,-0.0637,-0.0096,-0.0023,0.0632,-0.0315,0.0591,-0.0315,-0.0308,0.0577,-0.0033,0.0222,-0.202,-0.0227,-0.0595,0.221,-0.2153,-0.1349,0.0662,0.1352,0.0599,-0.2177,0.2324,-0.1546,0.1185,0.0996,-0.1008,0.1549,-0.0956,-0.085,-0.0488,-0.0292,-0.0804,-0.0978,0.078,0.0998,-0.0063,-0.0467,-0.0003,0.1021,-0.1057,0.0318,-0.0049,0.0131,-0.0141,-0.03,0.0799,-0.0674,-0.2257,-0.0344,-0.0729,0.1867,-0.1852,-0.0714,0.0979,0.0461,0.0257,-0.112,-0.0099,-0.1303,-0.0014,0.0365,0.19,0.032,-0.0292,-0.0182,-0.0359,0.1055,-0.1549,0.1904,-0.011,-0.0331,-0.007,-0.0842,-0.1438,0.1625,-0.176,0.0522,-0.1416,-0.0614,-0.0564,0.4195,0.3749,0.1964,-0.0646,0.0302,-0.321,0.2548,0.3407,0.0054,-0.23,0.3352,-0.1593,-0.1363,0.3217,-0.1148,-0.1504,0.246,-0.1261,-0.1325,0.2234,-0.0867,0.6387,0.412,0.3464,-0.141,-0.015,-0.7543,0.2109,0.416,1.0,0.2111,-0.7079,0.2197,0.3353,0.5663,-0.7147,0.2109,0.4899,0.744,-0.3563,0.2109,0.2109,-0.2297,0.2322,0.0598,-0.2652,0.0459,-0.0337,-0.1077,-0.0013,-0.0501,-0.0044,-0.0199,0.0297,-0.0853,-0.1486,0.1808,-0.0078,0.2173,0.2711,0.0461,0.0599,0.0544,0.2219,0.2247,-0.0308,0.1128,0.0102,0.0389,0.0599,0.2462,0.0137,0.0072,-0.0149
gmm4_p0,0.0106,0.0096,-0.0115,-0.0026,-0.0001,0.0533,0.0323,-0.0462,0.0172,-0.0427,-0.0483,-0.0415,-0.1197,0.6599,-0.1405,0.0158,0.0262,-0.1006,-0.1231,-0.0427,-0.0467,-0.1465,-0.1964,-0.0564,-0.046,0.1053,0.002,0.0713,0.0364,0.0912,0.0695,-0.0126,0.1031,-0.0485,0.0793,-0.036,0.0206,-0.8057,0.9753,-0.7552,-0.0959,0.3285,-0.8052,0.1465,-0.1153,-0.1478,0.2262,-0.2004,0.5658,-0.0746,0.2914,0.096,-0.0795,0.2465,-0.0634,-0.0998,-0.1037,-0.1015,-0.0884,0.1032,-0.0163,-0.0432,0.0104,0.0125,-0.0112,0.0197,0.0061,0.0228,-0.0351,-0.0728,0.0136,-0.0964,-0.1618,-0.047,0.0213,-0.2787,-0.3442,0.4028,-0.1005,0.28,-0.1147,0.1006,0.1183,0.0563,0.0065,0.0276,0.0588,0.0015,0.0301,0.0492,-0.0513,-0.0314,0.1428,-0.0403,0.0795,0.0629,0.008,0.034,-0.0331,0.0114,-0.404,-0.4291,0.4324,-0.0401,0.1009,0.4134,-0.0987,0.0744,0.0402,-0.0742,0.0925,-0.0555,-0.0521,0.0016,-0.0051,-0.0483,-0.1166,0.0251,0.1115,-0.0473,-0.022,0.062,-0.0139,-0.0803,0.117,0.0231,-0.014,-0.0063,0.0107,-0.0206,0.0145,0.1015,-0.1076,-0.0222,-0.0725,-0.0814,0.0354,0.0303,-0.0216,-0.0936,0.0587,0.0112,-0.0758,0.0232,0.0601,-0.0437,-0.0934,0.0951,0.0327,-0.0216,-0.009,0.0532,0.0144,-0.0047,-0.0572,-0.0562,-0.0012,-0.0274,0.0633,-0.0236,0.0978,-0.0573,0.0333,0.0485,-0.0976,-0.0942,0.0113,0.0125,-0.0514,-0.0729,-0.1613,-0.159,-0.0364,0.0726,-0.1927,0.0827,0.0092,-0.1735,0.0247,0.0335,-0.0238,0.0163,0.0051,-0.0131,0.0333,0.0399,0.0787,-0.0955,0.1576,0.0763,-0.572,0.9757,-0.6912,0.2111,1.0,-0.5972,0.9335,-0.739,-0.2013,-0.5775,0.9805,-0.4964,0.2927,-0.2492,0.9906,0.9842,-0.9594,0.9365,0.0076,-0.6582,-0.0265,-0.0562,-0.1672,-0.0836,0.1526,0.1083,0.0631,-0.0251,-0.0273,-0.0398,-0.1561,0.0021,-0.0334,-0.0598,-0.0216,0.0038,0.0104,-0.0126,-0.1335,-0.0314,0.0013,0.0454,0.1163,-0.0401,-0.0427,-0.0078,-0.0305,-0.0374
gmm4_p1,0.0891,0.0825,-0.0757,0.0367,0.0835,0.0391,-0.0075,0.0279,-0.0165,-0.1619,0.0631,0.0361,0.0668,-0.4027,0.2005,-0.0481,0.0844,-0.3415,-0.2683,-0.2445,-0.2484,-0.1865,-0.0282,-0.1409,0.0145,-0.3949,-0.5348,-0.0209,-0.52,-0.0505,-0.1234,0.055,-0.1185,-0.0231,-0.0927,-0.1326,0.0946,0.5966,-0.6228,0.527,0.0025,-0.1338,0.6319,-0.2539,0.0729,0.2589,-0.1568,0.2351,-0.3975,0.213,-0.222,0.0852,0.2726,-0.1271,-0.2784,-0.278,-0.0981,-0.1855,-0.126,0.2117,0.0152,0.0509,-0.0132,-0.0096,-0.1389,-0.1762,-0.0255,0.0482,-0.0334,-0.1034,-0.2632,-0.0591,-0.1656,0.0285,0.0173,0.1033,0.1712,0.0927,-0.2978,-0.1155,-0.0058,-0.5974,-0.0628,-0.0878,0.0341,0.0011,-0.0211,-0.0609,0.0217,-0.0546,0.058,0.0441,-0.1317,0.0205,-0.0813,0.1844,0.013,0.0412,-0.2072,0.2194,0.3073,0.0989,-0.2863,-0.054,0.1666,-0.351,0.207,-0.1788,-0.1507,0.1717,-0.1996,0.096,0.1332,0.0376,0.0285,0.0857,0.1537,-0.0684,-0.1777,0.0155,0.0478,0.0074,-0.0694,0.151,-0.1231,0.0043,-0.0267,0.0355,-0.0074,-0.0074,0.0157,0.1715,0.1262,0.0444,-0.0646,0.183,0.0163,-0.0665,0.003,0.0415,0.0209,0.0373,0.1139,-0.016,-0.0348,-0.1352,0.036,-0.0417,0.0217,0.0112,-0.0467,0.1071,-0.1559,0.0244,0.0658,0.011,0.0843,0.1131,-0.1498,0.1496,-0.1359,0.1284,0.0753,-0.0431,-0.3965,-0.3421,-0.2132,-0.0066,-0.0513,0.3548,-0.2438,-0.2871,0.0245,0.225,-0.2391,0.1337,0.1581,-0.243,0.1275,0.133,-0.2035,0.0992,0.1131,-0.187,0.0573,-0.6395,-0.4548,-0.3036,0.0792,-0.1219,0.9603,-0.6087,-0.082,-0.7079,-0.5972,1.0,-0.624,-0.0431,-0.4453,0.9201,-0.6005,-0.2726,-0.7262,0.4254,-0.5881,-0.5963,0.625,-0.6379,-0.1725,0.5467,-0.0102,0.044,0.1746,0.0385,-0.0604,-0.0549,0.0143,0.0394,0.0642,0.1774,-0.1247,0.0251,-0.136,-0.1532,0.0021,-0.0389,-0.0132,-0.1384,-0.0596,0.0441,-0.0745,-0.0255,-0.1006,-0.054,-0.1619,0.0274,0.0175,0.0399
gmm4_p2,-0.0229,-0.0241,0.0236,0.0086,-0.0059,0.0331,0.0081,-0.0578,0.029,-0.0224,-0.0483,-0.0363,-0.035,0.6556,-0.1601,0.0112,0.0073,-0.0036,-0.0579,0.0356,0.0358,-0.0771,-0.1756,-0.0149,-0.0638,0.1611,0.1352,0.0087,0.1395,0.0236,0.0005,-0.0431,0.0095,-0.0442,0.0194,-0.008,-0.0108,-0.8057,0.9748,-0.764,-0.011,0.3286,-0.8052,0.1534,-0.0305,-0.1554,0.2404,-0.2157,0.5696,-0.0819,0.3005,0.0653,-0.1112,0.226,-0.0013,-0.0278,-0.0641,-0.0547,-0.0714,0.0487,0.0029,-0.0432,0.025,-0.0227,0.0158,0.0392,0.0221,0.0288,-0.0596,-0.0585,0.0444,-0.0686,-0.1159,-0.0077,-0.0186,-0.3274,-0.3198,0.3554,-0.0383,0.2687,-0.0843,0.1964,0.0335,0.0526,-0.0182,0.0025,0.0598,-0.0011,0.0149,0.0451,-0.0606,-0.0219,0.1375,-0.0281,0.0937,0.0369,0.0084,0.0413,-0.0095,-0.0234,-0.4162,-0.3947,0.4277,-0.0284,0.0627,0.4236,-0.1201,0.0951,0.0595,-0.09,0.1174,-0.0657,-0.0703,-0.0117,0.0057,-0.0483,-0.1363,0.0461,0.1408,-0.0503,-0.0348,0.0298,0.0403,-0.1154,0.107,0.0147,-0.0162,0.007,0.0105,-0.0319,0.0283,0.0196,-0.068,-0.0821,-0.0616,-0.1061,0.0443,0.0518,-0.0216,-0.101,0.0466,0.0218,-0.0676,-0.0017,0.071,-0.0252,-0.1032,0.1026,0.014,-0.0216,-0.0078,0.0256,0.0315,-0.0091,-0.0572,-0.0374,-0.0292,-0.0328,0.0703,-0.0552,0.117,-0.0617,0.009,-0.0319,0.0085,-0.0052,0.048,0.0093,-0.0107,-0.1402,-0.0893,-0.0653,-0.0662,0.0082,-0.1008,0.0204,-0.0189,-0.0875,-0.0025,-0.0057,0.0122,-0.0075,-0.0186,0.0169,0.0115,0.1681,0.14,-0.0291,0.1264,-0.036,-0.6156,0.962,-0.6243,0.2197,0.9335,-0.624,1.0,-0.7038,-0.0182,-0.6071,0.9557,-0.3903,0.3091,-0.275,0.9439,0.9509,-0.9614,0.9846,0.2347,-0.6872,0.0079,-0.0325,-0.0875,-0.057,0.1497,0.1098,0.0385,-0.0415,-0.0396,-0.0668,-0.1024,-0.0122,0.0032,-0.0202,-0.0216,0.0113,0.025,0.0236,-0.1052,-0.0219,0.0341,0.0667,0.1157,-0.0284,-0.0224,-0.0206,-0.0305,-0.0374
gmm4_p3,-0.0549,-0.0487,0.0585,-0.0455,-0.0754,-0.1025,-0.0133,0.0576,-0.0094,0.1852,0.0112,0.015,0.044,-0.4979,0.023,0.0185,-0.0834,0.3613,0.3618,0.198,0.2009,0.2934,0.2649,0.1482,0.0514,0.1731,0.3719,-0.0309,0.3508,-0.032,0.0673,-0.0091,0.0268,0.0732,0.0184,0.1677,-0.0796,0.5064,-0.7145,0.508,0.0663,-0.2975,0.4838,0.0401,0.035,-0.0396,-0.148,0.0462,-0.3819,-0.093,-0.1691,-0.1679,-0.1093,-0.1772,0.3002,0.344,0.1902,0.2823,0.2347,-0.2818,0.0089,0.0138,-0.0275,0.0176,0.1234,0.1236,0.0103,-0.0888,0.1005,0.1838,0.2066,0.1458,0.3434,0.0064,-0.0111,0.3115,0.2864,-0.5847,0.3658,-0.2653,0.1416,0.3221,-0.0458,-0.0265,-0.0235,-0.0179,-0.0585,0.0579,-0.0613,-0.0071,0.0294,-0.0036,-0.0602,0.0115,-0.0272,-0.2405,-0.0276,-0.0718,0.2186,-0.1995,0.2481,0.4598,-0.2982,0.0749,-0.2706,-0.2235,-0.0256,0.0372,0.0584,-0.0268,0.0279,-0.003,-0.0277,-0.0317,-0.0197,-0.0124,0.018,0.015,-0.0043,0.0597,-0.007,-0.0549,0.0477,-0.0194,-0.0236,-0.0305,0.0416,-0.0268,0.0059,0.0236,-0.0336,-0.2443,0.0002,0.0193,0.1414,-0.049,-0.0391,0.0093,0.0306,0.0722,-0.075,-0.0504,0.0063,-0.0126,-0.0506,0.1605,0.077,-0.0745,-0.0604,0.0223,0.0628,-0.149,0.0983,-0.0073,0.0219,0.058,-0.0715,-0.0432,0.0312,-0.067,-0.02,-0.0225,-0.0785,0.0297,0.398,0.371,0.1548,-0.0199,0.0746,-0.1752,0.396,0.4194,0.0538,-0.2404,0.3992,-0.1827,-0.1209,0.3791,-0.1156,-0.1399,0.1815,-0.1022,-0.0806,0.1557,-0.0752,0.4309,0.2785,0.3568,-0.2482,0.081,-0.0378,-0.7256,0.9458,0.3353,-0.739,-0.0431,-0.7038,1.0,0.5533,-0.0115,-0.7342,0.8362,0.2275,-0.031,-0.7465,-0.7364,0.6973,-0.673,0.0481,0.3763,0.0354,0.0151,0.0056,0.0543,-0.1373,-0.0939,-0.0753,0.0039,-0.0095,-0.1058,0.2894,-0.0056,0.1343,0.1834,0.0315,0.0393,-0.0275,0.1088,0.2046,-0.0036,0.039,-0.0548,-0.0565,0.0749,0.1852,0.005,0.0299,0.0175
gmm4_map,-0.0776,-0.0681,0.0688,-0.0312,-0.0923,-0.082,-0.0083,0.0047,0.0395,0.1876,-0.0457,0.0197,0.1176,-0.1043,-0.0932,0.0457,-0.1086,0.4468,0.3593,0.3178,0.3279,0.328,0.1815,0.2173,0.0296,0.3121,0.5914,-0.1017,0.5185,-0.1103,-0.0176,-0.0399,-0.0855,0.0403,-0.0439,0.1912,-0.1252,0.0086,-0.1061,0.0384,0.1794,-0.1033,-0.0178,0.1509,0.1122,-0.1329,-0.0139,-0.1076,-0.0305,-0.1466,0.0169,-0.1427,-0.1987,-0.059,0.3383,0.364,0.2423,0.2791,0.2065,-0.3002,0.0346,-0.006,-0.0012,-0.0337,0.1594,0.18,0.0588,-0.0731,0.0293,0.1541,0.2567,0.1311,0.2621,0.0492,-0.0753,0.058,0.1291,-0.3896,0.3488,-0.0946,0.1013,0.5138,-0.119,0.054,-0.0942,-0.024,-0.0064,0.0641,-0.0054,0.0077,-0.0403,-0.01,0.0011,0.0496,-0.0041,-0.1828,0.015,-0.0456,0.1869,-0.2182,-0.0044,0.2275,-0.0383,0.0808,-0.2466,0.0187,-0.1003,0.0981,0.0996,-0.0938,0.1044,-0.0253,-0.0913,-0.0597,0.0046,-0.0457,-0.0835,0.0789,0.1065,0.0083,-0.0684,-0.0641,0.1151,-0.1131,0.0281,-0.0103,-0.0096,0.0269,-0.0062,0.0127,-0.0094,-0.3027,-0.0046,-0.0864,0.1065,-0.1332,-0.0299,0.0892,-0.0204,-0.0033,-0.0738,0.0041,-0.046,-0.0499,0.039,0.1399,-0.0043,0.0049,-0.0556,-0.0204,0.0875,-0.132,0.1194,-0.0314,-0.0277,0.0338,-0.0878,-0.0828,0.0982,-0.1443,0.065,-0.0905,-0.1127,-0.076,0.504,0.4293,0.2353,0.0197,0.1092,-0.3048,0.3673,0.4135,-0.0175,-0.2786,0.423,-0.2199,-0.175,0.4133,-0.138,-0.2023,0.2455,-0.1545,-0.1405,0.2171,-0.1041,0.6281,0.3434,0.39,-0.1807,-0.0889,-0.4554,-0.1199,0.5564,0.5663,-0.2013,-0.4453,-0.0182,0.5533,1.0,-0.4226,-0.1428,0.6214,0.5175,-0.2488,-0.1751,-0.1491,0.1059,-0.033,0.3376,-0.0762,0.0408,0.0301,0.0556,0.1075,-0.0515,-0.0177,-0.0904,-0.0615,-0.0175,-0.1493,0.2808,-0.0249,0.1498,0.1878,0.0492,0.0334,-0.0012,0.1267,0.1515,-0.01,0.1249,0.0223,-0.0035,0.0808,0.1876,-0.0314,0.0204,0.0049
hmm3_p0,0.0726,0.0666,-0.0894,0.0427,0.1003,0.0862,-0.02,-0.0002,-0.0256,-0.1685,0.0453,0.0143,-0.0168,-0.3704,0.2114,-0.0474,0.0427,-0.3903,-0.3728,-0.1883,-0.1897,-0.1745,-0.0602,-0.057,0.0957,-0.4977,-0.5791,0.0449,-0.6258,0.0063,-0.0065,0.0973,0.0,-0.0446,-0.0042,-0.1341,0.0576,0.6099,-0.6128,0.5649,0.0512,-0.1716,0.6381,-0.2471,-0.0108,0.2492,-0.1878,0.2472,-0.4711,0.1888,-0.3117,0.0266,0.2279,-0.1781,-0.3805,-0.3761,-0.0491,-0.2725,-0.172,0.2869,-0.0325,0.0314,0.0128,0.0154,-0.1797,-0.2376,-0.0705,0.0588,0.0011,-0.1524,-0.3566,-0.0325,-0.2227,-0.0539,0.1092,0.1302,0.1206,0.1806,-0.3779,-0.1417,-0.0646,-0.6425,0.0208,-0.0525,0.0467,-0.0021,-0.0137,-0.0514,0.058,-0.045,0.0868,0.024,-0.1413,-0.001,-0.0534,0.224,0.0197,0.0663,-0.2489,0.2486,0.2457,0.0177,-0.2327,-0.0467,0.2089,-0.299,0.1769,-0.1492,-0.1283,0.1379,-0.181,0.0997,0.1098,0.05,0.0544,0.0819,0.1594,-0.0829,-0.1749,-0.0051,0.057,0.0031,-0.0937,0.1584,-0.1079,0.0112,-0.0232,0.0218,-0.0212,0.0012,0.0184,0.2193,0.0642,0.1108,-0.0612,0.187,0.0112,-0.0728,0.024,0.0426,0.024,0.013,0.1007,-0.0015,-0.0264,-0.1412,0.0318,-0.0444,0.0338,0.0169,-0.045,0.1373,-0.1718,0.0121,0.0742,0.0219,0.0882,0.1035,-0.1473,0.1459,-0.128,0.1174,0.0397,0.0539,-0.444,-0.4255,-0.2013,0.0189,-0.0498,0.4032,-0.3063,-0.3829,0.0036,0.2524,-0.3092,0.1691,0.1631,-0.3032,0.14,0.1564,-0.2739,0.1204,0.1225,-0.2508,0.0776,-0.6765,-0.4768,-0.3996,0.0116,0.0226,0.9477,-0.5876,-0.1044,-0.7147,-0.5775,0.9201,-0.6071,-0.0115,-0.4226,1.0,-0.6001,-0.3334,-0.7927,0.4189,-0.5757,-0.574,0.6278,-0.6167,-0.1571,0.5561,-0.0813,0.0372,0.1353,0.0193,-0.0593,-0.0853,-0.0313,-0.026,0.0768,0.1834,-0.2303,0.0132,-0.1503,-0.1678,0.0021,-0.0402,0.0128,-0.1554,-0.0735,0.024,-0.0967,-0.0407,-0.1183,-0.0467,-0.1685,0.0149,0.0137,0.0385
hmm3_p1,-0.0048,-0.0075,0.0025,0.0103,-0.0055,0.0544,0.0214,-0.0543,0.0149,-0.0428,-0.0483,-0.0406,-0.0987,0.6715,-0.1512,0.0224,0.0204,-0.065,-0.107,-0.005,-0.0078,-0.1167,-0.1936,-0.0292,-0.0422,0.1298,0.0383,0.0608,0.0494,0.0808,0.0466,-0.021,0.0713,-0.0351,0.0664,-0.0179,0.0083,-0.8057,0.9811,-0.7452,-0.0749,0.3277,-0.8052,0.1615,-0.0943,-0.1624,0.2188,-0.2189,0.5698,-0.0954,0.2982,0.0757,-0.1055,0.2399,-0.059,-0.0916,-0.0824,-0.0976,-0.0908,0.1067,-0.0137,-0.0432,0.0134,0.0067,-0.0112,0.0183,0.01,0.0281,-0.0458,-0.0573,0.0228,-0.0856,-0.1458,-0.0396,0.0131,-0.2852,-0.3304,0.3929,-0.0893,0.2766,-0.0973,0.1352,0.0972,0.0565,-0.0131,0.0261,0.0692,-0.0012,0.0221,0.0371,-0.0569,-0.0356,0.1608,-0.0434,0.0788,0.0726,0.0229,0.024,-0.0424,0.0151,-0.3909,-0.4097,0.3951,-0.0408,0.1136,0.3785,-0.1199,0.0928,0.0575,-0.0904,0.1164,-0.0683,-0.067,-0.0107,-0.0008,-0.0483,-0.1097,0.0269,0.1162,-0.0518,-0.0225,0.0407,0.0026,-0.0899,0.1126,0.0189,-0.0137,-0.0016,0.0131,-0.0166,0.0075,0.0801,-0.0914,-0.0304,-0.068,-0.0766,0.0298,0.0403,-0.0216,-0.0855,0.0427,0.0271,-0.0694,0.0099,0.0653,-0.0437,-0.0862,0.0871,0.0153,-0.0216,-0.0058,0.0437,0.0182,0.0016,-0.0572,-0.0557,-0.0096,-0.029,0.0659,-0.0423,0.0983,-0.0679,0.0261,0.0283,-0.0747,-0.0853,0.0253,0.018,-0.0323,-0.08,-0.1451,-0.1427,-0.0589,0.0588,-0.172,0.0609,-0.0048,-0.1525,0.0146,0.0262,-0.0233,0.0093,0.0032,-0.014,0.031,0.067,0.0824,-0.0917,0.1344,0.0362,-0.5816,0.9804,-0.6838,0.2109,0.9805,-0.6005,0.9557,-0.7342,-0.1428,-0.6001,1.0,-0.5029,0.2917,-0.2029,0.9829,0.9799,-0.9742,0.9422,0.0531,-0.6389,0.0,-0.0436,-0.1356,-0.0796,0.1575,0.1041,0.0393,-0.0505,-0.0286,-0.0466,-0.153,0.0016,-0.021,-0.0516,-0.0216,0.0056,0.0134,0.0019,-0.1292,-0.0356,0.0253,0.0736,0.1309,-0.0408,-0.0428,-0.0083,-0.0305,-0.0374
hmm3_p2,-0.0568,-0.0471,0.1068,-0.0813,-0.1098,-0.1695,-0.0032,0.0745,0.035,0.2356,0.0168,0.0164,0.1474,-0.363,-0.0532,-0.0003,-0.0756,0.4868,0.5257,0.1956,0.2017,0.31,0.2866,0.0595,-0.085,0.3776,0.5907,-0.1204,0.6494,-0.1172,-0.0503,-0.0864,-0.0916,0.0614,-0.0834,0.1785,-0.0763,0.2248,-0.4392,0.1905,0.0674,-0.1578,0.2029,0.077,0.1396,-0.0853,0.001,-0.014,-0.1216,-0.0876,0.0098,-0.1,-0.1192,-0.0585,0.5214,0.5609,0.134,0.4442,0.3174,-0.4513,0.0517,0.0127,-0.036,-0.0176,0.2134,0.2222,0.0664,-0.1047,0.0609,0.239,0.3757,0.1245,0.409,0.0991,-0.1223,0.1598,0.2299,-0.6386,0.527,-0.1689,0.1751,0.537,-0.1506,-0.031,-0.0249,-0.0528,-0.0752,0.0675,-0.0928,0.022,-0.0071,0.0215,-0.0698,0.0484,-0.004,-0.3623,-0.0627,-0.0615,0.3488,-0.3352,0.1343,0.4445,-0.144,0.0809,-0.3992,-0.0504,-0.0415,0.0478,0.065,-0.0313,0.0506,-0.0248,-0.0334,-0.0491,-0.0546,-0.032,-0.0591,0.0644,0.0721,0.07,-0.0391,-0.0611,0.111,-0.0935,0.0072,-0.0283,0.0379,-0.0238,0.0067,0.0014,-0.0079,-0.3686,0.0383,-0.1015,0.1473,-0.1282,-0.0183,0.0374,0.003,0.0333,-0.0628,-0.0543,-0.0112,-0.0263,-0.0399,0.2038,0.0449,-0.0335,-0.0704,0.0122,0.0597,-0.2031,0.1555,-0.0201,-0.0104,0.0579,-0.0976,-0.06,0.065,-0.1065,0.0376,-0.0397,-0.0784,-0.0888,0.5839,0.5888,0.2077,-0.0678,0.081,-0.3562,0.536,0.6319,0.0902,-0.3254,0.5276,-0.2336,-0.1385,0.4923,-0.1396,-0.188,0.2966,-0.1282,-0.114,0.2587,-0.096,0.6882,0.4709,0.5634,-0.159,-0.069,-0.3295,-0.4648,0.9016,0.4899,-0.4964,-0.2726,-0.3903,0.8362,0.6214,-0.3334,-0.5029,1.0,0.4758,-0.3068,-0.5052,-0.4944,0.4267,-0.3469,0.2843,0.0632,0.0987,0.0086,0.0102,0.063,-0.1142,-0.0342,0.0022,0.087,-0.0579,-0.1607,0.4351,-0.0182,0.1938,0.2478,0.029,0.0462,-0.036,0.1678,0.2321,0.0215,0.0617,-0.0591,-0.0541,0.0809,0.2356,-0.0059,0.0287,0.0076
hmm3_map,-0.0501,-0.047,0.0544,-0.042,-0.073,-0.1135,0.0385,0.0207,0.0091,0.1708,-0.0396,0.0039,0.0309,0.1357,-0.1107,0.0505,-0.0271,0.3803,0.3725,0.1718,0.1628,0.2203,0.159,0.0714,-0.0581,0.4332,0.5859,-0.0517,0.6493,-0.0184,-0.0002,-0.0632,-0.0235,-0.0221,-0.0008,0.1119,-0.0448,-0.3235,0.3119,-0.3396,-0.0338,0.0554,-0.3509,0.1194,0.0266,-0.1337,0.0768,-0.1018,0.2906,-0.0835,0.1821,-0.0104,-0.1274,0.0925,0.3945,0.3837,0.0716,0.3233,0.2276,-0.3289,0.0288,-0.0272,-0.0387,0.015,0.1758,0.2928,0.0722,-0.0811,0.025,0.1497,0.3642,0.0575,0.2507,0.0565,-0.0966,-0.0663,-0.0532,-0.2752,0.3663,0.0754,0.0658,0.5941,-0.0333,0.0208,-0.0586,-0.0116,0.0102,0.0369,-0.0621,0.0633,-0.0688,-0.0227,0.0697,0.0288,0.0112,-0.2181,-0.0133,-0.0571,0.2317,-0.2393,-0.1362,0.081,0.1337,0.0196,-0.2243,0.1988,-0.091,0.0721,0.0672,-0.0638,0.1113,-0.0678,-0.0619,-0.0442,-0.023,-0.0763,-0.1349,0.0725,0.1423,0.0748,-0.0722,-0.0266,0.086,-0.1099,0.0536,0.0111,0.0169,-0.0387,-0.0017,0.0248,-0.0281,-0.2183,-0.0576,-0.0906,0.0569,-0.1607,-0.0494,0.0648,-0.034,0.0034,-0.0575,-0.0109,-0.1127,0.0167,0.0196,0.1328,0.0082,-0.0008,-0.0143,-0.034,0.042,-0.1437,0.1854,-0.0336,-0.0593,-0.0111,-0.0948,-0.1243,0.1636,-0.1582,0.1,-0.1166,-0.0264,-0.0596,0.437,0.4139,0.1651,-0.0192,0.0934,-0.396,0.3368,0.4128,0.0011,-0.273,0.387,-0.1883,-0.1739,0.3722,-0.1713,-0.1625,0.3031,-0.1259,-0.135,0.2735,-0.0855,0.6525,0.4238,0.4085,-0.0187,-0.0409,-0.7615,0.2922,0.3034,0.744,0.2927,-0.7262,0.3091,0.2275,0.5175,-0.7927,0.2917,0.4758,1.0,-0.4587,0.2917,0.292,-0.3163,0.3225,0.0869,-0.3399,0.0235,-0.0524,-0.0552,0.0008,0.0014,0.0449,0.0363,0.0516,-0.0602,-0.1373,0.3112,-0.0032,0.1175,0.1664,0.0478,0.0392,-0.0387,0.1427,0.1248,-0.0227,0.0989,0.0138,0.0535,0.0196,0.1708,-0.0181,0.0098,-0.0117
hmm3_map_run,0.0326,0.0298,-0.0495,0.0107,0.0014,0.0928,0.0234,-0.0293,-0.0229,-0.0653,0.0102,-0.0047,-0.0237,0.0243,0.0486,0.0446,0.0773,-0.2361,-0.1854,-0.1514,-0.1734,-0.1945,-0.1311,-0.0956,0.0227,-0.1875,-0.3527,0.0222,-0.3378,0.0197,-0.0014,0.007,0.0043,0.0807,-0.0069,-0.0648,0.0745,0.3879,-0.239,0.3954,-0.0189,-0.1248,0.3989,-0.1098,-0.0221,0.1853,-0.1921,0.028,-0.2694,0.0997,-0.1867,0.0185,0.1326,-0.1144,-0.1929,-0.216,-0.079,-0.1344,-0.0497,0.1964,0.0109,0.0262,-0.0259,0.012,-0.1343,-0.0411,0.0043,0.0023,-0.0075,-0.0956,-0.1186,-0.0667,-0.1059,-0.0202,0.033,0.1371,0.0938,0.1319,-0.1883,-0.1042,-0.0397,-0.2456,0.0261,-0.0996,0.0024,0.0731,0.0342,-0.0008,0.0087,-0.0621,0.0159,0.0053,0.0615,-0.056,0.0174,0.1772,0.0036,0.0286,-0.1871,0.2118,0.1255,-0.0257,-0.161,-0.0191,0.1855,-0.1658,0.0751,-0.0633,-0.0541,0.0628,-0.0547,0.0163,0.0452,0.0386,-0.003,0.076,0.0593,-0.0585,-0.0707,0.007,0.0579,0.0164,-0.018,0.0519,-0.0482,0.0006,-0.0262,0.039,0.0339,-0.0041,-0.0267,0.2946,0.021,0.0441,-0.0078,0.0626,0.008,-0.0134,0.0269,0.0062,0.0043,0.0504,0.0113,0.0046,-0.0109,-0.0513,0.0069,-0.0083,0.0177,0.0069,-0.0132,0.0657,-0.0578,-0.0062,0.0543,-0.0335,0.0168,0.0167,-0.0152,0.0421,-0.0401,0.0408,0.0808,0.0133,-0.2795,-0.2385,-0.1244,0.0162,-0.092,0.2008,-0.3031,-0.3688,-0.0266,0.1639,-0.2951,0.1025,0.0587,-0.271,0.0192,0.056,-0.1297,0.0388,0.0381,-0.0995,0.0148,-0.3457,-0.1606,-0.185,-0.0001,0.0025,0.4349,-0.2598,-0.0751,-0.3563,-0.2492,0.4254,-0.275,-0.031,-0.2488,0.4189,-0.2029,-0.3068,-0.4587,1.0,-0.243,-0.2629,0.2063,-0.29,-0.1357,0.5265,-0.0651,-0.0318,0.1364,0.013,-0.0255,-0.0605,-0.0533,-0.015,0.0417,0.0456,-0.1788,0.0533,-0.0867,-0.07,0.0069,0.011,-0.0259,-0.0233,-0.0388,0.0053,0.0136,0.0069,0.0586,-0.0191,-0.0653,0.0598,0.0098,0.0371
hmm4_p0,0.0006,-0.0007,-0.0073,0.0086,0.0049,0.0483,0.0263,-0.0509,0.0144,-0.0449,-0.0483,-0.0367,-0.1001,0.6594,-0.1469,0.0198,0.0209,-0.0953,-0.1287,-0.0284,-0.0306,-0.14,-0.2046,-0.0602,-0.0685,0.1001,0.0029,0.0557,0.0217,0.0755,0.0442,-0.0313,0.0732,-0.0482,0.056,-0.0393,0.0121,-0.8057,0.9753,-0.7535,-0.0763,0.3284,-0.8052,0.1386,-0.0957,-0.1414,0.2322,-0.1978,0.5659,-0.0718,0.2954,0.0912,-0.078,0.2408,-0.0726,-0.1063,-0.1027,-0.1072,-0.1005,0.1033,-0.0131,-0.0432,0.0205,-0.0013,-0.0092,0.0135,0.0078,0.0357,-0.0532,-0.0669,0.0113,-0.098,-0.1752,-0.0373,0.0128,-0.2897,-0.3388,0.4121,-0.1089,0.2791,-0.1115,0.1036,0.0986,0.0554,0.0054,0.0261,0.0554,-0.0058,0.0436,0.0476,-0.0431,-0.0297,0.1261,-0.0382,0.0746,0.0692,0.0015,0.0319,-0.0401,0.0278,-0.4029,-0.4315,0.4228,-0.0406,0.1128,0.4038,-0.0971,0.0718,0.0377,-0.0719,0.0924,-0.0569,-0.0509,0.0038,0.0032,-0.0483,-0.1154,0.0263,0.1067,-0.0454,-0.0207,0.0613,-0.0055,-0.0783,0.106,0.0284,-0.0171,-0.0078,0.015,-0.0216,0.0117,0.0977,-0.0913,-0.0368,-0.0714,-0.0807,0.038,0.0339,-0.0216,-0.0939,0.0559,0.0181,-0.0754,0.0198,0.0617,-0.0443,-0.0954,0.0954,0.0358,-0.0216,-0.0104,0.056,0.012,-0.0001,-0.0572,-0.0547,-0.0034,-0.025,0.0604,-0.0209,0.0914,-0.0517,0.0267,0.0272,-0.097,-0.1016,0.0053,0.0094,-0.0473,-0.0653,-0.1757,-0.1709,-0.0395,0.0748,-0.1919,0.0787,0.0037,-0.1726,0.0247,0.0318,-0.0328,0.013,0.0043,-0.021,0.032,0.0338,0.062,-0.1055,0.1541,0.0358,-0.5672,0.9694,-0.691,0.2109,0.9906,-0.5881,0.9439,-0.7465,-0.1751,-0.5757,0.9829,-0.5052,0.2917,-0.243,1.0,0.9795,-0.9592,0.9347,-0.0027,-0.6553,-0.0052,-0.0487,-0.1372,-0.0741,0.1549,0.1084,0.0632,-0.026,-0.0243,-0.0379,-0.1586,-0.0002,-0.028,-0.0592,-0.0216,0.0028,0.0205,-0.0121,-0.134,-0.0297,0.0088,0.0531,0.1019,-0.0406,-0.0449,-0.0098,-0.0305,-0.0374
hmm4_p1,0.0306,0.0286,-0.0318,-0.0115,0.0068,0.066,0.0386,-0.0401,0.0178,-0.0508,-0.0483,-0.0349,-0.0979,0.6516,-0.1126,0.0205,0.0227,-0.0931,-0.1358,-0.0161,-0.019,-0.1216,-0.1895,0.0018,0.0077,0.0883,0.0264,0.0574,0.043,0.0754,0.0368,0.0292,0.0653,-0.0433,0.0602,-0.0353,0.0097,-0.8057,0.975,-0.7605,-0.074,0.3295,-0.8052,0.1381,-0.0934,-0.1413,0.2241,-0.1857,0.5649,-0.0707,0.2793,0.1138,-0.0576,0.2569,-0.0627,-0.1013,-0.0684,-0.1033,-0.0867,0.1259,0.0063,-0.0432,-0.0122,0.0128,-0.0275,0.0059,0.022,0.0098,-0.0357,-0.0783,0.0021,-0.0736,-0.1655,-0.0355,0.0097,-0.3031,-0.3441,0.4106,-0.1105,0.2819,-0.1248,0.1061,0.0964,0.0692,0.003,0.0184,0.0613,-0.0014,0.0311,0.0453,-0.0506,-0.0239,0.1383,-0.0399,0.081,0.066,0.0142,0.0423,-0.0359,0.0034,-0.4158,-0.4324,0.435,-0.0405,0.1023,0.4168,-0.0805,0.0582,0.0248,-0.0658,0.0758,-0.0371,-0.05,-0.0045,0.0112,-0.0483,-0.1168,0.0264,0.1143,-0.0469,-0.0301,0.0539,-0.0053,-0.0821,0.1106,0.0183,-0.0104,-0.006,0.0057,-0.0171,0.0151,0.0916,-0.0966,-0.0331,-0.0804,-0.0778,0.0364,0.0338,-0.0216,-0.0925,0.0547,0.0166,-0.0735,0.0186,0.0637,-0.0475,-0.0957,0.094,0.0241,-0.0216,-0.0156,0.0558,0.0135,-0.0089,-0.0572,-0.0531,-0.0103,-0.0224,0.0622,-0.0294,0.0991,-0.0573,0.0285,0.0265,-0.0931,-0.1013,0.0153,0.022,-0.0279,-0.0817,-0.1532,-0.1596,-0.0755,0.0592,-0.1851,0.0781,-0.0041,-0.1643,0.0174,0.0254,-0.0333,0.0113,-0.0036,-0.0198,0.0262,0.0589,0.0837,-0.0963,0.1745,0.0299,-0.575,0.9782,-0.6901,0.2109,0.9842,-0.5963,0.9509,-0.7364,-0.1491,-0.574,0.9799,-0.4944,0.292,-0.2629,0.9795,1.0,-0.9505,0.9377,0.0244,-0.6665,-0.0322,-0.0538,-0.1241,-0.0823,0.1535,0.1023,0.0499,-0.0435,-0.0248,-0.0445,-0.1446,0.0001,-0.0603,-0.0736,-0.0216,0.0116,-0.0122,-0.032,-0.1371,-0.0239,0.0054,0.0736,0.1156,-0.0405,-0.0508,-0.0096,-0.0305,-0.0374
hmm4_p2,0.0218,0.024,-0.0212,0.0002,0.0086,-0.0507,-0.0095,0.0695,-0.0341,0.0182,0.0483,0.0459,0.0843,-0.6816,0.1831,-0.0242,-0.0159,0.0229,0.0574,-0.0051,-0.0031,0.1033,0.1821,0.0397,0.0645,-0.1827,-0.0827,-0.0388,-0.1001,-0.0636,-0.0381,0.0487,-0.0621,0.039,-0.0676,0.0054,-0.0038,0.8057,-0.9836,0.7435,0.0604,-0.328,0.8052,-0.185,0.0798,0.1777,-0.2285,0.252,-0.5729,0.1104,-0.2991,-0.0565,0.1337,-0.2309,0.0151,0.0434,0.0872,0.0568,0.0577,-0.0567,0.0131,0.0432,-0.0186,-0.0006,-0.0063,-0.0616,-0.0154,-0.0167,0.0374,0.0486,-0.063,0.0829,0.1076,0.0289,-0.0009,0.273,0.322,-0.347,0.0396,-0.2608,0.0775,-0.176,-0.0828,-0.0391,0.0136,-0.0186,-0.0651,-0.0016,0.0024,-0.0501,0.0742,0.032,-0.1808,0.0409,-0.0922,-0.0493,-0.0069,-0.0147,0.0177,-0.0058,0.3828,0.3809,-0.3837,0.0322,-0.0889,-0.3751,0.1353,-0.1088,-0.0727,0.1,-0.1327,0.0789,0.0755,0.0077,0.0086,0.0483,0.1293,-0.0427,-0.131,0.0546,0.0214,-0.0384,-0.0132,0.1049,-0.121,-0.028,0.0224,-0.0007,-0.0135,0.0275,-0.0203,-0.0614,0.0931,0.0501,0.0652,0.0975,-0.0323,-0.0556,0.0216,0.0899,-0.0333,-0.0308,0.0709,0.0029,-0.0704,0.022,0.089,-0.0915,-0.0196,0.0216,0.0053,-0.0212,-0.036,-0.0006,0.0572,0.0453,0.0115,0.0469,-0.0769,0.0558,-0.1013,0.0721,-0.0211,-0.008,0.0213,0.0273,-0.0459,-0.0217,0.0369,0.1133,0.104,0.0932,0.0645,-0.0149,0.1204,-0.0197,0.0205,0.1053,0.0063,-0.0006,-0.0179,0.0055,0.0115,-0.0235,-0.0176,-0.1133,-0.1077,0.0408,-0.1122,-0.0265,0.6054,-0.9562,0.6241,-0.2297,-0.9594,0.625,-0.9614,0.6973,0.1059,0.6278,-0.9742,0.4267,-0.3163,0.2063,-0.9592,-0.9505,1.0,-0.964,-0.1084,0.6435,-0.009,0.0393,0.136,0.0602,-0.156,-0.1155,-0.0429,0.0414,0.0403,0.05,0.1151,0.0028,-0.0012,0.0237,0.0216,-0.013,-0.0186,-0.0272,0.1161,0.032,-0.0301,-0.0687,-0.1508,0.0322,0.0182,0.0122,0.0305,0.0374
hmm4_p3,-0.0287,-0.0286,0.028,0.0031,-0.0158,0.0294,0.0035,-0.0591,0.0389,-0.0012,-0.0483,-0.0449,-0.0499,0.6577,-0.1815,0.0116,0.0101,0.0107,-0.0308,0.0283,0.0249,-0.0782,-0.167,-0.0388,-0.085,0.185,0.1526,0.0189,0.1772,0.0351,0.026,-0.0594,0.0394,-0.0565,0.0386,-0.0068,-0.0039,-0.8057,0.9761,-0.7677,-0.026,0.3282,-0.8052,0.1604,-0.0454,-0.1609,0.2406,-0.2242,0.5711,-0.0822,0.306,0.059,-0.1226,0.2232,0.0277,0.0025,-0.0684,-0.0316,-0.0493,0.0169,-0.0094,-0.0432,0.0291,-0.0144,0.034,0.0618,0.0159,0.023,-0.0458,-0.0539,0.0665,-0.075,-0.0906,-0.0173,-0.0092,-0.3097,-0.3281,0.3294,-0.0074,0.2617,-0.0815,0.2141,0.0484,0.0459,-0.0108,-0.0036,0.054,0.0055,-0.0039,0.0555,-0.066,-0.0242,0.1512,-0.0326,0.1056,0.0103,0.0024,0.0433,0.0157,-0.0505,-0.4189,-0.3856,0.4427,-0.0278,0.0378,0.4397,-0.1248,0.098,0.0623,-0.0893,0.1211,-0.0739,-0.0672,-0.0121,-0.0034,-0.0483,-0.15,0.0452,0.1525,-0.0504,-0.0365,0.0432,0.0316,-0.1208,0.1228,0.0209,-0.019,0.004,0.014,-0.0413,0.0362,0.0037,-0.0844,-0.081,-0.0582,-0.1213,0.051,0.0516,-0.0216,-0.1099,0.0547,0.011,-0.0707,0.0006,0.0655,-0.0057,-0.1103,0.1114,0.0134,-0.0216,-0.0032,0.018,0.0385,-0.0107,-0.0572,-0.0382,-0.0292,-0.0357,0.0734,-0.0514,0.1229,-0.0618,0.0142,-0.0129,0.0328,0.0305,0.0554,0.0029,-0.0201,-0.1633,-0.0677,-0.0331,-0.0268,-0.0049,-0.0879,0.0103,-0.0219,-0.078,-0.0109,-0.0111,0.0286,-0.0086,-0.0215,0.0306,0.0078,0.1963,0.1757,0.0039,0.1202,0.0065,-0.6284,0.9569,-0.587,0.2322,0.9365,-0.6379,0.9846,-0.673,-0.033,-0.6167,0.9422,-0.3469,0.3225,-0.29,0.9347,0.9377,-0.964,1.0,0.2893,-0.7002,-0.0002,-0.0442,-0.1229,-0.0576,0.1539,0.1211,0.0555,-0.0259,-0.0505,-0.0716,-0.0904,-0.0066,0.0171,-0.0049,-0.0216,0.0181,0.0291,0.0328,-0.1031,-0.0242,0.0224,0.0359,0.1272,-0.0278,-0.0012,-0.0156,-0.0305,-0.0374
hmm4_map,-0.0982,-0.0907,0.0856,0.0376,-0.067,-0.0389,-0.0726,-0.0312,0.0529,0.0958,-0.0064,-0.0372,0.1155,0.0891,-0.1175,-0.0043,-0.0155,0.2413,0.21,0.1393,0.1282,0.1361,0.0714,-0.0,-0.1155,0.2006,0.3539,-0.0844,0.3622,-0.0971,-0.0452,-0.128,-0.0791,-0.0065,-0.0589,0.0942,-0.0307,-0.1067,0.1323,-0.1399,0.1189,0.0388,-0.1066,0.0615,0.1161,-0.0648,0.0548,-0.0841,0.0949,-0.0375,0.1041,-0.0783,-0.1226,-0.0234,0.2561,0.2642,0.0531,0.1809,0.094,-0.2506,-0.0013,-0.0057,0.0474,-0.0476,0.1183,0.0661,0.0024,0.0231,-0.0315,0.0469,0.1403,0.0056,0.2083,0.0333,-0.0473,-0.1109,0.0044,-0.1393,0.2329,0.0025,0.0516,0.2792,-0.1157,-0.0076,-0.0842,-0.0873,0.025,0.0032,-0.1163,-0.0053,-0.0685,0.0085,0.1022,0.0045,0.088,-0.1152,0.0243,0.0421,0.1122,-0.1914,-0.1026,0.0352,0.1286,0.0156,-0.1653,0.1512,-0.1043,0.0884,0.0768,-0.0606,0.0957,-0.0671,-0.0456,-0.0394,-0.055,-0.0064,-0.0909,0.0518,0.126,-0.0299,-0.0331,-0.0396,0.1038,-0.1154,0.0424,-0.0496,0.0091,0.0451,-0.0049,-0.0634,0.0803,-0.2641,0.0159,-0.1143,0.0382,-0.1082,0.0435,0.0428,-0.0029,-0.0748,0.0298,-0.0104,0.0218,-0.0531,0.0192,0.0692,-0.0642,0.075,-0.0516,-0.0029,0.0482,-0.0861,0.0435,-0.0083,-0.0076,0.022,-0.0754,0.0078,0.014,-0.0557,0.0967,-0.0231,-0.0184,-0.0828,0.3154,0.3186,0.1344,-0.0315,0.0775,-0.268,0.2154,0.3142,0.0721,-0.1253,0.2091,-0.0982,-0.043,0.1939,-0.0356,-0.0824,0.121,-0.0618,-0.0374,0.0993,-0.0403,0.3955,0.3013,0.2663,-0.0673,-0.0788,-0.2135,0.1311,0.1225,0.0598,0.0076,-0.1725,0.2347,0.0481,0.3376,-0.1571,0.0531,0.2843,0.0869,-0.1357,-0.0027,0.0244,-0.1084,0.2893,1.0,-0.2244,0.0497,0.0295,0.034,0.0539,0.0001,0.0186,-0.0241,-0.0225,-0.0314,-0.1107,0.1142,-0.0394,0.1162,0.1201,-0.0029,0.0135,0.0474,0.1049,0.0497,0.0085,0.0577,-0.0607,0.0971,0.0156,0.0958,-0.0365,-0.004,-0.0049
hmm4_map_run,0.0282,0.0206,-0.0164,0.0047,-0.0035,0.0161,-0.0069,0.0249,-0.0274,-0.0219,0.0508,-0.012,0.0299,-0.2724,0.0956,-0.0188,0.0042,-0.0531,-0.0021,-0.0517,-0.0551,-0.025,0.0338,-0.0272,0.0269,-0.1229,-0.2033,-0.0021,-0.2195,0.0022,-0.0087,0.0097,-0.0096,0.0475,-0.0309,-0.0197,0.0164,0.8827,-0.6716,0.8258,0.022,-0.3644,0.8204,-0.3291,0.0343,0.3945,-0.3571,0.2722,-0.6433,0.2706,-0.4515,-0.05,0.2057,-0.3003,-0.1009,-0.1055,-0.0058,-0.036,0.0273,0.0936,-0.0008,0.0177,-0.042,0.0423,-0.0761,-0.0314,-0.0108,-0.0164,0.032,0.0247,-0.0634,0.023,0.0346,0.0038,0.028,0.2891,0.2897,-0.1391,-0.0187,-0.286,0.0809,-0.2034,-0.0289,-0.0736,0.0006,-0.0151,-0.0165,0.0007,-0.0216,-0.0522,0.0579,0.017,-0.0318,-0.0434,0.0197,0.0773,-0.0117,0.0165,-0.1035,0.1299,0.2366,0.2075,-0.309,0.0617,0.0356,-0.3108,0.1367,-0.123,-0.1092,0.1476,-0.1232,-0.0154,0.1472,0.0193,-0.0001,0.0313,0.0952,-0.056,-0.0769,0.0631,0.0425,-0.0539,-0.0287,0.0775,-0.0703,-0.0104,0.0004,0.0118,-0.0265,0.0311,-0.0125,0.1211,0.0709,0.0346,0.0305,0.08,-0.0525,-0.042,0.0042,0.0935,-0.0473,-0.0022,0.0317,0.0168,-0.0489,-0.0142,0.0945,-0.0937,0.0034,0.0042,0.0131,-0.0147,-0.0159,-0.0101,0.0536,0.0099,0.0503,-0.0251,-0.0117,0.0048,-0.0634,0.023,-0.0013,0.0066,-0.1217,-0.1092,-0.0741,-0.0436,-0.0178,0.1689,-0.1085,-0.1346,0.0006,0.1136,-0.0629,0.014,0.0597,-0.0609,0.0247,0.1006,-0.0709,0.0745,0.0824,-0.0698,0.04,-0.2107,-0.1307,-0.0788,-0.1051,0.0017,0.5413,-0.6734,0.3135,-0.2652,-0.6582,0.5467,-0.6872,0.3763,-0.0762,0.5561,-0.6389,0.0632,-0.3399,0.5265,-0.6553,-0.6665,0.6435,-0.7002,-0.2244,1.0,-0.2254,-0.0563,0.2413,0.0153,-0.0799,-0.0856,0.0045,0.0482,0.0142,0.0574,-0.013,0.011,-0.0446,-0.008,-0.0176,-0.0224,-0.042,-0.0119,0.0534,0.017,0.0042,-0.0472,-0.0214,0.0617,-0.0219,0.0184,-0.0249,-0.0008
jump3_state,-0.1674,-0.174,0.1113,0.1122,0.0505,-0.09,-0.0726,-0.0841,-0.0386,0.0263,0.0193,0.0219,-0.0408,-0.0176,-0.0156,0.0503,-0.0018,0.0803,0.0437,0.0847,0.0854,0.0793,0.0206,-0.0142,-0.1218,0.0339,0.0628,0.0322,-0.0014,0.0035,-0.1437,-0.2039,-0.102,0.0122,0.0404,0.0209,-0.0021,-0.2525,-0.0039,-0.1766,0.0453,0.052,-0.1981,0.2585,-0.0455,-0.3848,0.2036,-0.2252,0.1764,-0.3465,0.253,-0.1903,-0.3194,0.0148,-0.0972,-0.0423,0.0334,-0.0611,-0.0948,0.0544,-0.0706,-0.0008,0.1247,-0.0579,-0.0601,-0.0344,-0.021,0.1119,-0.1181,0.0063,-0.046,-0.0026,0.0292,-0.0564,0.056,0.012,-0.0546,-0.0692,0.0348,0.0001,0.0392,0.0797,0.0424,-0.0249,0.0222,-0.0395,-0.063,0.02,0.0218,0.0388,0.0104,-0.008,-0.0068,-0.0108,-0.0593,-0.0249,-0.0252,-0.0405,0.0322,0.0107,0.0574,0.0756,-0.0466,-0.0097,-0.0417,0.0049,-0.1938,0.1761,0.1607,-0.1723,0.1894,-0.0842,-0.1324,-0.0241,-0.0273,0.0193,0.0334,0.0689,-0.0791,-0.0505,-0.0012,0.0201,0.0068,0.0437,-0.0629,-0.0139,0.0266,-0.0237,-0.0151,0.0019,0.0118,-0.0588,-0.041,0.0761,0.0468,0.011,-0.0402,0.0934,0.0224,-0.0337,-0.0533,0.0251,0.0143,-0.0939,0.0738,0.0348,-0.0284,0.0319,-0.0657,0.0224,-0.0019,0.036,-0.0321,-0.0176,-0.0012,0.0404,-0.0079,0.0139,-0.0228,0.0149,-0.0817,0.0173,-0.0028,-0.0089,0.0293,0.0009,0.0188,0.0394,0.0572,0.0435,0.0679,0.084,0.0006,-0.079,0.1072,-0.0396,-0.0085,0.0956,-0.0415,-0.0716,0.0353,-0.0106,-0.0792,0.0363,-0.0626,0.0408,0.0101,-0.0711,-0.1864,-0.1485,-0.0581,-0.0164,0.088,0.0459,-0.0265,-0.0102,0.0079,0.0354,0.0408,-0.0813,0.0,0.0987,0.0235,-0.0651,-0.0052,-0.0322,-0.009,-0.0002,0.0497,-0.2254,1.0,0.4359,0.064,-0.0372,-0.0478,-0.0194,-0.124,-0.111,-0.0266,-0.0531,-0.0369,-0.0353,0.1463,0.0701,0.0224,-0.0397,0.1247,0.0955,0.0745,-0.008,0.0308,0.0224,-0.0098,-0.0097,0.0263,-0.0524,0.0317,-0.0009
jump3_run,-0.012,-0.0227,0.0192,0.0322,0.0552,0.0221,-0.0104,-0.048,-0.0063,-0.0866,0.0009,0.0054,-0.0038,-0.0733,0.0325,-0.0066,-0.0022,0.0187,-0.0104,0.0645,0.07,0.1324,0.1318,0.1472,0.1128,-0.0143,0.004,0.0299,-0.0549,-0.0003,-0.0535,0.0357,-0.0276,0.0278,0.0093,0.1128,-0.0151,-0.05,-0.0499,0.0238,0.1135,-0.001,-0.0156,0.282,-0.0098,-0.4308,-0.0582,-0.1797,-0.0127,-0.4224,0.1032,-0.1246,-0.2672,0.026,0.0022,0.0383,0.1167,0.0216,-0.0084,-0.0204,0.0164,0.0148,-0.0164,-0.002,-0.0043,-0.0156,0.0155,0.007,-0.0252,-0.0014,0.0092,0.0829,0.0204,-0.0319,0.0232,0.0092,-0.0079,-0.0533,-0.0191,-0.0565,-0.0207,0.018,0.0049,0.0401,-0.0132,-0.0921,-0.0037,0.0715,-0.004,0.0314,-0.0276,0.0123,0.0249,0.0052,-0.0173,0.0531,0.0402,-0.0198,-0.0538,0.0414,0.0401,0.0689,-0.1053,-0.0094,0.0212,-0.0579,-0.1809,0.1637,0.1339,-0.1559,0.1485,-0.0642,-0.1053,-0.0142,-0.0123,0.0159,0.0909,0.0468,-0.0902,-0.0583,0.0261,-0.0677,-0.0174,0.0539,-0.0514,-0.0361,0.0284,-0.0002,-0.0866,0.0875,-0.0237,-0.0445,0.0524,0.0479,-0.0137,0.0966,-0.0977,-0.0081,-0.0138,0.0987,-0.0804,-0.0096,0.0291,-0.0121,0.0357,-0.0857,0.1022,-0.0975,-0.0304,0.0307,-0.0397,-0.0086,-0.0028,-0.0018,-0.0022,0.0088,-0.0405,0.0327,-0.0157,-0.0201,-0.0773,-0.0376,-0.0059,0.0262,0.0555,-0.0038,0.1302,0.0686,0.0142,0.0498,0.13,0.0954,0.0233,-0.0487,0.0901,-0.0262,-0.0229,0.0912,-0.019,0.0307,-0.0413,0.0693,-0.0369,-0.0468,-0.0404,0.0026,-0.0069,-0.0292,-0.1421,-0.0247,0.048,-0.034,-0.0048,-0.0337,-0.0562,0.044,-0.0325,0.0151,0.0301,0.0372,-0.0436,0.0086,-0.0524,-0.0318,-0.0487,-0.0538,0.0393,-0.0442,0.0295,-0.0563,0.4359,1.0,-0.0098,0.3028,-0.1129,-0.1229,-0.1721,-0.1767,0.051,-0.0443,0.0185,-0.0523,-0.037,-0.0692,-0.0185,-0.0404,-0.0164,-0.0318,-0.0583,0.0123,0.0146,0.0553,0.0282,-0.0094,-0.0866,-0.0706,-0.0077,-0.0333
jump4_state,0.0459,0.051,-0.0853,-0.041,0.0203,0.0424,0.0461,-0.0168,0.0243,0.0241,-0.0359,0.0838,-0.0136,-0.0758,0.0212,-0.0248,0.0003,0.0031,0.034,-0.007,-0.0077,-0.022,-0.0173,0.0552,0.0832,-0.018,-0.0164,-0.0016,-0.0169,-0.0009,-0.3386,0.0933,-0.2391,0.0906,-0.013,-0.0649,-0.0346,0.284,-0.1313,0.1898,0.163,-0.0453,0.2578,-0.2407,-0.0129,0.2334,-0.1762,0.1952,-0.1458,0.1878,-0.2257,0.0576,0.19,-0.0837,-0.0171,-0.0228,0.069,-0.0089,0.0094,0.1141,0.0325,0.0388,-0.0526,0.0157,-0.0743,0.0127,0.0963,-0.0236,-0.0727,0.0039,-0.0109,0.0976,-0.0089,-0.0437,0.0439,0.0516,0.0614,-0.0701,0.0221,-0.0683,0.0196,-0.0283,0.0124,-0.0475,-0.0217,-0.0173,-0.0081,0.0016,-0.0026,-0.0502,0.0048,0.0235,-0.0602,0.0381,-0.0092,0.0163,-0.0219,-0.0148,-0.0081,0.041,0.039,0.0699,-0.0701,0.0701,-0.0313,-0.0705,0.0829,-0.051,-0.0405,0.0853,-0.0733,-0.0112,0.0893,0.0775,0.0045,0.0115,0.0002,0.0092,-0.028,0.04,0.0017,-0.0103,-0.0176,0.0162,-0.003,-0.0262,-0.0127,0.0503,0.022,-0.0218,0.0054,0.0187,-0.0048,0.0048,0.0054,-0.0024,0.0362,0.0193,0.0247,-0.022,0.0011,0.0043,0.063,-0.0595,0.018,0.0185,-0.0232,0.0201,0.035,0.0526,0.009,-0.042,-0.0237,-0.0319,-0.0114,0.0387,0.024,0.0154,-0.0287,0.0463,-0.0487,0.0541,-0.0078,-0.0678,-0.0218,-0.0389,-0.0416,0.0122,0.0763,0.0285,-0.0045,0.003,-0.0939,-0.0647,0.0158,-0.0534,-0.0707,0.0235,-0.0934,-0.0146,-0.0073,0.0164,-0.0734,-0.0038,-0.0618,-0.0177,0.0225,-0.0053,0.0461,-0.3811,0.1372,-0.1401,0.0399,-0.1077,-0.1672,0.1746,-0.0875,0.0056,0.0556,0.1353,-0.1356,0.0102,-0.0552,0.1364,-0.1372,-0.1241,0.136,-0.1229,0.034,0.2413,0.064,-0.0098,1.0,-0.0728,0.0321,0.0334,0.0388,0.048,0.0176,-0.0462,0.0712,-0.0311,-0.0846,-0.0252,-0.0172,-0.0006,-0.0526,-0.0556,-0.0198,0.0235,0.0466,0.0526,-0.0444,0.0701,0.0241,-0.0168,-0.0244,-0.0056
jump4_run,0.0568,0.062,-0.1192,0.0197,0.0917,-0.0085,-0.0023,0.0003,0.0539,-0.0235,-0.0197,0.0351,0.0287,-0.0199,0.0205,-0.0004,-0.0279,0.0399,0.0402,0.028,0.0464,0.1156,0.141,0.0832,0.0665,0.0585,0.0417,0.0132,0.025,0.0052,0.0142,0.0508,-0.0118,0.0575,0.0448,0.1226,-0.0427,0.0103,-0.0605,0.1095,0.0613,-0.0485,-0.0022,0.3231,0.0304,-0.1548,-0.0664,-0.2766,-0.0626,-0.2174,-0.0159,-0.0225,-0.0819,-0.0089,0.1541,0.1683,0.0675,0.1352,0.083,-0.1471,0.0459,-0.0129,-0.0726,0.0308,0.0887,0.0715,0.0069,-0.0707,0.0815,0.0341,0.1286,0.0327,0.0699,-0.0079,-0.0058,0.044,0.0796,-0.0604,0.0326,-0.0838,0.0126,0.0423,-0.0251,0.0188,0.034,-0.0121,-0.0288,0.0247,-0.0549,0.0686,-0.0562,0.0101,0.065,0.0046,0.0752,-0.0696,-0.0361,0.0374,0.0628,-0.0683,0.0052,0.0886,-0.0347,0.054,-0.0826,-0.0142,-0.0214,0.0086,0.0087,-0.0182,0.0116,0.018,-0.0283,0.0001,-0.0011,0.0591,0.0509,0.012,-0.0608,0.0184,-0.0338,-0.0282,-0.0344,0.0656,-0.0491,-0.0437,-0.0086,0.0649,-0.0836,0.1029,-0.0449,-0.0129,0.0775,-0.02,-0.0614,0.0795,-0.0644,0.0065,-0.0522,0.059,-0.0549,0.0353,0.0274,-0.0241,-0.0074,0.0112,0.0598,-0.0549,0.0156,-0.0324,-0.0395,-0.0328,0.0168,-0.0183,-0.0188,-0.0125,-0.05,0.0385,0.0006,-0.014,-0.0525,-0.0137,-0.0259,0.0109,0.1328,0.112,0.0961,-0.0228,-0.064,-0.0782,0.13,0.0968,0.03,-0.0036,0.0644,-0.0481,0.02,0.0557,0.0075,0.0186,-0.0307,0.0266,0.0189,-0.0423,-0.0077,0.0505,0.0128,0.1152,-0.0423,-0.0321,0.0311,-0.0739,0.0533,-0.0013,-0.0836,0.0385,-0.057,0.0543,0.1075,0.0193,-0.0796,0.063,0.0008,0.013,-0.0741,-0.0823,0.0602,-0.0576,0.0539,0.0153,-0.0372,0.3028,-0.0728,1.0,-0.073,-0.0977,-0.0286,-0.034,0.0366,-0.0128,0.1054,0.0086,-0.1076,-0.108,0.0105,-0.0282,-0.0726,-0.0865,-0.1063,0.0101,-0.0023,0.0405,0.0638,0.054,-0.0235,-0.0068,0.0384,0.0219
nn_dist_prefix_short,0.1841,0.1803,-0.1443,-0.016,0.0117,0.0574,0.0617,0.0589,0.0484,-0.1286,0.0243,0.024,0.0025,0.1258,0.0162,-0.0027,-0.1751,-0.157,-0.1798,-0.0619,0.0239,-0.233,-0.3447,0.0141,0.0206,-0.1009,-0.0047,0.0083,0.0403,0.0175,-0.0324,0.1059,-0.0286,-0.0119,-0.026,-0.4954,-0.2274,-0.0866,0.1562,-0.169,-0.0731,0.2417,-0.0495,-0.2221,-0.0075,0.0777,0.1092,0.1701,0.1756,0.1175,0.009,0.2108,0.1793,0.2055,-0.0484,-0.0464,-0.1696,-0.1091,-0.0438,0.1368,0.0005,-0.016,-0.0802,0.0861,-0.0254,-0.0118,0.0814,-0.0728,0.0049,-0.2448,-0.1064,-0.1734,-0.4456,0.0469,-0.0358,-0.094,-0.1022,0.3057,-0.2902,0.2449,-0.1274,-0.0999,-0.0019,0.0793,0.0739,-0.0116,-0.0223,-0.0509,0.0965,0.0262,-0.0594,-0.0354,-0.0136,0.0894,-0.222,0.1733,-0.0021,0.1703,-0.1188,0.0395,0.1955,-0.1424,0.0993,-0.0882,0.0921,-0.1035,0.1106,-0.0886,-0.0829,0.0437,-0.099,0.1051,0.016,-0.015,-0.0154,0.0188,-0.1091,-0.0213,0.0899,-0.0043,0.0653,0.0766,0.0062,-0.0507,0.0587,0.0256,-0.034,0.0211,0.0309,0.0006,-0.0295,0.0202,-0.0203,-0.099,-0.181,-0.0227,0.0609,-0.0345,0.0459,-0.0822,0.1007,-0.0123,-0.0516,0.0656,0.0028,-0.0856,-0.0799,0.0786,0.0331,-0.0439,-0.0621,0.0594,0.008,0.0169,-0.0013,-0.0973,-0.0052,0.0098,0.0349,0.0321,0.0892,0.0172,-0.1685,-0.0474,-0.128,-0.1533,-0.3645,0.1837,0.0094,-0.0556,-0.1607,-0.1151,0.0007,0.0732,-0.1354,0.0947,0.0218,-0.1519,0.0319,0.0803,-0.1184,0.0717,0.0497,-0.1045,0.109,0.0158,-0.012,-0.148,0.2414,-0.0116,-0.0626,0.1444,-0.1265,-0.0501,0.1526,-0.0604,0.1497,-0.1373,-0.0515,-0.0593,0.1575,-0.1142,0.0014,-0.0255,0.1549,0.1535,-0.156,0.1539,0.0001,-0.0799,-0.0478,-0.1129,0.0321,-0.073,1.0,0.7828,0.3665,0.1402,-0.2443,0.1269,-0.0574,0.1043,-0.1856,-0.1582,0.0,0.1304,-0.0802,-0.1889,-0.1765,-0.0354,-0.0851,-0.042,-0.0282,-0.0882,-0.1286,0.1188,0.0603,0.0851
p1_dist_prefix_short,0.0749,0.084,-0.1574,0.0054,0.0097,-0.0089,0.0221,0.0157,0.0683,0.0748,0.0129,0.0469,0.0273,0.0376,-0.0748,0.0147,0.043,-0.1048,-0.123,-0.037,-0.0534,-0.2965,-0.446,-0.0762,-0.1066,-0.0289,0.0464,-0.009,0.0972,0.0073,-0.0397,-0.0269,-0.0402,0.0269,-0.0382,-0.5786,0.0321,-0.0444,0.1132,-0.1744,-0.0519,0.1353,-0.044,-0.2989,0.0178,0.1374,0.0976,0.2471,0.2112,0.1898,0.0171,0.1329,0.1442,0.1052,-0.0258,-0.0527,-0.1239,-0.0969,-0.062,0.0816,-0.0348,-0.0202,0.016,0.0223,0.0029,0.0195,0.0443,-0.0171,-0.0256,-0.2641,-0.0874,-0.1202,-0.3829,0.0465,-0.0358,-0.0947,-0.0895,0.1884,-0.2221,0.2848,-0.1412,-0.0499,-0.0256,0.0564,0.0263,0.0141,-0.0151,-0.0674,0.0612,0.0202,-0.0733,-0.0037,-0.0636,0.1324,-0.2852,0.1668,0.0075,0.1726,-0.1057,0.0122,0.2777,-0.1251,0.1039,-0.0507,0.0591,-0.0993,0.0767,-0.0575,-0.051,0.0243,-0.0589,0.0713,0.0019,-0.013,-0.047,0.0182,-0.1276,-0.0029,0.1011,0.0195,0.0456,0.0797,0.0125,-0.0661,0.072,0.0232,-0.0461,0.0422,0.0996,-0.0287,-0.0587,-0.0426,-0.0238,-0.1157,-0.0286,-0.1131,0.0608,0.0346,0.0177,-0.1254,0.0807,0.0129,-0.0684,0.0144,0.0001,0.0643,-0.1169,0.1239,0.0515,-0.0572,0.0216,0.014,0.0318,0.0089,-0.0039,-0.0644,-0.0064,-0.0301,0.0556,0.009,0.0896,-0.0094,0.0461,-0.0605,-0.0791,-0.0513,-0.5245,0.2494,-0.0169,-0.0915,-0.1504,-0.0671,-0.0048,0.0163,-0.0671,0.0236,0.0228,-0.0926,0.0023,-0.004,0.0172,0.0075,-0.0103,0.0278,0.07,0.0147,0.003,-0.0436,0.1783,-0.0402,-0.0682,0.0962,-0.0635,-0.0044,0.1083,-0.0549,0.1098,-0.0939,-0.0177,-0.0853,0.1041,-0.0342,0.0449,-0.0605,0.1084,0.1023,-0.1155,0.1211,0.0186,-0.0856,-0.0194,-0.1229,0.0334,-0.0977,0.7828,1.0,0.3346,0.2816,-0.3578,0.1526,-0.0342,0.0984,-0.0646,-0.0059,0.0,0.0313,0.016,-0.0985,-0.0624,-0.0037,-0.028,-0.0518,-0.0598,-0.0507,0.0748,0.0761,0.0603,0.0779
nn_dist_prefix_long,0.2035,0.203,-0.0956,-0.0994,0.041,-0.0174,0.0997,0.0904,0.0593,-0.1181,0.0285,0.01,0.0446,-0.0185,0.0465,-0.0233,-0.1068,-0.1447,-0.0406,-0.1718,-0.1099,-0.2,-0.1441,-0.1634,-0.1324,-0.0318,-0.0632,-0.0377,0.0791,-0.0141,-0.0334,0.0599,-0.0512,-0.0047,-0.0362,-0.2822,-0.132,0.0421,0.0563,-0.1146,-0.0306,0.1876,0.055,-0.3538,0.0447,0.2784,0.1132,0.2099,0.1574,0.339,0.0009,0.2868,0.3374,0.1737,0.1656,0.0745,-0.2668,0.1227,-0.0264,-0.0603,0.0901,0.0048,-0.1315,0.044,0.0377,0.0504,0.1019,-0.0807,-0.007,-0.0799,0.0906,-0.2605,-0.2244,0.0759,-0.0619,-0.0307,-0.0083,0.1093,-0.1178,0.129,-0.0853,-0.0636,-0.0476,-0.0064,0.0374,-0.0007,0.0124,-0.0946,0.0112,0.0104,0.0484,0.0123,-0.1114,0.0181,-0.0658,0.0321,-0.0187,0.0223,-0.0056,0.0105,0.1135,0.0077,-0.0265,-0.1138,0.042,-0.1338,0.2348,-0.2043,-0.1806,0.2294,-0.2182,0.0258,0.2144,0.0155,-0.0515,-0.0402,-0.0177,-0.0049,0.0205,0.0201,-0.0452,0.0439,0.0327,-0.0496,0.0304,0.0315,-0.0159,-0.0134,0.0524,-0.068,0.0323,0.0175,0.06,-0.0775,-0.1185,0.0386,0.0325,-0.0352,0.0297,-0.0031,0.0315,-0.0658,-0.0102,0.0386,0.0136,-0.0701,0.0076,0.0008,0.0521,-0.0474,-0.0642,0.0109,0.0142,0.0461,-0.0406,0.0022,0.0298,-0.0272,0.0089,0.0053,0.0331,0.0077,-0.106,-0.0698,-0.1079,-0.0445,-0.3528,-0.1976,-0.0486,0.0037,-0.1543,-0.0715,0.031,0.0876,-0.0656,0.0683,0.1112,-0.0713,0.0803,0.0753,-0.0377,0.0297,0.031,-0.03,0.0296,-0.0029,0.0207,0.0519,0.3377,-0.0403,-0.0187,0.0382,-0.021,-0.0199,0.0631,0.0143,0.0385,-0.0753,-0.0904,-0.0313,0.0393,0.0022,0.0363,-0.0533,0.0632,0.0499,-0.0429,0.0555,-0.0241,0.0045,-0.124,-0.1721,0.0388,-0.0286,0.3665,0.3346,1.0,0.8203,-0.0878,-0.0023,0.1513,0.0571,-0.1613,-0.1134,0.0,0.1174,-0.1315,-0.1483,-0.0991,0.0123,-0.0515,0.0072,-0.0962,-0.1138,-0.1181,0.0831,0.0,0.0
p1_dist_prefix_long,0.0134,0.0231,-0.0315,-0.0552,0.0411,-0.1004,0.0287,0.0236,0.0377,0.0984,0.0095,0.0109,0.0492,-0.0984,-0.0117,-0.0021,0.0441,-0.0554,0.0434,-0.1262,-0.1358,-0.2046,-0.1776,-0.2652,-0.2861,0.0267,-0.0243,-0.0289,0.0937,-0.0025,-0.031,-0.1224,-0.0499,0.013,-0.0591,-0.2539,0.0629,0.1141,-0.0354,-0.0689,-0.0091,0.0156,0.0886,-0.3661,0.05,0.33,0.0925,0.2046,0.1412,0.3888,-0.0285,0.1257,0.2514,-0.0107,0.1376,0.057,-0.1698,0.1105,-0.0529,-0.0945,0.0328,0.0146,0.0254,-0.0628,0.0369,0.118,0.0634,0.0063,-0.0752,-0.0932,0.0781,-0.1736,-0.0574,0.0541,-0.0323,0.03,0.0452,-0.0566,-0.0118,0.0675,-0.0406,-0.0219,-0.052,-0.0561,-0.003,0.0377,-0.0034,-0.0653,-0.0297,-0.0048,0.0636,0.0273,-0.1511,0.0263,-0.0568,-0.0296,-0.0348,-0.0148,0.0384,-0.0047,0.0704,0.0221,-0.0362,-0.0044,0.0093,-0.0745,0.1427,-0.1258,-0.108,0.1671,-0.1237,-0.0334,0.1632,0.0011,-0.0555,-0.0487,0.0083,0.0187,-0.0198,0.0251,-0.0469,0.0383,0.0243,-0.0226,0.0043,0.0135,-0.0019,-0.0131,0.0588,-0.0606,0.0175,-0.0232,0.0566,-0.046,0.0943,-0.0364,0.0028,0.0283,0.0142,-0.0173,-0.0104,-0.0647,-0.0232,-0.0101,0.0284,0.0522,-0.0059,0.0161,0.044,-0.0546,0.0806,-0.0327,0.0198,0.031,-0.0386,0.0102,0.037,-0.0365,0.0135,-0.0116,-0.0002,-0.0176,0.043,-0.0584,-0.0173,0.0709,-0.3981,-0.2489,-0.0884,0.0049,-0.1426,-0.0498,0.0342,0.0037,0.0341,-0.0286,0.0752,0.02,0.0048,-0.0433,0.1162,-0.0721,-0.0392,0.1222,-0.0425,0.0068,0.0519,0.1422,0.1852,-0.0478,-0.01,-0.0463,0.0692,0.0297,-0.0251,0.0394,-0.0415,0.0039,-0.0615,-0.026,-0.0505,0.087,0.0516,-0.015,-0.026,-0.0435,0.0414,-0.0259,-0.0225,0.0482,-0.111,-0.1767,0.048,-0.034,0.1402,0.2816,0.8203,1.0,-0.1339,-0.0288,0.1396,0.0103,0.0195,0.104,0.0,0.0189,0.0254,0.0285,0.1089,0.0273,0.0255,0.0233,-0.1258,-0.0044,0.0984,0.0446,0.0,0.0
win_sign_agree10,0.078,0.0739,-0.0683,0.0715,0.0121,0.0559,0.044,-0.0258,0.0249,-0.1669,-0.0122,-0.0032,0.0141,-0.0953,0.032,-0.0292,0.0015,-0.0174,-0.0456,0.0192,0.0081,0.1967,0.2834,0.1652,0.1889,-0.0865,-0.0313,-0.0392,-0.062,-0.0473,-0.0346,0.1497,-0.0319,-0.0223,0.0043,0.2897,0.0091,0.0291,-0.0395,0.1106,0.0649,0.016,0.0578,0.1525,0.018,-0.0934,-0.1221,-0.1038,-0.1566,-0.1176,-0.0675,0.0322,0.0124,0.0342,0.0392,0.027,0.0246,0.0838,0.0623,-0.0446,0.0963,-0.0206,-0.1144,0.0238,0.0841,-0.0055,0.0054,-0.07,0.0822,0.1353,0.064,0.0008,0.1015,0.0449,-0.0401,0.1013,0.1126,-0.0461,-0.0347,-0.2099,-0.0578,0.033,-0.0147,0.0238,-0.0061,0.0032,-0.0091,0.0348,-0.001,0.0259,0.0556,0.0094,0.042,-0.1047,0.1451,-0.0904,0.026,-0.0795,0.0808,-0.0739,-0.0777,0.1036,-0.065,-0.1097,-0.0341,-0.0566,0.0165,-0.0345,-0.0358,0.0262,-0.0177,-0.0023,0.0212,0.0352,-0.0287,0.0386,0.0808,0.0481,-0.1239,-0.0183,-0.0348,0.0017,-0.0315,0.1074,-0.1057,0.0019,-0.012,0.0158,-0.0763,0.0505,0.0108,-0.0221,0.0365,0.0523,-0.175,0.1628,-0.0743,-0.0276,-0.0076,0.0641,-0.0327,0.0265,0.0815,-0.0295,0.0185,-0.1172,0.0707,-0.0634,-0.0108,0.0545,-0.0924,0.02,-0.0528,-0.007,0.0091,0.0315,-0.0193,0.0517,-0.0508,0.0629,-0.1082,0.0295,-0.0051,-0.0064,-0.016,-0.0385,0.2388,-0.1085,0.0964,-0.0124,0.088,0.0054,0.0229,0.0178,0.0035,0.0393,-0.0159,0.0218,0.038,0.0616,-0.1098,0.0565,0.0547,-0.1133,-0.0011,-0.0604,-0.0964,-0.0096,-0.0001,-0.0184,0.0933,-0.0288,-0.0558,-0.0853,-0.0273,0.0642,-0.0396,-0.0095,-0.0175,0.0768,-0.0286,-0.0579,-0.0602,0.0417,-0.0243,-0.0248,0.0403,-0.0505,-0.0314,0.0142,-0.0266,0.051,0.0176,0.0366,-0.2443,-0.3578,-0.0878,-0.1339,1.0,-0.1266,0.0439,0.0069,-0.1163,-0.1744,-0.0076,-0.0411,-0.1144,-0.1795,-0.1663,0.0094,0.0024,0.0311,0.0426,-0.1097,-0.1669,-0.0194,0.0166,0.0315
win_dd_extreme_atr,0.0237,0.0273,-0.0818,0.019,-0.0099,0.0384,0.0114,-0.0204,-0.0,0.0275,0.0697,-0.0048,0.0562,-0.0066,-0.1061,0.0326,0.0352,-0.1413,-0.1959,-0.0296,-0.0471,-0.0228,0.0146,-0.0094,0.0062,0.0527,-0.0319,-0.0503,-0.0183,-0.0445,-0.0078,0.0233,-0.0597,-0.1093,-0.0069,-0.1539,-0.0014,0.0468,-0.0574,0.0294,-0.0328,-0.0187,0.0549,-0.0996,0.0588,0.0594,-0.0169,0.1282,-0.0225,0.0519,-0.0327,0.0294,0.0387,-0.0022,0.039,0.0352,-0.0632,0.0395,0.0301,-0.0803,0.0421,-0.011,-0.03,-0.0104,0.0151,-0.0155,0.0377,-0.0127,-0.0241,-0.0356,0.0496,-0.102,-0.2477,0.064,-0.0514,-0.116,-0.0893,0.2501,-0.2267,0.1595,-0.0511,-0.2746,-0.0524,0.0273,0.0205,-0.0543,0.0062,-0.0586,0.0391,0.0484,-0.037,-0.0254,-0.0566,0.0869,-0.1238,0.2344,0.031,0.1073,-0.2374,0.1964,0.1081,-0.1439,0.0152,-0.0865,0.1725,-0.0523,0.0415,-0.0513,-0.0619,0.0289,-0.03,0.007,0.0265,0.0555,0.0348,0.1153,-0.0325,-0.0309,0.0059,-0.0321,0.0335,0.0322,-0.017,0.0615,-0.0615,0.0411,-0.0684,0.0547,0.0092,0.0048,-0.0143,0.1293,0.0229,-0.0576,-0.0411,-0.0128,0.0139,0.0192,-0.0237,-0.083,0.0593,0.0978,0.0273,-0.0355,-0.0308,0.0045,-0.0911,0.0848,0.0205,0.0283,0.0194,0.0494,-0.0675,-0.0124,-0.0171,-0.0113,-0.0023,0.04,-0.02,0.0662,0.0014,0.0515,0.0251,-0.0602,-0.0051,0.04,-0.1379,0.1654,-0.0779,0.1857,-0.1574,-0.207,-0.018,0.0948,-0.1761,0.1147,-0.0062,-0.1736,-0.0209,-0.0015,-0.0344,-0.039,-0.0139,-0.0322,0.0524,-0.3236,-0.5361,0.0399,0.0306,-0.0038,0.2029,-0.0584,-0.1287,-0.1486,-0.0398,0.1774,-0.0668,-0.1058,-0.1493,0.1834,-0.0466,-0.1607,-0.1373,0.0456,-0.0379,-0.0445,0.05,-0.0716,-0.1107,0.0574,-0.0531,-0.0443,-0.0462,-0.0128,0.1269,0.1526,-0.0023,-0.0288,-0.1266,1.0,-0.0195,-0.0071,-0.0287,-0.0167,-0.011,-0.052,-0.03,-0.0915,-0.0788,-0.0254,-0.0145,-0.034,-0.063,-0.0865,0.0275,-0.0084,-0.0049,-0.0038
win_range_slope,0.3745,0.3759,-0.3003,-0.1779,-0.0092,0.0481,0.1482,0.2038,0.0689,0.0,-0.0238,0.0749,0.1438,-0.2193,0.0295,-0.0761,-0.0087,0.169,0.3198,-0.0907,-0.0874,0.0676,0.22,0.0739,0.1956,0.3174,0.2906,-0.1145,0.4903,-0.1093,-0.1173,0.2796,-0.1249,0.0141,-0.1161,0.1186,-0.014,0.0804,-0.1207,0.0152,0.0397,0.2425,0.1249,-0.0281,0.1371,-0.0011,0.0078,0.0035,0.0462,-0.0146,0.0372,0.3473,0.2369,0.3077,0.4989,0.4677,0.0272,0.5202,0.4033,-0.3178,0.2914,0.0569,-0.4138,0.1056,0.1645,0.227,0.2283,-0.3259,0.1606,0.3543,0.4667,0.0527,0.1478,0.1009,-0.1307,-0.0402,0.0956,-0.3472,0.2663,-0.0046,0.1588,0.1813,-0.1477,0.0142,0.03,-0.0191,0.0123,0.0549,-0.0522,0.0069,-0.073,0.0085,0.0161,0.0722,-0.1065,-0.2413,-0.0525,-0.0984,0.2344,-0.1741,0.0891,0.3266,-0.1642,-0.0142,-0.2211,-0.0686,0.2304,-0.2,-0.1686,0.192,-0.2389,0.0952,0.171,-0.0243,-0.0955,-0.0179,-0.0531,0.0668,0.0376,0.0806,0.0017,-0.0279,0.0493,-0.0294,-0.0123,-0.0639,0.0443,0.0085,0.0572,-0.0549,0.0124,-0.2071,0.0639,-0.1205,-0.2189,0.0201,-0.0057,-0.0326,-0.0078,0.0051,0.0227,-0.012,0.0566,-0.0114,-0.025,0.0,0.0252,-0.0045,-0.0406,0.0519,0.0,-0.16,0.0846,0.0359,-0.0362,0.0648,-0.0408,-0.0196,0.0008,-0.0001,0.0277,0.0117,-0.0151,-0.1207,0.2432,0.2796,0.1268,-0.1003,0.0295,-0.2282,0.4534,0.4693,0.0407,-0.112,0.228,-0.1405,0.0298,0.2015,0.0141,0.0011,0.0182,0.0043,0.0416,-0.0054,0.03,0.2689,0.1169,0.4131,0.3108,-0.1073,-0.149,-0.1431,0.3184,0.1808,-0.1561,-0.1247,-0.1024,0.2894,0.2808,-0.2303,-0.153,0.4351,0.3112,-0.1788,-0.1586,-0.1446,0.1151,-0.0904,0.1142,-0.013,-0.0369,0.0185,0.0712,0.1054,-0.0574,-0.0342,0.1513,0.1396,0.0439,-0.0195,1.0,-0.0133,-0.3726,-0.2251,0.0095,0.0382,-0.4138,-0.2637,-0.2267,0.0085,-0.0476,0.0171,0.0184,-0.0142,0.0,-0.0389,0.0144,-0.0042
gap_pts__na,0.0143,0.0114,-0.0253,0.0198,0.0276,-0.0296,0.0126,0.0172,-0.0167,-0.0177,-0.0054,0.0959,-0.0327,-0.0121,0.0126,0.0977,-0.0671,-0.0365,-0.056,0.0027,0.0415,-0.0178,-0.0409,-0.0233,-0.0399,-0.0568,-0.0335,0.0373,-0.0522,0.05,-0.0184,-0.0467,0.0233,0.0,0.0136,-0.01,-0.1202,0.0003,-0.0067,-0.0014,0.0049,0.0377,0.0059,-0.0296,-0.0322,0.0145,-0.0178,0.0027,-0.0154,0.0273,-0.0127,0.0355,0.0341,0.0313,-0.0292,-0.0305,0.0,-0.0608,-0.0693,0.0,-0.0498,-0.0049,0.0929,-0.0453,0.0,0.0,-0.0375,0.0586,-0.0338,-0.0144,-0.0426,0.0,-0.0715,-0.0256,0.0113,0.0124,-0.038,0.0121,0.0073,0.0471,-0.0592,-0.0278,0.0325,-0.1206,0.0057,0.0359,-0.0523,-0.0085,0.0744,-0.0042,0.003,-0.0095,-0.0207,0.0158,-0.0096,0.0318,-0.0327,0.1137,-0.0418,0.0092,0.0238,0.0291,0.0079,-0.0069,-0.0396,-0.0177,0.0456,-0.0308,-0.0242,-0.02,-0.034,0.0521,-0.0083,-0.0049,-0.0064,-0.0054,-0.009,-0.0235,-0.0386,-0.0081,-0.0064,0.1318,-0.0308,0.0479,-0.0301,-0.0169,0.0225,-0.014,-0.0322,0.0195,0.0067,-0.0354,-0.003,-0.0069,-0.0175,-0.0007,-0.0138,-0.0411,-0.0024,0.035,0.0049,-0.0104,-0.0256,0.0542,-0.0341,-0.0138,0.0366,-0.0347,-0.0034,-0.0024,-0.0085,-0.0278,0.0428,-0.0069,-0.0064,-0.0133,-0.0101,-0.0262,0.0346,0.0386,-0.0356,0.0208,0.0,0.0,0.0,0.0,0.0053,-0.0154,-0.1211,0.0239,-0.0171,-0.0124,0.0045,-0.0199,0.01,0.0,-0.0641,0.016,0.0,-0.0059,-0.0444,0.0057,-0.0419,-0.0342,-0.0529,0.0069,0.0301,-0.0276,0.0482,0.0151,0.0151,-0.0106,0.0029,-0.0078,0.0021,0.0251,-0.0122,-0.0056,-0.0249,0.0132,0.0016,-0.0182,-0.0032,0.0533,-0.0002,0.0001,0.0028,-0.0066,-0.0394,0.011,-0.0353,-0.0523,-0.0311,0.0086,0.1043,0.0984,0.0571,0.0103,0.0069,-0.0071,-0.0133,1.0,-0.0376,-0.0269,0.4991,0.6646,0.0929,-0.0288,-0.0233,-0.0095,0.022,-0.0024,-0.0232,-0.0069,-0.0177,0.8939,0.7062,0.8655
ret_1h_pts__na,-0.7236,-0.712,0.6727,0.1002,-0.2001,-0.2287,-0.2529,-0.2351,-0.1294,0.4709,-0.0421,-0.05,0.017,-0.0124,-0.3178,0.0321,0.0311,0.3166,0.2464,0.2218,0.1871,0.0854,-0.0809,-0.3282,-0.5851,0.2366,0.2246,-0.0389,0.0865,-0.0015,-0.0056,-0.658,0.0053,0.0279,0.0,0.1714,0.038,-0.0142,-0.017,-0.0306,0.0089,-0.5048,-0.1423,0.0572,0.0151,-0.0662,-0.0049,-0.0096,0.0305,-0.0146,0.091,-0.6526,-0.562,-0.5361,-0.2146,-0.1338,0.0177,-0.2341,-0.3514,-0.1111,-0.3237,-0.0376,0.609,-0.2993,0.0997,-0.0695,-0.2757,0.4414,-0.2612,-0.0268,-0.1626,0.027,0.3596,0.0198,0.0267,0.0154,0.0384,-0.2229,0.2966,-0.0479,0.1927,0.2469,-0.0183,-0.1269,-0.0754,0.0078,-0.088,0.0265,-0.0893,0.0156,-0.0066,0.0569,-0.054,0.0245,0.0122,-0.07,0.0185,-0.0636,0.0582,-0.0488,-0.109,-0.0168,0.0714,0.0947,-0.0693,0.1416,-0.4906,0.4587,0.4132,-0.3732,0.5167,-0.2704,-0.3257,-0.0376,0.0134,-0.0421,0.0238,0.02,0.0022,0.0638,-0.0498,-0.072,0.0282,-0.0207,-0.0022,-0.0424,0.0551,-0.0331,-0.0431,0.0585,-0.0297,-0.1513,-0.013,0.0385,0.4658,-0.1965,-0.0651,0.2056,-0.0188,-0.0541,-0.1306,-0.0209,-0.0902,-0.1254,0.0676,0.3663,-0.0574,0.0555,-0.0266,-0.0188,0.2252,0.0215,-0.0072,0.0059,0.045,-0.0241,0.0035,-0.0526,0.0415,-0.1124,-0.0394,-0.0449,0.0329,-0.0277,0.2654,0.277,0.0567,-0.0159,-0.0297,0.0029,-0.0743,0.0226,0.0287,-0.2165,0.2699,-0.178,-0.1546,0.2454,-0.1482,-0.2635,0.4146,-0.2467,-0.1935,0.3932,-0.2015,0.1721,0.047,0.0935,-0.6251,-0.0281,-0.1856,-0.0226,0.1994,0.2173,-0.0334,-0.136,0.0032,0.1343,0.1498,-0.1503,-0.021,0.1938,0.1175,-0.0867,-0.028,-0.0603,-0.0012,0.0171,0.1162,-0.0446,0.1463,-0.037,-0.0846,-0.1076,-0.1856,-0.0646,-0.1613,0.0195,-0.1163,-0.0287,-0.3726,-0.0376,1.0,0.7156,-0.0188,-0.0007,0.609,0.6907,0.62,0.0569,0.1575,-0.0188,-0.0239,0.0947,0.4709,-0.0047,-0.0266,-0.0325
er_1h__na,-0.5817,-0.5569,0.5013,-0.1614,-0.1432,-0.1637,-0.181,-0.1682,-0.0926,0.658,-0.0301,-0.0447,0.0518,-0.0448,-0.426,0.0676,0.01,0.3095,0.2657,0.1876,0.1666,-0.0441,-0.2375,-0.3222,-0.501,0.2628,0.2408,-0.0619,0.1362,-0.042,-0.0266,-0.5278,-0.0433,0.0378,0.0,0.0,0.0111,0.0216,-0.0384,-0.0282,0.0741,-0.4547,-0.127,0.0022,0.0474,0.0222,0.0451,0.0035,0.0408,0.0362,0.0277,-0.5285,-0.4605,-0.432,0.0,0.0,0.0831,0.0,0.0,0.0,-0.2755,-0.0269,0.5135,-0.2505,0.0,0.0,-0.2072,0.3243,-0.1869,0.1598,0.1293,0.0592,0.3401,0.0384,0.0015,0.0239,0.0629,-0.2857,0.3378,-0.0898,0.1802,0.2515,-0.0528,-0.0849,-0.0971,0.0164,-0.043,0.0341,-0.0934,0.0366,-0.0833,0.0555,-0.009,0.08,-0.0803,-0.0925,-0.0216,-0.0538,0.082,-0.0463,-0.1043,-0.0075,0.1082,0.1091,-0.1179,0.1849,-0.3609,0.3393,0.3066,-0.2793,0.3833,-0.1935,-0.2478,-0.0269,0.0037,-0.0301,0.0046,0.0372,-0.0096,0.081,-0.0357,-0.0496,0.0342,-0.0052,-0.0281,-0.0308,0.0506,-0.0401,-0.0359,0.0542,-0.0313,-0.151,0.002,0.0031,0.651,-0.303,-0.0651,0.2588,-0.0134,-0.0688,-0.1644,0.0165,-0.1081,-0.1616,0.0403,0.5119,-0.0703,0.0698,-0.019,-0.0134,0.3147,-0.0487,0.0346,0.0355,0.043,0.0048,-0.0051,-0.09,0.0554,-0.1203,-0.0725,-0.0317,0.0147,-0.0428,0.3086,0.3259,0.0375,-0.0616,-0.0683,-0.02,-0.1287,-0.0131,0.0175,-0.1948,0.2425,-0.1822,-0.1001,0.2138,-0.1362,-0.2134,0.3762,-0.2482,-0.1241,0.3537,-0.1645,0.1863,0.0585,0.2484,-0.5221,-0.0513,-0.1925,-0.0513,0.2407,0.2711,-0.0598,-0.1532,-0.0202,0.1834,0.1878,-0.1678,-0.0516,0.2478,0.1664,-0.07,-0.0592,-0.0736,0.0237,-0.0049,0.1201,-0.008,0.0701,-0.0692,-0.0252,-0.108,-0.1582,-0.0059,-0.1134,0.104,-0.1744,-0.0167,-0.2251,-0.0269,0.7156,1.0,-0.0134,0.029,0.5135,0.6902,0.8664,0.0555,0.1658,-0.0134,0.0166,0.1091,0.658,0.0164,-0.019,-0.0233
bars_since_prev_choch__na,-0.0307,-0.0304,-0.0126,0.0832,-0.0129,-0.0148,-0.0163,-0.0152,-0.0084,-0.0088,-0.0027,0.0478,-0.0337,-0.0374,0.0063,0.0487,-0.0342,0.0253,0.0046,0.0337,0.0461,0.012,-0.0243,-0.0182,-0.0468,-0.0096,0.0229,0.0449,-0.0007,0.0296,-0.0042,-0.0468,0.025,0.0,0.0216,-0.0441,-0.0602,-0.0018,-0.0218,-0.0112,0.0374,0.0188,0.0016,0.0,-0.0335,-0.0498,-0.0439,-0.02,0.022,-0.0451,-0.0333,-0.0328,-0.0381,-0.0179,-0.0232,-0.0113,0.0,-0.0457,-0.0552,0.0,-0.0249,-0.0024,0.0463,-0.0226,0.0,0.0,-0.0187,0.0293,-0.0169,-0.0424,-0.045,0.0,-0.0357,-0.0429,0.0215,-0.0236,-0.0418,-0.0255,0.0233,0.0306,-0.0151,0.0207,0.0337,-0.0606,-0.0271,0.0353,0.0,-0.0168,0.0532,-0.0021,-0.0574,-0.0047,-0.0103,0.0781,-0.0524,0.048,-0.0163,0.1233,-0.0384,-0.0173,0.0582,0.032,-0.0177,-0.0034,-0.0197,-0.0296,-0.033,0.0311,0.0282,-0.0258,0.0352,-0.0175,-0.0231,-0.0024,-0.0032,-0.0027,0.0306,-0.0117,-0.0193,-0.004,-0.0032,-0.0086,-0.0154,0.0239,-0.015,-0.0085,0.0112,-0.007,-0.0161,0.0276,-0.018,-0.0177,-0.0211,0.0538,-0.0087,0.0345,-0.0424,-0.0205,-0.0012,0.0564,-0.0325,-0.0052,-0.0128,0.0271,-0.017,-0.0069,0.0576,-0.0562,-0.0017,-0.0012,-0.0042,-0.0139,0.0214,-0.0034,-0.0032,-0.0066,-0.005,-0.0131,0.0173,-0.0205,-0.0178,-0.0259,0.0,0.0,0.0,0.0,0.0,0.0,-0.0607,0.0187,0.0281,0.0304,0.0022,-0.0301,0.0294,0.0,-0.0459,0.0302,0.0,-0.0335,-0.0064,0.0,-0.0442,-0.005,0.0,0.0325,0.0062,0.0,-0.0305,-0.0071,-0.0061,-0.0216,0.0391,0.0461,-0.0216,0.0021,-0.0216,0.0315,0.0492,0.0021,-0.0216,0.029,0.0478,0.0069,-0.0216,-0.0216,0.0216,-0.0216,-0.0029,-0.0176,0.0224,-0.0185,-0.0172,0.0105,0.0,0.0,0.0,0.0,-0.0076,-0.011,0.0095,0.4991,-0.0188,-0.0134,1.0,0.3317,0.0463,-0.0144,-0.0116,-0.0047,0.0861,-0.0012,-0.0116,-0.0034,-0.0088,0.4461,0.7067,0.5767
sess_cumvol_ratio20s__na,-0.0004,-0.0026,0.0347,-0.0111,-0.0032,-0.0121,0.0114,0.0179,-0.0252,-0.0266,-0.0082,0.044,-0.0317,0.0098,0.0189,0.1202,-0.0947,0.0383,0.0206,0.0101,0.0587,0.0003,-0.012,-0.0199,-0.0138,0.0077,0.0266,0.0398,0.0027,0.0442,-0.0186,-0.0403,0.0196,0.0185,-0.0171,0.0354,-0.1798,-0.0198,0.0155,-0.0395,-0.0043,0.001,-0.0248,-0.0297,-0.0309,0.0082,-0.0072,-0.0055,0.0387,0.0393,0.0381,0.0091,-0.0091,0.0258,0.0198,0.038,0.0,0.0109,0.0126,-0.0441,-0.0503,-0.0073,0.0669,-0.0171,-0.0207,0.0819,-0.0284,0.0172,0.0086,0.0247,0.0221,0.0066,0.0235,-0.0331,0.0195,-0.0093,-0.076,-0.0172,0.0881,0.0339,-0.0112,0.0242,0.0314,-0.1468,-0.01,0.0598,-0.0447,-0.0045,0.0196,-0.0063,0.0373,-0.0143,-0.0312,-0.0154,0.0035,-0.003,-0.0189,0.0595,0.0015,-0.0227,-0.0466,-0.0206,0.0335,-0.0104,-0.0052,0.044,-0.0078,0.0136,0.0131,-0.0566,0.0129,0.0347,-0.0442,-0.0073,-0.0097,-0.0082,-0.0018,0.0033,-0.0306,-0.0122,-0.0097,0.0736,-0.0149,0.0222,-0.0133,-0.0255,0.0339,-0.0211,0.0129,-0.0126,0.003,-0.0532,0.0153,-0.0168,0.023,-0.0127,-0.0088,-0.0352,-0.0037,0.0395,-0.0043,-0.0157,-0.0024,0.0334,-0.0217,-0.0207,0.0419,-0.0392,-0.0052,-0.0037,-0.0127,-0.0418,0.0383,-0.0104,-0.0097,0.0433,-0.0152,-0.0394,0.0227,0.0181,-0.0248,-0.0052,0.0,0.0,0.0,0.0,0.0515,0.0152,-0.0582,0.0234,0.0278,0.0473,0.0067,-0.0498,0.034,-0.0006,-0.1084,0.0369,-0.0526,-0.058,0.0046,-0.0103,-0.0775,0.0107,-0.0762,0.0822,0.0864,0.0142,0.0286,0.0085,-0.0553,-0.0045,0.0533,0.0599,0.0038,-0.0389,0.0113,0.0393,0.0334,-0.0402,0.0056,0.0462,0.0392,0.011,0.0028,0.0116,-0.013,0.0181,0.0135,-0.0224,-0.0397,-0.0404,-0.0006,-0.0282,0.1304,0.0313,0.1174,0.0189,-0.0411,-0.052,0.0382,0.6646,-0.0007,0.029,0.3317,1.0,0.0669,0.0229,0.0425,-0.0143,0.0583,-0.0037,-0.0348,-0.0104,-0.0266,0.7435,0.4694,0.5752
hv2_bars_since__na,-0.7244,-0.72,0.404,0.3302,0.0767,-0.2065,-0.3065,-0.3139,-0.1803,0.3379,-0.0586,-0.0315,-0.0217,-0.0236,-0.2255,0.0458,-0.0145,0.1441,0.011,0.2058,0.194,0.0115,-0.2003,-0.1949,-0.4219,-0.0145,0.067,0.0092,-0.107,0.0168,0.0237,-0.613,0.0305,-0.0444,0.0533,0.0093,-0.0131,-0.0195,0.0093,-0.0249,0.0124,-0.437,-0.125,0.0354,-0.0213,-0.0311,0.0042,-0.0314,0.009,0.0038,0.0254,-0.6518,-0.4954,-0.572,-0.4353,-0.3859,0.0236,-0.5683,-0.707,0.0,-0.5365,-0.0524,1.0,-0.4878,0.0,0.0,-0.4036,0.6315,-0.3639,-0.3284,-0.4882,0.0195,0.1406,-0.0179,0.0423,-0.0294,-0.025,-0.0153,0.0602,-0.0183,0.0337,0.0739,0.0199,-0.101,-0.0405,0.016,-0.0763,0.0121,-0.0478,0.0385,-0.0507,0.0489,0.0169,0.0242,-0.0349,0.0031,0.0147,-0.0193,0.0029,-0.0051,-0.0798,-0.0841,0.0689,0.0544,0.0205,0.0687,-0.4369,0.3821,0.3244,-0.3515,0.4276,-0.2132,-0.2788,-0.0161,0.0406,0.0064,0.0045,0.0475,-0.0297,0.0227,-0.042,-0.025,-0.0457,0.0357,0.0007,-0.0285,0.0271,-0.0071,-0.0485,0.0988,-0.0728,-0.0811,-0.0176,0.0219,0.3343,-0.1535,-0.0815,0.2026,-0.0262,-0.0635,-0.119,0.0087,-0.0885,-0.1238,0.1064,0.2628,-0.0725,0.0654,0.0143,-0.0262,0.1616,0.0677,-0.0309,-0.0228,0.0131,-0.0063,-0.0024,-0.0521,0.0494,-0.0798,-0.0603,-0.0391,-0.0052,-0.0235,0.0649,0.0044,-0.0374,0.0136,-0.0817,0.0816,-0.1954,-0.1441,-0.0018,-0.1587,0.152,-0.1408,-0.1196,0.1411,-0.1162,-0.2216,0.2849,-0.1942,-0.1846,0.28,-0.1864,0.0275,-0.0323,-0.1924,-0.5537,-0.0043,-0.0414,0.0127,0.0085,0.0544,0.0104,-0.0132,0.025,-0.0275,-0.0012,0.0128,0.0134,-0.036,-0.0387,-0.0259,0.0205,-0.0122,-0.0186,0.0291,0.0474,-0.042,0.1247,-0.0164,-0.0526,-0.0726,-0.0802,0.016,-0.1315,0.0254,-0.1144,-0.03,-0.4138,0.0929,0.609,0.5135,0.0463,0.0669,1.0,0.4629,0.4449,0.0489,0.1027,-0.0262,0.0372,0.0544,0.3379,0.1039,0.0656,0.0804
vol_ratio20_at_choch__na,-0.5457,-0.5522,0.6652,-0.0759,-0.1425,-0.1654,-0.1755,-0.1798,-0.099,0.3276,-0.0322,-0.028,-0.0008,0.0114,0.0743,0.0401,0.0011,0.3056,0.2606,0.1745,0.1568,0.0359,-0.1373,-0.2641,-0.4644,0.2299,0.1851,0.0041,0.0831,0.0002,0.0054,-0.5103,0.0052,0.0574,-0.0126,0.0639,0.0034,-0.0195,0.0078,-0.0351,0.0359,-0.4255,-0.1245,0.0483,0.0022,-0.0372,0.0327,-0.0556,0.0428,0.0075,0.0921,-0.4924,-0.4275,-0.4128,-0.0676,-0.0236,0.0652,-0.1013,-0.1787,-0.1253,-0.2654,-0.0288,0.4629,-0.2075,0.0809,0.0255,-0.2132,0.3187,-0.1735,0.0,-0.1084,0.0439,0.3779,-0.0103,0.0487,0.0033,0.0266,-0.2046,0.326,-0.0751,0.2982,0.2251,-0.0002,-0.1148,-0.072,-0.0009,-0.0408,0.0378,-0.1347,-0.0249,-0.0678,0.0726,0.0285,0.0378,-0.0341,-0.0671,-0.0058,-0.0639,0.0496,-0.0145,-0.1116,-0.0489,0.0975,0.1346,-0.0657,0.1903,-0.3813,0.3565,0.3214,-0.293,0.4036,-0.2068,-0.2582,-0.0288,-0.0006,-0.0322,0.009,0.0318,-0.0015,0.072,-0.0381,-0.0583,-0.015,-0.0184,0.0388,-0.0402,0.0391,-0.0116,-0.0638,0.0307,0.0229,-0.0899,-0.002,0.0117,0.5219,-0.2376,-0.0324,0.1732,-0.0144,-0.0701,-0.0881,0.0326,-0.0769,-0.1051,0.0688,0.244,-0.0707,0.0711,-0.0203,-0.0144,0.2084,-0.0042,0.0064,-0.0057,0.0368,0.0147,-0.0114,-0.0399,0.0231,-0.086,-0.0156,-0.0205,0.0051,0.0005,0.253,0.2506,0.028,-0.0704,-0.0406,-0.0287,-0.1105,0.011,0.0226,-0.1933,0.231,-0.1753,-0.0771,0.2042,-0.1156,-0.2127,0.3467,-0.2062,-0.1358,0.326,-0.176,0.1882,0.0886,0.1376,-0.4754,-0.0094,-0.1818,0.0045,0.1624,0.2219,-0.0126,-0.1384,0.0236,0.1088,0.1267,-0.1554,0.0019,0.1678,0.1427,-0.0233,-0.0121,-0.032,-0.0272,0.0328,0.1049,-0.0119,0.0955,-0.0318,-0.0556,-0.0865,-0.1889,-0.0985,-0.1483,0.0285,-0.1795,-0.0915,-0.2637,-0.0288,0.6907,0.6902,-0.0144,0.0229,0.4629,1.0,0.8107,0.0726,0.1102,-0.0144,0.0584,0.1346,0.3276,0.0121,-0.0203,-0.0249
vol_max_ratio20_choch_to_k__na,-0.4917,-0.4825,0.5447,-0.1398,-0.124,-0.1418,-0.1568,-0.1458,-0.0802,0.4217,-0.0261,-0.0388,0.0146,-0.1533,0.0603,0.0528,0.0038,0.2566,0.2079,0.1683,0.1519,0.0148,-0.1563,-0.2389,-0.4132,0.1528,0.1683,-0.0017,0.0627,-0.0092,-0.0032,-0.4416,-0.0123,0.049,0.0,0.0,0.0086,0.0864,-0.124,0.0355,0.0679,-0.4735,-0.0215,-0.0127,0.017,0.0284,0.0118,0.0224,0.002,0.0562,0.0149,-0.4418,-0.35,-0.402,0.0,0.0,0.0951,0.0,0.0,0.0,-0.2387,-0.0233,0.4449,-0.217,0.0,0.0,-0.1796,0.281,-0.1619,0.0,0.0,0.0596,0.3375,-0.0006,0.0456,0.0222,0.0378,-0.2635,0.2782,-0.0851,0.2273,0.1725,-0.0154,-0.076,-0.0639,0.033,-0.054,0.0182,-0.1013,-0.0202,-0.0517,0.045,-0.0403,0.0783,-0.0937,-0.0924,-0.0311,-0.0482,0.0767,-0.0342,-0.0796,0.0079,0.0701,0.1314,-0.1051,0.1547,-0.3114,0.2925,0.2643,-0.2404,0.3302,-0.1676,-0.2127,-0.0233,0.013,-0.0261,0.0501,0.0075,-0.0427,0.1017,-0.0309,-0.0658,-0.0062,0.0227,-0.0228,-0.046,0.0528,-0.0254,-0.059,0.0501,-0.0048,-0.1196,0.0154,0.0396,0.6491,-0.2569,-0.0619,0.1804,-0.0116,-0.0352,-0.1258,0.0329,-0.0853,-0.106,0.0411,0.3154,-0.0383,0.0361,-0.0165,-0.0116,0.2623,-0.0276,0.0154,0.0081,0.057,0.0238,0.0083,-0.0643,0.0241,-0.0958,-0.0515,-0.0138,0.0109,0.0019,0.2411,0.2492,-0.0273,-0.1016,-0.0416,-0.0188,-0.1311,-0.0173,0.0169,-0.1897,0.2463,-0.1861,-0.0693,0.2146,-0.1093,-0.1806,0.3378,-0.2135,-0.1113,0.3174,-0.1661,0.1603,0.0689,0.1806,-0.4347,-0.0244,-0.1009,-0.1238,0.2408,0.2247,-0.1335,-0.0596,-0.1052,0.2046,0.1515,-0.0735,-0.1292,0.2321,0.1248,-0.0388,-0.134,-0.1371,0.1161,-0.1031,0.0497,0.0534,0.0745,-0.0583,-0.0198,-0.1063,-0.1765,-0.0624,-0.0991,0.1089,-0.1663,-0.0788,-0.2267,-0.0233,0.62,0.8664,-0.0116,0.0425,0.4449,0.8107,1.0,0.045,0.1199,-0.0116,-0.0167,0.1314,0.4217,0.0258,-0.0165,-0.0202
dist_prot_dir_atr__na,-0.0423,-0.035,0.0073,0.0195,-0.0227,-0.0577,-0.0166,0.0397,-0.0326,0.0795,-0.0106,0.0242,0.0496,-0.0332,-0.0274,0.0257,-0.0449,0.0466,0.0758,-0.0068,0.0192,-0.0138,-0.0149,-0.0671,-0.0698,0.0651,-0.001,-0.0519,0.0037,-0.0479,-0.0638,-0.0483,-0.045,0.034,-0.0776,0.0244,-0.0336,0.0322,-0.0275,-0.013,0.0368,-0.0348,0.0291,-0.1042,0.0506,0.0492,0.0446,0.1101,0.0466,0.0751,0.0433,-0.0083,0.0205,-0.0252,-0.0057,-0.0085,-0.0075,0.004,-0.0362,-0.0031,-0.0013,-0.0095,0.0489,-0.0486,0.0215,0.0106,-0.0296,0.0591,-0.0428,0.0356,-0.0042,0.0109,0.0,0.062,-0.0467,-0.0341,0.0643,-0.0104,-0.0119,-0.0189,0.0723,0.0196,-0.05,0.0029,-0.0007,-0.0615,0.075,0.0311,0.0,-0.0082,-0.2243,1.0,-0.0404,-0.0606,0.0,0.0203,0.0069,0.0309,-0.0223,0.0009,-0.0198,0.0157,-0.0016,-0.0134,-0.0137,-0.0092,-0.0238,0.0465,0.0406,-0.045,0.0288,-0.0003,-0.031,-0.0095,-0.0126,-0.0106,0.0464,0.0142,-0.054,-0.0158,-0.0126,0.005,-0.0356,0.0546,-0.0339,0.0065,0.0129,-0.0273,-0.0628,0.0706,-0.0258,-0.0016,0.0607,-0.0086,0.0426,0.0259,-0.0731,0.0442,-0.0047,0.0174,-0.054,-0.0203,0.0062,-0.044,0.0486,0.0208,0.0202,-0.017,-0.0067,-0.0047,0.0593,-0.0014,-0.0182,-0.0134,-0.0126,-0.0259,-0.0197,0.0041,0.0219,-0.018,-0.0471,-0.0446,-0.0532,-0.0675,0.0232,0.035,-0.0315,-0.0265,-0.0157,0.0057,0.0171,0.0219,0.0078,-0.0639,0.057,-0.0381,-0.0479,0.0566,-0.0335,0.0104,0.0418,-0.0421,-0.0222,0.0358,-0.0119,-0.0169,-0.0398,0.0043,0.0024,-0.0702,0.0272,-0.033,0.0165,-0.0308,-0.0314,0.0441,-0.0219,-0.0036,-0.01,0.024,-0.0356,0.0215,-0.0227,0.0053,-0.0297,-0.0239,0.032,-0.0242,0.0085,0.017,-0.008,0.0123,0.0235,0.0101,-0.0354,-0.0037,0.0123,0.0273,0.0094,-0.0254,0.0085,-0.0095,0.0569,0.0555,-0.0047,-0.0143,0.0489,0.0726,0.045,1.0,-0.0028,-0.0047,0.4097,-0.0134,0.0795,-0.0106,-0.0067,-0.0082
room_ahead_dist_atr__na,-0.1744,-0.1632,0.1035,0.0071,-0.0111,0.0223,-0.099,-0.0717,-0.0203,0.1312,-0.0315,0.0052,0.1313,0.0271,-0.1467,-0.0102,0.0013,0.1581,0.1215,0.1117,0.1051,0.0406,-0.048,-0.0328,-0.1092,0.1586,0.1101,-0.1186,0.0465,-0.0842,-0.1269,-0.1582,-0.1294,0.0035,-0.1484,0.0016,-0.0272,0.0106,0.0251,-0.0067,0.0424,-0.1227,-0.0353,-0.0044,0.1342,0.0479,0.0156,0.005,0.0101,0.0505,-0.0344,-0.1673,-0.1271,-0.1478,0.0487,0.0492,0.1244,0.0341,-0.0223,-0.1211,0.0281,-0.0282,0.1027,-0.1328,0.1179,0.0257,-0.0333,0.0922,-0.0804,0.0445,0.0604,0.1458,0.1844,0.0764,-0.0865,0.023,0.0948,-0.1534,0.1655,0.0002,0.0789,0.084,-0.1323,-0.1485,-0.4583,-0.1126,0.0,0.2472,-0.0644,-0.0244,-0.0458,-0.0028,0.0586,0.0165,0.0022,0.2208,0.3179,0.0191,-0.2004,-0.0691,0.0063,-0.0064,0.0369,-0.0044,-0.0262,0.0902,-0.1411,0.1277,0.1177,-0.0942,0.1513,-0.1071,-0.0711,-0.0282,0.0387,-0.0315,-0.0312,0.1292,0.0144,-0.0166,-0.0374,-0.1004,0.0475,0.0016,-0.0503,-0.007,0.0471,-0.0631,-0.0674,0.1059,-0.0635,-0.0668,0.0379,-0.0708,0.1935,-0.1224,-0.2006,0.0963,-0.0141,0.109,-0.1811,-0.0126,-0.1483,0.0121,0.1208,-0.0065,0.102,-0.1077,-0.0199,-0.0141,0.1839,-0.1001,0.1386,-0.04,0.0006,-0.0771,-0.0586,-0.1517,0.1917,-0.2303,0.0257,-0.2722,-0.0097,-0.1243,0.1646,0.1455,0.1268,0.065,-0.0221,-0.0055,0.0368,0.0626,0.024,-0.0864,0.1064,-0.0752,-0.1108,0.0949,-0.1127,-0.0986,0.1459,-0.0751,-0.0673,0.1316,-0.0562,0.1075,0.0561,0.1245,-0.132,-0.1119,-0.0816,0.0155,0.043,0.1128,0.0013,-0.0745,0.0341,0.039,0.1249,-0.0967,0.0253,0.0617,0.0989,0.0136,0.0088,0.0054,-0.0301,0.0224,0.0577,0.0042,0.0308,0.0146,0.0466,-0.0023,-0.0851,-0.028,-0.0515,0.0255,0.0024,-0.0145,-0.0476,0.022,0.1575,0.1658,0.0861,0.0583,0.1027,0.1102,0.1199,-0.0028,1.0,-0.0141,0.0523,-0.0044,0.1312,0.0583,0.051,0.0335
room_behind_dist_atr__na,0.0244,0.0231,-0.0126,-0.0146,-0.0129,-0.0148,0.0742,-0.0152,-0.0084,-0.0088,-0.0027,-0.0497,-0.0337,0.0159,0.0063,0.0404,0.0316,0.0266,-0.0408,0.0585,0.0504,0.0545,0.0131,0.0596,0.0542,-0.0375,0.0452,0.0215,-0.0108,0.0424,-0.0596,0.0541,-0.0103,-0.0599,0.0612,0.0061,0.021,-0.0453,0.0521,-0.0325,-0.0325,0.0188,-0.0453,-0.0416,-0.0335,-0.017,-0.0103,0.0427,0.022,-0.0109,0.0026,-0.0018,-0.0032,0.0088,0.0034,-0.0399,0.06,0.0148,-0.0004,0.0163,0.0487,-0.0024,-0.0262,-0.0226,-0.0821,-0.0336,-0.0187,0.0293,-0.0169,0.0356,0.0116,0.0576,0.0186,-0.009,0.0087,-0.0236,-0.0418,0.0412,-0.043,0.0306,-0.0247,0.0544,0.0337,0.0309,0.0602,-0.0343,0.0622,0.0,-0.0278,-0.0021,0.0211,-0.0047,-0.0103,-0.0155,0.0398,-0.0301,-0.0163,-0.0098,0.0316,-0.0173,-0.0034,-0.0379,-0.0177,-0.0034,0.0614,-0.0296,-0.033,0.0311,0.0282,-0.0258,0.0352,-0.0175,-0.0231,-0.0024,-0.0032,-0.0027,-0.0396,0.1035,-0.0193,-0.004,-0.0032,-0.0086,-0.0154,0.0239,-0.015,-0.0085,0.0112,-0.007,-0.0161,0.0276,-0.018,-0.0177,-0.0211,-0.0225,-0.0087,-0.0352,-0.0424,0.0591,-0.0012,-0.0215,-0.0325,-0.0052,-0.0128,-0.0448,0.0713,-0.0069,-0.021,0.0216,-0.0017,-0.0012,-0.0042,-0.0139,0.0214,-0.0034,-0.0032,-0.0066,-0.005,-0.0131,0.0173,-0.0205,-0.0178,-0.0259,0.0289,0.0077,0.0037,-0.0396,0.0056,-0.0457,0.0606,-0.0312,-0.0081,-0.0232,0.0022,0.0007,0.0277,0.0261,-0.0254,0.0338,-0.0038,0.0193,-0.0596,0.0354,-0.0034,-0.0595,0.014,-0.0185,-0.0483,-0.001,0.0146,-0.0459,-0.0274,0.0601,-0.0582,0.0102,0.0454,-0.0255,0.0667,-0.0548,0.0223,-0.0407,0.0736,-0.0591,0.0138,0.0069,0.0531,0.0736,-0.0687,0.0359,-0.0607,-0.0472,0.0224,0.0553,0.0526,0.0405,-0.042,-0.0518,0.0072,0.0233,0.0311,-0.034,0.0171,-0.0024,-0.0188,-0.0134,-0.0012,-0.0037,-0.0262,-0.0144,-0.0116,-0.0047,-0.0141,1.0,-0.0116,-0.0034,-0.0088,-0.0027,-0.0017,-0.0021
touch_prot_bars_ago__na,-0.0688,-0.0669,-0.0193,0.0431,0.0878,-0.0282,-0.0505,-0.0122,-0.044,0.0346,-0.0259,0.022,-0.0138,0.2,-0.0561,0.0763,-0.0259,0.1203,0.0758,0.1069,0.1211,0.0764,0.0012,0.071,0.0354,0.1274,0.0923,0.0287,0.0328,0.0442,0.008,-0.025,0.0337,0.0367,-0.0002,0.1878,-0.0322,-0.0966,0.1437,-0.0175,-0.0091,0.0055,-0.1154,0.1686,-0.0114,-0.093,0.0153,-0.2001,0.0076,-0.1374,0.02,-0.1161,-0.1639,-0.0388,0.0001,0.0228,0.0821,0.0116,0.0051,-0.0135,-0.006,-0.0232,0.0372,-0.0294,0.0246,0.0613,-0.0424,0.0489,-0.0164,0.0134,0.0464,0.0265,0.3581,-0.0046,-0.0045,0.0044,0.034,0.012,0.0198,-0.159,0.0653,0.1166,0.013,0.0139,-0.0299,-0.0843,0.0368,0.0513,-0.5064,-0.02,-0.5476,0.4097,0.8949,-0.148,0.0,-0.0124,0.0127,0.0146,0.0165,-0.0425,-0.1305,-0.0607,0.0926,0.0912,-0.0373,0.0609,-0.1516,0.1208,0.0941,-0.0978,0.1417,-0.116,-0.0529,-0.0232,-0.0307,0.0263,-0.0103,0.0356,-0.0025,0.0321,-0.0307,-0.0132,-0.0591,0.0374,0.0122,0.0077,-0.0036,-0.0037,-0.0681,0.0721,-0.0226,-0.0379,0.0179,-0.0286,0.0023,-0.0113,-0.0738,0.0634,-0.0116,0.0033,-0.0578,0.0614,-0.0216,-0.0428,0.0536,-0.0017,0.0097,-0.0024,-0.0164,-0.0116,0.0274,-0.0261,0.0312,-0.0328,-0.0307,0.0247,-0.0481,-0.0385,0.0527,-0.0569,-0.0098,-0.0531,-0.0243,-0.0009,0.0663,0.0348,0.0853,0.0732,0.0218,-0.0407,0.0599,0.0349,-0.0499,-0.104,0.0699,-0.0587,-0.0743,0.0836,-0.0645,-0.0395,0.1029,-0.0633,-0.045,0.1047,-0.0293,0.0668,0.014,-0.0163,-0.1107,0.011,-0.0987,0.1309,-0.0676,0.0389,0.1163,-0.1006,0.1157,-0.0565,-0.0035,-0.1183,0.1309,-0.0541,0.0535,0.0586,0.1019,0.1156,-0.1508,0.1272,0.0971,-0.0214,-0.0098,0.0282,-0.0444,0.0638,-0.0282,-0.0598,-0.0962,-0.1258,0.0426,-0.063,0.0184,-0.0232,-0.0239,0.0166,-0.0116,-0.0348,0.0372,0.0584,-0.0167,0.4097,0.0523,-0.0116,1.0,0.0912,0.0346,-0.0259,-0.0164,-0.02
touch_swing_bars_ago__na,-0.0846,-0.0835,0.1184,-0.0414,0.0391,-0.042,-0.0464,-0.0094,-0.0237,0.0267,-0.0077,0.013,-0.0464,0.0552,0.0178,0.0014,0.0854,0.0831,0.0593,0.06,0.0282,0.0237,-0.0284,-0.0323,-0.0651,0.0493,0.0603,0.0547,0.0254,0.0575,0.0421,-0.0936,0.0643,0.0876,-0.016,0.0319,0.0844,0.0443,-0.0357,0.0579,0.0565,-0.0942,-0.0122,0.0354,-0.0456,0.0407,-0.0323,-0.0904,-0.0429,0.0287,-0.0685,-0.0884,-0.0835,-0.0689,0.0454,0.0646,0.0307,0.0314,0.0599,-0.0277,-0.0184,-0.0069,0.0544,-0.0372,0.0401,0.0965,0.0062,0.0078,-0.0164,0.0363,0.0741,0.1025,0.1459,-0.0802,0.0859,0.1631,0.1277,-0.1431,0.1225,-0.1634,0.0465,0.0828,0.0461,0.0068,0.0629,0.0262,-0.0391,-0.0199,-0.1126,-0.006,-0.0237,-0.0134,0.1065,-0.0441,0.0813,-0.048,-0.0464,0.0193,0.0401,-0.018,-0.1789,-0.1077,-0.0502,1.0,-0.0561,0.0,-0.0577,0.0391,0.0292,-0.0284,0.0506,-0.0496,-0.0118,-0.0069,-0.0091,-0.0077,-0.0377,-0.0333,0.0619,0.0964,-0.0091,-0.0246,0.0232,-0.0909,0.093,-0.024,0.0319,-0.0199,-0.0131,-0.0739,0.1005,-0.0502,-0.0321,-0.0098,0.0798,-0.0751,0.0813,-0.03,-0.0034,-0.0058,0.0317,-0.0148,-0.0363,0.0513,-0.0483,0.0455,-0.0039,0.006,-0.0049,-0.0034,-0.012,-0.0394,0.0607,-0.0098,-0.0091,-0.0189,0.0727,-0.0371,0.018,-0.03,0.0715,0.0037,0.0894,0.0843,0.0521,0.0676,0.0046,0.0232,-0.0384,-0.0153,0.0131,0.035,0.0059,-0.0792,0.0746,-0.0445,-0.0267,0.0704,-0.0629,-0.0715,0.1107,-0.0658,-0.0635,0.1086,-0.072,0.062,0.0716,0.0479,-0.0893,0.0241,-0.0605,-0.0388,0.0819,0.0599,-0.0401,-0.054,-0.0284,0.0749,0.0808,-0.0467,-0.0408,0.0809,0.0196,-0.0191,-0.0406,-0.0405,0.0322,-0.0278,0.0156,0.0617,-0.0097,-0.0094,0.0701,0.054,-0.0882,-0.0507,-0.1138,-0.0044,-0.1097,-0.0865,-0.0142,-0.0069,0.0947,0.1091,-0.0034,-0.0104,0.0544,0.1346,0.1314,-0.0134,-0.0044,-0.0034,0.0912,1.0,0.0267,-0.0077,-0.0049,-0.006
csw_max_abs__na,-0.4131,-0.3664,-0.0921,-0.1062,-0.0942,-0.1077,-0.1191,-0.1107,-0.0609,1.0,-0.0198,0.0133,0.0283,-0.067,-0.5358,0.0718,-0.0313,0.2491,0.2348,0.1258,0.1167,-0.078,-0.2185,-0.2479,-0.3643,0.2411,0.1976,-0.0397,0.1282,-0.0146,-0.0057,-0.3709,-0.0178,0.0279,0.0,0.0,-0.0312,0.0221,-0.0267,-0.0301,0.028,-0.3358,-0.1185,-0.0324,0.02,0.0571,0.0557,0.0285,0.0364,0.0439,-0.0025,-0.3776,-0.339,-0.2992,0.0,0.0,0.1126,0.0,0.0,0.0,-0.1813,-0.0177,0.3379,-0.1648,0.0,0.0,-0.1364,0.2134,-0.123,0.1341,0.1122,0.0821,0.2365,0.0059,-0.0112,0.0031,0.0196,-0.2879,0.309,-0.0282,0.0893,0.1909,-0.0289,-0.0678,-0.1043,0.0037,-0.0149,0.0739,0.0035,0.0691,-0.1668,0.0795,-0.001,0.1598,-0.0916,-0.0853,-0.0003,-0.0523,0.0977,-0.0876,-0.0541,0.009,0.1104,0.0267,-0.1203,0.1934,-0.241,0.227,0.2055,-0.1881,0.2569,-0.1273,-0.1682,-0.0177,-0.0235,-0.0198,-0.0124,0.049,-0.0089,0.0148,-0.0235,0.002,-0.0161,0.044,-0.04,-0.0174,0.0299,-0.0247,0.0163,0.0658,-0.0938,-0.1287,-0.0394,0.0248,0.5165,-0.2563,-0.1019,0.3842,-0.0088,-0.1567,-0.1959,-0.0379,-0.0931,-0.2847,0.0692,0.7779,-0.1534,0.1572,-0.0125,-0.0088,0.4783,-0.1011,0.0191,-0.0251,-0.0235,0.0067,-0.001,-0.0798,0.0748,-0.138,-0.0921,-0.0621,-0.0271,-0.0229,0.3194,0.326,0.0319,-0.02,-0.0387,-0.0426,0.0,0.0,0.0,-0.1335,0.1663,-0.1418,-0.072,0.1521,-0.1214,-0.1559,0.2787,-0.1762,-0.1104,0.2627,-0.1069,0.1446,0.0395,0.3004,-0.3767,-0.026,-0.1832,-0.0451,0.2233,0.2462,-0.0427,-0.1619,-0.0224,0.1852,0.1876,-0.1685,-0.0428,0.2356,0.1708,-0.0653,-0.0449,-0.0508,0.0182,-0.0012,0.0958,-0.0219,0.0263,-0.0866,0.0241,-0.0235,-0.1286,0.0748,-0.1181,0.0984,-0.1669,0.0275,0.0,-0.0177,0.4709,0.658,-0.0088,-0.0266,0.3379,0.3276,0.4217,0.0795,0.1312,-0.0088,0.0346,0.0267,1.0,-0.0198,-0.0125,-0.0153
bocpd_ret_h60_since_reset__na,-0.009,-0.0123,0.0204,0.0112,0.0189,-0.0331,0.004,0.0086,-0.0187,-0.0198,-0.0061,0.0635,-0.0444,-0.0037,0.0141,0.1055,-0.0744,-0.0194,-0.0344,0.004,0.0481,-0.024,-0.0539,-0.0411,-0.059,-0.039,-0.0315,0.0516,-0.0514,0.0635,-0.004,-0.0651,0.0362,0.0267,0.0136,-0.01,-0.1343,0.0158,-0.0158,-0.0015,-0.0102,0.0049,0.006,-0.0531,-0.0438,0.0223,-0.0205,0.0216,-0.0039,0.0492,-0.0102,0.0093,0.0135,0.0067,-0.0292,-0.0305,0.0,-0.0608,-0.0693,0.0,-0.0557,-0.0054,0.1039,-0.0507,0.0,0.0,-0.0419,0.0656,-0.0378,-0.0144,-0.0426,-0.0566,-0.0462,-0.0237,0.0101,-0.0087,-0.0593,0.0343,0.0282,0.0559,-0.0305,-0.0395,0.0442,-0.1348,-0.0212,0.048,-0.0523,0.0185,0.0541,-0.0047,0.0121,-0.0106,-0.0232,0.0072,-0.0118,0.05,0.004,0.0973,-0.0546,0.0005,0.0007,0.009,-0.0009,-0.0077,-0.0079,-0.008,0.026,-0.0136,-0.009,-0.0295,-0.0147,0.0388,-0.0178,-0.0054,-0.0072,-0.0061,-0.0258,0.0254,-0.0432,-0.0091,-0.0072,0.114,-0.0345,0.0536,-0.0337,-0.019,0.0252,-0.0157,-0.036,0.0298,-0.002,-0.0396,-0.0121,-0.0163,-0.0196,-0.0164,-0.0313,-0.0103,-0.0027,0.0216,-0.0102,-0.0116,-0.0286,0.0284,0.0015,-0.0154,0.0233,-0.0214,-0.0038,-0.0027,-0.0095,-0.0311,0.0479,-0.0077,-0.0072,-0.0149,-0.0113,-0.0293,0.0387,0.0254,-0.0399,0.007,0.0,0.0,0.0,0.0,0.0173,0.0059,-0.1348,0.0451,-0.0235,-0.0088,0.005,-0.0118,0.0127,0.0,-0.0641,0.0163,0.0,-0.0265,-0.0201,-0.0145,-0.0333,-0.0114,-0.0662,0.0187,0.0437,-0.0278,0.0208,0.0258,0.0143,-0.0191,0.0162,0.0137,-0.0078,0.0274,-0.0206,0.005,-0.0314,0.0149,-0.0083,-0.0059,-0.0181,0.0598,-0.0098,-0.0096,0.0122,-0.0156,-0.0365,0.0184,-0.0524,-0.0706,-0.0168,-0.0068,0.1188,0.0761,0.0831,0.0446,-0.0194,-0.0084,-0.0389,0.8939,-0.0047,0.0164,0.4461,0.7435,0.1039,0.0121,0.0258,-0.0106,0.0583,-0.0027,-0.0259,-0.0077,-0.0198,1.0,0.6313,0.7737
bocpd_rng_h60_since_reset__na,-0.0273,-0.0313,-0.0179,0.0486,0.0572,-0.0209,-0.0231,-0.0215,-0.0118,-0.0125,-0.0038,0.0677,0.0016,-0.053,0.0089,0.069,-0.0477,0.0102,-0.0144,0.0277,0.0517,0.018,-0.0091,-0.011,-0.0397,-0.0303,-0.0003,0.0147,-0.0263,0.0092,-0.0239,-0.0508,0.0052,0.0,-0.0213,-0.0094,-0.0851,-0.0026,-0.0309,0.0006,0.0035,0.0267,0.0022,0.0042,0.0019,-0.0472,-0.0126,-0.0282,-0.0109,-0.0396,-0.0217,-0.0245,-0.0292,-0.0064,-0.006,-0.0009,0.0,-0.0358,-0.0574,0.0,-0.0352,-0.0034,0.0656,-0.032,0.0,0.0,-0.0265,0.0414,-0.0239,-0.0395,-0.0368,0.0,-0.0459,-0.0134,-0.0072,-0.0183,-0.0217,-0.0222,0.0143,0.0434,-0.0278,0.0118,-0.0017,-0.0854,0.0011,0.05,-0.0459,0.0175,0.0526,-0.003,-0.0257,-0.0067,-0.0146,0.0443,-0.0421,0.0127,-0.0231,0.0803,-0.0048,-0.0244,0.0388,0.0453,-0.025,-0.0049,-0.0279,-0.0419,-0.0107,0.0094,0.0056,-0.0365,0.0006,0.0368,-0.0326,-0.0034,-0.0046,-0.0038,0.0433,-0.0166,-0.0273,-0.0057,-0.0046,-0.0122,-0.0218,0.0339,-0.0213,-0.012,0.0159,-0.0099,-0.0227,0.0391,-0.0255,-0.025,0.0257,0.0221,-0.0124,0.0488,-0.0599,-0.029,-0.0017,0.0798,-0.0459,-0.0074,-0.0181,0.0383,-0.0241,-0.0097,0.0815,-0.0795,-0.0024,-0.0017,-0.006,-0.0196,0.0302,-0.0049,-0.0046,-0.0094,-0.0071,-0.0185,0.0244,-0.029,-0.0252,-0.0367,0.0,0.0,0.0,0.0,0.0272,-0.0246,-0.0858,0.0265,0.0288,0.0319,0.0032,-0.0318,0.0314,0.0,-0.0579,0.0334,0.0,-0.0274,-0.0355,0.0,-0.0477,-0.0257,0.0,0.0292,0.0061,0.0085,-0.0113,-0.0276,0.0048,-0.0305,0.0412,0.0072,-0.0305,0.0175,-0.0305,0.0299,0.0204,0.0137,-0.0305,0.0287,0.0098,0.0098,-0.0305,-0.0305,0.0305,-0.0305,-0.004,-0.0249,0.0317,-0.0077,-0.0244,0.0384,0.0603,0.0603,0.0,0.0,0.0166,-0.0049,0.0144,0.7062,-0.0266,-0.019,0.7067,0.4694,0.0656,-0.0203,-0.0165,-0.0067,0.051,-0.0017,-0.0164,-0.0049,-0.0125,0.6313,1.0,0.816
nn_dist_prefix_long__na,-0.0138,-0.0122,-0.0219,0.0313,0.0393,-0.0256,0.024,-0.0263,-0.0145,-0.0153,-0.0047,0.083,-0.0182,-0.0443,0.0109,0.0845,-0.0584,-0.0198,-0.0438,0.0183,0.0503,-0.0017,-0.0313,-0.0159,-0.0418,-0.0576,-0.0198,0.0225,-0.0455,0.0244,-0.0254,-0.0519,0.0086,0.0,-0.0035,-0.0179,-0.1042,0.0266,-0.0378,0.0075,0.0244,0.0327,0.033,-0.0306,-0.0178,-0.0109,0.0049,0.0147,-0.0305,-0.0004,-0.0162,0.0071,0.0053,0.0112,-0.0236,-0.0251,0.0,-0.0473,-0.0686,0.0,-0.0431,-0.0042,0.0804,-0.0392,0.0,0.0,-0.0324,0.0508,-0.0292,-0.0329,-0.049,0.0,-0.0547,-0.0283,0.0092,0.0057,-0.0113,-0.016,0.0017,0.0531,-0.0475,-0.0131,0.0181,-0.1045,-0.0104,0.021,-0.0322,-0.0017,0.0737,-0.0036,-0.0088,-0.0082,-0.0179,0.0272,-0.0274,0.0235,-0.0283,0.0599,-0.0261,0.0206,0.0539,0.0555,-0.0306,-0.006,-0.0342,-0.0513,0.018,-0.0093,-0.0073,-0.0447,-0.0194,0.0702,-0.04,-0.0042,-0.0056,-0.0047,0.0125,-0.0203,-0.0335,-0.007,-0.0056,0.071,-0.0267,0.0415,-0.0261,-0.0147,0.0195,-0.0121,-0.0279,0.0066,0.0182,-0.0306,0.0088,0.005,-0.0152,0.0195,-0.0324,-0.0356,-0.0021,0.0528,-0.0159,-0.009,-0.0222,0.0469,-0.0295,-0.0119,0.0544,-0.0525,-0.003,-0.0021,-0.0073,-0.024,0.0371,-0.006,-0.0056,-0.0115,-0.0088,-0.0227,0.0299,0.0104,-0.0308,-0.003,0.0,0.0,0.0,0.0,0.0161,-0.0226,-0.105,0.0457,-0.0044,-0.0043,0.0039,-0.0287,0.0308,0.0,-0.0639,0.0372,0.0,-0.0162,-0.0563,0.0097,-0.0449,-0.046,-0.035,0.0036,0.0003,-0.0184,0.0232,-0.0081,0.027,-0.0374,0.0285,-0.0149,-0.0374,0.0399,-0.0374,0.0175,0.0049,0.0385,-0.0374,0.0076,-0.0117,0.0371,-0.0374,-0.0374,0.0374,-0.0374,-0.0049,-0.0008,-0.0009,-0.0333,-0.0056,0.0219,0.0851,0.0779,0.0,0.0,0.0315,-0.0038,-0.0042,0.8655,-0.0325,-0.0233,0.5767,0.5752,0.0804,-0.0249,-0.0202,-0.0082,0.0335,-0.0021,-0.02,-0.006,-0.0153,0.7737,0.816,1.0
