tf,gen,k,gate,tape,sl_dist_atr_is_median,n,kept_n,skipped_n,kept_share,kept_net,skipped_net,kept_mean,skipped_mean,all_mean,kept_win_rate,skipped_win_rate,kept_pf,kept_t,diff,diff_top1_removed,kept_mean_slip3,kept_mean_slip8,loser_recall,loser_precision,winner_recall,winner_recall_weighted,top_decile_winners_skipped,kept_sessions,sign_blocks,perm_p,control_pct,control_p_beat,control_p50,healthy,dead_share,dead_sessions,dead_tail_share,longest_frozen_run_sessions,longest_choch_free_sessions,setup_rate_ratio_to_real,last_choch_date,last_setup_time,prot_last,close_last,prot_gap_pts,in_certificate,original
5minute,gmm,0,choch2_skip,tapes/5minute/gmm_0,1.6391,973,663,310,0.6814,-719216.47,-251775.43,-1084.79,-812.18,-997.94,0.2489,0.2871,0.515,-6.86,-272.61,-99.89,-824.81,-1474.76,0.3074,0.7129,0.6496,0.6638,0.3846,431,3,0.3583,0.4,0.996,-640046.24,True,0.0926,95,0.0,95,95,1.1887,2025-12-31,2025-12-31 09:20:00,25977.05,25642.1,-334.95,True,True
5minute,gmm,0,frozen_st7_st8,tapes/5minute/gmm_0,1.6391,973,281,692,0.2888,-262238.68,-708753.22,-933.23,-1024.21,-997.94,0.2598,0.2616,0.573,-3.62,90.98,0.81,-673.26,-1323.2,0.7107,0.7384,0.2874,0.3053,0.6923,233,7,0.7481,87.0,0.1299,-301892.4,True,0.0926,95,0.0,95,95,1.1887,2025-12-31,2025-12-31 09:20:00,25977.05,25642.1,-334.95,True,True
5minute,gmm,0,sl_above_median_skip,tapes/5minute/gmm_0,1.6391,973,487,486,0.5005,-329749.1,-641242.8,-677.1,-1319.43,-997.94,0.2361,0.286,0.644,-3.67,642.33,444.07,-417.13,-1067.07,0.4826,0.714,0.4528,0.5183,0.4615,336,10,0.015,100.0,0.0005,-478896.69,True,0.0926,95,0.0,95,95,1.1887,2025-12-31,2025-12-31 09:20:00,25977.05,25642.1,-334.95,True,True
5minute,gmm,1,choch2_skip,tapes/5minute/gmm_1,1.6685,1099,767,332,0.6979,-844115.47,-389745.67,-1100.54,-1173.93,-1122.71,0.2464,0.25,0.49,-7.89,73.39,44.59,-840.57,-1490.51,0.3011,0.75,0.6949,0.7175,0.2857,460,6,0.7646,47.3,0.5272,-842010.32,True,0.0,0,0.001,33,52,1.3402,2025-12-30,2025-12-30 09:45:00,21248.8,21416.95,168.15,True,True
5minute,gmm,1,frozen_st7_st8,tapes/5minute/gmm_1,1.6685,1099,339,760,0.3085,-336989.39,-896871.75,-994.07,-1180.09,-1122.71,0.2714,0.2368,0.511,-5.0,186.03,236.45,-734.09,-1384.03,0.7013,0.7632,0.3382,0.3113,0.7143,263,8,0.4353,99.8,0.0025,-432482.84,True,0.0,0,0.001,33,52,1.3402,2025-12-30,2025-12-30 09:45:00,21248.8,21416.95,168.15,True,True
5minute,gmm,1,sl_above_median_skip,tapes/5minute/gmm_1,1.6685,1099,550,549,0.5005,-588912.62,-644948.52,-1070.75,-1174.77,-1122.71,0.2182,0.2769,0.443,-7.84,104.02,224.99,-810.77,-1460.72,0.48,0.7231,0.4412,0.414,0.6071,363,7,0.6412,100.0,0.001,-699767.36,True,0.0,0,0.001,33,52,1.3402,2025-12-30,2025-12-30 09:45:00,21248.8,21416.95,168.15,True,True
5minute,gmm,2,choch2_skip,tapes/5minute/gmm_2,1.6803,1014,700,314,0.6903,-602391.93,-347768.3,-860.56,-1107.54,-937.04,0.2657,0.2516,0.594,-5.38,246.98,43.69,-600.58,-1250.53,0.3138,0.7484,0.7019,0.7586,0.1481,443,8,0.3638,3.0,0.9695,-543222.56,True,0.0,0,0.0,46,61,1.2308,2025-12-31,2025-12-31 14:20:00,20178.75,19972.45,-206.3,True,True
5minute,gmm,2,frozen_st7_st8,tapes/5minute/gmm_2,1.6803,1014,324,690,0.3195,-234605.4,-715554.83,-724.09,-1037.04,-937.04,0.2747,0.2551,0.636,-3.13,312.95,185.86,-464.11,-1114.06,0.6862,0.7449,0.3358,0.3524,0.6296,261,7,0.2389,82.0,0.1809,-263985.24,True,0.0,0,0.0,46,61,1.2308,2025-12-31,2025-12-31 14:20:00,20178.75,19972.45,-206.3,True,True
5minute,gmm,2,sl_above_median_skip,tapes/5minute/gmm_2,1.6803,1014,507,507,0.5,-371659.75,-578500.48,-733.06,-1141.03,-937.04,0.2387,0.284,0.597,-4.42,407.97,349.56,-473.08,-1123.02,0.4846,0.716,0.4566,0.4724,0.4815,343,8,0.1004,99.9,0.0015,-474938.15,True,0.0,0,0.0,46,61,1.2308,2025-12-31,2025-12-31 14:20:00,20178.75,19972.45,-206.3,True,True
5minute,gmm,3,choch2_skip,tapes/5minute/gmm_3,1.6514000000000002,988,693,295,0.7014,-806379.51,-245405.83,-1163.61,-831.88,-1064.56,0.2395,0.2475,0.467,-7.83,-331.72,-342.44,-903.63,-1553.57,0.2964,0.7525,0.6946,0.667,0.5,416,6,0.2274,30.7,0.6932,-790486.27,True,0.0,0,0.0078,63,64,1.2104,2025-12-18,2025-12-18 15:20:00,26261.05,27149.25,888.2,True,True
5minute,gmm,3,frozen_st7_st8,tapes/5minute/gmm_3,1.6514000000000002,988,300,688,0.3036,-351725.34,-700060.0,-1172.42,-1017.53,-1064.56,0.24,0.2427,0.481,-4.85,-154.89,-246.2,-912.44,-1562.38,0.6956,0.7573,0.3013,0.3081,0.625,241,4,0.5847,71.7,0.2839,-370578.18,True,0.0,0,0.0078,63,64,1.2104,2025-12-18,2025-12-18 15:20:00,26261.05,27149.25,888.2,True,True
5minute,gmm,3,sl_above_median_skip,tapes/5minute/gmm_3,1.6514000000000002,988,494,494,0.5,-486990.51,-564794.83,-985.81,-1143.31,-1064.56,0.2045,0.2794,0.499,-5.94,157.5,174.43,-725.83,-1375.78,0.4753,0.7206,0.4226,0.4576,0.5,322,4,0.5532,33.6,0.6642,-474450.09,True,0.0,0,0.0078,63,64,1.2104,2025-12-18,2025-12-18 15:20:00,26261.05,27149.25,888.2,True,True
5minute,gmm,4,choch2_skip,tapes/5minute/gmm_4,1.69405,1050,740,310,0.7048,-871300.28,-399136.59,-1177.43,-1287.54,-1209.94,0.2419,0.2581,0.477,-7.84,110.1,-87.77,-917.46,-1567.4,0.2908,0.7419,0.6911,0.7108,0.2308,457,6,0.6802,27.9,0.7216,-851755.99,True,0.0,0,0.0029,55,56,1.2825,2025-12-26,2025-12-26 11:05:00,26600.15,27814.25,1214.1,True,True
5minute,gmm,4,frozen_st7_st8,tapes/5minute/gmm_4,1.69405,1050,310,740,0.2952,-292326.62,-978110.25,-942.99,-1321.77,-1209.94,0.2903,0.2284,0.559,-4.04,378.78,414.23,-683.01,-1332.95,0.7219,0.7716,0.3475,0.3313,0.7308,248,10,0.1604,99.2,0.0085,-366842.61,True,0.0,0,0.0029,55,56,1.2825,2025-12-26,2025-12-26 11:05:00,26600.15,27814.25,1214.1,True,True
5minute,gmm,4,sl_above_median_skip,tapes/5minute/gmm_4,1.69405,1050,525,525,0.5,-632453.33,-637983.54,-1204.67,-1215.21,-1209.94,0.1962,0.2971,0.426,-7.71,10.53,24.25,-944.7,-1594.64,0.4665,0.7029,0.3977,0.4191,0.5385,343,5,0.967,97.2,0.0285,-699138.35,True,0.0,0,0.0029,55,56,1.2825,2025-12-26,2025-12-26 11:05:00,26600.15,27814.25,1214.1,True,True
5minute,gmm,5,choch2_skip,tapes/5minute/gmm_5,1.6905999999999999,1106,728,378,0.6582,-793211.29,-351642.36,-1089.58,-930.27,-1035.13,0.2335,0.2354,0.459,-8.39,-159.31,-97.87,-829.6,-1479.54,0.3412,0.7646,0.6564,0.638,0.3846,448,6,0.4838,1.8,0.9825,-731169.42,True,0.0,0,0.0,55,63,1.351,2025-12-31,2025-12-31 14:15:00,17888.75,18001.3,112.55,True,True
5minute,gmm,5,frozen_st7_st8,tapes/5minute/gmm_5,1.6905999999999999,1106,338,768,0.3056,-303572.24,-841281.41,-898.14,-1095.42,-1035.13,0.2515,0.2266,0.521,-4.81,197.28,262.05,-638.17,-1288.11,0.7013,0.7734,0.3282,0.3121,0.7308,269,8,0.4013,97.2,0.0285,-359344.05,True,0.0,0,0.0,55,63,1.351,2025-12-31,2025-12-31 14:15:00,17888.75,18001.3,112.55,True,True
5minute,gmm,5,sl_above_median_skip,tapes/5minute/gmm_5,1.6905999999999999,1106,553,553,0.5,-500998.44,-643855.21,-905.96,-1164.3,-1035.13,0.2043,0.264,0.483,-6.69,258.33,282.0,-645.99,-1295.93,0.4805,0.736,0.4363,0.4432,0.4615,369,9,0.2429,96.4,0.0365,-563328.76,True,0.0,0,0.0,55,63,1.351,2025-12-31,2025-12-31 14:15:00,17888.75,18001.3,112.55,True,True
5minute,gmm,6,choch2_skip,tapes/5minute/gmm_6,1.71295,370,264,106,0.7135,-244068.67,-68974.97,-924.5,-650.71,-846.06,0.2614,0.2736,0.591,-3.2,-273.8,-254.27,-664.53,-1314.47,0.2831,0.7264,0.7041,0.7084,0.3,166,1,0.6122,52.4,0.4768,-245144.08,False,0.7076,726,0.6248,641,641,0.4495,2023-05-03,2023-05-03 10:25:00,24642.1,43826.4,19184.3,False,True
5minute,gmm,6,frozen_st7_st8,tapes/5minute/gmm_6,1.71295,370,101,269,0.273,11884.12,-324927.76,117.66,-1207.91,-846.06,0.3663,0.2268,1.066,0.23,1325.57,1287.84,377.64,-272.3,0.7647,0.7732,0.3776,0.3865,0.6,80,3,0.014,100.0,0.0005,-58546.7,False,0.7076,726,0.6248,641,641,0.4495,2023-05-03,2023-05-03 10:25:00,24642.1,43826.4,19184.3,False,True
5minute,gmm,6,sl_above_median_skip,tapes/5minute/gmm_6,1.71295,370,185,185,0.5,-158460.75,-154582.89,-856.54,-835.58,-846.06,0.2162,0.3135,0.582,-2.63,-20.96,-211.75,-596.57,-1246.51,0.4669,0.6865,0.4082,0.4435,0.4,130,1,0.9655,62.0,0.3803,-167200.79,False,0.7076,726,0.6248,641,641,0.4495,2023-05-03,2023-05-03 10:25:00,24642.1,43826.4,19184.3,False,True
5minute,gmm,7,choch2_skip,tapes/5minute/gmm_7,1.6423,1100,761,339,0.6918,-918040.14,-295856.72,-1206.36,-872.73,-1103.54,0.2339,0.2419,0.479,-8.06,-333.63,-155.26,-946.38,-1596.33,0.306,0.7581,0.6846,0.66,0.4231,471,4,0.2259,4.5,0.9555,-850253.07,True,0.0,0,0.0,39,56,1.3342,2025-12-31,2025-12-31 14:55:00,27533.9,27600.1,66.2,True,True
5minute,gmm,7,frozen_st7_st8,tapes/5minute/gmm_7,1.6423,1100,325,775,0.2955,-239056.47,-974840.39,-735.56,-1257.86,-1103.54,0.2738,0.2206,0.656,-2.87,522.3,294.94,-475.58,-1125.52,0.719,0.7794,0.3423,0.3564,0.6154,264,9,0.0675,99.2,0.0085,-329751.51,True,0.0,0,0.0,39,56,1.3342,2025-12-31,2025-12-31 14:55:00,27533.9,27600.1,66.2,True,True
5minute,gmm,7,sl_above_median_skip,tapes/5minute/gmm_7,1.6423,1100,550,550,0.5,-581791.6,-632105.26,-1057.8,-1149.28,-1103.54,0.2109,0.2618,0.47,-6.84,91.48,57.9,-797.83,-1447.77,0.4833,0.7382,0.4462,0.4035,0.7308,370,8,0.7306,92.5,0.075,-641460.77,True,0.0,0,0.0,39,56,1.3342,2025-12-31,2025-12-31 14:55:00,27533.9,27600.1,66.2,True,True
5minute,gmm,8,choch2_skip,tapes/5minute/gmm_8,1.6801,1107,760,347,0.6865,-829968.99,-436078.11,-1092.06,-1256.71,-1143.67,0.2711,0.2565,0.532,-6.87,164.64,82.29,-832.09,-1482.03,0.3177,0.7435,0.6983,0.7502,0.1667,470,8,0.5392,2.1,0.979,-758046.08,True,0.0,0,0.0,36,57,1.3438,2025-12-31,2025-12-31 14:05:00,26225.1,26165.25,-59.85,True,True
5minute,gmm,8,frozen_st7_st8,tapes/5minute/gmm_8,1.6801,1107,366,741,0.3306,-434956.05,-831091.05,-1188.4,-1121.58,-1143.67,0.2842,0.2578,0.491,-5.51,-66.82,1.83,-928.43,-1578.37,0.6773,0.7422,0.3525,0.3331,0.8,286,5,0.7981,93.3,0.0675,-492533.79,True,0.0,0,0.0,36,57,1.3438,2025-12-31,2025-12-31 14:05:00,26225.1,26165.25,-59.85,True,True
5minute,gmm,8,sl_above_median_skip,tapes/5minute/gmm_8,1.6801,1107,554,553,0.5005,-696078.45,-569968.65,-1256.46,-1030.68,-1143.67,0.2256,0.3074,0.406,-8.58,-225.77,-129.39,-996.48,-1646.42,0.4717,0.6926,0.4237,0.3779,0.7333,356,5,0.3658,91.3,0.0875,-752399.86,True,0.0,0,0.0,36,57,1.3438,2025-12-31,2025-12-31 14:05:00,26225.1,26165.25,-59.85,True,True
5minute,gmm,9,choch2_skip,tapes/5minute/gmm_9,1.7352,929,647,282,0.6964,-702367.06,-436975.82,-1085.58,-1549.56,-1226.42,0.2782,0.2518,0.588,-5.17,463.98,226.98,-825.6,-1475.54,0.3112,0.7482,0.7171,0.7615,0.1923,396,7,0.2039,77.0,0.2299,-734574.6,True,0.1228,126,0.001,126,127,1.1214,2025-12-30,2025-12-30 10:05:00,33424.95,32711.6,-713.35,True,True
5minute,gmm,9,frozen_st7_st8,tapes/5minute/gmm_9,1.7352,929,296,633,0.3186,-331425.36,-807917.52,-1119.68,-1276.33,-1226.42,0.3041,0.2543,0.559,-4.0,156.65,410.61,-859.7,-1509.65,0.6962,0.7457,0.3586,0.3189,0.8077,244,6,0.6597,96.5,0.035,-403357.33,True,0.1228,126,0.001,126,127,1.1214,2025-12-30,2025-12-30 10:05:00,33424.95,32711.6,-713.35,True,True
5minute,gmm,9,sl_above_median_skip,tapes/5minute/gmm_9,1.7352,929,465,464,0.5005,-585758.47,-553584.41,-1259.7,-1193.07,-1226.42,0.2215,0.319,0.475,-6.0,-66.63,-177.21,-999.72,-1649.66,0.4661,0.681,0.4104,0.4025,0.5,316,5,0.8381,86.4,0.1364,-638911.22,True,0.1228,126,0.001,126,127,1.1214,2025-12-30,2025-12-30 10:05:00,33424.95,32711.6,-713.35,True,True
5minute,gmm,10,choch2_skip,tapes/5minute/gmm_10,1.6917,917,645,272,0.7034,-497963.87,-360861.72,-772.04,-1326.7,-936.56,0.2837,0.2169,0.607,-4.97,554.66,549.82,-512.06,-1162.0,0.3156,0.7831,0.7562,0.7925,0.16,402,9,0.0405,16.4,0.8356,-469916.28,True,0.1901,195,0.0029,124,125,1.1142,2025-12-26,2025-12-26 09:20:00,20458.85,20472.0,13.15,True,True
5minute,gmm,10,frozen_st7_st8,tapes/5minute/gmm_10,1.6917,917,300,617,0.3272,-272330.63,-586494.96,-907.77,-950.56,-936.56,0.2767,0.2577,0.537,-4.33,42.79,222.52,-647.79,-1297.73,0.6785,0.7423,0.343,0.3251,0.76,235,8,0.8756,91.0,0.09,-312306.38,True,0.1901,195,0.0029,124,125,1.1142,2025-12-26,2025-12-26 09:20:00,20458.85,20472.0,13.15,True,True
5minute,gmm,10,sl_above_median_skip,tapes/5minute/gmm_10,1.6917,917,459,458,0.5005,-482373.83,-376451.76,-1050.92,-821.95,-936.56,0.2092,0.3188,0.427,-7.33,-228.98,-1.8,-790.95,-1440.89,0.4622,0.6812,0.3967,0.3706,0.56,298,6,0.3438,96.3,0.0375,-532017.04,True,0.1901,195,0.0029,124,125,1.1142,2025-12-26,2025-12-26 09:20:00,20458.85,20472.0,13.15,True,True
5minute,gmm,11,choch2_skip,tapes/5minute/gmm_11,1.61185,988,676,312,0.6842,-966783.05,-312047.47,-1430.15,-1000.15,-1294.36,0.2382,0.2788,0.482,-7.52,-430.0,-221.52,-1170.18,-1820.12,0.3041,0.7212,0.6492,0.6572,0.32,419,5,0.2049,1.1,0.989,-877013.27,True,0.0828,85,0.0838,85,86,1.2068,2025-08-26,2025-08-26 14:45:00,34007.8,39818.75,5810.95,True,True
5minute,gmm,11,frozen_st7_st8,tapes/5minute/gmm_11,1.61185,988,350,638,0.3543,-357352.72,-921477.8,-1021.01,-1444.32,-1294.36,0.3,0.2241,0.593,-3.89,423.31,577.86,-761.03,-1410.97,0.6689,0.7759,0.4234,0.3794,0.76,262,8,0.2139,99.7,0.004,-471500.51,True,0.0828,85,0.0838,85,86,1.2068,2025-08-26,2025-08-26 14:45:00,34007.8,39818.75,5810.95,True,True
5minute,gmm,11,sl_above_median_skip,tapes/5minute/gmm_11,1.61185,988,494,494,0.5,-633745.58,-645084.94,-1282.89,-1305.84,-1294.36,0.2227,0.2794,0.466,-6.85,22.95,231.73,-1022.91,-1672.85,0.4811,0.7206,0.4435,0.4033,0.64,321,6,0.936,97.5,0.025,-730500.31,True,0.0828,85,0.0838,85,86,1.2068,2025-08-26,2025-08-26 14:45:00,34007.8,39818.75,5810.95,True,True
5minute,gmm,12,choch2_skip,tapes/5minute/gmm_12,1.6477,1116,729,387,0.6532,-723807.71,-583303.04,-992.88,-1507.24,-1171.25,0.2442,0.2016,0.511,-7.01,514.37,496.84,-732.9,-1382.84,0.3593,0.7984,0.6953,0.7182,0.2308,454,5,0.025,55.0,0.4503,-727881.66,True,0.1326,136,0.0,136,136,1.363,2025-12-31,2025-12-31 12:30:00,20128.9,20069.75,-59.15,True,True
5minute,gmm,12,frozen_st7_st8,tapes/5minute/gmm_12,1.6477,1116,334,782,0.2993,-286386.84,-1020723.91,-857.45,-1305.27,-1171.25,0.2754,0.2097,0.578,-3.76,447.83,257.38,-597.47,-1247.41,0.7186,0.7903,0.3594,0.373,0.5,270,6,0.0675,99.8,0.002,-370767.31,True,0.1326,136,0.0,136,136,1.363,2025-12-31,2025-12-31 12:30:00,20128.9,20069.75,-59.15,True,True
5minute,gmm,12,sl_above_median_skip,tapes/5minute/gmm_12,1.6477,1116,558,558,0.5,-554876.71,-752234.04,-994.4,-1348.09,-1171.25,0.2025,0.2563,0.466,-6.96,353.69,352.85,-734.43,-1384.37,0.4826,0.7437,0.4414,0.4595,0.6538,366,5,0.1164,97.1,0.0295,-616580.39,True,0.1326,136,0.0,136,136,1.363,2025-12-31,2025-12-31 12:30:00,20128.9,20069.75,-59.15,True,True
5minute,gmm,13,choch2_skip,tapes/5minute/gmm_13,1.6314,445,306,139,0.6876,-376091.0,-208683.59,-1229.06,-1501.32,-1314.1,0.2451,0.2158,0.458,-5.56,272.27,219.75,-969.08,-1619.02,0.3206,0.7842,0.7143,0.7519,0.1818,191,5,0.4748,50.6,0.4938,-376396.36,False,0.6267,643,0.0721,327,570,0.5493,2025-09-12,2025-09-12 10:30:00,24152.2,27937.7,3785.5,False,True
5minute,gmm,13,frozen_st7_st8,tapes/5minute/gmm_13,1.6314,445,141,304,0.3169,-207611.42,-377163.17,-1472.42,-1240.67,-1314.1,0.2482,0.2303,0.375,-4.89,-231.75,12.08,-1212.44,-1862.39,0.6882,0.7697,0.3333,0.2951,0.7273,105,3,0.5292,98.2,0.0185,-251456.77,False,0.6267,643,0.0721,327,570,0.5493,2025-09-12,2025-09-12 10:30:00,24152.2,27937.7,3785.5,False,True
5minute,gmm,13,sl_above_median_skip,tapes/5minute/gmm_13,1.6314,445,223,222,0.5011,-240194.89,-344579.7,-1077.11,-1552.16,-1314.1,0.2152,0.2568,0.44,-4.88,475.05,425.44,-817.13,-1467.07,0.4853,0.7432,0.4571,0.447,0.4545,149,4,0.2034,81.0,0.1909,-258412.72,False,0.6267,643,0.0721,327,570,0.5493,2025-09-12,2025-09-12 10:30:00,24152.2,27937.7,3785.5,False,True
5minute,gmm,14,choch2_skip,tapes/5minute/gmm_14,1.6893,917,618,299,0.6739,-775020.98,-396746.15,-1254.08,-1326.91,-1277.83,0.2006,0.2408,0.428,-8.27,72.83,-198.2,-994.1,-1644.04,0.3148,0.7592,0.6327,0.7035,0.15,379,5,0.7641,36.6,0.6337,-765471.23,False,0.231,237,0.0019,163,167,1.1178,2025-12-29,2025-12-29 09:20:00,21374.95,21876.9,501.95,False,True
5minute,gmm,14,frozen_st7_st8,tapes/5minute/gmm_14,1.6893,917,262,655,0.2857,-313959.26,-857807.87,-1198.32,-1309.63,-1277.83,0.2252,0.2092,0.458,-4.98,111.31,59.74,-938.34,-1588.28,0.7184,0.7908,0.301,0.3219,0.7,210,6,0.6762,88.0,0.1199,-348899.3,False,0.231,237,0.0019,163,167,1.1178,2025-12-29,2025-12-29 09:20:00,21374.95,21876.9,501.95,False,True
5minute,gmm,14,sl_above_median_skip,tapes/5minute/gmm_14,1.6893,917,459,458,0.5005,-514873.17,-656893.96,-1121.73,-1434.27,-1277.83,0.1874,0.2402,0.426,-7.21,312.54,247.12,-861.75,-1511.69,0.4827,0.7598,0.4388,0.4648,0.4,308,8,0.2039,98.8,0.013,-581608.21,False,0.231,237,0.0019,163,167,1.1178,2025-12-29,2025-12-29 09:20:00,21374.95,21876.9,501.95,False,True
5minute,gmm,15,choch2_skip,tapes/5minute/gmm_15,1.6341,1161,796,365,0.6856,-850004.74,-249966.78,-1067.85,-684.84,-947.43,0.2425,0.2877,0.506,-7.62,-383.0,-402.68,-807.87,-1457.81,0.3013,0.7123,0.6477,0.6682,0.2667,487,2,0.1184,0.1,0.999,-761395.05,True,0.0,0,0.001,23,24,1.4135,2025-12-30,2025-12-30 09:25:00,19605.1,19879.7,274.6,True,True
5minute,gmm,15,frozen_st7_st8,tapes/5minute/gmm_15,1.6341,1161,325,836,0.2799,-214833.62,-885137.9,-661.03,-1058.78,-947.43,0.2954,0.2416,0.664,-2.88,397.75,348.9,-401.05,-1050.99,0.7346,0.7584,0.3221,0.3269,0.7,267,8,0.1099,92.2,0.078,-258361.05,True,0.0,0,0.001,23,24,1.4135,2025-12-30,2025-12-30 09:25:00,19605.1,19879.7,274.6,True,True
5minute,gmm,15,sl_above_median_skip,tapes/5minute/gmm_15,1.6341,1161,581,580,0.5004,-611767.16,-488204.36,-1052.96,-841.73,-947.43,0.21,0.3034,0.465,-7.34,-211.22,-156.79,-792.98,-1442.92,0.4681,0.6966,0.4094,0.4092,0.6,380,5,0.3713,82.3,0.1769,-640719.07,True,0.0,0,0.001,23,24,1.4135,2025-12-30,2025-12-30 09:25:00,19605.1,19879.7,274.6,True,True
5minute,gmm,16,choch2_skip,tapes/5minute/gmm_16,1.7204,589,394,195,0.6689,-405273.93,-188735.52,-1028.61,-967.87,-1008.51,0.236,0.241,0.532,-4.89,-60.74,-193.2,-768.64,-1418.58,0.3296,0.759,0.6643,0.6898,0.3571,247,4,0.8711,43.9,0.5617,-400316.05,False,0.4854,498,0.4864,498,499,0.7176,2023-11-28,2023-11-29 09:15:00,24759.85,41860.0,17100.15,False,True
5minute,gmm,16,frozen_st7_st8,tapes/5minute/gmm_16,1.7204,589,186,403,0.3158,-143688.59,-450320.86,-772.52,-1117.42,-1008.51,0.2742,0.2208,0.646,-2.37,344.9,330.43,-512.54,-1162.48,0.6993,0.7792,0.3643,0.3916,0.5714,142,5,0.3413,99.0,0.011,-208695.48,False,0.4854,498,0.4864,498,499,0.7176,2023-11-28,2023-11-29 09:15:00,24759.85,41860.0,17100.15,False,True
5minute,gmm,16,sl_above_median_skip,tapes/5minute/gmm_16,1.7204,589,295,294,0.5008,-261887.39,-332122.06,-887.75,-1129.67,-1008.51,0.1932,0.2823,0.55,-3.91,241.91,239.33,-627.78,-1277.72,0.4699,0.7177,0.4071,0.479,0.5,196,2,0.4543,82.5,0.1754,-294624.72,False,0.4854,498,0.4864,498,499,0.7176,2023-11-28,2023-11-29 09:15:00,24759.85,41860.0,17100.15,False,True
5minute,gmm,17,choch2_skip,tapes/5minute/gmm_17,1.6539,1211,823,388,0.6796,-1019067.45,-573403.51,-1238.24,-1477.84,-1315.0,0.2539,0.232,0.506,-7.72,239.61,308.47,-978.26,-1628.2,0.3268,0.768,0.699,0.716,0.2333,527,9,0.3783,1.7,0.983,-932566.12,True,0.0,0,0.0019,27,28,1.4664,2025-12-29,2025-12-29 12:00:00,30307.85,30491.2,183.35,True,True
5minute,gmm,17,frozen_st7_st8,tapes/5minute/gmm_17,1.6539,1211,409,802,0.3377,-354634.18,-1237836.78,-867.08,-1543.44,-1315.0,0.2885,0.2257,0.627,-3.58,676.36,496.96,-607.1,-1257.04,0.6809,0.7743,0.3946,0.4093,0.5667,313,9,0.0135,100.0,0.0005,-495568.03,True,0.0,0,0.0019,27,28,1.4664,2025-12-29,2025-12-29 12:00:00,30307.85,30491.2,183.35,True,True
5minute,gmm,17,sl_above_median_skip,tapes/5minute/gmm_17,1.6539,1211,606,605,0.5004,-732133.52,-860337.44,-1208.14,-1422.05,-1315.0,0.2195,0.2744,0.473,-7.09,213.9,186.19,-948.16,-1598.11,0.4814,0.7256,0.4448,0.4503,0.4333,401,7,0.3878,98.0,0.02,-824400.87,True,0.0,0,0.0019,27,28,1.4664,2025-12-29,2025-12-29 12:00:00,30307.85,30491.2,183.35,True,True
5minute,gmm,18,choch2_skip,tapes/5minute/gmm_18,1.70295,170,124,46,0.7294,-125880.46,-56720.95,-1015.17,-1233.06,-1074.13,0.2581,0.1739,0.469,-3.28,217.9,2.96,-755.19,-1405.13,0.2923,0.8261,0.8,0.7658,0.25,74,2,0.6912,5.0,0.9505,-112582.11,False,0.8684,891,0.8713,891,894,0.2055,2022-04-20,2022-04-20 14:30:00,18425.3,40508.95,22083.65,False,True
5minute,gmm,18,frozen_st7_st8,tapes/5minute/gmm_18,1.70295,170,56,114,0.3294,-72392.53,-110208.88,-1292.72,-966.74,-1074.13,0.2321,0.2368,0.353,-3.34,-325.98,-92.72,-1032.75,-1682.69,0.6692,0.7632,0.325,0.2718,0.75,46,0,0.5357,30.6,0.6947,-66834.39,False,0.8684,891,0.8713,891,894,0.2055,2022-04-20,2022-04-20 14:30:00,18425.3,40508.95,22083.65,False,True
5minute,gmm,18,sl_above_median_skip,tapes/5minute/gmm_18,1.70295,170,85,85,0.5,-87783.36,-94818.05,-1032.75,-1115.51,-1074.13,0.1882,0.2824,0.434,-2.93,82.76,-233.59,-772.77,-1422.71,0.4692,0.7176,0.4,0.4632,0.25,57,1,0.8706,87.3,0.1269,-102698.59,False,0.8684,891,0.8713,891,894,0.2055,2022-04-20,2022-04-20 14:30:00,18425.3,40508.95,22083.65,False,True
5minute,gmm,19,choch2_skip,tapes/5minute/gmm_19,1.6512,467,323,144,0.6916,-265754.77,-154671.0,-822.77,-1074.1,-900.27,0.2539,0.25,0.622,-3.22,251.33,126.62,-562.79,-1212.74,0.3095,0.75,0.6949,0.713,0.25,210,4,0.5737,41.0,0.5897,-260672.24,False,0.5624,577,0.5653,577,580,0.5673,2023-07-28,2023-07-28 11:10:00,25011.4,41861.2,16849.8,False,True
5minute,gmm,19,frozen_st7_st8,tapes/5minute/gmm_19,1.6512,467,125,342,0.2677,-114963.05,-305462.72,-919.7,-893.17,-900.27,0.256,0.2515,0.573,-2.39,-26.54,1.48,-659.73,-1309.67,0.7335,0.7485,0.2712,0.2518,0.9167,102,2,0.9635,76.7,0.2334,-132394.11,False,0.5624,577,0.5653,577,580,0.5673,2023-07-28,2023-07-28 11:10:00,25011.4,41861.2,16849.8,False,True
5minute,gmm,19,sl_above_median_skip,tapes/5minute/gmm_19,1.6512,467,234,233,0.5011,-316177.65,-104248.12,-1351.19,-447.42,-900.27,0.1838,0.3219,0.363,-6.42,-903.77,-638.88,-1091.21,-1741.15,0.4527,0.6781,0.3644,0.2942,0.8333,155,2,0.033,35.5,0.6452,-307194.21,False,0.5624,577,0.5653,577,580,0.5673,2023-07-28,2023-07-28 11:10:00,25011.4,41861.2,16849.8,False,True
5minute,segment,0,choch2_skip,tapes/5minute/segment_0,1.7281,1042,694,348,0.666,-675103.49,-301039.75,-972.77,-865.06,-936.8,0.245,0.2414,0.481,-7.3,-107.71,-62.07,-712.79,-1362.74,0.335,0.7586,0.6693,0.6724,0.3462,445,5,0.6402,6.3,0.937,-630670.37,True,0.0819,84,0.0,84,84,1.2632,2025-12-31,2025-12-31 10:05:00,18910.3,18891.4,-18.9,True,True
5minute,segment,0,frozen_st7_st8,tapes/5minute/segment_0,1.7281,1042,361,681,0.3464,-286165.6,-689977.64,-792.7,-1013.18,-936.8,0.2742,0.2276,0.551,-4.23,220.48,264.83,-532.73,-1182.67,0.6675,0.7724,0.3898,0.3775,0.7308,274,5,0.3313,99.8,0.002,-366645.31,True,0.0819,84,0.0,84,84,1.2632,2025-12-31,2025-12-31 10:05:00,18910.3,18891.4,-18.9,True,True
5minute,segment,0,sl_above_median_skip,tapes/5minute/segment_0,1.7281,1042,521,521,0.5,-541435.97,-434707.27,-1039.22,-834.37,-936.8,0.1843,0.3033,0.379,-8.67,-204.85,-120.53,-779.25,-1429.19,0.4607,0.6967,0.378,0.3552,0.6923,342,5,0.3393,77.0,0.2304,-564140.12,True,0.0819,84,0.0,84,84,1.2632,2025-12-31,2025-12-31 10:05:00,18910.3,18891.4,-18.9,True,True
5minute,segment,1,choch2_skip,tapes/5minute/segment_1,1.7372,983,694,289,0.706,-839466.24,-272130.24,-1209.61,-941.63,-1130.82,0.2536,0.2872,0.459,-7.94,-267.98,-370.53,-949.63,-1599.57,0.2845,0.7128,0.6795,0.6815,0.2308,446,4,0.3328,0.3,0.997,-749110.76,True,0.0,0,0.0019,49,49,1.1899,2025-12-29,2025-12-30 09:15:00,22415.05,21877.05,-538.0,True,True
5minute,segment,1,frozen_st7_st8,tapes/5minute/segment_1,1.7372,983,344,639,0.3499,-442777.11,-668819.37,-1287.14,-1046.67,-1130.82,0.2936,0.2473,0.428,-6.4,-240.48,-101.37,-1027.17,-1677.11,0.6644,0.7527,0.39,0.3179,0.6923,258,7,0.3713,72.0,0.2799,-462344.76,True,0.0,0,0.0019,49,49,1.1899,2025-12-29,2025-12-30 09:15:00,22415.05,21877.05,-538.0,True,True
5minute,segment,1,sl_above_median_skip,tapes/5minute/segment_1,1.7372,983,492,491,0.5005,-478730.0,-632866.48,-973.03,-1288.93,-1130.82,0.2337,0.2933,0.489,-6.16,315.91,334.22,-713.05,-1362.99,0.4793,0.7067,0.444,0.4392,0.3462,338,8,0.2074,100.0,0.0005,-590666.94,True,0.0,0,0.0019,49,49,1.1899,2025-12-29,2025-12-30 09:15:00,22415.05,21877.05,-538.0,True,True
5minute,segment,2,choch2_skip,tapes/5minute/segment_2,1.7677,866,615,251,0.7102,-562997.95,-198735.93,-915.44,-791.78,-879.6,0.2732,0.259,0.609,-4.37,-123.67,-36.96,-655.47,-1305.41,0.2938,0.741,0.721,0.7027,0.4167,385,5,0.7616,12.9,0.8711,-520161.05,True,0.0,0,0.0419,43,43,1.0517,2025-10-29,2025-10-29 12:10:00,28422.4,31453.6,3031.2,True,True
5minute,segment,2,frozen_st7_st8,tapes/5minute/segment_2,1.7677,866,318,548,0.3672,-150471.0,-611262.88,-473.18,-1115.44,-879.6,0.3333,0.2318,0.771,-1.7,642.26,670.07,-213.2,-863.14,0.6651,0.7682,0.4549,0.407,0.625,245,8,0.0815,99.7,0.004,-267757.46,True,0.0,0,0.0419,43,43,1.0517,2025-10-29,2025-10-29 12:10:00,28422.4,31453.6,3031.2,True,True
5minute,segment,2,sl_above_median_skip,tapes/5minute/segment_2,1.7677,866,433,433,0.5,-475159.29,-286574.59,-1097.37,-661.84,-879.6,0.1986,0.3395,0.477,-5.64,-435.53,-227.67,-837.39,-1487.33,0.4518,0.6605,0.3691,0.3474,0.6667,296,3,0.2404,99.7,0.0035,-586662.83,True,0.0,0,0.0419,43,43,1.0517,2025-10-29,2025-10-29 12:10:00,28422.4,31453.6,3031.2,True,True
5minute,segment,3,choch2_skip,tapes/5minute/segment_3,1.8318500000000002,578,411,167,0.7111,-447005.16,-177064.98,-1087.6,-1060.27,-1079.71,0.2311,0.2036,0.491,-5.1,-27.33,118.64,-827.63,-1477.57,0.2962,0.7964,0.7364,0.7106,0.2308,253,5,0.954,3.7,0.963,-406847.99,False,0.425,436,0.425,436,436,0.7043,2024-02-27,2024-02-27 09:45:00,21537.15,36606.15,15069.0,False,True
5minute,segment,3,frozen_st7_st8,tapes/5minute/segment_3,1.8318500000000002,578,189,389,0.327,-164044.07,-460026.07,-867.96,-1182.59,-1079.71,0.2646,0.2031,0.556,-2.82,314.63,338.81,-607.98,-1257.92,0.6904,0.7969,0.3876,0.3398,0.6154,150,5,0.4468,99.8,0.002,-233465.75,False,0.425,436,0.425,436,436,0.7043,2024-02-27,2024-02-27 09:45:00,21537.15,36606.15,15069.0,False,True
5minute,segment,3,sl_above_median_skip,tapes/5minute/segment_3,1.8318500000000002,578,289,289,0.5,-364912.8,-259157.34,-1262.67,-896.74,-1079.71,0.1557,0.2907,0.369,-5.58,-365.94,-267.63,-1002.7,-1652.64,0.4566,0.7093,0.3488,0.3521,0.6154,183,3,0.3383,97.8,0.023,-415218.03,False,0.425,436,0.425,436,436,0.7043,2024-02-27,2024-02-27 09:45:00,21537.15,36606.15,15069.0,False,True
5minute,segment,4,choch2_skip,tapes/5minute/segment_4,1.7420499999999999,1098,753,345,0.6858,-621619.64,-371528.09,-825.52,-1076.89,-904.51,0.2988,0.2667,0.633,-4.51,251.37,86.96,-565.55,-1215.49,0.3239,0.7333,0.7098,0.6999,0.2188,472,8,0.4398,20.6,0.7946,-588256.64,True,0.0,0,0.0,65,65,1.3306,2025-12-31,2025-12-31 13:45:00,28954.2,29221.05,266.85,True,True
5minute,segment,4,frozen_st7_st8,tapes/5minute/segment_4,1.7420499999999999,1098,411,687,0.3743,-381727.23,-611420.5,-928.78,-889.99,-904.51,0.2968,0.2838,0.6,-3.69,-38.79,58.71,-668.8,-1318.74,0.63,0.7162,0.3849,0.3741,0.6875,316,5,0.8916,97.2,0.029,-458665.74,True,0.0,0,0.0,65,65,1.3306,2025-12-31,2025-12-31 13:45:00,28954.2,29221.05,266.85,True,True
5minute,segment,4,sl_above_median_skip,tapes/5minute/segment_4,1.7420499999999999,1098,549,549,0.5,-260452.42,-732695.31,-474.41,-1334.6,-904.51,0.2605,0.3169,0.757,-2.21,860.19,544.04,-214.44,-864.38,0.4802,0.6831,0.4511,0.5296,0.2812,372,8,0.0045,98.6,0.0145,-352929.92,True,0.0,0,0.0,65,65,1.3306,2025-12-31,2025-12-31 13:45:00,28954.2,29221.05,266.85,True,True
5minute,segment,5,choch2_skip,tapes/5minute/segment_5,1.77155,948,654,294,0.6899,-493541.59,-167792.83,-754.65,-570.72,-697.61,0.2813,0.2653,0.647,-4.01,-183.93,-235.07,-494.67,-1144.62,0.3149,0.7347,0.7023,0.6851,0.3704,419,5,0.5892,2.5,0.9755,-433163.39,True,0.0975,100,0.0049,100,100,1.1515,2025-12-23,2025-12-23 11:25:00,20070.0,19590.95,-479.05,True,True
5minute,segment,5,frozen_st7_st8,tapes/5minute/segment_5,1.77155,948,364,584,0.384,-262074.66,-399259.76,-719.99,-683.66,-697.61,0.2775,0.2757,0.667,-2.72,-36.32,-3.55,-460.01,-1109.95,0.6166,0.7243,0.3855,0.3976,0.5926,274,5,0.908,87.6,0.1244,-309919.01,True,0.0975,100,0.0049,100,100,1.1515,2025-12-23,2025-12-23 11:25:00,20070.0,19590.95,-479.05,True,True
5minute,segment,5,sl_above_median_skip,tapes/5minute/segment_5,1.77155,948,474,474,0.5,-500278.33,-161056.09,-1055.44,-339.78,-697.61,0.1941,0.3586,0.444,-6.76,-715.66,-400.25,-795.46,-1445.4,0.4431,0.6414,0.3511,0.3027,0.7037,303,2,0.0185,98.3,0.0175,-578746.36,True,0.0975,100,0.0049,100,100,1.1515,2025-12-23,2025-12-23 11:25:00,20070.0,19590.95,-479.05,True,True
5minute,segment,6,choch2_skip,tapes/5minute/segment_6,1.72145,884,591,293,0.6686,-596592.96,-352366.99,-1009.46,-1202.62,-1073.48,0.247,0.2628,0.55,-5.11,193.15,-76.92,-749.49,-1399.43,0.3268,0.7372,0.6547,0.7167,0.3043,376,6,0.5472,0.3,0.9965,-519318.04,True,0.0819,84,0.0136,84,84,1.0733,2025-12-10,2025-12-11 09:20:00,31335.65,33182.85,1847.2,True,True
5minute,segment,6,frozen_st7_st8,tapes/5minute/segment_6,1.72145,884,335,549,0.379,-384717.15,-564242.8,-1148.41,-1027.76,-1073.48,0.2597,0.2477,0.479,-5.17,-120.64,-16.56,-888.43,-1538.37,0.6248,0.7523,0.3901,0.3478,0.6522,251,5,0.6992,92.7,0.0735,-430623.91,True,0.0819,84,0.0136,84,84,1.0733,2025-12-10,2025-12-11 09:20:00,31335.65,33182.85,1847.2,True,True
5minute,segment,6,sl_above_median_skip,tapes/5minute/segment_6,1.72145,884,442,442,0.5,-473457.05,-475502.9,-1071.17,-1075.8,-1073.48,0.1968,0.3077,0.445,-6.38,4.63,100.77,-811.19,-1461.13,0.4629,0.6923,0.3901,0.3729,0.6522,289,6,0.982,98.0,0.021,-541909.43,True,0.0819,84,0.0136,84,84,1.0733,2025-12-10,2025-12-11 09:20:00,31335.65,33182.85,1847.2,True,True
5minute,segment,7,choch2_skip,tapes/5minute/segment_7,1.7812,191,118,73,0.6178,-71478.09,-61927.86,-605.75,-848.33,-698.46,0.2458,0.2192,0.623,-1.91,242.58,291.12,-345.77,-995.71,0.3904,0.7808,0.6444,0.6591,0.4,75,2,0.5957,34.6,0.6537,-66359.3,False,0.8285,850,0.8314,850,853,0.232,2022-06-21,2022-06-21 09:40:00,16273.4,29884.5,13611.1,False,True
5minute,segment,7,frozen_st7_st8,tapes/5minute/segment_7,1.7812,191,76,115,0.3979,-67607.21,-65798.74,-889.57,-572.16,-698.46,0.1974,0.2609,0.464,-2.62,-317.41,-43.06,-629.59,-1279.53,0.5822,0.7391,0.3333,0.3274,0.8,59,2,0.5377,39.0,0.6102,-63816.58,False,0.8285,850,0.8314,850,853,0.232,2022-06-21,2022-06-21 09:40:00,16273.4,29884.5,13611.1,False,True
5minute,segment,7,sl_above_median_skip,tapes/5minute/segment_7,1.7812,191,96,95,0.5026,-106827.45,-26578.5,-1112.79,-279.77,-698.46,0.1562,0.3158,0.293,-5.13,-833.01,-505.95,-852.81,-1502.75,0.4452,0.6842,0.3333,0.2477,1.0,55,1,0.093,93.5,0.066,-127350.22,False,0.8285,850,0.8314,850,853,0.232,2022-06-21,2022-06-21 09:40:00,16273.4,29884.5,13611.1,False,True
5minute,segment,8,choch2_skip,tapes/5minute/segment_8,1.7591,1100,754,346,0.6855,-788015.75,-351927.08,-1045.11,-1017.13,-1036.31,0.2586,0.2688,0.542,-6.07,-27.98,-117.34,-785.14,-1435.08,0.3116,0.7312,0.6771,0.7024,0.3103,462,8,0.9175,4.1,0.959,-723927.82,True,0.0,0,0.0,29,32,1.3282,2025-12-31,2025-12-31 14:45:00,23519.2,23487.7,-31.5,True,True
5minute,segment,8,frozen_st7_st8,tapes/5minute/segment_8,1.7591,1100,383,717,0.3482,-427994.18,-711948.65,-1117.48,-992.95,-1036.31,0.2637,0.2608,0.49,-5.2,-124.52,-108.0,-857.5,-1507.44,0.6527,0.7392,0.3507,0.309,0.6552,297,5,0.6762,62.7,0.3733,-441394.55,True,0.0,0,0.0,29,32,1.3282,2025-12-31,2025-12-31 14:45:00,23519.2,23487.7,-31.5,True,True
5minute,segment,8,sl_above_median_skip,tapes/5minute/segment_8,1.7591,1100,550,550,0.5,-510781.1,-629161.73,-928.69,-1143.93,-1036.31,0.2182,0.3055,0.527,-5.85,215.24,396.87,-668.72,-1318.66,0.4704,0.6945,0.4167,0.4274,0.5172,354,6,0.4223,97.5,0.026,-589590.8,True,0.0,0,0.0,29,32,1.3282,2025-12-31,2025-12-31 14:45:00,23519.2,23487.7,-31.5,True,True
5minute,segment,9,choch2_skip,tapes/5minute/segment_9,1.7588,843,590,253,0.6999,-614654.88,-355995.6,-1041.79,-1407.1,-1151.42,0.2593,0.2332,0.527,-5.8,365.31,51.42,-781.81,-1431.75,0.3074,0.7668,0.7217,0.7588,0.2273,362,7,0.2454,35.4,0.6467,-603908.45,False,0.2758,283,0.0049,283,284,1.0337,2025-12-23,2025-12-23 14:20:00,28437.1,29052.45,615.35,False,True
5minute,segment,9,frozen_st7_st8,tapes/5minute/segment_9,1.7588,843,323,520,0.3832,-336429.95,-634220.53,-1041.58,-1219.65,-1151.42,0.2601,0.2462,0.529,-4.32,178.08,30.28,-781.6,-1431.54,0.6212,0.7538,0.3962,0.4176,0.5909,238,4,0.5402,84.0,0.1599,-368813.55,False,0.2758,283,0.0049,283,284,1.0337,2025-12-23,2025-12-23 14:20:00,28437.1,29052.45,615.35,False,True
5minute,segment,9,sl_above_median_skip,tapes/5minute/segment_9,1.7588,843,422,421,0.5006,-488656.71,-481993.77,-1157.95,-1144.88,-1151.42,0.2133,0.2898,0.416,-7.19,-13.08,179.71,-897.98,-1547.92,0.4739,0.7102,0.4245,0.3849,0.5455,272,5,0.9735,95.8,0.042,-545718.84,False,0.2758,283,0.0049,283,284,1.0337,2025-12-23,2025-12-23 14:20:00,28437.1,29052.45,615.35,False,True
5minute,segment,10,choch2_skip,tapes/5minute/segment_10,1.7521,1028,674,354,0.6556,-656106.08,-498492.97,-973.45,-1408.17,-1123.15,0.2374,0.1977,0.556,-5.47,434.72,364.09,-713.47,-1363.42,0.3559,0.8023,0.6957,0.7379,0.2174,432,9,0.1259,60.1,0.3988,-664782.68,True,0.0,0,0.001,43,43,1.244,2025-12-30,2025-12-30 13:35:00,19692.9,19907.5,214.6,True,True
5minute,segment,10,frozen_st7_st8,tapes/5minute/segment_10,1.7521,1028,384,644,0.3735,-396953.9,-757645.15,-1033.73,-1176.47,-1123.15,0.2422,0.2127,0.527,-4.84,142.73,239.34,-773.76,-1423.7,0.6353,0.7873,0.4043,0.3973,0.5217,283,7,0.5972,99.2,0.0085,-476937.14,True,0.0,0,0.001,43,43,1.244,2025-12-30,2025-12-30 13:35:00,19692.9,19907.5,214.6,True,True
5minute,segment,10,sl_above_median_skip,tapes/5minute/segment_10,1.7521,1028,516,512,0.5019,-531006.85,-623592.2,-1029.08,-1217.95,-1123.15,0.186,0.2617,0.465,-6.78,188.87,428.35,-769.11,-1419.05,0.4737,0.7383,0.4174,0.4157,0.5652,335,7,0.4853,97.8,0.022,-610111.18,True,0.0,0,0.001,43,43,1.244,2025-12-30,2025-12-30 13:35:00,19692.9,19907.5,214.6,True,True
5minute,segment,11,choch2_skip,tapes/5minute/segment_11,1.8015,939,659,280,0.7018,-629349.33,-275826.81,-955.01,-985.1,-963.98,0.2564,0.2857,0.57,-5.49,30.09,-78.37,-695.03,-1344.97,0.2899,0.7143,0.6787,0.7363,0.28,406,6,0.9125,0.6,0.9945,-544933.62,True,0.1793,184,0.0029,100,121,1.1346,2025-12-26,2025-12-26 10:05:00,24680.8,24368.9,-311.9,True,True
5minute,segment,11,frozen_st7_st8,tapes/5minute/segment_11,1.8015,939,327,612,0.3482,-225565.12,-679611.02,-689.8,-1110.48,-963.98,0.318,0.2369,0.664,-2.82,420.67,549.47,-429.83,-1079.77,0.6768,0.7631,0.4177,0.3948,0.68,247,5,0.1569,99.8,0.0025,-343108.25,True,0.1793,184,0.0029,100,121,1.1346,2025-12-26,2025-12-26 10:05:00,24680.8,24368.9,-311.9,True,True
5minute,segment,11,sl_above_median_skip,tapes/5minute/segment_11,1.8015,939,470,469,0.5005,-517269.45,-387906.69,-1100.57,-827.09,-963.98,0.2128,0.3177,0.433,-7.21,-273.48,7.12,-840.6,-1490.54,0.4638,0.6823,0.4016,0.3497,0.72,305,3,0.3173,44.1,0.5587,-509923.67,True,0.1793,184,0.0029,100,121,1.1346,2025-12-26,2025-12-26 10:05:00,24680.8,24368.9,-311.9,True,True
5minute,segment,12,choch2_skip,tapes/5minute/segment_12,1.70665,872,583,289,0.6686,-598033.74,-230272.38,-1025.79,-796.79,-949.89,0.2384,0.2422,0.497,-6.75,-229.0,-135.14,-765.81,-1415.75,0.3303,0.7578,0.6651,0.6609,0.4286,375,4,0.3993,2.8,0.9725,-542556.31,True,0.0741,76,0.0439,76,80,1.0541,2025-10-27,2025-10-27 15:05:00,19757.55,21217.7,1460.15,True,True
5minute,segment,12,frozen_st7_st8,tapes/5minute/segment_12,1.70665,872,312,560,0.3578,-183674.55,-644631.57,-588.7,-1151.13,-949.89,0.2917,0.2107,0.672,-2.67,562.43,452.76,-328.72,-978.67,0.6667,0.7893,0.4354,0.421,0.5238,240,6,0.0385,99.7,0.004,-262331.28,True,0.0741,76,0.0439,76,80,1.0541,2025-10-27,2025-10-27 15:05:00,19757.55,21217.7,1460.15,True,True
5minute,segment,12,sl_above_median_skip,tapes/5minute/segment_12,1.70665,872,436,436,0.5,-281579.48,-546726.64,-645.82,-1253.96,-949.89,0.2202,0.2592,0.612,-3.8,608.14,568.6,-385.85,-1035.79,0.4872,0.7408,0.4593,0.4976,0.4286,289,8,0.0225,99.6,0.0045,-361776.24,True,0.0741,76,0.0439,76,80,1.0541,2025-10-27,2025-10-27 15:05:00,19757.55,21217.7,1460.15,True,True
5minute,segment,13,choch2_skip,tapes/5minute/segment_13,1.7038,803,531,272,0.6613,-363169.39,-343667.38,-683.93,-1263.48,-880.25,0.2844,0.2463,0.673,-3.48,579.55,421.5,-423.96,-1073.9,0.3504,0.7537,0.6927,0.7468,0.0909,349,7,0.0605,5.5,0.9455,-318071.82,True,0.0702,72,0.001,72,73,0.976,2025-12-30,2025-12-30 09:45:00,25974.05,25684.8,-289.25,True,True
5minute,segment,13,frozen_st7_st8,tapes/5minute/segment_13,1.7038,803,281,522,0.3499,-287988.64,-418848.13,-1024.87,-802.39,-880.25,0.2562,0.2797,0.521,-4.05,-222.48,-448.68,-764.89,-1414.84,0.6427,0.7203,0.3303,0.313,0.7727,212,7,0.4708,19.6,0.8041,-266633.3,True,0.0702,72,0.001,72,73,0.976,2025-12-30,2025-12-30 09:45:00,25974.05,25684.8,-289.25,True,True
5minute,segment,13,sl_above_median_skip,tapes/5minute/segment_13,1.7038,803,402,401,0.5006,-485066.99,-221769.78,-1206.63,-553.04,-880.25,0.1866,0.3566,0.407,-7.16,-653.59,-411.23,-946.66,-1596.6,0.441,0.6434,0.344,0.3334,0.7273,260,2,0.0335,95.7,0.044,-540395.65,True,0.0702,72,0.001,72,73,0.976,2025-12-30,2025-12-30 09:45:00,25974.05,25684.8,-289.25,True,True
5minute,segment,14,choch2_skip,tapes/5minute/segment_14,1.6974,875,586,289,0.6697,-630920.65,-291550.13,-1076.66,-1008.82,-1054.25,0.2355,0.2664,0.548,-5.23,-67.83,-188.95,-816.68,-1466.62,0.3212,0.7336,0.6419,0.6872,0.2727,373,6,0.8461,0.2,0.9975,-546088.99,True,0.115,118,0.001,118,120,1.0601,2025-12-30,2025-12-30 09:20:00,34535.1,35547.9,1012.8,True,True
5minute,segment,14,frozen_st7_st8,tapes/5minute/segment_14,1.6974,875,300,575,0.3429,-286435.74,-636035.04,-954.79,-1106.15,-1054.25,0.2633,0.2365,0.574,-3.47,151.36,65.64,-694.81,-1344.75,0.6652,0.7635,0.3674,0.3464,0.5909,234,7,0.6662,84.0,0.1599,-322370.93,True,0.115,118,0.001,118,120,1.0601,2025-12-30,2025-12-30 09:20:00,34535.1,35547.9,1012.8,True,True
5minute,segment,14,sl_above_median_skip,tapes/5minute/segment_14,1.6974,875,438,437,0.5006,-510024.06,-412446.72,-1164.44,-943.81,-1054.25,0.1895,0.3021,0.457,-5.72,-220.62,-279.84,-904.46,-1554.4,0.4621,0.6979,0.386,0.3852,0.5455,293,5,0.5117,98.6,0.0145,-574449.28,True,0.115,118,0.001,118,120,1.0601,2025-12-30,2025-12-30 09:20:00,34535.1,35547.9,1012.8,True,True
5minute,segment,15,choch2_skip,tapes/5minute/segment_15,1.736,899,599,300,0.6663,-600417.11,-400765.82,-1002.37,-1335.89,-1113.66,0.2554,0.2467,0.596,-4.87,333.52,129.17,-742.39,-1392.33,0.3363,0.7533,0.674,0.7152,0.2609,387,8,0.3223,15.7,0.8436,-563883.85,True,0.0,0,0.001,48,109,1.095,2025-12-30,2025-12-31 09:15:00,29331.1,29751.9,420.8,True,True
5minute,segment,15,frozen_st7_st8,tapes/5minute/segment_15,1.736,899,319,580,0.3548,-284960.7,-716222.23,-893.29,-1234.87,-1113.66,0.2665,0.2448,0.62,-3.27,341.57,394.09,-633.32,-1283.26,0.6518,0.7552,0.3744,0.3768,0.6087,240,6,0.3163,99.3,0.007,-376520.29,True,0.0,0,0.001,48,109,1.095,2025-12-30,2025-12-31 09:15:00,29331.1,29751.9,420.8,True,True
5minute,segment,15,sl_above_median_skip,tapes/5minute/segment_15,1.736,899,450,449,0.5006,-558828.98,-442353.95,-1241.84,-985.2,-1113.66,0.2089,0.2962,0.433,-7.11,-256.64,-63.98,-981.87,-1631.81,0.4702,0.7038,0.4141,0.3452,0.6957,292,5,0.4428,99.6,0.0045,-658429.11,True,0.0,0,0.001,48,109,1.095,2025-12-30,2025-12-31 09:15:00,29331.1,29751.9,420.8,True,True
5minute,segment,16,choch2_skip,tapes/5minute/segment_16,1.72925,744,501,243,0.6734,-669867.38,-334636.61,-1337.06,-1377.11,-1350.14,0.2615,0.2428,0.493,-5.81,40.04,-64.19,-1077.08,-1727.03,0.3321,0.7572,0.6895,0.6917,0.3158,322,5,0.9155,7.1,0.929,-610637.41,False,0.2154,221,0.0,221,226,0.9003,2025-12-31,2025-12-31 12:50:00,36061.2,36174.75,113.55,False,True
5minute,segment,16,frozen_st7_st8,tapes/5minute/segment_16,1.72925,744,254,490,0.3414,-301649.48,-702854.51,-1187.6,-1434.4,-1350.14,0.252,0.2571,0.541,-3.52,246.8,-109.92,-927.62,-1577.56,0.657,0.7429,0.3368,0.3769,0.5789,193,6,0.5197,34.4,0.6562,-285946.67,False,0.2154,221,0.0,221,226,0.9003,2025-12-31,2025-12-31 12:50:00,36061.2,36174.75,113.55,False,True
5minute,segment,16,sl_above_median_skip,tapes/5minute/segment_16,1.72925,744,372,372,0.5,-583301.29,-421202.7,-1568.01,-1132.27,-1350.14,0.1962,0.3145,0.362,-7.35,-435.75,-211.47,-1308.04,-1957.98,0.4603,0.6855,0.3842,0.3514,0.7368,247,4,0.2444,78.2,0.2189,-614210.47,False,0.2154,221,0.0,221,226,0.9003,2025-12-31,2025-12-31 12:50:00,36061.2,36174.75,113.55,False,True
5minute,segment,17,choch2_skip,tapes/5minute/segment_17,1.7063,889,617,272,0.694,-689570.44,-321044.93,-1117.62,-1180.31,-1136.8,0.2788,0.2978,0.632,-3.99,62.69,-163.34,-857.64,-1507.58,0.3003,0.7022,0.6798,0.7494,0.2692,398,5,0.8991,27.5,0.7251,-661427.2,True,0.1754,180,0.001,103,103,1.0781,2025-12-30,2025-12-30 13:30:00,35459.65,36095.15,635.5,True,True
5minute,segment,17,frozen_st7_st8,tapes/5minute/segment_17,1.7063,889,323,566,0.3633,-363551.37,-647064.0,-1125.55,-1143.22,-1136.8,0.3034,0.2739,0.599,-3.44,17.68,422.09,-865.57,-1515.51,0.6462,0.7261,0.3874,0.3438,0.7308,247,6,0.967,69.5,0.3048,-387526.55,True,0.1754,180,0.001,103,103,1.0781,2025-12-30,2025-12-30 13:30:00,35459.65,36095.15,635.5,True,True
5minute,segment,17,sl_above_median_skip,tapes/5minute/segment_17,1.7063,889,445,444,0.5006,-645949.14,-364666.23,-1451.57,-821.32,-1136.8,0.2382,0.3311,0.422,-7.09,-630.25,-196.67,-1191.59,-1841.54,0.467,0.6689,0.419,0.2983,0.8077,285,4,0.1509,48.3,0.5172,-643728.1,True,0.1754,180,0.001,103,103,1.0781,2025-12-30,2025-12-30 13:30:00,35459.65,36095.15,635.5,True,True
5minute,segment,18,choch2_skip,tapes/5minute/segment_18,1.744,1081,746,335,0.6901,-814517.95,-311624.01,-1091.85,-930.22,-1041.76,0.2493,0.2299,0.503,-7.11,-161.63,-188.9,-831.87,-1481.81,0.3154,0.7701,0.7072,0.7166,0.2963,466,4,0.5682,1.2,0.9875,-754911.58,True,0.0,0,0.0,30,31,1.3149,2025-12-31,2025-12-31 12:20:00,21802.85,21781.9,-20.95,True,True
5minute,segment,18,frozen_st7_st8,tapes/5minute/segment_18,1.744,1081,375,706,0.3469,-283503.66,-842638.3,-756.01,-1193.54,-1041.76,0.2667,0.2309,0.621,-3.3,437.53,191.46,-496.03,-1145.97,0.6638,0.7691,0.3802,0.4027,0.5556,290,10,0.0935,95.0,0.051,-343112.22,True,0.0,0,0.0,30,31,1.3149,2025-12-31,2025-12-31 12:20:00,21802.85,21781.9,-20.95,True,True
5minute,segment,18,sl_above_median_skip,tapes/5minute/segment_18,1.744,1081,541,540,0.5005,-489102.98,-637038.98,-904.07,-1179.7,-1041.76,0.1978,0.2889,0.507,-5.92,275.63,399.23,-644.1,-1294.04,0.4694,0.7111,0.4068,0.4361,0.5185,357,9,0.2719,99.8,0.0025,-590210.47,True,0.0,0,0.0,30,31,1.3149,2025-12-31,2025-12-31 12:20:00,21802.85,21781.9,-20.95,True,True
5minute,segment,19,choch2_skip,tapes/5minute/segment_19,1.7038,953,641,312,0.6726,-633203.3,-370470.43,-987.84,-1187.41,-1053.17,0.259,0.2436,0.496,-6.97,199.57,141.59,-727.86,-1377.8,0.3319,0.7564,0.686,0.7245,0.28,410,5,0.3953,6.3,0.9365,-590336.69,True,0.0,0,0.0,51,51,1.1599,2025-12-31,2025-12-31 13:10:00,21460.1,21377.3,-82.8,True,True
5minute,segment,19,frozen_st7_st8,tapes/5minute/segment_19,1.7038,953,344,609,0.361,-294254.69,-709419.04,-855.39,-1164.89,-1053.17,0.2878,0.2348,0.525,-4.7,309.5,433.48,-595.41,-1245.36,0.6554,0.7652,0.4091,0.3775,0.72,257,8,0.1849,98.8,0.0125,-359661.6,True,0.0,0,0.0,51,51,1.1599,2025-12-31,2025-12-31 13:10:00,21460.1,21377.3,-82.8,True,True
5minute,segment,19,sl_above_median_skip,tapes/5minute/segment_19,1.7038,953,477,476,0.5005,-493416.1,-510257.63,-1034.42,-1071.97,-1053.17,0.2138,0.2941,0.388,-8.55,37.55,215.8,-774.44,-1424.38,0.4726,0.7059,0.4215,0.3638,0.64,321,6,0.8621,99.7,0.004,-584619.79,True,0.0,0,0.0,51,51,1.1599,2025-12-31,2025-12-31 13:10:00,21460.1,21377.3,-82.8,True,True
5minute,segment,20,choch2_skip,tapes/5minute/segment_20,1.7437,851,573,278,0.6733,-602956.74,-430410.29,-1052.28,-1548.24,-1214.3,0.2705,0.2446,0.583,-4.74,495.96,360.6,-792.3,-1442.25,0.3344,0.7554,0.6951,0.7126,0.2609,353,6,0.2004,26.1,0.7386,-580488.17,True,0.0965,99,0.0019,99,100,1.0385,2025-12-29,2025-12-29 09:35:00,29812.95,30348.85,535.9,True,False
5minute,segment,20,frozen_st7_st8,tapes/5minute/segment_20,1.7437,851,303,548,0.3561,-354607.27,-678759.76,-1170.32,-1238.61,-1214.3,0.264,0.2609,0.539,-4.07,68.29,88.64,-910.34,-1560.29,0.6449,0.7391,0.3587,0.3505,0.7391,224,8,0.8521,93.8,0.063,-417194.28,True,0.0965,99,0.0019,99,100,1.0385,2025-12-29,2025-12-29 09:35:00,29812.95,30348.85,535.9,True,False
5minute,segment,20,sl_above_median_skip,tapes/5minute/segment_20,1.7437,851,426,425,0.5006,-580008.21,-453358.82,-1361.52,-1066.73,-1214.3,0.1972,0.3271,0.402,-7.03,-294.79,-111.48,-1101.54,-1751.49,0.4554,0.6729,0.3767,0.3296,0.6522,277,4,0.3983,96.5,0.0355,-657785.71,True,0.0965,99,0.0019,99,100,1.0385,2025-12-29,2025-12-29 09:35:00,29812.95,30348.85,535.9,True,False
5minute,session,0,choch2_skip,tapes/5minute/session_0,1.69885,328,236,92,0.7195,-105265.33,-89055.3,-446.04,-967.99,-592.44,0.3136,0.25,0.781,-1.39,521.95,485.12,-186.06,-836.0,0.2987,0.75,0.7629,0.7727,0.2,152,3,0.3648,32.0,0.6802,-94062.71,False,0.5624,577,0.5741,577,589,0.399,2023-07-17,2023-07-17 12:50:00,24505.7,49313.4,24807.7,False,True
5minute,session,0,frozen_st7_st8,tapes/5minute/session_0,1.69885,328,125,203,0.3811,-92500.93,-101819.7,-740.01,-501.57,-592.44,0.312,0.2857,0.651,-1.81,-238.43,162.13,-480.03,-1129.97,0.6277,0.7143,0.4021,0.3544,0.6,93,1,0.6442,41.1,0.5892,-86691.57,False,0.5624,577,0.5741,577,589,0.399,2023-07-17,2023-07-17 12:50:00,24505.7,49313.4,24807.7,False,True
5minute,session,0,sl_above_median_skip,tapes/5minute/session_0,1.69885,328,164,164,0.5,-152582.38,-41738.25,-930.38,-254.5,-592.44,0.2378,0.3537,0.507,-3.26,-675.88,-419.69,-670.4,-1320.35,0.4589,0.6463,0.4021,0.3223,0.7,109,2,0.1974,80.6,0.1944,-176070.5,False,0.5624,577,0.5741,577,589,0.399,2023-07-17,2023-07-17 12:50:00,24505.7,49313.4,24807.7,False,True
5minute,session,1,choch2_skip,tapes/5minute/session_1,1.6492,952,652,300,0.6849,-377628.16,-417013.83,-579.18,-1390.05,-834.71,0.2715,0.2133,0.707,-3.23,810.86,606.85,-319.21,-969.15,0.3319,0.7867,0.7344,0.8084,0.08,406,10,0.0065,38.8,0.6127,-368597.33,True,0.0,0,0.0,36,36,1.1587,2025-12-31,2025-12-31 10:05:00,21210.85,21160.65,-50.2,True,True
5minute,session,1,frozen_st7_st8,tapes/5minute/session_1,1.6492,952,383,569,0.4023,-297301.3,-497340.69,-776.24,-874.06,-834.71,0.2585,0.2496,0.604,-3.58,97.82,163.94,-516.27,-1166.21,0.6006,0.7504,0.4108,0.4017,0.6,278,6,0.7206,76.4,0.2364,-323177.75,True,0.0,0,0.0,36,36,1.1587,2025-12-31,2025-12-31 10:05:00,21210.85,21160.65,-50.2,True,True
5minute,session,1,sl_above_median_skip,tapes/5minute/session_1,1.6492,952,476,476,0.5,-479620.5,-315021.49,-1007.61,-661.81,-834.71,0.1975,0.3088,0.445,-6.51,-345.8,-171.72,-747.63,-1397.57,0.4627,0.6912,0.39,0.3405,0.64,301,3,0.1999,44.8,0.5527,-475152.44,True,0.0,0,0.0,36,36,1.1587,2025-12-31,2025-12-31 10:05:00,21210.85,21160.65,-50.2,True,True
5minute,session,2,choch2_skip,tapes/5minute/session_2,1.7108,633,462,171,0.7299,-478106.74,-36211.17,-1034.86,-211.76,-812.51,0.2468,0.3392,0.482,-6.13,-823.1,-538.84,-774.89,-1424.83,0.2451,0.6608,0.6628,0.6216,0.5556,282,2,0.0195,1.2,0.988,-422569.23,False,0.3431,352,0.0331,352,353,0.7692,2025-11-12,2025-11-12 15:15:00,20426.65,22737.25,2310.6,False,True
5minute,session,2,frozen_st7_st8,tapes/5minute/session_2,1.7108,633,231,402,0.3649,-250163.35,-264154.56,-1082.96,-657.1,-812.51,0.2641,0.2761,0.485,-4.32,-425.86,-263.71,-822.98,-1472.92,0.6312,0.7239,0.3547,0.328,0.7778,170,4,0.1864,50.3,0.4973,-250356.22,False,0.3431,352,0.0331,352,353,0.7692,2025-11-12,2025-11-12 15:15:00,20426.65,22737.25,2310.6,False,True
5minute,session,2,sl_above_median_skip,tapes/5minute/session_2,1.7108,633,317,316,0.5008,-295239.13,-219078.78,-931.35,-693.29,-812.51,0.2145,0.3291,0.463,-5.45,-238.07,18.32,-671.38,-1321.32,0.4599,0.6709,0.3953,0.3553,0.7222,206,3,0.4408,91.4,0.0865,-336788.86,False,0.3431,352,0.0331,352,353,0.7692,2025-11-12,2025-11-12 15:15:00,20426.65,22737.25,2310.6,False,True
5minute,session,3,choch2_skip,tapes/5minute/session_3,1.6914,727,498,229,0.685,-501224.7,-4303.54,-1006.48,-18.79,-695.36,0.251,0.3144,0.588,-4.16,-987.68,-955.39,-746.5,-1396.44,0.2962,0.6856,0.6345,0.6272,0.35,317,2,0.0255,0.1,0.9985,-378882.59,False,0.2359,242,0.0088,242,242,0.8858,2025-12-17,2025-12-17 12:45:00,29550.45,31359.7,1809.25,False,True
5minute,session,3,frozen_st7_st8,tapes/5minute/session_3,1.6914,727,283,444,0.3893,-172039.18,-333489.06,-607.91,-751.1,-695.36,0.3074,0.2477,0.728,-2.0,143.19,617.72,-347.94,-997.88,0.6302,0.7523,0.4416,0.403,0.65,217,6,0.7311,92.0,0.081,-224843.08,False,0.2359,242,0.0088,242,242,0.8858,2025-12-17,2025-12-17 12:45:00,29550.45,31359.7,1809.25,False,True
5minute,session,3,sl_above_median_skip,tapes/5minute/session_3,1.6914,727,364,363,0.5007,-292494.99,-213033.25,-803.56,-586.87,-695.36,0.2418,0.3003,0.576,-3.94,-216.69,241.72,-543.58,-1193.52,0.4792,0.6997,0.4467,0.348,0.8,242,4,0.5892,69.0,0.3103,-311638.38,False,0.2359,242,0.0088,242,242,0.8858,2025-12-17,2025-12-17 12:45:00,29550.45,31359.7,1809.25,False,True
5minute,session,4,choch2_skip,tapes/5minute/session_4,1.6431,770,528,242,0.6857,-456843.28,-371887.76,-865.23,-1536.73,-1076.27,0.2708,0.1777,0.638,-3.74,671.49,534.22,-605.26,-1255.2,0.3408,0.8223,0.7688,0.7822,0.2632,321,11,0.078,36.5,0.6347,-443279.83,True,0.1053,108,0.0019,108,112,0.9327,2025-12-29,2025-12-29 11:30:00,25358.8,25533.8,175.0,True,True
5minute,session,4,frozen_st7_st8,tapes/5minute/session_4,1.6431,770,298,472,0.387,-267797.86,-560933.18,-898.65,-1188.42,-1076.27,0.2685,0.2246,0.613,-3.21,289.77,455.74,-638.67,-1288.62,0.6267,0.7754,0.4301,0.4115,0.6842,218,7,0.4178,97.1,0.0295,-346058.81,True,0.1053,108,0.0019,108,112,0.9327,2025-12-29,2025-12-29 11:30:00,25358.8,25533.8,175.0,True,True
5minute,session,4,sl_above_median_skip,tapes/5minute/session_4,1.6431,770,385,385,0.5,-419503.16,-409227.88,-1089.62,-1062.93,-1076.27,0.2234,0.2597,0.495,-5.22,-26.69,117.69,-829.64,-1479.58,0.488,0.7403,0.4624,0.3994,0.7368,252,6,0.9445,85.8,0.1424,-462726.39,True,0.1053,108,0.0019,108,112,0.9327,2025-12-29,2025-12-29 11:30:00,25358.8,25533.8,175.0,True,True
5minute,session,5,choch2_skip,tapes/5minute/session_5,1.7343,643,468,175,0.7278,-239116.64,-98554.58,-510.93,-563.17,-525.15,0.3034,0.3086,0.764,-2.08,52.24,-146.6,-250.96,-900.9,0.2707,0.6914,0.7245,0.7495,0.2,302,5,0.909,0.8,0.992,-165170.45,False,0.2895,297,0.0,166,168,0.7813,2025-12-31,2025-12-31 14:50:00,,27039.0,,False,True
5minute,session,5,frozen_st7_st8,tapes/5minute/session_5,1.7343,643,261,382,0.4059,-34400.99,-303270.23,-131.8,-793.9,-525.15,0.3487,0.2749,0.933,-0.39,662.1,684.52,128.17,-521.77,0.6197,0.7251,0.4643,0.4666,0.7,201,9,0.1234,98.9,0.0115,-130172.49,False,0.2895,297,0.0,166,168,0.7813,2025-12-31,2025-12-31 14:50:00,,27039.0,,False,True
5minute,session,5,sl_above_median_skip,tapes/5minute/session_5,1.7343,643,322,321,0.5008,-208894.15,-128777.07,-648.74,-401.17,-525.15,0.2733,0.3364,0.665,-2.52,-247.56,-148.76,-388.76,-1038.7,0.4765,0.6636,0.449,0.4029,0.7,212,4,0.5487,95.3,0.047,-282395.23,False,0.2895,297,0.0,166,168,0.7813,2025-12-31,2025-12-31 14:50:00,,27039.0,,False,True
5minute,session,6,choch2_skip,tapes/5minute/session_6,1.70945,478,324,154,0.6778,-317890.59,-223613.79,-981.14,-1452.04,-1132.85,0.284,0.2338,0.635,-3.03,470.89,315.77,-721.17,-1371.11,0.3371,0.7662,0.7188,0.7214,0.2308,204,5,0.3908,20.6,0.7946,-288202.83,False,0.4269,438,0.0,438,447,0.5793,2025-12-31,2025-12-31 15:05:00,35184.75,35136.3,-48.45,False,True
5minute,session,6,frozen_st7_st8,tapes/5minute/session_6,1.70945,478,163,315,0.341,-166377.19,-375127.19,-1020.72,-1190.88,-1132.85,0.2577,0.273,0.646,-2.0,170.16,111.87,-760.74,-1410.68,0.6543,0.727,0.3281,0.3961,0.3846,123,5,0.7576,23.2,0.7681,-139686.07,False,0.4269,438,0.0,438,447,0.5793,2025-12-31,2025-12-31 15:05:00,35184.75,35136.3,-48.45,False,True
5minute,session,6,sl_above_median_skip,tapes/5minute/session_6,1.70945,478,239,239,0.5,-300082.98,-241421.4,-1255.58,-1010.13,-1132.85,0.2301,0.3054,0.483,-4.45,-245.45,45.31,-995.6,-1645.54,0.4743,0.6946,0.4297,0.3646,0.7692,155,4,0.6437,50.1,0.4988,-300163.06,False,0.4269,438,0.0,438,447,0.5793,2025-12-31,2025-12-31 15:05:00,35184.75,35136.3,-48.45,False,True
5minute,session,7,choch2_skip,tapes/5minute/session_7,1.6983,269,174,95,0.6468,-138549.97,-94147.43,-796.26,-991.03,-865.05,0.2471,0.2421,0.611,-2.55,194.76,268.48,-536.29,-1186.23,0.3547,0.7579,0.6515,0.6478,0.4286,112,2,0.7146,78.1,0.2194,-151203.45,False,0.7115,730,0.7281,730,747,0.3293,2022-11-25,2022-11-25 09:25:00,24701.6,52555.45,27853.85,False,True
5minute,session,7,frozen_st7_st8,tapes/5minute/session_7,1.6983,269,118,151,0.4387,-128590.38,-104107.02,-1089.75,-689.45,-865.05,0.2458,0.245,0.482,-3.2,-400.3,15.68,-829.77,-1479.71,0.5616,0.755,0.4394,0.3558,0.5714,85,1,0.4523,51.5,0.4848,-129248.63,False,0.7115,730,0.7281,730,747,0.3293,2022-11-25,2022-11-25 09:25:00,24701.6,52555.45,27853.85,False,True
5minute,session,7,sl_above_median_skip,tapes/5minute/session_7,1.6983,269,135,134,0.5019,-179312.54,-53384.86,-1328.24,-398.39,-865.05,0.163,0.3284,0.4,-3.96,-929.85,-865.39,-1068.26,-1718.21,0.4433,0.6716,0.3333,0.3562,0.7143,87,1,0.076,17.3,0.8271,-161966.38,False,0.7115,730,0.7281,730,747,0.3293,2022-11-25,2022-11-25 09:25:00,24701.6,52555.45,27853.85,False,True
5minute,session,8,choch2_skip,tapes/5minute/session_8,1.6930999999999998,1042,709,333,0.6804,-670891.72,-437721.04,-946.25,-1314.48,-1063.93,0.2468,0.2312,0.578,-5.24,368.23,120.85,-686.27,-1336.22,0.3241,0.7688,0.6944,0.7414,0.3077,424,8,0.2279,21.6,0.7841,-643893.34,True,0.0,0,0.0019,39,41,1.2608,2025-12-29,2025-12-29 15:05:00,28201.05,28823.45,622.4,True,True
5minute,session,8,frozen_st7_st8,tapes/5minute/session_8,1.6930999999999998,1042,406,636,0.3896,-385333.33,-723279.43,-949.1,-1137.23,-1063.93,0.2685,0.2248,0.574,-4.22,188.13,346.43,-689.12,-1339.06,0.6241,0.7752,0.4325,0.4192,0.5769,289,6,0.5057,91.7,0.0835,-445132.06,True,0.0,0,0.0019,39,41,1.2608,2025-12-29,2025-12-29 15:05:00,28201.05,28823.45,622.4,True,True
5minute,session,8,sl_above_median_skip,tapes/5minute/session_8,1.6930999999999998,1042,521,521,0.5,-598531.17,-510081.59,-1148.81,-979.04,-1063.93,0.2092,0.2745,0.432,-6.96,-169.77,31.36,-888.84,-1538.78,0.4785,0.7255,0.4325,0.3672,0.6923,321,7,0.5407,98.4,0.0165,-687621.07,True,0.0,0,0.0019,39,41,1.2608,2025-12-29,2025-12-29 15:05:00,28201.05,28823.45,622.4,True,True
5minute,session,9,choch2_skip,tapes/5minute/session_9,1.6812,957,635,322,0.6635,-435338.03,-291473.68,-685.57,-905.2,-759.47,0.2598,0.2329,0.669,-3.52,219.63,283.04,-425.6,-1075.54,0.3445,0.7671,0.6875,0.6698,0.25,392,8,0.5242,58.6,0.4143,-444197.95,True,0.0,0,0.001,36,41,1.1623,2025-12-30,2025-12-30 09:55:00,24582.65,24847.4,264.75,True,True
5minute,session,9,frozen_st7_st8,tapes/5minute/session_9,1.6812,957,404,553,0.4222,-289544.2,-437267.51,-716.69,-790.72,-759.47,0.2847,0.226,0.643,-3.27,74.03,501.31,-456.72,-1106.66,0.5969,0.774,0.4792,0.3968,0.75,286,7,0.8406,98.2,0.018,-381103.05,True,0.0,0,0.001,36,41,1.1623,2025-12-30,2025-12-30 09:55:00,24582.65,24847.4,264.75,True,True
5minute,session,9,sl_above_median_skip,tapes/5minute/session_9,1.6812,957,479,478,0.5005,-462143.7,-264668.01,-964.81,-553.7,-759.47,0.2025,0.2992,0.503,-5.23,-411.11,-153.55,-704.83,-1354.77,0.4672,0.7008,0.4042,0.3556,0.6667,301,4,0.2294,92.9,0.0715,-526067.56,True,0.0,0,0.001,36,41,1.1623,2025-12-30,2025-12-30 09:55:00,24582.65,24847.4,264.75,True,True
5minute,session,10,choch2_skip,tapes/5minute/session_10,1.71895,956,633,323,0.6621,-665782.79,-238342.66,-1051.79,-737.9,-945.74,0.2559,0.2539,0.521,-6.06,-313.89,-279.4,-791.81,-1441.75,0.3385,0.7461,0.6639,0.627,0.52,392,6,0.2974,1.3,0.987,-586353.76,True,0.0,0,0.0029,67,67,1.1599,2025-12-26,2025-12-26 11:40:00,23893.0,24198.2,305.2,True,True
5minute,session,10,frozen_st7_st8,tapes/5minute/session_10,1.71895,956,365,591,0.3818,-349608.55,-554516.9,-957.83,-938.27,-945.74,0.2795,0.2403,0.525,-4.9,-19.56,420.18,-697.86,-1347.8,0.6306,0.7597,0.418,0.3353,0.76,268,5,0.953,98.2,0.018,-442807.96,True,0.0,0,0.0029,67,67,1.1599,2025-12-26,2025-12-26 11:40:00,23893.0,24198.2,305.2,True,True
5minute,session,10,sl_above_median_skip,tapes/5minute/session_10,1.71895,956,478,478,0.5,-495411.92,-408713.53,-1036.43,-855.05,-945.74,0.2197,0.2908,0.46,-6.55,-181.38,165.36,-776.45,-1426.39,0.4761,0.7092,0.4303,0.3658,0.64,297,4,0.5392,99.0,0.01,-578820.21,True,0.0,0,0.0029,67,67,1.1599,2025-12-26,2025-12-26 11:40:00,23893.0,24198.2,305.2,True,True
5minute,session,11,choch2_skip,tapes/5minute/session_11,1.7098499999999999,964,642,322,0.666,-499930.5,-264132.77,-778.71,-820.29,-792.6,0.2757,0.2391,0.597,-4.69,41.58,13.87,-518.73,-1168.67,0.3451,0.7609,0.6969,0.6987,0.3077,398,7,0.8801,3.1,0.9685,-432127.56,True,0.0,0,0.04,41,41,1.1767,2025-10-31,2025-10-31 10:05:00,19201.15,21358.5,2157.35,True,True
5minute,session,11,frozen_st7_st8,tapes/5minute/session_11,1.7098499999999999,964,341,623,0.3537,-306818.72,-457244.55,-899.76,-733.94,-792.6,0.2786,0.2552,0.502,-4.79,-165.82,92.0,-639.79,-1289.73,0.6535,0.7448,0.374,0.292,0.8077,253,5,0.5377,94.5,0.056,-357202.51,True,0.0,0,0.04,41,41,1.1767,2025-10-31,2025-10-31 10:05:00,19201.15,21358.5,2157.35,True,True
5minute,session,11,sl_above_median_skip,tapes/5minute/session_11,1.7098499999999999,964,482,482,0.5,-348831.67,-415231.6,-723.72,-861.48,-792.6,0.2199,0.3071,0.565,-4.4,137.76,205.11,-463.74,-1113.68,0.4704,0.6929,0.4173,0.4285,0.5769,304,8,0.5992,96.5,0.035,-412174.78,True,0.0,0,0.04,41,41,1.1767,2025-10-31,2025-10-31 10:05:00,19201.15,21358.5,2157.35,True,True
5minute,session,12,choch2_skip,tapes/5minute/session_12,1.663,1012,710,302,0.7016,-739666.27,-306160.84,-1041.78,-1013.78,-1033.43,0.2408,0.255,0.563,-5.65,-28.01,-285.61,-781.81,-1431.75,0.2945,0.745,0.6895,0.7389,0.2,431,7,0.929,0.3,0.997,-645636.0,True,0.0,0,0.0,32,34,1.226,2025-12-31,2025-12-31 12:50:00,25214.65,25365.0,150.35,True,True
5minute,session,12,frozen_st7_st8,tapes/5minute/session_12,1.663,1012,393,619,0.3883,-401916.25,-643910.86,-1022.69,-1040.24,-1033.43,0.2494,0.2423,0.546,-4.38,17.56,-51.41,-762.71,-1412.65,0.6139,0.7577,0.3952,0.3745,0.64,284,7,0.958,27.4,0.7256,-378346.79,True,0.0,0,0.0,32,34,1.226,2025-12-31,2025-12-31 12:50:00,25214.65,25365.0,150.35,True,True
5minute,session,12,sl_above_median_skip,tapes/5minute/session_12,1.663,1012,506,506,0.5,-746697.52,-299129.59,-1475.69,-591.17,-1033.43,0.1601,0.33,0.322,-10.41,-884.52,-404.47,-1215.71,-1865.65,0.4437,0.67,0.3266,0.2746,0.84,301,3,0.0035,8.9,0.9105,-689709.89,True,0.0,0,0.0,32,34,1.226,2025-12-31,2025-12-31 12:50:00,25214.65,25365.0,150.35,True,True
5minute,session,13,choch2_skip,tapes/5minute/session_13,1.6672,601,427,174,0.7105,-306274.54,-141013.48,-717.27,-810.42,-744.24,0.26,0.2414,0.651,-3.23,93.15,-36.04,-457.29,-1107.24,0.2946,0.7586,0.7255,0.7474,0.25,268,5,0.8366,41.9,0.5812,-299560.32,False,0.2973,305,0.308,305,316,0.7308,2024-08-23,2024-08-26 09:15:00,23956.5,35582.4,11625.9,False,True
5minute,session,13,frozen_st7_st8,tapes/5minute/session_13,1.6672,601,221,380,0.3677,-119117.4,-328170.62,-538.99,-863.61,-744.24,0.3032,0.2263,0.719,-1.78,324.61,421.64,-279.02,-928.96,0.6562,0.7737,0.4379,0.3988,0.625,168,4,0.3753,88.4,0.1164,-153119.81,False,0.2973,305,0.308,305,316,0.7308,2024-08-23,2024-08-26 09:15:00,23956.5,35582.4,11625.9,False,True
5minute,session,13,sl_above_median_skip,tapes/5minute/session_13,1.6672,601,301,300,0.5008,-317823.48,-129464.54,-1055.89,-431.55,-744.24,0.1827,0.3267,0.438,-5.06,-624.34,-453.01,-795.92,-1445.86,0.4509,0.6733,0.3595,0.3241,0.6875,189,2,0.0995,47.8,0.5227,-316102.05,False,0.2973,305,0.308,305,316,0.7308,2024-08-23,2024-08-26 09:15:00,23956.5,35582.4,11625.9,False,True
5minute,session,14,choch2_skip,tapes/5minute/session_14,1.7268,900,606,294,0.6733,-409780.19,-246201.4,-676.2,-837.42,-728.87,0.264,0.2721,0.681,-3.22,161.21,97.21,-416.23,-1066.17,0.3242,0.7279,0.6667,0.7367,0.1667,390,7,0.6377,1.1,0.989,-335646.01,True,0.0,0,0.0,46,54,1.0986,2025-12-31,2025-12-31 10:45:00,25750.45,25457.7,-292.75,True,True
5minute,session,14,frozen_st7_st8,tapes/5minute/session_14,1.7268,900,297,603,0.33,-188842.07,-467139.52,-635.83,-774.69,-728.87,0.2761,0.262,0.68,-2.21,138.86,113.86,-375.86,-1025.8,0.6742,0.738,0.3417,0.3367,0.625,241,8,0.6802,82.8,0.1729,-227156.57,True,0.0,0,0.0,46,54,1.0986,2025-12-31,2025-12-31 10:45:00,25750.45,25457.7,-292.75,True,True
5minute,session,14,sl_above_median_skip,tapes/5minute/session_14,1.7268,900,450,450,0.5,-405911.54,-250070.05,-902.03,-555.71,-728.87,0.2267,0.3067,0.518,-5.09,-346.31,-45.32,-642.05,-1291.99,0.4727,0.6933,0.425,0.3673,0.6667,288,5,0.2974,79.5,0.2054,-440096.02,True,0.0,0,0.0,46,54,1.0986,2025-12-31,2025-12-31 10:45:00,25750.45,25457.7,-292.75,True,True
5minute,session,15,choch2_skip,tapes/5minute/session_15,1.7423,939,654,285,0.6965,-643267.68,-243926.54,-983.59,-855.88,-944.83,0.2599,0.2737,0.566,-5.4,-127.71,-229.55,-723.61,-1373.55,0.2996,0.7263,0.6855,0.7036,0.32,407,4,0.7081,5.4,0.946,-594527.51,True,0.0,0,0.0078,37,37,1.1431,2025-12-18,2025-12-18 09:20:00,26625.9,27361.8,735.9,True,True
5minute,session,15,frozen_st7_st8,tapes/5minute/session_15,1.7423,939,372,567,0.3962,-389902.91,-497291.31,-1048.13,-877.06,-944.83,0.2527,0.2716,0.529,-4.47,-171.07,-101.11,-788.15,-1438.09,0.5977,0.7284,0.379,0.3673,0.68,274,6,0.5642,69.8,0.3028,-410237.41,True,0.0,0,0.0078,37,37,1.1431,2025-12-18,2025-12-18 09:20:00,26625.9,27361.8,735.9,True,True
5minute,session,15,sl_above_median_skip,tapes/5minute/session_15,1.7423,939,470,469,0.5005,-559689.55,-327504.67,-1190.83,-698.3,-944.83,0.1957,0.3326,0.412,-7.66,-492.52,-170.23,-930.85,-1580.79,0.453,0.6674,0.371,0.3289,0.76,301,4,0.095,99.2,0.009,-652022.79,True,0.0,0,0.0078,37,37,1.1431,2025-12-18,2025-12-18 09:20:00,26625.9,27361.8,735.9,True,True
5minute,session,16,choch2_skip,tapes/5minute/session_16,1.7201,280,196,84,0.7,-146395.91,-43531.98,-746.92,-518.24,-678.31,0.2806,0.2381,0.579,-3.1,-228.68,-204.29,-486.94,-1136.88,0.3122,0.7619,0.7333,0.6905,0.375,123,1,0.6182,1.7,0.983,-116612.74,False,0.6569,674,0.5224,535,536,0.3438,2023-10-03,2023-10-03 09:35:00,18630.05,32423.05,13793.0,False,True
5minute,session,16,frozen_st7_st8,tapes/5minute/session_16,1.7201,280,103,177,0.3679,-43322.18,-146605.71,-420.6,-828.28,-678.31,0.2816,0.2599,0.742,-1.15,407.68,43.75,-160.63,-810.57,0.639,0.7401,0.3867,0.4273,0.5,73,3,0.3443,75.3,0.2469,-54980.63,False,0.6569,674,0.5224,535,536,0.3438,2023-10-03,2023-10-03 09:35:00,18630.05,32423.05,13793.0,False,True
5minute,session,16,sl_above_median_skip,tapes/5minute/session_16,1.7201,280,140,140,0.5,-161355.56,-28572.33,-1152.54,-204.09,-678.31,0.1857,0.35,0.305,-6.1,-948.45,-687.55,-892.56,-1542.5,0.4439,0.65,0.3467,0.2431,0.875,84,2,0.0235,61.4,0.3863,-165234.2,False,0.6569,674,0.5224,535,536,0.3438,2023-10-03,2023-10-03 09:35:00,18630.05,32423.05,13793.0,False,True
5minute,session,17,choch2_skip,tapes/5minute/session_17,1.61685,614,419,195,0.6824,-229314.16,-110669.47,-547.29,-567.54,-553.72,0.2864,0.2462,0.716,-2.5,20.25,229.84,-287.31,-937.25,0.3296,0.7538,0.7143,0.6879,0.3529,269,4,0.9605,7.8,0.9215,-188393.84,False,0.3343,343,0.0468,343,346,0.7464,2025-10-21,2025-10-21 15:10:00,21720.5,22657.25,936.75,False,True
5minute,session,17,frozen_st7_st8,tapes/5minute/session_17,1.61685,614,208,406,0.3388,-61983.66,-277999.97,-298.0,-684.73,-553.72,0.3077,0.2562,0.842,-0.89,386.73,292.71,-38.02,-687.96,0.6771,0.7438,0.381,0.3937,0.7059,165,6,0.3523,99.6,0.0045,-142109.15,False,0.3343,343,0.0468,343,346,0.7464,2025-10-21,2025-10-21 15:10:00,21720.5,22657.25,936.75,False,True
5minute,session,17,sl_above_median_skip,tapes/5minute/session_17,1.61685,614,307,307,0.5,-218538.53,-121445.1,-711.85,-395.59,-553.72,0.241,0.3062,0.579,-3.46,-316.27,23.18,-451.88,-1101.82,0.4776,0.6938,0.4405,0.3571,0.8235,199,4,0.3888,84.9,0.1514,-258653.59,False,0.3343,343,0.0468,343,346,0.7464,2025-10-21,2025-10-21 15:10:00,21720.5,22657.25,936.75,False,True
5minute,session,18,choch2_skip,tapes/5minute/session_18,1.7445499999999998,78,52,26,0.6667,-11454.43,-23789.73,-220.28,-914.99,-451.85,0.3269,0.1538,0.89,-0.24,694.71,-69.15,39.7,-610.24,0.386,0.8462,0.8095,0.7761,0.3333,35,1,0.6702,5.2,0.9475,-3728.22,False,0.9084,932,0.9094,932,933,0.095,2022-02-15,2022-02-15 11:20:00,16205.3,35770.3,19565.0,False,True
5minute,session,18,frozen_st7_st8,tapes/5minute/session_18,1.7445499999999998,78,24,54,0.3077,-10808.89,-24435.27,-450.37,-452.51,-451.85,0.3333,0.2407,0.706,-0.63,2.13,741.56,-190.39,-840.33,0.7193,0.7593,0.381,0.218,0.6667,20,1,0.9995,60.1,0.3993,-12709.62,False,0.9084,932,0.9094,932,933,0.095,2022-02-15,2022-02-15 11:20:00,16205.3,35770.3,19565.0,False,True
5minute,session,18,sl_above_median_skip,tapes/5minute/session_18,1.7445499999999998,78,39,39,0.5,-39777.44,4533.28,-1019.93,116.24,-451.85,0.2308,0.3077,0.409,-2.29,-1136.17,-119.84,-759.96,-1409.9,0.4737,0.6923,0.4286,0.2316,1.0,26,0,0.4623,69.3,0.3068,-47530.49,False,0.9084,932,0.9094,932,933,0.095,2022-02-15,2022-02-15 11:20:00,16205.3,35770.3,19565.0,False,True
5minute,session,19,choch2_skip,tapes/5minute/session_19,1.6988,824,554,270,0.6723,-523052.66,-365136.2,-944.14,-1352.36,-1077.9,0.2762,0.2519,0.616,-4.09,408.22,255.36,-684.16,-1334.1,0.335,0.7481,0.6923,0.7534,0.2174,338,8,0.2714,24.2,0.7576,-494629.66,True,0.0,0,0.0185,59,60,1.0,2025-12-03,2025-12-03 11:00:00,31769.4,34773.75,3004.35,True,True
5minute,session,19,frozen_st7_st8,tapes/5minute/session_19,1.6988,824,306,518,0.3714,-352089.64,-536099.22,-1150.62,-1034.94,-1077.9,0.2876,0.2568,0.516,-4.52,-115.68,125.87,-890.64,-1540.58,0.6385,0.7432,0.3982,0.3382,0.6957,226,8,0.7486,82.5,0.1754,-389340.54,True,0.0,0,0.0185,59,60,1.0,2025-12-03,2025-12-03 11:00:00,31769.4,34773.75,3004.35,True,True
5minute,session,19,sl_above_median_skip,tapes/5minute/session_19,1.6988,824,412,412,0.5,-417102.6,-471086.26,-1012.38,-1143.41,-1077.9,0.2257,0.3107,0.531,-4.76,131.03,441.68,-752.41,-1402.35,0.471,0.6893,0.4208,0.425,0.6087,259,7,0.7001,79.9,0.2014,-458471.29,True,0.0,0,0.0185,59,60,1.0,2025-12-03,2025-12-03 11:00:00,31769.4,34773.75,3004.35,True,True
5minute,session,20,choch2_skip,tapes/5minute/session_20,1.724,665,469,196,0.7053,-25437.99,-94438.25,-54.24,-481.83,-180.27,0.3241,0.2755,0.975,-0.18,427.59,102.86,205.74,-444.2,0.3094,0.7245,0.7379,0.7508,0.2857,298,7,0.4118,2.1,0.9785,30849.32,False,0.2076,213,0.0058,121,121,0.8089,2025-12-22,2025-12-22 14:05:00,24124.45,24854.65,730.2,False,False
5minute,session,20,frozen_st7_st8,tapes/5minute/session_20,1.724,665,246,419,0.3699,-13527.35,-106348.89,-54.99,-253.82,-180.27,0.3496,0.2864,0.975,-0.15,198.83,492.36,204.99,-444.95,0.6514,0.7136,0.4175,0.4035,0.5238,190,6,0.6797,64.7,0.3533,-26786.97,False,0.2076,213,0.0058,121,121,0.8089,2025-12-22,2025-12-22 14:05:00,24124.45,24854.65,730.2,False,False
5minute,session,20,sl_above_median_skip,tapes/5minute/session_20,1.724,665,333,332,0.5008,-121297.95,1421.71,-364.26,4.28,-180.27,0.2643,0.3554,0.811,-1.38,-368.54,8.9,-104.28,-754.22,0.4662,0.6446,0.4272,0.3943,0.6667,226,5,0.4523,96.9,0.0315,-171968.06,False,0.2076,213,0.0058,121,121,0.8089,2025-12-22,2025-12-22 14:05:00,24124.45,24854.65,730.2,False,False
5minute,session,21,choch2_skip,tapes/5minute/session_21,1.6987999999999999,1002,684,318,0.6826,-517532.36,-239203.98,-756.63,-752.21,-755.23,0.269,0.2327,0.646,-4.3,-4.41,221.47,-496.65,-1146.59,0.328,0.7673,0.7132,0.6902,0.3462,426,4,0.99,12.3,0.8771,-472907.38,True,0.0,0,0.0117,46,49,1.2128,2025-12-12,2025-12-12 13:40:00,19666.55,18194.45,-1472.1,True,False
5minute,session,21,frozen_st7_st8,tapes/5minute/session_21,1.6987999999999999,1002,375,627,0.3743,-282588.42,-474147.92,-753.57,-756.22,-755.23,0.2827,0.2424,0.643,-3.14,2.65,25.72,-493.59,-1143.53,0.6384,0.7576,0.4109,0.3733,0.6538,274,6,0.9965,93.6,0.0645,-344620.53,True,0.0,0,0.0117,46,49,1.2128,2025-12-12,2025-12-12 13:40:00,19666.55,18194.45,-1472.1,True,False
5minute,session,21,sl_above_median_skip,tapes/5minute/session_21,1.6987999999999999,1002,501,501,0.5,-503871.05,-252865.29,-1005.73,-504.72,-755.23,0.1996,0.3154,0.479,-6.11,-501.01,-428.73,-745.75,-1395.7,0.461,0.6846,0.3876,0.3389,0.7692,328,3,0.0965,71.4,0.2864,-529564.68,True,0.0,0,0.0117,46,49,1.2128,2025-12-12,2025-12-12 13:40:00,19666.55,18194.45,-1472.1,True,False
5minute,session,22,choch2_skip,tapes/5minute/session_22,1.6528,376,253,123,0.6729,-293882.97,-71654.98,-1161.59,-582.56,-972.18,0.2451,0.2764,0.475,-4.45,-579.03,-858.79,-901.62,-1551.56,0.3179,0.7236,0.6458,0.6344,0.4,157,1,0.1894,0.6,0.9945,-236637.05,False,0.615,631,0.615,631,631,0.4591,2023-05-17,2023-05-17 13:50:00,19971.1,35326.25,15355.15,False,False
5minute,session,22,frozen_st7_st8,tapes/5minute/session_22,1.6528,376,139,237,0.3697,-133265.16,-232272.79,-958.74,-980.05,-972.18,0.2734,0.2447,0.525,-2.83,21.31,317.17,-698.77,-1348.71,0.6393,0.7553,0.3958,0.3512,0.6,101,3,0.955,82.5,0.1754,-151835.23,False,0.615,631,0.615,631,631,0.4591,2023-05-17,2023-05-17 13:50:00,19971.1,35326.25,15355.15,False,False
5minute,session,22,sl_above_median_skip,tapes/5minute/session_22,1.6528,376,188,188,0.5,-206842.7,-158695.25,-1100.23,-844.12,-972.18,0.2021,0.3085,0.435,-4.49,-256.1,-82.74,-840.25,-1490.19,0.4643,0.6915,0.3958,0.3785,0.6,122,2,0.5262,84.8,0.1524,-228935.49,False,0.615,631,0.615,631,631,0.4591,2023-05-17,2023-05-17 13:50:00,19971.1,35326.25,15355.15,False,False
5minute,session,23,choch2_skip,tapes/5minute/session_23,1.632,727,498,229,0.685,-145814.08,-223000.31,-292.8,-973.8,-507.31,0.3153,0.2271,0.86,-1.19,681.0,375.03,-32.82,-682.76,0.3417,0.7729,0.7512,0.7675,0.2857,318,6,0.1019,31.6,0.6847,-127682.38,True,0.114,117,0.0195,117,118,0.8786,2025-12-02,2025-12-03 09:15:00,25717.65,27102.55,1384.9,True,False
5minute,session,23,frozen_st7_st8,tapes/5minute/session_23,1.632,727,293,434,0.403,-127154.55,-241659.84,-433.97,-556.82,-507.31,0.3038,0.2765,0.782,-1.54,122.85,202.23,-174.0,-823.94,0.6062,0.7235,0.4258,0.3912,0.619,217,5,0.7631,77.5,0.2259,-158587.06,True,0.114,117,0.0195,117,118,0.8786,2025-12-02,2025-12-03 09:15:00,25717.65,27102.55,1384.9,True,False
5minute,session,23,sl_above_median_skip,tapes/5minute/session_23,1.632,727,364,363,0.5007,-302318.17,-66496.22,-830.54,-183.19,-507.31,0.239,0.3361,0.563,-4.1,-647.36,-247.27,-570.57,-1220.51,0.4653,0.6639,0.4163,0.3346,0.7143,235,1,0.095,18.1,0.8186,-260161.01,True,0.114,117,0.0195,117,118,0.8786,2025-12-02,2025-12-03 09:15:00,25717.65,27102.55,1384.9,True,False
5minute,session,24,choch2_skip,tapes/5minute/session_24,1.6725,869,591,278,0.6801,-518332.07,-219265.92,-877.04,-788.73,-848.79,0.2301,0.2482,0.524,-6.14,-88.32,-68.94,-617.07,-1267.01,0.3148,0.7518,0.6634,0.663,0.381,358,5,0.7456,2.1,0.9785,-465307.38,True,0.1277,131,0.1345,131,138,1.0517,2025-06-12,2025-06-12 15:15:00,18413.35,22583.4,4170.05,True,False
5minute,session,24,frozen_st7_st8,tapes/5minute/session_24,1.6725,869,335,534,0.3855,-367895.23,-369702.76,-1098.19,-692.33,-848.79,0.2448,0.2303,0.412,-6.55,-405.87,-168.93,-838.22,-1488.16,0.619,0.7697,0.4,0.2998,0.7619,250,3,0.1049,55.4,0.4463,-371694.51,True,0.1277,131,0.1345,131,138,1.0517,2025-06-12,2025-06-12 15:15:00,18413.35,22583.4,4170.05,True,False
5minute,session,24,sl_above_median_skip,tapes/5minute/session_24,1.6725,869,435,434,0.5006,-355192.24,-382405.75,-816.53,-881.12,-848.79,0.1908,0.2811,0.521,-4.89,64.59,42.52,-556.56,-1206.5,0.4699,0.7189,0.4049,0.4488,0.5238,275,8,0.8011,98.5,0.016,-415574.15,True,0.1277,131,0.1345,131,138,1.0517,2025-06-12,2025-06-12 15:15:00,18413.35,22583.4,4170.05,True,False
5minute,session,25,choch2_skip,tapes/5minute/session_25,1.723,803,538,265,0.67,-420603.64,-300688.45,-781.79,-1134.67,-898.25,0.2658,0.2264,0.672,-3.38,352.88,216.13,-521.81,-1171.76,0.3417,0.7736,0.7044,0.74,0.1905,343,7,0.3523,44.5,0.5557,-415318.38,True,0.0858,88,0.0,88,110,0.9724,2025-12-31,2025-12-31 12:25:00,25984.3,25845.95,-138.35,True,False
5minute,session,25,frozen_st7_st8,tapes/5minute/session_25,1.723,803,309,494,0.3848,-321683.65,-399608.44,-1041.05,-808.92,-898.25,0.2589,0.249,0.559,-4.1,-232.12,152.9,-781.07,-1431.01,0.6183,0.751,0.3941,0.3503,0.7143,225,6,0.5397,74.7,0.2534,-347356.61,True,0.0858,88,0.0,88,110,0.9724,2025-12-31,2025-12-31 12:25:00,25984.3,25845.95,-138.35,True,False
5minute,session,25,sl_above_median_skip,tapes/5minute/session_25,1.723,803,402,401,0.5006,-472378.58,-248913.51,-1175.07,-620.73,-898.25,0.1841,0.3217,0.458,-5.76,-554.34,-348.24,-915.09,-1565.04,0.4533,0.6783,0.3645,0.3428,0.7619,251,5,0.1074,32.6,0.6737,-456035.03,True,0.0858,88,0.0,88,110,0.9724,2025-12-31,2025-12-31 12:25:00,25984.3,25845.95,-138.35,True,False
5minute,session,26,choch2_skip,tapes/5minute/session_26,1.7023,899,606,293,0.6741,-645939.92,-188117.69,-1065.91,-642.04,-927.76,0.2541,0.2696,0.549,-5.29,-423.87,-280.77,-805.93,-1455.87,0.3213,0.7304,0.6609,0.6577,0.375,370,5,0.2309,1.9,0.9815,-552779.56,True,0.0,0,0.0068,55,64,1.0914,2025-12-19,2025-12-19 14:55:00,26075.5,26827.5,752.0,True,False
5minute,session,26,frozen_st7_st8,tapes/5minute/session_26,1.7023,899,332,567,0.3693,-304378.32,-529679.29,-916.8,-934.18,-927.76,0.2711,0.2522,0.563,-3.88,17.38,319.84,-656.83,-1306.77,0.6366,0.7478,0.3863,0.328,0.6667,252,5,0.967,98.5,0.015,-385818.46,True,0.0,0,0.0068,55,64,1.0914,2025-12-19,2025-12-19 14:55:00,26075.5,26827.5,752.0,True,False
5minute,session,26,sl_above_median_skip,tapes/5minute/session_26,1.7023,899,450,449,0.5006,-337736.16,-496321.45,-750.52,-1105.39,-927.76,0.22,0.2984,0.614,-3.48,354.87,80.84,-490.55,-1140.49,0.473,0.7016,0.4249,0.4494,0.625,276,7,0.3013,98.5,0.016,-444612.29,True,0.0,0,0.0068,55,64,1.0914,2025-12-19,2025-12-19 14:55:00,26075.5,26827.5,752.0,True,False
5minute,session,27,choch2_skip,tapes/5minute/session_27,1.7258499999999999,600,426,174,0.71,-203700.6,-239448.46,-478.17,-1376.14,-738.58,0.2887,0.2184,0.795,-1.61,897.97,433.63,-218.19,-868.14,0.3098,0.7816,0.764,0.8048,0.1176,264,7,0.0855,78.1,0.2194,-231732.61,False,0.3392,348,0.0156,348,348,0.7284,2025-12-08,2025-12-08 14:50:00,29018.95,31800.3,2781.35,False,False
5minute,session,27,frozen_st7_st8,tapes/5minute/session_27,1.7258499999999999,600,224,376,0.3733,-141251.95,-301897.11,-630.59,-802.92,-738.58,0.2812,0.2606,0.726,-1.73,172.33,233.88,-370.61,-1020.55,0.6333,0.7394,0.3913,0.383,0.5882,170,5,0.7216,98.3,0.017,-221947.05,False,0.3392,348,0.0156,348,348,0.7284,2025-12-08,2025-12-08 14:50:00,29018.95,31800.3,2781.35,False,False
5minute,session,27,sl_above_median_skip,tapes/5minute/session_27,1.7258499999999999,600,300,300,0.5,-280781.14,-162367.92,-935.94,-541.23,-738.58,0.2367,0.3,0.534,-4.27,-394.71,136.19,-675.96,-1325.9,0.4784,0.7,0.441,0.3287,0.7647,193,4,0.3958,97.5,0.025,-362787.53,False,0.3392,348,0.0156,348,348,0.7284,2025-12-08,2025-12-08 14:50:00,29018.95,31800.3,2781.35,False,False
5minute,session,28,choch2_skip,tapes/5minute/session_28,1.6836,719,485,234,0.6745,-349532.87,-244653.75,-720.69,-1045.53,-826.41,0.2474,0.188,0.634,-3.53,324.84,-18.12,-460.71,-1110.65,0.3423,0.812,0.7317,0.7412,0.2353,302,6,0.3143,45.3,0.5472,-345655.07,False,0.2164,222,0.0019,142,144,0.8798,2025-12-29,2025-12-29 15:05:00,18048.45,18367.6,319.15,False,False
5minute,session,28,frozen_st7_st8,tapes/5minute/session_28,1.6836,719,256,463,0.3561,-286281.08,-307905.54,-1118.29,-665.02,-826.41,0.2148,0.2354,0.434,-5.05,-453.26,-222.3,-858.31,-1508.25,0.6378,0.7646,0.3354,0.2688,0.8824,192,3,0.1519,46.1,0.5392,-284053.15,False,0.2164,222,0.0019,142,144,0.8798,2025-12-29,2025-12-29 15:05:00,18048.45,18367.6,319.15,False,False
5minute,session,28,sl_above_median_skip,tapes/5minute/session_28,1.6836,719,360,359,0.5007,-261406.6,-332780.02,-726.13,-926.96,-826.41,0.2083,0.2479,0.582,-3.63,200.83,321.42,-466.15,-1116.09,0.4865,0.7521,0.4573,0.4458,0.5294,235,6,0.5382,73.8,0.2619,-282166.02,False,0.2164,222,0.0019,142,144,0.8798,2025-12-29,2025-12-29 15:05:00,18048.45,18367.6,319.15,False,False
5minute,session,29,choch2_skip,tapes/5minute/session_29,1.7619,988,679,309,0.6872,-523252.15,-410315.0,-770.62,-1327.88,-944.91,0.271,0.2427,0.707,-3.08,557.26,318.26,-510.65,-1160.59,0.321,0.7573,0.7104,0.7472,0.2308,414,7,0.1919,2.5,0.9745,-435888.72,True,0.0,0,0.0107,44,57,1.2007,2025-12-15,2025-12-15 15:05:00,36595.15,38042.15,1447.0,True,False
5minute,session,29,frozen_st7_st8,tapes/5minute/session_29,1.7619,988,390,598,0.3947,-275006.81,-658560.34,-705.15,-1101.27,-944.91,0.2897,0.2441,0.72,-2.27,396.13,524.83,-445.17,-1095.11,0.62,0.7559,0.4363,0.4174,0.6923,288,7,0.3148,97.5,0.026,-378705.9,True,0.0,0,0.0107,44,57,1.2007,2025-12-15,2025-12-15 15:05:00,36595.15,38042.15,1447.0,True,False
5minute,session,29,sl_above_median_skip,tapes/5minute/session_29,1.7619,988,494,494,0.5,-501200.93,-432366.22,-1014.58,-875.24,-944.91,0.2166,0.3077,0.555,-4.6,-139.34,179.74,-754.6,-1404.54,0.4691,0.6923,0.4131,0.3704,0.6923,317,5,0.7351,98.0,0.0205,-593663.48,True,0.0,0,0.0107,44,57,1.2007,2025-12-15,2025-12-15 15:05:00,36595.15,38042.15,1447.0,True,False
5minute,session,30,choch2_skip,tapes/5minute/session_30,1.6319,911,629,282,0.6905,-590542.0,-246777.53,-938.86,-875.1,-919.12,0.2607,0.2589,0.658,-3.7,-63.76,-402.49,-678.88,-1328.82,0.3101,0.7411,0.692,0.723,0.2083,391,4,0.8836,8.8,0.912,-530942.96,True,0.116,119,0.0283,119,122,1.1142,2025-11-19,2025-11-19 15:05:00,36483.6,40718.55,4234.95,True,False
5minute,session,30,frozen_st7_st8,tapes/5minute/session_30,1.6319,911,318,593,0.3491,-177820.55,-659498.98,-559.18,-1112.14,-919.12,0.2925,0.2428,0.771,-1.59,552.96,360.36,-299.21,-949.15,0.6662,0.7572,0.3924,0.3799,0.5417,244,6,0.1909,99.5,0.0055,-325887.67,True,0.116,119,0.0283,119,122,1.1142,2025-11-19,2025-11-19 15:05:00,36483.6,40718.55,4234.95,True,False
5minute,session,30,sl_above_median_skip,tapes/5minute/session_30,1.6319,911,456,455,0.5005,-595048.75,-242270.78,-1304.93,-532.46,-919.12,0.1886,0.3319,0.462,-6.19,-772.47,-370.96,-1044.95,-1694.9,0.451,0.6681,0.3629,0.325,0.7083,291,3,0.053,45.2,0.5477,-589464.74,True,0.116,119,0.0283,119,122,1.1142,2025-11-19,2025-11-19 15:05:00,36483.6,40718.55,4234.95,True,False
5minute,session,31,choch2_skip,tapes/5minute/session_31,1.70935,452,314,138,0.6947,-161228.3,-82273.94,-513.47,-596.19,-538.72,0.3185,0.2464,0.755,-1.71,82.72,26.82,-253.49,-903.43,0.327,0.7536,0.7463,0.7273,0.3571,193,4,0.8676,43.8,0.5622,-157907.64,False,0.5302,544,0.001,451,451,0.5481,2025-12-30,2025-12-30 09:50:00,29350.7,29700.85,350.15,False,False
5minute,session,31,frozen_st7_st8,tapes/5minute/session_31,1.70935,452,176,276,0.3894,-101002.8,-142499.44,-573.88,-516.3,-538.72,0.2955,0.2971,0.727,-1.49,-57.58,89.99,-313.9,-963.84,0.6101,0.7029,0.3881,0.3942,0.7143,137,4,0.903,50.1,0.4988,-101181.65,False,0.5302,544,0.001,451,451,0.5481,2025-12-30,2025-12-30 09:50:00,29350.7,29700.85,350.15,False,False
5minute,session,31,sl_above_median_skip,tapes/5minute/session_31,1.70935,452,226,226,0.5,-164662.67,-78839.57,-728.6,-348.85,-538.72,0.2522,0.3407,0.592,-2.92,-379.75,-102.45,-468.62,-1118.56,0.4686,0.6593,0.4254,0.3495,0.6429,149,2,0.4163,75.7,0.2439,-182972.84,False,0.5302,544,0.001,451,451,0.5481,2025-12-30,2025-12-30 09:50:00,29350.7,29700.85,350.15,False,False
5minute,session,32,choch2_skip,tapes/5minute/session_32,1.6625,759,546,213,0.7194,-137457.77,-296726.64,-251.75,-1393.08,-572.05,0.3077,0.2394,0.882,-1.02,1141.33,744.93,8.22,-641.72,0.3,0.7606,0.7671,0.8249,0.0909,347,8,0.0095,69.4,0.3063,-156445.37,True,0.1248,128,0.0039,128,134,0.9219,2025-12-24,2025-12-24 10:15:00,28130.35,27831.45,-298.9,True,False
5minute,session,32,frozen_st7_st8,tapes/5minute/session_32,1.6625,759,315,444,0.415,-137455.04,-296729.37,-436.37,-668.31,-572.05,0.3079,0.2748,0.793,-1.41,231.94,111.97,-176.39,-826.33,0.5963,0.7252,0.4429,0.4237,0.4545,221,6,0.5457,91.9,0.0815,-198104.69,True,0.1248,128,0.0039,128,134,0.9219,2025-12-24,2025-12-24 10:15:00,28130.35,27831.45,-298.9,True,False
5minute,session,32,sl_above_median_skip,tapes/5minute/session_32,1.6625,759,380,379,0.5007,-329922.57,-104261.84,-868.22,-275.1,-572.05,0.2342,0.343,0.579,-3.83,-593.12,-374.05,-608.24,-1258.18,0.4611,0.657,0.4064,0.3636,0.7273,250,3,0.1254,29.4,0.7066,-306250.27,True,0.1248,128,0.0039,128,134,0.9219,2025-12-24,2025-12-24 10:15:00,28130.35,27831.45,-298.9,True,False
5minute,session,33,choch2_skip,tapes/5minute/session_33,1.6623,770,530,240,0.6883,-525976.13,-282654.19,-992.41,-1177.73,-1050.17,0.2679,0.2208,0.609,-4.25,185.32,393.48,-732.43,-1382.37,0.3252,0.7792,0.7282,0.7056,0.4,323,5,0.6792,3.0,0.9695,-459774.68,True,0.1394,143,0.0,143,143,0.9363,2025-12-31,2025-12-31 13:40:00,31231.45,31392.4,160.95,True,False
5minute,session,33,frozen_st7_st8,tapes/5minute/session_33,1.6623,770,297,473,0.3857,-316220.03,-492410.29,-1064.71,-1041.04,-1050.17,0.2525,0.2537,0.584,-3.39,-23.68,-39.58,-804.74,-1454.68,0.6139,0.7463,0.3846,0.3816,0.55,224,4,0.9605,98.5,0.016,-414205.81,True,0.1394,143,0.0,143,143,0.9363,2025-12-31,2025-12-31 13:40:00,31231.45,31392.4,160.95,True,False
5minute,session,33,sl_above_median_skip,tapes/5minute/session_33,1.6623,770,385,385,0.5,-487530.99,-321099.33,-1266.31,-834.02,-1050.17,0.1896,0.3169,0.443,-5.88,-432.29,-214.95,-1006.34,-1656.28,0.4574,0.6831,0.3744,0.3333,0.7,247,4,0.2694,78.7,0.2139,-518580.82,True,0.1394,143,0.0,143,143,0.9363,2025-12-31,2025-12-31 13:40:00,31231.45,31392.4,160.95,True,False
5minute,session,34,choch2_skip,tapes/5minute/session_34,1.7248999999999999,962,660,302,0.6861,-643138.77,-311439.67,-974.45,-1031.26,-992.29,0.2515,0.255,0.532,-6.11,56.8,27.64,-714.48,-1364.42,0.3129,0.745,0.6831,0.7132,0.28,419,7,0.8346,27.9,0.7206,-624785.26,True,0.0,0,0.0302,36,37,1.1719,2025-11-17,2025-11-17 13:30:00,21398.0,23073.0,1675.0,True,False
5minute,session,34,frozen_st7_st8,tapes/5minute/session_34,1.7248999999999999,962,356,606,0.3701,-221379.53,-733198.91,-621.85,-1209.9,-992.29,0.2921,0.2294,0.7,-2.54,588.05,433.43,-361.88,-1011.82,0.6495,0.7706,0.428,0.5038,0.6,268,10,0.0235,96.3,0.0375,-278730.92,True,0.0,0,0.0302,36,37,1.1719,2025-11-17,2025-11-17 13:30:00,21398.0,23073.0,1675.0,True,False
5minute,session,34,sl_above_median_skip,tapes/5minute/session_34,1.7248999999999999,962,481,481,0.5,-503663.8,-450914.64,-1047.12,-937.45,-992.29,0.21,0.2952,0.423,-7.38,-109.67,77.46,-787.14,-1437.08,0.4715,0.7048,0.4156,0.3597,0.64,318,7,0.6562,56.7,0.4333,-509679.16,True,0.0,0,0.0302,36,37,1.1719,2025-11-17,2025-11-17 13:30:00,21398.0,23073.0,1675.0,True,False
5minute,session,35,choch2_skip,tapes/5minute/session_35,1.69565,872,601,271,0.6892,-627083.99,-173755.96,-1043.4,-641.17,-918.39,0.2379,0.2989,0.528,-5.81,-402.24,-600.5,-783.42,-1433.37,0.2932,0.7011,0.6384,0.6622,0.3043,379,2,0.1969,3.0,0.9695,-566144.31,True,0.0,0,0.0195,63,81,1.0637,2025-12-02,2025-12-02 12:05:00,23524.75,25032.3,1507.55,False,False
5minute,session,35,frozen_st7_st8,tapes/5minute/session_35,1.69565,872,304,568,0.3486,-216799.28,-584040.67,-713.16,-1028.24,-918.39,0.2796,0.2447,0.66,-2.75,315.09,329.86,-453.18,-1103.12,0.662,0.7553,0.3795,0.3969,0.6087,244,6,0.2989,60.0,0.3998,-225912.01,True,0.0,0,0.0195,63,81,1.0637,2025-12-02,2025-12-02 12:05:00,23524.75,25032.3,1507.55,False,False
5minute,session,35,sl_above_median_skip,tapes/5minute/session_35,1.69565,872,436,436,0.5,-519910.95,-280929.0,-1192.46,-644.33,-918.39,0.1904,0.3234,0.416,-7.0,-548.12,-435.25,-932.48,-1582.42,0.4552,0.6766,0.3705,0.3496,0.6957,282,3,0.063,44.5,0.5547,-514740.69,True,0.0,0,0.0195,63,81,1.0637,2025-12-02,2025-12-02 12:05:00,23524.75,25032.3,1507.55,False,False
5minute,session,36,choch2_skip,tapes/5minute/session_36,1.7018,186,127,59,0.6828,-70672.61,-70282.28,-556.48,-1191.23,-757.82,0.2913,0.2881,0.757,-1.07,634.75,222.77,-296.5,-946.44,0.3182,0.7119,0.6852,0.7919,0.1667,74,2,0.4538,8.0,0.9205,-45918.1,False,0.8665,889,0.0068,889,889,0.226,2025-12-19,2025-12-19 14:55:00,28931.65,30099.9,1168.25,False,False
5minute,session,36,frozen_st7_st8,tapes/5minute/session_36,1.7018,186,68,118,0.3656,12392.65,-153347.54,182.24,-1299.56,-757.82,0.3676,0.2458,1.089,0.23,1481.8,723.92,442.22,-207.72,0.6742,0.7542,0.463,0.5478,0.3333,51,2,0.061,83.5,0.1649,-8649.14,False,0.8665,889,0.0068,889,889,0.226,2025-12-19,2025-12-19 14:55:00,28931.65,30099.9,1168.25,False,False
5minute,session,36,sl_above_median_skip,tapes/5minute/session_36,1.7018,186,93,93,0.5,-49080.42,-91874.47,-527.75,-987.9,-757.82,0.2796,0.3011,0.726,-1.07,460.15,425.97,-267.77,-917.71,0.4924,0.6989,0.4815,0.4683,0.5,61,2,0.5562,94.8,0.053,-81180.61,False,0.8665,889,0.0068,889,889,0.226,2025-12-19,2025-12-19 14:55:00,28931.65,30099.9,1168.25,False,False
5minute,session,37,choch2_skip,tapes/5minute/session_37,1.73945,716,507,209,0.7081,-369263.64,-140572.83,-728.33,-672.6,-712.06,0.2682,0.2105,0.645,-3.49,-55.73,172.87,-468.35,-1118.3,0.3078,0.7895,0.7556,0.7015,0.3889,320,5,0.8946,5.9,0.941,-318851.68,True,0.0,0,0.0,62,108,0.8678,2025-12-31,2025-12-31 09:25:00,24155.45,24298.5,143.05,False,False
5minute,session,37,frozen_st7_st8,tapes/5minute/session_37,1.73945,716,261,455,0.3645,-180913.97,-328922.5,-693.16,-722.91,-712.06,0.2605,0.2462,0.662,-2.35,29.75,36.86,-433.18,-1083.12,0.6399,0.7538,0.3778,0.3704,0.6667,208,7,0.94,57.5,0.4248,-187979.87,True,0.0,0,0.0,62,108,0.8678,2025-12-31,2025-12-31 09:25:00,24155.45,24298.5,143.05,False,False
5minute,session,37,sl_above_median_skip,tapes/5minute/session_37,1.73945,716,358,358,0.5,-412610.62,-97225.85,-1152.54,-271.58,-712.06,0.1732,0.3296,0.4,-6.2,-880.96,-631.33,-892.57,-1542.51,0.4478,0.6704,0.3444,0.2874,0.8333,221,2,0.0145,19.1,0.8096,-386246.76,True,0.0,0,0.0,62,108,0.8678,2025-12-31,2025-12-31 09:25:00,24155.45,24298.5,143.05,False,False
5minute,session,38,choch2_skip,tapes/5minute/session_38,1.718,1097,743,354,0.6773,-886072.69,-416347.23,-1192.56,-1176.12,-1187.26,0.2665,0.2288,0.489,-7.41,-16.44,-6.77,-932.58,-1582.53,0.3337,0.7712,0.7097,0.6809,0.3929,458,6,0.9575,15.2,0.8486,-841564.11,True,0.0,0,0.0029,34,36,1.3354,2025-12-26,2025-12-26 12:50:00,25678.3,26123.25,444.95,False,False
5minute,session,38,frozen_st7_st8,tapes/5minute/session_38,1.718,1097,400,697,0.3646,-455531.01,-846888.91,-1138.83,-1215.05,-1187.26,0.29,0.2339,0.52,-4.77,76.22,159.58,-878.85,-1528.79,0.6528,0.7661,0.4158,0.3961,0.5714,296,8,0.8026,79.1,0.2094,-490412.38,True,0.0,0,0.0029,34,36,1.3354,2025-12-26,2025-12-26 12:50:00,25678.3,26123.25,444.95,False,False
5minute,session,38,sl_above_median_skip,tapes/5minute/session_38,1.718,1097,549,548,0.5005,-689636.68,-612783.24,-1256.17,-1118.22,-1187.26,0.2058,0.3029,0.382,-8.66,-137.95,44.55,-996.19,-1646.13,0.467,0.6971,0.405,0.3427,0.6786,344,5,0.6357,99.5,0.005,-800339.79,True,0.0,0,0.0029,34,36,1.3354,2025-12-26,2025-12-26 12:50:00,25678.3,26123.25,444.95,False,False
5minute,session,39,choch2_skip,tapes/5minute/session_39,1.72645,770,556,214,0.7221,-409657.36,-281599.92,-736.79,-1315.89,-897.74,0.3004,0.2383,0.733,-2.6,579.09,529.47,-476.82,-1126.76,0.2953,0.7617,0.7661,0.7854,0.1818,339,7,0.2854,38.3,0.6172,-397762.48,True,0.1345,138,0.001,138,140,0.9303,2025-12-30,2025-12-30 09:20:00,40904.75,41619.85,715.1,False,False
5minute,session,39,frozen_st7_st8,tapes/5minute/session_39,1.72645,770,263,507,0.3416,-216889.67,-474367.61,-824.68,-935.64,-897.74,0.289,0.2801,0.718,-1.84,110.96,-246.7,-564.7,-1214.64,0.6612,0.7199,0.3486,0.3847,0.5455,202,4,0.8236,78.8,0.2119,-249401.86,True,0.1345,138,0.001,138,140,0.9303,2025-12-30,2025-12-30 09:20:00,40904.75,41619.85,715.1,False,False
5minute,session,39,sl_above_median_skip,tapes/5minute/session_39,1.72645,770,385,385,0.5,-302802.64,-388454.64,-786.5,-1008.97,-897.74,0.2597,0.3065,0.652,-3.11,222.47,564.73,-526.52,-1176.47,0.4837,0.6935,0.4587,0.395,0.6818,254,6,0.6157,96.9,0.0315,-393201.23,True,0.1345,138,0.001,138,140,0.9303,2025-12-30,2025-12-30 09:20:00,40904.75,41619.85,715.1,False,False
minute,gmm,0,choch2_skip,tapes/minute/gmm_0,2.2431,1650,1103,547,0.6685,-1012924.02,-565879.33,-918.34,-1034.51,-956.85,0.1578,0.159,0.311,-14.45,116.18,34.29,-658.36,-1308.3,0.3312,0.841,0.6667,0.7124,0.1852,212,7,0.2609,53.2,0.4683,-1015104.71,True,0.0,0,0.0,3,5,1.5464,2025-12-31,2025-12-31 12:11:00,17000.5,17083.0,82.5,True,True
minute,gmm,0,frozen_st7_st8,tapes/minute/gmm_0,2.2431,1650,254,1396,0.1539,-307497.88,-1271305.47,-1210.62,-910.68,-956.85,0.1024,0.1683,0.165,-12.27,-299.94,-242.83,-950.65,-1600.59,0.8359,0.8317,0.0996,0.0946,0.9259,149,1,0.0315,0.1,0.999,-238426.86,True,0.0,0,0.0,3,5,1.5464,2025-12-31,2025-12-31 12:11:00,17000.5,17083.0,82.5,True,True
minute,gmm,0,sl_above_median_skip,tapes/minute/gmm_0,2.2431,1650,825,825,0.5,-770926.72,-807876.63,-934.46,-979.24,-956.85,0.1455,0.1709,0.281,-13.44,44.79,-30.91,-674.48,-1324.42,0.4924,0.8291,0.4598,0.4694,0.4444,200,5,0.6582,69.8,0.3018,-788048.12,True,0.0,0,0.0,3,5,1.5464,2025-12-31,2025-12-31 12:11:00,17000.5,17083.0,82.5,True,True
minute,gmm,1,choch2_skip,tapes/minute/gmm_1,2.2220500000000003,1578,1037,541,0.6572,-956035.34,-653876.81,-921.92,-1208.64,-1020.22,0.1784,0.1331,0.356,-12.21,286.72,200.89,-661.95,-1311.89,0.355,0.8669,0.7198,0.755,0.1538,203,8,0.0175,86.1,0.1394,-993590.4,True,0.0,0,0.0081,6,6,1.4818,2025-12-29,2025-12-30 09:15:00,19538.95,19137.55,-401.4,True,True
minute,gmm,1,frozen_st7_st8,tapes/minute/gmm_1,2.2220500000000003,1578,239,1339,0.1515,-275283.49,-1334628.66,-1151.81,-996.74,-1020.22,0.1632,0.1628,0.229,-9.17,-155.08,-34.08,-891.84,-1541.78,0.8486,0.8372,0.1518,0.1168,0.8077,139,5,0.3233,34.9,0.6512,-265244.86,True,0.0,0,0.0081,6,6,1.4818,2025-12-29,2025-12-30 09:15:00,19538.95,19137.55,-401.4,True,True
minute,gmm,1,sl_above_median_skip,tapes/minute/gmm_1,2.2220500000000003,1578,789,789,0.5,-820466.85,-789445.3,-1039.88,-1000.56,-1020.22,0.1445,0.1812,0.256,-15.06,-39.32,82.47,-779.91,-1429.85,0.489,0.8188,0.4436,0.4029,0.6154,187,6,0.7436,76.0,0.2409,-845178.26,True,0.0,0,0.0081,6,6,1.4818,2025-12-29,2025-12-30 09:15:00,19538.95,19137.55,-401.4,True,True
minute,gmm,2,choch2_skip,tapes/minute/gmm_2,2.2307,1403,942,461,0.6714,-929256.18,-478389.48,-986.47,-1037.72,-1003.31,0.1614,0.167,0.301,-13.89,51.25,-4.82,-726.49,-1376.44,0.3271,0.833,0.6638,0.6917,0.2174,182,6,0.6742,23.9,0.7611,-908543.34,True,0.0,0,0.0,17,20,1.312,2025-12-31,2025-12-31 12:18:00,16905.7,16852.8,-52.9,True,True
minute,gmm,2,frozen_st7_st8,tapes/minute/gmm_2,2.2307,1403,216,1187,0.154,-209903.32,-1197742.34,-971.77,-1009.05,-1003.31,0.2083,0.155,0.319,-6.72,37.28,64.6,-711.8,-1361.74,0.8543,0.845,0.1965,0.17,0.8696,121,8,0.8161,72.7,0.2739,-223044.77,True,0.0,0,0.0,17,20,1.312,2025-12-31,2025-12-31 12:18:00,16905.7,16852.8,-52.9,True,True
minute,gmm,2,sl_above_median_skip,tapes/minute/gmm_2,2.2307,1403,702,701,0.5004,-665733.36,-741912.3,-948.34,-1058.36,-1003.31,0.161,0.1655,0.282,-13.41,110.02,154.17,-688.36,-1338.3,0.4983,0.8345,0.4934,0.4535,0.5217,172,8,0.3258,96.2,0.0385,-723899.79,True,0.0,0,0.0,17,20,1.312,2025-12-31,2025-12-31 12:18:00,16905.7,16852.8,-52.9,True,True
minute,gmm,3,choch2_skip,tapes/minute/gmm_3,2.2462,1244,832,412,0.6688,-747599.78,-372108.36,-898.56,-903.18,-900.09,0.1743,0.1869,0.417,-9.18,4.62,-3.54,-638.58,-1288.52,0.3278,0.8131,0.6532,0.6849,0.1739,172,7,0.9845,15.4,0.8456,-710297.3,True,0.0,0,0.0,13,13,1.1635,2025-12-31,2025-12-31 12:36:00,20960.95,20986.6,25.65,True,True
minute,gmm,3,frozen_st7_st8,tapes/minute/gmm_3,2.2462,1244,197,1047,0.1584,-204233.78,-915474.36,-1036.72,-874.38,-900.09,0.1675,0.1805,0.339,-5.84,-162.34,-138.23,-776.74,-1426.68,0.8395,0.8195,0.1486,0.1344,0.913,113,5,0.4498,50.6,0.4938,-204675.89,True,0.0,0,0.0,13,13,1.1635,2025-12-31,2025-12-31 12:36:00,20960.95,20986.6,25.65,True,True
minute,gmm,3,sl_above_median_skip,tapes/minute/gmm_3,2.2462,1244,622,622,0.5,-603201.73,-516506.41,-969.78,-830.4,-900.09,0.1592,0.1977,0.34,-10.42,-139.38,98.58,-709.8,-1359.74,0.4883,0.8023,0.4459,0.3976,0.6087,155,5,0.3618,41.3,0.5872,-593998.27,True,0.0,0,0.0,13,13,1.1635,2025-12-31,2025-12-31 12:36:00,20960.95,20986.6,25.65,True,True
minute,gmm,4,choch2_skip,tapes/minute/gmm_4,2.2819000000000003,1470,1007,463,0.685,-975299.03,-509556.7,-968.52,-1100.55,-1010.11,0.1668,0.1447,0.314,-14.03,132.04,114.03,-708.54,-1358.48,0.3206,0.8553,0.7149,0.742,0.25,193,7,0.2709,90.9,0.0915,-1017012.51,True,0.0,0,0.0,7,7,1.3822,2025-12-31,2025-12-31 15:12:00,18157.05,18164.6,7.55,True,True
minute,gmm,4,frozen_st7_st8,tapes/minute/gmm_4,2.2819000000000003,1470,226,1244,0.1537,-235408.78,-1249446.95,-1041.63,-1004.38,-1010.11,0.1637,0.1592,0.241,-9.07,-37.25,71.15,-781.66,-1431.6,0.847,0.8408,0.1574,0.1244,0.9167,132,5,0.8101,89.7,0.1034,-261881.72,True,0.0,0,0.0,7,7,1.3822,2025-12-31,2025-12-31 15:12:00,18157.05,18164.6,7.55,True,True
minute,gmm,4,sl_above_median_skip,tapes/minute/gmm_4,2.2819000000000003,1470,735,735,0.5,-716108.51,-768747.22,-974.3,-1045.91,-1010.11,0.1415,0.1782,0.273,-13.71,71.62,148.88,-714.32,-1364.26,0.4891,0.8218,0.4426,0.4477,0.5,185,5,0.5237,89.0,0.1104,-760695.67,True,0.0,0,0.0,7,7,1.3822,2025-12-31,2025-12-31 15:12:00,18157.05,18164.6,7.55,True,True
minute,gmm,5,choch2_skip,tapes/minute/gmm_5,2.2373000000000003,1312,900,412,0.686,-840277.12,-456013.41,-933.64,-1106.83,-988.03,0.1589,0.1481,0.31,-13.2,173.19,90.74,-673.66,-1323.61,0.3168,0.8519,0.701,0.7513,0.1429,173,6,0.1339,71.2,0.2884,-856021.09,True,0.0,0,0.0,24,31,1.2318,2025-12-31,2025-12-31 14:43:00,16713.55,16727.35,13.8,True,True
minute,gmm,5,frozen_st7_st8,tapes/minute/gmm_5,2.2373000000000003,1312,193,1119,0.1471,-205546.07,-1090744.46,-1065.01,-974.75,-988.03,0.1451,0.1573,0.244,-7.8,-90.26,-128.27,-805.03,-1454.97,0.8511,0.8427,0.1373,0.1324,0.8571,116,6,0.5587,28.6,0.7141,-193470.37,True,0.0,0,0.0,24,31,1.2318,2025-12-31,2025-12-31 14:43:00,16713.55,16727.35,13.8,True,True
minute,gmm,5,sl_above_median_skip,tapes/minute/gmm_5,2.2373000000000003,1312,656,656,0.5,-639572.47,-656718.06,-974.96,-1001.09,-988.03,0.1433,0.1677,0.256,-13.91,26.14,100.85,-714.98,-1364.92,0.4928,0.8323,0.4608,0.4387,0.5714,166,4,0.8151,46.4,0.5362,-636261.97,True,0.0,0,0.0,24,31,1.2318,2025-12-31,2025-12-31 14:43:00,16713.55,16727.35,13.8,True,True
minute,gmm,6,choch2_skip,tapes/minute/gmm_6,2.20685,1500,1011,489,0.674,-1065402.66,-561525.43,-1053.81,-1148.31,-1084.62,0.1533,0.1288,0.256,-17.11,94.5,114.32,-793.83,-1443.78,0.3323,0.8712,0.711,0.6924,0.2727,178,6,0.3803,69.8,0.3018,-1081301.27,True,0.0,0,0.1781,36,44,1.4071,2025-10-28,2025-10-28 13:32:00,17617.3,18698.65,1081.35,True,True
minute,gmm,6,frozen_st7_st8,tapes/minute/gmm_6,2.20685,1500,225,1275,0.15,-262689.27,-1364238.82,-1167.51,-1069.99,-1084.62,0.12,0.1498,0.226,-8.96,-97.52,-76.26,-907.53,-1557.47,0.8456,0.8502,0.1239,0.1448,0.8636,128,5,0.4838,26.1,0.7386,-247993.09,True,0.0,0,0.1781,36,44,1.4071,2025-10-28,2025-10-28 13:32:00,17617.3,18698.65,1081.35,True,True
minute,gmm,6,sl_above_median_skip,tapes/minute/gmm_6,2.20685,1500,750,750,0.5,-837424.93,-789503.16,-1116.57,-1052.67,-1084.62,0.1307,0.16,0.195,-17.94,-63.9,-40.63,-856.59,-1506.53,0.4914,0.84,0.4495,0.3833,0.6364,166,4,0.5442,56.0,0.4398,-843015.02,True,0.0,0,0.1781,36,44,1.4071,2025-10-28,2025-10-28 13:32:00,17617.3,18698.65,1081.35,True,True
minute,gmm,7,choch2_skip,tapes/minute/gmm_7,2.1768,1338,918,420,0.6861,-922673.68,-420366.59,-1005.09,-1000.87,-1003.77,0.1699,0.1548,0.319,-13.34,-4.22,71.2,-745.11,-1395.06,0.3178,0.8452,0.7059,0.6845,0.3913,163,6,0.9755,38.6,0.6142,-913985.47,True,0.0,0,0.0,22,23,1.2493,2025-12-31,2025-12-31 14:01:00,19672.0,19671.4,-0.6,True,True
minute,gmm,7,frozen_st7_st8,tapes/minute/gmm_7,2.1768,1338,226,1112,0.1689,-227513.96,-1115526.31,-1006.7,-1003.17,-1003.77,0.1593,0.1664,0.306,-6.79,-3.53,85.6,-746.72,-1396.66,0.8299,0.8336,0.1629,0.1592,0.8261,120,4,0.983,64.8,0.3528,-236679.87,True,0.0,0,0.0,22,23,1.2493,2025-12-31,2025-12-31 14:01:00,19672.0,19671.4,-0.6,True,True
minute,gmm,7,sl_above_median_skip,tapes/minute/gmm_7,2.1768,1338,669,669,0.5,-658841.37,-684198.9,-984.82,-1022.72,-1003.77,0.1525,0.1779,0.301,-11.87,37.9,78.57,-724.84,-1374.78,0.4924,0.8221,0.4615,0.4493,0.5652,155,5,0.7481,72.2,0.2779,-679357.58,True,0.0,0,0.0,22,23,1.2493,2025-12-31,2025-12-31 14:01:00,19672.0,19671.4,-0.6,True,True
minute,segment,0,choch2_skip,tapes/minute/segment_0,2.4044,613,409,204,0.6672,-490239.48,-145808.61,-1198.63,-714.75,-1037.6,0.1296,0.1814,0.237,-11.88,-483.88,-192.27,-938.65,-1588.59,0.3193,0.8186,0.5889,0.5052,0.5556,84,1,0.0225,2.5,0.975,-442793.54,True,0.0,0,0.1498,61,76,0.5739,2025-11-07,2025-11-07 09:34:00,20127.55,20575.3,447.75,True,True
minute,segment,0,frozen_st7_st8,tapes/minute/segment_0,2.4044,613,92,521,0.1501,-107816.49,-528231.6,-1171.92,-1013.88,-1037.6,0.1413,0.1478,0.288,-4.43,-158.04,-146.43,-911.94,-1561.88,0.8489,0.8522,0.1444,0.1445,0.8889,50,3,0.5717,61.6,0.3838,-113504.99,True,0.0,0,0.1498,61,76,0.5739,2025-11-07,2025-11-07 09:34:00,20127.55,20575.3,447.75,True,True
minute,segment,0,sl_above_median_skip,tapes/minute/segment_0,2.4044,613,307,306,0.5008,-322467.16,-313580.93,-1050.38,-1024.77,-1037.6,0.1075,0.1863,0.251,-9.21,-25.61,25.82,-790.41,-1440.35,0.4761,0.8137,0.3667,0.3569,0.5556,76,2,0.8996,64.2,0.3588,-331175.76,True,0.0,0,0.1498,61,76,0.5739,2025-11-07,2025-11-07 09:34:00,20127.55,20575.3,447.75,True,True
minute,segment,1,choch2_skip,tapes/minute/segment_1,2.4484,1245,776,469,0.6233,-798737.41,-522853.94,-1029.3,-1114.83,-1061.52,0.1418,0.1237,0.3,-12.4,85.53,-36.01,-769.32,-1419.27,0.3816,0.8763,0.6548,0.6636,0.1765,152,7,0.5327,29.3,0.7071,-782894.32,True,0.0,0,0.0,24,24,1.1561,2025-12-31,2025-12-31 15:08:00,18540.1,18544.95,4.85,True,True
minute,segment,1,frozen_st7_st8,tapes/minute/segment_1,2.4484,1245,192,1053,0.1542,-185642.8,-1135948.55,-966.89,-1078.77,-1061.52,0.1562,0.1311,0.295,-6.26,111.88,182.19,-706.91,-1356.85,0.8496,0.8689,0.1786,0.1509,0.8824,107,7,0.5337,95.8,0.043,-225139.35,True,0.0,0,0.0,24,24,1.1561,2025-12-31,2025-12-31 15:08:00,18540.1,18544.95,4.85,True,True
minute,segment,1,sl_above_median_skip,tapes/minute/segment_1,2.4484,1245,623,622,0.5004,-691456.17,-630135.18,-1109.88,-1013.08,-1061.52,0.0963,0.1736,0.214,-14.77,-96.8,-10.12,-849.9,-1499.85,0.4773,0.8264,0.3571,0.3661,0.5294,142,5,0.4593,58.6,0.4138,-698578.69,True,0.0,0,0.0,24,24,1.1561,2025-12-31,2025-12-31 15:08:00,18540.1,18544.95,4.85,True,True
minute,segment,2,choch2_skip,tapes/minute/segment_2,2.4977,951,617,334,0.6488,-646984.82,-361520.92,-1048.6,-1082.4,-1060.47,0.1475,0.1557,0.296,-10.6,33.8,-48.58,-788.62,-1438.56,0.349,0.8443,0.6364,0.6608,0.2667,125,7,0.8486,7.5,0.9255,-608284.18,True,0.0,0,0.0162,37,37,0.8867,2025-12-24,2025-12-24 14:57:00,19698.5,20464.45,765.95,True,True
minute,segment,2,frozen_st7_st8,tapes/minute/segment_2,2.4977,951,172,779,0.1809,-140721.17,-867784.57,-818.15,-1113.97,-1060.47,0.1453,0.1515,0.437,-3.33,295.83,190.79,-558.17,-1208.11,0.8181,0.8485,0.1748,0.2663,0.6,89,5,0.1399,22.4,0.7761,-122741.58,True,0.0,0,0.0162,37,37,0.8867,2025-12-24,2025-12-24 14:57:00,19698.5,20464.45,765.95,True,True
minute,segment,2,sl_above_median_skip,tapes/minute/segment_2,2.4977,951,476,475,0.5005,-472232.09,-536273.65,-992.08,-1129.0,-1060.47,0.1387,0.1621,0.275,-10.0,136.91,249.52,-732.11,-1382.05,0.4926,0.8379,0.4615,0.4351,0.6667,115,6,0.3618,84.0,0.1599,-500588.71,True,0.0,0,0.0162,37,37,0.8867,2025-12-24,2025-12-24 14:57:00,19698.5,20464.45,765.95,True,True
minute,segment,3,choch2_skip,tapes/minute/segment_3,2.5111,430,296,134,0.6884,-306455.15,-123867.47,-1035.32,-924.38,-1000.75,0.1622,0.1716,0.26,-9.59,-110.94,44.82,-775.34,-1425.29,0.3092,0.8284,0.6761,0.6293,0.5,59,3,0.5932,8.2,0.9185,-282759.48,False,0.6802,168,0.004,168,168,0.4014,2025-12-30,2025-12-30 15:05:00,19540.05,19767.15,227.1,False,True
minute,segment,3,frozen_st7_st8,tapes/minute/segment_3,2.5111,430,71,359,0.1651,-86981.06,-343341.56,-1225.09,-956.38,-1000.75,0.1268,0.1727,0.181,-5.91,-268.7,-135.39,-965.11,-1615.05,0.8273,0.8273,0.1268,0.1118,0.875,39,1,0.2949,36.6,0.6342,-82235.37,False,0.6802,168,0.004,168,168,0.4014,2025-12-30,2025-12-30 15:05:00,19540.05,19767.15,227.1,False,True
minute,segment,3,sl_above_median_skip,tapes/minute/segment_3,2.5111,430,215,215,0.5,-204407.12,-225915.5,-950.73,-1050.77,-1000.75,0.1256,0.2047,0.281,-7.33,100.04,-40.05,-690.75,-1340.7,0.4763,0.7953,0.3803,0.4653,0.375,54,3,0.5982,76.0,0.2399,-216736.67,False,0.6802,168,0.004,168,168,0.4014,2025-12-30,2025-12-30 15:05:00,19540.05,19767.15,227.1,False,True
minute,segment,4,choch2_skip,tapes/minute/segment_4,2.4882,1316,833,483,0.633,-958437.92,-464445.81,-1150.59,-961.59,-1081.22,0.1357,0.1615,0.227,-16.16,-189.0,-193.69,-890.61,-1540.55,0.36,0.8385,0.5916,0.5773,0.35,172,3,0.1184,5.4,0.946,-909353.35,True,0.0,0,0.0,15,15,1.229,2025-12-31,2025-12-31 15:09:00,18510.4,18563.1,52.7,True,True
minute,segment,4,frozen_st7_st8,tapes/minute/segment_4,2.4882,1316,191,1125,0.1451,-198337.04,-1224546.69,-1038.41,-1088.49,-1081.22,0.1414,0.1458,0.255,-7.26,50.07,60.38,-778.44,-1428.38,0.8542,0.8542,0.1414,0.1392,0.85,116,5,0.7786,69.3,0.3068,-209405.86,True,0.0,0,0.0,15,15,1.229,2025-12-31,2025-12-31 15:09:00,18510.4,18563.1,52.7,True,True
minute,segment,4,sl_above_median_skip,tapes/minute/segment_4,2.4882,1316,658,658,0.5,-673316.67,-749567.06,-1023.28,-1139.16,-1081.22,0.1216,0.1687,0.254,-12.88,115.88,102.0,-763.3,-1413.24,0.4862,0.8313,0.4188,0.4718,0.5,163,6,0.3073,97.2,0.028,-735794.44,True,0.0,0,0.0,15,15,1.229,2025-12-31,2025-12-31 15:09:00,18510.4,18563.1,52.7,True,True
minute,segment,5,choch2_skip,tapes/minute/segment_5,2.4231,1284,841,443,0.655,-884162.07,-380453.79,-1051.32,-858.81,-984.9,0.132,0.1648,0.272,-12.91,-192.51,-213.65,-791.35,-1441.29,0.3364,0.8352,0.6033,0.6258,0.3158,169,6,0.1614,5.8,0.942,-831955.61,True,0.0,0,0.0,13,17,1.1995,2025-12-31,2025-12-31 15:17:00,16354.75,16362.2,7.45,True,True
minute,segment,5,frozen_st7_st8,tapes/minute/segment_5,2.4231,1284,202,1082,0.1573,-159936.91,-1104678.95,-791.77,-1020.96,-984.9,0.1782,0.1368,0.425,-3.7,229.19,164.39,-531.79,-1181.73,0.8491,0.8632,0.1957,0.2237,0.8947,106,6,0.1959,94.7,0.054,-203585.98,True,0.0,0,0.0,13,17,1.1995,2025-12-31,2025-12-31 15:17:00,16354.75,16362.2,7.45,True,True
minute,segment,5,sl_above_median_skip,tapes/minute/segment_5,2.4231,1284,642,642,0.5,-673215.58,-591400.28,-1048.62,-921.18,-984.9,0.1137,0.1729,0.217,-15.2,-127.44,-1.86,-788.65,-1438.59,0.4827,0.8271,0.3967,0.3518,0.6842,156,3,0.3268,22.1,0.7791,-644205.67,True,0.0,0,0.0,13,17,1.1995,2025-12-31,2025-12-31 15:17:00,16354.75,16362.2,7.45,True,True
minute,segment,6,choch2_skip,tapes/minute/segment_6,2.4657999999999998,1008,630,378,0.625,-516048.45,-376422.38,-819.12,-995.83,-885.39,0.1762,0.1587,0.374,-9.06,176.7,34.19,-559.15,-1209.09,0.3799,0.8413,0.6491,0.6998,0.1111,143,8,0.1839,39.8,0.6022,-509778.47,True,0.0,0,0.004,25,25,0.9374,2025-12-30,2025-12-30 10:18:00,15058.3,15184.8,126.5,True,True
minute,segment,6,frozen_st7_st8,tapes/minute/segment_6,2.4657999999999998,1008,162,846,0.1607,-149548.54,-742922.29,-923.14,-878.16,-885.39,0.1667,0.1702,0.343,-4.86,-44.98,-167.99,-663.16,-1313.1,0.8387,0.8298,0.1579,0.1771,0.7778,95,4,0.8041,50.5,0.4948,-149798.2,True,0.0,0,0.004,25,25,0.9374,2025-12-30,2025-12-30 10:18:00,15058.3,15184.8,126.5,True,True
minute,segment,6,sl_above_median_skip,tapes/minute/segment_6,2.4657999999999998,1008,504,504,0.5,-481506.36,-410964.47,-955.37,-815.41,-885.39,0.127,0.2123,0.254,-11.81,-139.96,-102.41,-695.39,-1345.33,0.4743,0.7877,0.3743,0.3716,0.5556,130,4,0.2959,58.2,0.4178,-486898.83,True,0.0,0,0.004,25,25,0.9374,2025-12-30,2025-12-30 10:18:00,15058.3,15184.8,126.5,True,True
minute,segment,7,choch2_skip,tapes/minute/segment_7,2.4608,1243,808,435,0.65,-811212.81,-431667.47,-1003.98,-992.34,-999.9,0.1399,0.1586,0.315,-11.7,-11.64,-122.38,-744.0,-1393.94,0.345,0.8414,0.6209,0.6846,0.2632,166,7,0.9335,14.1,0.8591,-775823.69,True,0.0,0,0.004,7,7,1.1616,2025-12-30,2025-12-30 09:50:00,18953.55,18293.75,-659.8,True,True
minute,segment,7,frozen_st7_st8,tapes/minute/segment_7,2.4608,1243,210,1033,0.1689,-212954.87,-1029925.41,-1014.07,-997.02,-999.9,0.1476,0.1462,0.286,-6.55,-17.05,-57.69,-754.09,-1404.04,0.8313,0.8538,0.1703,0.1565,0.8421,118,6,0.921,50.5,0.4958,-213391.91,True,0.0,0,0.004,7,7,1.1616,2025-12-30,2025-12-30 09:50:00,18953.55,18293.75,-659.8,True,True
minute,segment,7,sl_above_median_skip,tapes/minute/segment_7,2.4608,1243,622,621,0.5004,-589695.55,-653184.73,-948.06,-1051.83,-999.9,0.1206,0.1723,0.286,-11.15,103.76,117.91,-688.09,-1338.03,0.4844,0.8277,0.4121,0.434,0.5789,156,9,0.4428,72.8,0.2729,-609181.8,True,0.0,0,0.004,7,7,1.1616,2025-12-30,2025-12-30 09:50:00,18953.55,18293.75,-659.8,True,True
minute,segment,8,choch2_skip,tapes/minute/segment_8,2.4604,917,585,332,0.6379,-551256.0,-207954.05,-942.32,-626.37,-827.93,0.1624,0.1928,0.355,-8.72,-315.95,-141.98,-682.34,-1332.28,0.3536,0.8072,0.5975,0.5451,0.5,130,1,0.1014,5.0,0.9505,-498696.67,True,0.0,0,0.0,58,58,0.8525,2025-12-31,2025-12-31 15:17:00,21927.85,21935.7,7.85,True,False
minute,segment,8,frozen_st7_st8,tapes/minute/segment_8,2.4604,917,136,781,0.1483,-119833.57,-639376.48,-881.13,-818.66,-827.93,0.1985,0.169,0.407,-3.91,-62.47,18.82,-621.15,-1271.09,0.8562,0.831,0.1698,0.1475,0.875,85,4,0.8161,47.8,0.5222,-118643.66,True,0.0,0,0.0,58,58,0.8525,2025-12-31,2025-12-31 15:17:00,21927.85,21935.7,7.85,True,False
minute,segment,8,sl_above_median_skip,tapes/minute/segment_8,2.4604,917,459,458,0.5005,-442456.7,-316753.35,-963.96,-691.6,-827.93,0.1351,0.2118,0.281,-9.93,-272.36,9.46,-703.98,-1353.92,0.4763,0.7882,0.3899,0.311,0.8125,116,3,0.1344,17.7,0.8231,-411376.23,True,0.0,0,0.0,58,58,0.8525,2025-12-31,2025-12-31 15:17:00,21927.85,21935.7,7.85,True,False
minute,segment,9,choch2_skip,tapes/minute/segment_9,2.4275,800,555,245,0.6937,-487133.8,-193265.41,-877.72,-788.84,-850.5,0.1568,0.1714,0.388,-7.96,-88.88,-23.14,-617.74,-1267.68,0.3025,0.8286,0.6744,0.7128,0.3077,109,4,0.6672,2.8,0.9725,-435655.61,False,0.3725,92,0.3725,92,92,0.7455,2025-08-18,2025-08-18 10:23:00,19072.7,25411.9,6339.2,False,False
minute,segment,9,frozen_st7_st8,tapes/minute/segment_9,2.4275,800,111,689,0.1388,-111634.68,-568764.53,-1005.72,-825.49,-850.5,0.1532,0.1626,0.236,-5.93,-180.23,21.27,-745.74,-1395.68,0.8599,0.8374,0.1318,0.0799,0.9231,66,3,0.4903,39.0,0.6102,-107614.37,False,0.3725,92,0.3725,92,92,0.7455,2025-08-18,2025-08-18 10:23:00,19072.7,25411.9,6339.2,False,False
minute,segment,9,sl_above_median_skip,tapes/minute/segment_9,2.4275,800,400,400,0.5,-413144.43,-267254.78,-1032.86,-668.14,-850.5,0.1275,0.195,0.237,-11.68,-364.72,-157.94,-772.88,-1422.83,0.4799,0.805,0.3953,0.2962,0.7692,98,0,0.049,21.8,0.7826,-386949.55,False,0.3725,92,0.3725,92,92,0.7455,2025-08-18,2025-08-18 10:23:00,19072.7,25411.9,6339.2,False,False
minute,session,0,choch2_skip,tapes/minute/session_0,2.3685,1101,742,359,0.6739,-861727.15,-322270.9,-1161.36,-897.69,-1075.38,0.1375,0.1588,0.26,-13.97,-263.67,-247.87,-901.38,-1551.32,0.3206,0.8412,0.6415,0.6254,0.3125,137,2,0.0765,0.8,0.9915,-786945.94,True,0.0,0,0.0405,14,15,1.0315,2025-12-16,2025-12-16 13:59:00,21539.75,23861.85,2322.1,True,True
minute,session,0,frozen_st7_st8,tapes/minute/session_0,2.3685,1101,175,926,0.1589,-208692.02,-975306.03,-1192.53,-1053.25,-1075.38,0.16,0.1415,0.261,-6.75,-139.28,-75.63,-932.55,-1582.49,0.8439,0.8585,0.1761,0.1524,0.9375,98,6,0.4653,25.6,0.7441,-193252.22,True,0.0,0,0.0405,14,15,1.0315,2025-12-16,2025-12-16 13:59:00,21539.75,23861.85,2322.1,True,True
minute,session,0,sl_above_median_skip,tapes/minute/session_0,2.3685,1101,551,550,0.5005,-577979.52,-606018.53,-1048.96,-1101.85,-1075.38,0.1343,0.1545,0.279,-11.44,52.89,49.36,-788.99,-1438.93,0.4936,0.8455,0.4654,0.4633,0.5,121,7,0.7011,89.2,0.1089,-617188.72,True,0.0,0,0.0405,14,15,1.0315,2025-12-16,2025-12-16 13:59:00,21539.75,23861.85,2322.1,True,True
minute,session,1,choch2_skip,tapes/minute/session_1,2.4680999999999997,1332,850,482,0.6381,-915475.42,-479848.87,-1077.03,-995.54,-1047.54,0.1588,0.1473,0.264,-14.56,-81.49,43.63,-817.05,-1466.99,0.365,0.8527,0.6553,0.602,0.2857,161,4,0.5502,15.8,0.8421,-877518.37,True,0.0,0,0.0,13,18,1.241,2025-12-31,2025-12-31 15:02:00,23606.45,23618.8,12.35,True,True
minute,session,1,frozen_st7_st8,tapes/minute/session_1,2.4680999999999997,1332,220,1112,0.1652,-187700.17,-1207624.12,-853.18,-1085.99,-1047.54,0.2,0.1457,0.373,-4.69,232.81,153.6,-593.21,-1243.15,0.8437,0.8543,0.2136,0.2047,0.8571,121,8,0.1934,86.8,0.1329,-221523.37,True,0.0,0,0.0,13,18,1.241,2025-12-31,2025-12-31 15:02:00,23606.45,23618.8,12.35,True,True
minute,session,1,sl_above_median_skip,tapes/minute/session_1,2.4680999999999997,1332,666,666,0.5,-704443.57,-690880.72,-1057.72,-1037.36,-1047.54,0.1471,0.1622,0.23,-14.49,-20.36,83.93,-797.75,-1447.69,0.4956,0.8378,0.4757,0.3864,0.5714,150,5,0.8686,75.0,0.2509,-728121.19,True,0.0,0,0.0,13,18,1.241,2025-12-31,2025-12-31 15:02:00,23606.45,23618.8,12.35,True,True
minute,session,2,choch2_skip,tapes/minute/session_2,2.4077,1130,691,439,0.6115,-708134.98,-339461.33,-1024.8,-773.26,-927.08,0.1158,0.1572,0.256,-12.83,-251.54,-178.0,-764.82,-1414.76,0.3772,0.8428,0.5369,0.5206,0.5333,149,4,0.0615,0.4,0.996,-637755.68,True,0.0,0,0.0,25,25,1.0629,2025-12-31,2025-12-31 15:21:00,15322.45,15336.35,13.9,True,True
minute,session,2,frozen_st7_st8,tapes/minute/session_2,2.4077,1130,191,939,0.169,-168745.73,-878850.58,-883.49,-935.94,-927.08,0.1361,0.131,0.358,-5.12,52.46,-52.23,-623.51,-1273.45,0.8318,0.869,0.1745,0.2013,0.7333,107,6,0.7791,40.9,0.5917,-163585.58,True,0.0,0,0.0,25,25,1.0629,2025-12-31,2025-12-31 15:21:00,15322.45,15336.35,13.9,True,True
minute,session,2,sl_above_median_skip,tapes/minute/session_2,2.4077,1130,565,565,0.5,-530991.55,-516604.76,-939.81,-914.34,-927.08,0.115,0.1487,0.274,-10.51,-25.46,-29.71,-679.83,-1329.77,0.4903,0.8513,0.4362,0.4274,0.6,136,5,0.8611,90.5,0.0955,-567413.86,True,0.0,0,0.0,25,25,1.0629,2025-12-31,2025-12-31 15:21:00,15322.45,15336.35,13.9,True,True
minute,session,3,choch2_skip,tapes/minute/session_3,2.4354,485,322,163,0.6639,-322471.45,-111838.85,-1001.46,-686.13,-895.49,0.1429,0.1963,0.266,-9.36,-315.34,-239.2,-741.49,-1391.43,0.3219,0.8037,0.5897,0.5826,0.375,64,2,0.1154,6.0,0.9405,-291075.12,False,0.4008,99,0.583,99,144,0.4558,2025-06-04,2025-06-06 15:12:00,16809.65,19938.45,3128.8,False,True
minute,session,3,frozen_st7_st8,tapes/minute/session_3,2.4354,485,69,416,0.1423,-26569.58,-407740.72,-385.07,-980.15,-895.49,0.2174,0.1514,0.656,-1.27,595.08,575.41,-125.09,-775.03,0.8673,0.8486,0.1923,0.2519,0.625,41,3,0.0255,92.8,0.073,-50455.76,False,0.4008,99,0.583,99,144,0.4558,2025-06-04,2025-06-06 15:12:00,16809.65,19938.45,3128.8,False,True
minute,session,3,sl_above_median_skip,tapes/minute/session_3,2.4354,485,243,242,0.501,-224268.32,-210041.98,-922.91,-867.94,-895.49,0.1358,0.186,0.259,-8.07,-54.97,-66.97,-662.94,-1312.88,0.484,0.814,0.4231,0.3908,0.5,56,3,0.7711,54.1,0.4593,-226548.32,False,0.4008,99,0.583,99,144,0.4558,2025-06-04,2025-06-06 15:12:00,16809.65,19938.45,3128.8,False,True
minute,session,4,choch2_skip,tapes/minute/session_4,2.365,840,562,278,0.669,-408912.73,-195803.21,-727.6,-704.33,-719.9,0.194,0.1439,0.432,-6.4,-23.27,0.9,-467.63,-1117.57,0.3444,0.8561,0.7315,0.6776,0.4,113,6,0.9085,38.0,0.6207,-401253.58,True,0.0,0,0.0,63,63,0.7824,2025-12-31,2025-12-31 15:07:00,14761.35,14767.45,6.1,True,True
minute,session,4,frozen_st7_st8,tapes/minute/session_4,2.365,840,122,718,0.1452,-65868.82,-538847.12,-539.91,-750.48,-719.9,0.2295,0.1685,0.576,-1.83,210.58,210.63,-279.93,-929.87,0.864,0.8315,0.1879,0.1947,0.7333,82,5,0.4263,66.2,0.3388,-76547.27,True,0.0,0,0.0,63,63,0.7824,2025-12-31,2025-12-31 15:07:00,14761.35,14767.45,6.1,True,True
minute,session,4,sl_above_median_skip,tapes/minute/session_4,2.365,840,420,420,0.5,-356239.0,-248476.94,-848.19,-591.61,-719.9,0.1476,0.2071,0.314,-7.52,-256.58,-69.74,-588.21,-1238.15,0.4819,0.7929,0.4161,0.3545,0.7333,100,4,0.1904,29.2,0.7076,-341507.13,True,0.0,0,0.0,63,63,0.7824,2025-12-31,2025-12-31 15:07:00,14761.35,14767.45,6.1,True,True
minute,session,5,choch2_skip,tapes/minute/session_5,2.42,1445,942,503,0.6519,-894933.62,-589776.78,-950.04,-1172.52,-1027.48,0.1582,0.1252,0.332,-11.6,222.48,120.77,-690.06,-1340.0,0.3569,0.8748,0.7028,0.757,0.2727,183,10,0.0795,31.6,0.6837,-880123.5,True,0.0,0,0.0,7,7,1.3443,2025-12-31,2025-12-31 15:26:00,19187.8,19176.6,-11.2,True,True
minute,session,5,frozen_st7_st8,tapes/minute/session_5,2.42,1445,219,1226,0.1516,-223680.68,-1261029.72,-1021.37,-1028.57,-1027.48,0.1507,0.146,0.284,-7.27,7.2,69.88,-761.4,-1411.34,0.8491,0.854,0.1557,0.1509,0.8182,119,6,0.968,72.2,0.2784,-237277.43,True,0.0,0,0.0,7,7,1.3443,2025-12-31,2025-12-31 15:26:00,19187.8,19176.6,-11.2,True,True
minute,session,5,sl_above_median_skip,tapes/minute/session_5,2.42,1445,723,722,0.5003,-700836.49,-783873.91,-969.35,-1085.7,-1027.48,0.1217,0.1717,0.262,-12.15,116.35,158.13,-709.37,-1359.31,0.485,0.8283,0.4151,0.4239,0.5909,164,6,0.3473,96.5,0.035,-762598.76,True,0.0,0,0.0,7,7,1.3443,2025-12-31,2025-12-31 15:26:00,19187.8,19176.6,-11.2,True,True
minute,session,6,choch2_skip,tapes/minute/session_6,2.30115,962,646,316,0.6715,-583624.63,-270932.79,-903.44,-857.38,-888.31,0.1316,0.1646,0.301,-10.7,-46.06,-50.09,-643.47,-1293.41,0.32,0.8354,0.6204,0.6657,0.3571,121,6,0.7546,7.9,0.921,-547256.51,True,0.0,0,0.0243,42,42,0.8913,2025-12-22,2025-12-22 14:24:00,16300.15,16899.2,599.05,True,True
minute,session,6,frozen_st7_st8,tapes/minute/session_6,2.30115,962,147,815,0.1528,-148893.94,-705663.48,-1012.88,-865.84,-888.31,0.1293,0.1448,0.209,-7.51,-147.04,-52.97,-752.91,-1402.85,0.8448,0.8552,0.1387,0.1039,0.9286,83,4,0.4398,29.0,0.7101,-137502.32,True,0.0,0,0.0243,42,42,0.8913,2025-12-22,2025-12-22 14:24:00,16300.15,16899.2,599.05,True,True
minute,session,6,sl_above_median_skip,tapes/minute/session_6,2.30115,962,481,481,0.5,-415810.15,-438747.27,-864.47,-912.16,-888.31,0.1331,0.1518,0.261,-10.14,47.69,191.44,-604.49,-1254.44,0.4945,0.8482,0.4672,0.3887,0.5714,111,6,0.7531,91.8,0.083,-456861.76,True,0.0,0,0.0243,42,42,0.8913,2025-12-22,2025-12-22 14:24:00,16300.15,16899.2,599.05,True,True
minute,session,7,choch2_skip,tapes/minute/session_7,2.3514,937,621,316,0.6628,-614336.27,-288533.67,-989.27,-913.08,-963.58,0.153,0.1677,0.307,-11.06,-76.19,-87.6,-729.29,-1379.23,0.3333,0.8323,0.6419,0.678,0.2667,125,5,0.6287,8.8,0.9125,-574403.47,True,0.0,0,0.0445,34,34,0.8728,2025-12-15,2025-12-15 13:36:00,21753.5,22403.45,649.95,True,True
minute,session,7,frozen_st7_st8,tapes/minute/session_7,2.3514,937,168,769,0.1793,-147883.01,-754986.93,-880.26,-981.78,-963.58,0.1548,0.1586,0.394,-4.58,101.52,-44.13,-620.28,-1270.22,0.82,0.8414,0.1757,0.2391,0.6667,88,6,0.5887,76.0,0.2409,-162850.06,True,0.0,0,0.0445,34,34,0.8728,2025-12-15,2025-12-15 13:36:00,21753.5,22403.45,649.95,True,True
minute,session,7,sl_above_median_skip,tapes/minute/session_7,2.3514,937,469,468,0.5005,-466241.4,-436628.54,-994.12,-932.97,-963.58,0.1237,0.1923,0.254,-11.0,-61.15,-15.91,-734.14,-1384.08,0.4791,0.8077,0.3919,0.3945,0.6,115,4,0.6742,71.0,0.2909,-481370.43,True,0.0,0,0.0445,34,34,0.8728,2025-12-15,2025-12-15 13:36:00,21753.5,22403.45,649.95,True,True
minute,session,8,choch2_skip,tapes/minute/session_8,2.3997,762,500,262,0.6562,-483878.17,-240501.85,-967.76,-917.95,-950.63,0.154,0.1336,0.304,-9.69,-49.81,1.0,-707.78,-1357.72,0.3492,0.8664,0.6875,0.6027,0.5,101,4,0.7981,14.4,0.8556,-453704.88,False,0.3077,76,0.3117,76,77,0.7132,2025-09-09,2025-09-09 09:30:00,18967.85,21806.9,2839.05,False,False
minute,session,8,frozen_st7_st8,tapes/minute/session_8,2.3997,762,129,633,0.1693,-106275.11,-618104.91,-823.84,-976.47,-950.63,0.1705,0.1422,0.416,-3.44,152.63,67.4,-563.86,-1213.8,0.8354,0.8578,0.1964,0.2159,0.8333,79,5,0.5037,42.6,0.5737,-102082.18,False,0.3077,76,0.3117,76,77,0.7132,2025-09-09,2025-09-09 09:30:00,18967.85,21806.9,2839.05,False,False
minute,session,8,sl_above_median_skip,tapes/minute/session_8,2.3997,762,381,381,0.5,-411834.25,-312545.77,-1080.93,-820.33,-950.63,0.1339,0.1601,0.202,-12.88,-260.6,-13.22,-820.95,-1470.89,0.4923,0.8399,0.4554,0.2982,0.9167,92,2,0.1434,24.9,0.7511,-392358.99,False,0.3077,76,0.3117,76,77,0.7132,2025-09-09,2025-09-09 09:30:00,18967.85,21806.9,2839.05,False,False
minute,session,9,choch2_skip,tapes/minute/session_9,2.3636999999999997,1092,712,380,0.652,-758424.32,-344119.42,-1065.2,-905.58,-1009.66,0.1306,0.1395,0.277,-11.44,-159.63,-167.88,-805.23,-1455.17,0.3457,0.8605,0.637,0.6394,0.4,138,5,0.3123,2.5,0.9745,-707085.79,True,0.0,0,0.004,31,31,1.0159,2025-12-30,2025-12-30 14:18:00,19505.5,19757.25,251.75,True,False
minute,session,9,frozen_st7_st8,tapes/minute/session_9,2.3636999999999997,1092,178,914,0.163,-215175.01,-887368.73,-1208.85,-970.86,-1009.66,0.1461,0.1313,0.142,-11.23,-237.99,-39.51,-948.87,-1598.81,0.8393,0.8687,0.1781,0.0783,1.0,96,4,0.2244,12.7,0.8731,-192717.07,True,0.0,0,0.004,31,31,1.0159,2025-12-30,2025-12-30 14:18:00,19505.5,19757.25,251.75,True,False
minute,session,9,sl_above_median_skip,tapes/minute/session_9,2.3636999999999997,1092,546,546,0.5,-583925.49,-518618.25,-1069.46,-949.85,-1009.66,0.1081,0.1593,0.219,-13.41,-119.61,54.36,-809.48,-1459.43,0.4852,0.8407,0.4041,0.3591,0.6667,121,4,0.4268,99.2,0.0085,-645884.25,True,0.0,0,0.004,31,31,1.0159,2025-12-30,2025-12-30 14:18:00,19505.5,19757.25,251.75,True,False
