,session_bar,hour,hour_bin=09,hour_bin=10,hour_bin=11,hour_bin=12,hour_bin=13,hour_bin=14,hour_bin=15,hour_bin=<09:25,hour_bin=>=15:20,dow,dir=down,bars_since_choch,choch_same_session,days_to_expiry,sl,sl_dist_pts,sl_dist_atr,atr14,atr_bps,range_1h_pts,range_1h_atr,range_3h_pts,range_3h_atr,range_since_choch_atr,bar_range_pts,bar_body_pts,bar_range_atr,close_pos_in_bar,close_vs_sess_open_pts,sess_range_atr,pos_in_session_range,gap_pts,ret_1h_pts,er_1h,n_events_asof,n_choch_since_bos,n_bos_since_choch,bars_since_bos,last_bos_dir=down,last_bos_dir=none,last_bos_same_session,n_choch_since_bos_today,bars_since_prev_choch,last_choch_dir=down,alt_dir6,alt_kind6,n_choch_1h,n_bos_1h,n_choch_3h,n_bos_3h,n_events_today,n_choch_today,n_bos_today,vol_ratio20,vol_ratio60,sess_cumvol_ratio20s,vol_max_ratio20_5,vol_max_ratio20_15,hv2_bars_since,hv2_dir=down,hv2_dir=flat,hv2_dir=none,hv2_dir=up,hv2_dir_agree,hv2_ratio,hv3_bars_since,hv3_dir=down,hv3_dir=flat,hv3_dir=none,hv3_dir=up,hv3_dir_agree,hv3_low_held,hv3_high_held,hv3_ratio,vol_ratio20_at_choch,vol_max_ratio20_choch_to_k,sess_vol_vs_prev_sess,dist_prot_dir_atr,dist_sh_atr,dist_sl_atr,last_sh_bars_ago,last_sl_bars_ago,swing_ahead_dist_atr,dist_choch_lvl_atr,n_swings_1h,choch_bar_range_atr,move_since_choch_pts,swing_near_kind=H,n_rooms_alive,room_edge_dist_dir_atr,room_edge_kind=hi,room_ahead_dist_atr,room_behind_dist_atr,touch_prot_n,touch_prot_last=broke,touch_prot_last=held,touch_prot_last=na,touch_prot_last=none,touch_prot_last=pending,touch_prot_bars_ago,touch_room_n,touch_room_last=broke,touch_room_last=held,touch_room_last=none,touch_room_last=pending,touch_room_bars_ago,touch_swing_n,touch_swing_last=broke,touch_swing_last=held,touch_swing_last=pending,touch_swing_bars_ago,today_n_closed_asof,today_net_asof,today_pts_asof,today_n_stops_asof,last_closed_net_asof,last_closed_reason_asof=nan,last_closed_reason_asof=next_choch,last_closed_reason_asof=stop_loss,card_visit_n,card_this_bars,card_first_bars,card_read=ACCEPTED,card_read=FIRST_PRINT,card_read=HUNT,card_read=LEAVE,card_read=NEW,card_read=PENDING,card_read=RECYCLE,card_read=REJECT,card_read=THIN,card_out_run,card_out_side=down,card_out_side=nan,card_out_side=up,card_last_hunt_dir=down,card_last_hunt_dir=nan,card_last_hunt_dir=up,card_last_reject_dir=down,card_last_reject_dir=nan,card_last_reject_dir=up,card_cluster_sit,card_last_leave_failed,card_leave_side=down,card_leave_side=up,card_leave_kind=gap,card_leave_kind=normal,card_touches,fz_zone_kind=B,fz_level_in_band,fz_gate=BLOCK,fz_gate=REENTER,fz_gate=TAKE,fz_gate=WATCH,fz_block_reason=hunt_fade,fz_block_reason=leave_into_recycle,fz_block_reason=nan,fz_block_reason=new,fz_block_reason=open_pierce,fz_branch=defend,fz_branch=first_print,fz_branch=leave,fz_branch=nan,fz_branch=watch,fz_take_why=accepted_no_defend,fz_take_why=defend_opposite_in_visit,fz_take_why=defend_wrong_half,fz_take_why=first_print_against,fz_take_why=leave_against,fz_take_why=leave_gap_quiet,fz_take_why=leave_vol_fail,fz_take_why=nan,fz_entered_read=ACCEPTED,fz_entered_read=FIRST_PRINT,fz_entered_read=HUNT,fz_entered_read=RECYCLE,fz_entered_read=REJECT,fz_entered_read=THIN,fz_entered_read=nan,fz_watch_kind=WATCH,fz_watch_kind=WATCH_EDGE,fz_band_width,fz_band_width_atr,fz_pos_in_band,fz_pos_in_band_dir,fz_dist_band_edge_ahead,fz_dist_band_edge_behind,card_vol_ratio,card_bars_since_reject,card_in_room,ffd_close_dstar,ffd_close_dstar_z60,ffd_vol_dstar,ffd_vol_dstar_z60,bsadf_close,bsadf_close_win,cusum_events_60,cusum_bars_since,csw_max_abs,csw_max_exceed,csw_sign_dir,bocpd_ret_h60_map,bocpd_ret_h60_p10,bocpd_ret_h60_since_reset,bocpd_ret_h240_map,bocpd_ret_h240_p10,bocpd_ret_h240_since_reset,bocpd_rng_h60_map,bocpd_rng_h60_p10,bocpd_rng_h60_since_reset,bocpd_rng_h240_map,bocpd_rng_h240_p10,bocpd_rng_h240_since_reset,rv_absret,rv_body_frac,rv_logvol_rel20,rv_ev36,rv_range36_atr,rv_ret36_atr,gmm3_p0,gmm3_p1,gmm3_p2,gmm3_map,gmm4_p0,gmm4_p1,gmm4_p2,gmm4_p3,gmm4_map,hmm3_p0,hmm3_p1,hmm3_p2,hmm3_map,hmm3_map_run,hmm4_p0,hmm4_p1,hmm4_p2,hmm4_p3,hmm4_map,hmm4_map_run,jump3_state,jump3_run,jump4_state,jump4_run,nn_dist_prefix_short,p1_dist_prefix_short,nn_dist_prefix_long,p1_dist_prefix_long,win_sign_agree10,win_dd_extreme_atr,win_range_slope,gap_pts__na,ret_1h_pts__na,er_1h__na,bars_since_bos__na,bars_since_prev_choch__na,sess_cumvol_ratio20s__na,hv2_bars_since__na,hv3_bars_since__na,hv3_low_held__na,vol_ratio20_at_choch__na,vol_max_ratio20_choch_to_k__na,dist_prot_dir_atr__na,room_ahead_dist_atr__na,room_behind_dist_atr__na,touch_prot_bars_ago__na,touch_room_bars_ago__na,last_closed_net_asof__na,card_visit_n__na,card_bars_since_reject__na,ffd_close_dstar__na,bsadf_close__na,csw_max_abs__na,bocpd_ret_h60_since_reset__na,nn_dist_prefix_long__na
session_bar,1.0,0.988,-0.4333,-0.4181,-0.243,-0.0101,0.2561,0.5529,0.3941,-0.3492,0.1913,0.0055,-0.0054,-0.0278,0.1486,0.0223,-0.0224,-0.1764,-0.0545,-0.2319,-0.2104,-0.112,0.0575,0.1414,0.2675,-0.0373,-0.1434,0.0126,0.0298,0.0022,-0.0154,0.6291,0.0205,-0.0044,0.0178,-0.1816,-0.028,0.0393,-0.0331,0.0008,0.001,-0.0308,0.3728,0.0701,-0.0702,-0.0027,0.0542,0.0262,0.097,0.0351,0.0884,0.0528,0.9333,0.6885,0.9312,0.1517,0.2927,0.0023,0.2081,0.2676,-0.1024,0.1218,0.0217,-0.4845,0.1543,0.0534,0.0273,-0.025,0.1892,0.033,-0.5994,0.2454,0.0134,0.0056,-0.018,0.0045,0.1797,0.1763,0.0312,-0.0932,-0.0006,0.0025,0.0002,0.0054,0.0582,-0.0777,0.0506,0.0067,-0.1525,0.0043,0.1712,0.0549,0.0035,0.0271,0.0258,0.0555,0.0047,-0.0589,-0.0155,0.0122,0.051,-0.021,0.0686,0.0238,0.0519,-0.0634,-0.0176,0.033,0.1039,-0.022,-0.0182,0.0232,-0.1055,0.7115,-0.5293,-0.2062,0.503,0.1605,-0.4473,0.2518,0.0604,0.1475,0.0163,0.054,0.0414,0.0159,0.0057,-0.0559,-0.0008,-0.0125,0.016,0.041,0.0411,-0.0706,-0.0396,0.0454,-0.0171,0.0616,-0.1142,0.0827,0.018,-0.06,0.0416,0.1357,0.101,-0.0623,-0.0059,-0.2203,0.0038,0.1248,0.0305,0.0475,-0.0361,0.0599,0.0032,0.0116,0.0412,0.0201,0.0252,-0.0624,-0.1845,0.0199,0.018,-0.0115,-0.03,0.0626,0.0187,0.0109,0.0011,-0.0064,0.0095,-0.1647,-0.0441,0.0558,0.0165,-0.046,0.0104,-0.051,0.0452,-0.0011,0.004,0.0256,-0.0173,0.0299,0.2125,0.0072,-0.1042,0.1044,-0.0981,-0.0565,-0.0495,0.0594,-0.023,0.0041,-0.0516,0.1167,-0.0919,0.0058,0.165,0.0045,0.0968,0.0797,-0.0199,0.2584,-0.1351,0.0869,0.2589,-0.1424,0.1676,0.2738,-0.0271,0.0618,0.3616,-0.0358,0.1292,-0.1124,-0.0132,0.0814,0.2434,0.0181,0.0308,0.0888,-0.0329,-0.0479,-0.0914,-0.018,0.0844,-0.0373,-0.0418,-0.1019,0.0679,-0.0323,-0.0315,-0.0756,0.0249,-0.0228,-0.0218,0.0385,-0.0354,-0.0298,0.0299,-0.0106,-0.0126,0.0241,-0.0182,0.1902,0.0873,0.1514,0.0304,-0.0093,0.1081,0.4972,0.0008,-0.6352,-0.2981,-0.0308,-0.0227,0.002,-0.4845,-0.5994,-0.3575,-0.327,-0.2564,-0.0155,-0.1221,-0.0053,-0.0138,-0.0651,-0.4473,-0.0305,-0.06,-0.0055,-0.036,-0.2329,-0.0399,-0.043
hour,0.988,1.0,-0.461,-0.4231,-0.246,-0.0102,0.2592,0.5596,0.4042,-0.3229,0.1823,0.0035,-0.007,-0.0292,0.1325,0.0211,-0.024,-0.1644,-0.0408,-0.2286,-0.207,-0.1155,0.0526,0.1382,0.264,-0.0238,-0.133,0.0137,0.0399,0.0057,-0.0148,0.622,0.0215,-0.0016,0.0201,-0.176,-0.0301,0.0392,-0.035,0.0005,-0.0012,-0.0325,0.3575,0.0678,-0.0675,-0.0044,0.0528,0.0257,0.0967,0.0366,0.0892,0.0535,0.923,0.6799,0.9209,0.1589,0.2958,0.0041,0.2153,0.2745,-0.11,0.1219,0.019,-0.4742,0.1486,0.0585,0.0294,-0.0334,0.1866,0.0319,-0.5926,0.2431,0.0164,0.0067,-0.0168,0.0049,0.1866,0.1841,0.0355,-0.0803,-0.001,0.0054,0.0033,0.0075,0.0494,-0.0677,0.0507,0.0148,-0.1453,0.0058,0.1664,0.0488,0.0054,0.031,0.0274,0.0522,0.0009,-0.058,-0.011,0.0111,0.0486,-0.0229,0.0634,0.0225,0.048,-0.0548,-0.02,0.0286,0.1023,-0.0175,-0.0131,0.0184,-0.0987,0.704,-0.5224,-0.2017,0.497,0.1603,-0.4364,0.2455,0.0591,0.1521,0.0119,0.055,0.0359,0.0185,0.0058,-0.0538,-0.0004,-0.0106,0.0109,0.0411,0.0389,-0.0656,-0.0394,0.0426,-0.0138,0.061,-0.1141,0.0831,0.0159,-0.0592,0.0429,0.1283,0.0979,-0.0622,-0.0035,-0.2061,0.002,0.1287,0.0287,0.0448,-0.0309,0.0586,0.0029,0.0074,0.0394,0.0181,0.0212,-0.0577,-0.1683,0.0177,0.0216,-0.0117,-0.0291,0.0601,0.0132,0.0083,0.0007,-0.007,0.0102,-0.1532,-0.0439,0.0556,0.012,-0.0477,0.014,-0.0504,0.0443,0.0001,0.0035,0.022,-0.0184,0.0315,0.2104,0.0093,-0.0988,0.0991,-0.0924,-0.0611,-0.0445,0.0584,-0.0244,0.0049,-0.042,0.1283,-0.0917,0.0013,0.1654,0.0015,0.0993,0.083,-0.0186,0.2518,-0.1273,0.0841,0.2493,-0.1354,0.1622,0.2703,-0.0224,0.0585,0.3543,-0.0319,0.1271,-0.1068,-0.0182,0.0943,0.2356,0.0092,0.0318,0.0827,-0.0347,-0.0388,-0.0841,-0.02,0.078,-0.0393,-0.0331,-0.0947,0.0608,-0.0348,-0.0205,-0.0678,0.0188,-0.0252,-0.0241,0.0397,-0.0363,-0.0262,0.0284,-0.0115,-0.0119,0.0229,-0.016,0.1881,0.0909,0.1518,0.0356,-0.0132,0.1005,0.497,0.0002,-0.6266,-0.2722,-0.0325,-0.023,0.0023,-0.4742,-0.5926,-0.3488,-0.3086,-0.236,-0.011,-0.118,-0.0073,-0.0095,-0.0566,-0.4364,-0.0287,-0.0592,-0.0055,-0.0359,-0.21,-0.0392,-0.0422
hour_bin=09,-0.4333,-0.461,1.0,-0.1177,-0.1273,-0.1342,-0.1368,-0.1416,-0.0746,-0.0633,-0.0336,0.0044,0.0276,0.0569,0.026,-0.0338,0.0152,0.1451,-0.0214,0.2519,0.2319,0.0897,-0.1888,-0.2245,-0.4078,-0.0009,0.1342,-0.0371,-0.0525,-0.0235,0.0154,-0.421,-0.0248,0.0052,0.0,0.211,0.0225,-0.0556,0.0597,-0.0087,-0.0081,0.0705,-0.2449,-0.0622,0.0664,0.0259,-0.0442,-0.009,-0.0824,-0.0277,-0.0671,0.006,-0.4272,-0.3742,-0.4261,-0.1128,-0.1288,-0.0286,-0.1663,-0.2658,-0.0225,-0.1272,-0.0235,0.4617,-0.1354,0.0343,-0.0486,-0.0851,-0.1864,-0.0207,0.5516,-0.2149,0.0283,0.0243,0.0114,-0.0444,-0.1252,-0.1381,-0.0493,0.054,0.0253,-0.0245,-0.0076,0.0029,0.0229,0.0075,-0.0772,-0.0087,0.1089,-0.0261,-0.0825,-0.0057,-0.0049,-0.0713,-0.0641,-0.0998,-0.0088,0.0908,-0.0116,-0.0064,-0.0561,0.0596,-0.083,-0.0379,-0.03,0.0345,0.0377,-0.0182,-0.1375,-0.0164,-0.0101,0.0171,0.0421,-0.39,0.3174,0.1597,-0.2852,-0.1952,0.3808,-0.222,-0.0429,-0.0472,-0.0671,-0.0314,-0.0311,-0.0152,-0.0064,0.0957,-0.0076,-0.0171,-0.0154,-0.0312,-0.064,0.0652,0.0421,-0.0363,0.0032,-0.0235,0.0535,-0.0442,-0.0255,0.0366,-0.0109,-0.1399,-0.0992,0.0958,0.0212,0.0275,0.0891,-0.0122,-0.0256,-0.0652,0.018,-0.0422,0.0472,-0.0352,-0.0221,0.0339,-0.0336,0.0474,-0.033,-0.027,0.0026,0.0631,-0.0245,-0.045,-0.002,-0.0135,-0.0135,-0.0202,-0.0024,-0.03,0.0824,-0.0688,0.0112,0.0388,-0.0078,0.062,-0.0109,0.0155,-0.0353,-0.0231,-0.018,-0.0306,-0.2519,-0.025,0.0742,-0.0736,0.0662,0.0485,0.0274,-0.046,0.0154,-0.0216,0.1341,-0.0956,0.0403,-0.0086,-0.0702,0.0173,0.0797,0.0815,0.0261,-0.1638,0.1237,-0.0972,-0.1541,0.1325,-0.1455,-0.2065,-0.076,0.0405,-0.2538,-0.0596,-0.0468,0.1027,0.0213,-0.1186,-0.2,0.0353,-0.0316,-0.0853,0.0656,0.0075,0.0547,0.0449,-0.0812,0.0657,0.0002,0.0553,-0.0683,0.0649,-0.005,0.0399,-0.0271,0.0505,0.0465,-0.0664,0.0601,0.033,-0.025,-0.0204,0.0362,-0.0379,0.0483,-0.1427,-0.1042,-0.1258,-0.079,0.0401,-0.1775,-0.3466,0.0106,0.6884,-0.0534,0.0705,0.0499,0.0075,0.4617,0.5516,0.3582,0.0878,-0.0463,-0.0116,0.0889,0.0212,-0.0124,0.0385,0.3808,0.0256,0.0366,0.0092,0.055,-0.0412,0.0454,0.0334
hour_bin=10,-0.4181,-0.4231,-0.1177,1.0,-0.1658,-0.1749,-0.1782,-0.1844,-0.0971,-0.0825,-0.0438,-0.0065,-0.0049,-0.0087,0.0338,0.005,0.0208,0.0487,-0.0416,0.1171,0.1066,0.2188,0.2124,-0.0088,-0.1598,-0.0489,0.0563,0.0025,-0.0349,0.0059,-0.009,-0.3172,-0.0205,0.0085,-0.0552,-0.0121,0.0196,-0.0102,0.0066,0.0013,0.029,-0.0083,0.0713,-0.0029,0.0163,-0.0049,-0.0077,-0.0042,-0.0379,-0.037,-0.0421,-0.0431,-0.4017,-0.2819,-0.4034,-0.0455,-0.1627,-0.011,-0.0747,-0.0736,0.0978,0.0543,-0.0136,-0.0613,-0.017,-0.0336,-0.0074,-0.0283,-0.0118,0.002,0.1617,-0.1068,0.0077,-0.0316,0.0339,-0.007,-0.0685,-0.0552,-0.0343,-0.0482,-0.0188,0.0024,0.0062,0.0033,0.0087,-0.0233,0.0021,-0.0666,0.0475,0.0048,-0.088,-0.0286,-0.0087,0.0081,-0.0419,0.0283,0.002,-0.0045,-0.0185,-0.0083,0.0155,0.0046,0.0572,0.0144,-0.0019,-0.0325,0.014,-0.0053,0.0019,0.0016,0.0066,-0.0021,0.0112,-0.2954,0.1711,-0.0024,-0.1781,-0.1413,-0.0056,-0.0229,0.0295,-0.1366,0.0066,-0.0472,-0.0406,0.0118,-0.0083,0.0169,-0.0123,0.0378,-0.0294,-0.0179,-0.0295,0.0466,0.0247,-0.0466,0.0331,-0.0569,0.0973,-0.0661,-0.0111,0.0282,-0.0168,-0.0545,-0.066,0.0205,0.0001,-0.0526,0.0314,-0.1137,0.0111,-0.0103,-0.024,-0.0203,0.003,0.0274,-0.0103,-0.0005,0.0234,0.0011,-0.043,-0.0261,0.0033,0.0147,0.0064,-0.0243,-0.0297,-0.0176,0.0118,0.0192,-0.0012,-0.0391,0.0337,-0.0159,-0.0144,0.0115,-0.0102,-0.0096,-0.0044,0.0232,-0.0155,-0.0049,0.0436,-0.0121,-0.1237,0.011,0.0558,-0.0573,0.0509,0.0187,-0.0119,-0.0222,0.0203,-0.0014,-0.0256,-0.1294,0.0186,0.0168,-0.0634,-0.0172,-0.0296,-0.0323,0.0011,-0.0852,0.0359,-0.025,-0.0493,0.0429,-0.037,-0.0577,-0.0524,0.0007,-0.0895,-0.0464,0.0058,0.0446,0.0134,-0.0583,0.023,0.1015,-0.0144,-0.002,0.0063,-0.0047,0.0017,0.0023,-0.0006,0.0134,-0.0063,0.0195,-0.0001,0.0095,-0.0082,0.006,-0.0002,0.0064,0.0075,-0.0076,0.0057,0.0038,-0.014,0.0378,-0.034,0.0283,-0.0367,-0.0357,-0.0525,-0.0637,-0.0284,0.03,0.099,-0.216,0.0115,0.1086,-0.0695,-0.0083,-0.0059,-0.0004,-0.0613,0.1617,0.1087,-0.0768,-0.0603,-0.0185,0.013,0.0014,-0.0194,-0.0329,-0.0056,-0.0111,0.0282,0.0096,0.0153,-0.0536,0.0324,0.0397
hour_bin=11,-0.243,-0.246,-0.1273,-0.1658,1.0,-0.1891,-0.1927,-0.1994,-0.105,-0.0892,-0.0474,0.0082,-0.0099,0.0009,0.0366,-0.0202,0.003,-0.1123,-0.0704,-0.101,-0.0955,-0.0061,0.1082,0.1686,0.2821,-0.0782,-0.1084,0.0197,-0.0564,0.011,-0.0059,0.0049,-0.0053,-0.0107,0.0193,-0.0257,0.0067,-0.0058,0.0144,-0.0169,-0.0217,-0.009,0.0996,0.0018,-0.0202,-0.0087,-0.0033,-0.0109,-0.0055,-0.006,-0.0237,-0.0547,-0.2164,-0.0991,-0.2125,-0.0277,-0.0746,0.0018,-0.0117,0.0052,0.0384,0.0095,0.0233,-0.1336,0.064,-0.052,-0.0032,0.0836,0.0327,-0.0018,-0.1518,0.0787,-0.0328,0.0284,-0.0146,-0.004,-0.0441,-0.0219,0.0165,-0.0956,-0.0019,-0.001,-0.0436,-0.0481,0.0645,-0.0694,0.0322,-0.0567,-0.0738,0.011,-0.02,-0.0185,0.0128,0.0586,0.0033,0.0639,0.0074,-0.028,-0.0114,0.0205,0.0242,-0.0355,0.0791,0.0302,-0.0152,-0.0578,0.03,-0.0319,0.041,-0.0476,-0.0142,0.0486,-0.0234,-0.1109,0.0574,-0.0112,-0.0755,0.0442,-0.0836,0.0513,0.0066,-0.0658,0.0712,0.027,0.0199,0.0062,-0.009,-0.0278,-0.0186,-0.0186,0.0212,-0.0035,0.0618,-0.0538,-0.0227,0.0291,-0.0135,-0.0219,0.0204,-0.0037,0.0143,-0.0091,-0.0052,0.0989,0.0231,-0.0088,-0.0256,-0.0569,-0.0125,-0.0679,0.0128,0.0488,-0.0547,0.0126,0.0037,0.0447,0.0005,-0.0136,0.0593,-0.0357,-0.0465,0.007,-0.0141,0.0054,-0.0091,0.0145,0.0273,0.0088,0.0088,0.0231,0.0062,-0.0423,-0.0255,0.0221,-0.0156,0.0401,0.0131,-0.0267,-0.0115,-0.0228,0.0266,0.033,0.018,-0.0081,0.1027,0.0138,-0.0678,0.0693,-0.0655,-0.0177,-0.0278,0.0158,0.0028,0.0024,-0.1382,-0.0613,0.0108,0.0231,-0.0958,0.0136,-0.1457,-0.1467,-0.0046,-0.0094,-0.0903,0.074,-0.046,-0.0823,0.0252,0.012,-0.0251,0.0082,-0.0407,-0.0253,-0.0039,-0.0818,-0.0194,-0.0422,0.0725,0.0273,0.0014,0.0552,0.0115,-0.0806,-0.0406,0.0169,0.0557,0.0116,-0.0779,-0.0516,0.0612,0.0142,-0.0886,-0.0571,0.0414,0.0188,0.0175,-0.0092,0.0067,-0.0507,-0.0066,-0.0055,0.0027,-0.0206,0.009,0.0207,-0.0089,0.0126,-0.0061,-0.0017,0.0937,-0.0628,-0.003,-0.1849,-0.0752,-0.009,-0.0063,0.0083,-0.1336,-0.1518,-0.1328,-0.0835,-0.0652,-0.0114,-0.0421,-0.0103,-0.0087,-0.0582,-0.0836,-0.0128,-0.0091,-0.0045,-0.011,-0.058,-0.0127,0.0015
hour_bin=12,-0.0101,-0.0102,-0.1342,-0.1749,-0.1891,1.0,-0.2032,-0.2102,-0.1107,-0.094,-0.0499,0.0294,0.007,-0.0159,0.0386,0.009,-0.0202,-0.0791,0.0035,-0.1413,-0.124,-0.0735,0.0482,0.1631,0.3133,-0.0233,-0.0835,-0.0148,0.017,-0.0137,-0.0084,0.1731,-0.0064,-0.0324,0.0082,-0.007,-0.0244,0.0421,-0.0306,0.0316,0.0038,-0.0095,0.105,0.0507,-0.0266,0.0058,0.0207,-0.008,0.0488,0.0142,0.0207,-0.0022,0.0259,0.0868,0.0168,0.0138,0.0179,0.0174,0.0116,0.0556,0.0179,0.0453,-0.0116,-0.1409,0.0377,-0.0085,0.0179,0.0283,0.0667,-0.0043,-0.186,0.0702,0.0026,-0.0048,-0.0096,0.027,-0.0193,0.0009,0.0065,-0.0158,0.0027,-0.0012,0.0099,0.0123,-0.0001,-0.0261,0.0367,-0.0138,-0.069,-0.0072,0.0416,0.0134,-0.0097,0.0126,0.0448,-0.007,0.0133,-0.0052,-0.0394,-0.0095,0.0266,-0.0064,0.0159,0.0283,0.0226,-0.0451,-0.0134,0.0212,0.007,0.0102,-0.015,-0.0092,-0.0464,0.0818,-0.0615,-0.0335,0.0531,0.0647,-0.133,0.0757,0.017,-0.0061,0.0327,-0.0269,0.0398,-0.0078,0.019,-0.0164,0.0003,-0.0116,-0.0062,0.0285,0.0085,-0.0354,-0.0039,0.0297,-0.0329,0.0109,-0.0002,-0.0108,-0.0028,0.0058,-0.003,0.0871,0.0534,-0.014,-0.0061,-0.06,-0.0001,-0.007,-0.0098,0.0317,-0.0075,0.0056,0.0078,-0.0002,0.0189,-0.007,0.0106,0.0072,-0.049,0.0623,-0.0179,-0.0138,-0.0098,0.0114,-0.0031,0.0202,-0.0201,0.0126,0.0102,-0.0446,0.0005,0.0078,0.0,-0.0155,-0.0116,-0.024,-0.0118,0.0047,0.0112,-0.0034,0.0041,-0.0149,0.1199,-0.0272,-0.0338,0.0332,-0.0372,-0.0434,-0.0204,0.0088,-0.0213,-0.0103,-0.1123,-0.0076,0.012,0.0161,0.0049,0.0117,-0.0615,-0.0694,-0.0169,0.057,-0.0938,0.0715,0.0103,-0.0967,0.0729,0.0935,-0.0252,0.0141,0.0876,-0.0318,0.0297,-0.0555,0.0005,-0.0026,0.0641,-0.0008,0.0007,0.0549,-0.033,-0.0149,-0.0553,-0.0262,0.0549,-0.0359,-0.0116,-0.0388,0.0562,-0.0333,-0.0201,-0.0446,0.0468,-0.0284,-0.0272,0.0346,-0.035,-0.0088,0.0407,0.0019,-0.0238,0.0005,-0.0097,0.0521,0.0156,0.0256,-0.0194,-0.0039,0.0389,0.114,-0.0051,-0.195,-0.0793,-0.0095,-0.0067,0.0045,-0.1409,-0.186,-0.1342,-0.0914,-0.0687,-0.0394,-0.0435,-0.0027,-0.0403,-0.0456,-0.133,0.0098,0.0058,-0.0066,-0.0116,-0.0612,-0.0134,-0.0164
hour_bin=13,0.2561,0.2592,-0.1368,-0.1782,-0.1927,-0.2032,1.0,-0.2143,-0.1129,-0.0958,-0.0509,-0.0102,-0.0049,-0.0364,0.0393,0.0044,-0.0124,-0.0844,0.0016,-0.1374,-0.1273,-0.1016,-0.0007,-0.0003,0.1042,-0.0123,-0.0959,0.0173,0.005,0.0057,0.0205,0.2472,0.0286,0.0005,0.0226,-0.0672,-0.0103,0.0185,-0.0054,0.0136,0.0018,-0.0096,0.107,0.0269,-0.0328,-0.0025,0.0293,-0.0054,0.0282,-0.0128,0.0161,0.0111,0.2689,0.2113,0.2683,0.0254,0.0432,-0.0038,0.0645,0.0786,-0.0234,0.0374,0.0258,-0.1436,0.0414,-0.0013,0.004,0.0154,0.0477,-0.0139,-0.1948,0.0969,-0.0273,-0.0244,0.0062,0.0091,0.0422,0.0406,0.0168,-0.0074,-0.0061,0.0151,-0.0039,-0.0038,0.0172,-0.018,-0.0147,0.0223,-0.0979,0.0035,0.0375,0.0455,0.0073,0.0267,0.0453,-0.0021,0.0034,-0.0207,0.002,-0.0096,0.0137,-0.0101,-0.0048,-0.0325,0.0094,0.0275,0.0058,-0.0007,0.0277,-0.0055,0.0025,0.0054,-0.0391,0.2224,-0.1584,-0.0533,0.1483,0.0682,-0.1368,0.0841,0.0107,0.0756,0.0371,0.0227,0.0265,-0.0138,0.0185,-0.0544,0.0294,-0.0093,0.0335,0.0157,0.0396,-0.02,-0.0306,0.0255,-0.0012,0.0121,-0.0668,0.0727,0.0036,-0.0157,0.012,0.058,0.0688,-0.0433,-0.0236,-0.0612,-0.0382,0.0619,0.0002,0.0305,0.0029,-0.0005,-0.0188,0.0104,-0.0008,-0.0156,0.0047,0.0289,-0.05,-0.0048,-0.014,-0.0129,0.0176,-0.0022,0.0275,0.0193,0.0326,-0.0103,-0.001,-0.0455,-0.0206,0.027,0.0158,-0.0162,0.0111,-0.0252,-0.0047,-0.0354,0.0409,0.0276,-0.0217,0.0421,0.1406,0.0168,-0.0379,0.0368,-0.0267,-0.036,0.005,0.0178,-0.0134,0.013,-0.0936,0.0016,-0.0397,0.0212,0.0932,0.0225,0.0069,0.0034,0.007,0.1365,-0.09,0.0809,0.0909,-0.0958,0.0751,0.1605,-0.0478,0.0778,0.1862,-0.0556,0.0892,-0.0821,-0.0198,0.0088,0.0576,-0.0188,0.027,0.0428,-0.0049,-0.034,-0.0377,0.0022,0.041,-0.0103,-0.0307,-0.058,0.0438,-0.0047,-0.0346,-0.0345,0.0113,-0.0042,-0.0019,0.0075,-0.0022,0.0064,-0.0014,-0.0107,-0.0007,0.024,0.0161,0.0745,0.0482,0.0495,0.0124,0.0093,0.0236,0.169,-0.0265,-0.1988,-0.0808,-0.0096,-0.0068,-0.0358,-0.1436,-0.1948,-0.1235,-0.0932,-0.07,0.002,-0.0303,0.0182,0.0007,0.0269,-0.1368,-0.0002,-0.0157,-0.0273,-0.0118,-0.0623,-0.0136,-0.0167
hour_bin=14,0.5529,0.5596,-0.1416,-0.1844,-0.1994,-0.2102,-0.2143,1.0,-0.1168,-0.0991,-0.0527,-0.0095,-0.0011,-0.0089,0.0407,0.0075,-0.0045,-0.017,0.0036,-0.0354,-0.0333,-0.0288,-0.0221,-0.0102,-0.0303,0.0315,0.0304,-0.0043,0.0792,-0.002,-0.0117,0.2538,0.0073,0.0178,-0.0023,-0.0718,-0.0083,0.0078,-0.0151,-0.0157,-0.0033,-0.01,0.1107,0.0167,-0.0248,0.0013,0.0099,0.0296,0.0312,0.034,0.0421,0.0507,0.509,0.3321,0.5108,0.0524,0.1147,0.006,0.0673,0.0902,-0.0245,0.0362,0.0158,-0.1486,0.0471,0.0287,0.0235,-0.0251,0.0758,0.0186,-0.2015,0.0692,0.0191,0.0056,-0.0113,0.0118,0.0649,0.0628,0.0196,-0.0075,0.0018,-0.0063,-0.0057,-0.0113,-0.0129,0.0115,0.0258,0.0205,-0.0009,0.0009,0.0782,0.0243,0.005,-0.0301,-0.0213,0.01,-0.0069,-0.0189,0.0187,-0.01,0.0044,-0.0268,0.0049,0.0029,0.0443,-0.0362,-0.0112,0.0563,0.0413,0.0173,-0.0158,-0.0162,-0.0152,0.3437,-0.2403,-0.07,0.2347,0.0306,-0.1455,0.0712,0.0315,0.0694,-0.033,0.0287,-0.0119,0.0432,-0.01,-0.0116,-0.0243,0.0118,-0.0117,-0.0021,0.0114,-0.0209,0.0018,-0.0025,0.0014,0.0232,-0.042,0.0299,0.0225,-0.0494,0.0266,0.0158,0.0066,-0.0129,-0.0012,-0.0633,0.0056,0.0722,0.0355,-0.0031,-0.0536,0.0403,0.0003,0.0367,0.0143,0.0259,0.0394,-0.0389,-0.0517,0.0009,0.0567,-0.0178,-0.0185,0.0368,-0.013,-0.0082,-0.0082,0.0024,0.0001,-0.047,0.017,-0.0131,0.0145,-0.0274,-0.0122,-0.0162,0.0352,0.0293,-0.0307,0.0305,0.0105,-0.0015,0.0292,-0.0061,-0.0265,0.0264,-0.0268,-0.0372,-0.0051,0.042,-0.0036,-0.0121,0.0133,0.0533,-0.0478,-0.0153,0.1135,-0.0351,0.1234,0.121,-0.0172,0.11,0.0028,-0.0003,0.1476,-0.003,0.0696,0.1154,-0.0355,0.0314,0.1715,-0.037,0.0602,0.025,0.0086,0.0342,0.075,0.0046,-0.0111,0.0049,-0.0091,0.0074,-0.0125,-0.0137,0.0034,-0.0071,0.0056,-0.0004,-0.0119,-0.0159,0.0316,0.0089,-0.0333,-0.0126,-0.013,0.0179,-0.0102,0.0073,-0.0032,0.0065,-0.0021,0.0056,-0.0268,0.0594,0.0373,0.0648,0.0248,-0.0304,0.0206,0.2248,0.0229,-0.2056,-0.0836,-0.01,-0.0071,0.007,-0.1486,-0.2015,-0.1053,-0.0964,-0.0725,0.0187,-0.0333,-0.0124,0.0173,-0.0367,-0.1455,-0.0355,-0.0494,0.0204,-0.0122,-0.0645,-0.0141,-0.0173
hour_bin=15,0.3941,0.4042,-0.0746,-0.0971,-0.105,-0.1107,-0.1129,-0.1168,1.0,-0.0522,-0.0277,0.0068,0.0057,0.0104,0.0214,0.0107,-0.0073,0.0335,0.0085,0.0436,0.0452,0.0173,-0.0408,0.0061,-0.061,0.0323,0.0288,0.0025,-0.0042,0.0012,-0.009,0.1047,0.0087,-0.0024,0.0111,-0.0254,-0.0119,-0.0022,-0.0081,-0.0157,-0.006,-0.0053,0.0583,0.0025,-0.0072,0.0038,0.0027,-0.0009,0.0213,0.0203,0.0407,0.0231,0.3308,0.2131,0.3311,0.1141,0.1952,0.0016,0.1261,0.1178,-0.1197,0.0281,-0.0194,-0.0782,0.0201,0.067,-0.0058,-0.0796,0.0282,0.025,-0.1061,0.0461,0.0378,0.0212,0.0137,-0.0398,0.1355,0.1247,0.0045,0.0055,0.0146,-0.0034,0.0061,0.0264,0.013,-0.0116,0.0114,0.0362,0.0099,-0.0059,0.0664,-0.0017,-0.0057,0.0055,-0.0112,0.0114,-0.0171,-0.0221,-0.0014,0.0401,0.0184,0.0202,-0.003,0.0116,-0.0106,0.0263,-0.0268,-0.0304,0.0083,-0.0031,0.0204,0.0017,-0.0173,0.2263,-0.1734,-0.0748,0.1745,0.02,-0.0786,0.0446,0.0103,0.0735,-0.0492,0.0157,-0.0119,-0.0237,-0.0053,0.0286,0.0048,-0.0037,-0.0093,0.0148,-0.0271,0.0154,-0.0022,-0.0051,0.0085,0.0491,-0.0478,0.0109,-0.0262,0.0009,0.0251,-0.0344,-0.0007,0.0031,0.0324,-0.0333,0.038,0.0642,-0.0095,-0.0209,-0.0082,0.0259,0.0363,-0.0259,0.0336,0.0293,-0.0061,-0.0121,-0.0272,-0.0104,-0.0107,0.0466,-0.0452,0.03,0.0076,-0.0112,-0.0112,-0.02,0.0113,-0.0248,-0.035,0.0208,-0.0091,-0.0144,0.0306,0.0107,0.0232,0.0009,-0.012,-0.0164,-0.0139,0.0128,-0.0481,0.011,0.013,-0.0121,0.0133,0.0177,-0.0092,-0.0152,-0.0068,0.0119,0.1502,0.1382,-0.0285,-0.0332,0.044,0.0095,0.0855,0.0864,0.0189,-0.001,0.0565,-0.0576,0.0331,0.0526,-0.0182,-0.0176,0.093,-0.0376,0.0108,0.0869,-0.0126,0.0077,-0.0134,0.1021,0.059,-0.0236,0.0357,-0.0112,-0.013,0.0303,0.0116,-0.0035,-0.0134,-0.0149,0.033,-0.0023,-0.0243,-0.0088,0.0376,0.0081,-0.0136,-0.0078,-0.0054,0.0046,-0.0092,-0.0011,0.01,-0.0169,0.0131,-0.01,0.0061,0.0466,0.0266,0.0341,0.0106,0.0105,-0.0318,0.1602,0.0022,-0.1083,-0.044,-0.0053,-0.0037,0.0188,-0.0782,-0.1061,-0.0223,-0.0459,-0.0382,-0.0014,-0.0276,-0.0086,0.0037,0.026,-0.0786,0.0095,0.0009,0.0012,-0.0064,-0.034,-0.0074,-0.0091
hour_bin=<09:25,-0.3492,-0.3229,-0.0633,-0.0825,-0.0892,-0.094,-0.0958,-0.0991,-0.0522,1.0,-0.0235,-0.0317,-0.0106,0.0199,-0.4104,0.0175,0.0114,0.2626,0.2357,0.2025,0.1807,-0.1072,-0.3055,-0.2613,-0.3364,0.2282,0.2114,0.0057,0.0892,0.0112,0.0208,-0.3378,0.0228,0.0226,0.0,0.1755,0.0119,-0.0177,-0.0173,-0.0047,-0.0059,-0.0045,-0.6509,-0.0897,0.0696,-0.0151,-0.048,-0.0052,-0.0505,0.0266,0.0009,0.0199,-0.3435,-0.3289,-0.3354,-0.0538,-0.0341,0.0302,-0.0836,-0.1457,-0.0343,-0.1843,-0.0164,0.6325,-0.1778,-0.0035,-0.0243,-0.0318,-0.1758,-0.0145,0.4859,-0.1783,0.0189,0.0,0.0,-0.0018,0.0256,-0.0413,0.0187,0.2738,-0.0028,0.0163,0.0449,0.0329,-0.2089,0.2493,-0.0501,0.1492,0.2305,0.0106,-0.0807,-0.0523,-0.0016,-0.0698,0.0346,-0.0625,-0.0145,0.0312,0.1058,-0.0045,-0.0875,0.0118,-0.1807,-0.0494,-0.0519,0.1935,-0.0654,-0.0087,-0.0613,0.0958,0.0595,-0.0999,0.1835,-0.3164,0.2893,0.1997,-0.2452,-0.0372,0.5285,-0.2568,-0.1163,0.0495,-0.0783,-0.0055,-0.0317,-0.0283,-0.0045,0.0169,0.0397,0.0225,0.0082,-0.0283,-0.0439,0.0714,0.0192,-0.0302,0.0183,0.0214,-0.0069,-0.013,0.0027,0.031,-0.0334,-0.1788,-0.0524,-0.008,0.0292,0.5455,-0.132,0.0152,-0.0422,-0.0828,0.1463,-0.0364,-0.0737,-0.0748,-0.0389,-0.0473,-0.1185,0.0538,0.5213,-0.0191,-0.0138,-0.0698,0.0845,-0.035,-0.0198,-0.0095,-0.0095,-0.0242,-0.0279,0.4745,-0.0528,-0.0186,-0.0077,-0.0122,-0.0055,0.0846,-0.0288,-0.0167,0.0037,-0.0593,-0.0251,0.0083,-0.1615,0.003,0.1299,-0.1296,0.1315,0.1061,0.1081,-0.0471,0.0144,0.026,0.2554,0.1847,0.0744,-0.068,-0.046,-0.0341,-0.02,0.0302,0.0176,-0.2061,0.2373,-0.1748,-0.1582,0.2258,-0.1697,-0.2947,0.3097,-0.2289,-0.2757,0.3054,-0.2394,0.1629,0.014,0.1385,-0.3373,-0.2319,-0.0022,-0.1601,-0.0215,0.1915,0.1855,-0.0269,-0.1593,-0.019,0.1867,0.183,-0.1565,-0.0262,0.1938,0.1765,-0.0871,-0.029,-0.0276,0.0081,-0.0039,0.0562,-0.0194,0.0014,0.0389,-0.0164,0.0073,-0.1872,0.0314,-0.0632,0.1048,-0.0694,-0.2322,-0.2297,-0.0122,0.4822,0.8431,-0.0045,-0.0032,-0.0074,0.6325,0.4859,0.3007,0.7509,0.7309,0.1058,0.1669,-0.0122,0.1045,0.193,0.5285,0.0422,0.031,0.006,-0.0055,0.6506,-0.0063,-0.0077
hour_bin=>=15:20,0.1913,0.1823,-0.0336,-0.0438,-0.0474,-0.0499,-0.0509,-0.0527,-0.0277,-0.0235,1.0,-0.0054,-0.0174,0.0321,0.0097,0.008,0.0087,-0.0832,-0.0674,-0.0537,-0.053,-0.022,0.0279,-0.0097,0.029,-0.0674,-0.0996,0.0109,-0.0829,0.0151,-0.0112,0.0921,-0.019,0.0049,-0.0325,-0.0225,0.0115,-0.0064,0.0066,0.0161,0.0176,-0.0024,0.0263,-0.0044,0.0264,-0.0174,0.0225,0.0241,0.0176,-0.0119,0.0148,0.0028,0.1507,0.1002,0.1516,0.0072,0.0768,-0.0261,0.0051,-0.0025,-0.0069,-0.01,-0.0087,-0.0353,0.0318,0.0023,-0.0147,0.0168,0.0044,0.022,-0.0479,0.0276,-0.0132,0.0024,-0.0273,0.0038,0.0363,0.0127,-0.0165,-0.0606,-0.0197,0.0091,0.0462,0.0341,0.0465,-0.0428,-0.0147,-0.0395,-0.0495,0.0174,0.0074,-0.0238,0.0029,0.0234,0.0067,0.0356,0.022,0.0221,-0.0067,-0.0024,-0.0176,0.0381,0.0556,0.0237,-0.0152,-0.0226,0.0061,-0.0258,0.0363,-0.0535,-0.0038,0.0538,-0.019,0.1063,-0.08,-0.0219,0.0791,0.0271,-0.0372,0.0419,-0.0182,0.0311,0.0284,0.0222,0.0378,0.0063,-0.0024,-0.0101,0.0178,-0.0167,0.0121,0.0225,-0.0165,-0.021,-0.0263,0.0267,-0.007,0.0026,-0.0101,0.0103,0.0203,-0.0001,-0.0201,0.0478,0.0248,-0.0255,0.0135,-0.015,-0.0061,-0.0008,-0.0063,0.0176,0.1595,-0.0193,-0.0444,-0.1131,-0.026,-0.0277,-0.1407,-0.0652,-0.0123,-0.0147,-0.0126,-0.039,0.0497,-0.0186,-0.0105,-0.005,-0.005,-0.0128,-0.0148,-0.0112,-0.0464,0.0659,-0.0041,-0.0065,-0.0029,0.0077,0.0149,-0.0046,-0.0023,-0.0813,-0.0488,0.0091,0.0534,0.0096,-0.0458,0.048,-0.0475,0.0642,-0.0374,0.013,0.0083,0.0104,0.0624,0.0403,-0.0066,0.0156,-0.058,0.014,-0.034,-0.0515,-0.025,0.0378,-0.0648,0.0033,0.0441,-0.0551,-0.0025,-0.0364,0.0424,-0.0549,-0.0079,0.0585,-0.0397,-0.061,0.0078,0.0023,0.0092,0.0351,-0.0086,0.0068,0.0058,-0.0155,-0.0144,0.011,0.0055,0.0043,-0.0141,-0.029,0.0113,0.0128,-0.0321,-0.0344,0.0409,0.0164,0.0092,-0.0098,-0.0016,-0.0468,0.0201,-0.0068,-0.0032,0.0222,0.0081,0.0038,-0.0108,0.0293,0.0265,0.0049,0.0414,-0.0312,-0.0065,-0.0488,-0.0199,-0.0024,-0.0017,0.0117,-0.0353,-0.0479,-0.0567,-0.0229,-0.0172,-0.0067,-0.0051,0.0071,-0.0069,-0.0227,-0.0372,0.0063,-0.0001,-0.0067,-0.0029,-0.0153,-0.0034,-0.0041
dow,0.0055,0.0035,0.0044,-0.0065,0.0082,0.0294,-0.0102,-0.0095,0.0068,-0.0317,-0.0054,1.0,0.0257,-0.0033,-0.0002,0.079,-0.0078,0.0239,-0.0045,0.0386,0.0414,0.0272,-0.0077,0.0516,0.0228,-0.004,0.033,-0.0225,0.0042,-0.0235,-0.0709,-0.017,-0.0788,0.0683,-0.0461,-0.0053,-0.0125,-0.0029,-0.0109,-0.0003,0.017,0.0296,0.0232,-0.0001,0.0062,0.0235,-0.0223,0.0111,-0.0073,0.0059,-0.014,-0.0214,-0.0001,0.0095,-0.003,0.0013,0.0077,0.1304,0.0042,-0.0044,0.0021,0.0278,0.0024,-0.0301,-0.0109,-0.0098,-0.0208,0.0166,0.0234,-0.0083,-0.0268,-0.0025,0.004,-0.0132,-0.0281,-0.0253,0.0383,0.0141,0.1742,-0.0071,0.0149,-0.025,-0.0058,0.0034,-0.0166,0.005,0.016,-0.0056,0.0191,-0.0254,-0.0509,0.0106,-0.0387,-0.0314,0.0055,-0.0,-0.0219,0.0231,-0.0392,-0.0077,0.0151,-0.0129,-0.01,-0.0293,0.0126,-0.0007,0.022,0.0087,-0.0027,0.0172,0.0042,-0.0175,0.0151,0.0049,-0.0197,-0.0404,0.0021,-0.018,-0.0082,0.0089,-0.0037,-0.0363,-0.0002,-0.0021,0.0054,0.031,-0.0002,-0.0033,0.0206,-0.0184,-0.0157,0.0268,-0.0117,0.0059,0.0138,-0.0005,-0.0129,-0.0116,0.034,-0.0314,-0.0116,0.0086,0.0031,-0.0211,0.0031,0.0222,-0.0268,-0.0188,0.0018,-0.027,-0.0116,0.0113,0.0047,-0.0226,0.0514,-0.032,-0.0078,-0.0058,-0.0017,0.0116,-0.0049,-0.0036,0.0361,0.0451,-0.0372,-0.0232,0.0136,0.0096,-0.0076,0.0119,-0.0118,-0.0301,-0.0119,0.0169,-0.0092,0.0017,-0.0124,-0.0246,-0.021,-0.0163,0.0316,-0.0236,-0.0131,-0.0506,-0.0358,-0.0232,0.0032,-0.005,-0.0039,0.0285,-0.0355,-0.0312,-0.0034,-0.0231,0.0321,0.0042,0.0227,0.0374,0.0085,-0.026,0.0277,0.0321,-0.0025,-0.0309,0.0261,-0.021,0.0055,0.0273,-0.0091,-0.0097,-0.0107,0.0446,-0.0391,-0.0107,0.0351,0.0315,0.0095,-0.0011,0.0106,0.0107,-0.0397,-0.0077,-0.0117,0.0266,-0.0061,-0.0145,-0.0083,-0.0048,0.0186,0.0204,-0.004,-0.0153,0.0346,-0.0007,-0.0038,-0.0148,-0.013,0.0101,-0.0054,0.0281,-0.011,0.0027,-0.0184,0.0099,-0.022,-0.0136,-0.0314,-0.0084,-0.0052,0.005,-0.0081,0.0225,0.0811,-0.0125,-0.0175,0.0296,0.0209,0.0141,-0.0301,-0.0268,-0.0248,-0.029,-0.0202,-0.0392,0.0215,0.0188,-0.0399,0.001,-0.0082,0.0116,0.0086,0.0732,0.0362,-0.0106,0.0418,0.0512
dir=down,-0.0054,-0.007,0.0276,-0.0049,-0.0099,0.007,-0.0049,-0.0011,0.0057,-0.0106,-0.0174,0.0257,1.0,0.0034,0.0124,0.0035,0.0125,0.029,0.0353,0.0059,0.0064,0.0027,-0.0096,-0.0043,-0.0081,0.0821,0.0656,-0.8585,0.0931,-0.8226,-0.181,-0.0057,-0.4222,-0.032,-0.3214,0.0532,0.0022,0.0036,-0.0146,0.0185,0.007,0.0002,-0.0129,0.0027,0.0238,0.9919,-0.0249,-0.0307,-0.0177,0.0016,-0.0212,0.0048,-0.009,-0.0172,-0.0018,0.0531,0.0498,-0.0014,0.0627,0.0387,-0.0802,0.3697,0.0093,0.0032,-0.3747,0.0299,0.0376,-0.0465,0.1759,0.0038,-0.0073,-0.1707,-0.0075,-0.2554,0.2824,-0.0029,0.0436,0.0633,-0.0101,0.0092,0.8659,-0.8658,-0.37,0.3563,-0.0431,0.035,-0.0093,0.0652,0.0328,-0.9987,-0.0028,-0.0297,-0.1937,-0.0125,0.0306,0.0126,0.0235,0.0111,0.0135,0.0002,-0.0233,-0.0311,-0.027,0.0074,-0.0117,0.0149,-0.0112,-0.0106,-0.0198,0.0272,0.0204,-0.0286,0.0058,-0.0151,0.0086,-0.0034,-0.0083,-0.0033,0.0217,-0.0182,0.0037,0.0228,-0.0196,0.0069,0.0129,-0.0167,0.0214,0.0337,0.0003,-0.0188,-0.0067,0.0112,-0.0275,-0.009,0.4749,0.0076,-0.4779,-0.0707,0.0016,0.0698,-0.1429,-0.0018,0.144,-0.0148,-0.0146,0.4584,-0.4265,-0.0143,0.0379,0.0217,-0.0056,0.0051,-0.019,0.0134,0.0233,-0.0026,-0.0196,0.0568,-0.0088,-0.0017,-0.0178,0.0079,-0.0233,0.0301,-0.0276,0.0151,0.0128,-0.0147,0.0253,-0.0031,0.0096,-0.0038,-0.0044,-0.0317,-0.012,-0.0112,0.0089,-0.0143,0.0378,0.021,-0.0265,0.0046,-0.0095,0.0353,0.0084,-0.7126,0.0067,-0.0065,0.0118,-0.0095,-0.0,-0.0105,-0.0251,-0.8518,0.0442,0.0475,0.0427,-0.0053,0.0021,-0.0231,0.0461,0.0511,-0.0235,-0.0427,0.0394,-0.0182,-0.0407,0.0365,-0.0227,-0.0267,0.0351,0.0003,-0.0208,0.0328,-0.0176,0.037,0.0014,0.0494,-0.0331,0.0016,-0.5351,-0.024,-0.021,0.045,0.0217,-0.0416,-0.0245,0.0122,0.031,0.1257,-0.0453,-0.018,0.0684,0.0429,-0.037,-0.0168,-0.0517,0.0151,-0.0132,0.0126,0.0024,-0.0175,0.0289,-0.0568,0.0032,-0.0026,0.0022,0.0038,0.0012,0.0411,-0.0415,-0.0016,-0.0034,0.0125,-0.0169,0.0002,-0.0149,-0.0237,0.0032,-0.0073,0.0383,-0.0156,-0.0123,0.0135,0.0731,-0.0013,0.0135,0.0149,0.0217,0.0056,-0.0018,-0.007,-0.0085,-0.0223,-0.0148,-0.012
bars_since_choch,-0.0278,-0.0292,0.0569,-0.0087,0.0009,-0.0159,-0.0364,-0.0089,0.0104,0.0199,0.0321,-0.0033,0.0034,1.0,-0.0437,-0.0215,0.0051,-0.1937,-0.2431,-0.035,-0.0347,-0.0711,-0.065,-0.0677,-0.0331,0.2828,0.0167,0.0043,0.0622,-0.0015,0.0115,-0.0342,-0.0079,0.0,0.0009,0.0162,0.0036,-0.5456,0.6773,-0.4497,-0.0073,-0.0215,0.0363,-0.5527,0.2179,0.0044,-0.1239,0.1508,-0.0678,0.1032,-0.0224,0.0351,-0.0313,-0.0502,-0.0154,-0.0821,-0.088,-0.0677,-0.0802,-0.078,0.0694,-0.0288,0.0102,0.0292,0.0105,-0.0082,-0.0344,0.05,-0.0264,0.0241,0.0472,-0.0116,-0.0321,-0.0003,0.0131,-0.0192,0.051,0.1065,-0.053,-0.0264,0.0199,0.0049,-0.0356,-0.0321,0.2926,0.0331,-0.0129,0.1246,0.1039,-0.0028,-0.0248,-0.0341,0.0315,0.0257,-0.0088,0.0589,-0.0123,0.1933,-0.0504,0.0386,-0.1089,0.3312,0.0064,-0.0676,0.0056,-0.0126,0.0862,0.0046,-0.1864,-0.275,0.0221,0.2736,0.5607,-0.0469,0.0342,0.0189,-0.0263,0.0119,0.0639,-0.0319,-0.0131,-0.0141,0.0691,0.0109,0.0244,0.0039,0.0078,0.0779,0.0079,-0.0564,-0.0023,-0.0121,-0.0507,-0.1133,-0.0243,0.0535,-0.0421,-0.0383,0.0377,-0.009,-0.0227,0.0437,-0.0207,0.1397,-0.0444,0.0409,0.0551,0.0494,0.0651,-0.0044,-0.0567,0.0289,-0.0201,-0.0016,0.0037,0.0169,0.0487,0.0164,0.0116,-0.0522,-0.0095,-0.0021,0.0129,0.0018,-0.0027,-0.0045,0.0277,0.0042,0.0126,-0.0127,-0.0188,0.0396,0.0541,-0.0602,0.0266,-0.0089,0.0003,0.0131,0.0005,0.0385,-0.0395,-0.0488,0.0864,-0.0035,0.0148,-0.0103,-0.0708,0.0697,-0.0708,0.0542,-0.0448,-0.041,0.0037,-0.0133,-0.0626,-0.0596,-0.0011,-0.0111,-0.1008,-0.0589,-0.1604,-0.1394,-0.0236,0.0459,-0.1506,0.0344,0.0281,-0.1414,0.0073,-0.006,0.0094,-0.009,-0.0033,0.0122,-0.0263,0.1127,0.1496,-0.0788,0.0068,-0.0697,-0.0248,-0.4541,0.6667,-0.3803,0.3435,0.6625,-0.4496,0.6616,-0.4195,-0.0745,-0.3958,0.6746,-0.3358,0.2739,-0.0718,0.6641,0.6571,-0.6799,0.6618,-0.0142,-0.263,-0.0306,-0.0444,-0.0099,0.0223,0.0096,-0.0317,0.0225,0.0344,-0.0217,-0.0709,-0.0648,-0.0232,0.0487,-0.0206,-0.0215,-0.0152,-0.0124,0.0292,0.0472,-0.0175,0.0868,-0.0486,-0.0504,0.0318,0.0124,-0.0451,-0.0138,0.0639,0.0567,0.0437,-0.0263,-0.0264,-0.0552,-0.0304,-0.0222
choch_same_session,0.1486,0.1325,0.026,0.0338,0.0366,0.0386,0.0393,0.0407,0.0214,-0.4104,0.0097,-0.0002,0.0124,-0.0437,1.0,0.0215,-0.0039,-0.1004,-0.1057,-0.0523,-0.0457,0.1088,0.1436,0.138,0.1447,-0.144,-0.1329,-0.003,-0.1356,-0.0183,-0.015,0.1447,-0.0266,-0.0128,0.0,0.0,-0.0089,0.0438,-0.0502,0.0323,0.0053,0.0018,0.2149,0.1088,-0.0283,0.0229,-0.0072,-0.0341,-0.01,-0.002,-0.0161,-0.0071,0.1464,0.148,0.136,0.0,0.0,0.0418,0.0,0.0,0.0,0.0802,0.0068,-0.2739,0.0767,0.0,0.0,0.0,0.0731,0.0059,-0.202,0.0741,0.0,0.0,0.0,0.0,-0.0488,-0.0317,-0.0015,-0.0897,0.029,-0.0199,-0.0079,-0.0081,0.1238,-0.1241,-0.0001,0.0932,-0.13,-0.0124,0.0608,0.0318,-0.019,-0.0005,-0.01,-0.0226,0.0059,-0.0818,-0.0329,0.0018,0.0796,-0.0293,0.0667,0.0262,0.0131,-0.1022,0.0474,-0.0329,-0.017,-0.0631,0.0029,0.0629,-0.0093,0.1308,-0.121,-0.0845,0.1031,0.0,-0.2237,0.1054,0.0529,-0.0085,-0.0343,-0.0118,0.0156,0.0144,0.0018,0.0207,-0.0076,-0.0564,0.0126,0.0166,0.024,-0.0384,-0.034,0.0477,-0.0254,-0.0089,0.0156,-0.0108,-0.0001,-0.0066,0.0067,0.0743,-0.0255,0.0302,-0.0051,-0.1669,0.0665,-0.018,0.0013,-0.0166,-0.0731,0.0149,0.0343,0.0403,0.0201,0.0214,0.0603,0.0143,-0.4251,0.0114,0.0098,0.0301,-0.0384,0.0144,0.0081,0.0039,0.0039,0.0099,0.0115,-0.0708,0.0359,-0.0329,0.0032,0.005,0.0022,-0.016,0.0118,0.0122,-0.0119,0.0518,-0.0122,-0.0098,0.0429,0.0057,-0.1029,0.1044,-0.1047,-0.0839,0.0079,0.0333,-0.0062,-0.0245,-0.136,-0.1329,-0.0366,0.035,0.0416,0.0232,0.0,0.0,0.0,0.0762,-0.0559,0.0723,0.0056,-0.0496,0.0477,0.1319,-0.1303,0.1328,0.0957,-0.127,0.1118,-0.0736,0.0359,-0.1198,0.148,0.1352,-0.0044,0.1292,-0.0256,-0.1252,-0.1384,-0.0285,0.1288,-0.0396,-0.1158,-0.1325,0.1286,-0.025,-0.1286,-0.1254,0.0852,-0.0257,-0.0253,0.0677,-0.0721,-0.0875,0.048,-0.0041,-0.0014,0.0063,-0.0229,0.0425,-0.0608,-0.0251,-0.0564,0.0424,0.0491,0.0,0.005,-0.1979,-0.4868,0.0018,0.0013,0.008,-0.2739,-0.202,-0.1234,0.0177,0.0133,-0.0329,-0.0673,0.0093,-0.0324,-0.102,-0.2237,-0.0013,-0.0066,0.0052,0.0022,-0.6309,0.0026,0.0032
days_to_expiry,0.0223,0.0211,-0.0338,0.005,-0.0202,0.009,0.0044,0.0075,0.0107,0.0175,0.008,0.079,0.0035,-0.0215,0.0215,1.0,0.0735,0.1169,0.0298,0.1519,0.107,0.1227,0.0082,0.1216,0.0106,-0.0234,0.0912,-0.0097,-0.0228,0.0001,-0.0208,0.0178,-0.019,0.043,-0.041,-0.0018,0.0595,0.0195,-0.0257,0.0251,0.0124,0.0292,-0.0263,0.0189,-0.0075,0.001,0.01,-0.0095,-0.0118,-0.0113,-0.0018,-0.034,0.0088,0.016,0.0025,0.0228,0.0168,0.1403,-0.0049,0.0045,-0.0067,0.0193,0.0172,0.0264,-0.0373,-0.0051,0.0286,-0.0264,-0.0044,-0.0047,0.0054,0.0011,0.0025,0.0248,0.011,0.0318,0.0097,0.0057,0.0335,0.0261,0.018,-0.0084,0.0032,0.0067,-0.0107,-0.0013,-0.0203,-0.0038,0.0461,-0.0035,0.1342,0.0017,-0.0005,-0.0217,-0.0348,-0.0114,-0.0178,-0.0136,-0.0021,-0.0051,0.0166,0.0045,0.001,0.0191,-0.0228,-0.0094,0.0051,0.0011,-0.0065,-0.0011,0.0263,-0.0007,-0.002,0.0215,-0.0411,-0.0568,-0.0277,-0.0508,0.0047,0.0168,-0.022,-0.0287,-0.0295,-0.0505,-0.0451,0.0002,-0.0014,0.0415,0.0038,-0.0043,-0.0078,-0.0075,-0.027,0.0366,0.006,-0.0175,0.0157,-0.0125,0.0273,-0.022,-0.0148,0.0097,0.0051,-0.1034,-0.0471,0.0395,0.0113,0.0241,0.0353,0.0009,-0.0213,-0.0451,0.0167,-0.0086,0.0137,-0.0222,-0.002,0.0153,-0.0235,0.0162,0.0033,-0.0346,0.0003,0.0259,-0.0087,-0.0022,-0.0337,-0.0185,0.0028,0.0018,0.0031,0.0111,0.0131,-0.0139,-0.0163,-0.0311,0.0256,0.0145,0.0063,0.0024,-0.0039,-0.021,-0.0031,0.0314,-0.1256,-0.006,0.036,-0.0374,0.043,0.0026,0.0083,-0.0363,0.0792,-0.0128,0.0132,0.0334,-0.0037,-0.0076,0.0854,-0.0136,-0.0166,-0.0066,0.0237,-0.0392,0.072,-0.0482,-0.0048,0.072,-0.0708,-0.0185,0.0008,-0.0197,-0.0043,-0.0011,-0.0077,0.0503,0.0204,0.0311,-0.0159,-0.0015,-0.0106,0.0081,-0.0249,0.0263,-0.0178,-0.0271,0.008,-0.0208,0.0234,0.0078,0.0058,-0.0239,0.0288,-0.0137,0.003,-0.0291,-0.0269,0.0239,-0.0159,0.0414,0.017,0.0134,-0.0039,0.0194,-0.0261,-0.0211,-0.015,0.0053,0.0147,-0.0081,0.0052,0.017,0.08,-0.0205,0.0246,0.0292,0.0206,0.1084,0.0264,0.0054,0.0221,0.0246,0.0404,-0.0021,-0.0245,0.0215,-0.0027,-0.0077,0.0047,0.0213,0.0097,0.0819,0.0357,0.0151,0.0413,0.0506
sl,-0.0224,-0.024,0.0152,0.0208,0.003,-0.0202,-0.0124,-0.0045,-0.0073,0.0114,0.0087,-0.0078,0.0125,0.0051,-0.0039,0.0735,1.0,-0.0303,-0.0341,-0.0112,-0.3949,-0.0854,-0.1051,-0.0607,-0.0459,-0.0555,-0.0271,-0.0192,-0.0294,-0.0059,-0.0536,-0.0388,-0.0159,-0.0031,-0.0158,-0.0574,0.9359,0.0106,-0.014,0.0337,-0.0303,-0.0229,-0.0016,0.0096,0.0174,0.0099,0.0046,0.0257,-0.0099,-0.0452,0.0355,-0.0777,-0.0269,0.019,-0.0547,-0.0623,-0.0647,0.0202,-0.0002,0.0476,0.0015,0.0084,0.0617,0.0099,-0.0238,-0.0287,0.0344,-0.0324,0.0279,0.0504,-0.0182,-0.0215,-0.0202,0.0131,-0.0062,0.0426,-0.051,-0.0234,-0.0302,-0.0434,0.0147,-0.0133,0.0272,0.0366,0.036,-0.0587,-0.1148,-0.0081,-0.0111,-0.0127,-0.0264,0.0084,0.021,-0.0341,0.0101,-0.0188,0.0305,0.0114,0.0032,-0.0057,-0.0181,0.0247,0.0026,0.0105,-0.0218,-0.0025,0.0109,0.0009,0.0216,-0.0367,0.0112,0.0359,-0.0327,0.0285,-0.0644,-0.0221,0.0459,-0.038,-0.0142,0.0073,0.0027,0.005,0.0304,0.051,-0.004,0.0193,0.0071,-0.0228,0.0321,-0.0214,0.0123,0.005,0.0233,-0.012,-0.0154,0.0153,-0.0037,0.0526,-0.015,-0.0345,-0.0124,0.0117,0.0008,0.0545,-0.0059,-0.0033,-0.025,-0.0051,-0.0216,0.0286,-0.0112,0.0109,-0.0036,0.01,0.0094,-0.0064,-0.0086,-0.0142,0.0103,-0.0011,-0.0029,0.004,0.0168,0.0035,-0.0133,0.0088,-0.0015,-0.0103,-0.0235,0.0025,-0.0048,-0.0179,-0.0133,0.027,-0.0051,-0.0019,0.0245,-0.0141,-0.0075,-0.0214,0.0251,0.0058,-0.0163,-0.0198,0.0073,-0.0,-0.0042,0.0035,-0.0074,0.012,-0.0149,0.0125,0.9983,-0.0065,-0.2596,-0.0801,-0.0435,0.0203,-0.0961,-0.0167,-0.1358,-0.122,0.0115,0.0738,-0.2191,0.0826,0.0172,-0.2155,0.0311,-0.1074,0.0501,-0.017,-0.0848,0.0524,-0.069,-0.2158,0.015,-0.0597,-0.0553,-0.1284,-0.0077,0.0749,-0.0055,-0.071,-0.0772,-0.0015,0.0755,-0.0223,-0.0668,-0.0986,0.0813,-0.0056,-0.0933,-0.0764,0.0821,-0.0009,-0.0105,0.0137,-0.0271,-0.0712,0.0321,-0.0639,0.0541,-0.0306,0.0755,-0.0775,0.0331,-0.0426,0.0521,-0.0129,-0.0152,-0.0379,-0.0622,0.0244,-0.0034,-0.0229,-0.0163,-0.0893,0.0099,-0.0182,-0.027,0.0081,-0.0062,0.0032,0.0422,0.0216,0.0024,-0.0038,-0.0142,0.0112,0.0117,-0.0642,-0.0282,0.0029,-0.0326,-0.0396
sl_dist_pts,-0.1764,-0.1644,0.1451,0.0487,-0.1123,-0.0791,-0.0844,-0.017,0.0335,0.2626,-0.0832,0.0239,0.029,-0.1937,-0.1004,0.1169,-0.0303,1.0,0.7692,0.6988,0.6563,0.4969,-0.0393,0.2696,-0.2806,0.3682,0.6534,-0.04,0.2431,-0.0226,-0.0319,-0.286,-0.0396,-0.0007,-0.0646,0.1628,-0.0369,0.1759,-0.2808,0.1958,0.0008,0.0204,-0.2672,0.1562,0.08,0.0275,-0.0649,-0.1031,-0.1244,-0.0456,-0.1071,0.0268,-0.2018,-0.2406,-0.1653,0.3036,0.307,0.2884,0.2534,0.1183,-0.2866,-0.0438,-0.0297,0.2573,-0.1,0.1286,0.1193,-0.282,-0.051,-0.0198,0.2452,-0.1258,0.1128,-0.0016,0.0244,0.0426,0.2399,0.2435,0.1159,0.5616,0.079,0.0186,0.3816,0.4165,-0.5752,0.4389,-0.1495,0.2628,0.5509,-0.0296,0.233,-0.0438,-0.0532,-0.156,-0.1142,-0.205,-0.062,0.0358,0.0008,0.0314,-0.0127,0.0903,-0.2461,0.0217,-0.0161,0.2066,-0.1941,0.0773,-0.0762,0.4312,0.023,-0.433,0.0217,-0.2208,0.1573,0.0441,-0.1505,-0.2371,0.2502,-0.2079,0.0401,-0.0345,-0.3231,-0.111,-0.1827,-0.1149,-0.0058,0.1833,-0.0652,0.1117,-0.085,-0.1222,-0.119,0.2881,0.1404,-0.1935,0.1005,-0.0358,0.0453,-0.0213,-0.0279,0.0416,-0.0135,-0.6953,-0.1312,0.143,0.0822,0.1593,0.1415,-0.045,-0.0094,-0.2359,0.0372,0.0037,0.0725,-0.0859,0.0178,0.1156,-0.0913,0.0155,0.1475,-0.1143,-0.0675,0.1492,-0.0686,0.0087,-0.1092,-0.0482,-0.0622,-0.0843,-0.0359,0.1325,0.0009,-0.0252,-0.013,-0.0084,0.005,0.0463,0.0115,0.1005,-0.1048,-0.0903,-0.0,0.0011,-0.6319,-0.0248,0.3704,-0.3758,0.3729,-0.063,0.1969,-0.1185,-0.0312,-0.0455,0.5292,0.345,0.1514,-0.0631,0.2253,-0.1172,0.5243,0.5307,0.0499,-0.3744,0.6887,-0.3578,-0.2224,0.6759,-0.2542,-0.1866,0.113,-0.0701,-0.1732,0.1008,-0.0567,0.52,0.1035,0.3401,-0.2387,0.0924,-0.0504,-0.1023,-0.2881,0.4978,0.1242,-0.3167,-0.1035,-0.2572,0.4893,0.3731,-0.1782,-0.2946,0.5409,0.1916,-0.1355,-0.327,-0.3084,0.2558,-0.2298,0.2436,0.111,0.0763,0.027,-0.0057,-0.0331,-0.1498,-0.0344,-0.0895,-0.0244,0.098,-0.2671,0.0902,0.0034,0.2908,0.2506,0.0204,0.0163,-0.0214,0.2573,0.2452,0.3496,0.2381,0.2296,0.0008,0.1,-0.0377,0.0048,0.2076,0.2502,0.0094,0.0416,0.0095,0.0175,0.1953,0.0239,0.0233
sl_dist_atr,-0.0545,-0.0408,-0.0214,-0.0416,-0.0704,0.0035,0.0016,0.0036,0.0085,0.2357,-0.0674,-0.0045,0.0353,-0.2431,-0.1057,0.0298,-0.0341,0.7692,1.0,0.1299,0.1391,0.0251,-0.0951,-0.0529,-0.1464,0.4405,0.3057,-0.052,0.3081,-0.032,-0.0264,-0.1103,-0.0321,0.0008,-0.0006,0.0797,-0.0366,0.2746,-0.3857,0.2758,-0.0093,-0.008,-0.2277,0.2558,0.0362,0.0331,0.0018,-0.1009,-0.0494,-0.0787,-0.012,-0.0296,-0.0687,-0.084,-0.0627,0.395,0.3955,0.046,0.3871,0.2328,-0.3635,-0.0008,-0.0216,0.1296,-0.0708,0.1788,0.1585,-0.3001,0.0159,-0.0013,0.0777,-0.0726,0.1309,0.001,0.0289,0.0703,0.3398,0.3591,0.0315,0.6669,0.1021,0.0381,0.5429,0.5805,-0.7207,0.5193,-0.2062,0.3302,0.3436,-0.036,-0.0121,-0.0351,-0.0425,-0.0342,0.0586,-0.1947,-0.0568,0.015,0.0067,0.0301,-0.0025,0.1184,-0.2586,0.0307,0.0315,0.2415,-0.2772,0.1087,0.0292,0.5434,0.0351,-0.5462,-0.0166,-0.0774,0.0764,0.0495,-0.0229,-0.0878,0.134,-0.1932,0.1116,0.0824,-0.1834,0.0095,-0.0936,-0.0939,-0.0029,0.0673,-0.031,0.0818,-0.0296,-0.0901,-0.0306,0.1765,0.0977,-0.1081,0.0372,0.0063,-0.0276,0.0288,0.0082,-0.0096,0.0014,-0.3825,-0.0111,0.0721,0.0101,0.1225,0.0345,0.0191,-0.0022,-0.1383,-0.0044,0.0082,0.0669,-0.0445,-0.0117,0.0855,-0.0367,-0.0168,0.141,-0.0625,-0.0578,0.1159,-0.0655,0.0174,-0.0476,-0.014,-0.0402,-0.0645,-0.0787,0.1133,-0.0723,0.0432,-0.0082,-0.0251,-0.0017,-0.0076,0.0155,0.048,-0.0409,-0.0316,-0.0197,-0.004,-0.0885,-0.042,0.2315,-0.2352,0.2313,-0.0932,0.1821,-0.0463,-0.0364,-0.0514,0.3975,0.4131,0.0716,-0.0451,0.1555,-0.1216,0.4963,0.5231,0.0954,-0.2301,0.4672,-0.1988,-0.1254,0.455,-0.1313,-0.1545,0.2264,-0.1323,-0.11,0.2056,-0.0895,0.2911,0.1077,0.4216,-0.186,-0.0034,-0.0364,0.0174,-0.3917,0.5088,0.0145,-0.405,0.0148,-0.376,0.5141,0.2863,-0.0716,-0.3973,0.5391,0.1033,-0.0397,-0.4209,-0.4083,0.3602,-0.3432,0.1964,0.2041,0.0196,0.0362,-0.0186,-0.0082,-0.0404,0.079,0.0331,0.0712,0.0885,-0.2973,0.1095,-0.0182,0.1126,0.2526,-0.008,-0.0105,-0.0165,0.1296,0.0777,0.273,0.2078,0.2288,0.0067,0.095,-0.0486,0.0105,0.2408,0.134,0.0022,-0.0096,-0.0113,-0.0127,0.2009,-0.0031,-0.0027
atr14,-0.2319,-0.2286,0.2519,0.1171,-0.101,-0.1413,-0.1374,-0.0354,0.0436,0.2025,-0.0537,0.0386,0.0059,-0.035,-0.0523,0.1519,-0.0112,0.6988,0.1299,1.0,0.9119,0.7696,0.0266,0.4852,-0.2887,0.1115,0.698,-0.0106,0.039,0.0008,-0.0107,-0.3366,-0.0239,0.0095,-0.0964,0.1664,-0.0159,-0.0217,-0.0243,0.012,0.0115,0.0304,-0.2126,-0.0345,0.0844,0.0054,-0.0992,-0.0466,-0.1387,0.0155,-0.1502,0.0755,-0.255,-0.2986,-0.2036,0.0346,0.0378,0.4233,-0.0305,-0.0733,-0.0466,-0.0747,-0.0321,0.2954,-0.0907,0.0129,0.0111,-0.1086,-0.1036,-0.025,0.3263,-0.132,0.036,-0.0025,0.0056,0.001,0.0035,-0.0153,0.1569,0.1675,0.0146,-0.0094,0.0086,0.0285,-0.1199,0.1331,-0.0082,0.0662,0.4892,-0.0057,0.3883,-0.0289,-0.0332,-0.21,-0.2452,-0.1017,-0.044,0.0387,0.0015,0.0203,-0.0192,0.0128,-0.11,-0.014,-0.0606,0.0682,0.0098,-0.0018,-0.1517,0.0823,0.0019,-0.0825,0.064,-0.2774,0.1796,0.029,-0.2264,-0.2724,0.2691,-0.1268,-0.0636,-0.1468,-0.2923,-0.1964,-0.1605,-0.0748,-0.0069,0.2124,-0.0691,0.0771,-0.095,-0.097,-0.1522,0.2509,0.1079,-0.1784,0.114,-0.0585,0.1042,-0.0732,-0.0476,0.0807,-0.0327,-0.648,-0.1982,0.1429,0.1184,0.1499,0.1733,-0.0935,-0.0148,-0.2273,0.0695,-0.0041,0.0476,-0.0966,0.0393,0.0772,-0.104,0.0424,0.1055,-0.0977,-0.0417,0.1086,-0.0421,-0.005,-0.1001,-0.0531,-0.0497,-0.0602,0.0308,0.1149,0.0686,-0.0844,-0.0029,0.0151,0.0102,0.0871,-0.0127,0.0981,-0.111,-0.1117,0.0131,0.0171,-0.9194,0.0074,0.3191,-0.3223,0.3244,0.0277,0.1155,-0.1348,-0.0099,-0.014,0.3995,0.0916,0.1683,-0.0531,0.1742,-0.0305,0.2607,0.2422,-0.0279,-0.3473,0.5801,-0.3537,-0.2247,0.5744,-0.2651,-0.1368,-0.0552,0.0253,-0.168,-0.0503,-0.0104,0.4975,0.0329,0.0753,-0.1907,0.1291,-0.0394,-0.1906,-0.0266,0.2325,0.1996,-0.0584,-0.1888,0.0024,0.2157,0.2941,-0.2065,-0.0305,0.2601,0.1981,-0.1612,-0.0563,-0.0416,0.013,0.0076,0.1624,-0.044,0.1046,-0.0049,0.0162,-0.0561,-0.1993,-0.132,-0.1828,-0.1078,0.0489,-0.0983,0.0015,0.0222,0.3585,0.1668,0.0304,0.0249,-0.0189,0.2954,0.3263,0.2617,0.1934,0.1612,0.0015,0.0608,-0.0231,0.004,0.0698,0.2691,0.0148,0.0807,0.0258,0.0327,0.1228,0.034,0.0345
atr_bps,-0.2104,-0.207,0.2319,0.1066,-0.0955,-0.124,-0.1273,-0.0333,0.0452,0.1807,-0.053,0.0414,0.0064,-0.0347,-0.0457,0.107,-0.3949,0.6563,0.1391,0.9119,1.0,0.7389,0.0738,0.4596,-0.2542,0.1303,0.6526,-0.0069,0.053,-0.0001,-0.0009,-0.3035,-0.0245,0.0041,-0.0866,0.1836,-0.3812,-0.0244,-0.0161,-0.0,0.0153,0.0326,-0.1989,-0.0362,0.0765,0.0068,-0.0954,-0.0559,-0.1287,0.0298,-0.1584,0.0992,-0.2331,-0.2927,-0.1731,0.0613,0.0663,0.3838,-0.0256,-0.0865,-0.0452,-0.0681,-0.0567,0.2677,-0.0774,0.0274,0.0001,-0.0869,-0.1012,-0.0456,0.3075,-0.1178,0.0429,-0.0083,0.0133,-0.0162,0.0287,-0.0001,0.1601,0.178,0.0135,-0.0092,-0.0047,0.0129,-0.1307,0.1551,0.0368,0.0667,0.4579,-0.006,0.3578,-0.0296,-0.0436,-0.1813,-0.2284,-0.0876,-0.0541,0.0324,-0.0041,0.0185,-0.0081,0.0017,-0.109,-0.0192,-0.0498,0.0703,0.0041,-0.0044,-0.1557,0.0941,-0.0045,-0.0939,0.0738,-0.2759,0.195,0.0339,-0.2313,-0.2351,0.258,-0.1234,-0.0589,-0.1398,-0.2805,-0.1869,-0.1496,-0.0723,-0.0084,0.208,-0.0788,0.0778,-0.0967,-0.0916,-0.1485,0.2331,0.1077,-0.1683,0.1016,-0.077,0.106,-0.0565,-0.0432,0.0704,-0.0268,-0.6168,-0.1838,0.1375,0.1184,0.1362,0.1727,-0.0993,-0.0094,-0.2115,0.0633,-0.0091,0.0436,-0.0864,0.039,0.0807,-0.0997,0.0371,0.0999,-0.0911,-0.0413,0.101,-0.0362,-0.0096,-0.0938,-0.0487,-0.0396,-0.0532,0.026,0.1066,0.0699,-0.0886,-0.0023,0.0207,-0.0029,0.0804,-0.0063,0.1023,-0.1151,-0.1045,0.0177,0.0228,-0.8325,0.0021,0.2929,-0.2953,0.2978,0.0203,0.1117,-0.1272,-0.3933,-0.0155,0.4747,0.1205,0.174,-0.0604,0.208,-0.0256,0.3069,0.2824,-0.0336,-0.3588,0.6357,-0.3644,-0.224,0.6302,-0.261,-0.092,-0.0603,0.0295,-0.1322,-0.0563,0.0168,0.5475,0.0281,0.0976,-0.1593,0.1812,-0.0413,-0.2035,-0.0209,0.2392,0.2116,-0.0525,-0.2019,0.012,0.2225,0.3088,-0.2244,-0.0249,0.2774,0.2145,-0.1819,-0.0509,-0.0334,0.0057,0.0184,0.1769,-0.0525,0.1287,-0.0242,0.0321,-0.0795,-0.1563,-0.1362,-0.1563,-0.1221,0.0567,-0.0885,0.0249,0.0459,0.3272,0.153,0.0326,0.0252,0.0193,0.2677,0.3075,0.2532,0.1748,0.1491,-0.0041,0.0416,-0.0311,-0.0017,0.0721,0.258,0.0094,0.0704,0.0495,0.0371,0.1146,0.0403,0.0442
range_1h_pts,-0.112,-0.1155,0.0897,0.2188,-0.0061,-0.0735,-0.1016,-0.0288,0.0173,-0.1072,-0.022,0.0272,0.0027,-0.0711,0.1088,0.1227,-0.0854,0.4969,0.0251,0.7696,0.7389,1.0,0.6095,0.66,0.0212,-0.0061,0.5005,0.0028,-0.0224,0.0027,-0.0474,-0.1037,-0.0399,-0.0326,-0.0912,0.3004,-0.097,-0.0173,-0.039,0.0379,-0.0058,0.019,0.0469,-0.0023,0.1025,0.0029,-0.1403,-0.0678,-0.2025,-0.0268,-0.2441,0.0562,-0.1632,-0.2294,-0.088,0.0144,0.0026,0.4349,-0.0497,-0.0574,0.0342,0.0107,-0.0158,-0.0134,-0.0005,-0.0108,0.0211,-0.0469,-0.0004,-0.0255,0.0641,-0.043,0.0147,-0.008,0.0113,-0.0008,-0.0398,-0.0466,0.2053,0.0587,0.0065,-0.0188,-0.0048,0.0059,-0.0503,0.0247,-0.0364,-0.0241,0.3264,-0.0025,0.3712,0.0032,-0.0372,-0.1623,-0.2064,-0.1043,-0.0241,0.0128,-0.0287,0.027,0.0135,0.0032,-0.0856,0.0516,-0.0744,-0.0152,0.0197,0.0052,-0.2259,0.0501,-0.0213,-0.0487,-0.0153,-0.2074,0.1419,0.0347,-0.1807,-0.1485,0.0552,0.0101,-0.0528,-0.1929,-0.2246,-0.169,-0.1504,-0.044,-0.0061,0.2067,-0.0845,0.0433,-0.0844,-0.0904,-0.1134,0.1845,0.0723,-0.1314,0.0909,-0.092,0.1342,-0.0771,-0.0595,0.0803,-0.0203,-0.4976,-0.2043,0.1358,0.1186,-0.0487,0.2219,-0.1185,-0.0065,-0.158,0.0194,0.0284,0.0677,-0.0741,0.0303,0.0848,-0.0593,0.0259,-0.0589,-0.0927,-0.028,0.1248,-0.0753,0.0266,-0.0918,-0.0645,-0.0364,-0.0332,0.0471,-0.0356,0.0932,-0.0881,0.0019,0.032,0.0063,0.0599,0.0018,0.1049,-0.1174,-0.0781,0.0002,0.0147,-0.7048,0.016,0.2187,-0.2211,0.2203,-0.0059,0.0562,-0.1058,-0.0869,-0.0083,0.2724,-0.0233,0.2505,-0.1055,0.2473,0.004,0.2602,0.1879,-0.0828,-0.2814,0.4324,-0.2696,-0.1867,0.4392,-0.2,-0.035,-0.1181,0.0909,-0.0754,-0.1095,0.0602,0.3736,0.0158,-0.0009,-0.1188,0.4593,-0.0287,-0.1383,-0.0324,0.1895,0.1283,-0.0621,-0.135,-0.0167,0.1819,0.2118,-0.1346,-0.0376,0.1892,0.1194,-0.1192,-0.062,-0.0415,0.0296,-0.0154,0.1146,-0.0506,0.2029,-0.0204,0.0593,-0.134,-0.1879,-0.2066,-0.4123,-0.3945,0.1026,0.1668,0.0294,0.0187,0.088,-0.1108,0.019,0.0134,-0.0165,-0.0134,0.0641,0.0749,-0.0861,-0.0647,-0.0287,-0.0291,-0.0195,-0.025,-0.0141,0.0552,0.0065,0.0803,0.0161,0.0249,-0.1118,0.0252,0.0355
range_1h_atr,0.0575,0.0526,-0.1888,0.2124,0.1082,0.0482,-0.0007,-0.0221,-0.0408,-0.3055,0.0279,-0.0077,-0.0096,-0.065,0.1436,0.0082,-0.1051,-0.0393,-0.0951,0.0266,0.0738,0.6095,1.0,0.4187,0.3709,-0.1252,-0.0458,0.0292,-0.0846,0.0113,-0.0636,0.2106,-0.0235,-0.0593,-0.0421,0.3178,-0.1196,-0.0093,-0.0261,0.0467,-0.0336,-0.0197,0.267,0.0188,0.0728,-0.0093,-0.1148,-0.0433,-0.1681,-0.0599,-0.2151,-0.005,0.0003,-0.0563,0.0654,-0.0245,-0.0506,0.1835,-0.0519,-0.0091,0.1215,0.0914,0.0164,-0.3171,0.0889,-0.0445,0.0257,0.0614,0.1009,-0.0036,-0.2502,0.0829,-0.0213,-0.0118,-0.0014,0.004,-0.072,-0.0597,0.1559,-0.0797,-0.0203,-0.007,-0.013,-0.0265,0.0404,-0.0862,-0.0502,-0.1131,-0.0543,0.0099,0.0933,0.0396,-0.0142,0.0025,-0.0045,-0.0478,0.0142,-0.0008,-0.0427,0.023,0.0226,-0.0015,-0.0327,0.1039,-0.0589,-0.0831,0.0061,0.018,-0.214,-0.009,-0.0292,0.011,-0.0814,-0.0455,0.0579,0.0598,-0.0655,0.1163,-0.1746,0.1562,-0.0402,-0.1213,0.0025,-0.0493,-0.0444,0.0192,-0.0032,0.0676,-0.0381,-0.0233,-0.0095,-0.0289,-0.0036,0.0013,-0.0225,0.0052,0.0157,-0.0825,0.0924,-0.0336,-0.0366,0.0369,-0.0001,-0.0181,-0.0947,0.029,0.0545,-0.2015,0.1232,-0.0653,0.002,0.0132,-0.0375,0.0614,0.0404,-0.0131,-0.007,0.0286,0.0225,-0.0052,-0.1559,-0.0309,0.0025,0.06,-0.0651,0.057,-0.0241,-0.0484,0.0124,0.0196,0.0416,-0.1537,0.0519,-0.0312,0.0143,0.0393,-0.0025,-0.0028,0.0116,0.043,-0.0495,0.002,-0.0204,0.0029,-0.0315,0.0273,-0.0146,0.0152,-0.0189,-0.014,-0.0432,-0.0116,-0.1084,0.018,-0.0266,-0.1328,0.2352,-0.1501,0.1688,0.047,0.0869,-0.007,-0.1033,-0.0411,-0.0076,-0.0129,-0.028,0.0058,-0.0037,0.086,-0.0951,0.0984,0.0597,-0.0892,0.0914,-0.0128,-0.0231,-0.0773,-0.0085,0.5664,0.0077,-0.012,-0.0123,0.0402,-0.0154,-0.0229,-0.0092,-0.0236,0.0473,-0.0067,0.0189,-0.018,0.0016,-0.0316,-0.0087,-0.0256,-0.0108,0.022,-0.0263,-0.0102,-0.0386,0.2145,-0.0249,0.0821,-0.1665,-0.1028,-0.1893,-0.5078,-0.5434,0.0927,0.3904,0.0176,-0.0001,-0.2535,-0.2703,-0.0197,-0.0227,-0.0038,-0.3171,-0.2502,-0.1709,-0.2838,-0.2275,-0.0427,-0.0973,-0.0042,-0.0395,-0.0841,-0.1746,-0.002,0.0369,-0.0061,-0.0099,-0.2191,-0.0107,0.0073
range_3h_pts,0.1414,0.1382,-0.2245,-0.0088,0.1686,0.1631,-0.0003,-0.0102,0.0061,-0.2613,-0.0097,0.0516,-0.0043,-0.0677,0.138,0.1216,-0.0607,0.2696,-0.0529,0.4852,0.4596,0.66,0.4187,1.0,0.6358,-0.0916,0.2884,0.0152,-0.0479,0.0105,-0.0623,0.3984,-0.0216,-0.0416,-0.0288,0.0496,-0.0718,0.0195,-0.0364,0.0238,0.0171,-0.011,0.2495,0.0465,0.0124,-0.0027,-0.0523,-0.0631,-0.0714,0.0102,-0.1679,0.0491,0.1103,0.0581,0.1701,0.0359,0.0115,0.4893,0.0165,0.0275,0.0522,0.0703,0.0179,-0.2925,0.0957,-0.0376,-0.0151,0.0624,0.0957,-0.0221,-0.2841,0.1155,-0.0233,-0.0281,-0.0267,-0.0158,0.0044,0.0032,0.2709,-0.0577,-0.007,-0.0055,-0.0353,-0.0312,0.0279,-0.0596,0.0615,-0.0751,0.1599,0.0042,0.4425,0.0055,-0.0295,-0.08,-0.1606,0.0276,-0.0128,-0.0194,-0.0451,0.0224,0.0452,-0.0342,0.0601,0.0411,-0.0118,-0.0815,0.035,-0.0013,-0.025,0.0029,-0.034,-0.0005,-0.0644,0.0737,-0.0755,-0.0554,0.0058,-0.0505,-0.2282,0.1657,-0.0103,-0.1833,-0.1256,-0.1203,-0.0849,-0.0152,0.0031,0.1066,-0.0815,0.0391,-0.0588,-0.0423,-0.0488,0.0959,0.0403,-0.0786,0.0573,-0.0544,0.0834,-0.0508,-0.0249,0.0287,-0.0036,-0.2977,-0.0781,0.0717,0.0595,-0.1581,0.1508,-0.1334,0.0237,-0.0748,-0.0229,0.0386,0.0585,-0.0314,0.0488,0.0604,-0.0068,-0.0132,-0.1359,-0.0361,-0.015,0.0831,-0.0714,0.0434,-0.0694,-0.0324,-0.0321,-0.0129,0.0234,-0.1156,0.0455,-0.0251,-0.0006,0.0103,0.0034,0.0052,0.0063,0.0746,-0.0717,-0.0402,0.0093,0.0126,-0.4391,0.0185,0.1012,-0.1046,0.1081,-0.0611,0.0058,-0.0564,-0.0638,0.0142,0.0551,-0.0353,0.2259,0.0831,0.1824,0.0039,0.0979,-0.0059,-0.1126,-0.1101,0.2016,-0.1068,-0.0793,0.2071,-0.0475,0.1554,-0.1589,0.1199,0.1201,-0.1577,0.1296,0.204,-0.0023,-0.0087,0.087,0.2796,0.017,-0.0191,-0.0386,0.0654,0.0261,-0.0451,-0.0183,-0.0255,0.062,0.0824,-0.0207,-0.0393,0.0711,0.0193,-0.0414,-0.0476,-0.0316,0.0372,-0.0242,0.0559,-0.0163,0.0968,-0.0422,0.035,-0.1312,-0.0165,-0.1002,-0.0902,-0.157,0.0747,0.1737,0.1267,-0.0052,-0.3308,-0.2342,-0.011,-0.0078,-0.0306,-0.2925,-0.2841,-0.1892,-0.2477,-0.1894,-0.0451,-0.1021,-0.0204,-0.0419,-0.082,-0.2282,-0.0237,0.0287,-0.0104,-0.0113,-0.1956,-0.0118,-0.007
range_3h_atr,0.2675,0.264,-0.4078,-0.1598,0.2821,0.3133,0.1042,-0.0303,-0.061,-0.3364,0.029,0.0228,-0.0081,-0.0331,0.1447,0.0106,-0.0459,-0.2806,-0.1464,-0.2887,-0.2542,0.0212,0.3709,0.6358,1.0,-0.181,-0.2696,0.0243,-0.0957,0.0065,-0.0577,0.7182,-0.0031,-0.0585,0.0741,-0.0642,-0.0519,0.0343,-0.0143,0.0165,0.0044,-0.031,0.3472,0.0644,-0.0513,-0.0059,0.0252,-0.033,0.0338,-0.0075,-0.0668,-0.0155,0.2488,0.2361,0.2787,-0.0233,-0.0637,0.1982,0.0061,0.0372,0.1195,0.099,0.046,-0.447,0.1518,-0.0623,-0.0463,0.2089,0.1595,-0.0069,-0.4968,0.2054,-0.0769,-0.0531,-0.0353,-0.0335,-0.029,-0.0199,0.1893,-0.1759,-0.02,0.0047,-0.0463,-0.0548,0.1167,-0.147,0.071,-0.1304,-0.2273,0.008,0.1379,0.0212,-0.0111,0.099,0.0375,0.1163,0.016,-0.0362,-0.0454,0.0057,0.0513,-0.0403,0.1382,0.0516,0.027,-0.1276,0.0292,-0.0006,0.0981,-0.0636,-0.0258,0.0654,-0.0929,0.231,-0.1483,-0.0194,0.131,0.1978,-0.3825,0.2418,0.0224,-0.0727,0.1038,0.0138,0.0513,0.0342,0.0079,-0.066,-0.0199,-0.0222,0.0239,0.0352,0.07,-0.1008,-0.0489,0.0626,-0.0291,-0.0069,0.0048,0.0009,0.0202,-0.0318,0.0114,0.2051,0.0734,-0.0384,-0.043,-0.2166,-0.0074,-0.0576,0.0355,0.0991,-0.067,0.043,0.0041,0.0458,0.0123,-0.004,0.0666,-0.0423,-0.1754,0.0414,0.0117,-0.0186,-0.0232,0.0478,0.0209,0.0094,0.0191,0.0275,-0.0016,-0.1626,-0.0171,0.0387,0.0046,-0.0078,-0.0048,-0.0627,0.0064,-0.0023,0.0197,0.0481,0.0001,-0.0125,0.2648,0.0154,-0.1466,0.1458,-0.1462,-0.0734,-0.0775,0.0498,-0.0493,0.0368,-0.2681,-0.1198,0.161,0.141,0.0231,0.0354,-0.145,-0.2479,-0.1198,0.1503,-0.2567,0.1719,0.0808,-0.2469,0.1591,0.2554,-0.1148,0.0932,0.2316,-0.116,0.131,-0.196,-0.0316,-0.0811,0.1945,0.122,0.0642,0.1305,-0.0144,-0.1198,-0.1273,0.0043,0.1297,-0.0238,-0.112,-0.1496,0.1476,-0.0128,-0.1401,-0.1343,0.0838,0.0005,0.0037,0.0249,-0.0275,-0.0774,0.0144,-0.0074,-0.0264,0.0077,-0.1032,0.121,0.0122,0.0402,-0.0643,0.029,0.2349,0.0465,-0.0299,-0.5734,-0.2889,-0.031,-0.0236,-0.0109,-0.447,-0.4968,-0.3849,-0.32,-0.2482,-0.0454,-0.1386,-0.0001,-0.0443,-0.1293,-0.3825,-0.0355,-0.0318,-0.035,-0.0351,-0.2259,-0.0382,-0.0362
range_since_choch_atr,-0.0373,-0.0238,-0.0009,-0.0489,-0.0782,-0.0233,-0.0123,0.0315,0.0323,0.2282,-0.0674,-0.004,0.0821,0.2828,-0.144,-0.0234,-0.0555,0.3682,0.4405,0.1115,0.1303,-0.0061,-0.1252,-0.0916,-0.181,1.0,0.469,-0.0793,0.5603,-0.066,-0.0239,-0.1398,-0.0482,0.009,-0.0241,0.1067,-0.0593,-0.2032,0.2044,-0.1618,-0.0116,-0.0224,-0.1478,-0.2247,0.1684,0.0798,-0.1129,0.0139,-0.0871,0.0436,-0.0388,0.0409,-0.0501,-0.1008,-0.0237,0.5056,0.497,-0.0158,0.4327,0.257,-0.422,0.0245,-0.0346,0.1194,-0.0882,0.222,0.239,-0.3603,0.0173,0.0021,0.0748,-0.0722,0.1719,-0.0232,0.0129,0.1167,0.3826,0.5428,0.0115,0.4543,0.0921,-0.0946,0.0558,0.1311,-0.4476,0.6384,-0.0618,0.6073,0.4415,-0.0814,-0.0251,-0.0564,-0.0167,0.0041,0.0325,-0.0333,-0.0279,0.136,0.0458,0.0367,-0.1251,0.0889,-0.2606,-0.0307,-0.0012,0.2598,-0.1909,0.083,-0.1384,0.326,0.0503,-0.3296,0.2513,-0.0942,0.0923,0.0693,-0.0522,-0.0344,0.1907,-0.1548,0.0265,0.0811,-0.1116,0.0101,-0.0666,-0.1138,-0.0066,0.0277,-0.0087,0.1364,-0.0391,-0.0792,-0.0722,0.2046,0.1549,-0.1641,0.0499,0.0012,-0.0464,0.0579,-0.001,-0.041,0.0417,-0.2308,-0.0464,0.0524,-0.019,0.1515,-0.0134,0.0353,0.0289,-0.1804,0.0195,-0.009,0.0141,-0.0249,0.0608,0.074,-0.0543,-0.0318,0.1568,-0.0494,-0.0747,0.06,-0.0089,-0.0038,-0.028,-0.0189,-0.032,-0.0856,-0.0738,0.1109,-0.0991,0.071,0.0146,-0.0305,0.0029,0.0173,-0.0158,0.0502,-0.04,-0.0622,0.0466,-0.018,-0.1052,-0.0679,0.2733,-0.2778,0.2694,-0.0127,0.1629,-0.0655,-0.0606,-0.0947,0.4991,0.5345,0.0812,-0.108,0.0595,-0.215,0.4459,0.5264,0.0823,-0.2506,0.4061,-0.23,-0.1398,0.3949,-0.1754,-0.1876,0.3044,-0.1604,-0.1299,0.2842,-0.1295,0.4171,0.1088,0.5251,-0.1205,0.0053,-0.0535,-0.4606,0.1929,0.2366,0.4299,0.1759,-0.4639,0.1985,0.2149,0.3098,-0.5602,0.1925,0.3714,0.4945,-0.3088,0.1617,0.1686,-0.2238,0.2263,0.1708,-0.1342,-0.0179,-0.0035,-0.0437,0.0254,-0.044,0.0256,0.0324,0.0581,-0.0231,-0.3195,0.1385,-0.0271,0.1298,0.222,-0.0224,-0.0177,-0.0347,0.1194,0.0748,0.3594,0.2423,0.1719,0.0458,0.0852,-0.0352,0.0501,0.2582,0.1907,-0.0289,-0.041,-0.0204,-0.0217,0.1814,-0.02,-0.0082
bar_range_pts,-0.1434,-0.133,0.1342,0.0563,-0.1084,-0.0835,-0.0959,0.0304,0.0288,0.2114,-0.0996,0.033,0.0656,0.0167,-0.1329,0.0912,-0.0271,0.6534,0.3057,0.698,0.6526,0.5005,-0.0458,0.2884,-0.2696,0.469,1.0,-0.0564,0.706,-0.0445,-0.0226,-0.2824,-0.0511,0.0074,-0.0663,0.1567,-0.034,-0.0887,0.068,-0.0739,-0.0049,-0.0031,-0.1709,-0.106,0.0994,0.0644,-0.0897,-0.0204,-0.1011,0.0222,-0.0983,0.0531,-0.1588,-0.2077,-0.1196,0.372,0.3614,0.2702,0.2424,0.1124,-0.2895,-0.0111,-0.0413,0.2139,-0.106,0.1562,0.1705,-0.2825,-0.053,-0.0394,0.217,-0.1005,0.1474,-0.0431,-0.0004,0.0882,0.1354,0.2757,0.102,0.32,0.0557,-0.0868,0.0036,0.0535,-0.369,0.4209,-0.007,0.1116,0.6892,-0.0656,0.2631,-0.029,-0.0252,-0.1394,-0.1415,-0.0499,-0.0365,0.0492,0.0174,0.007,-0.0382,0.0401,-0.224,-0.0145,-0.0118,0.2002,-0.1487,0.113,-0.1319,0.2833,0.0238,-0.2851,0.1198,-0.1938,0.1351,0.0341,-0.1486,-0.1839,0.2235,-0.1296,-0.026,-0.0725,-0.24,-0.1047,-0.1639,-0.1195,0.0004,0.1249,-0.062,0.1599,-0.0889,-0.0773,-0.1341,0.2673,0.1867,-0.2415,0.1141,-0.0351,0.0411,-0.0165,-0.0175,0.0107,0.0068,-0.5688,-0.1261,0.1217,0.0311,0.1314,0.0901,-0.0523,0.0356,-0.2099,0.0155,-0.019,0.0157,-0.019,0.0471,0.0769,-0.0518,-0.0175,0.143,-0.1064,-0.086,0.0913,-0.0059,-0.0173,-0.086,-0.0489,-0.0663,-0.0758,-0.0125,0.0898,-0.0028,-0.0055,-0.0031,0.0033,0.02,0.0582,-0.0251,0.0822,-0.082,-0.1066,0.1124,0.004,-0.6331,-0.0505,0.3889,-0.3943,0.3915,0.0021,0.1409,-0.1222,-0.0288,-0.0741,0.5802,0.4217,0.1367,-0.081,0.1609,-0.3093,0.4764,0.5493,0.0424,-0.3872,0.637,-0.3658,-0.2328,0.6236,-0.2707,-0.1857,0.1131,-0.0686,-0.1528,0.1049,-0.0614,0.7781,0.1728,0.403,-0.1432,0.0751,-0.0685,-0.4402,0.0561,0.404,0.4314,0.0187,-0.4438,0.0955,0.3744,0.485,-0.5348,0.0383,0.5618,0.5152,-0.325,-0.0033,0.0285,-0.079,0.1353,0.3508,-0.1274,0.0789,-0.0067,-0.0053,-0.0243,-0.1185,-0.0526,-0.0733,-0.0311,0.0041,-0.2176,0.1214,0.0185,0.2563,0.1888,-0.0031,0.0002,-0.0201,0.2139,0.217,0.3875,0.1579,0.1402,0.0174,0.0539,-0.034,0.0182,0.1998,0.2235,-0.0356,0.0107,0.023,-0.001,0.1729,0.0067,0.0174
bar_body_pts,0.0126,0.0137,-0.0371,0.0025,0.0197,-0.0148,0.0173,-0.0043,0.0025,0.0057,0.0109,-0.0225,-0.8585,0.0043,-0.003,-0.0097,-0.0192,-0.04,-0.052,-0.0106,-0.0069,0.0028,0.0292,0.0152,0.0243,-0.0793,-0.0564,1.0,-0.0824,0.808,0.1845,0.0183,0.4353,0.0309,0.3314,-0.0496,-0.0115,-0.0111,0.0213,-0.0235,-0.031,0.0118,0.0133,-0.0115,-0.0208,-0.8485,0.0233,0.0411,0.0105,0.0011,0.0135,-0.007,0.0163,0.0218,0.011,-0.0606,-0.0536,0.005,-0.0633,-0.0446,0.0874,-0.3619,-0.0098,-0.0032,0.3669,-0.0326,-0.0485,0.0672,-0.1884,-0.0122,0.0021,0.1882,-0.0071,0.2328,-0.2488,0.0081,-0.0465,-0.0656,0.0072,-0.0326,-0.8274,0.8213,0.3169,-0.3206,0.0499,-0.0376,0.0024,-0.0635,-0.0364,0.858,0.004,0.0457,0.1551,0.0101,-0.0399,-0.0097,-0.0142,-0.0276,-0.0133,-0.0101,0.0336,0.0159,0.0284,-0.0048,0.0121,-0.027,0.0177,0.0154,0.0247,-0.0229,-0.0136,0.0239,0.0039,0.02,-0.0087,0.0048,0.0113,0.0114,-0.0355,0.0189,0.006,-0.0326,0.022,-0.0059,0.0012,0.0181,-0.0183,-0.0358,-0.0078,0.0173,0.0116,-0.0019,0.0228,-0.0076,-0.4817,-0.0011,0.4765,0.0637,-0.008,-0.0546,0.1044,-0.0046,-0.0992,0.0157,0.0097,-0.4266,0.3914,0.004,-0.0373,-0.0312,0.0159,-0.0065,-0.004,-0.0132,-0.0181,0.0206,0.0275,-0.0559,0.0306,-0.0276,0.0265,0.002,0.0154,-0.0258,0.0227,-0.0148,-0.0047,0.0077,-0.0048,0.0072,-0.0044,-0.0099,-0.0045,0.0358,0.0155,0.0197,-0.0131,0.004,-0.0219,-0.0115,0.0136,0.0089,0.0165,-0.0173,-0.0019,0.7214,-0.0206,0.02,-0.0205,0.0143,-0.0046,0.0293,0.0208,0.8253,-0.0486,-0.0532,-0.0488,0.0009,-0.0136,0.0252,-0.0501,-0.052,0.0106,0.0364,-0.0371,0.0204,0.0352,-0.0339,0.0197,0.0399,-0.0484,0.0171,0.0268,-0.0466,0.0143,-0.0296,0.0165,-0.0575,0.0387,0.0076,0.5383,0.0154,0.0296,-0.0469,-0.0248,0.0491,0.017,-0.0023,-0.0283,-0.1181,0.0357,0.0268,-0.0656,-0.0471,0.0299,0.0246,0.059,-0.0199,0.0202,-0.0134,-0.0104,0.0082,-0.0218,0.0595,-0.0115,0.0118,0.0007,-0.006,-0.0086,-0.0479,0.0711,-0.0009,0.0116,-0.0226,0.0141,0.0118,0.0167,0.0241,-0.0032,0.0021,-0.0517,0.0075,0.0145,-0.0133,-0.1029,0.0212,-0.0145,-0.0263,-0.0355,-0.0159,-0.0046,0.0175,0.021,0.0233,0.0291,0.0292
bar_range_atr,0.0298,0.0399,-0.0525,-0.0349,-0.0564,0.017,0.005,0.0792,-0.0042,0.0892,-0.0829,0.0042,0.0931,0.0622,-0.1356,-0.0228,-0.0294,0.2431,0.3081,0.039,0.053,-0.0224,-0.0846,-0.0479,-0.0957,0.5603,0.706,-0.0824,1.0,-0.0734,-0.0255,-0.0614,-0.0555,0.0105,-0.0062,0.0592,-0.0328,-0.1071,0.1244,-0.119,-0.0155,-0.0326,-0.0201,-0.1184,0.0544,0.0929,-0.0315,0.0235,-0.0066,0.0194,0.0085,0.003,0.0306,-0.001,0.0383,0.4934,0.4753,-0.0255,0.3708,0.2296,-0.3657,0.0612,-0.0313,0.0034,-0.0586,0.2109,0.2229,-0.2947,0.0329,-0.0208,-0.0223,-0.0136,0.1739,-0.0585,-0.0041,0.1112,0.1913,0.4033,-0.0153,0.287,0.078,-0.1262,-0.0046,0.0626,-0.4058,0.4679,-0.0054,0.0968,0.4916,-0.0935,0.0027,-0.0146,0.0046,0.0017,0.0353,0.0206,-0.0075,0.0354,0.0241,0.0006,-0.0396,0.0491,-0.2036,-0.0032,0.0396,0.2162,-0.2213,0.1625,-0.039,0.3263,0.0402,-0.3293,0.1122,-0.0035,0.0191,0.0274,0.0094,0.0073,0.0487,-0.055,0.0238,0.0363,-0.0598,0.0233,-0.0619,-0.0976,0.0043,-0.0226,-0.0178,0.1423,-0.0331,-0.0132,-0.0497,0.1368,0.1611,-0.1629,0.0422,0.0003,-0.0386,0.0488,0.0163,-0.0548,0.0381,-0.1729,0.0027,0.0405,-0.0695,0.0262,-0.0299,0.014,0.0552,-0.0782,-0.0362,-0.0138,-0.0107,0.046,0.0352,0.0318,0.0197,-0.0643,0.1137,-0.0491,-0.0801,0.0351,0.0162,-0.0101,-0.01,-0.0148,-0.0432,-0.0517,-0.0432,-0.0086,-0.0735,0.0788,0.0085,-0.0093,0.0167,-0.0102,-0.0221,0.0178,-0.0046,-0.0531,0.1316,-0.0111,-0.0358,-0.0869,0.2426,-0.2469,0.241,-0.0191,0.0846,-0.049,-0.0341,-0.0993,0.426,0.507,0.0356,-0.0577,0.0536,-0.4229,0.4125,0.5405,0.0962,-0.1903,0.3245,-0.1563,-0.0961,0.3097,-0.1121,-0.1046,0.2204,-0.1032,-0.0358,0.2017,-0.0583,0.6077,0.2165,0.4971,-0.0162,-0.0157,-0.0574,-0.444,0.1102,0.3444,0.4136,0.0876,-0.4514,0.1375,0.3157,0.3911,-0.559,0.0889,0.5387,0.5322,-0.2895,0.0536,0.0855,-0.1277,0.1888,0.3386,-0.1396,0.01,-0.011,-0.0284,0.0178,0.0241,0.0546,0.072,0.0547,-0.0387,-0.209,0.1731,0.0053,0.0091,0.091,-0.0326,-0.0246,-0.0044,0.0034,-0.0223,0.2804,0.0275,0.0267,0.0241,0.0098,-0.0368,0.024,0.2141,0.0487,-0.0552,-0.0548,0.009,-0.033,0.1209,-0.0225,-0.0068
close_pos_in_bar,0.0022,0.0057,-0.0235,0.0059,0.011,-0.0137,0.0057,-0.002,0.0012,0.0112,0.0151,-0.0235,-0.8226,-0.0015,-0.0183,0.0001,-0.0059,-0.0226,-0.032,0.0008,-0.0001,0.0027,0.0113,0.0105,0.0065,-0.066,-0.0445,0.808,-0.0734,1.0,0.1356,-0.0015,0.349,0.0334,0.266,-0.0481,-0.0019,-0.0042,0.0186,-0.0158,-0.0264,0.0134,0.0104,-0.0046,-0.0254,-0.8129,0.0207,0.0265,0.0138,0.0055,0.0267,-0.0083,0.0065,0.0178,-0.0042,-0.0405,-0.0383,0.0073,-0.0416,-0.0277,0.0474,-0.2826,-0.0048,0.0014,0.2837,-0.0091,-0.0435,0.0349,-0.1167,-0.0144,0.0086,0.1121,0.0034,0.2354,-0.2313,0.0113,-0.0196,-0.0458,0.0073,-0.0137,-0.7288,0.727,0.2892,-0.2784,0.0363,-0.0263,0.0044,-0.0552,-0.0285,0.8218,0.0058,0.0227,0.1599,0.0143,-0.0424,-0.0062,-0.0125,-0.0159,-0.0192,0.0029,0.0273,0.0185,0.0257,-0.0068,-0.0007,-0.0148,0.021,0.0057,0.0157,-0.0101,-0.0122,0.011,-0.0072,0.0123,-0.0125,-0.0088,0.0086,-0.0208,-0.0159,0.0054,0.0061,-0.0211,0.0039,0.0018,-0.0186,0.0116,-0.0166,-0.02,-0.0129,0.0093,0.0114,-0.016,0.0363,-0.0094,-0.4021,-0.0022,0.3993,0.0663,-0.018,-0.0445,0.1201,-0.0082,-0.1114,0.0064,0.016,-0.3709,0.3542,-0.0006,-0.02,-0.0288,0.0179,-0.015,-0.005,0.0048,-0.0201,0.0169,0.0246,-0.0449,0.0263,-0.0254,0.0145,-0.0106,0.012,-0.0208,0.0164,0.0025,-0.0195,0.0169,-0.0256,0.0042,-0.0089,-0.0009,-0.0,0.0308,0.0033,0.0159,0.0116,0.0148,-0.0203,-0.0075,0.0062,0.0089,0.0114,-0.033,-0.0085,0.6026,-0.0215,0.02,-0.0266,0.0014,0.0177,0.0249,0.025,0.7246,-0.0309,-0.0342,-0.0443,0.0012,-0.0108,0.0299,-0.0314,-0.0406,0.0011,0.0228,-0.018,0.0056,0.0183,-0.0156,-0.0103,0.0087,-0.019,-0.0068,-0.0013,-0.016,-0.0027,-0.0275,0.0042,-0.0361,0.035,0.0071,0.457,0.0131,0.025,-0.0393,-0.0068,0.0396,0.0129,-0.0021,-0.026,-0.0858,0.0293,0.0225,-0.0568,-0.0291,0.0278,0.0193,0.0504,-0.0176,0.0174,-0.0069,-0.0011,0.0074,-0.0109,0.0554,-0.0107,0.0093,0.0039,-0.0018,0.0014,-0.0393,0.0393,0.0074,0.0033,-0.0092,0.0136,0.0134,0.0147,0.0249,0.0014,0.0086,-0.0251,0.0105,0.0051,-0.0192,-0.0644,-0.0071,-0.0187,-0.014,-0.0159,-0.0179,-0.0082,0.0077,0.0222,0.0178,0.0257,0.0252
close_vs_sess_open_pts,-0.0154,-0.0148,0.0154,-0.009,-0.0059,-0.0084,0.0205,-0.0117,-0.009,0.0208,-0.0112,-0.0709,-0.181,0.0115,-0.015,-0.0208,-0.0536,-0.0319,-0.0264,-0.0107,-0.0009,-0.0474,-0.0636,-0.0623,-0.0577,-0.0239,-0.0226,0.1845,-0.0255,0.1356,1.0,-0.0441,0.7689,-0.0888,0.2308,-0.0151,-0.0264,-0.0158,0.0245,-0.0277,-0.0952,-0.0124,-0.0185,-0.0178,-0.006,-0.1812,-0.0053,0.012,0.0133,0.0386,0.0154,0.0416,0.0058,0.0122,-0.0007,-0.0091,-0.0128,-0.0125,0.0104,0.0124,-0.0209,-0.0872,-0.007,0.0311,0.0707,-0.0102,-0.0236,-0.0155,-0.0891,-0.0048,0.0207,0.0744,-0.0041,-0.0256,0.0383,0.0031,0.0203,0.0047,-0.0666,-0.015,-0.1974,0.2003,0.0533,-0.084,0.0345,-0.0285,0.0176,-0.0082,-0.0302,0.1823,-0.004,0.002,0.0747,0.0529,-0.026,0.025,-0.0032,-0.0182,0.009,-0.0083,0.0091,0.0168,-0.0038,-0.0127,-0.0178,0.0202,0.0139,-0.0317,0.006,-0.0231,0.0034,0.0229,0.0033,0.011,-0.0082,-0.0056,-0.0023,0.0011,0.0099,-0.0148,0.0088,0.0439,-0.0325,-0.0735,0.0041,-0.0116,-0.0071,0.0069,0.0056,-0.0047,-0.0134,0.0071,-0.0023,-0.0118,-0.0993,0.012,0.0831,0.0258,-0.0406,0.0255,0.0277,0.0064,-0.0339,0.0253,0.0311,-0.0921,0.1027,0.0147,0.003,0.064,-0.0207,0.0128,-0.0069,-0.0318,0.0025,0.0154,0.0275,-0.0174,0.015,-0.0226,0.0163,-0.0054,-0.0034,0.0064,0.0121,-0.0332,0.0052,0.0134,0.0047,-0.0101,-0.0001,0.0047,0.0047,0.0041,-0.0188,-0.0084,0.0249,0.0215,0.0055,-0.0137,0.005,0.0005,0.0204,-0.031,-0.0175,0.1408,-0.0235,0.0228,-0.0231,-0.0112,-0.0132,0.0042,-0.0372,0.1583,-0.021,-0.0132,-0.0623,-0.0636,-0.0669,0.0186,-0.0573,-0.0471,-0.0026,0.0014,-0.0142,-0.0185,0.0184,-0.0174,-0.0134,0.0232,-0.0001,-0.0129,0.0497,-0.0042,-0.0117,-0.0076,-0.0099,-0.0062,0.0328,-0.052,0.2176,-0.0171,0.0255,-0.0119,0.0256,0.0356,-0.0154,0.0139,-0.0071,-0.027,-0.0063,0.027,-0.0234,0.004,-0.0023,0.0262,0.0377,-0.0233,0.0206,-0.0123,-0.0136,-0.1121,0.0493,-0.1143,0.0278,0.0028,-0.0023,0.0096,0.0126,-0.0115,-0.015,-0.0232,-0.016,0.0264,0.0266,-0.0124,-0.0045,0.0361,0.0311,0.0207,0.0095,0.0298,0.0219,0.009,-0.0761,-0.0061,0.0078,0.0195,0.0099,0.0207,0.0064,-0.0119,-0.0175,0.0279,-0.0195,-0.0136
sess_range_atr,0.6291,0.622,-0.421,-0.3172,0.0049,0.1731,0.2472,0.2538,0.1047,-0.3378,0.0921,-0.017,-0.0057,-0.0342,0.1447,0.0178,-0.0388,-0.286,-0.1103,-0.3366,-0.3035,-0.1037,0.2106,0.3984,0.7182,-0.1398,-0.2824,0.0183,-0.0614,-0.0015,-0.0441,1.0,0.0168,-0.0243,0.0899,-0.1264,-0.055,0.0404,-0.016,0.002,0.0083,-0.0311,0.356,0.0703,-0.0712,-0.0056,0.055,-0.0168,0.0808,0.0275,0.0085,0.0299,0.5908,0.475,0.6035,0.0295,0.0654,0.1879,0.0749,0.0963,0.0485,0.1111,0.0419,-0.4617,0.1487,-0.0378,-0.0374,0.1682,0.1605,0.0192,-0.5518,0.2411,-0.0665,-0.0497,-0.0428,-0.0609,0.0453,0.0429,0.182,-0.1504,-0.0104,0.0066,-0.0297,-0.0301,0.1032,-0.1352,0.0635,-0.083,-0.2366,0.0049,0.1977,0.0416,-0.0063,0.0842,0.0704,0.0968,0.01,-0.0532,-0.0201,0.0097,0.0486,-0.0339,0.1051,0.0321,0.0538,-0.0977,0.0013,0.0239,0.1129,-0.0546,-0.0203,0.056,-0.0912,0.4661,-0.2958,-0.0353,0.2906,0.2172,-0.4319,0.2576,0.0424,0.0528,0.087,0.0529,0.056,0.0406,0.0068,-0.0831,-0.0004,-0.0287,0.02,0.0563,0.0736,-0.1116,-0.0525,0.0764,-0.0425,0.0533,-0.0711,0.0362,0.0277,-0.0572,0.0291,0.2194,0.1144,-0.0604,-0.0418,-0.217,-0.0246,0.0364,0.0351,0.0939,-0.0499,0.0382,0.0022,0.0325,0.0219,-0.0055,0.0508,-0.0445,-0.1758,0.0372,0.0328,-0.0272,-0.0193,0.0442,0.0328,0.0012,0.0136,0.0088,-0.0037,-0.163,-0.0325,0.0565,0.0144,-0.0305,0.0,-0.0655,0.0296,-0.0074,0.0184,0.0509,-0.0216,0.0333,0.319,0.0082,-0.1541,0.153,-0.1437,-0.085,-0.0759,0.0758,-0.0424,0.0317,-0.219,-0.033,0.0594,0.1498,0.0739,0.0255,-0.0799,-0.1786,-0.089,0.2528,-0.2633,0.1622,0.1972,-0.2619,0.2078,0.3191,-0.0934,0.0828,0.3459,-0.0996,0.1461,-0.204,-0.0228,-0.032,0.2343,0.0441,0.0704,0.1378,-0.0144,-0.1295,-0.1343,0.0065,0.1346,-0.0246,-0.1218,-0.1662,0.1425,-0.0141,-0.1318,-0.1316,0.0665,0.0019,0.0039,0.0283,-0.0275,-0.0783,0.017,-0.0328,-0.0124,-0.0,-0.0689,0.1859,0.0761,0.1101,-0.0072,0.0054,0.17,0.2057,-0.0443,-0.6049,-0.2891,-0.0311,-0.0236,-0.0118,-0.4617,-0.5518,-0.4079,-0.3209,-0.2484,-0.0201,-0.1401,-0.0124,-0.0188,-0.0994,-0.4319,-0.0351,-0.0572,-0.049,-0.0359,-0.2259,-0.0398,-0.0433
pos_in_session_range,0.0205,0.0215,-0.0248,-0.0205,-0.0053,-0.0064,0.0286,0.0073,0.0087,0.0228,-0.019,-0.0788,-0.4222,-0.0079,-0.0266,-0.019,-0.0159,-0.0396,-0.0321,-0.0239,-0.0245,-0.0399,-0.0235,-0.0216,-0.0031,-0.0482,-0.0511,0.4353,-0.0555,0.349,0.7689,0.0168,1.0,-0.1126,0.5036,-0.0635,0.0011,0.0002,0.0077,-0.0138,-0.1038,0.0054,-0.0081,-0.0021,-0.0192,-0.4199,0.0019,0.0204,0.0188,0.026,0.0235,0.0413,0.0416,0.0491,0.0269,-0.0193,-0.0237,0.0173,-0.0043,0.0061,0.003,-0.1865,-0.0035,0.0123,0.1808,-0.0167,-0.0251,0.0032,-0.1658,-0.0023,0.0108,0.1579,-0.0111,-0.0163,0.0251,0.0002,0.0048,-0.014,-0.0158,-0.011,-0.4417,0.4449,0.1473,-0.1663,0.0425,-0.0341,0.0116,-0.0234,-0.0488,0.4232,0.0259,0.023,0.1365,0.0533,-0.0089,0.0106,-0.0012,-0.0099,-0.0141,0.0021,0.0166,0.0277,-0.0072,-0.0159,-0.0103,0.0201,0.01,-0.0135,0.0226,-0.0229,-0.006,0.0233,-0.0078,0.0439,-0.0361,-0.0126,0.0381,0.0135,-0.0208,0.0015,0.0141,0.0532,-0.0117,-0.0612,0.0049,-0.009,-0.0076,-0.0049,0.0235,-0.0104,-0.0048,0.006,0.0047,-0.0094,-0.2283,0.0144,0.2074,0.0278,-0.0348,0.016,0.0471,0.0132,-0.0599,0.0278,0.0435,-0.2481,0.2475,0.0172,-0.0096,0.0693,-0.0253,0.0175,0.009,-0.0277,-0.0028,0.0027,0.0296,-0.0282,0.0048,-0.0083,0.0312,-0.0111,-0.0028,0.0031,0.0151,-0.0297,0.0103,0.0185,0.0091,-0.0064,0.0083,0.0018,-0.0008,0.0094,-0.0056,-0.006,0.0162,0.0245,-0.0142,-0.018,0.0144,0.0003,0.0034,-0.0369,-0.0062,0.3395,-0.0192,0.0179,-0.0177,-0.0075,0.0107,0.0048,0.0154,0.4528,-0.045,-0.0194,-0.0846,-0.0513,-0.0412,0.0349,-0.0809,-0.0786,-0.0227,0.035,-0.0324,-0.0055,0.0542,-0.0333,0.0143,0.0539,-0.0007,-0.0049,0.0801,-0.0072,0.0105,-0.0403,-0.0122,-0.0143,0.04,-0.0363,0.4911,0.0009,0.014,-0.0146,0.0075,0.0373,0.0019,-0.0218,0.0021,-0.0905,0.0192,0.0132,-0.0393,-0.0175,0.0102,0.0116,0.0413,-0.0062,0.0011,-0.0242,0.0007,-0.1786,0.0833,-0.1519,0.01,0.0103,0.0015,0.0115,0.0138,-0.0194,0.0258,-0.0185,0.0302,-0.0039,0.0317,0.0054,0.0133,0.0538,0.0123,0.0108,-0.0072,0.0285,0.0211,-0.0141,-0.0892,0.0253,-0.0138,0.0204,-0.0208,0.0253,0.0132,0.0355,0.003,0.0388,0.0059,0.0201
gap_pts,-0.0044,-0.0016,0.0052,0.0085,-0.0107,-0.0324,0.0005,0.0178,-0.0024,0.0226,0.0049,0.0683,-0.032,0.0,-0.0128,0.043,-0.0031,-0.0007,0.0008,0.0095,0.0041,-0.0326,-0.0593,-0.0416,-0.0585,0.009,0.0074,0.0309,0.0105,0.0334,-0.0888,-0.0243,-0.1126,1.0,-0.1225,0.0139,-0.001,-0.0021,-0.0124,-0.0208,0.0112,0.0,-0.0061,-0.0036,0.0142,-0.029,-0.008,0.0127,-0.0063,0.0322,-0.0038,0.0273,-0.01,-0.0145,0.0004,0.0118,0.0182,-0.0805,0.0008,-0.0097,-0.0087,-0.0103,0.0093,0.0145,0.0005,0.0178,-0.0053,0.0059,-0.0137,0.0226,0.0142,0.0002,-0.0012,0.0511,-0.055,0.0001,0.0436,0.0125,-0.0924,0.0106,-0.0443,0.0399,0.0184,-0.0171,-0.0091,0.0135,-0.0204,0.0085,0.0101,0.0315,0.0502,-0.0162,0.023,0.0084,-0.0275,-0.0129,-0.0024,0.0105,-0.0053,0.0005,-0.0036,-0.0064,0.0079,-0.0326,0.0101,0.0114,0.0189,-0.0129,-0.0257,0.0125,-0.0122,-0.0116,0.0167,-0.0138,0.0168,0.0246,-0.0165,0.0002,0.0117,-0.0065,-0.0017,0.0061,0.0107,0.0403,-0.0128,0.0141,0.0038,-0.0126,-0.0149,0.0174,0.0111,0.0248,-0.0134,0.0197,-0.0237,-0.0204,0.0486,0.0234,0.0011,-0.0253,-0.032,-0.0138,0.0455,0.0017,-0.0335,-0.0104,-0.005,0.012,-0.016,0.024,0.0084,-0.0375,0.0094,-0.0049,0.0087,-0.0132,0.0037,-0.0105,-0.0041,0.0006,0.0256,-0.0076,0.0083,0.0093,-0.0058,-0.0042,0.0033,-0.0323,-0.0053,0.0134,-0.0068,-0.0014,-0.0189,0.0229,-0.0039,-0.003,-0.0052,0.026,0.006,-0.0313,0.0187,-0.0157,0.0024,-0.0044,-0.038,0.0509,0.0189,-0.0178,0.0139,0.0258,-0.0078,-0.0127,0.0079,-0.0043,0.0072,0.0233,-0.0471,-0.0104,-0.0029,-0.0177,0.0346,0.0343,0.0145,0.0131,-0.006,0.0479,-0.0169,-0.0046,0.0089,-0.0473,0.0116,-0.0125,-0.049,0.0159,-0.0271,0.0101,0.0213,0.0151,0.0018,-0.0147,-0.0561,-0.0035,-0.0127,0.0151,-0.0048,-0.0162,-0.0036,-0.0021,0.0118,0.0197,-0.0018,-0.0147,0.0198,0.003,-0.0041,-0.0104,-0.0127,0.0148,-0.0091,-0.0042,-0.0124,0.0662,-0.0465,0.0566,0.0091,-0.0085,-0.0047,0.0295,0.0303,0.0002,-0.0164,0.0363,0.0,0.0152,0.0161,0.0,0.0,0.0162,0.0145,0.0142,0.0017,0.0141,0.0111,-0.0053,-0.0434,-0.031,-0.0052,0.0114,0.0117,-0.0084,-0.0138,0.0121,0.0,0.0273,0.0,0.0
ret_1h_pts,0.0178,0.0201,0.0,-0.0552,0.0193,0.0082,0.0226,-0.0023,0.0111,0.0,-0.0325,-0.0461,-0.3214,0.0009,0.0,-0.041,-0.0158,-0.0646,-0.0006,-0.0964,-0.0866,-0.0912,-0.0421,-0.0288,0.0741,-0.0241,-0.0663,0.3314,-0.0062,0.266,0.2308,0.0899,0.5036,-0.1225,1.0,-0.0846,0.0073,0.0111,0.0051,-0.0053,-0.1383,0.0,-0.0263,0.011,-0.0429,-0.3198,0.0354,0.0272,0.0383,0.0208,0.0522,0.023,0.0461,0.0614,0.0258,-0.0142,-0.0258,-0.0041,0.0068,-0.0092,0.0019,-0.216,0.0164,-0.0173,0.2152,-0.0054,-0.0352,0.0119,-0.2244,0.0021,0.0121,0.2195,0.0177,-0.0415,0.0457,-0.0075,-0.0045,-0.0004,-0.0233,-0.0073,-0.3397,0.3515,0.1385,-0.0976,0.0278,-0.0201,0.0247,-0.0125,-0.0551,0.3212,-0.0091,0.0283,0.1166,0.0364,0.0159,-0.0022,0.0001,-0.0242,-0.01,-0.0002,0.0236,0.0381,-0.0019,-0.0016,0.0077,-0.0009,-0.0045,0.019,0.0406,-0.0071,0.014,0.0064,-0.0177,0.0627,-0.0351,0.004,0.0539,0.0145,-0.0527,-0.0315,0.056,0.0154,0.0094,-0.0441,0.0261,0.0149,0.0234,0.0005,0.0012,-0.019,0.0206,-0.007,-0.004,-0.026,-0.194,0.0257,0.1575,-0.0,0.0017,-0.0022,0.0442,0.0031,-0.047,0.0549,0.0273,-0.189,0.1917,0.0,0.0005,0.0157,-0.0125,0.0242,-0.0195,-0.0103,0.0225,0.0064,0.0243,-0.0249,0.0308,-0.025,0.0,0.0088,0.0066,0.0165,-0.0156,-0.0069,0.0265,0.0099,0.0114,0.0169,-0.0206,0.0,0.0007,0.0062,-0.003,0.0165,0.0062,-0.0212,-0.0431,0.0139,0.0076,0.0126,-0.0076,-0.0169,0.0892,0.2729,-0.0401,0.0379,-0.0348,-0.0137,0.0316,0.0197,0.0047,0.4847,-0.056,-0.0111,-0.0701,0.0077,-0.0655,0.0093,-0.0881,-0.0792,-0.0364,0.0583,-0.0725,0.0177,0.0517,-0.0706,0.0215,0.0724,-0.0138,0.0126,0.0896,-0.0187,0.044,-0.0521,-0.0146,-0.0139,0.0353,-0.0394,0.5809,0.0143,0.0107,-0.0188,-0.0064,0.0404,0.0111,-0.0374,0.0046,-0.1313,0.0319,0.0071,-0.0426,-0.021,0.0334,0.0029,0.0371,-0.0044,0.0014,-0.0094,0.0071,-0.3658,0.1776,-0.3184,-0.0034,0.0066,0.0094,0.0494,0.0406,-0.045,-0.0064,-0.0828,0.0299,0.0,0.0,0.0,0.0,0.0054,-0.0173,0.0121,-0.0001,-0.0002,0.0,-0.01,-0.0842,-0.0105,-0.0099,-0.0009,-0.0527,0.0125,0.0031,0.0299,0.0,0.0,0.0129,0.0364
er_1h,-0.1816,-0.176,0.211,-0.0121,-0.0257,-0.007,-0.0672,-0.0718,-0.0254,0.1755,-0.0225,-0.0053,0.0532,0.0162,0.0,-0.0018,-0.0574,0.1628,0.0797,0.1664,0.1836,0.3004,0.3178,0.0496,-0.0642,0.1067,0.1567,-0.0496,0.0592,-0.0481,-0.0151,-0.1264,-0.0635,0.0139,-0.0846,1.0,-0.057,-0.0236,0.0278,-0.0082,-0.0124,-0.0056,-0.1863,-0.0306,0.0323,0.0487,-0.1009,-0.0725,-0.1289,-0.0716,-0.1747,0.0391,-0.2252,-0.292,-0.1581,0.0693,0.0863,0.0891,0.0505,-0.0148,-0.1031,-0.027,-0.0039,0.2086,-0.0733,0.0675,0.0935,-0.1256,-0.0433,-0.0121,0.1832,-0.0785,0.0862,-0.0336,0.0048,0.0606,0.0255,0.0613,0.0896,0.1313,0.0578,-0.0485,-0.0074,0.0226,-0.062,0.1072,-0.0632,0.0469,0.1504,-0.0525,0.01,-0.0459,-0.0308,0.0215,0.0048,-0.0318,-0.0139,0.0479,0.0084,0.0285,-0.0393,0.047,-0.3092,-0.0933,-0.1127,0.2275,0.0181,-0.1221,-0.3526,0.0368,-0.0199,-0.0357,0.0254,-0.292,0.2853,0.2072,-0.232,-0.0101,0.3377,-0.1713,-0.0429,-0.059,-0.0453,-0.0198,-0.0773,-0.0052,0.0007,0.0898,-0.0058,0.0157,0.0066,-0.0492,-0.0813,0.0923,0.0612,-0.0656,0.0208,-0.0567,0.0624,-0.0218,-0.0378,0.0461,-0.008,-0.1528,-0.1232,0.0797,0.0302,0.1346,0.0671,-0.0443,-0.0232,-0.0247,0.0199,0.0801,0.0412,-0.0744,-0.0027,0.0325,-0.035,0.0224,0.0662,-0.0569,0.0107,0.0643,-0.0744,0.085,-0.0296,-0.0504,-0.014,-0.0153,0.0078,0.0837,0.0002,-0.0126,0.0058,0.0429,-0.0285,0.0574,-0.0135,0.0237,-0.038,-0.0803,0.0031,-0.0079,-0.1616,-0.0293,0.1221,-0.1211,0.1154,0.0533,0.0559,-0.0802,-0.0617,-0.056,0.2451,0.1096,0.4362,-0.2287,0.0249,-0.0362,0.2482,0.1847,-0.032,-0.1733,0.1491,-0.109,-0.1459,0.1533,-0.1439,-0.1542,0.0544,-0.02,-0.16,0.059,-0.0663,0.1549,0.031,0.0857,-0.1628,0.1574,-0.068,-0.158,0.0354,0.1335,0.1381,0.0167,-0.1591,0.0332,0.1242,0.1237,-0.1493,0.0234,0.1404,0.1434,-0.0938,0.0097,0.0165,-0.0369,0.0424,0.0753,-0.0326,0.1219,0.0235,0.0227,-0.0227,-0.154,-0.1291,-0.3896,-0.3721,0.0319,-0.289,-0.027,-0.0214,0.2345,0.0,-0.0056,0.0172,-0.0182,0.2086,0.1832,0.2204,0.1726,0.0,0.0084,0.0878,-0.0375,0.0122,0.2268,0.3377,0.0232,0.0461,-0.0214,-0.0197,0.0,-0.0244,-0.0074
n_events_asof,-0.028,-0.0301,0.0225,0.0196,0.0067,-0.0244,-0.0103,-0.0083,-0.0119,0.0119,0.0115,-0.0125,0.0022,0.0036,-0.0089,0.0595,0.9359,-0.0369,-0.0366,-0.0159,-0.3812,-0.097,-0.1196,-0.0718,-0.0519,-0.0593,-0.034,-0.0115,-0.0328,-0.0019,-0.0264,-0.055,0.0011,-0.001,0.0073,-0.057,1.0,0.0091,-0.0124,0.0298,-0.0154,-0.0367,-0.0047,0.0079,0.0138,0.0002,-0.0044,0.0165,-0.0165,-0.0281,0.031,-0.045,-0.0195,0.0187,-0.0432,-0.0708,-0.0739,0.0002,-0.0043,0.0512,0.0055,0.0032,0.06,0.0066,-0.0165,-0.0285,0.0331,-0.03,0.0144,0.0527,-0.0114,-0.0134,-0.0171,0.0028,-0.0015,0.0506,-0.048,-0.0261,-0.0272,-0.0444,0.0035,-0.0008,0.0296,0.0336,0.0412,-0.0619,-0.1015,-0.0057,-0.0126,-0.0025,-0.0167,0.0117,0.0289,-0.0234,0.0022,-0.0222,0.025,0.0169,0.0048,-0.0082,-0.0215,0.0263,-0.0119,0.0027,-0.0199,0.0008,0.0161,-0.0003,0.0121,-0.0379,0.0115,0.0371,-0.0359,0.0282,-0.0517,-0.0003,0.0449,-0.0209,-0.0164,0.0103,0.001,0.0037,0.0302,0.0401,0.0121,0.0204,0.0072,-0.0234,0.0235,-0.0181,0.0078,0.0044,0.0193,-0.0126,-0.0173,0.0102,0.0045,0.0467,-0.023,-0.0183,-0.0004,0.0028,-0.0024,0.0622,-0.0244,-0.012,-0.0169,-0.0042,-0.0225,0.0398,0.0008,0.0151,-0.0128,0.0137,0.0132,-0.0016,-0.0177,-0.0131,0.0186,-0.0071,-0.0024,0.0138,0.0179,0.0024,-0.0184,0.0142,0.0064,-0.0037,-0.0158,0.0032,0.0007,-0.0189,-0.0141,0.0222,-0.0098,0.0039,0.0208,-0.0122,-0.0042,-0.0169,0.0191,0.0097,-0.0149,-0.018,0.004,0.0102,-0.0086,0.0077,-0.0117,0.0256,-0.0153,0.0201,0.9367,0.0078,-0.2578,-0.088,-0.0322,0.0153,-0.1091,-0.0173,-0.1417,-0.1235,0.0125,0.0833,-0.2177,0.0804,0.0309,-0.2148,0.0325,-0.0922,0.0407,-0.009,-0.0682,0.0417,-0.0618,-0.2064,0.0184,-0.0679,-0.0498,-0.1406,0.0102,0.0743,-0.0047,-0.07,-0.0756,0.0001,0.0751,-0.0207,-0.0645,-0.0978,0.0828,-0.0042,-0.0922,-0.0745,0.079,-0.0005,-0.0088,0.0135,-0.0247,-0.0615,0.0265,-0.0702,0.0569,-0.0395,0.0763,-0.1129,0.0217,-0.0703,0.0479,-0.0267,-0.0209,-0.044,-0.1004,0.028,0.0023,-0.0367,-0.026,-0.1593,0.0066,-0.0114,-0.0295,0.0064,-0.0025,0.0048,0.0306,0.0172,0.0037,-0.0013,-0.0164,-0.0008,0.0028,-0.1036,-0.0449,0.0047,-0.0519,-0.0635
n_choch_since_bos,0.0393,0.0392,-0.0556,-0.0102,-0.0058,0.0421,0.0185,0.0078,-0.0022,-0.0177,-0.0064,-0.0029,0.0036,-0.5456,0.0438,0.0195,0.0106,0.1759,0.2746,-0.0217,-0.0244,-0.0173,-0.0093,0.0195,0.0343,-0.2032,-0.0887,-0.0111,-0.1071,-0.0042,-0.0158,0.0404,0.0002,-0.0021,0.0111,-0.0236,0.0091,1.0,-0.7936,0.8377,-0.007,0.0078,-0.1146,0.9866,-0.4934,0.0022,0.4582,-0.3716,0.2645,-0.3461,0.1438,-0.1962,0.0407,0.1371,-0.0339,-0.0092,-0.0229,0.0076,0.0333,0.0455,-0.0173,0.0206,-0.0106,-0.0313,-0.0009,-0.006,-0.009,-0.0122,0.0326,-0.0005,-0.0324,-0.0088,0.0177,0.022,0.0339,0.0183,-0.0179,-0.065,-0.0023,-0.0016,0.01,0.014,0.2532,0.2573,-0.2268,-0.0173,-0.0597,-0.0112,-0.1078,-0.0042,0.0109,-0.0093,-0.0081,-0.0186,-0.015,-0.0091,-0.0135,-0.1031,0.029,-0.0283,0.0628,-0.156,0.0513,0.0215,-0.0243,-0.029,0.022,-0.0721,0.2406,0.2045,-0.0013,-0.2045,-0.4433,0.0913,-0.0909,-0.0749,0.0902,-0.1034,-0.0949,-0.002,0.0739,0.0312,-0.018,-0.0072,-0.02,0.0243,-0.0032,-0.065,0.0005,0.0202,0.0271,-0.0079,0.0597,0.0182,-0.002,-0.0006,0.0027,0.0482,-0.0355,-0.0039,0.0096,-0.0278,0.018,-0.0246,0.071,-0.0251,-0.0552,-0.0334,-0.0564,0.0306,0.031,0.0231,-0.0073,0.0629,-0.0199,-0.0006,-0.0331,-0.0134,0.0135,0.0173,-0.0273,-0.0128,0.0282,-0.0255,-0.01,0.0628,-0.0114,0.0046,0.0058,0.0122,0.0449,-0.0057,-0.052,0.0354,-0.0273,-0.0091,0.0109,-0.0154,0.0043,-0.0252,0.0289,0.0373,-0.0491,-0.0229,0.017,-0.0031,-0.0171,0.021,-0.0232,-0.052,0.0401,0.0451,0.0111,0.0038,-0.0592,-0.0431,0.0019,0.0425,0.0323,0.1151,0.0178,-0.0085,-0.0205,0.015,0.0276,0.0213,0.0066,0.0195,0.0319,0.0269,0.0173,-0.002,0.0235,0.0121,0.0124,-0.1393,-0.1041,-0.0145,-0.02,-0.0408,0.0154,0.6903,-0.7845,0.2761,-0.5288,-0.7845,0.6716,-0.7845,0.3432,-0.0048,0.6281,-0.7845,0.1897,-0.444,0.5331,-0.7845,-0.7845,0.7845,-0.7845,0.0141,0.8831,0.2301,-0.1058,0.2426,-0.1456,0.0872,0.1094,0.0568,0.0487,-0.0469,0.0199,-0.0033,0.0062,-0.0485,-0.0012,0.0078,-0.0023,0.0019,-0.0313,-0.0324,-0.024,-0.0455,0.0236,0.029,0.0157,-0.0215,0.0252,-0.0285,-0.0949,-0.031,-0.0278,0.0055,0.0051,-0.0173,0.0147,0.0029
n_bos_since_choch,-0.0331,-0.035,0.0597,0.0066,0.0144,-0.0306,-0.0054,-0.0151,-0.0081,-0.0173,0.0066,-0.0109,-0.0146,0.6773,-0.0502,-0.0257,-0.014,-0.2808,-0.3857,-0.0243,-0.0161,-0.039,-0.0261,-0.0364,-0.0143,0.2044,0.068,0.0213,0.1244,0.0186,0.0245,-0.016,0.0077,-0.0124,0.0051,0.0278,-0.0124,-0.7936,1.0,-0.7497,-0.0013,-0.0126,0.1302,-0.7916,0.1732,-0.0146,-0.1797,0.2052,-0.0568,0.2263,-0.0362,0.1232,-0.016,-0.0551,0.0154,0.0052,-0.0047,-0.0339,-0.0453,-0.0632,0.0293,-0.0212,0.0047,0.013,0.0131,0.0169,0.012,0.0297,-0.0334,0.0138,0.0281,0.0108,-0.0082,-0.0281,-0.0397,0.0001,-0.0021,0.0795,-0.0275,-0.0816,-0.018,-0.0013,-0.3388,-0.3439,0.347,0.005,0.1013,-0.0484,0.1049,0.0154,-0.0161,-0.0122,0.0283,0.039,0.0067,0.109,-0.0028,0.112,-0.071,0.048,-0.0392,0.139,-0.0163,-0.0418,0.0157,0.0189,0.0187,0.0466,-0.2462,-0.2911,-0.0051,0.2916,0.4661,-0.0503,0.0365,0.0185,-0.038,-0.0034,0.0538,-0.0335,-0.0037,-0.0483,0.0944,0.0131,0.0308,0.0052,-0.0126,0.0079,-0.0038,0.0098,-0.0165,0.0054,-0.0368,-0.0282,0.005,-0.0115,0.0093,-0.0289,0.0126,0.0133,-0.0065,0.0011,0.0054,0.0975,-0.0341,-0.0155,0.0256,0.0038,0.0069,-0.0241,-0.0025,0.0054,-0.0059,-0.0131,-0.0122,0.0183,0.053,-0.0176,0.0142,-0.035,0.0,0.0146,-0.0003,-0.0185,0.0172,-0.0154,0.0201,-0.0017,0.0064,0.0017,-0.0274,-0.0129,0.0213,-0.002,0.0223,0.0105,0.0037,-0.0091,-0.0214,0.004,0.0032,-0.0427,0.0803,0.0216,0.0111,0.0055,0.011,-0.0141,0.0189,0.0827,-0.0455,-0.0365,-0.0141,0.0122,0.0151,0.0231,-0.0056,-0.0148,-0.0595,-0.1417,-0.0875,-0.0493,0.0002,0.0166,-0.0897,0.0111,0.0177,-0.084,0.0026,-0.0091,-0.0202,-0.0064,0.0039,-0.0177,-0.0127,0.1386,0.1279,0.0032,0.1425,-0.0275,-0.0056,-0.6705,0.9802,-0.5655,0.5481,0.9811,-0.6682,0.9803,-0.6199,-0.0788,-0.6235,0.9842,-0.4362,0.4687,-0.3583,0.9812,0.9795,-0.986,0.9809,-0.0189,-0.6532,-0.0652,-0.0321,-0.0302,0.0361,0.0327,-0.0139,0.0137,-0.0002,-0.012,-0.0479,-0.0304,-0.0089,0.0345,-0.0434,-0.0126,-0.0089,-0.0012,0.013,0.0281,0.022,0.0195,-0.0783,-0.071,0.0056,0.0072,-0.0643,0.0181,0.0538,0.0025,0.0011,-0.0108,-0.0154,-0.0166,-0.0178,-0.0083
bars_since_bos,0.0008,0.0005,-0.0087,0.0013,-0.0169,0.0316,0.0136,-0.0157,-0.0157,-0.0047,0.0161,-0.0003,0.0185,-0.4497,0.0323,0.0251,0.0337,0.1958,0.2758,0.012,-0.0,0.0379,0.0467,0.0238,0.0165,-0.1618,-0.0739,-0.0235,-0.119,-0.0158,-0.0277,0.002,-0.0138,-0.0208,-0.0053,-0.0082,0.0298,0.8377,-0.7497,1.0,-0.0253,0.0,-0.1824,0.8225,-0.1598,0.0169,0.2682,-0.3981,0.0392,-0.4132,0.0182,-0.221,-0.0402,0.0182,-0.0814,-0.0174,-0.0088,0.0243,0.0184,0.0405,-0.017,0.0306,-0.0082,-0.0037,-0.0273,-0.0046,-0.0236,-0.0086,0.0413,-0.0018,-0.0054,-0.037,0.0069,0.0106,0.0685,0.0167,0.0046,-0.048,0.0261,0.0624,0.0213,-0.0058,0.3094,0.3199,-0.2446,-0.0007,-0.2107,0.0147,-0.0835,-0.0187,-0.003,-0.0029,-0.0054,-0.0285,0.0027,-0.0363,-0.0032,0.009,-0.0443,-0.0124,0.0242,-0.0231,-0.017,0.0245,-0.0277,0.0065,-0.0092,-0.0548,0.148,0.198,0.0052,-0.1985,-0.3864,0.001,-0.0014,-0.006,0.0047,-0.0603,-0.0166,0.0005,0.012,0.0369,-0.065,-0.013,-0.0394,-0.001,-0.0081,0.0306,-0.0068,-0.0301,0.021,-0.0315,0.0328,0.0057,-0.0122,0.0206,-0.0135,0.0218,-0.0071,-0.0132,-0.0192,0.0108,0.0084,-0.0568,-0.0052,0.0451,-0.008,-0.0049,0.0322,0.0498,-0.0002,-0.0066,-0.0049,0.0221,0.0166,-0.0142,-0.0385,0.0359,-0.0125,0.0134,-0.0128,-0.0363,0.012,0.0285,-0.0253,0.024,-0.0139,-0.002,0.0067,-0.0078,0.0134,0.0172,0.0033,-0.0252,-0.0154,-0.0071,0.0019,0.0209,0.0234,0.0223,-0.0324,0.0407,-0.0721,-0.0288,-0.0039,-0.002,-0.0227,0.0254,-0.0289,-0.0565,0.063,0.0314,0.0329,-0.0127,-0.0232,-0.0335,0.0312,-0.0025,0.0369,0.1143,0.0454,0.0013,-0.02,-0.0108,0.0316,0.0101,-0.0388,0.0322,-0.0135,-0.0031,0.0248,0.0,-0.0147,0.0224,0.0065,-0.1265,-0.0987,-0.0164,-0.2945,0.0584,0.0002,0.583,-0.7412,0.332,-0.4564,-0.7407,0.5705,-0.7438,0.3894,0.0233,0.5383,-0.7301,0.2145,-0.3885,0.5026,-0.737,-0.7444,0.7286,-0.7472,-0.0122,0.802,0.1852,-0.0041,0.1714,-0.0812,-0.0638,-0.0171,-0.0211,0.0002,0.0522,-0.0014,-0.0076,-0.0045,0.0041,0.0176,0.0,0.0,-0.0056,-0.0037,-0.0054,-0.0163,-0.008,0.0386,-0.0443,0.02,-0.0219,-0.0456,0.0065,-0.0166,0.0002,0.0108,-0.006,0.0072,0.0047,0.0179,0.0051
last_bos_dir=down,0.001,-0.0012,-0.0081,0.029,-0.0217,0.0038,0.0018,-0.0033,-0.006,-0.0059,0.0176,0.017,0.007,-0.0073,0.0053,0.0124,-0.0303,0.0008,-0.0093,0.0115,0.0153,-0.0058,-0.0336,0.0171,0.0044,-0.0116,-0.0049,-0.031,-0.0155,-0.0264,-0.0952,0.0083,-0.1038,0.0112,-0.1383,-0.0124,-0.0154,-0.007,-0.0013,-0.0253,1.0,-0.0206,0.0041,-0.0068,-0.0035,0.0034,-0.0096,0.025,0.017,0.0151,0.0128,0.021,0.0167,0.0185,0.01,0.0022,-0.0045,0.0265,-0.0004,-0.0086,0.015,0.0239,-0.0063,-0.0242,-0.009,-0.0223,0.0089,0.0155,0.0273,-0.0143,0.0036,-0.0278,-0.0167,-0.0028,-0.0721,0.0118,-0.0297,-0.0129,-0.0072,-0.0133,-0.1233,0.1184,-0.0123,0.0055,0.0024,-0.0094,0.0265,-0.0138,-0.0068,-0.0074,-0.0007,-0.0007,-0.0537,-0.0439,-0.0016,-0.0007,-0.0143,-0.0207,-0.0017,0.0006,0.0201,-0.0028,0.0397,0.0121,0.0281,-0.0186,-0.0224,0.023,0.0171,0.0112,0.0211,-0.0127,-0.0128,0.0125,-0.0018,0.0027,0.0045,0.0173,-0.0017,0.0166,-0.0169,-0.0044,0.0058,-0.012,0.0273,0.0009,-0.0206,0.0065,0.0046,-0.0049,-0.0066,0.0155,-0.0261,-0.0054,0.0124,0.0044,-0.0177,0.0274,-0.0135,-0.0107,0.037,-0.0091,-0.0278,0.0154,-0.0049,-0.0141,0.0226,-0.0147,0.0106,-0.0219,0.0063,-0.0133,0.0178,0.0039,0.0008,-0.0185,-0.0001,0.0026,-0.0184,0.0165,-0.0071,0.0213,0.0155,-0.0155,-0.0025,0.0078,0.0197,-0.0137,0.0164,-0.0164,0.0299,-0.0106,0.0201,-0.0244,0.0256,-0.0099,-0.0079,0.0053,0.0075,0.0183,-0.0212,-0.0046,-0.0193,-0.0193,-0.0297,-0.0173,-0.0044,0.0014,-0.0043,0.0198,0.0034,0.0073,-0.0285,0.0099,0.0055,0.0001,-0.0006,0.01,-0.0274,0.0055,-0.0234,-0.0275,0.0236,0.0145,-0.0125,0.0221,0.0006,-0.0126,0.0166,0.0223,-0.0373,0.0188,-0.0003,-0.0326,0.0045,-0.0135,-0.0239,-0.0002,0.0336,-0.0354,-0.0514,0.0206,-0.0078,-0.0137,-0.0081,-0.0284,0.017,0.0254,-0.0248,0.0922,0.0223,-0.0048,-0.0091,-0.0253,-0.0031,-0.0037,-0.0385,0.0019,0.0,0.0124,-0.0131,0.0715,-0.0618,0.0521,-0.018,0.0199,0.0213,0.0317,0.0282,-0.0186,0.0023,-0.0335,-0.0099,-0.0009,0.0027,-0.0206,-0.0145,-0.0216,-0.0242,0.0036,-0.01,-0.0041,0.0061,-0.0017,0.0156,-0.0031,-0.0016,-0.0197,-0.0017,-0.0063,-0.0091,-0.0057,-0.0079,0.0175,0.0009,-0.0111
last_bos_dir=none,-0.0308,-0.0325,0.0705,-0.0083,-0.009,-0.0095,-0.0096,-0.01,-0.0053,-0.0045,-0.0024,0.0296,0.0002,-0.0215,0.0018,0.0292,-0.0229,0.0204,-0.008,0.0304,0.0326,0.019,-0.0197,-0.011,-0.031,-0.0224,-0.0031,0.0118,-0.0326,0.0134,-0.0124,-0.0311,0.0054,0.0,0.0,-0.0056,-0.0367,0.0078,-0.0126,0.0,-0.0206,1.0,0.0,0.0084,0.0003,0.0002,-0.0347,-0.0371,-0.0271,-0.037,-0.0337,-0.0369,-0.0339,-0.03,-0.0348,-0.0153,-0.0155,0.0,-0.0274,-0.0347,0.0,-0.0197,-0.0017,0.0672,-0.0188,0.0,0.0,0.0,-0.0179,-0.0015,0.0495,-0.0182,0.0,0.0,0.0,0.0,-0.0192,-0.0254,0.0,-0.0185,-0.0008,0.0001,-0.0024,0.0088,0.0073,-0.0145,-0.0368,-0.014,-0.0113,-0.0002,-0.037,0.0,-0.021,0.0,0.0,-0.0068,-0.0015,-0.0041,-0.0036,-0.0004,0.0058,-0.0112,0.0,-0.0181,-0.0099,-0.0095,-0.0116,0.0,-0.0198,-0.005,-0.0007,0.005,-0.016,-0.0276,0.0222,0.0101,-0.0253,-0.0225,0.0233,-0.0042,-0.013,0.0,0.0,0.0,-0.0038,-0.0035,-0.0004,-0.0169,0.078,-0.0141,-0.0031,-0.0041,-0.0079,0.0,-0.01,0.0162,-0.0102,-0.0097,0.0152,-0.0095,-0.015,0.0304,-0.0152,-0.0182,0.0,-0.0106,-0.0102,-0.0028,-0.0163,0.0,-0.0352,0.0,0.0302,-0.0037,-0.0084,-0.0214,-0.0049,-0.0052,-0.0267,0.0363,-0.0023,-0.0028,-0.0024,-0.0074,0.0094,-0.0035,-0.002,-0.001,-0.001,-0.0024,-0.0028,-0.0021,-0.0088,0.0125,-0.0008,-0.0012,-0.0006,-0.0022,-0.0029,-0.0072,0.0085,-0.0154,-0.0093,0.0,0.0,0.0,0.0,0.0,0.0,0.0,0.0,-0.0185,0.0,0.0,0.0,0.0,0.0,0.0,-0.037,0.0202,-0.0088,-0.0131,0.0024,-0.0193,0.0254,0.0,-0.0284,0.0273,0.0,-0.0242,0.0136,-0.0098,-0.0293,0.0173,-0.0158,-0.0086,-0.0113,-0.0034,-0.0331,-0.0006,-0.0196,0.0133,-0.0125,0.0034,-0.0169,-0.0125,0.0134,-0.0125,0.0042,-0.0073,0.0169,-0.0125,-0.0035,-0.0179,0.0021,-0.0125,-0.0125,0.0125,-0.0125,0.0002,0.0075,-0.0172,0.0052,-0.0101,0.0035,0.0,0.0,0.0,0.0,0.0192,0.0032,-0.0342,0.3646,0.0485,-0.0038,1.0,0.707,0.2285,0.0672,0.0495,0.0303,-0.0043,-0.0033,-0.0036,0.0694,0.1969,-0.0036,0.0474,0.0233,0.0352,0.0304,0.353,0.8164,-0.0029,0.7069,0.5771
last_bos_same_session,0.3728,0.3575,-0.2449,0.0713,0.0996,0.105,0.107,0.1107,0.0583,-0.6509,0.0263,0.0232,-0.0129,0.0363,0.2149,-0.0263,-0.0016,-0.2672,-0.2277,-0.2126,-0.1989,0.0469,0.267,0.2495,0.3472,-0.1478,-0.1709,0.0133,-0.0201,0.0104,-0.0185,0.356,-0.0081,-0.0061,-0.0263,-0.1863,-0.0047,-0.1146,0.1302,-0.1824,0.0041,0.0,1.0,-0.0368,-0.0593,-0.0089,0.0028,0.0888,0.0612,0.0794,0.021,0.0308,0.3796,0.3383,0.3862,0.0702,0.062,-0.0428,0.1032,0.172,0.0318,0.1738,0.0184,-0.6095,0.1741,-0.0259,0.0217,0.0506,0.1784,0.0162,-0.511,0.1934,-0.0055,-0.0103,0.0007,0.0185,0.027,0.0861,-0.0275,-0.223,-0.011,-0.0008,-0.0924,-0.0923,0.2037,-0.1931,0.1023,-0.1418,-0.1876,0.013,0.0748,0.0402,0.0154,0.081,-0.025,0.1038,0.0162,-0.0738,-0.0516,0.005,0.083,-0.0177,0.1724,0.044,0.052,-0.1445,0.0287,0.0225,0.0617,-0.0908,-0.0523,0.0944,-0.1137,0.3355,-0.2908,-0.1803,0.2573,0.1133,-0.4919,0.2435,0.103,-0.031,0.0863,0.008,0.031,0.0269,0.005,-0.0397,-0.0243,-0.0172,-0.0009,0.0396,0.05,-0.0816,-0.0252,0.0371,-0.021,-0.0283,0.0021,0.0262,0.029,-0.0381,0.0089,0.1594,0.073,-0.0335,-0.0152,-0.3733,0.0619,-0.0205,0.0345,0.0703,-0.0951,0.0346,0.0314,0.0562,0.0411,0.0106,0.0867,-0.0532,-0.309,0.0232,0.0175,0.017,-0.0447,0.0391,0.0113,0.0106,0.0106,0.0181,0.0235,-0.3232,0.0206,0.0345,0.0086,-0.0037,0.0061,-0.0815,0.0172,0.0104,0.008,0.0457,0.0174,0.0151,0.18,-0.0049,-0.1176,0.1163,-0.1133,-0.088,-0.1169,0.0469,-0.0032,0.0033,-0.2267,-0.1066,-0.073,0.0452,0.0511,0.0152,-0.0287,-0.051,-0.022,0.1955,-0.205,0.1561,0.1801,-0.2039,0.1805,0.2682,-0.1869,0.1455,0.2751,-0.1923,0.1863,-0.1307,-0.0061,-0.063,0.3622,0.155,0.0048,0.0498,0.1314,-0.1993,-0.087,0.1312,0.0525,0.1299,-0.206,-0.1456,0.0499,0.1313,-0.1817,-0.0959,0.0012,0.1313,0.1313,-0.1269,0.1269,-0.0103,-0.1304,-0.0141,-0.0363,0.0008,-0.0172,0.2242,0.0361,0.1203,-0.044,0.0297,0.2197,0.2715,0.0127,-0.5363,-0.6206,0.0,0.0,-0.0013,-0.6095,-0.511,-0.3165,-0.5731,-0.5878,-0.0516,-0.1636,0.0055,-0.0506,-0.1445,-0.4919,-0.0345,-0.0381,-0.0048,0.0035,-0.4779,0.005,0.0071
n_choch_since_bos_today,0.0701,0.0678,-0.0622,-0.0029,0.0018,0.0507,0.0269,0.0167,0.0025,-0.0897,-0.0044,-0.0001,0.0027,-0.5527,0.1088,0.0189,0.0096,0.1562,0.2558,-0.0345,-0.0362,-0.0023,0.0188,0.0465,0.0644,-0.2247,-0.106,-0.0115,-0.1184,-0.0046,-0.0178,0.0703,-0.0021,-0.0036,0.011,-0.0306,0.0079,0.9866,-0.7916,0.8225,-0.0068,0.0084,-0.0368,1.0,-0.4888,0.0024,0.445,-0.3665,0.2563,-0.3351,0.1358,-0.1887,0.0714,0.1662,-0.0035,-0.0067,-0.0211,0.0121,0.0372,0.0522,-0.0174,0.0362,-0.0092,-0.087,0.0153,-0.0065,-0.0083,-0.0123,0.0483,0.0007,-0.0757,0.007,0.018,0.0218,0.0339,0.0181,-0.021,-0.0626,-0.0014,-0.0186,0.0098,0.0135,0.2469,0.2488,-0.2095,-0.0398,-0.0541,-0.0198,-0.1289,-0.0033,0.0209,-0.0033,-0.0068,-0.0111,-0.0216,-0.0097,-0.0122,-0.1113,0.016,-0.0282,0.0768,-0.1595,0.0635,0.0274,-0.0211,-0.0451,0.0265,-0.0727,0.2419,0.1981,-0.0124,-0.1974,-0.4565,0.1187,-0.1155,-0.091,0.1111,-0.1007,-0.1378,0.0192,0.0829,0.0254,-0.014,-0.0074,-0.0181,0.0263,-0.0027,-0.0646,-0.0005,0.017,0.0241,-0.0044,0.0618,0.015,-0.0042,0.0016,0.0023,0.0439,-0.0306,-0.0058,0.0088,-0.0276,0.0186,-0.0111,0.0733,-0.0238,-0.0562,-0.0688,-0.0464,0.0291,0.0319,0.0254,-0.0154,0.0657,-0.0146,0.0025,-0.0292,-0.0112,0.0203,0.0159,-0.0668,-0.0105,0.0288,-0.0212,-0.0162,0.0664,-0.0119,0.0055,0.0065,0.0142,0.0476,-0.0351,-0.0467,0.0351,-0.0268,-0.0082,0.0113,-0.0201,0.0069,-0.0273,0.0309,0.0396,-0.048,-0.0266,0.0247,-0.0021,-0.026,0.0297,-0.0328,-0.0599,0.0306,0.0465,0.0098,0.0041,-0.0805,-0.0591,-0.0048,0.0466,0.0414,0.1205,0.0185,-0.0103,-0.0214,0.0303,0.0121,0.0344,0.0156,0.0051,0.0446,0.0517,-0.0062,0.0174,0.0455,-0.0111,0.032,-0.1511,-0.1047,-0.0249,0.0091,-0.0199,0.0157,0.6995,-0.7826,0.2696,-0.5412,-0.7826,0.6815,-0.7826,0.3358,-0.0166,0.6405,-0.7826,0.1788,-0.4575,0.54,-0.7826,-0.7826,0.7826,-0.7826,0.0141,0.8684,0.2235,-0.1077,0.2343,-0.1469,0.1039,0.1063,0.0591,0.0396,-0.0376,0.0364,0.0111,0.0075,-0.0912,-0.0752,0.0084,-0.0019,0.0036,-0.087,-0.0757,-0.0503,-0.0956,-0.024,0.016,-0.0022,-0.0197,0.0123,-0.0446,-0.1378,-0.0319,-0.0276,0.0067,0.0057,-0.08,0.0154,0.0037
bars_since_prev_choch,-0.0702,-0.0675,0.0664,0.0163,-0.0202,-0.0266,-0.0328,-0.0248,-0.0072,0.0696,0.0264,0.0062,0.0238,0.2179,-0.0283,-0.0075,0.0174,0.08,0.0362,0.0844,0.0765,0.1025,0.0728,0.0124,-0.0513,0.1684,0.0994,-0.0208,0.0544,-0.0254,-0.006,-0.0712,-0.0192,0.0142,-0.0429,0.0323,0.0138,-0.4934,0.1732,-0.1598,-0.0035,0.0003,-0.0593,-0.4888,1.0,0.0234,-0.6155,-0.0077,-0.5552,0.1394,-0.3035,0.1121,-0.1399,-0.2799,-0.034,0.0627,0.1018,0.0447,0.0337,0.0221,-0.0526,-0.0047,0.0171,0.0591,-0.0321,0.036,-0.0026,-0.0609,-0.0003,0.0179,0.0543,-0.0419,-0.001,0.0025,0.0272,-0.0306,0.1214,0.1111,0.0419,0.1971,0.0259,-0.036,0.0533,0.0648,-0.0563,0.0851,-0.1919,0.1163,0.0904,-0.0243,-0.006,0.016,-0.0203,-0.0102,0.0463,-0.0614,0.0296,0.1885,-0.0553,0.0347,-0.1132,0.2499,-0.156,0.0003,0.0055,0.1016,-0.095,0.0766,-0.2229,0.0069,0.0092,-0.0076,0.2326,-0.2006,0.2064,0.1719,-0.2026,0.1796,0.2148,0.0358,-0.2015,0.01,-0.089,-0.0077,-0.0405,-0.0803,0.004,0.2034,-0.0093,-0.0688,-0.0204,-0.0479,-0.1021,0.0267,0.0035,0.012,-0.0182,-0.0541,0.0635,-0.0258,-0.0411,0.0823,-0.0407,-0.1136,-0.1396,0.1383,0.1119,0.0652,0.1874,0.0173,-0.0845,-0.0618,0.0303,-0.1404,0.1031,-0.052,0.0081,0.0925,-0.0735,0.0081,0.0553,-0.0294,-0.0556,0.1416,-0.0318,-0.1371,-0.0113,-0.0104,-0.0257,-0.0572,-0.0931,0.0265,0.1186,-0.1026,0.0277,0.0207,-0.013,0.0782,0.0269,0.0913,-0.1201,-0.0318,-0.0298,-0.0254,-0.0695,-0.011,0.0494,-0.0534,0.0452,0.0101,0.0413,-0.0719,0.0153,-0.0361,0.1531,0.1022,0.0503,-0.0974,0.0232,-0.0368,0.126,0.1086,0.026,-0.0899,0.084,-0.0667,-0.0849,0.1027,-0.0865,-0.0741,0.0355,-0.0058,-0.0761,0.0384,-0.0222,0.1003,0.0472,0.0746,-0.4379,0.1651,-0.0361,-0.3252,0.1805,0.1237,0.2215,0.1606,-0.3072,0.1662,0.0897,0.0958,-0.2865,0.1779,0.106,0.183,-0.228,0.1596,0.1579,-0.1856,0.1689,0.021,-0.3866,-0.1455,0.2788,-0.1992,0.196,-0.2745,-0.2351,-0.1349,-0.081,0.2123,-0.0907,0.0173,-0.0245,0.0989,0.0605,0.0003,0.0,-0.014,0.0591,0.0543,0.0646,0.1083,0.0531,-0.0553,-0.0156,0.0249,-0.0504,0.1016,0.2148,0.0845,0.0823,-0.0217,0.003,0.054,-0.0106,-0.0082
last_choch_dir=down,-0.0027,-0.0044,0.0259,-0.0049,-0.0087,0.0058,-0.0025,0.0013,0.0038,-0.0151,-0.0174,0.0235,0.9919,0.0044,0.0229,0.001,0.0099,0.0275,0.0331,0.0054,0.0068,0.0029,-0.0093,-0.0027,-0.0059,0.0798,0.0644,-0.8485,0.0929,-0.8129,-0.1812,-0.0056,-0.4199,-0.029,-0.3198,0.0487,0.0002,0.0022,-0.0146,0.0169,0.0034,0.0002,-0.0089,0.0024,0.0234,1.0,-0.0263,-0.0325,-0.018,0.0032,-0.0196,0.0055,-0.0056,-0.0132,0.0011,0.0542,0.0515,-0.0027,0.0624,0.0383,-0.0811,0.3661,0.0093,0.0001,-0.3692,0.0295,0.0351,-0.0444,0.1741,0.0038,-0.011,-0.1662,-0.004,-0.2507,0.2793,-0.0017,0.0444,0.0649,-0.0098,0.0069,0.8603,-0.8602,-0.371,0.3535,-0.0411,0.0332,-0.0089,0.0641,0.0331,-0.9906,-0.0034,-0.0285,-0.1928,-0.014,0.0321,0.0152,0.0169,0.0111,0.0135,0.0002,-0.0216,-0.0337,-0.0272,0.0093,-0.0117,0.0137,-0.0123,-0.008,-0.0217,0.0253,0.007,-0.0258,0.0083,-0.0115,0.0055,-0.005,-0.0042,-0.0041,0.0177,-0.0154,0.0037,0.0233,-0.0238,0.0046,0.0129,-0.0167,0.0214,0.0337,0.0021,-0.0218,-0.0067,0.0136,-0.0261,-0.0106,0.4679,0.0104,-0.4744,-0.0707,0.0026,0.0686,-0.1448,0.0001,0.144,-0.0139,-0.0147,0.4561,-0.4242,-0.0177,0.0389,0.021,-0.0076,0.0029,-0.019,0.0134,0.0247,-0.0035,-0.0196,0.0529,-0.007,-0.0007,-0.0219,0.0079,-0.0233,0.0316,-0.0288,0.0151,0.0128,-0.0147,0.0253,-0.0031,0.0096,-0.0038,-0.0019,-0.0317,-0.012,-0.0112,0.0089,-0.0186,0.0378,0.021,-0.0252,0.0055,-0.012,0.0338,0.008,-0.7056,0.0049,-0.0047,0.0096,-0.0136,-0.001,-0.0087,-0.0274,-0.8435,0.0447,0.0479,0.0398,-0.0043,0.0006,-0.0265,0.0472,0.0525,-0.0234,-0.0405,0.0394,-0.017,-0.0412,0.0368,-0.0234,-0.0226,0.033,0.0042,-0.0177,0.031,-0.0149,0.0382,0.0018,0.0494,-0.0304,0.0022,-0.5294,-0.022,-0.021,0.0436,0.0228,-0.0416,-0.0228,0.0122,0.0297,0.1248,-0.044,-0.018,0.0673,0.0439,-0.0374,-0.0168,-0.0517,0.0151,-0.0132,0.0126,0.0027,-0.0197,0.0292,-0.0575,0.0059,-0.0038,0.0013,0.0048,0.0024,0.0415,-0.0394,0.0001,-0.0034,0.0088,-0.0221,0.0002,-0.0149,-0.0237,0.0001,-0.011,0.0345,-0.0156,-0.0123,0.0135,0.0699,-0.0013,0.0135,0.0137,0.0177,0.0076,0.0001,-0.007,-0.0085,-0.029,-0.0148,-0.012
alt_dir6,0.0542,0.0528,-0.0442,-0.0077,-0.0033,0.0207,0.0293,0.0099,0.0027,-0.048,0.0225,-0.0223,-0.0249,-0.1239,-0.0072,0.01,0.0046,-0.0649,0.0018,-0.0992,-0.0954,-0.1403,-0.1148,-0.0523,0.0252,-0.1129,-0.0897,0.0233,-0.0315,0.0207,-0.0053,0.055,0.0019,-0.008,0.0354,-0.1009,-0.0044,0.4582,-0.1797,0.2682,-0.0096,-0.0347,0.0028,0.445,-0.6155,-0.0263,1.0,0.0621,0.7375,-0.4929,0.4161,-0.3302,0.1091,0.3297,-0.0571,-0.0345,-0.0591,-0.0736,-0.0096,0.0023,0.0197,0.0029,-0.0247,-0.0419,0.0252,-0.0093,0.0078,0.032,0.0013,-0.0286,-0.0407,0.0324,0.0048,0.0054,0.0068,0.0634,-0.071,-0.042,-0.0644,-0.1181,-0.0189,0.0273,0.0528,0.0375,0.0153,-0.0338,0.0027,-0.0845,-0.067,0.0251,-0.0125,-0.021,0.0061,0.0138,-0.0268,0.0784,-0.0139,-0.0939,0.0306,-0.038,0.0559,-0.0948,0.1466,-0.0102,0.0382,-0.08,0.0495,-0.0365,0.2393,0.0007,-0.0012,-0.0006,-0.1575,0.242,-0.2844,-0.2717,0.2533,-0.3202,-0.2169,-0.0561,0.2256,0.0242,0.1131,0.0274,0.0458,0.0514,-0.0016,-0.1717,-0.0064,0.0752,0.0205,0.0314,0.0787,-0.0185,-0.001,-0.0295,0.0373,0.0562,-0.0805,0.0453,0.0436,-0.0947,0.0505,0.1111,0.1381,-0.1107,-0.1007,-0.0565,-0.1578,0.0083,0.0933,0.0526,-0.0361,0.0153,-0.0705,0.0771,-0.0224,-0.07,0.0684,-0.0256,-0.0311,0.0329,0.0401,-0.1048,0.0582,0.0139,0.0167,0.0069,0.0268,0.0315,0.0221,-0.023,-0.0796,0.0852,-0.0258,-0.0249,0.0303,-0.0604,0.0038,-0.0741,0.0868,0.0368,0.0574,0.0069,0.0869,0.0178,-0.0151,0.0174,-0.0097,0.0074,-0.0554,0.0712,0.0047,0.0337,-0.125,-0.0592,-0.1499,0.1209,-0.0186,0.0304,-0.1483,-0.131,-0.0215,0.0815,-0.0898,0.0638,0.0675,-0.0954,0.0729,0.0438,-0.0037,0.0004,0.0517,-0.0038,0.0036,-0.0759,-0.0151,-0.0414,0.303,-0.1676,0.027,0.3267,-0.1807,-0.1406,-0.2028,-0.1678,0.3115,-0.1709,-0.1059,-0.0783,0.2729,-0.1778,-0.1124,-0.1586,0.2556,-0.164,-0.1675,0.1813,-0.1747,-0.0185,0.4268,0.2087,-0.3419,0.3272,-0.3043,0.2623,0.2605,0.219,0.1732,-0.092,0.0664,-0.0671,-0.0013,-0.0605,-0.0251,-0.0347,-0.0269,-0.005,-0.0419,-0.0407,-0.0368,-0.0715,-0.0328,0.0306,-0.004,-0.0311,0.0255,-0.0819,-0.2169,-0.0933,-0.0947,0.0004,-0.034,-0.0148,-0.0194,-0.0172
alt_kind6,0.0262,0.0257,-0.009,-0.0042,-0.0109,-0.008,-0.0054,0.0296,-0.0009,-0.0052,0.0241,0.0111,-0.0307,0.1508,-0.0341,-0.0095,0.0257,-0.1031,-0.1009,-0.0466,-0.0559,-0.0678,-0.0433,-0.0631,-0.033,0.0139,-0.0204,0.0411,0.0235,0.0265,0.012,-0.0168,0.0204,0.0127,0.0272,-0.0725,0.0165,-0.3716,0.2052,-0.3981,0.025,-0.0371,0.0888,-0.3665,-0.0077,-0.0325,0.0621,1.0,0.1579,0.1145,0.1118,0.0136,0.0587,0.1005,0.0364,-0.0361,-0.0486,-0.0587,-0.0492,-0.0625,0.0705,-0.0231,0.0002,-0.0057,0.0264,-0.0098,0.0041,0.0649,-0.0216,-0.0088,-0.0101,0.0302,-0.0295,0.0135,-0.0224,0.005,-0.0573,-0.0338,-0.0429,-0.0442,-0.0317,0.0294,-0.0596,-0.0919,0.097,-0.0313,0.0014,-0.0414,-0.0122,0.03,-0.0384,-0.0016,0.0126,0.0129,-0.0324,-0.0098,-0.0051,-0.0186,0.0268,-0.0371,0.0007,0.0175,0.1164,0.0319,0.0444,-0.0883,0.002,0.0263,0.0771,-0.0904,0.0123,0.0896,0.1077,0.1502,-0.1727,-0.1539,0.1343,-0.1297,-0.1499,-0.0025,0.116,-0.0084,0.0673,0.0063,0.0513,0.0001,-0.0084,-0.0539,-0.0096,0.0377,-0.0141,0.0182,0.0035,-0.0072,-0.0237,-0.0243,0.0534,-0.0233,-0.0153,0.0432,-0.0042,-0.0354,0.0393,0.0809,0.0376,-0.0496,-0.0164,-0.0171,-0.0497,-0.0159,0.0324,0.0282,0.0006,-0.0336,-0.0415,0.0392,-0.0111,-0.0567,0.0266,-0.0039,0.0162,0.0342,-0.0183,-0.0512,0.0535,-0.0392,0.0322,0.0208,0.016,0.0199,0.0045,-0.005,0.0202,-0.0021,0.0108,-0.0261,-0.0007,-0.0278,0.0061,-0.0286,0.0345,-0.0053,0.0603,0.0335,0.0491,0.0588,-0.0022,0.0013,0.0049,0.0348,-0.0736,-0.0018,0.0263,0.0309,-0.0689,-0.0353,-0.1622,0.0546,-0.0198,-0.013,-0.1176,-0.0871,0.0203,0.0668,-0.0735,0.0421,0.0805,-0.0767,0.0303,0.0382,-0.0291,0.0094,0.0282,-0.0262,-0.0001,-0.0056,0.0205,-0.0329,0.1857,-0.0696,0.0118,-0.189,0.2031,-0.0423,0.1141,0.2082,-0.1804,0.2093,-0.0672,-0.0173,-0.1648,0.2037,-0.0285,0.0982,-0.2156,0.2122,0.2113,-0.198,0.2056,-0.0223,-0.338,-0.1955,0.0606,-0.2019,0.1442,0.088,0.0852,0.0736,0.0634,-0.0298,0.118,-0.0411,-0.0114,-0.019,0.0079,-0.0371,-0.0262,-0.0068,-0.0057,-0.0101,-0.0425,-0.0115,-0.0104,0.0268,-0.002,0.0199,0.0218,-0.0903,-0.1499,-0.0324,-0.0354,-0.0046,-0.0337,0.0236,-0.0322,-0.0249
n_choch_1h,0.097,0.0967,-0.0824,-0.0379,-0.0055,0.0488,0.0282,0.0312,0.0213,-0.0505,0.0176,-0.0073,-0.0177,-0.0678,-0.01,-0.0118,-0.0099,-0.1244,-0.0494,-0.1387,-0.1287,-0.2025,-0.1681,-0.0714,0.0338,-0.0871,-0.1011,0.0105,-0.0066,0.0138,0.0133,0.0808,0.0188,-0.0063,0.0383,-0.1289,-0.0165,0.2645,-0.0568,0.0392,0.017,-0.0271,0.0612,0.2563,-0.5552,-0.018,0.7375,0.1579,1.0,-0.2233,0.5873,-0.2109,0.2247,0.469,0.0243,-0.0203,-0.0209,-0.1075,0.0041,0.0184,0.0136,0.0027,-0.031,-0.0618,0.0379,-0.0091,0.0141,0.0209,-0.0034,-0.019,-0.0684,0.0561,-0.0035,0.0155,-0.0084,0.0481,-0.0512,-0.0268,-0.098,-0.1299,-0.0171,0.0187,-0.0314,-0.041,0.053,-0.0358,0.2545,-0.08,-0.0792,0.0172,-0.0212,-0.0131,0.0186,0.0194,-0.0135,0.1015,-0.0073,-0.1043,0.0543,-0.0372,0.0462,-0.1223,0.1713,-0.016,0.0575,-0.0926,0.0495,-0.0235,0.2543,-0.0321,-0.0131,0.033,-0.0961,0.3811,-0.4124,-0.3564,0.3665,-0.2258,-0.2562,-0.0146,0.2095,0.0337,0.1198,0.0346,0.0693,0.0387,0.0073,-0.1787,-0.0009,0.0719,0.0083,0.057,0.0735,-0.037,-0.0017,-0.0104,0.0145,0.0488,-0.0828,0.0558,0.0545,-0.095,0.04,0.124,0.1491,-0.1168,-0.1032,-0.0535,-0.1657,-0.0027,0.0768,0.0518,-0.0333,0.0285,-0.066,0.0669,0.0056,-0.0844,0.0725,-0.0348,-0.0337,0.053,0.0307,-0.1029,0.048,0.0239,0.0327,0.0239,0.0138,0.025,0.0161,-0.0272,-0.0926,0.104,-0.0144,-0.0392,0.0209,-0.0493,-0.0055,-0.0825,0.0964,0.0236,0.0606,0.024,0.1229,0.0083,-0.0307,0.0345,-0.0259,0.0157,-0.0568,0.0613,-0.0086,0.0248,-0.1285,-0.0237,-0.2012,0.1239,-0.0436,0.0079,-0.1712,-0.1361,0.002,0.0865,-0.0996,0.073,0.0933,-0.1042,0.1011,0.0681,-0.0142,-0.0176,0.0756,-0.014,0.0041,-0.0831,-0.0164,-0.0267,0.5764,-0.2493,0.0284,0.2586,-0.0798,-0.2009,-0.1421,-0.049,0.2454,-0.0518,-0.1803,-0.0877,0.1926,-0.0701,-0.1297,-0.1078,0.1476,-0.0444,-0.0476,0.0727,-0.0564,-0.0254,0.2294,0.0981,-0.3095,0.2145,-0.2545,0.312,0.2965,0.2572,0.1911,-0.1093,0.0699,-0.0421,0.0158,-0.1074,-0.0314,-0.0271,-0.023,0.0037,-0.0618,-0.0684,-0.0471,-0.0732,-0.0416,0.0543,0.001,-0.0028,0.0491,-0.094,-0.2562,-0.0768,-0.095,0.0164,-0.0254,-0.017,-0.0156,-0.0022
n_bos_1h,0.0351,0.0366,-0.0277,-0.037,-0.006,0.0142,-0.0128,0.034,0.0203,0.0266,-0.0119,0.0059,0.0016,0.1032,-0.002,-0.0113,-0.0452,-0.0456,-0.0787,0.0155,0.0298,-0.0268,-0.0599,0.0102,-0.0075,0.0436,0.0222,0.0011,0.0194,0.0055,0.0386,0.0275,0.026,0.0322,0.0208,-0.0716,-0.0281,-0.3461,0.2263,-0.4132,0.0151,-0.037,0.0794,-0.3351,0.1394,0.0032,-0.4929,0.1145,-0.2233,1.0,-0.0457,0.5298,0.1232,-0.0088,0.2035,-0.021,-0.0091,0.0044,-0.0256,-0.0315,0.0436,-0.0199,0.0236,-0.0057,0.0196,-0.0161,-0.0223,0.0273,-0.0206,0.0373,-0.0048,0.0189,-0.035,-0.0207,-0.0076,-0.0463,0.0198,-0.0144,-0.0235,0.0044,0.0008,-0.0011,-0.1319,-0.1321,0.078,-0.0263,0.4587,0.0158,0.0143,-0.0008,0.041,-0.0026,0.0078,-0.0006,-0.0079,-0.0104,-0.009,-0.0049,0.0104,0.0237,-0.0028,-0.0239,0.0318,0.0283,0.0079,-0.0406,-0.0026,0.0188,-0.0415,-0.0723,-0.0076,0.0728,0.1116,0.0381,0.0124,0.0724,-0.0012,0.1975,-0.0158,0.0534,-0.0469,-0.0284,-0.0137,-0.0181,0.0019,0.0026,0.0227,0.0206,0.0084,-0.0083,-0.0097,0.0029,-0.0268,0.0057,0.0029,0.0055,-0.0096,0.0045,0.0031,-0.0086,-0.0081,0.0156,-0.0074,-0.0077,-0.0211,0.0162,0.0091,0.0164,0.0163,-0.0331,-0.028,-0.0228,0.0283,0.0349,0.001,-0.039,0.035,-0.0245,-0.0156,0.013,0.0114,-0.0015,0.0058,0.003,-0.0167,0.0297,0.0111,0.0229,-0.0229,-0.0056,0.0042,0.0034,0.022,-0.0077,0.0089,-0.008,-0.0273,0.0084,-0.014,0.0046,0.0014,-0.0307,-0.0134,0.0112,-0.0236,0.0027,0.0003,-0.0017,0.0023,0.0235,-0.0236,-0.0293,-0.0459,-0.0084,0.0104,-0.0072,0.011,-0.0391,-0.0372,-0.0258,0.0142,0.0225,0.0197,0.0209,0.0262,-0.0117,0.0559,0.0215,0.0367,0.0258,-0.0379,-0.0115,0.0194,-0.0378,-0.0157,0.0259,0.0163,-0.0197,0.2841,-0.0351,0.0019,-0.1866,0.2077,-0.0695,0.1363,0.2196,-0.1777,0.2189,-0.0902,-0.0053,-0.1781,0.2142,-0.0364,0.108,-0.1978,0.2221,0.2213,-0.2118,0.214,-0.0278,-0.346,-0.1898,0.1274,-0.2027,0.1249,-0.0186,-0.0427,-0.0003,0.0002,-0.0139,-0.0005,0.0484,-0.0198,-0.017,0.0105,-0.037,-0.0262,-0.0102,-0.0057,-0.0048,-0.0297,0.0228,0.0109,0.0104,-0.0147,0.0064,0.0134,-0.0427,-0.0158,0.028,0.0156,-0.0206,-0.0441,0.002,-0.0502,-0.0407
n_choch_3h,0.0884,0.0892,-0.0671,-0.0421,-0.0237,0.0207,0.0161,0.0421,0.0407,0.0009,0.0148,-0.014,-0.0212,-0.0224,-0.0161,-0.0018,0.0355,-0.1071,-0.012,-0.1502,-0.1584,-0.2441,-0.2151,-0.1679,-0.0668,-0.0388,-0.0983,0.0135,0.0085,0.0267,0.0154,0.0085,0.0235,-0.0038,0.0522,-0.1747,0.031,0.1438,-0.0362,0.0182,0.0128,-0.0337,0.021,0.1358,-0.3035,-0.0196,0.4161,0.1118,0.5873,-0.0457,1.0,-0.258,0.2882,0.6059,-0.0036,0.0112,0.0101,-0.1839,0.0374,0.0339,-0.0236,0.0022,-0.0108,-0.035,0.0197,0.014,0.0132,-0.0007,-0.0031,0.0191,-0.0388,0.0288,-0.0122,0.016,0.0019,0.0673,0.005,0.0172,-0.1881,-0.0581,-0.0171,0.0199,0.0081,-0.0038,0.0184,-0.0112,0.1253,-0.0316,-0.0626,0.0204,-0.0896,-0.0106,0.0049,0.0036,-0.0041,0.0785,-0.0043,-0.0494,0.0183,-0.0361,0.0285,-0.0476,0.128,0.0011,0.0446,-0.0586,0.0115,-0.0069,0.1858,-0.017,-0.0056,0.0174,-0.046,0.5361,-0.5603,-0.4577,0.4711,-0.0752,-0.2186,0.0483,0.1119,0.0607,0.0738,0.0264,0.0539,-0.0034,0.0143,-0.1131,-0.0215,0.0442,0.0241,0.043,0.0602,-0.0271,-0.0113,0.0024,0.0081,0.0376,-0.0789,0.0621,0.0301,-0.0818,0.0512,0.1112,0.102,-0.084,-0.055,-0.0448,-0.1019,0.0445,0.0527,0.0187,-0.0305,0.0403,-0.0377,0.041,0.011,-0.0484,0.0526,-0.041,-0.0051,0.0355,0.0111,-0.0604,0.0166,0.0417,0.0399,0.0168,0.0111,-0.0183,-0.0019,-0.0172,-0.061,0.073,0.0053,-0.0391,0.0219,-0.02,-0.0045,-0.0541,0.0598,0.0232,0.0258,0.0017,0.1362,0.0087,-0.0337,0.0339,-0.0315,0.0087,-0.0166,0.0534,0.0373,0.0259,-0.0997,0.0074,-0.2822,0.0208,-0.0843,0.014,-0.1689,-0.1123,0.0374,0.0705,-0.0887,0.0497,0.0579,-0.0897,0.06,0.0178,0.0295,-0.0497,0.0513,0.0267,-0.0096,-0.0884,-0.0046,0.0114,0.3257,-0.2191,0.0351,0.1639,-0.0499,-0.1264,-0.1023,-0.0283,0.1587,-0.0359,-0.112,-0.0736,0.1299,-0.0462,-0.084,-0.0839,0.0854,-0.026,-0.0297,0.0441,-0.0352,-0.0256,0.1363,0.0023,-0.1694,0.1027,-0.144,0.2086,0.2099,0.249,0.2247,-0.0849,0.016,-0.0252,0.0026,-0.0673,0.0089,-0.0337,-0.025,0.002,-0.035,-0.0388,-0.025,-0.0154,0.001,0.0183,0.0129,0.0039,0.0136,-0.0605,-0.2186,-0.0527,-0.0818,0.0068,-0.039,0.0139,-0.0404,-0.0345
n_bos_3h,0.0528,0.0535,0.006,-0.0431,-0.0547,-0.0022,0.0111,0.0507,0.0231,0.0199,0.0028,-0.0214,0.0048,0.0351,-0.0071,-0.034,-0.0777,0.0268,-0.0296,0.0755,0.0992,0.0562,-0.005,0.0491,-0.0155,0.0409,0.0531,-0.007,0.003,-0.0083,0.0416,0.0299,0.0413,0.0273,0.023,0.0391,-0.045,-0.1962,0.1232,-0.221,0.021,-0.0369,0.0308,-0.1887,0.1121,0.0055,-0.3302,0.0136,-0.2109,0.5298,-0.258,1.0,0.1608,-0.0812,0.3109,0.0107,0.0186,0.0462,-0.0021,0.0002,0.0095,-0.0332,0.0101,0.0027,0.0302,0.006,0.0081,-0.0038,-0.0346,0.0192,-0.0075,0.0374,-0.0107,-0.0469,0.0069,-0.0056,0.0229,0.0063,0.0474,0.0295,-0.0037,0.0032,-0.0819,-0.0695,0.0285,0.0073,0.2691,0.0274,0.0252,-0.0038,0.082,0.012,-0.0024,-0.0042,-0.0199,-0.0363,0.0053,0.0064,0.0189,0.0125,-0.0195,-0.0269,-0.0407,0.0063,0.0132,0.0014,-0.0187,0.0293,-0.0773,-0.0286,0.0219,0.0271,0.0541,-0.0293,0.1113,0.187,-0.0752,0.1304,0.0333,0.0254,-0.0531,-0.0765,-0.0195,-0.0153,-0.0213,0.0047,0.0174,0.0255,0.0151,0.019,-0.0286,-0.0173,-0.0463,0.0446,0.0111,-0.0205,0.0144,-0.0435,0.0403,-0.0071,0.0008,0.0416,-0.0421,-0.0521,-0.0587,0.0044,0.0272,0.0265,0.0184,-0.0674,-0.0358,-0.0249,0.0386,0.0091,0.0087,-0.0453,0.0218,-0.016,-0.0296,0.0239,0.024,-0.0187,0.0055,0.0172,-0.0122,0.0061,-0.0045,-0.001,-0.0215,0.0045,-0.0049,0.008,0.01,0.0022,-0.0109,-0.0092,-0.0293,0.0085,-0.0064,0.0053,0.0002,-0.0481,0.0006,0.0127,-0.0768,0.0103,0.0386,-0.039,0.0417,0.0549,-0.0012,-0.0515,-0.0795,-0.0039,0.0715,0.0215,0.0966,-0.0458,0.0278,-0.0084,0.0862,0.0787,0.0291,0.0213,0.0719,-0.0424,0.0642,0.0683,0.0218,0.0253,-0.0176,0.0028,0.0319,-0.014,0.0163,0.0482,0.0045,0.0149,0.1236,0.0075,0.0157,-0.1227,0.1139,-0.0131,0.1002,0.1142,-0.1173,0.1201,-0.0252,0.0358,-0.1221,0.1156,0.0063,0.0819,-0.1329,0.115,0.1149,-0.1181,0.1193,0.0003,-0.2131,-0.0726,0.0955,-0.115,0.0899,-0.0477,-0.0608,-0.0721,-0.0754,0.0,-0.032,0.0681,-0.0488,0.0118,0.0033,-0.0369,-0.0261,-0.0299,0.0027,-0.0075,-0.0096,0.0315,-0.0003,0.0189,-0.0131,-0.0011,0.0204,-0.0007,0.0333,0.0358,0.0416,-0.0462,-0.0452,0.0113,-0.0522,-0.0636
n_events_today,0.9333,0.923,-0.4272,-0.4017,-0.2164,0.0259,0.2689,0.509,0.3308,-0.3435,0.1507,-0.0001,-0.009,-0.0313,0.1464,0.0088,-0.0269,-0.2018,-0.0687,-0.255,-0.2331,-0.1632,0.0003,0.1103,0.2488,-0.0501,-0.1588,0.0163,0.0306,0.0065,0.0058,0.5908,0.0416,-0.01,0.0461,-0.2252,-0.0195,0.0407,-0.016,-0.0402,0.0167,-0.0339,0.3796,0.0714,-0.1399,-0.0056,0.1091,0.0587,0.2247,0.1232,0.2882,0.1608,1.0,0.8417,0.9185,0.1389,0.2604,-0.0347,0.1944,0.252,-0.0877,0.1183,0.0229,-0.4748,0.152,0.0469,0.0303,-0.012,0.1705,0.0395,-0.5818,0.2503,-0.0001,0.0069,-0.0139,0.028,0.1583,0.1599,-0.0163,-0.1082,-0.0099,0.0109,-0.0179,-0.0147,0.0709,-0.085,0.1369,-0.0081,-0.1681,0.008,0.1427,0.0509,0.0044,0.0299,0.0203,0.073,0.0027,-0.0772,-0.0061,-0.0012,0.06,-0.044,0.1017,0.0175,0.0708,-0.083,-0.0099,0.0375,0.1398,-0.0314,-0.0196,0.0328,-0.1067,0.8457,-0.6647,-0.3105,0.6226,0.1602,-0.4964,0.2647,0.0833,0.129,0.0446,0.044,0.052,0.0162,0.0239,-0.0866,-0.0009,0.0064,0.0142,0.0483,0.05,-0.0655,-0.0388,0.0378,-0.0083,0.0448,-0.1117,0.0965,0.0227,-0.0697,0.0465,0.1605,0.1158,-0.0845,-0.0215,-0.2183,-0.0278,0.1008,0.0362,0.0488,-0.0396,0.0675,-0.0083,0.0203,0.0419,-0.0023,0.0393,-0.0572,-0.1808,0.0267,0.0207,-0.0278,-0.0228,0.0701,0.0271,0.0163,0.0086,-0.0063,0.0077,-0.1632,-0.0554,0.074,0.0152,-0.0569,0.0075,-0.0545,0.0403,-0.0238,0.0291,0.0205,0.0012,0.0215,0.2262,0.0131,-0.0996,0.0997,-0.0939,-0.0365,-0.0604,0.0558,-0.0266,0.0128,-0.0872,0.0981,-0.1479,0.0106,0.1323,0.005,0.0362,0.0396,0.0021,0.2742,-0.1504,0.0977,0.2678,-0.1588,0.1816,0.2838,-0.0355,0.0576,0.3735,-0.0455,0.13,-0.1265,-0.0122,0.0704,0.3734,-0.0454,0.045,0.1151,-0.0208,-0.0978,-0.1037,-0.001,0.1105,-0.0188,-0.0901,-0.1144,0.0868,-0.0193,-0.0648,-0.086,0.0239,-0.0047,-0.004,0.0264,-0.018,-0.0353,0.0212,-0.0249,-0.0532,0.0269,-0.0444,0.2327,0.1291,0.198,0.0752,-0.0381,0.1116,0.4611,0.0041,-0.6256,-0.2938,-0.0339,-0.0248,-0.0055,-0.4748,-0.5818,-0.3527,-0.3258,-0.2528,-0.0061,-0.1158,-0.0006,-0.0062,-0.0849,-0.4964,-0.0362,-0.0697,-0.0022,-0.0397,-0.2288,-0.0435,-0.0452
n_choch_today,0.6885,0.6799,-0.3742,-0.2819,-0.0991,0.0868,0.2113,0.3321,0.2131,-0.3289,0.1002,0.0095,-0.0172,-0.0502,0.148,0.016,0.019,-0.2406,-0.084,-0.2986,-0.2927,-0.2294,-0.0563,0.0581,0.2361,-0.1008,-0.2077,0.0218,-0.001,0.0178,0.0122,0.475,0.0491,-0.0145,0.0614,-0.292,0.0187,0.1371,-0.0551,0.0182,0.0185,-0.03,0.3383,0.1662,-0.2799,-0.0132,0.3297,0.1005,0.469,-0.0088,0.6059,-0.0812,0.8417,1.0,0.5825,0.0862,0.1526,-0.0907,0.1409,0.1888,-0.0419,0.1146,0.007,-0.4262,0.1301,0.0212,0.0233,0.0234,0.14,0.032,-0.4959,0.2189,-0.0214,0.0257,-0.0171,0.0475,0.0933,0.1029,-0.088,-0.1469,-0.0182,0.0165,-0.0081,-0.0147,0.0813,-0.1003,0.1179,-0.0507,-0.1988,0.0161,0.0618,0.037,0.0099,0.0306,0.0119,0.1135,0.0009,-0.0921,-0.0039,-0.033,0.0726,-0.0635,0.1673,0.0198,0.0889,-0.122,0.005,0.0342,0.2233,-0.0401,-0.0246,0.0418,-0.13,0.9487,-0.8438,-0.5265,0.7537,0.0707,-0.557,0.252,0.1429,0.1384,0.0913,0.0413,0.0781,0.012,0.0253,-0.1285,-0.0133,0.0171,0.0195,0.0641,0.084,-0.081,-0.0409,0.0376,-0.006,0.0543,-0.125,0.1038,0.0328,-0.1018,0.0683,0.2105,0.1586,-0.1056,-0.0522,-0.2102,-0.0723,0.0938,0.0622,0.0717,-0.0628,0.0777,-0.0269,0.0514,0.0219,-0.0236,0.0719,-0.0604,-0.1762,0.0467,0.0225,-0.0578,-0.0103,0.0816,0.045,0.0238,0.0185,-0.0117,0.0041,-0.1561,-0.0605,0.0848,0.0131,-0.0638,0.0194,-0.05,0.0305,-0.0483,0.0538,0.041,0.0169,0.018,0.2704,0.0153,-0.1145,0.1141,-0.1083,-0.0437,-0.0715,0.078,0.0211,0.023,-0.1835,0.0291,-0.2707,0.0453,0.0509,0.0189,-0.1239,-0.0964,0.0121,0.2393,-0.2009,0.1258,0.2085,-0.2054,0.1677,0.2479,-0.0399,0.0402,0.3177,-0.0507,0.1165,-0.1769,-0.0139,0.0236,0.4576,-0.1253,0.051,0.2082,-0.0634,-0.1535,-0.1694,-0.0377,0.2017,-0.0554,-0.1379,-0.1473,0.1741,-0.0592,-0.1189,-0.1448,0.0956,-0.0372,-0.0397,0.0687,-0.0583,-0.0527,0.1183,-0.01,-0.1434,0.0843,-0.1159,0.2969,0.2053,0.272,0.1635,-0.064,0.1419,0.2983,0.0285,-0.5544,-0.2825,-0.03,-0.0234,0.0068,-0.4262,-0.4959,-0.3179,-0.3179,-0.2389,-0.0039,-0.1042,0.0135,-0.008,-0.1236,-0.557,-0.0622,-0.1018,0.0218,-0.0332,-0.222,-0.0327,-0.0263
n_bos_today,0.9312,0.9209,-0.4261,-0.4034,-0.2125,0.0168,0.2683,0.5108,0.3311,-0.3354,0.1516,-0.003,-0.0018,-0.0154,0.136,0.0025,-0.0547,-0.1653,-0.0627,-0.2036,-0.1731,-0.088,0.0654,0.1701,0.2787,-0.0237,-0.1196,0.011,0.0383,-0.0042,-0.0007,0.6035,0.0269,0.0004,0.0258,-0.1581,-0.0432,-0.0339,0.0154,-0.0814,0.01,-0.0348,0.3862,-0.0035,-0.034,0.0011,-0.0571,0.0364,0.0243,0.2035,-0.0036,0.3109,0.9185,0.5825,1.0,0.1454,0.2711,0.0149,0.195,0.251,-0.0867,0.1127,0.0336,-0.4727,0.1547,0.0438,0.0277,-0.0136,0.1754,0.0364,-0.5827,0.2465,0.0047,-0.0182,-0.0078,0.0022,0.1653,0.1664,0.0443,-0.0818,-0.0024,0.0038,-0.0316,-0.0216,0.0653,-0.0763,0.1385,0.0104,-0.1382,0.001,0.1802,0.0545,0.0007,0.031,0.0209,0.0428,0.0066,-0.061,-0.0115,0.0135,0.0493,-0.0285,0.06,0.0195,0.053,-0.061,-0.0155,0.036,0.0723,-0.0284,-0.0148,0.0295,-0.0807,0.6241,-0.4234,-0.1019,0.418,0.2077,-0.4251,0.2579,0.0369,0.0868,0.0121,0.0439,0.0254,0.0182,0.0159,-0.0513,0.0071,-0.0003,0.0077,0.034,0.0252,-0.0508,-0.0331,0.0342,-0.0095,0.0248,-0.0778,0.0738,0.015,-0.0406,0.0254,0.1175,0.0759,-0.0556,-0.0071,-0.2128,0.0064,0.0695,0.0165,0.0348,-0.0293,0.0558,0.0048,0.0055,0.0409,0.0115,0.0227,-0.0474,-0.1741,0.011,0.0159,-0.005,-0.0297,0.0577,0.0078,0.0128,-0.0018,0.0023,0.0108,-0.1598,-0.0406,0.0563,0.0123,-0.0441,-0.0022,-0.0547,0.0392,-0.0009,0.0083,0.0104,-0.006,0.0212,0.1749,0.0109,-0.084,0.0841,-0.0792,-0.0413,-0.0527,0.0355,-0.0561,0.0016,-0.0444,0.108,-0.0365,0.0005,0.1611,-0.0004,0.1203,0.1027,-0.007,0.2665,-0.1123,0.0804,0.2725,-0.1209,0.1743,0.2818,-0.0428,0.0692,0.3633,-0.0508,0.1297,-0.0866,-0.01,0.0785,0.2828,0.0199,0.0315,0.0449,0.0129,-0.0566,-0.0557,0.0269,0.0426,0.0112,-0.0554,-0.0871,0.026,0.013,-0.0312,-0.0451,-0.0256,0.0217,0.024,-0.0073,0.0132,-0.023,-0.0531,-0.0335,0.0141,-0.017,0.0113,0.1699,0.0633,0.1192,-0.0017,-0.0106,0.1021,0.4981,-0.018,-0.6197,-0.2861,-0.0348,-0.0246,-0.012,-0.4727,-0.5827,-0.3524,-0.316,-0.2499,-0.0115,-0.1188,-0.0105,-0.0096,-0.0629,-0.4251,-0.0165,-0.0406,-0.0236,-0.0411,-0.2209,-0.0466,-0.051
vol_ratio20,0.1517,0.1589,-0.1128,-0.0455,-0.0277,0.0138,0.0254,0.0524,0.1141,-0.0538,0.0072,0.0013,0.0531,-0.0821,0.0,0.0228,-0.0623,0.3036,0.395,0.0346,0.0613,0.0144,-0.0245,0.0359,-0.0233,0.5056,0.372,-0.0606,0.4934,-0.0405,-0.0091,0.0295,-0.0193,0.0118,-0.0142,0.0693,-0.0708,-0.0092,0.0052,-0.0174,0.0022,-0.0153,0.0702,-0.0067,0.0627,0.0542,-0.0345,-0.0361,-0.0203,-0.021,0.0112,0.0107,0.1389,0.0862,0.1454,1.0,0.8959,-0.0023,0.7658,0.4498,-0.7375,0.0931,-0.0279,-0.1786,-0.0025,0.4068,0.3322,-0.5224,0.0872,0.0035,-0.1645,0.0233,0.2894,0.0115,0.012,0.1377,0.4262,0.7964,0.0067,0.34,0.0437,-0.0716,0.1089,0.1478,-0.4517,0.4453,-0.0424,0.1976,0.3106,-0.0537,0.0256,-0.0396,-0.0362,0.0296,0.0669,0.1027,0.0149,0.0351,0.0145,0.0254,-0.0416,0.0352,-0.2582,-0.0334,0.0439,0.2821,-0.24,0.1015,-0.0532,0.3441,0.0177,-0.3451,-0.0016,0.0843,-0.0704,-0.0467,0.0801,-0.0473,-0.0202,-0.0672,0.0864,0.066,-0.0592,-0.0013,-0.0523,-0.0981,0.017,0.0369,-0.0202,0.1063,-0.0423,-0.0493,-0.0649,0.1736,0.114,-0.1308,0.0494,0.012,-0.0424,0.0417,-0.0015,-0.0261,0.0273,-0.2095,-0.0256,0.0484,-0.0036,-0.0169,0.0399,0.0319,0.0213,-0.1181,-0.034,0.0343,0.0924,-0.0442,0.0689,0.1198,-0.0258,-0.0734,-0.006,-0.0358,-0.0653,0.1389,-0.1009,0.0382,-0.0239,-0.0177,-0.0382,-0.0727,-0.0871,-0.0184,-0.1505,0.117,-0.0027,-0.0053,0.0044,0.0062,0.0054,0.0385,-0.0371,-0.0616,0.0198,-0.038,-0.0435,-0.0425,0.2269,-0.2297,0.219,0.0011,0.1186,-0.054,-0.0655,-0.0576,0.7663,0.9188,0.0588,-0.0902,0.0949,-0.2188,0.3974,0.4396,0.091,-0.1543,0.2993,-0.1464,-0.0623,0.2971,-0.0805,-0.0743,0.2039,-0.0988,0.0041,0.1849,-0.0196,0.3058,0.0365,0.9938,0.0081,0.0301,-0.02,-0.3086,-0.003,0.3529,0.2775,-0.0174,-0.3177,0.0084,0.3448,0.2964,-0.4028,-0.0185,0.4874,0.3611,-0.2308,-0.0405,-0.0219,-0.0166,0.0456,0.2179,-0.0596,-0.0006,-0.0194,-0.0262,0.0349,0.1004,0.0984,0.1264,0.0998,0.0654,-0.3416,0.1623,-0.0121,-0.1129,0.0,-0.0153,-0.0189,-0.0045,-0.1786,-0.1645,0.4342,-0.0291,0.0,0.0145,0.0364,-0.0571,0.0178,0.2809,-0.0202,-0.0213,-0.0261,-0.0121,-0.0179,0.0,-0.0099,0.0029
vol_ratio60,0.2927,0.2958,-0.1288,-0.1627,-0.0746,0.0179,0.0432,0.1147,0.1952,-0.0341,0.0768,0.0077,0.0498,-0.088,0.0,0.0168,-0.0647,0.307,0.3955,0.0378,0.0663,0.0026,-0.0506,0.0115,-0.0637,0.497,0.3614,-0.0536,0.4753,-0.0383,-0.0128,0.0654,-0.0237,0.0182,-0.0258,0.0863,-0.0739,-0.0229,-0.0047,-0.0088,-0.0045,-0.0155,0.062,-0.0211,0.1018,0.0515,-0.0591,-0.0486,-0.0209,-0.0091,0.0101,0.0186,0.2604,0.1526,0.2711,0.8959,1.0,-0.0189,0.7054,0.5199,-0.6975,0.0972,-0.0409,-0.1812,-0.0034,0.385,0.3184,-0.5558,0.1079,0.0073,-0.2311,0.047,0.2711,0.0178,0.0059,0.1448,0.417,0.7269,-0.0043,0.3666,0.0502,-0.069,0.1073,0.1435,-0.4344,0.4377,-0.0395,0.2104,0.3001,-0.0507,0.041,-0.029,-0.0415,0.0143,0.0717,-0.0026,0.0166,0.0507,0.0083,0.0323,-0.0502,0.0497,-0.2913,-0.0165,0.0176,0.2847,-0.2379,0.0923,-0.1303,0.3274,0.027,-0.329,-0.0051,0.1569,-0.1104,-0.0429,0.127,0.0028,0.007,-0.0599,0.0601,0.1067,-0.0978,0.0032,-0.0504,-0.0965,0.0098,0.0704,-0.019,0.0733,-0.0346,-0.0468,-0.0757,0.1585,0.0965,-0.1095,0.0403,0.0277,-0.0576,0.0451,-0.0147,-0.0141,0.0285,-0.2288,-0.0418,0.0601,0.0262,-0.0047,0.0715,0.0652,0.0035,-0.1266,-0.0119,0.0236,0.0952,-0.0631,0.0566,0.1208,-0.0476,-0.0619,-0.0005,-0.0403,-0.0661,0.1427,-0.0987,0.0298,-0.0225,-0.0148,-0.0372,-0.0698,-0.0651,-0.0097,-0.1236,0.0853,0.0083,0.0017,0.0003,0.0128,0.0233,0.0433,-0.0524,-0.0601,-0.0078,-0.0298,-0.0421,-0.04,0.2103,-0.2127,0.2033,0.0201,0.1282,-0.0491,-0.0672,-0.0615,0.7981,0.9559,0.065,-0.1356,0.1276,-0.2068,0.4501,0.4848,0.0789,-0.1442,0.3163,-0.1722,-0.0449,0.3091,-0.0932,-0.0793,0.2151,-0.0969,0.015,0.1962,-0.0312,0.2987,0.0321,0.8921,-0.0062,0.1095,-0.036,-0.3086,-0.0095,0.3603,0.2782,-0.0255,-0.3165,-0.0006,0.3514,0.2981,-0.3933,-0.0263,0.4824,0.3542,-0.2476,-0.0487,-0.0286,-0.0074,0.0356,0.2145,-0.0727,0.0402,0.0121,-0.0129,0.0666,-0.0098,-0.0016,0.0622,0.0181,0.0804,-0.3384,0.3465,-0.0095,-0.1628,0.0,-0.0155,-0.0162,0.0001,-0.1812,-0.2311,0.3512,-0.0104,0.0,0.0083,0.0293,-0.0481,0.0126,0.2834,0.007,-0.0035,-0.0141,-0.0095,-0.0189,0.0,-0.0167,-0.0048
sess_cumvol_ratio20s,0.0023,0.0041,-0.0286,-0.011,0.0018,0.0174,-0.0038,0.006,0.0016,0.0302,-0.0261,0.1304,-0.0014,-0.0677,0.0418,0.1403,0.0202,0.2884,0.046,0.4233,0.3838,0.4349,0.1835,0.4893,0.1982,-0.0158,0.2702,0.005,-0.0255,0.0073,-0.0125,0.1879,0.0173,-0.0805,-0.0041,0.0891,0.0002,0.0076,-0.0339,0.0243,0.0265,0.0,-0.0428,0.0121,0.0447,-0.0027,-0.0736,-0.0587,-0.1075,0.0044,-0.1839,0.0462,-0.0347,-0.0907,0.0149,-0.0023,-0.0189,1.0,-0.0218,-0.0443,0.039,-0.0213,-0.0099,0.0255,0.0082,-0.0139,-0.0038,0.0307,0.0084,0.0028,0.0071,-0.014,-0.0027,-0.0371,-0.0263,-0.0498,-0.0278,-0.0357,0.5825,0.071,-0.0125,0.0105,-0.0142,-0.0059,-0.051,0.0422,-0.0036,0.0017,0.1844,0.0016,0.2826,0.0181,-0.0345,-0.0793,-0.0403,-0.0401,-0.041,0.0184,-0.0382,0.0343,0.0197,-0.0045,-0.0719,-0.0089,-0.0372,0.0404,0.0085,0.0096,-0.0902,0.0438,-0.0111,-0.0431,0.0128,-0.1011,0.0823,0.0501,-0.1082,-0.0705,0.0272,0.0082,-0.0296,-0.0972,-0.1157,-0.1024,-0.0482,0.0012,0.0119,0.0938,-0.0155,-0.0256,-0.0218,-0.0466,-0.0317,0.0491,-0.0077,-0.0101,0.02,-0.0338,0.0708,-0.0558,-0.0201,0.0533,-0.0328,-0.2627,-0.0664,0.0594,0.0561,0.0607,0.0782,-0.0661,-0.029,-0.0799,0.0251,-0.0104,0.0558,-0.0584,0.0091,0.0403,-0.0436,0.0214,0.0308,-0.0333,0.0119,0.071,-0.0469,-0.0106,-0.0258,-0.0183,-0.0081,-0.015,0.0,0.0391,0.0173,-0.0322,-0.0003,0.018,-0.0089,0.0471,-0.0103,0.038,-0.0461,-0.0262,-0.0457,0.04,-0.3395,0.0221,0.0811,-0.0831,0.0951,0.0127,0.0735,-0.0356,0.0189,0.0332,0.1833,0.0155,0.2319,0.0569,0.1185,-0.0224,0.1131,0.0483,-0.0639,-0.1692,0.2108,-0.1629,-0.1302,0.21,-0.1062,0.0138,-0.0736,0.0514,-0.0054,-0.0712,0.0349,0.1923,0.011,0.0233,-0.0686,0.1228,0.0384,-0.0741,-0.033,0.115,0.0846,-0.0414,-0.0755,-0.025,0.1053,0.1141,-0.0688,-0.0371,0.1143,0.0665,-0.0514,-0.0459,-0.0328,0.0308,-0.0204,0.0555,-0.0254,0.0445,0.0406,0.013,-0.0872,-0.1237,-0.0997,-0.1917,-0.1398,0.0445,0.0144,0.0306,0.0,-0.0056,0.0502,0.0,0.0,0.0,0.0255,0.0071,0.0034,0.0572,0.0815,-0.0382,-0.0029,-0.0123,-0.0336,0.0404,0.0272,0.029,0.0533,0.0,0.0,0.0324,0.0,0.0
vol_max_ratio20_5,0.2081,0.2153,-0.1663,-0.0747,-0.0117,0.0116,0.0645,0.0673,0.1261,-0.0836,0.0051,0.0042,0.0627,-0.0802,0.0,-0.0049,-0.0002,0.2534,0.3871,-0.0305,-0.0256,-0.0497,-0.0519,0.0165,0.0061,0.4327,0.2424,-0.0633,0.3708,-0.0416,0.0104,0.0749,-0.0043,0.0008,0.0068,0.0505,-0.0043,0.0333,-0.0453,0.0184,-0.0004,-0.0274,0.1032,0.0372,0.0337,0.0624,-0.0096,-0.0492,0.0041,-0.0256,0.0374,-0.0021,0.1944,0.1409,0.195,0.7658,0.7054,-0.0218,1.0,0.6199,-0.81,0.1036,-0.0333,-0.2617,0.028,0.3825,0.38,-0.6381,0.1134,-0.0027,-0.2558,0.0596,0.3022,0.0652,0.1177,0.1676,0.5835,0.878,-0.0054,0.3362,0.0642,-0.0518,0.0892,0.1368,-0.3633,0.3734,-0.0412,0.2492,0.1969,-0.0622,-0.0028,-0.0311,-0.0548,0.0306,0.0856,0.0519,-0.0002,0.0199,0.0232,0.0266,-0.0318,0.0341,-0.226,-0.0476,0.0215,0.2549,-0.1794,0.0407,-0.0525,0.2606,0.0107,-0.2612,-0.013,0.1399,-0.1189,-0.0715,0.1286,-0.042,-0.0787,-0.0527,0.1103,0.0923,-0.0638,0.0189,-0.0278,-0.0783,0.0162,0.0541,-0.0158,0.0521,-0.0083,-0.0376,-0.0627,0.1115,0.0806,-0.0704,0.0077,0.0252,-0.0616,0.0527,0.0111,-0.0195,0.0083,-0.1712,0.0171,0.0622,0.0036,-0.0466,0.0622,0.0502,-0.0029,-0.0817,-0.0455,0.0292,0.1262,-0.0552,0.0816,0.1343,-0.0219,-0.0906,-0.0188,-0.0094,-0.0703,0.1652,-0.1298,0.0361,-0.0197,-0.0193,-0.0262,-0.0398,-0.0616,-0.0405,-0.1747,0.1132,-0.0053,-0.0168,0.0166,-0.0059,0.0141,0.045,-0.0415,-0.0438,-0.0182,-0.0145,0.0206,-0.0619,0.1481,-0.1502,0.1451,-0.009,0.1126,-0.0334,-0.0039,-0.0632,0.5179,0.6666,0.0598,-0.0907,0.0644,-0.1366,0.3589,0.3874,0.0726,-0.1054,0.2313,-0.0917,-0.0368,0.2265,-0.0409,-0.0616,0.2102,-0.1013,0.0144,0.1901,-0.0399,0.1962,0.0302,0.7597,0.0432,-0.0092,-0.0175,-0.1936,-0.0566,0.295,0.1914,-0.061,-0.202,-0.047,0.2913,0.2271,-0.2785,-0.0671,0.3981,0.2645,-0.1722,-0.0805,-0.0678,0.0339,-0.0149,0.1704,-0.006,-0.0057,-0.0161,-0.0256,0.0447,0.1052,0.1051,0.1451,0.1145,0.0366,-0.3072,0.2075,-0.0292,-0.1823,0.0,-0.0274,-0.0253,-0.0244,-0.2617,-0.2558,0.326,-0.0571,0.0,0.0232,0.0161,-0.0498,0.0266,0.2529,-0.0787,0.0029,-0.0195,-0.0292,-0.0336,0.0,-0.027,-0.0153
vol_max_ratio20_15,0.2676,0.2745,-0.2658,-0.0736,0.0052,0.0556,0.0786,0.0902,0.1178,-0.1457,-0.0025,-0.0044,0.0387,-0.078,0.0,0.0045,0.0476,0.1183,0.2328,-0.0733,-0.0865,-0.0574,-0.0091,0.0275,0.0372,0.257,0.1124,-0.0446,0.2296,-0.0277,0.0124,0.0963,0.0061,-0.0097,-0.0092,-0.0148,0.0512,0.0455,-0.0632,0.0405,-0.0086,-0.0347,0.172,0.0522,0.0221,0.0383,0.0023,-0.0625,0.0184,-0.0315,0.0339,0.0002,0.252,0.1888,0.251,0.4498,0.5199,-0.0443,0.6199,1.0,-0.6068,0.1045,-0.0018,-0.3605,0.0699,0.2582,0.4729,-0.7666,0.1677,0.0228,-0.406,0.103,0.2397,0.1196,0.1564,0.2782,0.4121,0.5783,-0.0087,0.2429,0.0454,-0.0395,0.0464,0.0848,-0.2218,0.2138,-0.0161,0.172,0.0884,-0.0384,0.0089,0.005,-0.018,0.0209,0.0635,-0.0936,0.0084,-0.0079,0.0002,0.0196,0.0017,0.0567,-0.1405,-0.0175,-0.0268,0.1769,-0.1039,-0.0041,-0.0631,0.1381,0.029,-0.1397,-0.0131,0.2007,-0.1711,-0.0948,0.1617,0.0122,-0.1237,0.0203,0.0617,0.0838,-0.0687,0.0225,-0.0214,-0.0603,0.0002,0.0627,-0.0312,0.0122,0.0004,-0.0139,-0.037,0.0514,0.0498,-0.0347,-0.0062,0.0242,-0.058,0.0492,0.0026,-0.0151,0.0124,-0.095,0.0095,0.0525,0.0243,-0.0925,0.0787,0.0458,0.0079,-0.0528,-0.0221,0.0102,0.0582,-0.0234,0.057,0.0746,-0.0152,-0.0488,-0.0395,-0.0093,-0.063,0.0855,-0.0584,0.0206,-0.0294,0.015,-0.022,-0.0193,0.0515,-0.07,-0.0751,0.0258,0.0159,0.0142,0.026,-0.0165,0.0348,0.044,-0.0539,-0.0086,-0.0206,-0.0082,0.0696,-0.0453,0.0758,-0.0797,0.0797,-0.0262,0.0679,0.0014,0.0448,-0.0559,0.267,0.4229,0.0129,-0.1159,0.063,-0.084,0.2385,0.2513,0.0399,-0.0473,0.1351,-0.0708,0.0,0.1191,-0.029,-0.0383,0.1765,-0.078,0.0402,0.1585,-0.0384,0.0818,0.0249,0.4413,0.075,0.0697,-0.0234,-0.0939,-0.073,0.2009,0.1121,-0.0703,-0.0997,-0.0662,0.2014,0.1519,-0.143,-0.0834,0.2569,0.1591,-0.1023,-0.0856,-0.0732,0.0593,-0.0421,0.106,0.006,0.0438,-0.0105,0.0034,0.0435,-0.0283,-0.0378,0.1106,0.072,0.0448,-0.139,0.3229,-0.03,-0.2955,0.0,-0.0347,-0.0261,-0.0122,-0.3605,-0.406,0.0968,-0.1156,0.0,0.0002,-0.027,-0.0271,0.0028,0.1746,-0.1237,-0.0079,-0.0151,-0.03,-0.0324,0.0,-0.0325,-0.0213
hv2_bars_since,-0.1024,-0.11,-0.0225,0.0978,0.0384,0.0179,-0.0234,-0.0245,-0.1197,-0.0343,-0.0069,0.0021,-0.0802,0.0694,0.0,-0.0067,0.0015,-0.2866,-0.3635,-0.0466,-0.0452,0.0342,0.1215,0.0522,0.1195,-0.422,-0.2895,0.0874,-0.3657,0.0474,-0.0209,0.0485,0.003,-0.0087,0.0019,-0.1031,0.0055,-0.0173,0.0293,-0.017,0.015,0.0,0.0318,-0.0174,-0.0526,-0.0811,0.0197,0.0705,0.0136,0.0436,-0.0236,0.0095,-0.0877,-0.0419,-0.0867,-0.7375,-0.6975,0.039,-0.81,-0.6068,1.0,-0.0379,0.0307,0.0,0.0329,-0.4663,-0.2171,0.6005,-0.0464,0.0019,0.0878,0.001,-0.2692,-0.0486,-0.08,-0.0837,-0.4663,-0.7719,0.0283,-0.341,-0.0789,0.0771,-0.0755,-0.1405,0.3596,-0.3696,0.0577,-0.2195,-0.2375,0.0795,0.0144,0.0343,0.0515,-0.0109,-0.0746,-0.0048,-0.0079,-0.0347,-0.0221,-0.0251,0.0442,-0.0532,0.2426,0.033,-0.0031,-0.2687,0.1908,-0.0397,0.0824,-0.2526,-0.016,0.2536,0.0042,-0.0385,0.0417,0.0332,-0.0519,0.0598,-0.0803,0.1219,-0.084,-0.0796,0.0829,-0.006,0.0636,0.0915,-0.0167,-0.077,0.0093,-0.0618,0.0266,0.0308,0.0834,-0.1455,-0.1051,0.0881,-0.0059,-0.0142,0.0299,-0.0235,0.0093,-0.0088,-0.0006,0.211,0.0229,-0.089,-0.0054,-0.0415,-0.0735,-0.0431,0.0252,0.0959,0.0083,-0.016,-0.1036,0.0696,-0.0696,-0.115,0.049,0.0487,-0.0251,0.0424,0.0658,-0.1497,0.1027,-0.0258,0.044,0.0134,0.0337,0.0597,0.0352,-0.0177,0.142,-0.0928,-0.0144,0.0142,-0.0057,-0.0215,-0.015,-0.0306,0.0385,0.0675,0.0068,0.0293,0.0497,0.0806,-0.1869,0.1905,-0.1831,-0.0082,-0.0856,0.0638,0.0055,0.0773,-0.582,-0.689,-0.0651,0.1036,-0.0629,0.1528,-0.3631,-0.3977,-0.0612,0.1455,-0.2805,0.1304,0.0583,-0.2717,0.073,0.1098,-0.2103,0.0987,0.0384,-0.1888,0.0461,-0.2332,-0.0415,-0.741,0.0359,0.0115,0.0223,0.2217,0.0346,-0.3025,-0.1944,0.0489,0.2279,0.0253,-0.2972,-0.2392,0.2991,0.0465,-0.4045,-0.2772,0.1799,0.07,0.0545,-0.0142,-0.008,-0.2097,0.0126,0.0134,0.005,0.0298,-0.042,-0.0364,-0.0467,-0.1019,-0.0882,-0.0543,0.3586,-0.127,0.0225,-0.0088,0.0,0.0,0.0,0.0194,0.0,0.0878,-0.4405,-0.063,0.0,-0.0221,-0.0534,0.0377,-0.0255,-0.2687,-0.0803,-0.0252,-0.0088,0.0225,0.0124,0.0,-0.0038,-0.0077
hv2_dir=down,0.1218,0.1219,-0.1272,0.0543,0.0095,0.0453,0.0374,0.0362,0.0281,-0.1843,-0.01,0.0278,0.3697,-0.0288,0.0802,0.0193,0.0084,-0.0438,-0.0008,-0.0747,-0.0681,0.0107,0.0914,0.0703,0.099,0.0245,-0.0111,-0.3619,0.0612,-0.2826,-0.0872,0.1111,-0.1865,-0.0103,-0.216,-0.027,0.0032,0.0206,-0.0212,0.0306,0.0239,-0.0197,0.1738,0.0362,-0.0047,0.3661,0.0029,-0.0231,0.0027,-0.0199,0.0022,-0.0332,0.1183,0.1146,0.1127,0.0931,0.0972,-0.0213,0.1036,0.1045,-0.0379,1.0,-0.0725,-0.2929,-0.8238,-0.0108,0.0314,-0.0437,0.4347,0.0018,-0.1992,-0.2882,0.0008,-0.1798,0.165,-0.0096,0.0655,0.1005,-0.0105,-0.0256,0.3854,-0.3967,-0.1591,0.1323,-0.0269,0.0034,-0.003,0.0172,-0.0143,-0.3702,-0.0003,-0.0085,-0.0614,0.0201,0.0293,0.0276,0.0281,-0.0026,-0.0215,0.0016,0.0081,-0.0319,0.0314,0.0116,0.0218,-0.0195,-0.0153,-0.0018,0.0293,0.0392,0.0092,-0.0399,-0.066,0.1126,-0.1023,-0.0691,0.0918,0.0049,-0.1589,0.0778,0.0343,0.0311,0.0043,-0.0215,0.007,-0.0111,0.0228,-0.0081,0.0255,-0.0236,-0.0159,0.0094,0.0276,-0.0323,0.1735,0.0219,-0.1981,-0.0344,0.0063,0.0271,-0.0646,-0.0062,0.0704,0.0498,0.0188,0.179,-0.193,-0.1111,0.0222,0.0259,0.0022,0.0165,-0.0423,0.0034,0.0144,0.0288,-0.0184,0.0541,0.0149,-0.0094,-0.0978,0.0202,-0.0239,0.0143,-0.0148,0.0068,-0.0099,-0.0217,0.0084,0.0125,0.0081,-0.0928,-0.015,0.002,-0.0218,0.016,-0.0067,-0.0245,0.0035,0.0171,-0.0089,0.0313,-0.0013,0.0341,0.0718,-0.2887,-0.0325,0.0312,-0.023,-0.021,-0.0194,0.0123,-0.0089,-0.4172,-0.0177,0.0424,-0.006,-0.0087,0.0224,-0.0072,0.0433,0.0393,-0.0,0.021,-0.0312,0.0354,0.0137,-0.0288,0.0,0.0555,-0.0229,0.0252,0.0678,-0.0223,0.0396,-0.0158,-0.0181,0.0571,0.0689,0.0451,-0.3015,0.0227,-0.0234,0.0092,-0.0184,-0.0364,0.0193,-0.0028,-0.0041,0.047,0.0061,-0.0235,0.0265,-0.0066,0.001,-0.0229,-0.0383,0.0217,-0.0193,0.0175,0.0218,0.0495,-0.0069,0.024,0.0055,0.0461,0.0088,0.0327,-0.0089,0.0374,0.0442,0.1181,-0.0229,-0.188,-0.1648,-0.0197,-0.0139,-0.0176,-0.2929,-0.1992,-0.0836,-0.151,-0.1429,-0.0215,-0.0144,0.0186,-0.0211,-0.0206,-0.1589,-0.0022,-0.0062,-0.0256,-0.0067,-0.1272,-0.0128,-0.0218
hv2_dir=flat,0.0217,0.019,-0.0235,-0.0136,0.0233,-0.0116,0.0258,0.0158,-0.0194,-0.0164,-0.0087,0.0024,0.0093,0.0102,0.0068,0.0172,0.0617,-0.0297,-0.0216,-0.0321,-0.0567,-0.0158,0.0164,0.0179,0.046,-0.0346,-0.0413,-0.0098,-0.0313,-0.0048,-0.007,0.0419,-0.0035,0.0093,0.0164,-0.0039,0.06,-0.0106,0.0047,-0.0082,-0.0063,-0.0017,0.0184,-0.0092,0.0171,0.0093,-0.0247,0.0002,-0.031,0.0236,-0.0108,0.0101,0.0229,0.007,0.0336,-0.0279,-0.0409,-0.0099,-0.0333,-0.0018,0.0307,-0.0725,1.0,-0.0246,-0.0693,-0.1252,-0.0343,0.0428,-0.0132,0.248,-0.0254,-0.0026,-0.0429,0.0037,-0.0079,0.033,-0.0069,-0.0249,-0.0097,-0.0233,0.0031,0.0039,-0.01,0.0022,0.0359,-0.0219,-0.0279,-0.0072,-0.034,-0.0093,-0.0003,0.0079,0.0209,0.0009,0.0063,0.0207,-0.0054,-0.0151,0.0042,-0.0017,0.0099,0.0011,0.0122,0.021,-0.0063,-0.0348,0.012,0.0124,0.0002,-0.0214,-0.0026,0.0215,0.0053,0.0082,0.0019,0.0173,-0.0108,0.0409,-0.0302,0.0287,-0.0088,-0.0264,0.0357,0.0042,0.0024,0.0225,-0.0017,-0.0031,-0.0098,0.011,-0.0114,-0.015,-0.0023,0.0034,0.0082,-0.0001,-0.008,-0.0052,0.007,-0.0037,-0.0122,0.0256,-0.0133,0.0323,0.0076,0.0043,-0.0082,-0.0105,-0.0002,-0.0024,-0.0185,0.0398,0.0068,0.0382,0.0028,-0.0211,0.0211,-0.0193,0.0027,0.001,-0.0086,-0.0103,0.0171,0.0007,-0.0199,0.0406,0.0237,-0.0035,-0.0035,-0.009,0.0118,-0.0078,-0.0079,0.0129,-0.0029,-0.0045,-0.002,-0.0082,-0.0107,-0.0171,0.0229,-0.0324,0.0132,-0.0261,0.0255,-0.0035,0.0083,-0.008,0.0031,0.0211,0.005,-0.0275,0.0614,-0.0034,-0.0658,-0.0408,-0.0018,0.011,-0.0163,0.0425,-0.0439,-0.0572,-0.0179,0.0287,-0.0581,0.0369,0.0132,-0.0533,0.0182,-0.0068,0.0061,-0.0127,-0.002,0.0112,-0.0238,-0.0479,0.014,-0.0307,-0.0126,-0.0243,-0.0042,0.0119,0.0068,-0.0248,-0.0162,0.0097,0.0133,0.0031,-0.0245,-0.0206,0.0229,0.005,-0.034,-0.0232,0.0058,0.0119,0.0078,-0.0042,0.0003,-0.0333,-0.0071,-0.0236,0.0291,-0.0152,-0.0025,-0.0013,0.0051,0.0003,-0.0005,-0.0262,0.0257,-0.0118,-0.0045,-0.0341,-0.0139,-0.0017,-0.0012,-0.0072,-0.0246,-0.0254,-0.0485,-0.016,-0.012,0.0042,-0.0135,-0.0084,0.004,-0.0349,-0.0302,0.0185,0.0256,-0.0047,-0.002,-0.0107,-0.0023,-0.0029
hv2_dir=none,-0.4845,-0.4742,0.4617,-0.0613,-0.1336,-0.1409,-0.1436,-0.1486,-0.0782,0.6325,-0.0353,-0.0301,0.0032,0.0292,-0.2739,0.0264,0.0099,0.2573,0.1296,0.2954,0.2677,-0.0134,-0.3171,-0.2925,-0.447,0.1194,0.2139,-0.0032,0.0034,0.0014,0.0311,-0.4617,0.0123,0.0145,-0.0173,0.2086,0.0066,-0.0313,0.013,-0.0037,-0.0242,0.0672,-0.6095,-0.087,0.0591,0.0001,-0.0419,-0.0057,-0.0618,-0.0057,-0.035,0.0027,-0.4748,-0.4262,-0.4727,-0.1786,-0.1812,0.0255,-0.2617,-0.3605,0.0,-0.2929,-0.0246,1.0,-0.2799,0.0,0.0,0.0,-0.2668,-0.0217,0.7373,-0.2705,0.0,0.0,0.0,0.0,-0.1379,-0.2142,-0.011,0.1646,-0.0005,0.008,0.0229,0.0094,-0.1141,0.1498,-0.0728,0.071,0.2031,-0.0018,-0.0825,-0.0246,-0.017,-0.0793,-0.0208,-0.0836,-0.0217,0.04,0.0696,-0.0067,-0.0682,0.0,-0.154,-0.0513,-0.0576,0.1391,-0.0136,-0.0147,-0.0895,0.044,0.0362,-0.0465,0.1403,-0.4287,0.3628,0.2126,-0.3195,-0.1652,0.5699,-0.2937,-0.1068,-0.0149,-0.0816,-0.0228,-0.0347,-0.0046,-0.0067,0.0418,0.0226,0.017,-0.0132,-0.0436,-0.0521,0.0888,0.0442,-0.0485,0.0163,-0.0141,0.0374,-0.0333,-0.0101,0.0266,-0.0163,-0.189,-0.0812,0.0377,0.0136,0.3845,-0.0629,-0.0044,-0.0387,-0.0825,0.1153,-0.0498,-0.0269,-0.0732,-0.038,-0.0445,-0.0899,0.0696,0.3335,-0.0234,0.0206,-0.0268,0.0473,-0.0525,-0.0129,-0.0142,-0.0142,-0.0224,-0.0118,0.3088,0.0128,-0.0415,0.0097,-0.0048,-0.0082,0.0643,-0.0316,-0.0199,0.0108,-0.0662,-0.014,-0.031,-0.2648,-0.0134,0.1349,-0.1327,0.1236,0.0973,0.075,-0.0627,0.0129,0.0091,0.2228,0.0227,0.0701,-0.0266,-0.0707,0.0012,-0.0007,0.0349,0.0312,-0.2271,0.2294,-0.1686,-0.1922,0.2281,-0.1894,-0.3186,0.1596,-0.1584,-0.3314,0.1692,-0.204,0.1628,0.0258,-0.0316,-0.3315,-0.1674,-0.0069,-0.1325,0.0138,0.1181,0.1352,0.002,-0.1287,0.0149,0.1141,0.1356,-0.1198,0.0127,0.1078,0.1206,-0.0635,0.0037,0.0027,-0.0222,0.0214,0.0471,-0.0208,-0.0235,0.0425,-0.0288,0.01,-0.2002,-0.022,-0.1098,0.0402,-0.0395,-0.2361,-0.365,0.0087,0.6968,0.5627,0.0672,0.0475,0.0048,1.0,0.7373,0.4505,0.5252,0.4878,0.0696,0.1474,0.0175,0.0682,0.1428,0.5699,0.0387,0.0266,0.0203,0.0521,0.4342,0.0428,0.0311
hv2_dir=up,0.1543,0.1486,-0.1354,-0.017,0.064,0.0377,0.0414,0.0471,0.0201,-0.1778,0.0318,-0.0109,-0.3747,0.0105,0.0767,-0.0373,-0.0238,-0.1,-0.0708,-0.0907,-0.0774,-0.0005,0.0889,0.0957,0.1518,-0.0882,-0.106,0.3669,-0.0586,0.2837,0.0707,0.1487,0.1808,0.0005,0.2152,-0.0733,-0.0165,-0.0009,0.0131,-0.0273,-0.009,-0.0188,0.1741,0.0153,-0.0321,-0.3692,0.0252,0.0264,0.0379,0.0196,0.0197,0.0302,0.152,0.1301,0.1547,-0.0025,-0.0034,0.0082,0.028,0.0699,0.0329,-0.8238,-0.0693,-0.2799,1.0,0.0312,-0.0258,0.0366,-0.2804,-0.0281,-0.222,0.4462,0.0063,0.1791,-0.1636,0.0041,0.001,0.0122,0.0184,-0.0641,-0.3874,0.3933,0.1481,-0.1387,0.0873,-0.0865,0.0494,-0.0572,-0.0977,0.3743,0.0481,0.0215,0.0683,0.0224,-0.0184,0.0166,-0.0149,-0.0182,-0.0193,0.0025,0.0297,0.0318,0.0553,0.0147,0.0124,-0.0553,0.0213,0.0073,0.0222,-0.0615,-0.0298,0.0636,-0.0156,0.1334,-0.1073,-0.0562,0.0941,0.0422,-0.165,0.0872,0.0286,-0.019,0.036,0.0336,0.0126,0.0103,-0.0188,-0.0156,-0.0372,0.0122,0.0254,0.0181,0.0028,-0.0176,-0.201,0.0061,0.1908,0.0435,-0.029,-0.0074,0.0727,-0.0132,-0.0592,0.0542,0.0253,-0.2022,0.1873,-0.109,0.0141,-0.0232,0.0231,0.0236,-0.0252,0.0194,0.0007,0.0167,0.0371,-0.0256,0.0366,-0.0309,-0.0932,-0.0052,0.0095,0.001,-0.0094,0.0172,0.0137,0.0306,0.0004,0.0018,-0.0032,-0.0841,0.0089,0.0199,0.0167,-0.0125,0.0118,-0.0112,0.0164,-0.0031,-0.0009,0.0119,0.0073,-0.0131,0.0719,0.2975,-0.0438,0.0439,-0.0463,-0.0363,-0.0233,0.0282,-0.0081,0.4144,-0.1005,-0.0493,-0.0341,0.0224,0.0209,-0.0001,-0.0362,-0.0487,-0.0135,0.1056,-0.0922,0.0559,0.0952,-0.0946,0.1064,0.1295,-0.0702,0.0682,0.1237,-0.0771,0.0817,-0.0707,0.0011,-0.0344,0.1243,0.0553,0.3075,0.0519,0.0145,-0.0736,-0.0571,0.0339,0.0529,-0.0063,-0.058,-0.1223,0.0595,0.0154,-0.0836,-0.0594,0.0349,0.019,0.0357,-0.0084,0.007,-0.0397,-0.0088,-0.0324,-0.0221,-0.0051,-0.0109,0.0693,0.003,0.0304,-0.0142,-0.0106,0.088,0.0748,0.0187,-0.2086,-0.1575,-0.0188,-0.0133,0.016,-0.2799,-0.222,-0.1688,-0.1494,-0.1365,-0.0193,-0.0686,-0.0275,-0.0189,-0.0564,-0.165,-0.0231,-0.0132,0.0148,-0.023,-0.1215,-0.0115,0.0044
hv2_dir_agree,0.0534,0.0585,0.0343,-0.0336,-0.052,-0.0085,-0.0013,0.0287,0.067,-0.0035,0.0023,-0.0098,0.0299,-0.0082,0.0,-0.0051,-0.0287,0.1286,0.1788,0.0129,0.0274,-0.0108,-0.0445,-0.0376,-0.0623,0.222,0.1562,-0.0326,0.2109,-0.0091,-0.0102,-0.0378,-0.0167,0.0178,-0.0054,0.0675,-0.0285,-0.006,0.0169,-0.0046,-0.0223,0.0,-0.0259,-0.0065,0.036,0.0295,-0.0093,-0.0098,-0.0091,-0.0161,0.014,0.006,0.0469,0.0212,0.0438,0.4068,0.385,-0.0139,0.3825,0.2582,-0.4663,-0.0108,-0.1252,0.0,0.0312,1.0,0.0931,-0.2759,0.0146,-0.0278,-0.0258,0.0027,0.3808,0.0209,0.0316,0.0505,0.2578,0.3934,-0.0149,0.1863,0.0385,-0.0497,0.0459,0.0663,-0.2021,0.208,-0.0287,0.0982,0.1357,-0.031,0.0001,-0.027,-0.0158,0.0076,0.0449,0.0305,0.0022,0.0442,0.0024,0.0145,-0.0361,0.042,-0.1183,-0.0404,-0.0124,0.1597,-0.076,0.0179,-0.0397,0.1346,0.0178,-0.1356,0.0489,0.0139,-0.0152,-0.0158,0.0301,-0.0536,0.0769,-0.1057,0.0687,0.0487,-0.0363,0.0005,-0.0156,-0.0552,0.0145,0.0366,-0.021,0.0253,-0.022,-0.008,-0.024,0.0637,0.0326,-0.0327,0.0084,-0.011,0.0031,0.0072,-0.0232,0.007,0.0162,-0.0866,-0.0084,0.0319,0.0132,0.0013,0.0365,0.0169,-0.02,-0.0424,-0.0183,-0.005,0.0616,-0.0239,0.0326,0.0497,-0.0071,-0.037,-0.0097,-0.0207,-0.0479,0.0938,-0.0543,-0.0064,-0.0108,0.0194,0.008,-0.024,-0.0302,0.0103,-0.0709,0.0449,-0.0077,0.0018,-0.002,0.039,-0.0117,-0.007,0.0009,-0.0209,-0.0053,-0.0091,-0.01,-0.0216,0.0866,-0.0868,0.0824,0.004,0.0561,-0.0302,-0.0306,-0.0324,0.3412,0.3839,0.0276,-0.0593,0.0502,-0.1038,0.1998,0.2054,0.0337,-0.0949,0.1482,-0.0819,-0.0163,0.1519,-0.0482,-0.0707,0.1231,-0.0658,-0.0235,0.1131,-0.0301,0.1296,0.0185,0.408,-0.014,0.0021,-0.0033,-0.1514,0.013,0.1523,0.1331,0.0083,-0.1551,0.0165,0.1475,0.1174,-0.1884,0.0057,0.2075,0.1706,-0.0945,-0.0042,0.005,-0.0254,0.0348,0.094,-0.0139,-0.002,-0.0009,-0.0062,0.0328,0.0348,0.0468,0.0493,0.0438,0.0698,-0.2054,0.0485,-0.02,0.017,0.0,0.0,0.0,-0.0225,0.0,-0.0258,0.2542,0.0266,0.0,0.0024,0.0142,-0.0146,0.0044,0.1597,0.0769,0.02,0.007,-0.02,-0.024,0.0,-0.0097,-0.0137
hv2_ratio,0.0273,0.0294,-0.0486,-0.0074,-0.0032,0.0179,0.004,0.0235,-0.0058,-0.0243,-0.0147,-0.0208,0.0376,-0.0344,0.0,0.0286,0.0344,0.1193,0.1585,0.0111,0.0001,0.0211,0.0257,-0.0151,-0.0463,0.239,0.1705,-0.0485,0.2229,-0.0435,-0.0236,-0.0374,-0.0251,-0.0053,-0.0352,0.0935,0.0331,-0.009,0.012,-0.0236,0.0089,0.0,0.0217,-0.0083,-0.0026,0.0351,0.0078,0.0041,0.0141,-0.0223,0.0132,0.0081,0.0303,0.0233,0.0277,0.3322,0.3184,-0.0038,0.38,0.4729,-0.2171,0.0314,-0.0343,0.0,-0.0258,0.0931,1.0,-0.5821,0.1031,-0.0182,-0.1944,-0.0005,0.2261,0.0882,0.1047,0.2456,0.1523,0.3702,0.0264,0.1508,0.0256,-0.0418,0.017,0.0213,-0.1904,0.2105,0.0063,0.0901,0.144,-0.0366,-0.0316,0.0072,-0.0482,0.0071,0.0401,0.0258,-0.0079,-0.0043,0.0117,0.0062,-0.0025,0.0015,-0.1417,-0.0664,-0.022,0.1682,-0.0439,0.0144,-0.0544,0.1246,0.0348,-0.1266,0.0067,0.0253,-0.0232,-0.0107,0.0281,-0.0195,0.0059,-0.0237,0.0217,-0.009,0.0078,0.0384,-0.005,-0.003,0.0057,0.0126,-0.0158,0.0437,-0.0069,-0.0375,-0.0386,0.0683,0.0541,-0.0594,0.0204,-0.002,-0.021,0.0287,-0.0138,-0.0238,0.0372,-0.0797,-0.0125,0.0342,-0.0191,0.0046,0.0122,-0.0162,0.0157,-0.0314,-0.0357,0.0204,0.0429,-0.0036,0.0215,0.0529,0.0081,-0.0463,0.0078,-0.0116,-0.0234,0.0599,-0.0489,0.0216,0.0036,-0.0054,0.0041,0.0166,-0.0171,-0.0067,-0.0764,0.0333,-0.0097,-0.0042,0.0344,0.0013,-0.0035,0.0087,-0.0077,-0.0217,0.0232,-0.0181,-0.0075,-0.034,0.112,-0.1123,0.11,0.0397,0.0531,-0.0089,0.0329,-0.0554,0.2808,0.3149,0.057,-0.0689,0.0195,-0.0998,0.1684,0.1904,0.0605,-0.1312,0.1491,-0.0914,-0.0797,0.1484,-0.0752,-0.1326,0.1707,-0.0898,-0.0714,0.1661,-0.0775,0.1423,0.0567,0.3403,0.0159,0.0885,-0.036,-0.178,0.002,0.1819,0.1978,-0.0012,-0.1811,0.0127,0.1775,0.1977,-0.2194,-0.0055,0.2336,0.2368,-0.1061,-0.0102,-0.004,-0.0196,0.0315,0.1032,-0.0438,0.0286,-0.0084,0.0036,0.0078,-0.0062,0.0184,0.0295,0.0278,0.0151,-0.1506,0.1056,0.0008,-0.0359,0.0,0.0,0.0,0.0004,0.0,-0.1944,0.3852,0.0032,0.0,0.0117,0.0042,-0.0148,0.0124,0.1682,0.0059,-0.0157,-0.0238,0.0008,-0.008,0.0,-0.0148,-0.0073
hv3_bars_since,-0.025,-0.0334,-0.0851,-0.0283,0.0836,0.0283,0.0154,-0.0251,-0.0796,-0.0318,0.0168,0.0166,-0.0465,0.05,0.0,-0.0264,-0.0324,-0.282,-0.3001,-0.1086,-0.0869,-0.0469,0.0614,0.0624,0.2089,-0.3603,-0.2825,0.0672,-0.2947,0.0349,-0.0155,0.1682,0.0032,0.0059,0.0119,-0.1256,-0.03,-0.0122,0.0297,-0.0086,0.0155,0.0,0.0506,-0.0123,-0.0609,-0.0444,0.032,0.0649,0.0209,0.0273,-0.0007,-0.0038,-0.012,0.0234,-0.0136,-0.5224,-0.5558,0.0307,-0.6381,-0.7666,0.6005,-0.0437,0.0428,0.0,0.0366,-0.2759,-0.5821,1.0,-0.0859,-0.0022,0.0,0.0863,-0.3392,-0.1719,-0.2205,-0.1241,-0.3723,-0.6079,0.0201,-0.3122,-0.0516,0.0475,-0.0618,-0.0941,0.2911,-0.2999,0.035,-0.1904,-0.2404,0.0458,0.0264,0.0142,0.0421,0.0054,-0.0368,0.0683,-0.0182,-0.0219,-0.0075,-0.0161,0.0275,-0.0576,0.2156,0.0347,0.038,-0.2377,0.1264,0.0008,0.1128,-0.1875,-0.0296,0.1892,-0.0313,0.0141,0.0045,0.0184,-0.0223,0.0575,-0.1198,0.1097,-0.055,-0.0304,0.0862,-0.0069,0.0499,0.0471,-0.0023,-0.0894,0.033,-0.0517,0.0171,0.0527,0.0873,-0.1291,-0.0945,0.0965,-0.0267,0.0108,0.017,-0.0324,0.0141,-0.0025,-0.0115,0.2236,0.0472,-0.0885,-0.0217,-0.0318,-0.0879,-0.0098,-0.0059,0.0916,0.0152,-0.0062,-0.0877,0.0486,-0.0566,-0.1046,0.0363,0.0429,-0.0225,0.0286,0.0432,-0.1179,0.0833,-0.0177,0.0328,0.0128,0.0261,0.0184,-0.0043,0.0,0.0845,-0.0265,-0.0153,-0.009,-0.0222,-0.0449,-0.017,-0.0446,0.0626,0.0531,-0.0031,0.0017,0.1048,0.0465,-0.1839,0.1847,-0.1827,-0.0277,-0.0895,0.0407,-0.0307,0.0665,-0.4751,-0.5093,-0.0672,0.1327,-0.0447,0.1222,-0.3245,-0.3497,-0.0521,0.1749,-0.2879,0.1602,0.0961,-0.278,0.1247,0.1737,-0.2302,0.1051,0.1,-0.2177,0.0866,-0.2256,-0.0514,-0.5297,0.0195,-0.0978,0.0482,0.2162,0.0358,-0.2861,-0.2181,0.05,0.2208,0.0243,-0.2794,-0.2608,0.2715,0.0497,-0.3606,-0.2745,0.1569,0.066,0.0521,-0.0176,-0.0022,-0.1741,0.0169,-0.0308,-0.0066,0.0103,-0.0549,0.0602,0.0329,-0.0484,-0.0405,-0.0415,0.2793,-0.1636,0.002,-0.1058,0.0,0.0,0.0,-0.0156,0.0,0.0,-0.704,-0.0623,0.0,-0.0075,-0.0288,0.0348,-0.0098,-0.2377,-0.1198,0.0059,-0.0025,0.002,0.0,0.0,0.0,-0.0095
hv3_dir=down,0.1892,0.1866,-0.1864,-0.0118,0.0327,0.0667,0.0477,0.0758,0.0282,-0.1758,0.0044,0.0234,0.1759,-0.0264,0.0731,-0.0044,0.0279,-0.051,0.0159,-0.1036,-0.1012,-0.0004,0.1009,0.0957,0.1595,0.0173,-0.053,-0.1884,0.0329,-0.1167,-0.0891,0.1605,-0.1658,-0.0137,-0.2244,-0.0433,0.0144,0.0326,-0.0334,0.0413,0.0273,-0.0179,0.1784,0.0483,-0.0003,0.1741,0.0013,-0.0216,-0.0034,-0.0206,-0.0031,-0.0346,0.1705,0.14,0.1754,0.0872,0.1079,0.0084,0.1134,0.1677,-0.0464,0.4347,-0.0132,-0.2668,-0.2804,0.0146,0.1031,-0.0859,1.0,-0.0582,-0.3618,-0.7249,0.0035,-0.1049,0.1004,0.0163,0.0797,0.1112,0.0202,0.0134,0.2068,-0.2154,-0.0688,0.0652,-0.0361,0.0072,0.0185,0.01,-0.0267,-0.1763,0.0153,0.0071,-0.0223,0.0227,0.0329,0.0044,0.0016,0.0032,0.0107,0.0036,-0.01,-0.0034,0.021,0.0253,-0.002,-0.0148,-0.0138,0.0043,0.0262,0.0387,0.0125,-0.0396,-0.0492,0.1448,-0.1133,-0.0563,0.1141,0.03,-0.1789,0.0801,0.0468,-0.0174,0.0112,0.0251,-0.0124,0.0128,0.0036,0.001,-0.0082,-0.0085,-0.0088,-0.0194,0.0317,-0.0191,0.0966,0.0119,-0.11,-0.0125,0.001,0.0114,-0.0197,-0.0109,0.0305,0.0404,0.0156,0.098,-0.0989,-0.1102,0.0312,-0.0101,0.012,0.0086,-0.0267,0.0196,0.009,0.0124,0.0155,0.0271,0.0128,-0.0147,-0.0928,0.0081,0.0027,0.0074,-0.0172,0.0168,-0.0208,0.0025,-0.0279,0.0113,0.0136,-0.0845,-0.0008,0.0054,0.0186,0.0216,-0.0044,-0.0237,0.0265,0.0072,-0.0148,0.019,-0.0078,0.0126,0.1043,-0.1587,-0.0207,0.0197,-0.0167,-0.0259,-0.0278,0.0151,0.0173,-0.246,-0.031,0.0501,0.0098,0.01,0.0452,-0.0205,0.0686,0.0499,-0.0021,0.0238,-0.0321,0.0205,0.0262,-0.0345,0.0102,0.0508,0.0176,-0.0078,0.0766,0.0145,0.0196,-0.0363,0.0131,0.0555,0.077,0.1001,-0.2221,0.034,-0.0371,0.0139,-0.0317,-0.0454,0.0313,-0.022,0.0057,0.0399,0.0231,-0.0374,0.0196,-0.0072,0.0197,-0.0393,-0.0435,0.0368,-0.0308,0.0197,0.0341,0.0802,-0.0074,0.0684,-0.0206,0.0372,0.0052,0.0374,0.0013,0.0444,0.0519,0.183,-0.0099,-0.2587,-0.1501,-0.0179,-0.0127,-0.0091,-0.2668,-0.3618,-0.1733,-0.1591,-0.1301,0.0107,-0.0235,-0.0011,0.0111,-0.0158,-0.1789,-0.012,-0.0109,-0.0127,-0.022,-0.1158,-0.0254,-0.0186
hv3_dir=flat,0.033,0.0319,-0.0207,0.002,-0.0018,-0.0043,-0.0139,0.0186,0.025,-0.0145,0.022,-0.0083,0.0038,0.0241,0.0059,-0.0047,0.0504,-0.0198,-0.0013,-0.025,-0.0456,-0.0255,-0.0036,-0.0221,-0.0069,0.0021,-0.0394,-0.0122,-0.0208,-0.0144,-0.0048,0.0192,-0.0023,0.0226,0.0021,-0.0121,0.0527,-0.0005,0.0138,-0.0018,-0.0143,-0.0015,0.0162,0.0007,0.0179,0.0038,-0.0286,-0.0088,-0.019,0.0373,0.0191,0.0192,0.0395,0.032,0.0364,0.0035,0.0073,0.0028,-0.0027,0.0228,0.0019,0.0018,0.248,-0.0217,-0.0281,-0.0278,-0.0182,-0.0022,-0.0582,1.0,-0.0295,-0.059,-0.0915,-0.0027,-0.0075,-0.017,0.0166,0.0126,-0.0124,-0.0109,-0.003,0.0084,0.0103,0.0357,0.012,0.0023,-0.0038,0.0299,-0.0224,-0.0038,-0.0204,-0.0019,0.0038,-0.0075,0.0066,0.0105,-0.0047,-0.0133,-0.0117,0.1532,0.0058,0.0003,-0.0029,0.0075,0.002,-0.0043,-0.0067,0.0029,0.0194,-0.0128,-0.0023,0.013,0.0157,0.0369,-0.0337,-0.0155,0.0163,0.0296,-0.0168,0.0163,-0.0053,0.0198,0.0216,-0.0153,0.025,0.0087,-0.0015,0.019,-0.0187,-0.01,-0.0101,0.0045,-0.0155,-0.0111,0.0016,0.012,-0.0164,0.0031,-0.013,0.0134,-0.0138,0.0008,0.0129,0.0204,0.0124,-0.0017,0.0254,-0.0093,0.0217,-0.0172,-0.0105,0.0135,0.0006,0.0272,-0.0082,-0.0041,-0.0012,0.0111,-0.0058,-0.0025,-0.0076,-0.0091,-0.0078,0.0077,-0.0048,0.0088,0.0639,-0.0031,-0.0031,-0.0079,0.016,-0.0069,0.0085,-0.0269,-0.0025,-0.004,-0.0018,-0.0073,-0.0094,0.0089,-0.0009,-0.0087,0.0057,-0.0095,0.0153,-0.004,-0.0085,0.006,-0.0097,0.019,0.0057,-0.0073,0.0499,0.0042,-0.0251,-0.0052,-0.0239,0.001,-0.0009,0.008,-0.0303,-0.0261,0.0077,0.0229,-0.0443,0.0311,0.004,-0.0427,0.0248,-0.0,-0.0053,0.002,-0.0097,-0.003,-0.0115,-0.037,0.0059,0.0002,-0.0,-0.0074,0.0018,0.0012,0.0137,-0.0185,-0.0082,0.0152,0.0001,0.008,-0.0187,-0.0213,0.005,0.0143,-0.0254,-0.0148,0.0205,0.0164,0.0138,-0.0129,0.0051,-0.0315,0.0119,-0.0002,-0.0015,-0.0078,0.023,0.022,0.0205,0.0194,0.0184,-0.0171,-0.0028,-0.0024,-0.004,-0.0301,-0.0122,-0.0015,-0.001,-0.0064,-0.0217,-0.0295,-0.0482,0.0026,-0.0106,-0.0117,0.0142,-0.0074,0.0079,-0.0044,-0.0168,0.0105,0.0008,-0.0041,-0.0018,-0.0094,-0.0021,-0.0025
hv3_dir=none,-0.5994,-0.5926,0.5516,0.1617,-0.1518,-0.186,-0.1948,-0.2015,-0.1061,0.4859,-0.0479,-0.0268,-0.0073,0.0472,-0.202,0.0054,-0.0182,0.2452,0.0777,0.3263,0.3075,0.0641,-0.2502,-0.2841,-0.4968,0.0748,0.217,0.0021,-0.0223,0.0086,0.0207,-0.5518,0.0108,0.0142,0.0121,0.1832,-0.0114,-0.0324,0.0281,-0.0054,0.0036,0.0495,-0.511,-0.0757,0.0543,-0.011,-0.0407,-0.0101,-0.0684,-0.0048,-0.0388,-0.0075,-0.5818,-0.4959,-0.5827,-0.1645,-0.2311,0.0071,-0.2558,-0.406,0.0878,-0.1992,-0.0254,0.7373,-0.222,-0.0258,-0.1944,0.0,-0.3618,-0.0295,1.0,-0.3668,0.0,0.0,0.0,0.0,-0.1569,-0.2102,-0.0375,0.1071,-0.0116,0.0173,0.0227,0.0088,-0.0658,0.1028,-0.064,0.0261,0.2012,0.0083,-0.11,-0.0438,0.0004,-0.0752,-0.0563,-0.0552,-0.0023,0.0575,0.0513,-0.0091,-0.0742,0.0043,-0.1003,-0.0456,-0.0348,0.0912,0.0021,-0.0233,-0.0755,0.0173,0.0227,-0.0189,0.1178,-0.5046,0.4003,0.1961,-0.3662,-0.1897,0.5239,-0.2786,-0.0887,-0.0374,-0.07,-0.0549,-0.0242,-0.0142,-0.0091,0.0569,0.004,0.0211,-0.0104,-0.0452,-0.0672,0.0803,0.0351,-0.0593,0.0386,-0.0301,0.0545,-0.0388,-0.0227,0.0347,-0.0118,-0.1871,-0.1106,0.0387,0.0312,0.3047,-0.0259,-0.025,-0.0165,-0.0659,0.0792,-0.0517,-0.0156,-0.0464,-0.049,-0.01,-0.0716,0.0601,0.2508,-0.018,0.0074,-0.0112,0.0378,-0.0559,-0.0136,-0.0054,0.0084,-0.0218,-0.0091,0.2335,0.0312,-0.0618,0.0012,0.0073,-0.0111,0.0858,-0.0309,0.0013,-0.0156,-0.051,0.0028,-0.0346,-0.3047,0.0125,0.122,-0.1204,0.1119,0.1018,0.077,-0.0598,-0.0149,0.0241,0.1987,-0.0459,0.0412,-0.0127,-0.1017,0.0124,-0.0227,0.0085,0.0264,-0.2264,0.2086,-0.1528,-0.2086,0.2109,-0.1897,-0.3085,0.0741,-0.0949,-0.3546,0.0885,-0.1677,0.1665,0.0091,-0.0639,-0.2861,-0.1327,0.0005,-0.1207,0.0319,0.0795,0.1208,0.0195,-0.1171,0.0314,0.0759,0.114,-0.1066,0.0336,0.0676,0.0947,-0.0364,0.0235,0.0218,-0.0371,0.0322,0.0244,-0.0087,-0.0226,0.025,-0.0245,0.0288,-0.1762,-0.0404,-0.1085,0.0302,-0.0247,-0.1914,-0.4555,0.018,0.775,0.4148,0.0495,0.035,0.0076,0.7373,1.0,0.611,0.4404,0.3597,0.0513,0.1316,0.0065,0.0498,0.0939,0.5239,0.0165,0.0347,0.0262,0.0607,0.3201,0.0701,0.052
hv3_dir=up,0.2454,0.2431,-0.2149,-0.1068,0.0787,0.0702,0.0969,0.0692,0.0461,-0.1783,0.0276,-0.0025,-0.1707,-0.0116,0.0741,0.0011,-0.0215,-0.1258,-0.0726,-0.132,-0.1178,-0.043,0.0829,0.1155,0.2054,-0.0722,-0.1005,0.1882,-0.0136,0.1121,0.0744,0.2411,0.1579,0.0002,0.2195,-0.0785,-0.0134,-0.0088,0.0108,-0.037,-0.0278,-0.0182,0.1934,0.007,-0.0419,-0.1662,0.0324,0.0302,0.0561,0.0189,0.0288,0.0374,0.2503,0.2189,0.2465,0.0233,0.047,-0.014,0.0596,0.103,0.001,-0.2882,-0.0026,-0.2705,0.4462,0.0027,-0.0005,0.0863,-0.7249,-0.059,-0.3668,1.0,0.0101,0.1053,-0.0991,-0.0137,0.0217,0.0321,0.009,-0.0895,-0.1975,0.2011,0.0506,-0.0764,0.0825,-0.0827,0.0289,-0.0332,-0.1176,0.1704,0.0681,0.0252,0.0215,0.0311,0.0075,0.0341,0.0007,-0.0434,-0.0467,-0.0182,0.0636,0.0002,0.0527,0.0071,0.0272,-0.0514,0.0132,0.0116,0.0264,-0.0495,-0.0287,0.0516,-0.0393,0.2197,-0.1752,-0.0852,0.1519,0.0699,-0.2027,0.1217,0.019,0.0419,0.0367,0.0167,0.0267,-0.0035,0.0033,-0.0453,0.0079,-0.0056,0.0178,0.0518,0.0196,-0.0377,-0.1223,0.0299,0.0837,0.0341,-0.0391,0.0151,0.0382,-0.0146,-0.0235,0.0939,0.063,-0.1259,0.0723,-0.1118,-0.0152,0.0305,0.0016,0.0374,-0.0314,0.0145,0.0036,0.0222,0.0206,-0.0212,0.0404,-0.0289,-0.0899,0.0063,-0.007,-0.0003,-0.0099,0.0229,0.0218,0.0019,0.0221,0.0057,-0.0091,-0.0857,-0.0232,0.0436,-0.0191,-0.0263,0.0128,-0.0382,-0.0025,-0.0094,0.0263,0.0196,0.0049,0.0138,0.1147,0.15,-0.0667,0.0668,-0.0631,-0.0504,-0.028,0.0297,-0.0133,0.2273,-0.1109,-0.0157,-0.0366,-0.0008,0.0294,0.0103,-0.0484,-0.0521,-0.0174,0.1388,-0.1145,0.0869,0.126,-0.114,0.125,0.1752,-0.071,0.0769,0.1844,-0.0789,0.1047,-0.0805,-0.0205,-0.0086,0.1326,-0.0017,0.221,0.0542,0.0118,-0.0696,-0.0556,0.0289,0.0545,-0.0022,-0.0586,-0.1203,0.0542,0.0107,-0.0655,-0.0601,0.0041,0.0197,0.0256,-0.0077,0.0065,-0.0331,-0.0293,-0.0635,-0.0107,-0.0492,-0.0037,0.0886,0.0215,0.0393,-0.026,-0.0238,0.0887,0.1357,-0.0028,-0.305,-0.1522,-0.0182,-0.0129,0.0045,-0.2705,-0.3668,-0.2676,-0.1639,-0.1319,-0.0467,-0.0748,-0.0026,-0.0486,-0.0524,-0.2027,-0.0016,-0.0146,-0.0059,-0.0223,-0.1174,-0.0257,-0.0191
hv3_dir_agree,0.0134,0.0164,0.0283,0.0077,-0.0328,0.0026,-0.0273,0.0191,0.0378,0.0189,-0.0132,0.004,-0.0075,-0.0321,0.0,0.0025,-0.0202,0.1128,0.1309,0.036,0.0429,0.0147,-0.0213,-0.0233,-0.0769,0.1719,0.1474,-0.0071,0.1739,0.0034,-0.0041,-0.0665,-0.0111,-0.0012,0.0177,0.0862,-0.0171,0.0177,-0.0082,0.0069,-0.0167,0.0,-0.0055,0.018,-0.001,-0.004,0.0048,-0.0295,-0.0035,-0.035,-0.0122,-0.0107,-0.0001,-0.0214,0.0047,0.2894,0.2711,-0.0027,0.3022,0.2397,-0.2692,0.0008,-0.0429,0.0,0.0063,0.3808,0.2261,-0.3392,0.0035,-0.0915,0.0,0.0101,1.0,0.0796,0.0384,0.0532,0.188,0.3074,0.0054,0.1119,0.0142,-0.0259,0.0337,0.0243,-0.1546,0.1609,-0.0099,0.0833,0.1175,0.0064,-0.0145,-0.0442,-0.017,0.0154,0.01,0.0739,0.0254,0.0199,-0.0037,-0.0046,-0.0189,0.0008,-0.1287,-0.0281,-0.0412,0.1616,-0.0664,-0.032,-0.049,0.1058,0.0231,-0.1072,0.0083,-0.0248,0.0126,-0.0038,-0.0034,-0.0648,0.0652,-0.087,0.0584,-0.0055,-0.0335,0.0133,-0.0133,-0.0309,-0.0046,0.0331,-0.0039,0.0283,-0.0167,-0.0195,-0.0423,0.0642,0.0325,-0.0458,0.0248,0.0156,-0.0078,-0.006,0.0052,-0.0016,-0.0037,-0.0649,-0.048,0.0298,0.011,0.0189,0.0322,0.001,0.0097,-0.0692,-0.0154,-0.0141,0.0531,-0.0174,0.0371,0.087,-0.0275,-0.0334,0.0134,-0.011,-0.0273,0.0674,-0.042,-0.0045,-0.0166,0.0143,-0.015,-0.0033,-0.0291,0.0,-0.081,0.0317,-0.0445,-0.0114,0.0039,0.0054,0.0058,0.0431,-0.0357,-0.0072,-0.0143,0.0215,-0.038,-0.015,0.0737,-0.0771,0.0788,0.0005,0.0592,-0.0162,-0.0189,-0.0058,0.2609,0.2724,0.0584,-0.0453,0.01,-0.0758,0.1512,0.152,0.028,-0.1002,0.1164,-0.0783,-0.0738,0.1204,-0.073,-0.064,0.1153,-0.0434,-0.0622,0.1097,-0.0272,0.1122,-0.0018,0.2938,-0.0267,0.0156,-0.0068,-0.1172,-0.0119,0.1448,0.1272,-0.0149,-0.1202,-0.0104,0.1439,0.1235,-0.1474,-0.019,0.1786,0.1625,-0.0635,-0.0259,-0.017,-0.0024,0.0072,0.0825,-0.0004,-0.0009,-0.0073,-0.0258,0.0228,0.0085,0.0216,0.0548,0.0554,0.009,-0.2205,0.0375,0.0142,0.026,0.0,0.0,0.0,0.0147,0.0,0.0,0.4001,0.0367,0.0,-0.0037,0.0473,-0.0213,-0.0044,0.1616,0.0652,-0.0097,-0.0016,0.0142,0.0,0.0,0.0,0.0189
hv3_low_held,0.0056,0.0067,0.0243,-0.0316,0.0284,-0.0048,-0.0244,0.0056,0.0212,0.0,0.0024,-0.0132,-0.2554,-0.0003,0.0,0.0248,0.0131,-0.0016,0.001,-0.0025,-0.0083,-0.008,-0.0118,-0.0281,-0.0531,-0.0232,-0.0431,0.2328,-0.0585,0.2354,-0.0256,-0.0497,-0.0163,0.0511,-0.0415,-0.0336,0.0028,0.022,-0.0281,0.0106,-0.0028,0.0,-0.0103,0.0218,0.0025,-0.2507,0.0054,0.0135,0.0155,-0.0207,0.016,-0.0469,0.0069,0.0257,-0.0182,0.0115,0.0178,-0.0371,0.0652,0.1196,-0.0486,-0.1798,0.0037,0.0,0.1791,0.0209,0.0882,-0.1719,-0.1049,-0.0027,0.0,0.1053,0.0796,1.0,-0.2839,0.0592,0.0449,0.0473,-0.0117,0.0296,-0.254,0.2531,0.0967,-0.0618,0.0002,0.0045,-0.001,0.0119,-0.0247,0.2554,0.019,-0.0222,0.0124,-0.0032,-0.0099,-0.0529,0.0202,0.0272,-0.0123,0.0315,-0.0198,0.0351,0.0544,-0.004,0.009,-0.0468,0.0276,-0.0333,0.0552,-0.0088,-0.0106,0.0092,0.0022,0.02,-0.0181,-0.0056,0.0169,0.0024,0.0305,0.0041,-0.0181,0.0097,-0.0197,0.0549,-0.0191,0.0002,-0.0106,-0.0101,-0.0218,0.0021,0.0359,0.0063,0.0184,-0.0224,-0.117,0.0157,0.0922,0.0395,-0.0233,-0.011,0.025,-0.0025,-0.0226,0.0078,-0.0041,-0.1497,0.1352,0.0,-0.0101,-0.0088,0.0173,-0.0087,-0.0211,0.0125,-0.0135,0.0243,0.0148,-0.0029,0.0217,-0.0308,0.0,-0.0196,0.0058,-0.0075,0.0063,0.0119,-0.0138,-0.0002,0.0197,0.0039,-0.0179,0.0,-0.0178,0.0222,-0.0049,0.0064,0.0148,0.0166,0.0034,0.0074,-0.013,0.0334,-0.0111,0.0288,0.0067,0.1492,-0.0273,0.0323,-0.0321,-0.0231,0.017,0.03,0.0189,0.2292,-0.0183,-0.0045,-0.0293,0.0192,-0.0076,0.033,0.0047,0.0012,-0.03,0.0096,0.003,-0.0047,0.0071,-0.0024,-0.0038,0.0097,0.0131,-0.0203,0.0088,0.0062,-0.0265,-0.0398,-0.0148,0.0116,0.0037,0.0516,0.0528,0.0406,-0.0226,-0.0135,-0.0447,-0.0227,0.0431,-0.0327,-0.0078,-0.0335,0.0451,-0.0262,-0.0227,-0.047,0.0493,-0.0264,-0.0203,0.0239,-0.0308,-0.0119,0.0422,0.0548,-0.037,0.0592,0.0392,-0.0181,-0.0097,0.0415,0.0464,-0.0066,0.0176,0.048,-0.0319,-0.0009,0.0,0.0,0.0,0.0228,0.0,0.0,0.0,0.042,0.0,-0.0123,0.014,-0.0328,-0.0084,-0.0468,0.0305,-0.0173,-0.0025,-0.0319,0.0,0.0,0.0,-0.0106
hv3_high_held,-0.018,-0.0168,0.0114,0.0339,-0.0146,-0.0096,0.0062,-0.0113,0.0137,0.0,-0.0273,-0.0281,0.2824,0.0131,0.0,0.011,-0.0062,0.0244,0.0289,0.0056,0.0133,0.0113,-0.0014,-0.0267,-0.0353,0.0129,-0.0004,-0.2488,-0.0041,-0.2313,0.0383,-0.0428,0.0251,-0.055,0.0457,0.0048,-0.0015,0.0339,-0.0397,0.0685,-0.0721,0.0,0.0007,0.0339,0.0272,0.2793,0.0068,-0.0224,-0.0084,-0.0076,0.0019,0.0069,-0.0139,-0.0171,-0.0078,0.012,0.0059,-0.0263,0.1177,0.1564,-0.08,0.165,-0.0079,0.0,-0.1636,0.0316,0.1047,-0.2205,0.1004,-0.0075,0.0,-0.0991,0.0384,-0.2839,1.0,0.0281,0.0848,0.105,-0.0394,0.0383,0.2855,-0.2705,-0.068,0.1201,-0.0042,-0.0094,-0.013,0.034,0.0007,-0.2824,-0.014,0.014,-0.0248,0.0021,0.0049,-0.0311,0.0005,-0.0103,-0.0197,-0.0099,0.0209,0.0365,-0.004,-0.0075,-0.0219,0.0248,0.0113,-0.0455,0.01,-0.0123,0.0337,0.0111,-0.0009,-0.0096,0.0023,-0.0035,0.0013,-0.0202,-0.0155,-0.0233,0.0313,0.0332,0.008,-0.0155,0.0169,0.0065,-0.0099,0.0389,-0.0098,-0.0112,-0.0166,-0.0152,-0.0278,0.0122,0.1406,-0.0107,-0.121,-0.057,-0.021,0.0854,-0.0381,0.0121,0.0264,0.001,0.0242,0.1652,-0.1148,0.0,0.0389,0.0096,-0.0118,0.0017,-0.0216,-0.0136,0.0684,-0.0206,-0.0005,0.025,0.0101,-0.0149,0.0,0.033,0.0131,0.0549,-0.0559,-0.0113,-0.0241,0.0028,0.0232,-0.0073,0.0394,0.0,-0.01,-0.0117,0.0168,0.0238,-0.0141,-0.0139,0.0289,0.0058,-0.0195,-0.028,0.009,-0.004,-0.0,-0.2021,0.0203,-0.018,0.0121,0.0296,-0.0129,-0.0145,-0.0128,-0.2492,-0.0265,-0.0179,-0.0341,-0.023,-0.0016,0.0508,0.0097,0.0018,0.0122,-0.0366,0.0397,-0.0559,-0.014,0.0444,-0.0438,-0.01,0.0386,0.0054,-0.0185,0.0412,-0.0097,-0.0027,0.0067,0.0126,-0.0288,0.0029,-0.0584,0.0199,-0.041,0.032,-0.03,-0.0403,0.0181,-0.0365,0.0324,0.0137,0.0188,-0.0387,0.0229,-0.0251,0.0065,-0.0351,-0.0434,0.037,-0.0426,-0.0104,0.039,-0.0536,0.0814,-0.0452,0.0202,0.0022,0.0116,0.0296,0.0377,0.0242,-0.0123,-0.011,0.0139,0.055,0.0,0.0,0.0,-0.0061,0.0,0.0,0.0,0.002,0.0,-0.0197,-0.0136,0.022,-0.0208,0.0248,-0.0155,0.0118,0.0121,0.0139,0.0,0.0,0.0,-0.0099
hv3_ratio,0.0045,0.0049,-0.0444,-0.007,-0.004,0.027,0.0091,0.0118,-0.0398,-0.0018,0.0038,-0.0253,-0.0029,-0.0192,0.0,0.0318,0.0426,0.0426,0.0703,0.001,-0.0162,-0.0008,0.004,-0.0158,-0.0335,0.1167,0.0882,0.0081,0.1112,0.0113,0.0031,-0.0609,0.0002,0.0001,-0.0075,0.0606,0.0506,0.0183,0.0001,0.0167,0.0118,0.0,0.0185,0.0181,-0.0306,-0.0017,0.0634,0.005,0.0481,-0.0463,0.0673,-0.0056,0.028,0.0475,0.0022,0.1377,0.1448,-0.0498,0.1676,0.2782,-0.0837,-0.0096,0.033,0.0,0.0041,0.0505,0.2456,-0.1241,0.0163,-0.017,0.0,-0.0137,0.0532,0.0592,0.0281,1.0,0.0659,0.1665,-0.0202,0.0651,-0.0008,-0.0102,0.0272,0.0132,-0.0915,0.1121,-0.0238,0.0339,0.0808,0.003,-0.008,-0.0114,-0.0092,0.0002,-0.0202,0.0349,-0.0012,-0.0158,0.0424,0.0059,-0.016,-0.0023,-0.0728,-0.0311,-0.0354,0.0973,-0.0135,-0.0057,-0.0164,0.0474,0.0197,-0.0486,-0.0149,0.044,-0.0345,-0.009,0.0395,-0.0225,0.0048,-0.0123,0.0105,0.046,-0.0274,0.0033,-0.001,-0.0214,-0.015,-0.0059,-0.0387,0.0339,-0.0215,-0.0121,0.0196,0.0359,0.0306,-0.0422,0.0223,0.0116,-0.0377,0.036,0.025,-0.0376,0.012,-0.0171,-0.0181,-0.0064,-0.0009,0.0362,-0.0076,0.0284,0.0304,-0.028,-0.0173,0.001,0.0082,0.0101,0.0176,-0.0171,0.0249,-0.0302,0.0239,-0.0072,-0.0236,0.0191,-0.008,0.0035,0.0071,-0.0171,0.002,-0.0069,-0.0027,0.0,-0.0178,0.0265,0.0088,-0.0065,0.0194,0.0035,-0.0207,-0.0006,0.0067,-0.0043,0.0193,-0.0373,0.0001,-0.0058,0.0434,-0.0456,0.0382,-0.0104,0.0684,0.0083,0.0406,-0.0116,0.1227,0.1337,0.026,-0.0418,-0.0062,-0.0662,0.0718,0.0922,0.0155,-0.0681,0.0733,-0.0642,-0.0537,0.0721,-0.0602,-0.0861,0.1317,-0.0742,-0.042,0.1295,-0.064,0.07,0.0273,0.1427,0.0086,0.0726,-0.0194,-0.0864,-0.0055,0.0884,0.127,-0.0027,-0.0868,-0.0051,0.0884,0.119,-0.1116,-0.0091,0.1105,0.121,-0.0489,-0.0092,-0.0054,-0.0095,0.01,0.0362,0.0028,0.0331,-0.0131,0.0336,0.0181,-0.0265,-0.0066,0.0467,0.0482,-0.0046,-0.0708,0.0574,-0.0314,-0.044,0.0,0.0,0.0,-0.03,0.0,0.0,0.1683,0.0273,0.0,0.0424,0.011,0.0031,0.0429,0.0973,0.0048,-0.0304,-0.0376,-0.0314,0.0,0.0,0.0,0.009
vol_ratio20_at_choch,0.1797,0.1866,-0.1252,-0.0685,-0.0441,-0.0193,0.0422,0.0649,0.1355,0.0256,0.0363,0.0383,0.0436,0.051,-0.0488,0.0097,-0.051,0.2399,0.3398,0.0035,0.0287,-0.0398,-0.072,0.0044,-0.029,0.3826,0.1354,-0.0465,0.1913,-0.0196,0.0203,0.0453,0.0048,0.0436,-0.0045,0.0255,-0.048,-0.0179,-0.0021,0.0046,-0.0297,-0.0192,0.027,-0.021,0.1214,0.0444,-0.071,-0.0573,-0.0512,0.0198,0.005,0.0229,0.1583,0.0933,0.1653,0.4262,0.417,-0.0278,0.5835,0.4121,-0.4663,0.0655,-0.0069,-0.1379,0.001,0.2578,0.1523,-0.3723,0.0797,0.0166,-0.1569,0.0217,0.188,0.0449,0.0848,0.0659,1.0,0.6764,0.005,0.361,0.0735,-0.0317,0.1416,0.1837,-0.2562,0.3295,-0.0531,0.4597,0.1089,-0.0435,0.014,-0.0257,-0.0301,0.0112,0.0708,0.002,-0.007,0.0678,0.0264,0.0,-0.0645,0.1479,-0.2022,-0.0436,-0.013,0.2239,-0.1268,-0.0061,-0.1007,0.1595,0.0241,-0.1609,0.1273,0.0985,-0.0782,-0.0417,0.1004,-0.0539,-0.0105,-0.1021,0.1167,0.1153,-0.1156,0.0087,-0.0197,-0.0946,0.0135,0.1114,-0.0077,-0.0083,0.0109,-0.0376,-0.0734,0.0779,0.0493,-0.01,-0.0363,0.0018,-0.0313,0.0379,-0.0065,0.0281,-0.0212,-0.1683,-0.0018,0.0737,0.0638,0.0109,0.1103,0.0778,-0.055,-0.1056,-0.005,0.0214,0.1303,-0.0927,0.0885,0.1509,-0.0688,-0.0677,0.049,-0.006,-0.0768,0.1721,-0.13,0.0254,-0.0192,-0.0071,-0.0297,-0.0548,-0.0544,0.0045,-0.1375,0.0695,0.0044,-0.0103,0.0009,0.0315,0.0418,0.0484,-0.067,-0.0305,-0.086,-0.0008,-0.0006,-0.0632,0.0845,-0.0863,0.0815,-0.0267,0.1073,-0.0323,-0.0543,-0.0603,0.2983,0.3599,0.0537,-0.0763,0.0478,-0.0461,0.2975,0.2944,0.0621,-0.0922,0.2121,-0.1091,-0.0311,0.2122,-0.0619,-0.048,0.1645,-0.0865,-0.0121,0.1485,-0.0526,0.1067,-0.007,0.4282,-0.0282,-0.0106,-0.0305,-0.1313,-0.0078,0.155,0.1359,-0.0093,-0.1351,-0.0065,0.1523,0.1294,-0.1848,-0.0135,0.2214,0.1616,-0.1383,-0.0194,-0.012,0.0007,0.009,0.0788,-0.0024,-0.02,-0.0051,-0.0387,0.0289,0.0178,0.0243,0.1144,0.1109,0.0745,-0.2873,0.1719,-0.0225,-0.0994,0.0488,-0.0192,-0.0232,-0.0124,-0.1379,-0.1569,0.1371,0.0,0.0,0.0264,0.0239,-0.0027,0.0264,0.2225,-0.0105,0.055,0.0281,-0.0225,-0.0281,0.0488,-0.0289,-0.0294
vol_max_ratio20_choch_to_k,0.1763,0.1841,-0.1381,-0.0552,-0.0219,0.0009,0.0406,0.0628,0.1247,-0.0413,0.0127,0.0141,0.0633,0.1065,-0.0317,0.0057,-0.0234,0.2435,0.3591,-0.0153,-0.0001,-0.0466,-0.0597,0.0032,-0.0199,0.5428,0.2757,-0.0656,0.4033,-0.0458,0.0047,0.0429,-0.014,0.0125,-0.0004,0.0613,-0.0261,-0.065,0.0795,-0.048,-0.0129,-0.0254,0.0861,-0.0626,0.1111,0.0649,-0.042,-0.0338,-0.0268,-0.0144,0.0172,0.0063,0.1599,0.1029,0.1664,0.7964,0.7269,-0.0357,0.878,0.5783,-0.7719,0.1005,-0.0249,-0.2142,0.0122,0.3934,0.3702,-0.6079,0.1112,0.0126,-0.2102,0.0321,0.3074,0.0473,0.105,0.1665,0.6764,1.0,-0.008,0.3616,0.0663,-0.0572,0.1087,0.1561,-0.3415,0.4312,-0.0555,0.3203,0.2399,-0.0628,-0.0044,-0.0449,-0.0401,0.0435,0.0745,0.093,0.0102,0.0792,0.016,0.0343,-0.0748,0.1232,-0.25,-0.0667,0.0164,0.2732,-0.1707,0.0469,-0.0993,0.2376,0.0376,-0.2397,0.1176,0.1041,-0.0869,-0.0507,0.1022,-0.0409,-0.0354,-0.0726,0.1036,0.0962,-0.0611,0.0112,-0.0387,-0.1038,0.0166,0.0638,-0.007,0.0693,-0.0123,-0.0573,-0.0769,0.1287,0.0905,-0.0853,0.0162,0.0062,-0.0401,0.0445,-0.0006,-0.0078,0.0083,-0.1519,-0.0068,0.0683,0.0095,-0.0213,0.0682,0.0534,-0.0129,-0.1056,-0.0349,0.0349,0.119,-0.0616,0.101,0.1427,-0.0358,-0.0962,0.0187,-0.018,-0.0818,0.1672,-0.1258,0.0378,-0.022,-0.0228,-0.037,-0.0674,-0.0886,-0.0251,-0.1712,0.1216,0.002,-0.0184,0.0174,0.0072,0.0157,0.0521,-0.0527,-0.0654,0.001,-0.0356,-0.0034,-0.0567,0.1709,-0.1746,0.1648,0.0066,0.1195,-0.0559,-0.0272,-0.0704,0.5611,0.6989,0.0635,-0.0991,0.0523,-0.1668,0.356,0.3824,0.0758,-0.1225,0.227,-0.1195,-0.0398,0.2276,-0.0683,-0.068,0.2131,-0.106,0.0017,0.1918,-0.0446,0.2429,0.0618,0.7866,0.0079,-0.0123,-0.0295,-0.3081,0.066,0.2514,0.2839,0.0608,-0.3167,0.0721,0.2409,0.2307,-0.3913,0.0593,0.3639,0.3441,-0.1888,0.0435,0.0516,-0.0917,0.1016,0.1493,-0.0428,-0.0148,-0.0182,-0.0288,0.0434,0.0957,0.0989,0.1501,0.1289,0.0538,-0.3669,0.1831,-0.0259,-0.1372,0.0317,-0.0254,-0.0241,-0.0188,-0.2142,-0.2102,0.3517,-0.025,0.0,0.016,0.0362,-0.0356,0.0204,0.2714,-0.0354,0.0129,-0.0078,-0.0259,-0.0309,0.0317,-0.0242,-0.0126
sess_vol_vs_prev_sess,0.0312,0.0355,-0.0493,-0.0343,0.0165,0.0065,0.0168,0.0196,0.0045,0.0187,-0.0165,0.1742,-0.0101,-0.053,-0.0015,0.0335,-0.0302,0.1159,0.0315,0.1569,0.1601,0.2053,0.1559,0.2709,0.1893,0.0115,0.102,0.0072,-0.0153,0.0073,-0.0666,0.182,-0.0158,-0.0924,-0.0233,0.0896,-0.0272,-0.0023,-0.0275,0.0261,-0.0072,0.0,-0.0275,-0.0014,0.0419,-0.0098,-0.0644,-0.0429,-0.098,-0.0235,-0.1881,0.0474,-0.0163,-0.088,0.0443,0.0067,-0.0043,0.5825,-0.0054,-0.0087,0.0283,-0.0105,-0.0097,-0.011,0.0184,-0.0149,0.0264,0.0201,0.0202,-0.0124,-0.0375,0.009,0.0054,-0.0117,-0.0394,-0.0202,0.005,-0.008,1.0,0.0475,-0.0211,0.0121,0.0021,-0.0179,-0.05,0.0363,-0.0142,0.0168,0.0764,0.0105,-0.0564,0.0152,-0.0017,-0.0369,0.0497,-0.0298,0.0015,0.05,-0.0294,0.0064,-0.0185,-0.0159,-0.0823,-0.0222,-0.021,0.053,-0.0017,0.0108,-0.0923,0.0399,-0.0125,-0.0391,-0.0029,-0.0825,0.0936,0.0871,-0.0902,0.005,0.0207,0.0101,-0.0267,-0.0798,-0.0288,-0.0082,-0.0068,0.0298,-0.0221,0.0271,0.0268,-0.0381,0.0003,-0.0364,0.0031,0.0242,-0.0259,0.0127,0.0099,-0.015,0.0409,-0.0368,-0.0207,0.047,-0.026,-0.0962,-0.0407,0.0122,0.0213,0.0538,0.0126,-0.0318,-0.0275,-0.0417,0.0204,-0.0085,0.0506,-0.051,-0.0044,0.0089,-0.0239,0.0229,0.0222,-0.017,0.0295,0.0519,-0.0429,-0.0083,-0.0035,0.0111,0.0177,0.0068,-0.0027,0.027,-0.0259,0.007,-0.0235,0.0395,-0.0325,0.0215,-0.0095,-0.0039,-0.0011,-0.0024,-0.0664,0.0082,-0.1085,0.0343,0.0508,-0.0496,0.0562,0.0205,0.0363,-0.0089,-0.0329,0.0344,0.1286,0.015,0.2185,0.0564,0.0683,-0.0157,0.1534,0.0953,-0.063,-0.0912,0.1055,-0.0706,-0.0526,0.1062,-0.0356,-0.0006,-0.0347,0.0217,0.0188,-0.0341,0.023,0.0818,0.0083,0.0296,-0.0704,0.1004,0.0128,-0.0591,-0.027,0.0968,0.0541,-0.0313,-0.0599,-0.0247,0.0864,0.0591,-0.0556,-0.0255,0.0878,0.0407,-0.0357,-0.0343,-0.0298,0.0205,-0.0218,0.0333,-0.0135,0.0261,-0.0078,0.0056,-0.0752,-0.0997,-0.08,-0.1816,-0.1273,0.0359,0.0089,0.0577,0.0,-0.0318,0.0362,0.0,0.0,-0.0159,-0.011,-0.0375,-0.014,0.031,0.0405,-0.0294,0.0155,0.0002,-0.0283,0.053,0.0207,0.0275,0.047,-0.0239,0.0,0.0259,0.0,0.0
dist_prot_dir_atr,-0.0932,-0.0803,0.054,-0.0482,-0.0956,-0.0158,-0.0074,-0.0075,0.0055,0.2738,-0.0606,-0.0071,0.0092,-0.0264,-0.0897,0.0261,-0.0434,0.5616,0.6669,0.1675,0.178,0.0587,-0.0797,-0.0577,-0.1759,0.4543,0.32,-0.0326,0.287,-0.0137,-0.015,-0.1504,-0.011,0.0106,-0.0073,0.1313,-0.0444,-0.0016,-0.0816,0.0624,-0.0133,-0.0185,-0.223,-0.0186,0.1971,0.0069,-0.1181,-0.0442,-0.1299,0.0044,-0.0581,0.0295,-0.1082,-0.1469,-0.0818,0.34,0.3666,0.071,0.3362,0.2429,-0.341,-0.0256,-0.0233,0.1646,-0.0641,0.1863,0.1508,-0.3122,0.0134,-0.0109,0.1071,-0.0895,0.1119,0.0296,0.0383,0.0651,0.361,0.3616,0.0475,1.0,0.0634,0.0194,0.292,0.3054,-0.5007,0.5078,-0.1933,0.3497,0.3529,-0.0102,-0.0046,-0.0332,-0.0237,-0.0274,0.0549,-0.3905,-0.0772,0.2744,0.0,0.0369,-0.2346,0.5522,-0.3173,-0.0163,0.0302,0.2731,-0.2482,0.1113,-0.1616,0.348,0.0284,-0.3502,0.1931,-0.1275,0.1165,0.0776,-0.0609,-0.1038,0.2001,-0.2396,0.1139,0.1033,-0.2297,-0.0096,-0.1052,-0.1295,0.008,0.1884,-0.036,0.0216,-0.0472,-0.105,-0.0831,0.145,0.0773,-0.0713,0.012,-0.0253,-0.0001,0.0259,-0.031,0.0348,-0.0037,-0.419,-0.0759,0.1025,0.1297,0.1695,0.146,0.032,-0.0539,-0.1792,0.0193,-0.0145,0.0886,-0.0739,0.005,0.1247,-0.0789,-0.0018,0.1496,-0.0691,-0.0752,0.1506,-0.0753,-0.009,-0.0635,-0.012,-0.0383,-0.0966,-0.0988,0.1416,0.013,-0.0344,0.0104,-0.0003,-0.0109,0.0338,0.0362,0.1066,-0.1186,-0.0506,-0.0351,-0.0093,-0.1329,-0.0514,0.2041,-0.2076,0.2008,-0.0969,0.1877,-0.0738,-0.0453,-0.0196,0.4126,0.3896,0.1085,-0.066,0.1403,-0.1489,0.5054,0.5095,0.0938,-0.2673,0.4619,-0.2355,-0.1536,0.4518,-0.1925,-0.1882,0.2349,-0.1353,-0.1443,0.2141,-0.1111,0.339,0.1574,0.3712,-0.2117,0.064,-0.0188,-0.2051,-0.0853,0.3447,0.1885,-0.1016,-0.2031,-0.0809,0.338,0.2542,-0.2473,-0.1033,0.4027,0.2393,-0.1696,-0.1205,-0.0993,0.0742,-0.0481,0.1916,-0.0142,0.0031,0.0518,-0.0425,0.0185,-0.1485,-0.0126,-0.0102,0.0515,0.1603,-0.3672,0.0952,-0.0318,0.1835,0.2486,-0.0185,-0.0176,-0.0184,0.1646,0.1071,0.281,0.2903,0.2338,0.0,0.0968,-0.008,0.0369,0.2718,0.2001,0.0539,0.0348,-0.0244,-0.0253,0.1841,-0.0164,-0.0181
dist_sh_atr,-0.0006,-0.001,0.0253,-0.0188,-0.0019,0.0027,-0.0061,0.0018,0.0146,-0.0028,-0.0197,0.0149,0.8659,0.0199,0.029,0.018,0.0147,0.079,0.1021,0.0146,0.0135,0.0065,-0.0203,-0.007,-0.02,0.0921,0.0557,-0.8274,0.078,-0.7288,-0.1974,-0.0104,-0.4417,-0.0443,-0.3397,0.0578,0.0035,0.01,-0.018,0.0213,-0.1233,-0.0008,-0.011,0.0098,0.0259,0.8603,-0.0189,-0.0317,-0.0171,0.0008,-0.0171,-0.0037,-0.0099,-0.0182,-0.0024,0.0437,0.0502,-0.0125,0.0642,0.0454,-0.0789,0.3854,0.0031,-0.0005,-0.3874,0.0385,0.0256,-0.0516,0.2068,-0.003,-0.0116,-0.1975,0.0142,-0.254,0.2855,-0.0008,0.0735,0.0663,-0.0211,0.0634,1.0,-0.9297,-0.2785,0.3807,0.0252,-0.0017,-0.0344,0.1034,0.0099,-0.8659,0.0011,-0.0468,-0.1461,0.0016,0.018,-0.022,0.0006,0.0261,0.0123,-0.0027,-0.0271,0.0152,-0.0279,-0.0004,-0.0188,0.0075,0.011,-0.0358,-0.0483,-0.0534,0.0236,0.0518,0.017,-0.0186,0.006,-0.0104,-0.0073,-0.0297,0.023,-0.0445,0.0317,0.0355,-0.0305,0.0027,-0.004,-0.0014,0.0168,0.0419,-0.0057,-0.021,-0.008,-0.0036,-0.0213,-0.0034,0.451,0.0018,-0.4471,-0.0695,0.008,0.0606,-0.1318,-0.0106,0.1417,-0.0208,-0.0238,0.4362,-0.3936,-0.0093,0.0449,0.0215,-0.0035,-0.0159,-0.0239,0.0152,0.035,-0.0066,-0.0216,0.0644,-0.0077,-0.0033,-0.0262,-0.0045,-0.0047,0.0415,-0.0392,0.0171,0.0012,-0.0114,0.013,0.0025,0.0019,0.0016,-0.0103,-0.028,-0.0118,-0.0192,0.0053,0.0007,0.0356,0.0179,-0.0257,0.0015,-0.0109,0.0388,0.0011,-0.692,0.0073,-0.0071,0.0116,-0.012,0.0084,-0.017,-0.0274,-0.8587,0.0359,0.042,0.0411,0.0061,0.0201,-0.0006,0.0556,0.0538,-0.0132,-0.0494,0.0482,-0.0256,-0.0516,0.0451,-0.039,-0.0524,0.0598,-0.011,-0.0417,0.0572,-0.0269,0.0199,-0.0192,0.0388,-0.0418,0.0024,-0.5465,-0.0144,-0.0228,0.0328,0.0187,-0.0348,-0.0153,-0.0014,0.0204,0.0793,-0.0323,-0.0213,0.0519,0.0333,-0.027,-0.0177,-0.0386,0.0207,-0.0196,-0.0043,0.0155,-0.0157,0.0327,-0.0548,0.0045,-0.0059,0.001,0.0127,0.0088,0.0337,-0.0558,0.016,-0.0143,0.0149,-0.0249,-0.0008,-0.0135,-0.0338,-0.0005,-0.0116,0.0301,-0.0022,-0.012,0.0123,0.087,-0.0148,0.0119,0.0075,0.023,0.0035,-0.0106,-0.0203,-0.0091,-0.043,-0.0184,-0.0223
dist_sl_atr,0.0025,0.0054,-0.0245,0.0024,-0.001,-0.0012,0.0151,-0.0063,-0.0034,0.0163,0.0091,-0.025,-0.8658,0.0049,-0.0199,-0.0084,-0.0133,0.0186,0.0381,-0.0094,-0.0092,-0.0188,-0.007,-0.0055,0.0047,-0.0946,-0.0868,0.8213,-0.1262,0.727,0.2003,0.0066,0.4449,0.0399,0.3515,-0.0485,-0.0008,0.014,-0.0013,-0.0058,0.1184,0.0001,-0.0008,0.0135,-0.036,-0.8602,0.0273,0.0294,0.0187,-0.0011,0.0199,0.0032,0.0109,0.0165,0.0038,-0.0716,-0.069,0.0105,-0.0518,-0.0395,0.0771,-0.3967,0.0039,0.008,0.3933,-0.0497,-0.0418,0.0475,-0.2154,0.0084,0.0173,0.2011,-0.0259,0.2531,-0.2705,-0.0102,-0.0317,-0.0572,0.0121,0.0194,-0.9297,1.0,0.3996,-0.2487,0.1144,-0.0899,-0.0204,-0.0575,-0.0702,0.8658,-0.0011,0.0459,0.1495,-0.0034,-0.021,-0.0505,-0.0298,-0.0243,-0.0178,0.0019,0.0373,0.0591,0.031,-0.0153,0.0204,-0.0181,0.0154,0.0127,-0.0114,-0.0802,-0.0128,0.0812,0.0011,0.0181,-0.0066,0.0067,0.0177,-0.0015,-0.0196,-0.0032,0.0183,-0.0242,0.0191,-0.0008,0.004,0.0138,-0.0118,-0.0289,0.0016,0.0063,0.0127,-0.0099,0.0248,-0.0058,-0.4616,0.0115,0.4413,0.06,0.0012,-0.0626,0.1344,0.0149,-0.1486,0.0072,0.0317,-0.4266,0.4,0.0142,-0.0331,-0.0236,-0.0083,0.0077,0.0219,-0.0098,-0.0248,-0.0003,0.0225,-0.0569,0.0061,0.003,0.0279,0.0003,0.0173,-0.0331,0.0273,-0.0111,0.0053,0.0144,-0.0091,0.0078,-0.0011,0.0019,0.0084,0.0197,0.0163,0.0176,0.0062,-0.0025,-0.0266,-0.0212,0.0247,-0.0009,0.0007,-0.0278,-0.003,0.6936,-0.0225,0.0221,-0.0248,0.006,-0.0,0.0145,0.0282,0.8555,-0.0609,-0.0663,-0.0448,0.0071,0.0013,0.0524,-0.0499,-0.0635,0.0118,0.0502,-0.0451,0.0243,0.0483,-0.0451,0.0341,0.0479,-0.0649,0.0076,0.0314,-0.0648,0.0167,-0.0728,-0.0262,-0.0636,0.0325,-0.0357,0.54,0.0592,0.0062,-0.0602,-0.0531,0.0181,0.0595,-0.0171,-0.0472,-0.1015,0.0874,0.0035,-0.0916,-0.0781,0.0517,0.003,0.022,0.001,-0.0017,-0.012,0.0147,0.0175,-0.0262,0.0544,-0.0092,0.026,0.0228,-0.0034,-0.0035,-0.0323,0.0461,-0.0063,0.005,-0.01,0.0298,0.0001,0.0078,0.0292,0.008,0.0173,-0.0451,0.0191,0.0227,-0.0178,-0.0809,0.0034,-0.0174,-0.0181,-0.0196,0.0083,0.0149,0.0113,0.0046,0.0378,0.0145,0.0154
last_sh_bars_ago,0.0002,0.0033,-0.0076,0.0062,-0.0436,0.0099,-0.0039,-0.0057,0.0061,0.0449,0.0462,-0.0058,-0.37,-0.0356,-0.0079,0.0032,0.0272,0.3816,0.5429,0.0086,-0.0047,-0.0048,-0.013,-0.0353,-0.0463,0.0558,0.0036,0.3169,-0.0046,0.2892,0.0533,-0.0297,0.1473,0.0184,0.1385,-0.0074,0.0296,0.2532,-0.3388,0.3094,-0.0123,-0.0024,-0.0924,0.2469,0.0533,-0.371,0.0528,-0.0596,-0.0314,-0.1319,0.0081,-0.0819,-0.0179,-0.0081,-0.0316,0.1089,0.1073,-0.0142,0.0892,0.0464,-0.0755,-0.1591,-0.01,0.0229,0.1481,0.0459,0.017,-0.0618,-0.0688,0.0103,0.0227,0.0506,0.0337,0.0967,-0.068,0.0272,0.1416,0.1087,0.0021,0.292,-0.2785,0.3996,1.0,0.4999,-0.2964,0.0803,-0.2734,0.1185,0.0496,0.37,-0.0358,0.0042,0.0605,-0.0107,0.0111,-0.1479,-0.0459,0.0488,0.0499,0.0168,-0.0573,0.3405,-0.0684,0.0321,0.0281,0.056,-0.1124,0.0352,0.0722,0.1888,0.034,-0.1912,-0.0071,-0.0015,-0.004,-0.0082,0.034,-0.0543,0.0142,-0.0933,0.0921,0.0238,-0.053,0.0127,-0.0295,-0.0388,0.0201,0.0524,0.0068,-0.0134,-0.0025,-0.0412,-0.0064,0.0216,-0.1967,0.0072,0.185,0.0114,0.0228,-0.0405,0.0613,0.0335,-0.0942,-0.0941,-0.0131,-0.0913,0.1586,0.0346,0.0435,-0.0051,-0.0415,-0.0388,0.0008,-0.0033,0.054,-0.0367,-0.0211,0.0289,-0.0146,-0.0037,0.0142,-0.0221,-0.0165,0.0739,-0.0484,-0.0019,-0.0164,0.0122,-0.0345,-0.0332,-0.0428,0.035,-0.009,0.0111,-0.0055,-0.0112,0.0056,0.0018,0.0043,0.0212,-0.0189,-0.0255,-0.0169,-0.0288,-0.0064,0.2989,0.0159,-0.0182,0.0133,-0.0324,0.0601,-0.0236,0.0409,0.3173,0.0917,0.1033,-0.0198,0.0174,0.0382,0.026,0.0905,0.066,0.0364,-0.019,0.0791,-0.032,-0.0025,0.0851,-0.0147,-0.0261,0.0498,-0.0313,-0.0175,0.0461,-0.0047,-0.0119,-0.0236,0.1138,-0.1489,0.0048,0.1986,0.177,-0.3277,0.2417,-0.1536,-0.326,0.1776,-0.3441,0.2619,0.0232,0.1586,-0.3217,0.1774,-0.1311,0.1944,-0.3334,-0.3279,0.3165,-0.3332,0.0102,0.2902,0.0121,0.0237,0.0175,-0.0077,-0.0088,0.0356,0.0261,0.0468,0.0995,-0.08,0.0042,-0.0077,0.03,0.048,-0.0024,-0.0017,-0.0,0.0229,0.0227,0.054,0.0711,0.0505,0.0499,0.0073,-0.012,0.0516,0.0558,0.0142,0.0415,0.0335,-0.0021,-0.0029,0.0425,0.0051,0.0046
last_sl_bars_ago,0.0054,0.0075,0.0029,0.0033,-0.0481,0.0123,-0.0038,-0.0113,0.0264,0.0329,0.0341,0.0034,0.3563,-0.0321,-0.0081,0.0067,0.0366,0.4165,0.5805,0.0285,0.0129,0.0059,-0.0265,-0.0312,-0.0548,0.1311,0.0535,-0.3206,0.0626,-0.2784,-0.084,-0.0301,-0.1663,-0.0171,-0.0976,0.0226,0.0336,0.2573,-0.3439,0.3199,0.0055,0.0088,-0.0923,0.2488,0.0648,0.3535,0.0375,-0.0919,-0.041,-0.1321,-0.0038,-0.0695,-0.0147,-0.0147,-0.0216,0.1478,0.1435,-0.0059,0.1368,0.0848,-0.1405,0.1323,0.0022,0.0094,-0.1387,0.0663,0.0213,-0.0941,0.0652,0.0357,0.0088,-0.0764,0.0243,-0.0618,0.1201,0.0132,0.1837,0.1561,-0.0179,0.3054,0.3807,-0.2487,0.4999,1.0,-0.321,0.1099,-0.2646,0.1801,0.0695,-0.3565,-0.0234,-0.0328,-0.0778,-0.0144,0.034,-0.1561,-0.0283,0.0563,0.0431,0.0245,-0.0638,0.3297,-0.077,0.0396,0.0295,0.0583,-0.125,0.0191,0.0696,0.2102,0.0567,-0.2142,-0.0093,-0.0074,-0.0004,-0.0127,0.019,-0.0681,0.0229,-0.0989,0.0917,0.0498,-0.0806,0.0117,-0.0204,-0.0433,0.0168,0.0771,-0.0049,-0.035,-0.014,-0.0275,-0.0089,0.0084,0.1745,0.0216,-0.1988,-0.025,0.0191,0.0011,-0.0505,0.0266,0.0238,-0.1127,-0.0127,0.1994,-0.1078,0.0141,0.0739,0.0112,-0.0425,-0.037,-0.0189,0.0117,0.0789,-0.0403,-0.0387,0.0682,-0.0145,-0.0129,0.0142,-0.0151,-0.0221,0.099,-0.0782,0.0164,-0.0118,-0.0004,-0.0048,-0.0337,-0.0359,0.0263,-0.0069,-0.0142,-0.0085,-0.0239,0.0105,-0.0144,0.0441,0.03,-0.0352,-0.0072,-0.0455,0.0163,-0.0062,-0.282,0.0147,-0.0155,0.0174,-0.0595,0.0532,-0.014,0.022,-0.3142,0.1205,0.1385,0.0092,0.0072,0.0397,0.0205,0.1244,0.1065,0.0289,-0.0543,0.1119,-0.0456,-0.0413,0.1145,-0.0327,-0.0429,0.0845,-0.0394,-0.0257,0.0787,-0.0137,0.0092,-0.0423,0.1509,-0.1602,-0.0163,-0.1912,0.1605,-0.3408,0.2724,-0.1347,-0.3534,0.1597,-0.331,0.2817,0.1156,0.1268,-0.3311,0.2208,-0.0959,0.1578,-0.3422,-0.3611,0.3252,-0.3386,0.0172,0.2924,-0.0118,0.0446,-0.0294,-0.0048,-0.0046,0.0483,0.031,0.052,0.121,-0.1078,0.0022,-0.0181,0.0279,0.0408,0.0088,-0.0103,-0.0273,0.0094,0.0088,0.0637,0.0554,0.0421,0.0431,0.0614,-0.0203,0.0459,0.0587,0.0229,0.0425,0.0266,-0.0148,-0.0035,0.0272,-0.0038,-0.0043
swing_ahead_dist_atr,0.0582,0.0494,0.0229,0.0087,0.0645,-0.0001,0.0172,-0.0129,0.013,-0.2089,0.0465,-0.0166,-0.0431,0.2926,0.1238,-0.0107,0.036,-0.5752,-0.7207,-0.1199,-0.1307,-0.0503,0.0404,0.0279,0.1167,-0.4476,-0.369,0.0499,-0.4058,0.0363,0.0345,0.1032,0.0425,-0.0091,0.0278,-0.062,0.0412,-0.2268,0.347,-0.2446,0.0024,0.0073,0.2037,-0.2095,-0.0563,-0.0411,0.0153,0.097,0.053,0.078,0.0184,0.0285,0.0709,0.0813,0.0653,-0.4517,-0.4344,-0.051,-0.3633,-0.2218,0.3596,-0.0269,0.0359,-0.1141,0.0873,-0.2021,-0.1904,0.2911,-0.0361,0.012,-0.0658,0.0825,-0.1546,0.0002,-0.0042,-0.0915,-0.2562,-0.3415,-0.05,-0.5007,0.0252,0.1144,-0.2964,-0.321,1.0,-0.7034,0.0969,-0.2396,-0.4645,0.044,0.0122,0.0349,0.0502,0.0298,-0.065,0.0498,-0.002,-0.0119,-0.0172,-0.0319,0.0231,0.0306,0.2646,-0.0618,-0.0278,-0.2627,0.329,-0.1532,-0.148,-0.8106,-0.0129,0.8119,0.0536,0.0773,-0.0778,-0.0565,0.0444,0.0256,-0.1279,0.0978,-0.0112,-0.06,0.1602,-0.0049,0.0945,0.1183,0.013,-0.0414,0.0227,-0.1112,0.0397,0.063,0.0376,-0.1956,-0.1246,0.135,-0.0438,-0.0241,0.0453,-0.0331,-0.0016,0.0179,-0.0162,0.3555,0.0276,-0.0569,0.0066,-0.1131,-0.0109,-0.0237,-0.0208,0.1222,0.0002,0.0023,-0.0468,0.0311,0.0138,-0.0714,0.034,0.0157,-0.1378,0.0548,0.0828,-0.1,0.0422,-0.0056,0.0608,0.02,0.0487,0.0848,0.0807,-0.1066,0.0693,-0.06,0.0165,0.0225,0.0247,0.0036,0.002,-0.0541,0.0384,0.0331,-0.0005,0.0253,0.0846,0.0559,-0.263,0.2663,-0.2587,0.0806,-0.1638,0.0421,0.0378,0.0547,-0.4487,-0.4629,-0.0798,0.0714,-0.1129,0.2266,-0.4863,-0.5441,-0.0983,0.2324,-0.4615,0.1968,0.119,-0.4553,0.1219,0.1464,-0.2372,0.1257,0.0899,-0.2214,0.0694,-0.3976,-0.1984,-0.4721,0.1679,-0.0638,0.0292,0.0729,0.3586,-0.5644,-0.0844,0.3719,0.0744,0.3388,-0.5682,-0.3319,0.1829,0.3618,-0.6197,-0.1942,0.0897,0.3917,0.3753,-0.3167,0.3005,-0.2289,-0.1439,-0.0165,-0.0225,0.0188,-0.001,0.0806,-0.0316,-0.014,-0.0601,-0.0859,0.2787,-0.0908,0.0001,-0.1031,-0.243,0.0073,-0.0003,0.0084,-0.1141,-0.0658,-0.3031,-0.1744,-0.2076,-0.0172,-0.0847,0.0262,-0.0211,-0.262,-0.1279,0.0208,0.0179,-0.0062,0.0047,-0.2113,-0.0035,-0.0102
dist_choch_lvl_atr,-0.0777,-0.0677,0.0075,-0.0233,-0.0694,-0.0261,-0.018,0.0115,-0.0116,0.2493,-0.0428,0.005,0.035,0.0331,-0.1241,-0.0013,-0.0587,0.4389,0.5193,0.1331,0.1551,0.0247,-0.0862,-0.0596,-0.147,0.6384,0.4209,-0.0376,0.4679,-0.0263,-0.0285,-0.1352,-0.0341,0.0135,-0.0201,0.1072,-0.0619,-0.0173,0.005,-0.0007,-0.0094,-0.0145,-0.1931,-0.0398,0.0851,0.0332,-0.0338,-0.0313,-0.0358,-0.0263,-0.0112,0.0073,-0.085,-0.1003,-0.0763,0.4453,0.4377,0.0422,0.3734,0.2138,-0.3696,0.0034,-0.0219,0.1498,-0.0865,0.208,0.2105,-0.2999,0.0072,0.0023,0.1028,-0.0827,0.1609,0.0045,-0.0094,0.1121,0.3295,0.4312,0.0363,0.5078,-0.0017,-0.0899,0.0803,0.1099,-0.7034,1.0,-0.0386,0.3613,0.5337,-0.0346,-0.0202,-0.0438,-0.0428,-0.016,0.0677,0.0131,-0.0184,0.0617,-0.0062,0.0367,-0.0393,0.0369,-0.3093,0.0024,0.0045,0.3061,-0.2761,0.1472,-0.0744,0.5942,0.0165,-0.5957,0.1131,-0.1021,0.0943,0.059,-0.0641,-0.0624,0.1845,-0.1326,0.0067,0.0732,-0.1416,0.0053,-0.084,-0.128,-0.0214,0.0675,-0.0167,0.1109,-0.0498,-0.0766,-0.069,0.1928,0.129,-0.1399,0.0455,-0.006,-0.0307,0.0452,-0.0154,0.0002,0.0151,-0.3346,-0.0501,0.0534,0.0295,0.1841,0.0179,0.0312,0.0004,-0.1403,-0.0017,0.0089,0.0511,-0.0365,0.0277,0.0829,-0.0381,-0.0437,0.1552,-0.0552,-0.0893,0.1071,-0.0512,0.0175,-0.0403,-0.0219,-0.0494,-0.0895,-0.1125,0.1531,-0.0881,0.0651,-0.0024,-0.0308,-0.0294,0.0196,-0.0084,0.0634,-0.051,-0.0593,0.0272,-0.0101,-0.097,-0.0575,0.2821,-0.2853,0.2813,-0.0338,0.1771,-0.0622,-0.0615,-0.0432,0.4746,0.4803,0.1278,-0.0835,0.0775,-0.2791,0.475,0.5481,0.0813,-0.2504,0.4558,-0.2143,-0.1359,0.4506,-0.1559,-0.1677,0.245,-0.1337,-0.1081,0.2304,-0.0918,0.4979,0.3041,0.4721,-0.128,0.0383,-0.032,-0.3414,-0.0037,0.3791,0.3154,-0.0203,-0.343,0.0079,0.367,0.3273,-0.4306,-0.0132,0.4861,0.4047,-0.2151,-0.0407,-0.0221,-0.0218,0.044,0.219,-0.0322,0.0272,-0.0234,0.0006,-0.0047,-0.096,-0.0019,0.0125,0.0656,0.0345,-0.3664,0.0722,-0.0243,0.1451,0.2529,-0.0145,-0.0036,-0.0101,0.1498,0.1028,0.3309,0.268,0.2187,-0.0062,0.1036,-0.0143,-0.0015,0.3049,0.1845,-0.0004,0.0002,-0.0174,-0.0125,0.2052,-0.003,0.0046
n_swings_1h,0.0506,0.0507,-0.0772,0.0021,0.0322,0.0367,-0.0147,0.0258,0.0114,-0.0501,-0.0147,0.016,-0.0093,-0.0129,-0.0001,-0.0203,-0.1148,-0.1495,-0.2062,-0.0082,0.0368,-0.0364,-0.0502,0.0615,0.071,-0.0618,-0.007,0.0024,-0.0054,0.0044,0.0176,0.0635,0.0116,-0.0204,0.0247,-0.0632,-0.1015,-0.0597,0.1013,-0.2107,0.0265,-0.0368,0.1023,-0.0541,-0.1919,-0.0089,0.0027,0.0014,0.2545,0.4587,0.1253,0.2691,0.1369,0.1179,0.1385,-0.0424,-0.0395,-0.0036,-0.0412,-0.0161,0.0577,-0.003,-0.0279,-0.0728,0.0494,-0.0287,0.0063,0.035,0.0185,-0.0038,-0.064,0.0289,-0.0099,-0.001,-0.013,-0.0238,-0.0531,-0.0555,-0.0142,-0.1933,-0.0344,-0.0204,-0.2734,-0.2646,0.0969,-0.0386,1.0,-0.089,-0.0241,0.0107,0.0952,-0.0009,-0.0059,0.0218,-0.0389,0.1192,-0.0001,-0.1188,-0.0213,0.0025,0.1008,-0.2115,0.1116,-0.0031,0.0075,-0.0656,0.0566,-0.0455,0.0819,-0.0578,-0.05,0.0613,-0.0331,0.1042,-0.071,-0.0227,0.0787,0.06,-0.1051,0.0453,0.0295,-0.0589,0.033,-0.0406,0.0278,0.0243,0.001,-0.0787,0.0051,0.0372,0.0023,0.0389,0.011,-0.0031,0.0184,-0.0073,-0.009,0.0205,-0.0166,0.0003,0.0022,-0.0097,0.0075,0.0419,0.0531,-0.0638,-0.0328,-0.0243,-0.0728,-0.0436,0.022,0.0182,0.0032,0.0163,-0.0358,0.0161,0.0271,-0.054,0.0228,0.0028,-0.0376,0.0383,0.0057,-0.0537,0.0257,0.0097,-0.0079,0.0221,-0.001,0.0305,0.03,-0.0267,-0.0357,0.0464,0.0044,-0.0002,-0.0161,-0.0235,-0.0244,-0.0342,0.0475,0.0022,0.0191,-0.0018,0.0026,-0.0198,-0.0209,0.0236,-0.0236,0.0285,-0.0558,0.0137,-0.1138,0.0023,-0.0485,-0.0397,0.0219,0.0055,-0.0711,-0.0101,-0.0633,-0.0484,-0.0111,0.0378,-0.0134,0.0195,0.0614,-0.0173,0.068,0.0674,-0.0676,0.0097,0.0719,-0.0648,0.0152,0.0177,0.002,-0.0498,0.4729,-0.0744,0.0222,0.0194,0.085,-0.1429,0.0063,0.0977,0.0181,0.1072,-0.1452,-0.0168,-0.0061,0.091,-0.0856,0.0115,-0.0584,0.1011,0.1038,-0.0849,0.1,-0.0083,-0.1058,-0.0166,-0.0667,0.001,-0.0344,0.1139,0.0508,0.0509,-0.0045,-0.0992,0.056,0.0279,0.0185,-0.0945,-0.0504,-0.0368,-0.0261,0.0113,-0.0728,-0.064,-0.0617,-0.078,-0.0577,-0.0213,-0.0345,-0.0054,-0.0208,-0.0677,-0.1051,-0.022,-0.0097,0.0169,-0.044,-0.0412,-0.0452,-0.0225
choch_bar_range_atr,0.0067,0.0148,-0.0087,-0.0666,-0.0567,-0.0138,0.0223,0.0205,0.0362,0.1492,-0.0395,-0.0056,0.0652,0.1246,0.0932,-0.0038,-0.0081,0.2628,0.3302,0.0662,0.0667,-0.0241,-0.1131,-0.0751,-0.1304,0.6073,0.1116,-0.0635,0.0968,-0.0552,-0.0082,-0.083,-0.0234,0.0085,-0.0125,0.0469,-0.0057,-0.0112,-0.0484,0.0147,-0.0138,-0.014,-0.1418,-0.0198,0.1163,0.0641,-0.0845,-0.0414,-0.08,0.0158,-0.0316,0.0274,-0.0081,-0.0507,0.0104,0.1976,0.2104,0.0017,0.2492,0.172,-0.2195,0.0172,-0.0072,0.071,-0.0572,0.0982,0.0901,-0.1904,0.01,0.0299,0.0261,-0.0332,0.0833,0.0119,0.034,0.0339,0.4597,0.3203,0.0168,0.3497,0.1034,-0.0575,0.1185,0.1801,-0.2396,0.3613,-0.089,1.0,0.0746,-0.0658,-0.0231,-0.0275,-0.0174,-0.0134,0.0266,-0.1348,-0.0283,0.1079,0.078,0.0367,-0.1254,0.1117,-0.1611,-0.0133,-0.0452,0.1423,-0.0681,-0.0271,-0.0847,0.1399,0.0446,-0.143,0.1632,-0.0426,0.0471,0.0454,-0.018,-0.0142,0.1214,-0.1293,0.0508,0.0926,-0.1181,0.0041,-0.0157,-0.0726,0.0151,0.0429,0.0296,0.0205,-0.0089,-0.0443,-0.0434,0.1098,0.0574,-0.0409,-0.0061,-0.0046,-0.0177,0.0271,-0.0241,-0.0017,0.0256,-0.1371,-0.0394,0.05,0.0023,0.1158,0.0117,0.038,-0.0217,-0.1422,0.0213,-0.0023,0.0429,-0.0486,0.0421,0.0717,-0.0549,0.0,0.0468,-0.0127,-0.0508,0.0728,-0.0385,-0.0062,-0.002,-0.0131,-0.0104,-0.0485,-0.0383,0.1124,-0.0892,0.0354,0.0136,-0.0195,-0.0045,0.0161,0.0197,0.0263,-0.0336,-0.0017,-0.0641,0.0058,-0.0529,-0.0553,0.102,-0.1021,0.0995,-0.0448,0.1099,-0.015,-0.0123,-0.0774,0.1841,0.1974,0.0653,-0.0609,0.0356,0.0402,0.2576,0.2834,0.0479,-0.1214,0.2206,-0.1245,-0.0765,0.2136,-0.1062,-0.1013,0.1727,-0.0913,-0.0938,0.1596,-0.0917,0.0554,-0.0271,0.2064,-0.1266,-0.0101,-0.0467,-0.061,-0.0422,0.1151,0.0689,-0.0519,-0.0595,-0.0491,0.1178,0.0877,-0.1117,-0.0448,0.1567,0.0929,-0.1172,-0.0535,-0.0541,0.0478,-0.05,0.0153,0.0314,-0.0086,0.0212,-0.034,0.0077,-0.0789,-0.0226,-0.0075,0.0352,-0.0542,-0.2036,0.1167,-0.0278,0.0732,0.1282,-0.014,-0.0108,-0.0405,0.071,0.0261,0.1289,0.2541,0.1999,0.078,0.0591,0.0086,0.0821,0.1413,0.1214,0.0217,-0.0017,-0.0208,-0.0119,0.0387,-0.0223,-0.0212
move_since_choch_pts,-0.1525,-0.1453,0.1089,0.0475,-0.0738,-0.069,-0.0979,-0.0009,0.0099,0.2305,-0.0495,0.0191,0.0328,0.1039,-0.13,0.0461,-0.0111,0.5509,0.3436,0.4892,0.4579,0.3264,-0.0543,0.1599,-0.2273,0.4415,0.6892,-0.0364,0.4916,-0.0285,-0.0302,-0.2366,-0.0488,0.0101,-0.0551,0.1504,-0.0126,-0.1078,0.1049,-0.0835,-0.0068,-0.0113,-0.1876,-0.1289,0.0904,0.0331,-0.067,-0.0122,-0.0792,0.0143,-0.0626,0.0252,-0.1681,-0.1988,-0.1382,0.3106,0.3001,0.1844,0.1969,0.0884,-0.2375,-0.0143,-0.034,0.2031,-0.0977,0.1357,0.144,-0.2404,-0.0267,-0.0224,0.2012,-0.1176,0.1175,-0.0247,0.0007,0.0808,0.1089,0.2399,0.0764,0.3529,0.0099,-0.0702,0.0496,0.0695,-0.4645,0.5337,-0.0241,0.0746,1.0,-0.0326,0.1599,-0.0374,-0.0252,-0.0994,-0.0626,-0.0342,-0.0258,0.0545,0.0094,0.0366,-0.0422,0.0448,-0.2407,0.0037,0.0223,0.2251,-0.2225,0.159,-0.0913,0.3645,-0.0019,-0.3646,0.126,-0.187,0.1468,0.0674,-0.142,-0.0944,0.234,-0.1267,-0.0371,-0.0259,-0.1912,-0.072,-0.115,-0.1126,-0.0031,0.0917,-0.0496,0.1339,-0.0654,-0.0752,-0.0983,0.1962,0.1589,-0.1974,0.087,-0.007,0.0048,0.0011,-0.0054,-0.0075,0.0128,-0.4754,-0.1089,0.0657,0.047,0.1559,0.0499,-0.0327,0.036,-0.1571,-0.0229,-0.0155,0.0245,0.0099,0.0018,0.0567,-0.0051,-0.0449,0.1277,-0.0683,-0.0801,0.0812,-0.0156,-0.0102,-0.0885,-0.0126,-0.0423,-0.076,-0.0317,0.1195,-0.0109,0.0052,0.0139,0.0058,-0.0007,0.0346,-0.0346,0.0767,-0.0671,-0.0853,0.1241,0.0039,-0.4316,-0.0477,0.334,-0.3366,0.336,-0.0074,0.1505,-0.0839,-0.0129,-0.0445,0.4742,0.3635,0.1373,-0.0676,0.1106,-0.4276,0.4132,0.492,0.0526,-0.3074,0.5242,-0.2778,-0.1852,0.5203,-0.2106,-0.1879,0.1417,-0.0895,-0.1485,0.1373,-0.0614,0.7855,0.4328,0.3425,-0.1246,0.0522,-0.0384,-0.4712,0.0904,0.3838,0.4315,0.068,-0.472,0.1174,0.3588,0.4013,-0.5454,0.085,0.4942,0.5062,-0.2121,0.0517,0.0733,-0.1229,0.1489,0.2365,-0.0969,0.0511,-0.0263,-0.0072,-0.0185,-0.1162,-0.047,-0.061,-0.0045,0.0526,-0.2705,0.0452,-0.0063,0.2354,0.2062,-0.0113,0.0058,-0.0198,0.2031,0.2012,0.3309,0.2214,0.1619,0.0094,0.0821,-0.0215,0.014,0.2242,0.234,-0.036,-0.0075,-0.001,-0.0023,0.1597,0.0065,0.0174
swing_near_kind=H,0.0043,0.0058,-0.0261,0.0048,0.011,-0.0072,0.0035,0.0009,-0.0059,0.0106,0.0174,-0.0254,-0.9987,-0.0028,-0.0124,-0.0035,-0.0127,-0.0296,-0.036,-0.0057,-0.006,-0.0025,0.0099,0.0042,0.008,-0.0814,-0.0656,0.858,-0.0935,0.8218,0.1823,0.0049,0.4232,0.0315,0.3212,-0.0525,-0.0025,-0.0042,0.0154,-0.0187,-0.0074,-0.0002,0.013,-0.0033,-0.0243,-0.9906,0.0251,0.03,0.0172,-0.0008,0.0204,-0.0038,0.008,0.0161,0.001,-0.0537,-0.0507,0.0016,-0.0622,-0.0384,0.0795,-0.3702,-0.0093,-0.0018,0.3743,-0.031,-0.0366,0.0458,-0.1763,-0.0038,0.0083,0.1704,0.0064,0.2554,-0.2824,0.003,-0.0435,-0.0628,0.0105,-0.0102,-0.8659,0.8658,0.37,-0.3565,0.044,-0.0346,0.0107,-0.0658,-0.0326,1.0,0.0017,0.0287,0.1932,0.0119,-0.0306,-0.0122,-0.0235,-0.0112,-0.0136,-0.0002,0.0234,0.0315,0.0273,-0.0078,0.0114,-0.0151,0.0121,0.0098,0.0194,-0.0277,-0.0204,0.0292,-0.0051,0.0137,-0.0072,0.0046,0.0065,0.002,-0.0205,0.0176,-0.0039,-0.0229,0.0192,-0.0073,-0.013,0.0166,-0.0214,-0.0341,-0.0004,0.0185,0.0035,-0.0113,0.0301,0.0084,-0.4751,-0.0073,0.4777,0.0705,-0.0013,-0.07,0.1426,0.0015,-0.1433,0.0144,0.0152,-0.4586,0.4263,0.0142,-0.0383,-0.0222,0.0059,-0.0046,0.0187,-0.0134,-0.0235,0.0031,0.0195,-0.0569,0.0092,0.0015,0.0178,-0.008,0.0233,-0.0303,0.0278,-0.0152,-0.0128,0.0146,-0.0254,0.003,-0.0097,0.0037,0.0043,0.032,0.0119,0.0112,-0.0089,0.0142,-0.0379,-0.0212,0.0267,-0.004,0.0093,-0.0358,-0.0089,0.7121,-0.007,0.0067,-0.012,0.0088,-0.0011,0.0111,0.0248,0.8513,-0.0445,-0.0482,-0.0418,0.0059,-0.0035,0.0237,-0.0466,-0.0516,0.0236,0.0427,-0.0394,0.0193,0.0407,-0.0364,0.0225,0.0277,-0.0358,0.0012,0.0215,-0.0334,0.0186,-0.0369,-0.001,-0.05,0.0336,-0.0011,0.5354,0.0237,0.022,-0.0459,-0.0213,0.0426,0.0245,-0.0117,-0.0317,-0.1265,0.0449,0.019,-0.0694,-0.0426,0.0373,0.0177,0.0527,-0.0159,0.0137,-0.0135,-0.0023,0.0171,-0.0295,0.0556,-0.0033,0.0033,-0.0016,-0.0047,-0.002,-0.0407,0.0414,0.0013,0.0034,-0.0115,0.0168,-0.0002,0.0149,0.0237,-0.0018,0.0083,-0.0377,0.0155,0.0122,-0.0136,-0.0732,0.0012,-0.0135,-0.0151,-0.0205,-0.0059,0.0015,0.007,0.0084,0.0223,0.0148,0.0119
n_rooms_alive,0.1712,0.1664,-0.0825,-0.088,-0.02,0.0416,0.0375,0.0782,0.0664,-0.0807,0.0074,-0.0509,-0.0028,-0.0248,0.0608,0.1342,-0.0264,0.233,-0.0121,0.3883,0.3578,0.3712,0.0933,0.4425,0.1379,-0.0251,0.2631,0.004,0.0027,0.0058,-0.004,0.1977,0.0259,0.0502,-0.0091,0.01,-0.0167,0.0109,-0.0161,-0.003,-0.0007,-0.037,0.0748,0.0209,-0.006,-0.0034,-0.0125,-0.0384,-0.0212,0.041,-0.0896,0.082,0.1427,0.0618,0.1802,0.0256,0.041,0.2826,-0.0028,0.0089,0.0144,-0.0003,-0.0003,-0.0825,0.0481,0.0001,-0.0316,0.0264,0.0153,-0.0204,-0.11,0.0681,-0.0145,0.019,-0.014,-0.008,0.014,-0.0044,-0.0564,-0.0046,0.0011,-0.0011,-0.0358,-0.0234,0.0122,-0.0202,0.0952,-0.0231,0.1599,0.0017,1.0,0.0373,-0.012,-0.0979,-0.1579,0.0162,-0.0151,-0.0197,0.0096,0.0244,0.0103,-0.0171,0.0133,0.016,-0.0093,-0.0295,0.0176,0.0017,-0.0033,0.0001,-0.0042,0.0002,-0.005,0.056,-0.0567,-0.045,0.0309,-0.082,-0.0673,0.0379,0.0091,-0.0653,-0.1507,-0.0433,-0.0956,-0.0163,0.0012,0.1026,-0.0985,0.0362,-0.0485,-0.03,-0.0304,0.0552,0.0309,-0.0716,0.0579,0.0058,0.0163,-0.0266,0.0064,-0.0195,0.013,-0.2473,-0.0471,0.0584,0.068,-0.0382,0.1139,-0.0305,0.0562,-0.0685,-0.0291,0.0198,0.0006,0.0203,0.0474,0.0624,-0.0017,-0.0486,-0.0351,-0.0534,-0.0185,0.0291,-0.0095,0.0213,-0.0691,-0.0385,-0.0304,-0.0108,0.0149,-0.0507,0.0506,-0.0426,0.0113,0.0122,0.0392,0.0509,0.0038,0.095,-0.1069,0.0047,0.0216,0.0275,-0.3597,0.0242,0.0736,-0.0765,0.0814,-0.0689,0.0548,0.0164,-0.0318,0.004,0.0848,0.0206,0.0902,0.0276,0.1025,0.0049,0.0476,0.0154,-0.0412,-0.0504,0.1831,-0.0989,-0.0099,0.1828,-0.0224,0.0753,-0.0431,0.0297,0.0643,-0.0423,0.0126,0.185,-0.0029,0.0112,0.0437,0.0729,0.0122,-0.0104,-0.0139,0.0203,0.0231,-0.0219,-0.0093,-0.0054,0.0205,0.0666,-0.0234,-0.0174,0.0435,0.0277,-0.0444,-0.0242,-0.0111,0.0218,-0.0058,0.0565,-0.0049,0.0385,0.0125,-0.0045,-0.0278,-0.0109,-0.0323,-0.0166,-0.0481,0.0169,0.0407,0.1104,-0.098,-0.135,-0.0748,-0.037,-0.0261,-0.076,-0.0825,-0.11,-0.0886,-0.0735,-0.0509,0.0096,-0.1549,-0.0878,0.0126,-0.0316,-0.0673,-0.0562,-0.0195,-0.1007,-0.0453,-0.0614,-0.0523,-0.0635
room_edge_dist_dir_atr,0.0549,0.0488,-0.0057,-0.0286,-0.0185,0.0134,0.0455,0.0243,-0.0017,-0.0523,-0.0238,0.0106,-0.0297,-0.0341,0.0318,0.0017,0.0084,-0.0438,-0.0351,-0.0289,-0.0296,0.0032,0.0396,0.0055,0.0212,-0.0564,-0.029,0.0457,-0.0146,0.0227,0.002,0.0416,0.023,-0.0162,0.0283,-0.0459,0.0117,-0.0093,-0.0122,-0.0029,-0.0007,0.0,0.0402,-0.0033,0.016,-0.0285,-0.021,-0.0016,-0.0131,-0.0026,-0.0106,0.012,0.0509,0.037,0.0545,-0.0396,-0.029,0.0181,-0.0311,0.005,0.0343,-0.0085,0.0079,-0.0246,0.0215,-0.027,0.0072,0.0142,0.0071,-0.0019,-0.0438,0.0252,-0.0442,-0.0222,0.014,-0.0114,-0.0257,-0.0449,0.0152,-0.0332,-0.0468,0.0459,0.0042,-0.0328,0.0349,-0.0438,-0.0009,-0.0275,-0.0374,0.0287,0.0373,1.0,0.0157,-0.5141,0.2307,-0.0385,0.0008,-0.0298,0.0131,-0.0356,0.0161,-0.0105,-0.4252,-0.3332,0.2675,0.3056,-0.1226,0.6409,0.0088,-0.0187,0.0058,0.0183,-0.027,0.0366,-0.0227,0.0001,0.0086,0.0588,-0.0541,0.0676,-0.0337,0.0717,0.0672,0.0245,0.1444,0.1086,0.0097,-0.0144,0.0574,-0.212,0.1098,-0.0156,0.105,-0.3234,-0.1663,0.2289,-0.1186,0.0197,-0.035,0.0244,0.0363,-0.0124,-0.0238,0.0519,0.0349,-0.0352,0.018,-0.0386,-0.004,0.0222,-0.0068,0.1966,-0.066,-0.0388,0.0272,0.0564,-0.0271,0.0349,0.047,-0.0513,-0.0005,0.1294,0.0767,-0.0578,-0.0076,-0.0282,0.0901,0.0533,-0.0629,0.0695,0.0691,-0.0527,0.0137,-0.0746,0.0244,0.0143,-0.0187,0.0436,-0.0076,0.0391,-0.0483,0.1592,-0.1295,0.0115,0.0524,0.0385,-0.1672,0.1677,-0.1478,0.0395,0.0078,0.2067,0.0099,0.0477,-0.0519,-0.0497,-0.07,-0.05,0.0058,0.0148,-0.0193,-0.0129,-0.0232,0.0,-0.0062,-0.0025,-0.0049,-0.0044,-0.0073,0.0214,-0.0261,0.0348,0.0133,-0.0219,0.0226,-0.0293,-0.0071,-0.0543,0.0198,0.0311,0.0434,0.0247,-0.015,-0.0121,-0.0212,-0.0046,0.0246,-0.0161,-0.0105,-0.0437,0.0315,-0.012,-0.0206,-0.0296,-0.0013,-0.0075,-0.0047,0.0159,-0.0131,-0.0135,-0.0159,0.0138,0.0125,0.02,-0.01,0.0004,-0.011,-0.0213,-0.0508,-0.0017,0.0919,0.0432,-0.015,-0.0508,-0.0462,0.0,0.0,-0.0207,-0.0246,-0.0438,-0.0466,-0.0485,-0.0347,0.0131,-0.3525,0.1273,0.0085,0.3056,-0.0541,0.0068,-0.0124,-0.0212,-0.0157,-0.0312,-0.0259,-0.0233
room_edge_kind=hi,0.0035,0.0054,-0.0049,-0.0087,0.0128,-0.0097,0.0073,0.005,-0.0057,-0.0016,0.0029,-0.0387,-0.1937,0.0315,-0.019,-0.0005,0.021,-0.0532,-0.0425,-0.0332,-0.0436,-0.0372,-0.0142,-0.0295,-0.0111,-0.0167,-0.0252,0.1551,0.0046,0.1599,0.0747,-0.0063,0.1365,0.023,0.1166,-0.0308,0.0289,-0.0081,0.0283,-0.0054,-0.0537,-0.021,0.0154,-0.0068,-0.0203,-0.1928,0.0061,0.0126,0.0186,0.0078,0.0049,-0.0024,0.0044,0.0099,0.0007,-0.0362,-0.0415,-0.0345,-0.0548,-0.018,0.0515,-0.0614,0.0209,-0.017,0.0683,-0.0158,-0.0482,0.0421,-0.0223,0.0038,0.0004,0.0215,-0.017,0.0124,-0.0248,-0.0092,-0.0301,-0.0401,-0.0017,-0.0237,-0.1461,0.1495,0.0605,-0.0778,0.0502,-0.0428,-0.0059,-0.0174,-0.0252,0.1932,-0.012,0.0157,1.0,0.0119,-0.0226,0.012,-0.0289,0.016,-0.0163,0.0002,0.0066,0.0271,0.0216,0.0024,0.0131,-0.0151,-0.0004,0.0116,0.0045,-0.0341,0.0204,0.0327,0.0145,0.0011,-0.0005,0.0088,0.0091,-0.002,-0.0183,-0.0121,0.0272,-0.0214,0.0306,0.0056,-0.0024,0.0138,0.0002,-0.0147,0.0075,0.0058,0.0122,0.0137,-0.0108,-0.0041,-0.1843,-0.0076,0.1912,0.0363,0.007,-0.0459,0.0338,-0.0092,-0.0246,0.0383,-0.0141,-0.0184,0.0005,0.013,-0.0184,-0.0105,0.0134,0.0239,0.0157,0.0054,-0.0355,0.0077,-0.0154,0.0261,-0.0276,0.0192,0.0195,-0.0059,0.0291,-0.0449,0.0303,0.0013,-0.0113,0.0154,0.0254,-0.007,0.0304,0.0099,-0.0068,-0.0197,0.0003,-0.0112,0.0089,-0.0056,-0.0022,0.0064,-0.0019,0.0059,0.0029,-0.0001,0.0003,0.4273,-0.0073,0.0084,-0.011,0.0211,-0.0278,0.0071,0.0295,0.1633,-0.0586,-0.0413,-0.0446,-0.0112,-0.0235,-0.017,-0.0358,-0.0213,0.0263,0.0379,-0.0482,0.0333,0.0437,-0.0467,0.023,0.0114,0.0044,-0.0007,0.0264,0.0093,0.0104,-0.0275,-0.014,-0.0343,0.0449,-0.0199,0.1217,0.0173,0.0279,-0.0439,-0.0111,0.0326,0.0167,0.0209,-0.0474,-0.0516,0.0153,0.0278,-0.0416,-0.0048,0.0186,0.0259,0.0363,-0.025,0.0258,-0.0031,0.0075,-0.0215,-0.0066,-0.0034,0.01,0.0214,0.0195,0.0147,0.0199,-0.0269,0.0264,-0.0051,0.0121,0.0017,-0.0064,-0.021,-0.0149,0.0203,-0.017,0.0004,-0.0474,-0.0086,-0.0182,-0.0163,-0.0699,-0.0055,-0.0162,-0.0163,-0.0183,-0.0134,-0.0092,0.0155,-0.0084,-0.0022,0.0002,0.0125
room_ahead_dist_atr,0.0271,0.031,-0.0713,0.0081,0.0586,0.0126,0.0267,-0.0301,0.0055,-0.0698,0.0234,-0.0314,-0.0125,0.0257,-0.0005,-0.0217,-0.0341,-0.156,-0.0342,-0.21,-0.1813,-0.1623,0.0025,-0.08,0.099,0.0041,-0.1394,0.0101,0.0017,0.0143,0.0529,0.0842,0.0533,0.0084,0.0364,0.0215,-0.0234,-0.0186,0.039,-0.0285,-0.0439,0.0,0.081,-0.0111,-0.0102,-0.014,0.0138,0.0129,0.0194,-0.0006,0.0036,-0.0042,0.0299,0.0306,0.031,0.0296,0.0143,-0.0793,0.0306,0.0209,-0.0109,0.0201,0.0009,-0.0793,0.0224,0.0076,0.0071,0.0054,0.0227,-0.0075,-0.0752,0.0311,0.0154,-0.0032,0.0021,0.0002,0.0112,0.0435,-0.0369,-0.0274,0.0016,-0.0034,-0.0107,-0.0144,0.0298,-0.016,0.0218,-0.0134,-0.0994,0.0119,-0.0979,-0.5141,0.0119,1.0,-0.2782,0.0836,0.0051,-0.0047,-0.0172,0.0,0.0132,0.0175,0.257,0.1483,-0.1895,-0.1121,0.1024,-0.4575,0.0095,-0.0378,-0.0054,0.0383,0.0157,0.0266,-0.0159,-0.0049,0.0208,0.0556,-0.0596,0.0144,0.0265,-0.0787,0.0178,0.0301,-0.101,-0.1442,0.0038,-0.0623,-0.0024,0.2382,-0.091,0.0292,-0.0792,0.2638,0.1289,-0.2182,0.1439,-0.0313,0.0405,-0.0194,-0.0324,0.0357,-0.0024,0.1118,-0.0102,-0.0431,-0.0336,-0.0537,-0.0505,-0.0235,-0.0253,-0.1385,0.0422,0.0148,-0.02,-0.0302,0.0145,-0.0812,0.0005,0.0468,-0.0561,-0.0986,-0.0799,0.0537,0.0119,0.0116,-0.0521,-0.0183,0.038,-0.1122,-0.1026,-0.0276,-0.0367,0.1501,-0.0283,-0.044,-0.0025,-0.0925,-0.0045,-0.0859,0.1162,-0.184,0.2049,0.0433,0.2534,0.0189,0.0009,0.004,-0.0115,-0.0531,-0.0295,-0.2294,-0.0343,-0.001,-0.0536,0.0115,0.0366,0.036,-0.0416,0.0043,-0.0504,-0.0564,-0.0125,0.0718,-0.1227,0.0804,0.0619,-0.1235,0.0576,0.0202,0.0058,-0.0189,0.0481,0.0058,-0.0009,-0.0851,0.0125,0.02,0.0485,-0.0227,0.037,0.002,0.0394,-0.0458,-0.0081,0.0439,0.0024,0.0327,-0.0462,-0.0406,0.0056,0.0383,-0.0509,-0.0001,0.0071,0.0418,0.042,-0.0379,0.0349,-0.0285,-0.0172,-0.0393,0.0085,-0.0297,0.0469,0.0474,0.0256,0.0635,0.0415,-0.0159,-0.0328,-0.0298,-0.0273,-0.0858,-0.0655,0.0,0.0,-0.003,-0.0793,-0.0752,-0.0344,-0.0734,-0.0759,-0.0172,0.0,0.0049,-0.0172,-0.1121,-0.0596,0.0253,0.0357,-0.0273,0.0,-0.0408,0.0,-0.0155
room_behind_dist_atr,0.0258,0.0274,-0.0641,-0.0419,0.0033,0.0448,0.0453,-0.0213,-0.0112,0.0346,0.0067,0.0055,0.0306,-0.0088,-0.01,-0.0348,0.0101,-0.1142,0.0586,-0.2452,-0.2284,-0.2064,-0.0045,-0.1606,0.0375,0.0325,-0.1415,-0.0399,0.0353,-0.0424,-0.026,0.0704,-0.0089,-0.0275,0.0159,0.0048,0.0022,-0.015,0.0067,0.0027,-0.0016,0.0,-0.025,-0.0216,0.0463,0.0321,-0.0268,-0.0324,-0.0135,-0.0079,-0.0041,-0.0199,0.0203,0.0119,0.0209,0.0669,0.0717,-0.0403,0.0856,0.0635,-0.0746,0.0293,0.0063,-0.0208,-0.0184,0.0449,0.0401,-0.0368,0.0329,0.0066,-0.0563,0.0075,0.01,-0.0099,0.0049,-0.0202,0.0708,0.0745,0.0497,0.0549,0.018,-0.021,0.0111,0.034,-0.065,0.0677,-0.0389,0.0266,-0.0626,-0.0306,-0.1579,0.2307,-0.0226,-0.2782,1.0,0.0201,0.007,0.0127,-0.0028,0.0337,-0.0122,0.0246,-0.1896,0.013,0.0933,0.1749,-0.2529,0.2966,-0.0509,0.0378,-0.0086,-0.0372,0.0094,0.0066,0.0189,0.04,-0.0108,0.0991,0.0173,0.0094,-0.0234,0.0264,0.2559,0.074,0.1922,0.145,-0.0135,0.0549,0.3284,-0.4097,0.124,-0.0162,0.0404,-0.303,-0.2761,0.4896,-0.331,-0.0942,0.1573,-0.104,-0.1513,0.3661,-0.2091,0.1266,0.1322,0.0247,0.043,0.0427,0.0437,0.015,-0.4526,0.2162,0.2018,0.0014,0.1856,-0.317,-0.016,-0.1042,-0.1439,0.2409,-0.0601,0.1325,0.0953,0.1163,-0.1721,-0.0007,0.1226,0.0547,0.0264,0.1014,0.0324,0.0678,0.0042,-0.0335,0.0186,0.003,-0.0194,-0.0227,-0.0384,-0.1592,0.1614,-0.0356,-0.384,0.1024,0.3445,-0.0361,-0.0091,0.0175,0.0219,0.1337,-0.0965,-0.0403,0.0074,-0.0188,0.0085,0.0681,0.0643,0.0024,-0.0231,-0.0394,0.0064,0.0122,0.0205,0.0517,-0.1224,0.0755,0.0297,-0.1214,0.0347,0.0055,0.0405,-0.028,0.0009,0.0402,-0.0034,-0.0884,0.0084,0.0683,-0.0301,-0.0178,-0.0084,-0.025,0.0062,0.0199,0.0342,0.015,-0.0263,-0.0043,0.0208,-0.0122,-0.018,0.0032,0.0135,0.0244,-0.014,0.0082,0.0081,-0.0053,0.004,-0.0113,-0.0248,-0.0312,0.0256,-0.0183,0.013,-0.0108,-0.0061,-0.0184,-0.0167,0.0301,-0.0748,-0.0062,-0.0088,-0.0421,0.0322,0.0,0.0,0.0147,-0.0208,-0.0563,0.0005,0.0253,0.0311,-0.0028,0.0951,0.0,0.0015,0.1749,0.0173,0.4526,0.3661,-0.0021,-0.0045,0.0115,0.0015,0.0054
touch_prot_n,0.0555,0.0522,-0.0998,0.0283,0.0639,-0.007,-0.0021,0.01,0.0114,-0.0625,0.0356,-0.0,0.0126,0.0589,-0.0226,-0.0114,-0.0188,-0.205,-0.1947,-0.1017,-0.0876,-0.1043,-0.0478,0.0276,0.1163,-0.0333,-0.0499,-0.0097,0.0206,-0.0062,0.025,0.0968,0.0106,-0.0129,-0.0022,-0.0318,-0.0222,-0.0091,0.109,-0.0363,-0.0007,-0.0068,0.1038,-0.0097,-0.0614,0.0152,0.0784,-0.0098,0.1015,-0.0104,0.0785,-0.0363,0.073,0.1135,0.0428,0.1027,-0.0026,-0.0401,0.0519,-0.0936,-0.0048,0.0276,0.0207,-0.0836,0.0166,0.0305,0.0258,0.0683,0.0044,0.0105,-0.0552,0.0341,0.0739,-0.0529,-0.0311,0.0349,0.002,0.093,-0.0298,-0.3905,-0.022,-0.0505,-0.1479,-0.1561,0.0498,0.0131,0.1192,-0.1348,-0.0342,-0.0122,0.0162,-0.0385,0.012,0.0836,0.0201,1.0,0.0178,-0.1693,0.0,-0.0375,0.1566,-0.3242,-0.0102,-0.0744,-0.0086,0.0733,0.031,-0.0355,0.0898,-0.0276,-0.0123,0.0285,-0.0359,0.0994,-0.1175,-0.1085,0.0842,-0.0299,-0.1206,0.0748,0.008,-0.0014,0.1305,0.0259,0.0234,0.0065,-0.0233,-0.0578,0.006,0.046,0.0114,0.0049,-0.0056,0.0197,0.0237,-0.024,0.0063,0.0226,-0.0391,0.0268,0.0084,-0.0174,0.009,0.1389,0.0716,-0.0036,-0.0684,-0.0311,-0.0502,0.029,0.0198,0.0369,0.0054,0.0523,0.0123,-0.031,0.0765,0.0111,-0.0106,-0.0308,-0.0453,0.0265,0.0333,-0.0063,-0.035,0.0478,0.0238,-0.0286,-0.0046,-0.0287,-0.073,-0.0089,-0.0785,0.0875,-0.0359,-0.0286,-0.0019,-0.0201,-0.0224,-0.0126,0.0348,-0.0439,0.0148,0.0066,0.0937,-0.0003,0.0111,-0.014,0.0192,0.0322,-0.0197,-0.0178,-0.0195,0.001,-0.0281,0.0286,-0.032,0.0207,-0.0629,-0.0342,-0.185,-0.166,0.0084,0.073,-0.1514,0.0784,0.0419,-0.1337,0.0748,0.0465,-0.0098,-0.0143,0.0576,-0.0038,-0.0038,-0.0297,0.0156,0.0937,0.1019,-0.1487,0.0041,-0.0436,0.0994,-0.0942,0.0552,0.1115,-0.0474,0.1031,-0.0949,-0.0223,-0.0587,0.1087,-0.0724,0.055,0.0223,0.1129,0.102,-0.1144,0.1032,-0.0363,0.0027,-0.0384,-0.0756,0.0212,0.0038,0.2076,0.1482,0.2563,0.2513,-0.0388,-0.1712,-0.1399,0.0029,-0.114,-0.0447,-0.0068,-0.0009,-0.0038,-0.0836,-0.0552,0.0338,-0.0975,-0.0645,0.0,0.004,-0.0109,-0.0375,0.0728,-0.1206,-0.0198,-0.0174,-0.003,-0.0019,-0.0269,-0.0021,0.0059
touch_prot_last=broke,0.0047,0.0009,-0.0088,0.002,0.0074,0.0133,0.0034,-0.0069,-0.0171,-0.0145,0.022,-0.0219,0.0235,-0.0123,0.0059,-0.0178,0.0305,-0.062,-0.0568,-0.044,-0.0541,-0.0241,0.0142,-0.0128,0.016,-0.0279,-0.0365,-0.0142,-0.0075,-0.0125,-0.0032,0.01,-0.0012,-0.0024,0.0001,-0.0139,0.025,-0.0135,-0.0028,-0.0032,-0.0143,-0.0015,0.0162,-0.0122,0.0296,0.0169,-0.0139,-0.0051,-0.0073,-0.009,-0.0043,0.0053,0.0027,0.0009,0.0066,0.0149,0.0166,-0.041,-0.0002,0.0084,-0.0079,0.0281,-0.0054,-0.0217,-0.0149,0.0022,-0.0079,-0.0182,0.0016,-0.0047,-0.0023,0.0007,0.0254,0.0202,0.0005,-0.0012,-0.007,0.0102,0.0015,-0.0772,0.0006,-0.0298,-0.0459,-0.0283,-0.002,-0.0184,-0.0001,-0.0283,-0.0258,-0.0235,-0.0151,0.0008,-0.0289,0.0051,0.007,0.0178,1.0,-0.0133,-0.0117,-0.0015,-0.2525,-0.0605,0.0077,0.0141,0.0191,-0.0131,-0.0223,0.0166,0.0184,0.0074,-0.0023,-0.0072,-0.0369,0.013,-0.0202,-0.0229,0.0039,0.0182,-0.0266,0.0364,-0.02,-0.0025,-0.0111,0.0327,-0.0125,0.0087,-0.0015,0.0257,-0.0057,-0.0172,0.0129,0.0045,-0.0155,-0.0254,-0.0069,0.0188,-0.0164,0.0291,-0.0338,0.0134,0.0001,-0.0131,0.0129,0.0137,-0.0319,0.0393,-0.0081,-0.0093,0.0284,-0.0013,0.0043,0.0105,0.0006,0.0077,-0.0082,0.0025,-0.0012,0.0111,-0.0058,-0.0025,-0.0076,-0.0091,-0.0078,-0.0029,0.0041,0.0088,-0.0065,-0.0031,-0.0031,-0.0079,-0.0091,-0.0069,0.0363,-0.0269,-0.0025,-0.004,-0.0018,0.0556,-0.0094,0.0304,-0.0389,0.012,-0.0122,-0.0017,0.0321,-0.0227,-0.0245,0.0227,-0.0224,-0.0261,0.0155,0.0125,0.0297,-0.0077,-0.0084,0.0082,-0.0225,-0.0031,0.0057,-0.002,-0.0248,-0.0252,0.0077,0.0223,-0.0388,0.0444,-0.0041,-0.0374,0.0153,-0.0297,0.0195,-0.0268,-0.0175,0.0208,-0.0081,-0.0376,-0.0088,0.012,-0.0025,0.0097,0.0048,0.0079,0.0003,-0.0034,-0.0273,0.0022,0.0068,-0.0092,-0.0017,-0.0399,0.0098,0.0023,-0.0159,-0.0171,0.006,-0.005,0.0008,0.0008,-0.0043,0.008,-0.0173,-0.0507,0.0137,-0.0311,-0.0038,-0.0096,-0.004,0.0135,0.016,0.0305,0.0072,-0.0131,-0.004,-0.0122,-0.0122,-0.0015,-0.001,-0.0064,-0.0217,-0.0023,0.0076,-0.0141,-0.0106,-0.0117,-0.0093,-0.0074,-0.0118,-0.0132,-0.0266,-0.0043,-0.0131,-0.0041,-0.0018,-0.0094,-0.0021,-0.0025
touch_prot_last=held,-0.0589,-0.058,0.0908,-0.0045,-0.028,-0.0052,-0.0207,-0.0189,-0.0221,0.0312,0.0221,0.0231,0.0111,0.1933,-0.0818,-0.0136,0.0114,0.0358,0.015,0.0387,0.0324,0.0128,-0.0008,-0.0194,-0.0362,0.136,0.0492,-0.0276,0.0354,-0.0159,-0.0182,-0.0532,-0.0099,0.0105,-0.0242,0.0479,0.0169,-0.1031,0.112,0.009,-0.0207,-0.0041,-0.0738,-0.1113,0.1885,0.0111,-0.0939,-0.0186,-0.1043,-0.0049,-0.0494,0.0064,-0.0772,-0.0921,-0.061,0.0351,0.0507,0.0184,0.0199,-0.0079,-0.0347,-0.0026,-0.0151,0.04,-0.0182,0.0442,-0.0043,-0.0219,0.0032,-0.0133,0.0575,-0.0434,0.0199,0.0272,-0.0103,-0.0158,0.0678,0.0792,0.05,0.2744,0.0261,-0.0243,0.0488,0.0563,-0.0119,0.0617,-0.1188,0.1079,0.0545,-0.0112,-0.0197,-0.0298,0.016,-0.0047,0.0127,-0.1693,-0.0133,1.0,-0.0328,-0.0041,-0.7082,0.33,-0.0739,-0.0382,-0.0179,0.0566,0.0113,-0.0138,-0.1029,-0.033,0.0296,0.031,0.1247,-0.0815,0.071,0.0491,-0.0528,-0.0084,0.1013,-0.073,0.0039,-0.005,-0.0115,-0.0165,-0.0142,-0.0174,-0.0041,0.0858,0.0,-0.031,-0.0029,-0.0305,-0.0494,0.0158,0.0092,0.0005,-0.0096,-0.0086,0.0312,-0.0309,-0.0467,0.04,0.0068,0.0146,-0.0916,0.0511,0.0547,0.0563,0.0712,-0.0002,-0.0395,-0.0478,0.0392,-0.0334,0.0396,-0.0529,0.0206,0.0246,-0.0496,0.0149,0.0456,-0.0254,-0.011,0.057,-0.0215,-0.0321,0.0077,-0.0087,-0.0087,-0.0115,-0.0256,0.0173,0.0426,-0.0408,0.0258,0.0304,-0.005,-0.0088,0.0184,0.0215,-0.031,-0.0438,-0.0152,-0.0443,-0.0744,-0.0147,0.0332,-0.03,0.0149,0.0467,-0.005,-0.0398,0.0103,-0.0117,0.0821,0.0592,0.0784,-0.0157,-0.0251,-0.0467,0.0598,0.045,0.0093,-0.0381,-0.0062,-0.0156,-0.0457,0.0015,-0.0555,-0.0425,0.0203,-0.0044,-0.0428,0.0168,-0.0328,0.0457,0.0078,0.0458,-0.1358,0.0475,-0.025,-0.113,0.1036,0.0008,0.0712,0.0948,-0.1111,0.0928,-0.0068,0.0089,-0.1065,0.1076,-0.0102,0.0679,0.0149,0.0916,0.0934,-0.1183,0.1034,0.0349,-0.01,-0.0092,0.0357,-0.0104,0.017,-0.1346,-0.1227,-0.087,-0.0483,0.0337,-0.1087,-0.0138,-0.0112,0.0999,0.0429,-0.0041,-0.0029,-0.0048,0.04,0.0575,0.06,0.1079,0.0024,-0.0328,0.0663,0.0132,-0.0331,0.0563,0.1013,0.0395,0.04,-0.0116,-0.005,0.0723,-0.0058,-0.0071
touch_prot_last=na,-0.0155,-0.011,-0.0116,-0.0185,-0.0114,-0.0394,0.002,0.0187,-0.0014,0.1058,-0.0067,-0.0392,0.0135,-0.0504,-0.0329,-0.0021,0.0032,0.0008,0.0067,0.0015,-0.0041,-0.0287,-0.0427,-0.0451,-0.0454,0.0458,0.0174,-0.0133,0.0241,-0.0192,0.009,-0.0201,-0.0141,-0.0053,-0.01,0.0084,0.0048,0.029,-0.071,-0.0443,-0.0017,-0.0036,-0.0516,0.016,-0.0553,0.0135,0.0306,0.0268,0.0543,0.0104,0.0183,0.0189,-0.0061,-0.0039,-0.0115,0.0145,0.0083,-0.0382,0.0232,0.0002,-0.0221,-0.0215,0.0042,0.0696,-0.0193,0.0024,0.0117,-0.0075,0.0107,-0.0117,0.0513,-0.0467,-0.0037,-0.0123,-0.0197,0.0424,0.0264,0.016,-0.0294,0.0,0.0123,-0.0178,0.0499,0.0431,-0.0172,-0.0062,-0.0213,0.078,0.0094,-0.0136,0.0096,0.0131,-0.0163,-0.0172,-0.0028,0.0,-0.0117,-0.0328,1.0,-0.0036,-0.6234,0.0,-0.008,-0.0298,0.0092,0.0119,0.0163,0.0064,0.0213,0.0117,-0.0057,-0.0113,-0.0316,-0.0026,0.0075,0.0182,0.0022,0.0254,0.0476,-0.0298,-0.0031,-0.0025,0.025,0.0118,0.0158,0.005,0.0606,-0.0103,-0.0139,0.0202,-0.0153,-0.0179,-0.0004,0.02,0.0292,-0.0162,-0.0088,0.0013,-0.0047,0.0047,0.0156,-0.0057,-0.0099,0.0078,-0.0033,-0.0103,-0.0022,0.0801,-0.0323,-0.0086,0.0007,-0.0058,-0.0034,0.0031,0.0159,-0.0087,0.0281,-0.0304,0.0179,-0.0304,0.0566,0.0196,-0.007,0.0195,-0.0161,-0.0115,0.0132,-0.0076,-0.0076,0.0045,-0.0225,0.0655,-0.036,0.0348,-0.0062,-0.0099,-0.0044,-0.0049,-0.0233,0.0003,0.013,-0.0234,0.0185,0.006,0.0115,-0.0289,0.0182,-0.0191,0.0193,0.0246,0.0001,-0.0005,0.0006,-0.0216,0.0232,0.0277,0.0042,-0.0183,-0.0063,0.0059,0.0101,0.0206,0.0185,-0.016,0.0239,-0.0256,0.0035,0.0227,0.0004,-0.0331,0.0602,-0.0452,-0.0368,0.0632,-0.032,-0.0003,-0.0185,0.0218,0.0196,-0.0181,-0.0134,0.0314,-0.0685,0.0449,-0.005,-0.0688,0.0335,-0.0692,0.0481,0.0325,0.0106,-0.0704,0.0571,0.0011,-0.0216,-0.0682,-0.0681,0.0728,-0.0708,-0.0036,0.0151,-0.0037,-0.0,0.0002,0.0105,0.0078,0.0183,0.023,0.0285,-0.0301,-0.0369,-0.033,-0.0099,0.037,0.0883,-0.0036,-0.0025,-0.0158,0.0696,0.0513,0.043,0.0829,0.0824,1.0,0.0357,-0.0055,0.9919,0.0117,0.0476,-0.0007,-0.0057,-0.0102,-0.0044,0.0475,-0.0051,-0.0062
touch_prot_last=none,0.0122,0.0111,-0.0064,-0.0083,0.0205,-0.0095,-0.0096,-0.01,0.0401,-0.0045,-0.0024,-0.0077,0.0002,0.0386,0.0018,-0.0051,-0.0057,0.0314,0.0301,0.0203,0.0185,0.027,0.023,0.0224,0.0057,0.0367,0.007,-0.0101,0.0006,0.0029,-0.0083,0.0097,0.0021,0.0005,-0.0002,0.0285,-0.0082,-0.0283,0.048,-0.0124,0.0006,-0.0004,0.005,-0.0282,0.0347,0.0002,-0.038,-0.0371,-0.0372,0.0237,-0.0361,0.0125,-0.0012,-0.033,0.0135,0.0254,0.0323,0.0343,0.0266,0.0196,-0.0251,0.0016,-0.0017,-0.0067,0.0025,0.0145,0.0062,-0.0161,0.0036,0.1532,-0.0091,-0.0182,-0.0046,0.0315,-0.0099,0.0059,0.0,0.0343,0.0064,0.0369,-0.0027,0.0019,0.0168,0.0245,-0.0319,0.0367,0.0025,0.0367,0.0366,-0.0002,0.0244,-0.0356,0.0002,0.0,0.0337,-0.0375,-0.0015,-0.0041,-0.0036,1.0,-0.0778,0.0,0.0142,0.0033,-0.0099,-0.0095,0.0135,-0.006,-0.0012,0.0168,-0.0007,-0.0167,0.0094,-0.0321,0.0297,0.0207,-0.0253,0.0,0.0549,-0.0259,-0.013,0.0,0.0,0.0,-0.0038,-0.0035,-0.0004,0.0265,-0.0058,-0.0141,-0.0031,-0.0041,-0.0079,0.0,-0.01,0.0162,-0.0102,-0.0097,0.0152,-0.0095,-0.015,0.0304,-0.0152,-0.0182,0.0,0.0159,0.0168,-0.0028,0.0276,0.0,-0.0352,0.0,-0.0149,-0.0037,0.0535,-0.0214,-0.0049,-0.0052,0.0169,-0.0124,-0.0023,-0.0028,-0.0024,0.0608,-0.0477,-0.0035,-0.002,-0.001,-0.001,-0.0024,-0.0028,-0.0021,-0.0088,0.0125,-0.0008,-0.0012,-0.0006,-0.0022,-0.0029,-0.0072,0.0085,-0.0154,-0.0093,0.0,0.0,0.0,0.0,0.0,0.0,0.0,0.0,-0.0185,-0.0057,0.0,0.0315,0.031,0.0314,-0.0286,-0.0034,-0.0191,0.0187,0.0221,0.0024,-0.0319,0.0269,-0.0283,-0.0194,0.0237,-0.0061,-0.0098,0.0081,-0.0042,0.0004,0.0072,0.0015,0.0138,0.0083,0.0244,-0.0226,0.0224,0.0064,-0.032,0.0348,0.0049,0.0271,0.0352,-0.0325,0.031,-0.0029,-0.0069,-0.0328,0.0352,-0.0005,0.0239,0.0069,0.0291,0.035,-0.0458,0.0391,0.0,-0.0295,-0.0172,0.0141,-0.0101,0.0273,-0.0156,-0.0194,0.0029,0.0024,0.0168,-0.022,0.0033,-0.0012,-0.0093,-0.0038,-0.0004,-0.0003,-0.002,-0.0067,-0.0091,0.0077,0.1036,-0.0033,-0.0036,0.0694,-0.0023,0.1237,-0.0095,0.0549,0.0352,0.0304,-0.0013,-0.0006,-0.0029,-0.0006,-0.0008
touch_prot_last=pending,0.051,0.0486,-0.0561,0.0155,0.0242,0.0266,0.0137,0.0044,0.0184,-0.0875,-0.0176,0.0151,-0.0233,-0.1089,0.0796,0.0166,-0.0181,-0.0127,-0.0025,-0.0192,-0.0081,0.0135,0.0226,0.0452,0.0513,-0.1251,-0.0382,0.0336,-0.0396,0.0273,0.0091,0.0486,0.0166,-0.0036,0.0236,-0.0393,-0.0215,0.0628,-0.0392,0.0242,0.0201,0.0058,0.083,0.0768,-0.1132,-0.0216,0.0559,0.0007,0.0462,-0.0028,0.0285,-0.0195,0.06,0.0726,0.0493,-0.0416,-0.0502,0.0197,-0.0318,0.0017,0.0442,0.0081,0.0099,-0.0682,0.0297,-0.0361,-0.0025,0.0275,-0.01,0.0058,-0.0742,0.0636,-0.0189,-0.0198,0.0209,-0.016,-0.0645,-0.0748,-0.0185,-0.2346,-0.0271,0.0373,-0.0573,-0.0638,0.0231,-0.0393,0.1008,-0.1254,-0.0422,0.0234,0.0103,0.0161,0.0066,0.0132,-0.0122,0.1566,-0.2525,-0.7082,-0.6234,-0.0778,1.0,-0.29,0.0562,0.0434,0.0028,-0.0449,-0.014,0.0013,0.0568,0.0132,-0.0173,-0.0121,-0.0617,0.0606,-0.054,-0.0435,0.0383,-0.0165,-0.1027,0.0653,0.0057,0.006,-0.0055,-0.0055,0.0038,0.0075,-0.036,-0.0654,0.0111,0.0154,0.0089,0.0332,0.0413,-0.0175,-0.023,0.0038,0.0181,-0.0015,-0.012,0.0168,0.0253,-0.0246,-0.0007,-0.018,0.0764,-0.0427,-0.0379,-0.0907,-0.0412,0.0063,0.0302,0.0349,-0.0254,0.0207,-0.0417,0.0456,-0.0327,-0.0008,0.0249,0.0105,-0.068,0.0086,0.0149,-0.0588,0.0292,0.029,-0.0124,0.0123,0.0123,0.0079,0.0362,-0.0533,-0.0169,0.0135,-0.0141,-0.0147,0.0071,-0.0052,0.0044,-0.0236,0.0241,0.0454,0.0032,0.028,0.036,0.0364,-0.0289,0.0277,-0.0173,-0.0423,-0.0011,0.0277,-0.0155,0.0247,-0.0757,-0.0663,-0.0568,0.0266,0.0213,0.0326,-0.0449,-0.0411,-0.0211,0.0349,-0.0028,0.0185,0.034,-0.0077,0.0368,0.0616,-0.06,0.0402,0.0601,-0.0597,0.047,-0.0243,0.008,-0.0531,0.0894,-0.0276,0.0252,0.063,-0.0344,-0.0293,-0.0439,-0.0283,0.0605,-0.0231,-0.0256,-0.0163,0.0714,-0.0366,-0.0254,-0.0479,0.0009,-0.0239,-0.0273,0.043,-0.0318,-0.0254,0.0047,0.0243,-0.031,0.0167,-0.0206,0.0975,0.0808,0.045,0.0123,-0.0148,0.1037,0.0349,0.0159,-0.0933,-0.0853,0.0058,0.0041,0.0157,-0.0682,-0.0742,-0.0747,-0.138,-0.0523,-0.6234,-0.0751,-0.0039,-0.6286,-0.0445,-0.1027,-0.0302,-0.0246,0.0164,0.0071,-0.0811,0.0082,0.01
touch_prot_bars_ago,-0.021,-0.0229,0.0596,0.0046,-0.0355,-0.0064,-0.0101,-0.0268,0.0202,0.0118,0.0381,-0.0129,-0.0311,0.3312,-0.0293,0.0045,0.0247,0.0903,0.1184,0.0128,0.0017,0.0032,-0.0015,-0.0342,-0.0403,0.0889,0.0401,0.0159,0.0491,0.0185,0.0168,-0.0339,0.0277,-0.0064,0.0381,0.047,0.0263,-0.156,0.139,-0.0231,-0.0028,-0.0112,-0.0177,-0.1595,0.2499,-0.0337,-0.0948,0.0175,-0.1223,-0.0239,-0.0476,-0.0269,-0.044,-0.0635,-0.0285,0.0352,0.0497,-0.0045,0.0341,0.0567,-0.0532,-0.0319,0.0011,0.0,0.0318,0.042,0.0015,-0.0576,-0.0034,0.0003,0.0043,0.0002,0.0008,0.0351,0.0365,-0.0023,0.1479,0.1232,-0.0159,0.5522,0.0152,0.0591,0.3405,0.3297,0.0306,0.0369,-0.2115,0.1117,0.0448,0.0315,-0.0171,-0.0105,0.0271,0.0175,0.0246,-0.3242,-0.0605,0.33,0.0,0.0,-0.29,1.0,-0.098,-0.0172,0.0227,0.0609,-0.0536,0.0163,-0.1622,-0.0794,0.0312,0.0773,0.2865,-0.0442,0.0285,0.0109,-0.0108,-0.057,0.0439,-0.1015,0.0789,0.0516,-0.0765,0.0062,-0.036,-0.066,0.0219,0.18,-0.016,-0.092,-0.0134,-0.0313,-0.0523,-0.0492,-0.0334,0.0581,-0.0388,-0.0284,0.0432,-0.026,-0.0262,0.0664,-0.0398,-0.0853,-0.0591,0.0726,0.15,0.0533,0.1677,0.0332,-0.0874,-0.0416,-0.0075,-0.0185,0.0709,-0.0351,0.002,0.0794,-0.0311,-0.0185,-0.0012,-0.0464,-0.0251,0.1046,-0.057,-0.0152,-0.0014,0.0134,-0.0155,-0.0648,-0.049,0.0393,0.0853,-0.0883,0.0163,0.0067,0.0137,0.0228,0.0403,0.0818,-0.0987,-0.024,-0.0168,-0.0067,-0.0067,-0.0093,-0.0351,0.0334,-0.0359,-0.0501,0.0291,-0.0379,0.0245,0.03,0.0586,0.0491,0.0378,-0.0192,-0.0057,-0.0271,0.0483,0.0203,0.0275,-0.0283,0.0061,-0.036,-0.0214,0.0163,-0.0394,-0.0479,0.0484,-0.0328,-0.0192,0.0434,-0.0154,0.0692,0.0607,0.0374,-0.139,0.042,0.0216,-0.1456,0.1342,-0.0108,0.0949,0.1296,-0.1424,0.1317,-0.0243,0.0167,-0.1045,0.1245,-0.0121,0.0798,-0.0042,0.1231,0.1309,-0.1303,0.1413,0.0445,-0.0338,-0.0346,0.0412,-0.0403,0.0324,-0.0981,-0.0727,0.0038,0.027,0.2038,-0.1298,-0.0151,-0.0316,0.0572,-0.0168,-0.0112,-0.0125,-0.014,0.0,0.0043,0.0222,0.0566,-0.0362,0.0,0.0281,0.0098,0.0,0.0602,0.0439,0.0874,0.0664,-0.0281,-0.0219,-0.0084,-0.0206,-0.0233
touch_room_n,0.0686,0.0634,-0.083,0.0572,0.0791,0.0159,-0.0048,0.0049,-0.003,-0.1807,0.0556,-0.01,-0.027,0.0064,0.0667,0.001,0.0026,-0.2461,-0.2586,-0.11,-0.109,-0.0856,-0.0327,0.0601,0.1382,-0.2606,-0.224,0.0284,-0.2036,0.0257,-0.0038,0.1051,-0.0072,0.0079,-0.0019,-0.3092,-0.0119,0.0513,-0.0163,-0.017,0.0397,0.0,0.1724,0.0635,-0.156,-0.0272,0.1466,0.1164,0.1713,0.0318,0.128,-0.0407,0.1017,0.1673,0.06,-0.2582,-0.2913,-0.0719,-0.226,-0.1405,0.2426,0.0314,0.0122,-0.154,0.0553,-0.1183,-0.1417,0.2156,0.021,-0.0029,-0.1003,0.0527,-0.1287,0.0544,-0.004,-0.0728,-0.2022,-0.25,-0.0823,-0.3173,-0.0279,0.031,-0.0684,-0.077,0.2646,-0.3093,0.1116,-0.1611,-0.2407,0.0273,0.0133,-0.4252,0.0216,0.257,-0.1896,-0.0102,0.0077,-0.0739,-0.008,0.0142,0.0562,-0.098,1.0,0.3226,-0.088,-0.649,0.2747,-0.4547,0.3841,-0.1781,-0.0121,0.179,-0.0956,0.1707,-0.185,-0.1619,0.1422,-0.0595,-0.2293,0.1289,0.031,-0.0731,0.0674,0.0112,-0.02,0.0103,0.012,-0.0987,-0.1407,0.1125,-0.0343,0.1029,0.059,0.0368,0.021,-0.0624,0.0563,0.0272,-0.0138,-0.0101,0.0272,-0.0656,0.038,0.1931,0.1621,-0.0598,-0.0617,-0.1265,-0.065,-0.0241,0.0745,0.0006,-0.0157,0.011,-0.0725,0.0608,0.0049,-0.125,0.075,-0.0027,-0.1239,-0.025,-0.0265,-0.056,0.062,0.0037,-0.0322,0.0166,0.029,0.0394,0.047,-0.0872,0.0257,0.0435,-0.0009,-0.0383,0.0301,-0.0665,-0.0006,-0.0902,0.1041,-0.001,0.0841,0.0183,0.1023,0.0339,-0.1028,0.104,-0.1062,-0.0414,-0.1592,-0.0338,0.0042,0.0187,-0.3453,-0.3127,-0.2445,0.2379,-0.0442,0.1285,-0.3275,-0.3193,-0.0118,0.1928,-0.2407,0.1636,0.1352,-0.2456,0.1475,0.1618,-0.1407,0.0763,0.127,-0.1386,0.069,-0.235,-0.1139,-0.2856,0.2198,-0.1404,0.0184,0.2572,-0.019,-0.2568,-0.2233,-0.0038,0.2599,-0.0196,-0.2488,-0.2039,0.2678,-0.0057,-0.2898,-0.2443,0.1496,0.0116,-0.0012,0.0295,-0.0432,-0.1216,0.0718,-0.0862,-0.0384,-0.0023,-0.0229,0.2268,0.1493,0.2138,0.1601,-0.0631,0.419,-0.1211,0.0355,-0.1471,-0.1693,0.0,0.0,0.0468,-0.154,-0.1003,-0.2516,-0.1671,-0.1557,-0.008,0.0578,-0.0627,-0.0062,-0.649,-0.2293,-0.0745,-0.0656,0.0337,0.019,-0.1379,0.0241,0.0242
touch_room_last=broke,0.0238,0.0225,-0.0379,0.0144,0.0302,0.0283,-0.0325,0.0029,0.0116,-0.0494,0.0237,-0.0293,0.0074,-0.0676,0.0262,0.0191,0.0105,0.0217,0.0307,-0.014,-0.0192,0.0516,0.1039,0.0411,0.0516,-0.0307,-0.0145,-0.0048,-0.0032,-0.0068,-0.0127,0.0321,-0.0159,-0.0326,-0.0016,-0.0933,0.0027,0.0215,-0.0418,0.0245,0.0121,-0.0181,0.044,0.0274,0.0003,0.0093,-0.0102,0.0319,-0.016,0.0283,0.0011,0.0063,0.0175,0.0198,0.0195,-0.0334,-0.0165,-0.0089,-0.0476,-0.0175,0.033,0.0116,0.021,-0.0513,0.0147,-0.0404,-0.0664,0.0347,0.0253,0.0075,-0.0456,0.0071,-0.0281,-0.004,-0.0075,-0.0311,-0.0436,-0.0667,-0.0222,-0.0163,-0.0004,-0.0153,0.0321,0.0396,-0.0618,0.0024,-0.0031,-0.0133,0.0037,-0.0078,0.016,-0.3332,0.0024,0.1483,0.013,-0.0744,0.0141,-0.0382,-0.0298,0.0033,0.0434,-0.0172,0.3226,1.0,-0.3999,-0.3818,-0.4698,-0.1057,0.0095,0.0807,-0.0151,-0.0797,-0.041,0.0391,-0.0218,-0.0041,0.0205,0.0435,-0.0708,0.0554,-0.0075,-0.0243,-0.019,-0.0309,-0.0613,-0.0703,-0.0181,0.0224,-0.0707,0.0746,-0.0423,0.0447,-0.0215,0.1229,0.0436,-0.0591,0.03,-0.0155,0.0431,-0.0391,-0.0348,0.0235,0.0114,-0.0425,0.0365,0.0158,0.0117,-0.0358,0.0323,0.0168,-0.0159,-0.068,0.0521,-0.0042,-0.009,-0.0414,0.0025,-0.0519,-0.0254,0.0641,-0.0604,-0.032,-0.0803,0.0296,0.0102,0.0008,-0.0317,-0.0385,-0.0183,-0.0221,0.033,-0.0211,0.0405,0.0082,0.0057,-0.0262,-0.0047,-0.0423,0.0451,-0.0371,0.0321,-0.0346,-0.0117,0.0357,0.0414,0.0059,0.0956,-0.0933,0.0927,-0.0266,-0.0549,-0.0751,0.0105,-0.0137,-0.0404,-0.0416,-0.0637,0.0539,0.0441,0.0017,0.0002,0.0165,0.015,0.0573,-0.0044,0.0344,0.0665,-0.0108,0.053,0.0683,-0.023,0.0273,0.05,-0.0246,0.0405,-0.0138,-0.0147,-0.0463,0.0018,0.0735,-0.0042,0.057,-0.0329,-0.0105,-0.0736,-0.0391,0.0591,-0.0374,-0.0074,-0.0345,0.0555,-0.0356,-0.0104,-0.0563,-0.0064,-0.0394,-0.0342,0.044,-0.0413,0.0128,0.0057,-0.0103,0.0369,-0.0153,-0.0037,-0.0355,-0.0502,-0.0673,-0.0789,0.0159,0.2148,0.0118,0.013,-0.0489,-0.0462,-0.0181,-0.0128,0.0244,-0.0513,-0.0456,-0.0816,-0.0548,-0.0379,-0.0298,0.0673,-0.0109,-0.0292,-0.3824,-0.0708,0.0159,0.0235,0.017,-0.0047,-0.0394,0.0047,0.0181
touch_room_last=held,0.0519,0.048,-0.03,-0.0019,-0.0152,0.0226,0.0094,0.0443,-0.0106,-0.0519,-0.0152,0.0126,-0.0117,0.0056,0.0131,-0.0228,-0.0218,-0.0161,0.0315,-0.0606,-0.0498,-0.0744,-0.0589,-0.0118,0.027,-0.0012,-0.0118,0.0121,0.0396,-0.0007,-0.0178,0.0538,-0.0103,0.0101,0.0077,-0.1127,-0.0199,-0.0243,0.0157,-0.0277,0.0281,-0.0099,0.052,-0.0211,0.0055,-0.0117,0.0382,0.0444,0.0575,0.0079,0.0446,0.0132,0.0708,0.0889,0.053,0.0439,0.0176,-0.0372,0.0215,-0.0268,-0.0031,0.0218,-0.0063,-0.0576,0.0124,-0.0124,-0.022,0.038,-0.002,0.002,-0.0348,0.0272,-0.0412,0.009,-0.0219,-0.0354,-0.013,0.0164,-0.021,0.0302,-0.0188,0.0204,0.0281,0.0295,-0.0278,0.0045,0.0075,-0.0452,0.0223,0.0114,-0.0093,0.2675,0.0131,-0.1895,0.0933,-0.0086,0.0191,-0.0179,0.0092,-0.0099,0.0028,0.0227,-0.088,-0.3999,1.0,-0.2085,-0.2565,0.5419,0.1602,0.0416,0.0018,-0.0418,-0.0338,0.0823,-0.0829,-0.0646,0.0651,-0.0238,-0.0812,0.0261,0.0326,0.009,0.0319,0.0385,0.0727,0.0515,0.0177,-0.049,0.0559,-0.0847,0.0505,-0.001,0.0621,-0.143,-0.0592,0.0912,-0.0542,0.0245,-0.0464,0.0342,0.0467,-0.0468,-0.0,0.021,0.085,-0.0349,-0.0253,-0.0451,-0.0371,-0.0207,0.0215,0.1315,-0.0485,-0.0039,-0.0093,0.0533,-0.0319,0.0224,0.0361,-0.029,-0.0135,0.0469,0.0629,-0.0516,0.0104,-0.0055,0.0566,0.0442,-0.021,0.0083,-0.062,-0.0408,0.0244,-0.0206,-0.0012,-0.0171,-0.0121,0.0349,-0.0248,0.0199,-0.0146,0.0768,-0.0268,0.0022,0.042,0.006,-0.0668,0.065,-0.0562,-0.0243,0.0014,0.0958,-0.0225,0.0207,-0.0265,0.0113,-0.1204,0.0553,-0.0145,-0.0334,-0.0161,0.0067,0.0303,0.051,-0.0159,0.0367,0.0489,-0.017,0.0361,0.0669,-0.0432,0.0222,0.0664,-0.0443,0.0455,0.0288,0.0516,0.0298,0.068,-0.1204,0.0221,0.0024,0.0096,-0.0155,-0.0163,0.0183,0.0023,0.0168,-0.0208,-0.0316,-0.0164,0.0147,0.007,-0.0037,-0.0105,0.0181,0.0171,-0.012,0.0158,-0.0031,-0.0271,-0.0181,-0.0132,0.0147,-0.019,0.1697,0.1577,0.1133,0.0776,0.0327,0.0453,-0.034,-0.0171,-0.0588,-0.0455,-0.0099,-0.007,0.0012,-0.0576,-0.0348,-0.0319,-0.0569,-0.0447,0.0092,-0.0673,-0.0008,0.0079,-0.2088,-0.0812,-0.0215,-0.0468,-0.0183,-0.0121,-0.0292,-0.014,-0.0172
touch_room_last=none,-0.0634,-0.0548,0.0345,-0.0325,-0.0578,-0.0451,0.0275,-0.0362,0.0263,0.1935,-0.0226,-0.0007,0.0149,-0.0126,-0.1022,-0.0094,-0.0025,0.2066,0.2415,0.0682,0.0703,-0.0152,-0.0831,-0.0815,-0.1276,0.2598,0.2002,-0.027,0.2162,-0.0148,0.0202,-0.0977,0.0201,0.0114,-0.0009,0.2275,0.0008,-0.029,0.0189,0.0065,-0.0186,-0.0095,-0.1445,-0.0451,0.1016,0.0137,-0.08,-0.0883,-0.0926,-0.0406,-0.0586,0.0014,-0.083,-0.122,-0.061,0.2821,0.2847,0.0404,0.2549,0.1769,-0.2687,-0.0195,-0.0348,0.1391,-0.0553,0.1597,0.1682,-0.2377,-0.0148,-0.0043,0.0912,-0.0514,0.1616,-0.0468,0.0248,0.0973,0.2239,0.2732,0.053,0.2731,0.0075,-0.0181,0.056,0.0583,-0.2627,0.3061,-0.0656,0.1423,0.2251,-0.0151,-0.0295,0.3056,-0.0151,-0.1121,0.1749,0.0733,-0.0131,0.0566,0.0119,-0.0095,-0.0449,0.0609,-0.649,-0.3818,-0.2085,1.0,-0.2449,0.0,-0.2025,0.1685,0.0211,-0.17,0.0844,-0.1293,0.125,0.0951,-0.098,-0.0019,0.1977,-0.123,-0.0138,0.1185,-0.0751,0.0104,-0.0152,-0.0709,-0.0095,0.0832,0.1174,-0.0742,0.0066,-0.0497,-0.0413,0.019,-0.0161,0.0468,-0.0419,-0.0079,0.0057,0.0008,-0.0395,0.0834,-0.0433,-0.1615,-0.1004,0.0527,0.0497,0.1229,0.0503,0.0544,-0.1045,-0.0653,0.052,-0.0087,0.0539,-0.0829,0.0109,0.0863,-0.0915,0.0186,0.1514,-0.0029,-0.0449,0.0738,-0.0458,-0.0034,-0.0031,-0.0066,-0.0201,-0.0513,-0.0592,0.0836,-0.0487,0.0088,0.0001,0.0053,-0.0116,0.0571,0.0107,0.0366,-0.0538,-0.022,-0.0845,-0.0227,-0.0514,-0.026,0.1018,-0.1037,0.103,0.0044,0.147,-0.0114,-0.004,-0.011,0.326,0.3283,0.2088,-0.1616,0.0219,-0.1367,0.2709,0.2755,0.025,-0.1882,0.2064,-0.1364,-0.1476,0.2123,-0.1149,-0.179,0.1712,-0.1077,-0.1364,0.1676,-0.0962,0.2144,0.1076,0.3101,-0.1446,0.0558,-0.012,-0.2302,0.0104,0.2334,0.2285,0.0062,-0.2331,0.0162,0.2259,0.205,-0.2518,0.0021,0.2729,0.2551,-0.132,-0.0107,0.0012,-0.0331,0.0462,0.1279,-0.048,0.0211,0.0068,-0.0138,0.0479,-0.1508,-0.0759,-0.0057,0.0419,0.0419,-0.4661,0.08,-0.0259,0.1229,0.1804,-0.0095,-0.0067,-0.0348,0.1391,0.0912,0.2709,0.1638,0.1482,0.0119,-0.0391,0.0484,0.0106,0.9984,0.1977,0.1045,0.0834,-0.0268,-0.0116,0.1634,-0.0134,-0.0164
touch_room_last=pending,-0.0176,-0.02,0.0377,0.014,0.03,-0.0134,0.0058,-0.0112,-0.0268,-0.0654,0.0061,0.022,-0.0112,0.0862,0.0474,0.0051,0.0109,-0.1941,-0.2772,0.0098,0.0041,0.0197,0.0061,0.035,0.0292,-0.1909,-0.1487,0.0177,-0.2213,0.021,0.0139,0.0013,0.01,0.0189,-0.0045,0.0181,0.0161,0.022,0.0187,-0.0092,-0.0224,-0.0116,0.0287,0.0265,-0.095,-0.0123,0.0495,0.002,0.0495,-0.0026,0.0115,-0.0187,-0.0099,0.005,-0.0155,-0.24,-0.2379,0.0085,-0.1794,-0.1039,0.1908,-0.0153,0.012,-0.0136,0.0213,-0.076,-0.0439,0.1264,-0.0138,-0.0067,0.0021,0.0132,-0.0664,0.0276,0.0113,-0.0135,-0.1268,-0.1707,-0.0017,-0.2482,0.011,0.0154,-0.1124,-0.125,0.329,-0.2761,0.0566,-0.0681,-0.2225,0.0121,0.0176,-0.1226,-0.0004,0.1024,-0.2529,0.031,-0.0223,0.0113,0.0163,0.0135,-0.014,-0.0536,0.2747,-0.4698,-0.2565,-0.2449,1.0,-0.379,0.0229,-0.2807,-0.0025,0.2811,0.0051,-0.0052,-0.0104,-0.021,0.0045,-0.0264,-0.0188,0.0201,-0.008,-0.0756,0.0535,-0.0076,0.0193,0.0982,0.0135,-0.0541,-0.0755,0.0558,-0.002,-0.0075,0.0056,-0.0272,0.0175,-0.0558,0.0517,0.0034,-0.0141,0.0145,0.0339,-0.06,0.0257,0.1741,-0.0363,-0.0327,-0.034,-0.0254,-0.0477,-0.0443,0.093,0.0123,-0.0643,0.0163,-0.0281,0.0742,0.0168,-0.0354,0.079,-0.0669,-0.0504,-0.0025,0.0766,-0.0525,0.0186,0.0073,-0.0116,0.0109,0.0583,0.0637,0.0701,-0.0118,-0.0263,0.0008,-0.0057,0.0416,0.0268,-0.0324,-0.0396,-0.0066,0.0226,-0.0092,0.1131,-0.0241,-0.043,0.0089,-0.1304,0.131,-0.1374,0.0481,-0.0582,0.0119,0.0117,0.0069,-0.2165,-0.2516,-0.0001,0.0292,-0.056,0.1479,-0.2178,-0.2612,-0.0665,0.0535,-0.1637,0.0467,0.0093,-0.1605,0.0065,0.0183,-0.0854,0.0432,0.0029,-0.0795,-0.0035,-0.1987,-0.1241,-0.2462,0.0652,-0.0258,-0.0036,0.1334,0.0213,-0.1796,-0.0998,0.0243,0.1336,0.0149,-0.1719,-0.1114,0.1712,0.0271,-0.2347,-0.1548,0.1335,0.0398,0.0241,-0.012,-0.0061,-0.1249,0.0599,0.0109,-0.0375,0.0173,-0.0208,0.0202,-0.0178,-0.0193,-0.0151,-0.0864,0.1183,-0.0498,0.0048,-0.0002,-0.0634,-0.0116,-0.0082,-0.0104,-0.0136,0.0021,-0.1159,-0.0283,-0.0455,0.0163,0.0133,-0.0391,0.0179,-0.2453,-0.0188,-0.093,-0.06,0.0026,-0.0143,-0.0712,-0.0165,-0.0202
touch_room_bars_ago,0.033,0.0286,-0.0182,-0.0053,-0.0319,0.0212,-0.0007,0.0563,-0.0304,-0.0087,-0.0258,0.0087,-0.0106,0.0046,-0.0329,0.0011,0.0009,0.0773,0.1087,-0.0018,-0.0044,0.0052,0.018,-0.0013,-0.0006,0.083,0.113,0.0154,0.1625,0.0057,-0.0317,0.0239,-0.0135,-0.0129,0.019,-0.1221,-0.0003,-0.0721,0.0466,-0.0548,0.023,0.0,0.0225,-0.0727,0.0766,-0.008,-0.0365,0.0263,-0.0235,0.0188,-0.0069,0.0293,0.0375,0.0342,0.036,0.1015,0.0923,0.0096,0.0407,-0.0041,-0.0397,-0.0018,0.0124,-0.0147,0.0073,0.0179,0.0144,0.0008,0.0043,0.0029,-0.0233,0.0116,-0.032,-0.0333,-0.0455,-0.0057,-0.0061,0.0469,0.0108,0.1113,-0.0358,0.0127,0.0352,0.0191,-0.1532,0.1472,-0.0455,-0.0271,0.159,0.0098,0.0017,0.6409,0.0116,-0.4575,0.2966,-0.0355,0.0166,-0.0138,0.0064,-0.006,0.0013,0.0163,-0.4547,-0.1057,0.5419,0.0,-0.379,1.0,0.0524,0.1301,-0.0087,-0.1296,0.0243,0.0367,-0.0303,-0.0145,0.0201,0.0352,-0.041,0.0443,-0.0205,0.0897,0.0245,0.0364,0.1158,0.0462,-0.0081,0.0186,0.182,-0.2066,0.0745,-0.0839,0.0695,-0.2413,-0.127,0.2202,-0.1453,0.0074,-0.0167,0.0138,0.0053,0.0642,-0.0676,-0.0478,0.0773,-0.0014,0.0249,-0.0286,0.0248,0.0405,-0.1174,0.2112,-0.056,-0.0338,0.0414,0.036,-0.0386,0.0382,0.037,-0.04,0.039,0.1004,0.0375,-0.0152,-0.0222,-0.0307,0.0741,0.0261,-0.022,0.0211,-0.0157,-0.0339,0.0449,-0.0667,0.0049,0.0086,-0.034,0.0676,-0.0672,0.0556,-0.0403,0.0938,-0.0706,0.0267,0.0031,-0.004,-0.0409,0.0375,-0.0156,-0.0026,0.0637,0.136,-0.0013,0.0304,0.0799,0.0921,-0.1152,0.0166,0.0357,-0.1325,0.0966,0.14,0.0313,-0.0226,0.0738,-0.0261,0.0092,0.0719,-0.0058,0.0173,-0.0127,-0.0041,0.0264,-0.0145,0.0196,0.1604,0.1342,0.0943,-0.0025,-0.0316,0.0259,-0.1234,0.0394,0.0796,0.0961,0.0445,-0.1245,0.0474,0.0703,0.0487,-0.1458,0.0382,0.1256,0.1287,-0.0985,0.0366,0.0455,-0.0432,0.0602,0.0556,-0.0932,0.0128,0.0003,0.0241,-0.0248,0.0625,0.0612,-0.0078,-0.0284,0.0328,0.093,0.0133,-0.0205,-0.0293,-0.0092,0.0,0.0,-0.0247,-0.0147,-0.0233,0.0221,-0.0386,-0.0273,0.0064,-0.1316,0.0894,0.0055,0.0,-0.041,0.1174,0.0642,-0.025,-0.0196,0.0136,-0.0278,-0.0144
touch_swing_n,0.1039,0.1023,-0.1375,0.0019,0.041,0.007,0.0277,0.0413,0.0083,-0.0613,0.0363,-0.0027,-0.0198,-0.1864,-0.017,-0.0065,0.0216,-0.0762,0.0292,-0.1517,-0.1557,-0.2259,-0.214,-0.025,0.0981,-0.1384,-0.1319,0.0247,-0.039,0.0157,0.006,0.1129,0.0226,-0.0257,0.0406,-0.3526,0.0121,0.2406,-0.2462,0.148,0.0171,-0.0198,0.0617,0.2419,-0.2229,-0.0217,0.2393,0.0771,0.2543,-0.0415,0.1858,-0.0773,0.1398,0.2233,0.0723,-0.0532,-0.1303,-0.0902,-0.0525,-0.0631,0.0824,0.0293,0.0002,-0.0895,0.0222,-0.0397,-0.0544,0.1128,0.0262,0.0194,-0.0755,0.0264,-0.049,0.0552,0.01,-0.0164,-0.1007,-0.0993,-0.0923,-0.1616,-0.0483,-0.0114,0.0722,0.0696,-0.148,-0.0744,0.0819,-0.0847,-0.0913,0.0194,-0.0033,0.0088,0.0045,0.0095,-0.0509,0.0898,0.0184,-0.1029,0.0213,-0.0012,0.0568,-0.1622,0.3841,0.0095,0.1602,-0.2025,0.0229,0.0524,1.0,0.1129,-0.0253,-0.1112,-0.2153,0.2174,-0.2298,-0.1905,0.1798,-0.0845,-0.2256,0.0819,0.0802,0.0405,0.0655,0.0653,0.0885,0.0394,0.0144,-0.1902,-0.0003,0.0434,0.0114,0.0779,0.106,-0.0742,-0.0115,0.0076,0.0019,0.0889,-0.1198,0.0621,0.0758,-0.1245,0.048,0.149,0.2234,-0.1165,-0.1177,-0.0905,-0.1671,0.0239,0.1041,0.1315,-0.0504,-0.024,-0.0621,0.098,-0.0455,-0.0758,0.0849,-0.0341,-0.0258,0.075,0.0178,-0.1072,0.0682,-0.0228,0.0189,0.0234,0.0347,0.0338,-0.0122,-0.0666,-0.0404,0.0731,-0.0176,-0.0441,0.007,-0.0649,-0.0111,-0.0587,0.0845,0.0728,0.0392,0.0129,0.1476,0.0114,-0.0943,0.0962,-0.0905,-0.0696,-0.0768,0.0952,0.0228,0.0187,-0.2095,-0.1128,-0.3081,0.271,-0.044,0.0443,-0.2224,-0.1791,0.0149,0.1352,-0.1245,0.1098,0.091,-0.1307,0.1179,0.1002,-0.0268,0.0053,0.102,-0.0275,0.0199,-0.1384,-0.047,-0.0602,0.2024,-0.2996,0.0388,0.3092,-0.2618,-0.0037,-0.2352,-0.2349,0.3067,-0.2548,0.018,-0.102,0.251,-0.2381,-0.0278,-0.1947,0.2104,-0.2272,-0.2395,0.2453,-0.2621,-0.0871,0.2204,-0.1573,-0.0298,0.0005,-0.0132,0.374,0.3891,0.4539,0.4359,-0.0653,0.222,-0.1195,0.0142,-0.1383,-0.026,-0.0198,-0.0173,0.0147,-0.0895,-0.0755,-0.099,-0.0998,-0.0394,0.0213,-0.0396,-0.011,0.021,-0.2034,-0.2256,-0.1041,-0.1245,0.0178,-0.0137,-0.0076,-0.0064,-0.014
touch_swing_last=broke,-0.022,-0.0175,-0.0164,0.0016,-0.0476,0.0102,-0.0055,0.0173,-0.0031,0.0958,-0.0535,0.0172,0.0272,-0.275,-0.0631,-0.0011,-0.0367,0.4312,0.5434,0.0823,0.0941,0.0501,-0.009,0.0029,-0.0636,0.326,0.2833,-0.0229,0.3263,-0.0101,-0.0231,-0.0546,-0.0229,0.0125,-0.0071,0.0368,-0.0379,0.2045,-0.2911,0.198,0.0112,-0.005,-0.0908,0.1981,0.0069,0.0253,0.0007,-0.0904,-0.0321,-0.0723,-0.017,-0.0286,-0.0314,-0.0401,-0.0284,0.3441,0.3274,0.0438,0.2606,0.1381,-0.2526,0.0392,-0.0214,0.044,-0.0615,0.1346,0.1246,-0.1875,0.0387,-0.0128,0.0173,-0.0495,0.1058,-0.0088,-0.0123,0.0474,0.1595,0.2376,0.0399,0.348,-0.0534,-0.0802,0.1888,0.2102,-0.8106,0.5942,-0.0578,0.1399,0.3645,-0.0277,0.0001,-0.0187,-0.0341,-0.0378,0.0378,-0.0276,0.0074,-0.033,0.0117,0.0168,0.0132,-0.0794,-0.1781,0.0807,0.0416,0.1685,-0.2807,0.1301,0.1129,1.0,-0.0423,-0.9976,-0.1609,-0.0398,0.0484,0.041,-0.0207,-0.0191,0.056,-0.0508,0.0136,0.058,-0.1262,-0.0119,-0.0781,-0.106,-0.0268,0.0136,-0.0348,0.1111,-0.036,-0.0476,-0.0108,0.16,0.1087,-0.1289,0.052,0.0295,-0.0513,0.0353,0.0106,-0.0282,0.0173,-0.2832,-0.0089,0.0205,-0.0041,0.0505,-0.0001,0.0298,0.0414,-0.0785,-0.0241,0.013,0.0339,-0.005,-0.0099,0.0555,-0.0033,-0.0227,0.0614,-0.0381,-0.0721,0.0769,-0.0372,0.0178,-0.0543,-0.0157,-0.0568,-0.08,-0.0613,0.0418,-0.0586,0.0664,-0.0212,-0.0097,-0.0328,-0.0182,-0.0014,0.045,-0.0273,-0.0225,0.0224,-0.0197,-0.0689,-0.0349,0.211,-0.2131,0.2066,-0.0825,0.1254,-0.0299,-0.037,-0.0269,0.3293,0.3468,0.0434,-0.0326,0.1134,-0.1868,0.3919,0.4508,0.0952,-0.1436,0.3453,-0.1216,-0.0585,0.3381,-0.0497,-0.0671,0.1257,-0.0527,-0.0311,0.1122,0.0003,0.3261,0.1786,0.3549,-0.102,0.0531,-0.0059,-0.0129,-0.3001,0.4371,-0.0021,-0.3161,-0.0126,-0.2803,0.4377,0.2354,-0.1036,-0.3029,0.4901,0.0915,-0.0403,-0.3358,-0.3202,0.2617,-0.2459,0.2414,0.1249,0.0021,0.0079,-0.0162,-0.0184,-0.0344,0.0178,0.0168,0.0267,0.0692,-0.1889,0.0883,0.0062,0.0413,0.1138,-0.005,0.0119,-0.0018,0.044,0.0173,0.1951,0.0752,0.0942,0.0117,0.0404,-0.0232,0.0137,0.168,0.056,-0.0414,-0.0282,0.009,0.0028,0.0982,0.0083,0.0165
touch_swing_last=held,-0.0182,-0.0131,-0.0101,0.0066,-0.0142,-0.015,0.0025,-0.0158,0.0204,0.0595,-0.0038,0.0042,0.0204,0.0221,0.0029,0.0263,0.0112,0.023,0.0351,0.0019,-0.0045,-0.0213,-0.0292,-0.034,-0.0258,0.0503,0.0238,-0.0136,0.0402,-0.0122,0.0034,-0.0203,-0.006,-0.0122,0.014,-0.0199,0.0115,-0.0013,-0.0051,0.0052,0.0211,-0.0007,-0.0523,-0.0124,0.0092,0.007,-0.0012,0.0123,-0.0131,-0.0076,-0.0056,0.0219,-0.0196,-0.0246,-0.0148,0.0177,0.027,-0.0111,0.0107,0.029,-0.016,0.0092,-0.0026,0.0362,-0.0298,0.0178,0.0348,-0.0296,0.0125,-0.0023,0.0227,-0.0287,0.0231,-0.0106,0.0337,0.0197,0.0241,0.0376,-0.0125,0.0284,0.0236,-0.0128,0.034,0.0567,-0.0129,0.0165,-0.05,0.0446,-0.0019,-0.0204,-0.0042,0.0058,0.0204,-0.0054,-0.0086,-0.0123,-0.0023,0.0296,-0.0057,-0.0007,-0.0173,0.0312,-0.0121,-0.0151,0.0018,0.0211,-0.0025,-0.0087,-0.0253,-0.0423,1.0,-0.0265,0.0663,-0.0255,0.0283,0.0284,-0.0185,0.006,0.027,-0.0135,-0.0054,0.0149,-0.0208,-0.0052,-0.0061,-0.0056,-0.0007,0.0007,0.0174,0.0069,-0.0049,-0.0064,-0.0124,0.0097,0.0016,-0.0021,0.001,0.0024,-0.0043,0.0031,0.0048,0.0052,-0.0099,0.0119,0.0016,0.0167,-0.0162,-0.0045,0.002,0.0336,0.005,-0.0442,0.0193,-0.0058,-0.0133,-0.0071,-0.0078,0.0492,-0.0422,-0.0041,0.12,-0.0044,-0.0038,-0.0117,0.0149,-0.0056,-0.0032,-0.0015,-0.0015,-0.0039,-0.0044,-0.0034,-0.0139,-0.0109,-0.0012,-0.0019,-0.0009,-0.0035,-0.0046,0.0326,-0.0254,0.0038,-0.0146,-0.0011,-0.016,0.0055,0.0065,-0.0067,0.0059,-0.0015,0.0347,0.0113,0.0108,-0.0212,0.0311,0.0351,-0.0012,-0.0195,0.0007,-0.0053,-0.014,-0.0009,0.0029,-0.0233,0.0208,-0.03,-0.0195,0.0224,-0.0303,-0.0296,0.036,-0.0208,-0.0373,0.0359,-0.0339,0.0129,-0.0043,0.0269,-0.042,-0.0214,-0.0194,-0.0182,-0.005,0.0216,0.0342,-0.005,-0.0188,-0.0041,0.022,0.0382,-0.0248,-0.0034,0.0299,0.0302,-0.0308,-0.0058,-0.0063,0.0064,-0.0033,0.0134,0.0163,0.0163,0.0118,-0.0047,0.005,-0.0068,0.0256,0.0034,0.0058,-0.01,-0.0207,-0.001,-0.0019,0.0402,0.072,-0.0007,-0.0005,-0.0031,0.0362,0.0227,0.0336,0.0614,0.0841,-0.0057,-0.0102,-0.0036,-0.0057,0.021,0.027,-0.005,0.0052,-0.002,-0.0009,0.0952,-0.001,-0.0012
touch_swing_last=pending,0.0232,0.0184,0.0171,-0.0021,0.0486,-0.0092,0.0054,-0.0162,0.0017,-0.0999,0.0538,-0.0175,-0.0286,0.2736,0.0629,-0.0007,0.0359,-0.433,-0.5462,-0.0825,-0.0939,-0.0487,0.011,-0.0005,0.0654,-0.3296,-0.2851,0.0239,-0.3293,0.011,0.0229,0.056,0.0233,-0.0116,0.0064,-0.0357,0.0371,-0.2045,0.2916,-0.1985,-0.0127,0.005,0.0944,-0.1974,-0.0076,-0.0258,-0.0006,0.0896,0.033,0.0728,0.0174,0.0271,0.0328,0.0418,0.0295,-0.3451,-0.329,-0.0431,-0.2612,-0.1397,0.2536,-0.0399,0.0215,-0.0465,0.0636,-0.1356,-0.1266,0.1892,-0.0396,0.013,-0.0189,0.0516,-0.1072,0.0092,0.0111,-0.0486,-0.1609,-0.2397,-0.0391,-0.3502,0.0518,0.0812,-0.1912,-0.2142,0.8119,-0.5957,0.0613,-0.143,-0.3646,0.0292,0.0002,0.0183,0.0327,0.0383,-0.0372,0.0285,-0.0072,0.031,-0.0113,-0.0167,-0.0121,0.0773,0.179,-0.0797,-0.0418,-0.17,0.2811,-0.1296,-0.1112,-0.9976,-0.0265,1.0,0.1564,0.0416,-0.0504,-0.043,0.022,0.0187,-0.0579,0.0517,-0.0133,-0.0591,0.1278,0.0123,0.0786,0.1065,0.0268,-0.0136,0.0336,-0.1116,0.0364,0.0481,0.0117,-0.1609,-0.1089,0.1291,-0.052,-0.0297,0.0516,-0.0355,-0.011,0.0278,-0.0167,0.2825,0.0088,-0.0217,0.0052,-0.0502,-0.0001,-0.0322,-0.0418,0.0817,0.0228,-0.0126,-0.033,0.0054,0.0104,-0.0589,0.0062,0.023,-0.0697,0.0385,0.0724,-0.0762,0.0362,-0.0174,0.0546,0.0158,0.057,0.0803,0.0617,-0.0416,0.0596,-0.0657,0.0213,0.0098,0.0329,0.0184,0.0017,-0.0472,0.0291,0.0223,-0.0214,0.0198,0.0701,0.0345,-0.2116,0.2137,-0.2071,0.0827,-0.1277,0.0291,0.0363,0.0284,-0.3316,-0.3494,-0.0433,0.034,-0.1136,0.1873,-0.3913,-0.4509,-0.0954,0.1453,-0.3469,0.1237,0.0599,-0.3398,0.0518,0.0692,-0.1282,0.0542,0.0337,-0.1147,0.0021,-0.3272,-0.1784,-0.3569,0.1049,-0.0516,0.0073,0.0142,0.3006,-0.4388,-0.0003,0.3166,0.0139,0.2807,-0.4395,-0.2382,0.1054,0.3033,-0.4924,-0.0937,0.0424,0.3364,0.3208,-0.2623,0.2463,-0.2424,-0.126,-0.0033,-0.0087,0.0165,0.0181,0.0349,-0.0196,-0.0171,-0.0271,-0.0686,0.1904,-0.0883,-0.0061,-0.0441,-0.1188,0.005,-0.0118,0.002,-0.0465,-0.0189,-0.1976,-0.0794,-0.1001,-0.0113,-0.0397,0.0234,-0.0133,-0.1696,-0.0579,0.0418,0.0278,-0.0089,-0.0027,-0.1048,-0.0083,-0.0164
touch_swing_bars_ago,-0.1055,-0.0987,0.0421,0.0112,-0.0234,-0.0464,-0.0391,-0.0152,-0.0173,0.1835,-0.019,0.0151,0.0058,0.5607,-0.0093,-0.002,-0.0327,0.0217,-0.0166,0.064,0.0738,-0.0153,-0.0814,-0.0644,-0.0929,0.2513,0.1198,0.0039,0.1122,-0.0072,0.0033,-0.0912,-0.0078,0.0167,-0.0177,0.0254,-0.0359,-0.4433,0.4661,-0.3864,-0.0128,-0.016,-0.1137,-0.4565,0.2326,0.0083,-0.1575,0.1077,-0.0961,0.1116,-0.046,0.0541,-0.1067,-0.13,-0.0807,-0.0016,-0.0051,0.0128,-0.013,-0.0131,0.0042,-0.066,0.0053,0.1403,-0.0156,0.0489,0.0067,-0.0313,-0.0492,0.0157,0.1178,-0.0393,0.0083,0.0022,-0.0009,-0.0149,0.1273,0.1176,-0.0029,0.1931,0.017,0.0011,-0.0071,-0.0093,0.0536,0.1131,-0.0331,0.1632,0.126,-0.0051,-0.005,-0.027,0.0145,0.0157,0.0094,-0.0359,-0.0369,0.1247,-0.0316,0.0094,-0.0617,0.2865,-0.0956,-0.041,-0.0338,0.0844,0.0051,0.0243,-0.2153,-0.1609,0.0663,0.1564,1.0,-0.1137,0.0878,0.0427,-0.0581,-0.0254,0.1368,-0.107,0.0146,0.0029,-0.0366,0.0065,-0.014,-0.0197,0.0002,0.0901,-0.0039,-0.0342,-0.0132,-0.0182,-0.0498,-0.0337,-0.0079,0.0116,-0.0065,-0.0261,0.0393,-0.0235,-0.0248,0.0296,-0.0046,-0.041,-0.0594,0.0515,0.0595,0.1268,0.0562,0.0004,-0.0428,-0.0456,-0.0046,-0.0122,0.0237,-0.0079,0.0081,0.0377,-0.0136,-0.0196,0.0617,-0.0147,-0.0197,0.0392,-0.0164,-0.0122,0.0074,-0.0186,-0.0018,-0.0123,-0.0355,0.1319,0.0262,-0.0569,0.0203,0.0148,-0.0025,0.004,0.0154,0.0317,-0.0396,-0.0444,0.0469,0.0171,-0.046,-0.0005,0.0106,-0.012,0.0153,0.022,0.0199,-0.053,-0.0339,-0.0183,0.0799,0.0506,0.0289,-0.0461,-0.0231,-0.1018,0.0188,0.0418,0.0129,-0.0661,0.0625,-0.0652,-0.0504,0.0644,-0.0729,-0.0831,0.0834,-0.0548,-0.0842,0.0819,-0.0696,0.1938,0.1579,0.0322,-0.055,-0.0455,-0.0258,-0.4087,0.463,-0.1646,0.3366,0.4595,-0.4067,0.4683,-0.1989,0.0431,-0.3331,0.4271,-0.0714,0.294,-0.2911,0.4474,0.4685,-0.4223,0.482,0.0764,-0.3444,-0.0049,0.0286,-0.017,0.0451,-0.0905,-0.04,-0.0216,0.0437,0.0126,-0.1205,-0.0542,-0.0223,0.134,0.1604,-0.016,-0.0113,-0.0025,0.1403,0.1178,0.09,0.231,0.1783,-0.0316,0.0484,0.0189,-0.0301,0.0834,0.1368,0.0428,0.0296,-0.0187,-0.0196,0.1031,-0.0226,-0.0124
today_n_closed_asof,0.7115,0.704,-0.39,-0.2954,-0.1109,0.0818,0.2224,0.3437,0.2263,-0.3164,0.1063,0.0049,-0.0151,-0.0469,0.1308,0.0215,0.0285,-0.2208,-0.0774,-0.2774,-0.2759,-0.2074,-0.0455,0.0737,0.231,-0.0942,-0.1938,0.02,-0.0035,0.0123,0.011,0.4661,0.0439,-0.0138,0.0627,-0.292,0.0282,0.0913,-0.0503,0.001,0.0125,-0.0276,0.3355,0.1187,-0.2006,-0.0115,0.242,0.1502,0.3811,0.0381,0.5361,-0.0293,0.8457,0.9487,0.6241,0.0843,0.1569,-0.1011,0.1399,0.2007,-0.0385,0.1126,0.0082,-0.4287,0.1334,0.0139,0.0253,0.0141,0.1448,0.0369,-0.5046,0.2197,-0.0248,0.02,-0.0096,0.044,0.0985,0.1041,-0.0825,-0.1275,-0.0186,0.0181,-0.0015,-0.0074,0.0773,-0.1021,0.1042,-0.0426,-0.187,0.0137,0.056,0.0366,0.0011,0.0266,0.0066,0.0994,0.013,-0.0815,-0.0026,-0.0321,0.0606,-0.0442,0.1707,0.0391,0.0823,-0.1293,-0.0052,0.0367,0.2174,-0.0398,-0.0255,0.0416,-0.1137,1.0,-0.9018,-0.5767,0.8028,0.0533,-0.5847,0.26,0.1552,0.1489,0.0623,0.0339,0.0744,-0.0015,0.026,-0.1041,-0.0244,0.0115,0.0144,0.0594,0.0773,-0.0782,-0.04,0.0389,-0.0086,0.052,-0.1279,0.1099,0.0295,-0.0985,0.0683,0.1861,0.1678,-0.0925,-0.0351,-0.202,-0.0498,0.1039,0.0574,0.0621,-0.0605,0.0707,-0.0209,0.0475,0.0264,-0.0169,0.0665,-0.0645,-0.1653,0.0469,0.0092,-0.0465,-0.0126,0.0743,0.0378,0.0265,0.0151,-0.0162,0.0054,-0.1503,-0.0449,0.0697,0.0096,-0.063,0.0187,-0.0501,0.0353,-0.0312,0.037,0.0435,0.0084,0.0263,0.2517,0.0152,-0.1128,0.1119,-0.1044,-0.0561,-0.0647,0.0759,0.031,0.0231,-0.1808,0.0322,-0.285,0.0363,0.0715,0.0165,-0.1091,-0.0795,0.0208,0.2492,-0.182,0.1283,0.2247,-0.1874,0.1685,0.253,-0.0357,0.0408,0.3258,-0.0455,0.111,-0.1651,-0.0059,0.0251,0.4056,-0.1096,0.0495,0.1791,-0.0591,-0.1245,-0.1585,-0.0347,0.1749,-0.0515,-0.1125,-0.1379,0.1503,-0.0544,-0.0959,-0.1361,0.073,-0.0335,-0.0365,0.0627,-0.0546,-0.0531,0.081,-0.0412,-0.0877,0.0384,-0.0659,0.2673,0.1857,0.2663,0.1628,-0.0571,0.1526,0.3192,0.032,-0.5624,-0.2676,-0.0276,-0.0227,-0.007,-0.4287,-0.5046,-0.3274,-0.3084,-0.2317,-0.0026,-0.1055,0.0199,-0.0067,-0.1307,-0.5847,-0.0574,-0.0985,0.0253,-0.0286,-0.2073,-0.0274,-0.0204
today_net_asof,-0.5293,-0.5224,0.3174,0.1711,0.0574,-0.0615,-0.1584,-0.2403,-0.1734,0.2893,-0.08,-0.0197,0.0086,0.0342,-0.121,-0.0411,-0.0644,0.1573,0.0764,0.1796,0.195,0.1419,0.0579,-0.0755,-0.1483,0.0923,0.1351,-0.0087,0.0191,-0.0125,-0.0082,-0.2958,-0.0361,0.0168,-0.0351,0.2853,-0.0517,-0.0909,0.0365,-0.0014,-0.0018,0.0222,-0.2908,-0.1155,0.2064,0.0055,-0.2844,-0.1727,-0.4124,0.0124,-0.5603,0.1113,-0.6647,-0.8438,-0.4234,-0.0704,-0.1104,0.0823,-0.1189,-0.1711,0.0417,-0.1023,0.0019,0.3628,-0.1073,-0.0152,-0.0232,0.0045,-0.1133,-0.0337,0.4003,-0.1752,0.0126,-0.0181,0.0023,-0.0345,-0.0782,-0.0869,0.0936,0.1165,0.006,-0.0066,-0.004,-0.0004,-0.0778,0.0943,-0.071,0.0471,0.1468,-0.0072,-0.0567,-0.0227,-0.0005,-0.0159,0.0189,-0.1175,-0.0202,0.071,0.0075,0.0297,-0.054,0.0285,-0.185,-0.0218,-0.0829,0.125,-0.0104,-0.0303,-0.2298,0.0484,0.0283,-0.0504,0.0878,-0.9018,1.0,0.8536,-0.8235,0.1921,0.541,-0.1719,-0.2191,-0.1249,-0.0511,-0.0341,-0.064,0.0032,-0.0255,0.0861,0.0213,-0.018,0.0027,-0.0472,-0.0599,0.0551,0.0216,-0.0219,0.0058,-0.0489,0.1163,-0.0984,-0.023,0.0883,-0.0646,-0.1297,-0.1589,0.0685,0.0371,0.1865,0.0359,-0.0867,-0.0514,-0.048,0.0514,-0.0422,0.0124,-0.0427,-0.0286,0.0093,-0.0541,0.0524,0.1524,-0.0436,-0.0107,0.0355,0.0076,-0.0434,-0.0298,-0.0273,-0.0075,0.0161,-0.0023,0.1389,0.0341,-0.0576,-0.0059,0.052,-0.0326,0.0417,-0.025,0.0247,-0.0303,-0.0313,-0.0176,-0.0169,-0.1679,-0.0048,0.0823,-0.0808,0.0731,0.0552,0.0548,-0.0557,-0.0657,-0.0143,0.1687,-0.0081,0.3354,-0.0337,-0.0409,-0.0198,0.1583,0.116,-0.0338,-0.1735,0.1363,-0.0971,-0.1472,0.1381,-0.1171,-0.1815,0.0387,-0.0232,-0.2341,0.0457,-0.0803,0.1346,0.0091,-0.0173,-0.3954,0.1175,-0.0336,-0.1693,0.0472,0.1349,0.1343,0.0248,-0.1653,0.0351,0.1223,0.1098,-0.1385,0.0402,0.1033,0.1208,-0.073,0.0212,0.0242,-0.0488,0.0402,0.0446,-0.0909,0.0369,0.0958,-0.0542,0.0616,-0.2616,-0.1968,-0.291,-0.2041,0.0446,-0.1322,-0.2131,-0.0302,0.463,0.2472,0.0222,0.021,0.0259,0.3628,0.4003,0.2559,0.2849,0.2139,0.0075,0.0829,-0.0307,0.0112,0.1261,0.541,0.0514,0.0883,-0.024,0.0234,0.1919,0.0209,0.0132
today_pts_asof,-0.2062,-0.2017,0.1597,-0.0024,-0.0112,-0.0335,-0.0533,-0.07,-0.0748,0.1997,-0.0219,-0.0404,-0.0034,0.0189,-0.0845,-0.0568,-0.0221,0.0441,0.0495,0.029,0.0339,0.0347,0.0598,-0.0554,-0.0194,0.0693,0.0341,0.0048,0.0274,-0.0088,-0.0056,-0.0353,-0.0126,0.0246,0.004,0.2072,-0.0003,-0.0749,0.0185,-0.006,0.0027,0.0101,-0.1803,-0.091,0.1719,-0.005,-0.2717,-0.1539,-0.3564,0.0724,-0.4577,0.187,-0.3105,-0.5265,-0.1019,-0.0467,-0.0429,0.0501,-0.0715,-0.0948,0.0332,-0.0691,0.0173,0.2126,-0.0562,-0.0158,-0.0107,0.0184,-0.0563,-0.0155,0.1961,-0.0852,-0.0038,-0.0056,-0.0035,-0.009,-0.0417,-0.0507,0.0871,0.0776,-0.0104,0.0067,-0.0082,-0.0127,-0.0565,0.059,-0.0227,0.0454,0.0674,0.0046,-0.045,0.0001,0.0088,-0.0049,0.04,-0.1085,-0.0229,0.0491,0.0182,0.0207,-0.0435,0.0109,-0.1619,-0.0041,-0.0646,0.0951,-0.021,-0.0145,-0.1905,0.041,0.0284,-0.043,0.0427,-0.5767,0.8536,1.0,-0.6521,0.3796,0.3779,-0.0375,-0.2441,-0.0665,-0.0251,-0.0196,-0.0383,0.01,-0.0206,0.0393,0.0216,-0.0184,0.0174,-0.0274,-0.0249,0.0201,-0.0069,0.0005,0.0062,-0.0327,0.0813,-0.0702,-0.0111,0.0532,-0.0417,-0.0276,-0.1162,0.0166,0.0321,0.1294,0.0043,-0.0426,-0.0327,-0.0202,0.033,0.0046,-0.0007,-0.0321,-0.0355,-0.0031,-0.0304,0.0328,0.1058,-0.0309,-0.0069,0.0138,-0.0014,0.0063,-0.0108,-0.0254,0.0004,0.016,0.0036,0.0966,0.0087,-0.0276,0.0035,0.0287,-0.0372,0.0264,-0.0137,0.0093,-0.0132,-0.0126,-0.0274,-0.0038,-0.0335,0.0124,0.0299,-0.0288,0.023,0.0445,0.0348,-0.0211,-0.022,0.0009,0.0958,0.0122,0.3136,-0.0237,-0.0053,-0.0164,0.16,0.1141,-0.0441,-0.0373,0.0358,-0.0275,-0.0245,0.0337,-0.0283,-0.0679,0.041,-0.0002,-0.0828,0.043,-0.0304,0.0564,0.0169,-0.011,-0.2944,0.0932,-0.0053,-0.122,0.0298,0.1089,0.0823,0.0145,-0.1186,0.0141,0.099,0.0522,-0.0947,0.0215,0.08,0.0752,-0.0546,0.0093,0.0114,-0.0277,0.02,0.0206,-0.0843,0.0218,0.0911,-0.059,0.0515,-0.2002,-0.1614,-0.2612,-0.2045,0.0192,-0.0773,-0.0574,-0.0276,0.2476,0.172,0.0101,0.0147,0.0359,0.2126,0.1961,0.1159,0.1982,0.1486,0.0182,0.0435,-0.0284,0.0207,0.0956,0.3779,0.0327,0.0532,-0.0231,0.0106,0.134,0.0063,-0.0018
today_n_stops_asof,0.503,0.497,-0.2852,-0.1781,-0.0755,0.0531,0.1483,0.2347,0.1745,-0.2452,0.0791,0.0021,-0.0083,-0.0263,0.1031,-0.0277,0.0459,-0.1505,-0.0229,-0.2264,-0.2313,-0.1807,-0.0655,0.0058,0.131,-0.0522,-0.1486,0.0113,0.0094,0.0086,-0.0023,0.2906,0.0381,-0.0165,0.0539,-0.232,0.0449,0.0902,-0.038,0.0047,0.0045,-0.0253,0.2573,0.1111,-0.2026,-0.0042,0.2533,0.1343,0.3665,-0.0012,0.4711,-0.0752,0.6226,0.7537,0.418,0.0801,0.127,-0.1082,0.1286,0.1617,-0.0519,0.0918,-0.0108,-0.3195,0.0941,0.0301,0.0281,-0.0223,0.1141,0.0163,-0.3662,0.1519,-0.0034,0.0169,0.0013,0.0395,0.1004,0.1022,-0.0902,-0.0609,-0.0073,0.0177,0.034,0.019,0.0444,-0.0641,0.0787,-0.018,-0.142,0.0065,0.0309,0.0086,0.0091,0.0208,-0.0108,0.0842,0.0039,-0.0528,0.0022,-0.0253,0.0383,-0.0108,0.1422,0.0205,0.0651,-0.098,0.0045,0.0201,0.1798,-0.0207,-0.0185,0.022,-0.0581,0.8028,-0.8235,-0.6521,1.0,-0.1409,-0.4607,-0.0585,0.4123,0.1511,0.0375,0.0352,0.0662,-0.0044,0.0141,-0.0811,-0.0358,0.0205,0.0013,0.0451,0.0597,-0.0566,-0.0097,0.0172,-0.0116,0.0767,-0.1395,0.0995,0.0405,-0.089,0.048,0.1432,0.1808,-0.0662,-0.0334,-0.1585,-0.0386,0.1282,0.0621,0.0502,-0.0521,0.0323,-0.0186,0.0509,0.0349,0.0024,0.0492,-0.062,-0.1287,0.0392,0.0156,-0.0431,0.0026,0.0347,0.0405,0.0209,0.0175,-0.0198,-0.0003,-0.1167,-0.0345,0.0457,0.0036,-0.0486,0.0108,-0.0356,0.0196,-0.0121,0.0208,0.0424,0.0144,0.0227,0.2046,-0.0003,-0.0811,0.0796,-0.0744,-0.0598,-0.0271,0.0672,0.0456,0.0173,-0.1262,0.0309,-0.262,0.055,0.031,-0.0076,-0.0643,-0.0347,0.0247,0.1664,-0.1274,0.0838,0.1438,-0.1322,0.1047,0.1519,-0.0024,0.0067,0.2029,-0.0089,0.0493,-0.1294,-0.0035,0.0346,0.3592,-0.1103,0.0357,0.1462,-0.0491,-0.1062,-0.1131,-0.0287,0.1419,-0.037,-0.0956,-0.086,0.1165,-0.0437,-0.0723,-0.0944,0.0674,-0.0262,-0.0293,0.0509,-0.0405,-0.0301,0.0913,-0.0348,-0.0718,0.0535,-0.0514,0.2324,0.1864,0.2591,0.187,-0.0525,0.0912,0.2204,-0.0074,-0.4069,-0.2089,-0.0253,-0.0179,-0.047,-0.3195,-0.3662,-0.2172,-0.2404,-0.1804,0.0022,-0.0776,-0.0003,-0.001,-0.0993,-0.4607,-0.0621,-0.089,-0.0116,-0.031,-0.1634,-0.0277,-0.0242
last_closed_net_asof,0.1605,0.1603,-0.1952,-0.1413,0.0442,0.0647,0.0682,0.0306,0.02,-0.0372,0.0271,-0.018,-0.0033,0.0119,0.0,-0.0508,-0.038,-0.2371,-0.0878,-0.2724,-0.2351,-0.1485,0.1163,-0.0505,0.1978,-0.0344,-0.1839,0.0114,0.0073,-0.0208,0.0011,0.2172,0.0135,0.0002,0.0145,-0.0101,-0.0209,-0.1034,-0.0034,-0.0603,0.0173,-0.0225,0.1133,-0.1007,0.1796,-0.0041,-0.3202,-0.1297,-0.2258,0.1975,-0.0752,0.1304,0.1602,0.0707,0.2077,-0.0473,0.0028,-0.0705,-0.042,0.0122,0.0598,0.0049,0.0409,-0.1652,0.0422,-0.0536,-0.0195,0.0575,0.03,0.0296,-0.1897,0.0699,-0.0648,0.0024,-0.0202,-0.0225,-0.0539,-0.0409,0.005,-0.1038,-0.0297,-0.0015,-0.0543,-0.0681,0.0256,-0.0624,0.06,-0.0142,-0.0944,0.002,-0.082,0.0588,-0.002,0.0556,0.0991,-0.0299,0.0182,-0.0084,0.0254,0.0,-0.0165,-0.057,-0.0595,0.0435,-0.0238,-0.0019,-0.0264,0.0352,-0.0845,-0.0191,0.006,0.0187,-0.0254,0.0533,0.1921,0.3796,-0.1409,1.0,0.0,0.5004,-0.5004,0.0173,0.0668,0.0298,0.0433,0.0103,0.0099,-0.0372,0.0317,-0.0566,0.0266,0.0218,0.0543,-0.0924,-0.0678,0.0848,-0.0385,0.0022,0.0122,-0.0177,0.0083,0.0121,-0.0201,0.1969,-0.028,-0.0309,-0.0151,-0.0167,-0.0364,0.0027,-0.0249,0.0486,-0.0155,0.1163,-0.0157,-0.0167,-0.0378,-0.0375,0.0331,-0.0036,-0.0193,0.0226,-0.0027,-0.0271,-0.0414,0.1219,0.0305,0.0148,0.0223,0.0046,-0.0065,-0.0069,-0.0137,0.0216,0.0163,-0.0093,-0.0131,0.0038,-0.0232,-0.0138,0.0214,0.0163,-0.0438,-0.0063,0.248,0.0166,-0.113,0.1134,-0.1184,0.019,-0.0174,0.0262,-0.0356,0.0014,-0.0978,-0.0231,0.1058,-0.0776,-0.0297,-0.0048,-0.0341,-0.0374,-0.0286,0.1039,-0.1684,0.088,0.0927,-0.1634,0.089,0.0824,-0.0075,0.0188,0.0797,-0.0128,0.0121,-0.1046,0.0231,-0.0491,-0.0721,0.0637,0.0124,-0.0317,0.0037,0.0412,-0.0139,0.0058,-0.0249,-0.0125,0.0357,-0.0505,-0.0025,-0.001,0.0087,-0.0323,-0.0362,0.0025,0.0013,0.0036,-0.0113,-0.0365,-0.1236,-0.038,0.09,-0.0961,0.048,-0.1061,-0.1566,-0.1878,-0.2048,-0.013,0.116,0.1196,0.0149,-0.2259,-0.0186,-0.0225,0.0,0.0275,-0.1652,-0.1897,-0.1581,-0.0173,-0.0186,0.0254,-0.0618,0.0211,0.0254,-0.003,0.0,0.0249,0.0121,0.0149,-0.0019,0.0,-0.0123,-0.0052
last_closed_reason_asof=nan,-0.4473,-0.4364,0.3808,-0.0056,-0.0836,-0.133,-0.1368,-0.1455,-0.0786,0.5285,-0.0372,-0.0082,0.0217,0.0639,-0.2237,0.0047,-0.0142,0.2502,0.134,0.2691,0.258,0.0552,-0.1746,-0.2282,-0.3825,0.1907,0.2235,-0.0355,0.0487,-0.0159,0.0099,-0.4319,-0.0208,0.0117,-0.0527,0.3377,-0.0164,-0.0949,0.0538,-0.0166,-0.0017,0.0233,-0.4919,-0.1378,0.2148,0.0177,-0.2169,-0.1499,-0.2562,-0.0158,-0.2186,0.0333,-0.4964,-0.557,-0.4251,-0.0202,0.007,0.0272,-0.0787,-0.1237,-0.0803,-0.1589,-0.0302,0.5699,-0.165,0.0769,0.0059,-0.1198,-0.1789,-0.0168,0.5239,-0.2027,0.0652,0.0305,-0.0155,0.0048,-0.0105,-0.0354,0.0207,0.2001,0.023,-0.0196,0.0142,0.0229,-0.1279,0.1845,-0.1051,0.1214,0.234,-0.0205,-0.0673,-0.0541,-0.0183,-0.0596,0.0173,-0.1206,-0.0266,0.1013,0.0476,0.0549,-0.1027,0.0439,-0.2293,-0.0708,-0.0812,0.1977,-0.0188,-0.041,-0.2256,0.056,0.027,-0.0579,0.1368,-0.5847,0.541,0.3779,-0.4607,0.0,1.0,-0.471,-0.2362,-0.054,-0.07,-0.0258,-0.047,0.0012,-0.0082,0.0779,0.043,-0.0035,-0.0237,-0.0524,-0.0796,0.093,0.0433,-0.0376,0.0038,-0.0302,0.0578,-0.0428,-0.0231,0.0763,-0.0526,-0.2038,-0.1518,0.0454,0.0507,0.3378,-0.0136,-0.0262,-0.0624,-0.0886,0.1159,-0.0667,0.0028,-0.0885,-0.0173,-0.0068,-0.1086,0.0742,0.278,-0.0303,0.0104,0.0095,0.0275,-0.0643,-0.022,-0.0174,-0.0174,-0.0031,-0.0256,0.2519,0.0172,-0.0506,0.004,0.0352,-0.01,0.0745,-0.0181,-0.0019,-0.0194,-0.0768,-0.0211,-0.0046,-0.2394,-0.0232,0.1371,-0.1372,0.1322,0.1184,0.092,-0.0817,-0.0137,-0.018,0.2974,0.1349,0.217,-0.0903,-0.0359,-0.0421,0.1247,0.1286,0.0133,-0.2325,0.2145,-0.1726,-0.2083,0.2157,-0.2036,-0.3035,0.1542,-0.113,-0.3183,0.1606,-0.1824,0.1837,0.022,0.0741,-0.4321,-0.014,-0.0294,-0.2252,0.0595,0.1673,0.2062,0.0363,-0.223,0.0521,0.1545,0.1761,-0.2065,0.0515,0.1546,0.183,-0.0846,0.0335,0.0345,-0.0682,0.0614,0.0592,-0.0808,0.0161,0.0815,-0.0493,0.0709,-0.2891,-0.155,-0.2085,-0.0906,-0.0052,-0.3088,-0.2499,-0.0109,0.6003,0.4518,0.0233,0.0388,0.0005,0.5699,0.5239,0.3709,0.5197,0.3895,0.0476,0.1714,-0.0102,0.0542,0.1988,1.0,0.0624,0.0763,-0.0009,0.0157,0.3546,0.0107,0.004
last_closed_reason_asof=next_choch,0.2518,0.2455,-0.222,-0.0229,0.0513,0.0757,0.0841,0.0712,0.0446,-0.2568,0.0419,0.0089,-0.0182,-0.0319,0.1054,0.0168,0.0073,-0.2079,-0.1932,-0.1268,-0.1234,0.0101,0.1562,0.1657,0.2418,-0.1548,-0.1296,0.0189,-0.055,0.0054,-0.0148,0.2576,0.0015,-0.0065,-0.0315,-0.1713,0.0103,-0.002,-0.0335,0.0005,0.0166,-0.0042,0.2435,0.0192,0.0358,-0.0154,-0.0561,-0.0025,-0.0146,0.0534,0.0483,0.0254,0.2647,0.252,0.2579,-0.0672,-0.0599,0.0082,-0.0527,0.0203,0.1219,0.0778,0.0287,-0.2937,0.0872,-0.1057,-0.0237,0.1097,0.0801,0.0163,-0.2786,0.1217,-0.087,0.0041,-0.0233,-0.0123,-0.1021,-0.0726,0.0101,-0.2396,-0.0445,-0.0032,-0.0933,-0.0989,0.0978,-0.1326,0.0453,-0.1293,-0.1267,0.0176,0.0379,0.0676,-0.0121,0.0144,0.0094,0.0748,0.0364,-0.073,-0.0298,-0.0259,0.0653,-0.1015,0.1289,0.0554,0.0261,-0.123,0.0201,0.0443,0.0819,-0.0508,-0.0135,0.0517,-0.107,0.26,-0.1719,-0.0375,-0.0585,0.5004,-0.471,1.0,-0.7459,0.0114,0.0548,0.0012,0.0227,0.0046,0.0174,-0.0468,0.0091,-0.0274,0.0429,0.0211,0.0553,-0.0826,-0.0472,0.052,-0.0177,-0.0024,-0.0094,0.0144,0.0014,-0.016,0.0144,0.1474,0.0221,-0.0302,-0.0274,-0.1604,-0.0034,-0.0006,0.0155,0.0554,-0.046,0.087,-0.0331,0.0367,0.0022,-0.0111,0.0497,-0.0281,-0.1339,0.0197,-0.0143,-0.0401,-0.0088,0.0912,-0.0065,0.0165,0.0165,0.0094,0.0455,-0.1218,-0.0027,0.0176,0.0051,-0.0077,0.0036,-0.0189,-0.0001,-0.001,0.0071,0.0399,-0.0017,-0.0013,0.1083,0.0164,-0.0966,0.0959,-0.0919,-0.0276,-0.0582,0.049,0.0087,0.0076,-0.194,-0.1211,-0.0641,0.0028,0.0356,0.0294,-0.1203,-0.1165,-0.0159,0.159,-0.159,0.1138,0.145,-0.1543,0.1323,0.1972,-0.1257,0.0786,0.2072,-0.1286,0.1134,-0.0949,-0.0004,-0.1088,0.1087,0.0653,0.0074,0.0959,-0.0288,-0.0596,-0.103,-0.0248,0.1001,-0.032,-0.0579,-0.0912,0.1107,-0.0283,-0.082,-0.1172,0.0317,-0.0217,-0.0243,0.0368,-0.0393,-0.0454,-0.0144,-0.0004,-0.0011,-0.0154,-0.014,0.0479,-0.0495,-0.0173,-0.0806,0.0061,0.2603,0.1376,0.024,-0.3389,-0.2165,-0.0042,-0.0183,0.0163,-0.2937,-0.2786,-0.2525,-0.2496,-0.1877,-0.0298,-0.1102,0.0323,-0.0329,-0.1231,-0.471,-0.0155,-0.016,0.0186,0.0036,-0.167,-0.006,0.0051
last_closed_reason_asof=stop_loss,0.0604,0.0591,-0.0429,0.0295,0.0066,0.017,0.0107,0.0315,0.0103,-0.1163,-0.0182,-0.0037,0.0037,-0.0131,0.0529,-0.022,0.0027,0.0401,0.1116,-0.0636,-0.0589,-0.0528,-0.0402,-0.0103,0.0224,0.0265,-0.026,0.006,0.0238,0.0061,0.0088,0.0424,0.0141,-0.0017,0.056,-0.0429,0.001,0.0739,-0.0037,0.012,-0.0169,-0.013,0.103,0.0829,-0.2015,0.0037,0.2256,0.116,0.2095,-0.0469,0.1119,-0.0531,0.0833,0.1429,0.0369,0.0864,0.0601,-0.0296,0.1103,0.0617,-0.084,0.0343,-0.0088,-0.1068,0.0286,0.0687,0.0217,-0.055,0.0468,-0.0053,-0.0887,0.019,0.0584,-0.0181,0.0313,0.0105,0.1167,0.1036,-0.0267,0.1139,0.0317,0.0183,0.0921,0.0917,-0.0112,0.0067,0.0295,0.0508,-0.0371,-0.0039,0.0091,-0.0337,0.0272,0.0265,-0.0234,0.008,-0.02,0.0039,-0.0031,-0.013,0.0057,0.0789,0.031,-0.0075,0.0326,-0.0138,-0.008,-0.0205,0.0802,0.0136,-0.0054,-0.0133,0.0146,0.1552,-0.2191,-0.2441,0.4123,-0.5004,-0.2362,-0.7459,1.0,0.0262,-0.0095,0.0171,0.0104,-0.006,-0.013,-0.0073,-0.0425,0.0329,-0.0294,0.0163,-0.0007,0.0233,0.0193,-0.0289,0.0166,0.0255,-0.0333,0.0164,0.0159,-0.04,0.0238,-0.0085,0.0846,-0.0011,-0.008,-0.0784,0.014,0.0194,0.0301,0.003,-0.0369,-0.0455,0.0343,0.0264,0.0106,0.0174,0.0273,-0.0251,-0.0625,0.0012,0.0079,0.037,-0.0111,-0.0519,0.0237,-0.0051,-0.0051,-0.008,-0.0308,-0.056,-0.01,0.0188,-0.0087,-0.0181,0.0036,-0.0355,0.0138,0.0025,0.0069,0.0141,0.0177,0.0047,0.0534,-0.0012,0.0071,-0.0063,0.0055,-0.0547,-0.0012,0.0077,0.0007,0.0052,-0.0109,0.0315,-0.0932,0.0651,-0.0121,-0.0006,0.0428,0.0358,0.0079,0.0005,0.0132,0.0049,-0.0024,0.007,0.0079,0.012,0.022,-0.0013,0.0121,0.0204,0.0128,-0.0342,-0.0162,0.0638,0.2065,-0.0614,0.014,0.0644,-0.0132,-0.0606,-0.0423,-0.0001,0.0582,-0.004,-0.0529,-0.0326,0.034,-0.0078,-0.0264,-0.0091,0.0289,-0.0014,0.0007,0.011,-0.0031,0.0053,0.0769,-0.0117,-0.0604,0.0542,-0.038,0.1654,0.1715,0.1765,0.1572,-0.0028,-0.0535,0.027,-0.0181,-0.08,-0.1027,-0.013,-0.0092,-0.0183,-0.1068,-0.0887,-0.002,-0.1175,-0.0874,-0.0031,-0.008,-0.0279,-0.0048,-0.0145,-0.2362,-0.0301,-0.04,-0.0199,-0.0159,-0.0838,-0.0015,-0.0087
card_visit_n,0.1475,0.1521,-0.0472,-0.1366,-0.0658,-0.0061,0.0756,0.0694,0.0735,0.0495,0.0311,-0.0363,0.0228,-0.0141,-0.0085,-0.0287,0.005,-0.0345,0.0824,-0.1468,-0.1398,-0.1929,-0.1213,-0.1833,-0.0727,0.0811,-0.0725,-0.0326,0.0363,-0.0211,0.0439,0.0528,0.0532,0.0061,0.0154,-0.059,0.0037,0.0312,-0.0483,0.0369,-0.0044,0.0,-0.031,0.0254,0.01,0.0233,0.0242,-0.0084,0.0337,-0.0284,0.0607,-0.0765,0.129,0.1384,0.0868,0.066,0.1067,-0.0972,0.0923,0.0838,-0.0796,0.0311,-0.0264,-0.0149,-0.019,0.0487,-0.009,-0.0304,-0.0174,0.0198,-0.0374,0.0419,-0.0055,0.0097,0.0332,0.046,0.1153,0.0962,-0.0798,0.1033,0.0355,-0.0242,0.0238,0.0498,-0.06,0.0732,-0.0589,0.0926,-0.0259,-0.0229,-0.0653,0.0717,-0.0214,-0.0787,0.0264,-0.0014,-0.0025,-0.005,-0.0025,0.0,0.006,0.0516,-0.0731,-0.0243,0.009,0.1185,-0.0756,0.0897,0.0405,0.058,0.0149,-0.0591,0.0029,0.1489,-0.1249,-0.0665,0.1511,0.0173,-0.054,0.0114,0.0262,1.0,-0.3055,-0.1088,0.0396,-0.2747,-0.0051,0.1643,0.0,-0.2312,0.0659,0.0708,0.1606,-0.2052,-0.0863,0.2082,-0.1531,0.3265,-0.5263,0.296,0.0918,-0.313,0.0827,0.0272,0.3498,0.1156,0.0982,0.0221,0.1613,0.644,0.0,0.0412,-0.0887,-0.009,-0.0661,0.1186,0.0299,0.1205,0.0084,-0.1412,0.031,0.0219,-0.185,0.0191,0.0624,-0.0089,0.0186,0.0084,0.0183,-0.1883,-0.0276,0.0183,0.0948,-0.0889,0.0454,-0.0525,0.0287,0.0537,0.0793,0.1446,-0.1752,0.235,-0.151,0.009,0.1434,-0.0482,-0.2216,0.2202,-0.2179,-0.3927,0.1434,0.2449,0.0012,-0.0232,0.0159,0.0903,-0.167,-0.0934,0.0136,0.0101,0.0046,0.0339,0.0251,0.0167,-0.0362,0.0069,-0.0164,-0.0403,-0.0157,0.0101,-0.0003,-0.0319,0.0415,-0.0066,0.0055,-0.0527,0.0017,0.0714,-0.0288,-0.0704,-0.0069,0.0083,-0.049,0.0506,-0.0044,-0.0439,0.0069,-0.0508,0.0558,-0.0101,0.0094,-0.0464,0.0457,0.0019,0.0055,-0.0465,-0.0489,0.0475,-0.0454,0.0205,0.0334,-0.0365,0.0208,-0.0174,0.047,0.016,0.0434,0.1213,0.1215,0.0397,-0.0741,0.089,-0.0451,-0.0417,0.0363,0.0,0.0,-0.0562,-0.0149,-0.0374,-0.0075,0.0385,0.0372,-0.0025,-0.1089,0.0,-0.0025,0.1185,-0.054,0.0,-0.313,-0.0451,-0.0245,0.0275,-0.0347,-0.0371
card_this_bars,0.0163,0.0119,-0.0671,0.0066,0.0712,0.0327,0.0371,-0.033,-0.0492,-0.0783,0.0284,-0.0002,-0.0196,0.0691,-0.0343,-0.0295,0.0304,-0.3231,-0.1834,-0.2923,-0.2805,-0.2246,0.0025,-0.1256,0.1038,-0.1116,-0.24,0.022,-0.0598,0.0039,-0.0325,0.087,-0.0117,0.0107,0.0094,-0.0453,0.0302,-0.018,0.0944,-0.065,0.0058,0.0,0.0863,-0.014,-0.089,-0.0238,0.1131,0.0673,0.1198,-0.0137,0.0738,-0.0195,0.0446,0.0913,0.0121,-0.0592,-0.0978,-0.1157,-0.0638,-0.0687,0.0829,0.0043,0.0357,-0.0816,0.036,-0.0363,0.0078,0.0862,0.0112,0.0216,-0.07,0.0367,-0.0335,-0.0197,0.008,-0.0274,-0.1156,-0.0611,-0.0288,-0.2297,-0.0305,0.0191,-0.053,-0.0806,0.1602,-0.1416,0.033,-0.1181,-0.1912,0.0192,-0.1507,0.0672,0.0306,0.0178,0.2559,0.1305,-0.0111,-0.0115,0.025,0.0,-0.0055,-0.0765,0.0674,-0.019,0.0319,-0.0751,0.0535,0.0245,0.0655,-0.1262,-0.0208,0.1278,-0.0366,0.0623,-0.0511,-0.0251,0.0375,0.0668,-0.07,0.0548,-0.0095,-0.3055,1.0,0.1646,0.2852,0.2193,-0.0191,-0.4559,0.0,0.3766,0.1092,-0.088,-0.2247,0.2925,0.172,-0.3122,0.1875,-0.0029,0.0175,-0.0179,0.0487,-0.0282,-0.0329,0.2988,-0.0464,-0.3093,-0.2847,-0.0694,-0.4456,-0.1804,0.0,0.2744,0.1331,-0.032,0.1159,-0.1719,0.0135,-0.3012,0.0587,0.1351,0.013,0.1982,0.1405,-0.1017,-0.0842,-0.0294,0.1548,0.0826,0.0762,0.1527,0.0343,-0.0798,-0.2517,0.2677,0.0076,0.0215,-0.0249,-0.0709,-0.1308,-0.4249,0.4499,-0.3654,0.2489,0.0842,0.3155,0.0166,0.378,-0.3736,0.4067,0.7751,-0.3567,-0.2865,0.0305,0.0172,-0.1763,-0.0879,-0.0316,0.0603,-0.1345,0.0288,-0.2094,-0.206,-0.0059,0.143,-0.286,0.1633,0.0845,-0.28,0.126,0.0537,-0.0002,-0.004,0.0359,0.0022,0.0034,-0.1914,-0.0137,-0.0639,0.126,-0.1017,0.0156,0.042,0.0911,-0.1684,-0.0324,0.1009,0.0397,0.0891,-0.1666,-0.0919,0.05,0.0948,-0.1646,-0.0473,0.0606,0.1063,0.0936,-0.0878,0.0801,-0.0755,-0.0017,0.002,-0.048,0.0423,-0.0282,0.1544,0.1169,0.0185,-0.0029,-0.0932,0.0865,-0.0729,0.0064,-0.0961,-0.0529,0.0,0.0,0.0185,-0.0816,-0.07,-0.0765,-0.0871,-0.0829,0.025,0.097,0.0,0.025,-0.0751,-0.07,0.0,-0.0282,0.0064,0.0046,-0.0087,0.0159,0.0095
card_first_bars,0.054,0.055,-0.0314,-0.0472,0.027,-0.0269,0.0227,0.0287,0.0157,-0.0055,0.0222,-0.0021,0.0069,0.0109,-0.0118,-0.0505,0.051,-0.111,0.0095,-0.1964,-0.1869,-0.169,-0.0493,-0.1203,0.0138,0.0101,-0.1047,-0.0059,0.0233,0.0018,-0.0735,0.0529,-0.0612,0.0403,-0.0441,-0.0198,0.0401,-0.0072,0.0131,-0.013,-0.012,0.0,0.008,-0.0074,-0.0077,0.0046,0.0274,0.0063,0.0346,-0.0181,0.0264,-0.0153,0.044,0.0413,0.0439,-0.0013,0.0032,-0.1024,0.0189,0.0225,-0.006,-0.0215,0.0042,-0.0228,0.0336,0.0005,0.0384,-0.0069,0.0251,-0.0153,-0.0549,0.0167,0.0133,0.0549,-0.0155,0.0033,0.0087,0.0112,-0.0082,-0.0096,0.0027,-0.0008,0.0127,0.0117,-0.0049,0.0053,-0.0406,0.0041,-0.072,-0.0073,-0.0433,0.0245,0.0056,0.0301,0.074,0.0259,0.0327,-0.0165,0.0118,0.0,-0.0055,0.0062,0.0112,-0.0309,0.0385,0.0104,-0.0076,0.0364,0.0653,-0.0119,-0.0052,0.0123,0.0065,0.0339,-0.0341,-0.0196,0.0352,0.0298,-0.0258,0.0012,0.0171,-0.1088,0.1646,1.0,-0.0652,0.1439,-0.0067,-0.0982,0.0,0.0339,-0.0318,-0.0167,0.0582,-0.0382,-0.0165,0.0282,-0.0159,0.0458,-0.0649,0.0308,0.0539,-0.227,0.0726,0.099,-0.0543,-0.0426,-0.0873,-0.0128,-0.0965,-0.0375,0.0,0.0911,-0.034,0.0066,-0.0566,0.0596,-0.0125,-0.0231,0.0443,-0.0372,-0.0064,-0.0635,0.0777,-0.0889,0.0459,0.0114,-0.0114,-0.0255,-0.0162,0.1076,-0.0325,-0.0028,-0.0482,0.0332,-0.0138,-0.0413,0.0105,-0.0256,0.0019,-0.0266,0.0387,0.0242,0.0376,0.0925,0.2242,0.0045,-0.0417,0.0416,-0.0146,-0.065,0.016,0.0325,0.0497,-0.0187,-0.0698,-0.0093,-0.0333,0.0597,-0.0162,-0.0086,0.0037,0.004,-0.0053,0.0247,-0.0731,0.071,0.0226,-0.0686,0.048,-0.0257,0.0672,-0.0193,-0.0397,0.0715,-0.0276,-0.0733,0.0057,-0.0045,0.0336,-0.0515,-0.0278,0.023,0.009,-0.0392,-0.0194,0.0155,0.0234,0.009,-0.0353,-0.0235,0.0121,0.0099,-0.0282,-0.0011,0.0116,0.0188,0.0124,-0.0075,0.0061,-0.0321,-0.0006,-0.0316,-0.008,0.0049,0.002,0.093,0.0987,0.0744,0.0665,-0.0068,-0.0068,-0.0023,-0.0039,-0.0579,-0.0071,0.0,0.0,0.0338,-0.0228,-0.0549,-0.0331,-0.0148,-0.0156,0.0118,0.0066,0.0,0.0118,0.0104,-0.0258,0.0,-0.227,-0.0039,-0.0252,-0.0112,-0.0096,-0.0101
card_read=ACCEPTED,0.0414,0.0359,-0.0311,-0.0406,0.0199,0.0398,0.0265,-0.0119,-0.0119,-0.0317,0.0378,0.0054,0.0129,0.0244,0.0156,-0.0451,-0.004,-0.1827,-0.0936,-0.1605,-0.1496,-0.1504,-0.0444,-0.0849,0.0513,-0.0666,-0.1639,0.0012,-0.0619,-0.0186,0.0041,0.056,0.0049,-0.0128,0.0261,-0.0773,0.0121,-0.02,0.0308,-0.0394,0.0273,-0.0038,0.031,-0.0181,-0.0405,0.0129,0.0458,0.0513,0.0693,0.0019,0.0539,-0.0213,0.052,0.0781,0.0254,-0.0523,-0.0504,-0.0482,-0.0278,-0.0214,0.0636,0.007,0.0024,-0.0347,0.0126,-0.0156,-0.005,0.0499,-0.0124,0.025,-0.0242,0.0267,-0.0133,-0.0191,0.0169,-0.001,-0.0197,-0.0387,-0.0068,-0.1052,-0.004,0.004,-0.0295,-0.0204,0.0945,-0.084,0.0278,-0.0157,-0.115,-0.013,-0.0956,0.1444,-0.0024,-0.101,0.1922,0.0234,-0.0125,-0.0142,0.0158,-0.0038,0.0038,-0.036,-0.02,-0.0613,0.0727,-0.0152,0.0193,0.1158,0.0885,-0.0781,-0.0061,0.0786,-0.014,0.0744,-0.064,-0.0383,0.0662,0.0433,-0.047,0.0227,0.0104,0.0396,0.2852,-0.0652,1.0,-0.0302,-0.0038,-0.1445,-0.0491,-0.1199,-0.0264,-0.0347,-0.0671,-0.202,-0.0852,0.1386,-0.0871,0.0494,-0.1117,0.0918,0.0819,-0.1263,0.0436,0.1843,0.0625,-0.0905,-0.0873,-0.0243,-0.1391,-0.0118,0.1089,0.1682,-0.1104,-0.0159,0.2127,-0.0367,-0.0363,-0.0448,0.128,-0.1055,-0.0199,0.7287,-0.0204,-0.063,-0.1893,-0.0143,0.5198,0.2489,0.2489,-0.0208,-0.024,-0.0181,-0.075,-0.0606,-0.0066,-0.0105,-0.0047,-0.0191,-0.0248,-0.0615,0.0725,0.0224,-0.079,0.06,0.2074,-0.006,-0.1113,0.1157,-0.0925,0.2945,-0.0145,0.2067,-0.0029,0.0034,-0.0927,-0.0534,-0.0788,0.0045,-0.0948,0.0143,-0.1487,-0.1235,0.0202,0.0807,-0.1567,0.0737,0.0232,-0.1527,0.0633,0.0321,-0.051,-0.0012,0.0224,-0.0438,0.0244,-0.1198,-0.0098,-0.0579,0.0616,-0.0882,0.0123,0.0399,0.0287,-0.0878,-0.0281,0.0402,0.0389,0.0259,-0.0858,-0.076,0.0501,0.0329,-0.0958,-0.0483,0.0337,0.0419,0.0346,-0.0252,0.0222,-0.0588,-0.0038,-0.0306,0.0091,0.0102,0.0228,0.1025,0.0867,0.0633,0.0508,-0.0389,0.0511,-0.0409,0.0116,-0.0545,-0.0321,-0.0038,-0.0027,-0.0028,-0.0347,-0.0242,-0.053,-0.0305,-0.0278,0.0158,-0.0552,-0.0195,0.0152,-0.0154,-0.047,-0.1089,-0.1263,0.0106,-0.0047,-0.0248,-0.0054,-0.0066
card_read=FIRST_PRINT,0.0159,0.0185,-0.0152,0.0118,0.0062,-0.0078,-0.0138,0.0432,-0.0237,-0.0283,0.0063,0.031,-0.0167,0.0039,0.0144,0.0002,0.0193,-0.1149,-0.0939,-0.0748,-0.0723,-0.044,0.0192,-0.0152,0.0342,-0.1138,-0.1195,0.0181,-0.0976,0.0116,-0.0116,0.0406,-0.009,0.0141,0.0149,-0.0052,0.0204,0.0243,0.0052,-0.001,0.0009,-0.0035,0.0269,0.0263,-0.0803,-0.0167,0.0514,0.0001,0.0387,0.0026,-0.0034,0.0047,0.0162,0.012,0.0182,-0.0981,-0.0965,0.0012,-0.0783,-0.0603,0.0915,-0.0111,0.0225,-0.0046,0.0103,-0.0552,-0.003,0.0471,0.0128,0.0087,-0.0142,-0.0035,-0.0309,0.0002,0.0065,-0.0214,-0.0946,-0.1038,0.0298,-0.1295,-0.0014,0.0138,-0.0388,-0.0433,0.1183,-0.128,0.0243,-0.0726,-0.1126,0.0166,-0.0163,0.1086,0.0138,-0.1442,0.145,0.0065,0.0087,-0.0174,0.005,-0.0035,0.0075,-0.066,0.0103,-0.0703,0.0515,-0.0709,0.0982,0.0462,0.0394,-0.106,-0.0056,0.1065,-0.0197,-0.0015,0.0032,0.01,-0.0044,0.0103,0.0012,0.0046,-0.006,-0.2747,0.2193,0.1439,-0.0302,1.0,-0.0035,-0.1335,-0.0454,-0.1108,-0.0244,-0.0321,-0.062,-0.1865,-0.0788,0.1281,-0.0805,-0.0254,0.0613,-0.0522,0.0579,-0.0637,0.0056,0.1692,-0.1873,-0.0837,-0.0807,-0.0225,-0.1286,-0.1498,0.1006,0.1553,-0.1054,-0.0042,0.1595,-0.0088,-0.0264,-0.0414,0.1215,-0.0975,-0.0183,-0.022,0.6753,-0.0582,-0.1454,-0.0022,-0.0157,-0.0075,-0.0075,0.6874,-0.0222,-0.0167,-0.0694,-0.0847,-0.0061,-0.0097,-0.0043,-0.0176,-0.0229,-0.0568,0.067,0.0471,-0.073,0.0493,0.0982,0.0062,-0.0797,0.0831,-0.065,0.2027,-0.074,0.1911,0.0192,0.0074,-0.1088,-0.1007,0.0244,0.0426,-0.0075,0.0373,-0.091,-0.1198,-0.045,0.0512,-0.1148,0.0652,0.0396,-0.1118,0.0349,0.0082,0.0063,-0.006,-0.0068,0.0138,-0.0199,-0.1095,-0.0624,-0.1017,0.061,-0.009,-0.0078,0.078,0.0063,-0.1007,-0.0475,0.0136,0.0767,0.0027,-0.0956,-0.0561,0.0904,0.0063,-0.1159,-0.0652,0.0549,0.0191,0.0129,-0.0047,-0.0053,-0.0689,0.0136,0.0153,-0.0097,0.0233,-0.0307,0.0489,0.0423,-0.0105,-0.0191,-0.0562,0.081,-0.0329,-0.0097,-0.024,-0.0297,-0.0035,-0.0025,-0.0005,-0.0046,-0.0142,-0.0524,-0.0272,-0.0257,0.005,-0.0461,-0.018,0.0045,-0.071,0.0012,-0.1006,-0.0637,-0.01,-0.0043,-0.0229,-0.005,-0.0061
card_read=HUNT,0.0057,0.0058,-0.0064,-0.0083,-0.009,0.019,0.0185,-0.01,-0.0053,-0.0045,-0.0024,-0.0002,0.0214,0.0078,0.0018,-0.0014,0.0071,-0.0058,-0.0029,-0.0069,-0.0084,-0.0061,-0.0032,0.0031,0.0079,-0.0066,0.0004,-0.0183,0.0043,-0.0166,-0.0071,0.0068,-0.0076,0.0038,0.0234,0.0007,0.0072,-0.0032,-0.0126,-0.0081,-0.0206,-0.0004,0.005,-0.0027,0.004,0.0214,-0.0016,-0.0084,0.0073,0.0227,0.0143,0.0174,0.0239,0.0253,0.0159,0.017,0.0098,0.0119,0.0162,0.0002,-0.0167,0.0228,-0.0017,-0.0067,-0.0188,0.0145,0.0057,-0.0023,0.0036,-0.0015,-0.0091,0.0033,-0.0046,-0.0106,-0.0099,-0.015,0.0135,0.0166,-0.0221,0.008,0.0168,-0.0118,0.0201,0.0168,0.013,-0.0214,0.001,0.0151,-0.0031,-0.0214,0.0012,0.0097,0.0002,0.0038,-0.0135,-0.0233,-0.0015,-0.0041,0.0606,-0.0004,-0.036,0.0219,0.012,-0.0181,0.0177,-0.0095,0.0135,-0.0081,0.0144,-0.0268,-0.0007,0.0268,0.0002,0.026,-0.0255,-0.0206,0.0141,0.0099,-0.0082,0.0174,-0.013,-0.0051,-0.0191,-0.0067,-0.0038,-0.0035,1.0,-0.0169,-0.0058,-0.0141,-0.0031,-0.0041,-0.0079,-0.0235,-0.01,0.0162,-0.0102,-0.0097,-0.0296,0.0476,-0.015,-0.0148,0.0296,0.0032,0.0011,-0.0106,-0.0102,-0.0028,-0.0163,-0.0189,0.0128,-0.0058,-0.0149,-0.0037,-0.0084,0.021,-0.0049,-0.0052,0.0169,-0.0124,-0.0023,-0.0028,-0.0024,-0.0074,0.0094,-0.0035,-0.002,-0.001,-0.001,-0.0024,-0.0028,-0.0021,-0.0088,0.0125,-0.0008,-0.0012,-0.0006,-0.0022,-0.0029,-0.0072,0.0085,0.0292,-0.0093,-0.023,0.0008,0.0059,-0.0316,0.0295,-0.0323,-0.0243,0.0191,0.0242,0.0067,-0.0128,0.0074,0.0116,-0.0049,-0.0028,-0.0165,-0.0191,-0.0095,-0.0037,0.0024,-0.0084,-0.0113,-0.0134,0.0031,-0.0138,-0.0139,0.0223,0.0012,0.0202,0.0145,0.0,0.022,0.0029,-0.0044,0.0157,0.0073,-0.0103,0.0102,-0.0015,-0.0125,0.0196,0.0093,-0.0125,-0.0013,-0.0125,0.0196,0.0139,-0.0025,-0.0125,0.0157,0.0075,-0.0062,-0.0125,-0.0125,0.0125,-0.0125,0.0002,0.0175,-0.0001,0.0097,0.0078,0.0061,0.0148,0.0111,0.0025,0.0014,-0.0078,0.022,-0.0055,-0.0012,-0.0093,-0.0038,-0.0004,-0.0003,-0.002,-0.0067,-0.0091,0.0077,-0.0043,-0.0033,0.0606,-0.0065,-0.0023,0.06,-0.0095,-0.0082,-0.0128,-0.0148,-0.0013,-0.0006,-0.0029,-0.0006,-0.0008
card_read=LEAVE,-0.0559,-0.0538,0.0957,0.0169,-0.0278,-0.0164,-0.0544,-0.0116,0.0286,0.0169,-0.0101,-0.0033,0.0337,0.0779,0.0207,0.0415,-0.0228,0.1833,0.0673,0.2124,0.208,0.2067,0.0676,0.1066,-0.066,0.0277,0.1249,-0.0358,-0.0226,-0.02,0.0069,-0.0831,-0.0049,-0.0126,0.0005,0.0898,-0.0234,-0.065,0.0079,0.0306,0.0065,-0.0169,-0.0397,-0.0646,0.2034,0.0337,-0.1717,-0.0539,-0.1787,0.0206,-0.1131,0.0255,-0.0866,-0.1285,-0.0513,0.0369,0.0704,0.0938,0.0541,0.0627,-0.077,-0.0081,-0.0031,0.0418,-0.0156,0.0366,0.0126,-0.0894,0.001,0.019,0.0569,-0.0453,0.0331,-0.0101,0.0389,-0.0059,0.1114,0.0638,0.0271,0.1884,0.0419,-0.0289,0.0524,0.0771,-0.0414,0.0675,-0.0787,0.0429,0.0917,-0.0341,0.1026,-0.0144,-0.0147,-0.0623,0.0549,-0.0578,0.0257,0.0858,-0.0103,0.0265,-0.0654,0.18,-0.0987,0.0224,-0.049,0.0832,-0.0541,0.0186,-0.1902,0.0136,0.0007,-0.0136,0.0901,-0.1041,0.0861,0.0393,-0.0811,-0.0372,0.0779,-0.0468,-0.0073,0.1643,-0.4559,-0.0982,-0.1445,-0.1335,-0.0169,1.0,-0.217,-0.5294,-0.1167,-0.1532,-0.2961,-0.2064,-0.1924,0.3373,-0.2267,-0.1355,0.1885,-0.1021,-0.2178,0.3835,-0.1633,-0.2211,-0.3224,0.6267,0.6046,0.1683,0.9631,0.1078,-0.4346,-0.1587,0.0868,0.0268,0.3191,-0.3093,0.0788,0.3099,-0.2322,0.0539,0.01,-0.1053,-0.0901,0.4362,-0.3068,0.0121,-0.0751,-0.0359,-0.0359,-0.0918,0.1661,0.1251,0.5195,-0.6164,0.046,0.0728,0.0325,0.1321,0.1715,0.4255,-0.5017,-0.0562,-0.3488,-0.0301,-0.2593,-0.0301,-0.2267,0.221,-0.2333,-0.2884,0.2135,-0.1261,-0.0255,-0.0287,0.1384,0.0538,0.0839,-0.0931,0.0652,0.0354,0.123,0.0711,-0.0223,-0.1224,0.1556,-0.1178,-0.0784,0.1636,-0.0999,-0.0613,-0.0171,0.0139,-0.0684,-0.0154,0.0067,0.0809,-0.0229,0.0387,-0.16,0.1637,-0.026,-0.0896,0.0151,0.0767,0.0616,0.0057,-0.0854,0.0062,0.0741,0.0517,-0.0609,0.0127,0.0435,0.0408,-0.018,0.0028,0.009,-0.0122,0.0073,0.0164,-0.0285,-0.0043,0.0538,-0.0473,0.0397,-0.2263,-0.2036,-0.0704,-0.0303,0.1715,-0.1161,0.0285,-0.0226,0.0996,-0.0053,-0.0169,-0.012,-0.004,0.0418,0.0569,0.0661,0.0476,0.0058,-0.0103,0.0033,-0.073,-0.0068,0.0821,0.0779,0.4346,0.3835,-0.0172,-0.0207,-0.0443,-0.024,-0.0293
card_read=NEW,-0.0008,-0.0004,-0.0076,-0.0123,-0.0186,0.0003,0.0294,-0.0243,0.0048,0.0397,0.0178,0.0206,0.0003,0.0079,-0.0076,0.0038,0.0321,-0.0652,-0.031,-0.0691,-0.0788,-0.0845,-0.0381,-0.0815,-0.0199,-0.0087,-0.062,-0.0078,-0.0178,-0.0129,0.0056,-0.0004,0.0235,-0.0149,0.0012,-0.0058,0.0235,0.0005,-0.0038,-0.0068,0.0046,0.078,-0.0243,-0.0005,-0.0093,0.0021,-0.0064,-0.0096,-0.0009,0.0084,-0.0215,0.0151,-0.0009,-0.0133,0.0071,-0.0202,-0.019,-0.0155,-0.0158,-0.0312,0.0093,0.0255,-0.0098,0.0226,-0.0372,-0.021,-0.0158,0.033,-0.0082,-0.0187,0.004,0.0079,-0.0039,-0.0218,-0.0098,-0.0387,-0.0077,-0.007,0.0268,-0.036,-0.0057,0.0016,0.0068,-0.0049,0.0227,-0.0167,0.0051,0.0296,-0.0496,-0.0004,-0.0985,0.0574,0.0075,-0.0024,0.3284,0.006,-0.0057,0.0,-0.0139,-0.0058,0.0111,-0.016,-0.1407,-0.0707,0.0559,0.1174,-0.0755,0.182,-0.0003,-0.0348,0.0174,0.0336,-0.0039,-0.0244,0.0213,0.0216,-0.0358,0.0317,0.043,0.0091,-0.0425,0.0,0.0,0.0,-0.0491,-0.0454,-0.0058,-0.217,1.0,-0.1801,-0.0397,-0.0521,-0.1007,0.0,-0.128,0.2082,-0.1308,-0.1243,0.1945,-0.1211,-0.1918,0.3891,-0.1948,0.0986,0.0,-0.136,-0.1312,-0.0365,-0.209,0.0,-0.4513,0.0,0.3724,-0.0046,-0.1077,-0.2747,-0.0633,-0.0672,-0.3272,0.4311,-0.0053,-0.0358,-0.0307,-0.0947,0.1016,-0.0014,-0.0255,-0.0122,-0.0122,-0.0312,-0.036,-0.0271,-0.1127,0.16,-0.01,-0.0158,-0.0071,-0.0287,-0.0372,-0.0923,0.1089,-0.1974,-0.1186,0.0,0.0,0.0,0.0,0.0,0.0,0.0,0.0,-0.2377,0.0329,0.004,-0.0222,-0.0129,0.0419,0.0442,-0.035,0.0083,-0.0453,-0.0376,-0.0203,0.0471,-0.0937,0.0477,0.0158,-0.0949,0.0385,0.0063,-0.0178,0.0031,0.0046,-0.0144,-0.0052,-0.0558,-0.0208,-0.011,-0.0062,-0.0589,0.0022,-0.0093,-0.0065,0.0108,0.0115,-0.0029,-0.0105,-0.0081,0.012,0.0103,0.0011,-0.0036,-0.0044,-0.0016,0.0297,0.0002,-0.0056,0.0041,-0.0097,-0.0221,0.0065,0.0023,0.0145,0.0031,0.0151,0.0121,0.0244,-0.0361,-0.0307,-0.0302,-0.0142,-0.011,0.0148,0.0218,0.0498,0.078,0.0552,0.0134,0.0226,0.004,-0.0032,0.0348,0.0527,-0.0139,0.1235,0.3712,-0.0146,0.1217,0.043,0.4513,0.3891,0.0134,0.0614,0.042,0.0511,0.0384
card_read=PENDING,-0.0125,-0.0106,-0.0171,0.0378,-0.0186,-0.0116,-0.0093,0.0118,-0.0037,0.0225,-0.0167,-0.0184,-0.0188,-0.0564,-0.0564,-0.0043,-0.0214,0.1117,0.0818,0.0771,0.0778,0.0433,-0.0233,0.0391,-0.0222,0.1364,0.1599,0.0173,0.1423,0.0093,-0.0047,-0.0287,-0.0104,0.0174,-0.019,0.0157,-0.0181,0.0202,0.0098,-0.0301,-0.0049,-0.0141,-0.0172,0.017,-0.0688,-0.0218,0.0752,0.0377,0.0719,-0.0083,0.0442,0.019,0.0064,0.0171,-0.0003,0.1063,0.0733,-0.0256,0.0521,0.0122,-0.0618,-0.0236,0.011,0.017,0.0122,0.0253,0.0437,-0.0517,-0.0085,-0.01,0.0211,-0.0056,0.0283,0.0021,-0.0112,0.0339,-0.0083,0.0693,-0.0381,0.0216,-0.021,0.0063,-0.0134,-0.035,-0.1112,0.1109,0.0372,0.0205,0.1339,0.0185,0.0362,-0.212,0.0058,0.2382,-0.4097,0.046,-0.0172,-0.031,0.0202,-0.0141,0.0154,-0.092,0.1125,0.0746,-0.0847,-0.0742,0.0558,-0.2066,0.0434,0.1111,0.0069,-0.1116,-0.0342,0.0115,-0.018,-0.0184,0.0205,-0.0566,-0.0035,-0.0274,0.0329,-0.2312,0.3766,0.0339,-0.1199,-0.1108,-0.0141,-0.5294,-0.1801,1.0,-0.0968,-0.1272,-0.2458,0.806,0.5161,-0.865,0.5593,0.0872,-0.1199,0.0639,0.1438,-0.3163,0.1704,-0.1143,0.0518,-0.3318,-0.3201,-0.0891,-0.5099,-0.1455,0.399,-0.1263,0.0355,-0.0331,-0.2629,0.1579,0.0488,-0.1641,0.0443,0.0057,0.0487,-0.0874,-0.0748,-0.231,0.2577,-0.026,-0.0623,-0.0298,-0.0298,-0.0762,-0.0879,-0.0662,-0.2751,0.3905,-0.0244,-0.0385,-0.0172,-0.0699,-0.0908,-0.2253,0.2656,-0.3421,0.6588,-0.0604,-0.1246,0.0347,0.7202,-0.7206,0.6979,0.3453,-0.0944,-0.323,-0.0198,0.0025,0.087,0.0943,-0.0229,0.0318,0.0243,-0.0827,0.1143,0.1436,0.0315,-0.0417,0.146,-0.0529,0.0046,0.1389,-0.0161,-0.0341,0.0793,-0.0431,-0.0012,0.0705,-0.0307,0.1523,0.0883,0.11,0.0557,-0.0532,0.0115,-0.0503,0.0005,0.0636,0.0474,-0.0039,-0.0529,0.017,0.0585,0.08,-0.1057,-0.0003,0.1316,0.0953,-0.0895,-0.0053,-0.0041,-0.0141,0.0239,0.0697,-0.0129,0.0215,-0.0381,0.0201,-0.0315,0.1181,0.118,0.0279,0.0105,-0.0703,-0.0208,0.0121,0.012,0.0071,0.0411,-0.0141,-0.0099,-0.0032,0.017,0.0211,0.0787,-0.009,0.0148,0.0202,0.0838,-0.0714,0.0183,-0.0749,-0.0035,-0.399,-0.3163,0.0091,0.0016,0.0797,0.0127,0.0288
card_read=RECYCLE,0.016,0.0109,-0.0154,-0.0294,0.0212,-0.0062,0.0335,-0.0117,-0.0093,0.0082,0.0121,-0.0157,-0.0067,-0.0023,0.0126,-0.0078,0.0123,-0.085,-0.0296,-0.095,-0.0967,-0.0844,-0.0095,-0.0588,0.0239,-0.0391,-0.0889,0.0116,-0.0331,0.0114,-0.0134,0.02,-0.0048,0.0111,0.0206,0.0066,0.0078,0.0271,-0.0165,0.021,-0.0066,-0.0031,-0.0009,0.0241,-0.0204,-0.0067,0.0205,-0.0141,0.0083,-0.0097,0.0241,-0.0286,0.0142,0.0195,0.0077,-0.0423,-0.0346,-0.0218,-0.0083,0.0004,0.0266,-0.0159,-0.0114,-0.0132,0.0254,-0.022,-0.0069,0.0171,-0.0088,-0.0101,-0.0104,0.0178,-0.0167,0.0359,-0.0166,-0.0215,0.0109,-0.0123,0.0003,-0.0472,-0.008,0.0127,-0.0025,-0.014,0.0397,-0.0498,0.0023,-0.0089,-0.0654,0.0035,-0.0485,0.1098,0.0122,-0.091,0.124,0.0114,0.0129,-0.0029,-0.0153,-0.0031,0.0089,-0.0134,-0.0343,-0.0423,0.0505,0.0066,-0.002,0.0745,0.0114,-0.036,-0.0049,0.0364,-0.0132,0.0144,0.0027,0.0174,0.0013,0.0266,-0.0237,0.0429,-0.0294,0.0659,0.1092,-0.0318,-0.0264,-0.0244,-0.0031,-0.1167,-0.0397,-0.0968,1.0,-0.028,-0.0542,-0.1628,-0.0688,0.1119,-0.0703,0.0784,-0.0845,0.0278,0.0802,-0.0986,0.018,0.0999,0.0944,-0.0731,-0.0705,-0.0196,-0.1124,0.0546,0.0879,0.1053,-0.0924,-0.0065,-0.0579,0.1287,-0.0269,-0.0362,0.1064,-0.0852,-0.016,-0.0192,-0.0165,-0.0509,0.0564,-0.0049,-0.0137,-0.0066,-0.0066,-0.0168,-0.0194,-0.0146,-0.0606,0.086,-0.0054,-0.0085,-0.0038,-0.0154,-0.02,-0.0496,0.0585,0.1845,-0.0638,0.0497,0.1244,0.0035,-0.099,0.1029,-0.0841,0.079,-0.0035,0.167,0.0136,0.0141,-0.0546,-0.0361,-0.0112,-0.0187,-0.0375,0.043,-0.0613,-0.0596,0.0162,0.0347,-0.0886,0.0302,0.0042,-0.0903,0.0104,0.0221,-0.0066,0.0078,0.01,-0.0042,-0.0075,-0.0658,-0.0131,-0.0395,0.0109,-0.0253,0.0216,0.0359,-0.0152,-0.0159,-0.0287,-0.0119,0.034,-0.0176,-0.014,-0.0347,0.0445,-0.0155,-0.0296,-0.0372,0.0266,-0.0123,-0.0119,0.0178,-0.0187,-0.0172,0.0226,-0.0003,0.0052,-0.0099,0.0166,0.0094,-0.0007,0.0044,-0.0039,-0.0406,0.023,-0.0269,0.0186,-0.021,-0.0077,-0.0031,-0.0022,0.0206,-0.0132,-0.0104,-0.0288,0.0101,-0.0016,-0.0153,-0.0446,-0.0157,-0.0156,0.0064,-0.0237,-0.0879,-0.0986,0.0175,-0.0038,0.0034,-0.0044,-0.0054
card_read=REJECT,0.041,0.0411,-0.0312,-0.0179,-0.0035,0.0285,0.0157,-0.0021,0.0148,-0.0283,0.0225,0.0268,0.0112,-0.0121,0.0166,-0.0075,0.005,-0.1222,-0.0901,-0.097,-0.0916,-0.0904,-0.0289,-0.0423,0.0352,-0.0792,-0.0773,-0.0019,-0.0132,-0.016,0.0071,0.0563,0.006,0.0248,-0.007,-0.0492,0.0044,-0.0079,0.0054,-0.0315,0.0155,-0.0041,0.0396,-0.0044,-0.0479,0.0136,0.0314,0.0182,0.057,0.0029,0.043,-0.0173,0.0483,0.0641,0.034,-0.0493,-0.0468,-0.0466,-0.0376,-0.0139,0.0308,0.0094,-0.015,-0.0436,0.0181,-0.008,-0.0375,0.0527,-0.0194,0.0045,-0.0452,0.0518,-0.0195,0.0063,-0.0152,-0.0121,-0.0376,-0.0573,-0.0364,-0.105,-0.0036,-0.0099,-0.0412,-0.0275,0.063,-0.0766,0.0389,-0.0443,-0.0752,-0.0113,-0.03,-0.0156,0.0137,0.0292,-0.0162,0.0049,0.0045,-0.0305,-0.0179,-0.0041,0.0332,-0.0313,0.1029,0.0447,-0.001,-0.0497,-0.0075,-0.0839,0.0779,-0.0476,-0.0064,0.0481,-0.0182,0.0594,-0.0472,-0.0274,0.0451,0.0218,-0.0524,0.0211,0.0163,0.0708,-0.088,-0.0167,-0.0347,-0.0321,-0.0041,-0.1532,-0.0521,-0.1272,-0.028,1.0,-0.0711,-0.2144,-0.0904,0.147,-0.0924,0.0534,-0.1063,0.081,0.063,-0.1339,0.0701,0.1101,0.1189,-0.096,-0.0926,-0.0258,-0.1476,0.0474,0.1155,0.0935,-0.1241,0.0248,-0.0761,0.1605,-0.0447,-0.0475,0.1425,-0.1119,-0.0211,-0.0253,-0.0217,-0.0668,0.0591,0.028,-0.018,-0.0086,-0.0086,-0.022,-0.0254,-0.0192,-0.0796,0.113,-0.007,-0.0112,-0.005,-0.0202,-0.0263,-0.0652,0.0769,0.2334,-0.0838,-0.0034,0.1119,-0.0009,-0.2456,0.2463,-0.2443,-0.132,-0.377,0.2193,0.0058,0.0036,-0.091,-0.0502,-0.0447,0.015,-0.0432,0.0084,-0.0946,-0.0864,-0.0233,0.0561,-0.0973,0.04,0.0438,-0.0958,0.0416,0.062,-0.0343,0.0318,0.0526,-0.0354,0.0242,-0.0739,-0.0317,-0.0567,0.0595,-0.0518,0.0115,0.0534,0.0086,-0.0675,-0.0481,0.0132,0.0534,0.003,-0.0648,-0.0675,0.059,0.0086,-0.0698,-0.0474,0.0265,0.0113,0.0134,0.0019,0.003,-0.0127,-0.0119,-0.0339,-0.0276,-0.0105,-0.0197,0.0607,0.0402,0.0324,0.0227,-0.0125,0.0568,-0.0083,0.0098,-0.0507,-0.027,-0.0041,-0.0029,0.0086,-0.0436,-0.0452,-0.0775,-0.0269,-0.0214,-0.0179,-0.0586,-0.0206,-0.0183,-0.0499,-0.0524,-0.1155,-0.1339,0.0088,-0.005,-0.0263,-0.0058,-0.007
card_read=THIN,0.0411,0.0389,-0.064,-0.0295,0.0618,0.0085,0.0396,0.0114,-0.0271,-0.0439,-0.0165,-0.0117,-0.0275,-0.0507,0.024,-0.027,0.0233,-0.119,-0.0306,-0.1522,-0.1485,-0.1134,-0.0036,-0.0488,0.07,-0.0722,-0.1341,0.0228,-0.0497,0.0363,-0.0023,0.0736,0.0047,-0.0134,-0.004,-0.0813,0.0193,0.0597,-0.0368,0.0328,-0.0261,-0.0079,0.05,0.0618,-0.1021,-0.0261,0.0787,0.0035,0.0735,-0.0268,0.0602,-0.0463,0.05,0.084,0.0252,-0.0649,-0.0757,-0.0317,-0.0627,-0.037,0.0834,0.0276,-0.0023,-0.0521,0.0028,-0.024,-0.0386,0.0873,0.0317,-0.0155,-0.0672,0.0196,-0.0423,0.0184,-0.0278,0.0196,-0.0734,-0.0769,0.0031,-0.0831,-0.0213,0.0248,-0.0064,-0.0089,0.0376,-0.069,0.011,-0.0434,-0.0983,0.0301,-0.0304,0.105,-0.0108,-0.0792,0.0404,-0.0056,-0.0155,-0.0494,-0.0004,-0.0079,0.0413,-0.0523,0.059,-0.0215,0.0621,-0.0413,0.0056,0.0695,0.106,-0.0108,-0.0124,0.0117,-0.0498,0.0773,-0.0599,-0.0249,0.0597,0.0543,-0.0796,0.0553,-0.0007,0.1606,-0.2247,0.0582,-0.0671,-0.062,-0.0079,-0.2961,-0.1007,-0.2458,-0.0542,-0.0711,1.0,-0.4223,-0.1747,0.2841,-0.1785,0.098,-0.1349,0.0719,0.1288,-0.2089,0.079,0.1258,0.2632,-0.1856,-0.1791,-0.0498,-0.2852,0.0977,0.2232,0.0838,-0.2452,0.0099,-0.147,0.328,-0.0676,-0.0918,0.2806,-0.2162,-0.0407,-0.0489,-0.0418,-0.1292,0.1313,0.0149,-0.0349,-0.0167,-0.0167,-0.0426,-0.0492,-0.037,-0.1538,0.2184,-0.0136,-0.0216,-0.0096,-0.0391,-0.0508,-0.126,0.1486,0.4697,-0.1619,0.0392,0.1889,-0.0117,-0.3983,0.3994,-0.3861,-0.339,0.1438,0.4238,0.023,0.0234,-0.1337,-0.0812,-0.0648,0.0364,-0.0079,0.0087,-0.1014,-0.076,0.0223,0.0902,-0.13,0.1068,0.0393,-0.1346,0.0638,0.0673,-0.0259,0.0186,0.0565,-0.0267,0.0223,-0.1033,-0.014,-0.0744,0.0629,-0.031,0.0015,0.106,-0.0341,-0.0715,-0.0901,-0.0305,0.1064,-0.0354,-0.0674,-0.0769,0.1148,-0.0339,-0.0866,-0.0932,0.0585,-0.0291,-0.0299,0.0411,-0.0391,-0.0251,0.0468,0.0025,-0.0252,0.0327,-0.0201,0.0434,0.028,0.0446,0.0253,-0.0595,0.1026,0.0044,-0.0097,-0.0961,-0.0378,-0.0079,-0.0056,-0.0119,-0.0521,-0.0672,-0.0969,-0.0443,-0.0296,-0.0004,-0.1133,-0.0399,-0.0014,-0.0417,-0.0796,-0.2232,-0.2089,-0.0108,-0.0096,-0.0405,-0.0111,-0.0136
card_out_run,-0.0706,-0.0656,0.0652,0.0466,-0.0538,-0.0354,-0.02,-0.0209,0.0154,0.0714,-0.021,0.0059,-0.009,-0.1133,-0.0384,0.0366,-0.012,0.2881,0.1765,0.2509,0.2331,0.1845,0.0013,0.0959,-0.1008,0.2046,0.2673,-0.0076,0.1368,-0.0094,-0.0118,-0.1116,-0.0094,0.0197,-0.026,0.0923,-0.0126,0.0182,-0.0282,0.0057,-0.0054,0.0,-0.0816,0.015,0.0267,-0.0106,-0.0185,-0.0072,-0.037,0.0057,-0.0271,0.0446,-0.0655,-0.081,-0.0508,0.1736,0.1585,0.0491,0.1115,0.0514,-0.1455,-0.0323,0.0034,0.0888,-0.0176,0.0637,0.0683,-0.1291,-0.0191,-0.0111,0.0803,-0.0377,0.0642,-0.0224,0.0122,0.0359,0.0779,0.1287,0.0242,0.145,-0.0034,-0.0058,0.0216,0.0084,-0.1956,0.1928,-0.0031,0.1098,0.1962,0.0084,0.0552,-0.3234,-0.0041,0.2638,-0.303,0.0197,-0.0254,0.0158,0.02,0.0,-0.0175,-0.0492,0.0368,0.1229,-0.143,0.019,-0.0272,-0.2413,-0.0742,0.16,0.0097,-0.1609,-0.0337,-0.0782,0.0551,0.0201,-0.0566,-0.0924,0.093,-0.0826,0.0233,-0.2052,0.2925,-0.0382,-0.202,-0.1865,-0.0235,-0.2064,0.0,0.806,-0.1628,-0.2144,-0.4223,1.0,0.5338,-0.9437,0.5529,-0.0329,0.0639,-0.0427,-0.0364,0.0772,-0.0066,-0.2629,-0.0312,-0.1359,-0.1334,0.0075,-0.2111,-0.1285,0.0,-0.2345,0.539,-0.0275,-0.0392,-0.4444,0.1124,-0.2485,-0.3379,0.5396,0.1003,-0.1468,-0.1256,0.1599,0.0488,-0.0319,-0.1045,-0.05,-0.05,-0.1279,0.03,-0.0182,-0.1536,0.3408,-0.0125,-0.0107,-0.0288,-0.0836,-0.1526,-0.3317,0.3877,-0.655,0.2935,-0.0754,-0.2649,0.0194,0.8755,-0.8759,0.8448,0.3224,-0.053,-0.7438,-0.0111,-0.0149,0.2317,0.1759,0.0642,-0.0078,0.0694,-0.0511,0.2426,0.2457,0.0259,-0.1306,0.2763,-0.1531,-0.0496,0.2714,-0.0901,-0.088,0.0778,-0.0415,-0.0544,0.0687,-0.0278,0.191,0.0384,0.1852,-0.0607,0.0314,0.0004,-0.1007,-0.0344,0.156,0.0959,-0.0443,-0.1018,-0.0219,0.1523,0.1487,-0.1587,-0.036,0.2177,0.1392,-0.1348,-0.0465,-0.0438,0.018,-0.0143,0.085,-0.0268,0.0291,-0.0175,-0.0234,-0.0114,-0.0207,0.0049,-0.0485,-0.031,0.0081,-0.1264,0.0359,0.0101,0.1139,0.0827,0.0,0.0,0.0053,0.0888,0.0803,0.1691,0.0622,0.0729,0.02,0.2389,0.0,0.02,0.019,0.093,0.0,0.0772,0.0101,0.0097,0.0976,0.0255,0.0361
card_out_side=down,-0.0396,-0.0394,0.0421,0.0247,-0.0227,-0.0039,-0.0306,0.0018,-0.0022,0.0192,-0.0263,0.0138,0.4749,-0.0243,-0.034,0.006,-0.0154,0.1404,0.0977,0.1079,0.1077,0.0723,-0.0225,0.0403,-0.0489,0.1549,0.1867,-0.4817,0.1611,-0.4021,-0.0993,-0.0525,-0.2283,-0.0237,-0.194,0.0612,-0.0173,-0.002,0.005,-0.0122,0.0124,-0.01,-0.0252,-0.0042,0.0035,0.4679,-0.001,-0.0237,-0.0017,0.0029,-0.0113,0.0111,-0.0388,-0.0409,-0.0331,0.114,0.0965,-0.0077,0.0806,0.0498,-0.1051,0.1735,0.0082,0.0442,-0.201,0.0326,0.0541,-0.0945,0.0966,0.0016,0.0351,-0.1223,0.0325,-0.117,0.1406,0.0306,0.0493,0.0905,-0.0259,0.0773,0.451,-0.4616,-0.1967,0.1745,-0.1246,0.129,0.0184,0.0574,0.1589,-0.4751,0.0309,-0.1663,-0.1843,0.1289,-0.2761,0.0237,-0.0069,0.0092,0.0292,-0.01,-0.023,-0.0334,0.021,0.0436,-0.0592,-0.0161,0.0175,-0.127,-0.0115,0.1087,0.0016,-0.1089,-0.0079,-0.04,0.0216,-0.0069,-0.0097,-0.0678,0.0433,-0.0472,0.0193,-0.0863,0.172,-0.0165,-0.0852,-0.0788,-0.01,-0.1924,-0.128,0.5161,-0.0688,-0.0904,-0.1747,0.5338,1.0,-0.615,-0.2269,0.0383,-0.092,0.0782,0.1606,-0.2248,0.063,-0.1249,0.0001,-0.0336,-0.2053,-0.0325,-0.1853,-0.0621,0.2836,-0.0613,0.0464,-0.0189,-0.0815,0.0186,0.03,-0.0917,-0.0009,0.0343,0.0288,-0.0621,-0.0532,-0.048,0.0838,-0.0137,-0.0443,-0.0212,-0.0212,-0.0541,-0.0044,-0.0353,-0.105,0.1711,-0.0173,-0.0073,-0.0122,-0.0385,-0.0646,-0.1219,0.1484,-0.2456,0.3438,-0.0194,-0.1409,-0.7475,0.5087,-0.5102,0.495,0.1844,-0.0465,-0.2489,-0.0347,-0.4519,0.1242,0.1089,0.0328,-0.007,0.0136,-0.0833,0.1491,0.1678,0.0028,-0.0804,0.1621,-0.0864,-0.0448,0.1538,-0.0478,-0.0561,0.0727,-0.0196,-0.0277,0.0658,-0.0335,0.1742,0.0759,0.115,-0.0113,0.0,-0.2848,-0.0788,-0.0032,0.0912,0.07,-0.0208,-0.08,0.0256,0.0766,0.1415,-0.1241,-0.0058,0.1546,0.1124,-0.0938,-0.013,-0.0236,-0.0094,0.0212,0.0829,-0.0268,0.0108,-0.0102,-0.0317,-0.0152,0.0125,0.0233,0.0159,0.0199,-0.0071,-0.0812,0.0115,0.0028,0.0531,0.028,-0.01,-0.0071,-0.0057,0.0442,0.0351,0.1039,-0.0016,0.0127,0.0292,0.1271,-0.0507,0.0277,-0.0167,0.0433,-0.2836,-0.2248,0.0009,-0.0122,0.0438,-0.0141,-0.0014
card_out_side=nan,0.0454,0.0426,-0.0363,-0.0466,0.0291,0.0297,0.0255,-0.0025,-0.0051,-0.0302,0.0267,-0.0005,0.0076,0.0535,0.0477,-0.0175,0.0153,-0.1935,-0.1081,-0.1784,-0.1683,-0.1314,0.0052,-0.0786,0.0626,-0.1641,-0.2415,-0.0011,-0.1629,-0.0022,0.012,0.0764,0.0144,-0.0204,0.0257,-0.0656,0.0102,-0.0006,-0.0115,0.0206,0.0044,0.0162,0.0371,0.0016,0.012,0.0104,-0.0295,-0.0243,-0.0104,0.0055,0.0024,-0.0205,0.0378,0.0376,0.0342,-0.1308,-0.1095,-0.0101,-0.0704,-0.0347,0.0881,0.0219,-0.0001,-0.0485,0.0061,-0.0327,-0.0594,0.0965,0.0119,0.012,-0.0593,0.0299,-0.0458,0.0157,-0.0107,-0.0422,-0.01,-0.0853,0.0127,-0.0713,0.0018,0.0115,0.0072,0.0216,0.135,-0.1399,-0.0073,-0.0409,-0.1974,-0.0073,-0.0716,0.2289,-0.0076,-0.2182,0.4896,-0.024,0.0188,0.0005,-0.0162,0.0162,0.0038,0.0581,-0.0624,-0.0591,0.0912,0.0468,-0.0558,0.2202,0.0076,-0.1289,-0.0021,0.1291,0.0116,0.0389,-0.0219,0.0005,0.0172,0.0848,-0.0376,0.052,-0.0289,0.2082,-0.3122,0.0282,0.1386,0.1281,0.0162,0.3373,0.2082,-0.865,0.1119,0.147,0.2841,-0.9437,-0.615,1.0,-0.6284,-0.0956,0.1423,-0.0838,-0.1601,0.3625,-0.2001,0.1857,0.0303,0.1953,0.2204,0.0325,0.3314,0.1316,-0.4612,0.1383,-0.0795,0.0325,0.16,-0.0458,-0.0554,0.1617,-0.0008,-0.0481,-0.066,0.101,0.0865,0.1053,-0.1624,0.0299,0.072,0.0345,0.0345,0.088,-0.0161,0.0483,0.1957,-0.2961,0.0028,-0.0036,0.0199,0.0496,0.105,0.21,-0.2424,0.3913,-0.5699,0.0775,0.2652,-0.0152,-0.866,0.866,-0.8355,-0.3434,0.086,0.3802,0.0141,0.0124,-0.1542,-0.128,-0.0117,0.0009,-0.0459,0.093,-0.1805,-0.2052,-0.0276,0.0936,-0.215,0.1093,0.0369,-0.21,0.0512,0.0586,-0.0697,0.0315,0.0215,-0.0621,0.0218,-0.2202,-0.1094,-0.1361,0.0001,0.0014,0.0033,0.102,-0.0037,-0.1119,-0.0867,0.0073,0.1033,-0.0231,-0.1035,-0.1266,0.1536,-0.0007,-0.1823,-0.1359,0.1167,0.0093,0.0054,0.02,-0.0316,-0.0971,0.0312,-0.0251,0.0306,0.0071,0.0201,-0.0333,-0.0409,-0.0011,-0.0039,0.0468,0.0666,-0.0234,-0.0116,-0.0612,-0.0397,0.0162,0.0115,0.0054,-0.0485,-0.0593,-0.1297,-0.009,-0.0182,-0.0162,-0.089,0.0825,-0.014,0.0476,-0.0376,0.4612,0.3625,-0.0084,0.002,-0.075,-0.0081,-0.0226
card_out_side=up,-0.0171,-0.0138,0.0032,0.0331,-0.0135,-0.0329,-0.0012,0.0014,0.0085,0.0183,-0.007,-0.0129,-0.4779,-0.0421,-0.0254,0.0157,-0.0037,0.1005,0.0372,0.114,0.1016,0.0909,0.0157,0.0573,-0.0291,0.0499,0.1141,0.4765,0.0422,0.3993,0.0831,-0.0425,0.2074,0.0486,0.1575,0.0208,0.0045,0.0027,0.0093,-0.0135,-0.0177,-0.0102,-0.021,0.0023,-0.0182,-0.4744,0.0373,0.0534,0.0145,-0.0096,0.0081,0.0144,-0.0083,-0.006,-0.0095,0.0494,0.0403,0.02,0.0077,-0.0062,-0.0059,-0.1981,-0.008,0.0163,0.1908,0.0084,0.0204,-0.0267,-0.11,-0.0164,0.0386,0.0837,0.0248,0.0922,-0.121,0.0223,-0.0363,0.0162,0.0099,0.012,-0.4471,0.4413,0.185,-0.1988,-0.0438,0.0455,-0.009,-0.0061,0.087,0.4777,0.0579,-0.1186,0.1912,0.1439,-0.331,0.0063,-0.0164,-0.0096,-0.0088,-0.0102,0.0181,-0.0388,0.0563,0.03,-0.0542,-0.0419,0.0517,-0.1453,0.0019,0.052,0.001,-0.052,-0.0065,-0.0086,0.0058,0.0062,-0.0116,-0.0385,0.0038,-0.0177,0.0166,-0.1531,0.1875,-0.0159,-0.0871,-0.0805,-0.0102,-0.2267,-0.1308,0.5593,-0.0703,-0.0924,-0.1785,0.5529,-0.2269,-0.6284,1.0,0.0803,-0.0849,0.0264,0.0393,-0.226,0.1849,-0.1061,-0.0347,-0.208,-0.0697,-0.0081,-0.2265,-0.0893,0.2898,-0.0978,0.0524,-0.0215,-0.1172,0.0383,0.0387,-0.1093,0.0018,0.0255,0.0531,-0.0635,-0.0543,-0.0827,0.1179,-0.0234,-0.0453,-0.0217,-0.0217,-0.0553,0.0243,-0.0249,-0.1381,0.197,0.0136,0.0117,-0.0125,-0.0233,-0.066,-0.1391,0.153,-0.2411,0.3647,-0.0695,-0.1644,0.7563,0.4888,-0.4873,0.4674,0.211,-0.0533,-0.2241,0.0168,0.4307,0.068,0.0507,-0.0179,0.0058,0.0433,-0.0327,0.0764,0.0884,0.0314,-0.0363,0.1056,-0.0498,-0.0015,0.1076,-0.016,-0.017,0.0144,-0.0197,0.0008,0.0119,0.0062,0.1001,0.0602,0.0547,0.011,-0.0017,0.2769,-0.0482,0.0077,0.0482,0.038,0.0114,-0.0487,0.0033,0.0522,0.0168,-0.0672,0.0067,0.0727,0.057,-0.0516,0.0013,0.0166,-0.0154,0.0181,0.0381,-0.0122,0.0204,-0.0278,0.0225,-0.0098,0.0289,0.0275,-0.0143,-0.0148,-0.0507,-0.0022,0.0176,0.0117,0.0232,0.0214,-0.0102,-0.0072,-0.001,0.0163,0.0386,0.0578,0.0126,0.01,-0.0088,-0.0155,-0.0518,-0.01,-0.0424,0.0038,-0.2898,-0.226,0.0095,0.0096,0.0494,0.0239,0.0293
card_last_hunt_dir=down,0.0616,0.061,-0.0235,-0.0569,-0.0219,0.0109,0.0121,0.0232,0.0491,0.0214,0.0026,-0.0116,-0.0707,-0.0383,-0.0089,-0.0125,0.0526,-0.0358,0.0063,-0.0585,-0.077,-0.092,-0.0825,-0.0544,-0.0069,0.0012,-0.0351,0.0637,0.0003,0.0663,0.0258,0.0533,0.0278,0.0234,-0.0,-0.0567,0.0467,0.0482,-0.0289,0.0218,0.0274,-0.0097,-0.0283,0.0439,-0.0541,-0.0707,0.0562,-0.0233,0.0488,0.0045,0.0376,-0.0435,0.0448,0.0543,0.0248,0.012,0.0277,-0.0338,0.0252,0.0242,-0.0142,-0.0344,-0.0052,-0.0141,0.0435,-0.011,-0.002,0.0108,-0.0125,0.0031,-0.0301,0.0341,0.0156,0.0395,-0.057,0.0116,0.0018,0.0062,-0.015,-0.0253,-0.0695,0.06,0.0114,-0.025,-0.0241,-0.006,0.0205,-0.0046,-0.007,0.0705,0.0058,0.0197,0.0363,-0.0313,-0.0942,0.0226,0.0291,-0.0086,0.0013,-0.0097,-0.0015,-0.0284,0.0272,-0.0155,0.0245,-0.0079,0.0034,0.0074,0.0889,0.0295,0.0024,-0.0297,-0.0261,0.052,-0.0489,-0.0327,0.0767,0.0022,-0.0302,-0.0024,0.0255,0.3265,-0.0029,0.0458,0.0494,-0.0254,-0.0097,-0.1355,-0.1243,0.0872,0.0784,0.0534,0.098,-0.0329,0.0383,-0.0956,0.0803,1.0,-0.6391,-0.204,0.2085,-0.3006,0.0904,0.0362,0.146,-0.0956,-0.071,-0.0076,-0.1346,0.2425,0.2755,0.0522,-0.1112,-0.0083,-0.0966,0.1735,0.0627,0.0318,0.0921,-0.151,-0.0065,0.0451,-0.025,-0.1193,0.093,-0.0029,0.0207,0.0058,-0.0206,-0.0107,-0.0152,-0.0037,-0.0759,0.0497,-0.0006,-0.0164,0.011,0.0257,0.0212,0.051,-0.059,0.1544,0.0365,0.0353,0.0794,0.0249,-0.0312,0.0328,-0.0276,-0.0789,0.0156,0.2021,0.053,0.0616,-0.0245,0.0196,-0.095,-0.0132,0.0027,-0.0102,-0.0365,-0.0163,0.0394,0.0178,-0.0358,0.0294,0.0035,-0.0324,0.0138,0.0051,0.0025,-0.012,0.0175,0.0032,-0.0183,-0.0293,0.0052,0.0097,0.0392,-0.0859,0.0431,0.0555,-0.0369,-0.0066,-0.0334,-0.0322,0.0546,-0.031,-0.0042,-0.0102,0.0394,-0.0305,-0.003,-0.0235,0.0249,-0.0307,-0.0319,0.0268,-0.0285,-0.0003,0.0358,-0.0261,-0.0153,0.0018,0.0007,0.0643,0.0717,0.066,0.0617,-0.0399,0.0032,0.0134,-0.0266,-0.0251,0.0153,-0.0097,-0.0069,-0.0296,-0.0141,-0.0301,-0.0198,0.0121,0.0125,0.0013,-0.0739,-0.0493,0.0,-0.0085,-0.0302,-0.2755,-0.3006,-0.0275,-0.0119,0.0212,-0.0137,-0.0168
card_last_hunt_dir=nan,-0.1142,-0.1141,0.0535,0.0973,0.0204,-0.0002,-0.0668,-0.042,-0.0478,-0.0069,-0.0101,0.034,0.0016,0.0377,0.0156,0.0273,-0.015,0.0453,-0.0276,0.1042,0.106,0.1342,0.0924,0.0834,0.0048,-0.0464,0.0411,-0.008,-0.0386,-0.018,-0.0406,-0.0711,-0.0348,0.0011,0.0017,0.0624,-0.023,-0.0355,0.0126,-0.0071,-0.0135,0.0152,0.0021,-0.0306,0.0635,0.0026,-0.0805,-0.0153,-0.0828,0.0031,-0.0789,0.0403,-0.1117,-0.125,-0.0778,-0.0424,-0.0576,0.0708,-0.0616,-0.058,0.0299,0.0063,0.007,0.0374,-0.029,0.0031,-0.021,0.017,0.001,-0.013,0.0545,-0.0391,-0.0078,-0.0233,-0.021,-0.0377,-0.0313,-0.0401,0.0409,-0.0001,0.008,0.0012,0.0228,0.0191,0.0453,-0.0307,-0.0166,-0.0177,0.0048,-0.0013,0.0163,-0.035,0.007,0.0405,0.1573,-0.0391,-0.0338,0.0312,-0.0047,0.0152,-0.012,0.0432,-0.0138,0.0431,-0.0464,0.0057,-0.0141,-0.0167,-0.1198,-0.0513,-0.0043,0.0516,0.0393,-0.1279,0.1163,0.0813,-0.1395,0.0122,0.0578,-0.0094,-0.0333,-0.5263,0.0175,-0.0649,-0.1117,0.0613,-0.0296,0.1885,0.1945,-0.1199,-0.0845,-0.1063,-0.1349,0.0639,-0.092,0.1423,-0.0849,-0.6391,1.0,-0.6225,-0.2206,0.4828,-0.259,-0.0397,-0.2005,0.1059,0.1265,0.0423,0.1787,-0.3897,-0.431,-0.0653,0.1608,0.0275,0.1386,-0.2553,-0.1211,-0.0751,-0.1192,0.2399,-0.0089,-0.0815,0.0468,0.1731,-0.1404,0.0225,-0.0345,-0.0523,-0.0312,0.0446,0.0404,0.0332,0.1068,-0.0616,-0.0125,0.0253,-0.0363,-0.0473,-0.0572,-0.0899,0.1157,-0.2362,-0.0418,-0.0071,-0.13,0.0164,0.0644,-0.066,0.063,0.1219,-0.0308,-0.3024,-0.015,-0.0,0.0247,-0.046,0.1393,0.0217,-0.0009,0.0289,0.0121,-0.0232,-0.0481,-0.0282,0.0192,-0.0128,-0.0174,0.0222,0.0034,-0.0089,-0.0365,0.0322,-0.0381,-0.0339,0.0164,0.0169,-0.0172,-0.0385,-0.0671,0.0964,-0.0163,-0.0323,0.0203,0.0074,0.0168,0.0164,-0.03,0.0129,0.0058,0.0093,-0.0073,0.0161,-0.0144,-0.0031,0.0057,0.0143,0.0187,-0.0119,0.0104,-0.0045,-0.0245,0.0255,0.0119,-0.0036,-0.0123,-0.1206,-0.1177,-0.1157,-0.0914,0.0315,0.0024,-0.0525,0.0089,0.0669,-0.0025,0.0152,0.0107,0.0097,0.0374,0.0545,0.0177,0.0065,0.006,-0.0047,0.0914,0.0771,-0.0027,0.0066,0.0578,0.431,0.4828,0.0113,0.0186,-0.0219,0.0215,0.0263
card_last_hunt_dir=up,0.0827,0.0831,-0.0442,-0.0661,-0.0037,-0.0108,0.0727,0.0299,0.0109,-0.013,0.0103,-0.0314,0.0698,-0.009,-0.0108,-0.022,-0.0345,-0.0213,0.0288,-0.0732,-0.0565,-0.0771,-0.0336,-0.0508,0.0009,0.0579,-0.0165,-0.0546,0.0488,-0.0445,0.0255,0.0362,0.016,-0.0253,-0.0022,-0.0218,-0.0183,-0.0039,0.0133,-0.0132,-0.0107,-0.0095,0.0262,-0.0058,-0.0258,0.0686,0.0453,0.0432,0.0558,-0.0086,0.0621,-0.0071,0.0965,0.1038,0.0738,0.0417,0.0451,-0.0558,0.0527,0.0492,-0.0235,0.0271,-0.0037,-0.0333,-0.0074,0.0072,0.0287,-0.0324,0.0114,0.0134,-0.0388,0.0151,-0.006,-0.011,0.0854,0.036,0.0379,0.0445,-0.0368,0.0259,0.0606,-0.0626,-0.0405,0.0011,-0.0331,0.0452,0.0003,0.0271,0.0011,-0.07,-0.0266,0.0244,-0.0459,-0.0194,-0.104,0.0268,0.0134,-0.0309,0.0047,-0.0095,0.0168,-0.026,-0.0101,-0.0391,0.0342,0.0008,0.0145,0.0138,0.0621,0.0353,0.0031,-0.0355,-0.0235,0.1099,-0.0984,-0.0702,0.0995,-0.0177,-0.0428,0.0144,0.0164,0.296,-0.0179,0.0308,0.0918,-0.0522,0.0476,-0.1021,-0.1211,0.0639,0.0278,0.081,0.0719,-0.0427,0.0782,-0.0838,0.0264,-0.204,-0.6225,1.0,0.0686,-0.3087,0.2377,0.0137,0.0908,-0.0375,-0.0888,-0.0462,-0.0904,0.2183,0.2683,0.0249,-0.0915,-0.0266,-0.0781,0.1484,0.0903,0.0632,0.058,-0.1517,0.0179,0.0578,-0.0341,-0.0989,0.0841,-0.0257,0.0229,0.0606,0.0606,-0.0459,-0.036,-0.0384,-0.0587,0.0278,0.0166,-0.0155,0.035,0.034,0.0512,0.0626,-0.0873,0.1436,0.0162,-0.0274,0.0744,-0.0449,-0.0452,0.0454,-0.0471,-0.0652,0.02,0.1793,-0.035,-0.0628,-0.0065,0.0385,-0.0806,-0.0142,-0.0015,-0.0264,0.0216,0.0461,0.0212,0.0178,0.012,-0.0136,0.0186,0.0047,-0.0183,0.0061,0.0439,-0.0288,0.0307,0.0399,-0.0022,0.0082,0.0166,0.0391,0.0455,-0.0353,-0.0231,-0.0154,0.0117,-0.0027,0.0127,0.0119,-0.0174,0.0152,-0.0031,-0.0014,-0.0308,0.0105,0.0214,0.0278,-0.0327,0.013,0.0087,-0.0121,0.0158,0.0059,-0.0052,-0.0059,0.0005,0.0027,0.015,0.0881,0.0768,0.0801,0.0534,0.0006,-0.0062,0.0532,0.0158,-0.0596,-0.0124,-0.0095,-0.0067,0.0177,-0.0333,-0.0388,-0.0024,-0.0205,-0.0204,0.0047,-0.0411,-0.048,0.0034,0.0003,-0.0428,-0.2683,-0.3087,0.0136,-0.0116,0.0063,-0.0134,-0.0164
card_last_reject_dir=down,0.018,0.0159,-0.0255,-0.0111,0.0143,-0.0028,0.0036,0.0225,-0.0262,0.0027,0.0203,-0.0116,-0.1429,-0.0227,-0.0001,-0.0148,-0.0124,-0.0279,0.0082,-0.0476,-0.0432,-0.0595,-0.0366,-0.0249,0.0202,-0.001,-0.0175,0.1044,0.0163,0.1201,0.0277,0.0277,0.0471,-0.032,0.0442,-0.0378,-0.0004,0.0096,-0.0065,-0.0192,0.037,-0.015,0.029,0.0088,-0.0411,-0.1448,0.0436,-0.0042,0.0545,-0.0081,0.0301,0.0008,0.0227,0.0328,0.015,-0.0015,-0.0147,-0.0201,0.0111,0.0026,0.0093,-0.0646,-0.0122,-0.0101,0.0727,-0.0232,-0.0138,0.0141,-0.0197,-0.0138,-0.0227,0.0382,0.0052,0.025,-0.0381,0.025,-0.0065,-0.0006,-0.0207,-0.031,-0.1318,0.1344,0.0613,-0.0505,-0.0016,-0.0154,0.0022,-0.0241,-0.0054,0.1426,0.0064,0.0363,0.0338,-0.0324,-0.1513,0.0084,0.0001,-0.0467,0.0156,-0.015,0.0253,-0.0262,0.0272,-0.0348,0.0467,-0.0395,0.0339,0.0053,0.0758,0.0106,0.0048,-0.011,-0.0248,0.0295,-0.023,-0.0111,0.0405,0.0083,-0.0231,0.0014,0.0159,0.0918,0.0487,0.0539,0.0819,0.0579,-0.015,-0.2178,-0.1918,0.1438,0.0802,0.063,0.1288,-0.0364,0.1606,-0.1601,0.0393,0.2085,-0.2206,0.0686,1.0,-0.4929,-0.5063,0.0379,0.0695,-0.1855,-0.0817,-0.0299,-0.2116,0.0336,0.425,0.0278,-0.1897,-0.031,-0.1339,0.2805,-0.0328,0.0337,0.1669,-0.1927,-0.0028,0.0394,0.0315,-0.18,0.1377,-0.0233,0.0718,0.0319,-0.0105,0.0492,-0.0242,-0.0272,-0.0991,0.0453,0.013,0.0001,0.0,0.026,0.0345,0.0589,-0.0747,0.231,0.083,-0.0063,0.055,-0.051,-0.0273,0.0266,-0.0231,-0.0072,0.0034,0.2597,-0.0081,0.1193,-0.0318,-0.0064,-0.06,0.0071,-0.0492,-0.0212,-0.0205,0.0023,0.0248,0.0124,-0.0269,0.0199,0.0072,-0.0275,0.0274,0.0118,-0.0079,0.0119,0.0212,-0.0071,0.0153,0.0071,0.0095,-0.0017,0.0457,-0.0477,0.0658,0.0274,-0.0091,-0.0208,-0.0234,-0.0039,0.0265,-0.0056,-0.019,-0.034,0.0164,-0.0073,-0.0022,-0.0144,-0.0102,-0.0072,-0.0044,0.0056,-0.0024,0.0063,-0.0135,0.0004,-0.0174,0.0161,-0.0006,0.0619,0.0612,0.0372,0.0403,-0.0551,0.0176,0.0159,0.0001,-0.0314,0.0021,-0.015,-0.0106,0.0019,-0.0101,-0.0227,-0.0288,-0.0062,0.0023,0.0156,-0.0689,-0.076,0.0136,-0.0403,-0.0231,-0.425,-0.4929,-0.0026,-0.0183,0.0167,-0.0212,-0.0129
card_last_reject_dir=nan,-0.06,-0.0592,0.0366,0.0282,-0.0091,0.0058,-0.0157,-0.0494,0.0009,0.031,-0.0001,0.0086,-0.0018,0.0437,-0.0066,0.0097,0.0117,0.0416,-0.0096,0.0807,0.0704,0.0803,0.0369,0.0287,-0.0318,-0.041,0.0107,-0.0046,-0.0548,-0.0082,0.0064,-0.0572,0.0132,-0.0138,0.0031,0.0461,0.0028,-0.0278,0.0011,0.0108,-0.0091,0.0304,-0.0381,-0.0276,0.0823,0.0001,-0.0947,-0.0354,-0.095,0.0156,-0.0818,0.0416,-0.0697,-0.1018,-0.0406,-0.0261,-0.0141,0.0533,-0.0195,-0.0151,-0.0088,-0.0062,0.0256,0.0266,-0.0132,0.007,-0.0238,-0.0025,-0.0109,0.0008,0.0347,-0.0146,-0.0016,-0.0025,0.0121,-0.0376,0.0281,-0.0078,0.047,0.0348,-0.0106,0.0149,0.0335,0.0266,0.0179,0.0002,-0.0097,-0.0017,-0.0075,0.0015,-0.0195,-0.0124,-0.0092,0.0357,0.3661,-0.0174,-0.0131,0.04,-0.0057,0.0304,-0.0246,0.0664,-0.0656,0.0235,-0.0468,0.0834,-0.06,0.0642,-0.1245,-0.0282,0.0052,0.0278,0.0296,-0.0985,0.0883,0.0532,-0.089,0.0121,0.0763,-0.016,-0.04,-0.313,-0.0282,-0.227,-0.1263,-0.0637,-0.0148,0.3835,0.3891,-0.3163,-0.0986,-0.1339,-0.2089,0.0772,-0.2248,0.3625,-0.226,-0.3006,0.4828,-0.3087,-0.4929,1.0,-0.5007,-0.0439,-0.1637,0.2041,0.2689,0.0801,0.365,-0.1768,-0.8621,-0.0747,0.3617,0.0363,0.2719,-0.5386,0.0172,-0.1359,-0.2839,0.3823,-0.0016,-0.092,-0.0273,0.3543,-0.2675,0.0256,-0.0656,-0.0314,-0.0314,-0.0591,0.0542,0.0705,0.1834,-0.0723,-0.0256,0.0255,-0.0181,-0.0599,-0.0956,-0.1713,0.2063,-0.4096,-0.2031,0.008,-0.1486,0.0185,0.0888,-0.0901,0.0892,0.1127,0.0,-0.4843,0.0119,0.0098,0.0349,-0.0163,0.1075,-0.0021,0.0164,0.0373,-0.0019,-0.0343,-0.0383,-0.0101,-0.0,-0.0195,-0.0056,0.0001,-0.0268,-0.0208,-0.0247,0.0152,-0.0367,-0.0226,-0.0123,-0.0207,-0.0413,-0.0171,-0.0866,0.0668,-0.0019,-0.0324,0.0035,0.0316,0.0231,0.0045,-0.0314,-0.0046,0.0293,0.014,-0.0038,0.0038,-0.0056,0.0013,0.0264,0.0028,0.0034,-0.003,-0.0047,-0.0164,-0.0036,0.0191,0.0262,-0.0045,0.0099,-0.1254,-0.1161,-0.0874,-0.0685,0.0716,-0.0393,-0.0208,0.0007,0.0709,0.0262,0.0304,0.0215,0.0184,0.0266,0.0347,0.0131,0.0398,0.0262,-0.0057,0.1395,0.1542,-0.0018,0.085,0.0763,0.8621,1.0,0.006,0.0372,-0.0067,0.027,0.0135
card_last_reject_dir=up,0.0416,0.0429,-0.0109,-0.0168,-0.0052,-0.003,0.012,0.0266,0.0251,-0.0334,-0.0201,0.0031,0.144,-0.0207,0.0067,0.0051,0.0008,-0.0135,0.0014,-0.0327,-0.0268,-0.0203,-0.0001,-0.0036,0.0114,0.0417,0.0068,-0.0992,0.0381,-0.1114,-0.0339,0.0291,-0.0599,0.0455,-0.047,-0.008,-0.0024,0.018,0.0054,0.0084,-0.0278,-0.0152,0.0089,0.0186,-0.0407,0.144,0.0505,0.0393,0.04,-0.0074,0.0512,-0.0421,0.0465,0.0683,0.0254,0.0273,0.0285,-0.0328,0.0083,0.0124,-0.0006,0.0704,-0.0133,-0.0163,-0.0592,0.0162,0.0372,-0.0115,0.0305,0.0129,-0.0118,-0.0235,-0.0037,-0.0226,0.0264,0.012,-0.0212,0.0083,-0.026,-0.0037,0.1417,-0.1486,-0.0942,0.0238,-0.0162,0.0151,0.0075,0.0256,0.0128,-0.1433,0.013,-0.0238,-0.0246,-0.0024,-0.2091,0.009,0.0129,0.0068,-0.0099,-0.0152,-0.0007,-0.0398,0.038,0.0114,-0.0,-0.0433,0.0257,-0.0676,0.048,0.0173,-0.0099,-0.0167,-0.0046,0.0683,-0.0646,-0.0417,0.048,-0.0201,-0.0526,0.0144,0.0238,0.0827,-0.0329,0.0726,0.0436,0.0056,0.0296,-0.1633,-0.1948,0.1704,0.018,0.0701,0.079,-0.0066,0.063,-0.2001,0.1849,0.0904,-0.259,0.2377,-0.5063,-0.5007,1.0,0.0058,0.0217,-0.0177,-0.1853,-0.0497,-0.1512,0.0649,0.4317,0.0138,-0.1698,-0.0051,-0.1363,0.2547,0.0155,0.1011,0.1154,-0.1872,0.0044,0.052,-0.0043,-0.172,0.1282,-0.0022,-0.0063,-0.0006,0.0416,0.0096,-0.0297,-0.0429,-0.0832,0.0266,0.0124,-0.0253,0.0179,0.0335,0.0605,0.1112,-0.1302,0.1762,0.1188,0.0018,0.0279,0.0406,-0.0222,0.0236,-0.0266,-0.0556,-0.0034,0.2216,-0.0038,-0.1284,-0.003,0.0225,-0.0468,-0.0049,0.0326,-0.0158,0.0223,0.0317,0.0134,-0.0023,0.0268,-0.0005,-0.0016,0.0273,-0.0006,0.0089,0.0324,-0.0269,0.0153,0.0294,-0.003,0.0135,0.0315,0.0186,0.0403,-0.0188,-0.0636,0.0049,0.0056,-0.0106,0.0004,-0.0005,0.0048,0.0101,-0.0101,0.02,-0.0126,0.0035,0.0077,0.013,-0.016,0.0044,0.001,-0.0026,0.007,0.01,0.017,-0.0193,-0.0086,-0.0116,-0.0092,0.0626,0.0541,0.0495,0.0278,-0.0161,0.0215,0.0048,-0.0008,-0.039,-0.0281,-0.0152,-0.0107,-0.0201,-0.0163,-0.0118,0.0156,-0.0333,-0.0283,-0.0099,-0.0697,-0.0772,-0.0118,-0.0441,-0.0526,-0.4317,-0.5007,-0.0034,-0.0186,-0.01,-0.0057,-0.0005
card_cluster_sit,0.1357,0.1283,-0.1399,-0.0545,0.0989,0.0871,0.058,0.0158,-0.0344,-0.1788,0.0478,-0.0211,-0.0148,0.1397,0.0743,-0.1034,0.0545,-0.6953,-0.3825,-0.648,-0.6168,-0.4976,-0.0181,-0.2977,0.2051,-0.2308,-0.5688,0.0157,-0.1729,0.0064,0.0253,0.2194,0.0278,0.0017,0.0549,-0.1528,0.0622,-0.0246,0.0975,-0.0568,0.0154,-0.0182,0.1594,-0.0111,-0.1136,-0.0139,0.1111,0.0809,0.124,-0.0077,0.1112,-0.0521,0.1605,0.2105,0.1175,-0.2095,-0.2288,-0.2627,-0.1712,-0.095,0.211,0.0498,0.0323,-0.189,0.0542,-0.0866,-0.0797,0.2236,0.0404,0.0204,-0.1871,0.0939,-0.0649,0.0078,0.001,-0.0171,-0.1683,-0.1519,-0.0962,-0.419,-0.0208,0.0072,-0.0941,-0.1127,0.3555,-0.3346,0.0419,-0.1371,-0.4754,0.0144,-0.2473,0.0519,0.0383,0.1118,0.1266,0.1389,0.0137,0.0146,0.0078,-0.0182,-0.018,-0.0853,0.1931,-0.0425,0.021,-0.1615,0.1741,-0.0478,0.149,-0.2832,0.0119,0.2825,-0.041,0.1861,-0.1297,-0.0276,0.1432,0.1969,-0.2038,0.1474,-0.0085,0.0272,0.2988,0.099,0.1843,0.1692,0.0032,-0.2211,0.0986,-0.1143,0.0999,0.1101,0.1258,-0.2629,-0.1249,0.1857,-0.1061,0.0362,-0.0397,0.0137,0.0379,-0.0439,0.0058,1.0,0.1321,-0.1433,-0.1288,-0.1122,-0.1925,0.0302,0.0159,0.2092,-0.05,0.0194,-0.0375,0.0662,-0.0501,-0.1116,0.1017,-0.0172,-0.0944,0.1217,0.1068,-0.1301,0.0258,0.0196,0.1044,0.0523,0.0523,0.1216,0.0148,-0.0859,-0.0579,0.0568,0.0179,0.0284,-0.0048,-0.0602,-0.0198,-0.1313,0.1354,0.0889,-0.025,-0.0195,0.5684,0.0137,-0.3119,0.3185,-0.3203,0.0715,-0.1694,0.1351,0.0544,0.0154,-0.4397,-0.2524,-0.1438,0.0669,-0.2175,0.1089,-0.4444,-0.434,-0.0213,0.3078,-0.6323,0.3164,0.1608,-0.6154,0.2063,0.1416,-0.0611,0.0358,0.1307,-0.052,0.0331,-0.4657,-0.1042,-0.2343,0.1651,-0.1311,0.021,0.16,0.0975,-0.3124,-0.1492,0.123,0.1581,0.0753,-0.3002,-0.272,0.2107,0.1108,-0.3795,-0.2031,0.2133,0.1348,0.1114,-0.085,0.054,-0.2157,0.0329,-0.0668,-0.038,0.0166,0.0135,0.1527,0.0751,0.0884,0.0556,-0.1384,0.2059,-0.074,-0.0108,-0.2319,-0.1527,-0.0182,-0.0129,-0.0057,-0.189,-0.1871,-0.26,-0.1506,-0.1324,0.0078,-0.0627,0.044,0.0055,-0.1623,-0.2038,-0.0159,-0.0439,-0.0137,-0.0223,-0.1178,-0.0258,-0.0316
card_last_leave_failed,0.101,0.0979,-0.0992,-0.066,0.0231,0.0534,0.0688,0.0066,-0.0007,-0.0524,0.0248,0.0031,-0.0146,-0.0444,-0.0255,-0.0471,-0.0059,-0.1312,-0.0111,-0.1982,-0.1838,-0.2043,-0.0947,-0.0781,0.0734,-0.0464,-0.1261,0.0097,0.0027,0.016,0.0311,0.1144,0.0435,-0.0335,0.0273,-0.1232,-0.0244,0.071,-0.0341,-0.0052,-0.0049,0.0,0.073,0.0733,-0.1396,-0.0147,0.1381,0.0376,0.1491,-0.0211,0.102,-0.0587,0.1158,0.1586,0.0759,-0.0256,-0.0418,-0.0664,0.0171,0.0095,0.0229,0.0188,0.0076,-0.0812,0.0253,-0.0084,-0.0125,0.0472,0.0156,0.0124,-0.1106,0.063,-0.048,-0.0041,0.0242,-0.0181,-0.0018,-0.0068,-0.0407,-0.0759,-0.0238,0.0317,-0.0131,-0.0127,0.0276,-0.0501,0.0531,-0.0394,-0.1089,0.0152,-0.0471,0.0349,-0.0141,-0.0102,0.1322,0.0716,-0.0319,-0.0916,-0.0033,0.0,0.0764,-0.0591,0.1621,0.0365,0.085,-0.1004,-0.0363,0.0773,0.2234,-0.0089,0.0016,0.0088,-0.0594,0.1678,-0.1589,-0.1162,0.1808,-0.028,-0.1518,0.0221,0.0846,0.3498,-0.0464,-0.0543,0.0625,-0.1873,0.0011,-0.3224,0.0,0.0518,0.0944,0.1189,0.2632,-0.0312,0.0001,0.0303,-0.0347,0.146,-0.2005,0.0908,0.0695,-0.1637,0.0217,0.1321,1.0,-0.2342,-0.1846,-0.1008,-0.3027,0.2014,0.0,0.2153,-0.0234,0.0075,-0.0904,0.069,0.0449,-0.1834,0.1298,-0.0578,-0.0153,0.0518,-0.1261,-0.0831,0.075,0.0074,0.0248,0.02,0.0083,-0.1284,-0.0639,-0.0691,-0.1719,0.2987,-0.0267,-0.0467,0.0115,-0.1078,-0.0749,-0.2287,0.277,0.0409,0.028,0.0024,0.1817,-0.0164,-0.0023,0.0095,-0.0066,-0.2475,-0.117,0.0365,-0.005,0.0248,-0.1246,-0.0468,-0.1361,0.0924,-0.0358,0.0271,-0.1175,-0.0787,0.0198,0.1055,-0.1281,0.0973,0.0551,-0.1372,0.0877,0.1091,-0.0551,0.0197,0.1086,-0.0602,0.0214,-0.1029,-0.0121,-0.0323,0.1358,-0.1769,0.0273,0.1093,-0.0397,-0.071,-0.08,-0.0271,0.1069,-0.0389,-0.0675,-0.0787,0.0982,-0.037,-0.0606,-0.068,0.0549,-0.028,-0.0302,0.04,-0.0372,-0.0161,0.065,-0.0478,-0.0143,0.0101,-0.0006,0.2446,0.2258,0.1902,0.1402,-0.0645,0.0856,-0.0088,0.023,-0.134,-0.0378,0.0,0.0,0.0146,-0.0812,-0.1106,-0.1059,-0.089,-0.0598,-0.0033,-0.0128,0.0,-0.0033,-0.1004,-0.1518,0.0,-0.1637,0.023,-0.0167,-0.0095,-0.0236,0.0016
card_leave_side=down,-0.0623,-0.0622,0.0958,0.0205,-0.0088,-0.014,-0.0433,-0.0129,0.0031,-0.008,-0.0255,0.0222,0.4584,0.0409,0.0302,0.0395,-0.0033,0.143,0.0721,0.1429,0.1375,0.1358,0.029,0.0717,-0.0384,0.0524,0.1217,-0.4266,0.0405,-0.3709,-0.0921,-0.0604,-0.2481,-0.0104,-0.189,0.0797,-0.012,-0.0251,-0.0155,0.0451,-0.0141,-0.0106,-0.0335,-0.0238,0.1383,0.4561,-0.1107,-0.0496,-0.1168,0.0162,-0.084,0.0044,-0.0845,-0.1056,-0.0556,0.0484,0.0601,0.0594,0.0622,0.0525,-0.089,0.179,0.0043,0.0377,-0.2022,0.0319,0.0342,-0.0885,0.098,-0.0017,0.0387,-0.1259,0.0298,-0.1497,0.1652,-0.0064,0.0737,0.0683,0.0122,0.1025,0.4362,-0.4266,-0.0913,0.1994,-0.0569,0.0534,-0.0638,0.05,0.0657,-0.4586,0.0584,-0.0352,-0.0184,-0.0431,0.0247,-0.0036,0.0393,0.0511,-0.0103,0.0159,-0.0427,0.0726,-0.0598,0.0158,-0.0349,0.0527,-0.0327,-0.0014,-0.1165,0.0205,0.0167,-0.0217,0.0515,-0.0925,0.0685,0.0166,-0.0662,-0.0309,0.0454,-0.0302,-0.0011,0.1156,-0.3093,-0.0426,-0.0905,-0.0837,-0.0106,0.6267,-0.136,-0.3318,-0.0731,-0.096,-0.1856,-0.1359,-0.0336,0.1953,-0.208,-0.0956,0.1059,-0.0375,-0.1855,0.2041,-0.0177,-0.1433,-0.2342,1.0,-0.2417,0.0815,0.6101,0.0909,-0.2385,-0.0987,0.0144,0.0206,0.2207,-0.1717,0.0232,0.2539,-0.1355,0.0137,-0.0136,-0.066,-0.0565,0.2952,-0.2131,0.0137,-0.0471,-0.0225,-0.0225,-0.0575,0.0886,0.0691,0.3011,-0.3916,0.0122,0.029,0.0303,0.0601,0.1485,0.2848,-0.3357,-0.012,-0.2186,-0.0191,-0.1742,-0.1303,-0.1437,0.1404,-0.147,-0.2032,0.1178,-0.0642,-0.0251,-0.4601,0.106,0.0501,0.0559,-0.0646,0.0592,0.0169,0.084,0.0553,0.004,-0.1099,0.1156,-0.0755,-0.0819,0.1225,-0.0926,-0.0566,-0.003,0.0005,-0.0678,0.0012,0.0043,0.0734,-0.0128,0.0457,-0.1133,0.1054,-0.3394,-0.0556,-0.0169,0.0779,0.0347,-0.0363,-0.054,0.0013,0.066,0.1036,-0.0523,-0.0135,0.0642,0.0339,-0.0086,-0.0193,-0.0396,0.0096,-0.0154,0.0136,-0.0019,0.0049,0.0619,-0.044,0.0183,-0.1338,-0.1197,-0.0316,-0.0071,0.1174,-0.0902,0.0129,-0.0097,0.0783,-0.0171,-0.0106,-0.0075,-0.0098,0.0377,0.0387,0.0722,0.0118,-0.0024,-0.0103,0.0319,-0.0539,-0.0082,0.052,0.0454,0.2385,0.2041,-0.0113,-0.013,-0.0519,-0.015,-0.0184
card_leave_side=up,-0.0059,-0.0035,0.0212,0.0001,-0.0256,-0.0061,-0.0236,-0.0012,0.0324,0.0292,0.0135,-0.0268,-0.4265,0.0551,-0.0051,0.0113,-0.025,0.0822,0.0101,0.1184,0.1184,0.1186,0.0545,0.0595,-0.043,-0.019,0.0311,0.3914,-0.0695,0.3542,0.1027,-0.0418,0.2475,-0.005,0.1917,0.0302,-0.0169,-0.0552,0.0256,-0.008,0.0226,-0.0102,-0.0152,-0.0562,0.1119,-0.4242,-0.1007,-0.0164,-0.1032,0.0091,-0.055,0.0272,-0.0215,-0.0522,-0.0071,-0.0036,0.0262,0.0561,0.0036,0.0243,-0.0054,-0.193,-0.0082,0.0136,0.1873,0.0132,-0.0191,-0.0217,-0.0989,0.0254,0.0312,0.0723,0.011,0.1352,-0.1148,-0.0009,0.0638,0.0095,0.0213,0.1297,-0.3936,0.4,0.1586,-0.1078,0.0066,0.0295,-0.0328,0.0023,0.047,0.4263,0.068,0.018,0.0005,-0.0336,0.043,-0.0684,-0.0081,0.0547,-0.0022,0.0168,-0.0379,0.15,-0.0617,0.0117,-0.0253,0.0497,-0.034,0.0249,-0.1177,-0.0041,-0.0162,0.0052,0.0595,-0.0351,0.0371,0.0321,-0.0334,-0.0151,0.0507,-0.0274,-0.008,0.0982,-0.2847,-0.0873,-0.0873,-0.0807,-0.0102,0.6046,-0.1312,-0.3201,-0.0705,-0.0926,-0.1791,-0.1334,-0.2053,0.2204,-0.0697,-0.071,0.1265,-0.0888,-0.0817,0.2689,-0.1853,-0.1288,-0.1846,-0.2417,1.0,0.1262,0.5756,0.0481,-0.2974,-0.1088,0.0934,0.0123,0.1717,-0.2096,0.0745,0.1264,-0.1507,0.0531,0.0263,-0.0636,-0.0545,0.2415,-0.1641,0.0011,-0.0454,-0.0217,-0.0217,-0.0555,0.1163,0.0851,0.3391,-0.3673,0.0448,0.061,0.0096,0.103,0.0618,0.2387,-0.2816,-0.0578,-0.2109,-0.0202,-0.1639,0.0999,-0.1526,0.1483,-0.1579,-0.1719,0.1634,-0.0915,-0.0061,0.4346,0.064,0.0158,0.0472,-0.0499,0.0206,0.0269,0.0671,0.0318,-0.0319,-0.0401,0.0755,-0.0695,-0.0139,0.0785,-0.0298,-0.0184,-0.0183,0.0168,-0.0158,-0.0205,0.0039,0.0257,-0.0155,0.0014,-0.0835,0.096,0.3146,-0.0547,0.0361,0.0159,0.0412,0.0441,-0.0511,0.0064,0.0247,-0.0415,-0.0224,0.0297,-0.0115,0.0161,-0.0136,0.0231,0.0517,-0.025,0.0249,0.0065,-0.0336,-0.0103,0.0038,-0.0139,0.0308,-0.145,-0.1311,-0.0554,-0.0305,0.0936,-0.0524,0.0222,-0.0182,0.044,0.0109,-0.0102,-0.0072,0.0051,0.0136,0.0312,0.0085,0.0471,0.0096,-0.0022,-0.0285,-0.0358,-0.0001,0.0491,0.0507,0.2974,0.2689,-0.0098,-0.0125,-0.0022,-0.0145,-0.0177
card_leave_kind=gap,-0.2203,-0.2061,0.0275,-0.0526,-0.0569,-0.06,-0.0612,-0.0633,-0.0333,0.5455,-0.015,-0.0188,-0.0143,0.0494,-0.1669,0.0241,-0.0051,0.1593,0.1225,0.1499,0.1362,-0.0487,-0.2015,-0.1581,-0.2166,0.1515,0.1314,0.004,0.0262,-0.0006,0.0147,-0.217,0.0172,0.012,0.0,0.1346,-0.0042,-0.0334,0.0038,-0.0049,-0.0147,-0.0028,-0.3733,-0.0688,0.0652,-0.0177,-0.0565,-0.0171,-0.0535,0.0164,-0.0448,0.0265,-0.2183,-0.2102,-0.2128,-0.0169,-0.0047,0.0607,-0.0466,-0.0925,-0.0415,-0.1111,-0.0105,0.3845,-0.109,0.0013,0.0046,-0.0318,-0.1102,-0.0093,0.3047,-0.1118,0.0189,0.0,0.0,0.0362,0.0109,-0.0213,0.0538,0.1695,-0.0093,0.0142,0.0346,0.0141,-0.1131,0.1841,-0.0243,0.1158,0.1559,0.0142,-0.0382,-0.0386,0.013,-0.0537,0.0427,-0.0311,-0.0093,0.0563,0.0801,-0.0028,-0.0907,0.0533,-0.1265,-0.0358,-0.0451,0.1229,-0.0254,-0.0286,-0.0905,0.0505,-0.0045,-0.0502,0.1268,-0.202,0.1865,0.1294,-0.1585,-0.0167,0.3378,-0.1604,-0.0784,0.0221,-0.0694,-0.0128,-0.0243,-0.0225,-0.0028,0.1683,-0.0365,-0.0891,-0.0196,-0.0258,-0.0498,0.0075,-0.0325,0.0325,-0.0081,-0.0076,0.0423,-0.0462,-0.0299,0.0801,-0.0497,-0.1122,-0.1008,0.0815,0.1262,1.0,-0.1034,0.0198,-0.0847,-0.085,0.1157,-0.0232,-0.0185,-0.0883,-0.0313,-0.0187,-0.1027,0.0584,0.346,-0.0177,-0.0152,-0.0085,0.0276,-0.0224,-0.0126,-0.006,-0.006,-0.0154,-0.0048,0.7433,-0.0462,-0.1114,-0.0049,0.0215,-0.0035,0.1652,-0.0184,0.0102,-0.0545,-0.0476,-0.0587,0.0274,-0.1018,0.0277,0.027,-0.0259,0.0279,0.0544,0.0671,-0.042,-0.0023,0.0197,0.1699,0.1228,0.1015,-0.0739,-0.0391,-0.0187,-0.0073,0.0331,0.0131,-0.1241,0.1412,-0.1043,-0.0921,0.1369,-0.1023,-0.1837,0.1778,-0.1325,-0.1813,0.1772,-0.1464,0.0972,0.0013,0.0951,-0.2132,-0.1582,0.0027,-0.1207,0.0044,0.1124,0.1235,-0.0031,-0.1196,0.0083,0.1027,0.1109,-0.1076,0.0013,0.1044,0.097,-0.0436,0.0002,-0.0038,-0.0115,0.0096,0.021,-0.0249,-0.0279,0.037,-0.0345,0.0045,-0.1764,-0.0639,-0.0939,0.0276,-0.0383,-0.1559,-0.1768,-0.0078,0.3078,0.4606,-0.0028,-0.002,0.0245,0.3845,0.3047,0.1919,0.5095,0.432,0.0801,0.1355,-0.0145,0.0792,0.1226,0.3378,0.0847,0.0801,0.0204,-0.0035,0.222,-0.004,-0.0049
card_leave_kind=normal,0.0038,0.002,0.0891,0.0314,-0.0125,-0.0001,-0.0382,0.0056,0.038,-0.132,-0.0061,0.0018,0.0379,0.0651,0.0665,0.0353,-0.0216,0.1415,0.0345,0.1733,0.1727,0.2219,0.1232,0.1508,-0.0074,-0.0134,0.0901,-0.0373,-0.0299,-0.02,0.003,-0.0246,-0.0096,-0.016,0.0005,0.0671,-0.0225,-0.0564,0.0069,0.0322,0.0106,-0.0163,0.0619,-0.0464,0.1874,0.0389,-0.1578,-0.0497,-0.1657,0.0163,-0.1019,0.0184,-0.0278,-0.0723,0.0064,0.0399,0.0715,0.0782,0.0622,0.0787,-0.0735,0.0222,-0.0002,-0.0629,0.0141,0.0365,0.0122,-0.0879,0.0312,0.0217,-0.0259,-0.0152,0.0322,-0.0101,0.0389,-0.0076,0.1103,0.0682,0.0126,0.146,0.0449,-0.0331,0.0435,0.0739,-0.0109,0.0179,-0.0728,0.0117,0.0499,-0.0383,0.1139,-0.004,-0.0184,-0.0505,0.0437,-0.0502,0.0284,0.0712,-0.0323,0.0276,-0.0412,0.1677,-0.065,0.0323,-0.0371,0.0503,-0.0477,0.0248,-0.1671,-0.0001,0.002,-0.0001,0.0562,-0.0498,0.0359,0.0043,-0.0386,-0.0364,-0.0136,-0.0034,0.014,0.1613,-0.4456,-0.0965,-0.1391,-0.1286,-0.0163,0.9631,-0.209,-0.5099,-0.1124,-0.1476,-0.2852,-0.2111,-0.1853,0.3314,-0.2265,-0.1346,0.1787,-0.0904,-0.2116,0.365,-0.1512,-0.1925,-0.3027,0.6101,0.5756,-0.1034,1.0,0.1045,-0.4154,-0.1404,0.056,0.0334,0.327,-0.288,0.0881,0.3178,-0.2062,0.0384,-0.0844,-0.1014,-0.0868,0.4425,-0.3171,0.0183,-0.0723,-0.0346,-0.0346,-0.0884,0.1689,-0.0769,0.5368,-0.5916,0.0478,0.0676,0.0338,0.0881,0.1781,0.4266,-0.4913,-0.0437,-0.3359,-0.0371,-0.2385,-0.0372,-0.2365,0.2304,-0.2433,-0.3056,0.2007,-0.1158,-0.0251,-0.0343,0.0935,0.0209,0.0569,-0.0738,0.0764,0.0409,0.1256,0.0637,-0.0255,-0.0896,0.1184,-0.0903,-0.0539,0.1277,-0.0729,-0.0117,-0.0659,0.0502,-0.0194,-0.064,0.0467,0.0551,-0.0234,0.013,-0.1032,0.2083,-0.0269,-0.0574,0.014,0.0467,0.0284,0.0066,-0.0535,0.004,0.0467,0.0219,-0.0321,0.0125,0.0153,0.0146,-0.0062,0.0028,0.0101,-0.0091,0.0048,0.0108,-0.022,0.0033,0.0442,-0.0383,0.0389,-0.1802,-0.188,-0.0454,-0.0381,0.1835,-0.0746,0.0711,-0.0207,0.0164,-0.1311,-0.0163,-0.0115,-0.0107,-0.0629,-0.0259,0.0142,-0.0912,-0.1122,-0.0323,-0.0337,-0.0697,-0.0285,0.0493,-0.0136,0.4154,0.365,-0.0229,-0.02,-0.1054,-0.0231,-0.0283
card_touches,0.1248,0.1287,-0.0122,-0.1137,-0.0679,-0.007,0.0619,0.0722,0.0642,0.0152,-0.0008,-0.027,0.0217,-0.0044,-0.018,0.0009,0.0286,-0.045,0.0191,-0.0935,-0.0993,-0.1185,-0.0653,-0.1334,-0.0576,0.0353,-0.0523,-0.0312,0.014,-0.0288,0.064,0.0364,0.0693,0.024,0.0157,-0.0443,0.0398,0.0306,-0.0241,0.0498,-0.0219,0.0,-0.0205,0.0291,0.0173,0.021,0.0083,-0.0159,-0.0027,-0.0331,0.0445,-0.0674,0.1008,0.0938,0.0695,0.0319,0.0652,-0.0661,0.0502,0.0458,-0.0431,0.0259,-0.0024,-0.0044,-0.0232,0.0169,-0.0162,-0.0098,-0.0101,-0.0172,-0.025,0.0305,0.001,-0.0088,0.0096,0.0284,0.0778,0.0534,-0.0318,0.032,0.0215,-0.0236,-0.0051,0.0112,-0.0237,0.0312,-0.0436,0.038,-0.0327,-0.0222,-0.0305,0.0222,-0.0105,-0.0235,0.015,0.029,-0.0013,-0.0002,-0.0086,0.0,0.0063,0.0332,-0.0241,0.0168,-0.0207,0.0544,-0.0443,0.0405,0.0239,0.0298,0.0336,-0.0322,0.0004,0.1039,-0.0867,-0.0426,0.1282,0.0027,-0.0262,-0.0006,0.0194,0.644,-0.1804,-0.0375,-0.0118,-0.1498,-0.0189,0.1078,0.0,-0.1455,0.0546,0.0474,0.0977,-0.1285,-0.0621,0.1316,-0.0893,0.2425,-0.3897,0.2183,0.0336,-0.1768,0.0649,0.0302,0.2014,0.0909,0.0481,0.0198,0.1045,1.0,0.0,0.0245,-0.0473,0.0035,-0.0598,0.0743,0.0187,0.0783,-0.0038,-0.0752,0.0282,-0.0139,-0.1009,0.0016,0.0503,-0.0009,-0.0087,-0.013,0.0263,-0.1027,0.0029,-0.0038,0.0751,-0.0709,0.0474,-0.042,0.0402,0.0422,0.0213,0.1053,-0.1164,0.1527,-0.1013,0.0078,0.0963,-0.0225,-0.1471,0.1452,-0.1397,-0.2294,0.1068,0.1458,0.026,-0.0272,0.0078,0.0497,-0.1148,-0.0604,0.0087,0.0055,-0.03,-0.0141,0.008,0.0503,-0.0499,0.014,0.0152,-0.0472,-0.0129,0.0405,-0.0362,0.0173,0.0489,-0.0418,0.0336,-0.0548,-0.0043,0.0375,-0.0529,-0.0304,-0.0189,0.0107,-0.0248,0.0237,-0.0048,-0.0216,0.0096,-0.0248,0.0288,-0.015,0.015,-0.0227,0.0154,0.0143,-0.0045,-0.0211,-0.0248,0.0246,-0.0234,0.0054,0.0373,-0.0159,0.025,0.0057,0.0394,-0.0081,0.0115,0.0658,0.0651,0.0261,-0.0361,0.0622,-0.0382,-0.0306,0.0055,0.0,0.0,-0.0444,-0.0044,-0.025,-0.0134,-0.0114,-0.0046,-0.0086,-0.0631,0.0,-0.0086,0.0544,-0.0262,0.0,-0.1768,-0.0382,-0.0134,0.0195,-0.0189,-0.0267
fz_zone_kind=B,0.0305,0.0287,-0.0256,0.0111,0.0128,-0.0098,0.0002,0.0355,-0.0095,-0.0422,-0.0063,-0.0116,-0.0056,-0.0567,0.0013,-0.0213,-0.0112,-0.0094,-0.0022,-0.0148,-0.0094,-0.0065,0.002,0.0237,0.0355,0.0289,0.0356,0.0159,0.0552,0.0179,-0.0207,0.0351,-0.0253,0.0084,-0.0125,-0.0232,0.0008,0.031,-0.0025,-0.0002,0.0063,-0.0352,0.0345,0.0319,-0.0845,-0.0076,0.0933,0.0324,0.0768,-0.028,0.0527,-0.0358,0.0362,0.0622,0.0165,0.0213,0.0035,-0.029,-0.0029,0.0079,0.0252,0.0022,-0.0185,-0.0387,0.0231,-0.02,0.0157,-0.0059,0.012,-0.0105,-0.0165,0.0016,0.0097,0.0173,-0.0118,0.0304,-0.055,-0.0129,-0.0275,-0.0539,-0.0035,-0.0083,-0.0415,-0.0425,-0.0208,0.0004,0.022,-0.0217,0.036,0.0059,0.0562,-0.0068,0.0134,-0.0253,-0.4526,0.0198,0.0043,-0.0395,0.0007,-0.0352,0.0302,-0.0874,0.0745,-0.0159,0.0215,-0.1045,0.093,-0.1174,0.1041,0.0414,0.005,-0.0418,-0.0428,0.0574,-0.0514,-0.0327,0.0621,-0.0249,-0.0624,0.0155,0.0301,0.0,0.0,0.0,0.1089,0.1006,0.0128,-0.4346,-0.4513,0.399,0.0879,0.1155,0.2232,0.0,0.2836,-0.4612,0.2898,0.2755,-0.431,0.2683,0.425,-0.8621,0.4317,0.0159,0.0,-0.2385,-0.2974,-0.0847,-0.4154,0.0,1.0,0.0,-0.4152,-0.0324,-0.3028,0.6087,-0.0324,0.149,0.3293,-0.4281,-0.0089,0.0793,0.0679,-0.3989,0.2943,-0.0191,0.0566,0.0271,0.0271,0.0692,-0.0371,-0.0786,-0.2112,0.0848,0.0221,0.035,0.0156,0.0635,0.0825,0.2046,-0.2412,0.4373,0.2628,0.0,0.0,0.0,0.0,0.0,0.0,0.0,0.0,0.5266,-0.0099,0.0016,-0.0202,0.0075,-0.0843,-0.0003,0.0061,-0.052,0.0176,0.0491,0.0232,0.0103,0.0321,0.0079,-0.0025,0.0294,0.0224,0.0215,0.0221,0.0007,0.0333,0.0207,0.0064,0.0551,0.0515,0.0106,0.0784,-0.0249,0.0028,0.0268,-0.0036,-0.0193,-0.0193,-0.0069,0.0257,0.0056,-0.0183,-0.0024,-0.0012,-0.0058,0.0197,0.0016,-0.0354,-0.0072,-0.0041,0.0016,0.0079,0.0271,0.0029,0.0062,-0.0278,0.0225,-0.0283,0.089,0.0727,0.0624,0.0436,-0.0856,0.0563,0.0058,0.0087,-0.0518,-0.035,-0.0352,-0.0249,-0.016,-0.0387,-0.0165,0.0028,-0.0502,-0.0393,0.0007,-0.1491,-0.1788,-0.0037,-0.1064,-0.0624,-1.0,-0.8621,0.0022,-0.0236,0.0031,-0.0159,-0.0056
fz_level_in_band,0.0475,0.0448,-0.0652,-0.0103,0.0488,0.0317,0.0305,-0.0031,-0.0209,-0.0828,0.0176,0.0113,0.0051,0.0289,-0.0166,-0.0451,0.0109,-0.2359,-0.1383,-0.2273,-0.2115,-0.158,0.0132,-0.0748,0.0991,-0.1804,-0.2099,-0.0065,-0.0782,-0.015,0.0128,0.0939,0.0175,-0.0375,0.0242,-0.0247,0.0151,0.0231,0.0054,-0.0066,-0.0133,0.0,0.0703,0.0254,-0.0618,0.0029,0.0526,0.0282,0.0518,-0.0228,0.0187,-0.0249,0.0488,0.0717,0.0348,-0.1181,-0.1266,-0.0799,-0.0817,-0.0528,0.0959,0.0165,0.0398,-0.0825,0.0236,-0.0424,-0.0314,0.0916,0.0086,0.0135,-0.0659,0.0374,-0.0692,-0.0087,0.0017,-0.028,-0.1056,-0.1056,-0.0417,-0.1792,-0.0159,0.0077,-0.0388,-0.037,0.1222,-0.1403,0.0182,-0.1422,-0.1571,-0.0046,-0.0685,0.1966,0.0239,-0.1385,0.2162,0.0369,0.0105,-0.0478,-0.0058,0.0,0.0349,-0.0416,0.0006,-0.068,0.1315,-0.0653,0.0123,0.2112,0.1315,-0.0785,-0.0442,0.0817,-0.0456,0.0621,-0.048,-0.0202,0.0502,0.0486,-0.0886,0.0554,0.003,0.0412,0.2744,0.0911,0.1682,0.1553,-0.0058,-0.1587,0.0,-0.1263,0.1053,0.0935,0.0838,-0.2345,-0.0613,0.1383,-0.0978,0.0522,-0.0653,0.0249,0.0278,-0.0747,0.0138,0.2092,0.2153,-0.0987,-0.1088,-0.085,-0.1404,0.0245,0.0,1.0,-0.2058,0.0293,0.1049,0.1126,-0.0998,-0.1399,0.2682,-0.1794,-0.0222,0.1222,0.1046,-0.023,-0.1071,0.0266,0.0871,0.0416,0.0416,0.1065,0.027,-0.0825,-0.0511,0.066,0.034,0.0259,0.024,-0.0161,-0.0136,-0.1865,0.1664,0.0025,0.1231,0.0605,0.2353,-0.0164,-0.1003,0.1075,-0.0788,0.1222,-0.2484,0.0577,0.0093,0.003,-0.1891,-0.1373,-0.03,0.052,-0.0803,0.0168,-0.1857,-0.1972,-0.0126,0.1197,-0.2239,0.1358,0.0707,-0.2216,0.107,0.0881,-0.0623,0.0379,0.0795,-0.0621,0.0503,-0.1582,-0.0105,-0.1275,0.0824,-0.0561,0.0001,0.1099,0.0017,-0.1213,-0.1106,0.014,0.1107,0.0005,-0.1182,-0.124,0.1293,0.0056,-0.1421,-0.1059,0.0989,0.0162,0.0113,0.0044,-0.0045,-0.0477,0.0278,-0.0179,0.0163,0.0176,0.0205,0.0871,0.0687,0.0545,0.0302,-0.0494,0.109,-0.0578,-0.0039,-0.1124,-0.0741,0.0,0.0,-0.0243,-0.0825,-0.0659,-0.1128,-0.11,-0.0968,-0.0058,-0.045,0.0,-0.0058,-0.0653,-0.0886,0.0,-0.0747,-0.0039,-0.0221,-0.0394,-0.0058,-0.0082
fz_gate=BLOCK,-0.0361,-0.0309,0.018,-0.024,-0.0547,-0.0075,0.0029,-0.0536,-0.0082,0.1463,0.1595,0.0047,-0.019,-0.0201,-0.0731,0.0167,-0.0036,0.0372,-0.0044,0.0695,0.0633,0.0194,-0.0375,-0.0229,-0.067,0.0195,0.0155,-0.004,-0.0362,-0.005,-0.0069,-0.0499,0.009,0.0094,-0.0195,0.0199,-0.0128,-0.0073,-0.0059,-0.0049,0.0178,0.0302,-0.0951,-0.0154,0.0303,-0.019,-0.0361,0.0006,-0.0333,0.0283,-0.0305,0.0386,-0.0396,-0.0628,-0.0293,-0.034,-0.0119,0.0251,-0.0455,-0.0221,0.0083,-0.0423,0.0068,0.1153,-0.0252,-0.0183,-0.0357,0.0152,-0.0267,0.0006,0.0792,-0.0314,-0.0154,-0.0211,-0.0216,-0.0173,-0.005,-0.0349,0.0204,0.0193,-0.0239,0.0219,0.0008,-0.0189,0.0002,-0.0017,0.0032,0.0213,-0.0229,0.0187,-0.0291,-0.066,0.0157,0.0422,0.2018,0.0054,0.0006,0.0392,-0.0034,-0.0149,-0.0254,-0.0075,-0.0157,0.0521,-0.0485,0.052,-0.0643,-0.056,-0.0504,-0.0241,0.0193,0.0228,-0.0046,-0.0605,0.0514,0.033,-0.0521,-0.0155,0.1159,-0.046,-0.0369,-0.0887,0.1331,-0.034,-0.1104,-0.1054,-0.0149,0.0868,0.3724,0.0355,-0.0924,-0.1241,-0.2452,0.539,0.0464,-0.0795,0.0524,-0.1112,0.1608,-0.0915,-0.1897,0.3617,-0.1698,-0.05,-0.0234,0.0144,0.0934,0.1157,0.056,-0.0473,-0.4152,-0.2058,1.0,-0.1211,-0.278,-0.709,0.3322,-0.1735,-0.8819,0.8319,0.1566,-0.0924,-0.0791,-0.2443,0.3115,-0.1167,-0.0659,-0.0316,-0.0316,-0.0805,0.1343,0.0894,0.2437,-0.1235,-0.0258,-0.0325,-0.0182,-0.0419,-0.0783,-0.1755,0.2076,-0.5093,-0.3061,-0.0256,-0.1406,0.006,0.4147,-0.4156,0.4026,0.1712,-0.0103,-0.4995,-0.0019,0.012,0.0551,0.0138,0.0461,0.0118,0.0036,0.046,-0.0206,-0.033,-0.0176,-0.0112,0.024,-0.0399,0.0083,0.0212,-0.0439,-0.0403,0.0201,-0.0125,-0.0439,0.0256,-0.0218,-0.0423,-0.0709,-0.0006,-0.0662,-0.0193,0.0022,-0.0188,-0.0048,0.0199,0.0333,-0.0051,-0.018,-0.011,0.0216,0.024,-0.0145,-0.0014,0.0028,0.0054,-0.0056,-0.002,-0.0076,0.0013,-0.0129,-0.0141,-0.0041,-0.0054,0.0144,-0.0078,0.0121,-0.0459,-0.0152,-0.056,-0.0296,0.0122,-0.0296,-0.016,0.017,0.0991,0.1449,0.0302,0.0214,0.0285,0.1153,0.0792,0.0379,0.1217,0.1242,-0.0034,0.1604,0.1536,-0.0053,0.0537,0.1159,0.4152,0.3617,0.0218,0.0186,0.1172,0.0268,0.0264
fz_gate=REENTER,0.0599,0.0586,-0.0422,-0.0203,0.0126,0.0056,-0.0005,0.0403,0.0259,-0.0364,-0.0193,-0.0226,0.0134,-0.0016,0.0149,-0.0086,0.01,0.0037,0.0082,-0.0041,-0.0091,0.0284,0.0614,0.0386,0.043,-0.009,-0.019,-0.0132,-0.0138,0.0048,-0.0318,0.0382,-0.0277,-0.0049,-0.0103,0.0801,0.0137,0.0629,-0.0131,0.0221,0.0039,-0.0037,0.0346,0.0657,-0.1404,0.0134,0.0153,-0.0336,0.0285,0.0349,0.0403,0.0091,0.0675,0.0777,0.0558,0.0343,0.0236,-0.0104,0.0292,0.0102,-0.016,0.0034,0.0382,-0.0498,0.0194,-0.005,0.0204,-0.0062,0.0196,0.0272,-0.0517,0.0145,-0.0141,0.0125,-0.0136,0.001,0.0214,0.0349,-0.0085,-0.0145,0.0152,-0.0098,-0.0033,0.0117,0.0023,0.0089,0.0163,-0.0023,-0.0155,-0.0134,0.0198,-0.0388,0.0054,0.0148,0.0014,0.0523,0.0077,-0.0334,0.0031,-0.0037,0.0207,-0.0185,0.011,-0.0042,-0.0039,-0.0087,0.0163,-0.0338,-0.024,0.013,-0.0058,-0.0126,-0.0122,0.0707,-0.0422,0.0046,0.0323,0.1163,-0.0667,0.087,-0.0455,-0.009,-0.032,0.0066,-0.0159,-0.0042,-0.0037,0.0268,-0.0046,-0.0331,-0.0065,0.0248,0.0099,-0.0275,-0.0189,0.0325,-0.0215,-0.0083,0.0275,-0.0266,-0.031,0.0363,-0.0051,0.0194,0.0075,0.0206,0.0123,-0.0232,0.0334,0.0035,-0.0324,0.0293,-0.1211,1.0,-0.0685,-0.1747,-0.0402,-0.0428,0.1373,-0.1007,-0.019,-0.0228,-0.0195,-0.0214,-0.3888,0.9635,-0.0162,-0.0078,-0.0078,-0.0198,-0.0229,-0.0173,-0.0717,0.1018,-0.0063,-0.01,0.0471,0.0074,-0.0037,-0.0104,0.0072,-0.1255,-0.0754,-0.0043,-0.0152,-0.0162,-0.0234,0.0221,-0.027,-0.0309,-0.0063,-0.0052,0.0101,-0.0047,0.0006,0.0148,0.0801,-0.0473,0.0448,-0.001,-0.0041,-0.0081,-0.0054,0.0436,-0.0366,0.0394,0.0197,-0.0358,0.0334,0.0332,-0.0165,-0.0037,0.0466,-0.019,0.0055,-0.0136,-0.0006,0.0276,0.0515,0.0076,-0.0051,0.0304,-0.0112,-0.0117,-0.0327,-0.0098,0.0268,-0.0133,-0.0081,-0.0258,0.0347,-0.0159,-0.0061,-0.0291,0.0366,-0.0152,-0.0095,0.0179,-0.0089,0.0224,0.0506,0.0409,-0.0464,0.023,-0.0059,0.0186,-0.0065,-0.0357,-0.0488,-0.0175,-0.037,0.0206,0.0131,-0.0645,-0.0307,-0.0037,-0.0026,-0.0015,-0.0498,-0.0517,-0.0155,-0.0354,-0.0266,0.0031,0.0191,-0.0186,0.0026,-0.0089,-0.0667,0.0324,0.0363,0.012,-0.0045,-0.0237,-0.0052,-0.0063
fz_gate=TAKE,0.0032,0.0029,0.0472,0.003,0.0037,0.0078,-0.0188,0.0003,0.0363,-0.0737,-0.0444,0.0514,0.0233,0.0037,0.0343,0.0137,0.0094,0.0725,0.0669,0.0476,0.0436,0.0677,0.0404,0.0585,0.0041,0.0141,0.0157,-0.0181,-0.0107,-0.0201,0.0025,0.0022,-0.0028,0.0087,0.0225,0.0412,0.0132,-0.0199,-0.0122,0.0166,0.0008,-0.0084,0.0314,-0.0146,0.1031,0.0247,-0.0705,-0.0415,-0.066,0.001,-0.0377,0.0087,-0.0083,-0.0269,0.0048,0.0924,0.0952,0.0558,0.1262,0.0582,-0.1036,0.0144,0.0028,-0.0269,0.0007,0.0616,0.0429,-0.0877,0.009,-0.0082,-0.0156,0.0036,0.0531,-0.0135,0.0684,0.0082,0.1303,0.119,0.0506,0.0886,0.035,-0.0248,0.054,0.0789,-0.0468,0.0511,-0.0358,0.0429,0.0245,-0.0235,0.0006,0.0272,-0.0355,-0.02,0.1856,0.0123,-0.0082,0.0396,0.0159,0.0535,-0.0417,0.0709,-0.0725,-0.009,-0.0093,0.0539,-0.0281,0.0414,-0.0621,0.0339,-0.0133,-0.033,0.0237,-0.0209,0.0124,-0.0007,-0.0186,-0.0157,0.0028,-0.0331,0.0343,-0.0661,0.1159,-0.0566,0.2127,0.1595,-0.0084,0.3191,-0.1077,-0.2629,-0.0579,-0.0761,-0.147,-0.0392,-0.0815,0.16,-0.1172,-0.0966,0.1386,-0.0781,-0.1339,0.2719,-0.1363,-0.0375,-0.0904,0.2207,0.1717,-0.0185,0.327,-0.0598,-0.3028,0.1049,-0.278,-0.0685,1.0,-0.401,-0.0923,-0.0982,0.3153,-0.2313,-0.0435,0.3323,0.2846,0.8597,-0.8925,-0.066,-0.0373,-0.0178,-0.0178,-0.0456,-0.0526,-0.0396,-0.1646,0.2336,0.0033,0.0335,-0.0103,-0.0418,-0.0543,-0.1348,0.1475,-0.2881,-0.1732,0.0105,-0.0025,-0.0189,0.0505,-0.0473,0.0509,0.1605,-0.0126,-0.1644,0.0075,-0.0184,0.084,0.0685,0.0499,-0.0342,0.0037,0.0158,0.081,0.0537,0.0141,-0.0477,0.0399,-0.0274,-0.0316,0.0482,-0.012,-0.0247,-0.0125,-0.0101,-0.0216,-0.0137,0.0114,0.0177,0.0007,0.0774,-0.0449,0.0749,-0.0059,-0.0404,-0.0097,0.0526,0.0277,-0.012,-0.0391,-0.0147,0.0519,0.0369,-0.0368,-0.0109,0.0439,0.029,-0.0055,-0.0135,-0.0128,0.007,-0.0144,-0.006,-0.0101,-0.0104,0.0298,-0.0329,0.0132,-0.0587,-0.0523,-0.0046,0.0063,0.0832,-0.0994,0.0199,-0.0117,0.0073,-0.0704,-0.0084,-0.0059,-0.0083,-0.0269,-0.0156,0.0417,-0.0378,-0.061,0.0159,0.022,-0.0427,0.0226,0.0533,0.0028,0.3028,0.2719,-0.0129,-0.0103,-0.0543,-0.0119,-0.0146
fz_gate=WATCH,0.0116,0.0074,-0.0352,0.0274,0.0447,-0.0002,0.0104,0.0367,-0.0259,-0.0748,-0.1131,-0.032,-0.0026,0.0169,0.0403,-0.0222,-0.0064,-0.0859,-0.0445,-0.0966,-0.0864,-0.0741,-0.0131,-0.0314,0.0458,-0.0249,-0.019,0.0206,0.046,0.0169,0.0154,0.0325,0.0027,-0.0132,0.0064,-0.0744,-0.0016,-0.0006,0.0183,-0.0142,-0.0185,-0.0214,0.0562,0.0025,-0.052,-0.0035,0.0771,0.0392,0.0669,-0.039,0.041,-0.0453,0.0203,0.0514,0.0055,-0.0442,-0.0631,-0.0584,-0.0552,-0.0234,0.0696,0.0288,-0.0211,-0.0732,0.0167,-0.0239,-0.0036,0.0486,0.0124,-0.0041,-0.0464,0.0222,-0.0174,0.0243,-0.0206,0.0101,-0.0927,-0.0616,-0.051,-0.0739,-0.0066,-0.0003,-0.0367,-0.0403,0.0311,-0.0365,0.0161,-0.0486,0.0099,0.0031,0.0203,0.0564,0.0077,-0.0302,-0.317,-0.031,0.0025,-0.0529,-0.0087,-0.0214,0.0456,-0.0351,0.0608,-0.0414,0.0533,-0.0829,0.0742,0.036,0.098,-0.005,-0.0071,0.0054,-0.0079,0.0475,-0.0427,-0.0321,0.0509,-0.0167,-0.0885,0.0367,0.0264,0.1186,-0.1719,0.0596,-0.0367,-0.0088,0.021,-0.3093,-0.2747,0.1579,0.1287,0.1605,0.328,-0.4444,0.0186,-0.0458,0.0383,0.1735,-0.2553,0.1484,0.2805,-0.5386,0.2547,0.0662,0.069,-0.1717,-0.2096,-0.0883,-0.288,0.0743,0.6087,0.1126,-0.709,-0.1747,-0.401,1.0,-0.2355,0.2448,0.5669,-0.5898,-0.111,-0.1333,-0.1141,-0.3524,0.4493,-0.1683,0.093,0.0445,0.0445,0.1136,-0.0825,-0.0511,-0.0922,-0.0781,0.0241,0.011,0.0084,0.0656,0.1121,0.2609,-0.2987,0.7184,0.4318,0.0181,0.1308,0.0109,-0.3866,0.386,-0.3749,-0.231,0.0183,0.584,-0.0067,0.003,-0.1096,-0.0649,-0.1044,0.0282,-0.0209,-0.0538,-0.0353,-0.0035,0.0085,0.0286,-0.0376,0.0431,0.0073,-0.0409,0.0383,0.0437,-0.0047,0.0199,0.0405,-0.0082,0.0108,0.0322,0.0664,-0.0618,0.0757,-0.0357,0.0037,0.0352,0.0149,-0.0508,-0.0393,0.0163,0.0347,0.0249,-0.0532,-0.0392,0.0272,0.0141,-0.0307,-0.0152,-0.0032,0.0163,0.0191,-0.012,0.025,0.0098,-0.0062,-0.0015,-0.0184,0.0222,-0.0185,0.0772,0.0523,0.0677,0.0399,-0.0626,0.1084,-0.0058,-0.0123,-0.0766,-0.0777,-0.0214,-0.0152,-0.0206,-0.0732,-0.0464,-0.059,-0.0766,-0.066,-0.0087,-0.1723,-0.1089,-0.0114,-0.084,-0.0885,-0.6087,-0.5386,-0.0157,-0.0089,-0.065,-0.0153,-0.0127
fz_block_reason=hunt_fade,0.0412,0.0394,-0.0221,-0.0103,0.0005,0.0189,-0.0008,0.0143,0.0336,-0.0389,-0.026,-0.0078,-0.0196,0.0487,0.0201,-0.002,-0.0086,0.0178,-0.0117,0.0393,0.039,0.0303,-0.007,0.0488,0.0123,0.0608,0.0471,0.0275,0.0352,0.0246,0.0275,0.0219,0.0296,0.0037,0.0243,-0.0027,-0.0177,-0.0331,0.053,-0.0385,-0.0001,-0.0049,0.0411,-0.0292,0.0081,-0.0196,-0.0224,-0.0111,0.0056,0.035,0.011,0.0218,0.0419,0.0219,0.0409,0.0689,0.0566,0.0091,0.0816,0.057,-0.0696,-0.0184,0.0211,-0.038,0.0371,0.0326,0.0215,-0.0566,0.0155,-0.0012,-0.049,0.0206,0.0371,0.0148,-0.0005,0.0176,0.0885,0.101,-0.0044,0.005,-0.0216,0.0225,-0.0211,-0.0387,0.0138,0.0277,0.0271,0.0421,0.0018,0.0195,0.0474,-0.0271,-0.0154,0.0145,-0.016,0.0765,-0.0012,0.0206,0.0281,-0.0049,-0.0327,0.002,0.0049,0.0025,-0.0319,0.0109,0.0168,-0.0386,-0.0455,-0.0099,-0.0078,0.0104,0.0081,0.0264,-0.0286,-0.0355,0.0349,-0.0378,-0.0173,0.0022,0.0106,0.0299,0.0135,-0.0125,-0.0363,-0.0264,-0.0049,0.0788,-0.0633,0.0488,-0.0269,-0.0447,-0.0676,0.1124,0.03,-0.0554,0.0387,0.0627,-0.1211,0.0903,-0.0328,0.0172,0.0155,-0.0501,0.0449,0.0232,0.0745,-0.0313,0.0881,0.0187,-0.0324,-0.0998,0.3322,-0.0402,-0.0923,-0.2355,1.0,-0.0576,-0.2929,-0.1358,-0.0256,-0.0307,-0.0263,-0.0811,0.1035,-0.0388,-0.0219,-0.0105,-0.0105,-0.0268,-0.0309,-0.0233,-0.0966,0.1372,-0.0086,0.004,-0.006,-0.0051,-0.0092,0.0277,-0.0186,-0.1692,-0.1017,-0.0274,-0.0501,0.0125,0.1008,-0.1006,0.0969,-0.0125,0.0169,-0.056,-0.0086,0.0271,0.0385,0.0468,-0.0049,-0.01,0.0429,-0.0253,0.0251,0.0293,0.0167,-0.0002,0.0272,-0.0119,0.009,0.0271,-0.0113,0.0262,-0.012,-0.0002,0.0226,-0.0112,-0.0106,0.0418,0.0229,0.0589,0.0396,0.003,0.0298,-0.0431,0.0566,-0.033,0.0347,0.0544,-0.0433,0.0529,-0.035,0.0029,-0.049,0.0567,-0.0146,0.0299,-0.0109,0.049,0.0559,-0.0526,0.0551,0.0281,-0.0226,-0.0203,-0.0194,-0.0099,0.001,0.0438,0.0133,0.0453,0.0221,-0.0144,-0.0641,0.0387,-0.0135,-0.0407,-0.0354,-0.0049,-0.0035,0.0005,-0.038,-0.049,0.0079,-0.0166,-0.0291,0.0281,0.0017,-0.0251,0.0273,0.0106,-0.0173,0.0324,0.0172,-0.014,-0.006,-0.0319,-0.007,-0.0086
fz_block_reason=leave_into_recycle,0.0201,0.0181,0.0339,-0.0005,-0.0136,-0.007,-0.0156,0.0259,0.0293,-0.0473,-0.0277,-0.0058,0.0568,0.0164,0.0214,0.0153,-0.0142,0.1156,0.0855,0.0772,0.0807,0.0848,0.0286,0.0604,-0.004,0.074,0.0769,-0.0559,0.0318,-0.0449,-0.0174,-0.0055,-0.0282,-0.0105,-0.0249,0.0325,-0.0131,-0.0134,-0.0176,0.0359,0.0026,-0.0052,0.0106,-0.0112,0.0925,0.0529,-0.07,-0.0567,-0.0844,-0.0245,-0.0484,-0.016,-0.0023,-0.0236,0.0115,0.1198,0.1208,0.0403,0.1343,0.0746,-0.115,0.0541,-0.0193,-0.0445,-0.0256,0.0497,0.0529,-0.1046,0.0271,0.0111,-0.01,-0.0212,0.087,-0.0029,0.025,-0.0171,0.1509,0.1427,0.0089,0.1247,0.0644,-0.0569,0.0289,0.0682,-0.0714,0.0829,-0.054,0.0717,0.0567,-0.0569,0.0624,0.0349,0.0261,-0.0812,-0.1042,0.0111,0.0111,0.0246,-0.0304,-0.0052,-0.0008,0.0794,-0.125,-0.0519,0.0224,0.0863,-0.0354,0.0382,-0.0758,0.0555,0.0492,-0.0589,0.0377,-0.0169,0.0093,-0.0031,0.0024,-0.0375,-0.0068,-0.0111,0.0174,0.1205,-0.3012,-0.0231,-0.0448,-0.0414,-0.0052,0.3099,-0.0672,-0.1641,-0.0362,-0.0475,-0.0918,-0.2485,-0.0917,0.1617,-0.1093,0.0318,-0.0751,0.0632,0.0337,-0.1359,0.1011,-0.1116,-0.1834,0.2539,0.1264,-0.0187,0.3178,0.0783,0.149,-0.1399,-0.1735,-0.0428,-0.0982,0.2448,-0.0576,1.0,-0.3114,-0.1444,-0.0272,-0.0326,-0.0279,-0.0862,0.11,-0.0412,-0.0233,-0.0111,-0.0111,-0.0284,-0.0328,-0.0247,-0.1027,-0.4202,-0.0091,-0.0144,0.0307,0.1493,0.2383,0.5449,-0.6177,0.3407,-0.1081,-0.0132,-0.104,-0.0047,-0.2647,0.2576,-0.2638,-0.1876,0.1675,0.2829,-0.0175,-0.0588,0.1101,0.1003,0.0192,-0.0493,0.0696,-0.004,0.1085,0.0914,0.0099,-0.0763,0.1019,-0.0651,-0.0616,0.1087,-0.0516,-0.0355,0.0177,-0.0039,-0.0277,0.0164,0.0125,0.0654,-0.0063,0.1089,-0.0651,0.0767,-0.0387,-0.0452,-0.0178,0.0736,0.0535,-0.0196,-0.0445,-0.0179,0.0733,0.0578,-0.0447,-0.0188,0.0698,0.0382,-0.0334,-0.0222,-0.0191,0.0174,-0.0149,0.0121,-0.0032,0.0003,0.0229,-0.0155,0.0081,-0.0528,-0.0462,0.0137,0.0186,0.0716,-0.1051,0.0424,-0.0144,-0.0004,-0.0439,-0.0052,-0.0037,-0.0125,-0.0445,-0.01,0.0788,-0.036,-0.0381,-0.0304,-0.0722,-0.0266,-0.0308,0.0859,-0.0068,-0.149,-0.1359,-0.0149,-0.0064,-0.0339,-0.0074,-0.0091
fz_block_reason=nan,0.0252,0.0212,-0.0336,0.0234,0.0593,0.0106,0.0047,0.0394,-0.0061,-0.1185,-0.1407,-0.0017,-0.0088,0.0116,0.0603,-0.0235,0.0103,-0.0913,-0.0367,-0.104,-0.0997,-0.0593,0.0225,-0.0068,0.0666,-0.0543,-0.0518,0.0306,0.0197,0.0263,0.015,0.0508,0.0048,-0.0041,0.0308,-0.035,0.0186,0.0135,0.0142,-0.0125,-0.0184,-0.0267,0.0867,0.0203,-0.0735,-0.007,0.0684,0.0266,0.0725,-0.0156,0.0526,-0.0296,0.0393,0.0719,0.0227,-0.0258,-0.0476,-0.0436,-0.0219,-0.0152,0.049,0.0149,0.0027,-0.0899,0.0366,-0.0071,0.0081,0.0363,0.0128,-0.0058,-0.0716,0.0404,-0.0275,0.0217,0.0101,0.0249,-0.0688,-0.0358,-0.0239,-0.0789,-0.0077,0.0061,-0.0146,-0.0145,0.034,-0.0381,0.0228,-0.0549,-0.0051,0.0092,-0.0017,0.047,-0.0276,0.0005,-0.1439,-0.0106,-0.0058,-0.0496,0.0179,0.0169,0.0249,-0.0311,0.075,-0.0254,0.0361,-0.0915,0.079,0.037,0.0849,-0.0033,-0.0422,0.0062,-0.0136,0.0665,-0.0541,-0.0304,0.0492,0.0331,-0.1086,0.0497,0.0273,0.0084,0.0587,0.0443,0.128,0.1215,0.0169,-0.2322,-0.3272,0.0443,0.1064,0.1425,0.2806,-0.3379,-0.0009,-0.0008,0.0018,0.0921,-0.1192,0.058,0.1669,-0.2839,0.1154,0.1017,0.1298,-0.1355,-0.1507,-0.1027,-0.2062,-0.0038,0.3293,0.2682,-0.8819,0.1373,0.3153,0.5669,-0.2929,-0.3114,1.0,-0.7337,-0.1381,0.1048,0.0897,0.277,-0.3532,0.1323,0.0747,0.0358,0.0358,0.0913,-0.1138,-0.0744,-0.1859,0.3204,0.0292,0.0383,0.0029,-0.031,-0.0386,-0.0915,0.0954,0.3283,0.3471,0.0309,0.1883,-0.0026,-0.2164,0.2214,-0.206,-0.0429,-0.0907,0.3465,0.0102,0.0167,-0.106,-0.0614,-0.0537,0.0123,-0.0368,-0.0425,-0.0327,-0.0125,0.0121,0.0473,-0.0719,0.0697,0.0215,-0.0725,0.0671,0.0558,-0.0278,0.014,0.0557,-0.0325,0.015,0.0095,0.0715,-0.0516,0.095,-0.0181,0.0164,0.0398,0.0132,-0.0544,-0.0577,0.0143,0.0387,0.0192,-0.0559,-0.0508,0.0354,0.0103,-0.0362,-0.0235,0.0214,0.0126,0.0165,-0.0095,0.0196,0.0078,0.0055,0.0051,-0.0249,0.0149,-0.0156,0.0696,0.0368,0.0474,0.0196,-0.046,0.0789,-0.0051,-0.0095,-0.0954,-0.1188,-0.0267,-0.0189,-0.0215,-0.0899,-0.0716,-0.0743,-0.1002,-0.1016,0.0179,-0.1202,-0.1354,0.0199,-0.0929,-0.1086,-0.3293,-0.2839,-0.0139,-0.0149,-0.0969,-0.0223,-0.0211
fz_block_reason=new,-0.0624,-0.0577,0.0474,0.0011,-0.0357,0.0072,0.0289,-0.0389,-0.0121,0.0538,-0.0652,0.0116,-0.0017,-0.0522,0.0143,0.0162,-0.0011,0.0155,-0.0168,0.0424,0.0371,0.0259,-0.0052,-0.0132,-0.0423,-0.0318,-0.0175,-0.0276,-0.0643,-0.0254,-0.0226,-0.0445,-0.0083,0.0006,-0.025,0.0224,-0.0071,0.0173,-0.035,0.0134,0.0165,0.0363,-0.0532,0.0159,0.0081,-0.0007,-0.0256,-0.0039,-0.0348,0.013,-0.041,0.0239,-0.0572,-0.0604,-0.0474,-0.0734,-0.0619,0.0214,-0.0906,-0.0488,0.0487,-0.0094,0.001,0.0696,-0.0309,-0.037,-0.0463,0.0429,-0.0147,-0.0025,0.0601,-0.0289,-0.0334,-0.0308,-0.0149,-0.0302,-0.0677,-0.0962,0.0229,-0.0018,-0.0033,0.003,-0.0037,-0.0129,0.0157,-0.0437,0.0028,0.0,-0.0449,0.0015,-0.0486,-0.0513,0.0192,0.0468,0.2409,-0.0308,-0.0025,0.0149,-0.0304,-0.0124,0.0105,-0.0185,-0.0027,0.0641,-0.029,0.0186,-0.0669,-0.04,-0.0341,-0.0227,-0.0041,0.023,-0.0196,-0.0645,0.0524,0.0328,-0.062,-0.0036,0.0742,-0.0281,-0.0251,-0.1412,0.1351,-0.0372,-0.1055,-0.0975,-0.0124,0.0539,0.4311,0.0057,-0.0852,-0.1119,-0.2162,0.5396,0.0343,-0.0481,0.0255,-0.151,0.2399,-0.1517,-0.1927,0.3823,-0.1872,-0.0172,-0.0578,0.0137,0.0531,0.0584,0.0384,-0.0752,-0.4281,-0.1794,0.8319,-0.1007,-0.2313,-0.5898,-0.1358,-0.1444,-0.7337,1.0,-0.064,-0.0769,-0.0658,-0.2032,0.2591,-0.0971,-0.0548,-0.0262,-0.0262,-0.067,0.1681,0.1139,0.3353,-0.2359,-0.0214,-0.0339,-0.0151,-0.0615,-0.0799,-0.1982,0.2337,-0.4237,-0.2547,-0.015,-0.1225,-0.0093,0.395,-0.3969,0.3835,0.1584,-0.0142,-0.5102,0.0005,-0.0124,-0.0151,-0.0537,0.0486,0.0246,0.0056,0.0645,-0.0253,-0.0406,-0.0221,0.0122,-0.0045,-0.0092,0.0165,-0.0089,-0.0148,-0.0071,-0.0265,0.0359,-0.0175,-0.0245,0.029,-0.0789,-0.0876,-0.0615,-0.0491,-0.002,-0.0121,0.0273,-0.0328,0.0095,-0.0112,-0.0331,0.0286,-0.0392,0.0143,-0.0006,0.0362,-0.0307,-0.0157,-0.0326,0.0006,-0.0284,-0.0357,0.0331,-0.0445,-0.0279,0.0104,0.0034,0.0217,-0.0035,0.0119,-0.0499,-0.0331,-0.0884,-0.0622,0.036,0.0145,-0.0168,0.0284,0.0774,0.0464,0.0363,0.0257,0.03,0.0696,0.0601,0.0123,0.0593,0.0613,-0.0304,0.1728,0.1797,-0.0317,0.0207,0.0742,0.4281,0.3823,0.034,0.0246,0.0161,0.0342,0.0348
fz_block_reason=open_pierce,-0.1845,-0.1683,-0.033,-0.043,-0.0465,-0.049,-0.05,-0.0517,-0.0272,0.5213,-0.0123,-0.0049,-0.0178,-0.0095,-0.4251,0.0033,-0.0029,0.1475,0.141,0.1055,0.0999,-0.0589,-0.1559,-0.1359,-0.1754,0.1568,0.143,0.0265,0.1137,0.0145,0.0163,-0.1758,0.0312,0.0256,0.0,0.0662,-0.0024,-0.0273,0.0,-0.0128,-0.0071,-0.0023,-0.309,-0.0668,0.0553,-0.0219,-0.0311,0.0162,-0.0337,0.0114,-0.0051,0.024,-0.1808,-0.1762,-0.1741,-0.006,-0.0005,0.0308,-0.0188,-0.0395,-0.0251,-0.0978,-0.0086,0.3335,-0.0932,-0.0097,0.0078,-0.0225,-0.0928,-0.0076,0.2508,-0.0899,0.0134,0.0,0.0,0.0239,0.049,0.0187,0.0222,0.1496,-0.0262,0.0279,0.0142,0.0142,-0.1378,0.1552,-0.0376,0.0468,0.1277,0.0178,-0.0351,-0.0005,0.0195,-0.0561,-0.0601,-0.0453,-0.0076,0.0456,0.0566,-0.0023,-0.068,-0.0012,-0.1239,-0.0604,-0.0135,0.1514,-0.0504,0.039,-0.0258,0.0614,0.12,-0.0697,0.0617,-0.1653,0.1524,0.1058,-0.1287,-0.0193,0.278,-0.1339,-0.0625,0.031,0.013,-0.0064,-0.0199,-0.0183,-0.0023,0.01,-0.0053,0.0487,-0.016,-0.0211,-0.0407,0.1003,0.0288,-0.066,0.0531,-0.0065,-0.0089,0.0179,-0.0028,-0.0016,0.0044,-0.0944,-0.0153,-0.0136,0.0263,0.346,-0.0844,0.0282,-0.0089,-0.0222,0.1566,-0.019,-0.0435,-0.111,-0.0256,-0.0272,-0.1381,-0.064,1.0,-0.0145,-0.0124,-0.0382,0.0488,-0.0183,-0.0103,-0.0049,-0.0049,-0.0126,-0.0146,-0.011,-0.0455,0.0647,-0.004,-0.0064,-0.0029,0.0678,-0.015,-0.0169,0.002,-0.0797,-0.0479,-0.0042,-0.0939,0.019,0.1454,-0.1453,0.1461,0.0984,0.0107,-0.0166,-0.0009,0.0353,0.1571,0.1382,0.0215,-0.0432,-0.0351,-0.0222,-0.007,0.0229,0.0071,-0.1355,0.1326,-0.1151,-0.0936,0.1285,-0.1056,-0.1625,0.1745,-0.142,-0.1583,0.1726,-0.1485,0.1103,-0.0104,0.122,-0.18,-0.1176,0.0061,-0.1105,-0.0106,0.131,0.1329,-0.0112,-0.1102,-0.0025,0.1218,0.1302,-0.1198,-0.0115,0.1375,0.1283,-0.0463,-0.0113,-0.0126,-0.0104,0.012,0.0414,-0.034,0.0116,0.0182,-0.0221,-0.0056,-0.092,0.051,-0.0101,0.0492,-0.0671,-0.0983,-0.0835,-0.0064,0.2514,0.5341,-0.0023,-0.0016,-0.0102,0.3335,0.2508,0.1567,0.3465,0.3688,0.0566,0.0035,-0.0118,0.0558,0.1511,0.278,0.0089,-0.0016,-0.0066,-0.0029,0.5241,-0.0033,-0.004
fz_branch=defend,0.0199,0.0177,-0.027,-0.0261,0.007,0.0623,-0.0048,0.0009,-0.0104,-0.0191,-0.0147,-0.0036,0.0079,-0.0021,0.0114,-0.0346,0.004,-0.1143,-0.0625,-0.0977,-0.0911,-0.0927,-0.0309,-0.0361,0.0414,-0.0494,-0.1064,0.002,-0.0491,-0.0106,-0.0054,0.0372,-0.0111,-0.0076,0.0088,-0.0569,0.0138,-0.0128,0.0146,-0.0363,0.0213,-0.0028,0.0232,-0.0105,-0.0294,0.0079,0.0329,0.0342,0.053,-0.0015,0.0355,-0.0187,0.0267,0.0467,0.011,-0.0358,-0.0403,-0.0333,-0.0094,-0.0093,0.0424,0.0202,-0.0103,-0.0234,-0.0052,-0.0207,-0.0116,0.0286,0.0081,-0.0091,-0.018,0.0063,-0.011,-0.0196,0.033,-0.0072,-0.006,-0.018,-0.017,-0.0691,-0.0045,0.0003,-0.0221,-0.0151,0.0548,-0.0552,0.0383,-0.0127,-0.0683,-0.008,-0.0534,0.1294,-0.0059,-0.0986,0.1325,0.0265,-0.0091,-0.0254,0.0196,-0.0028,0.0086,-0.0464,-0.025,-0.032,0.0469,-0.0029,-0.0025,0.1004,0.075,-0.0381,-0.0044,0.0385,-0.0147,0.0469,-0.0436,-0.0309,0.0392,0.0226,-0.0303,0.0197,0.0012,0.0219,0.1982,-0.0635,0.7287,-0.022,-0.0028,-0.1053,-0.0358,-0.0874,-0.0192,-0.0253,-0.0489,-0.1468,-0.0621,0.101,-0.0635,0.0451,-0.0815,0.0578,0.0394,-0.092,0.052,0.1217,0.0518,-0.066,-0.0636,-0.0177,-0.1014,-0.0139,0.0793,0.1222,-0.0924,-0.0228,0.3323,-0.1333,-0.0307,-0.0326,0.1048,-0.0769,-0.0145,1.0,-0.0149,-0.0459,-0.2966,-0.0219,-0.0124,-0.0059,-0.0059,-0.0151,-0.0175,-0.0132,-0.0547,0.0776,-0.0048,-0.0077,-0.0034,-0.0139,-0.0181,-0.0448,0.0528,-0.0957,-0.0575,0.0413,0.1293,-0.0026,-0.0765,0.0796,-0.0627,0.2014,-0.0387,0.1506,0.0056,0.0051,-0.0661,-0.0409,-0.0532,0.0114,-0.0627,0.0145,-0.1036,-0.0839,0.0147,0.0604,-0.0957,0.0629,0.0159,-0.0922,0.0591,0.0221,-0.0107,-0.022,0.0241,-0.009,0.0197,-0.0729,0.0023,-0.0399,0.0468,-0.0706,0.0087,0.0277,0.0153,-0.0551,-0.0223,0.021,0.0285,0.0125,-0.054,-0.0488,0.0365,0.0162,-0.0603,-0.0386,0.0204,0.0217,0.0178,-0.011,0.0104,-0.0329,-0.0075,-0.0284,0.0102,0.0062,0.0149,0.0765,0.0747,0.0521,0.0475,-0.0261,0.0316,-0.0398,0.0223,-0.0386,-0.0234,-0.0028,-0.002,0.0066,-0.0234,-0.018,-0.0406,-0.0181,-0.0203,0.0196,-0.0403,-0.0142,0.0191,-0.003,-0.0303,-0.0793,-0.092,0.0211,-0.0034,-0.0181,-0.004,-0.0048
fz_branch=first_print,0.018,0.0216,0.0026,0.0033,-0.0141,-0.0179,-0.014,0.0567,-0.0107,-0.0138,-0.0126,0.0361,-0.0233,0.0129,0.0098,0.0003,0.0168,-0.0675,-0.0578,-0.0417,-0.0413,-0.028,0.0025,-0.015,0.0117,-0.0747,-0.086,0.0154,-0.0801,0.012,-0.0034,0.0328,-0.0028,0.0083,0.0066,0.0107,0.0179,0.0282,-0.0003,0.012,0.0155,-0.0024,0.0175,0.0288,-0.0556,-0.0233,0.0401,-0.0183,0.0307,0.0058,0.0111,0.0055,0.0207,0.0225,0.0159,-0.0653,-0.0661,0.0119,-0.0703,-0.063,0.0658,-0.0239,0.0171,0.0206,0.0095,-0.0479,-0.0234,0.0432,0.0027,-0.0078,0.0074,-0.007,-0.0273,0.0058,0.0131,-0.0236,-0.0768,-0.0818,0.0295,-0.0752,-0.0047,0.0173,-0.0165,-0.0221,0.0828,-0.0893,0.0057,-0.0508,-0.0801,0.0233,-0.0185,0.0767,0.0291,-0.0799,0.0953,0.0333,-0.0078,-0.011,-0.007,-0.0024,0.0149,-0.0251,-0.0265,-0.0803,0.0629,-0.0449,0.0766,0.0375,0.0178,-0.0721,-0.0038,0.0724,-0.0197,0.0092,-0.0107,-0.0069,0.0156,-0.0027,0.0104,-0.0143,0.0079,-0.185,0.1405,0.0777,-0.0204,0.6753,-0.0024,-0.0901,-0.0307,-0.0748,-0.0165,-0.0217,-0.0418,-0.1256,-0.0532,0.0865,-0.0543,-0.025,0.0468,-0.0341,0.0315,-0.0273,-0.0043,0.1068,-0.1261,-0.0565,-0.0545,-0.0152,-0.0868,-0.1009,0.0679,0.1046,-0.0791,-0.0195,0.2846,-0.1141,-0.0263,-0.0279,0.0897,-0.0658,-0.0124,-0.0149,1.0,-0.0393,-0.254,-0.0188,-0.0106,-0.0051,-0.0051,-0.013,-0.015,-0.0113,-0.0468,0.0665,-0.0041,-0.0066,-0.0029,-0.0119,-0.0155,-0.0384,0.0452,-0.082,-0.0493,0.0121,0.0498,0.015,-0.0489,0.0498,-0.0423,0.1365,-0.0368,0.129,0.0167,0.0149,-0.0701,-0.0698,0.0247,0.0134,-0.0016,0.0468,-0.0532,-0.0819,-0.0246,0.0304,-0.0744,0.0265,0.0392,-0.0742,0.0119,0.0013,0.0034,-0.0074,0.0032,0.0078,-0.0021,-0.0843,-0.0495,-0.067,0.0461,-0.0136,0.0042,0.0566,0.0015,-0.0694,-0.0342,0.0042,0.056,0.0002,-0.0639,-0.0314,0.0629,0.0018,-0.0811,-0.0437,0.0501,0.0108,0.0046,-0.0011,-0.0082,-0.0503,0.0283,0.0144,-0.0137,0.036,-0.0423,0.047,0.0448,-0.0143,-0.0128,-0.0381,0.004,-0.0137,-0.0066,0.0002,-0.02,-0.0024,-0.0017,-0.0105,0.0206,0.0074,-0.0276,-0.0128,-0.0174,-0.007,-0.0273,-0.0121,-0.0072,-0.045,0.0104,-0.0679,-0.0273,-0.0068,-0.0029,-0.0155,-0.0034,-0.0041
fz_branch=leave,-0.0115,-0.0117,0.0631,0.0147,0.0054,-0.0138,-0.0129,-0.0178,0.0466,-0.0698,-0.039,0.0451,0.0301,0.0018,0.0301,0.0259,0.0035,0.1492,0.1159,0.1086,0.101,0.1248,0.06,0.0831,-0.0186,0.06,0.0913,-0.0258,0.0351,-0.0208,0.0064,-0.0272,0.0031,0.0093,0.0165,0.0643,0.0024,-0.0255,-0.0185,0.0285,-0.0155,-0.0074,0.017,-0.0212,0.1416,0.0316,-0.1048,-0.0512,-0.1029,0.003,-0.0604,0.0172,-0.0278,-0.0578,-0.005,0.1389,0.1427,0.071,0.1652,0.0855,-0.1497,0.0143,0.0007,-0.0268,0.001,0.0938,0.0599,-0.1179,0.0074,0.0077,-0.0112,-0.0003,0.0674,-0.0075,0.0549,0.0191,0.1721,0.1672,0.0519,0.1506,0.0415,-0.0331,0.0739,0.099,-0.1,0.1071,-0.0537,0.0728,0.0812,-0.0303,0.0291,-0.0578,-0.0449,0.0537,0.1163,-0.0063,-0.0029,0.057,0.0195,0.0608,-0.0588,0.1046,-0.056,0.0296,-0.0516,0.0738,-0.0525,-0.0152,-0.1072,0.0769,-0.0117,-0.0762,0.0392,-0.0465,0.0355,0.0138,-0.0431,-0.0271,0.0095,-0.0401,0.037,0.0191,-0.1017,-0.0889,-0.063,-0.0582,-0.0074,0.4362,-0.0947,-0.231,-0.0509,-0.0668,-0.1292,0.1599,-0.048,0.1053,-0.0827,-0.1193,0.1731,-0.0989,-0.18,0.3543,-0.172,-0.1301,-0.0831,0.2952,0.2415,-0.0085,0.4425,0.0016,-0.3989,-0.023,-0.2443,-0.0214,0.8597,-0.3524,-0.0811,-0.0862,0.277,-0.2032,-0.0382,-0.0459,-0.0393,1.0,-0.7842,-0.058,-0.0328,-0.0157,-0.0157,-0.04,-0.0462,-0.0348,-0.1446,0.2053,0.0069,0.0421,-0.009,-0.0368,-0.0477,-0.1184,0.1271,-0.2531,-0.1522,-0.0275,-0.1511,-0.0322,0.1738,-0.1723,0.1582,-0.037,0.0447,-0.2961,0.0007,-0.0268,0.144,0.1151,0.0686,-0.0447,0.0325,-0.0039,0.1479,0.12,0.019,-0.0873,0.1075,-0.0628,-0.0561,0.1153,-0.0386,-0.0362,-0.0135,0.0019,-0.0342,-0.0169,0.0076,0.0764,0.0121,0.1245,-0.0825,0.1153,-0.0111,-0.0735,-0.0173,0.1028,0.0505,-0.0226,-0.0723,-0.0204,0.0988,0.0711,-0.075,-0.0192,0.0995,0.0616,-0.0316,-0.0269,-0.0221,0.0125,-0.0163,0.0266,-0.0174,-0.0037,0.0281,-0.0506,0.023,-0.1092,-0.1016,-0.022,-0.0092,0.1146,-0.1216,0.0386,-0.0203,0.0233,-0.0619,-0.0074,-0.0052,-0.0088,-0.0268,-0.0112,0.0714,-0.0308,-0.0536,0.0195,0.0566,-0.0375,0.0271,0.0733,0.0095,0.3989,0.3543,-0.0209,-0.009,-0.0477,-0.0104,-0.0128
fz_branch=nan,-0.03,-0.0291,-0.0245,0.0064,-0.0091,-0.0098,0.0176,-0.0185,-0.0452,0.0845,0.0497,-0.0372,-0.0276,-0.0027,-0.0384,-0.0087,-0.0133,-0.0686,-0.0655,-0.0421,-0.0362,-0.0753,-0.0651,-0.0714,-0.0232,-0.0089,-0.0059,0.0227,0.0162,0.0164,0.0121,-0.0193,0.0151,-0.0058,-0.0156,-0.0744,-0.0184,-0.01,0.0172,-0.0253,-0.0025,0.0094,-0.0447,-0.0162,-0.0318,-0.0288,0.0582,0.0535,0.048,-0.0167,0.0166,-0.0122,-0.0228,-0.0103,-0.0297,-0.1009,-0.0987,-0.0469,-0.1298,-0.0584,0.1027,-0.0148,-0.0199,0.0473,-0.0094,-0.0543,-0.0489,0.0833,-0.0172,-0.0048,0.0378,-0.0099,-0.042,0.0063,-0.0559,-0.008,-0.13,-0.1258,-0.0429,-0.0753,-0.0392,0.0273,-0.0484,-0.0782,0.0422,-0.0512,0.0257,-0.0385,-0.0156,0.0278,-0.0095,-0.0076,0.0303,0.0119,-0.1721,-0.035,0.0041,-0.0215,-0.0161,-0.0477,0.0292,-0.057,0.062,0.0102,0.0104,-0.0458,0.0186,-0.0222,0.0682,-0.0372,0.0149,0.0362,-0.0164,-0.0126,0.0076,-0.0014,0.0026,-0.0414,0.0275,-0.0088,-0.0111,0.0624,-0.0842,0.0459,-0.1893,-0.1454,0.0094,-0.3068,0.1016,0.2577,0.0564,0.0591,0.1313,0.0488,0.0838,-0.1624,0.1179,0.093,-0.1404,0.0841,0.1377,-0.2675,0.1282,0.0258,0.075,-0.2131,-0.1641,0.0276,-0.3171,0.0503,0.2943,-0.1071,0.3115,-0.3888,-0.8925,0.4493,0.1035,0.11,-0.3532,0.2591,0.0488,-0.2966,-0.254,-0.7842,1.0,-0.3746,0.0418,0.02,0.02,0.051,0.0589,0.0444,0.1844,-0.2618,-0.0002,-0.0264,-0.0118,0.0353,0.0519,0.1292,-0.1395,0.3228,0.194,-0.0069,0.0102,0.0251,-0.0317,0.0296,-0.0301,-0.1237,0.0143,0.1542,-0.0115,0.0191,-0.0779,-0.07,-0.0823,0.053,-0.0236,-0.0141,-0.073,-0.0459,-0.0106,0.0244,-0.0203,0.0075,0.0203,-0.0283,-0.0041,0.0078,0.019,0.011,-0.0011,0.0213,-0.0131,-0.0102,-0.0004,-0.084,0.0182,-0.0726,0.0078,0.0236,0.014,-0.0433,-0.0108,0.0155,0.024,0.0196,-0.0443,-0.0224,0.0183,0.0172,-0.0378,-0.0136,-0.0115,0.0193,0.0161,-0.0146,0.0173,-0.0046,-0.0136,-0.0088,-0.0066,0.02,-0.0095,0.0458,0.0512,0.0204,0.0162,-0.0689,0.1085,-0.0278,0.0049,0.0224,0.0789,0.0094,0.0067,0.0083,0.0473,0.0378,-0.0315,0.0509,0.0684,-0.0161,-0.0289,0.0478,-0.022,-0.0452,0.0275,-0.2943,-0.2675,0.0065,0.0115,0.0609,0.0133,0.0163
fz_branch=watch,0.0626,0.0601,-0.045,-0.0243,0.0145,0.0114,-0.0022,0.0368,0.03,-0.035,-0.0186,-0.0232,0.0151,-0.0045,0.0144,-0.0022,0.0088,0.0087,0.0174,-0.005,-0.0096,0.0266,0.057,0.0434,0.0478,-0.0038,-0.0173,-0.0148,-0.0101,0.0025,-0.0332,0.0442,-0.0297,-0.0042,-0.0069,0.085,0.0142,0.0628,-0.0154,0.024,0.0078,-0.0035,0.0391,0.0664,-0.1371,0.0151,0.0139,-0.0392,0.0239,0.0297,0.0417,0.0061,0.0701,0.0816,0.0577,0.0382,0.0298,-0.0106,0.0361,0.0206,-0.0258,0.0068,0.0406,-0.0525,0.0172,-0.0064,0.0216,-0.0177,0.0168,0.0088,-0.0559,0.0229,-0.0045,0.0119,-0.0113,0.0035,0.0254,0.0378,-0.0083,-0.009,0.0171,-0.0111,-0.0019,0.0164,-0.0056,0.0175,0.0097,-0.0062,-0.0102,-0.0152,0.0213,-0.0282,0.0013,0.0116,-0.0007,0.0478,0.0088,-0.0321,-0.0115,-0.0035,0.029,-0.0152,0.0037,0.0008,-0.0055,-0.0034,0.0073,-0.0307,-0.0228,0.0178,-0.0056,-0.0174,-0.0122,0.0743,-0.0434,0.0063,0.0347,0.1219,-0.0643,0.0912,-0.0519,-0.0089,-0.0294,0.0114,-0.0143,-0.0022,-0.0035,0.0121,-0.0014,-0.026,-0.0049,0.028,0.0149,-0.0319,-0.0137,0.0299,-0.0234,-0.0029,0.0225,-0.0257,-0.0233,0.0256,-0.0022,0.0196,0.0074,0.0137,0.0011,-0.0224,0.0183,-0.0009,-0.0191,0.0266,-0.1167,0.9635,-0.066,-0.1683,-0.0388,-0.0412,0.1323,-0.0971,-0.0183,-0.0219,-0.0188,-0.058,-0.3746,1.0,-0.0156,-0.0075,-0.0075,-0.0191,-0.0221,-0.0166,-0.0691,0.098,-0.0061,-0.0097,0.0491,0.009,-0.0022,-0.0065,0.0024,-0.1209,-0.0727,-0.005,-0.0112,-0.0208,-0.0256,0.0241,-0.0292,-0.0283,-0.0097,0.0055,0.0091,-0.0067,0.0026,0.0199,0.0825,-0.0539,0.043,-0.0038,0.0029,-0.0014,-0.007,0.0425,-0.0321,0.0348,0.0213,-0.0315,0.0279,0.0329,-0.0115,-0.0061,0.0465,-0.0145,0.001,-0.0069,0.0099,0.0316,0.0475,0.0109,-0.0065,0.0258,-0.0121,-0.0062,-0.0309,-0.0118,0.0225,-0.016,-0.0008,-0.0245,0.0294,-0.0169,-0.0002,-0.026,0.0361,-0.0174,-0.012,0.0189,-0.011,0.0204,0.051,0.0401,-0.0377,0.0215,-0.0051,0.0109,-0.0129,-0.0362,-0.0488,-0.0149,-0.0433,0.0308,0.0143,-0.0651,-0.0295,-0.0035,-0.0025,-0.0004,-0.0525,-0.0559,-0.0132,-0.0341,-0.0256,-0.0115,0.0087,-0.0179,-0.0119,-0.0036,-0.0643,0.0191,0.0256,0.0132,-0.0043,-0.0228,-0.005,-0.0061
fz_take_why=accepted_no_defend,0.0187,0.0132,-0.002,-0.0297,0.0273,-0.0031,0.0275,-0.013,0.0076,-0.0198,-0.0105,0.0136,0.0128,0.0277,0.0081,-0.0337,-0.0015,-0.1092,-0.0476,-0.1001,-0.0938,-0.0918,-0.0241,-0.0694,0.0209,-0.028,-0.086,-0.0047,-0.01,-0.0195,0.0052,0.0328,0.0103,0.0033,0.0265,-0.0296,0.0064,-0.0114,0.0201,-0.0139,0.0197,-0.002,0.0113,-0.0119,-0.0113,0.0128,0.0167,0.0322,0.0327,0.0111,0.0399,-0.0045,0.0271,0.045,0.0078,-0.0239,-0.0225,-0.0258,-0.0197,-0.0294,0.044,-0.0099,0.0237,-0.0129,0.0137,-0.0108,0.0036,0.0328,-0.0208,0.0639,-0.0136,0.0218,-0.0166,-0.0138,-0.0241,0.0071,-0.0192,-0.022,-0.0035,-0.0635,0.0012,0.0053,-0.0164,-0.0118,0.0608,-0.0403,-0.0079,-0.002,-0.0885,-0.0128,-0.0691,0.0901,-0.0113,-0.0521,0.1226,0.0238,-0.0065,0.0077,0.0132,-0.002,-0.0124,-0.0014,-0.0322,-0.0317,0.0566,-0.0031,-0.0116,0.0741,0.0189,-0.0543,-0.0032,0.0546,0.0074,0.0378,-0.0298,-0.0108,0.0405,0.0305,-0.022,-0.0065,0.0237,0.0186,0.1548,-0.0114,0.5198,-0.0157,-0.002,-0.0751,-0.0255,-0.0623,-0.0137,-0.018,-0.0349,-0.1045,-0.0443,0.072,-0.0453,0.0207,-0.0345,0.0229,0.0718,-0.0656,-0.0063,0.1044,0.0248,-0.0471,-0.0454,-0.0126,-0.0723,-0.0087,0.0566,0.0871,-0.0659,-0.0162,-0.0373,0.093,-0.0219,-0.0233,0.0747,-0.0548,-0.0103,-0.0124,-0.0106,-0.0328,0.0418,-0.0156,1.0,-0.0042,-0.0042,-0.0108,-0.0125,-0.0094,-0.039,-0.1596,-0.0035,-0.0055,-0.0024,-0.0099,-0.0129,-0.032,0.0377,0.1294,-0.0411,0.0161,0.1262,-0.0072,-0.0441,0.0446,-0.0348,0.164,0.0495,0.1075,-0.0017,-0.0019,-0.0479,-0.0243,-0.0475,-0.0025,-0.0517,-0.003,-0.0822,-0.0631,0.0105,0.0382,-0.0919,0.027,0.0078,-0.0934,0.0269,0.0286,-0.0552,0.0182,0.014,-0.0509,0.0357,-0.0694,-0.0113,-0.0271,0.0301,-0.0557,0.0151,0.0192,0.0195,-0.0495,-0.0123,0.0261,0.017,0.0161,-0.0485,-0.054,0.0239,0.0199,-0.0474,-0.0214,0.0033,0.0257,0.0231,-0.0136,0.0154,-0.0276,-0.003,-0.012,0.0145,-0.0006,0.01,0.08,0.0666,0.0187,0.0111,-0.0385,0.0274,-0.0177,-0.0055,-0.0213,-0.0167,-0.002,-0.0014,-0.0087,-0.0129,-0.0136,-0.0248,-0.0192,-0.0145,0.0132,-0.0287,-0.0101,0.0129,-0.0032,-0.022,-0.0566,-0.0656,-0.0056,-0.0024,-0.0129,-0.0028,-0.0035
fz_take_why=defend_opposite_in_visit,0.0109,0.0083,-0.0135,-0.0176,0.0088,0.0202,0.0193,-0.0082,-0.0112,-0.0095,-0.005,0.0096,-0.0147,0.0042,0.0039,-0.0185,-0.0103,-0.0482,-0.014,-0.0531,-0.0487,-0.0645,-0.0484,-0.0324,0.0094,-0.0189,-0.0489,0.0077,-0.0148,0.0169,0.0134,0.0012,0.0185,-0.0323,0.0099,-0.0504,-0.0037,0.0046,-0.0017,-0.002,-0.0137,-0.001,0.0106,0.0055,-0.0104,-0.0147,0.0069,0.0208,0.0239,0.0229,0.0168,-0.001,0.0163,0.0238,0.0128,-0.0177,-0.0148,-0.0183,-0.0193,0.015,0.0134,-0.0217,-0.0035,-0.0142,0.0306,0.0194,-0.0054,0.0128,0.0025,-0.0031,-0.0054,0.0019,0.0143,-0.0002,0.0028,-0.0171,-0.0071,-0.0228,0.0111,-0.012,-0.0114,0.0144,0.0122,-0.0004,0.02,-0.0219,0.0221,-0.0131,-0.0126,0.0146,-0.0385,0.0533,0.0154,-0.0183,0.0547,-0.0286,-0.0031,-0.0087,-0.0076,-0.001,0.0123,0.0134,0.0166,-0.0385,0.0442,-0.0066,0.0109,0.0261,0.0234,-0.0157,-0.0015,0.0158,-0.0186,0.0265,-0.0273,-0.0254,0.0209,0.0148,-0.0174,0.0165,-0.0051,0.0084,0.0826,-0.0255,0.2489,-0.0075,-0.001,-0.0359,-0.0122,-0.0298,-0.0066,-0.0086,-0.0167,-0.05,-0.0212,0.0345,-0.0217,0.0058,-0.0523,0.0606,0.0319,-0.0314,-0.0006,0.0523,0.02,-0.0225,-0.0217,-0.006,-0.0346,-0.013,0.0271,0.0416,-0.0316,-0.0078,-0.0178,0.0445,-0.0105,-0.0111,0.0358,-0.0262,-0.0049,-0.0059,-0.0051,-0.0157,0.02,-0.0075,-0.0042,1.0,-0.002,-0.0052,-0.006,-0.0045,-0.0187,-0.0764,-0.0017,-0.0026,-0.0012,-0.0047,-0.0062,-0.0153,0.018,0.062,-0.0197,0.0302,0.0659,0.0038,-0.0304,0.0318,-0.0226,0.0849,-0.0108,0.0514,-0.01,0.0073,-0.0358,-0.0106,-0.0372,-0.0175,-0.0228,-0.0069,-0.045,-0.0398,0.005,0.0193,-0.0565,0.0162,-0.0028,-0.0552,0.0111,0.0055,-0.0374,0.0253,-0.0015,-0.0322,0.0065,-0.0371,-0.0044,-0.0191,0.021,-0.0259,0.0062,0.0221,-0.0083,-0.0146,-0.019,-0.0024,0.0221,-0.0052,-0.0136,-0.0153,0.0267,-0.0046,-0.0239,-0.0225,0.0377,-0.0014,-0.0019,0.0056,-0.0067,-0.0192,0.0137,-0.0285,0.0117,-0.013,0.0236,-0.006,-0.0202,0.0299,0.0206,0.0023,0.0074,0.0145,-0.0026,-0.0197,-0.008,-0.001,-0.0007,-0.0042,-0.0142,-0.0054,-0.0209,-0.0092,-0.0069,-0.0076,-0.0137,-0.0048,-0.0077,-0.0067,-0.0174,-0.0271,-0.0314,-0.0027,-0.0012,-0.0062,-0.0013,-0.0017
fz_take_why=defend_wrong_half,0.0011,0.0007,-0.0135,0.0118,0.0088,-0.0201,0.0326,-0.0082,-0.0112,-0.0095,-0.005,-0.0076,0.0253,0.0126,0.0039,0.0028,-0.0235,-0.0622,-0.0402,-0.0497,-0.0396,-0.0364,0.0124,-0.0321,0.0191,-0.032,-0.0663,-0.0048,-0.0432,-0.0256,0.0047,0.0136,0.0091,-0.0053,0.0114,-0.014,-0.0158,0.0058,0.0064,0.0067,0.0164,-0.001,0.0106,0.0065,-0.0257,0.0253,0.0268,0.016,0.0138,-0.0229,0.0111,-0.0215,0.0086,0.0185,-0.0018,-0.0382,-0.0372,-0.0081,-0.0262,-0.022,0.0337,0.0084,-0.0035,-0.0142,0.0004,0.008,0.0041,0.0261,-0.0279,-0.0031,0.0084,0.0221,-0.015,0.0197,0.0232,0.002,-0.0297,-0.037,0.0177,-0.0383,0.013,-0.0091,-0.0345,-0.0048,0.0487,-0.0494,-0.001,-0.0104,-0.0423,-0.0254,-0.0304,-0.0629,0.0254,0.038,0.0264,-0.0046,-0.0031,-0.0087,-0.0076,-0.001,0.0123,-0.0155,0.029,-0.0183,-0.021,-0.0201,0.0583,-0.022,0.0347,-0.0568,-0.0015,0.057,-0.0018,0.0151,-0.0075,0.0004,0.0175,0.0223,-0.0174,0.0165,-0.0051,0.0183,0.0762,-0.0162,0.2489,-0.0075,-0.001,-0.0359,-0.0122,-0.0298,-0.0066,-0.0086,-0.0167,-0.05,-0.0212,0.0345,-0.0217,-0.0206,-0.0312,0.0606,-0.0105,-0.0314,0.0416,0.0523,0.0083,-0.0225,-0.0217,-0.006,-0.0346,0.0263,0.0271,0.0416,-0.0316,-0.0078,-0.0178,0.0445,-0.0105,-0.0111,0.0358,-0.0262,-0.0049,-0.0059,-0.0051,-0.0157,0.02,-0.0075,-0.0042,-0.002,1.0,-0.0052,-0.006,-0.0045,-0.0187,-0.0764,-0.0017,-0.0026,-0.0012,-0.0047,-0.0062,-0.0153,0.018,0.062,-0.0197,0.0449,0.0651,0.0032,-0.0608,0.0654,-0.0566,0.0758,-0.0285,0.0514,-0.024,-0.0107,-0.0385,-0.0402,0.0088,0.0022,-0.0202,0.0358,-0.0348,-0.0432,0.005,0.0149,-0.0463,0.0154,0.0215,-0.0445,0.0156,0.0143,-0.0152,0.0086,-0.0025,-0.0137,-0.0233,-0.0554,-0.0313,-0.0387,0.0082,0.0124,-0.0133,0.0284,0.0081,-0.0428,-0.0107,0.0042,0.0298,0.0111,-0.0409,0.0059,0.0331,0.008,-0.0521,-0.0148,0.0203,0.012,0.0042,-0.0075,0.0027,-0.029,0.0067,0.0283,-0.0252,0.0268,0.0035,0.0212,0.012,0.0149,0.005,0.0218,0.0308,-0.0139,-0.0026,-0.0197,-0.008,-0.001,-0.0007,-0.0042,-0.0142,0.0084,-0.0102,-0.0092,-0.0069,-0.0076,-0.0137,-0.0048,-0.0077,-0.0201,-0.0174,-0.0271,-0.0314,-0.0027,-0.0012,-0.0062,-0.0013,-0.0017
fz_take_why=first_print_against,-0.0064,-0.007,-0.0202,0.0192,0.0231,0.0126,-0.0103,0.0024,-0.02,-0.0242,-0.0128,0.0119,-0.0031,-0.0127,0.0099,0.0018,0.0025,-0.0843,-0.0645,-0.0602,-0.0532,-0.0332,0.0196,-0.0129,0.0275,-0.0856,-0.0758,0.0072,-0.0517,0.0042,-0.0101,0.0088,-0.0064,0.0134,0.0169,-0.0153,0.0032,0.0122,0.0017,-0.0078,-0.0164,-0.0024,0.0181,0.0142,-0.0572,-0.0031,0.0315,0.0199,0.025,-0.0056,-0.0183,0.0045,-0.0063,-0.0117,0.0023,-0.0727,-0.0698,-0.015,-0.0398,-0.0193,0.0597,0.0125,-0.009,-0.0224,0.0018,-0.024,0.0166,0.0184,0.0113,-0.0079,-0.0218,0.0057,-0.0033,0.0039,-0.0073,-0.0069,-0.0548,-0.0674,0.0068,-0.0966,0.0025,0.0078,-0.0332,-0.0337,0.0848,-0.0895,0.0305,-0.0485,-0.076,0.003,-0.0108,0.0695,-0.007,-0.1122,0.1014,-0.0287,-0.0079,-0.0115,0.0045,-0.0024,0.0079,-0.0648,0.0394,-0.0221,0.0083,-0.0513,0.0637,0.0211,0.0338,-0.08,-0.0039,0.0803,-0.0123,-0.0162,0.0161,0.016,-0.0198,0.0046,-0.0031,0.0094,-0.008,-0.1883,0.1527,0.1076,-0.0208,0.6874,-0.0024,-0.0918,-0.0312,-0.0762,-0.0168,-0.022,-0.0426,-0.1279,-0.0541,0.088,-0.0553,-0.0107,0.0446,-0.0459,0.0492,-0.0591,0.0096,0.1216,-0.1284,-0.0575,-0.0555,-0.0154,-0.0884,-0.1027,0.0692,0.1065,-0.0805,-0.0198,-0.0456,0.1136,-0.0268,-0.0284,0.0913,-0.067,-0.0126,-0.0151,-0.013,-0.04,0.051,-0.0191,-0.0108,-0.0052,-0.0052,1.0,-0.0152,-0.0115,-0.0477,-0.195,-0.0042,-0.0067,-0.003,-0.0121,-0.0157,-0.039,0.046,0.1581,-0.0502,0.0587,0.0841,-0.0056,-0.0599,0.0636,-0.0462,0.139,-0.0591,0.1313,0.0025,-0.0042,-0.0827,-0.0722,0.0068,0.0466,-0.0053,0.0067,-0.0711,-0.0803,-0.042,0.0411,-0.0793,0.0643,0.0209,-0.0767,0.0371,0.0198,-0.0015,0.0028,-0.0025,0.0031,-0.0168,-0.0646,-0.0347,-0.0758,0.0407,-0.0027,-0.0184,0.0543,0.0029,-0.067,-0.0334,0.0099,0.0532,-0.0015,-0.0652,-0.0517,0.0664,0.0004,-0.0753,-0.048,0.026,0.0104,0.0083,-0.0001,-0.0037,-0.0378,-0.0086,0.011,0.0067,0.0046,-0.0032,0.0184,0.0121,0.0002,-0.013,-0.0391,0.1032,-0.0217,-0.0067,-0.0286,-0.0204,-0.0024,-0.0017,0.0109,-0.0224,-0.0218,-0.0425,-0.0235,-0.0177,0.0045,-0.0351,-0.0124,0.0041,-0.0513,-0.0031,-0.0692,-0.0591,-0.0069,-0.003,-0.0157,-0.0034,-0.0042
fz_take_why=leave_against,0.0095,0.0102,-0.0024,-0.0012,0.0062,0.0102,-0.001,0.0001,0.0113,-0.0279,-0.0148,-0.0118,0.0096,-0.0188,0.0115,0.0031,-0.0048,-0.0359,-0.0787,0.0308,0.026,0.0471,0.0416,0.0234,-0.0016,-0.0738,-0.0125,-0.0044,-0.0432,-0.0089,-0.0001,-0.0037,0.0083,-0.0068,-0.0206,0.0078,0.0007,0.0449,-0.0274,0.0134,0.0299,-0.0028,0.0235,0.0476,-0.0931,0.0096,0.0221,0.0045,0.0161,0.0042,-0.0019,-0.0049,0.0077,0.0041,0.0108,-0.0871,-0.0651,0.0,-0.0616,0.0515,0.0352,0.0081,0.0118,-0.0118,-0.0032,-0.0302,-0.0171,-0.0043,0.0136,0.016,-0.0091,-0.0091,-0.0291,-0.0179,0.0394,-0.0027,-0.0544,-0.0886,-0.0027,-0.0988,0.0019,-0.0011,-0.0428,-0.0359,0.0807,-0.1125,0.03,-0.0383,-0.0317,-0.0097,0.0149,0.0691,0.0304,-0.1026,0.0324,-0.073,-0.0091,-0.0256,-0.0225,-0.0028,0.0362,-0.049,0.047,0.033,-0.062,-0.0592,0.0701,-0.0157,-0.0122,-0.0613,-0.0044,0.0617,-0.0355,0.0054,-0.0023,0.0036,-0.0003,-0.0065,-0.0256,0.0455,-0.0308,-0.0276,0.0343,-0.0325,-0.024,-0.0222,-0.0028,0.1661,-0.036,-0.0879,-0.0194,-0.0254,-0.0492,0.03,-0.0044,-0.0161,0.0243,-0.0152,0.0404,-0.036,-0.0242,0.0542,-0.0297,0.0148,-0.0639,0.0886,0.1163,-0.0048,0.1689,0.0029,-0.0371,0.027,0.1343,-0.0229,-0.0526,-0.0825,-0.0309,-0.0328,-0.1138,0.1681,-0.0146,-0.0175,-0.015,-0.0462,0.0589,-0.0221,-0.0125,-0.006,-0.006,-0.0152,1.0,-0.0133,-0.0551,-0.2252,0.0891,0.1112,-0.0034,0.019,-0.0182,-0.0055,-0.0217,-0.042,-0.0579,0.0204,-0.0357,0.0189,0.038,-0.0395,0.0465,0.0646,-0.0174,-0.0639,-0.0035,-0.0069,-0.0738,-0.088,-0.0131,0.0114,0.0041,0.0285,-0.0475,-0.0482,-0.0646,0.018,0.0048,0.0008,0.0285,-0.0052,0.0095,0.027,-0.0364,0.0292,0.024,-0.038,0.0287,-0.0361,-0.0275,-0.0899,0.0374,0.0203,-0.004,0.0651,-0.0281,-0.0305,-0.0539,-0.0236,0.0639,-0.0316,-0.0281,-0.047,0.0719,-0.0273,-0.0463,-0.0636,0.0405,-0.0258,-0.0231,0.0308,-0.0313,-0.0151,0.0352,0.0318,-0.0302,0.0383,-0.0244,-0.0611,-0.0739,-0.0319,-0.0337,-0.041,0.1256,0.0216,0.022,-0.0063,-0.0235,-0.0028,-0.002,0.0251,-0.0118,-0.0091,-0.0489,-0.0272,-0.0204,-0.0225,-0.0405,0.0343,-0.0227,-0.0593,-0.0256,0.0371,0.0542,0.0208,-0.0034,-0.0182,-0.004,-0.0049
fz_take_why=leave_gap_quiet,-0.1647,-0.1532,-0.03,-0.0391,-0.0423,-0.0446,-0.0455,-0.047,-0.0248,0.4745,-0.0112,-0.0301,-0.0038,0.0396,-0.0708,0.0111,-0.0179,0.1325,0.1133,0.1149,0.1066,-0.0356,-0.1537,-0.1156,-0.1626,0.1109,0.0898,-0.0099,-0.0086,-0.0009,0.0047,-0.163,0.0018,-0.0014,0.0,0.0837,-0.0189,-0.0057,-0.0129,0.0172,-0.0106,-0.0021,-0.3232,-0.0351,0.0265,-0.0038,-0.023,-0.005,-0.0272,0.0034,-0.0172,0.008,-0.1632,-0.1561,-0.1598,-0.0184,-0.0097,0.0391,-0.0405,-0.07,-0.0177,-0.0928,-0.0078,0.3088,-0.0841,0.0103,-0.0067,0.0,-0.0845,-0.0069,0.2335,-0.0857,0.0,0.0,0.0,0.0,0.0045,-0.0251,0.027,0.1416,0.0016,0.0019,0.035,0.0263,-0.1066,0.1531,-0.0267,0.1124,0.1195,0.0037,-0.0507,-0.0527,0.0099,-0.0276,0.0678,-0.0089,-0.0069,0.0173,0.0655,-0.0021,-0.0533,0.0393,-0.0872,-0.0211,-0.0408,0.0836,-0.0118,-0.0339,-0.0666,0.0418,-0.0034,-0.0416,0.1319,-0.1503,0.1389,0.0966,-0.1167,-0.0069,0.2519,-0.1218,-0.056,0.0183,-0.0798,-0.0028,-0.0181,-0.0167,-0.0021,0.1251,-0.0271,-0.0662,-0.0146,-0.0192,-0.037,-0.0182,-0.0353,0.0483,-0.0249,-0.0037,0.0332,-0.0384,-0.0272,0.0705,-0.0429,-0.0859,-0.0691,0.0691,0.0851,0.7433,-0.0769,-0.0038,-0.0786,-0.0825,0.0894,-0.0173,-0.0396,-0.0511,-0.0233,-0.0247,-0.0744,0.1139,-0.011,-0.0132,-0.0113,-0.0348,0.0444,-0.0166,-0.0094,-0.0045,-0.0045,-0.0115,-0.0133,1.0,-0.0415,-0.1696,-0.0037,-0.0058,-0.0026,0.0765,-0.0137,0.0182,-0.0323,-0.0201,-0.0436,0.0105,-0.0765,0.0096,-0.0138,0.0126,-0.0089,0.0099,0.0919,-0.037,-0.0135,0.0025,0.1277,0.089,0.088,-0.0471,-0.0178,0.0025,-0.0217,0.0085,0.0097,-0.0758,0.1087,-0.0672,-0.0571,0.102,-0.0652,-0.1432,0.1524,-0.1059,-0.1354,0.1493,-0.1141,0.0614,-0.0067,0.0735,-0.161,-0.1297,-0.0062,-0.0759,-0.013,0.0915,0.0853,-0.0176,-0.076,-0.0134,0.0902,0.0844,-0.0606,-0.016,0.0815,0.0563,-0.0367,-0.0157,-0.0182,0.0095,-0.0099,0.0142,0.0009,-0.0094,0.037,-0.0037,-0.005,-0.1339,-0.0416,-0.0767,0.0406,-0.0293,-0.1203,-0.1404,-0.0058,0.2288,0.4177,-0.0021,-0.0015,0.0154,0.3088,0.2335,0.1427,0.4303,0.4377,0.0655,0.1564,-0.0108,0.0647,0.0834,0.2519,0.0786,0.0705,0.0319,-0.0026,0.1721,-0.003,-0.0037
fz_take_why=leave_vol_fail,-0.0441,-0.0439,0.0824,0.0337,-0.0255,0.0005,-0.0206,0.017,-0.035,-0.0528,-0.0464,-0.0119,-0.0044,0.0541,0.0359,0.0131,-0.0133,0.0009,-0.0723,0.0686,0.0699,0.0932,0.0519,0.0455,-0.0171,-0.0991,-0.0028,-0.0045,-0.0735,-0.0,0.0047,-0.0325,-0.0008,-0.0189,0.0007,0.0002,-0.0141,-0.052,0.0213,0.0033,0.0201,-0.0088,0.0206,-0.0467,0.1186,-0.0019,-0.0796,0.0202,-0.0926,0.022,-0.061,0.01,-0.0554,-0.0605,-0.0406,-0.1505,-0.1236,0.0173,-0.1747,-0.0751,0.142,-0.015,-0.0079,0.0128,0.0089,-0.0709,-0.0764,0.0845,-0.0008,0.0085,0.0312,-0.0232,-0.081,-0.0178,-0.01,-0.0178,-0.1375,-0.1712,-0.0259,0.013,-0.0103,0.0084,-0.009,-0.0069,0.0693,-0.0881,-0.0357,-0.0892,-0.0109,0.0043,0.0506,0.0137,-0.0068,-0.0367,0.0042,-0.0785,0.0363,0.0426,-0.036,-0.0088,-0.0169,0.0853,0.0257,0.0405,0.0244,-0.0487,-0.0263,0.0449,-0.0404,-0.0586,-0.0139,0.0596,0.0262,-0.0449,0.0341,0.0087,-0.0345,-0.0137,0.0172,-0.0027,-0.01,0.0948,-0.2517,-0.0482,-0.075,-0.0694,-0.0088,0.5195,-0.1127,-0.2751,-0.0606,-0.0796,-0.1538,-0.1536,-0.105,0.1957,-0.1381,-0.0759,0.1068,-0.0587,-0.0991,0.1834,-0.0832,-0.0579,-0.1719,0.3011,0.3391,-0.0462,0.5368,0.0751,-0.2112,-0.0511,0.2437,-0.0717,-0.1646,-0.0922,-0.0966,-0.1027,-0.1859,0.3353,-0.0455,-0.0547,-0.0468,-0.1446,0.1844,-0.0691,-0.039,-0.0187,-0.0187,-0.0477,-0.0551,-0.0415,1.0,-0.7044,0.0366,0.0306,0.0137,0.0474,0.1178,0.2692,-0.3078,0.0428,-0.1812,-0.0311,-0.1259,-0.0393,-0.1789,0.1772,-0.1862,-0.2238,0.0757,-0.0327,-0.0137,0.0031,-0.0705,-0.133,-0.0218,-0.0122,0.0119,0.0462,-0.0212,-0.0595,-0.0238,-0.0058,-0.0024,-0.0172,-0.0088,0.0005,-0.0307,0.0136,-0.0767,0.0667,-0.0094,-0.0703,0.0417,-0.0227,-0.0238,-0.1603,-0.0709,0.0947,-0.0135,0.0079,0.0282,-0.0402,-0.0348,0.0208,0.0131,0.0231,-0.0398,-0.0422,0.0368,0.0293,-0.0766,-0.0431,0.0222,0.0255,0.0231,-0.0226,0.0156,-0.0133,-0.0193,-0.0189,0.0548,-0.0199,0.0335,-0.0975,-0.0966,-0.054,-0.0449,0.0983,0.0615,-0.0082,-0.0022,0.0506,-0.0663,-0.0088,-0.0062,0.0029,0.0128,0.0312,-0.0637,-0.0333,-0.0554,-0.036,-0.02,-0.0447,-0.0368,-0.0492,0.0172,0.2112,0.1834,-0.0037,-0.0108,-0.0568,-0.0124,-0.0152
fz_take_why=nan,0.0558,0.0556,-0.0688,-0.0159,0.0221,0.0078,0.027,-0.0131,0.0208,-0.0186,0.0659,0.0169,-0.0317,-0.0602,-0.0329,-0.0139,0.027,-0.0252,0.0432,-0.0844,-0.0886,-0.0881,-0.0312,-0.0251,0.0387,0.071,-0.0055,0.0358,0.0788,0.0308,0.0041,0.0565,0.0094,0.0229,0.0062,-0.0126,0.0222,0.0354,-0.002,-0.0252,-0.0244,0.0125,0.0345,0.0351,-0.1026,-0.0317,0.0852,-0.0021,0.104,-0.0077,0.073,0.0022,0.074,0.0848,0.0563,0.117,0.0853,-0.0322,0.1132,0.0258,-0.0928,0.002,0.0129,-0.0415,0.0199,0.0449,0.0333,-0.0265,0.0054,-0.0269,-0.0618,0.0436,0.0317,0.0222,-0.0117,0.0265,0.0695,0.1216,0.007,-0.0344,-0.028,0.0197,0.0111,-0.0142,-0.06,0.0651,0.0464,0.0354,0.0052,0.032,-0.0426,-0.0746,-0.0197,0.1501,-0.0335,0.0875,-0.0269,-0.0408,0.0348,0.0125,0.0135,-0.0883,0.0435,0.0082,-0.0206,0.0088,0.0008,-0.0667,0.0731,0.0664,-0.0109,-0.0657,-0.0569,0.0697,-0.0576,-0.0276,0.0457,0.0216,-0.0506,0.0176,0.0188,-0.0889,0.2677,0.0332,-0.0606,-0.0847,0.0125,-0.6164,0.16,0.3905,0.086,0.113,0.2184,0.3408,0.1711,-0.2961,0.197,0.0497,-0.0616,0.0278,0.0453,-0.0723,0.0266,0.0568,0.2987,-0.3916,-0.3673,-0.1114,-0.5916,-0.0709,0.0848,0.066,-0.1235,0.1018,0.2336,-0.0781,0.1372,-0.4202,0.3204,-0.2359,0.0647,0.0776,0.0665,0.2053,-0.2618,0.098,-0.1596,-0.0764,-0.0764,-0.195,-0.2252,-0.1696,-0.7044,1.0,-0.0484,-0.0455,-0.0243,-0.1348,-0.2058,-0.4909,0.5687,-0.2806,0.2573,-0.0087,0.1041,0.0267,0.3284,-0.3241,0.3217,0.1538,-0.1614,-0.1645,0.0277,0.0323,0.0309,0.0894,0.0027,0.0335,-0.0271,-0.0484,0.022,0.0552,0.0392,0.0348,-0.0278,0.0379,0.0354,-0.0299,0.0462,0.019,0.0466,-0.0447,0.0439,0.0405,-0.0247,0.0214,0.0474,0.1133,0.0974,-0.0803,0.0365,-0.0079,-0.0069,0.0155,0.0107,-0.0036,-0.0115,-0.0003,0.014,0.0242,-0.0422,-0.0066,0.0576,0.0416,-0.0173,-0.0069,-0.0048,0.0008,0.0049,0.0263,0.0074,0.0075,-0.0594,0.0113,-0.0271,0.1323,0.1178,0.0547,0.0257,-0.083,-0.0405,0.0146,0.0077,-0.0747,0.0001,0.0125,0.0088,-0.0068,-0.0415,-0.0618,0.0114,-0.0311,-0.0187,0.0348,0.0495,0.0489,0.0362,0.0095,-0.0506,-0.0848,-0.0723,0.001,0.0153,0.0387,0.0177,0.0216
fz_entered_read=ACCEPTED,0.0165,0.012,0.0112,-0.0144,-0.0156,0.0,0.0158,0.0145,-0.0091,-0.0077,-0.0041,-0.0092,-0.012,0.0266,0.0032,-0.0163,-0.0051,-0.013,-0.0082,-0.0029,-0.0023,0.0019,0.0143,-0.0006,0.0046,0.0146,-0.0031,0.0155,0.0085,0.0033,-0.0188,0.0144,-0.0056,-0.0039,-0.003,0.0058,-0.0098,-0.0273,0.0223,-0.0154,0.0256,-0.0008,0.0086,-0.0268,0.0277,-0.012,-0.0258,0.0108,-0.0144,0.0089,0.0053,-0.0109,0.0152,0.0131,0.0123,-0.0027,0.0083,-0.0003,-0.0053,0.0159,-0.0144,-0.0218,-0.0029,0.0097,0.0167,-0.0077,-0.0097,-0.0153,0.0186,-0.0025,0.0012,-0.0191,-0.0445,-0.0049,0.0168,0.0088,0.0044,0.002,-0.0235,0.0104,-0.0118,0.0163,-0.0055,-0.0085,0.0165,-0.0024,0.0044,0.0136,0.0139,0.0119,0.0113,0.0244,0.0003,-0.0283,0.0186,-0.0359,-0.0025,0.0258,-0.0062,-0.0008,-0.0141,0.0163,-0.0009,0.0057,-0.0012,0.0001,-0.0057,0.0049,-0.0176,-0.0212,-0.0012,0.0213,0.0203,0.0096,-0.0059,0.0035,0.0036,0.0163,0.004,0.0051,-0.0087,0.0454,0.0076,-0.0138,-0.0066,-0.0061,-0.0008,0.046,-0.01,-0.0244,-0.0054,-0.007,-0.0136,-0.0125,-0.0173,0.0028,0.0136,-0.0006,-0.0125,0.0166,0.013,-0.0256,0.0124,0.0179,-0.0267,0.0122,0.0448,-0.0049,0.0478,0.0474,0.0221,0.034,-0.0258,-0.0063,0.0033,0.0241,-0.0086,-0.0091,0.0292,-0.0214,-0.004,-0.0048,-0.0041,0.0069,-0.0002,-0.0061,-0.0035,-0.0017,-0.0017,-0.0042,0.0891,-0.0037,0.0366,-0.0484,1.0,-0.0021,-0.001,-0.0039,-0.005,-0.0125,-0.0917,0.0377,-0.016,0.0099,0.0092,0.0211,0.0056,-0.0046,0.0058,0.0297,-0.0131,0.042,-0.0044,0.021,-0.002,0.0003,-0.0064,0.0046,-0.0107,-0.0103,0.0177,0.0095,0.0041,0.0261,0.0003,0.0182,0.0109,0.001,0.0095,0.0313,-0.0072,0.0057,0.0167,-0.0103,0.0263,0.0104,0.0313,-0.0043,-0.0007,0.0206,0.015,-0.0293,0.021,-0.0009,0.0318,0.0208,-0.0303,0.0193,-0.0022,0.0036,-0.0284,0.023,-0.0008,0.0267,-0.0218,0.021,0.021,-0.0178,0.0184,-0.0118,-0.0085,0.0099,-0.0057,-0.0159,0.0129,-0.022,-0.0297,-0.0047,-0.0123,-0.0012,0.0102,-0.0135,-0.0021,0.0007,-0.0065,-0.0008,-0.0006,-0.0034,0.0097,0.0012,-0.0127,-0.0075,-0.0057,-0.0062,-0.0112,-0.004,-0.0063,0.0,0.004,-0.0221,-0.0256,-0.0022,-0.001,-0.005,-0.0011,-0.0013
fz_entered_read=FIRST_PRINT,-0.046,-0.0477,0.0388,0.0115,0.0401,-0.0155,-0.0162,-0.0274,-0.0144,-0.0122,-0.0065,0.0017,-0.0112,-0.0089,0.005,-0.0311,-0.0019,-0.0084,-0.0251,0.0151,0.0207,0.032,0.0393,0.0103,-0.0078,-0.0305,0.0033,0.0197,-0.0093,0.0159,-0.0084,-0.0305,-0.006,-0.003,0.0165,0.0429,0.0039,-0.0091,0.0105,-0.0071,-0.0099,-0.0012,-0.0037,-0.0082,0.0207,-0.0112,-0.0249,-0.0261,-0.0392,-0.008,-0.0391,-0.0092,-0.0569,-0.0638,-0.0441,-0.0053,0.0017,0.018,-0.0168,0.0142,0.0142,0.016,-0.0045,-0.0048,-0.0125,0.0018,-0.0042,-0.009,0.0216,-0.004,0.0073,-0.0263,-0.0114,0.0064,0.0238,-0.0065,-0.0103,-0.0184,0.0395,-0.0003,-0.0192,0.0176,-0.0112,-0.0239,0.0225,-0.0308,-0.0002,-0.0195,0.0058,0.0112,0.0122,0.0143,-0.0112,-0.044,0.003,-0.0286,-0.004,0.0304,-0.0099,-0.0012,-0.0147,0.0067,-0.0383,-0.0262,-0.0171,0.0053,0.0416,0.0086,-0.0441,-0.0097,-0.0019,0.0098,0.0148,-0.063,0.052,0.0287,-0.0486,-0.0093,0.0352,-0.0077,-0.0181,-0.0525,0.0215,-0.0413,-0.0105,-0.0097,-0.0012,0.0728,-0.0158,-0.0385,-0.0085,-0.0112,-0.0216,-0.0107,-0.0073,-0.0036,0.0117,-0.0164,0.0253,-0.0155,0.0001,0.0255,-0.0253,0.0284,-0.0467,0.029,0.061,0.0215,0.0676,-0.042,0.035,0.0259,-0.0325,-0.01,0.0335,0.011,0.004,-0.0144,0.0383,-0.0339,-0.0064,-0.0077,-0.0066,0.0421,-0.0264,-0.0097,-0.0055,-0.0026,-0.0026,-0.0067,0.1112,-0.0058,0.0306,-0.0455,-0.0021,1.0,-0.0015,-0.0061,-0.008,-0.0198,-0.1451,0.0311,-0.0254,-0.0124,-0.0176,0.0149,0.0159,-0.016,0.0171,0.0594,-0.0215,0.0665,-0.0014,0.0185,0.0194,-0.005,0.0252,-0.0017,-0.02,-0.0102,0.0332,0.0169,-0.0292,-0.0242,0.0082,-0.0013,-0.0158,0.0059,-0.0145,-0.0121,-0.0143,0.007,-0.0145,-0.0099,-0.0186,0.0056,0.0008,-0.005,-0.0331,0.049,0.0133,-0.0158,0.0126,0.0082,-0.0011,0.0085,-0.0161,0.0065,0.0095,0.0035,-0.0103,0.0108,0.0019,0.0027,0.0097,0.0067,0.0106,-0.0094,0.0094,-0.0211,-0.0094,0.003,0.0011,-0.011,-0.0101,-0.0576,-0.0566,-0.0433,-0.0246,0.0168,-0.0213,0.0082,-0.0034,0.0275,-0.0103,-0.0012,-0.0009,-0.0054,-0.0048,0.0073,0.0005,-0.0119,-0.0089,-0.0099,-0.0039,-0.0063,-0.01,0.0052,0.0352,-0.035,0.0255,-0.0035,-0.0015,-0.008,-0.0017,-0.0021
fz_entered_read=HUNT,0.0104,0.014,-0.0078,-0.0102,0.0131,-0.0116,0.0111,-0.0122,0.0306,-0.0055,-0.0029,-0.0124,0.0089,0.0003,0.0022,0.0256,0.0245,0.005,-0.0017,0.0102,-0.0029,0.0063,-0.0025,0.0034,-0.0048,0.0029,0.02,-0.0131,0.0167,0.0116,0.0249,0.0,0.0162,-0.0052,0.0062,-0.0285,0.0208,0.0109,0.0037,0.0019,-0.0079,-0.0006,0.0061,0.0113,-0.013,0.0089,0.0303,-0.0007,0.0209,-0.0273,0.0219,-0.0293,0.0075,0.0194,-0.0022,0.0044,0.0003,-0.0089,0.0166,0.026,-0.0057,-0.0067,-0.002,-0.0082,0.0118,-0.002,0.0344,-0.0222,-0.0044,-0.0018,-0.0111,0.0128,0.0039,0.0148,-0.0141,0.0194,0.0009,0.0174,-0.0325,-0.0109,0.0053,0.0062,0.0056,0.0105,0.0247,-0.0294,-0.0161,-0.0045,-0.0007,-0.0089,0.0392,-0.0187,0.0089,-0.0025,-0.0194,-0.0019,-0.0018,-0.005,-0.0044,-0.0006,0.0071,0.0137,0.0301,-0.0047,-0.0121,-0.0116,0.0268,-0.034,0.007,-0.0328,-0.0009,0.0329,-0.0025,0.0187,-0.0326,-0.0372,0.0108,-0.0131,-0.01,0.0036,0.0036,0.0287,-0.0249,0.0105,-0.0047,-0.0043,-0.0006,0.0325,-0.0071,-0.0172,-0.0038,-0.005,-0.0096,-0.0288,-0.0122,0.0199,-0.0125,0.011,-0.0363,0.035,0.0,-0.0181,0.0179,-0.0048,0.0115,0.0303,0.0096,-0.0035,0.0338,0.0402,0.0156,0.024,-0.0182,0.0471,-0.0103,0.0084,-0.006,0.0307,0.0029,-0.0151,-0.0029,-0.0034,-0.0029,-0.009,-0.0118,0.0491,-0.0024,-0.0012,-0.0012,-0.003,-0.0034,-0.0026,0.0137,-0.0243,-0.001,-0.0015,1.0,-0.0027,-0.0036,-0.0088,-0.0648,0.0175,-0.0113,-0.0152,-0.017,0.0027,-0.038,0.0359,-0.039,-0.0303,0.0297,0.0297,0.0243,-0.0063,-0.0118,-0.0025,-0.0344,-0.027,0.0054,-0.0043,-0.0313,-0.0198,0.0029,0.0106,-0.0129,0.0006,-0.0032,-0.0126,-0.0041,-0.0106,0.005,-0.0292,-0.0195,0.0023,-0.02,0.006,-0.0105,0.0036,0.0029,-0.0191,-0.0002,-0.0151,0.0043,0.0033,0.0152,0.0046,-0.0154,0.0041,0.0031,0.0207,-0.0118,0.004,0.0028,0.0122,-0.0108,0.0042,0.004,-0.0004,0.0042,-0.0167,0.0081,0.0069,-0.0024,0.0168,-0.0122,0.0151,0.0117,0.0045,0.0023,-0.0215,0.0113,-0.0017,-0.0015,-0.0113,-0.0046,-0.0006,-0.0004,-0.0024,-0.0082,-0.0111,0.0002,-0.0053,-0.004,-0.0044,-0.0079,-0.0028,-0.0044,-0.0116,-0.01,-0.0156,-0.0181,-0.0016,-0.0007,-0.0036,-0.0008,-0.001
fz_entered_read=RECYCLE,-0.051,-0.0504,0.062,-0.0096,-0.0267,-0.024,-0.0252,-0.0162,0.0107,0.0846,0.0077,-0.0246,-0.0143,0.0131,-0.016,0.0145,-0.0141,0.0463,-0.0076,0.0871,0.0804,0.0599,-0.0028,0.0052,-0.0627,0.0173,0.0582,0.004,-0.0102,0.0148,0.0215,-0.0655,0.0245,0.026,-0.0212,0.0574,-0.0122,-0.0154,-0.0091,0.0209,0.0053,-0.0022,-0.0815,-0.0201,0.0782,-0.0186,-0.0604,-0.0278,-0.0493,0.0084,-0.02,0.0085,-0.0545,-0.05,-0.0547,0.0062,0.0128,0.0471,-0.0059,-0.0165,-0.0215,-0.0245,-0.0082,0.0643,-0.0112,0.039,0.0013,-0.0449,-0.0237,-0.0073,0.0858,-0.0382,0.0054,0.0166,-0.0139,0.0035,0.0315,0.0072,0.0215,0.0338,0.0007,-0.0025,0.0018,-0.0144,0.0036,0.0196,-0.0235,0.0161,0.0346,0.0142,0.0509,0.0436,-0.0056,-0.0925,-0.0227,-0.0201,0.0556,-0.0088,-0.0049,-0.0022,-0.0052,0.0228,-0.0665,-0.0423,0.0349,0.0571,-0.0324,0.0676,-0.0649,-0.0182,-0.0035,0.0184,0.004,-0.0501,0.0417,0.0264,-0.0356,0.0038,0.0745,-0.0189,-0.0355,0.0537,-0.0709,-0.0256,-0.0191,-0.0176,-0.0022,0.1321,-0.0287,-0.0699,-0.0154,-0.0202,-0.0391,-0.0836,-0.0385,0.0496,-0.0233,0.0257,-0.0473,0.034,0.026,-0.0599,0.0335,-0.0602,-0.1078,0.0601,0.103,0.1652,0.0881,0.0422,0.0635,-0.0161,-0.0419,0.0074,-0.0418,0.0656,-0.0051,0.1493,-0.031,-0.0615,0.0678,-0.0139,-0.0119,-0.0368,0.0353,0.009,-0.0099,-0.0047,-0.0047,-0.0121,0.019,0.0765,0.0474,-0.1348,-0.0039,-0.0061,-0.0027,1.0,-0.0145,-0.0359,-0.2633,0.1045,-0.0461,0.0297,-0.0904,0.0096,-0.0521,0.0527,-0.0433,0.0773,0.0659,0.1206,-0.0125,0.0054,0.0773,0.0234,0.0177,-0.0604,-0.0064,-0.0002,0.0404,0.0213,-0.0094,-0.06,0.0525,-0.0479,-0.0642,0.056,-0.0473,-0.0567,0.03,-0.0119,-0.0566,0.0257,-0.0267,0.0445,-0.0208,0.019,-0.0667,0.0278,0.0069,-0.0416,-0.0062,0.0477,0.0372,-0.0116,-0.0402,-0.0092,0.0514,0.039,-0.0381,-0.005,0.0375,0.0267,-0.0186,-0.0099,-0.0093,0.0038,-0.008,0.0051,-0.0026,0.0015,0.0202,0.0025,-0.0198,-0.0892,-0.0615,-0.0339,-0.0157,0.0047,-0.0591,-0.0228,-0.0061,0.0948,0.0438,-0.0022,-0.0016,-0.0098,0.0643,0.0858,0.0865,0.088,0.041,-0.0049,-0.0245,-0.0114,-0.0051,0.0569,0.0745,-0.0635,-0.0599,-0.0063,-0.0027,0.0496,-0.0032,-0.0039
fz_entered_read=REJECT,0.0452,0.0443,-0.0109,-0.0044,-0.0115,-0.0118,-0.0047,0.0352,0.0232,-0.0288,0.0149,-0.021,0.0378,0.0005,0.0118,0.0063,-0.0075,0.0115,0.0155,-0.0127,-0.0063,0.0018,0.0116,0.0063,0.0064,-0.0158,-0.0251,-0.0219,-0.0221,-0.0203,0.0055,0.0296,-0.0142,0.006,-0.0431,-0.0135,-0.0042,0.0043,-0.0214,0.0234,0.0075,-0.0029,0.0172,0.0069,0.0269,0.0378,0.0038,0.0061,-0.0055,-0.014,-0.0045,-0.0064,0.0403,0.0305,0.0392,0.0054,0.0233,-0.0103,0.0141,0.0348,-0.015,0.0035,-0.0107,-0.0316,0.0164,-0.0117,-0.0035,-0.017,0.0265,-0.0094,-0.0309,-0.0025,0.0058,0.0034,0.0289,-0.0207,0.0418,0.0157,-0.0095,0.0362,0.0356,-0.0266,0.0043,0.0441,0.002,-0.0084,-0.0244,0.0197,-0.0346,-0.0379,0.0038,-0.0076,-0.0022,-0.0045,-0.0384,-0.0224,-0.0094,0.0184,-0.0233,-0.0029,0.0044,0.0403,-0.0006,0.0451,-0.0248,0.0107,-0.0396,-0.0672,-0.0111,-0.0014,-0.0046,0.0017,0.0154,0.0353,-0.025,-0.0137,0.0196,-0.0232,-0.0181,-0.0001,0.0138,0.0793,-0.1308,0.0019,-0.0248,-0.0229,-0.0029,0.1715,-0.0372,-0.0908,-0.02,-0.0263,-0.0508,-0.1526,-0.0646,0.105,-0.066,0.0212,-0.0572,0.0512,0.0345,-0.0956,0.0605,-0.0198,-0.0749,0.1485,0.0618,-0.0184,0.1781,0.0213,0.0825,-0.0136,-0.0783,-0.0037,-0.0543,0.1121,-0.0092,0.2383,-0.0386,-0.0799,-0.015,-0.0181,-0.0155,-0.0477,0.0519,-0.0022,-0.0129,-0.0062,-0.0062,-0.0157,-0.0182,-0.0137,0.1178,-0.2058,-0.005,-0.008,-0.0036,-0.0145,1.0,-0.0466,-0.3418,0.164,-0.0598,-0.0005,0.0104,-0.0051,-0.1755,0.1754,-0.1756,-0.1238,-0.268,0.1566,-0.0094,-0.0407,-0.0001,0.0054,-0.0074,-0.0191,0.0192,0.0284,0.0011,-0.013,-0.0001,-0.0029,-0.0097,-0.0003,-0.009,-0.0118,-0.0035,-0.0073,-0.0072,0.0105,-0.0033,-0.0008,-0.0062,-0.0387,-0.0188,0.0003,0.0051,0.0427,-0.0394,0.027,-0.0191,-0.004,-0.0394,-0.0228,0.0268,-0.0168,-0.0028,-0.0078,0.0348,-0.0188,-0.0146,-0.0424,0.0194,-0.0151,-0.0223,0.022,-0.0259,-0.0315,0.0076,0.0133,0.0105,0.0044,0.0205,-0.0118,-0.0174,0.0056,0.0064,0.0265,0.0041,0.0406,-0.008,-0.0234,-0.0243,-0.0029,-0.0021,-0.0127,-0.0316,-0.0309,-0.0213,-0.028,-0.0211,-0.0233,-0.0418,-0.0147,-0.0235,0.0105,-0.0181,-0.0825,-0.0956,-0.0082,-0.0036,-0.0188,-0.0041,-0.005
fz_entered_read=THIN,-0.0011,0.0001,0.0155,0.0232,-0.0228,0.0047,-0.0354,0.0293,0.0009,-0.0167,-0.0046,-0.0163,0.021,0.0385,0.0122,0.0024,-0.0214,0.1005,0.048,0.0981,0.1023,0.1049,0.043,0.0746,-0.0023,0.0502,0.0822,-0.0115,0.0178,-0.0075,-0.0137,-0.0074,-0.018,-0.0313,0.0139,0.0237,-0.0169,-0.0252,0.004,0.0223,0.0183,-0.0072,0.0104,-0.0273,0.0913,0.021,-0.0741,-0.0286,-0.0825,0.0046,-0.0541,0.0053,-0.0238,-0.0483,-0.0009,0.0385,0.0433,0.038,0.045,0.044,-0.0306,0.0171,-0.0171,-0.0199,-0.0031,-0.007,0.0087,-0.0446,0.0072,0.0089,0.0013,-0.0094,0.0431,0.0074,0.0058,-0.0006,0.0484,0.0521,-0.0039,0.1066,0.0179,-0.0212,0.0212,0.03,-0.0541,0.0634,-0.0342,0.0263,0.0767,-0.0212,0.095,0.0391,0.0064,-0.0859,-0.1592,-0.0126,0.0304,0.0215,0.0003,-0.0072,-0.0236,0.0818,-0.0902,-0.0371,0.0199,0.0366,-0.0066,0.0556,-0.0587,0.045,0.0326,-0.0472,0.0317,-0.0312,0.0247,0.0093,-0.0121,-0.0138,-0.0019,-0.001,0.0025,0.1446,-0.4249,-0.0266,-0.0615,-0.0568,-0.0072,0.4255,-0.0923,-0.2253,-0.0496,-0.0652,-0.126,-0.3317,-0.1219,0.21,-0.1391,0.051,-0.0899,0.0626,0.0589,-0.1713,0.1112,-0.1313,-0.2287,0.2848,0.2387,0.0102,0.4266,0.1053,0.2046,-0.1865,-0.1755,-0.0104,-0.1348,0.2609,0.0277,0.5449,-0.0915,-0.1982,-0.0169,-0.0448,-0.0384,-0.1184,0.1292,-0.0065,-0.032,-0.0153,-0.0153,-0.039,-0.0055,0.0182,0.2692,-0.4909,-0.0125,-0.0198,-0.0088,-0.0359,-0.0466,1.0,-0.8481,0.3887,-0.1484,-0.0257,-0.1303,-0.0168,-0.3654,0.3575,-0.3662,-0.3418,0.3615,0.3885,-0.0229,-0.0081,0.0613,0.0358,0.0017,-0.0483,0.0523,-0.0082,0.0835,0.0717,-0.003,-0.0575,0.1081,-0.0518,-0.0434,0.1137,-0.0387,-0.0109,-0.002,0.0048,-0.0134,-0.0004,0.0113,0.0732,0.0043,0.0306,-0.0655,0.0779,-0.0012,-0.0389,0.0067,0.0348,0.0367,0.0033,-0.0364,0.0028,0.0353,0.0206,-0.0337,0.0058,0.0273,0.0254,-0.0163,-0.0013,0.0064,-0.0059,0.0072,0.0253,-0.0098,-0.0133,0.0384,-0.0153,0.0196,-0.0768,-0.0693,-0.0058,0.0022,0.0805,-0.0463,0.0269,-0.007,0.0084,-0.0132,-0.0072,-0.0051,-0.0075,-0.0199,0.0013,0.0177,-0.002,-0.0082,0.0003,-0.1038,-0.0366,-0.0007,0.0362,-0.0019,-0.2046,-0.1713,-0.0081,-0.0088,-0.0301,-0.0102,-0.0125
fz_entered_read=nan,0.004,0.0035,-0.0353,-0.0155,0.0266,0.0112,0.0409,-0.0307,-0.012,0.0037,-0.0023,0.0316,-0.0265,-0.0395,-0.0119,-0.0039,0.0251,-0.1048,-0.0409,-0.111,-0.1151,-0.1174,-0.0495,-0.0717,0.0197,-0.04,-0.082,0.0136,-0.0046,0.0062,0.005,0.0184,0.0144,0.0187,0.0076,-0.038,0.0191,0.0289,0.0032,-0.0324,-0.0212,0.0085,0.008,0.0309,-0.1201,-0.0252,0.0868,0.0345,0.0964,0.0014,0.0598,0.0002,0.0291,0.0538,0.0083,-0.0371,-0.0524,-0.0461,-0.0415,-0.0539,0.0385,-0.0089,0.0229,0.0108,-0.0009,0.0009,-0.0077,0.0626,-0.0148,-0.0009,-0.0156,0.0263,-0.0357,-0.013,-0.0195,0.0067,-0.067,-0.0527,-0.0011,-0.1186,-0.0257,0.0247,-0.0189,-0.0352,0.0384,-0.051,0.0475,-0.0336,-0.0671,0.0267,-0.1069,-0.0483,-0.0019,0.1162,0.1614,0.0348,-0.0389,-0.031,0.013,0.0085,0.0241,-0.0987,0.1041,0.0321,-0.0146,-0.0538,0.0226,-0.0403,0.0845,-0.0273,-0.0254,0.0291,-0.0396,0.037,-0.0303,-0.0132,0.0208,0.0214,-0.0194,0.0071,0.0069,-0.1752,0.4499,0.0387,0.0725,0.067,0.0085,-0.5017,0.1089,0.2656,0.0585,0.0769,0.1486,0.3877,0.1484,-0.2424,0.153,-0.059,0.1157,-0.0873,-0.0747,0.2063,-0.1302,0.1354,0.277,-0.3357,-0.2816,-0.0545,-0.4913,-0.1164,-0.2412,0.1664,0.2076,0.0072,0.1475,-0.2987,-0.0186,-0.6177,0.0954,0.2337,0.002,0.0528,0.0452,0.1271,-0.1395,0.0024,0.0377,0.018,0.018,0.046,-0.0217,-0.0323,-0.3078,0.5687,-0.0917,-0.1451,-0.0648,-0.2633,-0.3418,-0.8481,1.0,-0.449,0.175,0.0161,0.1432,0.0089,0.4112,-0.4042,0.4091,0.3185,-0.228,-0.4581,0.0265,0.0165,-0.0796,-0.0397,-0.005,0.0701,-0.0476,-0.0006,-0.0912,-0.0669,0.0097,0.0705,-0.1079,0.0586,0.063,-0.1128,0.0516,0.0291,-0.0017,-0.0043,0.0323,-0.0045,0.0023,-0.0654,0.0071,-0.0318,0.0814,-0.1028,0.0105,0.0433,-0.0013,-0.0451,-0.0326,0.0055,0.041,0.0034,-0.0472,-0.0294,0.0333,-0.0008,-0.0302,-0.0181,0.014,0.0063,0.0016,-0.001,0.0023,-0.0055,0.0083,0.004,-0.0435,0.0133,-0.018,0.1102,0.0983,0.0206,0.0056,-0.0838,0.0588,-0.0329,0.0121,-0.0308,0.0107,0.0085,0.006,0.016,0.0108,-0.0156,-0.0323,-0.0107,0.0054,0.013,0.1178,0.0431,0.014,-0.0532,-0.0194,0.2412,0.2063,0.0132,0.0104,0.021,0.012,0.0147
fz_watch_kind=WATCH,0.0256,0.022,-0.0231,-0.0049,0.033,-0.0034,0.0276,0.0305,-0.0164,-0.0593,-0.0813,-0.0236,0.0046,-0.0488,0.0518,-0.021,0.0058,-0.0903,-0.0316,-0.1117,-0.1045,-0.0781,0.002,-0.0402,0.0481,-0.0622,-0.1066,0.0089,-0.0531,0.0089,0.0005,0.0509,0.0003,-0.0157,0.0126,-0.0803,0.0097,0.0373,-0.0427,0.0407,-0.0046,-0.0154,0.0457,0.0396,-0.0318,0.0055,0.0368,-0.0053,0.0236,-0.0307,0.0232,-0.0481,0.0205,0.041,0.0104,-0.0616,-0.0601,-0.0262,-0.0438,-0.0086,0.0675,0.0313,-0.0324,-0.0662,0.0119,-0.0209,-0.0217,0.0531,0.019,-0.0087,-0.051,0.0196,-0.0072,0.0334,-0.028,-0.0043,-0.0305,-0.0654,-0.0024,-0.0506,0.0015,-0.0009,-0.0255,-0.0072,0.0331,-0.0593,0.0022,-0.0017,-0.0853,-0.004,0.0047,0.1592,0.0059,-0.184,-0.0356,-0.0439,0.012,-0.0438,-0.0234,-0.0154,0.0454,-0.024,-0.001,-0.0346,0.0768,-0.022,-0.0092,0.0938,0.0728,-0.0225,0.0038,0.0223,-0.0444,0.0435,-0.0313,-0.0126,0.0424,0.0163,-0.0768,0.0399,0.0141,0.235,-0.3654,0.0242,0.0224,0.0471,0.0292,-0.0562,-0.1974,-0.3421,0.1845,0.2334,0.4697,-0.655,-0.2456,0.3913,-0.2411,0.1544,-0.2362,0.1436,0.231,-0.4096,0.1762,0.0889,0.0409,-0.012,-0.0578,-0.0476,-0.0437,0.1527,0.4373,0.0025,-0.5093,-0.1255,-0.2881,0.7184,-0.1692,0.3407,0.3283,-0.4237,-0.0797,-0.0957,-0.082,-0.2531,0.3228,-0.1209,0.1294,0.062,0.062,0.1581,-0.042,-0.0201,0.0428,-0.2806,0.0377,0.0311,0.0175,0.1045,0.164,0.3887,-0.449,1.0,-0.3172,0.0418,0.1464,-0.0045,-0.6275,0.6267,-0.6099,-0.4013,0.1167,0.8305,0.0047,0.0049,-0.1099,-0.0746,-0.0935,0.0042,-0.0151,0.0267,-0.0559,-0.0481,0.0023,0.0363,-0.079,0.0532,-0.0002,-0.0799,0.0282,0.051,-0.0421,0.0327,0.0311,-0.0417,0.0258,-0.0968,-0.0521,-0.079,0.0228,0.0054,0.0069,0.1045,-0.0371,-0.0653,-0.0859,-0.0322,0.1054,-0.0444,-0.057,-0.0864,0.1125,-0.0376,-0.0816,-0.094,0.0287,-0.0328,-0.0298,0.0484,-0.047,-0.0394,0.0228,-0.0093,0.0039,0.0125,-0.0014,0.0061,-0.0076,0.0362,0.0214,-0.019,0.0997,0.0092,-0.0178,-0.0661,-0.0631,-0.0154,-0.0109,-0.0212,-0.0662,-0.051,-0.0795,-0.0525,-0.0427,-0.0234,-0.2186,-0.0782,-0.0252,-0.0228,-0.0768,-0.4373,-0.4096,-0.02,-0.0189,-0.0644,-0.0218,-0.0267
fz_watch_kind=WATCH_EDGE,-0.0173,-0.0184,-0.018,0.0436,0.018,0.0041,-0.0217,0.0105,-0.0139,-0.0251,-0.0488,-0.0131,-0.0095,0.0864,-0.0122,-0.0031,-0.0163,-0.0,-0.0197,0.0131,0.0177,0.0002,-0.0204,0.0093,0.0001,0.0466,0.1124,0.0165,0.1316,0.0114,0.0204,-0.0216,0.0034,0.0024,-0.0076,0.0031,-0.0149,-0.0491,0.0803,-0.0721,-0.0193,-0.0093,0.0174,-0.048,-0.0298,-0.012,0.0574,0.0603,0.0606,-0.0134,0.0258,0.0006,0.0012,0.0169,-0.006,0.0198,-0.0078,-0.0457,-0.0182,-0.0206,0.0068,-0.0013,0.0132,-0.014,0.0073,-0.0053,0.0232,-0.0031,-0.0078,0.0057,0.0028,0.0049,-0.0143,-0.0111,0.009,0.0193,-0.086,0.001,-0.0664,-0.0351,-0.0109,0.0007,-0.0169,-0.0455,-0.0005,0.0272,0.0191,-0.0641,0.1241,0.0093,0.0216,-0.1295,0.0029,0.2049,-0.384,0.0148,-0.0122,-0.0152,0.0185,-0.0093,0.0032,-0.0168,0.0841,-0.0117,-0.0268,-0.0845,0.1131,-0.0706,0.0392,0.0224,-0.0146,-0.0214,0.0469,0.0084,-0.0176,-0.0274,0.0144,-0.0438,-0.0211,-0.0017,0.0177,-0.151,0.2489,0.0376,-0.079,-0.073,-0.0093,-0.3488,-0.1186,0.6588,-0.0638,-0.0838,-0.1619,0.2935,0.3438,-0.5699,0.3647,0.0365,-0.0418,0.0162,0.083,-0.2031,0.1188,-0.025,0.028,-0.2186,-0.2109,-0.0587,-0.3359,-0.1013,0.2628,0.1231,-0.3061,-0.0754,-0.1732,0.4318,-0.1017,-0.1081,0.3471,-0.2547,-0.0479,-0.0575,-0.0493,-0.1522,0.194,-0.0727,-0.0411,-0.0197,-0.0197,-0.0502,-0.0579,-0.0436,-0.1812,0.2573,-0.016,-0.0254,-0.0113,-0.0461,-0.0598,-0.1484,0.175,-0.3172,1.0,-0.0301,-0.0304,0.0177,0.325,-0.3247,0.3168,0.226,-0.122,-0.2807,-0.0153,-0.0024,-0.0068,0.0083,-0.0211,0.033,-0.009,-0.1079,0.0245,0.0577,0.0086,-0.0082,0.0511,-0.0103,0.0103,0.0478,0.0156,-0.0065,0.0481,-0.0153,0.0149,0.0429,-0.0187,0.1693,0.158,0.0182,0.0736,-0.0557,-0.0039,-0.0876,0.0685,0.0154,0.0578,0.064,-0.0893,0.0916,0.0015,0.0586,-0.1088,0.068,0.0639,0.1012,-0.0416,0.0646,0.0647,-0.0792,0.0951,0.0645,-0.038,0.01,-0.0302,0.014,-0.0234,0.0973,0.0811,0.0454,0.0267,-0.0607,0.0184,-0.0198,0.0063,-0.0187,-0.0241,-0.0093,-0.0065,-0.0006,-0.014,0.0028,0.0226,-0.0364,-0.0346,0.0185,0.0485,-0.047,0.0171,-0.085,-0.0211,-0.2628,-0.2031,0.0045,0.0123,-0.0052,0.0073,0.0173
fz_band_width,0.0299,0.0315,-0.0306,-0.0121,-0.0081,-0.0149,0.0421,-0.0015,0.0128,0.0083,0.0091,-0.0506,0.0353,-0.0035,-0.0098,0.0314,-0.0198,0.0011,-0.004,0.0171,0.0228,0.0147,0.0029,0.0126,-0.0125,-0.018,0.004,-0.0173,-0.0111,-0.033,-0.031,0.0333,-0.0369,-0.0044,-0.0169,-0.0079,-0.018,-0.0229,0.0216,-0.0288,-0.0193,0.0,0.0151,-0.0266,-0.0254,0.0338,0.0069,0.0335,0.024,0.0112,0.0017,0.0127,0.0215,0.018,0.0212,-0.038,-0.0298,0.04,-0.0145,-0.0082,0.0293,0.0341,-0.0261,-0.031,-0.0131,-0.0091,-0.0181,0.0017,0.0126,-0.0095,-0.0346,0.0138,0.0215,0.0288,-0.004,-0.0373,-0.0008,-0.0356,0.0082,-0.0093,0.0388,-0.0278,-0.0288,0.0163,0.0253,-0.0101,-0.0018,0.0058,0.0039,-0.0358,0.0275,0.0115,-0.0001,0.0433,0.1024,0.0066,-0.0017,-0.0443,0.006,0.0,0.028,-0.0067,0.0183,0.0357,0.0022,-0.0227,-0.0241,0.0267,0.0129,-0.0197,-0.0011,0.0198,0.0171,0.0263,-0.0169,-0.0038,0.0227,-0.0063,-0.0046,-0.0013,0.0047,0.009,0.0842,0.0925,0.06,0.0493,-0.023,-0.0301,0.0,-0.0604,0.0497,-0.0034,0.0392,-0.0754,-0.0194,0.0775,-0.0695,0.0353,-0.0071,-0.0274,-0.0063,0.008,0.0018,-0.0195,0.0024,-0.0191,-0.0202,0.0274,-0.0371,0.0078,0.0,0.0605,-0.0256,-0.0043,0.0105,0.0181,-0.0274,-0.0132,0.0309,-0.015,-0.0042,0.0413,0.0121,-0.0275,-0.0069,-0.005,0.0161,0.0302,0.0449,0.0587,0.0204,0.0105,-0.0311,-0.0087,0.0099,-0.0124,-0.0152,0.0297,-0.0005,-0.0257,0.0161,0.0418,-0.0301,1.0,0.3192,-0.0313,-0.1002,0.1012,0.1041,0.0513,0.0091,0.0395,-0.0249,-0.0358,-0.0314,-0.0338,-0.0399,-0.0074,0.0734,-0.0303,-0.0174,-0.0185,0.0121,0.0343,-0.0106,0.0183,0.0439,-0.0163,0.0383,0.008,-0.0007,0.0176,0.0001,0.001,0.0186,-0.0045,-0.005,-0.037,0.0321,0.0075,-0.0237,-0.0035,0.0218,-0.0346,0.0216,0.0232,-0.0024,0.0266,-0.0417,0.008,0.0043,0.0213,-0.0362,0.0084,-0.012,0.0267,0.0252,-0.0186,0.0227,-0.0169,-0.0388,0.0068,0.0195,0.0142,-0.0028,0.0028,-0.0039,0.0287,0.0138,-0.0179,0.0514,0.0254,-0.0487,-0.0268,-0.0064,0.0,0.0,-0.0262,-0.031,-0.0346,-0.0309,0.0054,-0.0135,0.006,-0.0237,0.0,0.006,-0.0227,-0.0046,0.0,0.008,-0.0487,-0.0127,-0.0076,-0.0163,-0.0297
fz_band_width_atr,0.2125,0.2104,-0.2519,-0.1237,0.1027,0.1199,0.1406,0.0292,-0.0481,-0.1615,0.0534,-0.0358,0.0084,0.0148,0.0429,-0.1256,0.0073,-0.6319,-0.0885,-0.9194,-0.8325,-0.7048,-0.0315,-0.4391,0.2648,-0.1052,-0.6331,-0.0019,-0.0358,-0.0085,-0.0175,0.319,-0.0062,-0.038,0.0892,-0.1616,0.004,0.017,0.0111,-0.0039,-0.0297,0.0,0.18,0.0247,-0.0695,0.008,0.0869,0.0491,0.1229,-0.0236,0.1362,-0.0768,0.2262,0.2704,0.1749,-0.0435,-0.0421,-0.3395,0.0206,0.0696,0.0497,0.0718,0.0255,-0.2648,0.0719,-0.01,-0.0075,0.1048,0.1043,0.0153,-0.3047,0.1147,-0.038,0.0067,-0.0,0.0001,-0.0006,-0.0034,-0.1085,-0.1329,0.0011,-0.003,-0.0064,-0.0062,0.0846,-0.097,0.0026,-0.0529,-0.4316,-0.0089,-0.3597,0.0524,0.0003,0.2534,0.3445,0.0937,0.0321,-0.0744,0.0115,0.0,0.036,-0.0067,0.1023,0.0414,0.042,-0.0514,-0.043,0.0031,0.1476,-0.0689,-0.016,0.0701,-0.046,0.2517,-0.1679,-0.0335,0.2046,0.248,-0.2394,0.1083,0.0534,0.1434,0.3155,0.2242,0.2074,0.0982,0.0008,-0.2593,0.0,-0.1246,0.1244,0.1119,0.1889,-0.2649,-0.1409,0.2652,-0.1644,0.0794,-0.13,0.0744,0.055,-0.1486,0.0279,0.5684,0.1817,-0.1742,-0.1639,-0.1018,-0.2385,0.0963,0.0,0.2353,-0.1406,-0.0152,-0.0025,0.1308,-0.0501,-0.104,0.1883,-0.1225,-0.0939,0.1293,0.0498,-0.1511,0.0102,-0.0112,0.1262,0.0659,0.0651,0.0841,-0.0357,-0.0765,-0.1259,0.1041,0.0092,-0.0176,-0.017,-0.0904,0.0104,-0.1303,0.1432,0.1464,-0.0304,0.3192,1.0,-0.0164,-0.3365,0.3375,-0.2554,0.0089,-0.109,0.1864,0.0033,0.0056,-0.3589,-0.0794,-0.1505,0.0509,-0.1267,0.0085,-0.2318,-0.2143,0.0216,0.2854,-0.5068,0.3059,0.1973,-0.504,0.2412,0.1025,0.0718,-0.0363,0.1282,0.0686,-0.0054,-0.4483,-0.0251,-0.0723,0.1607,-0.1126,0.0271,0.1669,0.0124,-0.1974,-0.1585,0.0435,0.1658,-0.0111,-0.186,-0.2526,0.1866,0.0146,-0.2245,-0.1603,0.1353,0.0412,0.0277,-0.0,-0.0149,-0.1441,0.0234,-0.1103,0.0296,-0.0022,0.0462,0.1706,0.1181,0.1781,0.1142,-0.0386,0.0976,-0.0073,-0.0323,-0.3313,-0.1383,0.0,0.0,0.0108,-0.2648,-0.3047,-0.2545,-0.1577,-0.1352,0.0115,-0.0648,0.0,0.0115,-0.0514,-0.2394,0.0,-0.1486,-0.0323,-0.0181,-0.1128,-0.0232,-0.0333
fz_pos_in_band,0.0072,0.0093,-0.025,0.011,0.0138,-0.0272,0.0168,-0.0061,0.011,0.003,0.0096,-0.0232,-0.7126,-0.0103,0.0057,-0.006,-0.0,-0.0248,-0.042,0.0074,0.0021,0.016,0.0273,0.0185,0.0154,-0.0679,-0.0505,0.7214,-0.0869,0.6026,0.1408,0.0082,0.3395,0.0509,0.2729,-0.0293,0.0102,-0.0031,0.0055,-0.002,-0.0173,0.0,-0.0049,-0.0021,-0.011,-0.7056,0.0178,0.0588,0.0083,0.0027,0.0087,0.0103,0.0131,0.0153,0.0109,-0.0425,-0.04,0.0221,-0.0619,-0.0453,0.0806,-0.2887,-0.0035,-0.0134,0.2975,-0.0216,-0.034,0.0465,-0.1587,-0.004,0.0125,0.15,-0.015,0.1492,-0.2021,-0.0058,-0.0632,-0.0567,0.0343,-0.0514,-0.692,0.6936,0.2989,-0.282,0.0559,-0.0575,-0.0198,-0.0553,-0.0477,0.7121,0.0242,0.0385,0.4273,0.0189,-0.0361,-0.0003,-0.0227,-0.0147,-0.0289,0.0,0.0364,-0.0093,0.0339,0.0059,0.006,-0.026,0.0089,-0.004,0.0114,-0.0349,0.0055,0.0345,-0.0005,0.0152,-0.0048,0.0124,-0.0003,0.0166,-0.0232,0.0164,-0.0012,-0.0482,0.0166,0.0045,-0.006,0.0062,0.0059,-0.0301,0.0,0.0347,0.0035,-0.0009,-0.0117,0.0194,-0.7475,-0.0152,0.7563,0.0249,0.0164,-0.0449,-0.051,0.0185,0.0406,0.0137,-0.0164,-0.1303,0.0999,0.0277,-0.0372,-0.0225,0.0,-0.0164,0.006,-0.0162,-0.0189,0.0109,0.0125,-0.0047,-0.0026,-0.0093,0.019,-0.0026,0.015,-0.0322,0.0251,-0.0208,-0.0072,0.0038,0.0032,-0.0056,0.0189,0.0096,-0.0393,0.0267,0.0211,0.0149,0.0027,0.0096,-0.0051,-0.0168,0.0089,-0.0045,0.0177,-0.0313,-0.0164,1.0,0.0,0.0025,-0.0056,0.0202,-0.014,0.0133,0.0314,0.682,-0.0361,-0.0417,-0.042,0.0092,0.0169,0.0329,-0.0557,-0.0583,0.0267,0.031,-0.0364,0.0221,0.0397,-0.0292,0.0157,0.0252,-0.039,-0.0056,0.0247,-0.034,0.0233,-0.0509,-0.0081,-0.0407,0.0207,-0.003,0.4365,0.0188,0.0092,-0.0267,-0.0233,0.0256,0.0198,-0.0131,-0.0135,-0.0909,0.0374,0.0119,-0.0555,-0.0388,0.0242,0.013,0.0321,-0.0064,0.0005,-0.0329,0.0035,0.0043,-0.0209,0.0435,0.0053,0.0155,-0.0032,-0.0247,-0.0266,-0.033,0.063,-0.011,0.0137,-0.0129,-0.0007,0.0,0.0,0.0144,-0.0134,0.0125,-0.0288,0.0166,0.0028,-0.0289,-0.1193,0.0,-0.0289,-0.026,-0.0232,0.0,0.0185,0.0137,0.0257,0.0029,0.0379,0.0291
fz_pos_in_band_dir,-0.1042,-0.0988,0.0742,0.0558,-0.0678,-0.0338,-0.0379,-0.0265,0.013,0.1299,-0.0458,0.0032,0.0067,-0.0708,-0.1029,0.036,-0.0042,0.3704,0.2315,0.3191,0.2929,0.2187,-0.0146,0.1012,-0.1466,0.2733,0.3889,-0.0206,0.2426,-0.0215,-0.0235,-0.1541,-0.0192,0.0189,-0.0401,0.1221,-0.0086,-0.0171,0.011,-0.0227,-0.0044,0.0,-0.1176,-0.026,0.0494,0.0049,-0.0151,-0.0022,-0.0307,0.0003,-0.0337,0.0386,-0.0996,-0.1145,-0.084,0.2269,0.2103,0.0811,0.1481,0.0758,-0.1869,-0.0325,0.0083,0.1349,-0.0438,0.0866,0.112,-0.1839,-0.0207,-0.0085,0.122,-0.0667,0.0737,-0.0273,0.0203,0.0434,0.0845,0.1709,0.0508,0.2041,0.0073,-0.0225,0.0159,0.0147,-0.263,0.2821,-0.0209,0.102,0.334,-0.007,0.0736,-0.1672,-0.0073,0.0009,-0.0091,0.0111,-0.0245,0.0332,0.0182,0.0,-0.0289,-0.0351,-0.1028,0.0956,-0.0668,0.1018,-0.1304,-0.0409,-0.0943,0.211,0.0065,-0.2116,0.0106,-0.1128,0.0823,0.0299,-0.0811,-0.113,0.1371,-0.0966,0.0071,-0.2216,0.378,-0.0417,-0.1113,-0.0797,-0.0316,-0.2267,0.0,0.7202,-0.099,-0.2456,-0.3983,0.8755,0.5087,-0.866,0.4888,-0.0312,0.0644,-0.0452,-0.0273,0.0888,-0.0222,-0.3119,-0.0023,-0.1437,-0.1526,0.027,-0.2365,-0.1471,0.0,-0.1003,0.4147,-0.0234,0.0505,-0.3866,0.1008,-0.2647,-0.2164,0.395,0.1454,-0.0765,-0.0489,0.1738,-0.0317,-0.0256,-0.0441,-0.0304,-0.0608,-0.0599,0.038,-0.0138,-0.1789,0.3284,0.0056,0.0159,-0.038,-0.0521,-0.1755,-0.3654,0.4112,-0.6275,0.325,-0.1002,-0.3365,0.0,1.0,-0.9958,0.9662,0.4231,-0.0991,-0.649,-0.0032,-0.0292,0.3165,0.2437,0.0963,-0.0213,0.0669,-0.1354,0.3128,0.333,0.0358,-0.1874,0.3469,-0.1958,-0.0992,0.3429,-0.1327,-0.1202,0.1131,-0.0713,-0.0745,0.1025,-0.0408,0.3395,0.1345,0.2486,-0.0787,0.0216,-0.0154,-0.2037,-0.0013,0.2242,0.1918,-0.0146,-0.2061,0.0214,0.211,0.2344,-0.27,-0.0068,0.3128,0.2482,-0.1912,-0.0206,-0.0135,-0.0238,0.0389,0.1429,-0.0574,0.0435,-0.0271,-0.0175,-0.0235,-0.0228,0.0219,-0.0645,-0.0404,-0.0162,-0.1794,0.0393,0.0185,0.1527,0.1387,0.0,0.0,0.0072,0.1349,0.122,0.2408,0.0899,0.0987,0.0182,0.2206,0.0,0.0182,0.1018,0.1371,0.0,0.0888,0.0185,0.0204,0.1562,0.032,0.0462
fz_dist_band_edge_ahead,0.1044,0.0991,-0.0736,-0.0573,0.0693,0.0332,0.0368,0.0264,-0.0121,-0.1296,0.048,-0.005,-0.0065,0.0697,0.1044,-0.0374,0.0035,-0.3758,-0.2352,-0.3223,-0.2953,-0.2211,0.0152,-0.1046,0.1458,-0.2778,-0.3943,0.02,-0.2469,0.02,0.0228,0.153,0.0179,-0.0178,0.0379,-0.1211,0.0077,0.021,-0.0141,0.0254,0.0014,0.0,0.1163,0.0297,-0.0534,-0.0047,0.0174,0.0013,0.0345,-0.0017,0.0339,-0.039,0.0997,0.1141,0.0841,-0.2297,-0.2127,-0.0831,-0.1502,-0.0797,0.1905,0.0312,-0.008,-0.1327,0.0439,-0.0868,-0.1123,0.1847,0.0197,0.006,-0.1204,0.0668,-0.0771,0.0323,-0.018,-0.0456,-0.0863,-0.1746,-0.0496,-0.2076,-0.0071,0.0221,-0.0182,-0.0155,0.2663,-0.2853,0.0236,-0.1021,-0.3366,0.0067,-0.0765,0.1677,0.0084,0.004,0.0175,-0.014,0.0227,-0.03,-0.0191,0.0,0.0277,0.0334,0.104,-0.0933,0.065,-0.1037,0.131,0.0375,0.0962,-0.2131,-0.0067,0.2137,-0.012,0.1119,-0.0808,-0.0288,0.0796,0.1134,-0.1372,0.0959,-0.0063,0.2202,-0.3736,0.0416,0.1157,0.0831,0.0295,0.221,0.0,-0.7206,0.1029,0.2463,0.3994,-0.8759,-0.5102,0.866,-0.4873,0.0328,-0.066,0.0454,0.0266,-0.0901,0.0236,0.3185,0.0095,0.1404,0.1483,-0.0259,0.2304,0.1452,0.0,0.1075,-0.4156,0.0221,-0.0473,0.386,-0.1006,0.2576,0.2214,-0.3969,-0.1453,0.0796,0.0498,-0.1723,0.0296,0.0241,0.0446,0.0318,0.0654,0.0636,-0.0395,0.0126,0.1772,-0.3241,-0.0046,-0.016,0.0359,0.0527,0.1754,0.3575,-0.4042,0.6267,-0.3247,0.1012,0.3375,0.0025,-0.9958,1.0,-0.9717,-0.4203,0.0917,0.6498,0.0026,0.0277,-0.3197,-0.2467,-0.0926,0.0227,-0.0675,0.1391,-0.3141,-0.3349,-0.0367,0.1898,-0.3513,0.1959,0.1002,-0.347,0.1332,0.1209,-0.1129,0.0684,0.0738,-0.1024,0.039,-0.3431,-0.137,-0.2514,0.0813,-0.0222,0.0131,0.2097,-0.0021,-0.2263,-0.1981,0.0109,0.212,-0.024,-0.2126,-0.2349,0.2758,0.0038,-0.3159,-0.2538,0.1957,0.018,0.0101,0.0273,-0.0424,-0.1462,0.0617,-0.0421,0.0267,0.0193,0.0237,0.0235,-0.022,0.0616,0.0371,0.0123,0.1819,-0.0378,-0.0173,-0.1529,-0.1403,0.0,0.0,-0.0063,-0.1327,-0.1204,-0.2422,-0.0886,-0.0996,-0.0191,-0.2184,0.0,-0.0191,-0.1037,-0.1372,0.0,-0.0901,-0.0173,-0.0202,-0.1572,-0.0319,-0.0445
fz_dist_band_edge_behind,-0.0981,-0.0924,0.0662,0.0509,-0.0655,-0.0372,-0.0267,-0.0268,0.0133,0.1315,-0.0475,-0.0039,0.0118,-0.0708,-0.1047,0.043,-0.0074,0.3729,0.2313,0.3244,0.2978,0.2203,-0.0189,0.1081,-0.1462,0.2694,0.3915,-0.0205,0.241,-0.0266,-0.0231,-0.1437,-0.0177,0.0139,-0.0348,0.1154,-0.0117,-0.0232,0.0189,-0.0289,-0.0043,0.0,-0.1133,-0.0328,0.0452,0.0096,-0.0097,0.0049,-0.0259,0.0023,-0.0315,0.0417,-0.0939,-0.1083,-0.0792,0.219,0.2033,0.0951,0.1451,0.0797,-0.1831,-0.023,0.0031,0.1236,-0.0463,0.0824,0.11,-0.1827,-0.0167,-0.0097,0.1119,-0.0631,0.0788,-0.0321,0.0121,0.0382,0.0815,0.1648,0.0562,0.2008,0.0116,-0.0248,0.0133,0.0174,-0.2587,0.2813,-0.0236,0.0995,0.336,-0.012,0.0814,-0.1478,-0.011,-0.0115,0.0219,0.0192,-0.0224,0.0149,0.0193,0.0,-0.0173,-0.0359,-0.1062,0.0927,-0.0562,0.103,-0.1374,-0.0156,-0.0905,0.2066,0.0059,-0.2071,0.0153,-0.1044,0.0731,0.023,-0.0744,-0.1184,0.1322,-0.0919,0.0055,-0.2179,0.4067,-0.0146,-0.0925,-0.065,-0.0323,-0.2333,0.0,0.6979,-0.0841,-0.2443,-0.3861,0.8448,0.495,-0.8355,0.4674,-0.0276,0.063,-0.0471,-0.0231,0.0892,-0.0266,-0.3203,-0.0066,-0.147,-0.1579,0.0279,-0.2433,-0.1397,0.0,-0.0788,0.4026,-0.027,0.0509,-0.3749,0.0969,-0.2638,-0.206,0.3835,0.1461,-0.0627,-0.0423,0.1582,-0.0301,-0.0292,-0.0348,-0.0226,-0.0566,-0.0462,0.0465,-0.0089,-0.1862,0.3217,0.0058,0.0171,-0.039,-0.0433,-0.1756,-0.3662,0.4091,-0.6099,0.3168,0.1041,-0.2554,-0.0056,0.9662,-0.9717,1.0,0.445,-0.0966,-0.6291,-0.0072,-0.0307,0.3099,0.2369,0.0773,-0.0262,0.0776,-0.1485,0.3032,0.3243,0.0404,-0.184,0.3445,-0.1887,-0.0933,0.3396,-0.1219,-0.1199,0.1116,-0.0622,-0.0751,0.1021,-0.0356,0.341,0.1383,0.2406,-0.0709,0.0227,-0.013,-0.2092,0.0064,0.2169,0.2016,-0.0054,-0.2115,0.0293,0.2022,0.2334,-0.2731,0.0008,0.3053,0.255,-0.1962,-0.0113,-0.0042,-0.0306,0.0465,0.1379,-0.066,0.0428,-0.0248,-0.0164,-0.0261,-0.0214,0.0245,-0.0504,-0.0287,-0.0152,-0.1718,0.0394,0.0087,0.1464,0.1409,0.0,0.0,0.0024,0.1236,0.1119,0.2338,0.0878,0.1001,0.0193,0.206,0.0,0.0193,0.103,0.1322,0.0,0.0892,0.0087,0.0182,0.1576,0.03,0.0397
card_vol_ratio,-0.0565,-0.0611,0.0485,0.0187,-0.0177,-0.0434,-0.036,-0.0372,0.0177,0.1061,0.0642,0.0285,-0.0095,0.0542,-0.0839,0.0026,0.012,-0.063,-0.0932,0.0277,0.0203,-0.0059,-0.014,-0.0611,-0.0734,-0.0127,0.0021,0.0143,-0.0191,0.0014,-0.0112,-0.085,-0.0075,0.0258,-0.0137,0.0533,0.0256,-0.052,0.0827,-0.0565,0.0198,0.0,-0.088,-0.0599,0.0101,-0.0136,0.0074,0.0348,0.0157,0.0235,0.0087,0.0549,-0.0365,-0.0437,-0.0413,0.0011,0.0201,0.0127,-0.009,-0.0262,-0.0082,-0.021,0.0211,0.0973,-0.0363,0.004,0.0397,-0.0277,-0.0259,0.019,0.1018,-0.0504,0.0005,-0.0231,0.0296,-0.0104,-0.0267,0.0066,0.0205,-0.0969,-0.012,0.006,-0.0324,-0.0595,0.0806,-0.0338,0.0285,-0.0448,-0.0074,0.0088,-0.0689,0.0395,0.0211,-0.0531,0.1337,0.0322,-0.0261,0.0467,0.0246,0.0,-0.0423,-0.0501,-0.0414,-0.0266,-0.0243,0.0044,0.0481,-0.0026,-0.0696,-0.0825,-0.0015,0.0827,0.022,-0.0561,0.0552,0.0445,-0.0598,0.019,0.1184,-0.0276,-0.0547,-0.3927,0.7751,-0.065,0.2945,0.2027,-0.0243,-0.2884,0.0,0.3453,0.079,-0.132,-0.339,0.3224,0.1844,-0.3434,0.211,-0.0789,0.1219,-0.0652,-0.0072,0.1127,-0.0556,0.0715,-0.2475,-0.2032,-0.1719,0.0544,-0.3056,-0.2294,0.0,0.1222,0.1712,-0.0309,0.1605,-0.231,-0.0125,-0.1876,-0.0429,0.1584,0.0984,0.2014,0.1365,-0.037,-0.1237,-0.0283,0.164,0.0849,0.0758,0.139,0.0646,0.0099,-0.2238,0.1538,0.0297,0.0594,-0.0303,0.0773,-0.1238,-0.3418,0.3185,-0.4013,0.226,0.0513,0.0089,0.0202,0.4231,-0.4203,0.445,1.0,-0.2485,-0.3113,0.0132,0.0025,0.085,0.041,0.0384,-0.0241,-0.0842,-0.0036,-0.054,-0.0615,-0.0096,-0.0033,-0.0435,-0.0052,-0.0037,-0.0385,-0.0034,-0.0599,0.0483,-0.0264,-0.0543,0.0502,-0.0381,-0.0025,-0.0008,0.0255,-0.0145,-0.0153,-0.01,-0.0737,0.0818,-0.0376,0.0826,0.0799,-0.0753,0.0853,-0.0392,0.0454,-0.0713,0.0816,-0.0205,0.0607,-0.0362,0.0844,0.0774,-0.0836,0.0801,-0.0188,-0.046,0.0539,-0.0197,0.027,-0.0186,-0.022,-0.008,-0.0845,-0.06,-0.0575,-0.0149,-0.0474,-0.0017,0.1089,0.1036,0.0,0.0,0.004,0.0973,0.1018,0.0815,0.0801,0.0694,0.0246,0.1032,0.0,0.0246,0.0044,0.1184,0.0,0.1127,-0.0017,0.0181,0.1145,0.0256,0.011
card_bars_since_reject,-0.0495,-0.0445,0.0274,-0.0119,-0.0278,-0.0204,0.005,-0.0051,-0.0092,0.1081,-0.0374,-0.0355,-0.0,-0.0448,0.0079,0.0083,-0.0149,0.1969,0.1821,0.1155,0.1117,0.0562,-0.0432,0.0058,-0.0775,0.1629,0.1409,-0.0046,0.0846,0.0177,-0.0132,-0.0759,0.0107,-0.0078,0.0316,0.0559,-0.0153,0.0401,-0.0455,0.063,0.0034,0.0,-0.1169,0.0306,0.0413,-0.001,-0.0554,-0.0736,-0.0568,-0.0236,-0.0166,-0.0012,-0.0604,-0.0715,-0.0527,0.1186,0.1282,0.0735,0.1126,0.0679,-0.0856,-0.0194,0.005,0.075,-0.0233,0.0561,0.0531,-0.0895,-0.0278,0.0057,0.077,-0.028,0.0592,0.017,-0.0129,0.0684,0.1073,0.1195,0.0363,0.1877,0.0084,-0.0,0.0601,0.0532,-0.1638,0.1771,-0.0558,0.1099,0.1505,-0.0011,0.0548,0.0078,-0.0278,-0.0295,-0.0965,-0.0197,0.0155,-0.005,0.0001,0.0,-0.0011,0.0291,-0.1592,-0.0549,0.0014,0.147,-0.0582,0.0637,-0.0768,0.1254,0.0347,-0.1277,0.0199,-0.0647,0.0548,0.0348,-0.0271,-0.0174,0.092,-0.0582,-0.0012,0.1434,-0.3567,0.016,-0.0145,-0.074,0.0191,0.2135,0.0,-0.0944,-0.0035,-0.377,0.1438,-0.053,-0.0465,0.086,-0.0533,0.0156,-0.0308,0.02,0.0034,0.0,-0.0034,-0.1694,-0.117,0.1178,0.1634,0.0671,0.2007,0.1068,0.0,-0.2484,-0.0103,-0.0063,-0.0126,0.0183,0.0169,0.1675,-0.0907,-0.0142,0.0107,-0.0387,-0.0368,0.0447,0.0143,-0.0097,0.0495,-0.0108,-0.0285,-0.0591,-0.0174,0.0919,0.0757,-0.1614,-0.0131,-0.0215,0.0297,0.0659,-0.268,0.3615,-0.228,0.1167,-0.122,0.0091,-0.109,-0.014,-0.0991,0.0917,-0.0966,-0.2485,1.0,0.0934,-0.015,0.0031,0.1588,0.141,0.0066,-0.0547,0.0565,-0.0562,0.159,0.1723,0.0116,-0.0976,0.1856,-0.0951,-0.0706,0.1834,-0.0753,-0.1183,0.1004,-0.0619,-0.0753,0.0987,-0.0486,0.1407,0.035,0.1324,-0.0875,0.0173,0.0271,-0.0793,-0.0477,0.1393,0.0906,-0.044,-0.0808,-0.049,0.1419,0.0871,-0.0982,-0.0501,0.1513,0.0959,-0.0673,-0.0553,-0.0438,0.0388,-0.0348,0.0548,0.0264,-0.0039,0.0302,-0.0129,0.0188,-0.0639,-0.0249,0.007,0.0266,0.0567,-0.1461,0.0126,-0.0098,0.0854,0.1012,0.0,0.0,0.0028,0.075,0.077,0.127,0.12,0.1216,0.0001,-0.0191,0.0,0.0001,0.147,0.092,0.0,0.0,-0.0098,0.0,0.0621,-0.0013,-0.0152
card_in_room,0.0594,0.0584,-0.046,-0.0222,0.0158,0.0088,0.0178,0.042,-0.0152,-0.0471,0.013,-0.0312,-0.0105,-0.041,0.0333,-0.0363,0.0125,-0.1185,-0.0463,-0.1348,-0.1272,-0.1058,-0.0116,-0.0564,0.0498,-0.0655,-0.1222,0.0293,-0.049,0.0249,0.0042,0.0758,0.0048,-0.0127,0.0197,-0.0802,0.0201,0.0451,-0.0365,0.0314,0.0073,-0.0185,0.0469,0.0465,-0.0719,-0.0087,0.0712,-0.0018,0.0613,-0.0293,0.0534,-0.0515,0.0558,0.078,0.0355,-0.054,-0.0491,-0.0356,-0.0334,0.0014,0.0638,0.0123,-0.0275,-0.0627,0.0282,-0.0302,-0.0089,0.0407,0.0151,-0.0073,-0.0598,0.0297,-0.0162,0.03,-0.0145,0.0083,-0.0323,-0.0559,-0.0089,-0.0738,-0.017,0.0145,-0.0236,-0.014,0.0421,-0.0622,0.0137,-0.015,-0.0839,0.0111,0.0164,0.2067,0.0071,-0.2294,-0.0403,-0.0178,0.0125,-0.0398,-0.0005,-0.0185,0.0277,-0.0379,-0.0338,-0.0751,0.0958,-0.0114,0.0119,0.136,0.0952,-0.0299,0.0113,0.0291,-0.053,0.0759,-0.0557,-0.0211,0.0672,0.0262,-0.0817,0.049,0.0077,0.2449,-0.2865,0.0325,0.2067,0.1911,0.0242,-0.1261,-0.2377,-0.323,0.167,0.2193,0.4238,-0.7438,-0.2489,0.3802,-0.2241,0.2021,-0.3024,0.1793,0.2597,-0.4843,0.2216,0.1351,0.0365,-0.0642,-0.0915,-0.042,-0.1158,0.1458,0.5266,0.0577,-0.4995,-0.0052,-0.1644,0.584,-0.056,0.2829,0.3465,-0.5102,-0.0166,0.1506,0.129,-0.2961,0.1542,0.0055,0.1075,0.0514,0.0514,0.1313,-0.0639,-0.037,-0.0327,-0.1645,0.042,0.0665,0.0297,0.1206,0.1566,0.3885,-0.4581,0.8305,-0.2807,0.0395,0.1864,0.0133,-0.649,0.6498,-0.6291,-0.3113,0.0934,1.0,0.0125,0.0222,-0.1053,-0.0622,-0.1001,-0.0207,-0.0249,0.0076,-0.0756,-0.0619,0.0047,0.0497,-0.0979,0.0584,0.0046,-0.098,0.0264,0.0425,-0.0161,0.0043,0.0375,-0.0133,0.0098,-0.091,-0.0323,-0.0665,0.0524,-0.0214,0.0161,0.0983,-0.0312,-0.0681,-0.0755,-0.026,0.0978,-0.0378,-0.0589,-0.0789,0.1027,-0.0316,-0.0804,-0.0843,0.0439,-0.0267,-0.0254,0.041,-0.0389,-0.0328,0.0335,-0.0111,-0.0114,0.0265,-0.0137,0.0467,0.0325,0.0479,0.0317,-0.0532,0.082,0.0046,-0.0118,-0.0767,-0.0499,-0.0185,-0.0131,-0.022,-0.0627,-0.0598,-0.0773,-0.0429,-0.0381,-0.0005,-0.2624,-0.0942,-0.0029,-0.0125,-0.0817,-0.5266,-0.4843,-0.0147,-0.0227,-0.0389,-0.0262,-0.0321
ffd_close_dstar,-0.023,-0.0244,0.0154,0.0203,0.0028,-0.0213,-0.0134,-0.0036,-0.0068,0.0144,0.0083,-0.0034,-0.0251,0.0037,-0.0062,0.0792,0.9983,-0.0312,-0.0364,-0.0099,-0.3933,-0.0869,-0.1084,-0.0638,-0.0493,-0.0606,-0.0288,0.0208,-0.0341,0.025,-0.0372,-0.0424,0.0154,0.0079,0.0047,-0.0617,0.9367,0.0111,-0.0141,0.0329,-0.0285,0.0,-0.0032,0.0098,0.0153,-0.0274,0.0047,0.0263,-0.0086,-0.0459,0.0373,-0.0795,-0.0266,0.0211,-0.0561,-0.0655,-0.0672,0.0189,-0.0039,0.0448,0.0055,-0.0089,0.0614,0.0129,-0.0081,-0.0306,0.0329,-0.0307,0.0173,0.0499,-0.0149,-0.0133,-0.0189,0.0189,-0.0128,0.0406,-0.0543,-0.0272,-0.0329,-0.0453,-0.0274,0.0282,0.0409,0.022,0.0378,-0.0615,-0.1138,-0.0123,-0.0129,0.0248,-0.0318,0.0099,0.0295,-0.0343,0.0074,-0.0195,0.0297,0.0103,0.0006,-0.0057,-0.0155,0.0245,0.0042,0.0105,-0.0225,-0.004,0.0117,-0.0013,0.0228,-0.037,0.0108,0.0363,-0.0339,0.031,-0.0657,-0.022,0.0456,-0.0356,-0.0137,0.0087,0.0007,0.0012,0.0305,0.0497,-0.0029,0.0192,0.0067,-0.0255,0.0329,-0.0198,0.0136,0.0058,0.023,-0.0111,-0.0347,0.0141,0.0168,0.053,-0.015,-0.035,-0.0081,0.0119,-0.0038,0.0544,-0.005,-0.0251,-0.0061,-0.0023,-0.0251,0.026,-0.0099,0.0093,-0.0019,0.0101,0.0075,-0.0067,-0.0086,-0.0175,0.0102,0.0005,-0.0009,0.0056,0.0167,0.0007,-0.0115,0.0091,-0.0017,-0.01,-0.024,0.0025,-0.0035,-0.0135,-0.0137,0.0277,-0.0044,-0.0014,0.0243,-0.0125,-0.0094,-0.0229,0.0265,0.0047,-0.0153,-0.0249,0.0033,0.0314,-0.0032,0.0026,-0.0072,0.0132,-0.015,0.0125,1.0,0.0328,-0.2611,-0.081,-0.0479,0.0163,-0.0976,-0.0169,-0.1399,-0.1253,0.0123,0.0771,-0.2193,0.0827,0.0203,-0.2157,0.0345,-0.1036,0.0478,-0.0143,-0.082,0.05,-0.0654,-0.217,0.0154,-0.0616,-0.0538,-0.1325,0.0213,0.0769,-0.0055,-0.0719,-0.0797,-0.0007,0.0775,-0.0234,-0.0669,-0.1029,0.0844,-0.0057,-0.0952,-0.08,0.0846,-0.0012,-0.0095,0.0134,-0.0268,-0.0706,0.0319,-0.0678,0.0529,-0.033,0.0756,-0.0743,0.0347,-0.04,0.0533,-0.016,-0.0134,-0.0395,0.0,0.0262,0.0019,0.0,0.0,-0.0613,0.0129,-0.0149,-0.0272,0.0125,-0.0014,0.0006,0.0406,0.0271,-0.0001,-0.004,-0.0137,0.0099,0.0119,0.0,0.0,0.0105,0.0,0.0
ffd_close_dstar_z60,0.0041,0.0049,-0.0216,-0.0014,0.0024,-0.0103,0.013,-0.0121,0.0119,0.026,0.0104,-0.0231,-0.8518,-0.0133,-0.0245,-0.0128,-0.0065,-0.0455,-0.0514,-0.014,-0.0155,-0.0083,0.018,0.0142,0.0368,-0.0947,-0.0741,0.8253,-0.0993,0.7246,0.1583,0.0317,0.4528,-0.0043,0.4847,-0.056,0.0078,0.0038,0.0122,-0.0127,0.0099,0.0,0.0033,0.0041,-0.0361,-0.8435,0.0337,0.0309,0.0248,-0.0084,0.0259,-0.0039,0.0128,0.023,0.0016,-0.0576,-0.0615,0.0332,-0.0632,-0.0559,0.0773,-0.4172,-0.0034,0.0091,0.4144,-0.0324,-0.0554,0.0665,-0.246,0.0042,0.0241,0.2273,-0.0058,0.2292,-0.2492,-0.0116,-0.0603,-0.0704,0.0344,-0.0196,-0.8587,0.8555,0.3173,-0.3142,0.0547,-0.0432,0.0023,-0.0774,-0.0445,0.8513,0.004,0.0477,0.1633,-0.001,-0.0188,0.001,-0.0077,-0.0117,-0.0216,0.0,0.0247,0.03,0.0187,-0.0137,0.0207,-0.011,0.0069,0.0304,0.0187,-0.0269,-0.0212,0.0284,-0.0183,0.0231,-0.0143,0.0009,0.0173,0.0014,-0.018,0.0076,0.0052,-0.0232,0.0172,-0.0187,0.0034,0.0074,-0.0128,-0.0287,0.004,0.0025,0.0141,0.0036,0.0234,-0.0149,-0.4519,0.0124,0.4307,0.0616,-0.0,-0.0628,0.1193,0.0098,-0.1284,0.0154,0.0248,-0.4601,0.4346,0.0197,-0.0343,-0.0272,0.0016,0.003,0.012,-0.0047,-0.0184,0.003,0.0271,-0.0588,0.0167,-0.0124,0.0353,0.0051,0.0149,-0.0268,0.0191,-0.0067,-0.0019,0.0073,-0.0107,-0.0042,-0.0069,0.0025,0.0031,0.0323,0.021,0.0185,-0.0063,0.0054,-0.0407,-0.0081,0.0165,0.0049,-0.0024,-0.0358,0.0056,0.682,-0.0292,0.0277,-0.0307,0.0025,0.0031,0.0222,0.0328,1.0,-0.0427,-0.0483,-0.0336,0.0235,-0.0217,0.0315,-0.0722,-0.0742,-0.0011,0.0591,-0.0579,0.0191,0.0562,-0.0553,0.0469,0.0505,-0.055,0.0143,0.0393,-0.0545,0.0294,-0.0529,-0.0108,-0.05,0.0283,-0.0214,0.7478,0.0238,0.0207,-0.0428,-0.0258,0.052,0.0228,-0.0274,-0.0221,-0.1644,0.0549,0.0166,-0.0737,-0.0499,0.038,0.0143,0.0583,-0.0131,0.0105,-0.0108,-0.0014,-0.1069,-0.0282,-0.0449,-0.01,0.0056,0.0044,0.0026,0.0038,-0.0371,0.0377,-0.0669,0.0,-0.0039,0.0293,0.0,0.0,0.0036,0.0091,0.0241,-0.0313,0.0216,0.0196,-0.0216,-0.0854,-0.0086,-0.0214,-0.011,-0.018,-0.0016,0.0098,0.0,0.0,0.0371,0.0,0.0
ffd_vol_dstar,-0.0516,-0.042,0.1341,-0.0256,-0.1382,-0.1123,-0.0936,0.0133,0.1502,0.2554,0.0624,0.0321,0.0442,-0.0626,-0.136,0.0132,-0.2596,0.5292,0.3975,0.3995,0.4747,0.2724,-0.0266,0.0551,-0.2681,0.4991,0.5802,-0.0486,0.426,-0.0309,-0.021,-0.219,-0.045,0.0072,-0.056,0.2451,-0.2578,-0.0592,0.0151,-0.0232,0.0055,0.0,-0.2267,-0.0805,0.1531,0.0447,-0.125,-0.0689,-0.1285,0.0104,-0.0997,0.0715,-0.0872,-0.1835,-0.0444,0.7663,0.7981,0.1833,0.5179,0.267,-0.582,-0.0177,-0.0658,0.2228,-0.1005,0.3412,0.2808,-0.4751,-0.031,-0.0251,0.1987,-0.1109,0.2609,-0.0183,-0.0265,0.1227,0.2983,0.5611,0.1286,0.4126,0.0359,-0.0609,0.0917,0.1205,-0.4487,0.4746,-0.0485,0.1841,0.4742,-0.0445,0.0848,-0.0519,-0.0586,-0.0536,0.0085,-0.0281,-0.0084,0.0821,0.0232,0.0315,-0.0757,0.0586,-0.3453,-0.0404,-0.0265,0.326,-0.2165,0.0799,-0.2095,0.3293,0.0311,-0.3316,0.0799,-0.1808,0.1687,0.0958,-0.1262,-0.0978,0.2974,-0.194,-0.0109,0.0159,-0.1763,-0.0698,-0.0927,-0.1088,0.0074,0.1384,-0.0222,0.087,-0.0546,-0.091,-0.1337,0.2317,0.1242,-0.1542,0.068,-0.0245,0.0247,-0.0065,-0.0318,0.0349,-0.003,-0.4397,-0.1246,0.106,0.064,0.1699,0.0935,0.0078,-0.0202,-0.1891,0.0551,0.0006,0.084,-0.1096,0.0385,0.1101,-0.106,-0.0151,0.1571,-0.0661,-0.0701,0.144,-0.0779,0.0026,-0.0479,-0.0358,-0.0385,-0.0827,-0.0738,0.1277,-0.0705,0.0309,-0.002,0.0194,-0.0118,0.0773,-0.0001,0.0613,-0.0796,-0.1099,-0.0068,-0.0314,-0.3589,-0.0361,0.3165,-0.3197,0.3099,0.085,0.1588,-0.1053,-0.2611,-0.0427,1.0,0.8382,0.2209,-0.1359,0.13,-0.1917,0.5317,0.542,0.0543,-0.3359,0.5396,-0.3271,-0.1909,0.5356,-0.2324,-0.2139,0.206,-0.1228,-0.1629,0.1984,-0.0816,0.5035,0.0468,0.7839,-0.1895,0.1442,-0.0476,-0.4181,0.0079,0.4455,0.3907,-0.0222,-0.4234,0.03,0.4276,0.4304,-0.4857,-0.0091,0.5542,0.4432,-0.3046,-0.0396,-0.0185,-0.0351,0.0652,0.2607,-0.1066,0.0821,0.0117,0.0001,0.012,-0.144,-0.075,-0.084,-0.0466,0.0839,-0.3772,0.1104,0.0,0.2594,0.2326,0.0,0.0,-0.0091,0.2228,0.1987,0.5779,0.2206,0.1886,0.0232,0.1025,-0.0466,0.0271,0.326,0.2974,0.0202,0.0349,0.0,0.0,0.1992,0.0,0.0
ffd_vol_dstar_z60,0.1167,0.1283,-0.0956,-0.1294,-0.0613,-0.0076,0.0016,0.0533,0.1382,0.1847,0.0403,0.0042,0.0475,-0.0596,-0.1329,0.0334,-0.0801,0.345,0.4131,0.0916,0.1205,-0.0233,-0.1328,-0.0353,-0.1198,0.5345,0.4217,-0.0532,0.507,-0.0342,-0.0132,-0.033,-0.0194,0.0233,-0.0111,0.1096,-0.088,-0.0431,0.0231,-0.0335,0.0001,0.0,-0.1066,-0.0591,0.1022,0.0479,-0.0592,-0.0353,-0.0237,-0.0072,0.0074,0.0215,0.0981,0.0291,0.108,0.9188,0.9559,0.0155,0.6666,0.4229,-0.689,0.0424,-0.0408,0.0227,-0.0493,0.3839,0.3149,-0.5093,0.0501,-0.0052,-0.0459,-0.0157,0.2724,-0.0045,-0.0179,0.1337,0.3599,0.6989,0.015,0.3896,0.042,-0.0663,0.1033,0.1385,-0.4629,0.4803,-0.0397,0.1974,0.3635,-0.0482,0.0206,-0.0497,-0.0413,0.0115,0.0681,0.0286,0.0082,0.0592,0.0277,0.031,-0.0663,0.0491,-0.3127,-0.0416,0.0113,0.3283,-0.2516,0.0921,-0.1128,0.3468,0.0351,-0.3494,0.0506,0.0322,-0.0081,0.0122,0.0309,-0.0231,0.1349,-0.1211,0.0315,0.0903,-0.0879,-0.0093,-0.0534,-0.1007,0.0116,0.0538,-0.0129,0.0943,-0.0361,-0.0502,-0.0812,0.1759,0.1089,-0.128,0.0507,0.0196,-0.046,0.0385,-0.0064,-0.0163,0.0225,-0.2524,-0.0468,0.0501,0.0158,0.1228,0.0209,0.0497,0.0075,-0.1373,0.0138,0.0148,0.0685,-0.0649,0.0468,0.1003,-0.0614,-0.0537,0.1382,-0.0409,-0.0698,0.1151,-0.07,0.0199,-0.0243,-0.0106,-0.0402,-0.0722,-0.088,0.089,-0.133,0.0894,0.0003,-0.005,-0.0025,0.0234,0.0054,0.0358,-0.0397,-0.0746,0.0083,-0.0338,-0.0794,-0.0417,0.2437,-0.2467,0.2369,0.041,0.141,-0.0622,-0.081,-0.0483,0.8382,1.0,0.0819,-0.1221,0.0879,-0.226,0.416,0.4634,0.0851,-0.1937,0.3481,-0.1978,-0.0904,0.3428,-0.1259,-0.1403,0.2564,-0.145,-0.0528,0.239,-0.0757,0.3565,0.051,0.9282,-0.0757,0.0183,-0.0296,-0.3664,0.0135,0.3849,0.3418,-0.0036,-0.3746,0.0276,0.3723,0.3484,-0.4496,-0.0043,0.5134,0.4135,-0.263,-0.0274,-0.0067,-0.0364,0.0682,0.2378,-0.0919,0.0168,0.0094,-0.0266,0.0646,-0.0309,0.0277,0.0752,0.0731,0.055,-0.3935,0.2225,0.0,-0.0108,0.1834,0.0,0.0,0.0052,0.0227,-0.0459,0.4505,0.1399,0.134,0.0277,0.0692,-0.0498,0.0315,0.3283,0.1349,-0.0075,-0.0163,0.0,0.0,0.1756,0.0,0.0
bsadf_close,-0.0919,-0.0917,0.0403,0.0186,0.0108,0.012,-0.0397,-0.0478,-0.0285,0.0744,-0.0066,0.0227,0.0427,-0.0011,-0.0366,-0.0037,-0.0435,0.1514,0.0716,0.1683,0.174,0.2505,0.2352,0.2259,0.161,0.0812,0.1367,-0.0488,0.0356,-0.0443,-0.0623,0.0594,-0.0846,-0.0471,-0.0701,0.4362,-0.0322,0.0019,-0.0056,0.0312,-0.0006,0.0,-0.073,-0.0048,0.0503,0.0398,-0.1499,-0.1622,-0.2012,0.011,-0.2822,0.0966,-0.1479,-0.2707,-0.0365,0.0588,0.065,0.2319,0.0598,0.0129,-0.0651,-0.006,-0.0018,0.0701,-0.0341,0.0276,0.057,-0.0672,0.0098,-0.0239,0.0412,-0.0366,0.0584,-0.0293,-0.0341,0.026,0.0537,0.0635,0.2185,0.1085,0.0411,-0.0448,-0.0198,0.0092,-0.0798,0.1278,0.0219,0.0653,0.1373,-0.0418,0.0902,-0.07,-0.0446,0.0366,0.0643,-0.032,-0.0225,0.0784,0.0042,0.0314,-0.0568,0.0378,-0.2445,-0.0637,-0.1204,0.2088,-0.0001,-0.1152,-0.3081,0.0434,-0.0012,-0.0433,0.0289,-0.285,0.3354,0.3136,-0.262,0.1058,0.217,-0.0641,-0.0932,-0.167,-0.0316,-0.0333,-0.0788,0.0244,-0.0049,0.0839,0.0419,-0.0229,-0.0112,-0.0447,-0.0648,0.0642,0.0328,-0.0117,-0.0179,-0.095,0.1393,-0.0806,-0.06,0.1075,-0.0468,-0.1438,-0.1361,0.0559,0.0472,0.1015,0.0569,-0.1148,-0.0843,-0.03,0.0461,0.0801,0.0499,-0.1044,-0.0049,0.0192,-0.0537,0.0486,0.0215,-0.0532,0.0247,0.0686,-0.0823,0.0825,-0.0475,-0.0372,0.0088,0.0068,-0.0131,0.088,-0.0218,0.0027,-0.0064,0.0252,-0.0344,0.0177,-0.0074,0.0017,-0.005,-0.0935,-0.0211,-0.0399,-0.1505,-0.042,0.0963,-0.0926,0.0773,0.0384,0.0066,-0.1001,-0.0479,-0.0336,0.2209,0.0819,1.0,-0.0033,0.0116,-0.041,0.2842,0.177,-0.0718,-0.1058,0.1241,-0.0829,-0.0732,0.1246,-0.0739,-0.0484,0.0428,0.0007,-0.0476,0.0462,-0.0122,0.1372,0.0374,0.0781,-0.1364,0.1851,-0.0511,-0.1187,-0.0009,0.1353,0.1003,-0.0184,-0.1182,-0.001,0.1275,0.1238,-0.1049,-0.0123,0.1325,0.1042,-0.0648,-0.0252,-0.0178,-0.0035,0.01,0.0756,-0.0159,0.1179,0.0099,0.0233,-0.0517,-0.2081,-0.2056,-0.3945,-0.3744,0.0352,-0.2239,0.0428,-0.0195,0.0766,0.054,0.0,0.0,-0.0252,0.0701,0.0412,0.1085,0.0912,0.0409,0.0042,0.1493,-0.0285,0.0082,0.2088,0.217,0.0843,0.1075,-0.0132,0.0,0.0249,-0.0243,0.0008
bsadf_close_win,0.0058,0.0013,-0.0086,0.0168,0.0231,0.0161,0.0212,-0.0153,-0.0332,-0.068,0.0156,0.0374,-0.0053,-0.0111,0.035,-0.0076,0.0203,-0.0631,-0.0451,-0.0531,-0.0604,-0.1055,-0.1501,0.0831,0.141,-0.108,-0.081,0.0009,-0.0577,0.0012,-0.0636,0.1498,-0.0513,-0.0104,0.0077,-0.2287,0.0153,0.0425,-0.0148,-0.0025,0.01,0.0,0.0452,0.0466,-0.0974,-0.0043,0.1209,0.0546,0.1239,-0.0391,0.0208,-0.0458,0.0106,0.0453,0.0005,-0.0902,-0.1356,0.0569,-0.0907,-0.1159,0.1036,-0.0087,0.011,-0.0266,0.0224,-0.0593,-0.0689,0.1327,0.01,0.001,-0.0127,-0.0008,-0.0453,0.0192,-0.023,-0.0418,-0.0763,-0.0991,0.0564,-0.066,0.0061,0.0071,0.0174,0.0072,0.0714,-0.0835,0.0055,-0.0609,-0.0676,0.0059,0.0276,-0.05,-0.0112,0.036,0.0024,0.0207,-0.0031,-0.0157,-0.0183,-0.0286,0.0266,-0.0192,0.2379,0.0539,0.0553,-0.1616,0.0292,0.0166,0.271,-0.0326,-0.0195,0.034,-0.0461,0.0363,-0.0337,-0.0237,0.055,-0.0776,-0.0903,0.0028,0.0651,-0.0934,0.0603,0.0597,0.0045,0.0426,-0.0028,-0.0931,0.0442,0.0318,-0.0187,0.015,0.0364,-0.0078,-0.007,0.0009,0.0058,-0.0132,0.0217,-0.0142,0.0071,-0.0021,-0.0049,0.0669,0.0924,-0.0646,-0.0499,-0.0739,-0.0738,-0.0604,-0.0003,0.052,0.0118,-0.0473,-0.0342,0.0282,-0.01,-0.0493,0.0123,0.0246,-0.0432,0.0114,0.0134,-0.0447,0.053,-0.0539,-0.0025,-0.0175,0.0022,0.0466,0.0114,-0.0471,-0.0122,0.0335,0.0046,-0.0017,-0.027,-0.0604,-0.0191,-0.0483,0.0701,0.0042,0.033,-0.0074,0.0509,0.0092,-0.0213,0.0227,-0.0262,-0.0241,-0.0547,-0.0207,0.0163,0.0235,-0.1359,-0.1221,-0.0033,1.0,-0.0242,0.0169,-0.0767,-0.1037,-0.0176,0.0769,-0.0881,0.0738,0.0576,-0.0931,0.0761,0.0786,-0.0571,0.0159,0.0581,-0.0591,0.04,-0.0788,-0.0043,-0.099,0.0902,-0.1481,0.0213,0.1189,-0.0192,-0.103,-0.1049,-0.0086,0.1197,-0.0194,-0.1004,-0.0914,0.1079,-0.0107,-0.1097,-0.0998,0.0824,-0.0061,-0.0094,0.0193,-0.0243,-0.0341,0.0447,-0.0913,0.009,0.0061,0.0179,0.156,0.1524,0.3118,0.3046,-0.0252,0.138,-0.1202,-0.0367,-0.0267,-0.0657,0.0,0.0,-0.0344,-0.0266,-0.0127,-0.0857,-0.0703,-0.0553,-0.0183,0.064,0.0373,-0.0218,-0.1616,-0.0903,0.0003,-0.0021,-0.0325,0.0,-0.0466,-0.0221,-0.0331
cusum_events_60,0.165,0.1654,-0.0702,-0.0634,-0.0958,0.0049,0.0932,0.1135,0.044,-0.046,-0.058,0.0085,0.0021,-0.1008,0.0416,0.0854,-0.0961,0.2253,0.1555,0.1742,0.208,0.2473,0.1688,0.1824,0.0231,0.0595,0.1609,-0.0136,0.0536,-0.0108,-0.0669,0.0739,-0.0412,-0.0029,-0.0655,0.0249,-0.1091,0.0323,-0.0595,0.0369,-0.0274,-0.037,0.0511,0.0414,0.0232,0.0006,-0.0186,-0.0198,-0.0436,-0.0372,-0.0843,0.0278,0.1323,0.0509,0.1611,0.0949,0.1276,0.1185,0.0644,0.063,-0.0629,0.0224,-0.0163,-0.0707,0.0209,0.0502,0.0195,-0.0447,0.0452,-0.0009,-0.1017,0.0294,0.01,-0.0076,-0.0016,-0.0062,0.0478,0.0523,0.0683,0.1403,0.0201,0.0013,0.0382,0.0397,-0.1129,0.0775,-0.0711,0.0356,0.1106,-0.0035,0.1025,0.0058,-0.0235,-0.0416,-0.0231,-0.0629,0.0057,-0.0251,-0.0063,-0.0034,0.0213,-0.0057,-0.0442,0.0441,-0.0145,0.0219,-0.056,0.0357,-0.044,0.1134,0.0007,-0.1136,-0.0231,0.0715,-0.0409,-0.0053,0.031,-0.0297,-0.0359,0.0356,-0.0121,0.0136,-0.1345,-0.0162,-0.0948,-0.0075,-0.0165,0.0652,-0.035,0.0243,-0.0375,-0.0432,-0.0079,0.0694,0.0136,-0.0459,0.0433,0.0027,-0.0009,-0.0015,-0.0492,0.0164,0.0326,-0.2175,-0.0358,0.0592,0.0206,-0.0391,0.0764,0.0087,0.0061,-0.0803,0.0036,0.0448,0.0037,-0.0209,0.0429,0.0696,-0.0368,0.0056,-0.0351,-0.0627,-0.0016,0.0325,-0.0236,0.043,-0.0517,-0.0228,-0.0202,-0.0053,0.0041,-0.0178,0.0119,-0.0271,-0.0107,-0.02,0.0054,-0.0064,0.0192,0.0523,-0.0476,-0.0151,-0.009,0.0734,-0.1267,0.0169,0.0669,-0.0675,0.0776,-0.0842,0.0565,-0.0249,-0.0976,-0.0217,0.13,0.0879,0.0116,-0.0242,1.0,-0.1281,0.2388,0.2187,0.0034,-0.0212,0.2179,-0.0818,0.0176,0.2147,-0.0037,0.0495,-0.0086,0.0373,0.0645,-0.0126,0.0627,0.1677,0.0594,0.0817,-0.0283,0.1688,-0.0261,-0.042,-0.0553,0.1218,0.035,-0.0675,-0.0415,-0.0468,0.1172,0.0924,-0.0557,-0.0624,0.1415,0.0411,-0.0669,-0.0726,-0.0616,0.0533,-0.0403,0.0905,-0.0149,0.1049,-0.0208,0.0544,-0.0735,0.0465,0.006,-0.0084,-0.0606,0.062,0.0115,0.2408,0.007,-0.0874,-0.0424,-0.037,-0.0262,0.0096,-0.0707,-0.1017,-0.0311,-0.0572,-0.0248,-0.0063,-0.0171,-0.0108,-0.0067,0.0198,-0.0359,-0.0061,0.0164,0.013,-0.0418,-0.0393,-0.0403,-0.0327
cusum_bars_since,0.0045,0.0015,0.0173,-0.0172,0.0136,0.0117,0.0225,-0.0351,0.0095,-0.0341,0.014,-0.026,-0.0231,-0.0589,0.0232,-0.0136,-0.0167,-0.1172,-0.1216,-0.0305,-0.0256,0.004,0.047,0.0039,0.0354,-0.215,-0.3093,0.0252,-0.4229,0.0299,0.0186,0.0255,0.0349,-0.0177,0.0093,-0.0362,-0.0173,0.1151,-0.1417,0.1143,0.0055,0.0202,0.0152,0.1205,-0.0368,-0.0265,0.0304,-0.013,0.0079,-0.0258,0.014,-0.0084,0.005,0.0189,-0.0004,-0.2188,-0.2068,-0.0224,-0.1366,-0.084,0.1528,-0.0072,0.0425,0.0012,-0.0001,-0.1038,-0.0998,0.1222,-0.0205,0.008,0.0124,0.0103,-0.0758,0.033,0.0508,-0.0662,-0.0461,-0.1668,-0.0157,-0.1489,-0.0006,0.0524,0.026,0.0205,0.2266,-0.2791,-0.0101,0.0402,-0.4276,0.0237,0.0049,0.0148,-0.017,0.0043,-0.0394,-0.0342,-0.002,-0.0467,0.0059,-0.0191,0.0326,-0.0271,0.1285,0.0017,-0.0334,-0.1367,0.1479,-0.1325,0.0443,-0.1868,-0.0053,0.1873,-0.1018,0.0165,-0.0198,-0.0164,-0.0076,-0.0048,-0.0421,0.0294,-0.0006,0.0101,0.0288,-0.0086,0.0143,0.0373,-0.0191,0.0354,0.0083,-0.0827,0.043,0.0084,0.0087,-0.0511,-0.0833,0.093,-0.0327,-0.0102,0.0289,-0.0264,-0.0212,0.0373,-0.0158,0.1089,0.0271,0.0169,0.0269,-0.0187,0.0409,0.0055,-0.052,0.0168,0.046,-0.001,0.0158,-0.0538,-0.0253,-0.004,-0.0425,0.0645,-0.0222,0.0145,0.0468,-0.0039,-0.0141,-0.0038,-0.003,-0.0069,0.0358,0.0067,0.0285,0.0025,0.0462,-0.0484,-0.0103,-0.0102,-0.0043,-0.0002,0.0284,-0.0082,-0.0006,0.0267,-0.1079,-0.0303,0.0085,0.0329,-0.1354,0.1391,-0.1485,-0.0036,-0.0562,0.0076,-0.0169,0.0315,-0.1917,-0.226,-0.041,0.0169,-0.1281,1.0,-0.2261,-0.3318,-0.0238,0.092,-0.1795,0.0677,0.0477,-0.1714,0.0485,0.0366,-0.0752,0.0333,0.0072,-0.0656,0.0078,-0.4639,-0.3992,-0.2157,0.0005,0.011,0.0196,0.3378,-0.1339,-0.192,-0.2789,-0.1204,0.3398,-0.1527,-0.1693,-0.2206,0.3846,-0.1222,-0.2993,-0.3506,0.1692,-0.0987,-0.1216,0.1416,-0.1818,-0.212,0.1332,-0.0115,0.0274,0.0188,-0.0063,-0.0036,-0.0076,-0.0282,-0.0244,0.0225,0.1534,-0.059,-0.0236,-0.0104,-0.0208,0.0202,0.009,-0.0061,0.0012,0.0124,-0.1167,-0.0294,-0.0105,0.0059,-0.0347,-0.0001,0.0034,-0.1354,-0.0421,0.052,0.0373,-0.0262,0.0087,-0.0169,0.0008,-0.0103
csw_max_abs,0.0968,0.0993,0.0797,-0.0296,-0.1457,-0.0615,0.0069,0.1234,0.0855,-0.02,-0.034,0.0277,0.0461,-0.1604,0.0,-0.0166,-0.1358,0.5243,0.4963,0.2607,0.3069,0.2602,0.0869,0.0979,-0.145,0.4459,0.4764,-0.0501,0.4125,-0.0314,-0.0573,-0.0799,-0.0809,0.0346,-0.0881,0.2482,-0.1417,0.0178,-0.0875,0.0454,-0.0234,-0.0088,-0.0287,0.0185,0.126,0.0472,-0.1483,-0.1176,-0.1712,0.0142,-0.1689,0.0862,0.0362,-0.1239,0.1203,0.3974,0.4501,0.1131,0.3589,0.2385,-0.3631,0.0433,-0.0439,-0.0007,-0.0362,0.1998,0.1684,-0.3245,0.0686,-0.0303,-0.0227,-0.0484,0.1512,0.0047,0.0097,0.0718,0.2975,0.356,0.1534,0.5054,0.0556,-0.0499,0.0905,0.1244,-0.4863,0.475,-0.0633,0.2576,0.4132,-0.0466,0.0476,-0.0193,-0.0358,-0.0504,0.0064,-0.185,-0.0248,0.0598,0.0101,0.0187,-0.0449,0.0483,-0.3275,0.0002,-0.0161,0.2709,-0.2178,0.0966,-0.2224,0.3919,-0.014,-0.3913,0.0188,-0.1091,0.1583,0.16,-0.0643,-0.0341,0.1247,-0.1203,0.0428,0.0046,-0.2094,0.0037,-0.1487,-0.091,-0.0095,0.123,-0.0453,0.1143,-0.0613,-0.0946,-0.1014,0.2426,0.1491,-0.1805,0.0764,-0.0365,0.0121,0.0216,-0.0205,-0.0019,0.0223,-0.4444,-0.1175,0.084,0.0671,-0.0073,0.1256,-0.03,0.0176,-0.1857,-0.0206,-0.0041,0.081,-0.0353,0.0251,0.1085,-0.0327,-0.0253,-0.007,-0.1036,-0.0532,0.1479,-0.073,0.0029,-0.0822,-0.045,-0.0348,-0.0711,-0.0475,-0.0217,-0.0212,0.022,0.0177,0.0332,-0.0313,0.0404,0.0011,0.0835,-0.0912,-0.0559,0.0245,-0.0174,-0.2318,-0.0557,0.3128,-0.3141,0.3032,-0.054,0.159,-0.0756,-0.1399,-0.0722,0.5317,0.416,0.2842,-0.0767,0.2388,-0.2261,1.0,0.9088,-0.0222,-0.2914,0.6082,-0.306,-0.0872,0.59,-0.1771,-0.1508,0.1847,-0.0765,-0.0707,0.1704,-0.0339,0.4886,0.1956,0.3968,-0.12,0.254,-0.0834,-0.2617,-0.0937,0.4291,0.2404,-0.1219,-0.2647,-0.0683,0.4101,0.3548,-0.3494,-0.1122,0.5398,0.329,-0.2917,-0.1437,-0.119,0.0676,-0.0321,0.2801,-0.0657,0.1032,0.0252,0.0127,-0.0217,-0.146,-0.1149,-0.1378,-0.1377,0.066,-0.3239,0.3369,-0.0197,0.0712,-0.0438,-0.0088,-0.0005,-0.0207,-0.0007,-0.0227,0.2543,-0.0022,-0.0438,0.0101,0.0555,-0.0208,0.0125,0.2701,0.1247,-0.0176,-0.0019,-0.0197,-0.0158,0.0,-0.01,-0.005
csw_max_exceed,0.0797,0.083,0.0815,-0.0323,-0.1467,-0.0694,0.0034,0.121,0.0864,0.0302,-0.0515,0.0321,0.0511,-0.1394,0.0,-0.0066,-0.122,0.5307,0.5231,0.2422,0.2824,0.1879,-0.007,-0.0059,-0.2479,0.5264,0.5493,-0.052,0.5405,-0.0406,-0.0471,-0.1786,-0.0786,0.0343,-0.0792,0.1847,-0.1235,-0.0085,-0.0493,0.0013,-0.0275,-0.0131,-0.051,-0.0103,0.1086,0.0525,-0.131,-0.0871,-0.1361,0.0225,-0.1123,0.0787,0.0396,-0.0964,0.1027,0.4396,0.4848,0.0483,0.3874,0.2513,-0.3977,0.0393,-0.0572,0.0349,-0.0487,0.2054,0.1904,-0.3497,0.0499,-0.0261,0.0085,-0.0521,0.152,0.0012,0.0018,0.0922,0.2944,0.3824,0.0953,0.5095,0.0538,-0.0635,0.066,0.1065,-0.5441,0.5481,-0.0484,0.2834,0.492,-0.0516,0.0154,-0.0129,-0.0213,-0.0564,0.0122,-0.166,-0.0252,0.045,0.0206,0.0221,-0.0411,0.0203,-0.3193,0.0165,0.0067,0.2755,-0.2612,0.14,-0.1791,0.4508,-0.0009,-0.4509,0.0418,-0.0795,0.116,0.1141,-0.0347,-0.0374,0.1286,-0.1165,0.0358,0.0339,-0.206,0.004,-0.1235,-0.1198,-0.0037,0.0711,-0.0376,0.1436,-0.0596,-0.0864,-0.076,0.2457,0.1678,-0.2052,0.0884,-0.0163,-0.0232,0.0461,0.0023,-0.0343,0.0317,-0.434,-0.0787,0.0553,0.0318,0.0331,0.0637,-0.0141,0.0491,-0.1972,-0.033,-0.0081,0.0537,-0.0035,0.0293,0.0914,-0.0125,-0.0406,0.0229,-0.0839,-0.0819,0.12,-0.0459,-0.0014,-0.0631,-0.0398,-0.0432,-0.0803,-0.0482,0.0085,-0.0595,0.0552,0.0095,0.0169,-0.0198,0.0213,-0.013,0.0717,-0.0669,-0.0481,0.0577,-0.0185,-0.2143,-0.0583,0.333,-0.3349,0.3243,-0.0615,0.1723,-0.0619,-0.1253,-0.0742,0.542,0.4634,0.177,-0.1037,0.2187,-0.3318,0.9088,1.0,0.0963,-0.2768,0.6256,-0.2872,-0.0844,0.5987,-0.1688,-0.1484,0.1991,-0.0786,-0.07,0.1797,-0.0375,0.6052,0.3071,0.443,-0.1003,0.1645,-0.0796,-0.3236,-0.058,0.4531,0.2846,-0.0877,-0.3277,-0.026,0.4284,0.3863,-0.4325,-0.0778,0.6073,0.3918,-0.3456,-0.117,-0.0846,0.0349,0.019,0.3469,-0.0952,0.0809,0.0149,0.0046,-0.0037,-0.0968,-0.069,-0.0896,-0.0866,0.0007,-0.3213,0.3269,-0.0091,0.093,0.0066,-0.0131,-0.008,-0.0084,0.0349,0.0085,0.2945,0.046,0.0066,0.0206,0.0512,-0.0208,0.0233,0.2744,0.1286,-0.0491,-0.0343,-0.0091,-0.0155,0.0,-0.0093,-0.0024
csw_sign_dir,-0.0199,-0.0186,0.0261,0.0011,-0.0046,-0.0169,0.007,-0.0172,0.0189,0.0176,-0.025,-0.0025,-0.0235,-0.0236,0.0,0.0237,0.0115,0.0499,0.0954,-0.0279,-0.0336,-0.0828,-0.1033,-0.1126,-0.1198,0.0823,0.0424,0.0106,0.0962,0.0011,-0.0026,-0.089,-0.0227,0.0145,-0.0364,-0.032,0.0125,-0.0205,0.0002,-0.02,0.0236,0.0024,-0.022,-0.0214,0.026,-0.0234,-0.0215,0.0203,0.002,0.0197,0.0374,0.0291,0.0021,0.0121,-0.007,0.091,0.0789,-0.0639,0.0726,0.0399,-0.0612,-0.0,-0.0179,0.0312,-0.0135,0.0337,0.0605,-0.0521,-0.0021,0.0077,0.0264,-0.0174,0.028,-0.03,0.0122,0.0155,0.0621,0.0758,-0.063,0.0938,-0.0132,0.0118,0.0364,0.0289,-0.0983,0.0813,-0.0111,0.0479,0.0526,0.0236,-0.0412,-0.0232,0.0263,-0.0125,0.0205,0.0084,0.0077,0.0093,0.0185,0.0024,-0.0211,0.0275,-0.0118,0.015,0.0303,0.025,-0.0665,0.0313,0.0149,0.0952,0.0029,-0.0954,0.0129,0.0208,-0.0338,-0.0441,0.0247,-0.0286,0.0133,-0.0159,0.0079,0.0251,-0.0059,-0.0053,0.0202,-0.045,0.0024,-0.0223,-0.0203,0.0315,0.0162,-0.0233,0.0223,0.0259,0.0028,-0.0276,0.0314,0.0394,-0.0481,0.0212,0.0248,-0.0383,0.0134,-0.0213,0.0198,0.004,-0.0319,0.0131,-0.0255,0.008,0.0232,-0.0126,-0.0176,-0.0054,0.0141,0.0085,0.0167,0.0099,0.0121,-0.0221,0.0071,0.0147,-0.0246,0.019,-0.0106,-0.007,0.0105,0.005,0.005,-0.042,-0.0646,0.0097,-0.0238,0.0392,0.0041,-0.0292,0.0029,-0.0094,-0.0001,-0.003,0.0097,0.0023,0.0086,0.0121,0.0216,0.0267,0.0358,-0.0367,0.0404,-0.0096,0.0116,0.0047,0.0123,-0.0011,0.0543,0.0851,-0.0718,-0.0176,0.0034,-0.0238,-0.0222,0.0963,1.0,0.0211,0.004,0.0147,0.0198,-0.0004,0.0027,0.0058,-0.0059,0.0064,0.006,-0.0138,-0.0041,0.0668,0.061,0.0912,-0.0077,-0.0521,-0.0087,-0.0448,-0.0068,0.0609,0.0317,-0.0019,-0.0449,0.0009,0.0548,0.0208,-0.0555,-0.0093,0.0852,0.0462,-0.0547,-0.0037,-0.0039,0.0048,0.0077,0.0284,-0.0224,-0.0221,-0.0127,-0.0002,0.0326,0.0232,0.023,0.0756,0.0783,-0.012,-0.1247,-0.0076,0.0065,0.0336,0.0124,0.0024,0.0017,0.0102,0.0312,0.0264,0.0529,0.0194,0.0124,0.0185,0.0253,-0.0471,0.0186,0.0251,0.0133,-0.0232,-0.0383,0.0065,0.0029,0.0,0.0034,0.0041
bocpd_ret_h60_map,0.2584,0.2518,-0.1638,-0.0852,-0.0094,0.057,0.1365,0.11,-0.001,-0.2061,0.0378,-0.0309,-0.0427,0.0459,0.0762,-0.0392,0.0738,-0.3744,-0.2301,-0.3473,-0.3588,-0.2814,-0.0411,-0.1101,0.1503,-0.2506,-0.3872,0.0364,-0.1903,0.0228,0.0014,0.2528,0.035,0.0131,0.0583,-0.1733,0.0833,0.015,0.0166,-0.0108,0.0145,-0.0193,0.1955,0.0303,-0.0899,-0.0405,0.0815,0.0668,0.0865,0.0209,0.0705,0.0213,0.2742,0.2393,0.2665,-0.1543,-0.1442,-0.1692,-0.1054,-0.0473,0.1455,0.021,0.0287,-0.2271,0.1056,-0.0949,-0.1312,0.1749,0.0238,0.0229,-0.2264,0.1388,-0.1002,0.0096,-0.0366,-0.0681,-0.0922,-0.1225,-0.0912,-0.2673,-0.0494,0.0502,-0.019,-0.0543,0.2324,-0.2504,0.0378,-0.1214,-0.3074,0.0427,-0.0504,0.0,0.0379,0.0718,0.0517,0.073,0.0223,-0.0381,-0.016,-0.0319,0.0349,-0.0283,0.1928,0.0573,0.051,-0.1882,0.0535,-0.0226,0.1352,-0.1436,-0.0233,0.1453,-0.0661,0.2492,-0.1735,-0.0373,0.1664,0.1039,-0.2325,0.159,0.0005,0.0167,0.143,0.0247,0.0807,0.0512,-0.0084,-0.1224,0.0471,-0.0417,0.0347,0.0561,0.0902,-0.1306,-0.0804,0.0936,-0.0363,0.0178,-0.0282,0.0178,0.0124,-0.0101,-0.0023,0.3078,0.1055,-0.1099,-0.0401,-0.1241,-0.0896,0.0503,0.0103,0.1197,-0.0112,0.0436,-0.0477,0.0286,-0.0002,-0.0763,0.0473,0.0122,-0.1355,0.0604,0.0304,-0.0873,0.0244,0.0425,0.0382,0.0193,0.0149,0.0411,0.018,-0.0758,-0.0058,0.0348,0.0261,-0.0242,0.0106,-0.06,-0.0029,-0.0575,0.0705,0.0363,-0.0082,0.0343,0.2854,0.031,-0.1874,0.1898,-0.184,-0.0033,-0.0976,0.0497,0.0771,0.0591,-0.3359,-0.1937,-0.1058,0.0769,-0.0212,0.092,-0.2914,-0.2768,0.0211,1.0,-0.5398,0.6171,0.5963,-0.5581,0.5601,0.38,-0.2201,0.1541,0.4003,-0.2293,0.1928,-0.3333,-0.0675,-0.1887,0.161,-0.1278,0.0577,0.2084,0.0252,-0.248,-0.2358,0.0418,0.2084,0.0054,-0.2391,-0.2765,0.2508,0.0291,-0.2888,-0.2559,0.1496,0.0444,0.0377,0.0036,-0.0092,-0.1234,0.04,-0.0511,-0.0031,-0.0157,0.0233,0.1385,0.0424,0.0926,0.0231,-0.0246,0.1553,0.0438,0.0074,-0.2691,-0.1757,-0.0193,-0.0153,0.0126,-0.2271,-0.2264,-0.3037,-0.183,-0.1577,-0.016,-0.0326,0.0231,-0.0199,-0.1891,-0.2325,-0.0103,-0.0101,0.0013,-0.0206,-0.1431,-0.0208,-0.027
bocpd_ret_h60_p10,-0.1351,-0.1273,0.1237,0.0359,-0.0903,-0.0938,-0.09,0.0028,0.0565,0.2373,-0.0648,0.0261,0.0394,-0.1506,-0.0559,0.072,-0.2191,0.6887,0.4672,0.5801,0.6357,0.4324,-0.0076,0.2016,-0.2567,0.4061,0.637,-0.0371,0.3245,-0.018,-0.0142,-0.2633,-0.0324,-0.006,-0.0725,0.1491,-0.2177,0.0276,-0.0897,0.0316,-0.0125,0.0254,-0.205,0.0121,0.084,0.0394,-0.0898,-0.0735,-0.0996,0.0262,-0.0887,0.0719,-0.1504,-0.2009,-0.1123,0.2993,0.3163,0.2108,0.2313,0.1351,-0.2805,-0.0312,-0.0581,0.2294,-0.0922,0.1482,0.1491,-0.2879,-0.0321,-0.0443,0.2086,-0.1145,0.1164,0.003,0.0397,0.0733,0.2121,0.227,0.1055,0.4619,0.0482,-0.0451,0.0791,0.1119,-0.4615,0.4558,-0.0134,0.2206,0.5242,-0.0394,0.1831,-0.0062,-0.0482,-0.1227,-0.1224,-0.1514,-0.0388,-0.0062,0.0239,0.0269,-0.0028,0.0061,-0.2407,-0.0044,-0.0159,0.2064,-0.1637,0.0738,-0.1245,0.3453,0.0208,-0.3469,0.0625,-0.182,0.1363,0.0358,-0.1274,-0.1684,0.2145,-0.159,0.0132,-0.0362,-0.286,-0.0731,-0.1567,-0.1148,-0.0113,0.1556,-0.0937,0.146,-0.0886,-0.0973,-0.13,0.2763,0.1621,-0.215,0.1056,-0.0358,0.0192,0.012,-0.0269,-0.0,0.0268,-0.6323,-0.1281,0.1156,0.0755,0.1412,0.1184,-0.0499,0.0321,-0.2239,0.024,-0.0366,0.0399,-0.0376,0.0272,0.1019,-0.0719,-0.0045,0.1326,-0.0957,-0.0744,0.1075,-0.0203,-0.0321,-0.0919,-0.0565,-0.0463,-0.0793,0.0048,0.1087,-0.0024,-0.0278,0.0003,0.0082,-0.0129,0.0525,-0.0097,0.1081,-0.1079,-0.079,0.0511,-0.0106,-0.5068,-0.0364,0.3469,-0.3513,0.3445,-0.0435,0.1856,-0.0979,-0.2193,-0.0579,0.5396,0.3481,0.1241,-0.0881,0.2179,-0.1795,0.6082,0.6256,0.004,-0.5398,1.0,-0.5205,-0.2691,0.9863,-0.3408,-0.2709,0.3171,-0.1568,-0.2136,0.3093,-0.1089,0.5988,0.1781,0.3294,-0.1467,0.1473,-0.0518,-0.24,-0.0955,0.3877,0.2444,-0.1224,-0.2401,-0.0677,0.3779,0.3706,-0.3351,-0.1075,0.4963,0.329,-0.2787,-0.137,-0.1141,0.0725,-0.0393,0.2546,-0.0446,0.072,0.008,0.0049,-0.0363,-0.1132,-0.0298,-0.0619,-0.0268,0.0754,-0.1989,0.1199,0.0309,0.2535,0.1982,0.0254,0.0202,0.02,0.2294,0.2086,0.3497,0.2232,0.195,0.0239,0.0338,-0.0355,0.0272,0.2076,0.2145,-0.0321,-0.0,0.0361,0.0258,0.1454,0.0282,0.0365
bocpd_ret_h60_since_reset,0.0869,0.0841,-0.0972,-0.025,0.074,0.0715,0.0809,-0.0003,-0.0576,-0.1748,0.0033,-0.021,-0.0182,0.0344,0.0723,-0.0482,0.0826,-0.3578,-0.1988,-0.3537,-0.3644,-0.2696,-0.0129,-0.1068,0.1719,-0.23,-0.3658,0.0204,-0.1563,0.0056,-0.0185,0.1622,-0.0055,0.0479,0.0177,-0.109,0.0804,0.0213,0.0111,0.0101,0.0221,0.0,0.1561,0.0344,-0.0667,-0.017,0.0638,0.0421,0.073,-0.0117,0.0497,-0.0424,0.0977,0.1258,0.0804,-0.1464,-0.1722,-0.1629,-0.0917,-0.0708,0.1304,0.0354,0.0369,-0.1686,0.0559,-0.0819,-0.0914,0.1602,0.0205,0.0311,-0.1528,0.0869,-0.0783,-0.0047,-0.0559,-0.0642,-0.1091,-0.1195,-0.0706,-0.2355,-0.0256,0.0243,-0.032,-0.0456,0.1968,-0.2143,0.0195,-0.1245,-0.2778,0.0193,-0.0989,-0.0025,0.0333,0.0804,0.0755,0.0784,0.0444,-0.0156,-0.0256,-0.0283,0.0185,-0.036,0.1636,0.0344,0.0367,-0.1364,0.0467,-0.0261,0.1098,-0.1216,-0.03,0.1237,-0.0652,0.1283,-0.0971,-0.0275,0.0838,0.088,-0.1726,0.1138,0.0049,0.0069,0.1633,0.071,0.0737,0.0652,-0.0134,-0.1178,0.0477,-0.0529,0.0302,0.04,0.1068,-0.1531,-0.0864,0.1093,-0.0498,0.0294,-0.0128,-0.0136,0.0199,-0.0195,-0.0005,0.3164,0.0973,-0.0755,-0.0695,-0.1043,-0.0903,0.014,0.0079,0.1358,-0.0399,0.0394,-0.0274,0.0431,-0.0119,-0.0651,0.0697,-0.0092,-0.1151,0.0629,0.0265,-0.0628,0.0075,0.0348,0.027,0.0162,0.0154,0.0643,0.0008,-0.0672,-0.0172,0.0379,0.0182,-0.0013,0.0006,-0.0479,-0.0003,-0.0518,0.0586,0.0532,-0.0103,0.0183,0.3059,0.0221,-0.1958,0.1959,-0.1887,-0.0052,-0.0951,0.0584,0.0827,0.0191,-0.3271,-0.1978,-0.0829,0.0738,-0.0818,0.0677,-0.306,-0.2872,0.0147,0.6171,-0.5205,1.0,0.2126,-0.5229,0.49,0.2763,-0.219,0.1774,0.2311,-0.2213,0.1915,-0.3039,-0.0471,-0.1764,0.1164,-0.1308,0.0086,0.1941,0.0208,-0.2281,-0.2099,0.0354,0.1948,-0.0016,-0.2176,-0.2585,0.2308,0.0236,-0.2682,-0.2276,0.1598,0.0365,0.0314,0.0054,-0.014,-0.1102,0.045,-0.0342,-0.0016,-0.0017,0.0318,0.1273,0.0507,0.0696,0.0261,-0.0081,0.1175,-0.0711,-0.0142,-0.1808,-0.1514,0.0,0.0,-0.0258,-0.1686,-0.1528,-0.2345,-0.1599,-0.1321,-0.0256,-0.0194,0.0273,-0.029,-0.1364,-0.1726,-0.0079,-0.0195,-0.0191,0.0,-0.1303,0.0,-0.025
bocpd_ret_h240_map,0.2589,0.2493,-0.1541,-0.0493,-0.046,0.0103,0.0909,0.1476,0.0331,-0.1582,0.0441,0.0055,-0.0407,0.0281,0.0056,-0.0048,0.0172,-0.2224,-0.1254,-0.2247,-0.224,-0.1867,-0.028,-0.0793,0.0808,-0.1398,-0.2328,0.0352,-0.0961,0.0183,0.0184,0.1972,0.0542,-0.0169,0.0517,-0.1459,0.0309,0.0066,0.0177,-0.0388,0.0006,-0.0284,0.1801,0.0156,-0.0849,-0.0412,0.0675,0.0805,0.0933,0.0559,0.0579,0.0642,0.2678,0.2085,0.2725,-0.0623,-0.0449,-0.1302,-0.0368,0.0,0.0583,0.0137,0.0132,-0.1922,0.0952,-0.0163,-0.0797,0.0961,0.0262,0.004,-0.2086,0.126,-0.0738,0.0071,-0.014,-0.0537,-0.0311,-0.0398,-0.0526,-0.1536,-0.0516,0.0483,-0.0025,-0.0413,0.119,-0.1359,0.0614,-0.0765,-0.1852,0.0407,-0.0099,-0.0049,0.0437,0.0619,0.0297,0.0419,-0.0041,-0.0457,0.0035,-0.0194,0.034,-0.0214,0.1352,0.0665,0.0489,-0.1476,0.0093,0.0092,0.091,-0.0585,-0.0195,0.0599,-0.0504,0.2247,-0.1472,-0.0245,0.1438,0.0927,-0.2083,0.145,-0.0024,-0.0164,0.0845,0.0226,0.0232,0.0396,0.0031,-0.0784,0.0158,0.0046,0.0042,0.0438,0.0393,-0.0496,-0.0448,0.0369,-0.0015,0.0035,-0.0174,0.0186,0.0072,-0.0056,-0.0016,0.1608,0.0551,-0.0819,-0.0139,-0.0921,-0.0539,0.0152,-0.0025,0.0707,0.0083,0.0197,-0.0316,0.0073,0.009,-0.0616,0.0215,0.0165,-0.0936,0.0159,0.0392,-0.0561,0.0203,0.0213,0.0078,-0.0028,0.0215,0.0209,0.0285,-0.0571,-0.0088,0.0354,0.0109,-0.0158,-0.0032,-0.0642,-0.009,-0.0434,0.063,-0.0002,0.0103,0.0439,0.1973,0.0397,-0.0992,0.1002,-0.0933,-0.0037,-0.0706,0.0046,0.0203,0.0562,-0.1909,-0.0904,-0.0732,0.0576,0.0176,0.0477,-0.0872,-0.0844,0.0198,0.5963,-0.2691,0.2126,1.0,-0.2931,0.5455,0.2984,-0.111,0.0739,0.3872,-0.1192,0.1401,-0.1966,-0.0438,-0.0911,0.1529,-0.0942,0.0515,0.1361,0.0175,-0.1477,-0.1658,0.029,0.1366,0.0138,-0.1475,-0.1766,0.1526,0.0199,-0.1591,-0.163,0.0656,0.0295,0.0259,-0.0068,0.0066,-0.0536,0.0138,-0.0476,-0.014,-0.0122,0.0041,0.1357,0.0477,0.0658,0.0021,-0.0185,0.1253,0.0808,0.0002,-0.2313,-0.1337,-0.0284,-0.0211,0.0026,-0.1922,-0.2086,-0.2232,-0.1529,-0.1498,0.0035,-0.0262,0.0024,0.001,-0.1491,-0.2083,0.0025,-0.0056,-0.006,-0.0327,-0.0993,-0.0355,-0.0365
bocpd_ret_h240_p10,-0.1424,-0.1354,0.1325,0.0429,-0.0823,-0.0967,-0.0958,-0.003,0.0526,0.2258,-0.0551,0.0273,0.0365,-0.1414,-0.0496,0.072,-0.2155,0.6759,0.455,0.5744,0.6302,0.4392,0.0058,0.2071,-0.2469,0.3949,0.6236,-0.0339,0.3097,-0.0156,-0.0174,-0.2619,-0.0333,-0.0046,-0.0706,0.1533,-0.2148,0.0195,-0.084,0.0322,-0.0126,0.0273,-0.2039,0.0051,0.1027,0.0368,-0.0954,-0.0767,-0.1042,0.0215,-0.0897,0.0683,-0.1588,-0.2054,-0.1209,0.2971,0.3091,0.21,0.2265,0.1191,-0.2717,-0.0288,-0.0533,0.2281,-0.0946,0.1519,0.1484,-0.278,-0.0345,-0.0427,0.2109,-0.114,0.1204,-0.0024,0.0444,0.0721,0.2122,0.2276,0.1062,0.4518,0.0451,-0.0451,0.0851,0.1145,-0.4553,0.4506,-0.0173,0.2136,0.5203,-0.0364,0.1828,-0.0044,-0.0467,-0.1235,-0.1214,-0.1337,-0.0374,0.0015,0.0227,0.0237,-0.0077,0.0163,-0.2456,-0.0108,-0.017,0.2123,-0.1605,0.0719,-0.1307,0.3381,0.0224,-0.3398,0.0644,-0.1874,0.1381,0.0337,-0.1322,-0.1634,0.2157,-0.1543,0.007,-0.0403,-0.28,-0.0686,-0.1527,-0.1118,-0.0138,0.1636,-0.0949,0.1389,-0.0903,-0.0958,-0.1346,0.2714,0.1538,-0.21,0.1076,-0.0324,0.0222,0.0047,-0.0275,0.0001,0.0273,-0.6154,-0.1372,0.1225,0.0785,0.1369,0.1277,-0.0472,0.0294,-0.2216,0.0212,-0.0358,0.0482,-0.0409,0.0271,0.1087,-0.0725,-0.0089,0.1285,-0.0922,-0.0742,0.1153,-0.0283,-0.0315,-0.0934,-0.0552,-0.0445,-0.0767,-0.0052,0.102,0.0005,-0.0299,0.001,0.0059,-0.0126,0.056,-0.0118,0.1137,-0.1128,-0.0799,0.0478,-0.0163,-0.504,-0.0292,0.3429,-0.347,0.3396,-0.0385,0.1834,-0.098,-0.2157,-0.0553,0.5356,0.3428,0.1246,-0.0931,0.2147,-0.1714,0.59,0.5987,-0.0004,-0.5581,0.9863,-0.5229,-0.2931,1.0,-0.3457,-0.2824,0.3196,-0.1601,-0.2292,0.3185,-0.1152,0.5873,0.172,0.3264,-0.1504,0.1567,-0.05,-0.2414,-0.089,0.3784,0.2481,-0.1151,-0.2408,-0.0636,0.3698,0.3648,-0.3341,-0.1,0.4825,0.3289,-0.2717,-0.1288,-0.107,0.0661,-0.0368,0.2387,-0.0475,0.0687,0.0082,0.0029,-0.0341,-0.1168,-0.0336,-0.0649,-0.0289,0.0914,-0.2101,0.1019,0.0303,0.2533,0.1883,0.0273,0.0213,0.0168,0.2281,0.2109,0.3508,0.2178,0.1872,0.0227,0.0301,-0.0322,0.0255,0.2136,0.2157,-0.0294,0.0001,0.0354,0.0276,0.1387,0.0295,0.0374
bocpd_ret_h240_since_reset,0.1676,0.1622,-0.1455,-0.037,0.0252,0.0729,0.0751,0.0696,-0.0182,-0.1697,-0.0025,-0.0091,-0.0227,0.0073,0.0477,-0.0708,0.0311,-0.2542,-0.1313,-0.2651,-0.261,-0.2,-0.0037,-0.0475,0.1591,-0.1754,-0.2707,0.0197,-0.1121,-0.0103,-0.0134,0.2078,0.0143,0.0089,0.0215,-0.1439,0.0325,0.0319,0.0026,-0.0135,0.0166,0.0,0.1805,0.0446,-0.0865,-0.0234,0.0729,0.0303,0.1011,0.0367,0.06,0.0218,0.1816,0.1677,0.1743,-0.0805,-0.0932,-0.1062,-0.0409,-0.029,0.073,0.0,0.0182,-0.1894,0.1064,-0.0482,-0.0752,0.1247,0.0102,0.0248,-0.1897,0.125,-0.073,-0.0038,-0.0438,-0.0602,-0.0619,-0.0683,-0.0356,-0.1925,-0.039,0.0341,-0.0147,-0.0327,0.1219,-0.1559,0.068,-0.1062,-0.2106,0.0225,-0.0224,-0.0073,0.023,0.0576,0.0347,0.0748,0.0153,-0.0555,0.0004,-0.0061,0.0368,-0.0394,0.1475,0.053,0.0361,-0.1149,0.0065,-0.0058,0.1179,-0.0497,-0.0303,0.0518,-0.0729,0.1685,-0.1171,-0.0283,0.1047,0.089,-0.2036,0.1323,0.0079,-0.0157,0.126,0.048,0.0633,0.0349,-0.0139,-0.0999,0.0385,-0.0161,0.0104,0.0416,0.0638,-0.0901,-0.0478,0.0512,-0.016,0.0138,0.0034,-0.0183,0.0274,-0.0268,-0.0006,0.2063,0.0877,-0.0926,-0.0298,-0.1023,-0.0729,-0.0129,0.0224,0.107,-0.0439,0.0334,-0.012,0.0383,-0.0113,-0.0516,0.0671,-0.0148,-0.1056,0.0591,0.0119,-0.0386,-0.0041,0.0279,0.0269,0.0111,0.0156,0.0371,0.0095,-0.0652,-0.0307,0.0462,0.0095,-0.0145,-0.0041,-0.0473,-0.0035,-0.0387,0.0516,0.0282,0.0156,0.0383,0.2412,0.0157,-0.1327,0.1332,-0.1219,-0.0034,-0.0753,0.0264,0.0345,0.0469,-0.2324,-0.1259,-0.0739,0.0761,-0.0037,0.0485,-0.1771,-0.1688,0.0027,0.5601,-0.3408,0.49,0.5455,-0.3457,1.0,0.3054,-0.1562,0.1315,0.3209,-0.1619,0.1874,-0.2145,-0.0376,-0.1109,0.1606,-0.1045,0.0459,0.1671,0.0028,-0.1736,-0.1782,0.016,0.1685,-0.0034,-0.1681,-0.1816,0.1804,0.0078,-0.1885,-0.1683,0.0994,0.0176,0.0139,0.0086,-0.0138,-0.0737,0.0387,-0.0285,-0.0334,-0.0052,-0.0006,0.1435,0.0554,0.0888,0.0342,0.0012,0.1075,0.0114,0.0343,-0.2215,-0.1464,0.0,0.0,0.006,-0.1894,-0.1897,-0.2164,-0.1579,-0.1404,0.0004,-0.0111,0.0302,-0.0003,-0.1149,-0.2036,-0.0224,-0.0268,0.0264,0.0,-0.1185,0.0,-0.0307
bocpd_rng_h60_map,0.2738,0.2703,-0.2065,-0.0577,0.012,0.0935,0.1605,0.1154,-0.0176,-0.2947,-0.0364,-0.0097,-0.0267,-0.006,0.1319,-0.0185,-0.1074,-0.1866,-0.1545,-0.1368,-0.092,-0.035,0.086,0.1554,0.2554,-0.1876,-0.1857,0.0399,-0.1046,0.0087,0.0232,0.3191,0.0539,-0.0473,0.0724,-0.1542,-0.0922,0.0269,-0.0091,-0.0031,0.0223,-0.0242,0.2682,0.0517,-0.0741,-0.0226,0.0438,0.0382,0.0681,0.0258,0.0178,0.0253,0.2838,0.2479,0.2818,-0.0743,-0.0793,0.0138,-0.0616,-0.0383,0.1098,0.0555,-0.0068,-0.3186,0.1295,-0.0707,-0.1326,0.1737,0.0508,-0.0,-0.3085,0.1752,-0.064,0.0097,-0.01,-0.0861,-0.048,-0.068,-0.0006,-0.1882,-0.0524,0.0479,-0.0261,-0.0429,0.1464,-0.1677,0.0674,-0.1013,-0.1879,0.0277,0.0753,0.0214,0.0114,0.0202,0.0055,0.0465,-0.0297,-0.0425,-0.0331,-0.0098,0.0616,-0.0479,0.1618,0.0683,0.0669,-0.179,0.0183,0.0173,0.1002,-0.0671,-0.0296,0.0692,-0.0831,0.253,-0.1815,-0.0679,0.1519,0.0824,-0.3035,0.1972,0.012,0.0101,0.0537,-0.0257,0.0321,0.0082,0.0223,-0.0613,0.0063,-0.0341,0.0221,0.062,0.0673,-0.088,-0.0561,0.0586,-0.017,0.0051,-0.0089,0.0061,0.0118,-0.0208,0.0089,0.1416,0.1091,-0.0566,-0.0184,-0.1837,-0.0117,0.0405,0.0215,0.0881,-0.0403,0.0332,-0.0247,0.0437,0.0262,-0.0355,0.0558,-0.0071,-0.1625,0.0221,0.0013,-0.0362,0.0078,0.0329,0.0286,0.0055,0.0143,0.0198,0.027,-0.1432,0.0136,0.019,0.0313,-0.0121,-0.0106,-0.0567,-0.0073,-0.0109,0.0291,0.051,-0.0065,0.008,0.1025,0.0252,-0.1202,0.1209,-0.1199,-0.0599,-0.1183,0.0425,-0.1036,0.0505,-0.2139,-0.1403,-0.0484,0.0786,0.0495,0.0366,-0.1508,-0.1484,0.0058,0.38,-0.2709,0.2763,0.2984,-0.2824,0.3054,1.0,-0.4521,0.532,0.6742,-0.4884,0.5657,-0.1412,-0.0363,-0.1244,0.188,-0.0254,0.0734,0.1706,-0.0003,-0.1709,-0.1846,0.0049,0.1716,-0.0095,-0.1648,-0.1806,0.1793,0.0011,-0.1733,-0.1865,0.0794,0.0054,0.0062,0.0261,-0.0222,-0.0588,0.029,-0.0484,0.0088,-0.0293,-0.017,0.128,0.0138,0.0577,-0.0311,0.0115,0.1799,0.1461,0.0382,-0.3339,-0.2577,-0.0242,-0.0152,0.0274,-0.3186,-0.3085,-0.3091,-0.2617,-0.2197,-0.0331,-0.0919,0.0245,-0.0341,-0.1802,-0.3035,-0.0215,-0.0208,0.031,-0.0257,-0.2002,-0.0249,-0.0263
bocpd_rng_h60_p10,-0.0271,-0.0224,-0.076,-0.0524,-0.0251,-0.0252,-0.0478,-0.0355,0.093,0.3097,0.0424,-0.0107,0.0351,0.0094,-0.1303,0.0008,0.0501,0.113,0.2264,-0.0552,-0.0603,-0.1181,-0.0951,-0.1589,-0.1148,0.3044,0.1131,-0.0484,0.2204,-0.019,-0.0001,-0.0934,-0.0007,0.0116,-0.0138,0.0544,0.0407,0.0173,-0.0202,0.0248,-0.0373,0.0136,-0.1869,-0.0062,0.0355,0.033,-0.0037,-0.0291,-0.0142,-0.0379,0.0295,-0.0176,-0.0355,-0.0399,-0.0428,0.2039,0.2151,-0.0736,0.2102,0.1765,-0.2103,-0.0229,0.0061,0.1596,-0.0702,0.1231,0.1707,-0.2302,0.0176,-0.0053,0.0741,-0.071,0.1153,0.0131,0.0386,0.1317,0.1645,0.2131,-0.0347,0.2349,0.0598,-0.0649,0.0498,0.0845,-0.2372,0.245,-0.0676,0.1727,0.1417,-0.0358,-0.0431,-0.0261,0.0044,0.0058,0.0405,-0.0098,0.0195,0.0203,0.0602,0.0081,-0.06,0.0484,-0.1407,-0.023,-0.0432,0.1712,-0.0854,-0.0127,-0.0268,0.1257,0.036,-0.1282,0.0834,-0.0357,0.0387,0.041,-0.0024,-0.0075,0.1542,-0.1257,0.022,-0.0003,-0.0002,0.0672,-0.051,0.0063,0.0012,-0.0171,-0.0178,0.0793,-0.0066,-0.0343,-0.0259,0.0778,0.0727,-0.0697,0.0144,0.0025,-0.0365,0.0439,-0.0079,-0.0247,0.0324,-0.0611,-0.0551,-0.003,-0.0183,0.1778,-0.0659,-0.0362,0.0221,-0.0623,0.0201,-0.0165,-0.0125,-0.0047,-0.012,0.0177,-0.0278,-0.0265,0.1745,-0.0107,0.0034,-0.0135,0.019,-0.0115,-0.0552,-0.0374,-0.0152,-0.0015,-0.0364,0.1524,-0.0767,0.0466,-0.0072,-0.0143,0.005,0.03,-0.0072,-0.002,-0.0017,-0.0421,0.0481,-0.0007,0.0718,-0.039,0.1131,-0.1129,0.1116,0.0483,0.1004,-0.0161,0.0478,-0.055,0.206,0.2564,0.0428,-0.0571,-0.0086,-0.0752,0.1847,0.1991,-0.0059,-0.2201,0.3171,-0.219,-0.111,0.3196,-0.1562,-0.4521,1.0,-0.4571,-0.2419,0.9798,-0.3125,0.1017,0.0385,0.2469,-0.1144,-0.0042,-0.0322,-0.1576,-0.0296,0.2056,0.1743,-0.0289,-0.1607,-0.0243,0.2064,0.1834,-0.1936,-0.0339,0.2395,0.2128,-0.0993,-0.0397,-0.0339,0.0076,-0.001,0.0961,0.0127,-0.0116,0.0037,-0.0063,0.0092,-0.0304,0.0645,0.0466,0.0951,-0.0066,-0.1775,0.0141,-0.0244,0.0849,0.2727,0.0136,-0.0007,-0.0057,0.1596,0.0741,0.2223,0.2546,0.2378,0.0602,0.0498,-0.0356,0.0607,0.1718,0.1542,-0.0221,-0.0247,-0.0174,0.0063,0.2057,-0.0009,0.0048
bocpd_rng_h60_since_reset,0.0618,0.0585,0.0405,0.0007,0.0082,0.0141,0.0778,0.0314,-0.0376,-0.2289,-0.0549,0.0446,0.0003,-0.009,0.1328,-0.0197,-0.017,-0.0701,-0.1323,0.0253,0.0295,0.0909,0.0984,0.1199,0.0932,-0.1604,-0.0686,0.0171,-0.1032,-0.0068,-0.0129,0.0828,-0.0049,-0.0125,0.0126,-0.02,-0.009,-0.002,-0.0064,0.0,0.0188,-0.0098,0.1455,0.0174,-0.0058,0.0042,0.0004,0.0094,-0.0176,-0.0115,-0.0497,0.0028,0.0576,0.0402,0.0692,-0.0988,-0.0969,0.0514,-0.1013,-0.078,0.0987,0.0252,-0.0127,-0.1584,0.0682,-0.0658,-0.0898,0.1051,-0.0078,0.002,-0.0949,0.0769,-0.0434,-0.0203,0.0054,-0.0742,-0.0865,-0.106,0.0217,-0.1353,-0.011,0.0076,-0.0313,-0.0394,0.1257,-0.1337,0.0097,-0.0913,-0.0895,0.0012,0.0297,0.0348,-0.0007,-0.0189,-0.028,-0.0143,-0.0268,-0.0044,-0.0452,-0.0042,0.0402,-0.0328,0.0763,0.0273,0.0222,-0.1077,0.0432,-0.0041,0.0053,-0.0527,-0.0208,0.0542,-0.0548,0.0408,-0.0232,-0.0002,0.0067,0.0188,-0.113,0.0786,-0.0013,-0.0319,-0.004,-0.0193,-0.0012,-0.006,0.0202,0.0139,0.0031,-0.0431,0.0078,0.0318,0.0186,-0.0415,-0.0196,0.0315,-0.0197,-0.012,0.0322,-0.0288,0.0119,0.0152,-0.0269,0.0358,0.0197,0.0005,0.0168,-0.1325,0.0502,0.0173,0.0007,0.0379,-0.0125,-0.0037,-0.0101,0.0199,-0.0002,-0.0039,0.014,0.0359,-0.142,-0.022,-0.0074,0.0019,0.011,-0.0061,0.0182,0.0253,0.0086,0.0028,0.0292,-0.1059,0.0667,-0.0447,0.0057,0.007,-0.0292,-0.0119,0.0105,0.0048,-0.0043,0.0327,-0.0153,0.0176,-0.0363,-0.0056,-0.0713,0.0684,-0.0622,-0.0264,-0.0619,0.0043,-0.0143,0.0143,-0.1228,-0.145,0.0007,0.0159,0.0373,0.0333,-0.0765,-0.0786,0.0064,0.1541,-0.1568,0.1774,0.0739,-0.1601,0.1315,0.532,-0.4571,1.0,0.1882,-0.4658,0.4714,-0.0547,-0.0236,-0.1384,0.0544,0.048,0.0194,0.0969,0.0057,-0.0975,-0.1172,0.0006,0.0987,-0.0018,-0.1003,-0.1103,0.118,0.0015,-0.1086,-0.1258,0.0436,0.0017,0.0027,0.0152,-0.0119,-0.0248,-0.004,0.0116,0.0201,-0.0029,-0.0038,-0.0031,-0.085,-0.0585,-0.094,0.0056,0.1126,0.0326,0.0565,-0.0779,-0.2242,-0.0098,0.0,0.0273,-0.1584,-0.0949,-0.1481,-0.1798,-0.1809,-0.0452,-0.0531,0.0362,-0.0454,-0.108,-0.113,-0.0007,0.0152,0.0491,-0.0005,-0.1887,0.0083,-0.0011
bocpd_rng_h240_map,0.3616,0.3543,-0.2538,-0.0895,-0.0407,0.0876,0.1862,0.1715,0.0108,-0.2757,-0.0079,-0.0391,-0.0208,-0.0033,0.0957,-0.0043,-0.0848,-0.1732,-0.11,-0.168,-0.1322,-0.0754,0.0597,0.1201,0.2316,-0.1299,-0.1528,0.0268,-0.0358,-0.0013,0.0497,0.3459,0.0801,-0.049,0.0896,-0.16,-0.0682,0.0235,0.0039,-0.0147,-0.0003,-0.0293,0.2751,0.0455,-0.0761,-0.0177,0.0517,0.0282,0.0756,0.0194,0.0513,0.0319,0.3735,0.3177,0.3633,0.0041,0.015,-0.0054,0.0144,0.0402,0.0384,0.0678,-0.002,-0.3314,0.1237,-0.0235,-0.0714,0.1,0.0766,-0.0097,-0.3546,0.1844,-0.0622,0.0088,-0.0185,-0.042,-0.0121,0.0017,0.0188,-0.1443,-0.0417,0.0314,-0.0175,-0.0257,0.0899,-0.1081,0.0719,-0.0938,-0.1485,0.0215,0.0643,0.0133,0.0264,0.0481,0.0009,0.0576,-0.0175,-0.0428,-0.0368,0.0004,0.0601,-0.0192,0.127,0.05,0.0664,-0.1364,0.0029,0.0264,0.102,-0.0311,-0.0373,0.0337,-0.0842,0.3258,-0.2341,-0.0828,0.2029,0.0797,-0.3183,0.2072,0.0121,0.0415,0.0359,-0.0397,0.0224,-0.0068,0.0145,-0.0684,0.0046,-0.0012,0.01,0.0526,0.0565,-0.0544,-0.0277,0.0215,0.0008,0.0175,-0.0381,0.0307,0.0212,-0.0367,0.0153,0.1307,0.1086,-0.0678,-0.0158,-0.1813,-0.0194,0.0489,0.0333,0.0795,-0.0439,0.0466,-0.0216,0.0405,0.0226,-0.0277,0.0557,-0.0175,-0.1583,0.0241,0.0032,-0.0342,-0.0011,0.0465,0.014,-0.0015,-0.0025,-0.0025,0.024,-0.1354,-0.0094,0.0439,0.0167,-0.0145,-0.0195,-0.0566,-0.0033,-0.0134,0.0323,0.0311,0.0149,0.0001,0.1282,0.0247,-0.0745,0.0738,-0.0751,-0.0543,-0.0753,0.0375,-0.082,0.0393,-0.1629,-0.0528,-0.0476,0.0581,0.0645,0.0072,-0.0707,-0.07,0.006,0.4003,-0.2136,0.2311,0.3872,-0.2292,0.3209,0.6742,-0.2419,0.1882,1.0,-0.2877,0.5392,-0.1147,-0.0084,-0.0454,0.1813,-0.0266,0.0712,0.1293,0.01,-0.1355,-0.1459,0.015,0.1289,0.0045,-0.131,-0.1464,0.1233,0.0089,-0.1182,-0.1368,0.0501,0.0119,0.0135,0.0058,-0.0005,-0.0215,0.0204,-0.0511,-0.0102,-0.0285,-0.0339,0.1391,0.0321,0.0779,-0.0088,0.0105,0.1408,0.2107,0.0322,-0.3758,-0.2352,-0.0293,-0.0194,0.0193,-0.3314,-0.3546,-0.2893,-0.2499,-0.2146,-0.0368,-0.0851,0.0161,-0.0365,-0.1379,-0.3183,-0.0333,-0.0367,0.0249,-0.0332,-0.1772,-0.0347,-0.0279
bocpd_rng_h240_p10,-0.0358,-0.0319,-0.0596,-0.0464,-0.0253,-0.0318,-0.0556,-0.037,0.0869,0.3054,0.0585,-0.0107,0.0328,0.0122,-0.127,-0.0011,0.0524,0.1008,0.2056,-0.0503,-0.0563,-0.1095,-0.0892,-0.1577,-0.116,0.2842,0.1049,-0.0466,0.2017,-0.016,-0.0042,-0.0996,-0.0072,0.0159,-0.0187,0.059,0.0417,0.0121,-0.0177,0.0224,-0.0326,0.0173,-0.1923,-0.0111,0.0384,0.031,-0.0038,-0.0262,-0.014,-0.0378,0.0267,-0.014,-0.0455,-0.0507,-0.0508,0.1849,0.1962,-0.0712,0.1901,0.1585,-0.1888,-0.0223,0.0112,0.1692,-0.0771,0.1131,0.1661,-0.2177,0.0145,-0.003,0.0885,-0.0789,0.1097,0.0062,0.0412,0.1295,0.1485,0.1918,-0.0341,0.2141,0.0572,-0.0648,0.0461,0.0787,-0.2214,0.2304,-0.0648,0.1596,0.1373,-0.0334,-0.0423,-0.0219,0.0093,0.0058,0.0402,-0.0038,0.0208,0.0168,0.0632,0.0072,-0.0597,0.0434,-0.1386,-0.0246,-0.0443,0.1676,-0.0795,-0.0145,-0.0275,0.1122,0.0359,-0.1147,0.0819,-0.0455,0.0457,0.043,-0.0089,-0.0128,0.1606,-0.1286,0.0204,-0.0066,0.0022,0.0715,-0.0438,0.0138,0.0,-0.0154,-0.0144,0.0705,-0.0042,-0.0354,-0.0267,0.0687,0.0658,-0.0621,0.0119,0.0032,-0.0339,0.0399,-0.0071,-0.0226,0.0294,-0.052,-0.0602,0.0012,-0.0205,0.1772,-0.064,-0.0418,0.0207,-0.0621,0.0256,-0.019,-0.0137,-0.0082,-0.0112,0.0164,-0.0325,-0.0245,0.1726,-0.009,0.0078,-0.0169,0.0213,-0.0145,-0.0509,-0.0322,-0.0137,0.0031,-0.038,0.1493,-0.0703,0.0405,-0.0103,-0.0099,0.0023,0.0257,-0.0008,-0.0004,-0.0045,-0.0417,0.0429,0.001,0.0686,-0.034,0.1025,-0.1024,0.1021,0.0502,0.0987,-0.0133,0.05,-0.0545,0.1984,0.239,0.0462,-0.0591,-0.0126,-0.0656,0.1704,0.1797,-0.0138,-0.2293,0.3093,-0.2213,-0.1192,0.3185,-0.1619,-0.4884,0.9798,-0.4658,-0.2877,1.0,-0.3329,0.0966,0.0372,0.229,-0.1173,0.0044,-0.0351,-0.1571,-0.0269,0.1987,0.1747,-0.0257,-0.1597,-0.0221,0.1994,0.1806,-0.1889,-0.0308,0.2277,0.2075,-0.0936,-0.035,-0.0304,0.0054,-0.0008,0.0829,0.0102,-0.0109,0.0045,-0.0077,0.0142,-0.0341,0.0601,0.0405,0.0906,-0.0055,-0.1697,-0.0001,-0.0237,0.0965,0.2671,0.0173,0.0025,-0.0026,0.1692,0.0885,0.2224,0.2552,0.2333,0.0632,0.0493,-0.0359,0.0636,0.1684,0.1606,-0.0207,-0.0226,-0.0166,0.01,0.2017,0.0022,0.0066
bocpd_rng_h240_since_reset,0.1292,0.1271,-0.0468,0.0058,-0.0039,0.0297,0.0892,0.0602,-0.0126,-0.2394,-0.0397,0.0351,-0.0176,-0.0263,0.1118,-0.0077,-0.069,-0.0567,-0.0895,-0.0104,0.0168,0.0602,0.0914,0.1296,0.131,-0.1295,-0.0614,0.0143,-0.0583,-0.0027,-0.0117,0.1461,0.0105,-0.0271,0.044,-0.0663,-0.0618,0.0124,-0.0127,0.0065,0.0045,-0.0158,0.1863,0.032,-0.0222,-0.0149,0.0036,-0.0001,0.0041,-0.0157,-0.0096,0.0163,0.13,0.1165,0.1297,-0.0196,-0.0312,0.0349,-0.0399,-0.0384,0.0461,0.0396,-0.0238,-0.204,0.0817,-0.0301,-0.0775,0.0866,0.0196,-0.0115,-0.1677,0.1047,-0.0272,-0.0265,-0.0097,-0.064,-0.0526,-0.0446,0.023,-0.1111,-0.0269,0.0167,-0.0047,-0.0137,0.0694,-0.0918,0.0152,-0.0917,-0.0614,0.0186,0.0126,0.0226,0.0104,-0.0009,-0.0034,-0.0038,-0.0081,-0.0328,-0.032,0.0015,0.047,-0.0154,0.069,0.0405,0.0455,-0.0962,-0.0035,0.0196,0.0199,0.0003,-0.0339,0.0021,-0.0696,0.111,-0.0803,-0.0304,0.0493,0.0121,-0.1824,0.1134,0.0128,0.0055,0.0034,-0.0276,0.0244,-0.0199,0.022,0.0067,-0.0052,-0.0307,-0.0075,0.0242,0.0223,-0.0278,-0.0335,0.0218,0.0062,-0.0183,0.0164,-0.0022,0.0153,-0.0123,-0.003,0.0331,0.0214,0.0043,0.0039,-0.1464,0.0467,0.0336,0.0064,0.0503,-0.0218,0.0055,0.0114,0.0108,-0.0106,0.0125,0.015,0.029,-0.1485,0.0197,-0.0021,0.0076,-0.0131,0.001,0.0357,0.0065,-0.0233,-0.0168,0.0287,-0.1141,0.0417,-0.0247,0.0263,-0.0186,-0.02,-0.0267,-0.0062,0.0113,0.0023,0.0258,-0.0187,0.0186,-0.0054,0.0233,-0.0408,0.039,-0.0356,-0.0381,-0.0486,0.0098,-0.0654,0.0294,-0.0816,-0.0757,-0.0122,0.04,0.0627,0.0078,-0.0339,-0.0375,-0.0041,0.1928,-0.1089,0.1915,0.1401,-0.1152,0.1874,0.5657,-0.3125,0.4714,0.5392,-0.3329,1.0,-0.043,-0.0017,-0.0637,0.0784,0.0316,0.0528,0.0952,-0.0077,-0.0811,-0.1117,-0.0064,0.0966,-0.0098,-0.0781,-0.0996,0.0938,-0.0091,-0.0714,-0.1037,0.0236,-0.007,-0.0039,0.0205,-0.0166,-0.0187,0.0054,-0.0255,0.0134,-0.0215,-0.0105,0.0573,-0.0322,-0.0075,-0.0642,0.0279,0.1044,0.0886,0.0598,-0.1551,-0.2206,-0.0158,0.0,0.0329,-0.204,-0.1677,-0.1616,-0.204,-0.1887,-0.032,-0.0636,0.0164,-0.0316,-0.0967,-0.1824,-0.0064,-0.0123,0.0519,-0.0214,-0.1738,-0.0189,-0.0011
rv_absret,-0.1124,-0.1068,0.1027,0.0446,-0.0818,-0.0555,-0.0821,0.025,0.0077,0.1629,-0.061,0.0315,0.037,0.1127,-0.0736,0.0503,-0.2158,0.52,0.2911,0.4975,0.5475,0.3736,-0.0128,0.204,-0.196,0.4171,0.7781,-0.0296,0.6077,-0.0275,-0.0076,-0.204,-0.0403,0.0101,-0.0521,0.1549,-0.2064,-0.1393,0.1386,-0.1265,-0.0135,-0.0086,-0.1307,-0.1511,0.1003,0.0382,-0.0759,-0.0056,-0.0831,0.0259,-0.0884,0.0482,-0.1265,-0.1769,-0.0866,0.3058,0.2987,0.1923,0.1962,0.0818,-0.2332,-0.0158,-0.0479,0.1628,-0.0707,0.1296,0.1423,-0.2256,-0.0363,-0.037,0.1665,-0.0805,0.1122,-0.0398,-0.0027,0.07,0.1067,0.2429,0.0818,0.339,0.0199,-0.0728,-0.0119,0.0092,-0.3976,0.4979,0.0177,0.0554,0.7855,-0.0369,0.185,-0.0293,-0.0275,-0.0851,-0.0884,-0.0297,-0.0376,0.0457,-0.0003,0.0138,-0.0243,0.0692,-0.235,-0.0138,0.0288,0.2144,-0.1987,0.1604,-0.1384,0.3261,0.0129,-0.3272,0.1938,-0.1651,0.1346,0.0564,-0.1294,-0.1046,0.1837,-0.0949,-0.0342,-0.0527,-0.1914,-0.0733,-0.1198,-0.1095,0.0029,0.0809,-0.0558,0.1523,-0.0658,-0.0739,-0.1033,0.191,0.1742,-0.2202,0.1001,-0.0293,0.0169,0.0082,0.0071,-0.0207,0.0135,-0.4657,-0.1029,0.0734,0.0257,0.0972,0.0551,-0.0548,0.0551,-0.1582,-0.0423,-0.0136,0.0177,0.0322,0.0418,0.0654,0.0095,-0.0789,0.1103,-0.0729,-0.0843,0.0764,-0.0102,-0.0069,-0.0694,-0.0371,-0.0554,-0.0646,-0.0361,0.0614,-0.0227,0.0214,0.0104,0.0056,0.006,0.0445,-0.0387,0.0732,-0.0654,-0.0968,0.1693,-0.0045,-0.4483,-0.0509,0.3395,-0.3431,0.341,-0.0025,0.1407,-0.091,-0.217,-0.0529,0.5035,0.3565,0.1372,-0.0788,0.1677,-0.4639,0.4886,0.6052,0.0668,-0.3333,0.5988,-0.3039,-0.1966,0.5873,-0.2145,-0.1412,0.1017,-0.0547,-0.1147,0.0966,-0.043,1.0,0.5822,0.3312,-0.0838,0.0906,-0.0491,-0.5476,0.1256,0.4295,0.4796,0.0925,-0.5485,0.1673,0.3934,0.4756,-0.6219,0.1076,0.5853,0.5667,-0.2934,0.0647,0.105,-0.143,0.2108,0.3644,-0.1574,0.0851,-0.0384,0.0105,-0.0327,-0.0679,-0.0431,-0.0449,-0.0272,-0.0454,-0.2564,0.0935,0.0189,0.191,0.1411,-0.0086,0.0094,0.0072,0.1628,0.1665,0.3097,0.1428,0.1195,-0.0003,0.0532,-0.0167,0.0014,0.2137,0.1837,-0.0551,-0.0207,0.0239,0.0019,0.1252,0.0114,0.0232
rv_body_frac,-0.0132,-0.0182,0.0213,0.0134,-0.0194,0.0005,-0.0198,0.0086,-0.0134,0.014,0.0078,0.0095,0.0014,0.1496,0.0359,0.0204,0.015,0.1035,0.1077,0.0329,0.0281,0.0158,-0.0231,-0.0023,-0.0316,0.1088,0.1728,0.0165,0.2165,0.0042,-0.0099,-0.0228,-0.0122,0.0213,-0.0146,0.031,0.0184,-0.1041,0.1279,-0.0987,-0.0239,-0.0113,-0.0061,-0.1047,0.0472,0.0018,-0.0151,0.0205,-0.0164,0.0163,-0.0046,0.0045,-0.0122,-0.0139,-0.01,0.0365,0.0321,0.011,0.0302,0.0249,-0.0415,-0.0181,0.014,0.0258,0.0011,0.0185,0.0567,-0.0514,0.0131,0.0059,0.0091,-0.0205,-0.0018,-0.0148,0.0067,0.0273,-0.007,0.0618,0.0083,0.1574,-0.0192,-0.0262,-0.0236,-0.0423,-0.1984,0.3041,0.002,-0.0271,0.4328,-0.001,-0.0029,-0.0071,-0.014,0.0125,0.0084,0.0156,-0.0088,0.0078,-0.0185,0.0083,0.008,0.0607,-0.1139,-0.0147,0.0516,0.1076,-0.1241,0.1342,-0.047,0.1786,-0.0043,-0.1784,0.1579,-0.0059,0.0091,0.0169,-0.0035,0.0231,0.022,-0.0004,-0.0162,0.0017,-0.0137,0.0057,-0.0098,-0.0624,-0.0044,-0.0229,-0.0208,0.0883,-0.0131,-0.0317,-0.014,0.0384,0.0759,-0.1094,0.0602,0.0052,-0.0172,0.0166,0.0095,-0.0413,0.0315,-0.1042,-0.0121,-0.0128,-0.0155,0.0013,-0.0234,-0.0043,0.0515,-0.0105,-0.0709,-0.0006,0.0007,0.0664,0.0229,-0.0063,0.0715,-0.0876,-0.0104,0.0023,-0.0495,0.0121,-0.0004,0.0099,-0.0113,-0.0044,-0.0313,-0.0347,-0.0275,-0.0067,-0.0238,0.0474,0.0313,0.0008,-0.0105,-0.0208,-0.0188,0.0043,0.0071,-0.0521,0.158,-0.005,-0.0251,-0.0081,0.1345,-0.137,0.1383,-0.0008,0.035,-0.0323,0.0154,-0.0108,0.0468,0.051,0.0374,-0.0043,0.0594,-0.3992,0.1956,0.3071,0.061,-0.0675,0.1781,-0.0471,-0.0438,0.172,-0.0376,-0.0363,0.0385,-0.0236,-0.0084,0.0372,-0.0017,0.5822,1.0,0.0409,0.0126,-0.0043,-0.0115,-0.3721,0.1222,0.2558,0.2316,0.1156,-0.3697,0.1377,0.2262,0.1566,-0.377,0.1095,0.3235,0.2844,-0.091,0.0874,0.1175,-0.1224,0.1709,0.1816,-0.0917,0.0185,-0.0263,0.0148,-0.0064,0.0084,0.0003,0.0128,0.0234,-0.0787,-0.1683,0.0083,0.004,0.0193,0.0019,-0.0113,0.01,0.0264,0.0258,0.0091,0.0438,0.0445,0.0226,-0.0185,0.0241,0.0196,-0.0173,0.1069,0.022,-0.0515,-0.0413,0.0093,0.0026,-0.0038,0.0079,0.0083
rv_logvol_rel20,0.0814,0.0943,-0.1186,-0.0583,-0.0422,-0.0026,0.0088,0.0342,0.1021,0.1385,0.0023,-0.0011,0.0494,-0.0788,-0.1198,0.0311,-0.0597,0.3401,0.4216,0.0753,0.0976,-0.0009,-0.0773,-0.0087,-0.0811,0.5251,0.403,-0.0575,0.4971,-0.0361,-0.0062,-0.032,-0.0143,0.0151,-0.0139,0.0857,-0.0679,-0.0145,0.0032,-0.0164,-0.0002,-0.0034,-0.063,-0.0249,0.0746,0.0494,-0.0414,-0.0329,-0.0267,-0.0197,0.0114,0.0149,0.0704,0.0236,0.0785,0.9938,0.8921,0.0233,0.7597,0.4413,-0.741,0.0571,-0.0307,-0.0316,-0.0344,0.408,0.3403,-0.5297,0.0555,0.0002,-0.0639,-0.0086,0.2938,0.0116,0.0126,0.1427,0.4282,0.7866,0.0296,0.3712,0.0388,-0.0636,0.1138,0.1509,-0.4721,0.4721,-0.0498,0.2064,0.3425,-0.05,0.0112,-0.0543,-0.0343,0.02,0.0683,0.0937,0.012,0.0458,0.0218,0.0244,-0.0531,0.0374,-0.2856,-0.0463,0.0298,0.3101,-0.2462,0.0943,-0.0602,0.3549,0.0269,-0.3569,0.0322,0.0251,-0.0173,-0.011,0.0346,-0.0491,0.0741,-0.1088,0.0638,0.0714,-0.0639,-0.0045,-0.0579,-0.1017,0.0157,0.0387,-0.011,0.11,-0.0395,-0.0567,-0.0744,0.1852,0.115,-0.1361,0.0547,0.0097,-0.0385,0.0391,-0.0017,-0.0171,0.0186,-0.2343,-0.0323,0.0457,0.0014,0.0951,0.013,0.0375,0.0106,-0.1275,-0.0006,0.0276,0.0774,-0.0618,0.0589,0.1089,-0.0516,-0.0615,0.122,-0.0399,-0.067,0.1245,-0.084,0.0316,-0.0271,-0.0191,-0.0387,-0.0758,-0.0899,0.0735,-0.1603,0.1133,-0.0043,-0.005,0.0036,0.019,0.0003,0.0306,-0.0318,-0.079,0.0182,-0.037,-0.0723,-0.0407,0.2486,-0.2514,0.2406,0.0255,0.1324,-0.0665,-0.0616,-0.05,0.7839,0.9282,0.0781,-0.099,0.0817,-0.2157,0.3968,0.443,0.0912,-0.1887,0.3294,-0.1764,-0.0911,0.3264,-0.1109,-0.1244,0.2469,-0.1384,-0.0454,0.229,-0.0637,0.3312,0.0409,1.0,-0.0513,-0.0157,-0.0216,-0.3365,-0.0085,0.3841,0.3134,-0.0227,-0.3454,0.0062,0.3736,0.3329,-0.4277,-0.0241,0.5145,0.3904,-0.2389,-0.0459,-0.0275,-0.0171,0.0468,0.2316,-0.0654,-0.0006,-0.01,-0.0298,0.0361,0.0556,0.103,0.1076,0.1189,0.0483,-0.3667,0.1417,-0.0095,-0.0189,0.1536,-0.0034,0.0,-0.0038,-0.0316,-0.0639,0.4701,0.0919,0.1075,0.0218,0.0716,-0.0544,0.0248,0.3098,0.0741,-0.0106,-0.0171,-0.0049,-0.0094,0.1595,-0.0018,0.0101
rv_ev36,0.2434,0.2356,-0.2,0.023,0.0725,0.0641,0.0576,0.075,0.059,-0.3373,0.0092,0.0106,-0.0331,0.0068,0.148,-0.0159,-0.0553,-0.2387,-0.186,-0.1907,-0.1593,-0.1188,-0.0085,0.087,0.1945,-0.1205,-0.1432,0.0387,-0.0162,0.035,0.0328,0.2343,0.04,0.0018,0.0353,-0.1628,-0.0498,-0.02,0.1425,-0.2945,0.0336,-0.0331,0.3622,0.0091,-0.4379,-0.0304,0.303,0.1857,0.5764,0.2841,0.3257,0.1236,0.3734,0.4576,0.2828,0.0081,-0.0062,-0.0686,0.0432,0.075,0.0359,0.0689,-0.0126,-0.3315,0.1243,-0.014,0.0159,0.0195,0.077,-0.0,-0.2861,0.1326,-0.0267,0.0037,-0.0288,0.0086,-0.0282,0.0079,-0.0704,-0.2117,-0.0418,0.0325,-0.1489,-0.1602,0.1679,-0.128,0.4729,-0.1266,-0.1246,0.0336,0.0437,0.0198,0.0449,0.0485,-0.0301,0.1019,-0.0025,-0.1358,0.0196,-0.0226,0.0894,-0.139,0.2198,0.0018,0.068,-0.1446,0.0652,-0.0025,0.2024,-0.102,-0.042,0.1049,-0.055,0.4056,-0.3954,-0.2944,0.3592,-0.0721,-0.4321,0.1087,0.2065,-0.0288,0.126,0.0336,0.0616,0.061,0.0073,-0.16,-0.0062,0.0557,0.0109,0.0595,0.0629,-0.0607,-0.0113,0.0001,0.011,0.0392,-0.0671,0.0455,0.0457,-0.0866,0.0403,0.1651,0.1358,-0.1133,-0.0835,-0.2132,-0.1032,-0.0529,0.0784,0.0824,-0.0662,0.0515,-0.0449,0.0757,0.0396,-0.0651,0.095,-0.0491,-0.18,0.0468,0.0461,-0.0825,0.0182,0.0475,0.0301,0.021,0.0082,0.0407,0.0374,-0.161,-0.0709,0.0974,-0.0007,-0.0331,0.0029,-0.0667,0.0051,-0.0655,0.0814,0.0228,0.0736,0.0321,0.1607,0.0207,-0.0787,0.0813,-0.0709,-0.0145,-0.0875,0.0524,-0.0538,0.0283,-0.1895,-0.0757,-0.1364,0.0902,-0.0283,0.0005,-0.12,-0.1003,-0.0077,0.161,-0.1467,0.1164,0.1529,-0.1504,0.1606,0.188,-0.1144,0.0544,0.1813,-0.1173,0.0784,-0.0838,0.0126,-0.0513,1.0,-0.1392,0.0368,0.1363,0.1045,-0.3058,-0.0665,0.1479,0.13,0.1405,-0.301,-0.1427,0.0777,0.1229,-0.2122,-0.0559,0.0023,0.1504,0.1534,-0.1087,0.1311,-0.0483,-0.0594,-0.0126,-0.2064,0.0885,-0.1366,0.3434,0.2221,0.2141,0.0971,-0.087,0.1517,0.0929,0.0182,-0.3476,-0.2938,-0.0331,-0.025,0.0135,-0.3315,-0.2861,-0.1884,-0.3146,-0.2519,0.0196,-0.0856,0.0126,0.0166,-0.1463,-0.4321,-0.0784,-0.0866,0.0114,-0.0306,-0.2304,-0.0237,-0.0068
rv_range36_atr,0.0181,0.0092,0.0353,0.1015,0.0273,-0.0008,-0.0188,0.0046,-0.0236,-0.2319,0.0351,0.0107,0.0016,-0.0697,0.1352,-0.0015,-0.1284,0.0924,-0.0034,0.1291,0.1812,0.4593,0.5664,0.2796,0.122,0.0053,0.0751,0.0076,-0.0157,0.0071,-0.052,0.0441,-0.0363,-0.0147,-0.0394,0.1574,-0.1406,-0.0408,-0.0275,0.0584,-0.0354,-0.0006,0.155,-0.0199,0.1651,0.0022,-0.1676,-0.0696,-0.2493,-0.0351,-0.2191,0.0075,-0.0454,-0.1253,0.0199,0.0301,0.1095,0.1228,-0.0092,0.0697,0.0115,0.0451,-0.0243,-0.1674,0.0553,0.0021,0.0885,-0.0978,0.1001,-0.0074,-0.1327,-0.0017,0.0156,0.0516,0.0029,0.0726,-0.0106,-0.0123,0.1004,0.064,0.0024,-0.0357,0.0048,-0.0163,-0.0638,0.0383,-0.0744,-0.0101,0.0522,-0.0011,0.0729,0.0311,-0.0199,-0.0227,-0.0178,-0.1487,0.0097,0.0475,-0.0181,0.0224,-0.0276,0.042,-0.1404,0.0735,-0.1204,0.0558,-0.0258,-0.0316,-0.2996,0.0531,-0.0214,-0.0516,-0.0455,-0.1096,0.1175,0.0932,-0.1103,0.0637,-0.014,0.0653,-0.0614,-0.0704,-0.1017,-0.0515,-0.0882,-0.009,-0.0103,0.1637,-0.0589,-0.0532,-0.0253,-0.0518,-0.031,0.0314,0.0,0.0014,-0.0017,-0.0859,0.0964,-0.0353,-0.0477,0.0668,-0.0188,-0.1311,-0.1769,0.1054,0.096,-0.1582,0.2083,-0.0304,-0.0249,-0.0561,-0.0193,0.0076,0.0749,-0.0357,0.003,0.0767,-0.0181,-0.002,-0.1176,-0.0706,-0.0136,0.1153,-0.0726,0.0109,-0.0557,-0.0259,0.0124,-0.0027,0.0203,-0.1297,0.0947,-0.0803,0.0206,0.049,-0.0191,0.0278,0.0427,0.0779,-0.1028,0.0054,-0.0557,0.0075,-0.1126,-0.003,0.0216,-0.0222,0.0227,-0.0153,0.0173,-0.0214,-0.1325,-0.0214,0.1442,0.0183,0.1851,-0.1481,0.1688,0.011,0.254,0.1645,-0.0521,-0.1278,0.1473,-0.1308,-0.0942,0.1567,-0.1045,-0.0254,-0.0042,0.048,-0.0266,0.0044,0.0316,0.0906,-0.0043,-0.0157,-0.1392,1.0,-0.0494,-0.1323,-0.0033,0.1565,0.0891,-0.0346,-0.1237,-0.0175,0.1627,0.1307,-0.0959,-0.0176,0.1129,0.0706,-0.0784,-0.0355,-0.015,0.0122,-0.0186,0.0332,-0.0606,0.2011,0.0186,0.0326,0.0018,-0.4151,-0.4588,-0.2969,-0.3042,0.1302,0.105,0.1827,0.0032,-0.0589,-0.2203,-0.0006,-0.015,0.0067,-0.1674,-0.1327,-0.0319,-0.2007,-0.175,-0.0181,-0.0763,-0.0121,-0.0151,0.0557,-0.014,0.0249,0.0668,-0.0021,0.0063,-0.191,0.0124,0.0265
rv_ret36_atr,0.0308,0.0318,-0.0316,-0.0144,0.0014,0.0007,0.027,-0.0111,0.0357,-0.0022,-0.0086,-0.0397,-0.5351,-0.0248,-0.0044,-0.0106,-0.0077,-0.0504,-0.0364,-0.0394,-0.0413,-0.0287,0.0077,0.017,0.0642,-0.0535,-0.0685,0.5383,-0.0574,0.457,0.2176,0.0704,0.4911,-0.0561,0.5809,-0.068,0.0102,0.0154,-0.0056,0.0002,-0.0514,-0.0196,0.0048,0.0157,-0.0361,-0.5294,0.027,0.0118,0.0284,0.0019,0.0351,0.0157,0.045,0.051,0.0315,-0.02,-0.036,0.0384,-0.0175,-0.0234,0.0223,-0.3015,-0.0042,-0.0069,0.3075,-0.0033,-0.036,0.0482,-0.2221,0.0018,0.0005,0.221,-0.0068,0.0528,-0.0584,-0.0194,-0.0305,-0.0295,0.0128,-0.0188,-0.5465,0.54,0.1986,-0.1912,0.0292,-0.032,0.0222,-0.0467,-0.0384,0.5354,0.0122,0.0434,0.1217,0.037,-0.0084,0.0041,0.0048,-0.025,-0.0134,0.0064,0.0252,0.0216,0.0184,-0.0042,0.0221,-0.012,-0.0036,0.0259,0.0388,-0.0059,-0.0194,0.0073,-0.0258,0.0495,-0.0336,-0.0053,0.0357,0.0124,-0.0294,0.0074,0.014,-0.0069,0.0156,-0.0278,0.0123,-0.0078,0.0102,-0.026,0.0022,0.0115,0.0216,0.0115,0.0015,0.0004,-0.2848,0.0033,0.2769,0.0431,-0.0163,-0.0231,0.0658,-0.0019,-0.0636,0.021,0.0273,-0.3394,0.3146,0.0027,-0.0269,-0.0189,0.0028,0.0001,0.0022,-0.0051,-0.0059,0.0037,0.0298,-0.0387,0.0164,-0.0121,0.0061,0.0087,0.0042,-0.0111,0.0078,-0.0065,0.0151,0.0062,-0.0133,-0.0184,-0.004,-0.0062,-0.0135,0.0365,0.015,0.0133,-0.0002,0.0069,-0.0394,-0.0012,0.0105,0.0069,-0.0039,-0.0237,0.0271,0.4365,-0.0154,0.0131,-0.013,-0.01,0.0271,0.0161,0.0213,0.7478,-0.0476,-0.0296,-0.0511,0.0213,-0.0261,0.0196,-0.0834,-0.0796,-0.0087,0.0577,-0.0518,0.0086,0.0515,-0.05,0.0459,0.0734,-0.0322,0.0194,0.0712,-0.0351,0.0528,-0.0491,-0.0115,-0.0216,0.0368,-0.0494,1.0,0.0089,0.0042,-0.0085,-0.0002,0.0553,0.0037,-0.0708,0.0203,-0.2114,0.0427,-0.0008,-0.0476,-0.031,0.0347,-0.0049,0.0579,0.009,-0.0127,-0.0162,0.009,-0.3531,0.0369,-0.267,-0.0051,0.0123,-0.0009,0.0302,0.02,-0.0318,0.0371,-0.1102,0.0091,-0.0348,0.0073,-0.0196,-0.0072,0.0132,-0.0069,0.0005,-0.021,0.0135,0.0059,-0.0134,-0.0827,-0.0035,-0.0125,-0.0131,-0.0294,-0.0028,-0.0019,0.0135,-0.0183,0.0102,-0.0163,0.0004
gmm3_p0,0.0888,0.0827,-0.0853,-0.002,0.0552,0.0549,0.0428,0.0049,-0.0112,-0.1601,0.0068,-0.0077,-0.024,-0.4541,0.1292,0.0081,0.0749,-0.1023,0.0174,-0.1906,-0.2035,-0.1383,-0.012,-0.0191,0.1305,-0.4606,-0.4402,0.0154,-0.444,0.0131,-0.0171,0.1378,0.0009,-0.0035,0.0143,-0.158,0.0743,0.6903,-0.6705,0.583,0.0206,0.0133,0.0498,0.6995,-0.3252,-0.022,0.3267,-0.189,0.2586,-0.1866,0.1639,-0.1227,0.1151,0.2082,0.0449,-0.3086,-0.3086,-0.0741,-0.1936,-0.0939,0.2217,0.0227,0.0119,-0.1325,0.0519,-0.1514,-0.178,0.2162,0.034,0.0012,-0.1207,0.0542,-0.1172,0.0406,0.0199,-0.0864,-0.1313,-0.3081,-0.0591,-0.2051,-0.0144,0.0592,0.177,0.1605,0.0729,-0.3414,0.0194,-0.061,-0.4712,0.0237,-0.0104,0.0247,0.0173,0.002,-0.025,-0.0436,0.0079,-0.113,0.0314,-0.032,0.063,-0.1456,0.2572,0.057,0.0024,-0.2302,0.1334,-0.1234,0.3092,-0.0129,-0.0182,0.0142,-0.4087,0.1791,-0.1693,-0.122,0.1462,-0.0317,-0.2252,0.0959,0.0644,0.0083,0.042,0.023,0.0399,0.078,-0.0015,-0.0896,-0.0093,-0.0503,0.0359,0.0534,0.106,-0.1007,-0.0788,0.102,-0.0482,0.0555,-0.0323,-0.0154,0.0274,-0.0324,0.0049,0.16,0.1093,-0.0556,-0.0547,-0.1207,-0.0574,0.0107,0.0268,0.1099,-0.0188,0.0304,-0.0404,0.0352,-0.0431,-0.0452,0.0398,0.0273,-0.1105,0.0277,0.0566,-0.0735,0.0236,0.0258,0.0192,0.0221,0.0284,0.0543,0.0651,-0.0759,0.0079,-0.0079,-0.0293,-0.0158,-0.0151,-0.0416,0.027,-0.0389,0.0433,0.1045,-0.0876,-0.0035,0.1669,0.0188,-0.2037,0.2097,-0.2092,-0.0737,-0.0793,0.0983,0.0769,0.0238,-0.4181,-0.3664,-0.1187,0.1189,-0.042,0.3378,-0.2617,-0.3236,-0.0448,0.2084,-0.24,0.1941,0.1361,-0.2414,0.1671,0.1706,-0.1576,0.0969,0.1293,-0.1571,0.0952,-0.5476,-0.3721,-0.3365,0.1363,-0.1323,0.0089,1.0,-0.6669,-0.16,-0.8111,-0.6525,0.9969,-0.6659,-0.1015,-0.3393,0.9466,-0.658,-0.2441,-0.7779,0.5302,-0.6443,-0.6529,0.6743,-0.6803,-0.0745,0.6,0.0823,-0.0155,0.1456,-0.0762,0.1313,0.1015,0.0809,0.0484,-0.0071,0.2469,-0.0545,0.012,-0.1567,-0.1393,0.0133,-0.004,0.0072,-0.1325,-0.1207,-0.2999,-0.148,-0.0858,0.0314,-0.0559,-0.0019,0.0271,-0.2292,-0.2252,-0.0268,-0.0324,0.0094,0.0115,-0.1419,0.0101,0.0003
gmm3_p1,-0.0329,-0.0347,0.0656,0.0063,0.0115,-0.033,-0.0049,-0.0091,-0.013,-0.0215,0.0058,-0.0117,-0.021,0.6667,-0.0256,-0.0249,-0.0055,-0.2881,-0.3917,-0.0266,-0.0209,-0.0324,-0.0123,-0.0386,-0.0144,0.1929,0.0561,0.0296,0.1102,0.025,0.0255,-0.0144,0.014,-0.0127,0.0107,0.0354,-0.0047,-0.7845,0.9802,-0.7412,-0.0078,-0.0125,0.1314,-0.7826,0.1805,-0.021,-0.1807,0.2031,-0.0798,0.2077,-0.0499,0.1139,-0.0208,-0.0634,0.0129,-0.003,-0.0095,-0.033,-0.0566,-0.073,0.0346,-0.0234,0.0068,0.0138,0.0145,0.013,0.002,0.0358,-0.0371,0.0137,0.0319,0.0118,-0.0119,-0.0226,-0.041,-0.0055,-0.0078,0.066,-0.027,-0.0853,-0.0228,0.0062,-0.3277,-0.3408,0.3586,-0.0037,0.085,-0.0422,0.0904,0.022,-0.0139,-0.015,0.0279,0.0394,0.0062,0.0994,0.0003,0.1036,-0.0685,0.0348,-0.0344,0.1342,-0.019,-0.0329,0.0096,0.0104,0.0213,0.0394,-0.2618,-0.3001,-0.005,0.3006,0.463,-0.0591,0.0472,0.0298,-0.0491,0.0037,0.0595,-0.0288,-0.0132,-0.049,0.0911,0.009,0.0287,0.0063,-0.0125,0.0151,-0.0065,0.0005,-0.0152,0.0086,-0.0341,-0.0344,-0.0032,-0.0037,0.0077,-0.0369,0.0203,0.0117,-0.0091,0.0035,0.0056,0.0975,-0.0397,-0.0169,0.0361,0.0044,0.014,-0.0248,-0.0036,0.0017,-0.0048,-0.0112,-0.0097,0.0149,0.0566,-0.0178,0.0132,-0.0328,-0.0106,0.0153,0.0015,-0.0173,0.014,-0.0121,0.0195,-0.0083,0.0081,0.0029,-0.0281,-0.013,0.0282,-0.0069,0.021,0.0126,0.0043,-0.0062,-0.0191,0.0067,-0.0013,-0.0371,0.0685,0.0218,0.0124,0.0092,-0.0013,-0.0021,0.0064,0.0818,-0.0477,-0.0312,-0.0055,0.0207,0.0079,0.0135,-0.0009,-0.0192,-0.0553,-0.1339,-0.0937,-0.058,-0.0068,0.0252,-0.0955,0.0208,0.0175,-0.089,0.0028,-0.0003,-0.0296,0.0057,0.01,-0.0269,-0.0077,0.1256,0.1222,-0.0085,0.1045,-0.0033,0.0042,-0.6669,1.0,-0.5951,0.5352,0.9801,-0.6622,0.9673,-0.6396,-0.1051,-0.6094,0.9884,-0.4696,0.4521,-0.3692,0.9752,0.9812,-0.9672,0.9639,-0.0275,-0.6541,-0.0601,-0.0232,-0.0278,0.0362,0.0104,-0.0351,-0.0069,-0.0164,-0.0113,-0.0425,-0.0337,-0.0102,0.037,-0.0538,-0.0125,-0.0088,0.0004,0.0138,0.0319,0.0148,0.0238,-0.0762,-0.0685,-0.0002,0.006,-0.0635,0.0097,0.0595,0.0036,0.0035,-0.0121,-0.0153,-0.0318,-0.0176,-0.0113
gmm3_p2,-0.0479,-0.0388,0.0075,-0.0047,-0.0806,-0.0149,-0.034,0.0074,0.0303,0.1915,-0.0155,0.0266,0.045,-0.3803,-0.1252,0.0263,-0.071,0.4978,0.5088,0.2325,0.2392,0.1895,0.0402,0.0654,-0.1198,0.2366,0.404,-0.0469,0.3444,-0.0393,-0.0119,-0.1295,-0.0146,0.0151,-0.0188,0.1335,-0.07,0.2761,-0.5655,0.332,-0.0137,0.0034,-0.1993,0.2696,0.1237,0.0436,-0.1406,-0.0423,-0.2009,-0.0695,-0.1264,-0.0131,-0.0978,-0.1535,-0.0566,0.3529,0.3603,0.115,0.295,0.2009,-0.3025,0.0092,-0.0248,0.1181,-0.0736,0.1523,0.1819,-0.2861,0.0139,-0.0185,0.0795,-0.0696,0.1448,-0.0135,0.032,0.0884,0.155,0.2514,0.0968,0.3447,0.0328,-0.0602,0.2417,0.2724,-0.5644,0.3791,-0.1429,0.1151,0.3838,-0.0459,0.0203,-0.0121,-0.0439,-0.0458,0.0199,-0.0942,-0.0034,0.0008,0.0449,0.0049,-0.0293,-0.0108,-0.2568,-0.0105,-0.0155,0.2334,-0.1796,0.0796,-0.0037,0.4371,0.0216,-0.4388,-0.1646,-0.1245,0.1349,0.1089,-0.1062,0.0412,0.1673,-0.0596,-0.0606,0.0506,-0.1684,-0.0392,-0.0878,-0.1007,0.0196,0.0767,0.0108,0.0636,-0.0159,-0.0675,-0.0715,0.156,0.0912,-0.1119,0.0482,-0.0066,0.0074,-0.0027,-0.0208,0.0316,-0.0106,-0.3124,-0.071,0.0779,0.0159,0.1124,0.0467,0.0237,-0.0193,-0.1213,0.0199,-0.0117,0.0526,-0.0508,-0.033,0.0736,-0.0544,0.0095,0.131,-0.0551,-0.0694,0.1028,-0.0433,-0.0062,-0.0495,-0.0146,-0.0428,-0.067,-0.0305,0.0915,-0.0402,0.0155,-0.0009,0.0082,0.0033,0.0477,-0.004,0.0348,-0.0451,-0.0653,0.0154,-0.0346,-0.1974,-0.0267,0.2242,-0.2263,0.2169,-0.0376,0.1393,-0.0681,-0.0719,-0.0428,0.4455,0.3849,0.1353,-0.103,0.1218,-0.192,0.4291,0.4531,0.0609,-0.248,0.3877,-0.2281,-0.1477,0.3784,-0.1736,-0.1709,0.2056,-0.0975,-0.1355,0.1987,-0.0811,0.4295,0.2558,0.3841,-0.3058,0.1565,-0.0085,-0.16,-0.5951,1.0,0.1005,-0.6009,-0.1615,-0.5533,0.9838,0.4904,-0.176,-0.6006,0.9188,0.1861,-0.0875,-0.6159,-0.6004,0.5369,-0.5075,0.2489,0.187,-0.0169,0.0537,-0.1405,0.0429,-0.1571,-0.0734,-0.0879,-0.0443,0.0133,-0.2056,0.1083,0.0069,0.1163,0.2094,0.0034,0.0168,-0.0027,0.1181,0.0795,0.2968,0.117,0.1683,0.0449,0.0622,-0.0001,0.0452,0.2333,0.1673,0.0193,0.0316,0.0122,0.0094,0.1907,0.0144,0.0239
gmm3_map,-0.0914,-0.0841,0.0547,0.0017,-0.0406,-0.0553,-0.0377,-0.0125,0.0116,0.1855,-0.0144,-0.0061,0.0217,0.3435,-0.1384,-0.0178,-0.0772,0.1242,0.0145,0.1996,0.2116,0.1283,-0.0154,0.0261,-0.1273,0.4299,0.4314,-0.0248,0.4136,-0.0068,0.0256,-0.1343,0.0075,-0.0048,-0.0064,0.1381,-0.0756,-0.5288,0.5481,-0.4564,-0.0081,-0.0169,-0.087,-0.5412,0.2215,0.0228,-0.2028,0.1141,-0.1421,0.1363,-0.1023,0.1002,-0.1037,-0.1694,-0.0557,0.2775,0.2782,0.0846,0.1914,0.1121,-0.1944,-0.0184,-0.0162,0.1352,-0.0571,0.1331,0.1978,-0.2181,-0.0317,-0.0082,0.1208,-0.0556,0.1272,-0.0447,-0.03,0.127,0.1359,0.2839,0.0541,0.1885,0.0187,-0.0531,-0.1536,-0.1347,-0.0844,0.3154,0.0063,0.0689,0.4315,-0.0213,0.0231,-0.0212,-0.0111,-0.0081,0.0342,0.0552,-0.0273,0.0712,-0.005,0.0271,-0.0439,0.0949,-0.2233,-0.0736,-0.0163,0.2285,-0.0998,0.0961,-0.2352,-0.0021,0.0342,-0.0003,0.3366,-0.1585,0.1343,0.0823,-0.1131,-0.0139,0.2062,-0.103,-0.0423,-0.0044,-0.0324,-0.0194,-0.0281,-0.0475,0.0093,0.0616,0.0115,0.0474,-0.0287,-0.0481,-0.0901,0.0959,0.07,-0.0867,0.038,-0.0334,0.0168,0.0127,-0.0234,0.0231,0.0004,-0.1492,-0.08,0.0347,0.0412,0.1235,0.0284,-0.0048,-0.0193,-0.1106,0.0333,-0.0327,0.0277,-0.0393,0.0347,0.0535,-0.0577,-0.0112,0.1329,-0.0223,-0.0342,0.0505,-0.0108,-0.0309,-0.0123,-0.019,-0.0107,-0.0334,-0.0539,0.0853,-0.0348,0.0107,0.0318,-0.0011,0.0152,0.0372,-0.0394,0.0367,-0.0326,-0.0859,0.0578,0.0216,-0.1585,-0.0233,0.1918,-0.1981,0.2016,0.0826,0.0906,-0.0755,-0.0797,-0.0258,0.3907,0.3418,0.1003,-0.1049,0.035,-0.2789,0.2404,0.2846,0.0317,-0.2358,0.2444,-0.2099,-0.1658,0.2481,-0.1782,-0.1846,0.1743,-0.1172,-0.1459,0.1747,-0.1117,0.4796,0.2316,0.3134,-0.0665,0.0891,-0.0002,-0.8111,0.5352,0.1005,1.0,0.5356,-0.8117,0.5392,0.0606,0.5223,-0.814,0.5352,0.184,0.8293,-0.4566,0.5352,0.5353,-0.5464,0.5474,0.0126,-0.4648,-0.0464,-0.0119,-0.0921,0.0137,-0.0953,-0.0465,-0.0407,-0.0015,-0.0085,-0.2388,0.0438,-0.0237,0.1418,0.1738,-0.0169,-0.0119,-0.0249,0.1352,0.1208,0.3078,0.153,0.12,-0.005,0.0455,-0.0084,-0.0015,0.2273,0.2062,0.0193,0.0231,-0.0167,-0.0206,0.1758,-0.0238,-0.0141
gmm4_p0,-0.018,-0.02,0.0449,0.0023,0.0169,-0.0262,0.0022,-0.0137,-0.0035,-0.0269,0.011,-0.0145,-0.0416,0.6625,-0.0285,-0.0271,-0.0015,-0.3167,-0.405,-0.0584,-0.0525,-0.0621,-0.0229,-0.0451,0.0043,0.1759,0.0187,0.0491,0.0876,0.0396,0.0356,0.0065,0.0373,-0.0162,0.0404,0.0167,0.0001,-0.7845,0.9811,-0.7407,-0.0284,-0.0125,0.1312,-0.7826,0.1606,-0.0416,-0.1678,0.2082,-0.049,0.2196,-0.0283,0.1142,-0.001,-0.0377,0.0269,-0.0174,-0.0255,-0.0414,-0.061,-0.0703,0.0489,-0.0364,0.0097,0.002,0.0339,0.0083,-0.0012,0.05,-0.0454,0.0152,0.0195,0.0289,-0.0149,-0.0227,-0.0403,-0.0027,-0.0093,0.0608,-0.0313,-0.1016,-0.0348,0.0181,-0.326,-0.3534,0.3719,-0.0203,0.0977,-0.0519,0.068,0.0426,-0.0219,-0.0046,0.0326,0.0439,0.015,0.1115,0.0022,0.0948,-0.0688,0.0352,-0.0283,0.1296,-0.0038,-0.0391,0.0183,0.0062,0.0243,0.0445,-0.2349,-0.3161,-0.005,0.3166,0.4595,-0.0347,0.0248,0.0145,-0.0287,0.0058,0.0363,-0.0248,-0.0001,-0.0439,0.1009,0.0155,0.0402,0.0136,-0.0125,0.0057,-0.0029,-0.0039,-0.0119,0.0132,-0.0305,-0.0443,-0.0208,0.0073,0.0114,-0.0322,0.0164,0.0119,-0.0039,0.0045,-0.0005,0.123,-0.0271,-0.0363,0.0441,-0.0031,0.0066,-0.0216,-0.0069,0.014,-0.0051,-0.0098,-0.012,0.0163,0.0544,-0.0196,0.0143,-0.0331,-0.0112,0.021,0.0042,-0.0226,0.0155,-0.0118,0.0261,-0.0024,0.0042,0.0099,-0.0236,-0.0176,0.0208,-0.0036,0.0208,0.0085,0.0046,-0.0116,-0.0228,0.0033,0.0055,-0.0322,0.064,0.0232,0.0435,0.0256,-0.0146,0.0109,-0.0054,0.0799,-0.044,-0.026,-0.0007,0.052,-0.0222,-0.0036,-0.0184,-0.0086,-0.0675,-0.1204,-0.1219,-0.0877,-0.0019,0.0418,-0.1224,0.0354,0.029,-0.1151,0.016,0.0049,-0.0289,0.0006,0.015,-0.0257,-0.0064,0.0925,0.1156,-0.0227,0.1479,-0.0346,0.0553,-0.6525,0.9801,-0.6009,0.5356,1.0,-0.6501,0.9449,-0.6412,-0.187,-0.6004,0.9806,-0.4774,0.4532,-0.3661,0.9852,0.9953,-0.9645,0.9526,-0.0947,-0.6456,-0.0938,-0.0268,-0.0438,0.0353,0.0362,-0.0114,0.0184,0.0032,-0.0094,-0.0345,-0.0429,-0.0116,0.0174,-0.053,-0.0125,-0.0088,0.0027,0.002,0.0195,-0.0015,0.0106,-0.077,-0.0688,-0.0075,0.0054,-0.0638,0.0055,0.0363,0.0069,0.0045,-0.0135,-0.0153,-0.0299,-0.0176,-0.0112
gmm4_p1,0.0844,0.078,-0.0812,-0.0006,0.0557,0.0549,0.041,0.0034,-0.0134,-0.1593,0.0055,-0.0083,-0.0245,-0.4496,0.1288,0.008,0.0755,-0.1035,0.0148,-0.1888,-0.2019,-0.135,-0.0092,-0.0183,0.1297,-0.4639,-0.4438,0.017,-0.4514,0.0129,-0.0154,0.1346,0.0019,-0.0036,0.0111,-0.1591,0.0751,0.6716,-0.6682,0.5705,0.017,0.0134,0.0525,0.6815,-0.3072,-0.0228,0.3115,-0.1804,0.2454,-0.1777,0.1587,-0.1173,0.1105,0.2017,0.0426,-0.3177,-0.3165,-0.0755,-0.202,-0.0997,0.2279,0.0193,0.0133,-0.1287,0.0529,-0.1551,-0.1811,0.2208,0.0313,0.0001,-0.1171,0.0545,-0.1202,0.0431,0.0181,-0.0868,-0.1351,-0.3167,-0.0599,-0.2031,-0.0153,0.0595,0.1776,0.1597,0.0744,-0.343,0.0181,-0.0595,-0.472,0.0245,-0.0093,0.0246,0.0167,0.0024,-0.0263,-0.0474,0.0068,-0.1111,0.0335,-0.0325,0.0605,-0.1424,0.2599,0.0591,0.0023,-0.2331,0.1336,-0.1245,0.3067,-0.0126,-0.0188,0.0139,-0.4067,0.1749,-0.1653,-0.1186,0.1419,-0.0249,-0.223,0.1001,0.0582,0.0069,0.0397,0.0234,0.0389,0.0767,-0.0013,-0.0854,-0.0105,-0.0529,0.034,0.0534,0.1064,-0.1018,-0.08,0.1033,-0.0487,0.0546,-0.03,-0.0174,0.0265,-0.0314,0.0048,0.1581,0.1069,-0.054,-0.0511,-0.1196,-0.0535,0.0096,0.0257,0.1107,-0.018,0.0268,-0.0391,0.0347,-0.0433,-0.0445,0.0387,0.0286,-0.1102,0.0285,0.056,-0.0723,0.024,0.0225,0.017,0.0221,0.0298,0.0532,0.0639,-0.076,0.0131,-0.0115,-0.0303,-0.0161,-0.0154,-0.0402,0.0268,-0.0364,0.041,0.1054,-0.0893,-0.0024,0.1658,0.0198,-0.2061,0.212,-0.2115,-0.0753,-0.0808,0.0978,0.0775,0.0228,-0.4234,-0.3746,-0.1182,0.1197,-0.0415,0.3398,-0.2647,-0.3277,-0.0449,0.2084,-0.2401,0.1948,0.1366,-0.2408,0.1685,0.1716,-0.1607,0.0987,0.1289,-0.1597,0.0966,-0.5485,-0.3697,-0.3454,0.13,-0.1237,0.0037,0.9969,-0.6622,-0.1615,-0.8117,-0.6501,1.0,-0.6638,-0.1016,-0.3381,0.9477,-0.6541,-0.2499,-0.782,0.5265,-0.6426,-0.6492,0.6716,-0.6772,-0.069,0.583,0.077,-0.0079,0.1373,-0.0688,0.1227,0.0929,0.077,0.0464,-0.0044,0.2502,-0.0559,0.0114,-0.1533,-0.1394,0.0134,-0.0033,0.0069,-0.1287,-0.1171,-0.3031,-0.1465,-0.086,0.0335,-0.0568,0.0004,0.0291,-0.2321,-0.223,-0.0257,-0.0314,0.0088,0.012,-0.1415,0.0098,0.0
gmm4_p2,-0.0373,-0.0393,0.0657,0.0134,0.0116,-0.0359,-0.0103,-0.0071,-0.0149,-0.019,0.0043,-0.0048,0.0122,0.6616,-0.0396,-0.0208,-0.0223,-0.2572,-0.376,0.0024,0.012,-0.0167,-0.0236,-0.0255,-0.0238,0.1985,0.0955,-0.0023,0.1375,-0.0021,0.0139,-0.0246,-0.0218,-0.0021,-0.0374,0.0332,-0.0207,-0.7845,0.9803,-0.7438,0.0254,-0.0125,0.1299,-0.7826,0.1662,0.0122,-0.1709,0.2093,-0.0518,0.2189,-0.0359,0.1201,-0.0188,-0.0554,0.0112,0.0084,-0.0006,-0.025,-0.047,-0.0662,0.0253,-0.0028,0.0031,0.0149,-0.0063,0.0165,0.0127,0.0243,-0.022,0.008,0.0314,-0.0022,-0.0104,-0.0327,-0.0365,-0.0051,-0.0065,0.0721,-0.0247,-0.0809,-0.0014,-0.0171,-0.3441,-0.331,0.3388,0.0079,0.1072,-0.0491,0.1174,-0.0117,-0.0054,-0.0161,0.0209,0.0327,-0.0043,0.1031,-0.0092,0.0928,-0.0692,0.031,-0.0231,0.1317,-0.0196,-0.0374,0.0168,0.0162,0.0149,0.0474,-0.2548,-0.2803,-0.0041,0.2807,0.4683,-0.0515,0.0351,0.0141,-0.037,-0.0125,0.0521,-0.032,-0.004,-0.0508,0.0891,0.009,0.0259,0.0027,-0.0125,0.0062,-0.0081,0.017,-0.0176,0.003,-0.0354,-0.0219,0.0256,-0.0231,0.0033,-0.031,0.0129,0.0152,-0.0056,-0.0046,0.0101,0.0753,-0.0389,0.0013,0.0064,0.0083,0.004,-0.0248,0.0056,0.0005,-0.011,-0.0133,-0.0147,0.0249,0.0529,-0.0179,0.0192,-0.0392,-0.0025,0.0125,0.0002,-0.0204,0.0196,-0.016,0.0161,-0.0052,0.0111,-0.0015,-0.0316,-0.0134,0.0231,-0.0003,0.0193,0.0065,0.0041,-0.0092,-0.0168,0.0028,0.0034,-0.0444,0.0916,0.0266,-0.0111,-0.0131,0.0214,-0.024,0.0293,0.0853,-0.049,-0.0378,-0.0234,-0.0274,0.03,0.0276,-0.001,-0.0194,-0.0468,-0.1527,-0.0683,-0.026,0.0009,0.0054,-0.0677,-0.0016,0.0138,-0.0636,-0.0034,-0.0095,-0.0243,-0.0018,0.0045,-0.0221,-0.0098,0.1673,0.1377,0.0062,0.1405,-0.0175,-0.0708,-0.6659,0.9673,-0.5533,0.5392,0.9449,-0.6638,1.0,-0.6181,0.0158,-0.6147,0.9663,-0.4098,0.4641,-0.379,0.9616,0.95,-0.9687,0.9801,0.0348,-0.6633,-0.0211,-0.0417,0.0009,0.0291,0.0253,-0.0218,0.0068,-0.0075,-0.019,-0.0433,-0.0191,-0.0082,0.0389,-0.0473,-0.0125,-0.0088,-0.0039,0.0149,0.0314,0.0268,0.014,-0.0768,-0.0692,0.0056,0.0072,-0.0647,0.0154,0.0521,-0.0056,-0.0046,-0.0101,-0.0153,-0.0228,-0.0176,-0.0112
gmm4_p3,-0.0418,-0.0331,0.0002,-0.0063,-0.0779,-0.0116,-0.0307,0.0056,0.033,0.1867,-0.0141,0.0186,0.031,-0.4195,-0.1158,0.0234,-0.0668,0.4893,0.5141,0.2157,0.2225,0.1819,0.0473,0.062,-0.112,0.2149,0.3744,-0.0283,0.3157,-0.026,-0.0071,-0.1218,0.0021,0.0118,0.0046,0.1242,-0.0645,0.3432,-0.6199,0.3894,-0.0248,0.0042,-0.206,0.3358,0.0897,0.0297,-0.1059,-0.0672,-0.1803,-0.0902,-0.112,-0.0252,-0.0901,-0.1379,-0.0554,0.3448,0.3514,0.1053,0.2913,0.2014,-0.2972,-0.0041,-0.0245,0.1141,-0.058,0.1475,0.1775,-0.2794,0.0057,-0.0187,0.0759,-0.0586,0.1439,-0.0078,0.0324,0.0884,0.1523,0.2409,0.0864,0.338,0.0204,-0.0472,0.2619,0.2817,-0.5682,0.367,-0.1452,0.1178,0.3588,-0.0317,0.0205,-0.0105,-0.0474,-0.0462,0.0208,-0.0949,-0.0017,-0.0068,0.0481,-0.0029,-0.0256,-0.0243,-0.2488,-0.0074,-0.0208,0.2259,-0.1719,0.0703,0.018,0.4377,0.022,-0.4395,-0.1989,-0.1125,0.1223,0.099,-0.0956,0.0357,0.1545,-0.0579,-0.0529,0.0558,-0.1666,-0.0353,-0.0858,-0.0956,0.0196,0.0741,0.012,0.0585,-0.014,-0.0648,-0.0674,0.1523,0.0766,-0.1035,0.0522,-0.0042,0.0058,-0.0031,-0.019,0.0293,-0.0101,-0.3002,-0.0675,0.066,0.0247,0.1027,0.0467,0.0288,-0.0183,-0.1182,0.0216,-0.0081,0.0519,-0.0532,-0.035,0.0733,-0.0559,0.0143,0.1218,-0.054,-0.0639,0.0988,-0.0443,-0.0008,-0.0485,-0.0136,-0.0409,-0.0652,-0.0281,0.0902,-0.0398,0.014,-0.0022,0.0095,0.0031,0.0514,-0.0028,0.0353,-0.0472,-0.057,0.0015,-0.0417,-0.186,-0.0135,0.211,-0.2126,0.2022,-0.0392,0.1419,-0.0589,-0.0669,-0.0221,0.4276,0.3723,0.1275,-0.1004,0.1172,-0.1693,0.4101,0.4284,0.0548,-0.2391,0.3779,-0.2176,-0.1475,0.3698,-0.1681,-0.1648,0.2064,-0.1003,-0.131,0.1994,-0.0781,0.3934,0.2262,0.3736,-0.301,0.1627,0.0203,-0.1015,-0.6396,0.9838,0.0606,-0.6412,-0.1016,-0.6181,1.0,0.4568,-0.1241,-0.645,0.8965,0.1478,-0.0513,-0.6593,-0.6402,0.5943,-0.5699,0.21,0.2495,-0.0166,0.0435,-0.1318,0.027,-0.1534,-0.0662,-0.0829,-0.0381,0.017,-0.1983,0.0991,0.008,0.1074,0.2087,0.0042,0.0163,-0.0018,0.1141,0.0759,0.2882,0.1123,0.1728,0.0481,0.0567,-0.0028,0.0473,0.2259,0.1545,0.0183,0.0293,0.0133,0.0097,0.1856,0.0155,0.0253
gmm4_map,-0.1019,-0.0947,0.0553,0.0195,-0.0516,-0.0388,-0.058,-0.0004,-0.0023,0.183,-0.029,0.0204,0.1257,-0.0745,-0.1325,0.0078,-0.0986,0.3731,0.2863,0.2941,0.3088,0.2118,-0.0067,0.0824,-0.1496,0.3098,0.485,-0.1181,0.3911,-0.0858,-0.027,-0.1662,-0.0905,0.0197,-0.1313,0.1237,-0.0978,-0.0048,-0.0788,0.0233,0.0922,-0.0073,-0.1456,-0.0166,0.0958,0.1248,-0.0783,-0.0173,-0.0877,-0.0053,-0.0736,0.0358,-0.1144,-0.1473,-0.0871,0.2964,0.2981,0.1141,0.2271,0.1519,-0.2392,0.047,-0.0206,0.1356,-0.1223,0.1174,0.1977,-0.2608,0.0399,-0.0213,0.114,-0.1203,0.1235,-0.0335,0.0137,0.119,0.1294,0.2307,0.0591,0.2542,0.0793,-0.1015,0.0232,0.1156,-0.3319,0.3273,-0.0168,0.0877,0.4013,-0.1265,0.0666,-0.0437,-0.0516,-0.0406,-0.0122,-0.0223,-0.0399,0.0089,0.0325,-0.0069,-0.0163,0.0167,-0.2039,-0.0345,-0.0316,0.205,-0.1114,0.0487,-0.102,0.2354,0.0382,-0.2382,0.0431,-0.1379,0.1098,0.0522,-0.086,-0.0505,0.1761,-0.0912,-0.0326,-0.0101,-0.0919,-0.0235,-0.076,-0.0561,0.0139,0.0517,0.0103,0.08,-0.0347,-0.0675,-0.0769,0.1487,0.1415,-0.1266,0.0168,-0.0102,0.0093,-0.0014,-0.034,0.014,0.02,-0.272,-0.0787,0.1036,-0.0415,0.1109,0.0219,-0.015,-0.0024,-0.124,0.024,-0.0258,0.0369,-0.0392,0.0029,0.0578,-0.0508,-0.0006,0.1302,-0.0488,-0.0314,0.0711,-0.0224,-0.0245,-0.054,-0.0153,0.0059,-0.0517,-0.047,0.0844,-0.0422,0.0242,0.0036,0.0035,0.0207,0.039,-0.0078,0.0206,-0.0294,-0.0864,0.0586,0.008,-0.2526,-0.0909,0.2344,-0.2349,0.2334,0.0454,0.0871,-0.0789,-0.1029,-0.1644,0.4304,0.3484,0.1238,-0.0914,0.0924,-0.2206,0.3548,0.3863,0.0208,-0.2765,0.3706,-0.2585,-0.1766,0.3648,-0.1816,-0.1806,0.1834,-0.1103,-0.1464,0.1806,-0.0996,0.4756,0.1566,0.3329,-0.1427,0.1307,-0.2114,-0.3393,-0.1051,0.4904,0.5223,-0.187,-0.3381,0.0158,0.4568,1.0,-0.3724,-0.1075,0.523,0.4621,-0.2051,-0.1327,-0.1659,0.0651,-0.0169,0.2892,-0.0569,0.1109,-0.0136,0.0024,-0.0114,-0.1234,-0.0547,-0.0534,-0.0114,-0.0222,-0.1971,0.0903,-0.0012,0.1483,0.1867,-0.0073,-0.0052,-0.0252,0.1356,0.114,0.3098,0.1282,0.1382,0.0325,0.0694,-0.004,0.0314,0.2044,0.1761,0.0024,0.014,0.005,-0.0089,0.1831,-0.0103,-0.0004
hmm3_p0,0.0679,0.0608,-0.0683,-0.0001,0.0612,0.0562,0.0438,-0.0119,-0.0243,-0.1565,0.0113,-0.004,-0.0453,-0.3958,0.1286,0.0058,0.0813,-0.1782,-0.0716,-0.2065,-0.2244,-0.1346,0.0189,-0.0207,0.1476,-0.5602,-0.5348,0.0357,-0.559,0.0293,-0.0063,0.1425,0.0192,-0.0018,0.0319,-0.1493,0.0828,0.6281,-0.6235,0.5383,0.0223,0.0169,0.0499,0.6405,-0.2865,-0.044,0.2729,-0.1648,0.1926,-0.1781,0.1299,-0.1221,0.0868,0.1741,0.026,-0.4028,-0.3933,-0.0688,-0.2785,-0.143,0.2991,0.0061,0.0229,-0.1198,0.0595,-0.1884,-0.2194,0.2715,0.0231,0.005,-0.1066,0.0542,-0.1474,0.0451,0.0188,-0.1116,-0.1848,-0.3913,-0.0556,-0.2473,-0.0323,0.0874,0.1586,0.1268,0.1829,-0.4306,-0.0061,-0.1117,-0.5454,0.0449,-0.0234,0.0315,0.0153,0.0056,-0.018,-0.0587,0.0098,-0.1065,0.0106,-0.0328,0.0714,-0.1045,0.2678,0.0555,-0.0164,-0.2518,0.1712,-0.1458,0.251,-0.1036,-0.0248,0.1054,-0.3331,0.1503,-0.1385,-0.0947,0.1165,-0.0025,-0.2065,0.1107,0.034,0.0094,0.05,0.0121,0.0501,0.0904,-0.0025,-0.0609,0.0011,-0.1057,0.0445,0.059,0.1148,-0.1587,-0.1241,0.1536,-0.0672,0.0394,-0.0073,-0.0308,0.0164,-0.0038,-0.0126,0.2107,0.0982,-0.0523,-0.0224,-0.1076,-0.0321,0.015,-0.0012,0.1293,-0.0145,0.0347,-0.0368,0.0272,-0.049,-0.0447,0.0354,0.0362,-0.1198,0.0365,0.0629,-0.075,0.0183,0.0294,0.0239,0.0267,0.0331,0.0664,0.0719,-0.0606,0.0368,-0.0422,-0.0284,-0.0103,-0.0118,-0.0381,0.0348,-0.0337,0.0333,0.1125,-0.1088,0.0043,0.1866,0.0374,-0.27,0.2758,-0.2731,-0.0713,-0.0982,0.1027,0.0844,0.0549,-0.4857,-0.4496,-0.1049,0.1079,-0.0557,0.3846,-0.3494,-0.4325,-0.0555,0.2508,-0.3351,0.2308,0.1526,-0.3341,0.1804,0.1793,-0.1936,0.118,0.1233,-0.1889,0.0938,-0.6219,-0.377,-0.4277,0.0777,-0.0959,0.0427,0.9466,-0.6094,-0.176,-0.814,-0.6004,0.9477,-0.6147,-0.1241,-0.3724,1.0,-0.6177,-0.3244,-0.824,0.5435,-0.5979,-0.5961,0.6382,-0.6251,-0.0542,0.5357,0.0682,0.0077,0.1141,-0.0497,0.08,0.0465,0.0364,0.014,-0.0015,0.2872,-0.0895,0.011,-0.1441,-0.1411,0.0169,0.0007,0.0078,-0.1198,-0.1066,-0.3473,-0.1415,-0.0882,0.0106,-0.0534,0.0098,0.0063,-0.2506,-0.2065,0.0012,-0.0038,0.0061,0.0149,-0.1489,0.0111,0.0014
hmm3_p1,-0.0323,-0.0348,0.0649,0.0095,0.0142,-0.0333,-0.0047,-0.0159,-0.0088,-0.0262,0.0128,-0.0153,-0.018,0.6746,-0.025,-0.0239,-0.0056,-0.2946,-0.3973,-0.0305,-0.0249,-0.0376,-0.018,-0.0393,-0.0128,0.1925,0.0383,0.0268,0.0889,0.0225,0.027,-0.0141,0.0132,-0.0147,0.0071,0.0234,-0.0042,-0.7845,0.9842,-0.7301,-0.0048,-0.0125,0.1313,-0.7826,0.1779,-0.018,-0.1778,0.2037,-0.0701,0.2142,-0.0462,0.1156,-0.0193,-0.0592,0.013,-0.0185,-0.0263,-0.0371,-0.0671,-0.0834,0.0465,-0.0235,0.005,0.0127,0.0154,0.0057,-0.0055,0.0497,-0.0374,0.0143,0.0336,0.0107,-0.019,-0.0262,-0.0387,-0.0091,-0.0135,0.0593,-0.0255,-0.1033,-0.0213,0.0035,-0.3217,-0.3311,0.3618,-0.0132,0.091,-0.0448,0.085,0.019,-0.0174,-0.012,0.0278,0.0383,0.0032,0.1087,0.0023,0.1076,-0.0704,0.0352,-0.0366,0.1245,-0.0057,-0.0356,0.0147,0.0021,0.0271,0.0382,-0.2381,-0.3029,-0.0034,0.3033,0.4271,-0.0544,0.0402,0.0215,-0.0437,-0.001,0.0515,-0.0283,-0.0078,-0.0464,0.0948,0.0099,0.0329,0.0063,-0.0125,0.0127,-0.0036,-0.0003,-0.0155,0.0086,-0.0339,-0.036,-0.0058,-0.0007,0.0067,-0.0305,0.0161,0.0105,-0.0073,0.0038,0.0035,0.1108,-0.037,-0.0135,0.0297,0.0013,0.0125,-0.0227,-0.0058,0.0056,-0.0014,-0.0159,-0.0109,0.0141,0.0567,-0.0188,0.0103,-0.0307,-0.0115,0.0162,0.0018,-0.0192,0.0172,-0.0169,0.0199,-0.0046,0.008,0.0004,-0.0273,-0.016,0.0293,-0.0066,0.023,0.0108,0.004,-0.005,-0.0188,0.0058,-0.0008,-0.0376,0.068,0.0213,0.0146,0.0119,-0.0068,0.0038,0.0008,0.0816,-0.0501,-0.0316,-0.0057,0.0166,-0.0091,-0.0043,-0.0123,-0.0107,-0.0624,-0.1222,-0.1122,-0.0778,-0.0093,0.0291,-0.1075,0.0236,0.0199,-0.1,0.0078,0.0011,-0.0339,0.0015,0.0089,-0.0308,-0.0091,0.1076,0.1095,-0.0241,0.1229,-0.0176,-0.0008,-0.658,0.9884,-0.6006,0.5352,0.9806,-0.6541,0.9663,-0.645,-0.1075,-0.6177,1.0,-0.4921,0.4516,-0.3287,0.9851,0.9783,-0.9784,0.9547,-0.0758,-0.6249,-0.0735,-0.0323,-0.0324,0.0324,0.0224,-0.0231,0.0035,-0.0075,-0.0056,-0.0337,-0.0376,-0.01,0.0354,-0.0547,-0.0125,-0.0088,-0.0,0.0127,0.0336,0.0066,0.0202,-0.0769,-0.0704,-0.0012,0.0056,-0.0654,0.0014,0.0515,0.0058,0.0038,-0.0119,-0.0153,-0.0322,-0.0176,-0.0114
hmm3_p2,-0.0315,-0.0205,-0.005,-0.0082,-0.0886,-0.0201,-0.0346,0.0316,0.0376,0.1938,-0.0321,0.0346,0.0684,-0.3358,-0.1286,0.0288,-0.0933,0.5409,0.5391,0.2601,0.2774,0.1892,0.0016,0.0711,-0.1401,0.3714,0.5618,-0.0656,0.5387,-0.0568,-0.0234,-0.1318,-0.0393,0.0198,-0.0426,0.1404,-0.0922,0.1897,-0.4362,0.2145,-0.0091,-0.0035,-0.1817,0.1788,0.106,0.0673,-0.1124,-0.0285,-0.1297,-0.0364,-0.084,0.0063,-0.0648,-0.1189,-0.0312,0.4874,0.4824,0.1143,0.3981,0.2569,-0.4045,0.0265,-0.034,0.1078,-0.0836,0.2075,0.2336,-0.3606,0.0196,-0.0254,0.0676,-0.0655,0.1786,-0.0227,0.0229,0.1105,0.2214,0.3639,0.0878,0.4027,0.0519,-0.0916,0.1774,0.2208,-0.6197,0.4861,-0.0856,0.1567,0.4942,-0.0694,0.0435,-0.0206,-0.0416,-0.0509,0.0135,-0.0724,-0.0159,-0.0102,0.0571,-0.0005,-0.0254,-0.0121,-0.2898,-0.0104,0.007,0.2729,-0.2347,0.1256,-0.0278,0.4901,0.0299,-0.4924,-0.0714,-0.0959,0.1033,0.08,-0.0723,0.0087,0.1546,-0.082,-0.0264,0.0457,-0.1646,-0.0282,-0.0958,-0.1159,0.0157,0.0435,-0.0044,0.1316,-0.0296,-0.0698,-0.0866,0.2177,0.1546,-0.1823,0.0727,-0.003,-0.0144,0.0214,-0.0022,-0.0056,0.0077,-0.3795,-0.0606,0.0642,-0.0115,0.1044,0.0153,0.0154,0.0197,-0.1421,0.0028,-0.0061,0.0439,-0.0307,-0.0146,0.0698,-0.0362,-0.0157,0.1375,-0.0603,-0.0811,0.0995,-0.0378,-0.0002,-0.0474,-0.0239,-0.0521,-0.0753,-0.0463,0.0815,-0.0766,0.0576,-0.0008,0.0019,0.0028,0.0375,-0.0146,0.0273,-0.0302,-0.0816,0.0639,-0.0362,-0.2245,-0.0555,0.3128,-0.3159,0.3053,-0.0205,0.1513,-0.0804,-0.0952,-0.0737,0.5542,0.5134,0.1325,-0.1097,0.1415,-0.2993,0.5398,0.6073,0.0852,-0.2888,0.4963,-0.2682,-0.1591,0.4825,-0.1885,-0.1733,0.2395,-0.1086,-0.1182,0.2277,-0.0714,0.5853,0.3235,0.5145,-0.2122,0.1129,-0.0476,-0.2441,-0.4696,0.9188,0.184,-0.4774,-0.2499,-0.4098,0.8965,0.523,-0.3244,-0.4921,1.0,0.3108,-0.2653,-0.5027,-0.4761,0.4178,-0.3562,0.3538,0.072,0.0188,0.0282,-0.0946,0.0217,-0.1036,-0.0318,-0.0464,-0.0164,-0.0115,-0.2714,0.1472,0.0075,0.1063,0.2054,-0.0035,0.0111,-0.0032,0.1078,0.0676,0.3618,0.111,0.1618,0.0571,0.0584,-0.0121,0.0566,0.2724,0.1546,-0.0197,-0.0056,0.0129,0.0027,0.1919,0.0103,0.0203
hmm3_map,-0.0756,-0.0678,0.0399,0.006,-0.0571,-0.0446,-0.0345,0.0089,0.0081,0.1765,-0.0344,-0.0007,0.0429,0.2739,-0.1254,-0.0137,-0.0764,0.1916,0.1033,0.1981,0.2145,0.1194,-0.0316,0.0193,-0.1343,0.4945,0.5152,-0.0471,0.5322,-0.0291,0.004,-0.1316,-0.0175,0.003,-0.021,0.1434,-0.0745,-0.444,0.4687,-0.3885,-0.0253,-0.0179,-0.0959,-0.4575,0.183,0.0439,-0.1586,0.0982,-0.1078,0.108,-0.0839,0.0819,-0.086,-0.1448,-0.0451,0.3611,0.3542,0.0665,0.2645,0.1591,-0.2772,-0.0066,-0.0232,0.1206,-0.0594,0.1706,0.2368,-0.2745,-0.0072,-0.0148,0.0947,-0.0601,0.1625,-0.047,-0.0251,0.121,0.1616,0.3441,0.0407,0.2393,0.0333,-0.0781,-0.1311,-0.0959,-0.1942,0.4047,0.0115,0.0929,0.5062,-0.0426,0.0277,-0.0296,-0.0048,-0.0001,0.0244,0.055,-0.0171,0.0679,0.0011,0.0239,-0.0479,0.0798,-0.2443,-0.0563,-0.0037,0.2551,-0.1548,0.1287,-0.1947,0.0915,0.0302,-0.0937,0.294,-0.1361,0.1208,0.0752,-0.0944,-0.0323,0.183,-0.1172,-0.0091,0.0019,-0.0473,-0.0011,-0.0483,-0.0652,0.0075,0.0408,-0.0016,0.0953,-0.0372,-0.0474,-0.0932,0.1392,0.1124,-0.1359,0.057,-0.0235,-0.0031,0.0278,-0.0144,0.0013,0.013,-0.2031,-0.068,0.0339,0.0161,0.097,0.0146,0.0143,0.0016,-0.1059,0.0054,-0.0291,0.029,-0.0152,0.0299,0.0382,-0.0235,-0.0326,0.1283,-0.0386,-0.0437,0.0616,-0.0136,-0.026,-0.0214,-0.0225,-0.0148,-0.048,-0.0636,0.0563,-0.0431,0.0416,0.0267,0.0027,0.0122,0.0267,-0.0424,0.0254,-0.0181,-0.094,0.1012,0.0084,-0.1603,-0.0388,0.2482,-0.2538,0.255,0.0607,0.0959,-0.0843,-0.08,-0.0499,0.4432,0.4135,0.1042,-0.0998,0.0411,-0.3506,0.329,0.3918,0.0462,-0.2559,0.329,-0.2276,-0.163,0.3289,-0.1683,-0.1865,0.2128,-0.1258,-0.1368,0.2075,-0.1037,0.5667,0.2844,0.3904,-0.0559,0.0706,-0.031,-0.7779,0.4521,0.1861,0.8293,0.4532,-0.782,0.4641,0.1478,0.4621,-0.824,0.4516,0.3108,1.0,-0.534,0.4517,0.4522,-0.4709,0.4744,0.0358,-0.3975,-0.0135,-0.0171,-0.0551,0.023,-0.0728,-0.021,-0.0193,0.0113,0.0001,-0.2761,0.0687,-0.0186,0.1308,0.1643,-0.0179,-0.0127,-0.0268,0.1206,0.0947,0.3378,0.1394,0.1166,0.0011,0.0519,-0.0182,0.0041,0.2538,0.183,-0.0016,0.0013,-0.0122,-0.0219,0.1748,-0.0074,-0.0017
hmm3_map_run,0.0249,0.0188,-0.0271,-0.0002,0.0414,0.0468,0.0113,-0.0333,-0.0136,-0.0871,0.0409,-0.0038,-0.037,-0.0718,0.0852,0.003,0.0821,-0.1355,-0.0397,-0.1612,-0.1819,-0.1192,-0.0087,-0.0414,0.0838,-0.3088,-0.325,0.0299,-0.2895,0.0278,-0.0023,0.0665,0.0102,-0.0041,0.0334,-0.0938,0.079,0.5331,-0.3583,0.5026,-0.0031,0.0021,0.0012,0.54,-0.228,-0.0374,0.2556,-0.2156,0.1476,-0.1978,0.0854,-0.1329,0.0239,0.0956,-0.0256,-0.2308,-0.2476,-0.0514,-0.1722,-0.1023,0.1799,0.001,0.0058,-0.0635,0.0349,-0.0945,-0.1061,0.1569,0.0197,0.0205,-0.0364,0.0041,-0.0635,0.0493,0.0065,-0.0489,-0.1383,-0.1888,-0.0357,-0.1696,-0.027,0.0517,0.1944,0.1578,0.0897,-0.2151,-0.0584,-0.1172,-0.2121,0.0373,-0.0444,-0.0013,0.0186,0.0071,-0.014,0.0223,0.006,0.0149,-0.0216,0.0069,0.0009,-0.0042,0.1496,-0.0064,-0.0105,-0.132,0.1335,-0.0985,0.2104,-0.0403,-0.0308,0.0424,-0.2911,0.073,-0.073,-0.0546,0.0674,-0.0362,-0.0846,0.0317,0.0289,0.0055,0.0606,0.0116,0.0337,0.0549,-0.0062,-0.018,0.0297,-0.0895,0.0266,0.0265,0.0585,-0.1348,-0.0938,0.1167,-0.0516,0.0249,0.0057,-0.0327,-0.0102,0.0264,-0.016,0.2133,0.0549,-0.0086,-0.0136,-0.0436,-0.0062,-0.0045,-0.0354,0.0989,-0.0056,0.0366,-0.0055,-0.0032,-0.0109,-0.0334,0.0214,0.0006,-0.0463,0.0204,0.0501,-0.0316,-0.0115,0.0361,0.0033,0.0377,0.0203,0.026,0.0405,-0.0367,0.0222,-0.0173,-0.0218,0.0097,-0.0108,-0.0186,0.0194,-0.0163,0.014,0.0287,-0.0416,-0.012,0.1353,0.0242,-0.1912,0.1957,-0.1962,-0.0362,-0.0673,0.0439,0.0846,0.038,-0.3046,-0.263,-0.0648,0.0824,-0.0669,0.1692,-0.2917,-0.3456,-0.0547,0.1496,-0.2787,0.1598,0.0656,-0.2717,0.0994,0.0794,-0.0993,0.0436,0.0501,-0.0936,0.0236,-0.2934,-0.091,-0.2389,0.0023,-0.0784,0.0347,0.5302,-0.3692,-0.0875,-0.4566,-0.3661,0.5265,-0.379,-0.0513,-0.2051,0.5435,-0.3287,-0.2653,-0.534,1.0,-0.3556,-0.3794,0.3301,-0.3929,-0.0807,0.6435,0.0605,-0.0479,0.1093,-0.057,0.073,0.0628,0.0629,0.0629,0.0051,0.114,-0.094,0.0083,-0.0599,-0.0667,0.0021,-0.017,0.0206,-0.0635,-0.0364,-0.1587,-0.0228,-0.0277,-0.0216,-0.0044,-0.0038,-0.0206,-0.1318,-0.0846,0.0354,0.0264,0.0079,0.0013,-0.0692,-0.0074,-0.0133
hmm4_p0,-0.0228,-0.0252,0.0505,0.0064,0.0188,-0.0284,-0.0042,-0.0126,-0.0078,-0.029,0.0164,-0.0148,-0.0168,0.6641,-0.0257,-0.0291,-0.0009,-0.327,-0.4209,-0.0563,-0.0509,-0.062,-0.0256,-0.0476,0.0005,0.1617,-0.0033,0.0246,0.0536,0.0193,0.0262,0.0019,0.0116,-0.0104,0.0029,0.0097,-0.0005,-0.7845,0.9812,-0.737,-0.0037,-0.0125,0.1313,-0.7826,0.1596,-0.0168,-0.164,0.2122,-0.0444,0.2221,-0.026,0.115,-0.0047,-0.0372,0.0217,-0.0405,-0.0487,-0.0459,-0.0805,-0.0856,0.07,-0.0229,0.0119,0.0037,0.019,-0.0042,-0.0102,0.066,-0.0393,0.0164,0.0235,0.0197,-0.0259,-0.0264,-0.0351,-0.0092,-0.0194,0.0435,-0.0343,-0.1205,-0.0177,0.003,-0.3334,-0.3422,0.3917,-0.0407,0.1011,-0.0535,0.0517,0.0177,-0.0242,-0.0075,0.0259,0.0418,0.0082,0.1129,-0.005,0.0916,-0.0682,0.0291,-0.0239,0.1231,0.0116,-0.0394,0.0181,-0.0107,0.0398,0.0366,-0.2272,-0.3358,-0.0058,0.3364,0.4474,-0.0335,0.0212,0.0093,-0.0262,0.0025,0.0335,-0.0217,-0.0014,-0.0465,0.1063,0.0188,0.0419,0.0191,-0.0125,0.0028,0.0002,-0.0053,-0.0123,0.0113,-0.0291,-0.0465,-0.013,0.0093,0.0013,-0.0307,0.0143,0.013,-0.0072,0.0028,0.0044,0.1348,-0.028,-0.0193,0.0231,0.0002,0.0028,-0.0211,-0.0072,0.0162,-0.002,-0.0152,-0.0135,0.0163,0.049,-0.0222,0.0126,-0.0284,-0.0113,0.0217,0.0108,-0.0269,0.0193,-0.0174,0.0257,-0.0014,0.012,0.0104,-0.0258,-0.0157,0.0255,-0.0069,0.021,0.0067,0.0042,-0.0099,-0.0151,-0.0013,0.0063,-0.0328,0.0646,0.0267,0.0412,0.013,-0.0206,0.018,-0.0113,0.0844,-0.0553,-0.0267,-0.0012,0.0143,-0.0396,-0.0274,-0.0252,-0.0061,-0.0726,-0.0987,-0.1437,-0.117,-0.0037,0.0444,-0.137,0.0365,0.0295,-0.1288,0.0176,0.0054,-0.0397,0.0017,0.0119,-0.035,-0.007,0.0647,0.0874,-0.0459,0.1504,-0.0355,-0.0049,-0.6443,0.9752,-0.6159,0.5352,0.9852,-0.6426,0.9616,-0.6593,-0.1327,-0.5979,0.9851,-0.5027,0.4517,-0.3556,1.0,0.982,-0.969,0.9404,-0.1656,-0.6324,-0.0719,-0.0341,-0.0233,0.0326,0.0355,-0.0099,0.0179,0.0038,-0.0075,-0.0181,-0.0448,-0.0115,0.0211,-0.0547,-0.0125,-0.0088,0.0009,0.0037,0.0235,-0.0117,0.0095,-0.0772,-0.0682,-0.0036,0.0084,-0.064,-0.0114,0.0335,0.0072,0.0028,-0.0133,-0.0153,-0.0317,-0.0176,-0.0114
hmm4_p1,-0.0218,-0.0241,0.0465,0.0075,0.0175,-0.0272,-0.0019,-0.013,-0.0054,-0.0276,0.0092,-0.013,-0.0517,0.6571,-0.0253,-0.0269,-0.0105,-0.3084,-0.4083,-0.0416,-0.0334,-0.0415,-0.0108,-0.0316,0.0037,0.1686,0.0285,0.059,0.0855,0.0504,0.0377,0.0039,0.0413,-0.0127,0.0371,0.0165,-0.0088,-0.7845,0.9795,-0.7444,-0.0385,-0.0125,0.1313,-0.7826,0.1579,-0.0517,-0.1675,0.2113,-0.0476,0.2213,-0.0297,0.1149,-0.004,-0.0397,0.024,-0.0219,-0.0286,-0.0328,-0.0678,-0.0732,0.0545,-0.0383,0.0078,0.0027,0.0357,0.005,-0.004,0.0521,-0.0435,0.0138,0.0218,0.0256,-0.017,-0.0203,-0.0434,-0.0054,-0.012,0.0516,-0.0298,-0.0993,-0.0386,0.022,-0.3279,-0.3611,0.3753,-0.0221,0.1038,-0.0541,0.0733,0.0527,-0.0111,-0.0047,0.0363,0.042,0.0081,0.102,0.0008,0.0934,-0.0681,0.035,-0.0273,0.1309,-0.0012,-0.0342,0.0171,0.0012,0.0241,0.0455,-0.2395,-0.3202,-0.0063,0.3208,0.4685,-0.0365,0.0242,0.0114,-0.0293,0.0013,0.0345,-0.0243,0.0007,-0.0489,0.0936,0.0124,0.0346,0.0129,-0.0125,0.009,-0.0056,-0.0041,-0.0119,0.0134,-0.0299,-0.0438,-0.0236,0.0054,0.0166,-0.0319,0.0187,0.0087,-0.0044,0.0034,0.001,0.1114,-0.0302,-0.0396,0.0517,-0.0038,0.0101,-0.0248,-0.0041,0.0113,-0.0076,-0.0095,-0.0128,0.0191,0.0559,-0.0191,0.0165,-0.0357,-0.0126,0.0178,0.0046,-0.0221,0.0161,-0.012,0.0231,-0.0019,0.0042,0.0083,-0.0231,-0.0182,0.0231,-0.0048,0.021,0.0106,0.004,-0.0093,-0.0223,0.0064,0.0016,-0.0298,0.0647,0.0252,0.0277,0.0321,-0.0135,0.0101,-0.0042,0.0774,-0.0438,-0.0254,-0.0095,0.0583,-0.0185,-0.0067,-0.0178,-0.0094,-0.0616,-0.1216,-0.119,-0.0846,-0.0039,0.0377,-0.1141,0.0314,0.0259,-0.107,0.0139,0.0062,-0.0339,0.0027,0.0135,-0.0304,-0.0039,0.105,0.1175,-0.0275,0.1534,-0.015,0.0579,-0.6529,0.9812,-0.6004,0.5353,0.9953,-0.6492,0.95,-0.6402,-0.1659,-0.5961,0.9783,-0.4761,0.4522,-0.3794,0.982,1.0,-0.9572,0.9556,-0.0787,-0.656,-0.0817,-0.0277,-0.0353,0.0335,0.0266,-0.0213,0.011,-0.0038,-0.0092,-0.0231,-0.0408,-0.0117,0.0189,-0.0544,-0.0125,-0.0088,0.0026,0.0027,0.0218,-0.0042,0.0088,-0.0767,-0.0681,-0.0093,0.0068,-0.0631,0.0004,0.0345,0.0041,0.0034,-0.0135,-0.0153,-0.0319,-0.0176,-0.0113
hmm4_p2,0.0385,0.0397,-0.0664,-0.0076,-0.0092,0.0346,0.0075,0.0179,0.0046,0.0081,-0.0098,0.0101,0.0151,-0.6799,0.0677,0.0239,0.0137,0.2558,0.3602,0.013,0.0057,0.0296,0.022,0.0372,0.0249,-0.2238,-0.079,-0.0199,-0.1277,-0.0176,-0.0233,0.0283,-0.0062,0.0148,-0.0044,-0.0369,0.0135,0.7845,-0.986,0.7286,0.0019,0.0125,-0.1269,0.7826,-0.1856,0.0151,0.1813,-0.198,0.0727,-0.2118,0.0441,-0.1181,0.0264,0.0687,-0.0073,-0.0166,-0.0074,0.0308,0.0339,0.0593,-0.0142,0.0217,-0.0042,-0.0222,-0.0084,-0.0254,-0.0196,-0.0176,0.0368,-0.0129,-0.0371,-0.0077,-0.0024,0.0239,0.037,-0.0095,0.0007,-0.0917,0.0205,0.0742,0.0207,0.001,0.3165,0.3252,-0.3167,-0.0218,-0.0849,0.0478,-0.1229,-0.0159,0.0218,0.0159,-0.025,-0.0379,-0.0053,-0.1144,0.0008,-0.1183,0.0728,-0.0458,0.043,-0.1303,0.0295,0.044,-0.012,-0.0331,-0.012,-0.0432,0.2453,0.2617,0.0064,-0.2623,-0.4223,0.0627,-0.0488,-0.0277,0.0509,0.0036,-0.0682,0.0368,0.011,0.0475,-0.0878,-0.0075,-0.0252,-0.0047,0.0125,-0.0122,0.0041,-0.0141,0.0178,0.0019,0.0411,0.018,-0.0094,0.02,-0.0154,0.0268,-0.0119,-0.0121,0.0056,-0.003,-0.0026,-0.085,0.04,0.0096,-0.025,-0.0115,-0.0091,0.0246,0.0016,0.0044,0.0013,0.0179,0.007,-0.012,-0.0526,0.0174,-0.0095,0.0331,-0.0104,-0.011,-0.0011,0.0125,-0.0146,0.0189,-0.0136,0.0056,-0.0075,-0.0001,0.0308,0.0095,-0.0226,0.0008,-0.0178,-0.0094,-0.0004,0.0038,0.022,-0.0059,-0.001,0.0484,-0.0792,-0.0186,-0.0,-0.0064,-0.0238,0.0273,-0.0306,-0.0836,0.0388,0.041,0.0134,-0.0131,-0.0351,-0.0364,-0.0035,0.0193,0.0533,0.1416,0.0676,0.0349,0.0048,0.0036,0.0725,0.0054,-0.0068,0.0661,0.0086,0.0261,0.0076,0.0152,0.0058,0.0054,0.0205,-0.143,-0.1224,-0.0171,-0.1087,0.0122,0.009,0.6743,-0.9672,0.5369,-0.5464,-0.9645,0.6716,-0.9687,0.5943,0.0651,0.6382,-0.9784,0.4178,-0.4709,0.3301,-0.969,-0.9572,1.0,-0.9703,0.0236,0.6299,0.0636,0.0367,0.0342,-0.0347,-0.0228,0.0196,-0.0093,0.0031,0.0074,0.0618,0.0257,0.0055,-0.0473,0.0339,0.0125,0.0088,-0.0005,-0.0222,-0.0371,-0.0403,-0.0224,0.0775,0.0728,-0.0086,-0.0065,0.0664,-0.0324,-0.0682,-0.0016,-0.003,0.0075,0.0153,0.0049,0.0176,0.0045
hmm4_p3,-0.0354,-0.0363,0.0601,0.0057,0.0067,-0.035,-0.0022,-0.0102,-0.0092,-0.0039,-0.0016,-0.0054,-0.0132,0.6618,-0.0721,-0.0159,-0.0271,-0.2298,-0.3432,0.0076,0.0184,-0.0154,-0.0263,-0.0242,-0.0275,0.2263,0.1353,0.0202,0.1888,0.0174,0.0206,-0.0275,0.0011,-0.0091,0.0014,0.0424,-0.0247,-0.7845,0.9809,-0.7472,0.0,-0.0125,0.1269,-0.7826,0.1689,-0.0132,-0.1747,0.2056,-0.0564,0.214,-0.0352,0.1193,-0.018,-0.0583,0.0132,0.0456,0.0356,-0.0204,-0.0149,-0.0421,-0.008,-0.0193,0.0003,0.0214,0.007,0.0348,0.0315,-0.0022,-0.0308,0.0051,0.0322,0.0065,0.0072,-0.0308,-0.0426,0.01,0.009,0.1016,-0.0218,-0.0481,-0.0196,-0.0017,-0.3332,-0.3386,0.3005,0.044,0.1,-0.05,0.1489,0.0137,-0.0058,-0.0131,0.0258,0.0349,0.004,0.1032,-0.0043,0.1034,-0.0708,0.0391,-0.0318,0.1413,-0.0432,-0.0413,0.0158,0.0462,-0.0061,0.0602,-0.2621,-0.2459,-0.0033,0.2463,0.482,-0.0546,0.0402,0.02,-0.0405,-0.0113,0.0614,-0.0393,-0.0031,-0.0454,0.0801,0.0061,0.0222,-0.0053,-0.0125,0.0073,-0.0097,0.0239,-0.0187,0.003,-0.0391,-0.0143,0.0212,-0.0316,0.0181,-0.0285,0.0104,0.0158,-0.0024,-0.0047,0.007,0.054,-0.0372,-0.0154,0.0249,0.0096,0.0048,-0.0234,0.0079,-0.0045,-0.0129,-0.0089,-0.0144,0.025,0.0551,-0.0149,0.0196,-0.0445,0.012,0.0104,-0.0082,-0.0163,0.0173,-0.011,0.0154,-0.0067,0.0027,-0.0037,-0.0313,-0.0099,0.0156,0.0049,0.0184,0.0094,0.0042,-0.008,-0.0259,0.0072,0.0023,-0.047,0.0951,0.0227,-0.0149,0.0005,0.0389,-0.0424,0.0465,0.0801,-0.0348,-0.0389,-0.0268,0.0105,0.0652,0.0682,0.01,-0.0243,-0.0403,-0.1818,-0.0321,0.019,0.0077,-0.0092,-0.0393,-0.014,0.0066,-0.0368,-0.0138,-0.0222,-0.001,-0.0119,-0.0005,-0.0008,-0.0166,0.2108,0.1709,0.0468,0.1311,-0.0186,-0.0127,-0.6803,0.9639,-0.5075,0.5474,0.9526,-0.6772,0.9801,-0.5699,-0.0169,-0.6251,0.9547,-0.3562,0.4744,-0.3929,0.9404,0.9556,-0.9703,1.0,0.1329,-0.6788,-0.042,-0.0388,-0.0207,0.0341,0.0287,-0.0179,0.0122,-0.0028,-0.0245,-0.0683,-0.0126,-0.005,0.0413,-0.0313,-0.0125,-0.0088,-0.0009,0.0214,0.0322,0.0519,0.0166,-0.0769,-0.0708,0.0083,0.007,-0.0653,0.0454,0.0614,-0.0079,-0.0047,-0.007,-0.0153,-0.0021,-0.0176,-0.0045
hmm4_map,-0.0298,-0.0262,0.033,0.0038,-0.0507,-0.0088,0.0064,0.0073,-0.0011,0.0562,-0.0468,0.0281,0.0126,-0.0142,-0.0875,0.0414,-0.0712,0.2436,0.1964,0.1624,0.1769,0.1146,-0.0102,0.0559,-0.0774,0.1708,0.3508,-0.0134,0.3386,-0.0069,-0.0123,-0.0783,-0.0242,-0.0042,-0.0094,0.0753,-0.0615,0.0141,-0.0189,-0.0122,0.0124,0.0002,-0.0103,0.0141,0.021,0.0126,-0.0185,-0.0223,-0.0254,-0.0278,-0.0256,0.0003,-0.0353,-0.0527,-0.023,0.2179,0.2145,0.0555,0.1704,0.106,-0.2097,0.0175,-0.0333,0.0471,-0.0397,0.094,0.1032,-0.1741,0.0197,-0.0315,0.0244,-0.0331,0.0825,-0.0119,-0.0104,0.0362,0.0788,0.1493,0.0333,0.1916,-0.0043,-0.012,0.0102,0.0172,-0.2289,0.219,-0.0083,0.0153,0.2365,-0.0135,0.0565,-0.0135,-0.0031,-0.0285,-0.0113,-0.0363,0.008,0.0349,-0.0036,0.0,-0.0254,0.0445,-0.1216,0.0128,-0.0031,0.1279,-0.1249,0.0556,-0.0871,0.2414,0.0134,-0.2424,0.0764,-0.0531,0.0446,0.0206,-0.0301,-0.0365,0.0592,-0.0454,0.0053,0.0205,-0.0755,-0.0321,-0.0588,-0.0689,0.0002,0.0164,-0.0221,0.0697,-0.0172,-0.0127,-0.0251,0.085,0.0829,-0.0971,0.0381,-0.0003,-0.0045,0.0059,0.0063,-0.0164,0.01,-0.2157,-0.0161,0.0136,0.0065,0.021,0.0108,0.0054,0.0271,-0.0477,-0.0141,0.0224,-0.006,0.0098,0.0281,0.0121,0.0078,-0.0279,0.0414,-0.0329,-0.0503,0.0266,-0.0046,0.0204,-0.0276,-0.0192,-0.029,-0.0378,-0.0151,0.0142,-0.0133,0.0263,-0.0118,-0.0211,-0.0167,0.0051,-0.0315,0.0253,-0.0055,-0.0394,0.0645,-0.0169,-0.1441,-0.0329,0.1429,-0.1462,0.1379,-0.0188,0.0548,-0.0328,-0.0706,-0.0108,0.2607,0.2378,0.0756,-0.0341,0.0905,-0.212,0.2801,0.3469,0.0284,-0.1234,0.2546,-0.1102,-0.0536,0.2387,-0.0737,-0.0588,0.0961,-0.0248,-0.0215,0.0829,-0.0187,0.3644,0.1816,0.2316,-0.0483,0.0332,-0.0162,-0.0745,-0.0275,0.2489,0.0126,-0.0947,-0.069,0.0348,0.21,0.2892,-0.0542,-0.0758,0.3538,0.0358,-0.0807,-0.1656,-0.0787,0.0236,0.1329,1.0,-0.1129,0.0674,-0.009,0.0135,-0.0053,-0.015,-0.0205,-0.0126,-0.0147,-0.0301,-0.1257,0.0784,0.0081,0.0519,0.045,0.0002,0.0002,-0.0183,0.0471,0.0244,0.1603,0.0195,0.0016,-0.0036,0.02,-0.0033,-0.0036,0.1277,0.0592,-0.0271,-0.0164,0.0079,0.0003,0.0567,0.0003,0.0123
hmm4_map_run,0.0299,0.0284,-0.025,-0.014,-0.0066,0.0407,-0.0014,-0.0032,0.01,-0.0194,0.0201,-0.011,0.0024,-0.263,0.048,0.017,0.0321,0.111,0.2041,-0.044,-0.0525,-0.0506,-0.0386,-0.0163,0.0144,-0.1342,-0.1274,-0.0104,-0.1396,-0.0011,-0.0136,0.017,0.0007,-0.0124,0.0071,-0.0326,0.0265,0.8831,-0.6532,0.802,-0.0131,0.0075,-0.1304,0.8684,-0.3866,0.0027,0.4268,-0.338,0.2294,-0.346,0.1363,-0.2131,0.0212,0.1183,-0.0531,-0.0596,-0.0727,-0.0254,-0.006,0.006,0.0126,0.0218,-0.0071,-0.0208,-0.0088,-0.0139,-0.0438,0.0169,0.0341,0.0119,-0.0087,-0.0293,-0.0004,0.0422,0.039,0.0028,-0.0024,-0.0428,-0.0135,-0.0142,0.0155,0.0147,0.2902,0.2924,-0.1439,-0.0322,-0.1058,0.0314,-0.0969,-0.0023,-0.0049,-0.0159,0.0075,-0.0172,-0.0248,0.0027,-0.0173,-0.01,0.0151,-0.0295,0.0047,-0.0338,0.0718,0.0057,-0.0271,-0.048,0.0599,-0.0932,0.2204,0.1249,0.0163,-0.126,-0.3444,0.081,-0.0909,-0.0843,0.0913,-0.1236,-0.0808,-0.0144,0.0769,0.0334,-0.0017,-0.0006,-0.0038,0.0136,0.0175,-0.0285,0.0065,-0.0129,0.0226,-0.0119,0.0468,-0.0268,-0.0268,0.0312,-0.0122,0.0358,-0.0245,-0.0052,-0.0135,-0.0036,0.017,0.0329,0.065,-0.0019,-0.0336,-0.0249,-0.022,0.0373,0.0029,0.0278,-0.0041,0.0506,-0.0101,-0.0062,-0.0226,-0.0032,0.0055,0.0104,-0.034,-0.0075,0.0283,-0.0174,-0.0136,0.051,-0.003,0.0137,0.0067,-0.0086,0.0352,0.0009,-0.0193,0.0074,-0.0085,-0.0094,0.0081,-0.0026,0.0076,-0.0098,0.0083,0.0228,-0.038,-0.0388,0.0234,0.0035,-0.0574,0.0617,-0.066,-0.046,0.0264,0.0335,0.0319,-0.0014,-0.1066,-0.0919,-0.0159,0.0447,-0.0149,0.1332,-0.0657,-0.0952,-0.0224,0.04,-0.0446,0.045,0.0138,-0.0475,0.0387,0.029,0.0127,-0.004,0.0204,0.0102,0.0054,-0.1574,-0.0917,-0.0654,-0.0594,-0.0606,0.009,0.6,-0.6541,0.187,-0.4648,-0.6456,0.583,-0.6633,0.2495,-0.0569,0.5357,-0.6249,0.072,-0.3975,0.6435,-0.6324,-0.656,0.6299,-0.6788,-0.1129,1.0,0.1783,-0.0908,0.208,-0.1195,0.0779,0.0995,0.0698,0.0732,-0.0213,0.009,-0.0386,-0.0003,-0.024,-0.0102,0.0075,-0.0087,0.0018,-0.0208,-0.0087,-0.0412,-0.0072,0.0157,0.0151,0.0193,-0.0197,0.0112,-0.0475,-0.0808,-0.0029,-0.0036,-0.0025,0.0011,-0.0431,0.0097,-0.0041
jump3_state,-0.0106,-0.0115,-0.0204,0.0378,-0.0055,0.0019,-0.0107,0.0065,-0.0169,0.0014,-0.0068,0.0027,-0.0175,-0.0306,-0.0041,0.0134,-0.0639,0.0763,0.0196,0.1046,0.1287,0.2029,0.2145,0.0968,-0.0074,-0.0179,0.0789,0.0082,0.01,0.0074,-0.1121,-0.0328,-0.1786,0.0662,-0.3658,0.1219,-0.0702,0.2301,-0.0652,0.1852,0.0715,-0.0172,-0.0141,0.2235,-0.1455,-0.0197,0.2087,-0.1955,0.0981,-0.1898,0.0023,-0.0726,-0.0249,-0.01,-0.0335,-0.0006,0.0402,0.0445,-0.0057,0.0438,0.0134,0.0495,-0.0236,-0.0235,-0.0324,-0.002,0.0286,-0.0308,0.0802,-0.0002,-0.0226,-0.0635,-0.0009,0.0548,-0.0536,0.0331,-0.02,-0.0148,0.0261,0.0031,-0.0157,0.0175,0.0121,-0.0118,-0.0165,0.0272,-0.0166,-0.0086,0.0511,0.0171,0.0385,0.0138,-0.0215,-0.0393,-0.0312,-0.0384,-0.0507,-0.0092,-0.0037,-0.0172,0.0243,-0.0346,-0.0862,-0.0103,-0.0181,0.0211,0.0109,0.0128,-0.1573,0.0021,0.0163,-0.0033,-0.0049,-0.0412,0.0369,0.0218,-0.0348,-0.038,0.0161,-0.0004,-0.0117,-0.0365,0.002,-0.0316,-0.0306,0.0153,-0.0001,-0.0043,0.0023,0.0215,-0.0003,-0.0339,0.0025,0.0291,0.0108,-0.0251,0.0204,-0.0261,0.0255,-0.0059,0.0004,0.0191,-0.0193,-0.0668,-0.0478,0.0049,-0.0103,-0.0279,0.0033,-0.0159,0.0062,-0.0179,-0.0054,0.0409,-0.0104,-0.0015,-0.0203,0.0003,0.0051,0.0034,0.0116,-0.0284,0.0144,-0.0037,-0.0088,0.0401,-0.012,-0.0285,0.0283,0.011,0.0318,-0.0094,-0.0189,0.0075,0.0099,0.003,0.0069,0.0015,0.0133,-0.0133,0.004,-0.0093,0.01,0.0068,-0.1103,0.0043,0.0435,-0.0421,0.0428,0.0539,-0.0039,-0.0111,-0.0678,-0.1069,0.0821,0.0168,0.1179,-0.0913,0.1049,-0.0115,0.1032,0.0809,-0.0221,-0.0511,0.072,-0.0342,-0.0476,0.0687,-0.0285,-0.0484,-0.0116,0.0116,-0.0511,-0.0109,-0.0255,0.0851,0.0185,-0.0006,-0.0126,0.2011,-0.3531,0.0823,-0.0601,-0.0169,-0.0464,-0.0938,0.077,-0.0211,-0.0166,0.1109,0.0682,-0.0735,0.0188,-0.0135,0.0605,-0.0719,-0.0817,0.0636,-0.042,0.0674,0.1783,1.0,-0.2989,0.6825,-0.1846,-0.0158,-0.0224,-0.1992,-0.221,0.0136,0.0378,0.1464,-0.0253,-0.0049,0.0081,-0.0172,-0.0122,-0.0279,-0.0235,-0.0226,-0.0155,-0.0301,0.007,-0.0037,-0.0144,0.022,-0.0058,0.0201,0.0161,-0.0062,0.0191,-0.0275,-0.0,0.016,0.006,-0.005
jump3_run,-0.0126,-0.0119,0.0362,-0.034,0.0027,-0.0238,-0.0007,-0.0021,0.0131,0.0389,-0.0032,-0.0184,0.0289,-0.0444,-0.0014,-0.0039,0.0541,0.027,0.0362,-0.0049,-0.0242,-0.0204,-0.0249,-0.0422,-0.0264,-0.0035,-0.0067,-0.0218,-0.011,-0.0109,0.0493,-0.0124,0.0833,-0.0465,0.1776,0.0235,0.0569,-0.1058,-0.0321,-0.0041,-0.0618,0.0052,-0.0363,-0.1077,0.2788,0.0292,-0.3419,0.0606,-0.3095,0.1274,-0.1694,0.0955,-0.0532,-0.1434,0.0141,-0.0194,0.0121,0.0406,-0.0161,-0.0105,0.005,-0.0069,0.0291,0.0425,-0.0221,-0.0009,-0.0084,-0.0066,-0.0074,-0.0015,0.025,-0.0107,-0.0073,-0.037,0.0814,-0.0131,-0.0051,-0.0182,-0.0078,0.0518,0.0327,-0.0262,0.0237,0.0446,-0.0225,-0.0234,-0.0667,0.0212,-0.0263,-0.0295,0.0125,0.0125,-0.0066,0.0085,0.0256,-0.0756,0.0137,0.0357,-0.0,0.0141,-0.031,0.0412,-0.0384,0.0369,-0.0132,0.0068,-0.0375,0.0003,-0.0298,0.0079,0.0118,-0.0087,0.0286,-0.0877,0.0958,0.0911,-0.0718,0.09,0.0815,-0.0011,-0.0604,0.0208,-0.048,-0.008,0.0091,-0.0097,0.0097,0.0538,0.0145,-0.0381,0.0052,-0.0276,-0.0252,-0.0175,-0.0102,0.0306,-0.0278,-0.0153,0.0119,0.0005,-0.0174,0.0262,-0.0086,-0.038,-0.0143,0.0619,0.0038,0.037,0.0442,0.025,-0.0278,0.0163,0.0144,-0.0464,0.0298,-0.0184,-0.0194,0.0229,-0.0249,0.0217,0.0182,0.0102,-0.0137,0.0281,-0.0066,-0.0377,0.0145,0.0117,-0.0252,0.0067,-0.0302,0.037,0.0548,-0.0594,-0.0057,0.0011,-0.0024,0.0202,0.0105,0.0384,-0.0435,0.0039,-0.0302,0.0195,0.0296,-0.0209,-0.0271,0.0267,-0.0248,-0.0197,0.0302,-0.0114,0.0529,-0.0282,0.0117,0.0094,0.0099,0.009,-0.0208,0.0274,0.0252,0.0149,-0.0127,-0.0031,0.008,-0.0016,-0.014,0.0082,-0.0334,0.0088,0.0037,0.0201,-0.0102,0.0045,0.0134,-0.0384,-0.0263,-0.01,-0.2064,0.0186,0.0369,-0.0155,-0.0232,0.0537,-0.0119,-0.0268,-0.0079,-0.0417,0.0435,-0.0136,0.0077,-0.0323,0.0282,-0.0171,-0.0479,-0.0341,-0.0277,0.0367,-0.0388,-0.009,-0.0908,-0.2989,1.0,-0.1814,0.4299,-0.0968,-0.0532,-0.0736,-0.0544,0.0153,0.018,0.0354,-0.0234,0.0493,0.0405,0.0052,-0.0018,-0.0045,0.0425,0.025,-0.005,0.047,0.0456,-0.0,0.0193,0.0192,0.0017,0.0071,0.0815,0.0278,0.0262,-0.0191,0.0037,0.0325,-0.0076,-0.0149
jump4_state,0.0241,0.0229,-0.0379,0.0283,-0.0206,0.0005,0.024,0.0056,-0.01,-0.0164,0.0222,0.0099,-0.0568,-0.0099,0.0063,0.0194,-0.0306,-0.0057,-0.0186,0.0162,0.0321,0.0593,0.0821,0.035,0.0077,-0.0437,-0.0053,0.0595,-0.0284,0.0554,-0.1143,-0.0,-0.1519,0.0566,-0.3184,0.0227,-0.0395,0.2426,-0.0302,0.1714,0.0521,-0.0101,0.0008,0.2343,-0.1992,-0.0575,0.3272,-0.2019,0.2145,-0.2027,0.1027,-0.115,0.0269,0.0843,-0.017,-0.0262,-0.0129,0.013,-0.0256,0.0034,0.0298,0.024,-0.0152,-0.0288,-0.0051,-0.0062,0.0036,0.0103,0.0684,-0.0078,-0.0245,-0.0492,-0.0258,0.0592,-0.0452,0.0336,-0.0387,-0.0288,0.0056,-0.0425,-0.0548,0.0544,0.0175,-0.0294,0.0188,0.0006,0.001,-0.034,-0.0072,0.0556,-0.0045,0.02,-0.0034,-0.0297,-0.0183,0.0212,-0.0311,-0.0104,0.0002,-0.0101,0.0167,-0.0403,-0.0023,-0.0153,0.0147,-0.0138,0.0173,0.0241,0.0005,-0.0162,-0.0047,0.0165,-0.017,0.0384,-0.0542,-0.059,0.0535,-0.0961,-0.0493,-0.0154,0.0542,-0.0174,0.0423,0.0049,0.0102,0.0233,0.0078,-0.0473,0.0031,0.0201,-0.0099,-0.0105,0.0327,-0.0234,-0.0317,0.0071,0.0225,0.0018,-0.0036,0.0027,0.0161,-0.0045,-0.0116,0.0166,0.0101,-0.044,-0.0139,-0.0345,-0.0383,0.0057,0.0225,0.0176,-0.0078,0.023,-0.0329,0.0222,-0.0099,-0.0155,0.0149,-0.0035,-0.0221,0.0062,0.036,-0.0506,0.02,0.0215,-0.0006,-0.013,0.0268,0.0046,0.0383,-0.0037,-0.0199,0.0113,-0.0159,-0.011,0.0168,0.0025,0.0044,-0.0153,0.0133,0.0125,0.014,0.0142,-0.0022,0.0435,-0.0175,0.0193,-0.0164,0.027,-0.0129,0.0265,-0.033,-0.0449,0.0001,-0.0266,0.0233,0.0061,0.0544,0.0188,0.0127,0.0046,-0.0002,-0.0157,0.0049,-0.0017,-0.0122,0.0029,-0.0052,-0.0293,-0.0063,-0.0029,-0.0285,-0.0077,-0.0215,0.0105,0.0148,-0.0298,0.0885,0.0326,-0.267,0.1456,-0.0278,-0.1405,-0.0921,-0.0438,0.1373,0.0009,-0.1318,0.0024,0.1141,-0.0324,-0.0946,-0.0551,0.1093,-0.0233,-0.0353,0.0342,-0.0207,0.0135,0.208,0.6825,-0.1814,1.0,-0.2776,0.0839,0.0756,-0.0515,-0.069,-0.0209,0.0635,0.0745,-0.0256,-0.0306,-0.0073,-0.0101,-0.0071,-0.0207,-0.0288,-0.0245,-0.0273,-0.0299,-0.0048,0.0002,-0.0152,0.0353,-0.0011,-0.0144,-0.0493,-0.0225,-0.0045,-0.0266,-0.0124,-0.0095,-0.0143,-0.0349
jump4_run,-0.0182,-0.016,0.0483,-0.0367,0.009,-0.0097,0.0161,-0.0268,0.0061,0.0073,0.0081,-0.022,0.0032,0.0223,-0.0229,-0.0261,0.0755,-0.0331,-0.0082,-0.0561,-0.0795,-0.134,-0.1665,-0.1312,-0.1032,0.0254,-0.0243,-0.0115,0.0178,-0.0107,0.0278,-0.0689,0.01,0.0091,-0.0034,-0.0227,0.0763,-0.1456,0.0361,-0.0812,-0.018,0.0035,-0.0172,-0.1469,0.196,0.0059,-0.3043,0.1442,-0.2545,0.1249,-0.144,0.0899,-0.0444,-0.1159,0.0113,0.0349,0.0666,-0.0872,0.0447,0.0435,-0.042,0.0055,-0.0025,0.01,-0.0109,0.0328,0.0078,-0.0549,-0.0206,0.023,0.0288,-0.0037,0.0228,0.0392,0.0202,0.0181,0.0289,0.0434,-0.0752,0.0185,0.0045,-0.0092,-0.0077,-0.0048,-0.001,-0.0047,-0.0344,0.0077,-0.0185,-0.0033,-0.0278,-0.01,0.01,0.0469,0.013,0.0038,-0.0038,0.017,0.0105,0.0273,-0.0206,0.0324,-0.0229,-0.0037,-0.019,0.0479,-0.0208,-0.0248,-0.0132,-0.0184,0.005,0.0181,0.0451,-0.0659,0.0616,0.0515,-0.0514,0.048,0.0709,-0.014,-0.038,0.047,-0.0282,0.002,0.0228,-0.0307,0.0061,0.0397,0.0151,-0.0315,0.0166,-0.0197,-0.0201,-0.0114,-0.0152,0.0201,-0.0098,0.0007,-0.0123,0.015,-0.0006,0.0099,-0.0092,0.0135,-0.0006,0.0183,0.0308,0.0045,0.0389,0.0394,-0.0283,0.0205,0.0121,-0.0059,0.0132,-0.0185,0.001,0.0081,-0.0156,0.0119,-0.0056,0.0149,-0.0423,0.023,-0.0095,-0.0051,0.01,0.0236,0.0035,-0.0032,-0.0244,-0.005,0.0335,-0.0271,0.0129,-0.0101,-0.0122,-0.0198,0.0205,0.0196,-0.018,-0.0014,-0.0234,-0.0028,0.0462,0.0053,-0.0235,0.0237,-0.0261,-0.0186,0.0188,-0.0137,0.0756,-0.01,0.012,0.0646,-0.0517,0.0179,-0.0735,-0.0063,-0.0217,-0.0037,0.0326,0.0233,-0.0363,0.0318,0.0041,-0.0341,-0.0006,-0.017,0.0092,-0.0038,-0.0339,0.0142,-0.0105,-0.0327,-0.0064,0.0361,-0.1366,0.0018,-0.0051,-0.0762,0.0362,0.0429,0.0137,0.0353,-0.0688,0.0291,0.027,-0.0114,-0.0497,0.0324,0.0217,0.023,-0.057,0.0326,0.0335,-0.0347,0.0341,-0.0053,-0.1195,-0.1846,0.4299,-0.2776,1.0,-0.0624,-0.0483,0.0729,0.0764,0.0239,-0.0986,0.0337,-0.0046,0.0365,0.0183,0.0035,-0.0029,0.0125,0.01,0.0288,0.0341,0.0075,0.0079,0.0105,0.0496,-0.007,0.0139,0.0481,0.0709,0.0283,0.0099,-0.0015,0.0112,0.0167,0.0183,0.0207
nn_dist_prefix_short,0.1902,0.1881,-0.1427,-0.0357,0.0207,0.0521,0.0745,0.0594,0.0466,-0.1872,0.0038,-0.0136,-0.0026,0.0096,0.0425,-0.0211,-0.0775,-0.1498,-0.0404,-0.1993,-0.1563,-0.1879,-0.1028,-0.0165,0.121,-0.044,-0.1185,0.0118,0.0241,0.0093,0.0028,0.1859,0.0103,-0.0085,0.0066,-0.154,-0.1129,0.0872,0.0327,-0.0638,0.0199,0.0,0.2242,0.1039,-0.2745,-0.0038,0.2623,0.088,0.312,-0.0186,0.2086,-0.0477,0.2327,0.2969,0.1699,0.1004,-0.0098,-0.1237,0.1052,-0.0283,-0.0364,0.0461,-0.0013,-0.2002,0.0693,0.0348,-0.0062,0.0602,0.0372,0.022,-0.1762,0.0886,0.0085,-0.0181,0.0022,-0.0265,0.0178,0.0957,-0.0997,-0.1485,-0.0059,0.026,-0.0088,-0.0046,0.0806,-0.096,0.1139,-0.0789,-0.1162,0.0033,-0.0109,0.0004,0.0214,0.0474,-0.0108,0.2076,-0.0096,-0.1346,0.0078,-0.0156,0.0975,-0.0981,0.2268,-0.0355,0.1697,-0.1508,0.0202,0.0625,0.374,-0.0344,-0.0068,0.0349,-0.0905,0.2673,-0.2616,-0.2002,0.2324,-0.1061,-0.2891,0.0479,0.1654,0.016,0.1544,0.093,0.1025,0.0489,0.0148,-0.2263,0.0121,0.1181,0.0094,0.0607,0.0434,-0.0207,0.0125,-0.0333,0.0289,0.0643,-0.1206,0.0881,0.0619,-0.1254,0.0626,0.1527,0.2446,-0.1338,-0.145,-0.1764,-0.1802,-0.0081,0.089,0.0871,-0.0459,0.0186,-0.0587,0.0772,0.0438,-0.0528,0.0696,-0.0499,-0.092,0.0765,0.047,-0.1092,0.0458,0.0109,0.08,-0.006,0.0212,0.0184,-0.0611,-0.1339,-0.0975,0.1323,-0.022,-0.0576,0.0151,-0.0892,-0.0118,-0.0768,0.1102,0.0061,0.0973,0.0028,0.1706,0.0155,-0.0228,0.0235,-0.0214,-0.022,-0.0639,0.0467,-0.0743,0.0056,-0.144,-0.0309,-0.2081,0.156,0.0465,-0.0036,-0.146,-0.0968,0.0232,0.1385,-0.1132,0.1273,0.1357,-0.1168,0.1435,0.128,-0.0304,-0.0031,0.1391,-0.0341,0.0573,-0.0679,0.0084,0.0556,0.3434,-0.4151,0.0123,0.1313,0.0104,-0.1571,-0.0953,0.0362,0.1227,0.0253,-0.1534,-0.1234,0.08,0.0224,-0.1036,-0.0728,0.073,0.0355,0.0266,-0.0228,0.0287,-0.015,0.0779,-0.0158,-0.0968,0.0839,-0.0624,1.0,0.8667,0.3321,0.162,-0.0893,0.1061,-0.014,0.0678,-0.2295,-0.1719,0.0,0.0,0.0904,-0.2002,-0.1762,-0.0809,-0.2083,-0.1725,0.0078,-0.0297,0.0201,0.0058,-0.1508,-0.2891,-0.089,-0.1254,0.0724,0.0,-0.1194,0.0258,0.0445
p1_dist_prefix_short,0.0873,0.0909,-0.1042,-0.0525,-0.0089,0.0156,0.0482,0.0373,0.0266,0.0314,-0.0108,-0.0314,0.0022,-0.0317,-0.0608,-0.015,0.0331,-0.0344,0.079,-0.132,-0.1362,-0.2066,-0.1893,-0.1002,0.0122,0.0256,-0.0526,0.0007,0.0546,0.0039,-0.0023,0.0761,0.0015,-0.0047,0.0094,-0.1291,0.0217,0.1094,-0.0139,-0.0171,0.0213,0.0,0.0361,0.1063,-0.2351,0.0013,0.2605,0.0852,0.2965,-0.0427,0.2099,-0.0608,0.1291,0.2053,0.0633,0.0984,-0.0016,-0.0997,0.1051,-0.0378,-0.0467,0.0088,0.0051,-0.022,0.003,0.0468,0.0184,0.0329,0.0052,0.0205,-0.0404,0.0215,0.0216,-0.0097,0.0116,-0.0066,0.0243,0.0989,-0.08,-0.0126,0.001,0.0228,0.0356,0.0483,-0.0316,-0.0019,0.0508,-0.0226,-0.047,-0.0016,-0.0323,-0.011,0.0195,0.0256,-0.0061,0.1482,-0.004,-0.1227,0.0183,-0.0194,0.0808,-0.0727,0.1493,-0.0502,0.1577,-0.0759,-0.0178,0.0612,0.3891,0.0178,0.0256,-0.0196,-0.04,0.1857,-0.1968,-0.1614,0.1864,-0.1566,-0.155,-0.0495,0.1715,0.0434,0.1169,0.0987,0.0867,0.0423,0.0111,-0.2036,0.0244,0.118,-0.0007,0.0402,0.028,0.0049,0.0233,-0.0409,0.0275,0.0717,-0.1177,0.0768,0.0612,-0.1161,0.0541,0.0751,0.2258,-0.1197,-0.1311,-0.0639,-0.188,0.0115,0.0727,0.0687,-0.0152,-0.0065,-0.0523,0.0523,0.0133,-0.0462,0.0368,-0.0331,0.051,0.0747,0.0448,-0.1016,0.0512,-0.0129,0.0666,-0.0202,0.012,0.0121,-0.0739,-0.0416,-0.0966,0.1178,-0.0297,-0.0566,0.0117,-0.0615,-0.0174,-0.0693,0.0983,-0.0076,0.0811,-0.0039,0.1181,-0.0032,0.0219,-0.022,0.0245,-0.008,-0.0249,0.0325,0.0347,0.0044,-0.075,0.0277,-0.2056,0.1524,0.006,-0.0076,-0.1149,-0.069,0.023,0.0424,-0.0298,0.0507,0.0477,-0.0336,0.0554,0.0138,0.0645,-0.085,0.0321,0.0601,-0.0322,-0.0431,0.0003,0.103,0.2221,-0.4588,-0.0009,0.1015,-0.0351,-0.0734,-0.0465,-0.0114,0.0929,-0.0218,-0.0662,-0.0547,0.0465,-0.0231,-0.0318,-0.021,0.0628,-0.0099,-0.0213,0.0196,-0.0179,-0.0205,0.0995,-0.0224,-0.0532,0.0756,-0.0483,0.8667,1.0,0.3048,0.2287,-0.0747,0.0368,-0.0486,0.0176,-0.078,0.0644,0.0,0.0,0.0102,-0.022,-0.0404,0.0216,-0.0319,0.0391,0.0183,0.0161,0.0162,0.0157,-0.0759,-0.155,-0.0727,-0.1161,0.0219,0.0,0.0948,0.0098,0.0219
nn_dist_prefix_long,0.1514,0.1518,-0.1258,-0.0637,0.0126,0.0256,0.0495,0.0648,0.0341,-0.0632,0.0293,-0.0084,0.0038,0.0225,-0.0251,0.0053,-0.0426,-0.0895,0.0331,-0.1828,-0.1563,-0.4123,-0.5078,-0.0902,0.0402,0.0324,-0.0733,-0.006,0.072,-0.0018,0.0096,0.1101,0.0115,0.0295,0.0494,-0.3896,-0.0703,0.0568,0.0137,-0.0211,0.0317,0.0,0.1203,0.0591,-0.1349,0.0048,0.219,0.0736,0.2572,-0.0003,0.249,-0.0721,0.198,0.272,0.1192,0.1264,0.0622,-0.1917,0.1451,0.1106,-0.1019,0.0327,0.0003,-0.1098,0.0304,0.0493,0.0295,-0.0484,0.0374,0.0194,-0.1085,0.0393,0.0548,0.0415,0.0296,0.0467,0.1144,0.1501,-0.1816,-0.0102,0.0127,-0.0034,0.0261,0.031,-0.014,0.0125,0.0509,-0.0075,-0.061,-0.0047,-0.0166,-0.0213,0.0147,0.0635,-0.0184,0.2563,0.0135,-0.087,0.023,0.0029,0.045,0.0038,0.2138,-0.0673,0.1133,-0.0057,-0.0193,-0.0078,0.4539,0.0168,0.0034,-0.0171,-0.0216,0.2663,-0.291,-0.2612,0.2591,-0.1878,-0.2085,-0.0173,0.1765,0.1213,0.0185,0.0744,0.0633,-0.0105,0.0025,-0.0704,-0.0361,0.0279,0.0044,0.0324,0.0446,-0.0485,0.0159,-0.0011,-0.0143,0.066,-0.1157,0.0801,0.0372,-0.0874,0.0495,0.0884,0.1902,-0.0316,-0.0554,-0.0939,-0.0454,0.0658,0.0624,0.0545,-0.056,-0.0357,-0.0046,0.0677,0.0453,0.0137,0.0474,-0.0884,-0.0101,0.0521,-0.0143,-0.022,0.0204,-0.0362,0.0187,0.0299,0.0149,0.0002,-0.0319,-0.0767,-0.054,0.0547,-0.0047,-0.0433,0.0045,-0.0339,0.0056,-0.0058,0.0206,0.0362,0.0454,0.0287,0.1781,-0.0247,-0.0645,0.0616,-0.0504,-0.0845,0.007,0.0479,-0.04,0.0026,-0.084,0.0752,-0.3945,0.3118,-0.0084,-0.0282,-0.1378,-0.0896,0.0756,0.0926,-0.0619,0.0696,0.0658,-0.0649,0.0888,0.0577,0.0466,-0.0585,0.0779,0.0405,-0.0075,-0.0449,0.0128,0.1076,0.2141,-0.2969,0.0302,0.0809,-0.0069,-0.0879,-0.0407,0.0184,0.077,0.0068,-0.0829,-0.0534,0.0364,0.0035,-0.0464,-0.0193,0.0629,0.0179,0.011,-0.0093,0.0122,-0.0126,0.0698,-0.1992,-0.0736,-0.0515,0.0729,0.3321,0.3048,1.0,0.8944,-0.0133,-0.158,-0.0904,0.0519,-0.1547,-0.0508,0.0,0.0,0.0888,-0.1098,-0.1085,-0.0048,-0.1137,-0.0724,0.023,-0.0142,-0.0122,0.0232,-0.0057,-0.2085,-0.0624,-0.0874,0.0574,0.0,-0.0204,0.0,0.0
p1_dist_prefix_long,0.0304,0.0356,-0.079,-0.0284,-0.0061,-0.0194,0.0124,0.0248,0.0106,0.1048,0.0265,-0.0052,0.0012,0.0344,-0.0564,0.0147,0.0521,-0.0244,0.0712,-0.1078,-0.1221,-0.3945,-0.5434,-0.157,-0.0643,0.0581,-0.0311,-0.0086,0.0547,0.0014,0.0126,-0.0072,0.0138,0.0303,0.0406,-0.3721,0.0479,0.0487,-0.0002,0.0002,0.0282,0.0,-0.044,0.0396,-0.081,0.0024,0.1732,0.0634,0.1911,0.0002,0.2247,-0.0754,0.0752,0.1635,-0.0017,0.0998,0.0181,-0.1398,0.1145,0.072,-0.0882,-0.0089,-0.0005,0.0402,-0.0142,0.0438,0.0278,-0.0405,0.0013,0.0184,0.0302,-0.026,0.0554,0.0464,0.0377,0.0482,0.1109,0.1289,-0.1273,0.0515,0.0088,-0.0035,0.0468,0.052,-0.0601,0.0656,-0.0045,0.0352,-0.0045,-0.002,-0.0481,-0.0508,0.0199,0.0415,-0.0167,0.2513,0.016,-0.0483,0.0285,0.0024,0.0123,0.027,0.1601,-0.0789,0.0776,0.0419,-0.0151,-0.0284,0.4359,0.0267,0.0058,-0.0271,0.0437,0.1628,-0.2041,-0.2045,0.187,-0.2048,-0.0906,-0.0806,0.1572,0.1215,-0.0029,0.0665,0.0508,-0.0191,0.0014,-0.0303,-0.0307,0.0105,-0.0039,0.0227,0.0253,-0.031,0.0199,-0.0039,-0.0148,0.0617,-0.0914,0.0534,0.0403,-0.0685,0.0278,0.0556,0.1402,-0.0071,-0.0305,0.0276,-0.0381,0.0651,0.0436,0.0302,-0.0296,-0.0488,0.0063,0.0399,0.0221,0.0186,0.0196,-0.0622,0.0492,0.0475,-0.0128,-0.0092,0.0162,-0.0488,0.0111,0.0206,0.005,-0.013,-0.0337,0.0406,-0.0449,0.0257,-0.0123,-0.0246,0.0023,-0.0157,0.0064,0.0022,0.0056,0.0214,0.0267,0.0138,0.1142,-0.0266,-0.0404,0.0371,-0.0287,-0.06,0.0266,0.0317,0.0533,0.0038,-0.0466,0.0731,-0.3744,0.3046,-0.0606,-0.0244,-0.1377,-0.0866,0.0783,0.0231,-0.0268,0.0261,0.0021,-0.0289,0.0342,-0.0311,0.0951,-0.094,-0.0088,0.0906,-0.0642,-0.0272,0.0234,0.1189,0.0971,-0.3042,0.02,0.0484,-0.0164,-0.0443,-0.0015,0.0032,0.0464,-0.0075,-0.0381,-0.0114,0.014,-0.0075,-0.0164,0.0113,0.0629,0.0038,-0.0038,0.0031,-0.0028,-0.0147,0.0732,-0.221,-0.0544,-0.069,0.0764,0.162,0.2287,0.8944,1.0,-0.0168,-0.2047,-0.1678,0.0141,0.0104,0.1144,0.0,0.0,0.0236,0.0402,0.0302,0.0771,0.0525,0.0988,0.0285,0.0458,-0.0167,0.0286,0.0419,-0.0906,-0.0436,-0.0685,0.0203,0.0,0.0876,0.0,0.0
win_sign_agree10,-0.0093,-0.0132,0.0401,0.03,-0.0017,-0.0039,0.0093,-0.0304,0.0105,-0.0694,0.0049,0.005,0.0411,-0.0217,0.0424,-0.0081,-0.0129,0.098,0.0885,0.0489,0.0567,0.1026,0.0927,0.0747,0.029,-0.0231,0.0041,-0.0479,-0.0387,-0.0393,-0.0115,0.0054,-0.0194,0.0002,-0.045,0.0319,-0.0267,-0.0469,-0.012,0.0522,-0.0186,0.0192,0.0297,-0.0376,0.2123,0.0415,-0.092,-0.0298,-0.1093,-0.0139,-0.0849,0.0,-0.0381,-0.064,-0.0106,0.0654,0.0804,0.0445,0.0366,0.0448,-0.0543,0.0374,-0.0262,-0.0395,-0.0106,0.0698,0.0151,-0.0415,0.0444,-0.0171,-0.0247,-0.0238,0.009,-0.0066,0.0242,-0.0046,0.0745,0.0538,0.0359,0.1603,0.0337,-0.0323,0.0995,0.121,-0.0859,0.0345,-0.0992,-0.0542,0.0526,-0.0407,0.0169,-0.0017,-0.0269,-0.0159,0.0301,-0.0388,0.0305,0.0337,-0.0301,0.0168,-0.0148,0.2038,-0.0631,0.0159,0.0327,0.0419,-0.0864,0.0328,-0.0653,0.0692,-0.01,-0.0686,0.0126,-0.0571,0.0446,0.0192,-0.0525,-0.013,-0.0052,0.0061,-0.0028,0.0397,-0.0932,-0.0068,-0.0389,-0.0562,-0.0078,0.1715,-0.0302,-0.0703,-0.0406,-0.0125,-0.0595,0.0081,-0.0071,0.0468,-0.0507,-0.0399,0.0315,0.0006,-0.0551,0.0716,-0.0161,-0.1384,-0.0645,0.1174,0.0936,-0.0383,0.1835,0.0261,-0.0856,-0.0494,0.0122,-0.0175,0.0832,-0.0626,-0.0144,0.0716,-0.046,0.036,-0.0671,-0.0261,-0.0381,0.1146,-0.0689,-0.0149,-0.0385,0.0023,0.0218,-0.0391,-0.041,-0.0293,0.0983,-0.083,-0.0012,0.0168,-0.0215,0.0047,0.0265,0.0805,-0.0838,-0.019,-0.0607,-0.0179,-0.0386,-0.033,-0.0162,0.0123,-0.0152,-0.0575,0.0567,-0.0532,-0.016,-0.0371,0.0839,0.055,0.0352,-0.0252,0.062,0.0225,0.066,0.0007,-0.012,-0.0246,0.0754,-0.0081,-0.0185,0.0914,0.0012,0.0115,-0.0066,0.0056,0.0105,-0.0055,0.0279,-0.0454,-0.0787,0.0483,-0.087,0.1302,-0.0318,-0.0071,-0.0113,0.0133,-0.0085,-0.0094,-0.0044,-0.019,0.017,-0.0222,-0.0015,-0.0056,-0.0115,0.0001,0.0051,-0.0075,-0.0092,0.0074,-0.0245,-0.0301,-0.0213,0.0136,0.0153,-0.0209,0.0239,-0.0893,-0.0747,-0.0133,-0.0168,1.0,-0.0256,0.011,-0.0199,0.0031,-0.0799,0.0192,0.0136,0.0059,-0.0395,-0.0247,0.0077,-0.0617,-0.0673,-0.0301,0.0017,0.0063,-0.0277,0.043,-0.0052,0.0856,0.0716,-0.0135,0.0142,-0.0624,0.011,0.0075
win_dd_extreme_atr,0.1081,0.1005,-0.1775,0.099,0.0937,0.0389,0.0236,0.0206,-0.0318,-0.2322,0.0414,-0.0081,-0.0415,-0.0709,0.0491,0.0052,-0.0152,-0.2671,-0.2973,-0.0983,-0.0885,0.1668,0.3904,0.1737,0.2349,-0.3195,-0.2176,0.0711,-0.209,0.0393,-0.015,0.17,0.0258,-0.0164,-0.0064,-0.289,-0.0209,0.0199,-0.0479,-0.0014,0.0023,0.0032,0.2197,0.0364,-0.0907,-0.0394,0.0664,0.118,0.0699,-0.0005,0.016,-0.032,0.1116,0.1419,0.1021,-0.3416,-0.3384,0.0144,-0.3072,-0.139,0.3586,0.0442,0.0257,-0.2361,0.088,-0.2054,-0.1506,0.2793,0.0519,-0.0028,-0.1914,0.0887,-0.2205,0.0176,-0.0123,-0.0708,-0.2873,-0.3669,0.0089,-0.3672,-0.0558,0.0461,-0.08,-0.1078,0.2787,-0.3664,0.056,-0.2036,-0.2705,0.0414,0.0407,0.0919,0.0264,-0.0328,-0.0748,-0.1712,0.0072,-0.1087,-0.0369,-0.022,0.1037,-0.1298,0.419,0.2148,0.0453,-0.4661,0.1183,0.093,0.222,-0.1889,-0.0207,0.1904,-0.1205,0.1526,-0.1322,-0.0773,0.0912,0.116,-0.3088,0.2603,-0.0535,-0.0741,0.0865,-0.0068,0.0511,0.081,0.022,-0.1161,-0.0142,-0.0208,0.023,0.0568,0.1026,-0.1264,-0.0812,0.0666,-0.0022,0.0032,0.0024,-0.0062,0.0176,-0.0393,0.0215,0.2059,0.0856,-0.0902,-0.0524,-0.1559,-0.0746,-0.0361,0.0563,0.109,-0.0296,-0.037,-0.0994,0.1084,-0.0641,-0.1051,0.0789,0.0145,-0.0983,0.0316,0.004,-0.1216,0.1085,-0.0433,0.0274,0.0074,0.0308,0.1032,0.1256,-0.1203,0.0615,-0.0405,0.0102,-0.0213,0.0113,-0.0591,0.0041,-0.0463,0.0588,0.0997,0.0184,0.0514,0.0976,0.063,-0.1794,0.1819,-0.1718,-0.0149,-0.1461,0.082,-0.0134,0.0377,-0.3772,-0.3935,-0.2239,0.138,0.0115,0.1534,-0.3239,-0.3213,-0.1247,0.1553,-0.1989,0.1175,0.1253,-0.2101,0.1075,0.1799,-0.1775,0.1126,0.1408,-0.1697,0.1044,-0.2564,-0.1683,-0.3667,0.1517,0.105,0.0371,0.2469,-0.0425,-0.2056,-0.2388,-0.0345,0.2502,-0.0433,-0.1983,-0.1971,0.2872,-0.0337,-0.2714,-0.2761,0.114,-0.0181,-0.0231,0.0618,-0.0683,-0.1257,0.009,0.0378,0.018,0.0635,-0.0986,0.1061,0.0368,-0.158,-0.2047,-0.0256,1.0,-0.0099,0.022,-0.2386,-0.1842,0.0032,-0.0041,0.0201,-0.2361,-0.1914,-0.3642,-0.2478,-0.1828,-0.0369,-0.1634,0.0437,-0.0394,-0.4655,-0.3088,-0.0563,-0.0393,0.0157,0.0141,-0.1254,0.0116,0.0126
win_range_slope,0.4972,0.497,-0.3466,-0.216,-0.0628,0.114,0.169,0.2248,0.1602,-0.2297,-0.0312,0.0225,-0.0016,-0.0648,0.0,0.017,-0.0379,0.0902,0.1095,0.0015,0.0249,0.0294,0.0176,0.1267,0.0465,0.1385,0.1214,-0.0009,0.1731,0.0074,-0.0232,0.2057,-0.0185,0.0363,-0.0828,-0.027,-0.044,-0.0033,-0.0304,-0.0076,-0.0335,-0.0342,0.2715,0.0111,0.0173,0.0001,-0.0671,-0.0411,-0.0421,0.0484,-0.0252,0.0681,0.4611,0.2983,0.4981,0.1623,0.3465,0.0306,0.2075,0.3229,-0.127,0.1181,-0.0118,-0.365,0.0748,0.0485,0.1056,-0.1636,0.183,-0.0024,-0.4555,0.1357,0.0375,0.048,-0.011,0.0574,0.1719,0.1831,0.0577,0.0952,0.016,-0.0063,0.0042,0.0022,-0.0908,0.0722,0.0279,0.1167,0.0452,0.0013,0.1104,0.0432,-0.0051,-0.0298,-0.0062,-0.1399,-0.0131,-0.0138,-0.033,0.0033,0.0349,-0.0151,-0.1211,0.0118,-0.034,0.08,-0.0498,0.0133,-0.1195,0.0883,-0.001,-0.0883,-0.0542,0.3192,-0.2131,-0.0574,0.2204,0.1196,-0.2499,0.1376,0.027,0.089,-0.0729,-0.0023,-0.0409,-0.0329,-0.0055,0.0285,-0.011,0.0121,-0.0269,-0.0083,0.0044,0.0359,0.0115,-0.0234,0.0176,0.0134,-0.0525,0.0532,0.0159,-0.0208,0.0048,-0.074,-0.0088,0.0129,0.0222,-0.1768,0.0711,0.0622,0.0058,-0.0578,-0.016,0.0206,0.0199,-0.0058,0.0387,0.0424,-0.0051,-0.0168,-0.0835,-0.0398,-0.0137,0.0386,-0.0278,0.0308,-0.0177,0.0145,-0.0139,-0.0217,0.0216,-0.1404,-0.0082,0.0146,-0.0135,0.0082,-0.0017,-0.0228,0.0406,0.0269,-0.0329,0.0092,-0.0198,0.0254,-0.0073,-0.011,0.0393,-0.0378,0.0394,-0.0474,0.0126,0.0046,-0.0395,-0.0669,0.1104,0.2225,0.0428,-0.1202,0.2408,-0.059,0.3369,0.3269,-0.0076,0.0438,0.1199,-0.0711,0.0808,0.1019,0.0114,0.1461,0.0141,0.0326,0.2107,-0.0001,0.0886,0.0935,0.0083,0.1417,0.0929,0.1827,-0.1102,-0.0545,-0.0337,0.1083,0.0438,-0.0429,-0.0559,-0.0191,0.0991,0.0903,-0.0895,-0.0376,0.1472,0.0687,-0.094,-0.0448,-0.0408,0.0257,-0.0126,0.0784,-0.0386,0.1464,0.0354,0.0745,0.0337,-0.014,-0.0486,-0.0904,-0.1678,0.011,-0.0099,1.0,-0.0147,-0.4669,-0.1896,-0.0342,-0.0244,-0.0171,-0.365,-0.4555,-0.2144,-0.2549,-0.1896,-0.033,-0.0894,-0.016,-0.0323,0.0779,-0.2499,-0.0058,-0.0208,-0.0147,-0.0411,0.0,-0.045,-0.0329
gap_pts__na,0.0008,0.0002,0.0106,0.0115,-0.003,-0.0051,-0.0265,0.0229,0.0022,-0.0122,-0.0065,0.0811,-0.0034,-0.0232,0.005,0.08,-0.0622,0.0034,-0.0182,0.0222,0.0459,0.0187,-0.0001,-0.0052,-0.0299,-0.0271,0.0185,0.0116,0.0053,0.0033,-0.016,-0.0443,0.0302,0.0,0.0299,-0.0214,-0.1004,0.0062,-0.0089,-0.0045,-0.0099,0.3646,0.0127,0.0075,-0.0245,-0.0034,-0.0013,-0.0114,0.0158,-0.0198,0.0026,-0.0488,0.0041,0.0285,-0.018,-0.0121,-0.0095,0.0,-0.0292,-0.03,0.0225,-0.0229,-0.0045,0.0087,0.0187,-0.02,0.0008,0.002,-0.0099,-0.004,0.018,-0.0028,0.0142,-0.0319,0.0139,-0.0314,-0.0225,-0.0259,0.0,-0.0318,-0.0143,0.005,-0.0077,-0.0181,0.0001,-0.0243,0.0185,-0.0278,-0.0063,0.0034,-0.098,-0.015,0.0121,-0.0273,-0.0088,0.0029,-0.004,-0.0112,-0.0099,-0.0012,0.0159,-0.0316,0.0355,0.013,-0.0171,-0.0259,0.0048,-0.0205,0.0142,0.0062,-0.0019,-0.0061,-0.0223,0.032,-0.0302,-0.0276,-0.0074,0.0149,-0.0109,0.024,-0.0181,-0.0451,0.0064,-0.0039,0.0116,-0.0097,-0.0012,-0.0226,0.0148,0.012,0.0186,0.0098,-0.0097,0.0101,0.0028,-0.0116,0.0117,-0.0266,0.0089,0.0158,0.0001,0.0007,-0.0008,-0.0108,0.023,-0.0097,-0.0182,-0.0078,-0.0207,-0.0382,0.0087,-0.0039,0.017,0.0131,-0.0117,-0.0123,-0.0135,-0.0144,-0.0095,0.0284,-0.0064,0.0223,-0.0066,-0.0203,0.0049,0.0143,-0.0055,-0.0026,-0.0026,-0.0067,0.022,-0.0058,-0.0022,0.0077,-0.0021,-0.0034,-0.0015,-0.0061,-0.008,-0.007,0.0121,-0.0178,0.0063,-0.0487,-0.0323,0.0137,0.0185,-0.0173,0.0087,-0.0017,-0.0098,-0.0118,0.0,0.0,0.0,0.0,-0.0195,-0.0367,0.007,-0.0236,-0.0197,-0.0091,0.0065,0.0074,0.0309,-0.0142,0.0002,0.0303,0.0343,0.0382,-0.0244,0.0565,0.0322,-0.0237,0.0598,0.0189,0.004,-0.0095,0.0182,0.0032,0.0091,0.012,-0.0102,0.0069,-0.0237,-0.0116,0.0114,-0.0082,0.008,-0.0012,0.011,-0.01,0.0075,-0.0186,0.0083,-0.0115,-0.0117,0.0055,-0.005,0.0081,-0.0003,-0.0253,-0.0234,-0.0256,-0.0046,0.0678,0.0176,0.0519,0.0141,-0.0199,0.022,-0.0147,1.0,0.0063,-0.0103,0.3646,0.2578,0.6267,0.0087,0.018,0.0088,-0.0119,-0.0089,-0.0099,0.0655,0.0666,-0.01,-0.0052,-0.0109,-0.0087,0.0007,0.9681,0.4466,-0.008,0.5158,0.6318
ret_1h_pts__na,-0.6352,-0.6266,0.6884,0.1086,-0.1849,-0.195,-0.1988,-0.2056,-0.1083,0.4822,-0.0488,-0.0125,0.0125,0.0487,-0.1979,-0.0205,0.0244,0.2908,0.1126,0.3585,0.3272,0.088,-0.2535,-0.3308,-0.5734,0.1298,0.2563,-0.0226,0.0091,-0.0092,0.0264,-0.6049,-0.0039,0.0152,0.0,0.2345,0.028,-0.0485,0.0345,0.0041,-0.0009,0.0485,-0.5363,-0.0912,0.0989,0.0088,-0.0605,-0.019,-0.1074,-0.017,-0.0673,0.0118,-0.6256,-0.5544,-0.6197,-0.1129,-0.1628,-0.0056,-0.1823,-0.2955,-0.0088,-0.188,-0.0341,0.6968,-0.2086,0.017,-0.0359,-0.1058,-0.2587,-0.0301,0.775,-0.305,0.026,-0.0009,0.055,-0.044,-0.0994,-0.1372,-0.0318,0.1835,0.0149,-0.01,0.03,0.0279,-0.1031,0.1451,-0.0945,0.0732,0.2354,-0.0115,-0.135,-0.0508,0.0017,-0.0858,-0.0421,-0.114,-0.0122,0.0999,0.037,-0.0093,-0.0933,0.0572,-0.1471,-0.0489,-0.0588,0.1229,-0.0002,-0.0293,-0.1383,0.0413,0.0402,-0.0441,0.134,-0.5624,0.463,0.2476,-0.4069,-0.2259,0.6003,-0.3389,-0.08,-0.0417,-0.0961,-0.0579,-0.0545,-0.024,-0.0093,0.0996,0.0218,0.0071,-0.021,-0.0507,-0.0961,0.1139,0.0531,-0.0612,0.0232,-0.0251,0.0669,-0.0596,-0.0314,0.0709,-0.039,-0.2319,-0.134,0.0783,0.044,0.3078,0.0164,-0.0306,-0.0518,-0.1124,0.0991,-0.0645,0.0073,-0.0766,-0.0407,-0.0004,-0.0954,0.0774,0.2514,-0.0386,0.0002,0.0233,0.0224,-0.0651,-0.0213,-0.0197,-0.0197,-0.0286,-0.0063,0.2288,0.0506,-0.0747,0.0007,0.0275,-0.0113,0.0948,-0.0234,0.0084,-0.0308,-0.0661,-0.0187,-0.0268,-0.3313,-0.0129,0.1527,-0.1529,0.1464,0.1089,0.0854,-0.0767,0.0262,-0.0039,0.2594,-0.0108,0.0766,-0.0267,-0.0874,-0.0104,0.0712,0.093,0.0336,-0.2691,0.2535,-0.1808,-0.2313,0.2533,-0.2215,-0.3339,0.0849,-0.0779,-0.3758,0.0965,-0.1551,0.191,0.0193,-0.0189,-0.3476,-0.0589,-0.0348,-0.1567,0.037,0.1163,0.1418,0.0174,-0.1533,0.0389,0.1074,0.1483,-0.1441,0.0354,0.1063,0.1308,-0.0599,0.0211,0.0189,-0.0473,0.0413,0.0519,-0.024,-0.0049,0.0493,-0.0306,0.0365,-0.2295,-0.078,-0.1547,0.0104,0.0031,-0.2386,-0.4669,0.0063,1.0,0.4065,0.0485,0.0343,0.0061,0.6968,0.775,0.4984,0.4625,0.3524,0.037,0.1779,0.0105,0.0355,0.1255,0.6003,0.0518,0.0709,0.0147,0.0595,0.3137,0.0482,0.034
er_1h__na,-0.2981,-0.2722,-0.0534,-0.0695,-0.0752,-0.0793,-0.0808,-0.0836,-0.044,0.8431,-0.0199,-0.0175,-0.0169,-0.0206,-0.4868,0.0246,-0.0034,0.2506,0.2526,0.1668,0.153,-0.1108,-0.2703,-0.2342,-0.2889,0.222,0.1888,0.0141,0.091,0.0136,0.0266,-0.2891,0.0317,0.0161,0.0,0.0,0.0023,-0.0012,-0.0434,0.0176,0.0027,-0.0038,-0.6206,-0.0752,0.0605,-0.0221,-0.0251,0.0079,-0.0314,0.0105,0.0089,0.0033,-0.2938,-0.2825,-0.2861,0.0,0.0,0.0502,0.0,0.0,0.0,-0.1648,-0.0139,0.5627,-0.1575,0.0,0.0,0.0,-0.1501,-0.0122,0.4148,-0.1522,0.0,0.0,0.0,0.0,0.0488,0.0317,0.0362,0.2486,-0.0249,0.0298,0.048,0.0408,-0.243,0.2529,-0.0504,0.1282,0.2062,0.0168,-0.0748,-0.0462,-0.0064,-0.0655,0.0322,-0.0447,-0.0122,0.0429,0.0883,-0.0038,-0.0853,-0.0168,-0.1693,-0.0462,-0.0455,0.1804,-0.0634,-0.0092,-0.026,0.1138,0.072,-0.1188,0.1604,-0.2676,0.2472,0.172,-0.2089,-0.0186,0.4518,-0.2165,-0.1027,0.0363,-0.0529,-0.0071,-0.0321,-0.0297,-0.0038,-0.0053,0.0498,0.0411,-0.0077,-0.027,-0.0378,0.0827,0.028,-0.0397,0.0214,0.0153,-0.0025,-0.0124,0.0021,0.0262,-0.0281,-0.1527,-0.0378,-0.0171,0.0109,0.4606,-0.1311,0.0055,-0.035,-0.0741,0.1449,-0.0307,-0.0704,-0.0777,-0.0354,-0.0439,-0.1188,0.0464,0.5341,-0.0234,-0.02,-0.0619,0.0789,-0.0295,-0.0167,-0.008,-0.008,-0.0204,-0.0235,0.4177,-0.0663,0.0001,-0.0065,-0.0103,-0.0046,0.0438,-0.0243,-0.0132,0.0107,-0.0631,-0.0241,-0.0064,-0.1383,-0.0007,0.1387,-0.1403,0.1409,0.1036,0.1012,-0.0499,0.0019,0.0293,0.2326,0.1834,0.054,-0.0657,-0.0424,-0.0208,-0.0438,0.0066,0.0124,-0.1757,0.1982,-0.1514,-0.1337,0.1883,-0.1464,-0.2577,0.2727,-0.2242,-0.2352,0.2671,-0.2206,0.1411,0.0019,0.1536,-0.2938,-0.2203,0.0073,-0.1393,-0.0538,0.2094,0.1738,-0.053,-0.1394,-0.0473,0.2087,0.1867,-0.1411,-0.0547,0.2054,0.1643,-0.0667,-0.0547,-0.0544,0.0339,-0.0313,0.045,-0.0102,0.0081,0.0405,-0.0073,0.0183,-0.1719,0.0644,-0.0508,0.1144,-0.0799,-0.1842,-0.1896,-0.0103,0.4065,1.0,-0.0038,-0.0027,-0.0023,0.5627,0.4148,0.2535,0.648,0.867,0.0883,0.156,-0.0068,0.0872,0.18,0.4518,0.035,0.0262,0.0112,-0.0046,0.7717,-0.0053,-0.0065
bars_since_bos__na,-0.0308,-0.0325,0.0705,-0.0083,-0.009,-0.0095,-0.0096,-0.01,-0.0053,-0.0045,-0.0024,0.0296,0.0002,-0.0215,0.0018,0.0292,-0.0229,0.0204,-0.008,0.0304,0.0326,0.019,-0.0197,-0.011,-0.031,-0.0224,-0.0031,0.0118,-0.0326,0.0134,-0.0124,-0.0311,0.0054,0.0,0.0,-0.0056,-0.0367,0.0078,-0.0126,0.0,-0.0206,1.0,0.0,0.0084,0.0003,0.0002,-0.0347,-0.0371,-0.0271,-0.037,-0.0337,-0.0369,-0.0339,-0.03,-0.0348,-0.0153,-0.0155,0.0,-0.0274,-0.0347,0.0,-0.0197,-0.0017,0.0672,-0.0188,0.0,0.0,0.0,-0.0179,-0.0015,0.0495,-0.0182,0.0,0.0,0.0,0.0,-0.0192,-0.0254,0.0,-0.0185,-0.0008,0.0001,-0.0024,0.0088,0.0073,-0.0145,-0.0368,-0.014,-0.0113,-0.0002,-0.037,0.0,-0.021,0.0,0.0,-0.0068,-0.0015,-0.0041,-0.0036,-0.0004,0.0058,-0.0112,0.0,-0.0181,-0.0099,-0.0095,-0.0116,0.0,-0.0198,-0.005,-0.0007,0.005,-0.016,-0.0276,0.0222,0.0101,-0.0253,-0.0225,0.0233,-0.0042,-0.013,0.0,0.0,0.0,-0.0038,-0.0035,-0.0004,-0.0169,0.078,-0.0141,-0.0031,-0.0041,-0.0079,0.0,-0.01,0.0162,-0.0102,-0.0097,0.0152,-0.0095,-0.015,0.0304,-0.0152,-0.0182,0.0,-0.0106,-0.0102,-0.0028,-0.0163,0.0,-0.0352,0.0,0.0302,-0.0037,-0.0084,-0.0214,-0.0049,-0.0052,-0.0267,0.0363,-0.0023,-0.0028,-0.0024,-0.0074,0.0094,-0.0035,-0.002,-0.001,-0.001,-0.0024,-0.0028,-0.0021,-0.0088,0.0125,-0.0008,-0.0012,-0.0006,-0.0022,-0.0029,-0.0072,0.0085,-0.0154,-0.0093,0.0,0.0,0.0,0.0,0.0,0.0,0.0,0.0,-0.0185,0.0,0.0,0.0,0.0,0.0,0.0,-0.037,0.0202,-0.0088,-0.0131,0.0024,-0.0193,0.0254,0.0,-0.0284,0.0273,0.0,-0.0242,0.0136,-0.0098,-0.0293,0.0173,-0.0158,-0.0086,-0.0113,-0.0034,-0.0331,-0.0006,-0.0196,0.0133,-0.0125,0.0034,-0.0169,-0.0125,0.0134,-0.0125,0.0042,-0.0073,0.0169,-0.0125,-0.0035,-0.0179,0.0021,-0.0125,-0.0125,0.0125,-0.0125,0.0002,0.0075,-0.0172,0.0052,-0.0101,0.0035,0.0,0.0,0.0,0.0,0.0192,0.0032,-0.0342,0.3646,0.0485,-0.0038,1.0,0.707,0.2285,0.0672,0.0495,0.0303,-0.0043,-0.0033,-0.0036,0.0694,0.1969,-0.0036,0.0474,0.0233,0.0352,0.0304,0.353,0.8164,-0.0029,0.7069,0.5771
bars_since_prev_choch__na,-0.0227,-0.023,0.0499,-0.0059,-0.0063,-0.0067,-0.0068,-0.0071,-0.0037,-0.0032,-0.0017,0.0209,-0.0149,-0.0152,0.0013,0.0206,-0.0163,0.0163,-0.0105,0.0249,0.0252,0.0134,-0.0227,-0.0078,-0.0236,-0.0177,0.0002,0.0167,-0.0246,0.0147,-0.0045,-0.0236,0.0133,0.0,0.0,0.0172,-0.026,-0.0023,-0.0089,0.0,-0.0145,0.707,0.0,-0.0019,0.0,-0.0149,-0.0269,-0.0262,-0.023,-0.0262,-0.025,-0.0261,-0.0248,-0.0234,-0.0246,-0.0189,-0.0162,0.0,-0.0253,-0.0261,0.0,-0.0139,-0.0012,0.0475,-0.0133,0.0,0.0,0.0,-0.0127,-0.001,0.035,-0.0129,0.0,0.0,0.0,0.0,-0.0232,-0.0241,0.0,-0.0176,-0.0135,0.0078,-0.0017,-0.0103,-0.0003,-0.0036,-0.0261,-0.0108,0.0058,0.0149,-0.0261,0.0,-0.0149,0.0,0.0,-0.0009,-0.001,-0.0029,-0.0025,-0.0003,0.0041,-0.0125,0.0,-0.0128,-0.007,-0.0067,-0.0082,0.0,-0.0173,0.0119,-0.0005,-0.0118,-0.0113,-0.0227,0.021,0.0147,-0.0179,0.0,0.0388,-0.0183,-0.0092,0.0,0.0,0.0,-0.0027,-0.0025,-0.0003,-0.012,0.0552,-0.0099,-0.0022,-0.0029,-0.0056,0.0,-0.0071,0.0115,-0.0072,-0.0069,0.0107,-0.0067,-0.0106,0.0215,-0.0107,-0.0129,0.0,-0.0075,-0.0072,-0.002,-0.0115,0.0,-0.0249,0.0,0.0214,-0.0026,-0.0059,-0.0152,-0.0035,-0.0037,-0.0189,0.0257,-0.0016,-0.002,-0.0017,-0.0052,0.0067,-0.0025,-0.0014,-0.0007,-0.0007,-0.0017,-0.002,-0.0015,-0.0062,0.0088,-0.0006,-0.0009,-0.0004,-0.0016,-0.0021,-0.0051,0.006,-0.0109,-0.0065,0.0,0.0,0.0,0.0,0.0,0.0,0.0,0.0,-0.0131,0.0,0.0,0.0,0.0,0.0,0.0,-0.0262,0.009,-0.0005,-0.008,0.0017,-0.0153,0.0202,0.0,-0.0211,0.0213,0.0,-0.0152,-0.0007,0.0,-0.0194,0.0025,0.0,0.0094,0.01,0.0,-0.025,-0.015,-0.0072,-0.004,-0.0088,0.0168,-0.0119,-0.0088,-0.0033,-0.0088,0.0163,-0.0052,0.0007,-0.0088,0.0111,-0.0127,-0.017,-0.0088,-0.0088,0.0088,-0.0088,0.0002,-0.0087,-0.0122,-0.0018,-0.0071,-0.0029,0.0,0.0,0.0,0.0,0.0136,-0.0041,-0.0244,0.2578,0.0343,-0.0027,0.707,1.0,0.1615,0.0475,0.035,0.0214,-0.0031,-0.0023,-0.0025,0.0491,0.1392,-0.0026,0.0335,0.0388,0.0249,0.0215,0.2496,0.5772,-0.0021,0.4998,0.408
sess_cumvol_ratio20s__na,0.002,0.0023,0.0075,-0.0004,0.0083,0.0045,-0.0358,0.007,0.0188,-0.0074,0.0117,0.0141,-0.0237,-0.0124,0.008,0.1084,-0.0893,-0.0214,-0.0165,-0.0189,0.0193,-0.0165,-0.0038,-0.0306,-0.0109,-0.0347,-0.0201,0.0241,-0.0044,0.0249,0.0361,-0.0118,0.0538,0.0162,0.0054,-0.0182,-0.1593,0.0019,-0.0012,-0.0056,-0.0216,0.2285,-0.0013,0.0036,-0.014,-0.0237,-0.005,-0.0068,0.0037,-0.0102,0.002,-0.0299,-0.0055,0.0068,-0.012,-0.0045,0.0001,0.0,-0.0244,-0.0122,0.0194,-0.0176,-0.0072,0.0048,0.016,-0.0225,0.0004,-0.0156,-0.0091,-0.0064,0.0076,0.0045,0.0147,0.0228,-0.0061,-0.03,-0.0124,-0.0188,-0.0159,-0.0184,-0.0338,0.0292,-0.0,-0.0273,0.0084,-0.0101,0.0113,-0.0405,-0.0198,0.0237,-0.076,-0.0207,0.0203,-0.003,0.0147,-0.0038,-0.0064,-0.0048,-0.0158,-0.002,0.0157,-0.014,0.0468,0.0244,0.0012,-0.0348,-0.0104,-0.0247,0.0147,-0.0018,-0.0031,0.002,-0.0025,-0.007,0.0259,0.0359,-0.047,0.0275,0.0005,0.0163,-0.0183,-0.0562,0.0185,0.0338,-0.0028,-0.0005,-0.002,-0.004,0.0134,-0.0032,0.0206,0.0086,-0.0119,0.0053,-0.0057,0.0054,-0.001,-0.0296,0.0097,0.0177,0.0019,0.0184,-0.0201,-0.0057,0.0146,-0.0098,0.0051,0.0245,-0.0107,-0.0444,-0.016,-0.0243,0.0285,-0.0015,-0.0083,-0.0206,0.0005,-0.0125,-0.0215,0.03,-0.0102,0.0066,-0.0105,-0.0088,0.0083,-0.0004,-0.0087,-0.0042,-0.0042,0.0109,0.0251,0.0154,0.0029,-0.0068,-0.0034,-0.0054,-0.0024,-0.0098,-0.0127,-0.0075,0.016,-0.0212,-0.0006,-0.0262,0.0108,0.0144,0.0072,-0.0063,0.0024,0.004,0.0028,-0.022,-0.0613,0.0036,-0.0091,0.0052,-0.0252,-0.0344,0.0096,-0.0061,-0.0207,-0.0084,0.0102,0.0126,0.02,-0.0258,0.0026,0.0168,0.006,0.0274,-0.0057,0.0273,0.0193,-0.0026,0.0329,0.0072,0.0264,-0.0038,0.0135,0.0067,0.0132,0.0072,0.0004,-0.0027,-0.0249,0.0027,0.0069,-0.0039,-0.0018,-0.0252,0.0078,-0.0,-0.0032,-0.0268,0.0206,0.0009,0.0026,-0.0005,-0.0009,-0.0183,0.0018,-0.0279,-0.0045,-0.0207,0.0125,0.0904,0.0102,0.0888,0.0236,0.0059,0.0201,-0.0171,0.6267,0.0061,-0.0023,0.2285,0.1615,1.0,0.0048,0.0076,0.0026,0.0059,0.002,-0.0158,0.0416,0.0359,-0.0159,-0.0218,0.0005,0.016,0.0184,0.6473,0.2799,0.0054,0.3232,0.3959
hv2_bars_since__na,-0.4845,-0.4742,0.4617,-0.0613,-0.1336,-0.1409,-0.1436,-0.1486,-0.0782,0.6325,-0.0353,-0.0301,0.0032,0.0292,-0.2739,0.0264,0.0099,0.2573,0.1296,0.2954,0.2677,-0.0134,-0.3171,-0.2925,-0.447,0.1194,0.2139,-0.0032,0.0034,0.0014,0.0311,-0.4617,0.0123,0.0145,-0.0173,0.2086,0.0066,-0.0313,0.013,-0.0037,-0.0242,0.0672,-0.6095,-0.087,0.0591,0.0001,-0.0419,-0.0057,-0.0618,-0.0057,-0.035,0.0027,-0.4748,-0.4262,-0.4727,-0.1786,-0.1812,0.0255,-0.2617,-0.3605,0.0,-0.2929,-0.0246,1.0,-0.2799,0.0,0.0,0.0,-0.2668,-0.0217,0.7373,-0.2705,0.0,0.0,0.0,0.0,-0.1379,-0.2142,-0.011,0.1646,-0.0005,0.008,0.0229,0.0094,-0.1141,0.1498,-0.0728,0.071,0.2031,-0.0018,-0.0825,-0.0246,-0.017,-0.0793,-0.0208,-0.0836,-0.0217,0.04,0.0696,-0.0067,-0.0682,0.0,-0.154,-0.0513,-0.0576,0.1391,-0.0136,-0.0147,-0.0895,0.044,0.0362,-0.0465,0.1403,-0.4287,0.3628,0.2126,-0.3195,-0.1652,0.5699,-0.2937,-0.1068,-0.0149,-0.0816,-0.0228,-0.0347,-0.0046,-0.0067,0.0418,0.0226,0.017,-0.0132,-0.0436,-0.0521,0.0888,0.0442,-0.0485,0.0163,-0.0141,0.0374,-0.0333,-0.0101,0.0266,-0.0163,-0.189,-0.0812,0.0377,0.0136,0.3845,-0.0629,-0.0044,-0.0387,-0.0825,0.1153,-0.0498,-0.0269,-0.0732,-0.038,-0.0445,-0.0899,0.0696,0.3335,-0.0234,0.0206,-0.0268,0.0473,-0.0525,-0.0129,-0.0142,-0.0142,-0.0224,-0.0118,0.3088,0.0128,-0.0415,0.0097,-0.0048,-0.0082,0.0643,-0.0316,-0.0199,0.0108,-0.0662,-0.014,-0.031,-0.2648,-0.0134,0.1349,-0.1327,0.1236,0.0973,0.075,-0.0627,0.0129,0.0091,0.2228,0.0227,0.0701,-0.0266,-0.0707,0.0012,-0.0007,0.0349,0.0312,-0.2271,0.2294,-0.1686,-0.1922,0.2281,-0.1894,-0.3186,0.1596,-0.1584,-0.3314,0.1692,-0.204,0.1628,0.0258,-0.0316,-0.3315,-0.1674,-0.0069,-0.1325,0.0138,0.1181,0.1352,0.002,-0.1287,0.0149,0.1141,0.1356,-0.1198,0.0127,0.1078,0.1206,-0.0635,0.0037,0.0027,-0.0222,0.0214,0.0471,-0.0208,-0.0235,0.0425,-0.0288,0.01,-0.2002,-0.022,-0.1098,0.0402,-0.0395,-0.2361,-0.365,0.0087,0.6968,0.5627,0.0672,0.0475,0.0048,1.0,0.7373,0.4505,0.5252,0.4878,0.0696,0.1474,0.0175,0.0682,0.1428,0.5699,0.0387,0.0266,0.0203,0.0521,0.4342,0.0428,0.0311
hv3_bars_since__na,-0.5994,-0.5926,0.5516,0.1617,-0.1518,-0.186,-0.1948,-0.2015,-0.1061,0.4859,-0.0479,-0.0268,-0.0073,0.0472,-0.202,0.0054,-0.0182,0.2452,0.0777,0.3263,0.3075,0.0641,-0.2502,-0.2841,-0.4968,0.0748,0.217,0.0021,-0.0223,0.0086,0.0207,-0.5518,0.0108,0.0142,0.0121,0.1832,-0.0114,-0.0324,0.0281,-0.0054,0.0036,0.0495,-0.511,-0.0757,0.0543,-0.011,-0.0407,-0.0101,-0.0684,-0.0048,-0.0388,-0.0075,-0.5818,-0.4959,-0.5827,-0.1645,-0.2311,0.0071,-0.2558,-0.406,0.0878,-0.1992,-0.0254,0.7373,-0.222,-0.0258,-0.1944,0.0,-0.3618,-0.0295,1.0,-0.3668,0.0,0.0,0.0,0.0,-0.1569,-0.2102,-0.0375,0.1071,-0.0116,0.0173,0.0227,0.0088,-0.0658,0.1028,-0.064,0.0261,0.2012,0.0083,-0.11,-0.0438,0.0004,-0.0752,-0.0563,-0.0552,-0.0023,0.0575,0.0513,-0.0091,-0.0742,0.0043,-0.1003,-0.0456,-0.0348,0.0912,0.0021,-0.0233,-0.0755,0.0173,0.0227,-0.0189,0.1178,-0.5046,0.4003,0.1961,-0.3662,-0.1897,0.5239,-0.2786,-0.0887,-0.0374,-0.07,-0.0549,-0.0242,-0.0142,-0.0091,0.0569,0.004,0.0211,-0.0104,-0.0452,-0.0672,0.0803,0.0351,-0.0593,0.0386,-0.0301,0.0545,-0.0388,-0.0227,0.0347,-0.0118,-0.1871,-0.1106,0.0387,0.0312,0.3047,-0.0259,-0.025,-0.0165,-0.0659,0.0792,-0.0517,-0.0156,-0.0464,-0.049,-0.01,-0.0716,0.0601,0.2508,-0.018,0.0074,-0.0112,0.0378,-0.0559,-0.0136,-0.0054,0.0084,-0.0218,-0.0091,0.2335,0.0312,-0.0618,0.0012,0.0073,-0.0111,0.0858,-0.0309,0.0013,-0.0156,-0.051,0.0028,-0.0346,-0.3047,0.0125,0.122,-0.1204,0.1119,0.1018,0.077,-0.0598,-0.0149,0.0241,0.1987,-0.0459,0.0412,-0.0127,-0.1017,0.0124,-0.0227,0.0085,0.0264,-0.2264,0.2086,-0.1528,-0.2086,0.2109,-0.1897,-0.3085,0.0741,-0.0949,-0.3546,0.0885,-0.1677,0.1665,0.0091,-0.0639,-0.2861,-0.1327,0.0005,-0.1207,0.0319,0.0795,0.1208,0.0195,-0.1171,0.0314,0.0759,0.114,-0.1066,0.0336,0.0676,0.0947,-0.0364,0.0235,0.0218,-0.0371,0.0322,0.0244,-0.0087,-0.0226,0.025,-0.0245,0.0288,-0.1762,-0.0404,-0.1085,0.0302,-0.0247,-0.1914,-0.4555,0.018,0.775,0.4148,0.0495,0.035,0.0076,0.7373,1.0,0.611,0.4404,0.3597,0.0513,0.1316,0.0065,0.0498,0.0939,0.5239,0.0165,0.0347,0.0262,0.0607,0.3201,0.0701,0.052
hv3_low_held__na,-0.3575,-0.3488,0.3582,0.1087,-0.1328,-0.1342,-0.1235,-0.1053,-0.0223,0.3007,-0.0567,-0.0248,0.0383,-0.0175,-0.1234,0.0221,-0.027,0.3496,0.273,0.2617,0.2532,0.0749,-0.1709,-0.1892,-0.3849,0.3594,0.3875,-0.0517,0.2804,-0.0251,0.0095,-0.4079,-0.0072,0.0017,-0.0001,0.2204,-0.0295,-0.024,0.022,-0.0163,-0.01,0.0303,-0.3165,-0.0503,0.0646,0.0345,-0.0368,-0.0425,-0.0471,-0.0297,-0.025,-0.0096,-0.3527,-0.3179,-0.3524,0.4342,0.3512,0.0034,0.326,0.0968,-0.4405,-0.0836,-0.0485,0.4505,-0.1688,0.2542,0.3852,-0.704,-0.1733,-0.0482,0.611,-0.2676,0.4001,0.0,0.0,0.1683,0.1371,0.3517,-0.014,0.281,0.0301,-0.0451,0.054,0.0637,-0.3031,0.3309,-0.0617,0.1289,0.3309,-0.0377,-0.0886,-0.0466,-0.0474,-0.0344,0.0005,0.0338,0.0076,0.06,0.043,0.0077,-0.0747,0.0222,-0.2516,-0.0816,-0.0319,0.2709,-0.1159,0.0221,-0.099,0.1951,0.0336,-0.1976,0.09,-0.3274,0.2559,0.1159,-0.2172,-0.1581,0.3709,-0.2525,-0.002,-0.0075,-0.0765,-0.0331,-0.053,-0.0524,0.0077,0.0661,-0.0032,0.0787,-0.0288,-0.0775,-0.0969,0.1691,0.1039,-0.1297,0.0578,-0.0198,0.0177,-0.0024,-0.0288,0.0131,0.0156,-0.26,-0.1059,0.0722,0.0085,0.1919,0.0142,-0.0134,0.0028,-0.1128,0.0379,-0.0155,0.0417,-0.059,0.0079,0.0788,-0.0743,0.0123,0.1567,-0.0406,-0.0276,0.0714,-0.0315,-0.0132,-0.0248,-0.0209,-0.0102,-0.0425,-0.0489,0.1427,-0.0637,0.0114,-0.0127,0.0005,0.0002,0.0865,-0.0213,0.0177,-0.0323,-0.0795,0.0226,-0.0309,-0.2545,-0.0288,0.2408,-0.2422,0.2338,0.0815,0.127,-0.0773,-0.0272,-0.0313,0.5779,0.4505,0.1085,-0.0857,-0.0311,-0.1167,0.2543,0.2945,0.0529,-0.3037,0.3497,-0.2345,-0.2232,0.3508,-0.2164,-0.3091,0.2223,-0.1481,-0.2893,0.2224,-0.1616,0.3097,0.0438,0.4701,-0.1884,-0.0319,-0.021,-0.2999,0.0148,0.2968,0.3078,-0.0015,-0.3031,0.0268,0.2882,0.3098,-0.3473,0.0066,0.3618,0.3378,-0.1587,-0.0117,-0.0042,-0.0403,0.0519,0.1603,-0.0412,-0.0155,-0.005,-0.0273,0.0341,-0.0809,0.0216,-0.0048,0.0771,0.0077,-0.3642,-0.2144,0.0088,0.4984,0.2535,0.0303,0.0214,0.0026,0.4505,0.611,1.0,0.2825,0.2197,0.043,0.1197,-0.0215,0.0437,0.2723,0.3709,-0.0028,0.0131,0.0139,0.0371,0.1956,0.0428,0.0394
vol_ratio20_at_choch__na,-0.327,-0.3086,0.0878,-0.0768,-0.0835,-0.0914,-0.0932,-0.0964,-0.0459,0.7509,-0.0229,-0.029,-0.0156,0.0868,0.0177,0.0246,0.0081,0.2381,0.2078,0.1934,0.1748,-0.0861,-0.2838,-0.2477,-0.32,0.2423,0.1579,0.0075,0.0275,0.0105,0.0298,-0.3209,0.0285,0.0141,-0.0002,0.1726,0.0064,-0.0455,0.0195,-0.008,-0.0041,-0.0043,-0.5731,-0.0956,0.1083,-0.0156,-0.0715,-0.0115,-0.0732,0.0228,-0.0154,0.0315,-0.3258,-0.3179,-0.316,-0.0291,-0.0104,0.0572,-0.0571,-0.1156,-0.063,-0.151,-0.016,0.5252,-0.1494,0.0266,0.0032,-0.0623,-0.1591,0.0026,0.4404,-0.1639,0.0367,0.042,0.002,0.0273,0.0,-0.025,0.031,0.2903,-0.0022,0.0191,0.0711,0.0554,-0.1744,0.268,-0.078,0.2541,0.2214,0.0155,-0.0735,-0.0485,-0.0086,-0.0734,0.0253,-0.0975,-0.0141,0.1079,0.0829,0.1036,-0.138,0.0566,-0.1671,-0.0548,-0.0569,0.1638,-0.0283,-0.0386,-0.0998,0.0752,0.0614,-0.0794,0.231,-0.3084,0.2849,0.1982,-0.2404,-0.0173,0.5197,-0.2496,-0.1175,0.0385,-0.0871,-0.0148,-0.0305,-0.0272,-0.0043,0.0476,0.0348,-0.009,0.0101,-0.0269,-0.0443,0.0622,-0.0016,-0.009,0.0126,0.0121,0.0065,-0.0205,-0.0062,0.0398,-0.0333,-0.1506,-0.089,0.0118,0.0471,0.5095,-0.0912,-0.0114,-0.0502,-0.11,0.1217,-0.0354,-0.0378,-0.0766,-0.0166,-0.036,-0.1002,0.0593,0.3465,-0.0181,-0.0128,-0.0308,0.0509,-0.0341,-0.0192,-0.0092,-0.0092,-0.0235,-0.0272,0.4303,-0.0333,-0.0311,-0.0075,-0.0119,-0.0053,0.088,-0.028,-0.002,-0.0107,-0.0525,-0.0364,0.0054,-0.1577,0.0166,0.0899,-0.0886,0.0878,0.0801,0.12,-0.0429,0.0125,0.0216,0.2206,0.1399,0.0912,-0.0703,-0.0572,-0.0294,-0.0022,0.046,0.0194,-0.183,0.2232,-0.1599,-0.1529,0.2178,-0.1579,-0.2617,0.2546,-0.1798,-0.2499,0.2552,-0.204,0.1428,0.0445,0.0919,-0.3146,-0.2007,0.0135,-0.148,0.0238,0.117,0.153,0.0106,-0.1465,0.014,0.1123,0.1282,-0.1415,0.0202,0.111,0.1394,-0.0228,0.0095,0.0088,-0.0224,0.0166,0.0195,-0.0072,-0.0301,0.047,-0.0299,0.0075,-0.2083,-0.0319,-0.1137,0.0525,-0.0617,-0.2478,-0.2549,-0.0119,0.4625,0.648,-0.0043,-0.0031,0.0059,0.5252,0.4404,0.2825,1.0,0.7519,0.0829,0.183,-0.0113,0.0954,0.1633,0.5197,0.0502,0.0398,0.0068,-0.0053,0.3887,-0.0061,-0.0075
vol_max_ratio20_choch_to_k__na,-0.2564,-0.236,-0.0463,-0.0603,-0.0652,-0.0687,-0.07,-0.0725,-0.0382,0.7309,-0.0172,-0.0202,-0.0123,-0.0486,0.0133,0.0404,-0.0062,0.2296,0.2288,0.1612,0.1491,-0.0647,-0.2275,-0.1894,-0.2482,0.1719,0.1402,0.0145,0.0267,0.0051,0.0219,-0.2484,0.0211,0.0111,0.0,0.0,-0.0025,0.0236,-0.0783,0.0386,0.0061,-0.0033,-0.5878,-0.024,0.0531,-0.0123,-0.0328,-0.0104,-0.0416,0.0109,0.001,-0.0003,-0.2528,-0.2389,-0.2499,0.0,0.0,0.0815,0.0,0.0,0.0,-0.1429,-0.012,0.4878,-0.1365,0.0,0.0,0.0,-0.1301,-0.0106,0.3597,-0.1319,0.0,0.0,0.0,0.0,0.0,0.0,0.0405,0.2338,-0.012,0.0227,0.0505,0.0421,-0.2076,0.2187,-0.0577,0.1999,0.1619,0.0122,-0.0509,-0.0347,-0.0182,-0.0759,0.0311,-0.0645,-0.0106,0.0024,0.0824,-0.0033,-0.0523,-0.0362,-0.1557,-0.0379,-0.0447,0.1482,-0.0455,-0.0273,-0.0394,0.0942,0.0841,-0.1001,0.1783,-0.2317,0.2139,0.1486,-0.1804,-0.0186,0.3895,-0.1877,-0.0874,0.0372,-0.0829,-0.0156,-0.0278,-0.0257,-0.0033,0.0058,0.0527,0.0148,-0.0016,-0.0214,-0.0296,0.0729,0.0127,-0.0182,0.01,0.0125,0.006,-0.0204,0.0023,0.0262,-0.0283,-0.1324,-0.0598,-0.0024,0.0096,0.432,-0.1122,-0.0046,-0.0393,-0.0968,0.1242,-0.0266,-0.061,-0.066,-0.0291,-0.0381,-0.1016,0.0613,0.3688,-0.0203,-0.0174,-0.0536,0.0684,-0.0256,-0.0145,-0.0069,-0.0069,-0.0177,-0.0204,0.4377,-0.0554,-0.0187,-0.0057,-0.0089,-0.004,0.041,-0.0211,-0.0082,0.0054,-0.0427,-0.0346,-0.0135,-0.1352,0.0028,0.0987,-0.0996,0.1001,0.0694,0.1216,-0.0381,-0.0014,0.0196,0.1886,0.134,0.0409,-0.0553,-0.0248,-0.0105,-0.0438,0.0066,0.0124,-0.1577,0.195,-0.1321,-0.1498,0.1872,-0.1404,-0.2197,0.2378,-0.1809,-0.2146,0.2333,-0.1887,0.1195,0.0226,0.1075,-0.2519,-0.175,0.0059,-0.0858,-0.0762,0.1683,0.12,-0.077,-0.086,-0.0768,0.1728,0.1382,-0.0882,-0.0769,0.1618,0.1166,-0.0277,-0.0772,-0.0767,0.0775,-0.0769,0.0016,0.0157,0.007,0.0456,-0.0048,0.0079,-0.1725,0.0391,-0.0724,0.0988,-0.0673,-0.1828,-0.1896,-0.0089,0.3524,0.867,-0.0033,-0.0023,0.002,0.4878,0.3597,0.2197,0.7519,1.0,0.0824,0.1401,-0.0025,0.0813,0.1478,0.3895,0.0393,0.0262,0.0157,-0.004,0.5234,-0.0046,-0.0057
dist_prot_dir_atr__na,-0.0155,-0.011,-0.0116,-0.0185,-0.0114,-0.0394,0.002,0.0187,-0.0014,0.1058,-0.0067,-0.0392,0.0135,-0.0504,-0.0329,-0.0021,0.0032,0.0008,0.0067,0.0015,-0.0041,-0.0287,-0.0427,-0.0451,-0.0454,0.0458,0.0174,-0.0133,0.0241,-0.0192,0.009,-0.0201,-0.0141,-0.0053,-0.01,0.0084,0.0048,0.029,-0.071,-0.0443,-0.0017,-0.0036,-0.0516,0.016,-0.0553,0.0135,0.0306,0.0268,0.0543,0.0104,0.0183,0.0189,-0.0061,-0.0039,-0.0115,0.0145,0.0083,-0.0382,0.0232,0.0002,-0.0221,-0.0215,0.0042,0.0696,-0.0193,0.0024,0.0117,-0.0075,0.0107,-0.0117,0.0513,-0.0467,-0.0037,-0.0123,-0.0197,0.0424,0.0264,0.016,-0.0294,0.0,0.0123,-0.0178,0.0499,0.0431,-0.0172,-0.0062,-0.0213,0.078,0.0094,-0.0136,0.0096,0.0131,-0.0163,-0.0172,-0.0028,0.0,-0.0117,-0.0328,1.0,-0.0036,-0.6234,0.0,-0.008,-0.0298,0.0092,0.0119,0.0163,0.0064,0.0213,0.0117,-0.0057,-0.0113,-0.0316,-0.0026,0.0075,0.0182,0.0022,0.0254,0.0476,-0.0298,-0.0031,-0.0025,0.025,0.0118,0.0158,0.005,0.0606,-0.0103,-0.0139,0.0202,-0.0153,-0.0179,-0.0004,0.02,0.0292,-0.0162,-0.0088,0.0013,-0.0047,0.0047,0.0156,-0.0057,-0.0099,0.0078,-0.0033,-0.0103,-0.0022,0.0801,-0.0323,-0.0086,0.0007,-0.0058,-0.0034,0.0031,0.0159,-0.0087,0.0281,-0.0304,0.0179,-0.0304,0.0566,0.0196,-0.007,0.0195,-0.0161,-0.0115,0.0132,-0.0076,-0.0076,0.0045,-0.0225,0.0655,-0.036,0.0348,-0.0062,-0.0099,-0.0044,-0.0049,-0.0233,0.0003,0.013,-0.0234,0.0185,0.006,0.0115,-0.0289,0.0182,-0.0191,0.0193,0.0246,0.0001,-0.0005,0.0006,-0.0216,0.0232,0.0277,0.0042,-0.0183,-0.0063,0.0059,0.0101,0.0206,0.0185,-0.016,0.0239,-0.0256,0.0035,0.0227,0.0004,-0.0331,0.0602,-0.0452,-0.0368,0.0632,-0.032,-0.0003,-0.0185,0.0218,0.0196,-0.0181,-0.0134,0.0314,-0.0685,0.0449,-0.005,-0.0688,0.0335,-0.0692,0.0481,0.0325,0.0106,-0.0704,0.0571,0.0011,-0.0216,-0.0682,-0.0681,0.0728,-0.0708,-0.0036,0.0151,-0.0037,-0.0,0.0002,0.0105,0.0078,0.0183,0.023,0.0285,-0.0301,-0.0369,-0.033,-0.0099,0.037,0.0883,-0.0036,-0.0025,-0.0158,0.0696,0.0513,0.043,0.0829,0.0824,1.0,0.0357,-0.0055,0.9919,0.0117,0.0476,-0.0007,-0.0057,-0.0102,-0.0044,0.0475,-0.0051,-0.0062
room_ahead_dist_atr__na,-0.1221,-0.118,0.0889,0.013,-0.0421,-0.0435,-0.0303,-0.0333,-0.0276,0.1669,-0.0051,0.0215,0.0731,0.0318,-0.0673,-0.0245,0.0422,0.1,0.095,0.0608,0.0416,-0.0291,-0.0973,-0.1021,-0.1386,0.0852,0.0539,-0.1029,0.0098,-0.0644,-0.0761,-0.1401,-0.0892,-0.0434,-0.0842,0.0878,0.0306,0.0157,0.0056,0.02,0.0156,0.0694,-0.1636,-0.0022,-0.0156,0.0699,-0.004,-0.002,0.001,-0.0147,0.0129,-0.0131,-0.1158,-0.1042,-0.1188,0.0364,0.0293,-0.0029,0.0161,-0.027,-0.0534,-0.0144,-0.0135,0.1474,-0.0686,0.0142,0.0042,-0.0288,-0.0235,0.0142,0.1316,-0.0748,0.0473,0.014,-0.0136,0.011,0.0239,0.0362,0.0155,0.0968,0.087,-0.0809,0.0073,0.0614,-0.0847,0.1036,-0.0345,0.0591,0.0821,-0.0732,-0.1549,-0.3525,-0.0699,0.0,0.0951,0.004,-0.0093,0.0663,0.0357,0.0694,-0.0751,0.0281,0.0578,0.0673,-0.0673,-0.0391,0.0133,-0.1316,-0.0396,0.0404,-0.0102,-0.0397,0.0484,-0.1055,0.0829,0.0435,-0.0776,-0.0618,0.1714,-0.1102,-0.008,-0.1089,0.097,0.0066,-0.0552,-0.0461,-0.0065,0.0033,0.1235,0.0838,-0.0446,-0.0586,-0.1133,0.2389,0.1271,-0.089,-0.0155,-0.0739,0.0914,-0.0411,-0.0689,0.1395,-0.0697,-0.0627,-0.0128,0.0319,-0.0285,0.1355,-0.0337,-0.0631,-0.1491,-0.045,0.1604,0.0191,0.022,-0.1723,0.0017,-0.0722,-0.1202,0.1728,0.0035,-0.0403,-0.0273,0.0566,-0.0289,0.0087,-0.0287,-0.0137,-0.0137,-0.0351,-0.0405,0.1564,-0.02,0.0495,-0.0112,-0.0039,-0.0079,-0.0245,-0.0418,-0.1038,0.1178,-0.2186,0.0485,-0.0237,-0.0648,-0.1193,0.2206,-0.2184,0.206,0.1032,-0.0191,-0.2624,0.0406,-0.0854,0.1025,0.0692,0.1493,0.064,-0.0171,-0.0347,0.0555,0.0512,0.0253,-0.0326,0.0338,-0.0194,-0.0262,0.0301,-0.0111,-0.0919,0.0498,-0.0531,-0.0851,0.0493,-0.0636,0.0532,0.0241,0.0716,-0.0856,-0.0763,-0.0827,-0.0559,-0.0002,0.0622,0.0455,-0.0075,-0.0568,0.0056,0.0567,0.0694,-0.0534,-0.0012,0.0584,0.0519,-0.0044,-0.0036,-0.0093,-0.0086,0.0083,0.02,0.0193,-0.0144,0.0193,-0.0152,0.0496,-0.0297,0.0161,-0.0142,0.0458,0.0017,-0.1634,-0.0894,0.0655,0.1779,0.156,0.0694,0.0491,0.0416,0.1474,0.1316,0.1197,0.183,0.1401,0.0357,1.0,-0.0178,0.0442,-0.0351,0.1714,0.1491,0.1395,0.0757,0.085,0.1076,0.0982,0.0983
room_behind_dist_atr__na,-0.0053,-0.0073,0.0212,0.0014,-0.0103,-0.0027,0.0182,-0.0124,-0.0086,-0.0122,0.0071,0.0188,-0.0013,0.0124,0.0093,0.0215,0.0216,-0.0377,-0.0486,-0.0231,-0.0311,-0.0195,-0.0042,-0.0204,-0.0001,-0.0352,-0.034,0.0212,-0.0368,-0.0071,-0.0061,-0.0124,0.0253,-0.031,-0.0105,-0.0375,0.0172,-0.0215,0.0072,-0.0219,-0.0031,0.1969,0.0055,-0.0197,0.0249,-0.0013,-0.0311,0.0199,-0.0028,0.0064,0.0039,-0.0011,-0.0006,0.0135,-0.0105,-0.0571,-0.0481,-0.0123,-0.0498,-0.0271,0.0377,0.0186,-0.0084,0.0175,-0.0275,-0.0146,-0.0148,0.0348,-0.0011,-0.0074,0.0065,-0.0026,-0.0213,-0.0328,0.022,0.0031,-0.0027,-0.0356,0.0002,-0.008,-0.0148,0.0034,-0.012,-0.0203,0.0262,-0.0143,-0.0054,0.0086,-0.0215,0.0012,-0.0878,0.1273,-0.0055,0.0049,0.0,-0.0109,-0.0074,0.0132,-0.0055,-0.0023,-0.0039,0.0098,-0.0627,-0.0109,-0.0008,0.0484,-0.0391,0.0894,-0.011,-0.0232,-0.0036,0.0234,0.0189,0.0199,-0.0307,-0.0284,-0.0003,0.0211,-0.0102,0.0323,-0.0279,0.0,0.0,0.0,-0.0195,-0.018,-0.0023,-0.073,0.3712,-0.0714,-0.0157,-0.0206,-0.0399,0.0,-0.0507,0.0825,-0.0518,-0.0493,0.0771,-0.048,-0.076,0.1542,-0.0772,0.044,0.0,-0.0539,-0.0358,-0.0145,-0.0697,0.0,-0.1788,0.0,0.1536,-0.0186,-0.0427,-0.1089,-0.0251,-0.0266,-0.1354,0.1797,-0.0118,-0.0142,-0.0121,-0.0375,0.0478,-0.0179,-0.0101,-0.0048,-0.0048,-0.0124,0.0343,-0.0108,-0.0447,0.0489,-0.004,-0.0063,-0.0028,-0.0114,-0.0147,-0.0366,0.0431,-0.0782,-0.047,0.0,0.0,0.0,0.0,0.0,0.0,0.0,0.0,-0.0942,0.0271,-0.0086,-0.0466,-0.0498,-0.0285,0.0373,-0.0108,-0.0001,-0.0208,-0.0208,-0.0471,0.0231,-0.0355,0.0273,0.0024,-0.0322,0.0302,0.0245,-0.0356,0.0362,0.0161,-0.0359,0.0164,-0.0167,0.0196,-0.0544,0.0126,-0.0121,-0.0035,-0.0019,0.006,-0.0001,-0.0084,0.0054,0.0004,0.0072,-0.0028,-0.004,0.0098,0.0056,-0.0121,-0.0182,-0.0038,0.0084,0.0068,-0.0065,0.007,-0.0033,-0.0197,0.022,0.0192,0.0353,-0.007,0.0201,0.0162,-0.0122,-0.0167,0.0063,0.0437,-0.016,0.0666,0.0105,-0.0068,0.1969,0.1392,0.0359,0.0175,0.0065,-0.0215,-0.0113,-0.0025,-0.0055,-0.0178,1.0,-0.0058,0.0596,-0.0102,0.1788,0.1542,0.0641,0.1599,0.001,0.1377,0.1111
touch_prot_bars_ago__na,-0.0138,-0.0095,-0.0124,-0.0194,-0.0087,-0.0403,0.0007,0.0173,0.0037,0.1045,-0.0069,-0.0399,0.0135,-0.0451,-0.0324,-0.0027,0.0024,0.0048,0.0105,0.004,-0.0017,-0.025,-0.0395,-0.0419,-0.0443,0.0501,0.0182,-0.0145,0.024,-0.0187,0.0078,-0.0188,-0.0138,-0.0052,-0.0099,0.0122,0.0037,0.0252,-0.0643,-0.0456,-0.0016,-0.0036,-0.0506,0.0123,-0.0504,0.0135,0.0255,0.0218,0.0491,0.0134,0.0136,0.0204,-0.0062,-0.008,-0.0096,0.0178,0.0126,-0.0336,0.0266,0.0028,-0.0255,-0.0211,0.004,0.0682,-0.0189,0.0044,0.0124,-0.0098,0.0111,0.0079,0.0498,-0.0486,-0.0044,-0.0084,-0.0208,0.0429,0.0264,0.0204,-0.0283,0.0369,0.0119,-0.0174,0.0516,0.0459,-0.0211,-0.0015,-0.0208,0.0821,0.014,-0.0135,0.0126,0.0085,-0.0162,-0.0172,0.0015,-0.0375,-0.0118,-0.0331,0.9919,0.1237,-0.6286,0.0,-0.0062,-0.0292,0.0079,0.0106,0.0179,0.0055,0.021,0.0137,-0.0057,-0.0133,-0.0301,-0.0067,0.0112,0.0207,-0.001,0.0254,0.0542,-0.0329,-0.0048,-0.0025,0.025,0.0118,0.0152,0.0045,0.06,-0.0068,-0.0146,0.0183,-0.0156,-0.0183,-0.0014,0.02,0.0277,-0.014,-0.01,0.0,-0.0027,0.0034,0.0136,-0.0018,-0.0118,0.0055,-0.0033,-0.0082,-0.0001,0.0792,-0.0285,-0.0086,-0.0037,-0.0058,-0.0053,0.0026,0.0226,-0.0114,0.0273,-0.0308,0.0199,-0.0317,0.0558,0.0191,-0.0072,0.0271,-0.022,-0.0119,0.0129,-0.0077,-0.0077,0.0041,-0.0227,0.0647,-0.0368,0.0362,-0.0063,-0.01,-0.0044,-0.0051,-0.0235,-0.0007,0.014,-0.0252,0.0171,0.006,0.0115,-0.0289,0.0182,-0.0191,0.0193,0.0246,0.0001,-0.0029,-0.0001,-0.0214,0.0271,0.0315,0.0082,-0.0218,-0.0067,0.0034,0.0125,0.0233,0.0186,-0.0199,0.0272,-0.029,0.001,0.0255,-0.0003,-0.0341,0.0607,-0.0454,-0.0365,0.0636,-0.0316,0.0014,-0.0173,0.0248,0.0166,-0.0151,-0.0125,0.0271,-0.0635,0.0452,-0.0015,-0.0638,0.0291,-0.0647,0.0473,0.0314,0.0063,-0.0654,0.0566,0.0041,-0.0206,-0.064,-0.0631,0.0664,-0.0653,-0.0036,0.0112,-0.0058,0.0017,-0.0011,0.0139,0.0058,0.0157,0.0232,0.0286,-0.0277,-0.0394,-0.0323,-0.01,0.0355,0.0872,-0.0036,-0.0026,-0.0159,0.0682,0.0498,0.0437,0.0954,0.0813,0.9919,0.0442,-0.0058,1.0,0.0104,0.0542,0.0037,-0.0018,-0.0103,-0.0044,0.0468,-0.0051,-0.0063
touch_room_bars_ago__na,-0.0651,-0.0566,0.0385,-0.0329,-0.0582,-0.0456,0.0269,-0.0367,0.026,0.193,-0.0227,0.001,0.0149,-0.0138,-0.102,-0.0077,-0.0038,0.2076,0.2408,0.0698,0.0721,-0.0141,-0.0841,-0.082,-0.1293,0.2582,0.1998,-0.0263,0.2141,-0.014,0.0195,-0.0994,0.0204,0.0114,-0.0009,0.2268,-0.0013,-0.0285,0.0181,0.0065,-0.0197,0.0474,-0.1445,-0.0446,0.1016,0.0137,-0.0819,-0.0903,-0.094,-0.0427,-0.0605,-0.0007,-0.0849,-0.1236,-0.0629,0.2809,0.2834,0.0404,0.2529,0.1746,-0.2687,-0.0206,-0.0349,0.1428,-0.0564,0.1597,0.1682,-0.2377,-0.0158,-0.0044,0.0939,-0.0524,0.1616,-0.0468,0.0248,0.0973,0.2225,0.2714,0.053,0.2718,0.0075,-0.0181,0.0558,0.0587,-0.262,0.3049,-0.0677,0.1413,0.2242,-0.0151,-0.0316,0.3056,-0.0163,-0.1121,0.1749,0.0728,-0.0132,0.0563,0.0117,-0.0095,-0.0445,0.0602,-0.649,-0.3824,-0.2088,0.9984,-0.2453,0.0,-0.2034,0.168,0.021,-0.1696,0.0834,-0.1307,0.1261,0.0956,-0.0993,-0.003,0.1988,-0.1231,-0.0145,0.1185,-0.0751,0.0104,-0.0154,-0.071,-0.0095,0.0821,0.1217,-0.0749,0.0064,-0.0499,-0.0417,0.019,-0.0167,0.0476,-0.0424,-0.0085,0.0066,0.0003,-0.0403,0.085,-0.0441,-0.1623,-0.1004,0.052,0.0491,0.1226,0.0493,0.0544,-0.1064,-0.0653,0.0537,-0.0089,0.0533,-0.084,0.0106,0.0859,-0.0929,0.0207,0.1511,-0.003,-0.045,0.0733,-0.0452,-0.0036,-0.0032,-0.0067,-0.0201,-0.0513,-0.0593,0.0834,-0.0492,0.0095,0.0,0.0052,-0.0116,0.0569,0.0105,0.0362,-0.0532,-0.0228,-0.085,-0.0227,-0.0514,-0.026,0.1018,-0.1037,0.103,0.0044,0.147,-0.0125,-0.004,-0.011,0.326,0.3283,0.2088,-0.1616,0.0198,-0.1354,0.2701,0.2744,0.0251,-0.1891,0.2076,-0.1364,-0.1491,0.2136,-0.1149,-0.1802,0.1718,-0.108,-0.1379,0.1684,-0.0967,0.2137,0.1069,0.3098,-0.1463,0.0557,-0.0131,-0.2292,0.0097,0.2333,0.2273,0.0055,-0.2321,0.0154,0.2259,0.2044,-0.2506,0.0014,0.2724,0.2538,-0.1318,-0.0114,0.0004,-0.0324,0.0454,0.1277,-0.0475,0.0201,0.0071,-0.0144,0.0481,-0.1508,-0.0759,-0.0057,0.0419,0.043,-0.4655,0.0779,-0.0052,0.1255,0.18,0.0474,0.0335,-0.0218,0.1428,0.0939,0.2723,0.1633,0.1478,0.0117,-0.0351,0.0596,0.0104,1.0,0.1988,0.1064,0.085,-0.0067,0.0349,0.163,0.0269,0.0165
last_closed_net_asof__na,-0.4473,-0.4364,0.3808,-0.0056,-0.0836,-0.133,-0.1368,-0.1455,-0.0786,0.5285,-0.0372,-0.0082,0.0217,0.0639,-0.2237,0.0047,-0.0142,0.2502,0.134,0.2691,0.258,0.0552,-0.1746,-0.2282,-0.3825,0.1907,0.2235,-0.0355,0.0487,-0.0159,0.0099,-0.4319,-0.0208,0.0117,-0.0527,0.3377,-0.0164,-0.0949,0.0538,-0.0166,-0.0017,0.0233,-0.4919,-0.1378,0.2148,0.0177,-0.2169,-0.1499,-0.2562,-0.0158,-0.2186,0.0333,-0.4964,-0.557,-0.4251,-0.0202,0.007,0.0272,-0.0787,-0.1237,-0.0803,-0.1589,-0.0302,0.5699,-0.165,0.0769,0.0059,-0.1198,-0.1789,-0.0168,0.5239,-0.2027,0.0652,0.0305,-0.0155,0.0048,-0.0105,-0.0354,0.0207,0.2001,0.023,-0.0196,0.0142,0.0229,-0.1279,0.1845,-0.1051,0.1214,0.234,-0.0205,-0.0673,-0.0541,-0.0183,-0.0596,0.0173,-0.1206,-0.0266,0.1013,0.0476,0.0549,-0.1027,0.0439,-0.2293,-0.0708,-0.0812,0.1977,-0.0188,-0.041,-0.2256,0.056,0.027,-0.0579,0.1368,-0.5847,0.541,0.3779,-0.4607,0.0,1.0,-0.471,-0.2362,-0.054,-0.07,-0.0258,-0.047,0.0012,-0.0082,0.0779,0.043,-0.0035,-0.0237,-0.0524,-0.0796,0.093,0.0433,-0.0376,0.0038,-0.0302,0.0578,-0.0428,-0.0231,0.0763,-0.0526,-0.2038,-0.1518,0.0454,0.0507,0.3378,-0.0136,-0.0262,-0.0624,-0.0886,0.1159,-0.0667,0.0028,-0.0885,-0.0173,-0.0068,-0.1086,0.0742,0.278,-0.0303,0.0104,0.0095,0.0275,-0.0643,-0.022,-0.0174,-0.0174,-0.0031,-0.0256,0.2519,0.0172,-0.0506,0.004,0.0352,-0.01,0.0745,-0.0181,-0.0019,-0.0194,-0.0768,-0.0211,-0.0046,-0.2394,-0.0232,0.1371,-0.1372,0.1322,0.1184,0.092,-0.0817,-0.0137,-0.018,0.2974,0.1349,0.217,-0.0903,-0.0359,-0.0421,0.1247,0.1286,0.0133,-0.2325,0.2145,-0.1726,-0.2083,0.2157,-0.2036,-0.3035,0.1542,-0.113,-0.3183,0.1606,-0.1824,0.1837,0.022,0.0741,-0.4321,-0.014,-0.0294,-0.2252,0.0595,0.1673,0.2062,0.0363,-0.223,0.0521,0.1545,0.1761,-0.2065,0.0515,0.1546,0.183,-0.0846,0.0335,0.0345,-0.0682,0.0614,0.0592,-0.0808,0.0161,0.0815,-0.0493,0.0709,-0.2891,-0.155,-0.2085,-0.0906,-0.0052,-0.3088,-0.2499,-0.0109,0.6003,0.4518,0.0233,0.0388,0.0005,0.5699,0.5239,0.3709,0.5197,0.3895,0.0476,0.1714,-0.0102,0.0542,0.1988,1.0,0.0624,0.0763,-0.0009,0.0157,0.3546,0.0107,0.004
card_visit_n__na,-0.0305,-0.0287,0.0256,-0.0111,-0.0128,0.0098,-0.0002,-0.0355,0.0095,0.0422,0.0063,0.0116,0.0056,0.0567,-0.0013,0.0213,0.0112,0.0094,0.0022,0.0148,0.0094,0.0065,-0.002,-0.0237,-0.0355,-0.0289,-0.0356,-0.0159,-0.0552,-0.0179,0.0207,-0.0351,0.0253,-0.0084,0.0125,0.0232,-0.0008,-0.031,0.0025,0.0002,-0.0063,0.0352,-0.0345,-0.0319,0.0845,0.0076,-0.0933,-0.0324,-0.0768,0.028,-0.0527,0.0358,-0.0362,-0.0622,-0.0165,-0.0213,-0.0035,0.029,0.0029,-0.0079,-0.0252,-0.0022,0.0185,0.0387,-0.0231,0.02,-0.0157,0.0059,-0.012,0.0105,0.0165,-0.0016,-0.0097,-0.0173,0.0118,-0.0304,0.055,0.0129,0.0275,0.0539,0.0035,0.0083,0.0415,0.0425,0.0208,-0.0004,-0.022,0.0217,-0.036,-0.0059,-0.0562,0.0068,-0.0134,0.0253,0.4526,-0.0198,-0.0043,0.0395,-0.0007,0.0352,-0.0302,0.0874,-0.0745,0.0159,-0.0215,0.1045,-0.093,0.1174,-0.1041,-0.0414,-0.005,0.0418,0.0428,-0.0574,0.0514,0.0327,-0.0621,0.0249,0.0624,-0.0155,-0.0301,0.0,0.0,0.0,-0.1089,-0.1006,-0.0128,0.4346,0.4513,-0.399,-0.0879,-0.1155,-0.2232,0.0,-0.2836,0.4612,-0.2898,-0.2755,0.431,-0.2683,-0.425,0.8621,-0.4317,-0.0159,0.0,0.2385,0.2974,0.0847,0.4154,0.0,-1.0,0.0,0.4152,0.0324,0.3028,-0.6087,0.0324,-0.149,-0.3293,0.4281,0.0089,-0.0793,-0.0679,0.3989,-0.2943,0.0191,-0.0566,-0.0271,-0.0271,-0.0692,0.0371,0.0786,0.2112,-0.0848,-0.0221,-0.035,-0.0156,-0.0635,-0.0825,-0.2046,0.2412,-0.4373,-0.2628,0.0,0.0,0.0,0.0,0.0,0.0,0.0,0.0,-0.5266,0.0099,-0.0016,0.0202,-0.0075,0.0843,0.0003,-0.0061,0.052,-0.0176,-0.0491,-0.0232,-0.0103,-0.0321,-0.0079,0.0025,-0.0294,-0.0224,-0.0215,-0.0221,-0.0007,-0.0333,-0.0207,-0.0064,-0.0551,-0.0515,-0.0106,-0.0784,0.0249,-0.0028,-0.0268,0.0036,0.0193,0.0193,0.0069,-0.0257,-0.0056,0.0183,0.0024,0.0012,0.0058,-0.0197,-0.0016,0.0354,0.0072,0.0041,-0.0016,-0.0079,-0.0271,-0.0029,-0.0062,0.0278,-0.0225,0.0283,-0.089,-0.0727,-0.0624,-0.0436,0.0856,-0.0563,-0.0058,-0.0087,0.0518,0.035,0.0352,0.0249,0.016,0.0387,0.0165,-0.0028,0.0502,0.0393,-0.0007,0.1491,0.1788,0.0037,0.1064,0.0624,1.0,0.8621,-0.0022,0.0236,-0.0031,0.0159,0.0056
card_bars_since_reject__na,-0.06,-0.0592,0.0366,0.0282,-0.0091,0.0058,-0.0157,-0.0494,0.0009,0.031,-0.0001,0.0086,-0.0018,0.0437,-0.0066,0.0097,0.0117,0.0416,-0.0096,0.0807,0.0704,0.0803,0.0369,0.0287,-0.0318,-0.041,0.0107,-0.0046,-0.0548,-0.0082,0.0064,-0.0572,0.0132,-0.0138,0.0031,0.0461,0.0028,-0.0278,0.0011,0.0108,-0.0091,0.0304,-0.0381,-0.0276,0.0823,0.0001,-0.0947,-0.0354,-0.095,0.0156,-0.0818,0.0416,-0.0697,-0.1018,-0.0406,-0.0261,-0.0141,0.0533,-0.0195,-0.0151,-0.0088,-0.0062,0.0256,0.0266,-0.0132,0.007,-0.0238,-0.0025,-0.0109,0.0008,0.0347,-0.0146,-0.0016,-0.0025,0.0121,-0.0376,0.0281,-0.0078,0.047,0.0348,-0.0106,0.0149,0.0335,0.0266,0.0179,0.0002,-0.0097,-0.0017,-0.0075,0.0015,-0.0195,-0.0124,-0.0092,0.0357,0.3661,-0.0174,-0.0131,0.04,-0.0057,0.0304,-0.0246,0.0664,-0.0656,0.0235,-0.0468,0.0834,-0.06,0.0642,-0.1245,-0.0282,0.0052,0.0278,0.0296,-0.0985,0.0883,0.0532,-0.089,0.0121,0.0763,-0.016,-0.04,-0.313,-0.0282,-0.227,-0.1263,-0.0637,-0.0148,0.3835,0.3891,-0.3163,-0.0986,-0.1339,-0.2089,0.0772,-0.2248,0.3625,-0.226,-0.3006,0.4828,-0.3087,-0.4929,1.0,-0.5007,-0.0439,-0.1637,0.2041,0.2689,0.0801,0.365,-0.1768,-0.8621,-0.0747,0.3617,0.0363,0.2719,-0.5386,0.0172,-0.1359,-0.2839,0.3823,-0.0016,-0.092,-0.0273,0.3543,-0.2675,0.0256,-0.0656,-0.0314,-0.0314,-0.0591,0.0542,0.0705,0.1834,-0.0723,-0.0256,0.0255,-0.0181,-0.0599,-0.0956,-0.1713,0.2063,-0.4096,-0.2031,0.008,-0.1486,0.0185,0.0888,-0.0901,0.0892,0.1127,0.0,-0.4843,0.0119,0.0098,0.0349,-0.0163,0.1075,-0.0021,0.0164,0.0373,-0.0019,-0.0343,-0.0383,-0.0101,-0.0,-0.0195,-0.0056,0.0001,-0.0268,-0.0208,-0.0247,0.0152,-0.0367,-0.0226,-0.0123,-0.0207,-0.0413,-0.0171,-0.0866,0.0668,-0.0019,-0.0324,0.0035,0.0316,0.0231,0.0045,-0.0314,-0.0046,0.0293,0.014,-0.0038,0.0038,-0.0056,0.0013,0.0264,0.0028,0.0034,-0.003,-0.0047,-0.0164,-0.0036,0.0191,0.0262,-0.0045,0.0099,-0.1254,-0.1161,-0.0874,-0.0685,0.0716,-0.0393,-0.0208,0.0007,0.0709,0.0262,0.0304,0.0215,0.0184,0.0266,0.0347,0.0131,0.0398,0.0262,-0.0057,0.1395,0.1542,-0.0018,0.085,0.0763,0.8621,1.0,0.006,0.0372,-0.0067,0.027,0.0135
ffd_close_dstar__na,-0.0055,-0.0055,0.0092,0.0096,-0.0045,-0.0066,-0.0273,0.0204,0.0012,0.006,-0.0067,0.0732,-0.007,-0.0263,0.0052,0.0819,-0.0642,0.0095,-0.0113,0.0258,0.0495,0.0161,-0.0061,-0.0104,-0.035,-0.0204,0.023,0.0175,0.009,0.0077,-0.0119,-0.049,0.0355,0.0121,0.0299,-0.0214,-0.1036,0.0055,-0.0108,-0.006,-0.0057,0.353,-0.0048,0.0067,-0.0217,-0.007,0.0004,-0.0046,0.0164,-0.0206,0.0068,-0.0462,-0.0022,0.0218,-0.0236,-0.0121,-0.0095,0.0,-0.0292,-0.03,0.0225,-0.0256,-0.0047,0.0203,0.0148,-0.02,0.0008,0.002,-0.0127,-0.0041,0.0262,-0.0059,0.0142,-0.0319,0.0139,-0.0314,-0.0225,-0.0259,-0.0239,-0.0244,-0.0203,0.0113,-0.0021,-0.0148,-0.0062,-0.0174,0.0169,-0.0208,-0.001,0.007,-0.1007,-0.0212,0.0155,-0.0273,-0.0021,-0.003,-0.0041,-0.0116,-0.0102,-0.0013,0.0164,-0.0281,0.0337,0.017,-0.0183,-0.0268,0.0026,-0.025,0.0178,0.009,-0.002,-0.0089,-0.0187,0.0253,-0.024,-0.0231,-0.0116,0.0149,-0.0009,0.0186,-0.0199,-0.0451,0.0064,-0.0039,0.0106,-0.01,-0.0013,-0.0172,0.0134,0.0091,0.0175,0.0088,-0.0108,0.0101,0.0009,-0.0084,0.0095,-0.0275,0.0113,0.0136,-0.0026,0.006,-0.0034,-0.0137,0.023,-0.0113,-0.0098,0.0204,-0.0229,-0.0382,0.0022,-0.0039,0.0218,0.012,-0.0129,-0.0157,-0.014,-0.0149,-0.0139,0.034,-0.0066,0.0211,-0.0068,-0.0209,0.0065,0.0132,-0.0056,-0.0027,-0.0027,-0.0069,0.0208,0.0319,-0.0037,0.001,-0.0022,-0.0035,-0.0016,-0.0063,-0.0082,-0.0081,0.0132,-0.02,0.0045,-0.0487,-0.0323,0.0137,0.0185,-0.0173,0.0087,-0.0017,-0.0098,-0.0147,0.0,0.0,0.0,0.0,-0.0132,-0.0325,0.013,-0.0262,-0.0197,-0.0091,0.0065,0.0013,0.0361,-0.0191,-0.006,0.0354,0.0264,0.031,-0.0174,0.0491,0.0249,-0.0166,0.0519,0.0239,0.0093,-0.0049,0.0114,-0.0021,0.0135,0.0094,-0.0121,0.0122,-0.0167,-0.0135,0.0088,-0.0101,0.0133,0.005,0.0061,-0.0119,0.0129,-0.0122,0.0079,-0.0133,-0.0135,0.0075,-0.007,0.0079,-0.0025,-0.0275,-0.0191,-0.0266,-0.0015,0.0724,0.0219,0.0574,0.0203,-0.0135,0.0157,-0.0147,0.9681,0.0147,0.0112,0.353,0.2496,0.6473,0.0203,0.0262,0.0139,0.0068,0.0157,-0.0102,0.0757,0.0641,-0.0103,-0.0067,-0.0009,-0.0022,0.006,1.0,0.4324,0.0197,0.4993,0.6117
bsadf_close__na,-0.036,-0.0359,0.055,0.0153,-0.011,-0.0116,-0.0118,-0.0122,-0.0064,-0.0055,-0.0029,0.0362,-0.0085,-0.0264,0.0022,0.0357,-0.0282,0.0175,-0.0127,0.0327,0.0371,0.0249,-0.0099,-0.0113,-0.0351,-0.0217,-0.001,0.021,-0.033,0.0222,-0.0175,-0.0359,0.003,0.0,0.0,-0.0197,-0.0449,0.0051,-0.0154,0.0072,-0.0079,0.8164,0.0035,0.0057,0.003,-0.0085,-0.034,-0.0337,-0.0254,-0.0441,-0.039,-0.0452,-0.0397,-0.0332,-0.0411,-0.0179,-0.0189,0.0,-0.0336,-0.0324,0.0124,-0.0067,-0.002,0.0521,-0.023,-0.024,-0.008,0.0,-0.022,-0.0018,0.0607,-0.0223,0.0,0.0,0.0,0.0,-0.0281,-0.0309,0.0,-0.0253,-0.0091,0.0046,-0.0029,-0.0035,0.0047,-0.0125,-0.044,-0.0119,-0.0023,0.0084,-0.0453,-0.0157,-0.0084,0.0,-0.0045,-0.0019,-0.0018,-0.005,-0.0044,-0.0006,0.0071,-0.0219,0.019,-0.0047,-0.0121,-0.0116,-0.0143,-0.0196,-0.0137,0.0028,-0.0009,-0.0027,-0.0196,-0.0286,0.0234,0.0106,-0.031,-0.0019,0.0157,0.0036,-0.0159,-0.0245,0.0046,-0.0252,-0.0047,-0.0043,-0.0006,-0.0207,0.0614,0.0016,-0.0038,-0.005,-0.0096,0.0097,-0.0122,0.002,0.0096,-0.0119,0.0186,-0.0116,-0.0183,0.0372,-0.0186,-0.0223,-0.0167,-0.013,-0.0125,-0.0035,-0.02,-0.0134,-0.0236,-0.0221,0.0186,-0.0045,-0.0103,-0.0089,-0.006,-0.0064,-0.0149,0.0246,-0.0029,-0.0034,-0.0029,-0.009,0.0115,-0.0043,-0.0024,-0.0012,-0.0012,-0.003,-0.0034,-0.0026,-0.0108,0.0153,-0.001,-0.0015,-0.0007,-0.0027,-0.0036,-0.0088,0.0104,-0.0189,0.0123,-0.0127,-0.0181,0.0257,0.0204,-0.0202,0.0182,0.0181,0.0,-0.0227,0.0,0.0,0.0,0.0,0.0,0.0,-0.0418,0.0087,-0.0158,-0.0155,0.0029,-0.0206,0.0258,0.0,-0.0327,0.0276,0.0,-0.0257,0.0063,-0.0005,-0.0332,0.01,-0.0214,0.0019,0.0026,-0.0094,-0.0306,0.0063,-0.0183,0.0115,-0.0153,0.0094,-0.0206,-0.0153,0.012,-0.0153,0.0097,-0.0089,0.0149,-0.0153,0.0027,-0.0219,0.0013,-0.0153,-0.0153,0.0153,-0.0153,0.0003,0.0011,-0.0,0.0037,-0.0124,0.0112,0.0,0.0,0.0,0.0,0.0142,0.0141,-0.0411,0.4466,0.0595,-0.0046,0.8164,0.5772,0.2799,0.0521,0.0607,0.0371,-0.0053,-0.004,-0.0044,0.085,0.1599,-0.0044,0.0349,0.0157,0.0236,0.0372,0.4324,1.0,-0.0036,0.8659,0.7069
csw_max_abs__na,-0.2329,-0.21,-0.0412,-0.0536,-0.058,-0.0612,-0.0623,-0.0645,-0.034,0.6506,-0.0153,-0.0106,-0.0223,-0.0552,-0.6309,0.0151,0.0029,0.1953,0.2009,0.1228,0.1146,-0.1118,-0.2191,-0.1956,-0.2259,0.1814,0.1729,0.0233,0.1209,0.0178,0.0279,-0.2259,0.0388,0.0273,0.0,0.0,0.0047,-0.0173,-0.0166,0.0047,0.0175,-0.0029,-0.4779,-0.08,0.054,-0.029,-0.0148,0.0236,-0.017,0.002,0.0139,0.0113,-0.2288,-0.222,-0.2209,0.0,0.0,0.0324,0.0,0.0,0.0,-0.1272,-0.0107,0.4342,-0.1215,0.0,0.0,0.0,-0.1158,-0.0094,0.3201,-0.1174,0.0,0.0,0.0,0.0,0.0488,0.0317,0.0259,0.1841,-0.043,0.0378,0.0425,0.0272,-0.2113,0.2052,-0.0412,0.0387,0.1597,0.0223,-0.0614,-0.0312,-0.0022,-0.0408,0.0115,-0.0269,-0.0094,0.0723,0.0475,-0.0029,-0.0811,-0.0084,-0.1379,-0.0394,-0.0292,0.1634,-0.0712,0.0136,-0.0076,0.0982,0.0952,-0.1048,0.1031,-0.2073,0.1919,0.134,-0.1634,0.0,0.3546,-0.167,-0.0838,0.0275,-0.0087,-0.0112,-0.0248,-0.0229,-0.0029,-0.0443,0.042,0.0797,0.0034,-0.0263,-0.0405,0.0976,0.0438,-0.075,0.0494,0.0212,-0.0219,0.0063,0.0167,-0.0067,-0.01,-0.1178,-0.0095,-0.0519,-0.0022,0.222,-0.1054,0.0195,0.0031,-0.0394,0.1172,-0.0237,-0.0543,-0.065,-0.0319,-0.0339,-0.0969,0.0161,0.5241,-0.0181,-0.0155,-0.0477,0.0609,-0.0228,-0.0129,-0.0062,-0.0062,-0.0157,-0.0182,0.1721,-0.0568,0.0387,-0.005,-0.008,-0.0036,0.0496,-0.0188,-0.0301,0.021,-0.0644,-0.0052,-0.0076,-0.1128,0.0029,0.1562,-0.1572,0.1576,0.1145,0.0621,-0.0389,0.0105,0.0371,0.1992,0.1756,0.0249,-0.0466,-0.0393,-0.0169,0.0,0.0,0.0,-0.1431,0.1454,-0.1303,-0.0993,0.1387,-0.1185,-0.2002,0.2057,-0.1887,-0.1772,0.2017,-0.1738,0.1252,-0.0038,0.1595,-0.2304,-0.191,0.0102,-0.1419,-0.0318,0.1907,0.1758,-0.0299,-0.1415,-0.0228,0.1856,0.1831,-0.1489,-0.0322,0.1919,0.1748,-0.0692,-0.0317,-0.0319,0.0049,-0.0021,0.0567,-0.0431,0.016,0.0325,-0.0095,0.0167,-0.1194,0.0948,-0.0204,0.0876,-0.0624,-0.1254,0.0,-0.008,0.3137,0.7717,-0.0029,-0.0021,0.0054,0.4342,0.3201,0.1956,0.3887,0.5234,0.0475,0.1076,0.001,0.0468,0.163,0.3546,-0.0031,-0.0067,0.0197,-0.0036,1.0,-0.0041,-0.005
bocpd_ret_h60_since_reset__na,-0.0399,-0.0392,0.0454,0.0324,-0.0127,-0.0134,-0.0136,-0.0141,-0.0074,-0.0063,-0.0034,0.0418,-0.0148,-0.0304,0.0026,0.0413,-0.0326,0.0239,-0.0031,0.034,0.0403,0.0252,-0.0107,-0.0118,-0.0382,-0.02,0.0067,0.0291,-0.0225,0.0257,-0.0195,-0.0398,0.0059,0.0,0.0129,-0.0244,-0.0519,0.0147,-0.0178,0.0179,0.0009,0.7069,0.005,0.0154,-0.0106,-0.0148,-0.0194,-0.0322,-0.0156,-0.0502,-0.0404,-0.0522,-0.0435,-0.0327,-0.0466,-0.0099,-0.0167,0.0,-0.027,-0.0325,-0.0038,-0.0128,-0.0023,0.0428,-0.0115,-0.0097,-0.0148,0.0,-0.0254,-0.0021,0.0701,-0.0257,0.0,0.0,0.0,0.0,-0.0289,-0.0242,0.0,-0.0164,-0.0184,0.0145,0.0051,-0.0038,-0.0035,-0.003,-0.0452,-0.0223,0.0065,0.0148,-0.0523,-0.0259,0.0002,0.0,0.0015,-0.0021,-0.0021,-0.0058,-0.0051,-0.0006,0.0082,-0.0206,0.0241,0.0047,-0.014,-0.0134,-0.0165,-0.0278,-0.0064,0.0083,-0.001,-0.0083,-0.0226,-0.0274,0.0209,0.0063,-0.0277,-0.0123,0.0107,-0.006,-0.0015,-0.0347,0.0159,-0.0096,-0.0054,-0.005,-0.0006,-0.024,0.0511,0.0127,-0.0044,-0.0058,-0.0111,0.0255,-0.0141,-0.0081,0.0239,-0.0137,0.0215,-0.0134,-0.0212,0.027,-0.0057,-0.0258,-0.0236,-0.015,-0.0145,-0.004,-0.0231,-0.0189,-0.0159,-0.0058,0.0268,-0.0052,-0.0119,-0.0153,-0.007,-0.0074,-0.0223,0.0342,-0.0033,-0.004,-0.0034,-0.0104,0.0133,-0.005,-0.0028,-0.0013,-0.0013,-0.0034,-0.004,-0.003,-0.0124,0.0177,-0.0011,-0.0017,-0.0008,-0.0032,-0.0041,-0.0102,0.012,-0.0218,0.0073,-0.0163,-0.0232,0.0379,0.032,-0.0319,0.03,0.0256,-0.0013,-0.0262,0.0,0.0,0.0,0.0,-0.0243,-0.0221,-0.0403,0.0008,-0.01,-0.0093,0.0034,-0.0208,0.0282,0.0,-0.0355,0.0295,0.0,-0.0249,-0.0009,0.0083,-0.0347,0.0022,-0.0189,0.0114,0.0079,-0.0018,-0.0237,0.0124,-0.0163,0.0101,-0.0176,0.0144,-0.0238,-0.0176,0.0098,-0.0176,0.0155,-0.0103,0.0111,-0.0176,0.0103,-0.0074,-0.0074,-0.0176,-0.0176,0.0176,-0.0176,0.0003,0.0097,0.006,-0.0076,-0.0143,0.0183,0.0258,0.0098,0.0,0.0,0.011,0.0116,-0.045,0.5158,0.0482,-0.0053,0.7069,0.4998,0.3232,0.0428,0.0701,0.0428,-0.0061,-0.0046,-0.0051,0.0982,0.1377,-0.0051,0.0269,0.0107,0.0159,0.027,0.4993,0.8659,-0.0041,1.0,0.8163
nn_dist_prefix_long__na,-0.043,-0.0422,0.0334,0.0397,0.0015,-0.0164,-0.0167,-0.0173,-0.0091,-0.0077,-0.0041,0.0512,-0.012,-0.0222,0.0032,0.0506,-0.0396,0.0233,-0.0027,0.0345,0.0442,0.0355,0.0073,-0.007,-0.0362,-0.0082,0.0174,0.0292,-0.0068,0.0252,-0.0136,-0.0433,0.0201,0.0,0.0364,-0.0074,-0.0635,0.0029,-0.0083,0.0051,-0.0111,0.5771,0.0071,0.0037,-0.0082,-0.012,-0.0172,-0.0249,-0.0022,-0.0407,-0.0345,-0.0636,-0.0452,-0.0263,-0.051,0.0029,-0.0048,0.0,-0.0153,-0.0213,-0.0077,-0.0218,-0.0029,0.0311,0.0044,-0.0137,-0.0073,-0.0095,-0.0186,-0.0025,0.052,-0.0191,0.0189,-0.0106,-0.0099,0.009,-0.0294,-0.0126,0.0,-0.0181,-0.0223,0.0154,0.0046,-0.0043,-0.0102,0.0046,-0.0225,-0.0212,0.0174,0.0119,-0.0635,-0.0233,0.0125,-0.0155,0.0054,0.0059,-0.0025,-0.0071,-0.0062,-0.0008,0.01,-0.0233,0.0242,0.0181,-0.0172,-0.0164,-0.0202,-0.0144,-0.014,0.0165,-0.0012,-0.0164,-0.0124,-0.0204,0.0132,-0.0018,-0.0242,-0.0052,0.004,0.0051,-0.0087,-0.0371,0.0095,-0.0101,-0.0066,-0.0061,-0.0008,-0.0293,0.0384,0.0288,-0.0054,-0.007,-0.0136,0.0361,-0.0014,-0.0226,0.0293,-0.0168,0.0263,-0.0164,-0.0129,0.0135,-0.0005,-0.0316,0.0016,-0.0184,-0.0177,-0.0049,-0.0283,-0.0267,-0.0056,-0.0082,0.0264,-0.0063,-0.0146,-0.0127,-0.0086,-0.0091,-0.0211,0.0348,-0.004,-0.0048,-0.0041,-0.0128,0.0163,-0.0061,-0.0035,-0.0017,-0.0017,-0.0042,-0.0049,-0.0037,-0.0152,0.0216,-0.0013,-0.0021,-0.001,-0.0039,-0.005,-0.0125,0.0147,-0.0267,0.0173,-0.0297,-0.0333,0.0291,0.0462,-0.0445,0.0397,0.011,-0.0152,-0.0321,0.0,0.0,0.0,0.0,0.0008,-0.0331,-0.0327,-0.0103,-0.005,-0.0024,0.0041,-0.027,0.0365,-0.025,-0.0365,0.0374,-0.0307,-0.0263,0.0048,-0.0011,-0.0279,0.0066,-0.0011,0.0232,0.0083,0.0101,-0.0068,0.0265,0.0004,0.0003,-0.0113,0.0239,-0.0141,-0.0112,0.0,-0.0112,0.0253,-0.0004,0.0014,-0.0114,0.0203,-0.0017,-0.0133,-0.0114,-0.0113,0.0045,-0.0045,0.0123,-0.0041,-0.005,-0.0149,-0.0349,0.0207,0.0445,0.0219,0.0,0.0,0.0075,0.0126,-0.0329,0.6318,0.034,-0.0065,0.5771,0.408,0.3959,0.0311,0.052,0.0394,-0.0075,-0.0057,-0.0062,0.0983,0.1111,-0.0063,0.0165,0.004,0.0056,0.0135,0.6117,0.7069,-0.005,0.8163,1.0
