i,t,side,level,formed,pivot1,pivot2,retests,squeeze_slope,pressure
44,2021-10-01 12:55:00,1,17486.15,38,32,37,2,1.4212121212122495,True
59,2021-10-01 14:10:00,1,17518.4,48,27,47,2,0.6936363636365971,True
69,2021-10-01 15:00:00,1,17537.55,64,60,63,1,1.657272727273017,True
150,2021-10-05 09:15:00,-1,17685.0,141,133,140,1,-1.7642424242419288,True
162,2021-10-05 10:15:00,1,17687.45,156,151,155,0,0.13818181818149067,False
191,2021-10-05 12:40:00,1,17724.0,132,128,131,0,2.0103030303034446,False
191,2021-10-05 12:40:00,1,17718.0,150,138,146,0,2.0103030303034446,False
191,2021-10-05 12:40:00,1,17700.0,179,162,178,3,2.0103030303034446,True
225,2021-10-06 09:15:00,1,17840.0,222,217,221,1,-0.6481818181818505,False
237,2021-10-06 10:15:00,-1,17810.6,233,225,232,1,-2.069090909090732,True
270,2021-10-06 13:00:00,-1,17791.05,269,248,268,0,-5.8569696969692835,False
272,2021-10-06 13:10:00,-1,17762.0,239,205,238,0,-8.430606060606191,False
285,2021-10-06 14:15:00,-1,17693.5,280,274,278,0,0.8878787878789085,False
291,2021-10-06 14:45:00,-1,17642.25,154,114,153,4,-12.948181818181316,True
300,2021-10-07 09:15:00,1,17758.8,284,276,283,0,6.253939393939388,False
326,2021-10-07 11:25:00,-1,17811.9,325,319,321,0,-0.4927272727262959,False
329,2021-10-07 11:40:00,1,17825.2,313,308,312,13,0.012424242424251507,True
329,2021-10-07 11:40:00,1,17833.05,319,304,317,0,0.012424242424251507,False
329,2021-10-07 11:40:00,1,17824.95,326,320,325,2,0.012424242424251507,True
332,2021-10-07 11:55:00,1,17865.0,264,227,263,0,4.319696969697789,False
363,2021-10-07 14:30:00,-1,17833.25,356,352,355,0,0.1621212121218699,False
371,2021-10-07 15:10:00,-1,17803.0,368,327,367,2,-4.3072727272724505,True
381,2021-10-08 09:45:00,1,17880.0,342,334,339,4,5.815454545454661,True
381,2021-10-08 09:45:00,1,17884.0,379,348,375,0,5.815454545454661,False
406,2021-10-08 11:50:00,-1,17895.05,405,401,404,0,0.775151515151441,False
435,2021-10-08 14:15:00,1,17918.5,401,396,400,5,2.656969696970153,True
435,2021-10-08 14:15:00,1,17920.0,406,402,405,0,2.656969696970153,False
506,2021-10-11 13:55:00,-1,18020.4,499,489,498,0,-0.09909090909094928,False
519,2021-10-11 15:00:00,-1,17986.0,484,470,483,0,-2.629999999999311,False
553,2021-10-12 11:35:00,-1,17885.65,526,444,525,6,0.053030303030946274,False
555,2021-10-12 11:45:00,-1,17882.0,545,541,544,3,-2.6284848484851824,True
566,2021-10-12 12:40:00,1,17919.5,549,546,548,3,2.1157575757569806,True
566,2021-10-12 12:40:00,1,17903.0,561,554,560,1,2.1157575757569806,True
597,2021-10-12 15:15:00,1,17995.55,592,585,591,1,2.163939393939372,True
621,2021-10-13 11:00:00,1,18124.75,613,607,612,6,2.037272727273163,True
675,2021-10-14 09:15:00,1,18200.65,665,662,664,0,2.489696969697039,False
714,2021-10-14 12:30:00,-1,18301.1,710,704,709,3,-1.4081818181819599,True
742,2021-10-14 14:50:00,1,18335.0,740,736,739,1,0.8857575757581164,True
768,2021-10-18 10:45:00,1,18495.0,767,764,766,0,2.5978787878790714,False
788,2021-10-18 12:25:00,1,18501.3,777,772,776,4,1.7945454545447974,True
789,2021-10-18 12:30:00,1,18509.55,786,769,785,1,1.935454545454959,True
825,2021-10-19 09:15:00,1,18520.95,820,814,819,0,1.4578787878785464,False
835,2021-10-19 10:05:00,-1,18477.0,768,765,767,8,-3.8496969696975487,True
835,2021-10-19 10:05:00,-1,18480.0,775,771,774,10,-3.8496969696975487,True
835,2021-10-19 10:05:00,-1,18482.0,825,783,823,0,-3.8496969696975487,False
850,2021-10-19 11:20:00,1,18544.7,848,844,846,1,3.9193939393941855,True
884,2021-10-19 14:10:00,-1,18522.0,849,845,848,1,-4.641515151514848,True
928,2021-10-20 11:35:00,-1,18394.65,920,906,919,3,1.7690909090904843,False
930,2021-10-20 11:45:00,-1,18385.05,929,921,928,0,-0.7063636363637311,False
933,2021-10-20 12:00:00,-1,18350.0,904,749,901,3,-7.986060606060108,True
952,2021-10-20 13:35:00,-1,18310.05,937,740,936,2,-4.761212121211888,True
952,2021-10-20 13:35:00,-1,18310.05,943,738,942,1,-4.761212121211888,True
960,2021-10-20 14:15:00,-1,18275.25,959,955,958,0,-3.325151515150993,False
975,2021-10-21 09:15:00,1,18328.95,971,953,970,2,6.206060606060707,True
988,2021-10-21 10:20:00,-1,18251.15,966,962,964,3,-5.558787878787559,True
1025,2021-10-21 13:25:00,-1,18139.1,1014,997,1013,3,-1.8721212121203716,True
1048,2021-10-21 15:20:00,1,18218.85,1045,1004,1044,1,5.598181818182055,True
1076,2021-10-22 11:25:00,-1,18238.05,1071,1058,1070,0,-1.1999999999996929,False
1094,2021-10-22 12:55:00,-1,18145.5,1086,1045,1085,5,0.08878787878882817,False
1094,2021-10-22 12:55:00,-1,18141.6,1092,1087,1091,0,0.08878787878882817,False
1131,2021-10-25 09:45:00,-1,18077.5,1099,1037,1098,11,-9.071212121211367,True
1131,2021-10-25 09:45:00,-1,18078.0,1107,1101,1106,9,-9.071212121211367,True
1158,2021-10-25 12:00:00,1,18187.0,1090,1086,1089,2,3.4554545454547387,True
1158,2021-10-25 12:00:00,1,18182.65,1153,1092,1151,1,3.4554545454547387,True
1184,2021-10-25 14:10:00,-1,18130.05,1164,1153,1163,0,-2.1793939393942092,False
1201,2021-10-26 09:20:00,1,18224.4,1126,1081,1125,2,6.310000000000546,True
1250,2021-10-26 13:25:00,1,18198.75,1246,1233,1245,1,5.391515151515032,True
1259,2021-10-26 14:10:00,1,18251.4,1258,1254,1257,0,4.558484848484563,False
1270,2021-10-26 15:05:00,1,18288.0,1211,1073,1209,0,1.364848484848876,False
1270,2021-10-26 15:05:00,1,18275.0,1269,1264,1268,0,1.364848484848876,False
1271,2021-10-26 15:10:00,1,18294.0,1065,1060,1064,2,2.8666666666667244,True
1291,2021-10-27 10:35:00,-1,18281.0,1281,1277,1280,3,-1.896060606060667,True
1301,2021-10-27 11:25:00,1,18323.4,1283,1278,1282,4,3.5178787878791953,True
1326,2021-10-27 13:30:00,1,18330.1,1322,1314,1320,1,1.262121212121905,True
1335,2021-10-27 14:15:00,-1,18296.55,1320,1311,1316,0,-0.6160606060601795,False
1337,2021-10-27 14:25:00,-1,18268.0,1292,1275,1291,2,-4.666969696969468,True
1367,2021-10-28 10:40:00,-1,18075.75,1357,1185,1356,5,-0.7936363636368177,True
1442,2021-10-29 10:40:00,1,17909.0,1438,1433,1437,1,7.487878787879577,True
1471,2021-10-29 13:05:00,-1,17802.9,1466,1435,1465,0,-1.1948484848481749,False
1500,2021-11-01 09:15:00,1,17814.0,1481,1476,1478,1,-3.358787878788198,False
1500,2021-11-01 09:15:00,1,17805.0,1494,1489,1492,0,-3.358787878788198,False
1540,2021-11-01 12:35:00,1,17854.95,1501,1467,1500,4,3.354545454546436,True
1552,2021-11-01 13:35:00,1,17944.0,1448,1445,1447,1,7.526969696970821,True
1562,2021-11-01 14:25:00,1,18015.0,1558,1554,1557,1,1.3503030303032135,True
1579,2021-11-02 09:35:00,-1,17982.25,1575,1555,1567,2,-1.203636363635964,True
1583,2021-11-02 09:55:00,-1,17971.05,1582,1559,1581,0,-6.190909090908435,False
1630,2021-11-02 13:50:00,1,17948.0,1625,1616,1624,2,1.4136363636366782,True
1650,2021-11-03 09:15:00,1,17979.7,1613,1608,1611,0,1.6318181818181794,False
1653,2021-11-03 09:30:00,1,17986.8,1603,1584,1602,3,10.136363636363827,True
1654,2021-11-03 09:35:00,1,17997.8,1583,1580,1582,3,11.205757575757636,True
1668,2021-11-03 10:45:00,-1,17984.1,1664,1661,1663,2,-0.4193939393935861,True
1674,2021-11-03 11:15:00,1,18004.75,1666,1662,1665,3,1.422121212121184,True
1695,2021-11-03 13:00:00,-1,17872.0,1693,1689,1692,0,-3.1409090909095303,False
1725,2021-11-08 09:15:00,1,17866.45,1724,1721,1723,0,11.846060606060716,False
1742,2021-11-08 10:40:00,1,17919.1,1741,1730,1740,0,3.3833333333338556,False
1758,2021-11-08 12:00:00,1,17975.0,1757,1749,1756,0,1.607878787879073,False
1759,2021-11-08 12:05:00,1,18012.0,1726,1674,1725,0,6.19303030302992,False
1764,2021-11-08 12:30:00,1,18038.0,1576,1564,1575,5,11.390606060606942,True
1778,2021-11-08 13:40:00,1,18113.9,1774,1771,1773,2,0.04909090909107815,True
1813,2021-11-09 10:20:00,-1,18077.65,1776,1772,1774,10,-6.479393939393211,True
1838,2021-11-09 12:25:00,-1,18052.15,1836,1824,1835,1,-3.583030303029788,True
1845,2021-11-09 13:00:00,1,18074.95,1844,1836,1843,0,2.073333333332793,False
1851,2021-11-09 13:30:00,-1,18054.0,1849,1844,1847,0,1.5121212121213061,False
1873,2021-11-09 15:20:00,1,18081.75,1864,1845,1861,0,4.1657575757581045,False
1875,2021-11-10 09:15:00,-1,18013.95,1855,1763,1854,2,0.6239393939398558,False
1912,2021-11-10 12:20:00,1,17973.5,1891,1885,1890,8,-0.17060606060560912,False
1912,2021-11-10 12:20:00,1,17975.4,1907,1899,1906,0,-0.17060606060560912,False
1952,2021-11-11 09:25:00,-1,17940.5,1896,1757,1893,0,-10.262727272726409,False
1952,2021-11-11 09:25:00,-1,17949.0,1909,1887,1907,2,-10.262727272726409,True
1953,2021-11-11 09:30:00,-1,17925.2,1882,1876,1881,0,-12.882424242423342,False
1959,2021-11-11 10:00:00,-1,17892.0,1754,1741,1753,0,-4.88787878787853,False
1991,2021-11-11 12:40:00,-1,17840.0,1987,1976,1986,1,-4.988787878787981,True
2009,2021-11-11 14:10:00,-1,17829.05,1992,1973,1991,1,-7.036363636363369,True
2018,2021-11-11 14:55:00,1,17865.0,2016,2013,2015,1,5.198484848484697,True
2080,2021-11-12 13:50:00,1,18090.3,1935,1873,1934,2,5.852121212121333,True
2125,2021-11-15 11:20:00,-1,18150.0,2119,2114,2118,0,-2.117878787877612,False
2129,2021-11-15 11:40:00,-1,18118.2,2128,2097,2127,0,-5.5596969696965415,False
2142,2021-11-15 12:45:00,1,18142.65,2136,2128,2134,3,1.497878787879117,True
2147,2021-11-15 13:10:00,-1,18100.0,2133,2130,2132,0,1.6387878787877201,False
2147,2021-11-15 13:10:00,-1,18106.05,2137,2086,2136,0,1.6387878787877201,False
2199,2021-11-16 11:15:00,-1,18042.5,2181,2075,2180,2,-3.448787878788792,True
2209,2021-11-16 12:05:00,1,18089.95,2194,2190,2193,0,2.826060606060397,False
2234,2021-11-16 14:10:00,-1,18082.15,2217,2214,2216,1,-1.9969696969695105,True
2263,2021-11-17 10:20:00,1,17995.0,2261,2256,2260,0,1.3506060606074666,False
2283,2021-11-17 12:00:00,-1,17968.25,2272,2261,2271,2,-3.441212121211293,True
2292,2021-11-17 12:45:00,-1,17951.0,2290,2285,2289,0,-0.16121212121121503,False
2305,2021-11-17 13:50:00,1,18017.85,2302,2273,2301,1,3.404848484848696,True
2308,2021-11-17 14:05:00,-1,17981.15,2303,2299,2302,1,0.2054545454554391,False
2334,2021-11-18 10:00:00,-1,17851.0,2332,2329,2331,0,-8.257878787878203,False
2361,2021-11-18 12:15:00,-1,17711.05,2358,2355,2357,0,-2.520606060604762,False
2367,2021-11-18 12:45:00,1,17746.0,2359,2356,2358,0,-0.1921212121210884,False
2377,2021-11-18 13:35:00,1,17788.85,2376,2346,2375,0,4.943333333334092,False
2392,2021-11-18 14:50:00,1,17824.85,2386,2379,2385,0,-0.8075757575756679,False
2501,2021-11-23 11:25:00,1,17440.65,2485,2481,2484,0,0.8009090909094198,False
2501,2021-11-23 11:25:00,1,17416.45,2499,2490,2498,0,0.8009090909094198,False
2552,2021-11-24 09:25:00,1,17550.0,2543,2536,2542,1,0.7278787878786013,True
2634,2021-11-25 10:00:00,-1,17363.35,2502,2493,2501,5,-7.534545454544672,True
2648,2021-11-25 11:10:00,1,17447.9,2647,2626,2646,0,5.7678787878787325,False
2691,2021-11-25 14:45:00,1,17548.0,2688,2663,2687,1,5.828787878787937,True
2727,2021-11-26 11:30:00,1,17210.0,2725,2716,2724,1,6.609696969697138,True
2835,2021-11-29 14:15:00,-1,17122.55,2829,2822,2828,0,0.07939393939353531,False
2851,2021-11-30 09:20:00,1,17198.7,2827,2815,2826,2,2.8666666666665983,True
2853,2021-11-30 09:30:00,1,17229.75,2732,2729,2731,4,15.350303030303312,True
2878,2021-11-30 11:35:00,-1,17059.0,2851,2838,2850,1,-23.48303030303033,True
2893,2021-11-30 12:50:00,1,17123.7,2888,2881,2887,3,4.52242424242442,True
2906,2021-11-30 13:55:00,1,17170.0,2903,2893,2902,0,5.94424242424214,False
2915,2021-11-30 14:40:00,-1,17112.0,2912,2904,2911,1,-4.330303030302611,True
2960,2021-12-01 12:10:00,-1,17218.3,2958,2949,2957,1,-1.1309090909088784,True
2978,2021-12-01 13:40:00,-1,17174.1,2973,2965,2972,3,-2.248484848484506,True
3000,2021-12-02 09:15:00,1,17240.0,2999,2992,2997,0,0.46424242424269263,False
3002,2021-12-02 09:25:00,1,17250.0,2952,2948,2950,6,2.6272727272727963,True
3002,2021-12-02 09:25:00,1,17249.4,2959,2954,2958,2,2.6272727272727963,True
3024,2021-12-02 11:15:00,1,17331.0,3019,3015,3018,0,0.45636363636328053,False
3109,2021-12-03 12:05:00,-1,17408.05,3107,3101,3106,1,-1.3448484848475986,True
3114,2021-12-03 12:30:00,-1,17386.0,3098,3091,3097,1,-4.8557575757572025,True
3125,2021-12-03 13:25:00,-1,17311.5,3037,3033,3036,3,-4.299393939393623,True
3126,2021-12-03 13:30:00,-1,17299.4,3018,3014,3017,4,-3.853939393938832,True
3134,2021-12-03 14:10:00,-1,17282.65,3130,3019,3128,0,-1.662727272727105,False
3150,2021-12-06 09:15:00,-1,17220.0,3147,3140,3146,0,-2.3218181818181205,False
3171,2021-12-06 11:00:00,-1,17150.05,3164,3158,3163,0,-0.6642424242421727,False
3206,2021-12-06 13:55:00,-1,17073.65,3203,3188,3202,2,-3.481515151515738,True
3236,2021-12-07 10:10:00,1,17131.2,3196,3183,3195,5,11.12151515151475,True
3241,2021-12-07 10:35:00,1,17148.5,3238,3234,3237,1,3.0378787878790607,True
3248,2021-12-07 11:10:00,1,17209.0,3169,3160,3168,0,6.519090909090767,False
3258,2021-12-07 12:00:00,1,17223.0,3253,3156,3251,2,0.046363636363687524,True
3277,2021-12-07 13:35:00,1,17256.0,3275,3150,3273,1,7.336060606060942,True
3281,2021-12-07 13:55:00,1,17287.0,3144,3137,3143,3,7.0303030303027585,True
3293,2021-12-07 14:55:00,-1,17270.1,3292,3283,3291,0,-1.1890909090909194,False
3306,2021-12-08 09:45:00,1,17444.45,3106,3099,3105,1,27.896666666666885,True
3324,2021-12-08 11:15:00,1,17465.0,3312,3306,3310,3,2.4642424242423777,True
3360,2021-12-08 14:15:00,-1,17485.0,3356,3351,3355,2,-0.5596969696965052,True
3364,2021-12-08 14:35:00,1,17507.0,3355,3350,3352,2,-1.4648484848491115,False
3422,2021-12-09 13:10:00,1,17583.0,3421,3375,3420,0,6.198181818181853,False
3436,2021-12-09 14:20:00,-1,17510.05,3429,3413,3428,0,-1.6751515151504677,False
3460,2021-12-10 10:05:00,-1,17490.6,3457,3437,3456,1,-6.351515151514512,True
3486,2021-12-10 12:15:00,-1,17465.3,3463,3450,3462,0,-1.5321212121210814,False
3490,2021-12-10 12:35:00,-1,17451.1,3405,3399,3404,1,-5.090303030303038,True
3501,2021-12-10 13:30:00,1,17465.0,3499,3494,3498,0,-0.23030303030350932,False
3512,2021-12-10 14:25:00,1,17518.95,3511,3481,3508,0,3.2912121212119256,False
3521,2021-12-10 15:10:00,1,17574.0,3450,3426,3444,1,4.87333333333432,True
3537,2021-12-13 10:15:00,-1,17645.2,3532,3527,3531,0,0.02515151515121467,False
3557,2021-12-13 11:55:00,-1,17591.25,3555,3550,3554,1,-3.509393939393872,True
3567,2021-12-13 12:45:00,-1,17480.0,3565,3511,3564,1,-14.055454545454642,True
3569,2021-12-13 12:55:00,-1,17435.45,3500,3492,3499,1,-16.084545454545292,True
3600,2021-12-14 09:15:00,-1,17410.8,3571,3390,3570,5,-7.363030303030568,True
3600,2021-12-14 09:15:00,-1,17404.25,3588,3581,3585,0,-7.363030303030568,False
3646,2021-12-14 13:05:00,1,17388.05,3609,3603,3608,5,3.200606060605737,True
3651,2021-12-14 13:30:00,1,17397.85,3637,3633,3636,3,0.15272727272738157,True
3656,2021-12-14 13:55:00,-1,17350.2,3650,3644,3649,1,-1.8272727272730858,True
3678,2021-12-15 09:30:00,-1,17292.3,3664,3630,3663,1,-5.73363636363651,True
3690,2021-12-15 10:30:00,-1,17255.0,3686,3681,3685,0,-0.7778787878783195,False
3701,2021-12-15 11:25:00,1,17293.7,3689,3683,3687,0,4.25090909090884,False
3732,2021-12-15 14:00:00,1,17310.0,3731,3679,3730,0,3.0890909090913166,False
3738,2021-12-15 14:30:00,1,17329.75,3735,3702,3734,1,2.7545454545457533,True
3775,2021-12-16 11:20:00,-1,17289.65,3768,3765,3767,0,1.2233333333329537,False
3793,2021-12-16 12:50:00,1,17294.0,3788,3780,3786,0,1.7954545454550301,False
3822,2021-12-16 15:15:00,1,17300.0,3820,3811,3819,1,3.8490909090907373,True
3823,2021-12-16 15:20:00,1,17322.0,3804,3800,3803,3,6.770909090909794,True
3824,2021-12-16 15:25:00,1,17339.35,3796,3772,3795,1,9.285454545454874,True
3825,2021-12-17 09:15:00,-1,17242.85,3748,3720,3747,7,7.006666666666935,False
3825,2021-12-17 09:15:00,-1,17242.0,3786,3749,3785,4,7.006666666666935,False
3826,2021-12-17 09:20:00,-1,17228.3,3719,3694,3717,2,1.0630303030297714,False
3826,2021-12-17 09:20:00,-1,17233.0,3817,3789,3816,1,1.0630303030297714,False
3853,2021-12-17 11:35:00,-1,17050.05,3851,3848,3850,0,2.9921212121213774,False
3858,2021-12-17 12:00:00,-1,17025.8,3857,3844,3855,0,-4.022727272726544,False
3869,2021-12-17 12:55:00,1,17058.7,3865,3857,3864,1,2.492121212121375,True
3870,2021-12-17 13:00:00,1,17081.95,3850,3847,3849,3,3.464242424242704,True
3886,2021-12-17 14:20:00,-1,17065.1,3880,3872,3879,1,-0.3445454545453082,True
3892,2021-12-17 14:50:00,-1,17015.6,3867,3860,3866,1,-9.202727272727165,True
3969,2021-12-20 15:00:00,1,16607.85,3964,3932,3963,2,3.5842424242427686,True
3975,2021-12-21 09:15:00,1,16665.5,3973,3916,3972,0,14.592121212121704,False
4031,2021-12-21 13:55:00,-1,16878.0,4024,3999,4023,2,-2.2427272727271212,True
4083,2021-12-22 12:00:00,1,16909.55,4076,4073,4075,2,2.1663636363637453,True
4096,2021-12-22 13:05:00,1,16924.5,4085,4024,4083,1,2.218181818182175,True
4108,2021-12-22 14:05:00,-1,16884.0,4087,4082,4086,5,-3.5984848484851626,True
4116,2021-12-22 14:45:00,1,16934.0,4114,4058,4113,0,5.434848484848296,False
4158,2021-12-23 12:00:00,1,17089.95,4146,4141,4145,2,4.120606060606347,True
4179,2021-12-23 13:45:00,-1,17089.2,4173,4168,4172,1,1.6624242424239866,False
4198,2021-12-23 15:20:00,-1,17067.4,4191,4185,4190,1,-0.8418181818180827,True
4201,2021-12-24 09:20:00,1,17109.4,4197,4181,4196,1,-3.384848484848593,False
4204,2021-12-24 09:35:00,-1,17051.1,4200,4154,4199,1,-1.1851515151522587,True
4222,2021-12-24 11:05:00,1,16971.45,4216,4212,4215,0,-0.33090909090906184,False
4275,2021-12-27 09:15:00,-1,16931.3,4229,4221,4227,0,-10.029393939394133,False
4275,2021-12-27 09:15:00,-1,16944.75,4244,4240,4243,2,-10.029393939394133,True
4275,2021-12-27 09:15:00,-1,16981.05,4271,4255,4270,0,-10.029393939394133,False
4305,2021-12-27 11:45:00,1,17024.95,4304,4299,4303,0,2.1642424242424356,False
4326,2021-12-27 13:30:00,1,17079.95,4267,4261,4266,2,0.3812121212117589,True
4342,2021-12-27 14:50:00,1,17110.0,4330,4327,4329,2,1.6803030303034174,True
4375,2021-12-28 11:20:00,1,17223.65,4364,4354,4362,2,2.9496969696977358,True
4428,2021-12-29 09:30:00,1,17258.8,4414,4391,4411,3,-0.03606060605952698,False
4484,2021-12-29 14:10:00,1,17246.2,4470,4451,4469,10,-0.2924242424233487,False
4497,2021-12-29 15:15:00,-1,17218.1,4484,4471,4483,0,-1.0596969696960268,False
4559,2021-12-30 14:10:00,-1,17222.1,4553,4536,4552,0,-0.49818181818194607,False
4569,2021-12-30 15:00:00,-1,17204.95,4566,4529,4563,2,-1.6730303030299147,True
4603,2021-12-31 11:35:00,1,17409.8,4601,4587,4599,0,1.4487878787877575,False
4615,2021-12-31 12:35:00,1,17420.0,4609,4605,4607,2,0.42636363636422037,True
4634,2021-12-31 14:10:00,-1,17425.2,4625,4619,4624,3,-0.5930303030296363,True
4650,2022-01-03 09:15:00,1,17444.0,4626,4617,4625,2,-0.39727272727257723,False
4650,2022-01-03 09:15:00,1,17444.3,4634,4627,4633,0,-0.39727272727257723,False
4759,2022-01-04 12:05:00,1,17767.0,4747,4741,4746,2,5.987575757576198,True
4835,2022-01-05 12:10:00,1,17885.0,4827,4811,4826,1,1.180606060606535,True
4875,2022-01-06 09:15:00,-1,17821.0,4825,4820,4824,0,-8.298484848485057,False
4892,2022-01-06 10:40:00,-1,17711.0,4880,4779,4879,0,-3.4766666666660293,False
4908,2022-01-06 12:00:00,-1,17704.8,4907,4899,4906,0,-1.643030303030414,False
4918,2022-01-06 12:50:00,1,17746.65,4903,4891,4900,1,4.007575757575152,True
4926,2022-01-06 13:30:00,1,17777.0,4886,4880,4885,1,0.14151515151549646,True
5019,2022-01-07 15:00:00,1,17839.0,5006,4987,5003,0,4.233030303030996,False
5019,2022-01-07 15:00:00,1,17832.65,5016,5007,5015,1,4.233030303030996,True
5033,2022-01-10 09:55:00,1,17985.0,4867,4854,4861,3,8.649393939394388,True
5033,2022-01-10 09:55:00,1,17985.0,5027,4869,5026,0,8.649393939394388,False
5033,2022-01-10 09:55:00,1,17967.0,5032,5029,5031,0,8.649393939394388,False
5051,2022-01-10 11:25:00,-1,17976.0,5044,5035,5042,1,-0.5978787878787345,True
5091,2022-01-10 14:45:00,1,18018.0,5048,5037,5047,11,1.5193939393938165,True
5091,2022-01-10 14:45:00,1,18020.0,5083,5068,5082,3,1.5193939393938165,True
5126,2022-01-11 11:25:00,1,18078.4,5125,5117,5124,0,0.7972727272736398,False
5137,2022-01-11 12:20:00,-1,18064.1,5131,5125,5130,2,-2.743030303030454,True
5145,2022-01-11 13:00:00,1,18089.2,5135,5131,5134,1,2.596060606061439,True
5164,2022-01-11 14:35:00,-1,18070.0,5157,5142,5156,0,0.8530303030300858,False
5192,2022-01-12 10:40:00,1,18212.85,5182,5175,5181,3,1.7533333333330963,True
5223,2022-01-12 13:15:00,-1,18212.05,5202,5198,5201,2,-0.3245454545450203,True
5223,2022-01-12 13:15:00,-1,18218.65,5218,5209,5217,3,-0.3245454545450203,True
5243,2022-01-12 14:55:00,1,18236.0,5216,5210,5215,3,3.636969696969774,True
5275,2022-01-13 11:20:00,1,18253.95,5271,5264,5270,2,5.242121212121627,True
5298,2022-01-13 13:15:00,-1,18242.75,5295,5278,5294,2,-1.6839393939396297,True
5320,2022-01-13 15:05:00,1,18280.0,5308,5284,5307,2,1.6345454545462095,True
5325,2022-01-14 09:15:00,-1,18196.8,5227,5192,5223,4,1.8939393939396265,False
5352,2022-01-14 11:30:00,-1,18194.75,5350,5346,5349,1,-1.3584848484845746,True
5358,2022-01-14 12:00:00,1,18214.45,5357,5350,5356,0,1.025757575757098,False
5360,2022-01-14 12:10:00,1,18219.0,5349,5344,5348,1,3.422424242424204,True
5379,2022-01-14 13:45:00,1,18258.3,5376,5332,5375,1,1.80181818181884,True
5394,2022-01-14 15:00:00,1,18303.4,5325,5256,5322,0,4.642424242424066,False
5424,2022-01-17 11:15:00,1,18323.4,5402,5395,5401,2,2.9639393939401892,True
5453,2022-01-17 13:40:00,-1,18302.7,5437,5431,5436,1,-0.8442424242420662,True
5457,2022-01-17 14:00:00,1,18325.0,5447,5441,5446,3,-0.7521212121206435,False
5462,2022-01-17 14:25:00,1,18330.9,5434,5424,5432,5,3.999696969696837,True
5479,2022-01-18 09:35:00,-1,18298.0,5428,5419,5427,2,1.9042424242428515,False
5483,2022-01-18 09:55:00,-1,18258.0,5404,5389,5403,3,-9.383939393939489,True
5483,2022-01-18 09:55:00,-1,18249.95,5409,5384,5407,0,-9.383939393939489,False
5487,2022-01-18 10:15:00,-1,18234.5,5401,5376,5400,3,-11.844848484847443,True
5487,2022-01-18 10:15:00,-1,18222.05,5485,5370,5484,0,-11.844848484847443,False
5501,2022-01-18 11:25:00,1,18258.35,5497,5485,5496,1,1.6924242424235671,True
5521,2022-01-18 13:05:00,1,18300.6,5520,5482,5519,0,2.4784848484846944,False
5539,2022-01-18 14:35:00,-1,18227.65,5499,5493,5498,0,-2.7784848484853693,False
5539,2022-01-18 14:35:00,-1,18255.9,5533,5506,5532,2,-2.7784848484853693,True
5541,2022-01-18 14:45:00,-1,18198.3,5489,5357,5488,0,-7.199999999999007,False
5614,2022-01-19 14:35:00,1,17961.1,5609,5599,5608,3,2.5427272727274657,True
5627,2022-01-20 09:25:00,-1,17906.55,5603,5594,5602,2,-4.776969696969214,True
5693,2022-01-20 14:55:00,1,17765.0,5685,5678,5684,0,-2.366060606060174,False
5733,2022-01-21 12:00:00,1,17649.0,5727,5715,5726,1,0.15151515151577363,True
5742,2022-01-21 12:45:00,1,17678.3,5740,5711,5737,1,1.8151515151514845,True
5760,2022-01-21 14:15:00,-1,17598.35,5732,5723,5731,0,-1.160303030302545,False
5764,2022-01-21 14:35:00,-1,17575.5,5721,5718,5720,3,-6.570606060605988,True
5799,2022-01-24 11:15:00,-1,17400.1,5796,5790,5795,1,-0.7851515151517676,True
5850,2022-01-25 09:15:00,-1,17011.75,5843,5834,5842,0,2.2727272727273164,False
5897,2022-01-25 13:10:00,1,17131.75,5890,5880,5889,1,0.4393939393945285,True
5905,2022-01-25 13:50:00,1,17199.0,5860,5846,5859,1,5.997272727272695,True
5914,2022-01-25 14:35:00,1,17238.95,5912,5907,5911,0,1.8648484848482332,False
5925,2022-01-27 09:15:00,-1,17045.0,5895,5883,5892,0,-13.516060606059748,False
5958,2022-01-27 12:00:00,-1,16915.3,5931,5925,5930,5,-4.042424242423858,True
6009,2022-01-28 12:20:00,1,17385.0,6004,5979,6003,1,2.7442424242427426,True
6080,2022-01-31 12:00:00,1,17375.0,6054,6023,6053,7,2.4145454545464613,True
6080,2022-01-31 12:00:00,1,17369.4,6071,6061,6070,2,2.4145454545464613,True
6122,2022-02-01 09:15:00,1,17424.95,6093,6084,6092,5,0.19363636363633752,True
6122,2022-02-01 09:15:00,1,17422.0,6110,6095,6109,2,0.19363636363633752,True
6149,2022-02-01 11:30:00,-1,17544.85,6146,6139,6145,1,0.16121212121267697,False
6155,2022-02-01 12:00:00,1,17600.0,6150,6144,6148,0,0.8400000000000795,False
6169,2022-02-01 13:10:00,-1,17336.1,6103,6099,6102,2,-18.926666666665696,True
6169,2022-02-01 13:10:00,-1,17341.0,6122,6105,6121,0,-18.926666666665696,False
6197,2022-02-02 09:15:00,1,17634.0,6167,6155,6161,3,9.32515151515141,True
6197,2022-02-02 09:15:00,1,17628.4,6189,6185,6188,0,9.32515151515141,False
6227,2022-02-02 11:45:00,1,17754.5,6211,6206,6210,2,2.0063636363640036,True
6255,2022-02-02 14:05:00,-1,17737.5,6244,6241,6243,0,0.9530303030300699,False
6255,2022-02-02 14:05:00,-1,17743.0,6252,6245,6248,0,0.9530303030300699,False
6256,2022-02-02 14:10:00,1,17774.7,6255,6230,6254,0,-0.9284848484841022,False
6268,2022-02-02 15:10:00,1,17788.7,6262,6257,6261,4,1.0024242424250773,True
6276,2022-02-03 09:35:00,-1,17731.0,6236,6226,6235,1,-5.586969696969322,True
6276,2022-02-03 09:35:00,-1,17722.15,6257,6222,6256,0,-5.586969696969322,False
6300,2022-02-03 11:35:00,-1,17680.05,6215,6198,6214,0,-2.9242424242417386,False
6340,2022-02-03 14:55:00,-1,17600.75,6338,6332,6337,1,-2.15848484848432,True
6370,2022-02-04 11:10:00,1,17583.95,6369,6362,6368,0,1.6736363636370257,False
6424,2022-02-07 09:25:00,-1,17475.0,6395,6384,6394,2,-4.061818181818412,True
6442,2022-02-07 10:55:00,-1,17382.15,6439,6431,6438,0,-2.3139393939390343,False
6463,2022-02-07 12:40:00,1,17327.0,6455,6451,6454,2,2.3909090909091835,True
6473,2022-02-07 13:30:00,-1,17260.05,6469,6457,6467,2,-6.621818181817401,True
6484,2022-02-07 14:25:00,1,17198.8,6483,6480,6482,0,-1.8318181818185424,False
6488,2022-02-07 14:45:00,-1,17160.1,6484,6481,6483,1,1.3606060606057946,False
6543,2022-02-08 13:05:00,-1,17176.15,6534,6529,6533,1,-4.416666666666649,True
6572,2022-02-09 09:15:00,1,17294.0,6498,6469,6497,4,11.73484848484837,True
6572,2022-02-09 09:15:00,1,17304.0,6569,6501,6567,0,11.73484848484837,False
6578,2022-02-09 09:45:00,1,17423.7,6436,6432,6435,6,20.680303030303175,True
6606,2022-02-09 12:05:00,1,17421.75,6599,6590,6598,4,1.4748484848487835,True
6618,2022-02-09 13:05:00,-1,17416.5,6613,6610,6612,0,-0.8690909090903174,False
6627,2022-02-09 13:50:00,1,17438.95,6612,6609,6611,1,3.8251515151517776,True
6627,2022-02-09 13:50:00,1,17427.3,6625,6621,6624,0,3.8251515151517776,False
6642,2022-02-09 15:05:00,1,17474.7,6637,6633,6636,3,1.3206060606054373,True
6655,2022-02-10 09:55:00,-1,17450.0,6639,6634,6637,1,-5.146969696969108,True
6661,2022-02-10 10:25:00,1,17545.0,6660,6647,6659,0,7.6578787878786505,False
6699,2022-02-10 13:35:00,1,17639.0,6693,6678,6692,0,-0.3581818181819614,False
6751,2022-02-11 11:40:00,1,17314.75,6750,6746,6749,0,0.6342424242424088,False
6760,2022-02-11 12:25:00,1,17348.0,6756,6740,6755,1,3.292424242424447,True
6795,2022-02-11 15:20:00,-1,17344.0,6786,6781,6785,5,-0.9830303030298604,True
6796,2022-02-11 15:25:00,-1,17331.3,6790,6759,6789,1,-1.8884848484844217,True
6797,2022-02-14 09:15:00,-1,17282.3,6751,6744,6750,0,-14.867575757575143,False
6820,2022-02-14 11:10:00,-1,17035.0,6818,6813,6817,1,-0.4006060606063444,True
6846,2022-02-14 13:20:00,1,17035.95,6836,6822,6835,0,6.1966666666668955,False
6868,2022-02-14 15:10:00,-1,16855.5,6864,6860,6863,1,-2.9421212121209055,True
6872,2022-02-15 09:15:00,1,16903.1,6866,6862,6865,0,-4.44575757575723,False
6893,2022-02-15 11:00:00,1,16916.0,6887,6879,6886,1,1.3315151515152852,True
6899,2022-02-15 11:30:00,1,16971.8,6898,6875,6897,0,11.364242424243301,False
6906,2022-02-15 12:05:00,1,17075.0,6817,6812,6816,2,10.964848484848899,True
6944,2022-02-15 15:15:00,1,17369.6,6943,6939,6942,0,6.708181818182494,False
6947,2022-02-16 09:15:00,1,17385.0,6793,6786,6792,2,5.479393939394504,True
6954,2022-02-16 09:50:00,-1,17319.05,6950,6940,6949,0,-1.646969696969378,False
6984,2022-02-16 12:20:00,1,17371.75,6961,6956,6960,1,7.219696969697093,True
6997,2022-02-16 13:25:00,1,17432.0,6995,6988,6994,0,0.7296969696973201,False
7000,2022-02-16 13:40:00,1,17443.75,6948,6776,6947,2,4.828181818182781,True
7035,2022-02-17 10:20:00,-1,17276.65,7016,6975,7014,5,-1.8103030303031538,True
7061,2022-02-17 12:30:00,1,17388.9,7049,7043,7048,7,5.955454545454423,True
7075,2022-02-17 13:40:00,1,17410.0,7071,7067,7069,1,0.5515151515152018,True
7078,2022-02-17 13:55:00,-1,17369.35,7069,7064,7068,3,1.5218181818177645,False
7081,2022-02-17 14:10:00,-1,17357.05,7073,7058,7072,3,-3.10121212121227,True
7120,2022-02-18 11:10:00,1,17324.55,7113,7100,7108,1,2.4463636363644006,True
7128,2022-02-18 11:50:00,1,17342.0,7122,7091,7121,1,2.168484848484615,True
7138,2022-02-18 12:40:00,1,17368.0,7135,7085,7133,0,2.3487878787880883,False
7156,2022-02-18 14:10:00,-1,17317.0,7148,7131,7147,0,1.035757575757976,False
7156,2022-02-18 14:10:00,-1,17327.45,7150,7136,7149,1,1.035757575757976,False
7172,2022-02-21 09:15:00,-1,17217.35,7100,7037,7097,0,-2.48727272727233,False
7172,2022-02-21 09:15:00,-1,17255.0,7160,7117,7159,4,-2.48727272727233,True
7172,2022-02-21 09:15:00,-1,17242.0,7165,7103,7163,0,-2.48727272727233,False
7205,2022-02-21 12:00:00,1,17281.25,7203,7171,7202,1,7.182424242423898,True
7206,2022-02-21 12:05:00,1,17307.0,7167,7160,7166,1,8.039090909091408,True
7230,2022-02-21 14:05:00,-1,17275.5,7226,7214,7225,1,-3.4448484848479386,True
7247,2022-02-22 09:15:00,-1,17104.05,7186,7182,7184,0,-15.652727272727306,False
7247,2022-02-22 09:15:00,-1,17189.0,7245,7193,7244,0,-15.652727272727306,False
7291,2022-02-22 12:55:00,-1,16906.05,7281,7265,7280,0,-3.1148484848480367,False
7304,2022-02-22 14:00:00,1,17008.0,7278,7274,7277,0,5.058181818181872,False
7338,2022-02-23 10:35:00,-1,17129.0,7336,7333,7335,1,-4.962121212121562,True
7343,2022-02-23 11:00:00,1,17162.5,7337,7334,7336,1,0.4639393939392965,True
7361,2022-02-23 12:30:00,-1,17158.3,7354,7345,7353,4,-1.849696969696902,True
7392,2022-02-23 15:05:00,-1,17095.25,7388,7379,7385,1,1.4396969696973665,False
7397,2022-02-24 09:15:00,-1,16879.35,7299,7293,7298,0,-29.776969696969008,False
7397,2022-02-24 09:15:00,-1,17036.75,7395,7316,7394,0,-29.776969696969008,False
7434,2022-02-24 12:20:00,-1,16540.85,7431,7413,7430,2,-10.806363636363555,True
7438,2022-02-24 12:40:00,-1,16515.8,7435,7408,7434,1,-6.153333333333009,True
7544,2022-02-28 09:15:00,-1,16610.35,7511,7479,7510,0,-10.861818181817817,False
7544,2022-02-28 09:15:00,-1,16620.0,7525,7522,7524,2,-10.861818181817817,True
7556,2022-02-28 10:15:00,1,16474.95,7555,7550,7554,0,7.054848484848595,False
7583,2022-02-28 12:30:00,1,16734.95,7533,7499,7532,1,6.736363636364309,True
7613,2022-02-28 15:00:00,1,16750.0,7585,7495,7584,10,6.258181818182719,True
7613,2022-02-28 15:00:00,1,16763.75,7592,7489,7591,1,6.258181818182719,True
7613,2022-02-28 15:00:00,1,16754.7,7610,7597,7609,2,6.258181818182719,True
7619,2022-03-02 09:15:00,-1,16657.75,7588,7580,7587,2,-3.6290909090904937,True
7650,2022-03-02 11:50:00,-1,16550.55,7638,7628,7637,4,-1.8506060606058352,True
7658,2022-03-02 12:30:00,-1,16501.95,7655,7651,7654,2,-5.40454545454594,True
7688,2022-03-02 15:00:00,1,16550.0,7686,7677,7685,0,5.164545454544779,False
7704,2022-03-03 10:05:00,-1,16630.8,7701,7693,7700,1,-7.480909090908399,True
7718,2022-03-03 11:15:00,1,16655.0,7712,7706,7710,1,1.6721212121223814,True
7729,2022-03-03 12:10:00,-1,16636.8,7725,7719,7723,2,-1.2584848484844113,True
7730,2022-03-03 12:15:00,-1,16605.0,7708,7705,7707,3,-1.8675757575757153,True
7730,2022-03-03 12:15:00,-1,16608.8,7714,7709,7713,1,-1.8675757575757153,True
7764,2022-03-03 15:05:00,-1,16468.0,7682,7662,7681,3,-5.203333333333,True
7764,2022-03-03 15:05:00,-1,16481.0,7755,7683,7754,1,-5.203333333333,True
7769,2022-03-04 09:15:00,-1,16436.5,7766,7555,7765,0,-10.416060606059757,False
7808,2022-03-04 12:30:00,1,16292.55,7806,7801,7805,0,2.4287878787877473,False
7890,2022-03-07 13:05:00,-1,15880.0,7882,7875,7879,0,1.7575757575756328,False
7916,2022-03-07 15:15:00,1,15884.7,7913,7893,7911,1,5.715151515151868,True
7943,2022-03-08 11:15:00,-1,15802.05,7925,7913,7924,4,-9.250303030303002,True
7949,2022-03-08 11:45:00,-1,15770.0,7945,7919,7944,2,-3.498484848484019,True
7974,2022-03-08 13:50:00,1,15813.45,7948,7945,7947,2,11.090606060606065,True
7977,2022-03-08 14:05:00,1,15922.7,7934,7930,7933,0,20.875454545454645,False
8004,2022-03-09 10:05:00,1,16138.0,8001,7997,8000,1,4.427878787878604,True
8016,2022-03-09 11:05:00,-1,16118.55,8012,8005,8010,0,-2.000303030302544,False
8108,2022-03-10 12:30:00,-1,16694.05,8099,8087,8098,3,-2.9518181818185445,True
8153,2022-03-11 10:00:00,1,16690.0,8150,8118,8149,2,17.406060606061114,True
8209,2022-03-11 14:40:00,1,16655.55,8196,8189,8195,3,2.553030303031215,True
8228,2022-03-14 10:00:00,1,16683.95,8182,8174,8181,9,2.767272727273018,True
8244,2022-03-14 11:20:00,1,16730.0,8108,8102,8107,5,5.637272727272723,True
8245,2022-03-14 11:25:00,1,16753.5,8094,8084,8093,1,6.165454545454687,True
8259,2022-03-14 12:35:00,1,16774.95,8254,8248,8250,0,0.3212121212116302,False
8272,2022-03-14 13:40:00,1,16799.0,8267,8263,8266,1,0.46848484848483446,True
8298,2022-03-15 09:35:00,-1,16852.9,8297,8283,8296,0,1.1836363636362535,False
8334,2022-03-15 12:35:00,-1,16834.05,8319,8315,8318,3,-3.803030303030832,True
8338,2022-03-15 12:55:00,-1,16761.4,8271,8264,8269,3,-14.365151515151947,True
8341,2022-03-15 13:10:00,-1,16732.65,8250,8247,8249,4,-14.987878787878856,True
8342,2022-03-15 13:15:00,-1,16721.05,8341,8256,8339,0,-13.443333333333584,False
8369,2022-03-16 09:15:00,1,16900.0,8328,8309,8327,0,15.597878787879226,False
8416,2022-03-16 13:10:00,-1,16895.0,8393,8390,8392,0,-3.9084848484846892,False
8416,2022-03-16 13:10:00,-1,16920.55,8411,8403,8408,2,-3.9084848484846892,True
8436,2022-03-16 14:50:00,1,16953.3,8433,8423,8432,2,4.273939393939161,True
8437,2022-03-16 14:55:00,1,16963.95,8401,8372,8400,6,5.867272727272524,True
8470,2022-03-17 11:25:00,1,17288.85,8463,8458,8462,1,0.48606060606138163,True
8499,2022-03-17 13:50:00,1,17333.6,8498,8492,8497,0,0.22121212121183428,False
8515,2022-03-17 15:10:00,-1,17309.2,8512,8490,8511,1,-4.065151515150593,True
8525,2022-03-21 09:45:00,-1,17303.05,8499,8493,8498,7,-1.9978787878793467,True
8525,2022-03-21 09:45:00,-1,17292.4,8516,8478,8515,3,-1.9978787878793467,True
8527,2022-03-21 09:55:00,-1,17263.2,8465,8461,8464,2,-8.029696969696735,True
8539,2022-03-21 10:55:00,1,17273.75,8538,8534,8537,0,0.3545454545454625,False
8558,2022-03-21 12:30:00,-1,17231.55,8537,8532,8536,0,-2.3790909090912904,False
8558,2022-03-21 12:30:00,-1,17243.35,8557,8538,8555,0,-2.3790909090912904,False
8568,2022-03-21 13:20:00,-1,17156.4,8567,8564,8566,0,-4.784848484848078,False
8570,2022-03-21 13:30:00,1,17186.95,8568,8565,8567,0,-2.8018181818185792,False
8596,2022-03-22 09:25:00,-1,17137.6,8586,8569,8584,3,-0.6233333333326286,True
8601,2022-03-22 09:50:00,-1,17086.0,8600,8597,8599,0,-8.701515151515409,False
8610,2022-03-22 10:35:00,-1,17066.45,8607,8602,8606,2,-1.9927272727273921,True
8635,2022-03-22 12:40:00,1,17174.9,8596,8586,8595,0,3.4109090909095197,False
8635,2022-03-22 12:40:00,1,17123.0,8601,8598,8600,2,3.4109090909095197,True
8645,2022-03-22 13:30:00,1,17304.4,8643,8546,8642,1,12.54333333333287,True
8667,2022-03-22 15:20:00,1,17367.55,8522,8507,8521,3,7.002424242424576,True
8701,2022-03-23 11:55:00,-1,17336.8,8700,8686,8699,0,0.16666666666614696,False
8708,2022-03-23 12:30:00,-1,17265.0,8704,8643,8703,0,-8.595151515151082,False
8732,2022-03-23 14:30:00,1,17325.0,8721,8707,8719,0,6.977575757575468,False
8794,2022-03-24 13:25:00,1,17232.2,8791,8786,8790,0,-0.7648484848477768,False
8852,2022-03-25 12:00:00,-1,17185.0,8842,8823,8841,0,0.3424242424254472,False
8853,2022-03-25 12:05:00,-1,17175.55,8794,8781,8792,2,-2.397575757575515,True
8872,2022-03-25 13:40:00,-1,17142.5,8865,8857,8864,2,-1.9212121212117843,True
8892,2022-03-25 15:20:00,1,17230.0,8839,8834,8837,0,4.65303030303072,False
8892,2022-03-25 15:20:00,1,17224.0,8850,8846,8848,1,4.65303030303072,True
8892,2022-03-25 15:20:00,1,17188.95,8868,8860,8866,1,4.65303030303072,True
8896,2022-03-28 09:25:00,-1,17117.65,8888,8884,8887,0,4.034242424242354,False
8927,2022-03-28 12:00:00,-1,17036.55,8926,8923,8925,0,-3.5387878787871014,False
8929,2022-03-28 12:10:00,1,17057.5,8928,8924,8927,0,-3.733333333332436,False
8964,2022-03-28 15:05:00,1,17263.7,8959,8942,8958,2,1.7927272727276338,True
8991,2022-04-01 11:05:00,1,17595.0,8989,8983,8987,0,-0.9584848484847538,False
9002,2022-04-01 12:00:00,-1,17572.0,8997,8986,8996,1,-0.3839393939390554,True
9008,2022-04-01 12:30:00,1,17588.9,9002,8998,9001,1,0.06696969697008118,True
9038,2022-04-01 15:00:00,1,17652.7,9036,9033,9035,1,0.25272727272743517,True
9078,2022-04-04 12:05:00,-1,18002.55,9073,9066,9072,0,-3.3369696969698683,False
9101,2022-04-04 14:00:00,1,18055.0,9096,9065,9095,1,3.4387878787889705,True
9135,2022-04-05 10:35:00,-1,18031.15,9129,9125,9128,0,1.251515151515638,False
9155,2022-04-05 12:15:00,-1,18071.1,9152,9147,9151,1,-0.2006060606056106,True
9164,2022-04-05 13:00:00,1,18093.8,9150,9146,9149,2,2.6227272727280115,True
9189,2022-04-05 15:05:00,-1,18052.05,9161,9156,9160,7,-1.987878787878455,True
9190,2022-04-05 15:10:00,-1,18021.0,9137,9096,9136,0,-3.539393939393072,False
9243,2022-04-06 13:20:00,-1,17866.05,9241,9222,9240,0,-9.893030303029608,False
9262,2022-04-06 14:55:00,-1,17852.5,9254,9250,9253,0,0.09727272727284994,False
9269,2022-04-07 09:15:00,-1,17837.0,9246,9211,9245,1,-5.669999999999815,True
9281,2022-04-07 10:15:00,1,17790.0,9280,9276,9279,0,1.9754545454542694,False
9283,2022-04-07 10:25:00,-1,17765.0,9281,9278,9280,0,0.766969696970175,False
9301,2022-04-07 11:55:00,1,17806.95,9282,9270,9281,2,5.329393939394442,True
9328,2022-04-07 14:10:00,-1,17735.0,9290,9285,9289,4,-8.736060606059999,True
9395,2022-04-08 13:30:00,1,17836.15,9387,9319,9384,0,1.5742424242419157,False
9395,2022-04-08 13:30:00,1,17828.4,9394,9391,9393,0,1.5742424242419157,False
9400,2022-04-08 13:55:00,1,17887.7,9398,9261,9397,1,9.14212121212101,True
9401,2022-04-08 14:00:00,1,17898.95,9249,9241,9248,5,10.521818181818247,True
9419,2022-04-11 09:15:00,-1,17776.75,9390,9379,9389,0,-9.785757575756591,False
9419,2022-04-11 09:15:00,-1,17802.0,9395,9392,9394,0,-9.785757575756591,False
9419,2022-04-11 09:15:00,-1,17855.0,9416,9398,9415,0,-9.785757575756591,False
9446,2022-04-11 11:30:00,1,17734.9,9444,9438,9443,1,1.9460606060606562,True
9494,2022-04-12 09:15:00,-1,17685.0,9428,9368,9424,0,-7.990606060606444,False
9494,2022-04-12 09:15:00,-1,17700.0,9442,9439,9441,1,-7.990606060606444,True
9494,2022-04-12 09:15:00,-1,17714.65,9486,9444,9485,3,-7.990606060606444,True
9521,2022-04-12 11:30:00,-1,17536.55,9519,9514,9518,0,-0.7163636363640984,False
9523,2022-04-12 11:40:00,1,17565.05,9517,9512,9515,0,-0.22969696969646816,False
9540,2022-04-12 13:05:00,-1,17519.55,9538,9534,9537,1,-2.105757575757569,True
9547,2022-04-12 13:40:00,-1,17501.0,9544,9508,9543,2,-3.268787878787198,True
9598,2022-04-13 11:40:00,-1,17567.0,9590,9583,9589,1,0.20454545454547762,False
9644,2022-04-18 09:15:00,-1,17505.0,9626,9605,9624,3,-18.34878787878741,True
9677,2022-04-18 12:00:00,-1,17195.7,9675,9672,9674,1,-1.0154545454538395,True
9709,2022-04-18 14:40:00,1,17227.45,9677,9670,9675,1,3.6757575757574044,True
9739,2022-04-19 10:55:00,-1,17213.75,9736,9732,9735,1,-0.6333333333331592,True
9743,2022-04-19 11:15:00,1,17239.9,9738,9734,9737,2,0.9981818181813006,True
9747,2022-04-19 11:35:00,1,17261.4,9723,9716,9722,3,4.609696969697063,True
9760,2022-04-19 12:40:00,-1,17256.0,9759,9753,9758,0,-1.3003030303027465,False
9773,2022-04-19 13:45:00,1,17294.7,9772,9756,9771,0,7.735454545454378,False
9787,2022-04-19 14:55:00,-1,17202.25,9741,9724,9740,2,-9.44666666666614,True
9822,2022-04-20 11:35:00,-1,17098.0,9811,9803,9810,3,-0.37939393939288724,True
9834,2022-04-20 12:35:00,1,17148.5,9803,9799,9801,13,5.188484848484767,True
9834,2022-04-20 12:35:00,1,17158.55,9819,9806,9818,0,5.188484848484767,False
9869,2022-04-21 09:15:00,1,17191.65,9862,9844,9861,0,6.71787878787909,False
9939,2022-04-21 15:05:00,-1,17410.0,9936,9933,9935,0,0.3660606060603134,False
9944,2022-04-22 09:15:00,-1,17260.55,9885,9880,9883,0,-11.492121212120914,False
10001,2022-04-22 14:00:00,-1,17266.65,9999,9983,9998,0,0.509696969697133,False
10019,2022-04-25 09:15:00,-1,17083.0,9823,9800,9822,8,-10.516666666666657,True
10019,2022-04-25 09:15:00,-1,17079.0,9857,9850,9855,0,-10.516666666666657,False
10054,2022-04-25 12:10:00,-1,16958.65,10051,10036,10048,0,-1.0760606060605802,False
10094,2022-04-26 09:15:00,1,17003.45,10068,10051,10067,0,15.933636363637603,False
10094,2022-04-26 09:15:00,1,16992.75,10078,10069,10077,1,15.933636363637603,True
10115,2022-04-26 11:00:00,-1,17147.1,10112,10109,10111,1,-1.4175757575756465,True
10119,2022-04-26 11:20:00,1,17166.85,10114,10110,10112,1,0.156060606060184,True
10154,2022-04-26 14:15:00,1,17168.65,10151,10131,10148,0,2.7345454545455192,False
10163,2022-04-26 15:00:00,1,17164.7,10161,10158,10160,0,-1.2533333333325873,False
10164,2022-04-26 15:05:00,1,17185.7,10124,10098,10123,2,1.9666666666671693,True
10164,2022-04-26 15:05:00,1,17182.4,10156,10127,10155,1,1.9666666666671693,True
10169,2022-04-27 09:15:00,-1,17128.75,10157,10151,10156,4,2.1651515151519485,False
10169,2022-04-27 09:15:00,-1,17116.2,10160,10146,10159,0,2.1651515151519485,False
10196,2022-04-27 11:30:00,-1,17032.45,10192,10174,10184,0,-0.3969696969692626,False
10211,2022-04-27 12:45:00,-1,17023.35,10210,10204,10209,0,-0.34333333333316585,False
10222,2022-04-27 13:40:00,1,17051.85,10207,10201,10206,3,10.665151515151699,True
10223,2022-04-27 13:45:00,1,17066.35,10221,10192,10220,0,12.03939393939362,False
10290,2022-04-29 11:10:00,1,17363.0,10284,10268,10283,1,3.7406060606068907,True
10306,2022-04-29 12:30:00,-1,17349.95,10305,10300,10304,0,-0.8578787878784727,False
10312,2022-04-29 13:00:00,1,17383.55,10303,10298,10302,3,1.5215151515150975,True
10313,2022-04-29 13:05:00,1,17389.65,10306,10296,10305,2,3.0009090909095355,True
10319,2022-05-02 09:15:00,-1,17357.75,10317,10309,10316,0,-21.352727272727094,False
10335,2022-05-02 10:35:00,1,17028.6,10326,10320,10325,0,2.521212121212038,False
10385,2022-05-02 14:45:00,1,17049.45,10377,10366,10370,0,-0.3709090909087266,False
10411,2022-05-04 10:40:00,-1,16970.0,10331,10326,10329,8,-9.034848484848723,True
10411,2022-05-04 10:40:00,-1,16984.0,10363,10349,10362,8,-9.034848484848723,True
10411,2022-05-04 10:40:00,-1,16982.2,10378,10369,10377,6,-9.034848484848723,True
10411,2022-05-04 10:40:00,-1,16971.15,10410,10381,10409,0,-9.034848484848723,False
10412,2022-05-04 10:45:00,-1,16962.65,10344,10340,10343,1,-10.368787878787666,True
10428,2022-05-04 12:05:00,-1,16925.0,10323,10319,10322,1,-3.886666666666684,True
10428,2022-05-04 12:05:00,-1,16935.1,10425,10413,10424,1,-3.886666666666684,True
10473,2022-05-05 09:35:00,1,16863.0,10470,10455,10469,1,22.163030303030716,True
10479,2022-05-05 10:05:00,1,16934.4,10444,10431,10443,2,9.255454545454073,True
10516,2022-05-05 13:10:00,-1,16845.0,10505,10502,10504,1,-4.216363636363388,True
10522,2022-05-05 13:40:00,-1,16792.0,10518,10470,10517,0,-7.680909090908995,False
10544,2022-05-06 09:15:00,-1,16656.4,10531,10464,10530,0,-18.13424242424254,False
10544,2022-05-06 09:15:00,-1,16677.6,10541,10467,10539,2,-18.13424242424254,True
10594,2022-05-06 13:25:00,1,16426.0,10587,10580,10586,0,-2.0178787878789097,False
10619,2022-05-09 09:15:00,-1,16346.75,10571,10566,10570,1,-3.589393939393538,True
10619,2022-05-09 09:15:00,-1,16358.0,10592,10583,10591,1,-3.589393939393538,True
10619,2022-05-09 09:15:00,-1,16375.25,10613,10598,10611,1,-3.589393939393538,True
10646,2022-05-09 11:30:00,1,16268.2,10634,10629,10633,0,1.1506060606061763,False
10725,2022-05-10 11:50:00,1,16340.0,10699,10695,10698,4,0.8287878787877635,True
10725,2022-05-10 11:50:00,1,16334.95,10719,10712,10718,4,0.8287878787877635,True
10742,2022-05-10 13:15:00,-1,16356.4,10737,10733,10736,1,0.44606060606155007,False
10762,2022-05-10 14:55:00,-1,16288.0,10722,10713,10721,0,-6.382424242424439,False
10762,2022-05-10 14:55:00,-1,16302.5,10746,10723,10745,1,-6.382424242424439,True
10765,2022-05-10 15:10:00,-1,16250.05,10706,10694,10704,2,-11.513333333333353,True
10776,2022-05-11 09:50:00,-1,16211.3,10678,10639,10677,2,-2.2084848484843316,True
10783,2022-05-11 10:25:00,-1,16153.0,10778,10622,10777,3,-7.487878787878019,True
10799,2022-05-11 11:45:00,1,16152.0,10795,10789,10794,1,4.23909090909091,True
10834,2022-05-11 14:40:00,1,16194.95,10783,10778,10781,3,4.325454545454981,True
10844,2022-05-12 09:15:00,-1,16138.15,10842,10828,10838,0,-11.412121212120638,False
10865,2022-05-12 11:00:00,-1,15857.0,10857,10849,10856,1,-3.2436363636358068,True
10902,2022-05-12 14:05:00,-1,15802.45,10888,10883,10887,5,-8.476363636363493,True
10919,2022-05-13 09:15:00,1,15889.0,10898,10873,10895,0,11.34333333333314,False
11047,2022-05-16 13:40:00,1,15867.9,11035,11031,11034,2,5.109393939393919,True
11064,2022-05-16 15:05:00,-1,15837.1,11056,11050,11055,2,-6.3718181818185835,True
11069,2022-05-17 09:15:00,1,15918.95,11057,11052,11056,0,0.5254545454549103,False
11080,2022-05-17 10:10:00,1,15966.95,11012,11005,11011,4,-1.3148484848480684,False
11080,2022-05-17 10:10:00,1,15971.8,11079,11072,11078,0,-1.3148484848480684,False
11111,2022-05-17 12:45:00,1,16142.0,11110,11098,11109,0,2.7433333333333962,False
11195,2022-05-18 13:30:00,1,16242.15,11193,11189,11192,1,3.037575757576275,True
11219,2022-05-19 09:15:00,-1,16096.1,11106,11102,11105,0,-16.031212121211826,False
11219,2022-05-19 09:15:00,-1,16113.0,11120,11110,11119,0,-16.031212121211826,False
11219,2022-05-19 09:15:00,-1,16137.0,11125,11113,11124,0,-16.031212121211826,False
11219,2022-05-19 09:15:00,-1,16195.25,11205,11194,11204,3,-16.031212121211826,True
11260,2022-05-19 12:40:00,-1,15826.8,11252,11247,11251,6,-1.0996969696969856,True
11263,2022-05-19 12:55:00,-1,15805.0,11066,11042,11065,2,-3.426666666667129,True
11292,2022-05-19 15:20:00,1,15792.35,11289,11284,11288,0,-1.0830303030301147,False
11294,2022-05-20 09:15:00,1,15939.0,11224,11221,11223,2,12.955757575757936,True
11294,2022-05-20 09:15:00,1,15922.75,11241,11234,11240,0,12.955757575757936,False
11294,2022-05-20 09:15:00,1,15859.9,11258,11249,11257,0,12.955757575757936,False
11294,2022-05-20 09:15:00,1,15826.25,11277,11270,11275,0,12.955757575757936,False
11315,2022-05-20 11:00:00,1,16173.4,11307,11302,11306,2,1.8218181818176893,True
11326,2022-05-20 11:55:00,-1,16154.05,11319,11314,11318,0,0.7081818181817904,False
11328,2022-05-20 12:05:00,-1,16138.4,11309,11304,11307,2,-2.305151515150651,True
11353,2022-05-20 14:10:00,1,16199.45,11350,11346,11349,2,0.7724242424246622,True
11362,2022-05-20 14:55:00,1,16234.5,11361,11354,11360,0,2.3533333333333735,False
11388,2022-05-23 10:50:00,1,16318.0,11387,11380,11385,0,2.322121212121232,False
11389,2022-05-23 10:55:00,1,16325.35,11198,11175,11197,3,3.4572727272724184,True
11393,2022-05-23 11:15:00,1,16337.95,11370,11172,11369,3,2.402424242424466,True
11410,2022-05-23 12:40:00,-1,16326.0,11405,11399,11404,1,0.6278787878791365,False
11419,2022-05-23 13:25:00,1,16352.95,11414,11410,11413,0,1.157272727272788,False
11426,2022-05-23 14:00:00,-1,16306.4,11410,11391,11409,1,-2.6215151515153323,True
11432,2022-05-23 14:30:00,-1,16218.0,11430,11427,11429,0,-14.111212121211873,False
11438,2022-05-23 15:00:00,-1,16205.6,11437,11432,11435,0,-1.0481818181808773,False
11442,2022-05-23 15:20:00,-1,16176.2,11374,11352,11373,4,-6.631818181818213,True
11443,2022-05-23 15:25:00,-1,16166.0,11349,11345,11347,6,-8.806363636363683,True
11443,2022-05-23 15:25:00,-1,16167.1,11357,11350,11356,3,-8.806363636363683,True
11456,2022-05-24 10:15:00,-1,16100.2,11333,11299,11332,3,-7.268181818181711,True
11489,2022-05-24 13:00:00,1,16207.0,11484,11476,11483,1,2.9542424242421212,True
11490,2022-05-24 13:05:00,-1,16113.7,11466,11462,11465,3,3.018787878788022,False
11505,2022-05-24 14:20:00,-1,16088.0,11494,11457,11492,0,-2.957878787878766,False
11542,2022-05-25 11:10:00,1,16152.95,11536,11528,11535,1,0.9909090909097801,True
11545,2022-05-25 11:25:00,-1,16119.05,11537,11527,11536,2,0.08242424242508646,False
11564,2022-05-25 13:00:00,-1,16040.0,11553,11508,11552,3,-4.708787878788101,True
11651,2022-05-27 12:10:00,-1,16222.4,11639,11632,11638,3,-2.0957575757574034,True
11653,2022-05-27 12:20:00,1,16265.0,11644,11639,11642,0,-1.4133333333327252,False
11661,2022-05-27 13:00:00,1,16289.0,11635,11627,11633,5,4.0236363636359584,True
11707,2022-05-30 10:35:00,1,16612.0,11704,11701,11703,2,2.299696969697395,True
11750,2022-05-30 14:10:00,-1,16617.0,11737,11728,11735,1,-1.5660606060599793,True
11765,2022-06-01 09:15:00,-1,16630.6,11763,11759,11762,0,-0.38121212121196735,False
11769,2022-06-01 09:35:00,-1,16584.65,11705,11702,11704,1,-4.003636363636304,True
11786,2022-06-01 11:00:00,-1,16584.15,11785,11780,11784,0,1.1921212121223577,False
11812,2022-06-01 13:10:00,-1,16540.0,11772,11765,11771,3,-1.0327272727273202,True
11812,2022-06-01 13:10:00,-1,16551.7,11805,11789,11804,1,-1.0327272727273202,True
11851,2022-06-02 10:10:00,1,16513.0,11849,11843,11848,1,4.590909090908841,True
11877,2022-06-02 12:20:00,1,16549.95,11873,11869,11872,1,1.8175757575758618,True
11879,2022-06-02 12:30:00,1,16580.0,11857,11811,11856,0,4.255151515150893,False
11893,2022-06-02 13:40:00,1,16583.5,11808,11799,11806,7,-0.43848484848420205,False
11894,2022-06-02 13:45:00,1,16593.0,11886,11880,11885,1,2.413030303030166,True
11897,2022-06-02 14:00:00,1,16605.0,11797,11793,11796,3,7.284545454546134,True
11897,2022-06-02 14:00:00,1,16608.65,11895,11785,11894,1,7.284545454546134,True
11915,2022-06-03 09:15:00,1,16674.0,11721,11715,11720,0,9.136060606060868,False
11915,2022-06-03 09:15:00,1,16656.2,11746,11730,11737,3,9.136060606060868,True
11915,2022-06-03 09:15:00,1,16661.75,11759,11725,11758,0,9.136060606060868,False
11915,2022-06-03 09:15:00,1,16645.0,11909,11766,11908,0,9.136060606060868,False
11954,2022-06-03 12:30:00,-1,16721.05,11938,11930,11937,1,-2.9063636363641963,True
11990,2022-06-06 09:15:00,-1,16578.95,11911,11895,11909,1,-4.131212121211347,True
12024,2022-06-06 12:05:00,1,16549.0,12000,11997,11999,1,3.5221212121216605,True
12065,2022-06-07 09:15:00,-1,16461.7,11863,11845,11862,1,-8.33696969696924,True
12065,2022-06-07 09:15:00,-1,16494.0,12009,12002,12008,6,-8.33696969696924,True
12065,2022-06-07 09:15:00,-1,16554.0,12039,12035,12038,0,-8.33696969696924,False
12065,2022-06-07 09:15:00,-1,16561.0,12053,12042,12052,0,-8.33696969696924,False
12087,2022-06-07 11:05:00,-1,16389.7,12086,12074,12085,0,-4.7233333333327385,False
12121,2022-06-07 13:55:00,-1,16400.0,12109,12105,12108,6,-0.2854545454544749,True
12127,2022-06-07 14:25:00,1,16433.0,12108,12102,12107,3,0.43636363636378234,True
12127,2022-06-07 14:25:00,1,16430.1,12117,12113,12116,1,0.43636363636378234,True
12144,2022-06-08 09:35:00,-1,16389.2,12112,12101,12111,3,-2.6900000000008157,True
12156,2022-06-08 10:35:00,1,16452.0,12129,12080,12127,1,6.67999999999969,True
12203,2022-06-08 14:30:00,-1,16353.6,12195,12090,12194,4,-1.307575757575568,True
12215,2022-06-09 09:15:00,-1,16326.0,12208,12204,12206,0,-2.629393939394025,False
12228,2022-06-09 10:20:00,1,16348.7,12224,12221,12223,0,0.8403030303029313,False
12254,2022-06-09 12:30:00,1,16385.0,12215,12195,12209,7,3.757272727273055,True
12255,2022-06-09 12:35:00,1,16392.3,12234,12193,12233,2,4.939090909091636,True
12290,2022-06-10 09:15:00,-1,16451.1,12287,12283,12285,0,-6.71969696969693,False
12292,2022-06-10 09:25:00,-1,16268.6,12291,12215,12290,0,-20.18515151515124,False
12300,2022-06-10 10:05:00,-1,16257.85,12297,12293,12296,2,-3.6736363636358798,True
12305,2022-06-10 10:30:00,1,16291.0,12298,12295,12297,1,0.7103030303040518,True
12314,2022-06-10 11:15:00,-1,16273.0,12311,12307,12310,2,-2.258484848484624,True
12359,2022-06-10 15:00:00,1,16243.0,12337,12332,12336,3,2.646363636363599,True
12386,2022-06-13 11:00:00,1,15807.7,12383,12373,12382,2,3.5227272727276735,True
12403,2022-06-13 12:25:00,-1,15776.6,12399,12393,12398,1,1.4306060606066513,False
12409,2022-06-13 12:55:00,-1,15761.05,12405,12378,12404,2,-2.7651515151518975,True
12437,2022-06-13 15:15:00,1,15767.95,12433,12414,12432,1,4.363636363636352,True
12500,2022-06-15 14:15:00,-1,15745.35,12492,12485,12491,0,-0.3160606060606058,False
12506,2022-06-15 14:45:00,-1,15735.0,12471,12467,12470,8,-4.251212121212558,True
12509,2022-06-15 15:00:00,-1,15722.05,12502,12464,12501,2,-1.7293939393928541,True
12509,2022-06-15 15:00:00,-1,15725.0,12508,12503,12507,0,-1.7293939393928541,False
12510,2022-06-15 15:05:00,-1,15707.5,12462,12449,12461,1,-2.430303030303232,True
12515,2022-06-16 09:15:00,1,15822.25,12392,12387,12391,0,3.1675757575762495,False
12515,2022-06-16 09:15:00,1,15796.0,12442,12405,12440,5,3.1675757575762495,True
12515,2022-06-16 09:15:00,1,15752.95,12506,12502,12505,0,3.1675757575762495,False
12539,2022-06-16 11:15:00,-1,15673.5,12427,12421,12425,1,-5.336363636363554,True
12579,2022-06-16 14:35:00,-1,15356.95,12577,12566,12576,0,-8.421212121211402,False
12650,2022-06-17 14:15:00,-1,15297.5,12644,12641,12643,3,1.771818181818207,False
12654,2022-06-17 14:35:00,1,15331.6,12643,12640,12642,8,-3.734545454545567,False
12657,2022-06-17 14:50:00,1,15366.5,12614,12606,12613,2,5.1496969696973665,True
12669,2022-06-20 09:35:00,-1,15258.0,12629,12624,12628,7,-4.140909090908665,True
12669,2022-06-20 09:35:00,-1,15257.0,12652,12638,12651,2,-4.140909090908665,True
12694,2022-06-20 11:40:00,1,15315.0,12689,12682,12687,4,3.4496969696972313,True
12730,2022-06-20 14:40:00,-1,15276.6,12715,12689,12714,5,-1.116363636363398,True
12740,2022-06-21 09:15:00,1,15427.65,12598,12577,12597,0,16.632121212121266,False
12740,2022-06-21 09:15:00,1,15399.95,12659,12599,12658,0,16.632121212121266,False
12740,2022-06-21 09:15:00,1,15384.0,12705,12665,12704,0,16.632121212121266,False
12746,2022-06-21 09:45:00,1,15494.8,12742,12563,12741,0,15.12727272727332,False
12768,2022-06-21 11:35:00,1,15606.9,12765,12755,12764,0,0.3969696969700982,False
12781,2022-06-21 12:40:00,1,15627.45,12775,12770,12774,2,1.6324242424241349,True
12805,2022-06-21 14:40:00,-1,15681.0,12803,12799,12801,0,-0.8800000000001933,False
12809,2022-06-21 15:00:00,-1,15641.15,12807,12784,12806,1,-6.46242424242444,True
12815,2022-06-22 09:15:00,-1,15570.0,12766,12758,12765,0,-7.860909090908574,False
12825,2022-06-22 10:05:00,-1,15434.95,12822,12743,12820,0,-6.253939393939451,False
12847,2022-06-22 11:55:00,-1,15451.0,12842,12829,12841,2,-1.7909090909086363,True
12936,2022-06-23 13:05:00,-1,15387.4,12890,12875,12884,1,-8.47393939393862,True
12964,2022-06-23 15:25:00,1,15591.95,12959,12956,12958,0,2.534545454545333,False
12974,2022-06-24 10:00:00,1,15716.75,12801,12796,12800,7,2.7587878787879827,True
13010,2022-06-24 13:00:00,1,15683.8,13007,12993,13006,0,5.504848484848429,False
13018,2022-06-24 13:40:00,-1,15646.1,13016,13009,13015,0,-1.3078787878789697,False
13023,2022-06-24 14:05:00,1,15699.55,13012,12985,13011,1,2.0618181818181887,True
13040,2022-06-27 09:15:00,1,15727.0,13025,12975,13024,5,11.98787878787861,True
13040,2022-06-27 09:15:00,1,15726.95,13038,13028,13037,1,11.98787878787861,True
13058,2022-06-27 10:45:00,-1,15866.4,13053,13041,13052,0,-0.5396969696965238,False
13068,2022-06-27 11:35:00,-1,15851.1,13062,13059,13061,0,0.5278787878788648,False
13084,2022-06-27 12:55:00,1,15889.4,13068,13063,13067,5,5.881212121212382,True
13086,2022-06-27 13:05:00,1,15906.0,13057,13049,13054,2,6.324848484848376,True
13098,2022-06-27 14:05:00,-1,15882.0,13096,13093,13095,0,-1.143939393938475,False
13109,2022-06-27 15:00:00,-1,15832.7,13073,13070,13072,2,-2.374242424241997,True
13187,2022-06-28 15:15:00,1,15847.4,13181,13156,13179,3,1.6181818181825054,True
13190,2022-06-29 09:15:00,-1,15710.0,13125,13038,13124,0,-4.78363636363534,False
13260,2022-06-29 15:05:00,-1,15778.0,13255,13231,13254,0,-3.8915151515153736,False
13269,2022-06-30 09:35:00,1,15852.15,13253,13250,13252,3,8.931818181817675,True
13288,2022-06-30 11:10:00,-1,15769.45,13287,13278,13286,0,-2.452424242424251,False
13300,2022-06-30 12:10:00,-1,15757.1,13230,13219,13229,10,-2.9660606060598385,True
13300,2022-06-30 12:10:00,-1,15743.65,13290,13213,13289,1,-2.9660606060598385,True
13304,2022-06-30 12:30:00,-1,15725.65,13302,13211,13301,1,-6.391818181817681,True
13313,2022-06-30 13:15:00,1,15785.0,13298,13295,13297,3,5.803030303030354,True
13324,2022-06-30 14:10:00,1,15830.6,13318,13283,13317,1,0.08181818181832247,True
13364,2022-07-01 11:15:00,1,15608.0,13361,13356,13360,1,1.7187878787880169,True
13376,2022-07-01 12:15:00,1,15629.0,13375,13365,13374,0,2.7909090909092558,False
13384,2022-07-01 12:55:00,1,15642.25,13382,13377,13380,1,0.9445454545457137,True
13405,2022-07-01 14:40:00,1,15696.0,13396,13389,13395,0,-0.13121212121187614,False
13474,2022-07-04 14:10:00,1,15763.05,13470,13465,13469,1,0.06696969696997626,True
13481,2022-07-04 14:45:00,1,15795.5,13477,13415,13476,0,3.695454545455068,False
13515,2022-07-05 11:20:00,1,15992.6,13511,13507,13510,0,-0.31575757575708857,False
13524,2022-07-05 12:05:00,1,15999.0,13523,13517,13522,0,0.4360606060605064,False
13530,2022-07-05 12:35:00,-1,15985.0,13524,13518,13523,0,0.9666666666672472,False
13534,2022-07-05 12:55:00,-1,15965.0,13532,13513,13531,0,-3.056060606060959,False
13592,2022-07-06 11:30:00,-1,15840.0,13579,13574,13578,0,-3.9536363636367247,False
13638,2022-07-06 15:20:00,1,15999.0,13619,13613,13618,1,12.544545454545865,True
13655,2022-07-07 10:30:00,1,16104.9,13653,13650,13652,1,3.7324242424242073,True
13685,2022-07-07 13:00:00,1,16117.65,13674,13669,13672,0,0.3763636363641302,False
13685,2022-07-07 13:00:00,1,16108.35,13681,13677,13680,1,0.3763636363641302,True
13692,2022-07-07 13:35:00,1,16132.95,13659,13640,13658,5,4.051818181817437,True
13699,2022-07-07 14:10:00,-1,16071.7,13665,13651,13664,2,-5.351818181817819,True
13699,2022-07-07 14:10:00,-1,16075.0,13677,13666,13676,2,-5.351818181817819,True
13748,2022-07-08 12:00:00,-1,16177.55,13742,13726,13741,1,-0.559393939393181,True
13767,2022-07-08 13:35:00,1,16220.0,13736,13732,13735,2,0.39939393939494056,True
13767,2022-07-08 13:35:00,1,16217.7,13759,13754,13758,1,0.39939393939494056,True
13816,2022-07-11 11:25:00,-1,16129.0,13808,13798,13807,1,-0.4090909090905042,True
13834,2022-07-11 12:55:00,1,16139.1,13832,13824,13831,1,0.7760606060607416,True
13837,2022-07-11 13:10:00,1,16153.25,13814,13810,13813,2,3.6345454545455835,True
13842,2022-07-11 13:35:00,1,16157.35,13805,13796,13804,5,1.7218181818188667,True
13853,2022-07-11 14:30:00,1,16240.0,13787,13768,13786,3,6.702424242424566,True
13853,2022-07-11 14:30:00,1,16237.2,13790,13721,13789,2,6.702424242424566,True
13861,2022-07-11 15:10:00,-1,16210.0,13860,13857,13859,0,-1.9296969696967197,False
13923,2022-07-12 14:05:00,1,16110.95,13921,13905,13920,0,1.051818181818976,False
13933,2022-07-12 14:55:00,-1,16077.05,13923,13916,13921,0,-2.6733333333339906,False
13950,2022-07-13 10:05:00,1,16125.5,13945,13940,13944,4,1.8133333333332307,True
13953,2022-07-13 10:20:00,-1,16108.45,13950,13945,13949,1,0.38303030303026286,False
13964,2022-07-13 11:15:00,1,16091.05,13961,13958,13960,0,0.28272727272710113,False
13980,2022-07-13 12:35:00,-1,16070.9,13963,13956,13962,0,-0.5681818181821463,False
14002,2022-07-13 14:25:00,1,16017.55,13996,13988,13995,5,3.35363636363669,True
14018,2022-07-14 09:30:00,1,16028.0,14005,13998,14002,2,5.171818181817748,True
14085,2022-07-14 15:05:00,1,15918.85,14081,14073,14080,1,5.27606060606043,True
14090,2022-07-15 09:15:00,1,15982.1,14053,14044,14052,4,9.47696969697017,True
14111,2022-07-15 11:00:00,-1,15968.1,14110,14099,14109,0,-2.6448484848481013,False
14132,2022-07-15 12:45:00,1,15967.45,14131,14126,14130,0,-1.1763636363634093,False
14149,2022-07-15 14:10:00,1,15998.5,14123,14107,14120,4,1.9066666666670613,True
14159,2022-07-15 15:00:00,1,16048.0,14156,14036,14155,0,2.8996969696965746,False
14165,2022-07-18 09:15:00,1,16142.45,13952,13928,13951,0,12.56393939393904,False
14165,2022-07-18 09:15:00,1,16109.0,13977,13966,13976,0,12.56393939393904,False
14396,2022-07-21 09:45:00,1,16541.95,14386,14379,14385,2,3.908787878787773,True
14415,2022-07-21 11:20:00,1,16578.4,14411,14357,14409,2,0.9233333333332813,True
14433,2022-07-21 12:50:00,1,16584.1,14432,14425,14431,0,-0.27696969696936785,False
14434,2022-07-21 12:55:00,-1,16566.1,14424,14414,14423,6,1.2142424242429373,False
14435,2022-07-21 13:00:00,-1,16557.05,14429,14405,14428,0,0.9521212121216436,False
14462,2022-07-21 15:15:00,1,16600.0,14455,14419,14454,2,0.8621212121212636,True
14481,2022-07-22 10:35:00,-1,16623.9,14478,14474,14477,0,0.16575757575744915,False
14518,2022-07-22 13:40:00,1,16691.65,14506,14468,14505,3,-0.49151515151493136,False
14543,2022-07-25 09:30:00,-1,16658.35,14513,14497,14511,3,-6.677272727272687,True
14543,2022-07-25 09:30:00,-1,16657.7,14541,14516,14540,0,-6.677272727272687,False
14561,2022-07-25 11:00:00,-1,16593.05,14559,14555,14558,0,-1.6699999999989044,False
14597,2022-07-25 14:00:00,1,16619.25,14560,14557,14559,6,-0.004545454544313592,False
14598,2022-07-25 14:05:00,1,16630.2,14590,14552,14588,1,1.4312121212123947,True
14615,2022-07-26 09:15:00,-1,16575.0,14576,14569,14575,2,-6.694848484848286,True
14618,2022-07-26 09:30:00,-1,16557.55,14460,14457,14459,4,-12.198484848484194,True
14624,2022-07-26 10:00:00,-1,16532.8,14622,14619,14621,1,-7.725454545454538,True
14652,2022-07-26 12:20:00,1,16549.45,14623,14620,14622,5,2.45969696969805,True
14654,2022-07-26 12:30:00,1,16553.35,14653,14648,14652,0,0.9445454545460048,False
14680,2022-07-26 14:40:00,-1,16507.4,14632,14445,14631,6,-0.08575757575724834,True
14680,2022-07-26 14:40:00,-1,16506.15,14673,14638,14672,1,-0.08575757575724834,True
14710,2022-07-27 10:55:00,1,16553.3,14704,14675,14702,3,2.7218181818184175,True
14719,2022-07-27 11:40:00,1,16560.75,14717,14708,14716,1,0.5042424242422461,True
14727,2022-07-27 12:20:00,-1,16554.0,14725,14722,14724,0,-0.2766666666664073,False
14733,2022-07-27 12:50:00,1,16574.85,14720,14666,14719,1,-0.023333333332869338,False
14744,2022-07-27 13:45:00,-1,16595.0,14741,14738,14740,0,1.6245454545455809,False
14786,2022-07-28 11:00:00,1,16852.75,14783,14779,14782,1,1.7418181818187024,True
14829,2022-07-28 14:35:00,-1,16895.45,14824,14817,14823,1,-1.7396969696970477,True
14835,2022-07-28 15:05:00,1,16924.75,14817,14808,14814,4,-1.7893939393937563,False
14835,2022-07-28 15:05:00,1,16920.0,14828,14825,14827,1,-1.7893939393937563,False
14883,2022-07-29 12:50:00,1,17149.65,14875,14868,14873,5,0.7718181818187614,True
14897,2022-07-29 14:00:00,-1,17119.9,14882,14869,14878,2,-1.6660606060601615,True
14900,2022-07-29 14:15:00,-1,17112.45,14896,14865,14892,3,-2.2706060606055147,True
14908,2022-07-29 14:55:00,1,17149.85,14907,14897,14906,0,2.0609090909097527,False
14909,2022-07-29 15:00:00,1,17173.15,14885,14847,14884,0,3.6254545454552494,False
14921,2022-08-01 09:45:00,1,17275.0,14918,14915,14917,0,5.8590909090914325,False
14953,2022-08-01 12:25:00,1,17313.85,14948,14936,14945,2,0.7503030303035155,True
14998,2022-08-02 09:55:00,-1,17281.85,14950,14930,14949,1,-6.699999999999548,True
15045,2022-08-02 13:50:00,1,17334.1,15028,15022,15026,2,4.79121212121322,True
15079,2022-08-03 10:25:00,-1,17283.0,15072,15041,15071,0,-2.132121212120404,False
15087,2022-08-03 11:05:00,-1,17269.9,15081,15035,15080,1,-1.8615151515145727,True
15126,2022-08-03 14:20:00,1,17344.4,15075,15072,15074,2,5.916060606061148,True
15139,2022-08-03 15:25:00,1,17420.0,15137,15056,15136,1,8.296060606060667,True
15167,2022-08-04 11:30:00,-1,17271.2,15120,15104,15118,0,-13.644848484848202,False
15170,2022-08-04 11:45:00,-1,17241.1,15002,14920,15001,2,-23.299393939393422,True
15170,2022-08-04 11:45:00,-1,17250.1,15093,15032,15092,4,-23.299393939393422,True
15207,2022-08-04 14:50:00,1,17355.55,15196,15189,15194,1,7.691818181818493,True
15217,2022-08-05 09:25:00,1,17467.05,15163,15152,15158,1,7.331515151515538,True
15237,2022-08-05 11:05:00,1,17495.0,15231,15224,15230,0,2.29000000000028,False
15257,2022-08-05 12:45:00,-1,17450.4,15248,15234,15247,0,-2.5872727272727767,False
15292,2022-08-08 09:25:00,1,17440.0,15285,15281,15284,1,-1.2345454545449646,False
15303,2022-08-08 10:20:00,1,17469.65,15297,15271,15296,1,2.6157575757582356,True
15306,2022-08-08 10:35:00,1,17489.0,15253,15249,15252,1,4.416363636363994,True
15317,2022-08-08 11:30:00,1,17514.35,15313,15238,15309,0,0.6330303030310235,False
15341,2022-08-08 13:30:00,1,17567.0,15334,15329,15333,2,-0.05787878787873735,False
15355,2022-08-08 14:40:00,-1,17545.0,15335,15332,15334,6,-2.3678787878788294,True
15355,2022-08-08 14:40:00,-1,17533.75,15354,15338,15353,0,-2.3678787878788294,False
15365,2022-08-10 09:15:00,-1,17542.0,15364,15358,15363,0,0.8469696969699211,False
15402,2022-08-10 12:20:00,1,17539.85,15397,15393,15396,1,-0.005151515151200689,False
15419,2022-08-10 13:45:00,-1,17514.45,15414,15405,15413,4,-1.8457575757565263,True
15422,2022-08-10 14:00:00,1,17546.25,15409,15401,15408,1,0.4721212121211903,True
15424,2022-08-10 14:10:00,1,17555.0,15384,15378,15383,1,3.89151515151524,True
15425,2022-08-10 14:15:00,1,17574.95,15363,15350,15359,2,5.503636363636687,True
15440,2022-08-11 09:15:00,1,17583.9,15369,15342,15365,1,8.433939393939994,True
15467,2022-08-11 11:30:00,-1,17698.1,15453,15444,15452,2,-1.0609090909087462,True
15514,2022-08-11 15:25:00,-1,17674.0,15509,15506,15508,2,-1.0321212121205223,True
15515,2022-08-12 09:15:00,-1,17663.25,15501,15466,15499,0,-1.3006060606056138,False
15526,2022-08-12 10:10:00,1,17701.0,15511,15507,15509,1,8.305757575757397,True
15540,2022-08-12 11:20:00,1,17713.0,15529,15503,15528,0,2.503636363636776,False
15556,2022-08-12 12:40:00,1,17711.35,15551,15545,15549,3,0.9378787878787112,True
15558,2022-08-12 12:50:00,1,17719.2,15478,15464,15477,6,2.121212121211229,True
15559,2022-08-12 12:55:00,1,17724.85,15461,15446,15455,2,3.258787878787566,True
15568,2022-08-12 13:40:00,1,17736.15,15450,15440,15449,2,0.1063636363635389,True
15568,2022-08-12 13:40:00,1,17735.7,15567,15560,15566,0,0.1063636363635389,False
15575,2022-08-12 14:15:00,-1,17726.05,15574,15571,15573,0,-0.07696969696936824,False
15577,2022-08-12 14:25:00,-1,17719.75,15568,15562,15567,2,-2.870909090909156,True
15590,2022-08-16 09:15:00,1,17740.0,15575,15572,15574,0,7.699090909091001,False
15709,2022-08-17 12:55:00,1,17955.0,15705,15691,15703,3,1.3124242424238772,True
15719,2022-08-17 13:45:00,-1,17943.95,15717,15705,15716,0,-0.13484848484802325,False
15730,2022-08-17 14:40:00,1,17964.85,15719,15711,15718,2,2.4272727272734484,True
15740,2022-08-18 09:15:00,-1,17937.85,15724,15699,15723,1,-2.9609090909092397,True
15780,2022-08-18 12:35:00,1,17896.0,15772,15769,15771,1,1.6287878787885126,True
15799,2022-08-18 14:10:00,1,17924.25,15792,15789,15791,0,-1.6006060606059092,False
15841,2022-08-19 11:25:00,-1,17858.85,15774,15767,15773,1,-10.589393939393657,True
15912,2022-08-22 11:05:00,-1,17567.0,15909,15904,15908,2,-1.5860606060603952,True
15934,2022-08-22 12:55:00,-1,17557.1,15933,15912,15932,0,-1.703939393939239,False
16023,2022-08-23 14:05:00,1,17599.0,15912,15905,15911,8,0.5054545454544777,True
16023,2022-08-23 14:05:00,1,17592.9,16022,16018,16021,0,0.5054545454544777,False
16026,2022-08-23 14:20:00,1,17605.7,15975,15930,15974,2,2.357272727272681,True
16034,2022-08-23 15:00:00,-1,17555.0,16029,16020,16028,2,-3.9184848484850052,True
16038,2022-08-23 15:20:00,1,17618.0,16028,16023,16026,0,2.0530303030310573,False
16062,2022-08-24 11:05:00,1,17607.55,16060,16054,16059,1,2.110303030302972,True
16072,2022-08-24 11:55:00,-1,17585.0,16068,16060,16067,0,-1.5006060606049718,False
16083,2022-08-24 12:50:00,-1,17555.0,16078,16073,16077,0,0.6190909090912946,False
16110,2022-08-24 15:05:00,1,17606.0,16108,16079,16107,1,2.500303030303056,True
16111,2022-08-24 15:10:00,1,17628.35,16069,16064,16068,0,3.9163636363638474,False
16137,2022-08-25 11:05:00,-1,17684.6,16135,16127,16133,0,0.04303030303028702,False
16151,2022-08-25 12:15:00,1,17712.0,16137,16128,16136,4,7.7842424242430095,True
16157,2022-08-25 12:45:00,1,17725.2,16153,16124,16152,0,0.21848484848511876,False
16173,2022-08-25 14:05:00,-1,17700.55,16163,16154,16162,4,-1.4160606060603151,True
16173,2022-08-25 14:05:00,-1,17700.0,16171,16164,16169,1,-1.4160606060603151,True
16203,2022-08-26 10:20:00,-1,17710.1,16201,16196,16200,1,-2.295454545454162,True
16217,2022-08-26 11:30:00,1,17698.6,16213,16210,16212,2,1.105151515152439,True
16223,2022-08-26 12:00:00,1,17712.9,16222,16217,16221,0,2.477575757576055,False
16239,2022-08-26 13:20:00,-1,17671.0,16212,16209,16211,7,-4.767575757575508,True
16239,2022-08-26 13:20:00,-1,17672.6,16228,16219,16227,3,-4.767575757575508,True
16301,2022-08-29 12:15:00,1,17393.0,16299,16274,16298,1,1.6990909090911466,True
16328,2022-08-29 14:30:00,-1,17371.35,16300,16296,16299,4,-4.849696969696435,True
16340,2022-08-30 09:15:00,1,17440.0,16321,16304,16320,0,4.328787878788985,False
16388,2022-08-30 13:15:00,1,17699.0,16265,16247,16262,3,6.303939393939467,True
16393,2022-08-30 13:40:00,1,17729.45,16235,16224,16234,1,4.794242424242138,True
16400,2022-08-30 14:15:00,1,17742.25,16395,16201,16394,0,0.5724242424241043,False
16407,2022-08-30 14:50:00,1,17769.0,16404,16192,16403,0,4.539393939393974,False
16445,2022-09-01 11:45:00,-1,17656.55,16439,16432,16438,1,-1.0881818181816276,True
16461,2022-09-01 13:05:00,-1,17582.25,16372,16365,16370,6,-4.241818181817864,True
16462,2022-09-01 13:10:00,-1,17570.0,16418,16361,16417,2,-6.152121212121096,True
16470,2022-09-01 13:50:00,-1,17529.0,16416,16356,16415,0,-2.902424242423965,False
16499,2022-09-02 10:00:00,-1,17524.95,16495,16485,16494,2,-11.941515151515466,True
16523,2022-09-02 12:00:00,1,17576.45,16509,16505,16508,1,2.111515151515703,True
16534,2022-09-02 12:55:00,1,17597.1,16525,16496,16524,6,0.8133333333327785,True
16547,2022-09-02 14:00:00,1,17630.0,16546,16539,16545,0,0.2778787878788337,False
16548,2022-09-02 14:05:00,1,17648.8,16458,16450,16457,1,2.45575757575715,True
16565,2022-09-05 09:15:00,1,17587.6,16562,16558,16561,0,-1.117878787878337,False
16568,2022-09-05 09:30:00,1,17657.75,16551,16548,16550,0,7.54606060606193,False
16600,2022-09-05 12:10:00,1,17697.2,16580,16576,16579,0,4.036060606060847,False
16601,2022-09-05 12:15:00,1,17700.35,16436,16433,16435,8,4.046969696970811,True
16634,2022-09-05 15:00:00,1,17716.85,16626,16611,16623,4,-0.6024242424238764,False
16640,2022-09-06 09:15:00,1,17725.0,16629,16607,16628,3,1.935454545454895,True
16644,2022-09-06 09:35:00,-1,17691.05,16631,16626,16630,2,5.632121212122615,False
16652,2022-09-06 10:15:00,-1,17648.0,16593,16586,16591,1,-9.529090909091076,True
16672,2022-09-06 11:55:00,1,17702.55,16671,16664,16670,0,1.99696969696985,False
16704,2022-09-06 14:35:00,-1,17704.7,16702,16698,16701,0,0.9481818181824428,False
16715,2022-09-07 09:15:00,-1,17656.2,16709,16665,16706,0,-6.476969696969494,False
16734,2022-09-07 10:50:00,-1,17575.0,16728,16723,16727,4,-1.842424242424579,True
16738,2022-09-07 11:10:00,-1,17555.0,16719,16563,16718,3,-4.3354545454543905,True
16746,2022-09-07 11:50:00,1,17609.5,16723,16717,16722,2,4.667272727273343,True
16778,2022-09-07 14:30:00,-1,17644.65,16776,16770,16775,0,-0.06818181818131908,False
16790,2022-09-08 09:15:00,1,17736.55,16704,16700,16703,0,7.718181818181295,False
16790,2022-09-08 09:15:00,1,17671.9,16774,16771,16773,2,7.718181818181295,True
16887,2022-09-09 11:05:00,-1,17917.0,16885,16877,16884,1,-2.553939393939047,True
16893,2022-09-09 11:35:00,-1,17893.0,16891,16869,16890,0,-2.8509090909091475,False
16937,2022-09-09 15:15:00,-1,17861.0,16930,16924,16928,0,-1.310303030302687,False
16940,2022-09-12 09:15:00,1,17897.0,16908,16897,16907,6,-3.2239393939390073,False
16944,2022-09-12 09:35:00,1,17936.95,16942,16886,16941,0,6.759090909090529,False
16945,2022-09-12 09:40:00,1,17946.95,16879,16865,16878,3,9.787272727271931,True
16973,2022-09-12 12:00:00,1,17990.0,16971,16967,16969,1,0.37303030303060375,True
16982,2022-09-12 12:45:00,-1,17984.05,16981,16977,16980,0,-0.21909090909052711,False
16997,2022-09-12 14:00:00,1,17994.95,16985,16979,16984,1,-0.08848484848527781,False
16997,2022-09-12 14:00:00,1,17992.6,16996,16991,16995,0,-0.08848484848527781,False
16998,2022-09-12 14:05:00,1,18004.85,16982,16975,16981,1,0.7296969696970735,True
17011,2022-09-12 15:10:00,-1,17973.0,16972,16963,16971,5,-1.706666666666507,True
17011,2022-09-12 15:10:00,-1,17975.25,16984,16968,16983,9,-1.706666666666507,True
17011,2022-09-12 15:10:00,-1,17973.8,16994,16988,16993,3,-1.706666666666507,True
17013,2022-09-12 15:20:00,-1,17960.35,16961,16956,16958,2,-2.9436363636362386,True
17040,2022-09-13 11:20:00,1,18087.1,17039,17033,17038,0,1.524545454545395,False
17090,2022-09-14 09:15:00,-1,18073.05,17044,17039,17043,0,-11.298484848484476,False
17090,2022-09-14 09:15:00,-1,18097.0,17070,17056,17067,4,-11.298484848484476,True
17109,2022-09-14 10:50:00,1,17940.2,17107,17101,17106,0,1.1442424242429128,False
17149,2022-09-14 14:10:00,1,18083.4,17143,17138,17142,0,-2.084242424241901,False
17161,2022-09-14 15:10:00,-1,18015.0,17147,17126,17145,0,-5.89636363636373,False
17183,2022-09-15 10:45:00,-1,17912.25,17105,17102,17104,1,-5.8369696969690255,True
17193,2022-09-15 11:35:00,1,17931.5,17192,17185,17191,0,2.086363636364073,False
17226,2022-09-15 14:20:00,1,17922.8,17225,17221,17224,0,2.221818181817657,False
17237,2022-09-15 15:15:00,-1,17882.05,17201,17184,17200,5,-6.835757575757919,True
17237,2022-09-15 15:15:00,-1,17890.0,17226,17223,17225,2,-6.835757575757919,True
17286,2022-09-16 13:05:00,-1,17665.0,17277,17249,17276,3,-3.361515151515458,True
17316,2022-09-19 09:20:00,-1,17526.0,17311,17301,17310,1,-6.530303030302447,True
17322,2022-09-19 09:50:00,1,17630.15,17306,17290,17305,2,7.149696969696719,True
17337,2022-09-19 11:05:00,-1,17645.45,17336,17329,17335,0,-0.2209090909098627,False
17365,2022-09-19 13:25:00,-1,17614.7,17360,17355,17359,1,-2.26878787878728,True
17371,2022-09-19 13:55:00,1,17665.0,17353,17349,17352,4,4.2363636363629125,True
17384,2022-09-19 15:00:00,-1,17616.1,17383,17378,17382,0,-3.003636363636033,False
17390,2022-09-20 09:15:00,1,17719.8,17272,17268,17271,0,8.647575757575744,False
17390,2022-09-20 09:15:00,1,17690.0,17333,17328,17332,1,8.647575757575744,True
17390,2022-09-20 09:15:00,1,17684.3,17341,17337,17340,0,8.647575757575744,False
17390,2022-09-20 09:15:00,1,17678.05,17376,17371,17375,0,8.647575757575744,False
17390,2022-09-20 09:15:00,1,17651.8,17384,17379,17383,2,8.647575757575744,True
17456,2022-09-20 14:45:00,-1,17864.6,17409,17404,17408,6,-3.8706060606056862,True
17457,2022-09-20 14:50:00,-1,17861.0,17445,17416,17444,1,-4.6172727272727725,True
17491,2022-09-21 11:25:00,-1,17799.0,17489,17486,17488,1,0.0393939393951706,False
17496,2022-09-21 11:50:00,-1,17741.35,17476,17465,17474,1,-6.699090909092242,True
17540,2022-09-22 09:15:00,-1,17664.45,17506,17503,17505,0,-6.850909090908839,False
17555,2022-09-22 10:30:00,-1,17622.4,17543,17387,17542,2,-8.810606060606098,True
17565,2022-09-22 11:20:00,-1,17596.05,17386,17366,17384,3,-1.1124242424239112,True
17565,2022-09-22 11:20:00,-1,17600.5,17556,17540,17555,1,-1.1124242424239112,True
17588,2022-09-22 13:15:00,1,17651.95,17560,17554,17559,2,7.756969696969204,True
17617,2022-09-23 09:25:00,-1,17544.8,17580,17575,17579,3,-11.395151515151161,True
17654,2022-09-23 12:30:00,-1,17415.0,17640,17627,17639,3,-4.443333333333271,True
17668,2022-09-23 13:40:00,-1,17381.1,17663,17656,17660,1,-0.0763636363640484,True
17724,2022-09-26 12:05:00,1,17057.4,17716,17708,17715,4,1.384242424242438,True
17750,2022-09-26 14:15:00,1,17117.35,17747,17743,17746,0,-1.6442424242423659,False
17759,2022-09-26 15:00:00,-1,17057.7,17751,17744,17750,1,-8.052121212120353,True
17775,2022-09-27 10:05:00,-1,17031.25,17774,17764,17773,0,-13.76030303030261,False
17784,2022-09-27 10:50:00,-1,17000.6,17781,17760,17780,0,-0.5530303030298576,False
17799,2022-09-27 12:05:00,1,17084.3,17782,17774,17781,1,10.342424242424313,True
17840,2022-09-28 09:15:00,-1,16971.0,17837,17830,17834,0,-3.34212121212164,False
17867,2022-09-28 11:30:00,1,16975.0,17854,17850,17853,2,7.233030303030674,True
17881,2022-09-28 12:40:00,-1,16973.0,17877,17870,17876,2,-3.137575757575558,True
17896,2022-09-28 13:55:00,-1,16947.5,17885,17865,17884,6,-1.3590909090912175,True
17896,2022-09-28 13:55:00,-1,16946.25,17895,17886,17894,0,-1.3590909090912175,False
17915,2022-09-29 09:15:00,1,16974.0,17899,17896,17898,0,3.0318181818185326,False
17930,2022-09-29 10:30:00,-1,16950.05,17925,17918,17924,2,-5.571818181817878,True
17960,2022-09-29 13:00:00,-1,16833.7,17915,17841,17914,2,-8.247272727272769,True
17979,2022-09-29 14:35:00,1,16852.5,17972,17967,17971,1,1.9578787878784059,True
18060,2022-09-30 15:05:00,-1,17092.7,18041,18032,18037,0,-9.09515151515099,False
18069,2022-10-03 09:35:00,-1,16992.5,18066,18025,18065,0,-9.372121212121245,False
18074,2022-10-03 10:00:00,-1,16963.0,18071,18021,18070,1,-13.10333333333287,True
18119,2022-10-03 13:45:00,-1,16970.0,18107,18104,18106,2,-4.788484848484893,True
18124,2022-10-03 14:10:00,-1,16940.0,18078,18016,18076,8,-7.213030303030236,True
18128,2022-10-03 14:30:00,-1,16927.1,18087,18012,18086,6,-5.621515151514495,True
18140,2022-10-04 09:15:00,1,17042.85,18109,18097,18108,0,15.705151515151206,False
18140,2022-10-04 09:15:00,1,17035.0,18115,18105,18114,0,15.705151515151206,False
18157,2022-10-04 10:40:00,1,17278.55,18155,18150,18154,0,2.728484848485082,False
18160,2022-10-04 10:55:00,-1,17246.1,18156,18151,18155,0,0.7069696969695876,False
18214,2022-10-04 15:25:00,1,17304.9,18200,18191,18199,1,3.9945454545460333,True
18274,2022-10-06 14:10:00,-1,17345.7,18246,18221,18245,0,-5.141818181817605,False
18283,2022-10-06 14:55:00,1,17344.3,18280,18277,18279,2,-0.5115151515153412,False
18289,2022-10-06 15:25:00,-1,17318.0,18281,18278,18280,3,-2.402424242424622,True
18322,2022-10-07 11:55:00,-1,17262.3,18318,18311,18317,0,-1.5312121212117578,False
18323,2022-10-07 12:00:00,-1,17253.05,18207,18174,18206,4,-2.5839393939394535,True
18323,2022-10-07 12:00:00,-1,17258.5,18291,18196,18290,6,-2.5839393939394535,True
18323,2022-10-07 12:00:00,-1,17247.0,18296,18177,18293,0,-2.5839393939394535,False
18345,2022-10-07 13:50:00,1,17295.1,18338,18313,18337,1,0.9030303030305181,True
18350,2022-10-07 14:15:00,1,17304.85,18334,18307,18332,4,3.829393939393974,True
18365,2022-10-10 09:15:00,-1,17217.1,18326,18161,18325,0,-12.35212121212109,False
18387,2022-10-10 11:05:00,1,17099.6,18386,18370,18385,0,-0.6396969696966202,False
18432,2022-10-10 14:50:00,1,17212.0,18430,18418,18428,1,9.00090909090867,True
18466,2022-10-11 11:25:00,1,17150.0,18465,18458,18463,0,0.803333333333081,False
18470,2022-10-11 11:45:00,1,17169.8,18468,18452,18467,1,3.7184848484843736,True
18480,2022-10-11 12:35:00,-1,17120.0,18466,18460,18465,2,-6.875454545454055,True
18502,2022-10-11 14:25:00,-1,17071.15,18387,18382,18386,0,-1.2415151515142837,False
18502,2022-10-11 14:25:00,-1,17082.15,18491,18481,18490,0,-1.2415151515142837,False
18507,2022-10-11 14:50:00,-1,17056.05,18370,18366,18369,9,-6.170909090908292,True
18507,2022-10-11 14:50:00,-1,17050.0,18505,18373,18504,0,-6.170909090908292,False
18565,2022-10-12 13:25:00,-1,17016.6,18563,18546,18562,0,-4.366363636363008,False
18570,2022-10-12 13:50:00,1,17055.55,18568,18561,18567,1,1.201818181818448,True
18598,2022-10-13 09:55:00,-1,17021.65,18596,18568,18595,0,-8.535757575758216,False
18621,2022-10-13 11:50:00,-1,16951.0,18536,18514,18535,2,-5.460606060605591,True
18634,2022-10-13 12:55:00,1,16985.95,18628,18619,18627,2,2.1103030303024624,True
18665,2022-10-14 09:15:00,1,17127.7,18501,18493,18500,2,12.130000000000164,True
18713,2022-10-14 13:15:00,-1,17278.85,18712,18709,18711,0,-7.186363636363444,False
18715,2022-10-14 13:25:00,1,17299.9,18713,18710,18712,0,-3.888484848484424,False
18721,2022-10-14 13:55:00,-1,17262.35,18714,18682,18713,1,-0.7278787878782044,True
18752,2022-10-17 10:15:00,1,17240.0,18733,18727,18732,0,13.567272727272828,False
18778,2022-10-17 12:25:00,1,17280.0,18771,18764,18770,3,1.2948484848485062,True
18789,2022-10-17 13:20:00,1,17310.0,18782,18719,18779,0,1.5557575757582236,False
18815,2022-10-18 09:15:00,1,17317.95,18810,18793,18809,2,9.298181818181995,True
18877,2022-10-18 14:25:00,-1,17475.0,18872,18840,18871,0,0.6357575757572697,False
18879,2022-10-18 14:35:00,-1,17466.45,18844,18820,18843,1,-1.5948484848473015,True
18890,2022-10-19 09:15:00,1,17520.9,18862,18850,18861,0,6.356666666667485,False
18890,2022-10-19 09:15:00,1,17508.3,18877,18872,18876,6,6.356666666667485,True
18895,2022-10-19 09:40:00,1,17568.0,18894,18891,18893,0,8.799999999999914,False
18917,2022-10-19 11:30:00,-1,17561.75,18902,18898,18901,2,-1.6190909090911794,True
18922,2022-10-19 11:55:00,-1,17546.55,18895,18892,18894,2,-2.5536363636361523,True
18957,2022-10-19 14:50:00,-1,17489.25,18937,18886,18936,0,-1.0357575757575135,False
18965,2022-10-20 09:15:00,-1,17452.75,18964,18878,18957,0,-4.464242424241668,False
19017,2022-10-20 13:35:00,-1,17462.5,19013,19005,19012,1,-1.3818181818174742,True
19028,2022-10-20 14:30:00,1,17496.8,19027,19008,19026,0,3.874848484848735,False
19037,2022-10-20 15:15:00,1,17547.2,18946,18931,18939,1,3.914848484848625,True
19040,2022-10-21 09:15:00,1,17599.35,18908,18905,18907,0,7.571515151515679,False
19066,2022-10-21 11:25:00,1,17626.75,19065,19058,19064,0,0.11181818181814908,False
19067,2022-10-21 11:30:00,1,17637.55,19053,19042,19052,1,1.2403030303038978,True
19092,2022-10-21 13:35:00,-1,17607.1,19055,19046,19054,0,-2.5248484848477095,False
19092,2022-10-21 13:35:00,-1,17611.1,19064,19056,19062,0,-2.5248484848477095,False
19092,2022-10-21 13:35:00,-1,17615.9,19082,19065,19080,0,-2.5248484848477095,False
19115,2022-10-25 09:15:00,1,17650.2,19086,19075,19085,1,16.236666666667112,True
19171,2022-10-25 13:55:00,1,17696.7,19170,19167,19169,0,3.285757575757716,False
19184,2022-10-25 15:00:00,-1,17680.05,19179,19170,19178,0,-0.34454545454523594,False
19190,2022-10-27 09:15:00,1,17714.15,19173,19134,19172,3,-0.4172727272726097,False
19252,2022-10-27 14:25:00,-1,17684.2,19238,19232,19237,2,-0.9769696969701844,True
19260,2022-10-27 15:05:00,1,17717.3,19245,19240,19244,3,0.5196969696969428,True
19318,2022-10-28 13:40:00,1,17809.0,19316,19311,19315,1,1.2218181818181162,True
19335,2022-10-28 15:05:00,1,17828.95,19307,19300,19306,2,1.8427272727280117,True
19340,2022-10-31 09:15:00,1,17838.3,19297,19291,19296,4,8.849999999999515,True
19378,2022-10-31 12:25:00,1,18029.95,19376,19367,19375,1,1.1372727272734868,True
19380,2022-10-31 12:35:00,-1,18019.05,19378,19374,19377,0,0.3675757575750328,False
19409,2022-10-31 15:00:00,1,18033.8,19379,19373,19378,0,2.6551515151517804,False
19409,2022-10-31 15:00:00,1,18030.0,19391,19385,19389,1,2.6551515151517804,True
19450,2022-11-01 12:10:00,-1,18188.15,19445,19430,19442,2,-0.2415151515151431,True
19455,2022-11-01 12:35:00,-1,18174.0,19452,19423,19451,1,-2.824848484848106,True
19481,2022-11-01 14:45:00,1,18188.75,19471,19452,19470,2,1.649393939394333,True
19511,2022-11-02 11:00:00,-1,18159.8,19495,19478,19494,5,-0.6451515151507645,True
19511,2022-11-02 11:00:00,-1,18155.0,19504,19473,19503,1,-0.6451515151507645,True
19532,2022-11-02 12:45:00,-1,18137.8,19530,19527,19529,0,-1.3300000000006056,False
19538,2022-11-02 13:15:00,1,18156.9,19532,19528,19531,0,-0.7496969696972218,False
19559,2022-11-02 15:00:00,1,18149.9,19555,19545,19554,0,0.6524242424250751,False
19565,2022-11-03 09:15:00,-1,18120.0,19545,19535,19544,4,-3.1503030303027515,True
19596,2022-11-03 11:50:00,-1,18096.0,19576,19570,19575,2,-4.943030303030643,True
19607,2022-11-03 12:45:00,-1,18081.05,19598,19594,19597,4,-1.421212121212202,True
19617,2022-11-03 13:35:00,1,18100.0,19616,19599,19615,0,3.6012121212120602,False
19662,2022-11-04 11:05:00,1,18094.0,19655,19651,19654,2,-0.1842424242422293,False
19702,2022-11-04 14:25:00,1,18140.45,19681,19678,19680,0,-0.45272727272779684,False
19702,2022-11-04 14:25:00,1,18132.45,19689,19686,19688,7,-0.45272727272779684,False
19702,2022-11-04 14:25:00,1,18133.95,19701,19696,19700,0,-0.45272727272779684,False
19705,2022-11-04 14:40:00,1,18150.0,19641,19590,19640,2,2.9787878787881925,True
19709,2022-11-04 15:00:00,1,18164.85,19540,19523,19539,3,4.721818181818365,True
19709,2022-11-04 15:00:00,1,18162.75,19581,19559,19579,4,4.721818181818365,True
19710,2022-11-04 15:05:00,1,18181.1,19510,19506,19509,1,5.286363636363433,True
19714,2022-11-04 15:25:00,1,18204.0,19712,19496,19711,1,7.310909090908977,True
19727,2022-11-07 10:15:00,-1,18192.05,19724,19712,19723,1,-5.779090909090831,True
19754,2022-11-07 12:30:00,-1,18202.1,19753,19748,19752,0,0.43000000000030547,False
19775,2022-11-07 14:15:00,1,18221.6,19744,19724,19743,1,10.677272727273484,True
19775,2022-11-07 14:15:00,1,18217.5,19752,19746,19749,4,10.677272727273484,True
19784,2022-11-07 15:00:00,1,18260.0,19783,19778,19782,0,3.56242424242343,False
19808,2022-11-09 10:45:00,-1,18270.2,19802,19799,19801,5,-1.417272727272548,True
19809,2022-11-09 10:50:00,-1,18265.0,19808,19803,19807,0,-1.9221212121206432,False
19844,2022-11-09 13:45:00,1,18278.5,19823,19808,19822,3,1.1778787878788723,True
19844,2022-11-09 13:45:00,1,18274.25,19838,19832,19837,2,1.1778787878788723,True
19854,2022-11-09 14:35:00,-1,18241.1,19820,19812,19819,5,-2.797575757575409,True
19855,2022-11-09 14:40:00,-1,18238.6,19784,19780,19783,4,-4.260303030302115,True
19868,2022-11-10 09:30:00,-1,18097.3,19670,19667,19669,1,-15.358484848484435,True
19868,2022-11-10 09:30:00,-1,18113.1,19696,19687,19695,6,-15.358484848484435,True
19868,2022-11-10 09:30:00,-1,18110.0,19699,19682,19698,1,-15.358484848484435,True
19868,2022-11-10 09:30:00,-1,18117.0,19767,19701,19766,3,-15.358484848484435,True
19882,2022-11-10 10:40:00,1,18105.0,19879,19875,19878,2,2.0648484848483943,True
19892,2022-11-10 11:30:00,1,18103.7,19890,19887,19889,1,0.10454545454480463,True
19898,2022-11-10 12:00:00,-1,18088.9,19887,19879,19886,1,1.3799999999998738,False
19901,2022-11-10 12:15:00,-1,18069.85,19874,19658,19872,0,-5.459090909090246,False
19925,2022-11-10 14:15:00,-1,18055.05,19922,19919,19921,1,0.5163636363640922,False
19933,2022-11-10 14:55:00,1,18072.45,19918,19905,19917,6,0.3090909090911961,True
19940,2022-11-11 09:15:00,1,18294.4,19803,19800,19802,2,18.93848484848461,True
19969,2022-11-11 11:40:00,1,18381.4,19963,19954,19962,2,0.9509090909092899,True
19976,2022-11-11 12:15:00,1,18389.35,19953,19947,19952,2,0.27878787878787964,True
19996,2022-11-11 13:55:00,1,18404.45,19991,19979,19990,0,-0.34515151515084574,False
20027,2022-11-14 10:15:00,-1,18400.0,20009,20003,20006,3,-5.18878787878759,True
20052,2022-11-14 12:20:00,1,18400.5,20049,20044,20048,2,0.7566666666671275,True
20064,2022-11-14 13:20:00,1,18415.9,20037,20034,20036,1,2.1575757575763057,True
20084,2022-11-14 15:00:00,-1,18385.1,20048,20042,20046,4,-4.3454545454544835,True
20087,2022-11-14 15:15:00,-1,18374.5,19993,19975,19992,2,-5.14545454545443,True
20089,2022-11-14 15:25:00,-1,18371.4,20087,19985,20085,1,-4.985454545454473,True
20096,2022-11-15 09:45:00,-1,18360.2,19952,19946,19948,6,0.5751515151510184,False
20096,2022-11-15 09:45:00,-1,18362.65,20089,19965,20088,0,0.5751515151510184,False
20119,2022-11-15 11:40:00,1,18368.55,20104,20100,20103,4,1.4545454545456713,True
20146,2022-11-15 13:55:00,-1,18385.1,20137,20132,20136,2,0.19848484848476958,False
20158,2022-11-15 14:55:00,1,18409.0,20145,20134,20143,5,2.508181818182183,True
20160,2022-11-15 15:05:00,1,18444.85,20076,20068,20074,1,4.727272727273008,True
20161,2022-11-15 15:10:00,1,18455.0,20021,20017,20020,1,5.7839393939394,True
20223,2022-11-16 14:05:00,-1,18452.0,20213,20206,20212,0,-0.37636363636351694,False
20289,2022-11-17 13:20:00,1,18448.35,20282,20249,20281,4,0.49121212121221913,True
20308,2022-11-17 14:55:00,-1,18435.05,20289,20282,20288,4,-0.8357575757569996,True
20310,2022-11-17 15:05:00,-1,18414.7,20279,20272,20276,0,-1.6866666666669152,False
20311,2022-11-17 15:10:00,-1,18376.0,20149,20130,20148,3,-3.440909090908087,True
20311,2022-11-17 15:10:00,-1,18387.5,20231,20155,20230,1,-3.440909090908087,True
20311,2022-11-17 15:10:00,-1,18403.5,20247,20171,20246,5,-3.440909090908087,True
20322,2022-11-18 09:50:00,-1,18346.0,20113,20107,20112,5,-2.396363636363706,True
20323,2022-11-18 09:55:00,-1,18342.2,20314,20097,20313,4,-4.463939393938532,True
20357,2022-11-18 12:45:00,1,18306.15,20354,20344,20352,0,1.388787878788198,False
20368,2022-11-18 13:40:00,-1,18288.0,20357,20354,20356,0,0.06757575757586604,False
20370,2022-11-18 13:50:00,-1,18272.5,20349,20338,20348,2,-3.5272727272723023,True
20379,2022-11-18 14:35:00,1,18317.85,20364,20358,20363,2,5.349393939395152,True
20384,2022-11-18 15:00:00,1,18328.9,20381,20366,20380,2,6.186666666667111,True
20407,2022-11-21 10:40:00,-1,18186.05,20405,20399,20404,1,-1.0384848484855618,True
20447,2022-11-21 14:00:00,1,18194.75,20437,20434,20436,4,2.953030303031109,True
20453,2022-11-21 14:30:00,-1,18175.0,20450,20444,20449,2,-1.5321212121201586,True
20456,2022-11-21 14:45:00,1,18198.9,20443,20426,20442,1,-1.7681818181824043,False
20469,2022-11-22 09:35:00,1,18207.95,20459,20447,20457,3,-0.28393939393884227,False
20469,2022-11-22 09:35:00,1,18210.0,20462,20402,20461,1,-0.28393939393884227,False
20584,2022-11-23 12:55:00,1,18303.75,20561,20556,20560,12,-0.2693939393938633,False
20588,2022-11-23 13:15:00,1,18307.1,20569,20549,20568,7,1.1784848484853545,True
20588,2022-11-23 13:15:00,1,18307.15,20587,20573,20586,0,1.1784848484853545,False
20602,2022-11-23 14:25:00,1,18315.5,20597,20589,20596,3,0.2769696969700796,True
20610,2022-11-23 15:05:00,-1,18289.5,20567,20558,20566,2,1.7230303030309577,False
20610,2022-11-23 15:05:00,-1,18301.0,20602,20594,20601,0,1.7230303030309577,False
20625,2022-11-24 10:05:00,1,18349.0,20624,20621,20623,0,5.357272727272082,False
20649,2022-11-24 12:05:00,1,18372.0,20636,20631,20635,0,0.9266666666663529,False
20666,2022-11-24 13:30:00,-1,18370.0,20657,20653,20655,2,-1.6718181818176805,True
20681,2022-11-24 14:45:00,-1,18389.0,20679,20676,20678,1,0.3666666666669315,False
20684,2022-11-24 15:00:00,1,18406.35,20680,20675,20679,1,0.12727272727244823,True
20722,2022-11-25 11:55:00,-1,18590.0,20696,20691,20694,5,-1.1745454545451468,True
20745,2022-11-25 13:50:00,1,18636.2,20709,20697,20708,4,1.1787878787883224,True
20758,2022-11-25 14:55:00,1,18650.9,20694,20690,20693,9,3.5260606060600823,True
20769,2022-11-28 09:35:00,1,18660.05,20749,20746,20748,6,-1.1066666666657503,False
20770,2022-11-28 09:40:00,1,18668.2,20762,20758,20761,2,0.736969696970055,True
20797,2022-11-28 11:55:00,1,18715.45,20796,20793,20795,0,2.4509090909094793,False
20823,2022-11-28 14:05:00,-1,18704.35,20797,20794,20796,0,0.6833333333338839,False
20842,2022-11-29 09:25:00,1,18737.0,20833,20810,20832,1,1.1463636363637615,True
20851,2022-11-29 10:10:00,1,18742.3,20822,20819,20821,9,0.11363636363651292,True
20891,2022-11-29 13:30:00,1,18792.6,20882,20875,20879,0,0.5669696969709556,False
20904,2022-11-29 14:35:00,-1,18759.85,20903,20872,20902,0,-2.6418181818182593,False
20938,2022-11-30 11:10:00,1,18752.5,20936,20925,20935,1,1.7842424242425539,True
20956,2022-11-30 12:40:00,1,18779.9,20921,20903,20915,3,0.6900000000002631,True
20960,2022-11-30 13:00:00,1,18781.2,20958,20946,20957,1,1.592121212121722,True
20977,2022-11-30 14:25:00,1,18797.65,20964,20891,20963,7,0.6139393939393548,True
20977,2022-11-30 14:25:00,1,18797.0,20974,20969,20973,2,0.6139393939393548,True
21027,2022-12-01 12:20:00,1,18968.8,21015,21012,21014,1,1.1624242424240268,True
21038,2022-12-01 13:15:00,1,18977.95,21034,21029,21032,0,-0.3084848484839984,False
21039,2022-12-01 13:20:00,-1,18963.6,21032,21028,21030,5,0.11393939393996004,False
21078,2022-12-02 10:20:00,-1,18831.25,21077,21073,21076,0,-3.095757575757987,False
21091,2022-12-02 11:25:00,-1,18813.65,21083,21079,21082,0,-0.2375757575755523,False
21096,2022-12-02 11:50:00,-1,18780.4,20971,20968,20970,5,-7.3715151515152835,True
21096,2022-12-02 11:50:00,-1,18773.2,21095,20974,21094,0,-7.3715151515152835,False
21109,2022-12-02 12:55:00,1,18792.65,21108,21095,21107,0,2.4578787878790607,False
21119,2022-12-02 13:45:00,1,18804.0,21113,21110,21112,0,-0.05212121212076285,False
21147,2022-12-05 09:50:00,-1,18741.5,20943,20936,20941,0,-6.128181818181443,False
21147,2022-12-05 09:50:00,-1,18757.0,21106,20951,21096,0,-6.128181818181443,False
21169,2022-12-05 11:40:00,1,18775.9,21168,21164,21167,0,3.1890909090909663,False
21175,2022-12-05 12:10:00,1,18785.5,21174,21169,21173,0,1.3330303030305686,False
21177,2022-12-05 12:20:00,1,18829.3,21129,21121,21127,1,3.8254545454547255,True
21178,2022-12-05 12:25:00,1,18844.4,21089,21077,21088,2,6.270606060606367,True
21193,2022-12-05 13:40:00,-1,18762.5,21169,21165,21168,1,-5.787272727273549,True
21266,2022-12-06 13:30:00,1,18739.4,21255,21243,21253,4,3.3178787878789677,True
21284,2022-12-06 15:00:00,1,18763.6,21235,21232,21234,1,0.021515151515051373,True
21284,2022-12-06 15:00:00,1,18755.5,21268,21223,21267,4,0.021515151515051373,True
21284,2022-12-06 15:00:00,1,18756.0,21279,21275,21278,1,0.021515151515051373,True
21291,2022-12-07 09:20:00,-1,18735.15,21281,21276,21280,2,-0.4272727272734761,True
21309,2022-12-07 10:50:00,-1,18680.15,21300,21217,21290,0,-4.956060606060244,False
21352,2022-12-07 14:25:00,1,18695.4,21347,21344,21346,1,-0.35303030303038363,False
21356,2022-12-07 14:45:00,1,18711.0,21342,21336,21341,0,3.0557575757573336,False
21361,2022-12-07 15:10:00,-1,18668.8,21333,21319,21332,2,0.39787878787961634,False
21407,2022-12-08 12:45:00,-1,18671.2,21395,21384,21394,3,-1.7451515151511314,True
21416,2022-12-08 13:30:00,1,18697.45,21392,21383,21389,4,3.4875757575759514,True
21416,2022-12-08 13:30:00,1,18698.6,21414,21401,21413,0,3.4875757575759514,False
21436,2022-12-08 15:10:00,1,18714.7,21431,21428,21430,2,0.17303030303131295,True
21453,2022-12-09 10:20:00,-1,18698.05,21430,21427,21429,4,-3.1354545454551346,True
21464,2022-12-09 11:15:00,-1,18660.1,21461,21369,21460,1,-1.5427272727270445,True
21479,2022-12-09 12:30:00,-1,18650.4,21408,21362,21407,1,-0.3760606060598871,True
21499,2022-12-09 14:10:00,-1,18560.0,21498,21494,21497,0,-2.2869696969695177,False
21524,2022-12-12 10:00:00,1,18604.0,21492,21486,21491,4,15.575454545455102,True
21557,2022-12-12 12:45:00,-1,18596.05,21556,21549,21555,0,0.40030303030324316,False
21562,2022-12-12 13:10:00,-1,18590.2,21559,21547,21558,1,-2.176969696969802,True
21584,2022-12-12 15:00:00,1,18576.0,21575,21572,21574,2,2.4806060606062132,True
21590,2022-12-13 09:15:00,1,18615.0,21561,21557,21560,3,6.92363636363695,True
21590,2022-12-13 09:15:00,1,18621.75,21588,21553,21587,0,6.92363636363695,False
21610,2022-12-13 10:55:00,1,18630.0,21606,21596,21605,0,1.0603030303029455,False
21611,2022-12-13 11:00:00,1,18638.65,21535,21532,21534,5,1.4927272727275835,True
21619,2022-12-13 11:40:00,1,18682.55,21470,21461,21469,8,6.3660606060604845,True
21688,2022-12-14 11:10:00,1,18784.4,21685,21681,21684,1,1.140606060606202,True
21702,2022-12-14 12:20:00,-1,18784.9,21700,21697,21699,0,-0.19030303030299034,False
21709,2022-12-14 12:55:00,-1,18770.4,21687,21683,21686,4,-2.931515151514961,True
21717,2022-12-14 13:35:00,-1,18761.9,21711,21679,21710,1,-0.5733333333327608,True
21771,2022-12-15 11:50:00,-1,18643.05,21768,21761,21767,1,-0.21363636363648728,True
21779,2022-12-15 12:30:00,-1,18607.0,21774,21607,21773,0,-3.787575757575279,False
21825,2022-12-16 10:05:00,-1,18416.0,21824,21821,21823,0,-4.365757575757306,False
21851,2022-12-16 12:15:00,1,18403.0,21843,21831,21842,2,0.9348484848485433,True
21855,2022-12-16 12:35:00,1,18448.0,21825,21822,21824,2,7.952727272727429,True
21876,2022-12-16 14:20:00,-1,18359.55,21874,21848,21873,0,-5.5878787878791485,False
21885,2022-12-16 15:05:00,-1,18327.0,21838,21834,21836,3,-1.3430303030301043,True
21899,2022-12-19 10:00:00,1,18392.4,21897,21894,21896,1,7.124242424242672,True
21902,2022-12-19 10:15:00,1,18415.0,21901,21874,21900,0,6.530606060605833,False
21918,2022-12-19 11:35:00,1,18430.9,21909,21903,21908,0,2.8375757575759835,False
21925,2022-12-19 12:10:00,1,18450.75,21923,21866,21919,0,2.3251515151521795,False
21954,2022-12-19 14:35:00,1,18488.85,21858,21819,21857,0,-0.6039393939393423,False
21954,2022-12-19 14:35:00,1,18468.0,21930,21926,21929,2,-0.6039393939393423,False
21954,2022-12-19 14:35:00,1,18464.95,21951,21945,21950,0,-0.6039393939393423,False
21968,2022-12-20 09:30:00,-1,18308.6,21894,21887,21890,0,-21.160606060605673,False
21986,2022-12-20 11:00:00,-1,18254.25,21983,21978,21982,1,-0.8651515151515999,True
21999,2022-12-20 12:05:00,1,18278.0,21985,21979,21984,0,-0.2636363636364654,False
22069,2022-12-21 11:40:00,1,18433.6,22068,22064,22067,0,2.6996969696971784,False
22095,2022-12-21 13:50:00,-1,18282.15,22018,22013,22017,0,-2.546060606059816,False
22126,2022-12-22 10:10:00,-1,18237.0,22101,21996,22100,5,-0.7903030303030992,True
22126,2022-12-22 10:10:00,-1,18231.9,22121,21987,22119,0,-0.7903030303030992,False
22151,2022-12-22 12:15:00,1,18144.65,22150,22147,22149,0,-3.476363636363376,False
22158,2022-12-22 12:50:00,-1,18123.0,22149,22146,22148,1,0.19393939393958773,False
22172,2022-12-22 14:00:00,1,18215.0,22140,22133,22139,3,4.856363636363393,True
22190,2022-12-23 09:15:00,-1,18144.0,22182,22165,22181,2,-3.6051515151507667,True
22233,2022-12-23 12:50:00,-1,17961.8,22232,22228,22231,0,0.6657575757576193,False
22241,2022-12-23 13:30:00,-1,17940.0,22240,22233,22239,0,-1.9260606060600989,False
22285,2022-12-26 10:55:00,1,17993.55,22230,22227,22229,5,2.399393939394535,True
22285,2022-12-26 10:55:00,1,17987.6,22237,22232,22236,8,2.399393939394535,True
22290,2022-12-26 11:20:00,1,17999.85,22287,22271,22286,0,2.043636363636402,False
22317,2022-12-26 13:35:00,1,18028.0,22214,22211,22213,3,1.5133333333336358,True
22317,2022-12-26 13:35:00,1,18028.0,22302,22296,22301,0,1.5133333333336358,False
22328,2022-12-26 14:30:00,1,18047.0,22327,22317,22326,0,3.414545454545941,False
22346,2022-12-27 09:45:00,-1,17982.0,22309,22304,22308,1,-0.02272727272735033,True
22346,2022-12-27 09:45:00,-1,17995.9,22340,22321,22336,2,-0.02272727272735033,True
22346,2022-12-27 09:45:00,-1,17988.0,22345,22315,22344,0,-0.02272727272735033,False
22359,2022-12-27 10:50:00,1,18053.3,22357,22345,22356,1,5.670303030303446,True
22376,2022-12-27 12:15:00,1,18072.0,22366,22362,22365,4,2.632121212121371,True
22451,2022-12-28 12:15:00,1,18148.0,22408,22341,22407,15,3.0421212121215686,True
22463,2022-12-28 13:15:00,-1,18125.85,22457,22452,22456,2,-1.019696969697898,True
22469,2022-12-28 13:45:00,1,18152.05,22427,22412,22426,11,0.7642424242417194,True
22469,2022-12-28 13:45:00,1,18156.2,22456,22447,22455,1,0.7642424242417194,True
22482,2022-12-28 14:50:00,-1,18116.35,22465,22443,22463,0,-0.9551515151516781,False
22490,2022-12-29 09:15:00,-1,18027.6,22370,22364,22369,4,-4.808787878787414,True
22495,2022-12-29 09:40:00,-1,18014.0,22492,22383,22491,0,-14.435454545454881,False
22517,2022-12-29 11:30:00,-1,18003.9,22511,22508,22510,3,0.2678787878793001,False
22519,2022-12-29 11:40:00,1,18023.95,22508,22498,22507,0,-0.2812121212122454,False
22519,2022-12-29 11:40:00,1,18020.0,22515,22509,22514,2,-0.2812121212122454,False
22559,2022-12-29 15:00:00,1,18178.4,22474,22470,22473,0,8.507575757576657,False
22559,2022-12-29 15:00:00,1,18168.0,22482,22477,22480,0,8.507575757576657,False
22589,2022-12-30 11:15:00,-1,18315.0,22588,22577,22587,0,-2.2366666666655086,False
22605,2022-12-30 12:35:00,1,18303.65,22603,22599,22602,0,0.4609090909084959,False
22656,2023-01-02 10:35:00,1,18249.9,22651,22648,22650,2,0.47787878787795307,True
22678,2023-01-02 12:25:00,-1,18249.1,22669,22658,22666,3,-0.225151515151121,True
22700,2023-01-02 14:15:00,-1,18225.0,22653,22649,22652,2,-1.76545454545399,True
22700,2023-01-02 14:15:00,-1,18229.25,22685,22654,22684,0,-1.76545454545399,False
22700,2023-01-02 14:15:00,-1,18234.65,22698,22678,22697,0,-1.76545454545399,False
22706,2023-01-02 14:45:00,1,18270.0,22677,22669,22676,2,-1.2848484848486237,False
22706,2023-01-02 14:45:00,1,18253.3,22700,22696,22699,0,-1.2848484848486237,False
22726,2023-01-03 10:10:00,1,18292.2,22634,22624,22633,2,6.844545454545276,True
22739,2023-01-03 11:15:00,1,18304.0,22728,22615,22727,7,1.1642424242420977,True
22748,2023-01-03 12:00:00,-1,18280.3,22734,22729,22733,1,-2.07333333333388,True
22794,2023-01-04 09:35:00,-1,18260.4,22793,22768,22790,0,-5.165454545453738,False
22812,2023-01-04 11:05:00,-1,18164.7,22800,22643,22799,0,-3.5784848484849765,False
22856,2023-01-04 14:45:00,-1,18121.0,22854,22839,22853,1,-8.210909090908533,True
22875,2023-01-05 10:05:00,-1,18092.0,22873,22866,22871,0,-4.7506060606055485,False
22891,2023-01-05 11:25:00,-1,18088.85,22864,22859,22863,5,-2.613939393939304,True
22892,2023-01-05 11:30:00,-1,18083.2,22858,22825,22857,4,-2.704848484847587,True
22931,2023-01-05 14:45:00,1,18043.45,22929,22912,22928,1,4.511212121212026,True
22943,2023-01-06 09:30:00,1,18098.3,22941,22894,22940,1,1.5866666666665659,True
22948,2023-01-06 09:55:00,-1,18050.65,22942,22939,22941,1,2.112727272727672,False
22956,2023-01-06 10:35:00,-1,18019.9,22953,22929,22952,1,-7.758787878786884,True
22966,2023-01-06 11:25:00,-1,17982.15,22964,22924,22963,0,-4.05909090909077,False
23015,2023-01-09 09:15:00,1,18028.75,22974,22970,22972,0,8.317878787879568,False
23022,2023-01-09 09:50:00,1,18119.4,22943,22889,22942,7,21.213939393939636,True
23023,2023-01-09 09:55:00,1,18132.0,23021,22944,23020,1,17.453030303030907,True
23027,2023-01-09 10:15:00,1,18164.35,23026,22877,23025,0,8.08121212121201,False
23037,2023-01-09 11:05:00,1,18190.0,23029,22869,23028,5,0.6075757575756904,True
23038,2023-01-09 11:10:00,1,18192.75,22851,22848,22850,8,1.5469696969699858,True
23038,2023-01-09 11:10:00,1,18193.0,23035,23032,23034,1,1.5469696969699858,True
23048,2023-01-09 12:00:00,-1,18208.9,23046,23043,23045,0,1.3096969696969656,False
23060,2023-01-09 13:00:00,-1,18173.7,23057,23035,23056,2,-3.1142424242425077,True
23062,2023-01-09 13:10:00,-1,18167.0,23034,23031,23033,3,-1.865151515151799,True
23128,2023-01-10 12:25:00,1,18037.0,23127,23113,23125,0,2.656060606060624,False
23143,2023-01-10 13:40:00,-1,17950.0,23140,23134,23139,0,-1.0181818181815483,False
23166,2023-01-11 09:20:00,-1,17925.05,23145,23013,23143,2,0.79575757575776,False
23175,2023-01-11 10:05:00,1,18000.0,23162,23147,23161,5,10.30454545454521,True
23179,2023-01-11 10:25:00,1,18048.0,23130,23111,23129,2,12.178787878788492,True
23224,2023-01-11 14:10:00,-1,17944.65,23195,23187,23194,1,-5.536666666666829,True
23243,2023-01-12 09:30:00,1,18010.0,23241,23198,23240,0,1.8330303030305213,False
23249,2023-01-12 10:00:00,-1,17930.1,23227,23223,23225,0,-4.9490909090910025,False
23249,2023-01-12 10:00:00,-1,17949.0,23240,23235,23237,3,-4.9490909090910025,True
23263,2023-01-12 11:10:00,-1,17873.3,23260,23256,23259,0,-0.9163636363643192,False
23283,2023-01-12 12:50:00,1,17904.0,23263,23258,23262,0,1.9072727272721541,False
23316,2023-01-13 09:20:00,-1,17881.55,23309,23306,23308,1,0.055757575758247545,False
23333,2023-01-13 10:45:00,1,17884.95,23330,23322,23329,2,4.323030303030925,True
23348,2023-01-13 12:00:00,1,17903.3,23342,23337,23341,3,1.459696969697645,True
23350,2023-01-13 12:10:00,1,17910.0,23335,23319,23334,3,2.6906060606059645,True
23351,2023-01-13 12:15:00,1,17928.8,23308,23301,23307,7,4.1381818181819785,True
23360,2023-01-13 13:00:00,1,18019.95,23245,23233,23244,2,8.96878787878731,True
23369,2023-01-13 13:45:00,1,18065.0,23365,23180,23364,1,2.8572727272728544,True
23396,2023-01-16 09:45:00,-1,18001.1,23395,23385,23394,0,-0.4675757575757237,False
23414,2023-01-16 11:15:00,-1,17995.0,23413,23402,23412,0,-1.249393939394602,False
23425,2023-01-16 12:10:00,-1,17958.3,23416,23355,23415,3,-1.8157575757574382,True
23436,2023-01-16 13:05:00,1,17960.0,23432,23428,23430,0,-0.575757575757216,False
23445,2023-01-16 13:50:00,-1,17927.15,23435,23429,23434,0,-2.51939393939383,False
23468,2023-01-17 09:30:00,1,17990.85,23442,23417,23441,1,5.623636363636288,True
23469,2023-01-17 09:35:00,1,18023.75,23408,23404,23407,4,8.087575757575959,True
23471,2023-01-17 09:45:00,1,18033.9,23402,23399,23401,2,9.805151515152014,True
23480,2023-01-17 10:30:00,1,18072.9,23478,23475,23477,0,3.7760606060606268,False
23483,2023-01-17 10:45:00,-1,18043.35,23480,23476,23479,0,0.9887878787876051,False
23502,2023-01-17 12:20:00,-1,18039.0,23500,23496,23499,0,0.1772727272722703,False
23506,2023-01-17 12:40:00,-1,18014.35,23490,23487,23489,0,-4.307272727271364,False
23529,2023-01-17 14:35:00,1,18049.0,23527,23520,23526,0,2.0099999999998075,False
23534,2023-01-17 15:00:00,1,18056.1,23530,23500,23529,3,1.4799999999997582,True
23558,2023-01-18 10:45:00,1,18159.95,23554,23551,23553,1,0.3584848484855945,True
23580,2023-01-18 12:35:00,-1,18194.55,23578,23571,23577,1,0.35212121212168096,False
23587,2023-01-18 13:10:00,-1,18183.95,23582,23567,23581,3,-1.5045454545449162,True
23593,2023-01-18 13:40:00,1,18213.8,23576,23569,23575,3,3.0012121212124314,True
23657,2023-01-19 12:45:00,-1,18139.5,23650,23647,23649,4,-0.2642424242418184,True
23668,2023-01-19 13:40:00,1,18149.8,23667,23661,23666,0,1.7548484848490977,False
23676,2023-01-19 14:20:00,-1,18117.2,23665,23658,23663,0,-0.03303030302964022,False
23695,2023-01-20 09:40:00,-1,18097.65,23690,23678,23689,3,-0.4799999999999334,True
23707,2023-01-20 10:40:00,1,18157.0,23651,23648,23650,11,6.581818181818311,True
23707,2023-01-20 10:40:00,1,18161.95,23676,23654,23675,0,6.581818181818311,False
23746,2023-01-20 13:55:00,-1,18103.55,23733,23723,23732,2,-3.1115151515155923,True
23747,2023-01-20 14:00:00,-1,18081.0,23628,23539,23626,3,-5.182727272727087,True
23753,2023-01-20 14:30:00,-1,18070.8,23752,23542,23751,0,-3.76757575757549,False
23765,2023-01-23 09:15:00,1,18091.95,23753,23750,23752,0,2.200000000000573,False
23768,2023-01-23 09:30:00,1,18144.4,23740,23717,23739,0,8.165757575758242,False
23771,2023-01-23 09:45:00,1,18170.8,23709,23645,23708,0,13.631212121212224,False
23782,2023-01-23 10:40:00,-1,18173.3,23780,23776,23779,1,-0.6742424242423916,True
23796,2023-01-23 11:50:00,-1,18162.0,23790,23783,23789,3,-0.5790909090909652,True
23840,2023-01-24 09:15:00,1,18187.9,23781,23778,23780,2,1.656060606060998,True
23873,2023-01-24 12:00:00,-1,18156.05,23866,23851,23865,2,-1.5596969696964402,True
23891,2023-01-24 13:30:00,-1,18136.55,23831,23825,23830,3,-2.0057575757572126,True
23972,2023-01-25 14:00:00,1,17940.0,23970,23958,23969,0,2.3830303030312376,False
23984,2023-01-25 15:00:00,-1,17880.0,23982,23956,23981,0,-3.844242424242186,False
24016,2023-01-27 11:25:00,-1,17775.65,24014,24003,24013,0,-7.402727272727129,False
24045,2023-01-27 13:50:00,-1,17622.35,24035,24031,24034,0,-5.0381818181815605,False
24066,2023-01-30 09:20:00,1,17714.7,24064,24039,24063,0,-2.0321212121213392,False
24106,2023-01-30 12:40:00,-1,17652.0,24087,24083,24086,7,-10.482727272726683,True
24106,2023-01-30 12:40:00,-1,17653.0,24096,24092,24095,2,-10.482727272726683,True
24149,2023-01-31 10:00:00,-1,17667.6,24147,24143,24146,1,-11.085757575757816,True
24211,2023-01-31 15:10:00,1,17802.05,24191,24140,24190,6,5.1069696969708165,True
24250,2023-02-01 12:10:00,-1,17878.55,24249,24246,24248,0,1.1769696969699153,False
24252,2023-02-01 12:20:00,1,17930.4,24219,23994,24215,5,-4.150303030303016,False
24252,2023-02-01 12:20:00,1,17915.0,24250,24247,24249,0,-4.150303030303016,False
24268,2023-02-01 13:40:00,-1,17823.15,24241,24219,24240,1,-24.59242424242367,True
24280,2023-02-01 14:40:00,-1,17636.25,24152,24129,24151,0,-15.200909090908466,False
24280,2023-02-01 14:40:00,-1,17654.85,24163,24153,24162,1,-15.200909090908466,True
24323,2023-02-02 12:00:00,1,17715.55,24317,24313,24316,2,2.63757575757632,True
24329,2023-02-02 12:30:00,-1,17653.15,24320,24314,24319,1,-4.568484848484809,True
24365,2023-02-03 09:15:00,1,17742.35,24298,24286,24297,1,3.923333333333423,True
24365,2023-02-03 09:15:00,1,17708.35,24361,24356,24360,1,3.923333333333423,True
24378,2023-02-03 10:20:00,-1,17697.0,24374,24369,24373,0,0.7515151515150725,False
24381,2023-02-03 10:35:00,-1,17665.2,24365,24361,24364,2,-6.027272727271515,True
24382,2023-02-03 10:40:00,-1,17645.1,24360,24353,24359,0,-8.499696969696082,False
24402,2023-02-03 12:20:00,1,17752.65,24378,24374,24377,1,7.977272727272817,True
24422,2023-02-03 14:00:00,1,17798.6,24419,24407,24418,1,4.525454545455027,True
24434,2023-02-03 15:00:00,1,17900.0,24433,24430,24432,0,10.270606060605168,False
24465,2023-02-06 11:20:00,1,17789.8,24463,24457,24462,1,1.5681818181819973,True
24490,2023-02-06 13:25:00,1,17797.4,24486,24477,24485,2,1.1145454545451472,True
24492,2023-02-06 13:35:00,1,17810.0,24491,24474,24490,0,2.1766666666667183,False
24515,2023-02-07 09:15:00,1,17833.9,24494,24449,24493,3,1.3339393939392756,True
24550,2023-02-07 12:10:00,-1,17784.0,24509,24491,24507,7,-2.3751515151510625,True
24551,2023-02-07 12:15:00,-1,17762.95,24470,24463,24469,1,-2.64303030303102,True
24551,2023-02-07 12:15:00,-1,17766.6,24480,24476,24478,3,-2.64303030303102,True
24551,2023-02-07 12:15:00,-1,17777.35,24549,24545,24548,1,-2.64303030303102,True
24555,2023-02-07 12:35:00,-1,17751.0,24457,24444,24455,4,-4.61818181818163,True
24557,2023-02-07 12:45:00,-1,17737.75,24417,24410,24416,3,-5.725454545454176,True
24579,2023-02-07 14:35:00,1,17798.9,24550,24546,24549,2,1.9024242424247093,True
24590,2023-02-08 09:15:00,1,17830.0,24584,24539,24583,0,-4.2499999999997415,False
24653,2023-02-08 14:30:00,1,17927.65,24601,24434,24600,12,2.1699999999997805,True
24665,2023-02-09 09:15:00,-1,17880.65,24633,24617,24632,2,-3.1503030303030832,True
24665,2023-02-09 09:15:00,-1,17882.05,24645,24634,24642,0,-3.1503030303030832,False
24670,2023-02-09 09:40:00,-1,17839.45,24669,24608,24668,0,-8.215757575757406,False
24678,2023-02-09 10:20:00,1,17907.3,24677,24674,24676,0,8.839393939394203,False
24691,2023-02-09 11:25:00,1,17928.0,24683,24679,24682,1,2.021515151514683,True
24700,2023-02-09 12:10:00,-1,17891.05,24686,24677,24685,1,-3.8499999999995813,True
24716,2023-02-09 13:30:00,1,17892.1,24715,24708,24714,0,-0.04939393939373075,False
24720,2023-02-09 13:50:00,1,17935.25,24642,24620,24641,9,6.213939393940352,True
24720,2023-02-09 13:50:00,1,17939.35,24660,24654,24659,1,6.213939393940352,True
24741,2023-02-10 09:20:00,-1,17867.45,24716,24706,24715,1,-5.870909090908363,True
24769,2023-02-10 11:40:00,-1,17876.35,24768,24763,24767,0,0.25393939393984916,False
24793,2023-02-10 13:40:00,1,17867.8,24792,24778,24791,0,0.17212121212128703,False
24815,2023-02-13 09:15:00,1,17888.85,24814,24768,24810,0,1.4927272727265684,False
24818,2023-02-13 09:30:00,-1,17844.7,24790,24775,24788,1,-0.999999999999721,True
24818,2023-02-13 09:30:00,-1,17847.0,24793,24785,24792,1,-0.999999999999721,True
24818,2023-02-13 09:30:00,-1,17849.3,24816,24806,24815,1,-0.999999999999721,True
24878,2023-02-13 14:30:00,1,17805.35,24867,24847,24866,4,0.7972727272734201,True
24913,2023-02-14 11:10:00,1,17869.95,24909,24902,24908,1,0.5975757575762797,True
24924,2023-02-14 12:05:00,1,17900.5,24817,24766,24816,0,3.2627272727277306,False
24988,2023-02-15 11:10:00,1,17960.0,24983,24979,24982,0,1.1993939393945023,False
24990,2023-02-15 11:20:00,1,17969.9,24955,24947,24954,1,2.3460606060607483,True
25028,2023-02-15 14:30:00,1,17975.0,24996,24993,24995,2,2.888181818181772,True
25028,2023-02-15 14:30:00,1,17971.7,25026,25010,25025,1,2.888181818181772,True
25079,2023-02-16 12:30:00,-1,18103.7,25073,25055,25072,4,-1.5772727272721505,True
25151,2023-02-17 12:15:00,-1,17986.5,25145,25138,25142,1,-0.3496969696966,True
25159,2023-02-17 12:55:00,-1,17955.4,25117,25026,25115,3,-3.0218181818183742,True
25166,2023-02-17 13:30:00,-1,17935.45,24987,24980,24985,12,-3.2975757575754243,True
25166,2023-02-17 13:30:00,-1,17930.5,25020,25000,25019,3,-3.2975757575754243,True
25195,2023-02-20 09:40:00,1,17982.8,25192,25155,25191,0,-2.2278787878784856,False
25216,2023-02-20 11:25:00,-1,17952.0,25206,25202,25205,1,-0.47363636363664796,True
25225,2023-02-20 12:10:00,-1,17935.05,25220,25217,25219,3,-1.7781818181810305,True
25233,2023-02-20 12:50:00,-1,17903.0,25183,25171,25182,3,-3.2845454545444275,True
25240,2023-02-20 13:25:00,-1,17893.55,25236,25169,25233,0,-0.8424242424231516,False
25257,2023-02-20 14:50:00,1,17868.0,25256,25249,25254,0,0.38878787878881205,False
25267,2023-02-21 09:25:00,1,17883.9,25260,25244,25259,2,2.0287878787883504,True
25302,2023-02-21 12:20:00,-1,17842.55,25261,25256,25260,1,-4.8906060606059425,True
25369,2023-02-22 11:40:00,-1,17660.0,25362,25359,25361,2,-0.9015151515150258,True
25435,2023-02-23 10:55:00,-1,17570.05,25429,25426,25428,1,-1.2596969696961378,True
25484,2023-02-23 15:00:00,-1,17537.15,25483,25480,25482,0,-2.3730303030298345,False
25519,2023-02-24 11:40:00,-1,17594.0,25514,25511,25513,1,-0.08181818181784765,True
25565,2023-02-27 09:15:00,-1,17510.0,25553,25535,25550,0,0.8412121212130678,False
25635,2023-02-27 15:05:00,1,17489.95,25597,25594,25596,1,2.7936363636358363,True
25669,2023-02-28 11:40:00,-1,17437.35,25632,25625,25628,3,-1.8987878787865924,True
25690,2023-02-28 13:25:00,-1,17432.0,25670,25658,25669,4,-2.015757575756267,True
25697,2023-02-28 14:00:00,-1,17401.3,25582,25577,25580,4,-4.101818181818059,True
25719,2023-03-01 09:35:00,1,17487.9,25717,25679,25716,0,9.694242424242503,False
25738,2023-03-01 11:10:00,1,17504.4,25722,25655,25721,5,0.7000000000000627,True
25742,2023-03-01 11:30:00,1,17511.9,25741,25730,25739,0,1.7060606060604073,False
25750,2023-03-01 12:10:00,-1,17486.2,25735,25731,25734,2,-1.627575757574973,True
25777,2023-03-01 14:25:00,1,17527.3,25776,25770,25775,0,1.7796969696971034,False
25791,2023-03-02 09:20:00,-1,17485.0,25768,25756,25763,0,-3.459393939392874,False
25822,2023-03-02 11:55:00,1,17456.0,25815,25811,25814,4,1.569393939393961,True
25836,2023-03-02 13:05:00,-1,17436.0,25814,25810,25813,1,-1.5045454545447408,True
25865,2023-03-03 09:15:00,1,17427.0,25860,25851,25859,0,3.1451515151515412,False
25882,2023-03-03 10:40:00,1,17609.0,25881,25878,25880,0,5.829696969696566,False
25903,2023-03-03 12:25:00,-1,17635.3,25898,25895,25897,3,-0.6681818181815891,True
25916,2023-03-03 13:30:00,1,17649.0,25897,25894,25896,2,3.337272727272769,True
25939,2023-03-03 15:25:00,-1,17662.2,25937,25922,25936,1,-5.634848484849092,True
25978,2023-03-06 12:25:00,-1,17826.1,25976,25970,25975,0,0.015757575758071296,False
26007,2023-03-06 14:50:00,-1,17773.55,26001,25995,25999,1,-1.206363636363278,True
26070,2023-03-08 13:50:00,1,17746.6,26067,26043,26065,1,1.8715151515152717,True
26090,2023-03-09 09:15:00,1,17804.9,25999,25993,25997,7,5.164545454545453,True
26097,2023-03-09 09:50:00,-1,17745.75,26096,26079,26095,0,-6.700303030302351,False
26129,2023-03-09 12:30:00,-1,17700.0,26103,26021,26102,1,-6.345454545453922,True
26153,2023-03-09 14:30:00,-1,17654.0,26146,26016,26145,1,0.07999999999974836,False
26161,2023-03-09 15:10:00,-1,17644.8,26160,26153,26159,0,-1.0303030303030034,False
26187,2023-03-10 11:05:00,1,17465.0,26185,26178,26184,0,-0.24606060605980742,False
26201,2023-03-10 12:15:00,-1,17433.6,26188,26180,26187,2,-2.7433333333332115,True
26234,2023-03-10 15:00:00,1,17449.0,26225,26221,26224,0,-0.8821212121215066,False
26240,2023-03-13 09:15:00,1,17480.5,26213,26190,26212,0,4.868181818181255,False
26256,2023-03-13 10:35:00,-1,17471.1,26251,26246,26250,2,-1.8866666666663314,True
26267,2023-03-13 11:30:00,-1,17414.05,26206,26202,26205,10,-6.887272727271987,True
26267,2023-03-13 11:30:00,-1,17412.15,26228,26222,26227,3,-6.887272727271987,True
26279,2023-03-13 12:30:00,-1,17376.0,26275,26272,26274,3,-1.88787878787874,True
26313,2023-03-13 15:20:00,1,17228.25,26307,26302,26306,0,2.5866666666667837,False
26327,2023-03-14 10:15:00,-1,17159.65,26311,26305,26310,2,-8.940000000000754,True
26363,2023-03-14 13:15:00,-1,17105.0,26349,26340,26348,3,-17.493333333333076,True
26377,2023-03-14 14:25:00,1,17144.7,26367,26361,26366,2,1.365757575757724,True
26407,2023-03-15 10:40:00,-1,17181.05,26402,26395,26401,2,-1.5121212121210765,True
26433,2023-03-15 12:50:00,-1,17150.6,26428,26412,26427,2,-1.284848484848908,True
26445,2023-03-15 13:50:00,-1,17105.5,26443,26435,26439,0,1.1524242424249034,False
26454,2023-03-15 14:35:00,-1,17091.0,26447,26384,26446,2,-0.8669696969694706,True
26459,2023-03-15 15:00:00,-1,17076.25,26372,26363,26370,5,-5.30575757575754,True
26481,2023-03-16 10:35:00,1,17035.0,26480,26466,26479,0,10.268484848484855,False
26512,2023-03-16 13:10:00,1,17044.25,26511,26498,26510,0,3.7915151515161183,False
26527,2023-03-16 14:25:00,1,17118.05,26489,26453,26488,2,11.576363636363734,True
26540,2023-03-17 09:15:00,1,17130.0,26528,26449,26527,0,6.600000000000368,False
26548,2023-03-17 09:55:00,-1,17115.25,26547,26544,26546,0,1.0227272727276493,False
26563,2023-03-17 11:10:00,-1,17101.5,26560,26549,26559,1,-4.399696969696647,True
26575,2023-03-17 12:10:00,-1,17048.35,26570,26539,26569,1,0.02424242424192259,False
26594,2023-03-17 13:45:00,1,17105.55,26593,26566,26592,0,6.112121212121475,False
26608,2023-03-17 14:55:00,1,17160.0,26553,26547,26552,6,2.3254545454547006,True
26608,2023-03-17 14:55:00,1,17167.4,26597,26555,26596,1,2.3254545454547006,True
26610,2023-03-17 15:05:00,1,17176.6,26433,26428,26432,6,7.7396969696965,True
26615,2023-03-20 09:15:00,-1,17071.7,26603,26593,26602,0,-0.2663636363628553,False
26616,2023-03-20 09:20:00,-1,17022.0,26586,26577,26585,1,-9.869090909091172,True
26618,2023-03-20 09:30:00,-1,16999.9,26521,26511,26520,2,-23.432121212120897,True
26622,2023-03-20 09:50:00,-1,16985.0,26617,26507,26616,4,-20.135757575757317,True
26623,2023-03-20 09:55:00,-1,16975.0,26505,26502,26504,4,-16.37121212121248,True
26647,2023-03-20 11:55:00,-1,16919.7,26476,26471,26475,2,-4.358484848484645,True
26684,2023-03-20 15:00:00,1,16987.45,26683,26639,26681,0,5.780909090908774,False
26734,2023-03-21 12:55:00,1,17129.55,26705,26693,26704,0,5.080000000000924,False
26734,2023-03-21 12:55:00,1,17117.95,26716,26708,26715,2,5.080000000000924,True
26755,2023-03-21 14:40:00,1,17170.0,26752,26747,26751,1,1.3418181818187451,True
26765,2023-03-22 09:15:00,1,17207.75,26612,26540,26611,0,0.50818181818245,False
26804,2023-03-22 12:30:00,1,17188.75,26793,26780,26792,7,-0.441818181817465,False
26813,2023-03-22 13:15:00,-1,17163.1,26802,26793,26800,3,-2.5990909090910326,True
26825,2023-03-22 14:15:00,1,17182.8,26812,26808,26811,4,0.9296969696970474,True
26836,2023-03-22 15:10:00,1,17193.75,26819,26795,26818,0,2.166969696969459,False
26840,2023-03-23 09:15:00,-1,17114.0,26744,26741,26743,0,0.7709090909093398,False
26840,2023-03-23 09:15:00,-1,17146.3,26760,26752,26759,6,0.7709090909093398,False
26840,2023-03-23 09:15:00,-1,17148.0,26815,26763,26814,3,0.7709090909093398,False
26840,2023-03-23 09:15:00,-1,17146.0,26832,26820,26831,0,0.7709090909093398,False
26854,2023-03-23 10:25:00,1,17203.85,26805,26775,26804,1,10.22333333333337,True
26862,2023-03-23 11:05:00,-1,17165.1,26861,26851,26859,0,-4.6112121212115795,False
26879,2023-03-23 12:30:00,1,17202.1,26874,26871,26873,2,-0.5066666666664467,False
26880,2023-03-23 12:35:00,1,17217.75,26856,26770,26855,1,0.980909090909772,True
26897,2023-03-23 14:00:00,-1,17182.4,26879,26872,26877,2,-2.826969696969848,True
26916,2023-03-24 09:20:00,-1,17061.0,26727,26722,26726,0,-3.6463636363631,False
26944,2023-03-24 11:40:00,1,17092.0,26940,26922,26939,0,3.422424242423759,False
26951,2023-03-24 12:15:00,1,17110.0,26948,26927,26947,2,3.9333333333334464,True
26967,2023-03-24 13:35:00,-1,17052.0,26960,26942,26956,0,2.1642424242420617,False
26984,2023-03-24 15:00:00,-1,16976.0,26983,26978,26982,0,-2.2118181818184515,False
26993,2023-03-27 09:30:00,1,17014.95,26991,26980,26990,1,1.9636363636355354,True
27024,2023-03-27 12:05:00,1,17068.9,26999,26971,26996,4,5.844545454544852,True
27024,2023-03-27 12:05:00,1,17066.35,27022,27002,27021,0,5.844545454544852,False
27079,2023-03-28 10:25:00,-1,17007.05,27075,27063,27074,1,-1.2893939393941127,True
27114,2023-03-28 13:20:00,-1,16986.0,27110,27107,27109,1,0.8866666666669627,False
27120,2023-03-28 13:50:00,-1,16968.0,27089,27085,27088,3,-3.626969696969898,True
27124,2023-03-28 14:10:00,-1,16940.85,27122,26991,27121,0,-2.933333333333062,False
27146,2023-03-29 09:45:00,1,17018.6,27114,27094,27113,5,5.880606060606483,True
27153,2023-03-29 10:20:00,1,17040.35,27149,27077,27148,0,1.493030303031022,False
27209,2023-03-29 15:00:00,1,17055.2,27199,27156,27198,1,-1.5799999999998713,False
27241,2023-03-31 11:25:00,1,17350.95,27238,27234,27237,2,1.2639393939395958,True
27302,2023-04-03 10:15:00,-1,17435.45,27301,27298,27300,0,2.7581818181825284,False
27316,2023-04-03 11:25:00,-1,17391.6,27265,27259,27263,4,-3.742424242423871,True
27334,2023-04-03 12:55:00,-1,17420.1,27329,27326,27328,2,-0.581818181818588,True
27349,2023-04-03 14:10:00,1,17435.0,27330,27327,27329,8,0.8272727272725762,True
27349,2023-04-03 14:10:00,1,17435.0,27340,27333,27339,2,0.8272727272725762,True
27353,2023-04-03 14:30:00,1,17440.0,27350,27325,27348,2,2.391818181818168,True
27355,2023-04-03 14:40:00,1,17456.0,27300,27297,27299,2,2.8563636363641907,True
27355,2023-04-03 14:40:00,1,17455.15,27305,27301,27303,0,2.8563636363641907,False
27405,2023-04-05 12:35:00,1,17584.0,27400,27382,27399,3,1.4287878787886854,True
27416,2023-04-05 13:30:00,-1,17597.4,27414,27409,27413,0,0.07848484848563045,False
27435,2023-04-05 15:05:00,1,17620.0,27430,27412,27429,3,1.6742424242437095,True
27447,2023-04-06 09:50:00,-1,17572.05,27445,27440,27443,0,-5.015757575757068,False
27480,2023-04-06 12:35:00,1,17676.0,27468,27464,27467,5,1.3072727272729787,True
27492,2023-04-06 13:35:00,-1,17653.0,27476,27472,27475,0,-4.274848484848898,False
27515,2023-04-10 09:15:00,1,17660.0,27508,27505,27507,0,1.0051515151516752,False
27544,2023-04-10 11:40:00,1,17697.65,27541,27525,27538,0,1.7739393939398893,False
27547,2023-04-10 11:55:00,1,17715.0,27523,27484,27522,0,2.554545454545262,False
27562,2023-04-10 13:10:00,-1,17727.0,27556,27551,27555,0,0.19969696969704548,False
27575,2023-04-10 14:15:00,-1,17663.0,27535,27529,27534,0,-4.010606060606318,False
27643,2023-04-11 13:40:00,1,17756.0,27635,27621,27634,2,1.9715151515142892,True
27662,2023-04-11 15:15:00,1,17790.0,27658,27612,27657,2,1.3442424242424027,True
27707,2023-04-12 12:45:00,1,17827.6,27695,27672,27694,6,1.8818181818185968,True
27711,2023-04-12 13:05:00,1,17833.05,27705,27669,27704,3,0.16030303030350043,True
27744,2023-04-13 09:35:00,1,17869.0,27739,27722,27738,1,0.10787878787893912,True
27752,2023-04-13 10:15:00,-1,17829.8,27742,27733,27741,2,-4.578787878787975,True
27760,2023-04-13 10:55:00,-1,17803.1,27701,27688,27700,1,-2.150606060605789,True
27776,2023-04-13 12:15:00,-1,17788.05,27683,27679,27682,5,-0.6654545454548528,True
27776,2023-04-13 12:15:00,-1,17782.0,27765,27664,27764,1,-0.6654545454548528,True
27779,2023-04-13 12:30:00,-1,17776.4,27778,27659,27777,0,-3.4599999999995297,False
27797,2023-04-13 14:00:00,1,17832.35,27794,27785,27793,1,2.985151515151801,True
27811,2023-04-13 15:10:00,1,17879.7,27748,27717,27745,2,3.4518181818177065,True
27833,2023-04-17 10:45:00,1,17717.0,27830,27821,27829,0,7.178181818181389,False
27852,2023-04-17 12:20:00,1,17745.0,27846,27834,27845,1,1.0372727272732674,True
27896,2023-04-18 09:45:00,-1,17740.0,27883,27876,27882,1,-0.043030303030234245,True
27897,2023-04-18 09:50:00,-1,17706.3,27844,27837,27843,0,-2.675757575757113,False
27897,2023-04-18 09:50:00,-1,17717.85,27862,27849,27861,4,-2.675757575757113,True
27974,2023-04-19 10:00:00,-1,17666.0,27972,27948,27971,0,-1.4303030303040516,False
27999,2023-04-19 12:05:00,1,17693.35,27989,27980,27988,5,2.3651515151512528,True
28016,2023-04-19 13:30:00,-1,17665.85,27993,27982,27991,3,-4.3754545454548355,True
28018,2023-04-19 13:40:00,-1,17656.35,27976,27966,27975,2,-3.81575757575722,True
28026,2023-04-19 14:20:00,1,17645.6,28025,28021,28024,0,-0.8509090909085203,False
28041,2023-04-20 09:20:00,1,17710.0,28009,27968,28007,0,4.877878787878806,False
28055,2023-04-20 10:30:00,-1,17628.0,28031,28025,28030,3,-6.351515151515134,True
28080,2023-04-20 12:35:00,-1,17642.0,28077,28070,28076,0,-0.4960606060602642,False
28086,2023-04-20 13:05:00,-1,17623.0,28024,28019,28023,5,-2.8827272727277378,True
28086,2023-04-20 13:05:00,-1,17624.05,28064,28056,28063,0,-2.8827272727277378,False
28094,2023-04-20 13:45:00,1,17632.6,28093,28090,28092,0,0.0496969696978603,False
28109,2023-04-20 15:00:00,1,17644.15,28102,28094,28101,4,0.8378787878784026,True
28115,2023-04-21 09:15:00,1,17665.0,28074,28069,28071,2,3.4354545454545837,True
28127,2023-04-21 10:15:00,-1,17628.0,28108,28102,28106,2,-5.191212121211891,True
28149,2023-04-21 12:05:00,-1,17625.05,28142,28138,28140,2,0.1830303030308569,False
28153,2023-04-21 12:25:00,-1,17617.6,28094,28091,28093,12,-2.306060606060122,True
28153,2023-04-21 12:25:00,-1,17610.95,28099,28087,28098,2,-2.306060606060122,True
28176,2023-04-21 14:20:00,1,17639.0,28138,28131,28137,13,0.6518181818187236,True
28176,2023-04-21 14:20:00,1,17640.65,28146,28139,28144,3,0.6518181818187236,True
28190,2023-04-24 09:15:00,1,17671.15,28187,28178,28185,0,2.2193939393943847,False
28200,2023-04-24 10:05:00,-1,17645.0,28196,28189,28195,2,-4.730909090908898,True
28241,2023-04-24 13:30:00,1,17724.3,28046,27959,28044,2,4.359393939393331,True
28257,2023-04-24 14:50:00,1,17743.9,28250,28242,28249,1,-0.01787878787891085,False
28304,2023-04-25 12:30:00,-1,17770.8,28287,28281,28286,0,-1.897575757575329,False
28346,2023-04-26 09:45:00,-1,17732.4,28344,28266,28343,0,-5.689696969697642,False
28372,2023-04-26 11:55:00,1,17789.3,28365,28362,28364,1,0.11878787878824576,True
28389,2023-04-26 13:20:00,-1,17774.55,28370,28363,28369,2,-3.2290909090912185,True
28389,2023-04-26 13:20:00,-1,17775.55,28377,28371,28376,1,-3.2290909090912185,True
28409,2023-04-26 15:00:00,1,17795.0,28407,28403,28406,0,-0.7281818181822406,False
28417,2023-04-27 09:25:00,1,17828.2,28415,28411,28414,1,2.9481818181820287,True
28463,2023-04-27 13:15:00,1,17857.25,28450,28442,28446,2,-0.029696969697132827,False
28525,2023-04-28 12:10:00,1,18048.0,28515,28490,28514,6,2.0457575757575968,True
28529,2023-04-28 12:30:00,1,18052.95,28527,28524,28526,1,1.1127272727280542,True
28534,2023-04-28 12:55:00,-1,18042.5,28528,28525,28527,2,0.021212121211751686,False
28551,2023-04-28 14:20:00,-1,18040.15,28549,28545,28548,0,0.0951515151521197,False
28555,2023-04-28 14:40:00,1,18060.0,28538,28531,28537,4,0.3321212121212652,True
28555,2023-04-28 14:40:00,1,18062.8,28548,28539,28547,0,0.3321212121212652,False
28609,2023-05-02 12:55:00,1,18236.0,28601,28581,28600,3,0.32757575757638335,True
28640,2023-05-03 09:15:00,-1,18201.0,28638,28632,28637,1,-5.837878787878179,True
28682,2023-05-03 12:45:00,1,18150.0,28674,28671,28673,1,-0.3236363636360997,False
28695,2023-05-03 13:50:00,-1,18111.05,28643,28564,28642,0,-1.9163636363635301,False
28695,2023-05-03 13:50:00,-1,18130.05,28678,28670,28677,1,-1.9163636363635301,True
28711,2023-05-03 15:10:00,1,18160.3,28705,28683,28704,0,-0.440909090907929,False
28717,2023-05-04 09:25:00,1,18165.0,28691,28686,28690,3,0.37272727272733264,True
28729,2023-05-04 10:25:00,1,18182.45,28727,28658,28726,0,3.2303030303032085,False
28760,2023-05-04 13:00:00,1,18223.5,28758,28752,28757,1,0.9163636363643121,True
28762,2023-05-04 13:10:00,1,18242.0,28587,28568,28586,7,2.0239393939394983,True
28768,2023-05-04 13:40:00,1,18244.5,28629,28612,28628,6,2.4042424242422853,True
28776,2023-05-04 14:20:00,1,18247.25,28764,28576,28763,8,-0.5042424242419298,False
28776,2023-05-04 14:20:00,1,18250.0,28770,28761,28769,1,-0.5042424242419298,False
28790,2023-05-05 09:15:00,-1,18232.75,28765,28762,28764,2,-1.041212121212193,True
28812,2023-05-05 11:05:00,-1,18201.2,28752,28745,28751,1,-0.8599999999995065,True
28814,2023-05-05 11:15:00,-1,18192.15,28800,28741,28790,2,-6.381515151514604,True
28859,2023-05-05 15:00:00,-1,18126.55,28824,28709,28823,0,-4.997878787878357,False
28866,2023-05-08 09:20:00,1,18204.9,28852,28843,28850,0,3.3712121212118724,False
28874,2023-05-08 10:00:00,1,18266.5,28811,28808,28810,0,9.359090909090767,False
28887,2023-05-08 11:05:00,-1,18271.0,28886,28880,28885,0,0.24060606060577897,False
28892,2023-05-08 11:30:00,1,18293.15,28890,28886,28889,1,0.554242424241889,True
28899,2023-05-08 12:05:00,1,18315.9,28897,28786,28896,1,3.2469696969693875,True
28934,2023-05-08 15:00:00,-1,18312.0,28921,28909,28919,4,-0.7030303030295897,True
28945,2023-05-09 09:40:00,1,18344.7,28925,28921,28924,3,3.138181818181764,True
28983,2023-05-09 12:50:00,-1,18357.6,28969,28955,28968,1,-1.2851515151515476,True
28990,2023-05-09 13:25:00,-1,18320.0,28989,28943,28988,0,-4.1042424242424405,False
29020,2023-05-10 09:40:00,-1,18291.6,29008,29001,29006,3,0.5936363636373096,False
29023,2023-05-10 09:55:00,-1,18269.0,29022,28997,29021,0,-7.24090909090891,False
29064,2023-05-10 13:20:00,-1,18313.3,29063,29055,29062,0,-0.10636363636323183,False
29075,2023-05-10 14:15:00,1,18334.55,29060,29045,29059,0,5.276666666667368,False
29090,2023-05-11 09:15:00,1,18358.15,29086,29016,29085,0,5.856969696969788,False
29094,2023-05-11 09:35:00,-1,18338.0,29093,29089,29092,0,1.4560606060610004,False
29105,2023-05-11 10:30:00,1,18364.95,29102,29093,29101,2,3.7475757575755058,True
29120,2023-05-11 11:45:00,-1,18356.75,29118,29112,29117,1,-0.943333333332132,True
29150,2023-05-11 14:15:00,1,18379.0,28975,28970,28974,5,-0.01575757575720437,False
29150,2023-05-11 14:15:00,1,18374.85,29137,29115,29136,1,-0.01575757575720437,False
29165,2023-05-12 09:15:00,-1,18329.85,29163,29123,29161,0,-2.216363636364661,False
29166,2023-05-12 09:20:00,-1,18275.0,29068,29033,29067,1,-4.597575757575103,True
29203,2023-05-12 12:25:00,1,18306.05,29198,29184,29197,2,1.101818181818838,True
29218,2023-05-12 13:45:00,1,18339.1,29212,29209,29211,4,1.048181818182319,True
29243,2023-05-15 09:35:00,1,18360.0,29230,29226,29229,4,1.7948484848486757,True
29248,2023-05-15 10:00:00,1,18388.75,29091,28960,29090,5,8.546363636363612,True
29261,2023-05-15 11:05:00,1,18410.0,29258,29251,29257,1,0.9051515151515408,True
29276,2023-05-15 12:20:00,1,18439.95,29271,29266,29270,3,0.555151515150853,True
29292,2023-05-15 13:40:00,1,18459.0,29285,29282,29284,3,0.3900000000001013,True
29301,2023-05-15 14:25:00,-1,18446.2,29288,29283,29285,0,0.38212121212240974,False
29339,2023-05-16 11:20:00,-1,18390.1,29260,29252,29259,3,-0.38333333333331016,True
29339,2023-05-16 11:20:00,-1,18389.8,29331,29317,29330,0,-0.38333333333331016,False
29373,2023-05-16 14:10:00,-1,18382.15,29359,29347,29358,0,-0.21636363636310246,False
29387,2023-05-16 15:20:00,-1,18320.15,29216,29210,29214,3,-7.724848484847615,True
29391,2023-05-17 09:25:00,-1,18291.55,29243,29199,29239,2,-5.854545454545269,True
29402,2023-05-17 10:20:00,-1,18282.9,29395,29183,29394,1,0.9124242424247322,False
29403,2023-05-17 10:25:00,-1,18275.75,29192,29179,29191,1,-0.8209090909093799,True
29428,2023-05-17 12:30:00,1,18195.5,29427,29424,29426,0,-0.46636363636376527,False
29465,2023-05-18 09:20:00,1,18313.0,29399,29396,29398,2,10.556060606060559,True
29500,2023-05-18 12:15:00,-1,18240.0,29481,29474,29480,1,-1.1487878787876116,True
29555,2023-05-19 10:35:00,-1,18094.55,29553,29549,29552,0,0.05636363636352609,False
29595,2023-05-19 13:55:00,1,18164.0,29589,29585,29588,2,1.5506060606066232,True
29604,2023-05-19 14:40:00,1,18210.0,29565,29539,29564,1,2.635151515152064,True
29604,2023-05-19 14:40:00,1,18204.0,29601,29527,29599,1,2.635151515152064,True
29615,2023-05-22 09:20:00,1,18245.15,29518,29503,29517,2,1.4800000000010303,True
29649,2023-05-22 12:10:00,1,18329.95,29647,29639,29644,0,0.5775757575758891,False
29655,2023-05-22 12:40:00,-1,18304.0,29649,29641,29648,2,-1.2800000000002336,True
29664,2023-05-22 13:25:00,-1,18297.0,29661,29653,29660,0,0.46636363636397954,False
29671,2023-05-22 14:00:00,1,18320.0,29659,29654,29657,4,-0.37515151515118056,False
29689,2023-05-23 09:15:00,1,18350.0,29685,29650,29684,0,1.7163636363638926,False
29705,2023-05-23 10:35:00,1,18413.2,29699,29694,29697,0,0.5633333333338699,False
29733,2023-05-23 12:55:00,1,18418.25,29726,29723,29725,3,0.5103030303034071,True
29736,2023-05-23 13:10:00,-1,18405.0,29728,29724,29727,1,0.3072727272732389,False
29754,2023-05-23 14:40:00,-1,18398.05,29718,29696,29717,1,-0.6736363636361504,True
29754,2023-05-23 14:40:00,-1,18400.95,29747,29720,29746,1,-0.6736363636361504,True
29755,2023-05-23 14:45:00,-1,18392.2,29738,29699,29737,1,-1.7942424242426964,True
29782,2023-05-24 10:45:00,1,18384.0,29781,29776,29780,0,2.264848484848834,False
29829,2023-05-24 14:40:00,-1,18302.0,29822,29813,29821,0,1.7633333333336265,False
29841,2023-05-25 09:25:00,-1,18265.65,29833,29667,29830,1,1.0133333333336558,False
29863,2023-05-25 11:15:00,-1,18241.0,29844,29623,29843,0,-0.5539393939391599,False
29863,2023-05-25 11:15:00,-1,18250.0,29858,29854,29857,3,-0.5539393939391599,True
29884,2023-05-25 13:00:00,-1,18228.65,29881,29873,29880,1,-2.3724242424247115,True
29890,2023-05-25 13:30:00,-1,18212.5,29886,29866,29885,2,-2.3924242424246063,True
29897,2023-05-25 14:05:00,1,18231.55,29890,29886,29889,0,0.22969696969834233,False
29908,2023-05-25 15:00:00,1,18305.15,29847,29835,29846,1,7.007575757575841,True
29923,2023-05-26 10:00:00,1,18460.0,29921,29917,29920,1,3.975757575757856,True
29967,2023-05-26 13:40:00,1,18531.2,29958,29948,29957,2,1.0033333333335848,True
30026,2023-05-29 12:20:00,-1,18691.5,30025,30020,30024,0,-0.6190909090911063,False
30028,2023-05-29 12:30:00,-1,18686.35,30027,30009,30026,0,-1.0481818181817033,False
30047,2023-05-29 14:05:00,1,18701.5,30028,30025,30027,3,2.903939393940286,True
30066,2023-05-30 09:25:00,1,18707.05,30049,30023,30048,1,2.1103030303032946,True
30071,2023-05-30 09:50:00,1,18717.2,30017,30013,30016,4,5.704242424242385,True
30105,2023-05-30 12:40:00,-1,18670.0,30097,30089,30096,2,-0.648787878787494,True
30125,2023-05-30 14:20:00,1,18703.4,30118,30091,30117,4,1.1275757575759697,True
30139,2023-05-31 09:15:00,-1,18648.2,30052,29999,30051,0,-2.0087878787869347,False
30139,2023-05-31 09:15:00,-1,18657.05,30057,30033,30055,1,-2.0087878787869347,True
30139,2023-05-31 09:15:00,-1,18661.0,30107,30085,30106,0,-2.0087878787869347,False
30192,2023-05-31 13:40:00,1,18604.65,30185,30181,30184,2,1.80969696969672,True
30211,2023-05-31 15:15:00,1,18637.5,30165,30162,30164,5,-0.6915151515159385,False
30246,2023-06-01 11:55:00,-1,18626.0,30237,30234,30236,4,-1.4084848484852555,True
30269,2023-06-01 13:50:00,-1,18590.0,30199,30190,30198,1,-1.5793939393936758,True
30284,2023-06-01 15:05:00,-1,18578.0,30186,30183,30185,2,-1.0893939393935672,True
30284,2023-06-01 15:05:00,-1,18581.2,30271,30187,30270,5,-1.0893939393935672,True
30289,2023-06-02 09:15:00,1,18605.9,30283,30277,30282,0,-0.517878787878687,False
30339,2023-06-02 13:25:00,1,18660.95,30223,30150,30222,0,2.309393939393299,False
30339,2023-06-02 13:25:00,1,18655.85,30293,30290,30292,1,2.309393939393299,True
30350,2023-06-02 14:20:00,-1,18609.2,30328,30319,30327,1,-5.17303030303034,True
30364,2023-06-05 09:15:00,1,18665.95,30361,30346,30360,0,4.3657575757580425,False
30376,2023-06-05 10:15:00,1,18708.75,30371,30366,30370,4,3.140303030303304,True
30376,2023-06-05 10:15:00,1,18714.8,30374,30364,30373,1,3.140303030303304,True
30407,2023-06-05 12:50:00,-1,18700.55,30382,30374,30381,1,-1.668181818182056,True
30433,2023-06-05 15:00:00,-1,18695.0,30412,30371,30411,0,-0.6333333333330041,False
30473,2023-06-06 12:05:00,-1,18612.55,30465,30362,30464,4,-1.3715151515148258,True
30483,2023-06-06 12:55:00,1,18634.3,30480,30465,30479,1,2.3148484848480857,True
30508,2023-06-06 15:00:00,1,18645.9,30492,30484,30491,0,0.022424242424287914,False
30508,2023-06-06 15:00:00,1,18641.1,30503,30493,30502,0,0.022424242424287914,False
30517,2023-06-07 09:30:00,1,18725.4,30401,30395,30400,4,9.927878787878797,True
30526,2023-06-07 10:15:00,1,18731.85,30521,30518,30520,2,0.41303030303085925,True
30546,2023-06-07 11:55:00,1,18738.25,30539,30529,30538,2,-0.08060606060589988,False
30642,2023-06-08 13:40:00,1,18768.55,30635,30631,30634,0,0.18575757575773244,False
30653,2023-06-08 14:35:00,-1,18751.65,30642,30633,30640,5,-4.103636363636584,True
30655,2023-06-08 14:45:00,-1,18719.35,30525,30519,30524,3,-3.989999999999778,True
30655,2023-06-08 14:45:00,-1,18748.9,30630,30567,30629,9,-3.989999999999778,True
30655,2023-06-08 14:45:00,-1,18745.45,30638,30622,30636,2,-3.989999999999778,True
30655,2023-06-08 14:45:00,-1,18738.6,30651,30553,30650,0,-3.989999999999778,False
30684,2023-06-09 10:55:00,-1,18675.0,30680,30668,30679,2,-3.5554545454541016,True
30712,2023-06-09 13:15:00,-1,18656.15,30708,30686,30707,3,-3.159393939393155,True
30719,2023-06-09 13:50:00,-1,18645.0,30717,30710,30716,0,-0.7572727272726401,False
30741,2023-06-12 09:25:00,1,18649.55,30736,30732,30735,2,0.15363636363596586,True
30752,2023-06-12 10:20:00,1,18660.6,30740,30728,30739,4,0.8969696969696292,True
30753,2023-06-12 10:25:00,1,18666.8,30747,30717,30743,1,1.9496969696968423,True
30754,2023-06-12 10:30:00,1,18673.75,30712,30708,30711,1,3.0830303030301405,True
30761,2023-06-12 11:05:00,1,18683.45,30760,30755,30759,0,1.861515151513971,False
30771,2023-06-12 11:55:00,1,18686.05,30767,30761,30766,1,-0.0284848484846489,False
30776,2023-06-12 12:20:00,-1,18672.65,30764,30760,30763,5,-0.539999999999671,True
30776,2023-06-12 12:20:00,-1,18670.65,30768,30765,30767,0,-0.539999999999671,False
30807,2023-06-12 14:55:00,1,18699.9,30695,30680,30694,6,0.7348484848485664,True
30807,2023-06-12 14:55:00,1,18699.0,30701,30697,30700,4,0.7348484848485664,True
30814,2023-06-13 09:15:00,1,18705.6,30809,30799,30808,0,2.376060606060587,False
30815,2023-06-13 09:20:00,1,18739.95,30674,30664,30673,1,5.119696969696632,True
30819,2023-06-13 09:40:00,1,18763.6,30654,30651,30653,2,11.442424242424718,True
30834,2023-06-13 10:55:00,-1,18760.0,30830,30823,30829,2,-0.5351515151520627,True
30835,2023-06-13 11:00:00,1,18768.4,30829,30826,30828,3,-0.5151515151515824,False
30853,2023-06-13 12:30:00,-1,18770.6,30852,30849,30851,0,-0.3624242424243442,False
30869,2023-06-13 13:50:00,-1,18766.05,30856,30844,30855,3,-0.3393939393931728,True
30889,2023-06-14 09:15:00,1,18779.4,30863,30856,30862,5,0.8009090909089612,True
30889,2023-06-14 09:15:00,1,18782.75,30886,30846,30885,1,0.8009090909089612,True
30921,2023-06-14 11:55:00,1,18794.2,30918,30908,30917,2,1.4769696969703094,True
30963,2023-06-14 15:25:00,-1,18810.95,30952,30943,30951,2,-0.5160606060606995,True
30971,2023-06-15 09:50:00,1,18828.3,30947,30940,30946,5,0.5424242424244884,True
30971,2023-06-15 09:50:00,1,18824.4,30962,30952,30960,1,0.5424242424244884,True
30991,2023-06-15 11:30:00,-1,18782.8,30967,30918,30966,0,-7.2003030303025675,False
31001,2023-06-15 12:20:00,1,18790.55,30998,30993,30997,2,1.4933333333329903,True
31015,2023-06-15 13:30:00,1,18802.6,31008,31002,31007,1,-0.6654545454545485,False
31023,2023-06-15 14:10:00,-1,18770.0,30995,30992,30994,0,-2.2739393939387735,False
31023,2023-06-15 14:10:00,-1,18776.6,31005,30998,31004,2,-2.2739393939387735,True
31053,2023-06-16 10:25:00,1,18839.0,31052,31045,31051,0,0.35787878787981786,False
31064,2023-06-16 11:20:00,-1,18825.9,31063,31052,31060,0,-0.9154545454544485,False
31072,2023-06-16 12:00:00,1,18848.75,31057,31054,31056,1,2.5369696969698228,True
31095,2023-06-16 13:55:00,1,18842.7,31090,31087,31089,4,0.5248484848482208,True
31098,2023-06-16 14:10:00,1,18857.2,31074,30981,31073,1,2.0887878787885414,True
31126,2023-06-19 10:15:00,-1,18877.05,31123,31112,31121,1,-0.7851515151512214,True
31150,2023-06-19 12:15:00,1,18854.0,31141,31138,31140,2,0.9136363636359764,True
31161,2023-06-19 13:10:00,-1,18831.05,31095,31090,31094,5,0.2415151515155396,False
31161,2023-06-19 13:10:00,-1,18831.55,31148,31136,31147,1,0.2415151515155396,False
31162,2023-06-19 13:15:00,-1,18818.05,31081,31064,31079,1,-0.8457575757571646,True
31178,2023-06-19 14:35:00,1,18818.0,31177,31170,31176,0,1.5206060606069414,False
31189,2023-06-20 09:15:00,-1,18789.45,31170,31165,31167,2,-3.824848484848848,True
31203,2023-06-20 10:25:00,-1,18731.0,31193,31032,31192,0,-1.5518181818179708,False
31256,2023-06-20 14:50:00,1,18838.25,31253,31240,31252,0,2.5609090909092673,False
31260,2023-06-20 15:10:00,1,18866.5,31153,31131,31151,5,4.180606060606888,True
31260,2023-06-20 15:10:00,1,18865.7,31183,31160,31182,1,4.180606060606888,True
31271,2023-06-21 09:50:00,1,18901.65,31124,31120,31123,4,2.8833333333338085,True
31305,2023-06-21 12:40:00,1,18869.0,31292,31284,31291,5,-0.15363636363669492,False
31319,2023-06-21 13:50:00,1,18894.65,31313,31309,31312,5,0.6524242424238488,True
31327,2023-06-21 14:30:00,-1,18881.0,31314,31310,31313,3,-0.9106060606055949,True
31354,2023-06-22 10:30:00,1,18905.5,31324,31320,31323,7,1.7751515151520738,True
31363,2023-06-22 11:15:00,-1,18875.0,31361,31348,31360,1,-3.0251515151515793,True
31373,2023-06-22 12:05:00,-1,18848.65,31305,31300,31304,0,-0.6803030303026206,False
31373,2023-06-22 12:05:00,-1,18857.55,31367,31328,31366,1,-0.6803030303026206,True
31373,2023-06-22 12:05:00,-1,18852.25,31371,31296,31370,0,-0.6803030303026206,False
31391,2023-06-22 13:35:00,1,18874.7,31372,31369,31371,0,4.870303030302542,False
31454,2023-06-23 12:35:00,1,18756.25,31449,31446,31448,1,0.5227272727270179,True
31475,2023-06-23 14:20:00,-1,18711.0,31442,31424,31441,4,-3.6669696969700434,True
31510,2023-06-26 11:00:00,1,18702.55,31504,31500,31502,0,-0.4754545454540687,False
31530,2023-06-26 12:40:00,-1,18700.8,31525,31519,31524,1,-0.7003030303032038,True
31534,2023-06-26 13:00:00,-1,18680.55,31499,31489,31498,7,-4.345454545453611,True
31535,2023-06-26 13:05:00,-1,18675.0,31510,31506,31509,1,-4.934545454545127,True
31558,2023-06-26 15:00:00,1,18722.0,31522,31518,31521,2,2.0384848484853832,True
31558,2023-06-26 15:00:00,1,18707.0,31554,31548,31553,2,2.0384848484853832,True
31564,2023-06-27 09:15:00,1,18739.6,31496,31482,31495,0,3.6706060606061164,False
31583,2023-06-27 10:50:00,-1,18733.7,31573,31567,31571,2,-1.2236363636359113,True
31594,2023-06-27 11:45:00,1,18759.9,31593,31568,31592,0,2.6896969696977906,False
31698,2023-06-28 14:10:00,-1,18976.75,31697,31689,31695,0,0.1727272727275851,False
31708,2023-06-28 15:00:00,-1,18965.1,31700,31686,31699,0,-0.22969696969721673,False
31742,2023-06-30 11:35:00,1,19198.95,31740,31734,31738,1,0.9866666666676516,True
31775,2023-06-30 14:20:00,1,19236.95,31772,31767,31771,1,0.24212121212203566,True
31834,2023-07-03 13:00:00,1,19406.0,31832,31829,31831,1,1.016363636363457,True
31838,2023-07-03 13:20:00,-1,19395.1,31837,31830,31836,0,0.15090909090949464,False
31839,2023-07-03 13:25:00,-1,19389.05,31834,31827,31833,1,-0.37606060605951674,True
31864,2023-07-04 09:15:00,1,19419.15,31851,31845,31850,2,4.381515151515216,True
31896,2023-07-04 11:55:00,1,19429.9,31891,31882,31890,3,0.7909090909091717,True
31944,2023-07-05 09:40:00,-1,19445.05,31934,31931,31933,3,0.3060606060619379,False
31966,2023-07-05 11:30:00,1,19458.35,31964,31958,31961,1,-0.13000000000014805,False
31990,2023-07-05 13:30:00,-1,19436.75,31966,31960,31965,1,-0.5706060606050543,True
32003,2023-07-05 14:35:00,-1,19430.0,31947,31927,31944,3,-0.8366666666676706,True
32004,2023-07-05 14:40:00,-1,19421.55,31992,31896,31991,1,-2.290000000000257,True
32010,2023-07-05 15:10:00,1,19470.0,31955,31935,31947,8,0.30787878787868683,True
32010,2023-07-05 15:10:00,1,19474.5,31968,31929,31967,2,0.30787878787868683,True
32010,2023-07-05 15:10:00,1,19465.8,31988,31977,31987,1,0.30787878787868683,True
32024,2023-07-06 10:05:00,1,19486.0,32014,31942,32011,0,1.4612121212114029,False
32025,2023-07-06 10:10:00,1,19500.0,31919,31915,31918,1,2.843333333332984,True
32053,2023-07-06 12:30:00,-1,19501.0,32041,32037,32039,6,-1.8475757575758973,True
32074,2023-07-06 14:15:00,1,19514.95,32067,32060,32065,4,0.15454545454542568,True
32097,2023-07-07 09:55:00,1,19543.1,32095,32085,32094,1,3.7439393939400776,True
32106,2023-07-07 10:40:00,-1,19501.0,32073,32067,32072,3,-6.339090909090286,True
32106,2023-07-07 10:40:00,-1,19497.0,32077,32070,32076,2,-6.339090909090286,True
32107,2023-07-07 10:45:00,-1,19489.0,32057,32031,32055,2,-7.24818181818252,True
32152,2023-07-07 14:30:00,1,19444.25,32141,32125,32140,2,3.3463636363642997,True
32152,2023-07-07 14:30:00,1,19450.9,32151,32121,32150,0,3.3463636363642997,False
32160,2023-07-07 15:10:00,-1,19400.0,31940,31885,31939,4,-4.259999999999972,True
32160,2023-07-07 15:10:00,-1,19401.0,32144,32130,32143,2,-4.259999999999972,True
32198,2023-07-10 12:05:00,-1,19391.0,32194,32168,32193,3,-3.631212121211619,True
32233,2023-07-10 15:00:00,-1,19400.0,32231,32202,32230,0,-3.691515151514149,False
32239,2023-07-11 09:15:00,1,19480.5,32179,32155,32178,1,3.991212121212485,True
32239,2023-07-11 09:15:00,1,19477.6,32185,32182,32184,0,3.991212121212485,False
32239,2023-07-11 09:15:00,1,19453.0,32221,32213,32220,0,3.991212121212485,False
32255,2023-07-11 10:35:00,1,19524.1,32248,32105,32247,1,0.28757575757569587,True
32262,2023-07-11 11:10:00,1,19535.0,32259,32256,32258,0,1.9515151515156064,False
32289,2023-07-11 13:25:00,-1,19525.15,32261,32257,32260,7,0.5206060606054476,False
32289,2023-07-11 13:25:00,-1,19524.3,32282,32276,32281,0,0.5206060606054476,False
32294,2023-07-11 13:50:00,-1,19520.3,32291,32278,32290,2,-1.6942424242429097,True
32322,2023-07-12 09:55:00,1,19529.0,32320,32296,32319,0,0.48575757575749007,False
32343,2023-07-12 11:40:00,-1,19483.6,32244,32241,32243,6,-3.7887878787876628,True
32344,2023-07-12 11:45:00,-1,19477.8,32328,32309,32327,1,-4.593030303029322,True
32383,2023-07-12 15:00:00,-1,19482.0,32375,32366,32374,0,0.22575757575730548,False
32385,2023-07-12 15:10:00,-1,19457.1,32354,32347,32352,1,-4.400909090908645,True
32389,2023-07-13 09:15:00,1,19529.0,32336,32332,32335,0,-2.5696969696960457,False
32389,2023-07-13 09:15:00,1,19517.45,32379,32370,32378,0,-2.5696969696960457,False
32391,2023-07-13 09:25:00,1,19537.15,32325,32291,32323,2,6.3169696969706175,True
32393,2023-07-13 09:35:00,1,19543.75,32315,32287,32314,4,12.717878787879279,True
32412,2023-07-13 11:10:00,1,19602.45,32411,32407,32410,0,-0.22575757575765432,False
32422,2023-07-13 12:00:00,-1,19596.45,32419,32414,32417,1,-0.36696969696934034,True
32427,2023-07-13 12:25:00,-1,19590.0,32413,32409,32412,1,-0.962727272726691,True
32521,2023-07-14 14:00:00,1,19557.2,32513,32464,32512,0,-0.6269696969694866,False
32536,2023-07-14 15:15:00,1,19614.05,32414,32400,32413,1,5.348484848485872,True
32536,2023-07-14 15:15:00,1,19605.0,32434,32426,32433,1,5.348484848485872,True
32573,2023-07-17 12:05:00,1,19653.45,32571,32566,32570,1,1.7554545454557249,True
32574,2023-07-17 12:10:00,1,19655.0,32563,32549,32558,4,1.6518181818196724,True
32578,2023-07-17 12:30:00,1,19662.95,32576,32551,32575,1,1.7763636363640782,True
32606,2023-07-17 14:50:00,1,19692.7,32598,32594,32597,5,0.7066666666665917,True
32606,2023-07-17 14:50:00,1,19695.0,32605,32600,32603,0,0.7066666666665917,False
32705,2023-07-19 10:35:00,-1,19816.45,32702,32699,32701,2,-1.061818181817629,True
32728,2023-07-19 12:30:00,1,19784.5,32719,32716,32718,2,1.6387878787879895,True
32755,2023-07-19 14:45:00,1,19807.5,32745,32733,32744,5,-1.0218181818182834,False
32757,2023-07-19 14:55:00,1,19816.7,32747,32737,32746,1,1.6993939393945316,True
32759,2023-07-19 15:05:00,1,19840.05,32701,32697,32700,3,5.360909090910034,True
32796,2023-07-20 11:55:00,1,19854.9,32785,32780,32784,4,1.6227272727271027,True
32841,2023-07-21 09:25:00,-1,19875.75,32820,32805,32816,2,-8.923030303030158,True
32852,2023-07-21 10:20:00,-1,19835.0,32846,32794,32845,1,-0.2633333333334476,True
32862,2023-07-21 11:10:00,-1,19811.5,32859,32855,32858,0,-0.5972727272727572,False
32875,2023-07-21 12:15:00,-1,19796.15,32776,32770,32774,8,-1.0775757575750617,True
32881,2023-07-21 12:45:00,1,19808.0,32880,32873,32879,0,-0.21727272727289404,False
32890,2023-07-21 13:30:00,1,19845.85,32857,32854,32856,4,4.4309090909095055,True
32900,2023-07-21 14:20:00,-1,19790.0,32881,32872,32880,1,-4.6666666666665195,True
32904,2023-07-21 14:40:00,-1,19775.0,32751,32740,32750,0,-4.217878787879501,False
32904,2023-07-21 14:40:00,-1,19786.0,32866,32755,32865,7,-4.217878787879501,True
32907,2023-07-21 14:55:00,-1,19752.75,32725,32713,32724,1,-5.325454545454752,True
32945,2023-07-24 11:50:00,-1,19721.0,32921,32916,32920,1,-7.10121212121114,True
33010,2023-07-25 11:00:00,-1,19676.9,32997,32984,32996,4,0.24969696969697577,False
33028,2023-07-25 12:30:00,1,19708.75,33027,33000,33026,0,3.1018181818174053,False
33038,2023-07-25 13:20:00,-1,19665.0,33020,33011,33019,1,-3.8766666666664817,True
33057,2023-07-25 14:55:00,1,19710.0,33055,33034,33053,1,2.8103030303040097,True
33065,2023-07-26 09:20:00,1,19722.7,33058,33030,33057,1,1.840909090909831,True
33072,2023-07-26 09:55:00,1,19786.0,32963,32959,32962,6,8.227575757575837,True
33074,2023-07-26 10:05:00,1,19800.1,32937,32933,32936,0,6.631212121213062,False
33078,2023-07-26 10:25:00,1,19809.7,32932,32903,32931,4,6.640000000000715,True
33100,2023-07-26 12:15:00,1,19812.0,33091,33086,33090,4,1.427878787879978,True
33109,2023-07-26 13:00:00,-1,19792.0,33089,33085,33088,7,-1.8863636363632879,True
33110,2023-07-26 13:05:00,-1,19789.0,33107,33094,33106,1,-1.8912121212112165,True
33125,2023-07-26 14:20:00,1,19811.0,33120,33115,33119,2,0.5851515151524657,True
33126,2023-07-26 14:25:00,1,19819.35,32913,32898,32912,4,1.6781818181826331,True
33126,2023-07-26 14:25:00,1,19815.85,33123,33101,33122,1,1.6781818181826331,True
33130,2023-07-26 14:45:00,-1,19792.3,33121,33118,33120,1,-0.0157575757569637,True
33179,2023-07-27 12:35:00,-1,19724.95,33176,33167,33175,1,-1.1369696969697143,True
33187,2023-07-27 13:15:00,1,19750.45,33184,33176,33182,0,-0.19515151515100823,False
33199,2023-07-27 14:15:00,-1,19676.65,33198,33193,33197,0,-0.9818181818186995,False
33243,2023-07-28 11:40:00,-1,19701.0,33240,33227,33238,1,-3.0209090909082956,True
33298,2023-07-31 10:00:00,1,19772.0,33297,33284,33296,0,5.784848484848613,False
33314,2023-07-31 11:20:00,1,19805.0,33313,33310,33312,0,2.481818181818352,False
33328,2023-07-31 12:30:00,-1,19792.65,33314,33311,33313,1,-1.8539393939401214,True
33346,2023-07-31 14:00:00,1,19822.0,33341,33325,33340,4,0.4030303030302986,True
33358,2023-07-31 15:00:00,1,19830.2,33320,33316,33319,5,-0.005757575757907363,False
33380,2023-08-01 10:35:00,-1,19808.0,33357,33348,33356,0,-4.616969696969038,False
33393,2023-08-01 11:40:00,1,19817.9,33389,33385,33388,3,0.42363636363518975,True
33398,2023-08-01 12:05:00,-1,19804.2,33394,33389,33393,0,0.3227272727277331,False
33439,2023-08-02 09:15:00,-1,19790.15,33383,33335,33382,4,-5.473636363635671,True
33454,2023-08-02 10:30:00,-1,19678.0,33251,33248,33250,5,-3.3836363636356226,True
33482,2023-08-02 12:50:00,-1,19621.05,33479,33475,33478,0,0.9442424242424655,False
33483,2023-08-02 12:55:00,-1,19607.0,33468,33461,33467,1,-0.22303030302997018,True
33545,2023-08-03 11:50:00,-1,19547.45,33543,33538,33542,1,-1.6924242424235045,True
33549,2023-08-03 12:10:00,-1,19520.0,33531,33528,33530,1,-3.405757575757389,True
33551,2023-08-03 12:20:00,-1,19510.1,33515,33498,33514,1,-5.780303030303053,True
33576,2023-08-03 14:25:00,1,19437.0,33570,33566,33569,0,-0.462727272725983,False
33613,2023-08-04 11:15:00,1,19548.95,33603,33593,33601,2,3.328787878788946,True
33615,2023-08-04 11:25:00,1,19568.8,33545,33541,33544,1,5.688181818182596,True
33640,2023-08-04 13:30:00,-1,19561.1,33638,33634,33637,1,-0.6563636363637104,True
33660,2023-08-04 15:10:00,1,19582.35,33657,33638,33656,2,3.4063636363640812,True
33664,2023-08-07 09:15:00,1,19615.2,33512,33485,33511,0,3.187575757576332,False
33664,2023-08-07 09:15:00,1,19595.0,33522,33517,33521,4,3.187575757576332,True
33664,2023-08-07 09:15:00,1,19587.65,33620,33616,33619,8,3.187575757576332,True
33664,2023-08-07 09:15:00,1,19585.45,33636,33633,33635,7,3.187575757576332,True
33676,2023-08-07 10:15:00,1,19625.0,33670,33664,33669,2,3.4345454545451646,True
33678,2023-08-07 10:25:00,1,19635.0,33478,33473,33477,6,3.5190909090916556,True
33701,2023-08-07 12:20:00,1,19613.95,33698,33694,33697,0,1.0187878787881726,False
33707,2023-08-07 12:50:00,1,19641.65,33482,33465,33479,6,5.343636363636516,True
33761,2023-08-08 11:05:00,-1,19626.75,33725,33705,33724,2,-2.423939393938924,True
33765,2023-08-08 11:25:00,-1,19595.0,33701,33695,33700,0,-6.894848484848515,False
33766,2023-08-08 11:30:00,-1,19590.25,33688,33673,33686,4,-7.124848484848347,True
33784,2023-08-08 13:00:00,1,19624.0,33779,33775,33778,0,-1.1254545454558837,False
33814,2023-08-09 09:15:00,-1,19600.9,33784,33780,33783,3,0.10242424242433776,False
33814,2023-08-09 09:15:00,-1,19594.0,33807,33772,33806,0,0.10242424242433776,False
33816,2023-08-09 09:25:00,-1,19585.15,33768,33692,33766,2,-2.6893939393935877,True
33826,2023-08-09 10:15:00,-1,19539.9,33823,33658,33822,0,-1.791818181818369,False
33842,2023-08-09 11:35:00,1,19535.0,33840,33831,33839,1,0.9148484848481709,True
33868,2023-08-09 13:45:00,1,19566.55,33861,33854,33860,2,1.7578787878791358,True
33881,2023-08-09 14:50:00,1,19664.0,33756,33753,33755,0,7.908484848485708,False
33944,2023-08-10 13:50:00,-1,19578.05,33941,33925,33940,1,-7.246666666665847,True
33964,2023-08-11 09:15:00,-1,19571.0,33959,33956,33958,0,0.5460606060610289,False
33965,2023-08-11 09:20:00,-1,19535.0,33907,33857,33906,1,-1.9721212121209613,True
33968,2023-08-11 09:35:00,-1,19526.2,33967,33846,33966,0,-8.608181818181187,False
33974,2023-08-11 10:05:00,-1,19512.9,33838,33829,33837,4,-2.7072727272730726,True
33984,2023-08-11 10:55:00,-1,19516.05,33982,33978,33981,1,0.16272727272795365,False
33985,2023-08-11 11:00:00,-1,19506.65,33976,33971,33974,0,-1.2566666666667239,False
34009,2023-08-11 13:00:00,1,19535.0,33980,33973,33979,0,0.08333333333315344,False
34033,2023-08-11 15:00:00,-1,19513.8,34030,34017,34029,1,-0.5693939393937464,True
34063,2023-08-14 11:15:00,1,19369.7,34051,34045,34050,3,1.2406060606056768,True
34081,2023-08-14 12:45:00,-1,19395.35,34080,34077,34079,0,-0.17515151515109414,False
34089,2023-08-14 13:25:00,1,19413.1,34086,34080,34085,0,0.6830303030309729,False
34153,2023-08-16 12:30:00,1,19425.95,34150,34141,34147,0,2.711818181818069,False
34155,2023-08-16 12:40:00,1,19437.6,34133,34127,34132,1,2.5957575757577067,True
34174,2023-08-16 14:15:00,1,19465.0,34172,34166,34170,0,0.0369696969702311,False
34183,2023-08-16 15:00:00,1,19474.9,34164,34113,34162,3,-0.07030303030240857,False
34183,2023-08-16 15:00:00,1,19474.95,34177,34174,34176,1,-0.07030303030240857,False
34191,2023-08-17 09:25:00,-1,19442.2,34173,34167,34172,2,-3.9836363636365855,True
34191,2023-08-17 09:25:00,-1,19450.0,34179,34165,34177,3,-3.9836363636365855,True
34210,2023-08-17 11:00:00,1,19427.9,34203,34195,34202,4,1.6112121212121948,True
34213,2023-08-17 11:15:00,-1,19384.5,34145,34123,34144,0,-0.40909090909034657,False
34213,2023-08-17 11:15:00,-1,19407.0,34204,34201,34203,0,-0.40909090909034657,False
34233,2023-08-17 12:55:00,-1,19372.1,34217,34118,34216,4,-0.9769696969687833,True
34233,2023-08-17 12:55:00,-1,19370.25,34232,34224,34231,0,-0.9769696969687833,False
34252,2023-08-17 14:30:00,1,19402.05,34245,34228,34244,1,-1.296969696970171,False
34264,2023-08-18 09:15:00,-1,19345.3,34058,34046,34056,0,-5.282424242423242,False
34264,2023-08-18 09:15:00,-1,19371.8,34252,34246,34251,0,-5.282424242423242,False
34310,2023-08-18 13:05:00,-1,19301.0,34309,34302,34308,0,-0.40242424242341557,False
34321,2023-08-18 14:00:00,1,19337.7,34298,34266,34297,0,4.0142424242420445,False
34361,2023-08-21 11:05:00,1,19370.0,34345,34342,34344,3,3.666060606060296,True
34397,2023-08-21 14:05:00,-1,19392.4,34393,34390,34392,0,1.0657575757577114,False
34407,2023-08-21 14:55:00,1,19417.05,34397,34387,34396,0,3.224545454545898,False
34444,2023-08-22 11:45:00,1,19419.95,34434,34430,34433,2,1.7499999999998666,True
34478,2023-08-22 14:35:00,-1,19395.85,34436,34428,34435,5,-1.1266666666662453,True
34488,2023-08-22 15:25:00,-1,19382.85,34413,34382,34412,11,-0.72272727272806,True
34496,2023-08-23 09:50:00,-1,19365.3,34482,34375,34481,0,-0.11151515151502074,False
34508,2023-08-23 10:50:00,1,19373.5,34502,34498,34501,4,1.0954545454544578,True
34526,2023-08-23 12:20:00,1,19419.65,34519,34515,34518,1,0.190909090910223,True
34527,2023-08-23 12:25:00,1,19424.45,34464,34457,34463,3,0.6418181818182204,True
34529,2023-08-23 12:35:00,1,19432.0,34421,34408,34420,0,1.5645454545456852,False
34558,2023-08-23 15:00:00,-1,19430.05,34541,34537,34540,0,0.8036363636374763,False
34564,2023-08-24 09:15:00,1,19456.15,34547,34531,34546,0,2.2018181818181626,False
34635,2023-08-24 15:10:00,-1,19406.95,34522,34517,34520,4,-5.6263636363625515,True
34639,2023-08-25 09:15:00,-1,19356.9,34498,34360,34497,2,-8.219393939393314,True
34639,2023-08-25 09:15:00,-1,19351.35,34500,34366,34499,0,-8.219393939393314,False
34692,2023-08-25 13:40:00,1,19298.65,34689,34683,34688,0,1.0939393939398265,False
34698,2023-08-25 14:10:00,-1,19277.7,34697,34691,34696,0,0.33121212121227317,False
34699,2023-08-25 14:15:00,-1,19271.0,34687,34682,34686,1,-1.1154545454544689,True
34710,2023-08-25 15:10:00,-1,19254.2,34705,34700,34704,0,0.40242424242391045,False
34728,2023-08-28 10:25:00,1,19304.0,34721,34692,34720,0,1.2318181818176115,False
34729,2023-08-28 10:30:00,1,19307.0,34715,34697,34714,2,2.2057575757579464,True
34735,2023-08-28 11:00:00,1,19316.0,34731,34669,34730,3,2.723636363637617,True
34738,2023-08-28 11:15:00,1,19325.0,34645,34642,34644,5,1.57818181818111,True
34763,2023-08-28 13:20:00,1,19352.05,34760,34754,34759,0,-0.6824242424243926,False
34773,2023-08-28 14:10:00,-1,19335.0,34771,34762,34769,0,0.43878787878854836,False
34796,2023-08-29 09:50:00,1,19361.35,34790,34772,34789,0,3.927878787879776,False
34827,2023-08-29 12:25:00,1,19343.95,34811,34807,34810,5,1.147878787879346,True
34850,2023-08-29 14:20:00,-1,19326.9,34818,34809,34817,2,-2.016666666667473,True
34850,2023-08-29 14:20:00,-1,19323.0,34822,34813,34821,0,-2.016666666667473,False
34882,2023-08-30 10:45:00,1,19438.5,34876,34867,34875,0,-0.005151515151327329,False
34906,2023-08-30 12:45:00,-1,19419.0,34873,34869,34872,3,-1.180000000000189,True
34921,2023-08-30 14:00:00,-1,19411.4,34910,34907,34909,2,-1.648484848484331,True
34945,2023-08-31 09:45:00,1,19366.05,34941,34931,34939,0,0.7187878787879207,False
34955,2023-08-31 10:35:00,-1,19309.7,34789,34778,34788,5,-7.724848484848029,True
34955,2023-08-31 10:35:00,-1,19314.4,34943,34857,34942,2,-7.724848484848029,True
34960,2023-08-31 11:00:00,-1,19302.7,34777,34746,34776,5,-3.625454545454745,True
34976,2023-08-31 12:20:00,-1,19282.45,34973,34961,34972,2,-2.872727272726402,True
34991,2023-08-31 13:35:00,1,19297.75,34986,34973,34981,0,-0.785757575756521,False
35050,2023-09-01 12:15:00,-1,19416.0,35046,35042,35045,3,-0.9448484848487112,True
35053,2023-09-01 12:30:00,1,19429.0,35037,35021,35036,9,-0.28848484848386646,False
35054,2023-09-01 12:35:00,1,19435.0,35040,35029,35039,1,0.5306060606066139,True
35054,2023-09-01 12:35:00,1,19432.1,35044,35041,35043,1,0.5306060606066139,True
35154,2023-09-04 14:40:00,1,19602.0,35149,35144,35148,2,1.5493939393944656,True
35187,2023-09-05 11:10:00,1,19643.7,35179,35171,35178,5,0.43727272727239985,True
35187,2023-09-05 11:10:00,1,19642.4,35184,35181,35183,2,0.43727272727239985,True
35203,2023-09-05 12:30:00,-1,19627.75,35202,35185,35201,0,-2.448484848484633,False
35213,2023-09-05 13:20:00,-1,19601.25,35163,35159,35161,3,-0.5021212121217655,True
35267,2023-09-06 11:35:00,-1,19622.55,35261,35250,35260,3,-1.1766666666671985,True
35268,2023-09-06 11:40:00,-1,19614.7,35243,35220,35240,1,-1.5981818181810967,True
35280,2023-09-06 12:40:00,-1,19575.2,35146,35132,35145,1,-1.5603030303030612,True
35288,2023-09-06 13:20:00,-1,19559.0,35285,35124,35281,0,-2.4390909090907082,False
35292,2023-09-06 13:40:00,1,19578.3,35289,35285,35288,0,-0.8103030303035196,False
35308,2023-09-06 15:00:00,1,19637.8,35267,35261,35266,0,3.291515151514984,False
35309,2023-09-06 15:05:00,1,19658.95,35237,35196,35236,1,3.7584848484849216,True
35401,2023-09-08 10:15:00,-1,19816.45,35400,35394,35399,0,-1.5799999999996643,False
35416,2023-09-08 11:30:00,1,19840.9,35401,35396,35400,0,2.5351515151517647,False
35429,2023-09-08 12:35:00,1,19883.8,35426,35418,35425,1,1.002121212121175,True
35448,2023-09-08 14:10:00,1,19894.35,35433,35430,35432,1,1.0327272727271697,True
35454,2023-09-08 14:40:00,-1,19866.25,35445,35440,35444,1,1.631515151516303,False
35472,2023-09-11 09:55:00,1,19963.0,35470,35465,35469,1,6.1781818181817005,True
35516,2023-09-11 13:35:00,-1,20003.2,35515,35511,35514,0,-0.0200000000001312,False
35533,2023-09-11 15:00:00,1,20027.0,35532,35505,35531,0,1.2545454545451369,False
35617,2023-09-13 09:30:00,-1,20030.0,35598,35591,35597,4,-0.5621212121212606,True
35635,2023-09-13 11:00:00,1,20049.6,35629,35621,35628,1,1.5763636363631868,True
35637,2023-09-13 11:10:00,1,20063.9,35617,35611,35616,1,2.336060606059596,True
35640,2023-09-13 11:25:00,1,20077.3,35609,35602,35608,1,4.689696969696303,True
35642,2023-09-13 11:35:00,1,20093.3,35572,35569,35571,0,5.537575757576518,False
35689,2023-09-14 09:15:00,1,20150.0,35683,35661,35682,0,0.1469696969693973,False
35728,2023-09-14 12:30:00,-1,20113.0,35687,35673,35686,2,0.2596969696971337,False
35728,2023-09-14 12:30:00,-1,20120.0,35710,35702,35706,6,0.2596969696971337,False
35757,2023-09-14 14:55:00,1,20150.0,35726,35705,35725,6,3.0193939393946025,True
35757,2023-09-14 14:55:00,1,20156.9,35739,35711,35738,0,3.0193939393946025,False
35757,2023-09-14 14:55:00,1,20150.0,35754,35750,35753,1,3.0193939393946025,True
35798,2023-09-15 12:05:00,1,20258.0,35791,35787,35790,0,0.5045454545446219,False
35798,2023-09-15 12:05:00,1,20250.0,35796,35793,35795,1,0.5045454545446219,True
35802,2023-09-15 12:25:00,-1,20237.2,35793,35788,35792,3,-0.04484848484740806,True
35833,2023-09-15 15:00:00,1,20262.0,35830,35798,35829,2,1.4918181818186047,True
35867,2023-09-18 11:35:00,1,20229.0,35852,35846,35849,3,1.3842424242430997,True
35874,2023-09-18 12:10:00,-1,20216.25,35873,35866,35872,0,-0.18424242424239426,False
35893,2023-09-18 13:45:00,-1,20207.0,35859,35852,35857,8,-0.3484848484841772,True
35893,2023-09-18 13:45:00,-1,20205.55,35885,35875,35884,2,-0.3484848484841772,True
35914,2023-09-20 09:15:00,-1,20095.0,35730,35654,35729,0,-9.068787878787065,False
35945,2023-09-20 11:50:00,-1,20004.1,35937,35928,35936,3,-1.3321212121217447,True
35989,2023-09-21 09:15:00,-1,19951.15,35987,35976,35983,0,-4.260303030302536,False
36036,2023-09-21 13:10:00,1,19781.6,36032,36029,36031,2,0.49878787878745057,True
36050,2023-09-21 14:20:00,-1,19769.15,36044,36041,36043,2,-0.774242424241644,True
36055,2023-09-21 14:45:00,-1,19760.2,36035,36026,36033,5,-2.117878787877246,True
36071,2023-09-22 09:50:00,-1,19748.0,36057,36051,36056,3,-2.6769696969686443,True
36071,2023-09-22 09:50:00,-1,19745.1,36068,36064,36067,0,-2.6769696969686443,False
36108,2023-09-22 12:55:00,-1,19802.0,36106,36102,36105,1,-0.6936363636359183,True
36134,2023-09-22 15:05:00,-1,19710.35,36132,36125,36131,1,-3.4396969696979953,True
36139,2023-09-25 09:15:00,-1,19690.55,36137,36073,36136,0,-1.9903030303015101,False
36193,2023-09-25 13:45:00,-1,19724.25,36191,36188,36190,0,-0.9581818181813059,False
36254,2023-09-26 12:35:00,-1,19670.0,36236,36217,36235,4,-0.2627272727267948,True
36256,2023-09-26 12:45:00,-1,19656.0,36215,36204,36214,2,-2.8057575757565507,True
36283,2023-09-26 15:00:00,-1,19671.05,36276,36271,36275,2,0.17787878787949812,False
36289,2023-09-27 09:15:00,-1,19635.0,36166,36154,36165,1,-2.4536363636358987,True
36306,2023-09-27 10:40:00,1,19562.0,36305,36302,36304,0,-2.8627272727263984,False
36335,2023-09-27 13:05:00,1,19670.5,36328,36319,36323,4,2.1348484848482645,True
36338,2023-09-27 13:20:00,1,19689.35,36278,36272,36277,3,3.849999999999684,True
36339,2023-09-27 13:25:00,1,19689.75,36337,36282,36336,1,3.8454545454535873,True
36340,2023-09-27 13:30:00,1,19700.0,36242,36238,36241,2,3.766363636364171,True
36354,2023-09-27 14:40:00,1,19714.0,36342,36227,36341,0,0.3857575757582003,False
36354,2023-09-27 14:40:00,1,19709.0,36353,36345,36352,0,0.3857575757582003,False
36389,2023-09-28 11:20:00,-1,19639.1,36331,36322,36328,2,-4.693939393938963,True
36402,2023-09-28 12:25:00,-1,19602.6,36398,36391,36397,1,-1.9299999999991537,True
36422,2023-09-28 14:05:00,-1,19543.9,36304,36300,36303,3,-2.8075757575753326,True
36433,2023-09-28 15:00:00,-1,19534.0,36428,36422,36427,2,-2.93484848484754,True
36462,2023-09-29 11:10:00,1,19692.0,36456,36439,36455,0,-0.9039393939387871,False
36464,2023-09-29 11:20:00,1,19700.0,36452,36449,36451,2,1.6512121212126776,True
36491,2023-09-29 13:35:00,1,19763.0,36486,36478,36485,1,1.6369696969690122,True
36495,2023-09-29 13:55:00,1,19771.0,36492,36469,36491,1,3.192424242424799,True
36508,2023-09-29 15:00:00,-1,19735.35,36489,36482,36488,0,-3.955757575756634,False
36514,2023-10-03 09:15:00,-1,19660.9,36455,36448,36453,4,-10.662727272727073,True
36560,2023-10-03 13:05:00,1,19592.35,36553,36528,36551,4,0.29303030303033634,True
36561,2023-10-03 13:10:00,1,19595.0,36560,36556,36559,0,1.1218181818184993,False
36572,2023-10-03 14:05:00,-1,19574.35,36561,36558,36560,0,0.8745454545451488,False
36587,2023-10-03 15:20:00,-1,19566.4,36586,36578,36585,0,-0.28303030302977766,False
36589,2023-10-04 09:15:00,-1,19557.0,36575,36544,36574,0,-6.324848484848339,False
36619,2023-10-04 11:45:00,-1,19422.75,36602,36598,36601,3,-4.6503030303027835,True
36647,2023-10-04 14:05:00,1,19403.2,36632,36625,36631,3,0.7466666666661311,True
36683,2023-10-05 10:50:00,1,19581.9,36671,36586,36670,0,-2.4972727272736166,False
36733,2023-10-05 15:00:00,-1,19560.25,36732,36725,36731,0,-0.4530303030302111,False
36739,2023-10-06 09:15:00,1,19615.45,36690,36568,36687,0,2.57121212121207,False
36739,2023-10-06 09:15:00,1,19586.5,36718,36697,36716,3,2.57121212121207,True
36739,2023-10-06 09:15:00,1,19585.0,36730,36721,36729,0,2.57121212121207,False
36777,2023-10-06 12:25:00,1,19656.6,36772,36768,36771,0,-0.49212121212040805,False
36789,2023-10-06 13:25:00,1,19677.15,36788,36783,36787,0,0.9527272727265926,False
36800,2023-10-06 14:20:00,-1,19666.2,36794,36788,36792,0,1.1269696969703709,False
36814,2023-10-09 09:15:00,-1,19542.0,36707,36701,36706,2,-4.573636363635914,True
36814,2023-10-09 09:15:00,-1,19553.3,36734,36728,36733,0,-4.573636363635914,False
36814,2023-10-09 09:15:00,-1,19622.0,36754,36748,36752,0,-4.573636363635914,False
36814,2023-10-09 09:15:00,-1,19641.05,36774,36769,36773,3,-4.573636363635914,True
36814,2023-10-09 09:15:00,-1,19661.5,36804,36785,36800,0,-4.573636363635914,False
36874,2023-10-09 14:15:00,-1,19534.0,36873,36870,36872,0,-1.25696969696894,False
36876,2023-10-09 14:25:00,1,19551.75,36872,36860,36871,1,-0.8942424242426701,False
36889,2023-10-10 09:15:00,1,19616.65,36826,36821,36825,1,0.4272727272723785,True
36924,2023-10-10 12:10:00,1,19669.0,36915,36906,36914,2,0.38212121212211964,True
36926,2023-10-10 12:20:00,1,19691.0,36800,36759,36796,3,2.397272727271769,True
36926,2023-10-10 12:20:00,1,19690.0,36814,36807,36813,0,2.397272727271769,False
37000,2023-10-11 12:15:00,-1,19837.8,36989,36977,36987,0,0.06424242424303868,False
37019,2023-10-11 13:50:00,-1,19836.0,37017,37014,37016,0,-1.4624242424236122,False
37028,2023-10-11 14:35:00,1,19850.0,37019,37015,37017,2,2.2884848484850577,True
37039,2023-10-12 09:15:00,1,19865.0,37012,36998,37011,5,-0.9303030303022669,False
37086,2023-10-12 13:10:00,-1,19845.05,37085,37080,37084,0,-0.6663636363634243,False
37102,2023-10-12 14:30:00,1,19860.45,37095,37091,37094,0,0.4039393939401662,False
37108,2023-10-12 15:00:00,-1,19838.2,37090,37065,37086,0,-1.0033333333340322,False
37108,2023-10-12 15:00:00,-1,19841.45,37106,37096,37105,1,-1.0033333333340322,True
37151,2023-10-13 12:20:00,1,19715.55,37143,37129,37142,4,0.2524242424254784,True
37171,2023-10-13 14:00:00,1,19768.8,37167,37163,37166,1,1.023030303030729,True
37189,2023-10-16 09:15:00,-1,19701.55,37150,37143,37149,0,-4.967575757575441,False
37258,2023-10-16 15:00:00,-1,19757.1,37250,37243,37249,1,-1.0042424242419445,True
37264,2023-10-17 09:15:00,1,19788.8,37235,37228,37234,0,0.16606060606055953,False
37264,2023-10-17 09:15:00,1,19778.75,37251,37246,37250,1,0.16606060606055953,True
37283,2023-10-17 10:50:00,1,19845.0,37274,37270,37272,1,0.8818181818177474,True
37347,2023-10-18 09:55:00,1,19819.75,37339,37334,37338,2,2.5060606060601063,True
37378,2023-10-18 12:30:00,-1,19708.25,37377,37372,37375,0,-3.7451515151514303,False
37386,2023-10-18 13:10:00,1,19732.65,37378,37373,37377,1,1.7345454545458212,True
37404,2023-10-18 14:40:00,-1,19705.0,37393,37388,37392,1,-3.484242424242356,True
37409,2023-10-18 15:05:00,-1,19693.2,37194,37190,37193,4,-1.5887878787874137,True
37409,2023-10-18 15:05:00,-1,19689.35,37406,37378,37403,1,-1.5887878787874137,True
37462,2023-10-19 13:15:00,-1,19622.5,37456,37452,37455,2,-0.5363636363635345,True
37485,2023-10-19 15:10:00,-1,19620.0,37482,37477,37480,1,-0.4430303030303777,True
37489,2023-10-20 09:15:00,-1,19606.0,37488,37463,37487,0,-5.003333333332425,False
37518,2023-10-20 11:40:00,-1,19530.05,37490,37418,37489,1,-0.24242424242382898,True
37557,2023-10-20 14:55:00,-1,19526.6,37556,37549,37555,0,-0.3957575757576725,False
37567,2023-10-23 09:30:00,-1,19516.3,37535,37519,37534,5,-0.11848484848402432,True
37574,2023-10-23 10:05:00,-1,19512.5,37532,37523,37530,6,-1.8554545454551,True
37574,2023-10-23 10:05:00,-1,19510.0,37570,37558,37569,1,-1.8554545454551,True
37594,2023-10-23 11:45:00,-1,19438.6,37583,37578,37582,2,-2.196363636363666,True
37615,2023-10-23 13:30:00,-1,19415.1,37612,37594,37611,2,-2.0315151515155794,True
37714,2023-10-26 09:15:00,-1,19101.0,37713,37703,37712,0,-8.71393939393957,False
37761,2023-10-26 13:10:00,1,18888.65,37733,37729,37732,5,2.3048484848482667,True
37764,2023-10-26 13:25:00,-1,18858.05,37758,37755,37757,1,1.6906060606058955,False
37774,2023-10-26 14:15:00,-1,18852.35,37754,37749,37753,9,0.3030303030301633,False
37780,2023-10-26 14:45:00,1,18872.45,37774,37767,37772,1,0.44606060606063735,True
37814,2023-10-27 11:20:00,1,19109.9,37812,37800,37810,0,1.6569696969700989,False
37867,2023-10-30 09:30:00,-1,19056.4,37804,37794,37802,0,-6.309696969697251,False
37882,2023-10-30 10:45:00,1,19148.45,37864,37857,37863,2,12.363333333334339,True
37915,2023-10-30 13:30:00,1,19216.0,37914,37897,37913,0,0.6536363636371083,False
37938,2023-10-30 15:25:00,1,19229.0,37935,37916,37934,0,2.3133333333332264,False
37949,2023-10-31 10:05:00,-1,19178.4,37927,37922,37926,5,-5.160303030302981,True
37949,2023-10-31 10:05:00,-1,19166.0,37948,37903,37947,0,-5.160303030302981,False
37964,2023-10-31 11:20:00,1,19164.9,37962,37955,37961,1,1.9978787878787774,True
37999,2023-10-31 14:15:00,1,19177.75,37988,37964,37986,3,3.613939393939088,True
38020,2023-11-01 09:45:00,-1,19135.4,37990,37981,37989,6,-1.3239393939388473,True
38020,2023-11-01 09:45:00,-1,19129.7,38010,37978,38009,2,-1.3239393939388473,True
38020,2023-11-01 09:45:00,-1,19135.05,38017,37991,38016,1,-1.3239393939388473,True
38021,2023-11-01 09:50:00,-1,19123.0,37958,37881,37957,6,-2.950606060607326,True
38049,2023-11-01 12:10:00,1,19127.5,38041,38038,38040,7,1.2384848484853999,True
38050,2023-11-01 12:15:00,1,19133.3,38047,38044,38046,1,1.621515151515629,True
38051,2023-11-01 12:20:00,1,19137.0,38036,38026,38034,2,1.4960606060607191,True
38054,2023-11-01 12:35:00,-1,19118.0,38049,38045,38047,1,0.993333333333883,False
38056,2023-11-01 12:45:00,-1,19108.05,38040,38037,38039,3,-1.843333333332657,True
38060,2023-11-01 13:05:00,-1,19102.35,38042,38030,38041,5,-4.2778787878780795,True
38089,2023-11-02 09:15:00,1,19176.0,38016,38010,38015,1,4.817575757576399,True
38091,2023-11-02 09:25:00,1,19227.5,38003,37943,38002,2,18.09484848484904,True
38108,2023-11-02 10:50:00,-1,19184.6,38107,38103,38106,0,-2.8787878787879153,False
38144,2023-11-02 13:50:00,1,19200.95,38114,38104,38112,0,0.9639393939396781,False
38158,2023-11-02 15:00:00,1,19231.0,38150,38146,38149,1,1.4148484848488505,True
38205,2023-11-03 12:40:00,1,19329.85,38202,38193,38201,1,1.2330303030297571,True
38226,2023-11-03 14:25:00,1,19339.15,38215,38205,38214,1,0.15515151515178074,True
38228,2023-11-03 14:35:00,-1,19321.0,38222,38212,38221,1,0.8548484848486808,False
38239,2023-11-06 09:15:00,1,19349.45,38187,38173,38186,0,6.778787878787629,False
38278,2023-11-06 12:30:00,1,19437.1,38272,38267,38271,5,0.43909090909125775,True
38286,2023-11-06 13:10:00,1,19443.55,38280,38274,38279,3,0.31484848484940264,True
38344,2023-11-07 11:45:00,-1,19423.3,38273,38268,38272,0,-2.5096969696968596,False
38344,2023-11-07 11:45:00,-1,19430.95,38285,38280,38284,1,-2.5096969696968596,True
38344,2023-11-07 11:45:00,-1,19437.4,38322,38296,38314,0,-2.5096969696968596,False
38364,2023-11-07 13:25:00,-1,19435.1,38359,38355,38358,3,-0.9133333333330171,True
38365,2023-11-07 13:30:00,1,19449.0,38361,38357,38359,0,-1.035151515151143,False
38389,2023-11-08 09:15:00,1,19490.35,38338,38310,38337,4,1.2363636363629373,True
38389,2023-11-08 09:15:00,1,19489.9,38384,38372,38383,0,1.2363636363629373,False
38412,2023-11-08 11:10:00,-1,19485.05,38394,38390,38393,1,-0.8984848484845775,True
38438,2023-11-08 13:20:00,1,19510.0,38419,38408,38418,2,1.6309090909088213,True
38444,2023-11-08 13:50:00,1,19517.2,38399,38389,38398,8,1.5293939393939295,True
38445,2023-11-08 13:55:00,1,19518.55,38442,38402,38441,2,1.2121212121208629,True
38473,2023-11-09 10:00:00,1,19514.0,38471,38464,38467,1,2.1224242424246,True
38505,2023-11-09 12:40:00,-1,19511.25,38503,38498,38502,1,-0.9924242424245922,True
38517,2023-11-09 13:40:00,-1,19500.85,38513,38506,38511,2,-0.3369696969698126,True
38527,2023-11-09 14:30:00,-1,19484.1,38483,38465,38482,2,-0.2715151515155012,True
38538,2023-11-09 15:25:00,-1,19481.7,38464,38456,38463,13,0.025151515151425666,False
38539,2023-11-10 09:15:00,-1,19462.2,38386,38378,38385,0,-4.056363636364223,False
38539,2023-11-10 09:15:00,-1,19478.0,38530,38471,38529,4,-4.056363636364223,True
38539,2023-11-10 09:15:00,-1,19474.15,38534,38412,38533,1,-4.056363636364223,True
38551,2023-11-10 10:15:00,1,19405.7,38546,38541,38545,1,1.218181818182018,True
38579,2023-11-10 12:35:00,1,19445.25,38575,38557,38574,1,1.1903030303029571,True
38612,2023-11-10 15:20:00,1,19478.45,38593,38582,38592,0,6.248181818181446,False
38614,2023-11-13 09:15:00,1,19512.0,38515,38509,38513,2,8.124848484848998,True
38623,2023-11-13 10:00:00,1,19522.3,38447,38438,38446,12,0.5081818181816661,True
38623,2023-11-13 10:00:00,1,19523.75,38497,38473,38496,3,0.5081818181816661,True
38654,2023-11-13 12:35:00,-1,19491.05,38649,38644,38648,3,0.11121212121258763,False
38664,2023-11-13 13:25:00,1,19501.0,38651,38645,38650,8,0.0924242424247251,True
38665,2023-11-13 13:30:00,1,19501.15,38662,38657,38661,1,-0.04121212121146465,False
38666,2023-11-13 13:35:00,1,19505.35,38654,38641,38652,1,0.37212121212234006,True
38689,2023-11-15 09:15:00,1,19536.5,38626,38614,38624,0,6.8093939393939005,False
38726,2023-11-15 12:20:00,1,19706.55,38701,38695,38700,8,1.1393939393936292,True
38736,2023-11-15 13:10:00,1,19714.8,38728,38692,38726,0,0.26999999999973334,False
38753,2023-11-15 14:35:00,1,19754.0,38748,38739,38746,1,0.7036363636364752,True
38756,2023-11-15 14:50:00,-1,19737.15,38746,38743,38745,2,0.23303030303080985,False
38796,2023-11-16 11:55:00,1,19855.8,38794,38788,38791,0,1.0930303030303183,False
38834,2023-11-16 15:05:00,-1,19847.75,38817,38804,38815,0,-0.3824242424241362,False
38847,2023-11-17 09:55:00,1,19843.0,38846,38838,38845,0,5.1384848484853,False
38894,2023-11-17 13:50:00,-1,19810.75,38873,38870,38872,5,-2.0269696969700743,True
38895,2023-11-17 13:55:00,-1,19806.35,38867,38863,38866,3,-1.9390909090906023,True
38897,2023-11-17 14:05:00,1,19824.95,38894,38889,38893,0,-1.152121212120911,False
38913,2023-11-17 15:25:00,-1,19800.05,38878,38851,38877,10,-1.8760606060600882,True
38915,2023-11-20 09:20:00,-1,19790.15,38896,38835,38895,2,-1.3851515151507536,True
38915,2023-11-20 09:20:00,-1,19796.2,38903,38892,38902,3,-1.3851515151507536,True
38937,2023-11-20 11:10:00,-1,19750.05,38840,38773,38839,0,-3.8551515151504305,False
38960,2023-11-20 13:05:00,1,19755.8,38958,38950,38957,1,0.3542424242432099,True
38989,2023-11-21 09:15:00,1,19779.85,38969,38960,38968,2,1.0115151515151815,True
38994,2023-11-21 09:40:00,1,19837.0,38875,38868,38874,10,11.816060606060692,True
38994,2023-11-21 09:40:00,1,19839.9,38886,38879,38885,3,11.816060606060692,True
38994,2023-11-21 09:40:00,1,19839.95,38993,38898,38992,0,11.816060606060692,False
39024,2023-11-21 12:10:00,1,19846.3,39015,39004,39014,1,0.4260606060609002,True
39070,2023-11-22 09:45:00,1,19859.85,39066,39056,39065,2,2.386969696970353,True
39071,2023-11-22 09:50:00,1,19863.0,39055,39048,39054,2,3.2378787878782447,True
39095,2023-11-22 11:50:00,-1,19832.4,39021,39015,39020,5,-2.3472727272729483,True
39095,2023-11-22 11:50:00,-1,19838.65,39054,39039,39051,8,-2.3472727272729483,True
39099,2023-11-22 12:10:00,-1,19825.1,39037,39008,39036,4,-3.945454545453902,True
39100,2023-11-22 12:15:00,-1,19815.0,39097,38999,39096,0,-3.9360606060595003,False
39133,2023-11-22 15:00:00,1,19880.0,39043,39031,39041,11,10.030303030302782,True
39133,2023-11-22 15:00:00,1,19881.0,39077,39072,39076,6,10.030303030302782,True
39151,2023-11-23 10:15:00,-1,19869.0,39147,39131,39145,0,-3.548484848483712,False
39176,2023-11-23 12:20:00,1,19866.85,39166,39163,39165,0,0.6206060606071704,False
39212,2023-11-23 15:20:00,1,19870.3,39208,39200,39207,0,0.7912121212115075,False
39218,2023-11-24 09:35:00,-1,19851.5,39207,39175,39206,4,-0.7275757575765449,True
39220,2023-11-24 09:45:00,-1,19838.55,39173,39156,39169,0,-3.29515151515116,False
39252,2023-11-24 12:25:00,-1,19845.7,39238,39235,39237,5,-1.1445454545455895,True
39289,2023-11-28 09:15:00,1,19844.95,39273,39257,39272,0,1.6248484848492244,False
39289,2023-11-28 09:15:00,1,19840.0,39278,39274,39277,0,1.6248484848492244,False
39323,2023-11-28 12:05:00,1,19861.2,39310,39243,39309,0,0.7787878787890617,False
39324,2023-11-28 12:10:00,1,19864.9,39297,39290,39296,1,1.6530303030305382,True
39349,2023-11-28 14:15:00,1,19870.0,39329,39324,39328,2,0.5769696969709909,True
39349,2023-11-28 14:15:00,1,19869.45,39333,39233,39331,1,0.5769696969709909,True
39350,2023-11-28 14:20:00,1,19885.3,39215,39178,39214,0,1.15212121212081,False
39351,2023-11-28 14:25:00,1,19921.6,39151,39142,39147,0,3.550000000000185,False
39410,2023-11-29 13:05:00,1,20071.85,39401,39392,39400,1,0.6281818181821015,True
39445,2023-11-30 09:45:00,-1,20108.3,39433,39429,39432,1,-1.0760606060600322,True
39446,2023-11-30 09:50:00,-1,20050.45,39405,39396,39403,0,-2.8978787878780627,False
39559,2023-12-01 13:00:00,1,20394.6,39549,39541,39547,0,0.9033333333335504,False
39588,2023-12-01 15:25:00,-1,20365.95,39583,39524,39579,0,-0.5633333333324985,False
39691,2023-12-05 11:30:00,-1,20860.6,39690,39672,39689,0,-5.156363636362679,False
39706,2023-12-05 12:45:00,1,20890.4,39704,39690,39702,1,3.0936363636361826,True
39715,2023-12-05 13:30:00,1,20904.8,39713,39708,39712,0,0.8412121212127566,False
39721,2023-12-05 14:00:00,-1,20880.65,39714,39711,39713,0,1.9000000000004962,False
39733,2023-12-05 15:00:00,1,20930.0,39730,39717,39729,1,4.518787878787812,True
39734,2023-12-05 15:05:00,1,20939.15,39686,39677,39685,1,5.113939393939914,True
39785,2023-12-06 13:05:00,-1,20977.6,39751,39743,39750,5,-4.130909090908727,True
39799,2023-12-06 14:15:00,1,21035.85,39775,39770,39773,0,4.882424242424261,False
39804,2023-12-06 14:40:00,1,21044.05,39748,39739,39746,5,3.8278787878795413,True
39887,2023-12-07 15:20:00,1,21033.0,39850,39846,39848,10,0.6233333333329886,True
39890,2023-12-08 09:20:00,1,21054.0,39814,39800,39808,1,3.2451515151522248,True
39931,2023-12-08 12:45:00,-1,21009.25,39866,39857,39861,4,-5.259090909091267,True
39931,2023-12-08 12:45:00,-1,21011.2,39885,39874,39883,3,-5.259090909091267,True
39932,2023-12-08 12:50:00,-1,21001.0,39912,39853,39911,1,-5.716666666667164,True
39942,2023-12-08 13:40:00,-1,20956.25,39828,39817,39827,0,-3.159696969695661,False
39977,2023-12-11 10:20:00,1,21109.75,39966,39904,39965,0,2.3881818181809082,False
40022,2023-12-11 14:05:00,1,21087.6,40000,39994,39998,1,0.488484848484866,True
40022,2023-12-11 14:05:00,1,21079.4,40015,40012,40014,4,0.488484848484866,True
40032,2023-12-11 14:55:00,1,21091.0,40026,40023,40025,5,0.7187878787885261,True
40036,2023-12-11 15:15:00,-1,21076.45,40028,40024,40027,1,0.059393939394509904,False
40082,2023-12-12 12:50:00,-1,21062.95,40016,40013,40015,5,-1.2003030303024504,True
40083,2023-12-12 12:55:00,-1,21060.2,40039,40019,40036,1,-2.8621212121207718,True
40101,2023-12-12 14:25:00,-1,21047.6,39997,39966,39995,9,-2.1812121212112006,True
40101,2023-12-12 14:25:00,-1,21042.45,40085,40004,40084,1,-2.1812121212112006,True
40127,2023-12-13 10:20:00,-1,20944.5,40124,39943,40123,0,-7.2681818181813975,False
40141,2023-12-13 11:30:00,-1,20931.6,40134,40129,40133,0,-0.9487878787870286,False
40166,2023-12-13 13:35:00,1,20985.0,40136,40124,40135,1,2.536363636364775,True
40189,2023-12-14 09:15:00,1,21116.45,40063,40049,40062,0,16.647575757575392,False
40218,2023-12-14 11:40:00,1,21259.0,40214,40208,40213,1,0.28757575757556947,True
40231,2023-12-14 12:45:00,1,21268.0,40229,40219,40227,0,1.5633333333342974,False
40262,2023-12-14 15:20:00,1,21328.85,40256,40251,40255,1,0.30606060606135127,True
40315,2023-12-15 13:30:00,1,21433.95,40310,40306,40309,3,0.21757575757667896,True
40377,2023-12-18 12:25:00,-1,21481.4,40348,40344,40347,0,-3.4936363636352685,False
40377,2023-12-18 12:25:00,-1,21494.4,40375,40356,40374,0,-3.4936363636352685,False
40411,2023-12-18 15:15:00,-1,21477.15,40409,40405,40408,0,-3.4103030303020683,False
40412,2023-12-18 15:20:00,-1,21475.05,40395,40391,40394,2,-3.302121212120636,True
40416,2023-12-19 09:25:00,1,21503.0,40411,40407,40410,2,0.16969696969714335,True
40423,2023-12-19 10:00:00,-1,21430.05,40421,40324,40420,0,-7.433333333332858,False
40451,2023-12-19 12:20:00,1,21543.35,40355,40341,40354,7,5.521818181818348,True
40451,2023-12-19 12:20:00,1,21547.1,40447,40367,40445,1,5.521818181818348,True
40480,2023-12-19 14:45:00,-1,21564.85,40476,40472,40475,0,1.309696969697133,False
40482,2023-12-19 14:55:00,-1,21533.6,40465,40453,40464,0,-1.3766666666675378,False
40535,2023-12-20 13:05:00,-1,21576.55,40529,40526,40528,0,1.8827272727281892,False
40539,2023-12-20 13:25:00,-1,21512.0,40488,40483,40487,0,-10.042121212120497,False
40653,2023-12-22 10:25:00,1,21417.6,40652,40550,40651,0,7.6824242424225195,False
40675,2023-12-22 12:15:00,-1,21425.35,40672,40664,40666,1,-0.5424242424240664,True
40723,2023-12-26 10:00:00,1,21459.3,40674,40665,40673,1,6.570909090908758,True
40727,2023-12-26 10:20:00,1,21473.95,40725,40660,40724,0,8.654242424243117,False
40752,2023-12-26 12:25:00,-1,21495.7,40751,40748,40750,0,2.9557575757578856,False
40756,2023-12-26 12:45:00,-1,21472.7,40742,40736,40741,1,-2.1184848484853442,True
40773,2023-12-26 14:10:00,-1,21468.05,40772,40769,40771,0,0.3121212121214963,False
40774,2023-12-26 14:15:00,1,21490.7,40773,40770,40772,0,-1.545454545453259,False
40789,2023-12-27 09:15:00,1,21515.0,40748,40737,40747,3,5.209090909090298,True
40822,2023-12-27 12:00:00,1,21600.0,40819,40813,40818,1,0.6748484848481204,True
40853,2023-12-27 14:35:00,1,21590.0,40849,40832,40846,2,1.656969696969826,True
40921,2023-12-28 14:00:00,1,21767.95,40918,40915,40917,0,-0.45333333333277565,False
40924,2023-12-28 14:15:00,-1,21751.05,40919,40907,40918,1,1.0221212121220986,False
40964,2023-12-29 11:20:00,1,21908.95,40958,40946,40957,1,0.21666666666605294,True
40998,2023-12-29 14:10:00,-1,21872.55,40993,40982,40992,0,-0.17151515151541438,False
41014,2024-01-01 09:15:00,-1,21830.0,41002,40951,41000,0,-4.44212121212131,False
41068,2024-01-01 13:45:00,1,21896.5,41063,41050,41062,3,0.45818181818169246,True
41071,2024-01-01 14:00:00,1,21934.75,41009,40976,41008,0,2.3448484848486184,False
41087,2024-01-01 15:20:00,-1,21855.0,41054,41047,41053,0,-12.028787878788059,False
41087,2024-01-01 15:20:00,-1,21877.95,41068,41061,41067,2,-12.028787878788059,True
41097,2024-01-02 09:55:00,-1,21811.7,41020,41015,41019,0,-0.12090909090943099,False
41097,2024-01-02 09:55:00,-1,21820.7,41094,41027,41089,0,-0.12090909090943099,False
41148,2024-01-02 14:10:00,1,21788.9,41102,41099,41101,0,3.5406060606064753,False
41168,2024-01-03 09:35:00,-1,21687.1,41118,41113,41117,1,-8.959999999999694,True
41201,2024-01-03 12:20:00,-1,21635.2,41184,41177,41183,0,-0.5272727272722244,False
41201,2024-01-03 12:20:00,-1,21650.8,41200,41187,41199,0,-0.5272727272722244,False
41224,2024-01-03 14:15:00,-1,21646.35,41221,41215,41220,0,-1.0209090909085887,False
41234,2024-01-03 15:05:00,-1,21610.0,41230,41203,41229,1,-1.2893939393942195,True
41240,2024-01-04 09:20:00,1,21677.5,41215,41200,41212,6,1.2957575757582753,True
41248,2024-01-04 10:00:00,1,21708.8,41246,41195,41243,1,4.769696969697235,True
41276,2024-01-04 12:20:00,1,21760.0,41271,41263,41270,3,1.1618181818193198,True
41276,2024-01-04 12:20:00,1,21766.25,41273,41161,41272,0,1.1618181818193198,False
41291,2024-01-04 13:35:00,1,21777.0,41282,41277,41281,3,-0.12424242424230973,False
41296,2024-01-04 14:00:00,-1,21762.0,41285,41279,41284,4,0.534242424241359,False
41296,2024-01-04 14:00:00,-1,21762.5,41291,41288,41290,0,0.534242424241359,False
41302,2024-01-04 14:30:00,-1,21750.5,41275,41271,41274,1,-2.6281818181816843,True
41333,2024-01-05 10:50:00,-1,21740.55,41302,41265,41301,0,-3.4130303030294917,False
41371,2024-01-05 14:00:00,-1,21730.6,41259,41253,41258,2,-1.820909090909705,True
41371,2024-01-05 14:00:00,-1,21731.1,41368,41334,41367,0,-1.820909090909705,False
41381,2024-01-05 14:50:00,1,21778.0,41364,41361,41363,0,5.194242424243134,False
41411,2024-01-08 11:05:00,-1,21685.0,41410,41246,41409,0,-8.333333333332778,False
41464,2024-01-09 09:15:00,1,21709.4,41419,41410,41418,0,2.013333333333634,False
41464,2024-01-09 09:15:00,1,21680.0,41447,41428,41446,0,2.013333333333634,False
41494,2024-01-09 11:45:00,1,21790.0,41483,41405,41482,0,2.6042424242429543,False
41516,2024-01-09 13:35:00,-1,21775.0,41507,41503,41506,3,-0.7175757575759338,True
41520,2024-01-09 13:55:00,-1,21753.0,41491,41485,41489,0,-2.237272727272635,False
41520,2024-01-09 13:55:00,-1,21765.0,41517,41499,41516,1,-2.237272727272635,True
41580,2024-01-10 12:40:00,-1,21558.05,41562,41549,41557,4,-1.4109090909089512,True
41599,2024-01-10 14:15:00,1,21610.0,41566,41556,41564,5,6.274545454546617,True
41603,2024-01-10 14:35:00,1,21631.9,41552,41538,41551,2,4.335757575758556,True
41645,2024-01-11 11:50:00,1,21697.5,41639,41635,41638,2,0.6651515151512789,True
41654,2024-01-11 12:35:00,1,21703.25,41650,41645,41649,3,0.7600000000000647,True
41672,2024-01-11 14:05:00,-1,21681.65,41667,41650,41666,0,-1.0357575757576065,False
41672,2024-01-11 14:05:00,-1,21688.0,41670,41647,41669,0,-1.0357575757576065,False
41689,2024-01-12 09:15:00,1,21725.0,41659,41626,41658,0,3.2563636363628325,False
41689,2024-01-12 09:15:00,1,21697.5,41683,41677,41682,0,3.2563636363628325,False
41696,2024-01-12 09:50:00,1,21785.15,41693,41518,41692,2,10.358181818181647,True
41698,2024-01-12 10:00:00,1,21798.0,41503,41494,41502,4,5.26303030303057,True
41698,2024-01-12 10:00:00,1,21810.8,41505,41391,41504,0,5.26303030303057,False
41732,2024-01-12 12:50:00,1,21894.0,41721,41714,41720,0,1.6327272727268896,False
41818,2024-01-15 13:45:00,-1,22066.5,41805,41796,41804,0,-0.4409090909089674,False
41818,2024-01-15 13:45:00,-1,22074.0,41817,41810,41816,0,-0.4409090909089674,False
41820,2024-01-15 13:55:00,1,22096.0,41810,41801,41809,4,-1.9651515151513639,False
41868,2024-01-16 11:40:00,-1,22105.6,41867,41858,41866,0,-1.5003030303033955,False
41873,2024-01-16 12:05:00,-1,22082.45,41871,41851,41869,0,-1.4981818181817521,False
41881,2024-01-16 12:45:00,-1,22054.45,41845,41818,41839,0,-3.298181818183095,False
41885,2024-01-16 13:05:00,-1,22040.0,41793,41782,41792,1,-4.33151515151607,True
41914,2024-01-17 09:15:00,-1,21859.55,41731,41711,41730,0,-12.77515151515219,False
41966,2024-01-17 13:35:00,-1,21652.0,41964,41958,41963,1,-1.7060606060611159,True
42051,2024-01-18 14:25:00,-1,21460.5,42032,42018,42031,8,0.3763636363646808,False
42054,2024-01-18 14:40:00,1,21492.95,42050,42045,42049,1,-0.30181818181763787,False
42078,2024-01-19 10:25:00,1,21693.5,41974,41961,41972,1,3.820909090909733,True
42139,2024-01-20 09:15:00,1,21710.0,42080,41969,42079,0,2.69363636363714,False
42174,2024-01-20 12:10:00,-1,21682.25,42172,42160,42170,1,-1.0121212121208394,True
42204,2024-01-20 14:40:00,-1,21640.0,42195,42133,42194,1,-0.8703030303030485,True
42207,2024-01-20 14:55:00,-1,21622.5,42181,42122,42179,2,-1.9760606060604158,True
42208,2024-01-20 15:00:00,-1,21597.0,42206,42094,42205,0,-3.46363636363626,False
42214,2024-01-23 09:15:00,1,21719.05,42155,42147,42154,1,7.449696969697499,True
42214,2024-01-23 09:15:00,1,21686.7,42185,42176,42184,0,7.449696969697499,False
42214,2024-01-23 09:15:00,1,21680.0,42190,42187,42189,1,7.449696969697499,True
42241,2024-01-23 11:30:00,-1,21539.0,42240,42235,42239,0,-2.0096969696974543,False
42245,2024-01-23 11:50:00,-1,21455.05,42049,42042,42048,3,-11.074545454544154,True
42258,2024-01-23 12:55:00,-1,21371.5,42257,42248,42256,0,-0.7572727272722738,False
42269,2024-01-23 13:50:00,-1,21329.0,42265,42261,42264,1,-1.3266666666674265,True
42297,2024-01-24 09:55:00,1,21369.95,42266,42262,42265,2,19.52545454545474,True
42328,2024-01-24 12:30:00,-1,21241.95,42324,42316,42323,1,-5.668787878787902,True
42346,2024-01-24 14:00:00,1,21367.2,42337,42317,42334,1,1.0603030303037395,True
42354,2024-01-24 14:40:00,1,21438.0,42300,42250,42298,5,11.961212121212728,True
42377,2024-01-25 10:20:00,-1,21302.55,42342,42337,42340,0,-8.897575757574838,False
42392,2024-01-25 11:35:00,1,21330.55,42390,42379,42389,0,3.5827272727273503,False
42408,2024-01-25 12:55:00,-1,21276.6,42397,42392,42396,7,-1.0309090909082124,True
42433,2024-01-25 15:00:00,1,21304.95,42423,42419,42422,0,0.27090909090979587,False
42433,2024-01-25 15:00:00,1,21298.0,42428,42412,42427,0,0.27090909090979587,False
42434,2024-01-25 15:05:00,1,21320.65,42403,42397,42402,0,2.338484848485257,False
42447,2024-01-29 09:55:00,1,21708.5,42446,42441,42444,0,24.377878787878462,False
42455,2024-01-29 10:35:00,1,21751.0,42454,42451,42453,0,5.085151515151176,False
42459,2024-01-29 10:55:00,1,21760.0,42457,42448,42456,0,2.333030303031401,False
42512,2024-01-29 15:20:00,1,21870.0,42505,42496,42504,1,0.02393939393931708,True
42532,2024-01-30 10:45:00,-1,21816.35,42519,42502,42517,1,-5.041212121210957,True
42532,2024-01-30 10:45:00,-1,21825.05,42530,42522,42529,1,-5.041212121210957,True
42536,2024-01-30 11:05:00,-1,21792.05,42534,42488,42533,0,-6.536060606060371,False
42546,2024-01-30 11:55:00,1,21838.3,42544,42535,42542,0,5.07060606060555,False
42572,2024-01-30 14:05:00,-1,21770.0,42541,42477,42536,7,-2.7721212121204926,True
42576,2024-01-30 14:25:00,-1,21725.0,42455,42452,42454,2,-4.476363636363681,True
42577,2024-01-30 14:30:00,-1,21711.25,42465,42450,42464,1,-6.190606060605432,True
42579,2024-01-30 14:40:00,-1,21672.95,42447,42442,42446,2,-11.255151515150606,True
42622,2024-01-31 12:00:00,1,21818.1,42568,42559,42567,6,6.527878787879279,True
42658,2024-01-31 15:00:00,1,21804.4,42649,42645,42648,4,1.4260606060598997,True
42672,2024-02-01 09:55:00,1,21826.0,42554,42549,42553,21,3.22454545454568,True
42674,2024-02-01 10:05:00,1,21840.0,42660,42623,42659,4,5.397575757574465,True
42674,2024-02-01 10:05:00,1,21850.0,42665,42547,42664,1,5.397575757574465,True
42685,2024-02-01 11:00:00,1,21899.45,42526,42519,42525,2,1.6351515151509148,True
42715,2024-02-01 13:30:00,-1,21771.9,42669,42657,42668,3,-7.1781818181817965,True
42729,2024-02-01 14:40:00,-1,21771.15,42726,42720,42724,1,-0.11666666666646318,True
42733,2024-02-01 15:00:00,-1,21757.0,42652,42644,42651,5,-0.7218181818176631,True
42735,2024-02-01 15:10:00,-1,21748.15,42719,42697,42715,2,-3.369090909091092,True
42739,2024-02-02 09:15:00,1,21860.9,42708,42699,42707,0,3.4951515151512096,False
42739,2024-02-02 09:15:00,1,21803.3,42728,42723,42727,1,3.4951515151512096,True
42760,2024-02-02 11:00:00,1,22062.15,42755,42750,42754,1,0.3703030303037766,True
42804,2024-02-02 14:40:00,1,22019.3,42800,42783,42799,1,0.789696969697457,True
42842,2024-02-05 11:35:00,1,21986.85,42836,42832,42835,4,2.2248484848495367,True
42860,2024-02-05 13:05:00,1,22013.8,42848,42843,42847,4,1.95848484848583,True
42876,2024-02-05 14:25:00,-1,21959.8,42849,42840,42848,4,-3.969999999999328,True
42877,2024-02-05 14:30:00,-1,21947.85,42837,42833,42836,2,-5.692424242423493,True
42878,2024-02-05 14:35:00,-1,21898.95,42828,42814,42827,1,-9.242727272726288,True
42892,2024-02-06 09:30:00,1,21854.95,42890,42885,42889,1,5.634545454544089,True
42916,2024-02-06 11:30:00,1,21923.0,42911,42898,42910,1,3.3875757575760446,True
42924,2024-02-06 12:10:00,1,21964.05,42923,42917,42922,0,5.298181818181728,False
42946,2024-02-06 14:00:00,1,21993.0,42930,42874,42929,7,1.4881818181827537,True
42953,2024-02-06 14:35:00,1,22002.85,42945,42940,42944,2,-0.4700000000006322,False
42956,2024-02-06 14:50:00,-1,21961.3,42949,42938,42948,1,-0.24636363636400094,True
42964,2024-02-07 09:15:00,1,22035.15,42823,42804,42821,1,8.00242424242356,True
42964,2024-02-07 09:15:00,1,22017.0,42955,42871,42953,0,8.00242424242356,False
42985,2024-02-07 11:00:00,-1,22019.25,42975,42970,42974,4,-5.263636363636002,True
42992,2024-02-07 11:35:00,-1,21936.5,42928,42923,42927,3,-7.149696969696672,True
42992,2024-02-07 11:35:00,-1,21945.05,42958,42941,42957,1,-7.149696969696672,True
43003,2024-02-07 12:30:00,1,21948.15,43002,42999,43001,0,0.6030303030299213,False
43016,2024-02-07 13:35:00,1,21965.35,43014,43003,43013,1,2.511818181819217,True
43039,2024-02-08 09:15:00,1,22039.6,43026,42984,43025,0,6.888484848485142,False
43059,2024-02-08 10:55:00,-1,21920.0,43003,43000,43002,4,-4.359696969696491,True
43059,2024-02-08 10:55:00,-1,21959.85,43053,43028,43051,3,-4.359696969696491,True
43060,2024-02-08 11:00:00,-1,21887.5,42916,42911,42915,0,-9.509090909090643,False
43094,2024-02-08 13:50:00,-1,21861.5,43077,43071,43076,1,-1.7427272727260532,True
43107,2024-02-08 14:55:00,-1,21785.15,42891,42888,42890,2,-5.6651515151512175,True
43153,2024-02-09 12:30:00,1,21818.3,43128,43120,43127,0,3.4896969696975746,False
43202,2024-02-12 10:20:00,-1,21760.0,43201,43167,43200,0,-9.316666666666421,False
43209,2024-02-12 10:55:00,1,21768.9,43208,43205,43207,0,-1.343636363636836,False
43222,2024-02-12 12:00:00,-1,21740.0,43209,43206,43208,1,-5.23090909090889,True
43234,2024-02-12 13:00:00,-1,21683.7,43225,43140,43223,0,-3.7681818181815014,False
43248,2024-02-12 14:10:00,1,21762.25,43229,43226,43228,1,3.6378787878789858,True
43266,2024-02-13 09:25:00,-1,21670.05,43262,43136,43261,1,-0.4896969696962736,True
43272,2024-02-13 09:55:00,1,21742.5,43265,43258,43264,0,-0.36545454545489015,False
43283,2024-02-13 10:50:00,1,21809.0,43217,43201,43213,0,2.7921212121207852,False
43283,2024-02-13 10:50:00,1,21788.0,43276,43249,43275,2,2.7921212121207852,True
43299,2024-02-13 12:10:00,-1,21747.65,43295,43277,43293,1,-3.5003030303023634,True
43334,2024-02-13 15:05:00,1,21827.0,43328,43288,43327,1,2.0472727272729716,True
43339,2024-02-14 09:15:00,-1,21662.0,43272,43234,43271,0,-5.428181818181093,False
43339,2024-02-14 09:15:00,-1,21685.0,43303,43300,43302,1,-5.428181818181093,True
43339,2024-02-14 09:15:00,-1,21774.35,43331,43324,43330,0,-5.428181818181093,False
43402,2024-02-14 14:30:00,1,21844.05,43336,43322,43335,0,11.396666666666407,False
43422,2024-02-15 09:55:00,-1,21864.6,43420,43410,43419,0,-5.692121212121154,False
43453,2024-02-15 12:30:00,-1,21901.2,43451,43440,43450,0,-0.21454545454540677,False
43464,2024-02-15 13:25:00,1,21941.95,43447,43437,43446,2,2.0045454545450965,True
43466,2024-02-15 13:35:00,1,21952.7,43428,43420,43426,2,2.545454545456044,True
43517,2024-02-16 11:35:00,-1,22087.55,43507,43502,43506,2,-0.21606060606045832,True
43533,2024-02-16 12:55:00,1,22119.55,43505,43501,43504,2,1.756969696969265,True
43553,2024-02-16 14:35:00,1,22126.0,43544,43534,43543,0,-0.7424242424237768,False
43571,2024-02-19 09:50:00,-1,22077.4,43563,43527,43562,0,-0.35787878787924904,False
43611,2024-02-19 13:10:00,1,22230.0,43601,43596,43600,7,1.280909090909211,True
43625,2024-02-19 14:20:00,1,22242.0,43623,43612,43622,0,2.058181818182643,False
43632,2024-02-19 14:55:00,-1,22198.0,43616,43597,43615,0,-2.0103030303027234,False
43686,2024-02-20 13:10:00,-1,22181.95,43680,43676,43679,2,-0.5512121212127447,True
43696,2024-02-20 14:00:00,-1,22135.3,43671,43665,43667,0,-1.678484848485069,False
43709,2024-02-20 15:05:00,1,22205.3,43684,43677,43683,4,2.2115151515153366,True
43709,2024-02-20 15:05:00,1,22198.4,43704,43693,43703,1,2.2115151515153366,True
43743,2024-02-21 11:40:00,1,22235.0,43738,43735,43737,1,1.465757575758105,True
43757,2024-02-21 12:50:00,1,22259.5,43755,43751,43754,0,1.4748484848479768,False
43778,2024-02-21 14:35:00,-1,22096.05,43698,43658,43697,3,-12.497878787878118,True
43792,2024-02-22 09:30:00,-1,22023.1,43789,43782,43788,0,-1.4803030303032514,False
43818,2024-02-22 11:40:00,1,22009.0,43807,43800,43806,0,2.852424242424302,False
43841,2024-02-22 13:35:00,1,22038.9,43825,43822,43824,1,3.7830303030296846,True
43841,2024-02-22 13:35:00,1,22033.0,43837,43829,43836,2,3.7830303030296846,True
43844,2024-02-22 13:50:00,1,22114.0,43796,43789,43795,0,9.867878787879938,False
43864,2024-02-23 09:15:00,1,22271.05,43759,43721,43758,1,10.029090909092728,True
43907,2024-02-23 12:50:00,1,22297.9,43903,43889,43902,2,3.4727272727275578,True
43933,2024-02-23 15:00:00,-1,22234.5,43881,43867,43879,3,0.3242424242418117,False
43959,2024-02-26 10:55:00,-1,22132.35,43958,43953,43957,0,-1.9778787878792603,False
43970,2024-02-26 11:50:00,-1,22112.2,43961,43850,43960,0,-1.9233333333325435,False
43986,2024-02-26 13:10:00,1,22159.4,43962,43958,43961,1,4.216666666666207,True
43987,2024-02-26 13:15:00,1,22171.65,43956,43950,43955,1,5.546666666667077,True
44000,2024-02-26 14:20:00,1,22195.0,43995,43987,43994,2,3.1221212121214967,True
44025,2024-02-27 10:10:00,-1,22119.4,44023,44017,44022,1,-0.1336363636362999,True
44040,2024-02-27 11:25:00,1,22159.75,44025,44021,44024,2,3.0206060606066663,True
44067,2024-02-27 13:40:00,-1,22185.6,44065,44061,44064,1,-2.2384848484845667,True
44083,2024-02-27 15:00:00,1,22199.9,44081,44075,44079,1,1.6081818181827288,True
44107,2024-02-28 10:45:00,-1,22172.45,44089,44081,44087,2,-1.2812121212116008,True
44109,2024-02-28 10:55:00,-1,22098.0,44015,43971,44014,7,-9.444848484849034,True
44175,2024-02-29 10:10:00,-1,21886.3,44166,44161,44165,0,3.073333333334108,False
44211,2024-02-29 13:10:00,1,21973.9,44210,44206,44209,0,7.560909090910482,False
44222,2024-02-29 14:05:00,-1,21947.0,44211,44207,44210,2,0.2124242424245731,False
44284,2024-03-01 13:00:00,1,22419.0,44281,44271,44280,0,1.3709090909097947,False
44297,2024-03-01 14:05:00,1,22427.1,44292,44284,44291,4,2.111515151515856,True
44329,2024-03-02 12:00:00,1,22494.9,44321,44318,44320,1,0.652424242425113,True
44342,2024-03-04 09:45:00,-1,22475.25,44322,44319,44321,3,-1.7030303030291067,True
44379,2024-03-04 12:50:00,-1,22485.0,44369,44361,44368,2,1.204848484848295,False
44391,2024-03-04 13:50:00,-1,22495.0,44387,44384,44386,1,0.2654545454547757,False
44395,2024-03-04 14:10:00,1,22513.55,44389,44385,44388,0,-1.3754545454548717,False
44411,2024-03-05 09:15:00,-1,22471.9,44382,44356,44379,1,-2.8227272727276627,True
44411,2024-03-05 09:15:00,-1,22482.0,44410,44400,44408,0,-2.8227272727276627,False
44433,2024-03-05 11:05:00,-1,22379.35,44288,44273,44286,4,-0.7821212121212038,True
44481,2024-03-05 15:05:00,-1,22425.0,44478,44466,44473,0,-0.3381818181814998,False
44494,2024-03-06 09:55:00,-1,22381.0,44491,44486,44489,0,2.233939393939932,False
44514,2024-03-06 11:35:00,-1,22350.75,44496,44437,44495,0,-1.2669696969694377,False
44514,2024-03-06 11:35:00,-1,22365.25,44507,44501,44506,6,-1.2669696969694377,True
44533,2024-03-06 13:10:00,1,22398.0,44528,44513,44527,0,1.9093939393945456,False
44538,2024-03-06 13:35:00,1,22404.0,44508,44503,44507,5,1.7427272727282221,True
44541,2024-03-06 13:50:00,1,22470.0,44473,44468,44472,5,7.764242424242685,True
44541,2024-03-06 13:50:00,1,22469.0,44493,44480,44492,1,7.764242424242685,True
44542,2024-03-06 13:55:00,1,22495.0,44464,44461,44463,1,10.392424242424404,True
44545,2024-03-06 14:10:00,1,22520.1,44377,44367,44376,7,16.781515151515535,True
44545,2024-03-06 14:10:00,1,22516.0,44457,44406,44456,2,16.781515151515535,True
44547,2024-03-06 14:20:00,1,22525.0,44397,44360,44396,5,14.616666666666434,True
44578,2024-03-07 10:40:00,-1,22542.65,44570,44566,44568,0,-0.1357575757572579,False
44645,2024-03-11 10:00:00,-1,22526.3,44642,44579,44641,0,-5.0712121212127474,False
44716,2024-03-12 09:40:00,1,22507.45,44706,44691,44705,1,9.04000000000046,True
44719,2024-03-12 09:55:00,1,22509.9,44688,44680,44687,6,11.002424242423881,True
44768,2024-03-12 14:00:00,1,22491.7,44747,44736,44746,7,1.2887878787879337,True
44770,2024-03-12 14:10:00,-1,22477.0,44767,44764,44766,1,-0.026666666666198786,True
44774,2024-03-12 14:30:00,-1,22432.3,44758,44744,44757,0,-4.091818181817145,False
44795,2024-03-13 10:00:00,-1,22392.5,44791,44707,44790,2,-8.961818181817424,True
44807,2024-03-13 11:00:00,-1,22376.0,44731,44537,44729,5,-3.9972727272725126,True
44841,2024-03-13 13:50:00,-1,22158.4,44836,44824,44835,2,-6.127575757575746,True
44870,2024-03-14 10:00:00,1,22153.0,44866,44855,44865,1,8.724242424242568,True
44876,2024-03-14 10:30:00,1,22170.0,44872,44842,44871,2,3.753333333333096,True
44888,2024-03-14 11:30:00,1,22220.0,44885,44880,44884,0,0.41939393939408576,False
44898,2024-03-14 12:20:00,1,22307.75,44895,44892,44894,2,2.908181818181635,True
44902,2024-03-14 12:40:00,-1,22279.25,44897,44893,44896,1,1.261515151515348,False
44930,2024-03-14 15:00:00,1,22269.0,44926,44916,44923,0,1.855757575757171,False
44936,2024-03-15 09:15:00,-1,22189.9,44888,44882,44887,0,-2.6960606060597674,False
44936,2024-03-15 09:15:00,-1,22209.0,44921,44915,44920,0,-2.6960606060597674,False
44958,2024-03-15 11:05:00,-1,22038.5,44945,44861,44944,6,0.7751515151515085,False
44958,2024-03-15 11:05:00,-1,22025.0,44953,44851,44952,0,0.7751515151515085,False
44966,2024-03-15 11:45:00,1,22056.0,44965,44961,44964,0,2.2357575757592607,False
44978,2024-03-15 12:45:00,1,22034.9,44973,44970,44972,2,1.2736363636366348,True
44988,2024-03-15 13:35:00,1,22092.0,44956,44948,44954,0,1.377575757577188,False
45014,2024-03-18 09:30:00,-1,22056.4,45012,44999,45011,0,-4.933939393939692,False
45015,2024-03-18 09:35:00,-1,22051.15,44986,44982,44985,3,-7.712121212121949,True
45047,2024-03-18 12:15:00,1,22123.95,45034,45014,45023,2,5.440606060605757,True
45072,2024-03-18 14:20:00,1,22192.6,45050,44938,45049,0,1.702727272725349,False
45072,2024-03-18 14:20:00,1,22179.5,45065,45059,45063,1,1.702727272725349,True
45081,2024-03-18 15:05:00,-1,22134.05,45067,45054,45065,0,-5.73242424242402,False
45081,2024-03-18 15:05:00,-1,22142.65,45070,45057,45069,1,-5.73242424242402,True
45087,2024-03-19 09:20:00,-1,22044.0,45038,45022,45037,2,-14.021212121212363,True
45088,2024-03-19 09:25:00,-1,22019.15,45036,45017,45035,1,-15.832121212121578,True
45094,2024-03-19 09:55:00,-1,22011.25,44970,44959,44969,9,-7.5196969696970415,True
45094,2024-03-19 09:55:00,-1,22001.0,45090,44974,45089,0,-7.5196969696970415,False
45115,2024-03-19 11:40:00,-1,21904.0,45110,45101,45108,1,-1.5439393939381534,True
45143,2024-03-19 14:00:00,-1,21925.0,45137,45128,45136,1,-0.2378787878775079,True
45161,2024-03-20 09:15:00,1,21924.0,45155,45149,45153,0,-0.7581818181819271,False
45162,2024-03-20 09:20:00,1,21952.0,45134,45126,45132,5,1.9121212121217972,True
45172,2024-03-20 10:10:00,-1,21868.3,45161,45146,45157,2,-8.621212121212096,True
45208,2024-03-20 13:10:00,1,21960.0,45141,45111,45139,10,1.1015151515147352,True
45208,2024-03-20 13:10:00,1,21961.65,45167,45163,45166,5,1.1015151515147352,True
45224,2024-03-20 14:30:00,-1,21902.65,45221,45196,45220,2,-3.869696969695894,True
45338,2024-03-22 11:30:00,1,22149.0,45329,45258,45328,2,3.8984848484842587,True
45347,2024-03-22 12:15:00,-1,22140.0,45346,45341,45345,0,-1.7651515151511816,False
45359,2024-03-22 13:15:00,1,22174.9,45344,45340,45343,3,3.53272727272775,True
45369,2024-03-22 14:05:00,1,22185.0,45368,45356,45367,0,0.4315151515152791,False
45389,2024-03-26 09:30:00,-1,22101.45,45333,45329,45332,3,-10.676666666666115,True
45424,2024-03-26 12:25:00,1,22124.0,45414,45388,45412,5,-1.620606060606132,False
45429,2024-03-26 12:50:00,1,22127.85,45420,45416,45419,4,3.1981818181822694,True
45430,2024-03-26 12:55:00,1,22134.0,45425,45401,45424,2,4.634545454545999,True
45452,2024-03-26 14:45:00,-1,22081.95,45423,45404,45421,1,-3.082424242425493,True
45463,2024-03-27 09:25:00,1,22125.45,45462,45448,45461,0,0.7887878787870072,False
45494,2024-03-27 12:00:00,-1,22181.0,45481,45476,45480,5,-1.3090909090914076,True
45502,2024-03-27 12:40:00,-1,22171.6,45490,45484,45489,8,-1.1909090909082105,True
45515,2024-03-27 13:45:00,1,22202.65,45491,45486,45490,0,1.9600000000009292,False
45530,2024-03-27 15:00:00,-1,22162.6,45501,45496,45500,2,-1.2896969696976015,True
45530,2024-03-27 15:00:00,-1,22181.65,45529,45517,45528,0,-1.2896969696976015,False
45536,2024-03-28 09:15:00,1,22207.0,45516,45482,45515,0,-0.016363636363584483,False
45537,2024-03-28 09:20:00,1,22210.0,45475,45472,45474,3,3.0296969696965075,True
45541,2024-03-28 09:40:00,1,22257.9,45378,45372,45377,0,10.639090909091113,False
45552,2024-03-28 10:35:00,1,22353.75,45550,45546,45548,0,0.08727272727234901,False
45657,2024-04-01 13:05:00,-1,22579.9,45634,45616,45633,1,-2.036060606060452,True
45657,2024-04-01 13:05:00,-1,22585.0,45656,45640,45655,0,-2.036060606060452,False
45683,2024-04-01 15:15:00,1,22604.4,45681,45674,45680,1,2.0469696969700055,True
45705,2024-04-02 10:50:00,-1,22532.05,45699,45687,45698,3,-1.845757575758507,True
45726,2024-04-02 12:35:00,1,22558.95,45721,45717,45720,3,0.58090909090906,True
45734,2024-04-02 13:15:00,-1,22540.0,45720,45716,45719,5,-1.487272727272847,True
45734,2024-04-02 13:15:00,-1,22538.0,45722,45713,45721,1,-1.487272727272847,True
45753,2024-04-02 14:50:00,1,22562.05,45716,45699,45715,17,1.7630303030301504,True
45753,2024-04-02 14:50:00,1,22569.0,45728,45710,45727,1,1.7630303030301504,True
45753,2024-04-02 14:50:00,1,22562.65,45748,45737,45746,4,1.7630303030301504,True
45802,2024-04-03 12:40:00,1,22599.0,45801,45797,45800,0,5.24727272727421,False
45804,2024-04-03 12:50:00,1,22614.9,45651,45644,45649,7,5.792121212120936,True
45804,2024-04-03 12:50:00,1,22614.85,45670,45662,45669,4,5.792121212120936,True
45804,2024-04-03 12:50:00,1,22614.0,45686,45683,45685,2,5.792121212120936,True
45836,2024-04-04 09:15:00,1,22647.0,45621,45615,45619,0,3.220000000001211,False
45836,2024-04-04 09:15:00,1,22624.15,45637,45630,45635,2,3.220000000001211,True
45877,2024-04-04 12:40:00,1,22547.0,45854,45849,45853,1,3.0515151515148675,True
45901,2024-04-04 14:40:00,1,22648.85,45900,45893,45899,0,2.2024242424245255,False
45911,2024-04-05 09:15:00,-1,22588.9,45906,45891,45905,0,-4.43454545454437,False
45956,2024-04-05 13:00:00,-1,22563.55,45948,45944,45947,2,-0.7142424242426346,True
45968,2024-04-05 14:00:00,1,22582.0,45947,45943,45946,7,1.3209090909093175,True
45968,2024-04-05 14:00:00,1,22587.0,45950,45934,45948,0,1.3209090909093175,False
45968,2024-04-05 14:00:00,1,22583.05,45955,45951,45954,0,1.3209090909093175,False
46014,2024-04-08 11:35:00,1,22707.75,45999,45990,45998,8,1.2254545454545664,True
46014,2024-04-08 11:35:00,1,22707.15,46008,46002,46006,4,1.2254545454545664,True
46109,2024-04-09 13:15:00,-1,22751.0,46103,46063,46101,0,-0.4030303030292553,False
46183,2024-04-10 13:10:00,1,22781.85,46176,46170,46175,4,0.7181818181812545,True
46185,2024-04-10 13:20:00,1,22795.0,46140,46105,46139,3,1.6645454545459846,True
46211,2024-04-12 09:15:00,-1,22766.6,46179,46174,46178,0,-3.938181818181626,False
46216,2024-04-12 09:40:00,-1,22722.5,46133,46126,46131,1,-7.144545454545538,True
46224,2024-04-12 10:20:00,-1,22687.0,46010,46004,46008,3,-6.609090909090242,True
46235,2024-04-12 11:15:00,1,22725.0,46233,46229,46232,0,0.7472727272735661,False
46247,2024-04-12 12:15:00,-1,22738.0,46245,46242,46244,1,0.9181818181813776,False
46305,2024-04-15 10:50:00,1,22485.8,46300,46296,46299,1,2.4942424242428274,True
46323,2024-04-15 12:20:00,1,22482.9,46316,46313,46315,2,1.346363636364789,True
46328,2024-04-15 12:45:00,-1,22450.0,46311,46301,46310,4,-2.044545454545028,True
46329,2024-04-15 12:50:00,-1,22437.5,46328,46317,46327,0,-3.65727272727296,False
46352,2024-04-15 14:45:00,-1,22364.85,46351,46291,46350,0,-4.1533333333332925,False
46392,2024-04-16 11:50:00,-1,22217.0,46385,46379,46382,3,-1.2418181818172351,True
46436,2024-04-18 09:15:00,1,22249.8,46373,46365,46371,2,9.257575757576431,True
46436,2024-04-18 09:15:00,1,22246.0,46387,46376,46386,0,9.257575757576431,False
46486,2024-04-18 13:25:00,-1,22280.05,46466,46461,46465,0,-1.709393939393737,False
46486,2024-04-18 13:25:00,-1,22308.95,46485,46479,46482,0,-1.709393939393737,False
46605,2024-04-22 10:50:00,1,22245.0,46600,46590,46598,1,2.6457575757589122,True
46630,2024-04-22 12:55:00,-1,22260.15,46625,46610,46624,1,-1.4145454545451686,True
46650,2024-04-22 14:35:00,1,22292.0,46643,46627,46642,5,-0.24484848484917496,False
46651,2024-04-22 14:40:00,1,22298.8,46645,46615,46644,1,0.6633333333327425,True
46656,2024-04-22 15:05:00,1,22330.0,46486,46480,46485,4,6.61424242424307,True
46657,2024-04-22 15:10:00,1,22342.0,46478,46473,46477,0,6.822424242424178,False
46721,2024-04-23 14:15:00,1,22410.0,46720,46705,46719,0,0.34606060606077077,False
46731,2024-04-23 15:05:00,-1,22381.55,46717,46713,46716,5,-0.6724242424236737,True
46742,2024-04-24 09:45:00,1,22419.1,46699,46661,46696,7,6.93575757575761,True
46742,2024-04-24 09:45:00,1,22417.0,46731,46722,46730,6,6.93575757575761,True
46798,2024-04-24 14:25:00,-1,22448.0,46789,46768,46788,3,-0.8915151515164558,True
46811,2024-04-25 09:15:00,-1,22350.95,46711,46682,46709,1,-2.7563636363632384,True
46811,2024-04-25 09:15:00,-1,22345.05,46736,46679,46735,0,-2.7563636363632384,False
46822,2024-04-25 10:10:00,1,22464.9,46793,46789,46792,0,9.138787878788703,False
46823,2024-04-25 10:15:00,1,22476.0,46764,46758,46763,6,9.738484848485333,True
46823,2024-04-25 10:15:00,1,22475.9,46777,46770,46776,1,9.738484848485333,True
46928,2024-04-26 12:45:00,-1,22612.0,46903,46900,46902,5,-2.04333333333271,True
46928,2024-04-26 12:45:00,-1,22615.0,46920,46908,46919,2,-2.04333333333271,True
46946,2024-04-26 14:15:00,1,22574.95,46944,46939,46943,1,1.6730303030307163,True
46956,2024-04-26 15:05:00,-1,22550.3,46950,46944,46948,1,-0.6709090909089642,True
46961,2024-04-29 09:15:00,1,22597.7,46954,46946,46953,0,1.4863636363635686,False
46975,2024-04-29 10:25:00,1,22644.0,46925,46920,46924,6,5.491515151514828,True
46991,2024-04-29 11:45:00,1,22663.5,46982,46907,46981,5,0.4063636363639376,True
47005,2024-04-29 12:55:00,1,22687.8,47004,46994,47002,0,1.9927272727268113,False
47010,2024-04-29 13:20:00,1,22699.0,47009,47006,47008,0,1.806666666667387,False
47022,2024-04-29 14:20:00,1,22738.5,47018,47015,47017,1,0.2333333333328296,True
47030,2024-04-29 15:00:00,1,22747.0,47027,47022,47026,2,1.4490909090907818,True
47070,2024-04-30 12:05:00,1,22820.0,47063,47060,47062,5,0.8039393939395059,True
47082,2024-04-30 13:05:00,-1,22811.25,47074,47070,47073,4,-0.984242424242253,True
47102,2024-04-30 14:45:00,-1,22785.65,47059,47047,47058,1,-3.645151515151276,True
47102,2024-04-30 14:45:00,-1,22795.0,47068,47061,47067,3,-3.645151515151276,True
47107,2024-04-30 15:10:00,-1,22719.65,47025,47020,47024,4,-13.526969696969774,True
47108,2024-04-30 15:15:00,-1,22715.45,47017,47012,47016,3,-14.531212121212517,True
47116,2024-05-02 09:40:00,1,22740.1,47115,47107,47114,0,0.5909090909096626,False
47138,2024-05-02 11:30:00,1,22780.5,47133,47126,47130,0,-3.047272727273412,False
47186,2024-05-03 09:15:00,1,22850.0,47099,47094,47097,0,4.523333333334604,False
47186,2024-05-03 09:15:00,1,22795.7,47180,47169,47179,0,4.523333333334604,False
47196,2024-05-03 10:05:00,-1,22861.7,47194,47191,47193,1,-1.6418181818175066,True
47204,2024-05-03 10:45:00,-1,22750.25,47174,47153,47173,3,-11.7412121212118,True
47211,2024-05-03 11:20:00,-1,22680.1,47010,47007,47009,0,-7.243333333332547,False
47211,2024-05-03 11:20:00,-1,22704.35,47119,47115,47118,1,-7.243333333332547,True
47213,2024-05-03 11:30:00,-1,22644.05,46990,46982,46989,0,-9.485454545454711,False
47238,2024-05-03 13:35:00,-1,22522.95,47235,47231,47234,0,-4.257575757574884,False
47263,2024-05-06 09:25:00,1,22668.65,47262,47227,47261,0,8.66878787878755,False
47271,2024-05-06 10:05:00,-1,22544.2,47261,47252,47260,3,-12.722727272726852,True
47271,2024-05-06 10:05:00,-1,22542.2,47269,47266,47268,1,-12.722727272726852,True
47277,2024-05-06 10:35:00,1,22598.55,47270,47267,47269,2,3.2872727272731064,True
47324,2024-05-06 14:30:00,-1,22530.25,47322,47318,47321,1,-2.0563636363635407,True
47327,2024-05-06 14:45:00,1,22574.0,47323,47317,47322,0,-1.0227272727265044,False
47345,2024-05-07 10:00:00,-1,22505.0,47313,47248,47312,1,-7.268181818180608,True
47388,2024-05-07 13:35:00,1,22394.0,47369,47366,47368,2,5.716666666667678,True
47421,2024-05-08 10:05:00,1,22371.85,47418,47413,47417,1,3.9181818181812202,True
47426,2024-05-08 10:30:00,-1,22312.65,47416,47384,47414,1,-1.2912121212117575,True
47441,2024-05-08 11:45:00,1,22417.5,47396,47390,47394,3,6.828484848485193,True
47441,2024-05-08 11:45:00,1,22419.85,47404,47401,47403,0,6.828484848485193,False
47460,2024-05-08 13:20:00,1,22479.8,47455,47448,47454,1,3.328787878787478,True
47499,2024-05-09 10:20:00,-1,22288.15,47431,47411,47426,0,-5.808484848484254,False
47516,2024-05-09 11:45:00,1,22268.15,47508,47502,47506,1,1.8281818181827483,True
47526,2024-05-09 12:35:00,-1,22250.05,47522,47518,47521,2,-0.5399999999988611,True
47550,2024-05-09 14:35:00,-1,22121.0,47544,47536,47543,0,-1.66393939393938,False
47568,2024-05-10 09:50:00,1,22179.05,47548,47532,47547,0,11.334545454545431,False
47603,2024-05-10 12:45:00,-1,22106.4,47583,47566,47582,5,-2.07636363636336,True
47604,2024-05-10 12:50:00,-1,22105.3,47598,47593,47597,4,-2.5839393939382305,True
47616,2024-05-10 13:50:00,1,22132.0,47602,47598,47601,0,5.517878787878527,False
47617,2024-05-10 13:55:00,1,22138.8,47597,47594,47596,1,7.6003030303025,True
47636,2024-05-13 09:15:00,-1,22086.25,47626,47623,47625,0,1.2342424242417973,False
47658,2024-05-13 11:05:00,1,21976.25,47651,47647,47650,1,2.4021212121213074,True
47691,2024-05-13 13:50:00,1,22134.0,47685,47677,47684,0,-5.731818181817893,False
47700,2024-05-13 14:35:00,1,22212.7,47694,47577,47693,2,7.021212121213148,True
47744,2024-05-14 12:00:00,1,22274.9,47743,47735,47742,0,1.4287878787889838,False
47791,2024-05-15 09:40:00,1,22350.7,47789,47773,47786,0,2.420000000000307,False
47795,2024-05-15 10:00:00,-1,22282.95,47786,47760,47780,0,0.7918181818174148,False
47838,2024-05-15 13:35:00,-1,22246.9,47832,47828,47830,4,-2.1800000000002657,True
47853,2024-05-15 14:50:00,1,22287.75,47833,47827,47832,4,3.177878787879041,True
47853,2024-05-15 14:50:00,1,22290.0,47851,47845,47850,1,3.177878787879041,True
47874,2024-05-16 10:20:00,-1,22326.45,47869,47866,47868,2,-0.5266666666655809,True
47879,2024-05-16 10:45:00,-1,22263.95,47857,47851,47856,0,-5.379696969696707,False
47883,2024-05-16 11:05:00,-1,22244.2,47881,47848,47880,0,-5.197575757574545,False
47885,2024-05-16 11:15:00,-1,22236.25,47835,47823,47834,8,-7.092121212120921,True
47885,2024-05-16 11:15:00,-1,22225.1,47838,47813,47837,2,-7.092121212120921,True
47896,2024-05-16 12:10:00,1,22367.0,47873,47869,47872,0,7.3760606060604195,False
47909,2024-05-16 13:15:00,-1,22210.0,47802,47730,47801,4,-6.618787878788125,True
47912,2024-05-16 13:30:00,-1,22166.0,47698,47695,47697,6,-10.739393939392858,True
47987,2024-05-17 13:30:00,1,22534.4,47968,47959,47967,0,0.3687878787875274,False
48005,2024-05-17 15:00:00,-1,22483.0,47982,47962,47981,0,-3.7378787878776967,False
48073,2024-05-21 12:35:00,1,22630.55,48070,48065,48069,0,1.818787878787954,False
48113,2024-05-22 09:40:00,-1,22591.0,48108,48102,48107,0,2.993636363636226,False
48144,2024-05-22 12:15:00,1,22644.0,48112,48098,48111,2,1.7748484848492694,True
48144,2024-05-22 12:15:00,1,22628.9,48140,48135,48139,3,1.7748484848492694,True
48159,2024-05-22 13:30:00,1,22650.85,48129,48091,48127,5,2.3306060606055836,True
48164,2024-05-22 13:55:00,1,22653.5,48158,48144,48157,5,1.4360606060610108,True
48165,2024-05-22 14:00:00,1,22662.95,48160,48081,48159,1,1.245151515152824,True
48176,2024-05-22 14:55:00,-1,22633.35,48168,48161,48167,0,-0.4066666666664296,False
48186,2024-05-23 09:30:00,1,22682.95,48185,48165,48183,0,2.853939393939167,False
48238,2024-05-23 13:50:00,1,22894.9,48231,48225,48228,3,2.1339393939390336,True
48342,2024-05-27 10:00:00,-1,23007.75,48337,48332,48336,1,-3.5196969696962976,True
48350,2024-05-27 10:40:00,1,23052.0,48336,48329,48335,6,5.310606060606277,True
48353,2024-05-27 10:55:00,1,23058.5,48352,48338,48351,0,5.988787878788679,False
48361,2024-05-27 11:35:00,1,23070.0,48355,48333,48354,1,1.189090909091122,True
48397,2024-05-27 14:35:00,-1,23130.0,48381,48367,48378,3,-1.1045454545449567,True
48401,2024-05-27 14:55:00,-1,22984.7,48328,48293,48327,1,-12.500303030303042,True
48401,2024-05-27 14:55:00,-1,22997.65,48346,48295,48345,1,-12.500303030303042,True
48434,2024-05-28 11:25:00,-1,22992.15,48432,48426,48431,1,-2.004545454544926,True
48446,2024-05-28 12:25:00,-1,22961.95,48436,48273,48435,3,-2.194242424241165,True
48447,2024-05-28 12:30:00,-1,22953.35,48271,48268,48270,4,-3.0678787878774596,True
48459,2024-05-28 13:30:00,-1,22963.1,48456,48453,48455,0,3.145151515151709,False
48483,2024-05-29 09:15:00,-1,22913.05,48449,48246,48448,0,-6.258484848483676,False
48483,2024-05-29 09:15:00,-1,22921.0,48473,48402,48472,2,-6.258484848483676,True
48525,2024-05-29 12:45:00,1,22789.55,48520,48501,48519,0,2.1063636363637603,False
48548,2024-05-29 14:40:00,-1,22752.0,48542,48521,48541,0,-2.1809090909093425,False
48548,2024-05-29 14:40:00,-1,22765.6,48547,48528,48546,0,-2.1809090909093425,False
48620,2024-05-30 14:25:00,-1,22530.0,48611,48583,48610,3,-3.237272727272348,True
48670,2024-05-31 12:20:00,-1,22626.0,48661,48654,48660,3,-5.46242424242414,True
48676,2024-05-31 12:50:00,1,22641.5,48673,48670,48672,2,0.25878787878899717,True
48682,2024-05-31 13:20:00,1,22685.0,48679,48662,48678,1,6.814242424241834,True
48724,2024-06-03 10:35:00,-1,23279.8,48723,48718,48722,0,3.1696969696964024,False
48737,2024-06-03 11:40:00,1,23319.9,48736,48723,48735,0,6.766666666665872,False
48740,2024-06-03 11:55:00,1,23335.0,48721,48717,48719,2,4.70242424242384,True
48760,2024-06-03 13:35:00,-1,23346.0,48755,48746,48754,1,0.05969696969738165,False
48761,2024-06-03 13:40:00,-1,23341.1,48751,48744,48749,2,-1.3557575757566052,True
48764,2024-06-03 13:55:00,1,23377.6,48760,48753,48759,0,-1.219696969696187,False
48779,2024-06-03 15:10:00,1,23399.0,48774,48767,48773,0,0.8369696969697736,False
48783,2024-06-04 09:15:00,-1,23294.9,48762,48736,48761,0,-7.137575757575858,False
48785,2024-06-04 09:25:00,-1,22616.2,48674,48668,48673,1,-56.31636363636293,True
48837,2024-06-04 13:45:00,1,22192.1,48836,48832,48835,0,30.185757575757805,False
48845,2024-06-04 14:25:00,-1,21981.3,48837,48834,48836,3,-22.126969696969155,True
48851,2024-06-04 14:55:00,-1,21912.35,48849,48844,48847,0,-9.16151515151476,False
48876,2024-06-05 10:45:00,1,22154.4,48850,48846,48849,2,12.359393939394403,True
48876,2024-06-05 10:45:00,1,22150.65,48871,48858,48870,0,12.359393939394403,False
48910,2024-06-05 13:35:00,1,22456.85,48908,48905,48907,1,12.320303030303998,True
48979,2024-06-06 13:05:00,-1,22734.15,48965,48939,48964,0,-4.284242424242062,False
48979,2024-06-06 13:05:00,-1,22774.95,48976,48969,48975,1,-4.284242424242062,True
48995,2024-06-06 14:25:00,-1,22811.15,48992,48988,48991,2,-9.2245454545456,True
49002,2024-06-06 15:00:00,1,22873.45,48994,48990,48993,0,1.7078787878794086,False
49016,2024-06-07 09:55:00,1,22977.0,49011,48957,49010,3,7.187878787878971,True
49024,2024-06-07 10:35:00,1,23020.15,49020,49017,49019,2,5.356666666667154,True
49091,2024-06-10 09:55:00,-1,23263.45,49074,49070,49073,3,-10.242121212122033,True
49117,2024-06-10 12:05:00,-1,23325.5,49114,49106,49111,2,-2.783939393939456,True
49135,2024-06-10 13:35:00,1,23348.65,49130,49125,49129,1,-0.3836363636355624,False
49139,2024-06-10 13:55:00,1,23375.0,49105,49097,49104,3,3.4121212121214373,True
49139,2024-06-10 13:55:00,1,23376.0,49138,49110,49137,0,3.4121212121214373,False
49145,2024-06-10 14:25:00,-1,23319.25,49135,49126,49133,0,-1.8712121212109527,False
49167,2024-06-11 10:00:00,1,23309.45,49161,49148,49160,1,2.2087878787883146,True
49201,2024-06-11 12:50:00,1,23368.0,49190,49181,49189,6,0.5487878787874272,True
49227,2024-06-11 15:00:00,-1,23340.0,49199,49192,49198,1,-1.3196969696965983,True
49227,2024-06-11 15:00:00,-1,23350.0,49226,49200,49225,0,-1.3196969696965983,False
49228,2024-06-11 15:05:00,-1,23321.5,49186,49179,49184,1,-3.1466666666664738,True
49238,2024-06-12 09:40:00,1,23378.0,49227,49223,49226,1,9.754545454545749,True
49249,2024-06-12 10:35:00,1,23432.85,49246,49242,49245,0,1.9621212121214002,False
49288,2024-06-12 13:50:00,-1,23390.0,49261,49246,49260,1,-1.1351515151512246,True
49308,2024-06-13 09:15:00,1,23431.0,49280,49274,49279,3,1.0430303030304933,True
49326,2024-06-13 10:45:00,-1,23388.0,49325,49318,49323,0,-2.5727272727258885,False
49332,2024-06-13 11:15:00,-1,23383.55,49330,49327,49329,1,-1.192424242424131,True
49338,2024-06-13 11:45:00,1,23410.0,49331,49325,49330,1,1.1403030303030253,True
49338,2024-06-13 11:45:00,1,23402.3,49336,49328,49335,1,1.1403030303030253,True
49339,2024-06-13 11:50:00,1,23428.75,49321,49317,49320,0,2.458484848485799,False
49362,2024-06-13 13:45:00,-1,23400.1,49354,49350,49353,0,0.007878787878799835,False
49362,2024-06-13 13:45:00,-1,23411.4,49361,49357,49360,0,0.007878787878799835,False
49384,2024-06-14 09:20:00,-1,23376.95,49377,49368,49376,0,3.0912121212128993,False
49385,2024-06-14 09:25:00,-1,23372.05,49333,49314,49332,1,1.2772727272726454,False
49392,2024-06-14 10:00:00,1,23432.85,49357,49339,49355,1,2.5496969696968392,True
49392,2024-06-14 10:00:00,1,23428.0,49359,49347,49358,1,2.5496969696968392,True
49393,2024-06-14 10:05:00,1,23442.05,49384,49270,49383,1,6.690606060606087,True
49399,2024-06-14 10:35:00,1,23466.25,49310,49251,49308,6,7.4812121212120335,True
49410,2024-06-14 11:30:00,-1,23441.2,49405,49395,49404,1,-1.2403030303028613,True
49450,2024-06-14 14:50:00,1,23463.15,49416,49407,49413,3,3.058484848485273,True
49452,2024-06-14 15:00:00,1,23472.6,49395,49253,49394,3,3.5099999999999745,True
49452,2024-06-14 15:00:00,1,23471.0,49431,49400,49430,1,3.5099999999999745,True
49494,2024-06-18 12:15:00,-1,23562.05,49492,49488,49491,1,-0.7006060606068828,True
49496,2024-06-18 12:25:00,-1,23556.0,49495,49479,49494,0,-1.1012121212114285,False
49511,2024-06-18 13:40:00,1,23571.0,49504,49496,49503,6,0.599090909091206,True
49518,2024-06-18 14:15:00,-1,23562.1,49516,49510,49515,1,-0.22636363636312962,True
49522,2024-06-18 14:35:00,-1,23555.0,49505,49500,49504,3,-0.8351515151514558,True
49533,2024-06-19 09:15:00,1,23582.5,49488,49473,49487,1,2.936666666666644,True
49533,2024-06-19 09:15:00,1,23576.95,49507,49490,49506,6,2.936666666666644,True
49544,2024-06-19 10:10:00,-1,23540.85,49498,49472,49497,0,-2.8790909090905834,False
49544,2024-06-19 10:10:00,-1,23551.3,49527,49523,49526,0,-2.8790909090905834,False
49579,2024-06-19 13:05:00,-1,23526.7,49568,49565,49567,1,-1.2512121212106606,True
49590,2024-06-19 14:00:00,1,23548.0,49587,49584,49586,1,0.3718181818183338,True
49594,2024-06-19 14:20:00,1,23568.15,49593,49563,49592,0,4.4278787878789405,False
49602,2024-06-19 15:00:00,-1,23508.45,49589,49583,49588,0,-0.1942424242432279,False
49637,2024-06-20 11:40:00,1,23554.05,49631,49608,49629,4,2.6748484848478222,True
49701,2024-06-21 10:45:00,-1,23534.1,49648,49635,49647,0,-2.471515151514173,False
49701,2024-06-21 10:45:00,-1,23572.0,49691,49671,49690,1,-2.471515151514173,True
49723,2024-06-21 12:35:00,-1,23521.2,49712,49632,49701,0,-2.8124242424231167,False
49738,2024-06-21 13:50:00,1,23489.6,49736,49733,49735,0,3.9057575757591496,False
49745,2024-06-21 14:25:00,-1,23460.3,49738,49734,49736,0,6.204848484849475,False
49746,2024-06-21 14:30:00,-1,23442.0,49621,49550,49616,3,-1.3981818181822911,True
49758,2024-06-24 09:15:00,-1,23433.1,49731,49548,49729,2,-8.46757575757615,True
49796,2024-06-24 12:25:00,1,23544.15,49781,49752,49780,12,3.203939393939073,True
49797,2024-06-24 12:30:00,1,23559.0,49795,49782,49794,1,3.4457575757579217,True
49824,2024-06-24 14:45:00,-1,23507.1,49820,49803,49819,2,-2.6345454545454783,True
49833,2024-06-25 09:15:00,1,23565.35,49809,49797,49808,1,6.8987878787882275,True
49839,2024-06-25 09:45:00,1,23595.0,49835,49741,49834,2,5.2993939393938225,True
49871,2024-06-25 12:25:00,1,23622.15,49699,49692,49698,5,1.926666666666635,True
49871,2024-06-25 12:25:00,1,23623.65,49855,49840,49851,0,1.926666666666635,False
49872,2024-06-25 12:30:00,1,23632.55,49688,49658,49686,1,2.73545454545458,True
49891,2024-06-25 14:05:00,1,23710.0,49889,49881,49888,1,1.591818181818589,True
49927,2024-06-26 10:50:00,1,23747.85,49922,49903,49921,0,4.906969696970832,False
49965,2024-06-26 14:00:00,1,23870.0,49952,49946,49951,5,2.7860606060611355,True
49983,2024-06-27 09:15:00,-1,23845.95,49979,49960,49978,0,-3.5684848484844056,False
49985,2024-06-27 09:25:00,-1,23820.0,49954,49937,49953,1,-5.10818181818084,True
50045,2024-06-27 14:25:00,-1,23946.0,50029,50014,50028,9,-1.5803030303035372,True
50046,2024-06-27 14:30:00,-1,23939.95,50039,50035,50038,4,-2.8430303030299617,True
50114,2024-06-28 13:55:00,1,24177.0,50110,50106,50109,3,4.417272727273103,True
50127,2024-06-28 15:00:00,-1,24140.25,50111,50107,50110,1,-3.280909090908649,True
50171,2024-07-01 12:25:00,1,24199.95,50168,50162,50167,1,0.5266666666667194,True
50185,2024-07-01 13:35:00,1,24208.0,50161,50125,50160,7,0.0033333333337175718,True
50185,2024-07-01 13:35:00,1,24210.0,50179,50171,50178,1,0.0033333333337175718,True
50208,2024-07-02 09:15:00,1,24235.0,50080,50076,50079,3,0.4172727272725057,True
50208,2024-07-02 09:15:00,1,24240.0,50083,50066,50082,0,0.4172727272725057,False
50208,2024-07-02 09:15:00,1,24229.9,50118,50086,50117,0,0.4172727272725057,False
50208,2024-07-02 09:15:00,1,24225.2,50191,50186,50190,2,0.4172727272725057,True
50212,2024-07-02 09:35:00,-1,24195.2,50198,50191,50197,5,1.2378787878792465,False
50213,2024-07-02 09:40:00,-1,24172.2,50167,50161,50165,2,-0.32515151515122787,True
50213,2024-07-02 09:40:00,-1,24173.65,50175,50169,50173,1,-0.32515151515122787,True
50271,2024-07-02 14:30:00,1,24199.0,50266,50258,50265,2,0.8681818181823916,True
50307,2024-07-03 11:15:00,-1,24333.0,50297,50294,50296,7,-1.0569696969703233,True
50322,2024-07-03 12:30:00,1,24355.0,50304,50295,50302,0,1.7124242424253855,False
50357,2024-07-03 15:25:00,1,24362.05,50330,50297,50322,5,5.090606060605998,True
50411,2024-07-04 13:40:00,-1,24382.2,50393,50388,50392,3,-2.0254545454548523,True
50433,2024-07-05 09:15:00,-1,24311.0,50351,50345,50350,0,-4.015454545454568,False
50455,2024-07-05 11:05:00,-1,24308.0,50454,50449,50453,0,1.5678787878792733,False
50460,2024-07-05 11:30:00,1,24330.0,50453,50448,50452,2,-0.24090909090997506,False
50476,2024-07-05 12:50:00,-1,24344.9,50475,50468,50474,0,-0.6890909090909576,False
50499,2024-07-05 14:45:00,-1,24285.85,50497,50446,50495,0,-3.4427272727270033,False
50503,2024-07-05 15:05:00,1,24367.9,50471,50462,50470,0,1.7921212121221541,False
50504,2024-07-05 15:10:00,1,24397.0,50419,50407,50418,3,6.94636363636388,True
50531,2024-07-08 11:10:00,-1,24320.0,50529,50517,50528,0,-3.792727272726917,False
50552,2024-07-08 12:55:00,1,24345.0,50537,50530,50535,5,5.33212121212222,True
50572,2024-07-08 14:35:00,1,24366.0,50565,50556,50564,1,1.473030303030525,True
50620,2024-07-09 12:20:00,1,24449.05,50604,50592,50603,14,0.19606060605993086,True
50620,2024-07-09 12:20:00,1,24449.9,50609,50606,50608,10,0.19606060605993086,True
50628,2024-07-09 13:00:00,1,24456.95,50617,50613,50615,3,0.4336363636357787,True
50666,2024-07-10 09:55:00,-1,24433.2,50608,50604,50607,2,-4.243030303029716,True
50666,2024-07-10 09:55:00,-1,24437.0,50615,50609,50614,5,-4.243030303029716,True
50666,2024-07-10 09:55:00,-1,24439.05,50626,50618,50625,3,-4.243030303029716,True
50674,2024-07-10 10:35:00,-1,24286.85,50547,50531,50543,0,-17.284242424241544,False
50721,2024-07-10 14:30:00,1,24305.0,50720,50714,50719,0,1.4675757575761812,False
50733,2024-07-11 09:15:00,1,24370.0,50730,50723,50727,0,2.409090909090731,False
50744,2024-07-11 10:10:00,-1,24339.65,50738,50732,50737,0,2.010606060605974,False
50766,2024-07-11 12:00:00,-1,24270.2,50757,50751,50754,0,1.311818181817522,False
50773,2024-07-11 12:35:00,1,24322.0,50766,50762,50765,4,3.9854545454547656,True
50788,2024-07-11 13:50:00,1,24344.45,50782,50776,50781,0,-0.4700000000005727,False
50800,2024-07-11 14:50:00,1,24359.9,50799,50793,50798,0,0.3381818181821028,False
50807,2024-07-11 15:25:00,1,24401.9,50744,50733,50743,0,4.513636363635884,False
50899,2024-07-15 10:35:00,1,24593.7,50884,50867,50883,4,2.8169696969703297,True
50899,2024-07-15 10:35:00,1,24590.0,50888,50830,50887,3,2.8169696969703297,True
50929,2024-07-15 13:05:00,1,24618.45,50907,50900,50906,7,1.8651515151503764,True
50961,2024-07-16 09:30:00,1,24637.95,50946,50937,50945,1,0.46606060605961086,True
50972,2024-07-16 10:25:00,1,24655.1,50969,50964,50968,2,2.4078787878788326,True
51007,2024-07-16 13:20:00,-1,24664.15,51005,51001,51004,1,-0.16181818181742263,True
51021,2024-07-16 14:30:00,-1,24623.45,51018,50966,51017,0,-1.9609090909087208,False
51033,2024-07-18 09:15:00,-1,24605.1,50952,50943,50951,0,-1.5848484848474795,False
51033,2024-07-18 09:15:00,-1,24625.0,51031,51026,51030,0,-1.5848484848474795,False
51034,2024-07-18 09:20:00,-1,24590.0,50911,50902,50910,4,-4.6051515151514995,True
51035,2024-07-18 09:25:00,-1,24564.1,50929,50897,50915,1,-8.279999999999282,True
51051,2024-07-18 10:45:00,-1,24651.1,51047,51042,51046,2,-0.6448484848473801,True
51080,2024-07-18 13:10:00,1,24676.6,51004,51000,51003,12,1.267272727272839,True
51080,2024-07-18 13:10:00,1,24682.8,51041,50987,51040,4,1.267272727272839,True
51080,2024-07-18 13:10:00,1,24678.0,51048,51005,51047,2,1.267272727272839,True
51118,2024-07-19 10:05:00,-1,24716.85,51116,51086,51115,1,-6.923030303029577,True
51138,2024-07-19 11:45:00,-1,24631.0,51134,51077,51133,1,-3.5772727272722955,True
51177,2024-07-19 15:00:00,-1,24527.35,51171,51060,51170,1,-0.6481818181807995,True
51193,2024-07-22 10:05:00,1,24542.25,51192,51181,51191,0,10.96030303030351,False
51201,2024-07-22 10:45:00,1,24584.9,51199,51174,51198,1,6.966363636363396,True
51263,2024-07-23 09:40:00,-1,24484.0,51253,51228,51252,0,-0.39121212121181936,False
51280,2024-07-23 11:05:00,1,24526.35,51249,51245,51248,3,7.34545454545438,True
51408,2024-07-25 09:15:00,-1,24281.55,51375,51370,51374,3,-8.185151515151638,True
51408,2024-07-25 09:15:00,-1,24282.6,51391,51385,51390,0,-8.185151515151638,False
51425,2024-07-25 10:40:00,1,24300.0,51422,51413,51420,2,2.488181818181683,True
51435,2024-07-25 11:30:00,1,24325.2,51429,51424,51428,2,0.034848484848997135,True
51464,2024-07-25 13:55:00,1,24397.7,51459,51453,51458,0,-0.729090909089875,False
51515,2024-07-26 11:55:00,1,24715.0,51510,51506,51509,1,0.41242424242488657,True
51569,2024-07-29 10:10:00,-1,24945.6,51564,51561,51563,4,-2.2081818181822284,True
51578,2024-07-29 10:55:00,1,24977.6,51573,51562,51572,0,3.3257575757592686,False
51617,2024-07-29 14:10:00,-1,24889.8,51558,51553,51557,4,-4.319393939393346,True
51636,2024-07-30 09:30:00,1,24935.0,51633,51624,51632,0,0.6521212121210798,False
51697,2024-07-30 14:35:00,1,25006.65,51673,51654,51672,2,3.493636363636344,True
51746,2024-07-31 12:25:00,1,24993.35,51739,51733,51738,6,0.7227272727278641,True
51747,2024-07-31 12:30:00,-1,24976.0,51744,51740,51743,0,0.45333333333356834,False
51750,2024-07-31 12:45:00,1,24997.7,51745,51742,51744,2,-0.9548484848479273,False
51770,2024-07-31 14:25:00,1,25015.6,51699,51679,51698,1,0.7563636363643892,True
51770,2024-07-31 14:25:00,1,25010.0,51758,51724,51757,2,0.7563636363643892,True
51845,2024-08-01 14:25:00,-1,25004.1,51838,51834,51837,3,0.2763636363633373,False
51858,2024-08-02 09:15:00,-1,24970.75,51768,51754,51767,0,-7.964545454545547,False
51891,2024-08-02 12:00:00,-1,24820.2,51887,51875,51886,1,0.392727272725774,False
51921,2024-08-02 14:30:00,-1,24770.0,51919,51907,51918,0,-4.251515151514768,False
51969,2024-08-05 12:15:00,1,24074.0,51966,51962,51964,1,7.158181818181095,True
51973,2024-08-05 12:35:00,-1,24003.85,51967,51963,51966,1,-2.7666666666668647,True
51984,2024-08-05 13:30:00,1,24098.0,51982,51969,51981,1,13.118484848484663,True
52046,2024-08-06 12:25:00,-1,24244.05,52040,52034,52039,1,-1.528484848485333,True
52057,2024-08-06 13:20:00,-1,24173.85,52056,52025,52055,0,-3.166969696968631,False
52067,2024-08-06 14:10:00,-1,24072.0,52064,52003,52063,0,-9.79969696969598,False
52068,2024-08-06 14:15:00,-1,24039.35,51996,51982,51995,0,-10.546060606060362,False
52083,2024-08-07 09:15:00,1,24293.0,52036,52032,52035,3,17.572727272727615,True
52083,2024-08-07 09:15:00,1,24209.9,52060,52056,52059,0,17.572727272727615,False
52126,2024-08-07 12:50:00,-1,24248.0,52117,52108,52115,1,-0.8833333333336337,True
52133,2024-08-07 13:25:00,-1,24229.4,52128,52093,52127,1,-3.2484848484844937,True
52158,2024-08-08 09:15:00,-1,24306.55,52151,52147,52150,0,1.2184848484849558,False
52168,2024-08-08 10:05:00,-1,24209.95,52163,52133,52162,0,-1.1124242424238842,False
52193,2024-08-08 12:10:00,1,24289.95,52166,52161,52164,1,6.14727272727354,True
52193,2024-08-08 12:10:00,1,24275.0,52192,52182,52191,0,6.14727272727354,False
52229,2024-08-08 15:10:00,-1,24150.65,52221,52214,52219,2,-2.53818181818174,True
52233,2024-08-09 09:15:00,1,24215.4,52226,52218,52225,0,2.8045454545452895,False
52233,2024-08-09 09:15:00,1,24206.0,52228,52212,52227,0,2.8045454545452895,False
52235,2024-08-09 09:25:00,1,24398.0,52018,52009,52017,3,26.4800000000007,True
52308,2024-08-12 09:15:00,-1,24360.15,52273,52257,52269,0,-3.3030303030293315,False
52308,2024-08-12 09:15:00,-1,24393.75,52297,52288,52296,5,-3.3030303030293315,True
52314,2024-08-12 09:45:00,-1,24315.0,52309,52248,52308,0,-8.11696969696999,False
52366,2024-08-12 14:05:00,1,24475.0,52351,52340,52350,5,3.9151515151511735,True
52416,2024-08-13 12:00:00,-1,24321.8,52401,52387,52400,2,-0.29909090909145347,True
52419,2024-08-13 12:15:00,-1,24311.8,52399,52377,52398,3,-5.117878787878084,True
52436,2024-08-13 13:40:00,-1,24240.0,52429,52425,52428,1,0.8339393939405054,False
52492,2024-08-14 12:05:00,1,24182.4,52491,52485,52490,0,1.1975757575772448,False
52501,2024-08-14 12:50:00,1,24199.2,52465,52445,52464,2,0.5875757575760474,True
52533,2024-08-16 09:15:00,1,24370.0,52412,52393,52409,0,9.48333333333306,False
52533,2024-08-16 09:15:00,1,24281.8,52435,52426,52434,0,9.48333333333306,False
52533,2024-08-16 09:15:00,1,24221.0,52506,52458,52505,0,9.48333333333306,False
52534,2024-08-16 09:20:00,1,24390.0,52390,52381,52389,0,18.958787878789202,False
52578,2024-08-16 13:00:00,1,24466.9,52569,52374,52568,3,3.170606060606528,True
52586,2024-08-16 13:40:00,1,24490.1,52368,52363,52366,5,3.4809090909095315,True
52586,2024-08-16 13:40:00,1,24489.0,52582,52579,52581,2,3.4809090909095315,True
52630,2024-08-19 11:05:00,-1,24546.7,52628,52622,52627,1,-2.9503030303028006,True
52683,2024-08-20 09:15:00,1,24634.8,52657,52617,52656,0,-0.5472727272722452,False
52686,2024-08-20 09:30:00,1,24652.0,52685,52614,52684,0,5.983333333332013,False
52716,2024-08-20 12:00:00,1,24735.0,52710,52706,52709,2,0.24606060606053268,True
52727,2024-08-20 12:55:00,1,24746.5,52724,52717,52723,0,0.11727272727329068,False
52753,2024-08-20 15:05:00,-1,24714.4,52737,52724,52735,5,0.2512121212137226,False
52768,2024-08-21 10:05:00,1,24743.0,52751,52740,52748,3,2.7118181818177836,True
52771,2024-08-21 10:20:00,1,24756.0,52732,52698,52728,2,6.921515151516041,True
52780,2024-08-21 11:05:00,-1,24742.5,52778,52775,52777,1,-3.8924242424224755,True
52797,2024-08-21 12:30:00,1,24767.5,52779,52776,52778,6,2.5566666666678675,True
52812,2024-08-21 13:45:00,1,24772.95,52802,52784,52798,1,0.7642424242424266,True
52908,2024-08-23 09:15:00,-1,24830.0,52886,52854,52883,3,0.21151515151636024,False
52908,2024-08-23 09:15:00,-1,24825.2,52897,52880,52896,0,0.21151515151636024,False
52912,2024-08-23 09:35:00,-1,24807.85,52848,52841,52844,2,0.49393939393872266,False
52924,2024-08-23 10:35:00,1,24855.0,52894,52887,52892,5,2.7136363636362058,True
52938,2024-08-23 11:45:00,-1,24854.25,52937,52932,52936,0,-1.7706060606056853,False
52969,2024-08-23 14:20:00,1,24869.95,52946,52942,52945,1,2.4966666666671213,True
53059,2024-08-27 09:20:00,-1,25031.55,53055,53042,53053,1,-1.6560606060615481,True
53060,2024-08-27 09:25:00,-1,25024.6,53038,53021,53037,2,-2.0015151515147775,True
53080,2024-08-27 11:05:00,1,25051.65,53067,53055,53066,1,2.714848484849712,True
53082,2024-08-27 11:15:00,1,25066.6,53048,53030,53047,1,5.187575757575126,True
53124,2024-08-27 14:45:00,-1,25036.15,53095,53091,53093,0,-0.8712121212115976,False
53124,2024-08-27 14:45:00,-1,25050.0,53121,53108,53120,2,-0.8712121212115976,True
53132,2024-08-27 15:25:00,-1,25011.25,53130,53126,53129,0,-3.7657575757580197,False
53136,2024-08-28 09:30:00,-1,24990.4,53134,53003,53133,0,0.490909090909553,False
53155,2024-08-28 11:05:00,1,25040.0,53151,53147,53150,1,1.7748484848479886,True
53157,2024-08-28 11:15:00,1,25065.0,53124,53117,53122,0,3.310606060605277,False
53191,2024-08-28 14:05:00,1,25132.75,53173,53167,53172,0,0.8839393939395416,False
53191,2024-08-28 14:05:00,1,25127.25,53179,53174,53178,0,0.8839393939395416,False
53191,2024-08-28 14:05:00,1,25121.8,53189,53183,53188,0,0.8839393939395416,False
53197,2024-08-28 14:35:00,-1,25104.95,53183,53175,53181,6,-0.2248484848479417,True
53197,2024-08-28 14:35:00,-1,25100.0,53186,53169,53185,0,-0.2248484848479417,False
53228,2024-08-29 10:55:00,-1,25102.2,53226,53220,53225,1,-2.1481818181804258,True
53246,2024-08-29 12:25:00,1,25133.0,53224,53219,53223,0,1.2118181818194589,False
53246,2024-08-29 12:25:00,1,25120.0,53236,53226,53234,0,1.2118181818194589,False
53265,2024-08-29 14:00:00,-1,25015.0,53154,53148,53153,0,-2.6918181818176516,False
53341,2024-08-30 14:05:00,1,25342.0,53332,53320,53331,7,0.7400000000000174,True
53342,2024-08-30 14:10:00,1,25344.0,53290,53286,53288,9,1.0572727272730442,True
53343,2024-08-30 14:15:00,1,25345.0,53318,53306,53315,4,1.359696969698169,True
53400,2024-09-02 12:45:00,-1,25333.25,53347,53338,53346,4,-2.1793939393940853,True
53402,2024-09-02 12:55:00,-1,25314.0,53327,53308,53325,1,-4.910303030301695,True
53415,2024-09-02 14:00:00,1,25335.0,53410,53405,53409,0,-0.16333333333258587,False
53451,2024-09-03 10:45:00,1,25356.35,53428,53424,53427,7,1.4257575757573604,True
53474,2024-09-03 12:40:00,1,25355.0,53462,53456,53461,6,1.3809090909094193,True
53475,2024-09-03 12:45:00,1,25358.25,53471,53439,53469,1,1.476666666668062,True
53476,2024-09-03 12:50:00,1,25365.1,53446,53398,53445,2,1.3524242424241497,True
53502,2024-09-03 15:00:00,-1,25360.0,53497,53494,53496,0,0.10545454545431247,False
53508,2024-09-04 09:15:00,-1,25306.0,53412,53408,53411,0,-10.006666666667583,False
53508,2024-09-04 09:15:00,-1,25315.1,53436,53420,53433,0,-10.006666666667583,False
53508,2024-09-04 09:15:00,-1,25325.0,53443,53429,53441,0,-10.006666666667583,False
53508,2024-09-04 09:15:00,-1,25334.3,53458,53447,53457,2,-10.006666666667583,True
53508,2024-09-04 09:15:00,-1,25336.25,53466,53459,53464,0,-10.006666666667583,False
53555,2024-09-04 13:10:00,1,25215.05,53538,53529,53537,2,0.9172727272732979,True
53555,2024-09-04 13:10:00,1,25213.45,53545,53542,53544,2,0.9172727272732979,True
53597,2024-09-05 10:25:00,-1,25261.5,53595,53588,53594,0,-1.4660606060607733,False
53645,2024-09-05 14:25:00,-1,25247.4,53616,53609,53613,4,-0.04212121212155979,True
53658,2024-09-06 09:15:00,-1,25166.95,53515,53509,53514,2,-3.7251515151512398,True
53658,2024-09-06 09:15:00,-1,25190.0,53548,53534,53547,0,-3.7251515151512398,False
53658,2024-09-06 09:15:00,-1,25227.0,53654,53599,53653,0,-3.7251515151512398,False
53680,2024-09-06 11:05:00,-1,24951.4,53677,53674,53676,1,-3.4869696969691977,True
53695,2024-09-06 12:20:00,1,24998.65,53690,53678,53689,3,3.271515151514678,True
53733,2024-09-09 09:15:00,-1,24865.0,53724,53721,53723,3,1.768787878787433,False
53750,2024-09-09 10:40:00,1,24934.4,53717,53709,53716,1,2.144848484850082,True
53750,2024-09-09 10:40:00,1,24927.85,53740,53731,53739,0,2.144848484850082,False
53804,2024-09-09 15:10:00,1,24989.5,53802,53751,53801,0,6.42242424242467,False
53808,2024-09-10 09:15:00,1,24996.0,53805,53784,53804,1,4.609090909091566,True
53809,2024-09-10 09:20:00,1,25020.0,53697,53672,53695,1,5.516060606061915,True
53814,2024-09-10 09:45:00,-1,24965.05,53807,53803,53806,0,1.4342424242428855,False
53840,2024-09-10 11:55:00,1,25043.3,53811,53808,53810,3,4.189090909091076,True
53884,2024-09-11 09:20:00,-1,25046.0,53879,53843,53877,1,-1.412424242424726,True
53915,2024-09-11 11:55:00,1,25100.0,53890,53882,53889,9,0.9448484848488733,True
53915,2024-09-11 11:55:00,1,25096.0,53911,53907,53910,3,0.9448484848488733,True
53936,2024-09-11 13:40:00,-1,25068.35,53930,53908,53928,2,-2.2218181818185916,True
53939,2024-09-11 13:55:00,-1,25046.05,53904,53897,53903,1,-4.636666666666676,True
53949,2024-09-11 14:45:00,-1,24952.7,53948,53826,53947,0,-6.323636363635928,False
53984,2024-09-12 11:25:00,-1,25025.05,53979,53973,53978,0,0.5075757575774228,False
54015,2024-09-12 14:00:00,1,25105.5,53934,53930,53933,3,1.996969696970335,True
54015,2024-09-12 14:00:00,1,25074.9,53982,53974,53981,2,1.996969696970335,True
54015,2024-09-12 14:00:00,1,25067.0,54005,53986,54004,4,1.996969696970335,True
54015,2024-09-12 14:00:00,1,25065.0,54013,54008,54012,1,1.996969696970335,True
54053,2024-09-13 10:55:00,1,25400.0,54051,54033,54050,0,6.198787878786944,False
54085,2024-09-13 13:35:00,-1,25373.0,54061,54051,54060,2,-4.563030303030587,True
54102,2024-09-13 15:00:00,-1,25380.0,54098,54091,54097,3,-2.819393939392945,True
54108,2024-09-16 09:15:00,1,25414.75,54096,54090,54092,0,1.1763636363639784,False
54124,2024-09-16 10:35:00,-1,25450.35,54119,54116,54118,4,-0.8015151515156028,True
54148,2024-09-16 12:35:00,1,25401.5,54147,54139,54146,0,1.3196969696971983,False
54190,2024-09-17 09:50:00,-1,25402.0,54185,54152,54184,0,-1.9451515151511243,False
54208,2024-09-17 11:20:00,1,25460.0,54179,54172,54177,0,1.1512121212122126,False
54235,2024-09-17 13:35:00,1,25459.0,54230,54223,54229,2,0.3172727272732079,True
54246,2024-09-17 14:30:00,-1,25452.05,54243,54240,54242,0,-0.5151515151513381,False
54258,2024-09-18 09:15:00,-1,25430.0,54220,54214,54219,0,-0.9251515151502432,False
54258,2024-09-18 09:15:00,-1,25443.0,54228,54224,54227,7,-0.9251515151502432,True
54258,2024-09-18 09:15:00,-1,25440.0,54252,54231,54251,0,-0.9251515151502432,False
54263,2024-09-18 09:40:00,1,25465.6,54245,54241,54244,1,-2.0548484848479607,False
54275,2024-09-18 10:40:00,1,25472.0,54120,54117,54119,7,0.3284848484854087,True
54275,2024-09-18 10:40:00,1,25477.7,54266,54237,54265,0,0.3284848484854087,False
54295,2024-09-18 12:20:00,1,25492.0,54286,54282,54285,8,0.8530303030317401,True
54295,2024-09-18 12:20:00,1,25497.1,54292,54289,54291,2,0.8530303030317401,True
54302,2024-09-18 12:55:00,-1,25469.8,54285,54279,54284,0,-0.003333333333195693,False
54302,2024-09-18 12:55:00,-1,25480.0,54293,54290,54292,1,-0.003333333333195693,True
54303,2024-09-18 13:00:00,-1,25436.0,54273,54269,54272,0,-2.7278787878783173,False
54309,2024-09-18 13:30:00,-1,25385.0,54193,54147,54192,2,-13.140909090908888,True
54310,2024-09-18 13:35:00,-1,25368.2,54144,54138,54143,2,-12.286969696967722,True
54327,2024-09-18 15:00:00,1,25400.0,54320,54313,54319,0,2.1039393939397595,False
54395,2024-09-19 14:25:00,1,25471.85,54390,54383,54389,1,1.739696969697705,True
54416,2024-09-20 09:55:00,1,25565.9,54409,54352,54408,0,1.2236363636359828,False
54450,2024-09-20 12:45:00,1,25713.8,54436,54433,54435,5,-0.568181818180864,False
54475,2024-09-20 14:50:00,1,25710.95,54471,54464,54469,0,3.2509090909095275,False
54534,2024-09-23 13:30:00,1,25903.95,54506,54496,54504,3,4.223939393940886,True
54575,2024-09-24 10:40:00,-1,25961.6,54571,54567,54569,0,0.577575757575809,False
54633,2024-09-25 09:15:00,-1,25925.0,54629,54590,54628,0,-3.986363636363683,False
54658,2024-09-25 11:20:00,1,25935.9,54653,54646,54652,4,1.2399999999995528,True
54663,2024-09-25 11:45:00,-1,25910.0,54649,54637,54648,1,-1.1851515151498373,True
54664,2024-09-25 11:50:00,-1,25903.0,54555,54552,54554,4,-3.145454545455139,True
54664,2024-09-25 11:50:00,-1,25900.0,54646,54542,54645,1,-3.145454545455139,True
54681,2024-09-25 13:15:00,1,25908.45,54674,54670,54673,3,0.2248484848499869,True
54691,2024-09-25 14:05:00,1,25954.1,54643,54639,54642,0,3.4433333333333285,False
54702,2024-09-25 15:00:00,1,25965.0,54699,54692,54698,0,1.713333333333248,False
54704,2024-09-25 15:10:00,1,25995.0,54617,54568,54616,3,3.7354545454553905,True
54718,2024-09-26 10:05:00,1,26069.55,54716,54710,54715,1,1.3736363636375082,True
54766,2024-09-26 14:05:00,-1,26066.05,54736,54729,54735,2,-3.5345454545463038,True
54799,2024-09-27 10:35:00,1,26391.2,54796,54790,54795,2,1.4969696969710644,True
54874,2024-09-30 10:35:00,-1,26120.0,54872,54867,54870,1,-1.8324242424235537,True
54904,2024-09-30 13:05:00,-1,26045.15,54889,54885,54888,3,-2.13060606060527,True
54914,2024-09-30 13:55:00,1,26023.9,54913,54910,54912,0,-1.2239393939401768,False
54948,2024-10-01 10:30:00,-1,25952.25,54923,54920,54922,5,-7.582727272727171,True
55008,2024-10-03 09:15:00,-1,25917.0,55000,54975,54998,0,-8.578787878786978,False
55029,2024-10-03 11:00:00,-1,25677.0,55028,55020,55027,0,-2.3415151515158166,False
55046,2024-10-03 12:25:00,-1,25566.0,55042,55039,55041,2,-2.9763636363631627,True
55048,2024-10-03 12:35:00,1,25598.0,55044,55040,55043,0,-0.6657575757568148,False
55124,2024-10-04 12:40:00,-1,25453.55,55112,55104,55111,1,-5.178484848484309,True
55172,2024-10-07 10:25:00,-1,25197.0,55169,55165,55168,0,-4.189393939394775,False
55224,2024-10-07 14:45:00,1,25014.0,55218,55208,55217,0,-3.3475757575760308,False
55239,2024-10-08 09:45:00,1,25018.05,55237,55227,55233,0,-2.2333333333336878,False
55248,2024-10-08 10:30:00,1,25069.0,55242,55225,55241,0,2.3681818181817205,False
55275,2024-10-08 12:45:00,-1,25035.1,55273,55253,55272,1,-2.547272727272479,True
55285,2024-10-08 13:35:00,1,25149.9,55197,55187,55195,2,9.889393939394182,True
55318,2024-10-09 10:05:00,1,25200.0,55309,55293,55308,5,2.521212121213504,True
55319,2024-10-09 10:10:00,1,25299.0,55159,55138,55158,1,6.854848484849889,True
55357,2024-10-09 13:20:00,-1,25206.0,55345,55341,55344,1,-5.2787878787874165,True
55369,2024-10-09 14:20:00,-1,25168.8,55361,55358,55360,1,-1.4212121212116704,True
55391,2024-10-10 09:55:00,1,25194.65,55387,55383,55386,0,-1.2081818181813369,False
55448,2024-10-10 14:40:00,-1,25127.15,55428,55390,55427,1,-0.7290909090914383,True
55455,2024-10-10 15:15:00,-1,25114.0,55453,55449,55452,0,-2.449393939392826,False
55468,2024-10-11 10:05:00,1,25130.0,55455,55450,55453,6,6.159090909092161,True
55478,2024-10-11 10:55:00,-1,25070.2,55477,55463,55475,0,-6.898787878788133,False
55496,2024-10-11 12:25:00,1,25049.45,55495,55492,55494,0,3.3775757575747343,False
55506,2024-10-11 13:15:00,1,25063.95,55499,55482,55498,1,0.6869696969703157,True
55527,2024-10-11 15:00:00,-1,25042.0,55513,55500,55512,4,0.6936363636371162,False
55533,2024-10-14 09:15:00,1,25088.3,55516,55507,55515,0,1.6027272727269883,False
55533,2024-10-14 09:15:00,1,25068.6,55526,55521,55524,0,1.6027272727269883,False
55538,2024-10-14 09:40:00,1,25179.25,55422,55418,55421,1,11.530909090909619,True
55538,2024-10-14 09:40:00,1,25156.0,55444,55438,55443,1,11.530909090909619,True
55554,2024-10-14 11:00:00,-1,25186.0,55551,55546,55550,0,-1.4003030303041175,False
55597,2024-10-14 14:35:00,1,25238.1,55594,55589,55592,0,0.008787878787979023,False
55608,2024-10-15 09:15:00,1,25249.5,55599,55575,55597,0,2.6724242424237796,False
55615,2024-10-15 09:50:00,-1,25203.9,55605,55587,55603,0,0.14909090909184863,False
55683,2024-10-16 09:15:00,-1,25093.3,55668,55665,55667,6,0.6957575757583052,False
55687,2024-10-16 09:35:00,1,25145.55,55651,55645,55650,0,-1.4606060606063374,False
55687,2024-10-16 09:35:00,1,25136.0,55672,55662,55671,2,-1.4606060606063374,False
55707,2024-10-16 11:15:00,-1,25082.55,55703,55677,55702,1,-4.403333333332187,True
55709,2024-10-16 11:25:00,-1,25032.6,55520,55495,55519,3,-7.309090909090705,True
55712,2024-10-16 11:40:00,-1,25001.1,55488,55484,55487,0,-12.507272727272086,False
55720,2024-10-16 12:20:00,1,25025.0,55719,55715,55718,0,2.0124242424231893,False
55722,2024-10-16 12:30:00,-1,24995.0,55720,55717,55719,0,1.7651515151518564,False
55727,2024-10-16 12:55:00,1,25011.0,55726,55723,55725,0,-1.0230303030302954,False
55740,2024-10-16 14:00:00,1,25046.05,55739,55736,55738,0,-0.8033333333323257,False
55759,2024-10-17 09:20:00,-1,25025.3,55738,55733,55737,2,-4.997272727273604,True
55761,2024-10-17 09:30:00,-1,24990.1,55725,55722,55724,1,-6.425151515152005,True
55774,2024-10-17 10:35:00,1,24915.0,55771,55767,55770,1,1.7484848484858042,True
55781,2024-10-17 11:10:00,-1,24872.25,55769,55766,55768,2,-2.761515151514914,True
55812,2024-10-17 13:45:00,-1,24830.3,55810,55800,55809,1,-3.7554545454546875,True
55833,2024-10-18 09:15:00,-1,24815.1,55818,55814,55817,1,-2.66757575757391,True
55848,2024-10-18 10:30:00,1,24783.2,55846,55840,55845,1,8.211515151515353,True
55861,2024-10-18 11:35:00,1,24861.05,55833,55820,55830,0,1.7351515151528387,False
55878,2024-10-18 13:00:00,-1,24934.95,55877,55874,55876,0,5.330909090910692,False
55884,2024-10-18 13:30:00,1,24958.85,55878,55875,55877,2,0.44757575757647255,True
55903,2024-10-18 15:05:00,-1,24953.05,55900,55888,55899,0,-1.7363636363638533,False
55943,2024-10-21 12:10:00,-1,24750.75,55942,55846,55941,0,-6.690000000000821,False
55956,2024-10-21 13:15:00,1,24782.25,55947,55942,55946,3,-0.26757575757480534,False
55964,2024-10-21 13:55:00,1,24847.6,55958,55932,55957,1,4.80393939393906,True
55981,2024-10-21 15:20:00,-1,24780.4,55979,55960,55978,0,-10.704848484847068,False
55997,2024-10-22 10:25:00,-1,24730.2,55954,55944,55953,0,-16.533030303029932,False
56025,2024-10-22 12:45:00,-1,24690.15,55999,55841,55998,5,-4.064545454544692,True
56045,2024-10-22 14:25:00,-1,24625.4,56036,56033,56035,3,-1.8621212121214084,True
56079,2024-10-23 11:00:00,1,24630.0,56071,56048,56070,0,4.643333333334309,False
56093,2024-10-23 12:10:00,-1,24608.6,56085,56081,56084,0,-2.07787878787855,False
56117,2024-10-23 14:10:00,-1,24560.05,56112,56076,56111,1,-2.857878787878058,True
56135,2024-10-24 09:25:00,-1,24469.4,56133,56130,56132,1,1.6484848484848662,False
56136,2024-10-24 09:30:00,-1,24456.95,56127,56063,56122,2,-0.6587878787868672,True
56170,2024-10-24 12:20:00,-1,24450.0,56166,56157,56165,3,-2.0375757575747935,True
56176,2024-10-24 12:50:00,-1,24442.55,56172,56169,56171,0,-0.2833333333330431,False
56193,2024-10-24 14:15:00,-1,24427.85,56186,56180,56185,4,-0.4284848484842582,True
56202,2024-10-24 15:00:00,1,24447.0,56183,56179,56182,4,2.4351515151509684,True
56207,2024-10-24 15:25:00,1,24460.75,56174,56167,56173,2,3.107272727273061,True
56211,2024-10-25 09:30:00,-1,24405.0,56210,56195,56209,0,-1.1606060606062298,False
56245,2024-10-25 12:20:00,-1,24138.0,56232,56227,56231,6,-2.284242424241462,True
56245,2024-10-25 12:20:00,-1,24140.0,56240,56236,56239,2,-2.284242424241462,True
56259,2024-10-25 13:30:00,-1,24115.0,56252,56249,56251,4,-2.6406060606054016,True
56269,2024-10-25 14:20:00,-1,24092.0,56266,56261,56265,1,-3.5427272727272667,True
56278,2024-10-25 15:05:00,1,24150.0,56257,56253,56256,4,9.098787878787356,True
56279,2024-10-25 15:10:00,1,24156.65,56251,56248,56250,6,10.101515151515462,True
56280,2024-10-25 15:15:00,1,24187.8,56243,56238,56242,1,12.01424242424265,True
56291,2024-10-28 09:55:00,1,24285.3,56285,56221,56284,1,-3.5633333333328316,False
56312,2024-10-28 11:40:00,1,24410.0,56311,56307,56310,0,3.1821212121211415,False
56340,2024-10-28 14:00:00,-1,24378.55,56312,56308,56311,0,-3.6675757575741406,False
56340,2024-10-28 14:00:00,-1,24390.0,56327,56316,56326,0,-3.6675757575741406,False
56340,2024-10-28 14:00:00,-1,24400.0,56337,56328,56336,2,-3.6675757575741406,True
56391,2024-10-29 12:00:00,1,24274.9,56389,56372,56388,1,7.189999999999961,True
56416,2024-10-29 14:05:00,1,24438.1,56349,56338,56348,0,8.024242424243349,False
56427,2024-10-29 15:00:00,1,24470.95,56420,56333,56419,3,2.737575757575567,True
56452,2024-10-30 10:50:00,1,24448.0,56442,56438,56441,4,0.9084848484850536,True
56458,2024-10-30 11:20:00,1,24478.0,56454,56432,56453,0,4.845454545454768,False
56478,2024-10-30 13:00:00,1,24485.0,56464,56459,56463,4,1.961818181818234,True
56481,2024-10-30 13:15:00,-1,24439.15,56458,56454,56457,3,1.0178787878785707,False
56482,2024-10-30 13:20:00,-1,24400.0,56449,56442,56447,1,-3.4896969696962796,True
56492,2024-10-30 14:10:00,-1,24361.2,56491,56436,56490,0,-4.523333333333184,False
56503,2024-10-30 15:05:00,-1,24361.85,56500,56497,56499,1,0.6557575757566364,False
56526,2024-10-31 10:45:00,-1,24255.4,56524,56521,56523,1,-4.303636363635249,True
56532,2024-10-31 11:15:00,-1,24241.05,56513,56389,56512,4,-3.6303030303017803,True
56570,2024-10-31 14:25:00,-1,24196.05,56561,56553,56560,3,-2.734242424242519,True
56571,2024-10-31 14:30:00,-1,24192.0,56568,56551,56567,1,-3.0872727272718743,True
56683,2024-11-05 11:20:00,-1,24077.95,56675,56670,56674,0,-0.3572727272714803,False
56686,2024-11-05 11:35:00,-1,24054.05,56666,56658,56665,2,-6.8821212121205715,True
56698,2024-11-05 12:35:00,1,24034.65,56696,56692,56695,1,3.14121212121254,True
56709,2024-11-05 13:30:00,1,24166.75,56660,56592,56659,3,7.0969696969702785,True
56714,2024-11-05 13:55:00,1,24212.65,56710,56588,56709,1,20.666666666668164,True
56733,2024-11-06 09:15:00,1,24320.0,56731,56723,56727,0,3.075757575757413,False
56735,2024-11-06 09:25:00,1,24381.45,56734,56583,56733,0,7.03181818181839,False
56809,2024-11-07 09:20:00,-1,24551.0,56801,56782,56800,1,-2.660303030302834,True
56817,2024-11-07 10:00:00,-1,24381.15,56749,56737,56748,1,-14.568181818180838,True
56822,2024-11-07 10:25:00,-1,24308.0,56820,56734,56819,0,-19.703333333335042,False
56849,2024-11-07 12:40:00,1,24334.7,56840,56837,56839,3,2.8869696969705885,True
56856,2024-11-07 13:15:00,-1,24317.05,56855,56848,56854,0,-0.811818181817376,False
56861,2024-11-07 13:40:00,-1,24289.0,56834,56823,56833,0,-2.828484848484571,False
56861,2024-11-07 13:40:00,-1,24301.0,56845,56842,56844,0,-2.828484848484571,False
56883,2024-11-08 09:15:00,-1,24265.75,56727,56722,56725,0,0.7966666666671132,False
56889,2024-11-08 09:45:00,1,24317.8,56866,56860,56865,6,-2.971212121212921,False
56889,2024-11-08 09:45:00,1,24320.75,56879,56868,56878,1,-2.971212121212921,False
56908,2024-11-08 11:20:00,-1,24236.0,56906,56887,56905,1,-3.0412121212122547,True
56942,2024-11-08 14:10:00,-1,24232.15,56941,56936,56940,0,-3.5984848484844827,False
56958,2024-11-11 09:15:00,-1,24153.35,56885,56711,56884,0,-7.749090909089868,False
56987,2024-11-11 11:40:00,1,24415.0,56983,56889,56982,2,8.120606060606482,True
56995,2024-11-11 12:20:00,-1,24308.45,56994,56977,56993,0,-11.940909090909159,False
57041,2024-11-12 09:55:00,1,24294.0,57026,57023,57025,1,-5.858787878786976,False
57041,2024-11-12 09:55:00,1,24299.95,57034,57009,57033,0,-5.858787878786976,False
57068,2024-11-12 12:10:00,-1,24190.0,57040,57027,57039,5,-2.232727272727501,True
57074,2024-11-12 12:40:00,-1,24168.75,57073,56963,57072,0,-4.10030303030336,False
57103,2024-11-12 15:05:00,-1,23995.2,57096,57086,57095,1,-5.3039393939385615,True
57137,2024-11-13 11:40:00,-1,23764.05,57136,57132,57135,0,-3.036969696968691,False
57150,2024-11-13 12:45:00,-1,23750.0,57145,57137,57144,1,-1.9609090909093525,True
57206,2024-11-14 11:10:00,-1,23600.0,57189,57178,57188,1,-10.385151515150794,True
57250,2024-11-14 14:50:00,-1,23604.85,57246,57242,57245,3,-0.9115151515148465,True
57252,2024-11-14 15:00:00,-1,23591.45,57239,57223,57237,1,-2.126060606059881,True
57257,2024-11-14 15:25:00,1,23627.2,57244,57240,57243,0,0.42636363636335867,False
57258,2024-11-18 09:15:00,-1,23563.45,57257,57206,57253,0,1.8296969696973533,False
57333,2024-11-19 09:15:00,1,23644.0,57301,57297,57300,0,5.672727272727893,False
57333,2024-11-19 09:15:00,1,23569.45,57316,57310,57315,0,5.672727272727893,False
57347,2024-11-19 10:25:00,1,23803.0,57165,57145,57163,0,4.135454545455778,False
57347,2024-11-19 10:25:00,1,23770.0,57345,57339,57344,1,4.135454545455778,True
57358,2024-11-19 11:20:00,1,23807.3,57137,57134,57136,8,3.2836363636360137,True
57374,2024-11-19 12:40:00,-1,23800.0,57373,57367,57372,0,-1.9415151515139928,False
57395,2024-11-19 14:25:00,-1,23742.65,57393,57352,57392,0,-7.289696969697346,False
57441,2024-11-21 12:00:00,1,23387.6,57436,57433,57435,1,0.6663636363638582,True
57511,2024-11-22 11:35:00,1,23567.8,57508,57505,57507,1,2.9730303030309786,True
57540,2024-11-22 14:00:00,1,23825.0,57386,57381,57385,3,9.201818181819146,True
57579,2024-11-25 11:00:00,1,24338.3,57574,57561,57573,3,3.770606060605229,True
57601,2024-11-25 12:50:00,-1,24243.0,57567,57559,57566,0,-2.304848484848567,False
57601,2024-11-25 12:50:00,-1,24281.05,57599,57595,57598,1,-2.304848484848567,True
57622,2024-11-25 14:35:00,1,24236.4,57618,57608,57617,0,4.914242424242086,False
57670,2024-11-26 12:20:00,-1,24154.4,57647,57614,57646,0,-6.195454545453786,False
57689,2024-11-26 13:55:00,1,24206.95,57678,57669,57677,3,0.5866666666675568,True
57698,2024-11-26 14:40:00,1,24245.0,57663,57653,57662,1,4.278181818181678,True
57710,2024-11-27 09:25:00,-1,24194.0,57704,57696,57703,2,-5.281212121211586,True
57745,2024-11-27 12:20:00,1,24267.85,57699,57642,57698,2,2.5227272727282437,True
57745,2024-11-27 12:20:00,1,24244.45,57742,57715,57741,1,2.5227272727282437,True
57747,2024-11-27 12:30:00,1,24315.0,57600,57596,57599,5,9.939393939393499,True
57777,2024-11-27 15:00:00,-1,24309.1,57761,57752,57760,8,-1.6569696969714294,True
57799,2024-11-28 10:35:00,-1,24171.65,57728,57722,57727,0,-7.310303030302461,False
57842,2024-11-28 14:10:00,-1,23965.0,57838,57831,57837,0,7.599090909091035,False
57883,2024-11-29 11:20:00,1,24285.0,57878,57875,57877,4,1.7975757575765685,True
57888,2024-11-29 11:45:00,-1,24234.55,57879,57876,57878,2,-2.4042424242418776,True
57902,2024-11-29 12:55:00,1,24270.0,57900,57894,57897,0,-1.1542424242415699,False
57933,2024-12-02 09:15:00,-1,24248.05,57919,57904,57918,0,-4.719696969696421,False
57945,2024-12-02 10:15:00,1,24314.15,57940,57932,57939,1,6.6669696969697805,True
57971,2024-12-02 12:25:00,1,24330.0,57964,57958,57963,1,2.4818181818183236,True
57980,2024-12-02 13:10:00,-1,24325.0,57977,57974,57976,2,-1.5675757575756406,True
57989,2024-12-02 13:55:00,1,24359.6,57979,57972,57978,0,3.203636363636587,False
58020,2024-12-03 10:15:00,1,24456.0,58018,58015,58017,1,5.69363636363736,True
58045,2024-12-03 12:20:00,-1,24521.05,58044,58040,58043,0,-1.8478787878777971,False
58059,2024-12-03 13:30:00,1,24564.8,58036,58033,58035,1,-2.1387878787857804,False
58059,2024-12-03 13:30:00,1,24561.75,58051,58041,58050,0,-2.1387878787857804,False
58080,2024-12-03 15:15:00,-1,24550.0,58077,58072,58076,2,-1.696666666667333,True
58084,2024-12-04 09:20:00,1,24575.0,58078,58075,58077,1,-1.8345454545458164,False
58115,2024-12-04 11:55:00,-1,24600.15,58108,58101,58107,0,-0.036060606059252,False
58178,2024-12-05 10:55:00,-1,24436.0,58134,58018,58115,0,0.44121212121239983,False
58192,2024-12-05 12:05:00,1,24540.1,58178,58167,58177,0,5.463333333332962,False
58193,2024-12-05 12:10:00,1,24635.9,58113,58103,58111,3,13.321515151514589,True
58193,2024-12-05 12:10:00,1,24641.5,58143,58098,58141,1,13.321515151514589,True
58214,2024-12-05 13:55:00,1,24746.8,58207,58194,58206,4,3.753636363635288,True
58243,2024-12-06 10:05:00,-1,24754.35,58242,58233,58241,0,1.1978787878802177,False
58282,2024-12-06 13:20:00,-1,24794.85,58276,58273,58275,1,0.4790909090924432,False
58308,2024-12-09 09:15:00,-1,24755.05,58298,58264,58296,1,-2.499090909090778,True
58315,2024-12-09 09:50:00,-1,24698.55,58314,58243,58312,0,-7.1966666666658865,False
58367,2024-12-09 14:10:00,-1,24700.5,58355,58348,58353,2,-2.6039393939393647,True
58388,2024-12-10 09:40:00,1,24724.85,58368,58364,58367,5,2.266363636362774,True
58389,2024-12-10 09:45:00,1,24727.85,58385,58374,58384,3,3.2712121212121055,True
58419,2024-12-10 12:15:00,-1,24680.0,58383,58371,58377,2,-3.103030303029763,True
58437,2024-12-10 13:45:00,-1,24612.55,58433,58424,58432,1,-2.18939393939359,True
58452,2024-12-10 15:00:00,1,24659.8,58436,58429,58435,1,2.999696969698188,True
58476,2024-12-11 10:45:00,1,24768.75,58475,58392,58474,0,6.76212121212085,False
58486,2024-12-11 11:35:00,1,24776.0,58336,58309,58335,8,1.1633333333344271,True
58486,2024-12-11 11:35:00,1,24780.0,58478,58337,58477,1,1.1633333333344271,True
58498,2024-12-11 12:35:00,-1,24741.1,58481,58475,58480,1,-3.1760606060595236,True
58519,2024-12-11 14:20:00,-1,24740.0,58516,58511,58515,0,-0.4848484848490926,False
58566,2024-12-12 12:00:00,-1,24671.1,58556,58465,58554,1,-1.0724242424239907,True
58608,2024-12-13 09:15:00,-1,24635.35,58603,58589,58600,0,-3.142727272727565,False
58652,2024-12-13 12:55:00,1,24664.15,58578,58573,58577,5,0.9075757575750445,True
58652,2024-12-13 12:55:00,1,24655.95,58607,58598,58606,5,0.9075757575750445,True
58652,2024-12-13 12:55:00,1,24675.0,58647,58593,58646,0,0.9075757575750445,False
58661,2024-12-13 13:40:00,1,24761.95,58518,58513,58517,3,7.457272727271451,True
58661,2024-12-13 13:40:00,1,24765.85,58538,58509,58537,0,7.457272727271451,False
58678,2024-12-13 15:05:00,1,24809.9,58666,58663,58665,5,-1.0769696969688167,False
58687,2024-12-16 09:35:00,-1,24751.9,58667,58664,58666,3,-8.36181818181965,True
58706,2024-12-16 11:10:00,-1,24700.0,58704,58698,58703,1,-1.1312121212124169,True
58729,2024-12-16 13:05:00,1,24733.95,58715,58711,58714,0,4.208181818182103,False
58731,2024-12-16 13:15:00,1,24739.95,58730,58706,58729,0,4.0206060606060126,False
58741,2024-12-16 14:05:00,1,24755.0,58733,58699,58732,1,2.0742424242425948,True
58758,2024-12-17 09:15:00,-1,24700.75,58738,58727,58737,0,-6.86181818181737,False
58762,2024-12-17 09:35:00,-1,24640.0,58759,58657,58758,0,-10.713939393939338,False
58771,2024-12-17 10:20:00,-1,24560.0,58768,58650,58767,0,-8.113030303030289,False
58819,2024-12-17 14:20:00,-1,24402.0,58818,58809,58817,0,-2.5721212121211163,False
58834,2024-12-18 09:20:00,-1,24380.0,58827,58820,58825,1,-2.5803030303020607,True
58838,2024-12-18 09:40:00,1,24432.8,58825,58818,58824,3,-6.6748484848482486,False
58872,2024-12-18 12:30:00,-1,24270.35,58868,58857,58867,3,-2.91999999999891,True
58908,2024-12-19 09:15:00,-1,24236.0,58898,58888,58897,4,-12.375151515150785,True
58920,2024-12-19 10:15:00,-1,23980.0,58918,58914,58917,1,2.3066666666665605,False
58936,2024-12-19 11:35:00,1,24016.9,58926,58923,58925,0,2.063030303030839,False
58983,2024-12-20 09:15:00,-1,23969.65,58930,58920,58929,1,-0.6748484848483077,True
58983,2024-12-20 09:15:00,-1,23990.0,58958,58935,58957,0,-0.6748484848483077,False
58983,2024-12-20 09:15:00,-1,24002.0,58974,58970,58973,4,-0.6748484848483077,True
58987,2024-12-20 09:35:00,1,24044.25,58917,58913,58916,2,-11.64666666666579,False
58987,2024-12-20 09:35:00,1,24030.05,58980,58965,58979,0,-11.64666666666579,False
58989,2024-12-20 09:45:00,-1,23921.0,58987,58911,58983,0,7.881818181818641,False
59018,2024-12-20 12:10:00,-1,23935.0,59011,59001,59010,0,0.27515151515188685,False
59058,2024-12-23 09:15:00,1,23755.0,59046,59039,59045,0,1.5875757575764542,False
59067,2024-12-23 10:00:00,1,23800.0,59066,59034,59065,0,-2.3439393939397735,False
59068,2024-12-23 10:05:00,1,23821.7,59062,59059,59061,1,0.49545454545419354,True
59078,2024-12-23 10:55:00,1,23834.95,59076,59069,59075,1,4.361212121213589,True
59096,2024-12-23 12:25:00,-1,23768.5,59094,59072,59093,1,-12.89545454545343,True
59100,2024-12-23 12:45:00,-1,23725.65,59067,59063,59066,3,-9.496060606059913,True
59136,2024-12-24 09:30:00,-1,23740.0,59127,59120,59125,1,0.5660606060618755,False
59141,2024-12-24 09:55:00,1,23792.4,59135,59123,59134,1,0.4351515151521254,True
59166,2024-12-24 12:00:00,-1,23839.0,59165,59161,59164,0,-1.8954545454539906,False
59226,2024-12-26 10:45:00,-1,23716.15,59225,59136,59223,0,-6.731818181818764,False
59248,2024-12-26 12:35:00,-1,23737.7,59237,59233,59236,6,-2.772727272726429,True
59249,2024-12-26 12:40:00,1,23745.0,59247,59244,59246,1,-2.0751515151508557,False
59259,2024-12-26 13:30:00,-1,23732.65,59246,59243,59245,3,0.11272727272806504,False
59301,2024-12-27 10:45:00,-1,24082.6,59299,59293,59298,0,0.28363636363624983,False
59338,2024-12-27 13:50:00,1,24037.55,59326,59323,59325,6,0.8875757575761404,True
59339,2024-12-27 13:55:00,1,24040.45,59337,59332,59336,1,1.0115151515150849,True
59349,2024-12-27 14:45:00,-1,24018.0,59335,59331,59334,5,-1.7357575757569126,True
59350,2024-12-27 14:50:00,-1,24005.0,59325,59320,59324,1,-1.7887878787886928,True
59385,2024-12-30 11:30:00,1,24010.0,59378,59357,59377,0,0.9751515151521226,False
59389,2024-12-30 11:50:00,1,24051.15,59341,59330,59340,1,14.186060606060225,True
59404,2024-12-30 13:05:00,-1,23925.1,59400,59380,59399,2,-8.268787878787318,True
59408,2024-12-30 13:25:00,-1,23910.0,59398,59371,59397,1,-4.408484848484927,True
59422,2024-12-30 14:35:00,1,23820.15,59419,59416,59418,1,-0.16121212121088188,False
59433,2024-12-31 09:15:00,-1,23782.0,59418,59415,59417,3,-7.554545454545835,True
59433,2024-12-31 09:15:00,-1,23771.75,59430,59419,59429,0,-7.554545454545835,False
59472,2024-12-31 12:30:00,1,23776.95,59464,59457,59463,1,1.278484848484869,True
59514,2025-01-01 09:45:00,-1,23718.95,59466,59460,59465,5,-8.563333333332993,True
59524,2025-01-01 10:35:00,1,23819.3,59505,59501,59504,2,10.437272727272696,True
59564,2025-01-01 13:55:00,1,23924.85,59546,59532,59545,0,4.752727272726758,False
59595,2025-01-02 10:15:00,1,23964.0,59567,59398,59565,4,7.139090909091813,True
59605,2025-01-02 11:05:00,1,24054.7,59394,59312,59393,1,7.748181818182637,True
59621,2025-01-02 12:25:00,1,24079.0,59611,59389,59610,0,2.092121212122176,False
59669,2025-01-03 10:10:00,-1,24136.0,59667,59626,59666,1,-6.4145454545447125,True
59712,2025-01-03 13:45:00,-1,24175.0,59711,59706,59710,0,-2.4121212121206987,False
59731,2025-01-03 15:20:00,-1,24090.2,59679,59674,59678,3,-4.0109090909074245,True
59736,2025-01-06 09:30:00,-1,24072.0,59733,59728,59732,0,3.371212121213006,False
59756,2025-01-06 11:10:00,-1,23860.0,59561,59553,59560,0,-21.58303030302957,False
59762,2025-01-06 11:40:00,-1,23817.55,59758,59540,59757,1,-8.761515151514931,True
59788,2025-01-06 13:50:00,-1,23708.8,59785,59765,59784,0,-10.220909090908302,False
59808,2025-01-07 09:15:00,1,23765.0,59793,59786,59792,1,6.640000000000771,True
59808,2025-01-07 09:15:00,1,23757.15,59803,59794,59802,0,6.640000000000771,False
59827,2025-01-07 10:50:00,-1,23811.95,59826,59821,59825,0,4.628484848486354,False
59863,2025-01-07 13:50:00,-1,23805.0,59859,59828,59852,0,1.4966666666670807,False
59883,2025-01-08 09:15:00,-1,23782.15,59876,59865,59874,2,-2.281212121212398,True
59896,2025-01-08 10:20:00,-1,23705.05,59890,59887,59889,0,-0.9281818181813687,False
59918,2025-01-08 12:10:00,-1,23629.4,59909,59901,59908,2,-5.970303030302861,True
59932,2025-01-08 13:20:00,1,23646.0,59921,59917,59920,1,3.250606060605926,True
59942,2025-01-08 14:10:00,1,23785.0,59893,59888,59891,2,15.01212121212192,True
59958,2025-01-09 09:15:00,-1,23760.1,59954,59946,59953,0,-6.0139393939399,False
59976,2025-01-09 10:45:00,-1,23678.0,59969,59961,59967,0,-0.6096969696972675,False
59994,2025-01-09 12:15:00,1,23667.0,59988,59983,59987,1,1.8121212121214851,True
60001,2025-01-09 12:50:00,-1,23636.0,59990,59985,59989,2,-4.4418181818180456,True
60016,2025-01-09 14:05:00,1,23650.0,60014,60006,60012,0,0.4133333333331193,False
60024,2025-01-09 14:45:00,-1,23621.7,60012,60002,60009,4,-2.63515151515098,True
60035,2025-01-10 09:25:00,-1,23605.0,60034,59926,60033,0,1.0263636363642088,False
60092,2025-01-10 14:10:00,-1,23550.1,60086,60068,60084,1,-1.5539393939378943,True
60105,2025-01-10 15:15:00,1,23512.0,60100,60096,60099,1,0.276969696970518,True
60108,2025-01-13 09:15:00,-1,23468.75,60096,60049,60095,4,-8.858787878786554,True
60108,2025-01-13 09:15:00,-1,23464.0,60103,60098,60102,0,-8.858787878786554,False
60152,2025-01-13 12:55:00,-1,23251.2,60116,60108,60115,2,0.3724242424247473,False
60171,2025-01-13 14:30:00,-1,23156.3,60168,60165,60167,1,-2.905454545454593,True
60183,2025-01-14 09:15:00,1,23191.35,60169,60166,60168,0,7.281818181817662,False
60237,2025-01-14 13:45:00,-1,23232.9,60236,60232,60235,0,-0.539696969697153,False
60242,2025-01-14 14:10:00,1,23255.45,60234,60231,60233,1,-0.3030303030300851,False
60253,2025-01-14 15:05:00,1,23270.9,60252,60249,60251,0,-1.8972727272715295,False
60261,2025-01-15 09:30:00,-1,23251.1,60251,60247,60250,3,1.373333333333341,False
60271,2025-01-15 10:20:00,1,23282.8,60269,60225,60267,0,5.217272727272163,False
60274,2025-01-15 10:35:00,1,23292.75,60273,60244,60272,0,4.492121212121427,False
60322,2025-01-15 14:35:00,1,23239.7,60318,60311,60317,1,0.6584848484854277,True
60336,2025-01-16 09:30:00,1,23408.3,60127,60124,60126,2,19.602727272726625,True
60376,2025-01-16 12:50:00,1,23391.2,60351,60347,60350,3,2.326969696970203,True
60389,2025-01-16 13:55:00,1,23410.0,60388,60378,60387,0,2.0381818181818003,False
60400,2025-01-16 14:50:00,-1,23365.1,60371,60364,60370,2,-5.12242424242357,True
60421,2025-01-17 10:20:00,1,23305.0,60418,60411,60417,0,4.0112121212121545,False
60426,2025-01-17 10:45:00,-1,23207.4,60319,60309,60318,1,-1.7345454545450238,True
60426,2025-01-17 10:45:00,-1,23212.0,60322,60262,60321,0,-1.7345454545450238,False
60426,2025-01-17 10:45:00,-1,23235.1,60410,60325,60409,2,-1.7345454545450238,True
60427,2025-01-17 10:50:00,-1,23199.3,60313,60195,60312,1,-6.685151515151374,True
60471,2025-01-17 14:30:00,1,23270.0,60466,60459,60464,2,3.0881818181818557,True
60503,2025-01-20 10:55:00,1,23319.0,60453,60448,60452,5,4.6966666666676105,True
60507,2025-01-20 11:15:00,1,23342.25,60484,60445,60483,0,1.7721212121210455,False
60507,2025-01-20 11:15:00,1,23330.0,60501,60422,60500,3,1.7721212121210455,True
60531,2025-01-20 13:15:00,1,23419.0,60408,60336,60407,12,2.728484848485103,True
60531,2025-01-20 13:15:00,1,23425.65,60514,60389,60513,1,2.728484848485103,True
60531,2025-01-20 13:15:00,1,23424.0,60521,60515,60520,1,2.728484848485103,True
60558,2025-01-21 09:15:00,1,23427.5,60552,60544,60551,0,-2.2763636363640405,False
60562,2025-01-21 09:35:00,-1,23383.0,60529,60525,60528,4,2.6154545454541127,False
60562,2025-01-21 09:35:00,-1,23380.95,60541,60537,60540,1,2.6154545454541127,False
60562,2025-01-21 09:35:00,-1,23384.6,60558,60546,60557,1,2.6154545454541127,False
60566,2025-01-21 09:55:00,-1,23380.0,60524,60517,60522,7,-5.37393939393825,True
60571,2025-01-21 10:20:00,-1,23226.8,60467,60458,60466,3,-15.17757575757604,True
60621,2025-01-21 14:30:00,-1,23175.8,60582,60572,60581,8,-8.987575757575687,True
60622,2025-01-21 14:35:00,-1,23160.85,60608,60597,60607,1,-12.037878787878583,True
60660,2025-01-22 11:30:00,-1,23090.75,60640,60632,60639,1,-6.686060606060763,True
60671,2025-01-22 12:25:00,-1,23052.85,60669,60624,60667,1,-4.318787878787368,True
60680,2025-01-22 13:10:00,1,23082.05,60676,60669,60674,0,1.181212121212386,False
60697,2025-01-22 14:35:00,1,23168.9,60645,60637,60644,5,11.375757575758298,True
60747,2025-01-23 12:30:00,1,23306.0,60617,60611,60616,0,5.648484848484124,False
60806,2025-01-24 11:10:00,1,23308.2,60785,60762,60784,0,8.11757575757659,False
60812,2025-01-24 11:40:00,1,23324.0,60610,60603,60609,2,9.093636363636943,True
60840,2025-01-24 14:00:00,1,23219.0,60839,60834,60838,0,-0.4887878787878978,False
60842,2025-01-24 14:10:00,-1,23180.0,60841,60832,60840,0,0.8727272727280078,False
60847,2025-01-24 14:35:00,-1,23130.0,60844,60708,60843,1,-7.1396969696965815,True
60847,2025-01-24 14:35:00,-1,23137.3,60846,60792,60845,0,-7.1396969696965815,False
60848,2025-01-24 14:40:00,-1,23114.5,60797,60696,60796,0,-8.507272727272762,False
60901,2025-01-27 12:50:00,-1,22865.75,60895,60887,60893,2,-7.220909090909138,True
60910,2025-01-27 13:35:00,-1,22845.7,60901,60879,60900,3,-0.8218181818169613,True
60921,2025-01-27 14:30:00,-1,22827.2,60918,60874,60917,1,-2.710303030302909,True
60933,2025-01-28 09:15:00,1,22866.35,60930,60919,60929,0,7.896666666668511,False
60954,2025-01-28 11:00:00,1,22968.6,60934,60891,60933,0,3.046363636364641,False
60954,2025-01-28 11:00:00,1,22955.85,60943,60896,60942,0,3.046363636364641,False
60962,2025-01-28 11:40:00,1,23012.15,60961,60868,60960,0,8.958484848484963,False
60969,2025-01-28 12:15:00,1,23055.95,60965,60962,60964,3,6.736060606061187,True
60999,2025-01-28 14:45:00,-1,23048.2,60993,60989,60992,0,12.144848484847502,False
61000,2025-01-28 14:50:00,-1,23003.0,60967,60963,60966,0,6.303333333333831,False
61018,2025-01-29 10:05:00,1,23078.0,61014,61009,61013,1,4.6290909090914525,True
61033,2025-01-29 11:20:00,-1,23070.15,61027,61020,61026,2,-0.3006060606063025,True
61082,2025-01-29 15:25:00,1,23169.95,61061,60844,61058,4,3.961515151515915,True
61086,2025-01-30 09:30:00,1,23181.05,61083,61067,61082,1,2.8415151515154355,True
61087,2025-01-30 09:35:00,1,23185.2,61049,60846,61044,4,3.5209090909098473,True
61137,2025-01-30 13:45:00,-1,23213.0,61113,61104,61111,2,-5.372727272726507,True
61137,2025-01-30 13:45:00,-1,23215.5,61136,61119,61135,0,-5.372727272726507,False
61189,2025-01-31 11:50:00,1,23557.7,61184,61180,61183,1,1.3569696969699998,True
61197,2025-01-31 12:30:00,1,23581.95,61195,61191,61194,1,3.4503030303042195,True
61216,2025-01-31 14:05:00,-1,23555.0,61196,61192,61195,0,-6.376363636363523,False
61245,2025-02-01 10:15:00,1,23644.0,61233,61208,61232,8,1.8572727272734506,True
61260,2025-02-01 11:30:00,1,23699.0,61259,61253,61258,0,3.9118181818179436,False
61279,2025-02-01 13:05:00,-1,23468.5,61278,61265,61277,0,-14.056363636362937,False
61283,2025-02-01 13:25:00,1,23515.4,61279,61274,61278,0,-2.0466666666657516,False
61308,2025-02-03 09:15:00,-1,23430.2,61274,61162,61273,1,-11.453333333332182,True
61332,2025-02-03 11:15:00,1,23405.0,61327,61311,61326,4,4.968787878788142,True
61353,2025-02-03 13:00:00,1,23388.2,61348,61343,61346,0,-0.3678787878790525,False
61378,2025-02-03 15:05:00,1,23440.3,61371,61362,61370,1,1.4648484848488523,True
61426,2025-02-04 12:50:00,1,23666.0,61424,61414,61423,1,6.0081818181824564,True
61505,2025-02-05 13:10:00,1,23823.95,61500,61495,61498,2,0.6387878787885835,True
61527,2025-02-05 15:00:00,-1,23788.9,61494,61482,61493,0,-1.9239393939387057,False
61563,2025-02-06 11:45:00,1,23704.05,61562,61559,61561,0,-0.6545454545459627,False
61576,2025-02-06 12:50:00,-1,23691.0,61566,61562,61565,4,-1.4590909090898845,True
61577,2025-02-06 12:55:00,-1,23681.8,61561,61558,61560,1,-2.2212121212117437,True
61588,2025-02-06 13:50:00,-1,23675.2,61580,61444,61577,1,-0.5142424242412269,True
61609,2025-02-07 09:20:00,-1,23665.2,61602,61588,61601,0,2.6666666666665373,False
61618,2025-02-07 10:05:00,1,23715.0,61570,61563,61569,2,-0.0036363636367928933,False
61618,2025-02-07 10:05:00,1,23712.0,61575,61571,61574,1,-0.0036363636367928933,False
61618,2025-02-07 10:05:00,1,23738.35,61609,61547,61608,0,-0.0036363636367928933,False
61620,2025-02-07 10:15:00,-1,23638.6,61430,61424,61429,0,4.906969696969761,False
61620,2025-02-07 10:15:00,-1,23650.0,61618,61610,61617,0,4.906969696969761,False
61633,2025-02-07 11:20:00,1,23744.9,61551,61543,61550,3,12.85787878787872,True
61633,2025-02-07 11:20:00,1,23755.0,61620,61539,61618,0,12.85787878787872,False
61663,2025-02-07 13:50:00,-1,23582.3,61623,61417,61622,0,-0.5945454545452447,False
61663,2025-02-07 13:50:00,-1,23630.5,61653,61644,61652,3,-0.5945454545452447,True
61715,2025-02-10 11:55:00,-1,23431.65,61703,61699,61701,1,-1.6133333333327218,True
61738,2025-02-10 13:50:00,1,23441.9,61727,61722,61726,1,0.2972727272732953,True
61758,2025-02-11 09:15:00,-1,23443.0,61754,61749,61753,0,-1.4796969696973183,False
61759,2025-02-11 09:20:00,-1,23389.0,61745,61734,61744,0,-4.246969696968371,False
61794,2025-02-11 12:15:00,-1,23318.0,61777,61771,61776,5,-1.1045454545454174,True
61794,2025-02-11 12:15:00,-1,23320.0,61791,61786,61790,1,-1.1045454545454174,True
61824,2025-02-11 14:45:00,1,23135.95,61821,61818,61820,0,4.642121212121301,False
61834,2025-02-12 09:20:00,-1,23094.5,61824,61821,61823,0,-4.948787878787575,False
61862,2025-02-12 11:40:00,1,23042.65,61857,61852,61856,3,2.416060606060109,True
61880,2025-02-12 13:10:00,1,23188.0,61869,61826,61865,6,7.166969696970748,True
61924,2025-02-13 10:35:00,1,23265.6,61921,61917,61920,0,-0.1778787878781286,False
61954,2025-02-13 13:05:00,-1,23261.45,61944,61937,61943,8,-1.6172727272730663,True
61983,2025-02-14 09:15:00,1,23154.95,61971,61968,61970,0,2.034848484848601,False
61999,2025-02-14 10:35:00,-1,23066.6,61901,61897,61900,2,-2.5275757575747853,True
61999,2025-02-14 10:35:00,-1,23056.05,61911,61892,61910,0,-2.5275757575747853,False
61999,2025-02-14 10:35:00,-1,23086.65,61983,61972,61982,2,-2.5275757575747853,True
62001,2025-02-14 10:45:00,-1,22991.05,61862,61857,61861,1,-15.817878787877982,True
62004,2025-02-14 11:00:00,-1,22958.2,61856,61850,61855,2,-24.080606060605977,True
62046,2025-02-14 14:30:00,1,22943.05,62034,62023,62032,2,7.216666666667725,True
62058,2025-02-17 09:15:00,-1,22975.3,62054,62051,62053,2,-9.359696969696591,True
62065,2025-02-17 09:50:00,-1,22848.0,62064,62040,62063,0,-13.713333333333562,False
62109,2025-02-17 13:30:00,1,22975.0,62104,62091,62103,0,0.8593939393946464,False
62111,2025-02-17 13:40:00,1,23021.75,62078,62054,62076,1,5.978181818182391,True
62147,2025-02-18 10:25:00,-1,22866.0,62084,62072,62083,1,-10.626666666666766,True
62199,2025-02-18 14:45:00,1,22992.5,62190,62142,62186,3,4.45090909091037,True
62215,2025-02-19 09:50:00,1,23008.15,62201,62140,62200,2,4.309999999999843,True
62220,2025-02-19 10:15:00,1,23054.0,62053,62048,62052,2,15.701515151515508,True
62220,2025-02-19 10:15:00,1,23048.9,62133,62111,62132,3,15.701515151515508,True
62254,2025-02-19 13:05:00,-1,22993.45,62239,62234,62237,5,-5.558787878787621,True
62289,2025-02-20 09:45:00,-1,22881.15,62211,62177,62208,3,-4.921818181818735,True
62323,2025-02-20 12:35:00,1,22940.5,62322,62317,62321,0,0.45818181818179426,False
62328,2025-02-20 13:00:00,-1,22920.5,62323,62319,62322,0,1.0796969696964338,False
62337,2025-02-20 13:45:00,1,22949.0,62300,62296,62299,7,2.5445454545449895,True
62337,2025-02-20 13:45:00,1,22946.4,62328,62324,62327,0,2.5445454545449895,False
62338,2025-02-20 13:50:00,1,22950.0,62311,62307,62310,2,3.0269696969708684,True
62363,2025-02-21 09:40:00,-1,22910.25,62304,62298,62303,7,-3.064848484847541,True
62363,2025-02-21 09:40:00,-1,22911.0,62361,62313,62360,1,-3.064848484847541,True
62369,2025-02-21 10:10:00,-1,22853.35,62291,62159,62289,4,-8.888787878788062,True
62386,2025-02-21 11:35:00,1,22840.0,62380,62374,62379,0,1.1845454545459702,False
62410,2025-02-21 13:35:00,-1,22781.6,62386,62370,62380,1,-4.996060606060911,True
62462,2025-02-24 11:40:00,1,22637.8,62445,62441,62444,3,2.392424242423639,True
62462,2025-02-24 11:40:00,1,22634.0,62457,62451,62456,3,2.392424242423639,True
62468,2025-02-24 12:10:00,-1,22608.8,62460,62457,62459,1,-0.3190909090903958,True
62485,2025-02-24 13:35:00,-1,22600.0,62444,62438,62443,6,-2.666060606060887,True
62485,2025-02-24 13:35:00,-1,22602.15,62470,62454,62469,2,-2.666060606060887,True
62508,2025-02-25 09:15:00,-1,22587.05,62496,62491,62495,0,-4.588181818181628,False
62537,2025-02-25 11:40:00,1,22590.0,62533,62528,62532,1,0.031818181819106624,True
62554,2025-02-25 13:05:00,1,22613.0,62547,62524,62546,2,1.3893939393950878,True
62575,2025-02-25 14:50:00,-1,22600.65,62565,62558,62564,7,0.15666666666685294,False
62581,2025-02-25 15:20:00,-1,22572.15,62530,62527,62529,4,-2.7587878787877704,True
62581,2025-02-25 15:20:00,-1,22582.0,62542,62539,62541,2,-2.7587878787877704,True
62582,2025-02-25 15:25:00,-1,22564.8,62536,62510,62535,1,-3.8472727272729887,True
62615,2025-02-27 11:55:00,-1,22540.05,62612,62591,62611,1,-1.9693939393934912,True
62627,2025-02-27 12:55:00,1,22550.0,62616,62612,62615,3,0.9506060606070863,True
62644,2025-02-27 14:20:00,1,22554.0,62641,62637,62640,2,0.41939393939341385,True
62655,2025-02-27 15:15:00,-1,22548.0,62653,62645,62652,1,-0.23454545454394393,True
62657,2025-02-27 15:25:00,-1,22545.0,62643,62639,62642,3,-0.7554545454543484,True
62697,2025-02-28 12:30:00,-1,22359.45,62694,62689,62692,0,-0.35878787878722784,False
62739,2025-03-03 09:45:00,-1,22245.0,62711,62705,62710,3,1.658484848485524,False
62853,2025-03-04 13:00:00,-1,22170.0,62839,62819,62838,5,-1.4230303030302167,True
62866,2025-03-04 14:05:00,1,22195.75,62849,62840,62847,1,2.299393939393461,True
62883,2025-03-05 09:15:00,1,22212.75,62879,62870,62875,0,-1.6351515151512612,False
62884,2025-03-05 09:20:00,1,22272.0,62808,62799,62807,0,0.09515151515216567,False
62884,2025-03-05 09:20:00,1,22229.6,62823,62817,62822,3,0.09515151515216567,True
62885,2025-03-05 09:25:00,1,22286.75,62797,62788,62795,1,4.236363636363292,True
62900,2025-03-05 10:40:00,1,22375.2,62890,62733,62889,1,3.252121212120741,True
62907,2025-03-05 11:15:00,1,22388.2,62697,62690,62695,8,2.8821212121208992,True
62947,2025-03-05 14:35:00,1,22434.0,62943,62939,62942,0,-0.7063636363634028,False
62958,2025-03-06 09:15:00,1,22460.0,62934,62931,62933,1,4.8163636363625475,True
62964,2025-03-06 09:45:00,-1,22391.8,62945,62936,62943,0,-2.424242424242769,False
63001,2025-03-06 12:50:00,1,22560.55,62983,62958,62980,3,3.811818181818119,True
63023,2025-03-06 14:40:00,1,22608.0,63018,63013,63017,0,-0.2881818181823024,False
63096,2025-03-07 14:30:00,1,22669.0,63088,63083,63086,2,3.426969696970113,True
63113,2025-03-10 09:40:00,1,22704.7,63102,63099,63101,0,0.39909090909228295,False
63141,2025-03-10 12:00:00,-1,22664.95,63135,63122,63134,0,-0.2736363636356009,False
63168,2025-03-10 14:15:00,-1,22568.0,63043,63021,63033,0,-4.403333333332366,False
63168,2025-03-10 14:15:00,-1,22600.0,63090,63070,63089,5,-4.403333333332366,True
63169,2025-03-10 14:20:00,-1,22547.5,63010,63003,63007,0,-5.015757575757951,False
63183,2025-03-11 09:15:00,-1,22435.0,62988,62972,62984,0,-1.4503030303022435,False
63183,2025-03-11 09:15:00,-1,22494.75,63172,62990,63171,4,-1.4503030303022435,True
63204,2025-03-11 11:00:00,1,22536.95,63180,63176,63178,1,5.495151515151809,True
63223,2025-03-11 12:35:00,1,22527.95,63222,63215,63221,0,0.8715151515154862,False
63236,2025-03-11 13:40:00,1,22542.55,63234,63224,63233,0,2.7230303030301792,False
63257,2025-03-11 15:25:00,1,22570.0,63253,63249,63252,1,1.3806060606062862,True
63260,2025-03-12 09:25:00,-1,22537.8,63255,63250,63254,1,3.254242424241687,False
63267,2025-03-12 10:00:00,-1,22495.0,63263,63229,63262,1,-6.679393939393906,True
63279,2025-03-12 11:00:00,-1,22451.15,63271,63199,63270,2,-1.425757575756959,True
63341,2025-03-13 09:55:00,1,22564.1,63334,63265,63333,1,3.038787878788166,True
63377,2025-03-13 12:55:00,1,22498.0,63370,63366,63369,5,1.2406060606065263,True
63380,2025-03-13 13:10:00,-1,22472.1,63372,63367,63371,1,-0.2963636363638671,True
63408,2025-03-17 09:15:00,1,22505.0,63379,63375,63378,0,4.227575757576433,False
63408,2025-03-17 09:15:00,1,22455.4,63407,63399,63405,0,4.227575757576433,False
63410,2025-03-17 09:25:00,1,22616.35,63347,63258,63346,0,17.621818181818675,False
63436,2025-03-17 11:35:00,1,22585.1,63430,63422,63429,0,0.9645454545451543,False
63482,2025-03-17 15:25:00,1,22590.0,63477,63472,63476,3,3.2709090909097287,True
63483,2025-03-18 09:15:00,1,22608.0,63469,63437,63466,0,7.3727272727274675,False
63511,2025-03-18 11:35:00,1,22830.0,63507,63501,63506,1,2.119090909090308,True
63519,2025-03-18 12:15:00,-1,22818.05,63516,63513,63515,1,-1.0136363636357548,True
63531,2025-03-18 13:15:00,1,22837.95,63515,63511,63514,0,6.168181818182427,False
63570,2025-03-19 10:15:00,1,22939.0,63568,63565,63567,0,3.6069696969683074,False
63600,2025-03-19 12:45:00,1,22972.95,63577,63572,63576,1,2.004848484849057,True
63600,2025-03-19 12:45:00,1,22963.0,63587,63582,63586,8,2.004848484849057,True
63688,2025-03-20 13:50:00,1,23215.0,63687,63682,63686,0,7.928181818181222,False
63709,2025-03-21 09:20:00,-1,23192.0,63706,63693,63705,2,-1.6100000000004844,True
63711,2025-03-21 09:30:00,1,23232.6,63698,63691,63695,0,-2.2836363636358756,False
63722,2025-03-21 10:25:00,1,23298.0,63719,63714,63718,0,0.34151515151649114,False
63735,2025-03-21 11:30:00,1,23384.0,63734,63727,63733,0,1.8351515151510622,False
63745,2025-03-21 12:20:00,1,23395.6,63744,63735,63743,0,2.9760606060608192,False
63760,2025-03-21 13:35:00,-1,23371.65,63757,63744,63756,1,-4.353636363635377,True
63762,2025-03-21 13:45:00,-1,23340.0,63739,63732,63738,1,-5.146060606060135,True
63783,2025-03-24 09:15:00,1,23390.05,63780,63776,63779,2,5.450606060606478,True
63839,2025-03-24 13:55:00,1,23669.0,63823,63804,63822,9,-0.8372727272716044,False
63887,2025-03-25 11:40:00,-1,23680.1,63880,63860,63878,2,-4.963030303029854,True
63912,2025-03-25 13:45:00,1,23765.0,63893,63880,63892,2,3.129696969697814,True
63932,2025-03-25 15:25:00,-1,23685.0,63909,63894,63906,0,-4.831818181818576,False
63948,2025-03-26 10:30:00,1,23718.8,63947,63941,63946,0,4.198181818183117,False
63954,2025-03-26 11:00:00,-1,23665.4,63888,63852,63887,8,-0.7042424242423612,True
63954,2025-03-26 11:00:00,-1,23664.05,63944,63932,63943,0,-0.7042424242423612,False
63966,2025-03-26 12:00:00,-1,23620.0,63829,63817,63828,1,-5.076060606060588,True
64165,2025-05-05 09:50:00,1,24555.0,64161,64107,64160,0,13.148484848485563,False
64186,2025-05-05 11:35:00,-1,24555.0,64185,64182,64184,0,-2.714545454543798,False
64187,2025-05-05 11:40:00,-1,24551.0,64181,64168,64180,4,-2.190303030303386,True
64211,2025-05-05 13:40:00,1,24558.9,64199,64191,64198,6,-0.12909090909090828,False
64234,2025-05-06 09:20:00,-1,24530.5,64230,64219,64228,1,-0.07212121212056306,True
64235,2025-05-06 09:25:00,-1,24519.6,64201,64194,64200,3,-1.021212121212067,True
64246,2025-05-06 10:20:00,-1,24471.0,64164,64159,64161,4,-9.751515151514019,True
64310,2025-05-07 09:25:00,1,24490.0,64291,64270,64290,0,-5.144242424242348,False
64332,2025-05-07 11:15:00,1,24467.9,64327,64316,64323,0,0.9309090909099297,False
64384,2025-05-08 09:20:00,1,24484.8,64373,64351,64372,1,1.3163636363640594,True
64424,2025-05-08 12:40:00,-1,24477.0,64419,64413,64418,1,0.11575757575727924,False
64432,2025-05-08 13:20:00,-1,24432.9,64355,64341,64354,7,-2.9151515151502188,True
64432,2025-05-08 13:20:00,-1,24446.2,64387,64379,64386,4,-2.9151515151502188,True
64442,2025-05-08 14:10:00,-1,24378.4,64323,64155,64321,2,-6.998181818181173,True
64533,2025-05-12 09:15:00,1,24491.0,64398,64385,64397,3,4.66181818181794,True
64533,2025-05-12 09:15:00,1,24490.2,64423,64410,64419,0,4.66181818181794,False
64533,2025-05-12 09:15:00,1,24399.0,64447,64440,64446,0,4.66181818181794,False
64533,2025-05-12 09:15:00,1,24098.0,64502,64496,64501,1,4.66181818181794,True
64533,2025-05-12 09:15:00,1,24086.6,64526,64518,64525,2,4.66181818181794,True
64559,2025-05-12 11:25:00,1,24829.8,64548,64541,64547,1,4.984848484848985,True
64609,2025-05-13 09:20:00,-1,24868.0,64581,64576,64580,0,-3.0739393939381574,False
64622,2025-05-13 10:25:00,-1,24757.6,64555,64544,64553,4,-2.832121212119133,True
64622,2025-05-13 10:25:00,-1,24770.0,64612,64571,64611,4,-2.832121212119133,True
64647,2025-05-13 12:30:00,-1,24759.0,64632,64628,64631,2,1.6660606060591392,False
64667,2025-05-13 14:10:00,-1,24666.6,64653,64538,64652,10,-0.6321212121209328,True
64668,2025-05-13 14:15:00,-1,24657.0,64666,64660,64665,1,-2.0939393939382698,True
64683,2025-05-14 09:15:00,1,24699.9,64668,64662,64667,7,-7.1793939393937,False
64712,2025-05-14 11:40:00,-1,24737.5,64705,64690,64704,1,0.4193939393944945,False
64749,2025-05-14 14:45:00,1,24695.1,64745,64730,64744,1,1.3030303030294728,True
64774,2025-05-15 10:35:00,1,24750.0,64759,64720,64758,0,4.664848484849051,False
64792,2025-05-15 12:05:00,1,24745.3,64791,64788,64790,0,2.383636363636455,False
64803,2025-05-15 13:00:00,1,24782.2,64799,64792,64798,0,2.8739393939399833,False
64804,2025-05-15 13:05:00,1,24859.8,64779,64644,64778,0,7.93151515151552,False
64805,2025-05-15 13:10:00,1,24870.8,64776,64635,64775,2,13.771515151514205,True
64830,2025-05-15 15:15:00,-1,25070.1,64827,64815,64826,1,-4.601212121212174,True
64855,2025-05-16 11:05:00,-1,25032.1,64853,64849,64852,1,-3.978787878788061,True
64872,2025-05-16 12:30:00,1,25058.8,64864,64861,64863,0,-0.45515151515157964,False
64874,2025-05-16 12:40:00,1,25066.0,64854,64850,64853,4,2.597575757575309,True
64912,2025-05-19 09:35:00,-1,25052.0,64897,64886,64896,3,1.596969696969094,False
64921,2025-05-19 10:20:00,1,25100.0,64886,64846,64883,5,6.118787878787544,True
64921,2025-05-19 10:20:00,1,25093.9,64904,64892,64903,8,6.118787878787544,True
64921,2025-05-19 10:20:00,1,25109.6,64912,64827,64911,1,6.118787878787544,True
64962,2025-05-19 13:45:00,-1,25032.2,64957,64913,64956,3,-2.731515151514135,True
64964,2025-05-19 13:55:00,-1,25022.0,64945,64866,64944,2,-2.2006060606058044,True
64965,2025-05-19 14:00:00,-1,25006.8,64861,64855,64860,0,-3.4975757575756465,False
64983,2025-05-20 09:15:00,1,24996.0,64974,64968,64973,2,4.060000000000506,True
64990,2025-05-20 09:50:00,-1,24952.7,64977,64967,64974,1,-2.871515151515617,True
65014,2025-05-20 11:50:00,-1,24940.0,65011,64995,65010,2,-5.944848484848596,True
65025,2025-05-20 12:45:00,-1,24925.0,65021,64990,65020,2,-1.6654545454540373,True
65074,2025-05-21 10:35:00,1,24977.9,65012,65009,65011,4,14.033939393939677,True
65115,2025-05-21 14:00:00,-1,24786.1,65114,65101,65111,0,-8.226666666666334,False
65175,2025-05-22 12:45:00,-1,24591.1,65172,65162,65171,0,-3.30060606060641,False
65203,2025-05-22 15:05:00,1,24656.9,65168,65153,65164,2,13.80424242424291,True
65209,2025-05-23 09:20:00,1,24674.0,65147,65142,65146,4,4.481818181817804,True
65226,2025-05-23 10:45:00,1,24863.6,65129,65121,65127,5,-1.6339393939388485,False
65260,2025-05-23 13:35:00,-1,24915.3,65257,65253,65256,2,-1.4012121212122055,True
65283,2025-05-26 09:15:00,1,25019.9,65077,65004,65074,0,5.12121212121228,False
65283,2025-05-26 09:15:00,1,24952.8,65236,65231,65235,2,5.12121212121228,True
65283,2025-05-26 09:15:00,1,24950.4,65255,65251,65254,0,5.12121212121228,False
65283,2025-05-26 09:15:00,1,24942.0,65267,65257,65265,0,5.12121212121228,False
65358,2025-05-27 09:15:00,-1,24999.0,65346,65341,65344,0,-1.9375757575765855,False
65372,2025-05-27 10:25:00,-1,24781.1,65362,65224,65361,6,-7.3090909090911165,True
65384,2025-05-27 11:25:00,1,25043.6,65355,65339,65354,0,23.254545454546584,False
65385,2025-05-27 11:30:00,1,25053.9,65324,65315,65321,2,28.881818181818463,True
65414,2025-05-27 13:55:00,-1,24853.3,65409,65403,65408,2,-1.110909090907735,True
65418,2025-05-27 14:15:00,-1,24774.0,65378,65372,65375,0,-10.230303030302984,False
65447,2025-05-28 10:25:00,-1,24767.2,65441,65433,65440,5,-5.367272727271777,True
65501,2025-05-28 14:55:00,-1,24782.0,65497,65490,65496,1,-2.7121212121202687,True
65502,2025-05-28 15:00:00,-1,24772.3,65489,65467,65488,0,-3.178787878788473,False
65504,2025-05-28 15:10:00,-1,24760.0,65451,65367,65449,4,-3.9387878787880086,True
65508,2025-05-29 09:15:00,1,24825.0,65495,65484,65493,0,-0.38606060605995324,False
65529,2025-05-29 11:00:00,-1,24744.0,65446,65437,65445,4,-6.52909090909102,True
65529,2025-05-29 11:00:00,-1,24739.4,65508,65419,65507,2,-6.52909090909102,True
65548,2025-05-29 12:35:00,-1,24717.0,65546,65538,65542,0,0.3030303030289909,False
65552,2025-05-29 12:55:00,1,24749.0,65547,65541,65546,0,-4.540606060605532,False
65577,2025-05-29 15:00:00,1,24778.4,65528,65524,65527,2,2.931515151515362,True
65634,2025-05-30 13:30:00,1,24894.1,65632,65615,65631,1,2.259393939393289,True
65639,2025-05-30 13:55:00,1,24905.0,65637,65605,65635,0,1.8339393939392055,False
65656,2025-05-30 15:20:00,-1,24869.0,65644,65633,65643,4,-2.7442424242419876,True
65721,2025-06-02 14:30:00,-1,24790.0,65718,65702,65717,1,-3.4363636363642693,True
65746,2025-06-03 10:20:00,1,24862.0,65716,65698,65710,3,6.267272727272937,True
65756,2025-06-03 11:10:00,-1,24734.0,65751,65742,65750,0,-12.311515151514413,False
65776,2025-06-03 12:50:00,-1,24715.4,65737,65688,65736,10,-0.5848484848490862,True
65776,2025-06-03 12:50:00,-1,24700.0,65758,65678,65757,2,-0.5848484848490862,True
65776,2025-06-03 12:50:00,-1,24703.1,65771,65762,65769,0,-0.5848484848490862,False
65835,2025-06-04 11:30:00,1,24715.0,65832,65829,65831,2,1.2939393939411947,True
65845,2025-06-04 12:20:00,1,24722.9,65826,65810,65825,7,0.8303030303026446,True
65853,2025-06-04 13:00:00,1,24728.0,65844,65836,65843,6,1.1278787878785292,True
65853,2025-06-04 13:00:00,1,24732.9,65851,65797,65850,1,1.1278787878785292,True
65885,2025-06-05 09:25:00,1,24795.0,65761,65753,65760,0,0.6030303030301628,False
65929,2025-06-05 13:05:00,-1,24922.1,65924,65921,65923,2,-2.6509090909083577,True
65961,2025-06-06 09:30:00,-1,24813.2,65944,65913,65942,2,-3.6151515151521836,True
65972,2025-06-06 10:25:00,1,24896.0,65951,65936,65950,3,10.821818181818685,True
65974,2025-06-06 10:35:00,1,24964.0,65927,65922,65924,1,19.123636363636486,True
65987,2025-06-06 11:40:00,1,25090.0,65983,65980,65982,1,3.6199999999999655,True
66018,2025-06-06 14:15:00,1,25090.0,66016,66012,66015,0,1.283030303030301,False
66033,2025-06-09 09:15:00,1,25110.9,66030,66026,66029,0,4.450303030302669,False
66048,2025-06-09 10:30:00,1,25199.0,66044,66039,66043,1,2.9048484848489413,True
66052,2025-06-09 10:50:00,1,25209.9,66049,66033,66048,2,3.598181818183035,True
66090,2025-06-09 14:00:00,-1,25180.0,66081,66078,66080,8,-0.33333333333346843,True
66108,2025-06-10 09:15:00,1,25190.9,66097,66079,66096,0,1.8084848484855314,False
66110,2025-06-10 09:25:00,-1,25160.7,66094,66041,66093,0,5.512121212121346,False
66110,2025-06-10 09:25:00,-1,25168.1,66096,66064,66095,0,5.512121212121346,False
66167,2025-06-10 14:10:00,-1,25199.8,66166,66162,66165,0,-0.9624242424246964,False
66168,2025-06-10 14:15:00,-1,25196.8,66158,66145,66157,1,-1.3951515151513563,True
66192,2025-06-11 10:00:00,1,25213.3,66188,66163,66187,1,5.101818181818461,True
66200,2025-06-11 10:40:00,1,25224.0,66195,66153,66194,0,-0.34363636363686423,False
66203,2025-06-11 10:55:00,1,25247.9,66122,66108,66121,3,4.4036363636353055,True
66237,2025-06-11 13:45:00,-1,25235.5,66205,66202,66204,1,-6.459393939394231,True
66275,2025-06-12 10:40:00,-1,25140.0,66268,66183,66267,0,-0.07636363636387367,False
66297,2025-06-12 12:30:00,1,25128.2,66296,66289,66295,0,0.28848484848495665,False
66347,2025-06-13 10:25:00,1,24708.4,66345,66335,66344,1,3.343030303030027,True
66361,2025-06-13 11:35:00,1,24735.0,66356,66351,66355,1,-1.0733333333334962,False
66384,2025-06-13 13:30:00,1,24730.9,66379,66375,66378,4,1.1375757575759202,True
66399,2025-06-13 14:45:00,-1,24710.4,66377,66374,66376,4,-1.4660606060602106,True
66430,2025-06-16 11:05:00,1,24985.4,66326,66314,66324,1,13.703030303031353,True
66483,2025-06-17 09:15:00,-1,24938.3,66443,66434,66441,2,1.43272727272845,False
66483,2025-06-17 09:15:00,-1,24980.0,66460,66457,66459,12,1.43272727272845,False
66483,2025-06-17 09:15:00,-1,24974.9,66476,66463,66475,0,1.43272727272845,False
66483,2025-06-17 09:15:00,-1,24980.0,66479,66472,66478,0,1.43272727272845,False
66524,2025-06-17 12:40:00,-1,24885.2,66522,66519,66521,1,-1.918181818181766,True
66559,2025-06-18 09:20:00,1,24904.3,66523,66520,66522,0,-3.2806060606067264,False
66559,2025-06-18 09:20:00,1,24900.0,66547,66542,66546,0,-3.2806060606067264,False
66561,2025-06-18 09:30:00,1,24928.6,66514,66510,66513,1,3.233939393939361,True
66571,2025-06-18 10:20:00,-1,24932.4,66570,66567,66569,0,-2.07272727272641,False
66632,2025-06-18 15:25:00,-1,24813.7,66631,66623,66628,0,-1.5066666666664206,False
66633,2025-06-19 09:15:00,-1,24786.0,66603,66585,66600,1,-2.339999999999277,True
66636,2025-06-19 09:30:00,1,24854.4,66628,66592,66627,0,-2.921212121212641,False
66689,2025-06-19 13:55:00,1,24825.0,66683,66676,66679,2,0.9327272727269906,True
66692,2025-06-19 14:10:00,1,24851.4,66670,66651,66667,2,4.9412121212126205,True
66706,2025-06-19 15:20:00,-1,24800.0,66685,66678,66684,0,-3.7666666666655595,False
66720,2025-06-20 10:15:00,1,24965.0,66571,66568,66570,0,10.515757575757329,False
66746,2025-06-20 12:25:00,-1,25034.3,66736,66726,66728,0,-3.006666666665307,False
66778,2025-06-20 15:05:00,1,25120.0,66767,66760,66764,2,0.2642424242429184,True
66783,2025-06-23 09:15:00,-1,25086.6,66768,66761,66767,7,-2.8927272727254643,True
66824,2025-06-23 12:40:00,1,24959.9,66823,66820,66822,0,2.4442424242430416,False
66831,2025-06-23 13:15:00,1,24970.0,66829,66812,66825,1,1.3036363636360528,True
66840,2025-06-23 14:00:00,1,25053.0,66839,66836,66838,0,6.639393939394268,False
66844,2025-06-23 14:20:00,-1,25022.7,66838,66835,66837,1,0.2412121212130037,False
66880,2025-06-24 11:05:00,1,25280.0,66871,66858,66870,0,1.0078787878792823,False
66907,2025-06-24 13:20:00,-1,25187.0,66901,66877,66899,0,-7.550909090909445,False
66929,2025-06-24 15:10:00,-1,25050.2,66917,66912,66916,3,-5.524848484848389,True
66952,2025-06-25 10:50:00,1,25232.1,66950,66947,66949,0,1.680606060606174,False
66979,2025-06-25 13:05:00,1,25243.7,66957,66953,66956,4,2.158787878787861,True
66979,2025-06-25 13:05:00,1,25243.6,66975,66960,66973,0,2.158787878787861,False
67008,2025-06-26 09:15:00,1,25282.5,66996,66987,66995,0,-1.0242424242423158,False
67041,2025-06-26 12:00:00,1,25387.9,67036,67029,67035,0,1.8109090909096925,False
67056,2025-06-26 13:15:00,1,25428.8,67045,67042,67044,2,-1.432121212122317,False
67077,2025-06-26 15:00:00,1,25545.6,67071,67065,67068,1,0.8006060606060008,True
67102,2025-06-27 10:50:00,1,25699.0,67099,67095,67098,1,0.6303030303034325,True
67112,2025-06-27 11:40:00,1,25719.8,67109,67103,67107,2,1.1581818181824217,True
67115,2025-06-27 11:55:00,1,25725.0,67113,67083,67112,0,0.7787878787888647,False
67161,2025-06-30 09:30:00,-1,25732.0,67147,67136,67146,4,1.0424242424260681,False
67164,2025-06-30 09:45:00,-1,25706.0,67115,67109,67114,2,-5.243636363636375,True
67176,2025-06-30 10:45:00,-1,25681.4,67174,67167,67173,1,-2.887272727272467,True
67194,2025-06-30 12:15:00,1,25700.0,67190,67178,67189,1,0.2200000000003119,True
67198,2025-06-30 12:35:00,-1,25664.9,67184,67097,67183,0,-0.9163636363649198,False
67202,2025-06-30 12:55:00,-1,25644.8,67101,67089,67099,0,-5.759393939393383,False
67227,2025-06-30 15:00:00,1,25604.6,67218,67214,67217,5,0.604848484848632,True
67234,2025-07-01 09:20:00,1,25625.0,67230,67208,67228,3,2.648484848486182,True
67264,2025-07-01 11:50:00,-1,25621.5,67262,67254,67261,0,-0.2763636363639411,False
67292,2025-07-01 14:10:00,1,25659.4,67275,67271,67273,0,1.0593939393950502,False
67308,2025-07-02 09:15:00,1,25667.5,67294,67248,67293,0,0.8890909090924065,False
67317,2025-07-02 10:00:00,-1,25633.5,67300,67297,67299,4,-5.229090909089928,True
67317,2025-07-02 10:00:00,-1,25634.1,67315,67304,67313,1,-5.229090909089928,True
67318,2025-07-02 10:05:00,-1,25630.7,67284,67279,67283,6,-5.460606060606042,True
67324,2025-07-02 10:35:00,-1,25605.0,67322,67265,67320,0,-4.128484848484509,False
67329,2025-07-02 11:00:00,-1,25586.0,67227,67218,67226,4,-4.77878787878763,True
67330,2025-07-02 11:05:00,-1,25575.0,67217,67213,67216,1,-5.234545454545875,True
67330,2025-07-02 11:05:00,-1,25580.0,67326,67222,67325,1,-5.234545454545875,True
67350,2025-07-02 12:45:00,-1,25580.0,67349,67346,67348,0,-1.066060606060064,False
67383,2025-07-03 09:15:00,1,25600.9,67329,67326,67328,2,4.549696969697338,True
67383,2025-07-03 09:15:00,1,25590.9,67351,67347,67350,0,4.549696969697338,False
67391,2025-07-03 09:55:00,1,25635.8,67323,67319,67322,1,7.626060606060766,True
67445,2025-07-03 14:25:00,-1,25574.7,67421,67413,67419,3,-8.786060606059749,True
67462,2025-07-04 09:35:00,-1,25481.0,67449,67361,67447,3,-1.4272727272720906,True
67474,2025-07-04 10:35:00,1,25509.7,67473,67467,67472,0,2.3945454545443865,False
67522,2025-07-04 14:35:00,1,25516.8,67480,67476,67479,2,2.378787878787293,True
67533,2025-07-07 09:15:00,-1,25525.0,67532,67526,67530,0,-1.3006060606062027,False
67536,2025-07-07 09:30:00,1,25558.0,67533,67524,67532,0,-3.7921212121205934,False
67590,2025-07-07 14:00:00,1,25546.6,67586,67562,67583,2,-0.570303030303165,False
67609,2025-07-08 09:20:00,1,25545.4,67608,67602,67607,0,-0.29575757575617756,False
67630,2025-07-08 11:05:00,-1,25523.3,67621,67617,67620,5,-0.5775757575750778,True
67644,2025-07-08 12:15:00,1,25543.0,67630,67625,67629,3,1.627878787878145,True
67656,2025-07-08 13:15:00,1,25567.8,67649,67614,67648,5,1.1787878787881603,True
67676,2025-07-08 14:55:00,1,25574.8,67555,67537,67554,2,0.2642424242434064,True
67706,2025-07-09 11:10:00,1,25628.8,67704,67682,67701,0,-0.0006060606069646861,False
67709,2025-07-09 11:25:00,1,25635.0,67698,67680,67697,2,1.7218181818191256,True
67728,2025-07-09 13:00:00,-1,25609.0,67705,67698,67704,4,-0.9993939393931283,True
67743,2025-07-09 14:15:00,-1,25610.4,67739,67736,67738,2,0.18060606060628187,False
67745,2025-07-09 14:25:00,-1,25593.5,67732,67693,67728,2,-1.575757575757182,True
67746,2025-07-09 14:30:00,-1,25545.7,67676,67669,67675,0,-3.4830303030306586,False
67759,2025-07-10 09:20:00,-1,25521.0,67638,67631,67637,1,0.3357575757583732,False
67760,2025-07-10 09:25:00,-1,25520.0,67628,67623,67626,5,-2.0581818181811293,True
67762,2025-07-10 09:35:00,-1,25508.2,67548,67535,67545,12,-5.5599999999990075,True
67762,2025-07-10 09:35:00,-1,25500.1,67579,67569,67578,2,-5.5599999999990075,True
67765,2025-07-10 09:50:00,-1,25492.2,67764,67761,67763,0,-6.953333333334043,False
67820,2025-07-10 14:25:00,1,25470.0,67808,67801,67807,5,4.053939393940044,True
67879,2025-07-11 13:05:00,-1,25224.4,67878,67871,67877,0,-0.6430303030306697,False
67889,2025-07-11 13:55:00,1,25237.5,67884,67878,67883,2,1.214545454546212,True
67907,2025-07-11 15:25:00,-1,25214.4,67887,67884,67886,2,-2.7939393939396098,True
67949,2025-07-14 12:40:00,1,25120.9,67945,67935,67943,2,1.2951515151513546,True
67954,2025-07-14 13:05:00,-1,25096.5,67935,67912,67934,8,-0.7175757575753906,True
67954,2025-07-14 13:05:00,-1,25094.4,67953,67941,67952,0,-0.7175757575753906,False
67970,2025-07-14 14:25:00,1,25129.0,67963,67959,67962,1,1.0842424242429969,True
67983,2025-07-15 09:15:00,1,25194.0,67923,67917,67920,2,4.887272727273278,True
68002,2025-07-15 10:50:00,1,25247.8,67904,67899,67902,0,6.0587878787888645,False
68023,2025-07-15 12:35:00,1,25287.3,68019,68016,68018,1,0.03999999999912257,True
68054,2025-07-15 15:10:00,1,25259.0,68050,68039,68047,0,0.5145454545461443,False
68058,2025-07-16 09:15:00,-1,25222.0,68052,68041,68051,0,3.7884848484859703,False
68075,2025-07-16 10:40:00,-1,25174.0,68065,68060,68064,4,-2.1103030303015524,True
68089,2025-07-16 11:50:00,1,25215.0,68067,68063,68065,0,2.3757575757581635,False
68116,2025-07-16 14:05:00,1,25267.3,68107,68100,68106,3,2.251515151516297,True
68118,2025-07-16 14:15:00,1,25288.1,68058,68028,68057,1,4.652727272728512,True
68125,2025-07-16 14:50:00,-1,25265.0,68123,68120,68122,0,-0.5127272727278515,False
68143,2025-07-17 10:05:00,-1,25216.6,68141,68137,68140,0,-2.8921212121206925,False
68161,2025-07-17 11:35:00,1,25240.6,68142,68138,68141,1,3.3284848484840897,True
68195,2025-07-17 14:25:00,-1,25190.0,68158,68145,68156,2,-4.072121212121374,True
68208,2025-07-18 09:15:00,-1,25147.0,67990,67978,67989,0,-1.343636363635809,False
68208,2025-07-18 09:15:00,-1,25160.6,68077,67991,68076,0,-1.343636363635809,False
68208,2025-07-18 09:15:00,-1,25165.0,68203,68200,68202,2,-1.343636363635809,True
68228,2025-07-18 10:55:00,-1,24989.8,68226,68223,68225,0,-7.298787878788376,False
68261,2025-07-18 13:40:00,1,25028.0,68240,68222,68239,4,1.5484848484850493,True
68270,2025-07-18 14:25:00,1,25035.0,68263,68234,68262,6,0.8545454545461892,True
68283,2025-07-21 09:15:00,-1,25021.3,68280,68274,68279,0,-0.40484848484965974,False
68284,2025-07-21 09:20:00,-1,24982.3,68245,68238,68244,0,-2.61151515151545,False
68284,2025-07-21 09:20:00,-1,24995.8,68258,68250,68257,1,-2.61151515151545,True
68305,2025-07-21 11:05:00,1,25122.0,68299,68294,68298,1,1.861818181818992,True
68312,2025-07-21 11:40:00,-1,25078.5,68303,68296,68302,0,-1.668484848483212,False
68321,2025-07-21 12:25:00,-1,25079.0,68320,68317,68319,0,1.2921212121212609,False
68325,2025-07-21 12:45:00,1,25099.0,68319,68316,68318,3,0.5987878787886584,True
68419,2025-07-22 14:20:00,-1,25104.9,68413,68409,68412,0,0.8660606060605696,False
68452,2025-07-23 10:50:00,1,25148.0,68448,68442,68447,2,2.3690909090908603,True
68466,2025-07-23 12:00:00,1,25178.2,68458,68360,68454,1,1.332121212121328,True
68469,2025-07-23 12:15:00,1,25199.3,68359,68197,68358,2,4.22424242424327,True
68503,2025-07-23 15:05:00,1,25252.1,68500,68493,68498,2,1.9951515151518084,True
68515,2025-07-24 09:50:00,-1,25210.0,68512,68488,68511,2,-5.358787878787028,True
68531,2025-07-24 11:10:00,-1,25188.4,68520,68482,68519,2,-2.4521212121213347,True
68541,2025-07-24 12:00:00,-1,25070.4,68390,68382,68389,0,-6.620606060606044,False
68541,2025-07-24 12:00:00,-1,25079.9,68430,68422,68427,0,-6.620606060606044,False
68561,2025-07-24 13:40:00,1,25098.1,68560,68555,68559,0,1.2412121212139864,False
68583,2025-07-25 09:15:00,-1,25061.6,68554,68343,68553,0,-5.935757575756976,False
68583,2025-07-25 09:15:00,-1,25076.8,68561,68557,68560,1,-5.935757575756976,True
68613,2025-07-25 11:45:00,-1,24868.6,68608,68604,68607,0,-1.0751515151519027,False
68658,2025-07-28 09:15:00,-1,24831.0,68636,68620,68634,2,-1.9533333333341067,True
68670,2025-07-28 10:15:00,1,24894.0,68663,68638,68662,0,4.957575757576872,False
68671,2025-07-28 10:20:00,1,24909.3,68609,68605,68608,2,6.036969696970334,True
68693,2025-07-28 12:10:00,-1,24820.0,68690,68680,68689,1,-2.5799999999983876,True
68735,2025-07-29 09:25:00,1,24729.0,68733,68724,68727,0,-4.344242424241063,False
68773,2025-07-29 12:35:00,1,24729.0,68771,68761,68770,1,3.5781818181816463,True
68779,2025-07-29 13:05:00,1,24744.8,68775,68743,68774,0,1.185454545454371,False
68806,2025-07-29 15:20:00,1,24849.8,68797,68691,68796,1,5.456363636363341,True
68811,2025-07-30 09:30:00,1,24859.8,68807,68686,68806,1,1.055757575758892,True
68822,2025-07-30 10:25:00,-1,24813.1,68811,68808,68810,2,-2.0369696969688413,True
68857,2025-07-30 13:20:00,-1,24856.0,68851,68844,68850,2,-1.4721212121210205,True
68870,2025-07-30 14:25:00,1,24886.8,68863,68852,68862,2,0.47515151515122817,True
68883,2025-07-31 09:15:00,-1,24686.6,68768,68763,68767,0,-11.407272727272437,False
68883,2025-07-31 09:15:00,-1,24716.0,68779,68776,68778,0,-11.407272727272437,False
68883,2025-07-31 09:15:00,-1,24786.0,68827,68799,68826,0,-11.407272727272437,False
68927,2025-07-31 12:55:00,1,24876.5,68924,68880,68923,2,8.846060606060522,True
68931,2025-07-31 13:15:00,1,24910.6,68873,68834,68872,4,8.67333333333301,True
68950,2025-07-31 14:50:00,-1,24832.0,68947,68924,68946,0,-10.392727272726784,False
68998,2025-08-01 12:35:00,-1,24711.8,68992,68987,68991,1,0.514545454545483,False
69026,2025-08-01 14:55:00,-1,24690.0,69017,68999,69015,7,-2.229696969696844,True
69035,2025-08-04 09:25:00,1,24722.0,69022,69018,69021,2,4.069090909090866,True
69064,2025-08-04 11:50:00,1,24754.0,69010,68989,69009,8,1.270303030303584,True
69071,2025-08-04 12:25:00,1,24765.0,69066,69060,69065,0,0.6490909090900437,False
69072,2025-08-04 12:30:00,1,24770.0,69059,68997,69058,2,1.3169696969692093,True
69089,2025-08-04 13:55:00,1,24793.0,69079,69074,69078,2,3.333333333333412,True
69108,2025-08-05 09:15:00,-1,24765.2,69100,69090,69099,0,-0.6545454545448129,False
69130,2025-08-05 11:05:00,-1,24666.3,69127,69123,69126,0,-1.9381818181815924,False
69143,2025-08-05 12:10:00,1,24709.0,69135,69121,69134,0,0.08606060606129488,False
69157,2025-08-05 13:20:00,-1,24680.0,69141,69136,69140,3,-3.2684848484857536,True
69166,2025-08-05 14:05:00,-1,24660.0,69132,69117,69131,3,0.7909090909092996,False
69199,2025-08-06 10:35:00,-1,24650.0,69168,69159,69166,1,-3.285454545453262,True
69209,2025-08-06 11:25:00,1,24638.7,69208,69204,69207,0,-0.8181818181824474,False
69240,2025-08-06 14:00:00,-1,24651.0,69228,69219,69226,0,-2.570303030302082,False
69258,2025-08-07 09:15:00,-1,24603.5,69033,69029,69032,0,-2.807878787878496,False
69258,2025-08-07 09:15:00,-1,24620.0,69209,69206,69208,3,-2.807878787878496,True
69272,2025-08-07 10:25:00,-1,24539.9,69270,69258,69268,0,-4.206666666666282,False
69328,2025-08-07 15:05:00,1,24648.4,69255,69251,69253,1,14.211515151515401,True
69351,2025-08-08 10:45:00,-1,24510.0,69344,69320,69343,3,-2.3799999999994927,True
69366,2025-08-08 12:00:00,-1,24502.4,69363,69360,69362,1,-0.3842424242426308,True
69376,2025-08-08 12:50:00,1,24533.0,69362,69358,69361,3,3.878787878789713,True
69395,2025-08-08 14:25:00,-1,24490.0,69390,69384,69389,3,-3.707272727273557,True
69420,2025-08-11 10:15:00,1,24495.0,69413,69410,69412,3,5.716363636363958,True
69433,2025-08-11 11:20:00,1,24539.0,69431,69386,69427,0,-0.3630303030303474,False
69453,2025-08-11 13:00:00,1,24564.9,69378,69347,69377,0,4.351515151515665,False
69471,2025-08-11 14:30:00,1,24604.8,69469,69466,69468,0,2.9872727272730777,False
69491,2025-08-12 09:55:00,1,24721.7,69333,69192,69332,1,13.212727272727161,True
69519,2025-08-12 12:15:00,1,24664.0,69514,69503,69507,0,1.5903030303026124,False
69542,2025-08-12 14:10:00,-1,24619.0,69537,69533,69536,2,-0.21696969696996252,True
69546,2025-08-12 14:30:00,-1,24587.4,69471,69467,69469,4,-6.1484848484841,True
69546,2025-08-12 14:30:00,-1,24590.4,69507,69483,69505,4,-6.1484848484841,True
69597,2025-08-13 12:30:00,1,24688.9,69581,69572,69579,2,3.64969696969783,True
69627,2025-08-13 15:00:00,-1,24714.3,69623,69620,69622,0,0.4472727272734523,False
69662,2025-08-14 11:40:00,-1,24681.1,69638,69607,69634,1,-2.559999999998925,True
69693,2025-08-14 14:15:00,-1,24685.4,69685,69675,69684,1,-1.390909090909631,True
69708,2025-08-18 09:15:00,1,24740.0,69625,69621,69624,3,11.505454545454732,True
69708,2025-08-18 09:15:00,1,24748.3,69640,69615,69639,0,11.505454545454732,False
69708,2025-08-18 09:15:00,1,24725.0,69680,69654,69678,1,11.505454545454732,True
69735,2025-08-18 11:30:00,-1,25007.0,69734,69730,69733,0,-0.31151515151472614,False
69778,2025-08-18 15:05:00,-1,24963.1,69766,69751,69765,1,-3.011515151515462,True
69788,2025-08-19 09:40:00,-1,24933.1,69784,69748,69783,0,-1.4848484848482493,False
69804,2025-08-19 11:00:00,1,24983.0,69797,69785,69796,5,1.0242424242428223,True
69811,2025-08-19 11:35:00,1,24999.9,69774,69761,69773,1,1.8896969696991464,True
69811,2025-08-19 11:35:00,1,24995.0,69809,69775,69808,1,1.8896969696991464,True
69813,2025-08-19 11:45:00,1,25006.9,69769,69755,69768,4,2.079393939394821,True
69819,2025-08-19 12:15:00,1,25034.0,69736,69732,69735,1,3.9418181818180402,True
69834,2025-08-19 13:30:00,-1,25027.2,69831,69825,69830,1,-0.8309090909096416,True
69881,2025-08-20 11:10:00,1,25059.0,69726,69721,69725,4,0.8606060606071474,True
69881,2025-08-20 11:10:00,1,25048.9,69849,69831,69848,4,0.8606060606071474,True
69890,2025-08-20 11:55:00,1,25068.0,69883,69717,69882,1,0.30000000000106114,True
69915,2025-08-20 14:00:00,1,25091.5,69914,69907,69913,0,1.9727272727285683,False
69927,2025-08-20 15:00:00,-1,25090.9,69925,69918,69924,1,0.01878787878818225,False
69933,2025-08-21 09:15:00,1,25104.0,69924,69919,69923,1,-0.5218181818176354,False
69933,2025-08-21 09:15:00,1,25108.0,69926,69917,69925,0,-0.5218181818176354,False
69964,2025-08-21 11:50:00,-1,25145.2,69956,69944,69955,3,-0.8309090909076711,True
69971,2025-08-21 12:25:00,-1,25131.2,69970,69966,69969,0,-2.0369696969692175,False
69993,2025-08-21 14:15:00,1,25161.0,69976,69963,69975,1,4.286060606059822,True
70010,2025-08-22 09:25:00,-1,25011.0,69880,69871,69879,0,-12.28181818181804,False
70020,2025-08-22 10:15:00,-1,24955.6,70018,69799,70017,0,-2.29818181818217,False
70057,2025-08-22 13:20:00,1,24952.4,70052,70047,70051,0,0.02303030303055085,False
70068,2025-08-22 14:15:00,-1,24931.0,70050,70045,70049,5,-2.8199999999999728,True
70069,2025-08-22 14:20:00,-1,24916.6,70033,70029,70032,1,-4.312727272727952,True
70113,2025-08-25 11:45:00,1,24980.0,70108,70105,70107,3,0.48484848484841936,True
70115,2025-08-25 11:55:00,1,24992.5,70089,70019,70088,1,1.4678787878794213,True
70125,2025-08-25 12:45:00,1,25016.9,70124,70120,70123,0,2.00666666666605,False
70144,2025-08-25 14:20:00,-1,24999.1,70135,70122,70134,0,-0.08060606060669862,False
70158,2025-08-26 09:15:00,-1,24887.7,70083,70079,70082,0,-4.0496969696973775,False
70158,2025-08-26 09:15:00,-1,24923.2,70098,70084,70097,0,-4.0496969696973775,False
70158,2025-08-26 09:15:00,-1,24961.0,70109,70106,70108,0,-4.0496969696973775,False
70211,2025-08-26 13:40:00,1,24816.0,70196,70192,70195,1,2.058787878788745,True
70226,2025-08-26 14:55:00,-1,24770.1,70201,70177,70199,7,-1.9357575757568826,True
70335,2025-08-29 11:30:00,1,24700.0,70311,70308,70310,7,1.4678787878790636,True
70346,2025-08-29 12:25:00,-1,24666.1,70342,70328,70341,1,-3.0745454545445394,True
70370,2025-08-29 14:25:00,-1,24612.3,70316,70312,70315,7,2.444242424243399,False
70370,2025-08-29 14:25:00,-1,24606.6,70366,70318,70365,0,2.444242424243399,False
70390,2025-09-01 09:50:00,1,24685.0,70388,70369,70387,1,13.57454545454594,True
70413,2025-09-01 11:45:00,-1,24671.2,70409,70405,70408,3,-0.5212121212121376,True
70420,2025-09-01 12:20:00,1,24691.9,70351,70344,70350,4,1.0806060606065107,True
70420,2025-09-01 12:20:00,1,24691.9,70405,70391,70404,1,1.0806060606065107,True
70421,2025-09-01 12:25:00,1,24710.0,70339,70331,70338,0,3.064242424242914,False
70480,2025-09-02 11:05:00,1,24855.0,70477,70473,70476,2,1.6078787878787821,True
70497,2025-09-02 12:30:00,1,24860.0,70488,70468,70487,3,-0.26545454545568087,False
70498,2025-09-02 12:35:00,1,24864.9,70482,70479,70481,1,0.7030303030306498,True
70506,2025-09-02 13:15:00,-1,24834.7,70484,70470,70483,2,-2.503030303030342,True
70514,2025-09-02 13:55:00,-1,24719.3,70446,70437,70445,0,-10.753939393938778,False
70533,2025-09-03 09:15:00,-1,24651.9,70521,70414,70520,0,-2.9672727272720607,False
70542,2025-09-03 10:00:00,1,24709.9,70537,70517,70536,0,3.9666666666666197,False
70562,2025-09-03 11:40:00,1,24696.4,70559,70556,70558,1,1.7903030303036693,True
70568,2025-09-03 12:10:00,1,24718.0,70545,70519,70543,3,4.9642424242423,True
70652,2025-09-04 12:55:00,1,24939.0,70651,70635,70650,0,4.895151515150764,False
70677,2025-09-04 15:00:00,-1,24830.0,70673,70670,70672,0,-0.6206060606042263,False
70694,2025-09-05 10:10:00,-1,24806.2,70608,70605,70607,2,-4.3260606060601745,True
70733,2025-09-05 13:25:00,1,24776.7,70718,70714,70717,2,4.947878787878087,True
70747,2025-09-05 14:35:00,-1,24843.0,70746,70742,70745,0,-2.309696969697641,False
70758,2025-09-08 09:15:00,1,24873.7,70747,70743,70746,1,3.6678787878797467,True
70761,2025-09-08 09:30:00,1,24900.0,70741,70690,70740,3,5.549090909091589,True
70761,2025-09-08 09:30:00,1,24916.0,70759,70686,70758,0,5.549090909091589,False
70798,2025-09-08 12:35:00,1,24949.8,70630,70627,70629,3,1.7939393939391528,True
70798,2025-09-08 12:35:00,1,24949.0,70655,70642,70654,0,1.7939393939391528,False
70798,2025-09-08 12:35:00,1,24942.2,70793,70763,70792,2,1.7939393939391528,True
70824,2025-09-08 14:45:00,-1,24918.9,70798,70793,70797,1,2.6915151515154085,False
70884,2025-09-09 13:30:00,1,24955.8,70871,70858,70870,4,0.5751515151511493,True
70884,2025-09-09 13:30:00,1,24959.3,70880,70875,70879,0,0.5751515151511493,False
70897,2025-09-09 14:35:00,-1,24937.6,70875,70872,70874,9,1.0418181818178058,False
70897,2025-09-09 14:35:00,-1,24940.0,70888,70881,70887,4,1.0418181818178058,False
70908,2025-09-10 09:15:00,1,24978.3,70801,70621,70799,6,5.446060606059559,True
70908,2025-09-10 09:15:00,1,24968.0,70886,70834,70884,2,5.446060606059559,True
70922,2025-09-10 10:25:00,1,25098.9,70918,70914,70917,1,0.9957575757561957,True
70938,2025-09-10 11:45:00,-1,25080.2,70927,70919,70926,6,-2.875151515150802,True
70940,2025-09-10 11:55:00,-1,25075.0,70936,70915,70935,2,-2.428484848484833,True
70953,2025-09-10 13:00:00,-1,25070.0,70939,70933,70938,7,-2.4781818181821325,True
70955,2025-09-10 13:10:00,-1,25065.0,70954,70942,70953,0,-2.6309090909085815,False
70966,2025-09-10 14:05:00,1,25069.0,70963,70958,70962,0,-0.038787878787324384,False
70973,2025-09-10 14:40:00,-1,25043.0,70961,70956,70960,2,-1.0793939393915697,True
70973,2025-09-10 14:40:00,-1,25043.8,70971,70965,70969,0,-1.0793939393915697,False
70978,2025-09-10 15:05:00,1,25064.9,70976,70972,70975,1,1.2000000000005655,True
70980,2025-09-10 15:15:00,1,25079.8,70969,70954,70966,0,2.323636363636062,False
71019,2025-09-11 12:15:00,1,25092.0,70991,70987,70990,0,1.6715151515165272,False
71019,2025-09-11 12:15:00,1,25088.7,71009,71005,71008,0,1.6715151515165272,False
71020,2025-09-11 12:20:00,1,25097.0,70945,70937,70944,6,3.1927272727274585,True
71021,2025-09-11 12:25:00,1,25103.7,70986,70946,70985,0,4.133939393939912,False
71043,2025-09-11 14:15:00,1,25111.8,71030,71022,71029,6,-0.017575757576760605,False
71058,2025-09-12 09:15:00,1,25115.0,71046,70930,71045,1,2.1745454545468395,True
71067,2025-09-12 10:00:00,1,25160.0,71066,71058,71065,0,1.2927272727274526,False
71101,2025-09-12 12:50:00,-1,25199.0,71091,71088,71090,1,-0.7715151515141385,True
71101,2025-09-12 12:50:00,-1,25202.0,71099,71092,71098,1,-0.7715151515141385,True
71106,2025-09-12 13:15:00,1,25214.0,71094,71091,71093,5,-0.056363636362859945,False
71106,2025-09-12 13:15:00,1,25212.0,71100,71097,71099,2,-0.056363636362859945,False
71115,2025-09-12 14:00:00,1,25218.3,71111,71107,71110,1,-0.683636363636155,False
71133,2025-09-15 09:15:00,-1,25190.9,71127,71113,71126,0,-0.35393939393920887,False
71143,2025-09-15 10:05:00,-1,25161.4,71138,71072,71137,1,-1.372727272727975,True
71186,2025-09-15 13:40:00,-1,25171.0,71178,71175,71177,0,-0.05393939393916187,False
71211,2025-09-16 09:30:00,1,25194.9,71173,71166,71172,1,1.829090909091327,True
71212,2025-09-16 09:35:00,1,25212.6,71133,71123,71132,0,3.520606060605688,False
71245,2025-09-16 12:20:00,1,25275.9,71243,71239,71242,1,0.5721212121223037,True
71271,2025-09-16 14:30:00,1,25299.8,71251,71248,71250,2,2.669090909091874,True
71303,2025-09-17 10:55:00,1,25424.8,71294,71288,71293,2,1.231515151516522,True
71337,2025-09-17 13:45:00,-1,25425.0,71331,71326,71330,1,-0.3636363636363449,True
71341,2025-09-17 14:05:00,-1,25414.0,71318,71312,71317,4,-3.2866666666662985,True
71358,2025-09-18 09:15:00,1,25446.7,71335,71323,71332,0,1.1284848484848335,False
71358,2025-09-18 09:15:00,1,25431.0,71355,71352,71354,0,1.1284848484848335,False
71424,2025-09-18 14:45:00,1,25466.0,71419,71415,71417,0,-0.47939393939377467,False
71433,2025-09-19 09:15:00,-1,25442.4,71421,71416,71420,2,2.775757575756413,False
71436,2025-09-19 09:30:00,-1,25416.7,71358,71353,71357,3,-11.640000000000006,True
71462,2025-09-19 11:40:00,-1,25371.0,71452,71445,71451,9,0.13333333333326744,False
71463,2025-09-19 11:45:00,-1,25360.0,71443,71285,71442,0,-0.058181818181654577,False
71508,2025-09-22 09:15:00,-1,25352.0,71468,71464,71467,0,-5.15393939393852,False
71532,2025-09-22 11:15:00,-1,25367.1,71529,71521,71527,2,-2.0296969696967726,True
71564,2025-09-22 13:55:00,-1,25349.5,71561,71543,71560,1,-1.470303030301586,True
71570,2025-09-22 14:25:00,-1,25335.0,71566,71536,71565,1,-1.9121212121207922,True
71607,2025-09-23 11:15:00,-1,25172.0,71597,71590,71596,1,-2.264848484846797,True
71618,2025-09-23 12:10:00,1,25208.4,71605,71599,71604,1,3.860000000000509,True
71634,2025-09-23 13:30:00,1,25298.0,71585,71577,71584,0,3.861212121211972,False
71658,2025-09-24 09:15:00,-1,25158.0,71612,71607,71611,0,-7.696363636362235,False
71693,2025-09-24 12:10:00,1,25136.0,71692,71679,71691,0,1.283636363636621,False
71733,2025-09-25 09:15:00,-1,25102.0,71730,71683,71729,0,-3.7963636363628503,False
71744,2025-09-25 10:10:00,-1,25075.0,71740,71680,71739,2,-5.212727272725983,True
71778,2025-09-25 13:00:00,1,25043.4,71771,71765,71770,0,0.1000000000011338,False
71851,2025-09-26 12:50:00,1,24835.9,71847,71840,71846,1,0.9139393939403837,True
71857,2025-09-26 13:20:00,-1,24801.6,71849,71838,71847,1,-1.610303030302943,True
71883,2025-09-29 09:15:00,1,24708.0,71874,71867,71873,1,3.9206060606055444,True
71923,2025-09-29 12:35:00,-1,24663.1,71883,71870,71875,0,-3.949090909090389,False
71969,2025-09-30 10:10:00,-1,24646.8,71965,71925,71964,1,-5.254545454546661,True
71997,2025-09-30 12:30:00,1,24681.1,71982,71965,71981,5,4.219393939392108,True
72009,2025-09-30 13:30:00,-1,24646.8,72004,71993,72003,2,-1.3527272727265105,True
72017,2025-09-30 14:10:00,-1,24629.0,72010,71991,72009,4,-1.4775757575767037,True
72056,2025-10-01 11:10:00,1,24828.3,72050,72039,72048,0,2.752727272728237,False
72142,2025-10-03 12:05:00,1,24953.0,72138,72133,72137,2,1.2242424242436218,True
72147,2025-10-03 12:30:00,-1,24925.0,72146,72135,72145,0,-0.1884848484835597,False
72172,2025-10-03 14:35:00,1,24972.0,72157,72142,72156,0,0.3006060606068869,False
72194,2025-10-06 10:10:00,1,25062.0,72193,72190,72192,0,7.89090909090942,False
72301,2025-10-07 12:50:00,1,25270.0,72294,72280,72293,4,1.3242424242439228,True
72301,2025-10-07 12:50:00,1,25269.6,72300,72297,72299,0,1.3242424242439228,False
72311,2025-10-07 13:40:00,1,25294.0,72274,72267,72273,5,1.459999999999797,True
72322,2025-10-07 14:35:00,-1,25250.8,72303,72298,72301,1,-4.5375757575754605,True
72355,2025-10-08 11:05:00,-1,25154.4,72244,72238,72243,2,-7.213333333332827,True
72364,2025-10-08 11:50:00,1,25140.1,72363,72359,72362,0,0.27515151515255587,False
72370,2025-10-08 12:20:00,-1,25102.0,72359,72224,72358,0,-0.8490909090903506,False
72370,2025-10-08 12:20:00,-1,25115.0,72364,72360,72363,2,-0.8490909090903506,True
72429,2025-10-09 11:00:00,1,25210.0,72425,72411,72424,2,6.472121212119517,True
72430,2025-10-09 11:05:00,1,25227.2,72391,72349,72390,1,6.2157575757573555,True
72452,2025-10-09 12:55:00,-1,25245.0,72441,72432,72440,5,-1.1684848484846129,True
72464,2025-10-09 13:55:00,1,25278.2,72460,72445,72459,2,3.051515151515035,True
72469,2025-10-09 14:20:00,-1,25236.2,72450,72442,72449,4,-2.00545454545354,True
72469,2025-10-09 14:20:00,-1,25235.2,72456,72453,72455,1,-2.00545454545354,True
72483,2025-10-10 09:15:00,1,25310.0,72319,72316,72318,0,2.380000000000259,False
72483,2025-10-10 09:15:00,1,25289.8,72339,72336,72338,7,2.380000000000259,True
72483,2025-10-10 09:15:00,1,25291.0,72467,72436,72466,2,2.380000000000259,True
72495,2025-10-10 10:15:00,1,25391.0,72493,72489,72492,0,3.4612121212125633,False
72534,2025-10-10 13:30:00,1,25447.9,72528,72507,72527,1,-0.7484848484848458,False
72543,2025-10-10 14:15:00,-1,25422.6,72534,72530,72533,1,-2.7733333333335928,True
72554,2025-10-10 15:10:00,-1,25408.0,72525,72510,72524,3,-2.4999999999997446,True
72558,2025-10-13 09:15:00,-1,25362.1,72495,72491,72494,0,-5.684848484847028,False
72582,2025-10-13 11:15:00,-1,25259.5,72572,72568,72571,2,-3.3836363636358784,True
72602,2025-10-13 12:55:00,1,25279.0,72595,72581,72591,3,1.388484848485666,True
72619,2025-10-13 14:20:00,1,25292.3,72603,72569,72602,5,1.4254545454534089,True
72633,2025-10-14 09:15:00,1,25335.0,72627,72622,72626,0,0.8484848484857072,False
72694,2025-10-14 14:20:00,1,25191.0,72687,72669,72686,4,0.5903030303028841,True
72721,2025-10-15 10:20:00,1,25370.0,72712,72634,72711,0,3.4090909090913244,False
72734,2025-10-15 11:25:00,1,25420.0,72558,72554,72557,3,1.5272727272724367,True
72743,2025-10-15 12:10:00,-1,25398.2,72740,72736,72738,2,-1.6054545454547882,True
72751,2025-10-15 12:50:00,1,25422.0,72741,72737,72740,2,2.460606060605827,True
72756,2025-10-15 13:15:00,1,25435.0,72736,72548,72734,4,2.727272727273578,True
72798,2025-10-16 10:30:00,1,25533.6,72794,72791,72793,1,0.643636363637309,True
72813,2025-10-16 11:45:00,-1,25533.0,72810,72802,72808,2,-0.9654545454532184,True
72818,2025-10-16 12:10:00,1,25553.3,72805,72801,72804,7,1.058787878787637,True
72868,2025-10-17 10:05:00,1,25699.3,72853,72847,72852,0,5.58303030303059,False
72968,2025-10-20 12:10:00,1,25898.0,72967,72960,72966,0,1.3642424242429734,False
72995,2025-10-20 14:25:00,-1,25877.4,72971,72967,72970,1,-2.5660606060616513,True
73021,2025-10-23 09:15:00,1,25969.9,73009,72933,73008,0,0.7078787878796429,False
73053,2025-10-23 11:55:00,1,26153.0,73043,73038,73042,2,3.6030303030303985,True
73059,2025-10-23 12:25:00,1,26167.1,73028,73025,73027,7,2.74484848484888,True
73059,2025-10-23 12:25:00,1,26167.0,73055,73033,73054,3,2.74484848484888,True
73072,2025-10-23 13:30:00,-1,26108.0,73044,73029,73043,0,-3.8945454545455394,False
73072,2025-10-23 13:30:00,-1,26115.5,73068,73048,73067,1,-3.8945454545455394,True
73113,2025-10-24 10:40:00,-1,25863.0,72966,72959,72962,9,-12.822424242422976,True
73113,2025-10-24 10:40:00,-1,25865.0,73001,72996,72999,6,-12.822424242422976,True
73122,2025-10-24 11:25:00,-1,25856.0,73021,72948,73020,11,-0.4248484848479399,True
73125,2025-10-24 11:40:00,1,25874.0,73121,73115,73120,1,1.0115151515155392,True
73145,2025-10-24 13:20:00,-1,25840.0,73124,73114,73123,3,-5.770909090909796,True
73146,2025-10-24 13:25:00,-1,25826.9,73119,72939,73118,1,-6.366666666665469,True
73203,2025-10-27 11:55:00,1,26050.2,73200,73185,73192,0,-2.250909090908545,False
73219,2025-10-27 13:15:00,-1,26007.0,73211,73190,73210,4,-1.5775757575766858,True
73245,2025-10-27 15:25:00,1,26035.0,73236,73215,73235,0,2.7339393939398398,False
73255,2025-10-28 10:00:00,-1,25976.3,73239,73230,73238,3,-2.2030303030309613,True
73278,2025-10-28 11:55:00,-1,25880.4,73277,73274,73276,0,2.681818181818346,False
73287,2025-10-28 12:40:00,1,25915.0,73274,73264,73273,3,5.8509090909096875,True
73287,2025-10-28 12:40:00,1,25917.3,73278,73275,73277,1,5.8509090909096875,True
73359,2025-10-29 12:25:00,1,26250.0,73358,73337,73357,0,3.6060606060617633,False
73387,2025-10-29 14:45:00,-1,26221.1,73386,73383,73385,0,-0.7957575757569171,False
73432,2025-10-30 12:15:00,-1,26046.5,73418,73413,73416,3,-5.2563636363633295,True
73443,2025-10-30 13:10:00,1,26075.0,73440,73434,73438,0,0.07090909090882967,False
73471,2025-10-31 09:15:00,-1,26015.0,73452,73448,73451,5,-1.7448484848486612,True
73541,2025-10-31 15:05:00,-1,25901.0,73534,73525,73531,3,-1.8515151515143398,True
73563,2025-11-03 10:40:00,1,25936.0,73531,73528,73530,0,2.3109090909111356,False
73563,2025-11-03 10:40:00,1,25920.0,73556,73543,73555,1,2.3109090909111356,True
73605,2025-11-03 14:10:00,1,25909.0,73595,73591,73594,3,2.1018181818183734,True
73607,2025-11-03 14:20:00,1,25919.9,73574,73569,73573,2,3.052727272727399,True
73622,2025-11-04 09:20:00,-1,25873.7,73593,73589,73592,2,-0.2399999999999115,True
73622,2025-11-04 09:20:00,-1,25878.0,73614,73601,73613,1,-0.2399999999999115,True
73623,2025-11-04 09:25:00,-1,25852.0,73587,73577,73586,1,-1.855151515152171,True
73624,2025-11-04 09:30:00,-1,25845.1,73583,73558,73582,1,-4.753939393938833,True
73644,2025-11-04 11:10:00,-1,25797.4,73641,73549,73640,1,-1.7363636363630397,True
73669,2025-11-04 13:15:00,-1,25773.2,73656,73647,73655,9,-0.12666666666476883,True
73670,2025-11-04 13:20:00,-1,25770.5,73665,73662,73664,3,-0.9878787878790536,True
73692,2025-11-04 15:10:00,-1,25710.7,73690,73682,73688,1,-2.3436363636361457,True
73696,2025-11-06 09:15:00,1,25791.0,73666,73663,73665,3,-1.1569696969690957,False
73751,2025-11-06 13:50:00,-1,25631.0,73727,73713,73726,1,-6.001212121211981,True
73767,2025-11-06 15:10:00,-1,25615.6,73755,73752,73754,1,-1.5860606060612386,True
73794,2025-11-07 11:10:00,1,25495.0,73790,73778,73788,0,0.2842424242438383,False
73828,2025-11-07 14:00:00,-1,25569.0,73819,73815,73818,0,1.5393939393942824,False
73849,2025-11-10 09:30:00,1,25659.3,73826,73760,73825,2,8.75151515151398,True
73858,2025-11-10 10:15:00,1,25693.4,73854,73846,73853,0,2.2557575757584027,False
73899,2025-11-10 13:40:00,-1,25710.0,73896,73880,73895,0,-0.5503030303022616,False
73921,2025-11-11 09:15:00,-1,25681.5,73901,73865,73900,2,-0.19636363636226412,True
73936,2025-11-11 10:30:00,-1,25592.3,73929,73925,73928,1,-2.357575757575317,True
73968,2025-11-11 13:10:00,1,25699.0,73965,73960,73964,0,0.8060606060607692,False
73973,2025-11-11 13:35:00,1,25747.0,73891,73871,73888,0,7.205454545455089,False
73973,2025-11-11 13:35:00,1,25739.0,73909,73896,73908,2,7.205454545455089,True
73994,2025-11-11 15:20:00,1,25814.9,73991,73984,73990,0,2.4696969696964235,False
74012,2025-11-12 10:35:00,1,25957.7,74007,74003,74006,1,-0.6751515151508987,False
74034,2025-11-12 12:25:00,1,25990.0,74029,74026,74028,2,-0.07939393939357639,False
74071,2025-11-13 09:15:00,-1,25971.5,74028,74025,74027,9,-2.1890909090900985,True
74071,2025-11-13 09:15:00,-1,25968.4,74033,74029,74032,1,-2.1890909090900985,True
74081,2025-11-13 10:05:00,1,25979.3,74079,74073,74078,1,5.616969696969841,True
74089,2025-11-13 10:45:00,1,26019.0,74047,74043,74046,4,5.47818181818205,True
74146,2025-11-14 09:15:00,-1,25920.0,74076,74010,74075,0,-5.204848484849027,False
74146,2025-11-14 09:15:00,-1,25931.0,74141,74130,74140,2,-5.204848484849027,True
74147,2025-11-14 09:20:00,-1,25900.0,74073,74000,74072,1,-6.792121212120894,True
74196,2025-11-14 13:25:00,1,25915.0,74195,74189,74194,0,0.9127272727272003,False
74198,2025-11-14 13:35:00,-1,25871.0,74179,74175,74178,3,1.3969696969686067,False
74198,2025-11-14 13:35:00,-1,25875.0,74193,74188,74192,0,1.3969696969686067,False
74221,2025-11-17 09:15:00,1,25998.3,74138,74134,74137,0,15.63333333333383,False
74221,2025-11-17 09:15:00,1,25980.3,74153,74143,74150,5,15.63333333333383,True
74235,2025-11-17 10:25:00,-1,26015.0,74233,74227,74232,0,-1.1066666666663516,False
74261,2025-11-17 12:35:00,1,26050.2,74230,74224,74229,4,1.9387878787887218,True
74261,2025-11-17 12:35:00,1,26049.9,74258,74253,74257,0,1.9387878787887218,False
74296,2025-11-18 09:15:00,-1,26038.4,74290,74270,74286,0,-1.4351515151518162,False
74366,2025-11-18 15:05:00,-1,25952.7,74340,74323,74339,1,-5.996969696969543,True
74403,2025-11-19 11:55:00,1,26004.9,74388,74384,74387,3,7.310909090909359,True
74409,2025-11-19 12:25:00,1,26041.2,74406,74354,74405,2,6.485454545453979,True
74446,2025-11-20 09:15:00,1,26090.0,74439,74436,74438,0,1.1072727272727363,False
74483,2025-11-20 12:20:00,1,26172.0,74477,74465,74476,2,0.6242424242426021,True
74521,2025-11-21 09:15:00,-1,26180.0,74494,74490,74492,0,-4.016969696968843,False
74526,2025-11-21 09:40:00,-1,26141.2,74472,74467,74470,2,-7.983636363636481,True
74554,2025-11-21 12:00:00,1,26126.4,74550,74545,74548,0,-0.5757575757574465,False
74588,2025-11-21 14:50:00,-1,26107.5,74576,74571,74575,1,-3.550909090908549,True
74589,2025-11-21 14:55:00,-1,26096.8,74551,74547,74550,1,-6.735757575757087,True
74594,2025-11-21 15:20:00,-1,26071.6,74535,74451,74534,6,-10.513333333332344,True
74594,2025-11-21 15:20:00,-1,26076.6,74544,74540,74543,5,-10.513333333332344,True
74653,2025-11-24 14:00:00,-1,26081.0,74629,74602,74628,7,-1.839393939393902,True
74653,2025-11-24 14:00:00,-1,26084.2,74641,74631,74640,3,-1.839393939393902,True
74656,2025-11-24 14:15:00,-1,26062.0,74445,74441,74444,4,-3.9090909090909176,True
74733,2025-11-25 14:25:00,-1,25979.4,74728,74720,74725,0,-0.0636363636373897,False
74858,2025-11-27 12:20:00,-1,26404.3,74853,74826,74852,3,-4.558181818182881,True
74870,2025-11-27 13:20:00,-1,26334.3,74798,74790,74797,1,-6.464848484846717,True
74905,2025-11-28 10:00:00,1,26435.0,74866,74854,74864,4,5.303030303029613,True
74970,2025-11-28 15:25:00,1,26394.4,74965,74953,74964,3,0.9666666666673762,True
74971,2025-12-01 09:15:00,1,26449.4,74921,74906,74920,0,4.940000000000781,False
75000,2025-12-01 11:40:00,-1,26375.0,74947,74938,74945,17,2.5369696969694635,False
75000,2025-12-01 11:40:00,-1,26376.0,74968,74965,74967,0,2.5369696969694635,False
75001,2025-12-01 11:45:00,-1,26370.0,74957,74896,74956,3,-0.7406060606060187,True
75028,2025-12-01 14:00:00,1,26360.0,75025,75019,75024,1,1.6400000000005537,True
75035,2025-12-01 14:35:00,-1,26340.5,75028,75025,75027,1,0.08909090909118204,False
75038,2025-12-01 14:50:00,-1,26317.5,75009,74874,75008,5,-5.206666666666657,True
75048,2025-12-02 09:25:00,-1,26301.9,75040,75012,75039,2,-2.0866666666668743,True
75090,2025-12-02 12:55:00,-1,26213.9,75083,75058,75079,1,-1.1781818181808952,True
75110,2025-12-02 14:35:00,-1,26203.7,75096,75092,75095,6,-2.083636363635835,True
75213,2025-12-04 10:40:00,1,26234.1,75121,75105,75120,2,9.315151515152044,True
75263,2025-12-04 14:50:00,1,26158.8,75260,75255,75259,1,2.415151515151575,True
75277,2025-12-05 09:45:00,1,26199.0,75273,75265,75272,2,0.43151515151460323,True
75280,2025-12-05 10:00:00,1,26215.0,75278,75222,75277,0,0.022424242425020748,False
75307,2025-12-05 12:15:00,1,26299.0,75304,75301,75303,2,0.7018181818187473,True
75349,2025-12-08 09:30:00,-1,26280.0,75338,75304,75337,1,-4.500000000000107,True
75366,2025-12-08 10:55:00,-1,26223.2,75363,75356,75362,1,-1.07818181818078,True
75394,2025-12-08 13:15:00,-1,26156.3,75287,75280,75286,2,0.7890909090906042,False
75395,2025-12-08 13:20:00,-1,26132.0,75263,75260,75262,0,-0.4842424242424589,False
75481,2025-12-09 14:15:00,-1,26003.1,75477,75473,75476,3,-1.9206060606070028,True
75482,2025-12-09 14:20:00,-1,25985.0,75471,75468,75470,1,-3.0151515151523136,True
75496,2025-12-10 09:15:00,1,25969.0,75492,75486,75491,3,1.329090909089794,True
75507,2025-12-10 10:10:00,1,26029.0,75475,75472,75474,6,4.769696969696256,True
75534,2025-12-10 12:25:00,-1,25930.0,75489,75485,75488,10,-1.7248484848493377,True
75535,2025-12-10 12:30:00,-1,25914.0,75441,75437,75440,1,-2.167878787878198,True
75535,2025-12-10 12:30:00,-1,25916.4,75533,75529,75532,1,-2.167878787878198,True
75554,2025-12-10 14:05:00,-1,25870.0,75538,75430,75536,1,-6.4078787878791355,True
75571,2025-12-11 09:15:00,1,25880.5,75566,75563,75565,0,-0.13696969696976855,False
75575,2025-12-11 09:35:00,-1,25842.0,75565,75558,75564,1,6.896969696969654,False
75575,2025-12-11 09:35:00,-1,25852.8,75568,75561,75566,2,6.896969696969654,False
75586,2025-12-11 10:30:00,1,25950.0,75534,75528,75533,6,15.54181818181832,True
75604,2025-12-11 12:00:00,1,25961.4,75531,75525,75530,10,2.906060606061179,True
75604,2025-12-11 12:00:00,1,25960.0,75599,75548,75598,3,2.906060606061179,True
75646,2025-12-12 09:15:00,1,26038.4,75635,75609,75634,0,7.2769696969687985,False
75703,2025-12-12 14:00:00,1,26139.2,75687,75679,75686,3,0.7139393939398736,True
75703,2025-12-12 14:00:00,1,26140.0,75702,75694,75701,0,0.7139393939398736,False
75721,2025-12-15 09:15:00,-1,26101.7,75693,75688,75692,1,-1.607878787878802,True
75722,2025-12-15 09:20:00,-1,26040.1,75666,75660,75665,1,-6.859393939392361,True
75768,2025-12-15 13:10:00,1,26122.6,75762,75755,75761,1,1.1066666666653977,True
75779,2025-12-15 14:05:00,-1,26101.0,75778,75772,75777,0,0.742424242424217,False
75786,2025-12-15 14:40:00,1,26108.9,75784,75781,75783,1,-0.4466666666658239,False
75796,2025-12-16 09:15:00,-1,26090.0,75766,75763,75765,3,-6.00181818181776,True
75796,2025-12-16 09:15:00,-1,26092.5,75786,75782,75785,0,-6.00181818181776,False
75804,2025-12-16 09:55:00,-1,25997.1,75725,75645,75724,4,-5.34727272727222,True
75804,2025-12-16 09:55:00,-1,25988.4,75801,75727,75799,0,-5.34727272727222,False
75823,2025-12-16 11:30:00,-1,25974.5,75821,75816,75820,1,-0.2175757575755584,True
75824,2025-12-16 11:35:00,-1,25968.0,75630,75621,75629,5,-1.2618181818180523,True
75850,2025-12-16 13:45:00,1,25993.1,75836,75821,75835,1,2.696969696970307,True
75856,2025-12-16 14:15:00,-1,25952.3,75830,75824,75829,2,-0.8818181818167397,True
75904,2025-12-17 12:00:00,-1,25878.0,75892,75885,75891,0,-0.9551515151522653,False
75931,2025-12-17 14:15:00,1,25889.0,75915,75907,75914,6,0.46545454545600556,True
75935,2025-12-17 14:35:00,-1,25864.8,75934,75930,75933,0,0.8109090909086262,False
75944,2025-12-17 15:20:00,1,25896.0,75933,75921,75932,6,3.40909090909056,True
75946,2025-12-18 09:15:00,-1,25857.1,75916,75909,75915,4,0.36121212121382207,False
75946,2025-12-18 09:15:00,-1,25860.0,75937,75927,75936,0,0.36121212121382207,False
75961,2025-12-18 10:30:00,1,25928.3,75896,75883,75895,1,12.724848484849883,True
75977,2025-12-18 11:50:00,1,25948.7,75965,75879,75963,1,3.669090909091703,True
75994,2025-12-18 13:15:00,-1,25947.2,75991,75983,75990,1,-1.9181818181808263,True
76002,2025-12-18 13:55:00,-1,25921.0,75999,75976,75998,2,-3.761212121211758,True
76021,2025-12-19 09:15:00,1,25939.9,76002,75999,76001,0,6.3563636363637315,False
76024,2025-12-19 09:30:00,1,26008.2,75876,75851,75875,1,16.91878787878868,True
76038,2025-12-19 10:40:00,1,26034.0,76031,76024,76030,0,1.495757575757306,False
76074,2025-12-19 13:40:00,1,26018.7,76063,76045,76062,2,2.3539393939383166,True
76105,2025-12-22 10:00:00,1,26188.2,76103,76099,76102,1,3.1436363636366926,True
76137,2025-12-22 12:40:00,-1,26180.3,76132,76126,76131,0,-0.558787878787715,False
76147,2025-12-22 13:30:00,1,26196.0,76131,76117,76130,3,1.7084848484853032,True
76171,2025-12-23 09:15:00,1,26206.5,76166,76160,76165,0,-0.039393939394447026,False
76174,2025-12-23 09:30:00,-1,26189.3,76170,76162,76169,2,0.6333333333341131,False
76176,2025-12-23 09:40:00,-1,26175.0,76114,76107,76113,7,-1.2381818181832185,True
76176,2025-12-23 09:40:00,-1,26175.1,76155,76120,76154,0,-1.2381818181832185,False
76227,2025-12-23 13:55:00,1,26225.0,76209,76206,76208,13,0.2781818181824028,True
76227,2025-12-23 13:55:00,1,26225.0,76224,76216,76220,2,0.2781818181824028,True
76231,2025-12-23 14:15:00,1,26240.0,76183,76171,76182,0,1.1866666666672245,False
76236,2025-12-23 14:40:00,-1,26216.0,76226,76217,76224,0,2.307878787878355,False
76245,2025-12-23 15:25:00,-1,26201.0,76188,76184,76187,7,-3.482424242424064,True
76292,2025-12-24 13:05:00,-1,26215.0,76290,76281,76289,1,-2.0206060606069816,True
76308,2025-12-24 14:25:00,-1,26170.0,76304,76138,76303,1,-1.8587878787875207,True
76320,2025-12-24 15:25:00,-1,26165.0,76104,76100,76103,10,0.23818181818152406,False
76321,2025-12-26 09:15:00,-1,26163.0,76247,76176,76246,7,-2.07030303030345,True
76321,2025-12-26 09:15:00,-1,26161.6,76314,76310,76313,2,-2.07030303030345,True
76341,2025-12-26 10:55:00,1,26110.0,76337,76331,76336,3,0.9454545454540204,True
76343,2025-12-26 11:05:00,-1,26097.1,76342,76337,76341,0,0.826666666666405,False
76351,2025-12-26 11:45:00,-1,26077.0,76347,76328,76345,3,-2.9103030303026998,True
76360,2025-12-26 12:30:00,-1,26073.2,76356,76351,76355,2,-0.2599999999996176,True
76381,2025-12-26 14:15:00,-1,26051.3,76367,76362,76366,2,-0.4793939393928746,True
76398,2025-12-29 09:25:00,1,26069.0,76379,76372,76378,2,0.8236363636363239,True
76399,2025-12-29 09:30:00,1,26090.9,76354,76347,76353,3,1.0157575757569068,True
76404,2025-12-29 09:55:00,-1,26053.7,76398,76393,76397,0,2.4042424242432885,False
76471,2025-12-30 09:15:00,-1,25934.8,76465,76456,76464,0,-0.23272727272597507,False
76484,2025-12-30 10:20:00,1,25967.9,76471,76454,76470,2,4.463030303029629,True
76506,2025-12-30 12:10:00,-1,25895.0,76505,76498,76504,0,-1.559999999999872,False
76602,2025-12-31 13:55:00,1,26316.8,76598,76591,76597,2,0.7896969696975091,True
76632,2026-01-01 10:10:00,-1,26288.4,76628,76619,76623,2,-1.6751515151500664,True
76633,2026-01-01 10:15:00,-1,26285.0,76618,76598,76617,1,-2.6521212121202655,True
76681,2026-01-01 14:15:00,1,26307.6,76670,76654,76669,2,2.235151515151475,True
76696,2026-01-02 09:15:00,1,26304.0,76692,76686,76690,0,0.4290909090923549,False
76697,2026-01-02 09:20:00,1,26325.0,76641,76602,76640,5,2.0890909090912535,True
76769,2026-01-02 15:20:00,1,26450.0,76759,76735,76758,4,4.172121212122126,True
76774,2026-01-05 09:30:00,-1,26423.4,76734,76726,76728,9,-0.1793939393930956,True
76870,2026-01-06 11:15:00,-1,26282.0,76696,76675,76692,0,-4.01151515151573,False
76904,2026-01-06 14:05:00,-1,26270.0,76872,76657,76871,0,-0.5890909090903953,False
76953,2026-01-07 11:55:00,-1,26240.0,76947,76937,76946,1,-2.7109090909083218,True
76962,2026-01-07 12:40:00,-1,26205.0,76929,76921,76928,0,-1.308484848485275,False
76986,2026-01-07 14:40:00,1,26220.0,76985,76979,76984,0,0.06848484848573258,False
76997,2026-01-08 09:20:00,-1,26200.0,76986,76982,76985,1,-2.4666666666654855,True
77090,2026-01-09 10:50:00,-1,25965.0,77084,77078,77083,5,-3.0139393939380987,True
77108,2026-01-09 12:20:00,-1,25847.0,77107,77102,77106,0,-3.8096969696961756,False
77132,2026-01-09 14:20:00,-1,25766.4,77128,77113,77127,2,-4.798787878786872,True
77145,2026-01-09 15:25:00,1,25801.0,77143,77129,77142,1,5.159393939393863,True
77166,2026-01-12 10:55:00,-1,25656.1,77159,77155,77158,2,-2.453939393939143,True
77169,2026-01-12 11:10:00,-1,25641.1,77165,77148,77164,2,-5.256363636363808,True
77183,2026-01-12 12:20:00,1,25709.9,77154,77150,77153,2,11.15333333333376,True
77183,2026-01-12 12:20:00,1,25702.0,77161,77156,77160,1,11.15333333333376,True
77197,2026-01-12 13:30:00,1,25833.0,77195,77123,77194,0,-2.4521212121211344,False
77213,2026-01-12 14:50:00,1,25869.4,77209,77107,77208,0,1.8509090909095711,False
77263,2026-01-13 12:45:00,-1,25765.6,77227,77191,77226,8,-4.931515151514018,True
77274,2026-01-13 13:40:00,1,25733.0,77272,77268,77270,1,2.407272727272426,True
77279,2026-01-13 14:05:00,-1,25707.7,77275,77272,77274,1,-1.1054545454536704,True
77282,2026-01-13 14:20:00,-1,25680.3,77281,77266,77280,0,-5.471515151516054,False
77322,2026-01-14 11:25:00,1,25811.4,77301,77290,77300,5,7.24606060606148,True
77345,2026-01-14 13:20:00,-1,25790.0,77343,77332,77341,1,-3.0581818181813696,True
77348,2026-01-14 13:35:00,-1,25729.6,77315,77302,77314,0,-5.639393939393652,False
77385,2026-01-16 10:25:00,1,25933.2,77222,77098,77221,2,18.101212121212104,True
77428,2026-01-16 14:00:00,-1,25746.8,77425,77376,77423,2,-3.120606060606769,True
77446,2026-01-19 09:15:00,-1,25702.0,77369,77365,77367,0,-6.5315151515141165,False
77446,2026-01-19 09:15:00,-1,25728.2,77432,77421,77430,0,-6.5315151515141165,False
77500,2026-01-19 13:45:00,1,25609.0,77483,77467,77482,0,0.8090909090920703,False
77500,2026-01-19 13:45:00,1,25595.0,77493,77475,77492,2,0.8090909090920703,True
77523,2026-01-20 09:25:00,-1,25550.0,77482,77471,77481,7,-10.37212121212056,True
77523,2026-01-20 09:25:00,-1,25542.8,77489,77456,77488,1,-10.37212121212056,True
77555,2026-01-20 12:05:00,-1,25467.3,77547,77529,77545,0,0.5448484848479616,False
77562,2026-01-20 12:40:00,-1,25450.0,77559,77556,77558,2,-5.187272727272577,True
77629,2026-01-21 12:00:00,1,25137.0,77628,77621,77627,0,1.9327272727282836,False
77636,2026-01-21 12:35:00,1,25237.7,77634,77607,77633,1,12.553333333333669,True
77658,2026-01-21 14:25:00,-1,25155.6,77656,77634,77655,1,-5.4515151515153075,True
77672,2026-01-22 09:20:00,1,25340.0,77642,77639,77641,1,14.051515151516625,True
77718,2026-01-22 13:10:00,-1,25221.0,77717,77712,77716,0,-6.3703030303040284,False
77722,2026-01-22 13:30:00,1,25247.1,77721,77717,77720,0,-5.635757575758341,False
77734,2026-01-22 14:30:00,1,25311.0,77709,77697,77708,0,0.4424242424236835,False
77734,2026-01-22 14:30:00,1,25282.1,77729,77714,77728,1,0.4424242424236835,True
77743,2026-01-22 15:15:00,1,25360.0,77738,77687,77737,1,3.789090909089947,True
77773,2026-01-23 11:30:00,-1,25281.6,77756,77740,77755,7,-2.0539393939399697,True
77774,2026-01-23 11:35:00,-1,25268.2,77772,77758,77771,0,-2.5909090909078865,False
77794,2026-01-23 13:15:00,-1,25201.9,77705,77701,77704,4,-3.915757575757555,True
77794,2026-01-23 13:15:00,-1,25200.0,77723,77719,77722,1,-3.915757575757555,True
77794,2026-01-23 13:15:00,-1,25210.0,77782,77777,77780,1,-3.915757575757555,True
77816,2026-01-23 15:05:00,-1,25066.1,77804,77623,77800,1,-0.15030303030299091,True
77833,2026-01-27 10:15:00,1,25184.0,77829,77821,77827,1,15.226060606060676,True
77888,2026-01-27 14:50:00,1,25159.0,77860,77856,77858,1,13.084242424243195,True
77945,2026-01-28 13:20:00,-1,25375.0,77943,77937,77941,0,0.3200000000008162,False
77949,2026-01-28 13:40:00,-1,25343.1,77912,77908,77911,4,-4.038181818181094,True
78014,2026-01-29 12:50:00,1,25410.5,77997,77973,77996,3,4.361818181818403,True
78017,2026-01-29 13:05:00,1,25465.0,77971,77965,77968,1,8.316363636365415,True
78022,2026-01-29 13:30:00,1,25490.0,77924,77899,77922,0,6.064848484849018,False
78068,2026-01-30 11:05:00,-1,25362.9,78061,78056,78060,0,1.1939393939394929,False
78081,2026-01-30 12:10:00,1,25380.0,78076,78072,78075,2,0.7793939393935387,True
78092,2026-01-30 13:05:00,-1,25340.0,78072,78002,78069,4,-3.6921212121211364,True
78094,2026-01-30 13:15:00,-1,25324.1,78074,78049,78073,2,-7.520000000000784,True
78101,2026-01-30 13:50:00,1,25415.2,78065,78058,78064,2,7.050909090908275,True
78101,2026-01-30 13:50:00,1,25411.3,78086,78067,78084,0,7.050909090908275,False
78143,2026-02-01 11:05:00,1,25468.8,78138,78105,78137,0,-0.48363636363534224,False
78150,2026-02-01 11:40:00,-1,25431.0,78147,78140,78146,0,-0.6339393939392441,False
78154,2026-02-01 12:00:00,-1,25372.1,78117,78112,78115,10,-12.373333333333042,True
78156,2026-02-01 12:10:00,-1,25332.2,78155,78121,78154,0,-6.9109090909081665,False
78157,2026-02-01 12:15:00,-1,25262.6,77986,77979,77984,1,-10.999999999999707,True
78176,2026-02-01 13:50:00,-1,25087.0,78175,78172,78174,0,-7.447272727272027,False
78187,2026-02-01 14:45:00,-1,25035.6,78182,78176,78180,0,3.263636363636733,False
78263,2026-02-02 14:50:00,1,25074.0,78260,78251,78259,1,4.760606060605411,True
78271,2026-02-03 09:15:00,1,25169.9,78176,78173,78175,1,48.66606060606146,True
78271,2026-02-03 09:15:00,1,25159.0,78269,78185,78268,1,48.66606060606146,True
78298,2026-02-03 11:30:00,1,25910.0,78293,78288,78292,1,5.147878787879088,True
78321,2026-02-03 13:25:00,-1,25864.3,78312,78309,78311,0,-1.7066666666681314,False
78340,2026-02-03 15:00:00,-1,25831.0,78330,78290,78328,4,0.46060606060573966,False
78395,2026-02-04 13:20:00,1,25835.0,78368,78365,78367,3,1.3981818181829042,True
78405,2026-02-04 14:10:00,1,25872.1,78353,78330,78352,3,0.8787878787876768,True
78405,2026-02-04 14:10:00,1,25869.9,78403,78357,78402,0,0.8787878787876768,False
78471,2026-02-05 13:25:00,-1,25700.0,78459,78442,78458,3,1.67151515151536,False
78479,2026-02-05 14:05:00,-1,25690.8,78473,78429,78471,0,-1.1569696969694803,False
78490,2026-02-05 15:00:00,1,25739.5,78477,78469,78476,0,5.2278787878789945,False
78564,2026-02-06 14:55:00,1,25725.5,78530,78495,78529,1,5.246666666666799,True
78571,2026-02-09 09:15:00,1,25757.2,78451,78444,78450,1,10.644848484847927,True
78587,2026-02-09 10:35:00,1,25910.0,78408,78325,78407,1,2.0896969696983865,True
78587,2026-02-09 10:35:00,1,25906.7,78575,78410,78571,1,2.0896969696983865,True
78632,2026-02-09 14:20:00,1,25920.0,78625,78620,78623,1,-0.06969696969624531,False
78646,2026-02-10 09:15:00,1,25940.9,78598,78591,78597,1,2.0218181818170433,True
78646,2026-02-10 09:15:00,1,25932.1,78609,78606,78608,0,2.0218181818170433,False
78646,2026-02-10 09:15:00,1,25927.5,78642,78632,78641,0,2.0218181818170433,False
78661,2026-02-10 10:30:00,1,26018.7,78657,78652,78656,3,1.629090909091374,True
78682,2026-02-10 12:15:00,1,26023.3,78680,78668,78679,0,1.9345454545458867,False
78695,2026-02-10 13:20:00,-1,26000.0,78673,78658,78672,4,0.1569696969697274,False
78695,2026-02-10 13:20:00,-1,26008.0,78687,78681,78686,1,0.1569696969697274,False
78760,2026-02-11 12:30:00,-1,25987.5,78759,78755,78758,0,-2.419393939394472,False
78796,2026-02-12 09:15:00,-1,25952.6,78706,78703,78705,2,-3.72787878787815,True
78796,2026-02-12 09:15:00,-1,25962.6,78721,78711,78720,5,-3.72787878787815,True
78796,2026-02-12 09:15:00,-1,25986.8,78790,78784,78787,5,-3.72787878787815,True
78797,2026-02-12 09:20:00,-1,25901.0,78637,78629,78636,2,-7.259393939393406,True
78823,2026-02-12 11:30:00,-1,25883.1,78800,78615,78799,2,-1.4206060606056374,True
78861,2026-02-12 14:40:00,-1,25867.5,78830,78827,78829,1,0.30787878787936107,False
78861,2026-02-12 14:40:00,-1,25871.1,78858,78851,78857,1,0.30787878787936107,False
78909,2026-02-13 12:25:00,1,25626.0,78907,78891,78905,1,2.9660606060606747,True
78925,2026-02-13 13:45:00,-1,25589.0,78918,78896,78916,0,-1.0781818181808347,False
78977,2026-02-16 11:50:00,-1,25561.0,78970,78960,78969,5,-2.487272727271145,True
78982,2026-02-16 12:15:00,1,25590.0,78965,78929,78964,4,1.8836363636371103,True
78982,2026-02-16 12:15:00,1,25599.0,78974,78958,78972,1,1.8836363636371103,True
78998,2026-02-16 13:35:00,1,25620.8,78994,78986,78993,2,2.1987878787885946,True
79004,2026-02-16 14:05:00,-1,25600.1,78998,78995,78997,2,-1.0909090909080634,True
79008,2026-02-16 14:25:00,1,25631.0,79001,78919,79000,0,-0.3066666666656353,False
79022,2026-02-17 09:20:00,-1,25590.1,79003,78990,79002,2,-6.806666666666307,True
79080,2026-02-17 14:10:00,-1,25720.2,79078,79050,79077,0,-3.6745454545447562,False
79096,2026-02-18 09:15:00,1,25750.0,79091,79086,79090,1,1.289696969697789,True
79104,2026-02-18 09:55:00,-1,25714.6,79100,79089,79098,1,-1.753333333333568,True
79115,2026-02-18 10:50:00,1,25695.3,79110,79106,79109,3,1.2557575757568258,True
79155,2026-02-18 14:10:00,1,25775.5,79065,79059,79064,6,0.25393939394020826,True
79155,2026-02-18 14:10:00,1,25768.0,79102,79096,79101,4,0.25393939394020826,True
79155,2026-02-18 14:10:00,1,25767.0,79152,79145,79151,0,0.25393939394020826,False
79204,2026-02-19 12:00:00,-1,25663.8,79114,79110,79113,3,-5.996969696967634,True
79205,2026-02-19 12:05:00,-1,25660.0,79109,79105,79108,4,-5.29939393939362,True
79258,2026-02-20 10:15:00,1,25545.0,79256,79239,79255,0,6.9993939393947215,False
79282,2026-02-20 12:15:00,1,25642.0,79222,79218,79221,2,1.0824242424251378,True
79282,2026-02-20 12:15:00,1,25649.9,79277,79209,79276,0,1.0824242424251378,False
79365,2026-02-23 12:55:00,-1,25645.0,79344,79339,79343,9,-0.8854545454544189,True
79378,2026-02-23 14:00:00,-1,25622.7,79367,79352,79366,2,-0.003636363635579815,True
79384,2026-02-23 14:30:00,1,25695.0,79364,79357,79363,0,0.3078787878784986,False
79384,2026-02-23 14:30:00,1,25676.3,79377,79372,79374,1,0.3078787878784986,True
79396,2026-02-24 09:15:00,-1,25691.0,79395,79392,79394,0,-3.003636363635779,False
79399,2026-02-24 09:30:00,-1,25540.0,79321,79293,79319,2,-21.27515151515156,True
79414,2026-02-24 10:45:00,-1,25475.0,79402,79256,79401,2,-2.3236363636357877,True
79424,2026-02-24 11:35:00,1,25520.0,79414,79409,79413,5,5.9424242424249565,True
79432,2026-02-24 12:15:00,-1,25456.0,79430,79415,79429,1,-7.45757575757563,True
79446,2026-02-24 13:25:00,-1,25392.0,79440,79248,79439,0,0.9836363636368842,False
79501,2026-02-25 11:45:00,1,25769.8,79500,79497,79499,0,-1.7587878787872147,False
79503,2026-02-25 11:55:00,-1,25752.5,79499,79496,79498,3,-1.2266666666658725,True
79531,2026-02-25 14:15:00,1,25620.2,79528,79523,79527,0,-1.7145454545457903,False
79575,2026-02-26 11:40:00,-1,25636.0,79555,79548,79554,1,0.9824242424248105,False
79583,2026-02-26 12:20:00,-1,25582.0,79539,79516,79538,1,-6.283030303030755,True
79583,2026-02-26 12:20:00,-1,25595.3,79580,79576,79578,2,-6.283030303030755,True
79584,2026-02-26 12:25:00,-1,25571.2,79530,79521,79529,1,-5.68969696969594,True
79605,2026-02-26 14:10:00,1,25585.2,79603,79596,79602,0,-0.7399999999989736,False
79621,2026-02-27 09:15:00,-1,25538.0,79605,79594,79604,0,-5.5254545454540525,False
79690,2026-02-27 15:00:00,-1,25401.0,79671,79658,79663,0,-2.366060606059769,False
79690,2026-02-27 15:00:00,-1,25421.2,79688,79684,79687,0,-2.366060606059769,False
79728,2026-03-02 11:55:00,-1,24942.6,79726,79723,79725,1,-4.912727272729363,True
79793,2026-03-04 11:05:00,1,24549.3,79790,79777,79789,1,-0.5909090909077773,False
79797,2026-03-04 11:25:00,-1,24487.2,79792,79788,79791,0,2.2642424242426102,False
79829,2026-03-04 14:05:00,1,24581.0,79820,79794,79819,4,-2.095757575757358,False
79866,2026-03-05 10:55:00,1,24748.0,79857,79854,79856,2,7.0800000000000285,True
79898,2026-03-05 13:35:00,-1,24718.8,79893,79886,79892,4,-1.3175757575760583,True
79910,2026-03-05 14:35:00,1,24760.0,79886,79866,79885,3,2.3375757575760674,True
79910,2026-03-05 14:35:00,1,24748.0,79894,79887,79893,2,2.3375757575760674,True
79972,2026-03-06 13:30:00,-1,24688.5,79970,79965,79969,0,0.3296969696977409,False
79977,2026-03-06 13:55:00,-1,24667.1,79962,79940,79960,4,-2.600606060606767,True
79982,2026-03-06 14:20:00,1,24714.0,79969,79964,79966,5,1.675757575756928,True
79987,2026-03-06 14:45:00,-1,24626.0,79862,79851,79860,4,-1.9648484848473073,True
79996,2026-03-09 09:15:00,-1,24427.0,79781,79773,79780,0,-38.08181818181874,False
79996,2026-03-09 09:15:00,-1,24466.0,79802,79798,79801,1,-38.08181818181874,True
79996,2026-03-09 09:15:00,-1,24481.1,79811,79807,79809,1,-38.08181818181874,True
80129,2026-03-10 14:05:00,1,24342.9,80117,80100,80116,4,3.9133333333337226,True
80150,2026-03-11 09:35:00,-1,24287.0,80122,80118,80121,2,-12.15272727272721,True
80150,2026-03-11 09:35:00,-1,24303.0,80135,80128,80134,3,-12.15272727272721,True
80156,2026-03-11 10:05:00,-1,24222.0,80113,80108,80112,1,-12.817575757576888,True
80163,2026-03-11 10:40:00,-1,24160.4,80080,80075,80079,0,-5.692727272726933,False
80214,2026-03-11 14:55:00,-1,23948.0,80054,80044,80053,0,-3.4921212121216607,False
80220,2026-03-11 15:25:00,-1,23921.7,80037,80031,80036,3,-8.92848484848602,True
80221,2026-03-12 09:15:00,-1,23804.0,80003,79998,80002,0,-19.316969696969036,False
80286,2026-03-12 14:40:00,-1,23751.7,80249,80240,80248,3,-4.987272727272317,True
80296,2026-03-13 09:15:00,-1,23642.1,80227,80222,80226,0,-11.873333333333782,False
80332,2026-03-13 12:15:00,-1,23391.4,80315,80309,80314,3,-10.435151515151471,True
80375,2026-03-16 09:35:00,1,23319.3,80361,80339,80359,1,10.295757575757468,True
80384,2026-03-16 10:20:00,-1,23155.1,80367,80352,80366,1,-20.252727272727398,True
80431,2026-03-16 14:15:00,1,23281.9,80410,80396,80409,0,2.672121212121561,False
80431,2026-03-16 14:15:00,1,23240.0,80417,80412,80416,1,2.672121212121561,True
80431,2026-03-16 14:15:00,1,23229.0,80425,80420,80424,1,2.672121212121561,True
80452,2026-03-17 09:45:00,1,23497.0,80443,80324,80441,2,5.595151515151495,True
80513,2026-03-17 14:50:00,1,23628.5,80512,80505,80511,0,3.435151515150686,False
80539,2026-03-18 10:45:00,1,23757.0,80525,80522,80524,8,10.067272727271973,True
80568,2026-03-18 13:10:00,1,23810.0,80567,80564,80566,0,0.6781818181815416,False
80594,2026-03-18 15:20:00,-1,23771.0,80564,80559,80562,4,-2.406666666667427,True
80594,2026-03-18 15:20:00,-1,23775.0,80568,80565,80567,4,-2.406666666667427,True
80596,2026-03-19 09:15:00,-1,23373.0,80449,80445,80448,2,-25.845454545453933,True
80596,2026-03-19 09:15:00,-1,23395.0,80486,80478,80485,0,-25.845454545453933,False
80596,2026-03-19 09:15:00,-1,23540.9,80509,80502,80508,0,-25.845454545453933,False
80631,2026-03-19 12:10:00,1,23265.6,80628,80624,80627,0,0.26545454545446756,False
80645,2026-03-19 13:20:00,-1,23201.1,80621,80608,80620,2,-6.769696969697261,True
80671,2026-03-20 09:15:00,1,23289.0,80641,80632,80640,0,16.175757575757736,False
80721,2026-03-20 13:25:00,1,23285.5,80718,80704,80717,2,7.3781818181824725,True
80783,2026-03-23 12:20:00,-1,22514.3,80777,80767,80775,1,-2.2272727272724517,True
80799,2026-03-23 13:40:00,1,22578.0,80782,80773,80777,0,4.5963636363641305,False
80800,2026-03-23 13:45:00,1,22597.9,80770,80762,80768,1,7.89636363636242,True
80820,2026-03-23 15:25:00,-1,22495.0,80813,80796,80809,3,-11.738181818180843,True
80821,2026-03-24 09:15:00,1,22654.0,80808,80804,80807,0,5.3296969696968155,False
80852,2026-03-24 11:50:00,1,22776.5,80836,80829,80834,3,10.28484848484849,True
80896,2026-03-25 09:15:00,1,23040.0,80882,80864,80881,0,13.166060606061107,False
80910,2026-03-25 10:25:00,1,23309.0,80906,80721,80905,3,5.915757575757931,True
80913,2026-03-25 10:40:00,1,23318.5,80912,80908,80911,0,4.772121212121227,False
80918,2026-03-25 11:05:00,1,23378.0,80915,80696,80914,2,11.044848484849357,True
80968,2026-03-25 15:15:00,-1,23295.4,80961,80912,80959,3,-5.396363636363975,True
81046,2026-03-30 09:15:00,-1,22617.0,80842,80837,80841,0,-16.98727272727332,False
81101,2026-03-30 13:50:00,-1,22443.8,81078,81069,81077,3,-4.263636363635332,True
81216,2026-04-02 10:55:00,1,22325.0,81212,81207,81211,3,2.087878787878796,True
81308,2026-04-06 12:20:00,1,22762.0,81291,81283,81290,3,5.736969696969673,True
81313,2026-04-06 12:45:00,1,22830.0,81269,81195,81268,1,0.10242424242255717,True
81313,2026-04-06 12:45:00,1,22799.0,81304,81271,81303,3,0.10242424242255717,True
81331,2026-04-06 14:15:00,1,22999.9,81321,81164,81320,3,2.5593939393946963,True
81340,2026-04-06 15:00:00,1,23019.0,81333,81169,81332,6,0.9478787878794286,True
81346,2026-04-07 09:15:00,-1,22970.0,81340,81333,81339,0,-3.555757575757693,False
81365,2026-04-07 10:50:00,-1,22950.0,81363,81357,81362,0,0.7400000000001107,False
81378,2026-04-07 11:55:00,1,23031.0,81364,81359,81363,0,7.0387878787872165,False
81473,2026-04-08 13:35:00,1,24049.0,81452,81442,81451,0,2.7636363636376715,False
81495,2026-04-08 15:25:00,1,24069.8,81492,81473,81491,0,1.1266666666667104,False
81496,2026-04-09 09:15:00,-1,24000.0,81481,81467,81480,0,-4.335151515151285,False
81526,2026-04-09 11:45:00,1,23935.0,81520,81510,81519,3,3.0715151515151757,True
81537,2026-04-09 12:40:00,-1,23921.9,81535,81530,81534,1,-3.2842424242422528,True
81538,2026-04-09 12:45:00,-1,23870.0,81522,81513,81521,0,-4.550909090909109,False
81571,2026-04-10 09:15:00,1,23969.3,81532,81528,81531,0,11.083636363636849,False
81608,2026-04-10 12:20:00,1,24066.6,81595,81592,81594,3,4.224242424242065,True
81627,2026-04-10 13:55:00,1,24080.3,81610,81585,81609,0,2.539999999999359,False
81627,2026-04-10 13:55:00,1,24070.2,81618,81612,81617,3,2.539999999999359,True
81631,2026-04-10 14:15:00,-1,24040.0,81612,81608,81610,10,2.9909090909099465,False
81631,2026-04-10 14:15:00,-1,24038.7,81624,81614,81618,1,2.9909090909099465,False
81646,2026-04-13 09:15:00,-1,23965.0,81582,81575,81581,0,-12.563030303029718,False
81674,2026-04-13 11:35:00,1,23790.0,81673,81666,81672,0,0.3896969696975737,False
81701,2026-04-13 13:50:00,1,23880.0,81699,81687,81697,0,3.719393939394917,False
81718,2026-04-13 15:15:00,-1,23850.1,81707,81700,81706,2,-4.440606060606573,True
81721,2026-04-15 09:15:00,1,23924.0,81715,81709,81714,0,12.856969696969498,False
81757,2026-04-15 12:15:00,-1,24249.1,81756,81753,81755,0,3.4436363636363967,False
81783,2026-04-15 14:25:00,1,24259.4,81771,81761,81770,5,3.9145454545461638,True
81788,2026-04-15 14:50:00,1,24263.0,81755,81752,81754,11,0.9975757575757307,True
81788,2026-04-15 14:50:00,1,24264.2,81760,81757,81759,5,0.9975757575757307,True
81796,2026-04-16 09:15:00,1,24284.1,81790,81739,81788,0,1.6896969696980966,False
81817,2026-04-16 11:00:00,1,24325.0,81816,81812,81814,0,1.8030303030304256,False
81822,2026-04-16 11:25:00,-1,24300.0,81817,81813,81816,3,-0.8436363636359792,True
81824,2026-04-16 11:35:00,-1,24290.4,81821,81810,81820,2,-2.935151515151212,True
81829,2026-04-16 12:00:00,-1,24200.4,81750,81728,81745,6,-12.239393939393503,True
81845,2026-04-16 13:20:00,-1,24125.3,81841,81836,81840,2,-2.1187878787883423,True
81851,2026-04-16 13:50:00,1,24173.2,81843,81837,81842,0,2.1727272727273146,False
81858,2026-04-16 14:25:00,1,24196.0,81853,81831,81852,0,2.001212121211799,False
81912,2026-04-17 12:40:00,-1,24276.5,81902,81897,81901,4,-2.921212121211404,True
81931,2026-04-17 14:15:00,1,24321.0,81886,81821,81885,9,1.1369696969691891,True
81932,2026-04-17 14:20:00,1,24331.4,81904,81818,81903,3,1.7357575757579002,True
81935,2026-04-17 14:35:00,1,24334.8,81810,81803,81808,6,1.7793939393947318,True
81945,2026-04-17 15:25:00,1,24375.0,81943,81937,81942,1,2.611515151514745,True
81971,2026-04-20 11:20:00,1,24455.8,81969,81963,81968,0,-1.6618181818192195,False
81981,2026-04-20 12:10:00,-1,24445.9,81979,81974,81977,1,-1.1896969696968904,True
81988,2026-04-20 12:45:00,1,24471.4,81977,81972,81976,6,2.1642424242434957,True
82007,2026-04-20 14:20:00,1,24395.5,82001,81997,81999,1,1.0654545454552147,True
82018,2026-04-20 15:15:00,-1,24350.0,81999,81996,81998,4,-4.107272727272248,True
82018,2026-04-20 15:15:00,-1,24351.4,82005,82001,82004,1,-4.107272727272248,True
82027,2026-04-21 09:45:00,1,24475.1,82026,82022,82025,0,20.367272727272063,False
82056,2026-04-21 12:10:00,1,24566.2,82044,82041,82043,0,2.1218181818184245,False
82082,2026-04-21 14:20:00,1,24575.0,82078,82072,82077,1,1.8345454545454298,True
82096,2026-04-22 09:15:00,-1,24525.1,82068,82052,82067,2,-2.8812121212120974,True
82098,2026-04-22 09:25:00,-1,24432.0,82027,82024,82026,1,-15.673939393938957,True
82145,2026-04-22 13:20:00,-1,24386.8,82135,82119,82134,5,-0.051515151515373885,True
82152,2026-04-22 13:55:00,1,24439.7,82131,82123,82130,0,2.063636363636782,False
82171,2026-04-23 09:15:00,-1,24364.0,82157,82145,82156,3,-14.146666666666325,True
82210,2026-04-23 12:30:00,-1,24165.0,82198,82175,82197,4,0.5987878787876928,False
82219,2026-04-23 13:15:00,1,24205.8,82204,82193,82203,5,4.381818181818205,True
82236,2026-04-23 14:40:00,-1,24155.0,82202,82189,82201,4,-8.986666666667173,True
82247,2026-04-24 09:20:00,-1,24140.0,82244,82237,82243,1,0.33454545454580914,False
82283,2026-04-24 12:20:00,-1,23927.5,82271,82267,82270,4,0.08363636363637673,False
82292,2026-04-24 13:05:00,-1,23901.0,82289,82284,82288,1,-2.354545454544847,True
82310,2026-04-24 14:35:00,1,23941.6,82291,82287,82290,1,6.047272727273551,True
82367,2026-04-27 13:05:00,1,24100.0,82362,82345,82361,2,3.047272727273711,True
82380,2026-04-27 14:10:00,1,24130.0,82372,82329,82371,6,0.23939393939347342,True
82384,2026-04-27 14:30:00,-1,24100.0,82373,82370,82372,0,-0.8503030303025536,False
82404,2026-04-28 09:55:00,1,24140.0,82376,82369,82375,6,7.111515151515364,True
82404,2026-04-28 09:55:00,1,24139.9,82394,82389,82393,3,7.111515151515364,True
82404,2026-04-28 09:55:00,1,24137.3,82400,82395,82398,3,7.111515151515364,True
82429,2026-04-28 12:00:00,-1,24036.3,82424,82358,82423,0,-7.3981818181815795,False
82445,2026-04-28 13:20:00,1,24040.6,82443,82439,82442,1,1.1230303030296986,True
82467,2026-04-28 15:10:00,-1,23980.2,82397,82349,82396,6,-1.4230303030309654,True
82505,2026-05-29 12:05:00,-1,23971.1,82492,82479,82491,1,-0.9187878787875898,True
82540,2026-05-29 15:00:00,-1,23802.0,82533,82529,82532,0,3.792121212120787,False
82554,2026-06-01 09:55:00,-1,23634.0,82553,82550,82552,0,-10.848484848484185,False
82568,2026-06-01 11:05:00,1,23666.5,82567,82553,82566,0,6.351515151514803,False
82660,2026-06-02 12:30:00,1,23394.1,82656,82653,82655,0,-1.503030303030251,False
82662,2026-06-02 12:40:00,1,23450.0,82649,82636,82647,0,5.2703030303038805,False
82696,2026-06-03 09:15:00,-1,23359.8,82655,82641,82654,5,2.113333333333351,False
82696,2026-06-03 09:15:00,-1,23516.0,82691,82687,82690,0,2.113333333333351,False
82698,2026-06-03 09:25:00,-1,23345.0,82634,82626,82633,2,-22.876969696968846,True
82711,2026-06-03 10:30:00,-1,23285.0,82705,82621,82704,2,-2.714545454544066,True
82728,2026-06-03 11:55:00,-1,23256.1,82726,82720,82725,0,-1.094545454545851,False
82735,2026-06-03 12:30:00,1,23358.7,82707,82703,82706,0,1.520606060606635,False
82735,2026-06-03 12:30:00,1,23309.1,82717,82713,82716,2,1.520606060606635,True
82750,2026-06-03 13:45:00,1,23439.0,82747,82737,82746,1,7.416969696970578,True
82777,2026-06-04 09:45:00,1,23439.5,82776,82773,82775,0,-11.244848484847813,False
82818,2026-06-04 13:10:00,-1,23436.0,82794,82787,82793,9,-2.3254545454540527,True
82818,2026-06-04 13:10:00,-1,23430.1,82815,82811,82813,1,-2.3254545454540527,True
82844,2026-06-04 15:20:00,1,23515.0,82790,82785,82789,11,0.45939393939352474,True
82845,2026-06-04 15:25:00,1,23525.0,82801,82768,82800,4,3.04363636363599,True
82862,2026-06-05 10:35:00,-1,23455.0,82842,82832,82840,0,-1.6987878787877735,False
82883,2026-06-05 12:20:00,1,23514.9,82877,82873,82876,3,2.2484848484851,True
82887,2026-06-05 12:40:00,-1,23463.0,82875,82871,82874,3,-1.106060606061121,True
82897,2026-06-05 13:30:00,-1,23377.6,82777,82774,82776,4,-5.5212121212115495,True
82921,2026-06-08 09:15:00,-1,23350.0,82744,82740,82742,2,-17.327878787878213,True
82958,2026-06-08 12:20:00,1,23283.0,82943,82938,82942,2,1.7496969696970905,True
82980,2026-06-08 14:10:00,-1,23211.0,82978,82975,82977,1,-6.952727272726518,True
82990,2026-06-08 15:00:00,-1,23200.0,82982,82928,82981,3,1.9993939393942834,False
82995,2026-06-08 15:25:00,-1,23160.0,82992,82921,82991,1,-8.595151515150414,True
82996,2026-06-09 09:15:00,1,23248.0,82979,82976,82978,2,-4.170909090909084,False
83059,2026-06-09 14:30:00,1,23270.0,83051,83036,83049,2,1.3921212121217101,True
83116,2026-06-10 13:00:00,1,23444.0,83104,83100,83103,0,-3.018787878786895,False
83146,2026-06-11 09:15:00,-1,23143.9,83024,82995,83022,0,-9.45575757575781,False
83146,2026-06-11 09:15:00,-1,23225.0,83054,83047,83052,3,-9.45575757575781,True
83171,2026-06-11 11:20:00,1,23226.8,83169,83163,83168,1,0.2284848484854934,True
83193,2026-06-11 13:10:00,-1,23294.2,83190,83183,83189,0,0.5127272727283542,False
83210,2026-06-11 14:35:00,-1,23250.0,83202,83196,83200,5,0.4151515151516196,False
83262,2026-06-12 12:40:00,-1,23361.6,83241,83234,83239,2,-4.038787878787703,True
83262,2026-06-12 12:40:00,-1,23370.0,83247,83243,83246,6,-4.038787878787703,True
83271,2026-06-12 13:25:00,1,23410.0,83246,83235,83245,5,3.3509090909099335,True
83334,2026-06-15 12:25:00,-1,23932.1,83305,83299,83304,6,-5.56848484848424,True
83364,2026-06-15 14:55:00,-1,23929.0,83357,83344,83356,1,0.826666666666935,False
83366,2026-06-15 15:05:00,-1,23920.0,83342,83335,83337,5,-4.10848484848428,True
83387,2026-06-16 10:35:00,1,23980.0,83381,83375,83380,1,2.012121212120559,True
83389,2026-06-16 10:45:00,1,23985.0,83361,83343,83360,3,5.92484848484699,True
83404,2026-06-16 12:00:00,-1,23937.2,83402,83396,83399,1,-0.8769696969694926,True
83420,2026-06-16 13:20:00,1,23970.0,83403,83397,83402,3,2.109090909091688,True
83429,2026-06-16 14:05:00,1,23999.0,83329,83323,83327,6,2.226666666667672,True
83429,2026-06-16 14:05:00,1,23999.0,83424,83390,83423,2,2.226666666667672,True
83448,2026-06-17 09:25:00,1,24018.8,83435,83431,83434,3,0.3406060606054709,True
83473,2026-06-17 11:30:00,1,24098.0,83472,83466,83471,0,-0.10484848484823893,False
83478,2026-06-17 11:55:00,-1,24061.8,83476,83469,83475,1,-1.1945454545455276,True
83492,2026-06-17 13:05:00,-1,24038.0,83487,83484,83486,3,-0.26606060606013776,True
83498,2026-06-17 13:35:00,1,24069.6,83489,83483,83488,1,1.6109090909093218,True
83515,2026-06-17 15:00:00,1,24085.0,83500,83476,83499,1,4.247272727273504,True
83544,2026-06-18 11:10:00,-1,24071.6,83541,83525,83540,0,-3.679393939393006,False
83572,2026-06-18 13:30:00,1,24148.0,83563,83532,83560,2,0.2690909090912994,True
83572,2026-06-18 13:30:00,1,24145.6,83570,83565,83569,0,0.2690909090912994,False
83579,2026-06-18 14:05:00,-1,24112.6,83572,83563,83571,0,-0.6399999999991139,False
83590,2026-06-18 15:00:00,1,24153.9,83577,83529,83572,0,2.9206060606066377,False
83596,2026-06-19 09:15:00,-1,24086.0,83585,83556,83584,0,1.734545454544813,False
83597,2026-06-19 09:20:00,-1,24024.0,83510,83494,83509,1,-8.666666666665842,True
83634,2026-06-19 12:25:00,1,24012.5,83626,83619,83624,2,2.1290909090906953,True
83634,2026-06-19 12:25:00,1,24018.7,83630,83613,83629,0,2.1290909090906953,False
83640,2026-06-19 12:55:00,-1,23980.0,83619,83599,83618,8,-2.287272727271932,True
83641,2026-06-19 13:00:00,-1,23970.4,83438,83426,83437,2,-3.917575757575331,True
83665,2026-06-19 15:00:00,1,24049.8,83657,83608,83656,1,-7.72424242424326,False
83717,2026-06-22 13:05:00,-1,24141.1,83714,83707,83713,2,-0.9399999999996923,True
83734,2026-06-22 14:30:00,1,24158.4,83724,83714,83719,3,-0.34060606060618115,False
83737,2026-06-22 14:45:00,1,24162.3,83728,83708,83727,4,1.6696969696964623,True
83741,2026-06-22 15:05:00,-1,24130.0,83725,83718,83724,2,-0.17999999999938404,True
83791,2026-06-23 13:00:00,-1,23952.0,83646,83642,83645,6,-4.801818181817654,True
83797,2026-06-23 13:30:00,-1,23928.1,83795,83791,83794,1,-3.735757575757254,True
83811,2026-06-23 14:40:00,1,23946.0,83810,83806,83809,0,4.149696969697387,False
83815,2026-06-23 15:00:00,-1,23885.0,83804,83798,83801,0,-0.3836363636363452,False
83815,2026-06-23 15:00:00,-1,23920.0,83814,83810,83813,0,-0.3836363636363452,False
83839,2026-06-24 10:45:00,1,23961.6,83813,83795,83812,5,9.86969696969681,True
83867,2026-06-24 13:05:00,1,24027.4,83860,83851,83859,3,1.803030303030289,True
83885,2026-06-24 14:35:00,-1,24055.0,83883,83871,83882,1,-1.6593939393936608,True
83892,2026-06-24 15:10:00,-1,24043.9,83888,83885,83887,2,-2.5042424242415677,True
83896,2026-06-25 09:15:00,1,24089.0,83884,83881,83883,1,3.2090909090912705,True
83896,2026-06-25 09:15:00,1,24084.0,83890,83886,83889,1,3.2090909090912705,True
83902,2026-06-25 09:45:00,1,24155.5,83758,83755,83757,7,12.818181818182037,True
83902,2026-06-25 09:45:00,1,24170.0,83899,83738,83898,0,12.818181818182037,False
83903,2026-06-25 09:50:00,1,24176.3,83700,83694,83699,2,11.326060606061187,True
83955,2026-06-25 14:10:00,-1,24180.0,83913,83909,83912,4,-2.4163636363635264,True
83955,2026-06-25 14:10:00,-1,24187.0,83924,83918,83923,6,-2.4163636363635264,True
83955,2026-06-25 14:10:00,-1,24180.5,83954,83944,83953,0,-2.4163636363635264,False
83973,2026-06-29 09:25:00,-1,24080.7,83966,83961,83965,1,-0.9860606060614061,True
83985,2026-06-29 10:25:00,1,24125.0,83973,83968,83972,0,1.2527272727272452,False
83998,2026-06-29 11:30:00,-1,24060.5,83992,83983,83990,0,-2.800606060605781,False
84002,2026-06-29 11:50:00,-1,24027.9,83976,83892,83975,1,-7.899999999999241,True
84039,2026-06-29 14:55:00,-1,23955.9,84021,84014,84019,10,-0.2793939393930805,True
84047,2026-06-30 09:20:00,-1,23943.0,84013,83837,84012,5,-1.0175757575768385,True
84047,2026-06-30 09:20:00,-1,23950.0,84037,84026,84034,5,-1.0175757575768385,True
84069,2026-06-30 11:10:00,1,23938.5,84066,84056,84065,0,-1.2545454545446935,False
84071,2026-06-30 11:20:00,1,24000.0,84023,84017,84022,7,2.995757575757345,True
84071,2026-06-30 11:20:00,1,23998.0,84038,84032,84037,2,2.995757575757345,True
84103,2026-06-30 14:00:00,-1,23926.9,84077,84074,84076,9,0.05393939393842967,False
84103,2026-06-30 14:00:00,-1,23920.0,84086,84082,84085,2,0.05393939393842967,False
84115,2026-06-30 15:00:00,-1,23881.9,84060,84057,84059,6,-1.3206060606064292,True
84115,2026-06-30 15:00:00,-1,23866.0,84107,84053,84106,0,-1.3206060606064292,False
84173,2026-07-01 13:35:00,1,24120.0,84170,84164,84169,0,-1.2199999999999718,False
84185,2026-07-01 14:35:00,-1,24085.5,84168,84153,84166,1,0.9078787878790268,False
84196,2026-07-02 09:15:00,1,24142.0,84162,84155,84161,1,2.7266666666678256,True
84257,2026-07-02 14:20:00,1,24230.0,84247,84236,84246,5,1.1272727272736136,True
84304,2026-07-03 12:00:00,1,24436.0,84293,84274,84292,1,4.121212121211999,True
84316,2026-07-03 13:00:00,-1,24416.0,84314,84301,84312,0,-2.197575757575088,False
84328,2026-07-03 14:00:00,-1,24350.0,84326,84323,84325,0,-4.094545454545477,False
84346,2026-07-06 09:15:00,1,24371.5,84331,84327,84330,2,1.8509090909101393,True
84359,2026-07-06 10:20:00,1,24452.9,84356,84353,84355,0,1.6145454545459557,False
84379,2026-07-06 12:00:00,1,24480.5,84370,84365,84367,3,0.613333333334899,True
84411,2026-07-06 14:40:00,-1,24458.0,84407,84371,84406,0,-0.45272727272614705,False
84415,2026-07-06 15:00:00,1,24481.7,84411,84408,84410,0,-1.5696969696962562,False
84429,2026-07-07 09:55:00,1,24510.0,84395,84386,84394,8,2.5030303030305814,True
84430,2026-07-07 10:00:00,1,24515.0,84423,84398,84422,3,3.603636363636159,True
84490,2026-07-07 15:00:00,-1,24469.8,84475,84470,84474,0,-0.13333333333410902,False
84490,2026-07-07 15:00:00,-1,24481.0,84484,84476,84483,0,-0.13333333333410902,False
84496,2026-07-08 09:15:00,-1,24325.1,84340,84337,84339,1,-16.45575757575762,True
84588,2026-07-09 10:40:00,1,24107.0,84585,84577,84580,0,-1.9630303030302598,False
84636,2026-07-09 14:40:00,-1,24070.0,84622,84617,84621,5,0.5060606060607075,False
84637,2026-07-09 14:45:00,-1,24065.0,84633,84630,84632,1,-1.018787878785767,True
84640,2026-07-09 15:00:00,-1,24025.6,84595,84587,84592,0,-4.146666666666959,False
84712,2026-07-10 14:45:00,1,24240.0,84693,84689,84691,7,3.916969696970465,True
84712,2026-07-10 14:45:00,1,24244.0,84700,84664,84699,4,3.916969696970465,True
84721,2026-07-13 09:15:00,-1,24188.1,84679,84672,84678,4,-11.12242424242395,True
84721,2026-07-13 09:15:00,-1,24186.7,84696,84682,84695,0,-11.12242424242395,False
84755,2026-07-13 12:05:00,1,24172.0,84750,84746,84749,3,1.5436363636360133,True
84756,2026-07-13 12:10:00,1,24183.8,84745,84737,84744,0,2.201818181817601,False
84788,2026-07-13 14:50:00,1,24270.0,84713,84545,84712,7,2.1878787878790273,True
84796,2026-07-14 09:15:00,-1,24141.0,84749,84745,84748,2,-9.111515151514496,True
84796,2026-07-14 09:15:00,-1,24234.3,84791,84785,84790,3,-9.111515151514496,True
84814,2026-07-14 10:45:00,1,24111.8,84812,84807,84811,0,1.884242424241708,False
84830,2026-07-14 12:05:00,-1,24080.1,84829,84825,84828,0,-4.652727272727502,False
84848,2026-07-14 13:35:00,-1,24030.0,84811,84724,84808,0,-0.38727272727177103,False
84848,2026-07-14 13:35:00,-1,24044.6,84842,84834,84841,0,-0.38727272727177103,False
84871,2026-07-15 09:15:00,1,24144.5,84824,84819,84823,0,3.170909090909095,False
84871,2026-07-15 09:15:00,1,24113.0,84830,84827,84829,0,3.170909090909095,False
84871,2026-07-15 09:15:00,1,24080.0,84843,84839,84842,3,3.170909090909095,True
84871,2026-07-15 09:15:00,1,24047.4,84867,84860,84865,0,3.170909090909095,False
84891,2026-07-15 10:55:00,-1,24189.9,84888,84876,84887,0,-1.6793939393936306,False
84910,2026-07-15 12:30:00,-1,24166.0,84903,84894,84902,1,-0.02666666666602948,True
84964,2026-07-16 10:45:00,1,24165.0,84956,84952,84954,0,0.10121212121229314,False
84966,2026-07-16 10:55:00,1,24195.6,84909,84903,84908,1,4.706666666666507,True
84995,2026-07-16 13:20:00,-1,24133.3,84958,84953,84957,9,-3.5757575757580473,True
84997,2026-07-16 13:30:00,-1,24121.9,84963,84950,84960,4,-3.564242424242908,True
85014,2026-07-16 14:55:00,1,24114.9,85013,85009,85012,0,1.0333333333334456,False
85015,2026-07-16 15:00:00,-1,24090.0,85009,85005,85008,1,1.2006060606053794,False
85023,2026-07-17 09:25:00,1,24195.0,84987,84975,84984,1,7.855151515152272,True
85027,2026-07-17 09:45:00,1,24220.0,84968,84899,84967,1,16.112121212122062,True
85033,2026-07-17 10:15:00,1,24228.2,84887,84874,84883,4,1.7890909090916742,True
85063,2026-07-17 12:45:00,1,24260.0,85060,85052,85059,1,0.9254545454540999,True
85070,2026-07-17 13:20:00,-1,24233.0,85063,85055,85062,3,-1.3569696969693865,True
85076,2026-07-17 13:50:00,-1,24202.9,85048,85044,85047,1,-4.3830303030296855,True
85081,2026-07-17 14:15:00,1,24275.0,85064,85036,85063,0,1.0260606060604043,False
85143,2026-07-20 13:10:00,1,24220.0,85118,85111,85115,0,2.725454545455315,False
85143,2026-07-20 13:10:00,1,24189.0,85142,85132,85141,0,2.725454545455315,False
85215,2026-07-21 12:55:00,-1,24168.2,85199,85142,85198,9,-0.991515151514053,True
85215,2026-07-21 12:55:00,-1,24163.0,85203,85190,85202,1,-0.991515151514053,True
85215,2026-07-21 12:55:00,-1,24171.0,85210,85207,85209,3,-0.991515151514053,True
85235,2026-07-21 14:35:00,-1,24160.0,85232,85228,85231,1,-1.1793939393927295,True
85244,2026-07-21 15:20:00,1,24181.0,85234,85229,85232,7,2.7169696969704424,True
85246,2026-07-22 09:15:00,-1,24085.0,85022,85016,85021,0,-2.429696969696503,False
85246,2026-07-22 09:15:00,-1,24150.0,85236,85219,85235,0,-2.429696969696503,False
85316,2026-07-22 15:05:00,1,23984.0,85311,85306,85310,2,0.1460606060615597,True
85321,2026-07-23 09:15:00,-1,23945.0,85297,85286,85293,0,-0.6303030303023767,False
85321,2026-07-23 09:15:00,-1,23955.0,85310,85305,85309,1,-0.6303030303023767,True
85321,2026-07-23 09:15:00,-1,23958.0,85315,85312,85314,0,-0.6303030303023767,False
85384,2026-07-23 14:30:00,1,23865.0,85377,85365,85376,4,0.7642424242436353,True
85396,2026-07-24 09:15:00,-1,23808.6,85389,85369,85388,0,-0.027878787879514633,False
85425,2026-07-24 11:40:00,1,23705.0,85423,85404,85421,0,3.850909090909432,False
85466,2026-07-24 15:05:00,-1,23795.0,85463,85460,85462,1,-0.5333333333330875,True
85471,2026-07-27 09:15:00,1,23898.3,85396,85385,85395,0,7.51151515151574,False
85471,2026-07-27 09:15:00,1,23854.0,85455,85440,85454,0,7.51151515151574,False
85516,2026-07-27 13:00:00,1,23978.9,85510,85507,85509,1,-0.8624242424229296,False
85522,2026-07-27 13:30:00,-1,23960.0,85507,85502,85506,8,1.1151515151520521,False
85529,2026-07-27 14:05:00,1,23996.0,85499,85343,85498,2,2.557575757576942,True
85549,2026-07-28 09:30:00,-1,24005.0,85542,85535,85540,3,-0.5563636363631485,True
85555,2026-07-28 10:00:00,-1,23990.1,85554,85549,85553,0,-2.1787878787878348,False
85576,2026-07-28 11:45:00,1,24032.1,85567,85551,85566,2,-0.43090909090911755,False
85591,2026-07-28 13:00:00,-1,24007.8,85584,85569,85583,2,-1.3654545454540112,True
85593,2026-07-28 13:10:00,-1,23998.6,85580,85574,85579,2,-2.63696969696957,True
85615,2026-07-28 15:00:00,-1,23970.4,85601,85546,85600,1,-0.6181818181832058,True
85615,2026-07-28 15:00:00,-1,23972.3,85614,85609,85613,0,-0.6181818181832058,False
85643,2026-07-29 11:05:00,1,24300.0,85639,85635,85638,0,-0.9278787878783368,False
85655,2026-07-29 12:05:00,1,24307.9,85653,85647,85651,1,0.6193939393934224,True
85735,2026-07-30 12:30:00,1,24346.6,85685,85682,85684,0,0.7139393939395908,False
85735,2026-07-30 12:30:00,1,24335.0,85704,85699,85703,0,0.7139393939395908,False
85735,2026-07-30 12:30:00,1,24330.0,85725,85705,85724,0,0.7139393939395908,False
85735,2026-07-30 12:30:00,1,24317.1,85734,85730,85733,0,0.7139393939395908,False
85771,2026-07-31 09:15:00,1,24367.1,85753,85749,85752,4,5.415757575758021,True
85796,2026-07-31 11:20:00,1,24425.0,85790,85778,85788,3,0.7315151515150109,True
85819,2026-07-31 13:15:00,1,24480.0,85816,85813,85815,2,3.41393939394029,True
85834,2026-07-31 14:30:00,-1,24458.0,85825,85814,85824,3,0.2199999999997915,False
85834,2026-07-31 14:30:00,-1,24460.0,85833,85829,85832,0,0.2199999999997915,False
85845,2026-07-31 15:25:00,-1,24443.1,85840,85836,85839,0,-0.20848484848526874,False
85846,2026-08-03 09:15:00,1,24486.2,85834,85828,85833,0,6.645454545453462,False
85846,2026-08-03 09:15:00,1,24464.7,85845,85837,85840,0,6.645454545453462,False
85865,2026-08-03 10:50:00,1,24668.5,85861,85858,85860,3,2.512727272727717,True
85882,2026-08-03 12:15:00,1,24682.0,85879,85868,85877,1,1.4236363636367038,True
85886,2026-08-03 12:35:00,-1,24660.0,85875,85864,85874,1,0.2509090909094809,False
85888,2026-08-03 12:45:00,-1,24650.0,85863,85859,85862,0,-1.3266666666660465,False
85921,2026-08-04 09:15:00,1,24663.8,85913,85898,85912,0,-1.8084848484853988,False
85941,2026-08-04 10:55:00,-1,24640.0,85938,85925,85937,2,-4.281212121212512,True
85951,2026-08-04 11:45:00,-1,24624.5,85942,85916,85941,3,-3.3133333333334596,True
85992,2026-08-04 15:10:00,1,24549.9,85984,85971,85982,3,1.5987878787881245,True
85996,2026-08-05 09:15:00,1,24569.9,85994,85964,85993,1,10.36060606060685,True
86010,2026-08-05 10:25:00,-1,24670.2,86007,86004,86006,0,-1.1751515151515375,False
86016,2026-08-05 10:55:00,1,24714.0,86010,86005,86007,0,0.30484848484929455,False
86017,2026-08-05 11:00:00,1,24725.0,86004,85997,86003,1,3.723636363637055,True
86035,2026-08-05 12:30:00,-1,24640.0,86029,86011,86028,4,-2.0157575757578927,True
86071,2026-08-06 09:15:00,1,24663.9,86033,86029,86032,2,7.768484848484834,True
86120,2026-08-06 13:20:00,-1,24703.2,86116,86101,86115,1,-0.5696969696972788,True
86128,2026-08-06 14:00:00,1,24735.4,86118,86113,86117,3,1.3181818181822913,True
86131,2026-08-06 14:15:00,1,24740.0,86112,86107,86111,3,3.5406060606059984,True
86146,2026-08-07 09:15:00,-1,24692.0,86084,86080,86083,2,-1.7684848484836555,True
86146,2026-08-07 09:15:00,-1,24696.0,86122,86090,86121,1,-1.7684848484836555,True
86181,2026-08-07 12:10:00,-1,24625.0,86171,86168,86170,3,-4.615151515151006,True
86201,2026-08-07 13:50:00,1,24644.4,86193,86188,86192,4,1.1327272727271709,True
86205,2026-08-07 14:10:00,-1,24615.0,86196,86183,86195,3,-0.5575757575755032,True
86221,2026-08-10 09:15:00,1,24663.4,86202,86166,86201,3,2.57818181818254,True
86239,2026-08-10 10:45:00,1,24670.0,86237,86172,86236,1,7.069090909091704,True
86275,2026-08-10 13:45:00,1,24690.0,86251,86239,86248,7,2.284242424242385,True
86284,2026-08-10 14:30:00,-1,24655.1,86252,86241,86251,3,-3.061818181816741,True
86296,2026-08-11 09:15:00,-1,24600.0,86227,86206,86226,1,-1.278181818180629,True
86296,2026-08-11 09:15:00,-1,24645.0,86286,86237,86285,5,-1.278181818180629,True
86338,2026-08-11 12:45:00,1,24537.0,86332,86327,86331,1,1.9018181818180289,True
86347,2026-08-11 13:30:00,1,24550.5,86344,86316,86343,1,1.2969696969705695,True
86371,2026-08-12 09:15:00,-1,24510.0,86324,86319,86323,5,0.2503030303044893,False
86371,2026-08-12 09:15:00,-1,24510.0,86335,86330,86332,0,0.2503030303044893,False
86371,2026-08-12 09:15:00,-1,24525.1,86362,86354,86361,0,0.2503030303044893,False
86406,2026-08-12 12:10:00,-1,24366.8,86405,86400,86403,0,-2.439393939393068,False
86434,2026-08-12 14:30:00,1,24400.2,86421,86412,86420,4,1.7018181818200004,True
86521,2026-08-14 09:15:00,-1,24450.5,86498,86489,86497,0,-1.47999999999946,False
86521,2026-08-14 09:15:00,-1,24454.9,86517,86514,86516,2,-1.47999999999946,True
86523,2026-08-14 09:25:00,-1,24385.4,86462,86449,86461,3,-6.468484848484301,True
86574,2026-08-14 13:40:00,1,24419.8,86560,86532,86559,5,-0.6090909090909519,False
86596,2026-08-17 09:15:00,-1,24371.0,86418,86413,86416,15,-3.5393939393926113,True
86596,2026-08-17 09:15:00,-1,24372.0,86431,86425,86429,9,-3.5393939393926113,True
86596,2026-08-17 09:15:00,-1,24371.8,86545,86536,86544,3,-3.5393939393926113,True
86596,2026-08-17 09:15:00,-1,24370.0,86550,86524,86549,0,-3.5393939393926113,False
86655,2026-08-17 14:10:00,-1,24409.2,86649,86646,86648,4,-0.9054545454554491,True
86682,2026-08-18 10:10:00,-1,24251.0,86681,86677,86680,0,-4.250303030303103,False
86709,2026-08-18 12:25:00,1,24259.0,86706,86702,86705,1,1.3109090909099241,True
86731,2026-08-18 14:15:00,-1,24233.0,86714,86703,86713,8,-0.34000000000089187,True
86746,2026-08-19 09:15:00,-1,24225.9,86718,86691,86717,5,-4.385454545453949,True
86746,2026-08-19 09:15:00,-1,24229.0,86734,86727,86733,4,-4.385454545453949,True
86776,2026-08-19 11:45:00,1,24125.0,86774,86771,86773,0,0.8278787878792001,False
86795,2026-08-19 13:20:00,-1,24105.0,86787,86782,86786,4,-0.46242424242373265,True
86807,2026-08-19 14:20:00,-1,24101.2,86776,86763,86774,14,1.4400000000011666,False
86807,2026-08-19 14:20:00,-1,24099.0,86802,86798,86801,0,1.4400000000011666,False
86821,2026-08-20 09:15:00,1,24162.9,86756,86753,86755,0,7.61090909090909,False
86821,2026-08-20 09:15:00,1,24130.0,86793,86783,86792,6,7.61090909090909,True
86821,2026-08-20 09:15:00,1,24136.0,86816,86805,86815,1,7.61090909090909,True
86824,2026-08-20 09:30:00,1,24253.8,86730,86725,86729,9,19.07696969697028,True
86825,2026-08-20 09:35:00,1,24257.0,86720,86715,86719,9,20.79818181818299,True
86832,2026-08-20 10:10:00,1,24274.8,86688,86678,86687,5,2.359999999999729,True
86832,2026-08-20 10:10:00,1,24274.7,86828,86740,86825,3,2.359999999999729,True
86848,2026-08-20 11:30:00,1,24279.9,86844,86840,86842,1,-0.7460606060607134,False
86856,2026-08-20 12:10:00,1,24287.0,86834,86675,86833,7,1.6066666666678469,True
86899,2026-08-21 09:30:00,-1,24275.3,86861,86856,86860,2,-3.03818181818067,True
86939,2026-08-21 12:50:00,-1,24285.0,86935,86932,86934,2,-0.33030303030352853,True
86971,2026-08-24 09:15:00,1,24328.6,86897,86884,86896,0,1.7890909090914282,False
86971,2026-08-24 09:15:00,1,24315.0,86924,86918,86923,0,1.7890909090914282,False
86971,2026-08-24 09:15:00,1,24299.4,86967,86963,86965,0,1.7890909090914282,False
86991,2026-08-24 10:55:00,-1,24275.9,86952,86937,86951,2,-0.5872727272716662,True
86991,2026-08-24 10:55:00,-1,24283.9,86965,86961,86964,5,-0.5872727272716662,True
86992,2026-08-24 11:00:00,-1,24260.0,86838,86830,86837,5,-2.489090909090465,True
86992,2026-08-24 11:00:00,-1,24255.0,86901,86847,86899,0,-2.489090909090465,False
87014,2026-08-24 12:50:00,-1,24202.0,87011,87004,87010,2,-0.5254545454542703,True
87036,2026-08-24 14:40:00,1,24215.0,87016,87013,87015,2,2.2303030303042752,True
87046,2026-08-25 09:15:00,-1,24196.2,87044,87041,87043,0,-1.965454545454924,False
87049,2026-08-25 09:30:00,1,24214.8,87046,87042,87045,1,-2.091515151514212,False
87078,2026-08-25 11:55:00,1,24176.8,87076,87065,87075,1,1.423030303030093,True
87110,2026-08-25 14:35:00,1,24218.0,87012,87009,87011,13,5.012727272728081,True
87110,2026-08-25 14:35:00,1,24219.0,87050,87035,87049,1,5.012727272728081,True
87111,2026-08-25 14:40:00,1,24223.0,87007,87002,87006,2,5.778181818181142,True
87120,2026-08-25 15:25:00,1,24322.0,86985,86977,86984,4,7.6254545454542,True
87167,2026-08-26 13:05:00,-1,24442.0,87161,87156,87160,4,-1.2830303030297874,True
87167,2026-08-26 13:05:00,-1,24444.0,87165,87162,87164,1,-1.2830303030297874,True
87187,2026-08-26 14:45:00,1,24468.0,87162,87157,87161,3,3.036969696969423,True
87187,2026-08-26 14:45:00,1,24463.3,87166,87163,87165,5,3.036969696969423,True
87196,2026-08-27 09:15:00,-1,24426.0,87172,87166,87171,4,-3.5181818181817905,True
87196,2026-08-27 09:15:00,-1,24422.2,87179,87175,87178,0,-3.5181818181817905,False
87269,2026-08-27 15:20:00,-1,24295.0,87234,87230,87233,2,-3.2527272727274563,True
87319,2026-08-28 13:15:00,1,24279.0,87315,87305,87314,2,-0.7363636363635716,False
87333,2026-08-28 14:25:00,1,24294.7,87331,87328,87330,1,0.2169696969698892,True
87337,2026-08-28 14:45:00,1,24300.0,87336,87324,87335,0,0.933939393939665,False
87346,2026-08-31 09:15:00,-1,24250.0,87308,87303,87307,0,0.16545454545446217,False
87346,2026-08-31 09:15:00,-1,24278.0,87330,87326,87329,0,0.16545454545446217,False
87346,2026-08-31 09:15:00,-1,24282.5,87337,87332,87336,1,0.16545454545446217,False
87375,2026-08-31 11:40:00,1,24200.8,87362,87356,87360,2,2.407272727273375,True
87399,2026-08-31 13:40:00,-1,24252.0,87394,87388,87393,4,0.038181818182396916,False
87402,2026-08-31 13:55:00,-1,24245.0,87386,87379,87385,0,-0.337575757576035,False
87412,2026-08-31 14:45:00,1,24268.0,87384,87380,87383,14,1.9830303030314864,True
87412,2026-08-31 14:45:00,1,24269.8,87395,87390,87394,2,1.9830303030314864,True
87412,2026-08-31 14:45:00,1,24268.0,87402,87397,87401,0,1.9830303030314864,False
87426,2026-09-01 09:40:00,-1,24171.0,87360,87354,87357,8,-9.766666666666243,True
87426,2026-09-01 09:40:00,-1,24172.0,87366,87362,87365,6,-9.766666666666243,True
87426,2026-09-01 09:40:00,-1,24171.0,87423,87369,87422,0,-9.766666666666243,False
87473,2026-09-01 13:35:00,-1,24176.5,87472,87469,87471,0,-7.50787878787774,False
87496,2026-09-02 09:15:00,-1,24074.0,87494,87486,87493,0,-6.684848484848199,False
87531,2026-09-02 12:10:00,1,23980.0,87529,87521,87528,0,-1.2139393939388163,False
87553,2026-09-02 14:00:00,1,24018.0,87542,87537,87541,9,-1.4345454545448197,False
87554,2026-09-02 14:05:00,1,24027.0,87547,87511,87546,2,-0.47333333333322913,False
87565,2026-09-02 15:00:00,-1,23990.5,87543,87538,87542,2,-0.7200000000012121,True
87574,2026-09-03 09:30:00,1,24110.9,87496,87489,87495,2,14.030303030302921,True
87592,2026-09-03 11:00:00,-1,24071.0,87589,87573,87588,2,-5.739393939394511,True
87644,2026-09-03 15:20:00,-1,24009.7,87626,87621,87625,5,-2.325454545454553,True
87653,2026-09-04 09:50:00,1,24050.0,87634,87619,87633,6,4.466666666667519,True
87653,2026-09-04 09:50:00,1,24059.0,87649,87623,87648,1,4.466666666667519,True
87672,2026-09-04 11:25:00,1,24098.7,87600,87589,87599,5,0.8406060606060763,True
87672,2026-09-04 11:25:00,1,24099.0,87668,87661,87667,2,0.8406060606060763,True
87679,2026-09-04 12:00:00,-1,24079.0,87671,87662,87670,0,1.9830303030309835,False
87716,2026-09-04 15:05:00,-1,24056.9,87704,87698,87703,5,-2.454545454544887,True
87719,2026-09-04 15:20:00,-1,24050.0,87693,87686,87691,1,-1.0521212121198726,True
87719,2026-09-04 15:20:00,-1,24052.3,87717,87712,87716,1,-1.0521212121198726,True
87721,2026-09-07 09:15:00,-1,23980.0,87567,87551,87566,1,-4.546060606060924,True
87722,2026-09-07 09:20:00,-1,23941.0,87531,87497,87529,1,-9.830303030301893,True
87764,2026-09-07 12:50:00,-1,23875.0,87761,87750,87760,1,-3.6896969696961843,True
87805,2026-09-08 10:00:00,-1,23769.0,87803,87799,87802,1,-2.007272727272025,True
87807,2026-09-08 10:10:00,1,23799.8,87804,87800,87803,0,0.17454545454605438,False
87826,2026-09-08 11:45:00,-1,23765.0,87815,87806,87814,2,-0.45212121212130607,True
87846,2026-09-08 13:25:00,-1,23747.0,87843,87838,87842,1,-0.8448484848483316,True
87902,2026-09-09 11:50:00,-1,23611.0,87891,87888,87890,0,-0.6266666666667183,False
87911,2026-09-09 12:35:00,1,23650.5,87902,87892,87901,1,3.2212121212131644,True
87934,2026-09-09 14:30:00,-1,23640.0,87920,87915,87919,8,-1.995151515150059,True
87981,2026-09-10 12:10:00,1,23557.0,87971,87964,87970,2,2.2503030303028715,True
88003,2026-09-10 14:00:00,-1,23501.0,87967,87956,87966,0,-2.484848484848325,False
88003,2026-09-10 14:00:00,-1,23506.3,87999,87992,87997,1,-2.484848484848325,True
88066,2026-09-11 13:00:00,-1,23390.6,88065,88056,88064,0,0.8521212121210731,False
88077,2026-09-11 13:55:00,1,23428.0,88063,88054,88062,4,1.4793939393948834,True
88077,2026-09-11 13:55:00,1,23423.9,88073,88065,88072,1,1.4793939393948834,True
88096,2026-09-15 09:15:00,1,23509.7,88021,88007,88020,6,1.1751515151522132,True
88141,2026-09-15 13:00:00,-1,23351.9,88120,88116,88119,8,-2.179393939394337,True
88141,2026-09-15 13:00:00,-1,23351.0,88139,88123,88138,1,-2.179393939394337,True
88155,2026-09-15 14:10:00,-1,23300.0,88148,88028,88147,4,-1.6636363636371363,True
88203,2026-09-16 11:55:00,-1,23270.0,88202,88198,88201,0,-4.119393939394783,False
88210,2026-09-16 12:30:00,1,23292.0,88203,88199,88202,4,1.892727272728168,True
88219,2026-09-16 13:15:00,1,23328.8,88154,88148,88153,7,2.9193939393948014,True
88219,2026-09-16 13:15:00,1,23329.0,88196,88189,88192,2,2.9193939393948014,True
88246,2026-09-17 09:15:00,1,23295.0,88232,88228,88231,1,-1.39939393939471,False
88256,2026-09-17 10:05:00,1,23339.0,88175,88146,88171,6,5.670303030304008,True
88256,2026-09-17 10:05:00,1,23345.9,88251,88217,88250,0,5.670303030304008,False
88268,2026-09-17 11:05:00,-1,23260.0,88236,88230,88235,7,-6.572121212120343,True
88268,2026-09-17 11:05:00,-1,23266.0,88253,88248,88251,1,-6.572121212120343,True
88280,2026-09-17 12:05:00,1,23380.0,88140,88135,88139,1,8.860606060605772,True
88283,2026-09-17 12:20:00,1,23388.8,88121,88117,88120,12,12.589090909091444,True
88347,2026-09-18 11:25:00,-1,23320.1,88339,88319,88338,5,-1.55757575757648,True
88362,2026-09-18 12:40:00,1,23360.0,88333,88330,88332,7,1.2387878787882662,True
88382,2026-09-18 14:20:00,1,23380.0,88368,88321,88367,3,4.213939393939221,True
88402,2026-09-21 09:45:00,1,23412.0,88385,88287,88384,6,4.227878787879182,True
88427,2026-09-21 11:50:00,1,23418.0,88390,88283,88389,9,0.8478787878795871,True
88427,2026-09-21 11:50:00,1,23418.9,88404,88400,88403,0,0.8478787878795871,False
88442,2026-09-21 13:05:00,-1,23417.8,88435,88431,88433,6,-0.9927272727275741,True
88451,2026-09-21 13:50:00,1,23439.0,88433,88429,88432,7,3.152727272727129,True
88486,2026-09-22 10:30:00,-1,23436.5,88474,88470,88473,1,-1.7254545454544685,True
88526,2026-09-22 13:50:00,-1,23312.6,88344,88324,88343,4,-1.3703030303028378,True
88526,2026-09-22 13:50:00,-1,23335.0,88517,88355,88516,1,-1.3703030303028378,True
88530,2026-09-22 14:10:00,1,23368.3,88525,88519,88524,0,-6.5230303030310015,False
88558,2026-09-23 10:15:00,1,23413.0,88557,88552,88556,0,-0.39151515151512656,False
88568,2026-09-23 11:05:00,1,23446.0,88567,88564,88566,0,2.233333333332142,False
88581,2026-09-23 12:10:00,1,23477.6,88473,88452,88471,4,2.307878787879078,True
88581,2026-09-23 12:10:00,1,23475.0,88483,88477,88482,1,2.307878787879078,True
88597,2026-09-23 13:30:00,-1,23450.4,88591,88588,88590,1,-0.5636363636369043,True
88608,2026-09-23 14:25:00,1,23471.0,88590,88587,88589,9,2.797575757575821,True
88608,2026-09-23 14:25:00,1,23477.2,88607,88592,88605,0,2.797575757575821,False
88615,2026-09-23 15:00:00,-1,23440.0,88603,88577,88602,4,-2.9921212121221474,True
88621,2026-09-24 09:15:00,-1,23431.1,88568,88565,88567,5,-7.661818181818433,True
88621,2026-09-24 09:15:00,-1,23431.1,88599,88570,88598,2,-7.661818181818433,True
88653,2026-09-24 11:55:00,-1,23221.5,88630,88627,88629,14,-3.0739393939384336,True
88653,2026-09-24 11:55:00,-1,23218.0,88649,88645,88648,1,-3.0739393939384336,True
88701,2026-09-25 09:40:00,-1,23100.4,88693,88687,88692,1,2.7666666666666324,False
88737,2026-09-25 12:40:00,-1,23103.0,88735,88730,88733,1,-1.2854545454543942,True
88739,2026-09-25 12:50:00,-1,23090.0,88716,88712,88715,1,-2.178787878788167,True
88753,2026-09-25 14:00:00,1,23219.0,88668,88662,88667,1,3.274545454545351,True
88753,2026-09-25 14:00:00,1,23150.0,88722,88707,88721,0,3.274545454545351,False
