i,t,side,level,formed,pivot1,pivot2,retests,squeeze_slope,pressure
67,2021-10-01 10:22:00,1,17504.0,33,18,28,0,4.997272727272751,False
131,2021-10-01 11:26:00,-1,17504.0,129,116,124,1,-0.9024242424241437,True
221,2021-10-01 12:56:00,1,17486.15,190,164,185,3,2.638484848484937,True
266,2021-10-01 13:41:00,-1,17480.0,248,229,243,0,-2.5815151515150494,False
295,2021-10-01 14:10:00,1,17516.7,257,235,252,0,1.405151515151568,False
299,2021-10-01 14:14:00,1,17518.4,148,137,143,5,1.88545454545461,True
334,2021-10-01 14:49:00,-1,17510.0,333,322,328,0,-0.34696969696982694,False
557,2021-10-04 12:17:00,-1,17681.2,531,424,526,0,-1.2851515151514494,False
635,2021-10-04 13:35:00,1,17714.1,549,536,544,0,1.7769696969707178,False
662,2021-10-04 14:02:00,-1,17703.85,657,646,652,0,0.4363636363639538,False
750,2021-10-05 09:15:00,-1,17685.0,670,623,665,0,-2.832424242424672,False
750,2021-10-05 09:15:00,-1,17687.3,727,700,722,0,-2.832424242424672,False
865,2021-10-05 11:10:00,-1,17671.25,857,831,852,3,-0.03939393939410402,True
955,2021-10-05 12:40:00,1,17700.0,938,890,933,0,0.5790909090907798,False
956,2021-10-05 12:41:00,1,17718.0,738,691,733,0,1.2366666666661925,False
956,2021-10-05 12:41:00,1,17716.0,754,720,749,0,1.2366666666661925,False
957,2021-10-05 12:42:00,1,17724.0,663,641,658,0,2.2657575757576387,False
960,2021-10-05 12:45:00,1,17745.0,484,469,479,0,6.130909090909442,False
1019,2021-10-05 13:44:00,1,17775.0,1013,975,1008,0,0.08484848484941702,False
1185,2021-10-06 10:15:00,-1,17810.6,1165,1125,1160,0,-2.779393939393917,False
1282,2021-10-06 11:52:00,1,17831.3,1265,1215,1260,0,0.6703030303027359,False
1309,2021-10-06 12:19:00,1,17846.9,1180,1169,1175,6,-0.2051515151513178,False
1339,2021-10-06 12:49:00,-1,17806.2,1331,1264,1326,0,-1.0542424242421076,False
1353,2021-10-06 13:03:00,-1,17791.05,1347,1242,1342,1,-1.332121212120805,True
1361,2021-10-06 13:11:00,-1,17764.0,1022,1011,1017,3,-2.960606060605892,True
1408,2021-10-06 13:58:00,1,17730.9,1405,1394,1400,0,0.7481818181822197,False
1428,2021-10-06 14:18:00,-1,17685.0,949,936,944,0,-3.0366666666665654,False
1432,2021-10-06 14:22:00,-1,17670.3,916,902,911,1,-7.715757575757265,True
1500,2021-10-07 09:15:00,1,17669.0,1480,1450,1475,0,5.965757575757496,False
1588,2021-10-07 10:43:00,1,17826.75,1547,1334,1542,0,0.8290909090903676,False
1634,2021-10-07 11:29:00,-1,17811.9,1620,1609,1615,0,-0.20696969696952003,False
1647,2021-10-07 11:42:00,1,17824.45,1622,1601,1617,7,-0.04545454545421677,False
1647,2021-10-07 11:42:00,1,17824.95,1638,1626,1633,0,-0.04545454545421677,False
1664,2021-10-07 11:59:00,1,17865.0,1320,1138,1315,3,2.677575757576068,True
1909,2021-10-08 09:49:00,1,17884.0,1880,1741,1875,0,3.752121212122063,False
2130,2021-10-08 13:30:00,1,17887.75,2098,2080,2093,1,1.1675757575753465,True
2178,2021-10-08 14:18:00,1,17918.5,1985,1974,1980,11,2.363636363636561,True
2178,2021-10-08 14:18:00,1,17917.35,2017,2000,2012,8,2.363636363636561,True
2271,2021-10-11 09:36:00,1,17925.0,2216,2205,2211,3,3.807272727272685,True
2313,2021-10-11 10:18:00,1,17980.0,2303,2291,2298,6,0.6327272727274659,True
2534,2021-10-11 13:59:00,-1,18020.4,2496,2448,2491,1,-2.51848484848461,True
2575,2021-10-11 14:40:00,-1,18014.05,2566,2555,2561,3,-1.9912121212128093,True
2616,2021-10-11 15:21:00,-1,17965.5,2604,2307,2599,1,-0.6548484848482542,True
2755,2021-10-12 11:25:00,1,17919.5,2745,2731,2740,2,0.9833333333338677,True
2767,2021-10-12 11:37:00,-1,17885.0,2630,2265,2625,6,-3.6609090909088713,True
2778,2021-10-12 11:48:00,-1,17880.7,2712,2158,2707,5,-0.7727272727274213,True
2882,2021-10-12 13:32:00,-1,17917.0,2877,2865,2872,2,-0.06606060606031167,True
2904,2021-10-12 13:54:00,1,17923.7,2901,2890,2896,1,0.5557575757570357,True
2985,2021-10-12 15:15:00,1,17995.55,2963,2927,2958,1,1.463333333333497,True
3031,2021-10-13 09:46:00,1,18085.0,3028,3015,3023,1,0.19393939394048612,True
3093,2021-10-13 10:48:00,1,18122.85,3078,3060,3073,5,0.1900000000009654,True
3108,2021-10-13 11:03:00,1,18125.0,3093,3038,3088,4,0.28030303030331105,True
3108,2021-10-13 11:03:00,1,18125.0,3106,3094,3101,0,0.28030303030331105,False
3153,2021-10-13 11:48:00,-1,18124.05,3127,3114,3122,0,-0.5360606060607147,False
3265,2021-10-13 13:40:00,1,18182.85,3262,3249,3257,0,-0.4287878787880583,False
3353,2021-10-13 15:08:00,-1,18168.65,3352,3299,3347,0,-1.9260606060609058,False
3375,2021-10-14 09:15:00,1,18200.65,3327,3310,3322,0,4.833333333333118,False
3474,2021-10-14 10:54:00,1,18274.0,3456,3443,3451,1,-0.02242424242434006,False
3678,2021-10-14 14:18:00,1,18330.0,3669,3648,3664,1,1.354848484848464,True
3843,2021-10-18 10:48:00,1,18495.0,3839,3821,3834,1,0.19969696969720202,True
3897,2021-10-18 11:42:00,-1,18481.0,3861,3839,3856,6,-0.6181818181818123,True
3925,2021-10-18 12:10:00,1,18496.9,3923,3905,3918,1,0.8687878787882699,True
3993,2021-10-18 13:18:00,-1,18495.0,3985,3972,3980,4,-0.9612121212117526,True
4026,2021-10-18 13:51:00,1,18517.4,4020,3977,4015,0,-0.10757575757556946,False
4063,2021-10-18 14:28:00,-1,18512.15,4044,4032,4039,4,-1.0863636363636227,True
4110,2021-10-18 15:15:00,-1,18490.0,4093,4080,4088,3,-1.5163636363636963,True
4125,2021-10-19 09:15:00,1,18520.95,4077,4066,4072,0,3.8745454545452893,False
4175,2021-10-19 10:05:00,-1,18477.0,3831,3815,3826,6,-7.66060606060661,True
4252,2021-10-19 11:22:00,1,18544.7,4237,4224,4232,1,1.4603030303031481,True
4409,2021-10-19 13:59:00,-1,18567.05,4407,4394,4402,0,0.3090909090910704,False
4430,2021-10-19 14:20:00,-1,18507.0,4428,4415,4423,0,-1.5266666666663085,False
4552,2021-10-20 10:07:00,1,18448.15,4505,4491,4500,2,3.2203030303024867,True
4635,2021-10-20 11:30:00,1,18436.5,4625,4584,4620,3,2.0903030303018264,True
4661,2021-10-20 11:56:00,-1,18350.0,4514,3747,4509,1,-2.2536363636362235,True
4740,2021-10-20 13:15:00,1,18370.0,4734,4719,4729,1,4.118484848485467,True
4761,2021-10-20 13:36:00,-1,18307.6,3665,3650,3660,4,-2.947575757575357,True
4761,2021-10-20 13:36:00,-1,18310.05,4688,3691,4683,4,-2.947575757575357,True
4801,2021-10-20 14:16:00,-1,18275.25,4795,4778,4790,1,-2.5160606060597983,True
4875,2021-10-21 09:15:00,1,18328.95,4857,4765,4852,4,1.4072727272727705,True
4926,2021-10-21 10:06:00,-1,18269.05,4910,4895,4905,1,-1.3545454545452418,True
4936,2021-10-21 10:16:00,-1,18251.15,4828,4813,4823,3,-0.7436363636362583,True
5129,2021-10-21 13:29:00,-1,18140.55,5083,5068,5078,1,0.26030303030360696,False
5165,2021-10-21 14:05:00,-1,18101.0,5159,5144,5154,1,-2.3496969696963457,True
5215,2021-10-21 14:55:00,1,18171.8,5213,5127,5208,1,0.9130303030305131,True
5237,2021-10-21 15:17:00,1,18211.95,5026,4970,5021,2,5.200303030302776,True
5274,2021-10-22 09:39:00,1,18297.55,5255,4922,5250,5,1.5551515151517041,True
5382,2021-10-22 11:27:00,-1,18238.05,5356,5292,5351,0,-0.9266666666665215,False
5424,2021-10-22 12:09:00,-1,18162.25,5421,5395,5416,0,-0.9793939393935971,False
5472,2021-10-22 12:57:00,-1,18145.5,5430,5203,5425,4,-1.8912121212113993,True
5560,2021-10-22 14:25:00,-1,18077.5,5512,5185,5507,1,-5.986060606060176,True
5560,2021-10-22 14:25:00,-1,18083.75,5536,5494,5531,0,-5.986060606060176,False
5627,2021-10-25 09:17:00,-1,18130.0,5620,5607,5615,0,4.156969696970598,False
5740,2021-10-25 11:10:00,1,18114.55,5728,5717,5723,7,0.13939393939343028,True
5791,2021-10-25 12:01:00,1,18182.65,5467,5449,5462,1,0.9151515151526893,True
5791,2021-10-25 12:01:00,1,18178.5,5787,5755,5782,1,0.9151515151526893,True
5795,2021-10-25 12:05:00,1,18224.4,5630,5408,5625,0,5.269696969697195,False
5883,2021-10-25 13:33:00,-1,18147.25,5842,5830,5837,0,-0.17606060606059393,False
5883,2021-10-25 13:33:00,-1,18160.0,5877,5852,5872,0,-0.17606060606059393,False
5886,2021-10-25 13:36:00,1,18198.0,5861,5808,5856,0,-1.8209090909088923,False
5924,2021-10-25 14:14:00,-1,18130.05,5820,5768,5815,0,-2.0196969696972014,False
6000,2021-10-26 09:15:00,1,18181.4,5923,5910,5918,0,0.7545454545457576,False
6167,2021-10-26 12:02:00,1,18180.75,6124,6101,6119,0,2.174848484848749,False
6203,2021-10-26 12:38:00,-1,18172.2,6191,6179,6186,0,-0.5021212121216332,False
6252,2021-10-26 13:27:00,1,18198.75,6195,6169,6190,0,-0.6615151515143038,False
6252,2021-10-26 13:27:00,1,18196.7,6230,6200,6225,0,-0.6615151515143038,False
6320,2021-10-26 14:35:00,1,18268.95,6318,6300,6313,0,0.1427272727275534,False
6353,2021-10-26 15:08:00,1,18285.5,6046,5336,6041,0,0.858787878787794,False
6353,2021-10-26 15:08:00,1,18275.0,6347,6320,6342,1,0.858787878787794,True
6354,2021-10-26 15:09:00,1,18290.0,5371,5323,5366,1,2.6872727272740224,True
6459,2021-10-27 10:39:00,-1,18281.0,6405,6385,6400,1,-1.0121212121210013,True
6505,2021-10-27 11:25:00,1,18323.4,6416,6391,6411,1,0.09515151515166283,True
6505,2021-10-27 11:25:00,1,18322.0,6449,6420,6444,0,0.09515151515166283,False
6633,2021-10-27 13:33:00,1,18326.55,6630,6617,6625,0,-0.13484848484832274,False
6634,2021-10-27 13:34:00,1,18330.1,6607,6572,6602,1,0.8463636363635574,True
6676,2021-10-27 14:16:00,-1,18299.5,6560,6489,6555,3,0.4569696969694357,False
6676,2021-10-27 14:16:00,-1,18296.55,6603,6584,6598,0,0.4569696969694357,False
6676,2021-10-27 14:16:00,-1,18310.55,6634,6621,6629,0,0.4569696969694357,False
6690,2021-10-27 14:30:00,-1,18252.0,6686,6348,6681,0,0.42848484848499907,False
6742,2021-10-27 15:22:00,-1,18210.35,6697,6293,6692,3,-3.08606060606038,True
6750,2021-10-28 09:15:00,-1,18171.35,6256,6239,6251,0,-1.6909090909088322,False
6779,2021-10-28 09:44:00,-1,18081.5,5732,5721,5727,4,-2.1512121212115005,True
6793,2021-10-28 09:58:00,-1,18075.75,6785,5928,6780,0,-2.032121212120977,False
6838,2021-10-28 10:43:00,-1,18076.5,6835,6811,6830,2,-0.5863636363638887,True
7006,2021-10-28 13:31:00,-1,18005.45,6995,6960,6990,0,-1.2799999999994716,False
7027,2021-10-28 13:52:00,-1,17970.0,7026,7014,7021,0,0.06181818181844533,False
7187,2021-10-29 10:17:00,1,17899.3,7172,7161,7167,1,8.03878787878876,True
7242,2021-10-29 11:12:00,-1,17906.95,7237,7223,7232,1,-1.5799999999992929,True
7298,2021-10-29 12:08:00,-1,17858.2,7255,7244,7250,1,-0.7436363636362792,True
7300,2021-10-29 12:10:00,-1,17848.4,7275,7200,7270,2,-3.1642424242414338,True
7616,2021-11-01 11:11:00,1,17800.0,7607,7584,7602,1,2.437272727273621,True
7638,2021-11-01 11:33:00,1,17812.8,7636,7616,7631,1,0.7175757575759931,True
7640,2021-11-01 11:35:00,1,17820.0,7580,7562,7575,1,2.336969696970196,True
7662,2021-11-01 11:57:00,1,17830.0,7655,7640,7650,0,1.3096969696971457,False
7691,2021-11-01 12:26:00,1,17844.0,7689,7678,7684,1,1.8175757575754208,True
7714,2021-11-01 12:49:00,1,17867.15,7350,7304,7345,2,-1.4624242424241432,False
7755,2021-11-01 13:30:00,1,17907.25,7277,7260,7272,0,0.5987878787881759,False
7785,2021-11-01 14:00:00,1,18010.35,7783,7771,7778,0,1.293939393939612,False
7890,2021-11-02 09:30:00,-1,17991.1,7880,7863,7875,5,-1.3430303030301571,True
7895,2021-11-02 09:35:00,-1,17982.5,7852,7837,7847,2,-1.266969696969838,True
7988,2021-11-02 11:08:00,1,17933.3,7981,7970,7976,0,2.8006060606065173,False
8009,2021-11-02 11:29:00,1,17976.6,8004,7941,7999,0,0.2678787878795535,False
8152,2021-11-02 13:52:00,1,17944.1,8127,8116,8122,6,0.27000000000051444,True
8152,2021-11-02 13:52:00,1,17948.0,8142,8079,8137,1,0.27000000000051444,True
8158,2021-11-02 13:58:00,-1,17899.0,8100,7981,8095,0,-2.0127272727273646,False
8203,2021-11-02 14:43:00,1,17921.0,8195,8167,8190,0,1.8572727272732668,False
8250,2021-11-03 09:15:00,1,17979.7,8060,8040,8055,0,2.422424242424466,False
8252,2021-11-03 09:17:00,1,17986.8,8015,7924,8010,1,6.077272727272903,True
8270,2021-11-03 09:35:00,1,17997.8,8258,7912,8253,2,1.6387878787871364,True
8344,2021-11-03 10:49:00,-1,17984.1,8320,8305,8315,1,-0.5581818181816116,True
8370,2021-11-03 11:15:00,1,18004.75,8330,8310,8325,5,0.28212121212147667,True
8497,2021-11-03 13:22:00,-1,17809.25,7658,7644,7653,0,-0.8203030303035048,False
8497,2021-11-03 13:22:00,-1,17815.15,8495,7669,8490,0,-0.8203030303035048,False
8625,2021-11-08 09:15:00,1,17935.0,8543,8423,8538,0,5.683636363637176,False
8625,2021-11-08 09:15:00,1,17866.45,8620,8605,8615,0,5.683636363637176,False
8701,2021-11-08 10:31:00,1,17907.0,8695,8676,8690,0,0.4018181818186524,False
8795,2021-11-08 12:05:00,1,18012.0,8382,8371,8377,1,6.479090909090129,True
8800,2021-11-08 12:10:00,1,18038.0,7880,7823,7875,1,7.71757575757589,True
8894,2021-11-08 13:44:00,1,18113.9,8870,8856,8865,0,1.4230303030312283,False
8993,2021-11-08 15:23:00,1,18133.55,8975,8960,8970,2,2.037878787879233,True
9000,2021-11-09 09:15:00,-1,18102.0,8978,8947,8973,0,0.37393939393915027,False
9032,2021-11-09 09:47:00,-1,18075.1,8876,8851,8871,1,-3.481212121211997,True
9067,2021-11-09 10:22:00,-1,18068.1,9062,9041,9057,0,-0.2775757575756094,False
9216,2021-11-09 12:51:00,1,18071.9,9215,9181,9210,0,0.7199999999999224,False
9259,2021-11-09 13:34:00,-1,18054.0,9241,9220,9236,1,0.13818181818186312,False
9260,2021-11-09 13:35:00,-1,18020.0,8816,8805,8811,5,-1.9451515151511514,True
9341,2021-11-09 14:56:00,-1,18018.3,9293,9272,9288,2,-2.9921212121213396,True
9365,2021-11-09 15:20:00,1,18077.0,9318,9307,9313,1,1.2824242424243337,True
9424,2021-11-10 10:04:00,1,17956.55,9423,9411,9418,0,0.7778787878782967,False
9427,2021-11-10 10:07:00,1,17964.15,9403,9391,9398,1,1.6415151515153883,True
9465,2021-11-10 10:45:00,-1,17950.05,9461,9437,9456,2,-0.4806060606059951,True
9496,2021-11-10 11:16:00,1,17973.5,9457,9429,9452,1,0.987272727272947,True
9630,2021-11-10 13:30:00,1,17992.45,9626,9589,9621,0,0.2351515151518496,False
9754,2021-11-11 09:19:00,-1,17958.4,9605,9559,9600,4,-7.902727272727445,True
9760,2021-11-11 09:25:00,-1,17949.0,9542,9473,9537,3,-1.1793939393935184,True
9797,2021-11-11 10:02:00,-1,17892.0,8774,8706,8769,0,-4.333636363635946,False
9899,2021-11-11 11:44:00,1,17865.7,9891,9860,9886,1,1.1848484848491532,True
10003,2021-11-11 13:28:00,1,17895.0,9926,9915,9921,0,2.348787878787786,False
10029,2021-11-11 13:54:00,-1,17856.7,10000,9980,9995,0,-1.6409090909089379,False
10090,2021-11-11 14:55:00,1,17865.0,10081,10068,10076,3,2.4612121212123657,True
10110,2021-11-11 15:15:00,1,17895.0,10106,10013,10101,0,0.3721212121210919,False
10393,2021-11-12 13:43:00,1,18090.3,9372,9170,9367,3,2.4230303030305267,True
10449,2021-11-12 14:39:00,1,18132.75,10446,10425,10441,0,1.212121212121731,False
10549,2021-11-15 10:04:00,-1,18192.0,10545,10522,10540,0,-0.742727272726601,False
10649,2021-11-15 11:44:00,-1,18118.2,10640,10486,10635,0,-1.1581818181820154,False
10651,2021-11-15 11:46:00,-1,18106.05,10444,10430,10439,1,-3.2481818181810964,True
10700,2021-11-15 12:35:00,1,18142.65,10679,10643,10674,0,2.2890909090915685,False
10737,2021-11-15 13:12:00,-1,18128.1,10733,10718,10728,0,0.6915151515146674,False
10738,2021-11-15 13:13:00,-1,18100.0,10666,10653,10661,0,-0.12939393939358035,False
10794,2021-11-15 14:09:00,1,18150.0,10731,10701,10726,3,1.874545454545621,True
10873,2021-11-15 15:28:00,-1,18132.0,10867,10839,10862,1,-1.1996969696975133,True
10998,2021-11-16 11:18:00,-1,18042.5,10906,10376,10901,3,0.11909090909103695,False
11166,2021-11-16 14:06:00,-1,18096.6,11153,11106,11148,1,0.7915151515152716,False
11250,2021-11-17 09:15:00,-1,17967.5,10307,10296,10302,0,-4.362727272726884,False
11414,2021-11-17 11:59:00,-1,17971.5,11360,11314,11355,5,-2.1772727272719554,True
11464,2021-11-17 12:49:00,-1,17951.0,11431,11420,11426,2,-2.144848484848297,True
11489,2021-11-17 13:14:00,1,17994.95,11411,11398,11406,0,1.147272727272687,False
11593,2021-11-17 14:58:00,-1,17941.45,11273,11262,11268,10,-0.6278787878784936,True
11734,2021-11-18 11:04:00,1,17784.85,11733,11700,11728,0,0.1360606060607995,False
11809,2021-11-18 12:19:00,-1,17709.0,11791,11625,11786,1,-2.1769696969691346,True
11867,2021-11-18 13:17:00,1,17758.55,11862,11842,11857,2,2.280606060606777,True
11918,2021-11-18 14:08:00,-1,17786.4,11911,11893,11906,0,-2.1672727272720747,False
11944,2021-11-18 14:34:00,-1,17773.15,11941,11918,11936,0,-0.06303030302987167,False
11963,2021-11-18 14:53:00,1,17824.85,11913,11898,11908,0,3.1436363636358986,False
12051,2021-11-22 10:06:00,-1,17650.1,12036,12015,12031,0,-4.65969696969706,False
12228,2021-11-22 13:03:00,1,17517.15,12221,12206,12216,0,2.79757575757578,False
12364,2021-11-22 15:19:00,1,17445.1,12295,12279,12290,4,0.6472727272732941,True
12367,2021-11-22 15:22:00,1,17449.55,12360,12272,12355,4,3.996060606060456,True
12585,2021-11-23 12:45:00,-1,17412.45,12575,12564,12570,3,-0.5442424242421382,True
12712,2021-11-23 14:52:00,1,17548.0,12697,12681,12692,1,2.2975757575764226,True
12816,2021-11-24 10:21:00,1,17559.0,12799,12787,12794,0,2.743939393940464,False
12948,2021-11-24 12:33:00,1,17586.0,12936,12886,12931,3,1.5657575757577498,True
13003,2021-11-24 13:28:00,1,17598.2,12955,12868,12950,9,1.230303030303537,True
13007,2021-11-24 13:32:00,1,17599.0,13002,12962,12997,2,-0.7651515151514395,False
13080,2021-11-24 14:45:00,-1,17471.2,13075,12744,13070,1,-1.1718181818176918,True
13123,2021-11-24 15:28:00,-1,17363.35,12511,12468,12506,1,-5.061818181818045,True
13226,2021-11-25 10:56:00,1,17424.9,13212,13141,13207,0,2.231818181818823,False
13299,2021-11-25 12:09:00,1,17504.5,13255,13075,13250,4,0.8148484848481464,True
13369,2021-11-25 13:19:00,1,17523.85,13364,13324,13359,0,0.4333333333336363,False
13423,2021-11-25 14:13:00,1,17515.0,13394,13382,13389,2,-0.08121212121158579,False
13599,2021-11-26 10:54:00,-1,17160.0,13589,13577,13584,3,-1.7430303030301488,True
13635,2021-11-26 11:30:00,1,17210.0,13626,13580,13621,2,4.535757575757665,True
13674,2021-11-26 12:09:00,-1,17170.0,13671,13627,13666,0,-0.14515151515103275,False
13922,2021-11-29 10:02:00,1,17091.0,13913,13896,13908,3,3.5915151515150368,True
13997,2021-11-29 11:17:00,1,17140.0,13880,13845,13875,6,2.2709090909091594,True
14048,2021-11-29 12:08:00,1,17176.1,14046,14027,14041,1,-0.8666666666671436,False
14049,2021-11-29 12:09:00,1,17195.0,14016,13747,14011,0,0.6600000000002386,False
14097,2021-11-29 12:57:00,-1,17148.0,14096,14046,14091,0,1.6554545454539646,False
14162,2021-11-29 14:02:00,1,17185.0,14124,14096,14119,6,0.5727272727272332,True
14250,2021-11-30 09:15:00,1,17143.6,14225,14202,14220,0,-2.51939393939372,False
14255,2021-11-30 09:20:00,1,17198.8,14168,14079,14163,0,14.082727272727254,False
14265,2021-11-30 09:30:00,1,17229.75,13663,13645,13658,2,2.9112121212123254,True
14298,2021-11-30 10:03:00,1,17292.7,13563,13548,13558,1,3.714545454545512,True
14531,2021-11-30 13:56:00,1,17165.5,14522,14468,14517,0,2.3136363636361765,False
14590,2021-11-30 14:55:00,-1,17091.7,14495,14479,14490,3,-2.536666666666278,True
14615,2021-11-30 15:20:00,-1,17010.0,13976,13942,13971,11,-5.993636363635804,True
14942,2021-12-01 14:32:00,1,17184.5,14914,14897,14909,3,4.962424242423838,True
14957,2021-12-01 14:47:00,1,17217.95,14885,14849,14880,0,1.5878787878789242,False
15004,2021-12-02 09:19:00,1,17240.0,14992,14960,14987,1,-0.21757575757472616,False
15006,2021-12-02 09:21:00,1,17250.0,14759,14743,14754,6,3.5515151515156433,True
15006,2021-12-02 09:21:00,1,17249.4,14795,14773,14790,2,3.5515151515156433,True
15258,2021-12-02 13:33:00,1,17359.9,15252,15235,15247,1,0.1848484848479975,True
15259,2021-12-02 13:34:00,1,17365.35,15149,15135,15144,1,1.0584848484855816,True
15400,2021-12-03 09:40:00,-1,17468.3,15397,15385,15392,2,-1.6521212121206514,True
15439,2021-12-03 10:19:00,-1,17382.25,15430,15335,15425,1,-2.159696969696922,True
15490,2021-12-03 11:10:00,1,17423.55,15439,15428,15434,3,1.3212121212123855,True
15541,2021-12-03 12:01:00,-1,17411.6,15536,15514,15531,0,-0.46151515151513794,False
15613,2021-12-03 13:13:00,-1,17316.85,15295,15186,15290,0,-2.1639393939392897,False
15627,2021-12-03 13:27:00,-1,17311.5,15185,15169,15180,2,-1.1630303030303737,True
15672,2021-12-03 14:12:00,-1,17280.3,15054,15041,15049,2,-1.7500000000003528,True
15750,2021-12-06 09:15:00,-1,17220.0,15731,15011,15726,1,0.8290909090910914,False
15910,2021-12-06 11:55:00,-1,17100.5,15891,14927,15886,8,-0.7221212121211722,True
16152,2021-12-07 09:42:00,1,17092.35,16133,16029,16128,0,4.405151515152285,False
16164,2021-12-07 09:54:00,1,17128.9,15922,15890,15917,5,-0.626666666666725,False
16205,2021-12-07 10:35:00,1,17148.5,16198,16185,16193,5,1.8360606060605316,True
16243,2021-12-07 11:13:00,1,17209.0,15845,15803,15840,1,3.2603030303032368,True
16291,2021-12-07 12:01:00,1,17223.0,16260,15781,16255,1,1.539696969697004,True
16338,2021-12-07 12:48:00,-1,17225.0,16327,16297,16322,0,-1.7178787878784656,False
16342,2021-12-07 12:52:00,-1,17197.95,16291,16268,16286,0,-3.9087878787876122,False
16400,2021-12-07 13:50:00,1,17287.0,15724,15685,15719,2,0.7218181818182525,True
16457,2021-12-07 14:47:00,-1,17270.25,16423,16397,16418,1,-1.8678787878784775,True
16527,2021-12-08 09:42:00,1,17425.75,16515,15544,16510,2,1.026363636363994,True
16623,2021-12-08 11:18:00,1,17465.0,16585,16532,16580,0,0.9178787878786707,False
16734,2021-12-08 13:09:00,1,17471.05,16701,16648,16696,0,1.0378787878790874,False
16792,2021-12-08 14:07:00,-1,17485.0,16780,16756,16775,1,-1.5721212121209187,True
16823,2021-12-08 14:38:00,1,17507.0,16790,16763,16785,1,3.447272727273219,True
16885,2021-12-09 09:25:00,-1,17490.0,16849,16832,16844,0,-8.13242424242428,False
16932,2021-12-09 10:12:00,-1,17458.1,16927,16890,16922,0,-1.3151515151518836,False
16949,2021-12-09 10:29:00,-1,17427.0,16945,16586,16940,2,-1.8584848484855638,True
17138,2021-12-09 13:38:00,-1,17540.0,17130,17081,17125,0,-2.306363636362591,False
17183,2021-12-09 14:23:00,-1,17515.3,17176,17140,17171,3,-1.2609090909090548,True
17402,2021-12-10 11:47:00,1,17505.0,17392,17373,17387,1,0.7224242424245491,True
17451,2021-12-10 12:36:00,-1,17455.1,17036,17022,17031,0,-0.11545454545409992,False
17508,2021-12-10 13:33:00,1,17465.0,17496,17471,17491,0,1.660303030302932,False
17609,2021-12-10 15:14:00,1,17566.4,17264,17236,17259,3,1.6369696969699052,True
17609,2021-12-10 15:14:00,1,17571.65,17270,17223,17265,0,1.6369696969699052,False
17663,2021-12-13 09:53:00,1,17677.8,17658,17639,17653,0,-0.32909090909050365,False
17810,2021-12-13 12:20:00,-1,17580.0,17794,17781,17789,1,-1.0296969696967606,True
17813,2021-12-13 12:23:00,-1,17541.0,17627,17602,17622,1,-6.603030303029896,True
17817,2021-12-13 12:27:00,-1,17521.25,17599,17588,17594,4,-9.215757575757797,True
17837,2021-12-13 12:47:00,-1,17480.0,17828,17556,17823,1,-1.229696969696972,True
17849,2021-12-13 12:59:00,-1,17435.45,17502,17462,17497,0,-1.188181818181365,False
17901,2021-12-13 13:51:00,-1,17448.0,17894,17875,17889,0,-2.855151515151298,False
17941,2021-12-13 14:31:00,1,17448.0,17934,17915,17929,1,0.7772727272728438,True
18000,2021-12-14 09:15:00,-1,17404.25,17930,17908,17925,0,-5.286969696969794,False
18000,2021-12-14 09:15:00,-1,17417.55,17979,17934,17974,0,-5.286969696969794,False
18078,2021-12-14 10:33:00,-1,17293.05,18074,18007,18069,1,-0.9324242424240468,True
18119,2021-12-14 11:14:00,1,17305.0,18111,18086,18106,1,1.3554545454539326,True
18166,2021-12-14 12:01:00,1,17388.05,18048,18019,18043,1,4.716060606061272,True
18246,2021-12-14 13:21:00,-1,17351.25,18226,18205,18221,0,-4.355757575757262,False
18341,2021-12-14 14:56:00,1,17347.0,18339,18286,18334,1,1.2942424242426323,True
18390,2021-12-15 09:30:00,-1,17294.0,18155,18125,18150,5,-4.827878787877998,True
18451,2021-12-15 10:31:00,-1,17255.0,18431,18409,18426,0,-1.154545454544995,False
18478,2021-12-15 10:58:00,1,17247.1,18473,18458,18468,0,0.647878787879146,False
18580,2021-12-15 12:40:00,-1,17249.15,18512,18494,18507,1,-1.9818181818183567,True
18645,2021-12-15 13:45:00,1,17301.0,18535,18521,18530,0,0.29757575757634236,False
18664,2021-12-15 14:04:00,1,17310.0,18655,18398,18650,0,-0.04818181818114485,False
18693,2021-12-15 14:33:00,1,17329.75,18675,18510,18670,0,0.5900000000004207,False
18734,2021-12-15 15:14:00,-1,17260.0,18732,18625,18727,1,-0.799999999999844,True
18874,2021-12-16 11:19:00,-1,17310.05,18872,18850,18867,0,1.3827272727276845,False
18879,2021-12-16 11:24:00,-1,17289.65,18831,18816,18826,1,-5.040303030303099,True
18946,2021-12-16 12:31:00,-1,17242.0,18753,18602,18748,0,-3.0857575757576643,False
18965,2021-12-16 12:50:00,1,17279.95,18963,18950,18958,1,1.2224242424240561,True
19025,2021-12-16 13:50:00,1,17322.0,19020,19002,19015,0,-0.0739393939397784,False
19111,2021-12-16 15:16:00,1,17300.0,19100,19055,19095,1,3.3493939393944667,True
19122,2021-12-16 15:27:00,1,17337.35,18877,18861,18872,3,3.365757575758609,True
19130,2021-12-17 09:20:00,-1,17233.0,19085,18946,19080,1,-13.133333333333278,True
19269,2021-12-17 11:39:00,-1,17050.05,19259,19241,19254,1,-1.9600000000000561,True
19331,2021-12-17 12:41:00,-1,17027.0,19320,19306,19315,0,-1.1318181818189894,False
19342,2021-12-17 12:52:00,1,17058.7,19325,19288,19320,1,3.775454545454558,True
19433,2021-12-17 14:23:00,-1,17065.1,19401,19361,19396,5,-4.022424242424081,True
19456,2021-12-17 14:46:00,-1,17015.6,19339,19300,19334,0,-2.2996969696972616,False
19681,2021-12-20 12:16:00,-1,16566.0,19671,19656,19666,6,-1.9327272727272091,True
19744,2021-12-20 13:19:00,1,16478.7,19739,19725,19734,2,2.1457575757576275,True
19815,2021-12-20 14:30:00,1,16599.85,19668,19646,19663,5,2.6148484848494493,True
19845,2021-12-20 15:00:00,1,16607.85,19820,19637,19815,1,-0.9642424242422243,False
20025,2021-12-21 11:45:00,1,16914.1,20020,19995,20015,1,0.8672727272728956,True
20081,2021-12-21 12:41:00,1,16948.0,20059,20044,20054,0,0.08818181818184324,False
20158,2021-12-21 13:58:00,-1,16878.0,20004,19962,19999,4,-0.9309090909088964,True
20158,2021-12-21 13:58:00,-1,16878.9,20122,20010,20117,3,-0.9309090909088964,True
20167,2021-12-21 14:07:00,-1,16828.65,19939,19921,19934,3,-5.555454545454143,True
20191,2021-12-21 14:31:00,-1,16756.7,20190,19899,20185,0,-0.024545454544556068,False
20285,2021-12-22 09:50:00,1,16919.9,20281,20120,20276,0,0.15212121212166077,False
20414,2021-12-22 11:59:00,1,16903.4,20380,20355,20375,6,0.05636363636393499,True
20540,2021-12-22 14:05:00,-1,16873.85,20392,20370,20387,3,-1.306060606059923,True
20563,2021-12-22 14:28:00,1,16914.5,20523,20509,20518,8,-0.1466666666667139,False
20565,2021-12-22 14:30:00,1,16922.2,20560,20499,20555,1,1.7551515151520498,True
20678,2021-12-23 10:08:00,-1,17095.0,20675,20658,20670,1,-0.5842424242426856,True
20791,2021-12-23 12:01:00,1,17089.95,20732,20709,20727,1,0.6354545454544333,True
20865,2021-12-23 13:15:00,1,17109.85,20836,20815,20831,0,0.3493939393935738,False
20865,2021-12-23 13:15:00,1,17107.25,20856,20845,20851,0,0.3493939393935738,False
20899,2021-12-23 13:49:00,-1,17090.15,20833,20810,20828,3,-0.6972727272726533,True
20899,2021-12-23 13:49:00,-1,17093.05,20896,20850,20891,1,-0.6972727272726533,True
20989,2021-12-23 15:19:00,-1,17071.7,20922,20788,20917,6,-2.706969696969485,True
21009,2021-12-24 09:24:00,1,17109.4,20985,20971,20980,3,0.6857575757569542,True
21020,2021-12-24 09:35:00,-1,17051.1,21002,20770,20997,0,-6.037272727272519,False
21114,2021-12-24 11:09:00,1,16971.45,21080,21063,21075,1,2.9554545454549115,True
21238,2021-12-24 13:13:00,-1,16943.1,21206,21151,21201,0,-2.950909090908316,False
21267,2021-12-24 13:42:00,1,16999.0,21260,21179,21255,0,1.156060606061123,False
21375,2021-12-27 09:15:00,-1,16936.2,21137,21105,21132,3,-3.6427272727270794,True
21375,2021-12-27 09:15:00,-1,16930.65,21144,21091,21139,0,-3.6427272727270794,False
21375,2021-12-27 09:15:00,-1,16981.05,21357,21275,21352,0,-3.6427272727270794,False
21455,2021-12-27 10:35:00,1,17015.0,21370,21359,21365,1,2.1648484848486214,True
21527,2021-12-27 11:47:00,1,17024.95,21520,21494,21515,0,1.3348484848490494,False
21579,2021-12-27 12:39:00,1,17057.0,21575,21560,21570,0,-0.7899999999993362,False
21612,2021-12-27 13:12:00,-1,17040.5,21611,21575,21606,0,-0.33181818181835065,False
21628,2021-12-27 13:28:00,1,17075.0,21595,21332,21590,2,2.5648484848489925,True
21710,2021-12-27 14:50:00,1,17110.0,21651,21638,21646,0,0.26363636363648557,False
21710,2021-12-27 14:50:00,1,17106.7,21708,21672,21703,0,0.26363636363648557,False
21825,2021-12-28 10:30:00,-1,17183.85,21795,21782,21790,2,-2.9715151515152276,True
21875,2021-12-28 11:20:00,1,17223.65,21815,21770,21810,3,0.3993939393938896,True
21957,2021-12-28 12:42:00,1,17249.0,21942,21930,21937,3,0.9163636363630724,True
21978,2021-12-28 13:03:00,-1,17230.0,21971,21918,21966,0,0.9830303030303337,False
22047,2021-12-28 14:12:00,1,17249.7,22040,21975,22035,2,1.3875757575752359,True
22072,2021-12-28 14:37:00,-1,17235.05,22063,22038,22058,1,-0.8369696969699785,True
22080,2021-12-28 14:45:00,-1,17192.0,21866,21844,21861,0,-4.4984848484847175,False
22142,2021-12-29 09:32:00,1,17255.4,22073,21957,22068,12,1.2500000000000784,True
22143,2021-12-29 09:33:00,1,17258.8,22129,22055,22124,2,2.869999999999752,True
22156,2021-12-29 09:46:00,1,17267.9,22149,22130,22144,4,1.651515151516256,True
22182,2021-12-29 10:12:00,-1,17270.0,22180,22168,22175,1,-0.5884848484846982,True
22296,2021-12-29 12:06:00,-1,17216.9,22278,22267,22273,0,-0.3642424242421774,False
22308,2021-12-29 12:18:00,-1,17210.25,22301,22189,22296,4,-1.5112121212124827,True
22348,2021-12-29 12:58:00,1,17235.85,22283,22271,22278,5,0.7921212121215615,True
22390,2021-12-29 13:40:00,1,17246.2,22354,22257,22349,5,0.32818181818187914,True
22420,2021-12-29 14:10:00,1,17248.7,22403,22372,22398,1,1.4224242424244398,True
22425,2021-12-29 14:15:00,1,17253.25,22396,22221,22391,2,2.627878787878746,True
22570,2021-12-30 10:25:00,1,17258.05,22469,22435,22464,3,0.6806060606065969,True
22611,2021-12-30 11:06:00,-1,17231.95,22595,22554,22590,6,-0.06424242424215013,True
22625,2021-12-30 11:20:00,-1,17223.55,22552,22537,22547,4,-0.9203030303032991,True
22797,2021-12-30 14:12:00,-1,17223.0,22685,22667,22680,4,-1.3124242424239512,True
22797,2021-12-30 14:12:00,-1,17223.75,22752,22713,22747,5,-1.3124242424239512,True
23154,2021-12-31 13:54:00,-1,17427.1,23127,23109,23122,1,0.11242424242502849,False
23170,2021-12-31 14:10:00,-1,17425.2,23151,23098,23146,2,0.10121212121249758,False
23203,2021-12-31 14:43:00,1,17418.75,23195,23178,23190,1,0.985151515151136,True
23220,2021-12-31 15:00:00,-1,17401.35,23063,23048,23058,9,-0.7360606060596315,True
23220,2021-12-31 15:00:00,-1,17400.05,23197,23180,23192,0,-0.7360606060596315,False
23250,2022-01-03 09:15:00,1,17444.3,23172,23135,23167,0,0.4772727272723513,False
23284,2022-01-03 09:49:00,1,17512.0,23279,23265,23274,2,0.9299999999997841,True
23308,2022-01-03 10:13:00,1,17530.0,23300,23289,23295,3,0.45333333333359555,True
23368,2022-01-03 11:13:00,1,17563.5,23366,23355,23361,1,-0.09454545454522081,False
23434,2022-01-03 12:19:00,1,17570.0,23404,23381,23399,4,0.8860606060614169,True
23488,2022-01-03 13:13:00,1,17619.0,23486,23464,23481,1,0.630000000000663,True
23515,2022-01-03 13:40:00,-1,17607.8,23511,23484,23506,0,-0.6609090909092591,False
23521,2022-01-03 13:46:00,1,17627.0,23508,23458,23503,0,0.8399999999995281,False
23622,2022-01-03 15:27:00,1,17688.75,23621,23577,23616,0,0.0027272727268160793,False
23650,2022-01-04 09:40:00,-1,17656.0,23600,23585,23595,1,-7.976060606060608,True
23679,2022-01-04 10:09:00,1,17754.95,23639,23627,23634,0,1.170303030303316,False
23754,2022-01-04 11:24:00,-1,17725.6,23722,23674,23717,2,-0.8518181818185081,True
23796,2022-01-04 12:06:00,1,17763.0,23737,23722,23732,4,0.8912121212120592,True
23863,2022-01-04 13:13:00,-1,17756.0,23842,23820,23837,0,-1.489999999999008,False
24041,2022-01-05 09:56:00,1,17858.0,24038,24013,24033,0,-0.1587878787878143,False
24128,2022-01-05 11:23:00,1,17854.0,24116,24105,24111,2,3.1663636363634704,True
24160,2022-01-05 11:55:00,1,17875.0,24154,24142,24149,4,1.5818181818182468,True
24349,2022-01-05 15:04:00,1,17984.1,24336,24322,24331,1,4.427575757575135,True
24376,2022-01-06 09:16:00,-1,17821.0,24127,24102,24122,1,-10.281515151514565,True
24388,2022-01-06 09:28:00,-1,17786.0,24384,24025,24379,0,-1.5312121212120122,False
24462,2022-01-06 10:42:00,-1,17711.0,24400,23895,24395,0,-1.6457575757576994,False
24544,2022-01-06 12:04:00,-1,17708.2,24535,24477,24530,0,-0.12606060606018502,False
24632,2022-01-06 13:32:00,1,17761.4,24628,24608,24623,0,-0.3027272727274051,False
24634,2022-01-06 13:34:00,1,17777.0,24432,24403,24427,0,2.8539393939393394,False
24709,2022-01-06 14:49:00,-1,17807.9,24708,24696,24703,0,-0.5184848484844184,False
24845,2022-01-07 10:50:00,-1,17909.75,24800,24787,24795,3,-1.773939393938903,True
25095,2022-01-07 15:00:00,1,17834.8,25081,25017,25076,0,-2.013636363636121,False
25095,2022-01-07 15:00:00,1,17828.8,25090,25035,25085,0,-2.013636363636121,False
25165,2022-01-10 09:55:00,1,17967.0,25161,25146,25156,0,-0.2778787878795586,False
25169,2022-01-10 09:59:00,1,17985.0,24312,24271,24307,8,3.3121212121210903,True
25344,2022-01-10 12:54:00,1,18014.95,25205,25193,25200,5,0.9203030303038922,True
25381,2022-01-10 13:31:00,-1,17994.0,25374,25359,25369,1,-1.2624242424245125,True
25388,2022-01-10 13:38:00,1,18010.05,25380,25367,25375,1,1.1590909090913872,True
25395,2022-01-10 13:45:00,1,18018.0,25243,25185,25238,5,1.1615151515147615,True
25456,2022-01-10 14:46:00,1,18020.0,25445,25411,25440,0,0.7387878787882804,False
25496,2022-01-10 15:26:00,1,18054.0,25494,25482,25489,1,0.41121212121210693,True
25561,2022-01-11 10:16:00,-1,18005.5,25532,25447,25527,0,-0.45848484848414955,False
25561,2022-01-11 10:16:00,-1,18010.0,25555,25500,25550,0,-0.45848484848414955,False
25623,2022-01-11 11:18:00,1,18073.9,25616,25602,25611,3,0.9499999999993095,True
25633,2022-01-11 11:28:00,1,18075.0,25629,25617,25624,2,0.5260606060612619,True
25691,2022-01-11 12:26:00,-1,18059.15,25685,25614,25680,1,-0.3203030303038401,True
25721,2022-01-11 12:56:00,1,18079.15,25714,25695,25709,4,0.6042424242429882,True
25771,2022-01-11 13:46:00,-1,18093.0,25767,25737,25762,0,-1.268181818181949,False
25826,2022-01-11 14:41:00,-1,18055.0,25696,25600,25691,0,-2.5648484848483015,False
25964,2022-01-12 10:44:00,1,18209.25,25956,25905,25951,1,0.0930303030312113,True
26097,2022-01-12 12:57:00,-1,18218.65,26090,26047,26085,0,-0.5015151515143328,False
26117,2022-01-12 13:17:00,-1,18212.05,26102,26006,26097,1,-1.523030303030804,True
26165,2022-01-12 14:05:00,-1,18199.5,25966,25955,25961,5,-0.41909090909099345,True
26203,2022-01-12 14:43:00,1,18230.0,26143,26089,26138,2,1.0569696969696067,True
26214,2022-01-12 14:54:00,1,18234.0,26081,26064,26076,6,0.8933333333338391,True
26214,2022-01-12 14:54:00,1,18234.0,26210,26110,26205,2,0.8933333333338391,True
26333,2022-01-13 10:38:00,-1,18218.05,26315,26208,26310,1,-2.013939393938483,True
26350,2022-01-13 10:55:00,1,18250.0,26326,26313,26321,0,1.568787878787834,False
26481,2022-01-13 13:06:00,-1,18245.1,26468,26390,26463,5,0.25636363636375004,False
26534,2022-01-13 13:59:00,1,18266.25,26525,26460,26520,5,0.7309090909093934,True
26595,2022-01-13 15:00:00,1,18259.35,26585,26567,26580,1,0.356666666667233,True
26625,2022-01-14 09:15:00,-1,18195.0,26340,26175,26335,0,-3.2445454545446193,False
26794,2022-01-14 12:04:00,1,18214.45,26788,26751,26783,0,0.8684848484847527,False
26800,2022-01-14 12:10:00,1,18219.0,26732,26720,26727,8,0.9275757575757827,True
26833,2022-01-14 12:43:00,1,18239.25,26830,26691,26825,1,0.26000000000120427,True
26875,2022-01-14 13:25:00,1,18252.65,26870,26856,26865,3,0.35121212121220113,True
26895,2022-01-14 13:45:00,1,18258.3,26880,26660,26875,4,1.5296969696977099,True
26970,2022-01-14 15:00:00,1,18297.95,26624,26610,26619,0,0.8324242424244931,False
27035,2022-01-17 09:50:00,-1,18258.0,27024,26947,27019,3,-2.513636363636438,True
27101,2022-01-17 10:56:00,1,18305.7,27076,27060,27071,7,0.09545454545501758,True
27282,2022-01-17 13:57:00,1,18324.0,27245,27233,27240,1,1.4281818181818746,True
27285,2022-01-17 14:00:00,1,18325.0,27208,27193,27203,5,1.57272727272768,True
27291,2022-01-17 14:06:00,1,18330.9,27168,27124,27163,3,0.5087878787884598,True
27371,2022-01-17 15:26:00,1,18338.9,27367,27354,27362,1,0.23242424242464935,True
27396,2022-01-18 09:36:00,-1,18326.4,27352,27339,27347,1,-2.189393939394259,True
27400,2022-01-18 09:40:00,-1,18285.0,27275,27065,27270,0,-5.00666666666578,False
27420,2022-01-18 10:00:00,-1,18234.5,27005,26869,27000,1,-6.665757575757316,True
27437,2022-01-18 10:17:00,-1,18227.05,26855,26829,26850,4,-2.3833333333327205,True
27507,2022-01-18 11:27:00,1,18258.35,27485,27428,27480,2,0.33575757575799237,True
27691,2022-01-18 14:31:00,-1,18255.9,27669,27534,27664,1,-1.7199999999996145,True
27849,2022-01-19 10:54:00,-1,18006.0,27831,27820,27826,0,-3.547575757575336,False
28007,2022-01-19 13:32:00,-1,17928.0,28005,27991,28000,0,-0.4263636363635701,False
28132,2022-01-20 09:22:00,-1,17924.25,28130,28059,28125,1,-5.192121212121105,True
28134,2022-01-20 09:24:00,-1,17910.0,28017,27965,28012,2,-4.65848484848383,True
28469,2022-01-20 14:59:00,1,17765.0,28426,28389,28421,0,5.2578787878793065,False
28667,2022-01-21 12:02:00,1,17649.0,28635,28576,28630,3,2.24757575757611,True
28714,2022-01-21 12:49:00,1,17678.3,28691,28555,28686,2,1.6881818181821402,True
28800,2022-01-21 14:15:00,-1,17606.45,28782,28766,28777,0,-3.9639393939392984,False
28823,2022-01-21 14:38:00,-1,17575.5,28605,28591,28600,3,-1.64060606060626,True
29020,2022-01-24 11:40:00,-1,17391.1,29005,28993,29000,0,-1.291818181818408,False
29125,2022-01-24 13:25:00,-1,17223.75,29114,29091,29109,4,-4.889090909091062,True
29342,2022-01-25 10:47:00,-1,17030.8,29325,29306,29320,1,-6.370606060606225,True
29380,2022-01-25 11:25:00,1,17102.9,29339,29311,29334,4,0.31575757575699365,True
29462,2022-01-25 12:47:00,-1,17076.1,29459,29430,29454,2,-1.0645454545449533,True
29485,2022-01-25 13:10:00,1,17131.75,29406,29385,29401,0,5.8181818181819125,False
29525,2022-01-25 13:50:00,1,17199.0,29302,29233,29297,1,3.831818181818205,True
29589,2022-01-25 14:54:00,1,17289.95,29111,29068,29106,1,5.814848484847893,True
29610,2022-01-25 15:15:00,1,17297.0,29606,29589,29601,1,1.9166666666664118,True
29625,2022-01-27 09:15:00,-1,17121.0,29515,29501,29510,0,-16.90393939393924,False
29852,2022-01-27 13:02:00,1,16948.0,29828,29776,29823,0,2.969090909091565,False
29857,2022-01-27 13:07:00,1,16970.0,29749,29733,29744,1,5.24484848484881,True
30042,2022-01-28 12:18:00,1,17380.0,30020,29914,30015,3,0.7199999999999716,True
30099,2022-01-28 13:15:00,-1,17350.0,30067,30032,30062,1,-0.7754545454547358,True
30099,2022-01-28 13:15:00,-1,17355.1,30096,30024,30091,1,-0.7754545454547358,True
30144,2022-01-28 14:00:00,-1,17230.65,30141,29868,30136,0,-0.1809090909090448,False
30266,2022-01-31 09:47:00,1,17367.7,30264,30117,30259,1,0.7715151515152223,True
30399,2022-01-31 12:00:00,1,17369.4,30321,30304,30316,1,1.4690909090910493,True
30400,2022-01-31 12:01:00,1,17384.95,30087,30071,30082,1,2.5230303030309504,True
30579,2022-01-31 15:00:00,-1,17385.65,30577,30538,30572,0,0.4066666666670037,False
30609,2022-02-01 09:15:00,1,17422.0,30552,30478,30547,0,5.187272727272666,False
30609,2022-02-01 09:15:00,1,17419.0,30564,30459,30559,0,5.187272727272666,False
30741,2022-02-01 11:27:00,-1,17544.85,30717,30694,30712,0,0.12939393939455476,False
30775,2022-02-01 12:01:00,1,17600.0,30724,30687,30719,1,6.91727272727277,True
30846,2022-02-01 13:12:00,-1,17336.1,30514,30497,30509,0,-4.043636363636054,False
30846,2022-02-01 13:12:00,-1,17341.0,30609,30522,30604,0,-4.043636363636054,False
30848,2022-02-01 13:14:00,-1,17272.15,30329,30244,30324,0,-11.328484848484646,False
30906,2022-02-01 14:12:00,1,17540.0,30895,30882,30890,0,1.4830303030308305,False
30970,2022-02-01 15:16:00,1,17587.0,30967,30956,30962,1,0.35939393939487246,True
30984,2022-02-02 09:15:00,1,17625.0,30929,30804,30924,2,5.4896969696970785,True
31134,2022-02-02 11:45:00,1,17754.5,31130,31031,31125,0,0.5339393939392278,False
31229,2022-02-02 13:20:00,1,17755.6,31224,31212,31219,3,0.5387878787880606,True
31269,2022-02-02 14:00:00,1,17765.0,31203,31168,31198,3,0.5148484848482208,True
31270,2022-02-02 14:01:00,1,17769.4,31265,31229,31260,0,1.5354545454549078,False
31278,2022-02-02 14:09:00,-1,17743.0,31248,31224,31243,0,-0.5003030303031641,False
31279,2022-02-02 14:10:00,-1,17734.1,31134,31119,31129,4,-2.1272727272727523,True
31282,2022-02-02 14:13:00,1,17774.7,31164,31149,31159,2,-3.063636363636288,False
31340,2022-02-02 15:11:00,1,17788.7,31311,31285,31306,4,1.620000000001438,True
31503,2022-02-03 11:39:00,-1,17685.0,31494,31070,31489,0,-2.124242424242116,False
31622,2022-02-03 13:38:00,-1,17645.1,31617,31606,31612,0,0.2245454545458827,False
31699,2022-02-03 14:55:00,-1,17600.75,31692,31663,31687,3,-1.5012121212126572,True
31717,2022-02-03 15:13:00,-1,17560.0,31715,30967,31710,0,-1.3796969696968235,False
31725,2022-02-03 15:21:00,-1,17531.2,30959,30912,30954,1,-3.4784848484853876,True
31739,2022-02-04 09:20:00,-1,17498.65,31738,30899,31733,0,1.7524242424242538,False
31903,2022-02-04 12:04:00,-1,17535.0,31900,31827,31895,1,-0.3960606060603284,True
31910,2022-02-04 12:11:00,-1,17525.0,31908,31799,31903,0,-0.6930303030296829,False
32030,2022-02-04 14:11:00,-1,17555.0,32025,32014,32020,0,-1.103939393939185,False
32053,2022-02-04 14:34:00,-1,17539.3,32045,32031,32040,1,-1.3436363636363453,True
32058,2022-02-04 14:39:00,-1,17519.1,32004,31991,31999,0,-3.2424242424237897,False
32109,2022-02-07 09:15:00,-1,17475.0,31974,31920,31969,1,-2.4745454545452006,True
32119,2022-02-07 09:25:00,-1,17473.25,31980,30892,31975,1,-2.601515151514792,True
32189,2022-02-07 10:35:00,-1,17395.0,32186,32169,32181,1,-1.1603030303037227,True
32317,2022-02-07 12:43:00,1,17327.0,32274,32256,32269,0,0.09878787878735315,False
32360,2022-02-07 13:26:00,-1,17261.05,32295,32284,32290,3,-1.6566666666652594,True
32419,2022-02-07 14:25:00,1,17198.8,32417,32402,32412,0,0.38999999999951895,False
32437,2022-02-07 14:43:00,-1,17160.1,32421,32406,32416,0,-4.19454545454503,False
32504,2022-02-08 09:35:00,1,17294.0,32489,32344,32484,0,12.28393939393957,False
32543,2022-02-08 10:14:00,-1,17202.0,32533,32516,32528,3,-1.906060606060543,True
32687,2022-02-08 12:38:00,1,17254.45,32684,32672,32679,2,1.4866666666665478,True
32715,2022-02-08 13:06:00,-1,17176.15,32658,32645,32653,6,-6.240303030302618,True
32876,2022-02-09 09:32:00,1,17423.7,32181,32161,32176,4,1.8133333333338018,True
32934,2022-02-09 10:30:00,-1,17395.0,32915,32888,32910,1,-2.096060606060744,True
33016,2022-02-09 11:52:00,1,17421.75,32967,32952,32962,0,2.129393939394682,False
33033,2022-02-09 12:09:00,1,17427.7,33021,32928,33016,1,0.9551515151522895,True
33060,2022-02-09 12:36:00,-1,17420.1,33057,33038,33052,1,-0.8299999999995562,True
33070,2022-02-09 12:46:00,1,17437.6,33039,32913,33034,5,1.192121212120466,True
33092,2022-02-09 13:08:00,-1,17395.0,33011,32981,33006,1,-3.030303030303025,True
33138,2022-02-09 13:54:00,1,17432.35,33092,33079,33087,3,2.0951515151519025,True
33212,2022-02-09 15:08:00,1,17475.0,33208,33164,33203,0,-0.49454545454503523,False
33234,2022-02-10 09:15:00,1,17490.0,33230,33213,33225,1,0.9396969696978509,True
33249,2022-02-10 09:30:00,-1,17481.1,33246,33232,33241,0,-0.5187878787870974,False
33278,2022-02-10 09:59:00,-1,17456.0,33198,33178,33193,2,-0.3157575757573806,True
33278,2022-02-10 09:59:00,-1,17453.95,33269,33184,33264,0,-0.3157575757573806,False
33286,2022-02-10 10:07:00,1,17479.9,33280,33267,33275,0,2.4375757575762416,False
33305,2022-02-10 10:26:00,1,17545.0,33301,33234,33296,1,1.4596969696977513,True
33571,2022-02-10 14:52:00,-1,17619.55,33527,33494,33522,5,-1.4224242424244518,True
33609,2022-02-11 09:15:00,-1,17591.4,33438,33420,33433,0,-8.356363636363174,False
33618,2022-02-11 09:24:00,-1,17401.0,33615,33109,33610,2,-4.098787878788303,True
33804,2022-02-11 12:30:00,1,17350.0,33706,33658,33701,2,1.0809090909094126,True
33858,2022-02-11 13:24:00,1,17400.0,33854,33819,33849,1,1.2609090909096712,True
33868,2022-02-11 13:34:00,1,17414.25,33638,33623,33633,2,-0.2196969696966754,False
33944,2022-02-11 14:50:00,-1,17344.0,33929,33904,33924,1,-0.6278787878788341,True
33981,2022-02-11 15:27:00,-1,17331.3,33951,33797,33946,0,-1.8290909090903418,False
33984,2022-02-14 09:15:00,-1,17282.3,33758,33719,33753,0,-12.843636363635854,False
34100,2022-02-14 11:11:00,-1,17035.0,34091,34065,34086,1,-1.3757575757572578,True
34153,2022-02-14 12:04:00,1,17022.05,34149,34124,34144,0,-0.21787878787839438,False
34233,2022-02-14 13:24:00,1,17035.95,34180,34113,34175,1,1.5448484848482291,True
34268,2022-02-14 13:59:00,-1,16969.0,34263,34212,34258,1,-1.8112121212117631,True
34277,2022-02-14 14:08:00,-1,16949.75,34199,34015,34194,6,-1.3687878787880647,True
34335,2022-02-14 15:06:00,-1,16855.5,34319,34301,34314,0,-3.4515151515156943,False
34359,2022-02-15 09:15:00,1,16903.1,34330,34307,34325,0,1.0521212121206962,False
34466,2022-02-15 11:02:00,1,16916.0,34436,34396,34431,2,4.473636363637244,True
34573,2022-02-15 12:49:00,1,17089.8,34566,34545,34561,1,0.6309090909096099,True
34723,2022-02-15 15:19:00,1,17369.6,34717,34697,34712,1,2.819999999999774,True
34734,2022-02-16 09:15:00,1,17385.0,33963,33930,33958,1,0.3078787878785119,True
34772,2022-02-16 09:53:00,-1,17344.6,34769,34756,34764,1,-0.838181818181326,True
34773,2022-02-16 09:54:00,-1,17319.05,34749,34703,34744,0,-3.1206060606056885,False
34917,2022-02-16 12:18:00,1,17371.75,34806,34780,34801,0,4.616666666666675,False
34988,2022-02-16 13:29:00,1,17430.0,34974,34946,34969,1,2.547878787879503,True
35001,2022-02-16 13:42:00,1,17444.8,34994,33879,34989,2,1.6966666666669235,True
35132,2022-02-17 09:38:00,-1,17276.65,35077,34878,35072,0,-6.773939393939407,False
35183,2022-02-17 10:29:00,-1,17252.6,35138,34851,35133,0,-3.716666666666186,False
35279,2022-02-17 12:05:00,1,17385.0,35228,35215,35223,8,2.5942424242420343,True
35306,2022-02-17 12:32:00,1,17399.5,35305,35285,35300,0,1.4448484848475924,False
35358,2022-02-17 13:24:00,-1,17375.0,35353,35330,35348,0,-1.5075757575753044,False
35359,2022-02-17 13:25:00,-1,17368.35,35327,35296,35322,1,-1.9648484848486143,True
35376,2022-02-17 13:42:00,1,17410.0,35351,35334,35346,2,2.279696969696698,True
35399,2022-02-17 14:05:00,-1,17354.0,35397,35359,35392,0,-1.7039393939392045,False
35499,2022-02-18 09:30:00,1,17294.35,35498,35487,35493,0,0.4545454545451783,False
35565,2022-02-18 10:36:00,-1,17281.5,35563,35549,35558,1,-0.5687878787869155,True
35597,2022-02-18 11:08:00,1,17318.0,35547,35533,35542,2,2.8466666666674834,True
35602,2022-02-18 11:13:00,1,17324.55,35600,35501,35595,0,0.48272727272712646,False
35637,2022-02-18 11:48:00,1,17341.0,35466,35454,35461,1,0.3948484848490427,True
35693,2022-02-18 12:44:00,1,17368.0,35671,35424,35666,0,1.1030303030306305,False
35735,2022-02-18 13:26:00,-1,17340.05,35718,35686,35713,1,-2.898787878787686,True
35783,2022-02-18 14:14:00,-1,17319.9,35741,35631,35736,0,-0.9790909090904635,False
35783,2022-02-18 14:14:00,-1,17330.0,35779,35748,35774,1,-0.9790909090904635,True
35814,2022-02-18 14:45:00,-1,17255.0,35799,35584,35794,3,-3.972121212120842,True
35859,2022-02-21 09:15:00,-1,17217.35,35489,35184,35484,0,-1.7021212121208973,False
35859,2022-02-21 09:15:00,-1,17242.0,35819,35516,35814,0,-1.7021212121208973,False
35859,2022-02-21 09:15:00,-1,17248.0,35827,35523,35822,0,-1.7021212121208973,False
35859,2022-02-21 09:15:00,-1,17265.0,35853,35839,35848,1,-1.7021212121208973,True
36024,2022-02-21 12:00:00,1,17281.25,36015,35858,36010,0,-0.5666666666659352,False
36033,2022-02-21 12:09:00,1,17307.0,35835,35802,35830,0,0.7975757575764767,False
36454,2022-02-22 12:55:00,-1,16912.15,36434,36400,36429,0,-0.9475757575749784,False
36516,2022-02-22 13:57:00,1,16955.0,36444,36422,36439,0,1.1951515151513044,False
36609,2022-02-23 09:15:00,1,17118.95,36584,36572,36579,0,2.7278787878792192,False
36609,2022-02-23 09:15:00,1,17099.25,36600,36589,36595,0,2.7278787878792192,False
36715,2022-02-23 11:01:00,1,17162.5,36687,36671,36682,0,1.054242424243131,False
36944,2022-02-23 14:50:00,1,17160.2,36893,36879,36888,2,7.089999999999716,True
36957,2022-02-23 15:03:00,-1,17100.0,36940,36894,36935,0,-5.295454545454185,False
37190,2022-02-24 12:41:00,-1,16520.3,37189,37169,37184,0,-0.6993939393938341,False
37462,2022-02-25 11:13:00,-1,16717.2,37460,37440,37455,0,-0.8439393939393448,False
37610,2022-02-25 13:41:00,-1,16630.8,37599,37557,37594,1,-4.661818181818361,True
37651,2022-02-25 14:22:00,1,16700.0,37650,37571,37645,0,1.9284848484854005,False
37719,2022-02-28 09:15:00,-1,16610.35,37554,37397,37549,0,-4.975757575757105,False
37719,2022-02-28 09:15:00,-1,16620.0,37624,37611,37619,3,-4.975757575757105,True
37917,2022-02-28 12:33:00,1,16729.0,37665,37652,37660,3,2.8533333333332855,True
37917,2022-02-28 12:33:00,1,16735.0,37898,37495,37893,0,2.8533333333332855,False
37954,2022-02-28 13:10:00,1,16750.0,37924,37474,37919,1,3.5348484848482244,True
38012,2022-02-28 14:08:00,-1,16657.75,37939,37901,37934,0,-6.15393939393961,False
38043,2022-02-28 14:39:00,1,16725.0,38040,38025,38035,1,1.1778787878792265,True
38056,2022-02-28 14:52:00,1,16754.7,38049,37984,38044,0,1.9866666666677364,False
38094,2022-03-02 09:15:00,-1,16683.15,38042,38024,38037,0,-10.087878787878948,False
38094,2022-03-02 09:15:00,-1,16780.0,38086,38074,38081,6,-10.087878787878948,True
38181,2022-03-02 10:42:00,-1,16561.0,38141,37822,38136,8,-2.5900000000002428,True
38251,2022-03-02 11:52:00,-1,16550.55,38189,38142,38184,1,-0.7775757575748112,True
38281,2022-03-02 12:22:00,-1,16501.95,38278,38254,38273,0,0.7281818181817016,False
38439,2022-03-02 15:00:00,1,16576.0,38254,38242,38249,2,0.11939393939331744,True
38439,2022-03-02 15:00:00,1,16564.9,38381,38339,38376,0,0.11939393939331744,False
38439,2022-03-02 15:00:00,1,16550.0,38429,38384,38424,0,0.11939393939331744,False
38520,2022-03-03 10:06:00,-1,16630.8,38508,38467,38503,0,-2.2675757575756608,False
38653,2022-03-03 12:19:00,-1,16605.0,38541,38524,38536,0,-3.6081818181821905,False
38653,2022-03-03 12:19:00,-1,16608.0,38579,38568,38574,0,-3.6081818181821905,False
38728,2022-03-03 13:34:00,1,16529.8,38716,38699,38711,0,3.279393939394199,False
38817,2022-03-03 15:03:00,-1,16471.1,38729,38406,38724,0,-4.649393939393339,False
38844,2022-03-04 09:15:00,-1,16436.5,37782,37771,37777,0,-13.273030303030069,False
38899,2022-03-04 10:10:00,-1,16250.0,38890,38849,38885,3,-1.9503030303031454,True
39006,2022-03-04 11:57:00,1,16283.0,39004,38890,38999,0,0.9660606060608361,False
39041,2022-03-04 12:32:00,1,16289.9,39032,39021,39027,0,2.3009090909086742,False
39140,2022-03-04 14:11:00,-1,16360.05,39090,39079,39085,2,-5.791818181817563,True
39166,2022-03-04 14:37:00,-1,16343.5,39152,39141,39147,1,-0.7203030303022896,True
39219,2022-03-07 09:15:00,-1,16152.0,38964,38951,38959,0,-17.350303030301912,False
39219,2022-03-07 09:15:00,-1,16215.0,38995,38981,38990,0,-17.350303030301912,False
39452,2022-03-07 13:08:00,-1,15884.35,39403,39356,39398,0,-2.4921212121212353,False
39577,2022-03-07 15:13:00,1,15884.7,39561,39464,39556,0,4.440000000000697,False
39621,2022-03-08 09:42:00,-1,15804.3,39617,39568,39612,1,-1.6121212121214439,True
39740,2022-03-08 11:41:00,-1,15773.7,39735,39720,39730,0,1.4090909090913515,False
39876,2022-03-08 13:57:00,1,15852.6,39697,39684,39692,4,5.349393939393823,True
39919,2022-03-08 14:40:00,1,15950.0,39445,39434,39440,3,1.204848484848376,True
39970,2022-03-09 09:16:00,1,16027.2,39963,39950,39958,1,-0.8121212121210369,False
40000,2022-03-09 09:46:00,1,16133.1,39998,39987,39993,1,-0.18696969697011656,False
40083,2022-03-09 11:09:00,-1,16118.55,40055,40026,40050,1,-1.668787878787158,True
40128,2022-03-09 11:54:00,1,16170.0,40124,40038,40119,0,0.28090909090901006,False
40224,2022-03-09 13:30:00,-1,16273.55,40216,40200,40211,2,-2.678181818181884,True
40314,2022-03-09 15:00:00,-1,16355.0,40304,40277,40299,0,-4.0496969696964555,False
40520,2022-03-10 12:11:00,-1,16712.2,40510,40499,40505,4,-0.6445454545453214,True
40612,2022-03-10 13:43:00,-1,16617.0,40569,40558,40564,2,-4.589696969696947,True
40612,2022-03-10 13:43:00,-1,16611.0,40584,40374,40579,0,-4.589696969696947,False
40701,2022-03-10 15:12:00,1,16642.15,40695,40669,40690,1,3.9630303030308127,True
40786,2022-03-11 10:22:00,-1,16632.15,40760,40749,40755,3,-0.9751515151520159,True
41068,2022-03-11 15:04:00,1,16670.0,41066,41049,41061,0,-2.2993939393939025,False
41118,2022-03-14 09:39:00,-1,16652.85,41116,41104,41111,1,-1.8042424242422679,True
41197,2022-03-14 10:58:00,1,16707.95,41101,40767,41096,1,1.8381818181815532,True
41197,2022-03-14 10:58:00,1,16705.0,41184,41145,41179,1,1.8381818181815532,True
41211,2022-03-14 11:12:00,1,16730.0,41204,40511,41199,0,0.21666666666721152,False
41225,2022-03-14 11:26:00,1,16749.0,40469,40344,40464,3,2.905151515151521,True
41294,2022-03-14 12:35:00,1,16774.95,41258,41239,41253,0,1.8545454545453728,False
41467,2022-03-14 15:28:00,1,16899.9,41452,41439,41447,0,1.7190909090910875,False
41493,2022-03-15 09:39:00,-1,16852.9,41485,41417,41480,1,-5.267272727272683,True
41679,2022-03-15 12:45:00,-1,16764.4,41360,41320,41355,3,-7.226969696969516,True
41709,2022-03-15 13:15:00,-1,16719.9,41700,41217,41695,1,0.48212121212111203,False
41752,2022-03-15 13:58:00,-1,16678.05,41727,41191,41722,0,-0.8266666666670183,False
41752,2022-03-15 13:58:00,-1,16684.6,41745,41712,41740,1,-0.8266666666670183,True
41774,2022-03-15 14:20:00,-1,16617.15,41130,41045,41125,2,-5.310909090908803,True
41780,2022-03-15 14:26:00,-1,16570.1,40997,40817,40992,0,-4.872727272727468,False
41844,2022-03-16 09:15:00,1,16896.0,41643,41553,41638,0,9.156969696970023,False
41844,2022-03-16 09:15:00,1,16716.1,41819,41750,41814,0,9.156969696970023,False
41854,2022-03-16 09:25:00,1,16928.9,41850,41469,41845,0,1.155757575757378,False
41934,2022-03-16 10:45:00,1,16912.2,41930,41906,41925,2,1.6187878787874987,True
41983,2022-03-16 11:34:00,1,16930.5,41973,41940,41968,2,0.9009090909096186,True
42055,2022-03-16 12:46:00,1,16960.0,42038,42001,42033,1,0.5009090909094743,True
42055,2022-03-16 12:46:00,1,16958.0,42054,42040,42049,0,0.5009090909094743,False
42069,2022-03-16 13:00:00,-1,16920.55,42044,42016,42039,0,-1.968787878787784,False
42082,2022-03-16 13:13:00,-1,16906.75,41983,41972,41978,5,-1.5569696969697127,True
42083,2022-03-16 13:14:00,-1,16895.0,41964,41949,41959,0,-2.5454545454547057,False
42114,2022-03-16 13:45:00,1,16945.6,42104,42093,42099,0,-1.2821212121212957,False
42130,2022-03-16 14:01:00,-1,16920.1,42112,42097,42107,7,-1.249090909090704,True
42143,2022-03-16 14:14:00,-1,16911.15,42136,42114,42131,3,-2.5648484848486532,True
42353,2022-03-17 11:29:00,1,17288.85,42314,42291,42309,0,0.11727272727237809,False
42489,2022-03-17 13:45:00,-1,17309.75,42479,42450,42474,0,0.8484848484848436,False
42497,2022-03-17 13:53:00,1,17333.15,42472,42461,42467,5,2.3448484848489013,True
42508,2022-03-17 14:04:00,1,17355.15,42507,42432,42502,0,1.0969696969702345,False
42575,2022-03-17 15:11:00,-1,17303.05,42494,42465,42489,0,-2.895757575757298,False
42626,2022-03-21 09:47:00,-1,17294.95,42581,42403,42576,8,-1.2666666666658755,True
42628,2022-03-21 09:49:00,-1,17288.1,42625,42599,42620,0,-0.932727272727132,False
42638,2022-03-21 09:59:00,-1,17265.0,42341,42322,42336,2,-0.7527272727261678,True
42791,2022-03-21 12:32:00,-1,17243.35,42780,42693,42775,1,-1.0596969696961342,True
42940,2022-03-21 15:01:00,1,17174.0,42938,42922,42933,1,-0.07151515151536537,False
43052,2022-03-22 10:38:00,-1,17065.0,43046,43030,43041,1,-2.401212121212065,True
43098,2022-03-22 11:24:00,1,17116.35,43097,43021,43092,0,0.9363636363640226,False
43150,2022-03-22 12:16:00,1,17090.5,43149,43131,43144,0,0.05121212121249317,False
43174,2022-03-22 12:40:00,1,17123.0,43006,42990,43001,2,3.4333333333331506,True
43176,2022-03-22 12:42:00,1,17174.9,42981,42963,42976,0,7.761818181818568,False
43321,2022-03-22 15:07:00,1,17349.75,43304,43269,43299,5,1.0615151515150882,True
43336,2022-03-22 15:22:00,1,17367.95,43334,42536,43329,0,0.3072727272726237,False
43411,2022-03-23 10:22:00,-1,17355.0,43403,43331,43398,1,-2.902121212120867,True
43508,2022-03-23 11:59:00,-1,17346.1,43491,43475,43486,3,-0.07606060606086061,True
43541,2022-03-23 12:32:00,-1,17265.0,43521,43214,43516,0,-2.756666666666209,False
43659,2022-03-23 14:30:00,1,17325.0,43599,43535,43594,0,2.9327272727271825,False
43719,2022-03-24 09:15:00,-1,17220.05,43629,43201,43624,0,-6.137878787878376,False
43898,2022-03-24 12:14:00,-1,17223.95,43895,43752,43890,1,-0.9390909090915309,True
44057,2022-03-24 14:53:00,-1,17258.05,44052,44036,44047,1,0.5715151515154595,False
44104,2022-03-25 09:25:00,-1,17210.95,44098,44001,44093,1,-5.890303030303057,True
44181,2022-03-25 10:42:00,-1,17196.1,44109,43969,44104,3,-1.4990909090910753,True
44181,2022-03-25 10:42:00,-1,17200.25,44170,44154,44165,4,-1.4990909090910753,True
44265,2022-03-25 12:06:00,-1,17175.55,43919,43908,43914,2,-4.697272727273289,True
44299,2022-03-25 12:40:00,1,17167.6,44295,44283,44290,2,0.7839393939399368,True
44359,2022-03-25 13:40:00,-1,17142.5,44325,44288,44320,0,-2.4972727272722994,False
44455,2022-03-25 15:16:00,1,17169.0,44444,44405,44439,3,2.654545454545308,True
44463,2022-03-25 15:24:00,1,17224.0,44247,44230,44242,2,6.905454545455212,True
44571,2022-03-28 10:57:00,1,17064.95,44551,44537,44546,2,3.6460606060601637,True
44638,2022-03-28 12:04:00,-1,17036.55,44630,44616,44625,0,0.0430303030308712,False
44785,2022-03-28 14:31:00,1,17238.15,44760,44721,44755,5,2.4266666666664287,True
44814,2022-03-28 15:00:00,1,17260.85,44708,44694,44703,5,4.8354545454550095,True
44821,2022-03-28 15:07:00,1,17263.7,44797,44709,44792,3,0.5830303030299085,True
44958,2022-04-01 11:09:00,1,17590.0,44940,44927,44935,1,1.4945454545460886,True
45030,2022-04-01 12:21:00,-1,17563.25,44957,44903,44952,1,-1.0700000000007244,True
45042,2022-04-01 12:33:00,1,17588.9,45010,44993,45005,7,0.6499999999999599,True
45299,2022-04-04 10:35:00,-1,18070.05,45291,45279,45286,1,-0.7281818181817542,True
45393,2022-04-04 12:09:00,-1,18002.25,45338,45261,45333,1,-2.303030303030535,True
45472,2022-04-04 13:28:00,1,18038.65,45387,45375,45382,1,0.8251515151516314,True
45505,2022-04-04 14:01:00,1,18054.0,45502,45475,45497,1,0.054545454545985354,True
45542,2022-04-04 14:38:00,1,18094.0,45299,45285,45294,1,2.0542424242424877,True
45604,2022-04-05 09:25:00,1,18112.75,45589,45574,45584,2,0.2933333333332879,True
45606,2022-04-05 09:27:00,1,18121.25,45562,45549,45557,1,3.2475757575749973,True
45666,2022-04-05 10:27:00,1,18071.2,45649,45629,45644,0,-0.2793939393943683,False
45676,2022-04-05 10:37:00,-1,18046.65,45670,45656,45665,1,-3.1696969696967594,True
45677,2022-04-05 10:38:00,-1,18032.95,45651,45639,45646,0,-3.9775757575759334,False
45678,2022-04-05 10:39:00,-1,18031.0,45629,45513,45624,2,-4.952727272726183,True
45777,2022-04-05 12:18:00,-1,18071.1,45759,45738,45754,3,0.40333333333340177,False
45777,2022-04-05 12:18:00,-1,18072.0,45773,45760,45768,0,0.40333333333340177,False
45779,2022-04-05 12:20:00,-1,18062.8,45728,45716,45723,1,-2.171515151514887,True
45821,2022-04-05 13:02:00,1,18093.0,45779,45744,45774,0,1.7324242424246639,False
45878,2022-04-05 13:59:00,-1,18126.65,45875,45855,45870,0,-0.010303030302826597,False
45904,2022-04-05 14:25:00,-1,18045.65,45885,45692,45880,0,-0.32333333333342,False
45947,2022-04-05 15:08:00,-1,18050.1,45942,45927,45937,1,-1.5578787878783225,True
45950,2022-04-05 15:11:00,-1,18021.0,45493,45480,45488,2,-3.7706060606057443,True
46081,2022-04-06 11:07:00,1,17872.7,46074,46060,46069,3,0.250606060606063,True
46129,2022-04-06 11:55:00,1,17888.0,46103,46089,46098,1,0.33060606060637787,True
46153,2022-04-06 12:19:00,1,17933.5,46139,45990,46134,2,0.22818181818153754,True
46218,2022-04-06 13:24:00,-1,17866.05,46115,46091,46110,1,-1.857272727272908,True
46219,2022-04-06 13:25:00,-1,17856.9,46083,46072,46078,0,-2.179090909091557,False
46284,2022-04-06 14:30:00,1,17898.95,46244,46208,46239,0,1.5469696969700808,False
46312,2022-04-06 14:58:00,-1,17855.35,46267,46253,46262,4,-3.329999999999761,True
46344,2022-04-07 09:15:00,-1,17840.25,46318,46224,46313,0,-4.155151515151492,False
46404,2022-04-07 10:15:00,1,17790.0,46402,46382,46397,0,0.5524242424244276,False
46415,2022-04-07 10:26:00,-1,17770.1,46397,46375,46392,2,-2.3184848484855456,True
46497,2022-04-07 11:48:00,1,17802.5,46495,46349,46490,0,0.2427272727277506,False
46585,2022-04-07 13:16:00,-1,17822.0,46577,46560,46572,2,-1.2072727272730919,True
46642,2022-04-07 14:13:00,-1,17723.8,46630,46619,46625,0,-2.8878787878788077,False
46755,2022-04-08 09:51:00,-1,17693.1,46724,46645,46719,4,-2.0560606060602615,True
46978,2022-04-08 13:34:00,1,17836.15,46928,46594,46923,1,1.287272727273206,True
46978,2022-04-08 13:34:00,1,17828.4,46970,46955,46965,2,1.287272727273206,True
46997,2022-04-08 13:53:00,1,17883.9,46995,46984,46990,0,0.8445454545452684,False
47094,2022-04-11 09:15:00,-1,17855.0,47080,46992,47075,0,-2.559393939393144,False
47097,2022-04-11 09:18:00,-1,17776.75,46949,46895,46944,2,-14.143939393938915,True
47404,2022-04-11 14:25:00,1,17791.95,47403,47372,47398,0,2.062424242424061,False
47440,2022-04-11 15:01:00,-1,17714.65,47226,47214,47221,1,-2.5351515151515946,True
47440,2022-04-11 15:01:00,-1,17723.35,47309,47292,47304,3,-2.5351515151515946,True
47469,2022-04-12 09:15:00,-1,17695.0,47446,46856,47441,0,-6.079696969697323,False
47608,2022-04-12 11:34:00,-1,17536.55,47597,47570,47592,0,-1.66515151515089,False
47614,2022-04-12 11:40:00,1,17559.85,47604,47585,47599,1,0.44424242424284904,True
47657,2022-04-12 12:23:00,-1,17556.0,47654,47624,47649,1,-0.8936363636360173,True
47702,2022-04-12 13:08:00,-1,17519.55,47691,47669,47686,1,-2.2066666666671417,True
47737,2022-04-12 13:43:00,-1,17501.0,47736,47714,47731,0,-0.9457575757570816,False
47982,2022-04-13 11:33:00,1,17601.5,47960,47941,47955,2,0.87545454545421,True
47987,2022-04-13 11:38:00,-1,17581.05,47975,47963,47970,1,-0.8048484848477607,True
48143,2022-04-13 14:14:00,1,17550.0,48136,48102,48131,4,1.7724242424246242,True
48217,2022-04-13 15:28:00,-1,17510.0,48197,48119,48192,7,-1.3721212121207262,True
48269,2022-04-18 10:05:00,-1,17220.05,48256,48221,48251,2,-1.5221212121213707,True
48347,2022-04-18 11:23:00,1,17217.7,48346,48307,48341,0,0.22212121212159228,False
48384,2022-04-18 12:00:00,-1,17195.7,48376,48360,48371,0,-0.11727272727246289,False
48407,2022-04-18 12:23:00,-1,17180.6,48399,48321,48394,1,0.41333333333308697,False
48409,2022-04-18 12:25:00,-1,17175.75,48389,48294,48384,1,-1.2103030303034896,True
48504,2022-04-18 14:00:00,1,17201.5,48502,48403,48497,1,0.862424242424434,True
48526,2022-04-18 14:22:00,1,17200.0,48524,48513,48519,1,1.162121212121297,True
48594,2022-04-19 09:15:00,1,17273.15,48244,48232,48239,0,0.6024242424241755,False
48697,2022-04-19 10:58:00,-1,17216.0,48680,48627,48675,0,-0.33878787878707917,False
48714,2022-04-19 11:15:00,1,17239.9,48689,48670,48684,1,1.0472727272731506,True
48799,2022-04-19 12:40:00,-1,17256.0,48796,48766,48791,0,-0.042727272727615576,False
48868,2022-04-19 13:49:00,1,17294.7,48862,48780,48857,1,0.32757575757586394,True
48934,2022-04-19 14:55:00,-1,17202.25,48704,48619,48699,2,-4.704242424242601,True
49082,2022-04-20 11:08:00,1,17145.8,49042,49021,49037,3,4.514242424241693,True
49090,2022-04-20 11:16:00,1,17148.5,49012,48995,49007,8,0.7181818181825868,True
49102,2022-04-20 11:28:00,-1,17135.0,49100,49087,49095,0,-0.5166666666667851,False
49109,2022-04-20 11:35:00,-1,17098.0,49055,49015,49050,2,-3.953030303030206,True
49171,2022-04-20 12:37:00,1,17153.3,49096,49045,49091,2,1.436363636364529,True
49242,2022-04-20 13:48:00,-1,17131.65,49233,49210,49228,1,0.5945454545460077,False
49404,2022-04-21 10:15:00,1,17285.0,49380,48900,49375,1,0.6366666666668117,True
49552,2022-04-21 12:43:00,1,17378.15,49547,49512,49542,1,0.3754545454542636,True
49653,2022-04-21 14:24:00,1,17422.95,49652,49614,49647,0,0.9309090909096678,False
49695,2022-04-21 15:06:00,-1,17410.0,49681,49664,49676,1,-1.8109090909091738,True
49719,2022-04-22 09:15:00,-1,17265.0,49406,49383,49401,5,-8.714545454544881,True
49719,2022-04-22 09:15:00,-1,17382.15,49634,49592,49629,0,-8.714545454544881,False
49765,2022-04-22 10:01:00,-1,17223.85,49757,49739,49752,0,-2.837272727272425,False
49795,2022-04-22 10:31:00,1,17233.45,49789,49770,49784,2,0.6100000000000054,True
49921,2022-04-22 12:37:00,1,17304.3,49914,49901,49909,4,2.9112121212122823,True
50007,2022-04-22 14:03:00,-1,17215.4,49772,49745,49767,1,-3.9742424242423464,True
50094,2022-04-25 09:15:00,-1,17083.0,49114,49000,49109,3,-9.917272727271428,True
50094,2022-04-25 09:15:00,-1,17087.1,49139,49120,49134,7,-9.917272727271428,True
50094,2022-04-25 09:15:00,-1,17076.5,49254,48980,49249,0,-9.917272727271428,False
50094,2022-04-25 09:15:00,-1,17088.7,49293,49282,49288,0,-9.917272727271428,False
50094,2022-04-25 09:15:00,-1,17162.4,50081,50052,50076,1,-9.917272727271428,True
50215,2022-04-25 11:16:00,-1,16987.05,50213,50196,50208,0,-0.942424242423527,False
50382,2022-04-25 14:03:00,1,16963.4,50379,50365,50374,0,-0.07060606060601393,False
50400,2022-04-25 14:21:00,-1,16929.05,50367,50317,50362,0,-3.0233333333330576,False
50460,2022-04-25 15:21:00,1,16959.55,50444,50430,50439,2,0.8251515151520092,True
50469,2022-04-26 09:15:00,1,16999.0,50261,50240,50256,2,9.975757575758056,True
50517,2022-04-26 10:03:00,1,17185.7,50498,50485,50493,0,0.8563636363637972,False
50526,2022-04-26 10:12:00,-1,17166.0,50514,50498,50509,0,-0.656969696969433,False
50594,2022-04-26 11:20:00,1,17164.55,50571,50560,50566,1,1.990606060606385,True
50773,2022-04-26 14:19:00,1,17164.7,50748,50664,50743,1,2.1109090909094923,True
50796,2022-04-26 14:42:00,-1,17128.75,50786,50756,50781,0,-0.6042424242420059,False
50844,2022-04-27 09:15:00,-1,17082.8,50713,50702,50708,0,-7.390303030303295,False
50844,2022-04-27 09:15:00,-1,17116.2,50802,50729,50797,0,-7.390303030303295,False
50906,2022-04-27 10:17:00,-1,17066.7,50903,50892,50898,2,-0.2754545454537461,True
50961,2022-04-27 11:12:00,1,17061.25,50937,50920,50932,1,1.260909090909232,True
50979,2022-04-27 11:30:00,-1,17032.45,50927,50869,50922,0,-0.714242424242162,False
50979,2022-04-27 11:30:00,-1,17044.25,50957,50946,50952,1,-0.714242424242162,True
51055,2022-04-27 12:46:00,-1,17021.95,51026,50982,51021,0,-1.037575757575879,False
51100,2022-04-27 13:31:00,1,17045.15,51055,51041,51050,4,3.696060606061379,True
51115,2022-04-27 13:46:00,1,17066.35,51105,50962,51100,1,2.675757575757499,True
51117,2022-04-27 13:48:00,1,17083.05,50899,50885,50894,2,4.2824242424248276,True
51305,2022-04-28 10:41:00,-1,17088.6,51264,51253,51259,3,-0.6763636363624459,True
51395,2022-04-29 10:19:00,1,17305.55,51384,51369,51379,0,0.094545454545646,False
51527,2022-04-29 12:31:00,-1,17352.6,51521,51469,51516,0,-0.498181818181261,False
51530,2022-04-29 12:34:00,-1,17349.95,51501,51458,51496,2,-3.5263636363645987,True
51563,2022-04-29 13:07:00,1,17389.65,51527,51476,51522,4,1.749696969697223,True
51589,2022-05-02 09:15:00,-1,17282.2,51398,51385,51393,0,-22.740303030303053,False
51671,2022-05-02 10:37:00,1,17013.4,51662,51651,51657,3,2.495454545454214,True
51711,2022-05-02 11:17:00,-1,16970.0,51646,51624,51641,2,-2.3993939393935295,True
51752,2022-05-02 11:58:00,1,17006.5,51749,51737,51744,1,0.18121212121280894,True
51763,2022-05-02 12:09:00,1,17015.2,51759,51729,51754,3,0.22060606060614044,True
51881,2022-05-02 14:07:00,-1,17001.0,51874,51859,51869,3,-2.4475757575749193,True
51900,2022-05-02 14:26:00,-1,16987.9,51810,51749,51805,4,-1.5942424242425948,True
51900,2022-05-02 14:26:00,-1,16982.2,51848,51739,51843,1,-1.5942424242425948,True
51920,2022-05-02 14:46:00,1,17031.8,51876,51865,51871,0,2.8190909090907255,False
51987,2022-05-04 09:38:00,-1,17059.0,51941,51927,51936,2,-2.2981818181817832,True
52054,2022-05-04 10:45:00,-1,16962.65,51717,51695,51712,3,-5.003636363635963,True
52138,2022-05-04 12:09:00,-1,16934.8,52067,51607,52062,2,-0.001515151514584532,True
52138,2022-05-04 12:09:00,-1,16925.0,52091,51589,52086,0,-0.001515151514584532,False
52249,2022-05-04 14:00:00,1,16931.3,52237,52152,52232,0,0.4672727272724255,False
52250,2022-05-04 14:01:00,1,16969.25,52126,52106,52121,1,3.1054545454548546,True
52253,2022-05-04 14:04:00,-1,16892.3,52250,52224,52245,0,7.0148484848484385,False
52360,2022-05-05 09:36:00,1,16863.0,52344,52270,52339,1,4.072424242424461,True
52573,2022-05-05 13:09:00,-1,16865.0,52556,52535,52551,2,-2.1624242424235534,True
52607,2022-05-05 13:43:00,-1,16792.0,52585,52348,52580,1,-3.8636363636363593,True
52759,2022-05-06 10:00:00,-1,16436.75,52756,52739,52751,2,-1.2924242424245398,True
52774,2022-05-06 10:15:00,-1,16401.4,52729,52716,52724,0,-2.316666666666766,False
52822,2022-05-06 11:03:00,-1,16360.6,52789,52778,52784,0,-1.9372727272730734,False
52860,2022-05-06 11:41:00,1,16421.0,52808,52794,52803,4,5.637878787879339,True
52951,2022-05-06 13:12:00,-1,16362.65,52924,52911,52919,4,-2.1596969696965678,True
52967,2022-05-06 13:28:00,1,16426.0,52930,52894,52925,0,6.830606060606651,False
52977,2022-05-06 13:38:00,1,16437.6,52865,52766,52860,4,0.11212121212198826,True
53089,2022-05-09 09:15:00,-1,16351.0,52842,52825,52837,8,-7.106666666666484,True
53089,2022-05-09 09:15:00,-1,16375.25,53064,53052,53059,0,-7.106666666666484,False
53183,2022-05-09 10:49:00,-1,16231.0,53175,53156,53170,4,-1.0593939393934482,True
53186,2022-05-09 10:52:00,-1,16226.1,53155,53134,53150,1,-0.17303030303023323,True
53226,2022-05-09 11:32:00,1,16246.9,53202,53182,53197,5,1.1478787878790995,True
53226,2022-05-09 11:32:00,1,16247.05,53224,53205,53219,1,1.1478787878790995,True
53346,2022-05-09 13:32:00,-1,16291.2,53263,53246,53258,2,-4.487575757576208,True
53514,2022-05-10 10:05:00,-1,16265.1,53500,53436,53495,3,-0.4693939393938373,True
53623,2022-05-10 11:54:00,1,16340.0,53480,53469,53475,1,1.5842424242426223,True
53623,2022-05-10 11:54:00,1,16334.95,53560,53484,53555,4,1.5842424242426223,True
53705,2022-05-10 13:16:00,-1,16360.0,53699,53663,53694,0,-1.6239393939394078,False
53803,2022-05-10 14:54:00,-1,16317.15,53758,53733,53753,3,-3.597575757575212,True
53806,2022-05-10 14:57:00,-1,16288.0,53606,53562,53601,2,-4.716969696968936,True
53810,2022-05-10 15:01:00,-1,16250.05,53519,53464,53514,0,-4.961212121212562,False
53835,2022-05-10 15:26:00,-1,16221.6,53218,53204,53213,6,-2.237878787878581,True
53869,2022-05-11 09:45:00,-1,16211.3,53384,53190,53379,2,-5.546060606060885,True
53895,2022-05-11 10:11:00,-1,16153.0,53884,53104,53879,0,-0.9181818181816893,False
53986,2022-05-11 11:42:00,1,16145.4,53984,53939,53979,0,0.6060606060606014,False
54033,2022-05-11 12:29:00,-1,16109.05,54018,53974,54013,1,-2.0475757575763356,True
54040,2022-05-11 12:36:00,-1,16088.25,53962,53929,53957,3,-2.755454545455189,True
54048,2022-05-11 12:44:00,-1,16075.9,54045,53917,54040,1,-0.8490909090911409,True
54152,2022-05-11 14:28:00,1,16186.5,53911,53900,53906,7,1.3663636363633276,True
54164,2022-05-11 14:40:00,1,16192.65,54158,54146,54153,0,5.342424242424953,False
54393,2022-05-12 12:14:00,1,15875.0,54390,54374,54385,1,0.020606060606604196,True
54589,2022-05-13 09:15:00,1,15882.0,54464,54394,54459,2,6.108787878788327,True
54589,2022-05-13 09:15:00,1,15889.0,54474,54359,54469,0,6.108787878788327,False
54589,2022-05-13 09:15:00,1,15832.65,54579,54556,54574,5,6.108787878788327,True
54632,2022-05-13 09:58:00,-1,15937.35,54628,54614,54623,2,-1.1996969696967914,True
54683,2022-05-13 10:49:00,1,15986.45,54677,54618,54672,2,1.1227272727270294,True
54731,2022-05-13 11:37:00,1,16017.4,54714,54696,54709,0,2.257272727272877,False
54786,2022-05-13 12:32:00,-1,16020.0,54767,54755,54762,4,-2.3684848484855796,True
54821,2022-05-13 13:07:00,1,16048.0,54813,54799,54808,7,1.4072727272725964,True
54873,2022-05-13 13:59:00,-1,16027.0,54871,54842,54866,0,-0.19545454545423466,False
54881,2022-05-13 14:07:00,-1,16000.0,54794,54740,54789,2,-2.2372727272725967,True
54973,2022-05-16 09:24:00,1,15873.95,54939,54922,54934,3,10.812424242424788,True
55063,2022-05-16 10:54:00,-1,15922.0,55050,55039,55045,1,-1.6560606060600322,True
55104,2022-05-16 11:35:00,-1,15891.05,55103,55092,55098,0,-0.5133333333335458,False
55220,2022-05-16 13:31:00,1,15850.0,55212,55192,55207,0,-0.47969696969694725,False
55229,2022-05-16 13:40:00,1,15867.9,55169,55152,55164,2,0.8551515151513038,True
55253,2022-05-16 14:04:00,1,15899.0,55249,55235,55244,2,3.8654545454546043,True
55317,2022-05-16 15:08:00,-1,15837.1,55275,55245,55270,8,-2.298787878787657,True
55339,2022-05-17 09:15:00,1,15915.2,55279,55096,55274,0,1.7748484848485593,False
55398,2022-05-17 10:14:00,1,15966.95,55055,55022,55050,5,3.018787878787451,True
55398,2022-05-17 10:14:00,1,15971.8,55391,55354,55386,0,3.018787878787451,False
55503,2022-05-17 11:59:00,-1,16111.55,55497,55481,55492,5,-0.7260606060606979,True
55531,2022-05-17 12:27:00,1,16125.0,55530,55511,55525,0,0.7642424242427466,False
55538,2022-05-17 12:34:00,1,16128.05,55536,55496,55531,0,0.3893939393940925,False
55578,2022-05-17 13:14:00,1,16164.95,55572,55557,55567,1,0.9360606060606231,True
55792,2022-05-18 10:33:00,1,16308.1,55791,55780,55786,0,-0.0012121212117969173,False
55893,2022-05-18 12:14:00,-1,16301.0,55890,55860,55885,0,-0.37909090909038595,False
56089,2022-05-19 09:15:00,-1,16096.1,55524,55508,55519,0,-13.344545454544965,False
56089,2022-05-19 09:15:00,-1,16181.9,55669,55636,55664,6,-13.344545454544965,True
56089,2022-05-19 09:15:00,-1,16195.25,56022,55963,56017,4,-13.344545454544965,True
56177,2022-05-19 10:43:00,-1,15904.0,56165,56146,56160,0,-0.36090909090858564,False
56287,2022-05-19 12:33:00,-1,15826.8,56257,56231,56252,6,-1.1063636363639366,True
56287,2022-05-19 12:33:00,-1,15825.1,56285,56269,56280,0,-1.1063636363639366,False
56304,2022-05-19 12:50:00,-1,15810.0,55325,55199,55320,4,-0.9078787878788663,True
56377,2022-05-19 14:03:00,1,15821.25,56367,56311,56362,1,0.8812121212128108,True
56404,2022-05-19 14:30:00,-1,15775.1,56399,56323,56394,1,-0.6324242424239245,True
56464,2022-05-20 09:15:00,1,15940.4,56146,56100,56141,0,10.91121212121258,False
56464,2022-05-20 09:15:00,1,15922.75,56200,56166,56195,0,10.91121212121258,False
56464,2022-05-20 09:15:00,1,15859.9,56286,56239,56281,0,10.91121212121258,False
56464,2022-05-20 09:15:00,1,15826.25,56374,56344,56369,0,10.91121212121258,False
56496,2022-05-20 09:47:00,1,16124.2,56494,56474,56489,1,0.9003030303030602,True
56571,2022-05-20 11:02:00,1,16173.4,56558,56525,56553,2,1.365151515151926,True
56626,2022-05-20 11:57:00,-1,16166.05,56621,56608,56616,2,-2.647575757575374,True
56635,2022-05-20 12:06:00,-1,16138.4,56535,56516,56530,3,-2.5912121212115693,True
56712,2022-05-20 13:23:00,1,16199.1,56707,56617,56702,2,0.9000000000000417,True
56809,2022-05-20 15:00:00,1,16249.45,56034,56022,56029,2,4.175151515152093,True
56809,2022-05-20 15:00:00,1,16243.8,56057,56015,56052,2,4.175151515152093,True
56809,2022-05-20 15:00:00,1,16240.3,56093,56067,56088,3,4.175151515152093,True
56858,2022-05-23 09:34:00,-1,16206.0,56849,56799,56844,0,-3.6124242424243835,False
56967,2022-05-23 11:23:00,1,16340.0,56845,55797,56840,5,2.846363636363818,True
57019,2022-05-23 12:15:00,1,16358.0,56990,56972,56985,0,0.12242424242470636,False
57122,2022-05-23 13:58:00,-1,16319.35,57083,57064,57078,1,-0.34545454545433035,True
57123,2022-05-23 13:59:00,-1,16310.0,57055,57040,57050,1,-1.2206060606057192,True
57155,2022-05-23 14:31:00,-1,16218.0,57144,57130,57139,0,-1.2069696969699586,False
57210,2022-05-23 15:26:00,-1,16166.0,56737,56721,56732,4,-1.9866666666671382,True
57210,2022-05-23 15:26:00,-1,16167.1,56780,56747,56775,4,-1.9866666666671382,True
57257,2022-05-24 09:58:00,-1,16126.4,57249,57231,57244,0,-0.4175757575758793,False
57275,2022-05-24 10:16:00,-1,16102.25,57268,56654,57263,0,-0.9024242424241603,False
57277,2022-05-24 10:18:00,-1,16100.2,56497,56485,56492,4,-1.6166666666658502,True
57335,2022-05-24 11:16:00,-1,16113.7,57326,57304,57321,2,-1.8321212121205641,True
57454,2022-05-24 13:15:00,-1,16107.5,57347,57335,57342,6,-8.444545454544576,True
57522,2022-05-24 14:23:00,-1,16097.2,57511,57461,57506,2,-0.789393939393993,True
57586,2022-05-24 15:27:00,1,16116.0,57585,57565,57580,0,1.4842424242416876,False
57589,2022-05-25 09:15:00,1,16133.9,57521,57492,57516,0,4.7436363636364,False
57708,2022-05-25 11:14:00,1,16152.95,57676,57635,57671,0,0.8806060606068781,False
57814,2022-05-25 13:00:00,-1,16034.05,57805,57551,57800,0,-0.3096969696974945,False
57926,2022-05-25 14:52:00,-1,16000.15,57881,57870,57876,7,-2.582424242424533,True
58197,2022-05-27 11:18:00,-1,16226.0,58190,58179,58185,0,-1.666969696969277,False
58215,2022-05-27 11:36:00,1,16259.85,58206,58189,58201,5,-0.42272727272695854,False
58260,2022-05-27 12:21:00,1,16265.0,58221,58208,58216,0,5.811212121211957,False
58260,2022-05-27 12:21:00,1,16256.0,58251,58226,58246,2,5.811212121211957,True
58279,2022-05-27 12:40:00,1,16289.0,58165,58131,58160,6,1.237575757575831,True
58304,2022-05-27 13:05:00,1,16293.05,58285,58272,58280,3,1.8624242424236872,True
58317,2022-05-27 13:18:00,1,16316.65,58117,58102,58112,1,0.9981818181821651,True
58356,2022-05-27 13:57:00,1,16337.45,58334,58318,58329,2,0.5927272727272064,True
58356,2022-05-27 13:57:00,1,16335.0,58354,58341,58349,0,0.5927272727272064,False
58393,2022-05-27 14:34:00,-1,16288.5,58386,58375,58381,2,-2.2912121212115584,True
58414,2022-05-27 14:55:00,1,16320.7,58411,58387,58406,1,1.4439393939402048,True
58520,2022-05-30 10:26:00,1,16612.0,58515,58500,58510,0,0.14969696969789348,False
58716,2022-05-30 13:42:00,-1,16635.8,58709,58695,58704,1,-0.9830303030305167,True
58748,2022-05-30 14:14:00,-1,16617.0,58674,58634,58669,0,-0.7163636363632824,False
58748,2022-05-30 14:14:00,-1,16625.0,58741,58679,58736,2,-0.7163636363632824,True
58815,2022-06-01 09:15:00,-1,16610.0,58778,58767,58773,0,-1.8560606060603162,False
58923,2022-06-01 11:03:00,-1,16584.15,58917,58892,58912,1,-1.5378787878793312,True
58972,2022-06-01 11:52:00,1,16599.9,58966,58955,58961,0,0.31060606060614665,False
59001,2022-06-01 12:21:00,-1,16563.5,58996,58982,58991,2,-0.6996969696963395,True
59051,2022-06-01 13:11:00,-1,16535.0,58870,58856,58865,0,-1.568787878787927,False
59144,2022-06-01 14:44:00,-1,16441.05,59134,59114,59129,0,-1.7669696969692061,False
59161,2022-06-01 15:01:00,1,16476.0,59142,59124,59137,0,1.695454545454513,False
59287,2022-06-02 10:52:00,-1,16486.0,59242,59229,59237,1,-5.631515151514817,True
59389,2022-06-02 12:34:00,1,16581.7,59026,59007,59021,1,0.7230303030302472,True
59389,2022-06-02 12:34:00,1,16575.0,59276,59037,59271,0,0.7230303030302472,False
59478,2022-06-02 14:03:00,1,16606.75,58977,58917,58972,9,1.2557575757577977,True
59490,2022-06-02 14:15:00,1,16622.5,58906,58833,58901,3,0.7700000000008486,True
59530,2022-06-02 14:55:00,1,16623.5,59526,59512,59521,0,0.18484848484870522,False
59536,2022-06-02 15:01:00,-1,16595.0,59513,59485,59508,0,0.6157575757575463,False
59565,2022-06-03 09:15:00,1,16674.0,58603,58569,58598,0,6.076969696970113,False
59565,2022-06-03 09:15:00,1,16661.25,58628,58615,58623,1,6.076969696970113,True
59565,2022-06-03 09:15:00,1,16656.2,58702,58683,58697,6,6.076969696970113,True
59565,2022-06-03 09:15:00,1,16655.15,58711,58647,58706,4,6.076969696970113,True
59565,2022-06-03 09:15:00,1,16662.4,58790,58608,58785,0,6.076969696970113,False
59565,2022-06-03 09:15:00,1,16646.25,59538,58811,59533,0,6.076969696970113,False
59565,2022-06-03 09:15:00,1,16640.0,59557,58820,59552,0,6.076969696970113,False
59618,2022-06-03 10:08:00,-1,16754.65,59613,59601,59608,2,-1.733636363635879,True
59712,2022-06-03 11:42:00,1,16752.4,59675,59634,59670,2,0.4442424242435466,True
59897,2022-06-03 14:47:00,-1,16622.0,59565,59554,59560,1,-2.778181818181547,True
59940,2022-06-06 09:15:00,-1,16578.0,59919,59469,59914,0,-4.308484848484643,False
60080,2022-06-06 11:35:00,-1,16494.0,60039,60001,60034,0,-0.6857575757571586,False
60080,2022-06-06 11:35:00,-1,16497.45,60065,60017,60060,6,-0.6857575757571586,True
60096,2022-06-06 11:51:00,1,16513.0,60089,60075,60084,1,1.7296969696967115,True
60114,2022-06-06 12:09:00,1,16543.95,60016,59987,60011,3,1.4566666666667218,True
60279,2022-06-06 14:54:00,1,16598.95,60277,60255,60272,1,-0.02272727272698501,False
60315,2022-06-07 09:15:00,-1,16460.0,59962,59219,59957,0,-4.895454545454,False
60480,2022-06-07 12:00:00,1,16407.4,60479,60423,60474,0,0.17212121212120973,False
60546,2022-06-07 13:06:00,-1,16400.0,60537,60516,60532,1,-1.426363636363902,True
60599,2022-06-07 13:59:00,-1,16399.15,60592,60580,60587,0,0.7703030303032795,False
60628,2022-06-07 14:28:00,1,16431.75,60530,60511,60525,5,2.660606060607178,True
60690,2022-06-08 09:15:00,1,16440.0,60677,60665,60672,0,-0.13969696969728482,False
60734,2022-06-08 09:59:00,-1,16372.0,60720,60463,60715,1,-2.6384848484845724,True
60922,2022-06-08 13:07:00,-1,16455.6,60914,60831,60909,2,-0.8330303030299131,True
60923,2022-06-08 13:08:00,-1,16452.9,60843,60823,60838,2,-1.095454545453766,True
61065,2022-06-09 09:15:00,-1,16326.0,61026,61011,61021,0,-4.649999999999164,False
61131,2022-06-09 10:21:00,1,16348.7,61112,61096,61107,0,2.0078787878799784,False
61149,2022-06-09 10:39:00,1,16377.0,61145,61051,61140,2,0.614545454545646,True
61170,2022-06-09 11:00:00,1,16385.0,60980,60969,60975,8,1.8236363636363297,True
61170,2022-06-09 11:00:00,1,16385.0,60999,60983,60994,6,1.8236363636363297,True
61291,2022-06-09 13:01:00,-1,16359.15,61287,61246,61282,0,-0.18272727272676448,False
61441,2022-06-10 09:16:00,-1,16305.75,61130,61086,61125,1,-16.061212121212215,True
61491,2022-06-10 10:06:00,-1,16263.0,61478,61463,61473,6,-0.17090909090962192,True
61694,2022-06-10 13:29:00,-1,16217.0,61662,61649,61657,8,-0.35151515151514323,True
61711,2022-06-10 13:46:00,1,16241.0,61687,61652,61682,1,3.156666666666805,True
61815,2022-06-13 09:15:00,-1,16191.05,61809,61764,61804,0,-14.26363636363625,False
61920,2022-06-13 11:00:00,1,15806.8,61864,61851,61859,2,0.5399999999999053,True
62000,2022-06-13 12:20:00,1,15794.1,61993,61979,61988,2,0.7087878787873373,True
62009,2022-06-13 12:29:00,-1,15777.1,61985,61973,61980,1,-0.7187878787884913,True
62150,2022-06-13 14:50:00,1,15753.95,62147,62078,62142,0,-1.9260606060603207,False
62177,2022-06-13 15:17:00,1,15767.95,62156,62063,62151,2,2.0342424242428554,True
62380,2022-06-15 12:25:00,1,15768.9,62370,62354,62365,1,2.379393939394587,True
62492,2022-06-15 14:17:00,-1,15750.0,62453,62434,62448,3,-1.8981818181821768,True
62493,2022-06-15 14:18:00,-1,15736.0,62380,62340,62375,0,-2.5460606060604722,False
62535,2022-06-15 15:00:00,-1,15722.05,62501,62310,62496,0,0.8881818181819092,False
62536,2022-06-15 15:01:00,-1,15707.5,62302,62236,62297,0,-0.5542424242417634,False
62542,2022-06-15 15:07:00,-1,15698.65,62541,62220,62536,0,-4.208484848484989,False
62565,2022-06-16 09:15:00,1,15799.0,62407,62394,62402,0,4.447272727272575,False
62565,2022-06-16 09:15:00,1,15752.0,62524,62513,62519,0,4.447272727272575,False
62687,2022-06-16 11:17:00,-1,15676.0,62129,62097,62124,2,-1.4893939393936113,True
62687,2022-06-16 11:17:00,-1,15673.5,62682,62115,62677,1,-1.4893939393936113,True
62711,2022-06-16 11:41:00,-1,15614.0,62705,62692,62700,1,-2.750303030301691,True
63055,2022-06-17 11:10:00,1,15349.75,63050,63039,63045,0,1.335151515151576,False
63152,2022-06-17 12:47:00,-1,15258.0,63135,63110,63130,2,-3.2290909090907682,True
63225,2022-06-17 14:00:00,1,15331.6,63208,63193,63203,3,2.590909090909392,True
63339,2022-06-20 09:39:00,-1,15247.0,63158,63098,63153,3,-3.5396969696966476,True
63444,2022-06-20 11:24:00,1,15308.95,63432,63412,63427,2,1.511515151515183,True
63500,2022-06-20 12:20:00,1,15359.0,63494,63483,63489,0,0.029696969697290687,False
63603,2022-06-20 14:03:00,-1,15276.6,63565,63439,63560,1,-0.9478787878782597,True
63646,2022-06-20 14:46:00,-1,15264.05,63423,63395,63418,4,-2.413939393939035,True
63673,2022-06-20 15:13:00,1,15345.95,63549,63532,63544,2,3.7969696969696685,True
63690,2022-06-21 09:15:00,1,15380.0,63510,63315,63505,2,5.328181818181831,True
63721,2022-06-21 09:46:00,1,15494.8,63700,62805,63695,0,2.3860606060608887,False
63757,2022-06-21 10:22:00,1,15589.8,62773,62762,62768,0,-0.12484848484898838,False
63833,2022-06-21 11:38:00,1,15609.0,63773,62728,63768,1,2.4160606060611483,True
63899,2022-06-21 12:44:00,1,15627.45,63848,63837,63843,6,0.03606060606125035,True
64018,2022-06-21 14:43:00,-1,15681.0,64000,63987,63995,1,-2.698181818181511,True
64033,2022-06-21 14:58:00,-1,15641.15,64027,63911,64022,0,-0.698787878786746,False
64065,2022-06-22 09:15:00,-1,15568.5,63810,63782,63805,1,-6.0090909090904665,True
64227,2022-06-22 11:57:00,-1,15451.0,64200,64136,64195,2,-1.0163636363633697,True
64528,2022-06-23 10:43:00,-1,15583.2,64524,64506,64519,0,0.8006060606055855,False
64626,2022-06-23 12:21:00,-1,15492.35,64615,64603,64610,0,-3.4212121212114743,False
64672,2022-06-23 13:07:00,-1,15387.4,64417,64366,64412,1,-0.35757575757561805,True
64672,2022-06-23 13:07:00,-1,15398.0,64444,64429,64439,5,-0.35757575757561805,True
64701,2022-06-23 13:36:00,1,15476.85,64647,64634,64642,1,10.707272727272755,True
64814,2022-06-23 15:29:00,1,15591.95,64788,64770,64783,1,1.6560606060612337,True
64878,2022-06-24 10:18:00,-1,15671.1,64874,64842,64869,1,-0.433636363636862,True
64968,2022-06-24 11:48:00,-1,15654.85,64966,64950,64961,1,-0.7448484848482885,True
65107,2022-06-24 14:07:00,1,15693.6,65106,65089,65101,0,0.15909090909134038,False
65108,2022-06-24 14:08:00,1,15698.9,64949,64936,64944,2,0.713939393939552,True
65108,2022-06-24 14:08:00,1,15699.55,65053,64919,65048,1,0.713939393939552,True
65174,2022-06-24 15:14:00,1,15718.0,65170,65141,65165,2,1.3033333333331427,True
65190,2022-06-27 09:15:00,1,15727.0,65135,64866,65130,2,9.544848484848389,True
65224,2022-06-27 09:49:00,-1,15894.1,65220,65205,65215,2,-0.5824242424241687,True
65283,2022-06-27 10:48:00,-1,15866.4,65256,65195,65251,0,-1.9845454545453634,False
65334,2022-06-27 11:39:00,-1,15851.1,65302,65285,65297,2,-3.184545454545134,True
65410,2022-06-27 12:55:00,1,15893.6,65405,65393,65400,0,0.27030303030340325,False
65411,2022-06-27 12:56:00,1,15903.25,65282,65260,65277,1,1.5442424242428727,True
65421,2022-06-27 13:06:00,1,15906.0,65244,65230,65239,7,0.5021212121211969,True
65491,2022-06-27 14:16:00,-1,15873.85,65409,65397,65404,4,-0.981515151514713,True
65536,2022-06-27 15:01:00,-1,15832.7,65356,65340,65351,1,-0.16303030303007465,True
65666,2022-06-28 10:56:00,1,15747.6,65646,65601,65641,3,0.5357575757581321,True
65668,2022-06-28 10:58:00,-1,15735.05,65664,65648,65659,0,0.8733333333328797,False
65699,2022-06-28 11:29:00,1,15765.0,65697,65680,65692,0,-0.07090909090840901,False
65927,2022-06-28 15:17:00,1,15849.2,65891,65553,65886,3,-0.274545454545179,False
65940,2022-06-29 09:15:00,-1,15829.6,65929,65917,65924,0,-6.885151515150632,False
65987,2022-06-29 10:02:00,1,15743.45,65986,65975,65981,0,0.06181818181840729,False
66076,2022-06-29 11:31:00,1,15772.0,66074,66019,66069,1,0.6145454545455781,True
66151,2022-06-29 12:46:00,1,15800.0,66146,66118,66141,1,0.03939393939405076,True
66260,2022-06-29 14:35:00,-1,15805.0,66225,66211,66220,1,-3.0669696969700015,True
66293,2022-06-29 15:08:00,-1,15789.2,66200,66161,66195,9,-3.4078787878782,True
66337,2022-06-30 09:37:00,1,15861.95,65944,65928,65939,1,2.1499999999997113,True
66340,2022-06-30 09:40:00,1,15867.0,65539,65526,65534,2,3.9106060606061965,True
66372,2022-06-30 10:12:00,-1,15826.6,66368,66330,66363,0,-1.877272727272533,False
66433,2022-06-30 11:13:00,-1,15770.0,66421,66380,66416,4,-1.629393939393318,True
66434,2022-06-30 11:14:00,-1,15758.05,66090,66073,66085,4,-2.3727272727272206,True
66486,2022-06-30 12:06:00,-1,15757.1,66318,66136,66313,10,-1.8303030303030923,True
66487,2022-06-30 12:07:00,-1,15752.0,66465,66067,66460,1,-1.8263636363631832,True
66510,2022-06-30 12:30:00,-1,15725.45,66500,65984,66495,0,-0.7621212121209026,False
66614,2022-06-30 14:14:00,1,15830.6,66590,66405,66585,1,5.0533333333328585,True
66810,2022-07-01 11:15:00,1,15608.0,66795,66772,66790,0,2.1524242424239497,False
66842,2022-07-01 11:47:00,-1,15580.0,66809,66798,66804,0,-1.2854545454540371,False
66873,2022-07-01 12:18:00,1,15629.0,66827,66816,66822,1,1.7321212121211849,True
66912,2022-07-01 12:57:00,1,15639.3,66898,66873,66893,1,2.166969696969539,True
67006,2022-07-01 14:31:00,-1,15637.5,67004,66952,66999,0,0.3842424242422339,False
67019,2022-07-01 14:44:00,1,15697.95,66942,66700,66937,0,1.554545454545059,False
67097,2022-07-04 09:47:00,-1,15690.95,67075,67037,67070,0,-3.743636363636228,False
67155,2022-07-04 10:45:00,1,15696.1,67148,67136,67143,0,1.00787878787858,False
67197,2022-07-04 11:27:00,1,15734.35,67178,67089,67173,1,1.833636363636934,True
67247,2022-07-04 12:17:00,1,15765.0,67244,67232,67239,0,-1.2209090909091092,False
67278,2022-07-04 12:48:00,-1,15741.55,67250,67222,67245,1,-0.7299999999987457,True
67294,2022-07-04 13:04:00,1,15772.7,67265,67247,67260,4,1.8736363636361233,True
67358,2022-07-04 14:08:00,1,15760.4,67335,67317,67330,2,1.0330303030302055,True
67569,2022-07-05 11:24:00,1,15992.6,67549,67529,67544,0,2.220909090908917,False
67674,2022-07-05 13:09:00,-1,15950.95,67508,67495,67503,3,-0.2218181818182302,True
67776,2022-07-05 14:51:00,-1,15804.7,67772,67745,67767,1,-2.156666666667361,True
67904,2022-07-06 10:44:00,1,15869.9,67884,67868,67879,3,1.5539393939391573,True
67954,2022-07-06 11:34:00,-1,15840.0,67886,67863,67881,4,-2.2887878787875087,True
68047,2022-07-06 13:07:00,1,15972.15,67695,67684,67690,4,0.7478787878790848,True
68047,2022-07-06 13:07:00,1,15974.9,68045,67671,68040,0,0.7478787878790848,False
68146,2022-07-06 14:46:00,-1,15882.65,68137,68112,68132,1,-2.82727272727232,True
68304,2022-07-07 11:09:00,-1,16085.2,68302,68258,68297,0,-0.1787878787876801,False
68418,2022-07-07 13:03:00,1,16117.65,68359,68335,68354,1,1.646666666666769,True
68452,2022-07-07 13:37:00,1,16130.55,68439,68280,68434,8,1.1036363636364976,True
68452,2022-07-07 13:37:00,1,16135.0,68446,68420,68441,1,1.1036363636364976,True
68486,2022-07-07 14:11:00,-1,16075.0,68325,68247,68320,1,-0.47696969696923913,True
68486,2022-07-07 14:11:00,-1,16077.1,68483,68402,68478,0,-0.47696969696923913,False
68519,2022-07-07 14:44:00,1,16119.0,68513,68470,68508,4,1.294848484848836,True
68675,2022-07-08 11:05:00,-1,16202.9,68667,68655,68662,2,-1.4972727272723112,True
68810,2022-07-08 13:20:00,-1,16191.0,68792,68759,68787,3,-1.135454545454337,True
68827,2022-07-08 13:37:00,1,16220.0,68673,68650,68668,2,1.3230303030303556,True
68867,2022-07-08 14:17:00,-1,16187.2,68865,68850,68860,0,-0.13424242424200944,False
68911,2022-07-08 15:01:00,1,16205.0,68880,68853,68875,1,2.58939393939424,True
68957,2022-07-11 09:32:00,-1,16122.0,68945,68536,68940,0,-1.4442424242428051,False
69069,2022-07-11 11:24:00,-1,16133.75,69052,69034,69047,2,-1.3906060606057677,True
69074,2022-07-11 11:29:00,-1,16129.0,69030,68983,69025,1,-0.1954545454531946,True
69163,2022-07-11 12:58:00,1,16139.1,69153,69114,69148,3,0.39696969696961665,True
69167,2022-07-11 13:02:00,1,16143.2,69160,69082,69155,2,0.8615151515155135,True
69258,2022-07-11 14:33:00,1,16240.0,68942,68922,68937,5,0.0057575757575975915,True
69299,2022-07-11 15:14:00,-1,16210.0,69292,69276,69287,1,-2.0021212121201404,True
69315,2022-07-12 09:15:00,-1,16141.85,69200,69175,69195,0,-4.483333333332908,False
69365,2022-07-12 10:05:00,1,16140.85,69364,69336,69359,0,2.393030303030844,False
69593,2022-07-12 13:53:00,1,16105.0,69588,69576,69583,1,0.5472727272733017,True
69659,2022-07-12 14:59:00,-1,16077.05,69604,69571,69599,1,-3.284545454546046,True
69722,2022-07-13 09:47:00,1,16125.5,69707,69692,69702,4,0.9300000000011835,True
69756,2022-07-13 10:21:00,-1,16108.45,69722,69710,69717,1,-3.0578787878791616,True
69814,2022-07-13 11:19:00,1,16091.05,69798,69783,69793,1,0.5345454545452443,True
69982,2022-07-13 14:07:00,1,16017.55,69972,69933,69967,1,3.6675757575755084,True
70022,2022-07-13 14:47:00,-1,15998.55,70021,70004,70016,0,-0.32272727272769547,False
70065,2022-07-14 09:15:00,1,16016.85,70040,70018,70035,0,0.18696969696996635,False
70070,2022-07-14 09:20:00,1,16024.0,69998,69983,69993,6,2.992424242424571,True
70290,2022-07-14 13:00:00,1,15982.1,70256,70211,70251,1,2.0503030303032816,True
70345,2022-07-14 13:55:00,-1,15922.8,70325,70314,70320,7,-2.377878787878907,True
70410,2022-07-14 15:00:00,1,15918.85,70395,70358,70390,0,1.6690909090914945,False
70440,2022-07-15 09:15:00,1,15947.4,70341,70321,70336,4,2.843939393939905,True
70531,2022-07-15 10:46:00,-1,15982.3,70526,70512,70521,1,-0.838787878787377,True
70652,2022-07-15 12:47:00,1,15967.45,70645,70620,70640,1,1.371212121211114,True
70696,2022-07-15 13:31:00,-1,15968.8,70674,70663,70669,1,-0.15757575757543382,True
70739,2022-07-15 14:14:00,1,15995.0,70679,70665,70674,3,1.9427272727279108,True
70739,2022-07-15 14:14:00,1,15996.9,70685,70528,70680,0,1.9427272727279108,False
70785,2022-07-15 15:00:00,1,16046.8,70176,70165,70171,4,2.0260606060605784,True
70786,2022-07-15 15:01:00,1,16048.3,70770,70145,70765,1,2.723333333333812,True
70868,2022-07-18 10:08:00,1,16197.85,70866,70847,70861,1,0.5299999999996449,True
70946,2022-07-18 11:26:00,-1,16229.85,70939,70924,70934,0,0.1339393939393964,False
70975,2022-07-18 11:55:00,-1,16219.3,70969,70955,70964,0,-0.8433333333335105,False
71064,2022-07-18 13:24:00,-1,16233.0,71055,71030,71050,1,-0.9512121212114908,True
71096,2022-07-18 13:56:00,1,16252.85,71045,71033,71040,0,0.7984848484851799,False
71148,2022-07-18 14:48:00,1,16272.0,71136,71125,71131,2,1.742727272727422,True
71188,2022-07-18 15:28:00,1,16306.0,71187,71168,71182,0,0.49424242424267556,False
71340,2022-07-19 11:45:00,-1,16271.1,71246,71233,71241,1,-2.706060606060051,True
71387,2022-07-19 12:32:00,1,16317.0,71383,71372,71378,1,-0.027575757575619968,False
71490,2022-07-19 14:15:00,-1,16292.0,71476,71461,71471,0,-2.0521212121208072,False
71503,2022-07-19 14:28:00,1,16332.05,71396,71308,71391,1,1.7742424242434758,True
71565,2022-07-20 09:15:00,1,16364.5,71542,71528,71537,0,8.670303030303478,False
71646,2022-07-20 10:36:00,1,16550.35,71601,71565,71596,2,0.0812121212127339,True
71716,2022-07-20 11:46:00,-1,16547.75,71715,71697,71710,0,-0.08272727272733928,False
71719,2022-07-20 11:49:00,-1,16542.65,71667,71652,71662,3,-1.0015151515145124,True
71785,2022-07-20 12:55:00,-1,16564.0,71781,71770,71776,0,-0.021212121211294267,False
71803,2022-07-20 13:13:00,-1,16532.3,71731,71644,71726,0,-1.2190909090910516,False
71804,2022-07-20 13:14:00,-1,16525.0,71622,71609,71617,0,-1.7303030303025237,False
71877,2022-07-20 14:27:00,-1,16511.1,71876,71806,71871,0,-0.3648484848481026,False
71934,2022-07-20 15:24:00,-1,16507.1,71883,71574,71878,5,-0.6527272727272974,True
71970,2022-07-21 09:45:00,1,16541.95,71890,71864,71885,0,0.8487878787879732,False
71970,2022-07-21 09:45:00,1,16539.05,71922,71911,71917,2,0.8487878787879732,True
72066,2022-07-21 11:21:00,1,16578.4,72044,71778,72039,4,0.16454545454591707,True
72127,2022-07-21 12:22:00,-1,16566.1,72112,72062,72107,2,-1.0557575757578117,True
72156,2022-07-21 12:51:00,1,16584.1,72153,72115,72148,0,-0.46090909090938753,False
72165,2022-07-21 13:00:00,-1,16560.55,72146,72126,72141,2,-1.7042424242428993,True
72166,2022-07-21 13:01:00,-1,16549.55,72056,71992,72051,0,-2.849696969696919,False
72261,2022-07-21 14:36:00,1,16590.55,72165,72102,72160,4,0.9748484848483758,True
72297,2022-07-21 15:12:00,1,16600.0,72267,72085,72262,1,3.4693939393944024,True
72358,2022-07-22 09:58:00,-1,16640.0,72356,72345,72351,0,0.8230303030302298,False
72455,2022-07-22 11:35:00,1,16643.45,72452,72437,72447,0,0.42090909090903417,False
72464,2022-07-22 11:44:00,1,16650.45,72389,72367,72384,3,0.7193939393939699,True
72680,2022-07-22 15:20:00,-1,16715.15,72664,72648,72659,4,-2.124242424242474,True
72706,2022-07-25 09:31:00,-1,16657.7,72577,72547,72572,0,-3.669696969696181,False
72799,2022-07-25 11:04:00,-1,16593.05,72787,72765,72782,1,-1.658484848484546,True
72928,2022-07-25 13:13:00,1,16608.9,72894,72855,72889,0,1.6000000000003334,False
72930,2022-07-25 13:15:00,1,16619.25,72781,72763,72776,1,3.3893939393945667,True
72997,2022-07-25 14:22:00,1,16664.6,72996,72713,72991,0,0.8236363636365142,False
73035,2022-07-25 15:00:00,-1,16665.0,73034,73016,73029,0,-0.09454545454616632,False
73065,2022-07-26 09:15:00,-1,16602.25,73064,72978,73059,0,-0.027272727272737336,False
73069,2022-07-26 09:19:00,-1,16575.0,72870,72838,72865,3,-4.252121212120902,True
73072,2022-07-26 09:22:00,-1,16560.3,72815,72279,72810,3,-7.002727272725844,True
73083,2022-07-26 09:33:00,-1,16552.0,73080,72245,73075,0,0.6230303030305978,False
73224,2022-07-26 11:54:00,1,16538.8,73209,73197,73204,0,0.2054545454545103,False
73231,2022-07-26 12:01:00,1,16549.45,73105,73094,73100,5,2.491818181818989,True
73261,2022-07-26 12:31:00,1,16553.35,73259,73231,73254,1,-0.5569696969701435,False
73310,2022-07-26 13:20:00,1,16558.0,73296,73280,73291,5,0.5739393939401984,True
73391,2022-07-26 14:41:00,-1,16508.0,73356,73147,73351,3,-1.7863636363630024,True
73437,2022-07-26 15:27:00,-1,16485.0,73417,73395,73412,5,-0.7936363636362725,True
73588,2022-07-27 11:43:00,1,16566.4,73587,73545,73582,0,0.7681818181817619,False
73625,2022-07-27 12:20:00,-1,16554.0,73615,73600,73610,0,-0.084545454545004,False
73658,2022-07-27 12:53:00,1,16573.0,73593,73081,73588,1,1.738181818182056,True
73785,2022-07-27 15:00:00,1,16635.1,73705,73065,73700,0,2.618181818182588,False
73859,2022-07-28 09:59:00,1,16793.9,73856,73830,73851,0,0.2512121212124803,False
73959,2022-07-28 11:39:00,1,16879.95,73958,73935,73953,0,0.6351515151514672,False
74135,2022-07-28 14:35:00,-1,16895.45,74110,74078,74105,0,-2.096363636363456,False
74147,2022-07-28 14:47:00,-1,16879.25,74048,73998,74043,6,-2.0545454545448125,True
74165,2022-07-28 15:05:00,1,16920.0,74133,74115,74128,1,6.1806060606071735,True
74167,2022-07-28 15:07:00,1,16925.75,74104,74064,74099,1,6.247272727273041,True
74301,2022-07-29 11:06:00,1,17116.85,74298,74285,74293,1,1.043030303030709,True
74357,2022-07-29 12:02:00,1,17146.9,74346,74334,74341,4,1.2072727272731756,True
74405,2022-07-29 12:50:00,1,17149.65,74372,74356,74367,3,1.4087878787878083,True
74451,2022-07-29 13:36:00,-1,17119.9,74386,74336,74381,1,-1.8684848484844705,True
74490,2022-07-29 14:15:00,-1,17112.45,74457,74317,74452,4,-0.2324242424238341,True
74505,2022-07-29 14:30:00,1,17138.9,74494,74483,74489,1,2.6487878787883057,True
74535,2022-07-29 15:00:00,1,17171.0,74416,74233,74411,0,3.9612121212125224,False
74535,2022-07-29 15:00:00,1,17158.45,74449,74427,74444,1,3.9612121212125224,True
74788,2022-08-01 12:58:00,1,17332.9,74784,74765,74779,0,-0.2157575757570105,False
74829,2022-08-01 13:39:00,1,17342.05,74825,74792,74820,0,-0.8636363636358395,False
74892,2022-08-01 14:42:00,1,17359.95,74887,74860,74882,1,0.765454545454839,True
74940,2022-08-02 09:15:00,-1,17320.1,74816,74781,74811,0,-2.3718181818187745,False
74940,2022-08-02 09:15:00,-1,17326.25,74842,74826,74837,0,-2.3718181818187745,False
74940,2022-08-02 09:15:00,-1,17337.3,74890,74872,74885,0,-2.3718181818187745,False
75228,2022-08-02 14:03:00,1,17354.95,75225,74958,75220,0,-0.2839393939392026,False
75307,2022-08-02 15:22:00,-1,17336.2,75245,75226,75240,2,-6.0075757575757045,True
75457,2022-08-03 11:37:00,1,17272.8,75455,75433,75450,0,0.6575757575755526,False
75468,2022-08-03 11:48:00,1,17298.95,75427,75396,75422,1,1.415757575757237,True
75498,2022-08-03 12:18:00,-1,17250.1,75458,75438,75453,0,0.27878787878802086,False
75498,2022-08-03 12:18:00,-1,17262.0,75496,75485,75491,0,0.27878787878802086,False
75622,2022-08-03 14:22:00,1,17344.4,75366,75353,75361,2,1.3821212121215316,True
75671,2022-08-03 15:11:00,1,17406.7,75329,75293,75324,4,1.29242424242559,True
75687,2022-08-03 15:27:00,1,17420.0,75679,75270,75674,0,1.829696969697088,False
75744,2022-08-04 10:09:00,-1,17463.65,75720,75706,75715,0,-1.2054545454544097,False
75808,2022-08-04 11:13:00,-1,17427.65,75784,75767,75779,0,-1.1318181818173683,False
75827,2022-08-04 11:32:00,-1,17272.05,75530,75514,75525,2,-9.929090909091295,True
75908,2022-08-04 12:53:00,1,17333.7,75881,75867,75876,0,0.06666666666705313,False
75976,2022-08-04 14:01:00,-1,17302.0,75930,75904,75925,2,-3.2530303030300463,True
76025,2022-08-04 14:50:00,1,17351.0,75965,75945,75960,2,3.623939393939387,True
76078,2022-08-05 09:28:00,1,17467.05,75788,75751,75783,3,4.844848484848689,True
76108,2022-08-05 09:58:00,1,17480.0,76092,76080,76087,1,2.8742424242427624,True
76175,2022-08-05 11:05:00,1,17486.3,76139,76119,76134,9,1.9484848484846888,True
76177,2022-08-05 11:07:00,1,17495.0,76146,76112,76141,2,2.904848484848654,True
76207,2022-08-05 11:37:00,-1,17480.8,76206,76190,76201,0,-0.7460606060600768,False
76264,2022-08-05 12:34:00,-1,17470.9,76260,76249,76255,3,-1.409393939393798,True
76327,2022-08-05 13:37:00,1,17449.85,76322,76303,76317,1,1.3966666666664924,True
76347,2022-08-05 13:57:00,1,17461.75,76337,76282,76332,2,0.6160606060606812,True
76454,2022-08-08 09:29:00,1,17440.0,76447,76410,76442,0,4.473636363637002,False
76501,2022-08-08 10:16:00,1,17469.65,76475,76347,76470,1,2.268787878787468,True
76509,2022-08-08 10:24:00,1,17473.6,76505,76270,76500,0,-0.08666666666671859,False
76524,2022-08-08 10:39:00,1,17489.0,76258,76239,76253,2,0.737575757576045,True
76564,2022-08-08 11:19:00,-1,17488.0,76563,76546,76558,0,0.18484848484934213,False
76698,2022-08-08 13:33:00,1,17565.0,76672,76657,76667,0,0.4696969696966013,False
76734,2022-08-08 14:09:00,-1,17552.1,76731,76691,76726,2,-0.9345454545448895,True
76768,2022-08-08 14:43:00,-1,17533.75,76762,76682,76757,0,-0.33181818181814904,False
76816,2022-08-10 09:16:00,-1,17542.0,76810,76780,76805,0,2.167575757575683,False
76848,2022-08-10 09:48:00,-1,17491.05,76845,76601,76840,0,0.3466666666666004,False
76859,2022-08-10 09:59:00,-1,17472.9,76855,76521,76850,3,-1.1739393939391596,True
76935,2022-08-10 11:15:00,-1,17527.0,76931,76919,76926,2,-1.0684848484852993,True
76996,2022-08-10 12:16:00,1,17536.8,76975,76950,76970,1,2.9615151515157394,True
77040,2022-08-10 13:00:00,1,17546.25,77035,76997,77030,0,-0.14999999999976535,False
77066,2022-08-10 13:26:00,-1,17518.55,77060,77012,77055,0,0.03545454545466532,False
77112,2022-08-10 14:12:00,1,17555.0,77110,76906,77105,1,1.68939393939344,True
77117,2022-08-10 14:17:00,1,17574.95,76790,76741,76785,3,3.442121212120702,True
77190,2022-08-11 09:15:00,1,17583.9,76722,76702,76717,2,8.224545454544907,True
77298,2022-08-11 11:03:00,-1,17708.0,77297,77285,77292,0,-0.28878787878780005,False
77323,2022-08-11 11:28:00,-1,17700.0,77303,77249,77298,1,-1.4903030303031874,True
77438,2022-08-11 13:23:00,-1,17680.0,77366,77334,77361,2,-1.58424242424282,True
77564,2022-08-11 15:29:00,-1,17674.0,77554,77522,77549,0,-0.941515151515613,False
77611,2022-08-12 10:01:00,1,17684.0,77609,77565,77604,0,0.5869696969702891,False
77647,2022-08-12 10:37:00,-1,17691.1,77645,77627,77640,1,-0.4396969696967852,True
77748,2022-08-12 12:18:00,-1,17692.05,77695,77674,77690,0,-1.4293939393932313,False
77770,2022-08-12 12:40:00,1,17711.35,77744,77715,77739,4,0.7215151515149765,True
77780,2022-08-12 12:50:00,1,17719.2,77319,77290,77314,12,0.389393939394557,True
77783,2022-08-12 12:53:00,1,17724.45,77280,77266,77275,3,1.735757575758189,True
77815,2022-08-12 13:25:00,-1,17719.75,77808,77796,77803,2,-0.46060606060632175,True
77832,2022-08-12 13:42:00,1,17736.15,77795,77191,77790,0,-0.16030303030259435,False
77940,2022-08-16 09:15:00,1,17740.0,77869,77850,77864,0,3.1042424242427478,False
77940,2022-08-16 09:15:00,1,17730.25,77932,77873,77927,0,3.1042424242427478,False
78040,2022-08-16 10:55:00,1,17847.25,78018,78006,78013,0,0.9596969696970327,False
78067,2022-08-16 11:22:00,-1,17832.45,78032,77999,78027,2,-1.8709090909090105,True
78092,2022-08-16 11:47:00,-1,17823.65,78075,77971,78070,2,-1.0712121212121604,True
78174,2022-08-16 13:09:00,-1,17814.85,78157,78145,78152,0,-0.05545454545405467,False
78242,2022-08-16 14:17:00,1,17835.0,78240,78169,78235,0,0.09000000000021957,False
78293,2022-08-16 15:08:00,1,17844.75,78276,78255,78271,5,2.35151515151495,True
78342,2022-08-17 09:42:00,1,17904.0,78334,78323,78329,0,0.7666666666665772,False
78532,2022-08-17 12:52:00,1,17955.0,78511,78449,78506,1,0.7190909090910339,True
78546,2022-08-17 13:06:00,1,17960.0,78545,78532,78540,0,-0.42727272727245214,False
78589,2022-08-17 13:49:00,-1,17943.95,78529,78515,78524,1,-0.7454545454546517,True
78615,2022-08-17 14:15:00,-1,17938.7,78502,78488,78497,3,0.25575757575795993,False
78615,2022-08-17 14:15:00,-1,17940.15,78602,78589,78597,7,0.25575757575795993,False
78641,2022-08-17 14:41:00,1,17963.3,78632,78584,78627,1,0.4972727272728933,True
78690,2022-08-18 09:15:00,-1,17932.0,78422,78410,78417,2,-1.6378787878786591,True
78825,2022-08-18 11:30:00,-1,17882.0,78710,78334,78705,2,-2.0606060606059535,True
78887,2022-08-18 12:32:00,1,17896.0,78850,78836,78845,0,0.7224242424246846,False
78954,2022-08-18 13:39:00,-1,17910.0,78952,78940,78947,0,-0.5351515151512054,False
79085,2022-08-19 09:35:00,-1,17950.0,79076,79038,79071,1,-0.3615151515147099,True
79121,2022-08-19 10:11:00,-1,17950.0,79118,79107,79113,2,-0.6254545454541686,True
79178,2022-08-19 11:08:00,-1,17891.75,78925,78913,78920,8,-5.5266666666670385,True
79178,2022-08-19 11:08:00,-1,17890.0,78981,78966,78976,1,-5.5266666666670385,True
79195,2022-08-19 11:25:00,-1,17858.85,79184,78856,79179,0,-2.2327272727272485,False
79232,2022-08-19 12:02:00,-1,17791.7,79220,78189,79215,0,-2.7903030303028538,False
79378,2022-08-19 14:28:00,1,17787.0,79375,79337,79370,1,0.26757575757607277,True
79431,2022-08-19 15:21:00,-1,17760.0,79415,79401,79410,2,-1.6066666666665177,True
79507,2022-08-22 10:22:00,-1,17585.0,79505,79493,79500,0,0.8951515151522837,False
79554,2022-08-22 11:09:00,-1,17567.0,79534,79513,79529,4,-1.111212121212072,True
79637,2022-08-22 12:32:00,1,17594.9,79616,79549,79611,3,0.30181818181902653,True
79663,2022-08-22 12:58:00,-1,17561.2,79578,79548,79573,3,-2.069696969697191,True
79721,2022-08-22 13:56:00,-1,17525.0,79714,79697,79709,2,-0.5493939393940894,True
79742,2022-08-22 14:17:00,1,17544.7,79739,79702,79734,2,0.5609090909086203,True
79851,2022-08-23 09:51:00,1,17558.0,79754,79743,79749,3,1.748787878788677,True
79971,2022-08-23 11:51:00,-1,17468.25,79967,79950,79962,0,-0.5675757575752167,False
79997,2022-08-23 12:17:00,-1,17455.0,79995,79971,79990,0,1.004545454545625,False
80025,2022-08-23 12:45:00,1,17507.5,80022,79976,80017,0,0.2860606060610936,False
80051,2022-08-23 13:11:00,1,17553.35,80045,79879,80040,0,1.0348484848484163,False
80120,2022-08-23 14:20:00,1,17607.0,79646,79506,79641,1,0.3066666666669833,True
80161,2022-08-23 15:01:00,-1,17555.0,80137,80091,80132,4,-0.20636363636302996,True
80354,2022-08-24 11:59:00,-1,17573.05,80280,80266,80275,3,-4.471515151514433,True
80408,2022-08-24 12:53:00,-1,17555.0,80381,80355,80376,2,-3.5981818181818532,True
80544,2022-08-24 15:09:00,1,17606.0,80531,80388,80526,5,1.8890909090910852,True
80546,2022-08-24 15:11:00,1,17628.35,80335,80313,80330,1,2.629090909091604,True
80668,2022-08-25 10:58:00,1,17706.6,80664,80646,80659,0,0.11484848484933277,False
80679,2022-08-25 11:09:00,-1,17685.9,80661,80643,80656,0,-1.9487878787875665,False
80735,2022-08-25 12:05:00,1,17712.0,80674,80632,80669,1,1.0075757575761932,True
80777,2022-08-25 12:47:00,1,17725.2,80755,80611,80750,0,0.5033333333330802,False
80811,2022-08-25 13:21:00,-1,17703.65,80805,80770,80800,0,-1.232121212120441,False
80837,2022-08-25 13:47:00,-1,17700.55,80817,80760,80812,0,-1.6396969696971864,False
80870,2022-08-25 14:20:00,-1,17692.0,80868,80851,80863,0,-0.4248484848491404,False
80910,2022-08-25 15:00:00,-1,17564.6,80505,80490,80500,0,-6.6124242424242,False
80922,2022-08-25 15:12:00,-1,17511.75,80917,80228,80912,0,-1.677878787879088,False
81069,2022-08-26 11:24:00,1,17696.1,81057,81032,81052,1,2.1963636363631194,True
81159,2022-08-26 12:54:00,1,17718.5,81153,81135,81148,0,0.7472727272733805,False
81285,2022-08-26 15:00:00,-1,17663.0,81270,81240,81265,0,1.5027272727271797,False
81431,2022-08-29 11:11:00,-1,17355.0,81381,81368,81376,5,-0.5136363636365295,True
81431,2022-08-29 11:11:00,-1,17355.0,81417,81403,81412,0,-0.5136363636365295,False
81441,2022-08-29 11:21:00,1,17373.7,81427,81400,81422,2,3.5666666666665066,True
81445,2022-08-29 11:25:00,1,17384.95,81397,81377,81392,4,6.3763636363639815,True
81506,2022-08-29 12:26:00,1,17399.0,81504,81441,81499,0,0.13212121212139855,False
81625,2022-08-29 14:25:00,-1,17380.0,81577,81555,81572,1,-3.0818181818184427,True
81634,2022-08-29 14:34:00,-1,17365.05,81543,81532,81538,0,0.2824242424239374,False
81690,2022-08-30 09:15:00,1,17440.0,81596,81514,81591,0,4.731818181818187,False
81742,2022-08-30 10:07:00,1,17525.0,81740,81726,81735,1,0.8230303030303252,True
81802,2022-08-30 11:07:00,1,17585.0,81798,81783,81793,0,0.8987878787876232,False
81917,2022-08-30 13:02:00,1,17691.3,81289,81258,81284,4,1.0972727272732086,True
81932,2022-08-30 13:17:00,1,17699.0,81249,81229,81244,8,0.8384848484856036,True
81955,2022-08-30 13:40:00,1,17729.45,81167,81114,81162,0,1.455151515151339,False
82065,2022-09-01 09:15:00,-1,17741.0,82028,82016,82023,0,-14.394545454544922,False
82067,2022-09-01 09:17:00,-1,17585.15,81847,81834,81842,1,-29.636969696969604,True
82188,2022-09-01 11:18:00,1,17700.35,82173,82156,82168,0,3.169393939394576,False
82224,2022-09-01 11:54:00,-1,17625.5,82222,82101,82217,1,-3.608484848484459,True
82260,2022-09-01 12:30:00,-1,17618.0,82257,82240,82252,2,-1.1042424242422264,True
82300,2022-09-01 13:10:00,-1,17570.0,82081,81791,82076,3,-1.498484848484264,True
82344,2022-09-01 13:54:00,-1,17529.0,82070,81771,82065,0,-3.4496969696967748,False
82421,2022-09-01 15:11:00,1,17600.0,82316,82296,82311,0,5.053636363635805,False
82458,2022-09-02 09:33:00,-1,17583.6,82451,82430,82446,5,-3.0251515151512427,True
82485,2022-09-02 10:00:00,-1,17524.95,82466,82415,82461,3,-3.235151515151724,True
82587,2022-09-02 11:42:00,1,17558.8,82574,82556,82569,0,1.2275757575755482,False
82629,2022-09-02 12:24:00,1,17593.95,82628,82613,82623,0,0.508181818181917,False
82660,2022-09-02 12:55:00,1,17597.8,82640,82473,82635,6,2.2481818181819833,True
82727,2022-09-02 14:02:00,1,17630.0,82721,82685,82716,2,1.7063636363642145,True
82916,2022-09-05 10:56:00,-1,17663.9,82905,82859,82900,0,-1.3003030303029315,False
82980,2022-09-05 12:00:00,1,17685.0,82973,82908,82968,5,0.1803030303040898,True
82992,2022-09-05 12:12:00,1,17697.2,82891,82873,82886,2,2.0054545454547967,True
83054,2022-09-05 13:14:00,-1,17694.05,83040,82997,83035,2,-1.366969696969338,True
83082,2022-09-05 13:42:00,-1,17677.0,82987,82973,82982,9,-1.347575757575912,True
83190,2022-09-06 09:15:00,1,17725.0,83031,83013,83026,6,0.575454545455112,True
83190,2022-09-06 09:15:00,1,17724.0,83169,83132,83164,3,0.575454545455112,True
83214,2022-09-06 09:39:00,-1,17691.05,83129,83104,83124,3,-3.86757575757589,True
83214,2022-09-06 09:39:00,-1,17691.1,83163,83140,83158,0,-3.86757575757589,False
83230,2022-09-06 09:55:00,-1,17672.65,83227,83095,83222,0,-0.39151515151583655,False
83255,2022-09-06 10:20:00,-1,17639.9,83252,82852,83247,1,-1.1466666666664012,True
83283,2022-09-06 10:48:00,1,17626.95,83280,83266,83275,1,1.5572727272730187,True
83460,2022-09-06 13:45:00,-1,17706.15,83458,83362,83453,0,-2.073939393938592,False
83565,2022-09-07 09:15:00,-1,17656.2,83525,83317,83520,0,-5.788787878787862,False
83566,2022-09-07 09:16:00,-1,17538.05,82796,82785,82791,2,-11.363939393939377,True
83663,2022-09-07 10:53:00,-1,17579.0,83641,83628,83636,11,-0.2324242424243351,True
83663,2022-09-07 10:53:00,-1,17575.0,83661,83606,83656,0,-0.2324242424243351,False
83722,2022-09-07 11:52:00,1,17609.5,83605,83589,83600,1,2.7769696969695814,True
83816,2022-09-07 13:26:00,1,17655.4,83811,83768,83806,3,0.69666666666669,True
83881,2022-09-07 14:31:00,-1,17644.65,83870,83841,83865,0,-1.0951515151510296,False
83928,2022-09-07 15:18:00,1,17648.85,83921,83910,83916,1,1.1930303030302565,True
83940,2022-09-08 09:15:00,1,17680.0,83836,83820,83831,0,3.43999999999971,False
83940,2022-09-08 09:15:00,1,17672.0,83879,83856,83874,0,3.43999999999971,False
83983,2022-09-08 09:58:00,-1,17782.0,83979,83968,83974,2,-0.7396969696969514,True
84144,2022-09-08 12:39:00,1,17783.5,84060,84048,84055,1,2.4790909090911017,True
84164,2022-09-08 12:59:00,-1,17740.0,84076,84063,84071,6,-1.5603030303026018,True
84267,2022-09-08 14:42:00,1,17805.1,84265,84002,84260,1,0.0927272727266762,True
84315,2022-09-09 09:15:00,1,17837.75,84297,84285,84292,0,5.424848484848413,False
84425,2022-09-09 11:05:00,-1,17917.0,84417,84376,84412,2,-1.3593939393935572,True
84436,2022-09-09 11:16:00,-1,17906.85,84431,84349,84426,1,-0.6321212121206015,True
84455,2022-09-09 11:35:00,-1,17893.0,84447,84335,84442,0,-1.1539393939388816,False
84647,2022-09-09 14:47:00,1,17894.2,84627,84526,84622,5,0.5136363636374073,True
84651,2022-09-09 14:51:00,1,17897.3,84646,84476,84641,1,0.6148484848488294,True
84676,2022-09-09 15:16:00,-1,17861.0,84638,84611,84633,0,-1.7909090909082734,False
84712,2022-09-12 09:37:00,1,17932.0,84708,84418,84703,2,1.0427272727279593,True
84852,2022-09-12 11:57:00,1,17990.0,84844,84824,84839,1,0.8300000000006009,True
84868,2022-09-12 12:13:00,1,17999.95,84866,84852,84861,0,0.10696969697038895,False
84904,2022-09-12 12:49:00,-1,17984.05,84896,84876,84891,1,-1.6078787878781613,True
84972,2022-09-12 13:57:00,-1,17973.0,84852,84808,84847,1,-0.5399999999997535,True
84972,2022-09-12 13:57:00,-1,17973.8,84963,84931,84958,0,-0.5399999999997535,False
85056,2022-09-12 15:21:00,-1,17960.35,84788,84773,84783,4,-1.1324242424235886,True
85191,2022-09-13 11:21:00,1,18087.1,85187,85159,85182,0,-0.2745454545451888,False
85440,2022-09-14 09:15:00,-1,17905.75,84712,84700,84707,0,-10.26606060606026,False
85440,2022-09-14 09:15:00,-1,18097.0,85334,85271,85329,4,-10.26606060606026,True
85440,2022-09-14 09:15:00,-1,18097.1,85415,85369,85410,0,-10.26606060606026,False
85589,2022-09-14 11:44:00,1,17975.0,85574,85555,85569,0,1.874545454545654,False
85676,2022-09-14 13:11:00,1,18072.7,85656,85645,85651,1,2.020606060606961,True
85739,2022-09-14 14:14:00,1,18081.0,85695,85680,85690,12,2.5572727272725224,True
85796,2022-09-14 15:11:00,-1,18015.0,85723,85619,85718,0,-1.62242424242344,False
86011,2022-09-15 12:31:00,1,17914.05,86000,85983,85995,4,1.8339393939401532,True
86066,2022-09-15 13:26:00,-1,17927.45,86060,86042,86055,0,-0.9915151515147569,False
86137,2022-09-15 14:37:00,1,17949.5,86063,85959,86058,0,1.2887878787876095,False
86190,2022-09-16 09:15:00,-1,17874.75,86181,86087,86176,1,-2.4860606060603865,True
86322,2022-09-16 11:27:00,-1,17694.0,86310,86284,86305,0,-1.5621212121208374,False
86423,2022-09-16 13:08:00,-1,17653.4,86415,86253,86410,2,-2.0851515151507276,True
86468,2022-09-16 13:53:00,-1,17588.8,86454,86438,86449,8,-0.36515151515039823,True
86510,2022-09-16 14:35:00,1,17608.05,86472,86461,86467,2,7.239696969697366,True
86572,2022-09-19 09:22:00,-1,17526.0,86547,86498,86542,4,-3.366060606060582,True
86584,2022-09-19 09:34:00,1,17595.0,86572,86550,86567,1,13.885454545454875,True
86666,2022-09-19 10:56:00,-1,17651.0,86652,86637,86647,2,-0.6781818181815141,True
86816,2022-09-19 13:26:00,-1,17614.7,86797,86785,86792,3,-2.0003030303030855,True
86846,2022-09-19 13:56:00,1,17665.0,86756,86737,86751,3,1.6133333333337694,True
86940,2022-09-20 09:15:00,1,17678.7,86702,86690,86697,2,7.0457575757575945,True
86940,2022-09-20 09:15:00,1,17678.05,86874,86849,86869,0,7.0457575757575945,False
86994,2022-09-20 10:09:00,1,17874.55,86986,86975,86981,0,1.6615151515156268,False
87054,2022-09-20 11:09:00,1,17892.0,87050,86188,87045,0,-0.20818181818150697,False
87274,2022-09-20 14:49:00,-1,17864.6,87076,87030,87071,6,-0.867575757575846,True
87686,2022-09-21 15:26:00,1,17737.7,87684,87670,87679,0,-0.5660606060597997,False
87690,2022-09-22 09:15:00,-1,17664.45,87521,87508,87516,0,-3.3012121212118575,False
87690,2022-09-22 09:15:00,-1,17719.25,87673,87662,87668,1,-3.3012121212118575,True
87690,2022-09-22 09:15:00,-1,17721.5,87681,87650,87676,2,-3.3012121212118575,True
87817,2022-09-22 11:22:00,-1,17596.05,87697,86913,87692,0,-1.9463636363635644,False
87817,2022-09-22 11:22:00,-1,17600.0,87772,86820,87767,1,-1.9463636363635644,True
87907,2022-09-22 12:52:00,1,17579.1,87898,87873,87893,3,2.0381818181824958,True
87934,2022-09-22 13:19:00,1,17651.95,87790,87763,87785,5,5.349090909091592,True
88334,2022-09-23 13:44:00,-1,17386.05,88305,88270,88300,5,-3.857575757575527,True
88440,2022-09-26 09:15:00,-1,17326.65,88439,88426,88434,0,-7.456969696969793,False
88484,2022-09-26 09:59:00,-1,17056.05,88483,88470,88478,0,-2.0233333333332935,False
88580,2022-09-26 11:35:00,1,17057.4,88571,88532,88566,1,2.631515151515647,True
88744,2022-09-26 14:19:00,1,17117.35,88726,88709,88721,0,-2.1681818181815826,False
88808,2022-09-26 15:23:00,1,17039.9,88804,88792,88799,3,1.3366666666670224,True
88868,2022-09-27 10:08:00,-1,17031.25,88863,88811,88858,3,-3.37393939393913,True
88989,2022-09-27 12:09:00,1,17078.25,88976,88897,88971,0,2.451818181818495,False
89023,2022-09-27 12:43:00,-1,17030.0,89013,89002,89008,1,-3.6760606060599224,True
89109,2022-09-27 14:09:00,-1,17078.05,89082,89053,89077,6,-0.9951515151503231,True
89175,2022-09-27 15:15:00,1,17030.0,89165,89137,89160,0,2.676969696969954,False
89381,2022-09-28 12:26:00,-1,16971.75,89349,89333,89344,0,0.05303030303094788,False
89421,2022-09-28 13:06:00,-1,16947.5,89415,89315,89410,1,-0.09606060606093107,True
89472,2022-09-28 13:57:00,-1,16946.25,89465,89422,89460,0,1.3996969696975055,False
89503,2022-09-28 14:28:00,-1,16920.7,89480,89296,89475,0,-1.3766666666663578,False
89546,2022-09-28 15:11:00,-1,16866.0,89542,89530,89537,0,-0.5642424242426405,False
89655,2022-09-29 10:45:00,-1,16937.75,89652,89641,89647,2,-1.4818181818181184,True
89713,2022-09-29 11:43:00,-1,16923.6,89708,89696,89703,0,0.3830303030301202,False
89765,2022-09-29 12:35:00,-1,16875.2,89756,89740,89751,1,-4.136666666666579,True
89787,2022-09-29 12:57:00,-1,16833.7,89569,89195,89564,5,-2.1115151515152877,True
89847,2022-09-29 13:57:00,1,16850.0,89846,89828,89841,0,0.855454545454656,False
89965,2022-09-30 09:40:00,1,16822.55,89963,89951,89958,1,0.7106060606061471,True
90294,2022-09-30 15:09:00,-1,17092.7,90184,90150,90179,0,-3.160909090909068,False
90361,2022-10-03 10:01:00,-1,16963.0,90345,90098,90340,0,-3.7118181818177796,False
90400,2022-10-03 10:40:00,-1,16946.0,90382,90073,90377,2,-0.13818181818131936,True
90421,2022-10-03 11:01:00,-1,16940.0,90375,90363,90370,1,-1.2569696969696988,True
90434,2022-10-03 11:14:00,1,16970.0,90423,90405,90418,1,1.65545454545501,True
90492,2022-10-03 12:12:00,-1,17018.95,90476,90448,90471,6,-1.6612121212123174,True
90650,2022-10-03 14:50:00,-1,16880.8,90019,90008,90014,0,-3.046060606060662,False
90690,2022-10-04 09:15:00,1,17042.85,90537,90479,90532,0,11.671515151515832,False
90889,2022-10-04 12:34:00,1,17270.55,90879,90865,90874,4,0.9142424242424555,True
90967,2022-10-04 13:52:00,-1,17268.5,90965,90928,90960,0,-1.6554545454545122,False
91041,2022-10-04 15:06:00,1,17296.0,91011,90996,91006,0,0.4857575757570301,False
91218,2022-10-06 11:48:00,-1,17350.0,91210,91198,91205,2,-1.7345454545451209,True
91234,2022-10-06 12:04:00,1,17371.95,91214,91202,91209,1,0.45212121212124595,True
91234,2022-10-06 12:04:00,1,17371.0,91233,91221,91228,0,0.45212121212124595,False
91275,2022-10-06 12:45:00,1,17391.1,91260,91249,91255,0,3.251212121212306,False
91362,2022-10-06 14:12:00,-1,17352.0,91266,91226,91261,2,-1.4751515151514696,True
91363,2022-10-06 14:13:00,-1,17345.7,91222,91095,91217,0,-2.1775757575756125,False
91398,2022-10-06 14:48:00,1,17344.3,91391,91378,91386,1,0.9881818181815817,True
91439,2022-10-06 15:29:00,-1,17318.0,91397,91383,91392,7,-1.420303030302923,True
91456,2022-10-07 09:31:00,-1,17258.5,91447,90970,91442,1,-3.3481818181812284,True
91605,2022-10-07 12:00:00,-1,17247.0,91462,90876,91457,0,-2.459393939394145,False
91648,2022-10-07 12:43:00,1,17295.1,91569,91557,91564,0,3.075757575757771,False
91716,2022-10-07 13:51:00,1,17292.4,91715,91675,91710,0,0.21515151515185035,False
91815,2022-10-10 09:15:00,-1,17286.0,91745,91726,91740,0,-10.787575757575187,False
91874,2022-10-10 10:14:00,1,17071.4,91872,91859,91867,0,-0.4290909090911937,False
91950,2022-10-10 11:30:00,1,17114.85,91947,91832,91942,0,0.1718181818181902,False
92034,2022-10-10 12:54:00,1,17269.45,92030,92016,92025,0,1.2515151515151155,False
92095,2022-10-10 13:55:00,-1,17165.8,92093,92076,92088,1,-1.2860606060596513,True
92150,2022-10-10 14:50:00,1,17212.0,92138,92083,92133,1,4.307575757576327,True
92193,2022-10-11 09:18:00,-1,17190.6,92174,92161,92169,3,-4.138484848484746,True
92343,2022-10-11 11:48:00,1,17169.8,92334,92251,92329,2,2.8421212121218673,True
92385,2022-10-11 12:30:00,-1,17120.0,92320,92291,92315,0,-4.7618181818176355,False
92398,2022-10-11 12:43:00,-1,17098.6,91952,91940,91947,7,-1.6975757575762005,True
92502,2022-10-11 14:27:00,-1,17071.15,91929,91900,91924,0,-3.5727272727271364,False
92502,2022-10-11 14:27:00,-1,17082.15,92446,92398,92441,0,-3.5727272727271364,False
92526,2022-10-11 14:51:00,-1,17052.8,92518,91871,92513,0,-0.2827272727272498,False
92576,2022-10-12 09:26:00,1,17020.0,92570,92545,92565,1,2.716666666666712,True
92733,2022-10-12 12:03:00,1,17063.55,92613,92602,92608,2,3.584242424242112,True
92786,2022-10-12 12:56:00,-1,17047.0,92782,92771,92777,0,3.073939393939363,False
92867,2022-10-12 14:17:00,1,17098.9,92758,92747,92753,1,2.3439393939400004,True
93088,2022-10-13 11:43:00,-1,16957.1,93071,92680,93066,0,-0.030606060605656567,False
93090,2022-10-13 11:45:00,-1,16951.0,92674,92562,92669,2,-2.76818181818163,True
93150,2022-10-13 12:45:00,1,16985.95,93132,93085,93127,0,5.090909090908638,False
93249,2022-10-13 14:24:00,1,17011.8,93038,93004,93033,7,0.4993939393940044,True
93250,2022-10-13 14:25:00,1,17016.0,93062,93044,93057,1,1.8290909090906657,True
93268,2022-10-13 14:43:00,1,17045.0,93260,92974,93255,0,0.8403030303031331,False
93315,2022-10-14 09:15:00,1,17198.0,92370,92358,92365,0,13.116969696969758,False
93469,2022-10-14 11:49:00,1,17319.75,93375,93331,93370,2,0.7212121212113914,True
93473,2022-10-14 11:53:00,-1,17303.0,93469,93453,93464,0,0.6375757575762272,False
93531,2022-10-14 12:51:00,-1,17297.95,93478,93438,93473,1,-2.7784848484844202,True
93556,2022-10-14 13:16:00,-1,17281.0,93540,93423,93535,6,0.043030303030222684,False
93593,2022-10-14 13:53:00,-1,17265.65,93562,93390,93557,1,-3.8469696969698965,True
93735,2022-10-17 10:00:00,1,17160.95,93730,93700,93725,1,1.124545454545639,True
93754,2022-10-17 10:19:00,1,17240.0,93658,93625,93653,2,4.067878787878425,True
93969,2022-10-17 13:54:00,-1,17294.7,93966,93953,93961,1,-0.32696969696953065,True
94010,2022-10-17 14:35:00,1,17295.0,94005,93985,94000,0,0.5645454545454441,False
94065,2022-10-18 09:15:00,1,17317.5,93970,93955,93965,2,7.228484848485006,True
94065,2022-10-18 09:15:00,1,17318.0,94064,94035,94059,0,7.228484848485006,False
94241,2022-10-18 12:11:00,1,17515.0,94240,94156,94235,0,0.22212121212189234,False
94336,2022-10-18 13:46:00,-1,17487.75,94279,94267,94274,0,-0.5096969696968731,False
94380,2022-10-18 14:30:00,-1,17466.45,94213,94090,94208,0,-2.947878787878287,False
94410,2022-10-18 15:00:00,1,17483.1,94401,94386,94396,2,2.117272727271871,True
94436,2022-10-18 15:26:00,1,17507.05,94434,94416,94429,0,0.002727272727116488,False
94437,2022-10-18 15:27:00,1,17508.3,94378,94351,94373,4,0.15030303030339554,True
94598,2022-10-19 11:53:00,-1,17546.55,94586,94452,94581,0,-1.7715151515155902,False
94668,2022-10-19 13:03:00,-1,17511.7,94666,94650,94661,1,-0.5378787878778317,True
94776,2022-10-19 14:51:00,-1,17489.25,94675,94421,94670,0,-1.1999999999996265,False
94805,2022-10-19 15:20:00,1,17496.3,94796,94785,94791,3,0.7530303030307641,True
94842,2022-10-20 09:42:00,-1,17399.75,94839,94815,94834,0,0.30030303030291555,False
94902,2022-10-20 10:42:00,1,17460.0,94895,94880,94890,1,2.151212121212193,True
94981,2022-10-20 12:01:00,-1,17458.9,94979,94962,94974,0,0.03363636363686649,False
95047,2022-10-20 13:07:00,-1,17476.0,95045,95034,95040,1,0.02939393939386142,False
95079,2022-10-20 13:39:00,-1,17465.6,95065,95016,95060,0,-0.7793939393942493,False
95115,2022-10-20 14:15:00,1,17485.0,95081,95064,95076,2,1.2812121212124274,True
95132,2022-10-20 14:32:00,1,17496.8,95049,95031,95044,0,0.8936363636367071,False
95191,2022-10-21 09:16:00,1,17599.35,94530,94515,94525,1,3.943333333333989,True
95249,2022-10-21 10:14:00,1,17629.8,95248,95236,95243,0,0.07909090909120757,False
95452,2022-10-21 13:37:00,-1,17616.95,95324,95307,95319,2,-0.2824242424238552,True
95453,2022-10-21 13:38:00,-1,17607.1,95268,95223,95263,0,-1.2512121212126803,False
95475,2022-10-21 14:00:00,-1,17577.5,95471,95460,95466,1,-0.027272727272650277,True
95565,2022-10-25 09:15:00,1,17650.2,95420,95368,95415,0,11.179696969696804,False
95676,2022-10-25 11:06:00,-1,17694.2,95663,95652,95658,3,-0.5860606060605438,True
95683,2022-10-25 11:13:00,-1,17690.05,95682,95670,95677,0,-1.1757575757582874,False
95728,2022-10-25 11:58:00,1,17693.65,95711,95699,95706,1,0.7818181818183899,True
95849,2022-10-25 13:59:00,1,17696.7,95841,95827,95836,0,0.7827272727271511,False
95897,2022-10-25 14:47:00,1,17714.15,95855,95662,95850,6,2.4590909090908144,True
95910,2022-10-25 15:00:00,-1,17680.05,95886,95842,95881,0,-0.8160606060607057,False
95924,2022-10-25 15:14:00,-1,17649.6,95922,95803,95917,1,-1.6845454545445575,True
96085,2022-10-27 11:40:00,-1,17717.0,96082,96069,96077,1,-1.233333333333289,True
96232,2022-10-27 14:07:00,1,17717.3,96218,96190,96213,0,1.0806060606064662,False
96250,2022-10-27 14:25:00,-1,17684.2,96180,96154,96175,0,-2.04636363636347,False
96301,2022-10-27 15:16:00,1,17733.2,96111,96079,96106,2,1.7109090909099414,True
96459,2022-10-28 11:39:00,-1,17824.4,96445,96355,96440,1,-0.3751515151508486,True
96580,2022-10-28 13:40:00,1,17809.0,96572,96547,96567,0,0.479696969696788,False
96669,2022-10-28 15:09:00,1,17828.5,96660,96494,96655,1,1.7521212121209269,True
96670,2022-10-28 15:10:00,1,17830.35,96525,96479,96520,2,1.2954545454546467,True
96690,2022-10-31 09:15:00,1,17840.3,96685,96455,96680,0,5.223939393939863,False
96787,2022-10-31 10:52:00,-1,17987.7,96750,96730,96745,0,-0.8075757575757613,False
96856,2022-10-31 12:01:00,1,18029.9,96839,96825,96834,2,2.070606060606164,True
97000,2022-10-31 14:25:00,1,18017.65,96965,96954,96960,0,1.897878787879306,False
97035,2022-10-31 15:00:00,1,18033.8,96887,96857,96882,0,0.5506060606066724,False
97035,2022-10-31 15:00:00,1,18030.0,96941,96917,96936,1,0.5506060606066724,True
97090,2022-11-01 09:40:00,1,18161.1,97085,97065,97080,1,0.16999999999974655,True
97242,2022-11-01 12:12:00,-1,18188.15,97205,97144,97200,8,0.14151515151441404,False
97265,2022-11-01 12:35:00,-1,18174.0,97251,97106,97246,3,-0.956969696969981,True
97397,2022-11-01 14:47:00,1,18187.1,97331,97259,97326,6,1.7063636363643642,True
97397,2022-11-01 14:47:00,1,18188.75,97346,97250,97341,2,1.7063636363643642,True
97503,2022-11-02 10:18:00,-1,18165.1,97412,97389,97407,9,-0.9560606060605223,True
97542,2022-11-02 10:57:00,-1,18159.8,97465,97380,97460,7,-1.6912121212118663,True
97548,2022-11-02 11:03:00,-1,18155.0,97364,97350,97359,2,-0.6660606060605877,True
97614,2022-11-02 12:09:00,-1,18145.05,97605,97594,97600,1,-1.53060606060592,True
97650,2022-11-02 12:45:00,-1,18140.3,97630,97615,97625,6,-0.32969696969629547,True
97815,2022-11-03 09:15:00,-1,18117.05,97742,97726,97737,0,-4.769090909090859,False
98006,2022-11-03 12:26:00,-1,18086.05,98005,97990,98000,0,-0.43999999999967904,False
98066,2022-11-03 13:26:00,1,18092.1,98060,98022,98055,0,1.1112121212116803,False
98079,2022-11-03 13:39:00,1,18100.0,97992,97979,97987,4,1.2336363636367387,True
98096,2022-11-03 13:56:00,-1,18074.3,98078,98057,98073,0,-2.4063636363638135,False
98160,2022-11-03 15:00:00,1,18110.55,98138,98084,98133,1,0.9645454545456774,True
98191,2022-11-04 09:16:00,1,18129.5,98176,98161,98171,1,0.27121212121300775,True
98223,2022-11-04 09:48:00,-1,18095.0,98204,98156,98199,6,0.484848484848742,False
98230,2022-11-04 09:55:00,-1,18082.3,98229,98143,98224,0,-1.8863636363635337,False
98303,2022-11-04 11:08:00,1,18094.0,98265,98245,98260,1,0.584848484848545,True
98350,2022-11-04 11:55:00,1,18111.0,98346,98330,98341,1,0.23515151515240687,True
98447,2022-11-04 13:32:00,1,18132.45,98436,98421,98431,1,0.6684848484848868,True
98503,2022-11-04 14:28:00,1,18140.45,98387,98205,98382,3,-0.002121212120977261,False
98505,2022-11-04 14:30:00,1,18150.0,98197,97937,98192,0,2.2275757575754556,False
98528,2022-11-04 14:53:00,1,18160.1,97892,97795,97887,6,0.9542424242420411,True
98535,2022-11-04 15:00:00,1,18163.15,97790,97606,97785,4,0.06666666666709588,True
98535,2022-11-04 15:00:00,1,18165.55,98533,97685,98528,0,0.06666666666709588,False
98542,2022-11-04 15:07:00,1,18181.1,97540,97520,97535,2,2.416060606061301,True
98561,2022-11-04 15:26:00,1,18204.0,97475,97447,97470,5,0.9524242424245654,True
98764,2022-11-07 12:34:00,-1,18195.7,98721,98694,98716,1,-1.2242424242421386,True
98868,2022-11-07 14:18:00,1,18217.5,98742,98721,98737,6,0.2745454545457739,True
98868,2022-11-07 14:18:00,1,18218.05,98866,98760,98861,0,0.2745454545457739,False
98910,2022-11-07 15:00:00,1,18260.0,98906,98883,98901,0,-0.9903030303027862,False
99010,2022-11-09 10:25:00,-1,18270.2,99001,98986,98996,2,-0.7757575757571932,True
99097,2022-11-09 11:52:00,1,18262.95,99077,99065,99072,0,1.5248484848483133,False
99214,2022-11-09 13:49:00,1,18285.65,99026,99014,99021,0,0.19090909090846273,False
99214,2022-11-09 13:49:00,1,18278.9,99172,99032,99167,6,0.19090909090846273,True
99264,2022-11-09 14:39:00,-1,18241.2,99138,99085,99133,0,-0.26393939393961874,False
99265,2022-11-09 14:40:00,-1,18238.6,98912,98891,98907,2,-1.9218181818183864,True
99332,2022-11-10 09:32:00,-1,18113.1,98480,98466,98475,6,-0.9215151515153502,True
99332,2022-11-10 09:32:00,-1,18110.0,99320,98481,99315,0,-0.9215151515153502,False
99333,2022-11-10 09:33:00,-1,18097.3,98348,98337,98343,2,-1.4809090909090756,True
99401,2022-11-10 10:41:00,1,18105.0,99385,99367,99380,1,0.8915151515155043,True
99453,2022-11-10 11:33:00,1,18103.7,99441,99427,99436,2,0.5181818181815492,True
99482,2022-11-10 12:02:00,-1,18088.9,99425,99384,99420,3,-2.2466666666665214,True
99498,2022-11-10 12:18:00,-1,18069.85,99355,98280,99350,1,-1.5581818181817981,True
99590,2022-11-10 13:50:00,1,18068.0,99564,99527,99559,6,0.32636363636408905,True
99590,2022-11-10 13:50:00,1,18072.45,99581,99517,99576,0,0.32636363636408905,False
99618,2022-11-10 14:18:00,-1,18055.05,99604,99585,99599,0,0.08909090909193688,False
99619,2022-11-10 14:19:00,-1,18050.0,99575,99558,99570,0,-0.5387878787873409,False
99660,2022-11-10 15:00:00,1,18074.0,99620,99598,99615,1,1.6539393939396143,True
99690,2022-11-11 09:15:00,1,18314.65,98980,98957,98975,0,12.175151515151928,False
99699,2022-11-11 09:24:00,1,18375.25,99695,98940,99690,0,5.099090909091217,False
99866,2022-11-11 12:11:00,-1,18377.55,99858,99842,99853,3,-0.1054545454551881,True
99872,2022-11-11 12:17:00,1,18385.15,99860,99751,99855,1,0.1748484848484465,True
99908,2022-11-11 12:53:00,-1,18393.4,99902,99890,99897,3,-0.14848484848443028,True
99973,2022-11-11 13:58:00,1,18404.45,99946,99889,99941,0,0.9315151515152922,False
100124,2022-11-14 10:14:00,-1,18401.4,100120,100065,100115,0,0.0018181818181576398,False
100125,2022-11-14 10:15:00,-1,18400.0,100028,100005,100023,2,-0.6127272727275119,True
100245,2022-11-14 12:15:00,1,18400.3,100228,100212,100223,2,0.5530303030297082,True
100296,2022-11-14 13:06:00,1,18408.0,100259,100245,100254,2,1.0936363636360564,True
100297,2022-11-14 13:07:00,1,18413.15,100179,100167,100174,1,2.025757575757704,True
100313,2022-11-14 13:23:00,1,18415.9,100166,100121,100161,2,0.14000000000073312,True
100387,2022-11-14 14:37:00,-1,18421.3,100380,100349,100375,6,-1.0021212121215501,True
100414,2022-11-14 15:04:00,-1,18385.1,100226,100204,100221,5,0.7918181818183744,False
100414,2022-11-14 15:04:00,-1,18386.1,100296,100270,100291,0,0.7918181818183744,False
100430,2022-11-14 15:20:00,-1,18371.4,100420,99916,100415,1,-1.183333333333797,True
100475,2022-11-15 09:50:00,-1,18355.0,99778,99767,99773,3,-4.159696969696181,True
100521,2022-11-15 10:36:00,-1,18350.1,100517,100488,100512,3,-0.663030303030015,True
100536,2022-11-15 10:51:00,1,18368.55,100510,100492,100505,0,1.5415151515159158,False
100584,2022-11-15 11:39:00,1,18365.15,100583,100568,100578,0,0.7275757575763891,False
100658,2022-11-15 12:53:00,1,18397.7,100652,100467,100647,2,1.0645454545457156,True
100724,2022-11-15 13:59:00,-1,18385.1,100676,100651,100671,3,-0.674242424241637,True
100740,2022-11-15 14:15:00,-1,18378.0,100739,100728,100734,0,-0.24333333333325016,False
100784,2022-11-15 14:59:00,1,18410.35,100755,100709,100750,4,-0.1581818181817446,False
100784,2022-11-15 14:59:00,1,18409.95,100782,100761,100777,1,-0.1581818181817446,False
100792,2022-11-15 15:07:00,1,18445.0,100445,100362,100440,0,3.9051515151515104,False
100989,2022-11-16 12:09:00,-1,18431.7,100898,100882,100893,0,-1.5190909090907831,False
101063,2022-11-16 13:23:00,1,18467.95,101050,101039,101045,3,1.316060606060949,True
101090,2022-11-16 13:50:00,1,18489.65,101085,100814,101080,0,0.1936363636365521,False
101107,2022-11-16 14:07:00,-1,18452.0,101035,101023,101030,1,-3.4690909090918867,True
101190,2022-11-17 09:15:00,-1,18440.1,101183,101165,101178,1,-1.6690909090910222,True
101282,2022-11-17 10:47:00,1,18426.6,101280,101262,101275,1,0.6133333333328734,True
101372,2022-11-17 12:17:00,1,18433.75,101288,101253,101283,0,-0.30303030302999817,False
101420,2022-11-17 13:05:00,1,18446.95,101404,101393,101399,2,0.36939393939370807,True
101533,2022-11-17 14:58:00,-1,18437.0,101435,101416,101430,7,-1.9457575757569903,True
101534,2022-11-17 14:59:00,-1,18435.05,101415,101404,101410,3,-2.039393939393115,True
101540,2022-11-17 15:05:00,-1,18425.3,101539,101381,101534,0,-1.875151515150835,False
101545,2022-11-17 15:10:00,-1,18404.0,101322,101311,101317,0,-3.2281818181817914,False
101556,2022-11-17 15:21:00,-1,18352.0,101554,100625,101549,1,-1.3536363636352737,True
101598,2022-11-18 09:48:00,-1,18346.0,100557,100525,100552,5,0.6624242424236916,False
101605,2022-11-18 09:55:00,-1,18340.4,101592,100475,101587,1,-1.8099999999999996,True
101635,2022-11-18 10:25:00,1,18344.05,101627,101615,101622,2,0.6603030303028352,True
101661,2022-11-18 10:51:00,-1,18308.6,101658,101647,101653,1,-0.1387878787875388,True
101817,2022-11-18 13:27:00,1,18317.85,101811,101780,101806,0,0.4136363636369996,False
101831,2022-11-18 13:41:00,-1,18288.0,101766,101754,101761,1,-2.17545454545473,True
101901,2022-11-18 14:51:00,1,18325.0,101825,101656,101820,5,0.20606060606083573,True
102026,2022-11-21 10:41:00,-1,18185.0,102015,101977,102010,1,-1.1781818181813057,True
102105,2022-11-21 12:00:00,-1,18190.05,102101,102063,102096,3,-0.7672727272728134,True
102126,2022-11-21 12:21:00,-1,18184.2,102120,102109,102115,0,0.4524242424239149,False
102225,2022-11-21 14:00:00,1,18194.75,102175,102160,102170,4,0.3621212121217701,True
102226,2022-11-21 14:01:00,1,18200.0,102127,102097,102122,0,0.8024242424241433,False
102253,2022-11-21 14:28:00,-1,18175.0,102240,102211,102235,3,-0.302424242424055,True
102299,2022-11-21 15:14:00,1,18205.0,102231,102088,102226,3,1.709393939393723,True
102337,2022-11-22 09:37:00,1,18210.0,102303,102275,102298,2,2.573636363636821,True
102395,2022-11-22 10:35:00,-1,18237.75,102390,102377,102385,3,-1.437575757575858,True
102458,2022-11-22 11:38:00,1,18249.9,102412,102381,102407,0,0.6566666666671772,False
102486,2022-11-22 12:06:00,-1,18247.1,102481,102467,102476,2,-0.5657575757568323,True
102495,2022-11-22 12:15:00,1,18254.0,102485,102473,102480,0,0.2190909090920204,False
102518,2022-11-22 12:38:00,-1,18245.25,102512,102485,102507,3,-0.15666666666669202,True
102565,2022-11-22 13:25:00,1,18245.35,102551,102526,102546,0,0.9345454545451501,False
102830,2022-11-23 11:35:00,1,18303.75,102797,102773,102792,2,0.9157575757578307,True
102830,2022-11-23 11:35:00,1,18301.95,102823,102802,102818,4,0.9157575757578307,True
102922,2022-11-23 13:07:00,1,18306.0,102850,102830,102845,11,0.02363636363611152,True
102934,2022-11-23 13:19:00,1,18307.15,102863,102739,102858,2,0.18393939394040343,True
102934,2022-11-23 13:19:00,1,18306.85,102927,102916,102922,0,0.18393939394040343,False
103003,2022-11-23 14:28:00,1,18315.5,102977,102935,102972,4,0.23969696969717785,True
103003,2022-11-23 14:28:00,1,18315.0,102995,102980,102990,1,0.23969696969717785,True
103043,2022-11-23 15:08:00,-1,18285.2,102766,102687,102761,0,-4.0393939393932285,False
103043,2022-11-23 15:08:00,-1,18289.05,102886,102780,102881,0,-4.0393939393932285,False
103043,2022-11-23 15:08:00,-1,18301.0,103004,102960,102999,2,-4.0393939393932285,True
103118,2022-11-24 10:08:00,1,18349.0,103111,103095,103106,1,0.12727272727311262,True
103170,2022-11-24 11:00:00,-1,18358.9,103165,103154,103160,0,-0.27666666666654094,False
103237,2022-11-24 12:07:00,1,18369.65,103222,103165,103217,0,0.5963636363641972,False
103276,2022-11-24 12:46:00,1,18379.95,103274,103261,103269,0,0.09212121212121176,False
103314,2022-11-24 13:24:00,-1,18372.0,103278,103266,103273,3,-0.4915151515144992,True
103354,2022-11-24 14:04:00,1,18385.0,103349,103337,103344,0,-0.1845454545458098,False
103360,2022-11-24 14:10:00,1,18389.95,103294,103282,103289,6,1.2648484848484394,True
103502,2022-11-25 10:17:00,-1,18599.0,103495,103482,103490,0,-0.2218181818172949,False
103596,2022-11-25 11:51:00,-1,18590.0,103475,103462,103470,6,-0.32606060606043313,True
103717,2022-11-25 13:52:00,1,18636.2,103536,103476,103531,1,1.0436363636363095,True
103717,2022-11-25 13:52:00,1,18635.0,103712,103666,103707,3,1.0436363636363095,True
103743,2022-11-25 14:18:00,-1,18610.0,103742,103645,103737,0,-3.5742424242423056,False
103796,2022-11-25 15:11:00,1,18656.9,103770,103733,103765,7,4.372424242424207,True
103843,2022-11-28 09:43:00,1,18668.2,103802,103784,103797,1,0.8160606060607838,True
103979,2022-11-28 11:59:00,1,18715.45,103970,103955,103965,2,0.3924242424244569,True
104057,2022-11-28 13:17:00,-1,18723.9,104056,104042,104051,0,-0.42151515151402635,False
104102,2022-11-28 14:02:00,-1,18716.2,104076,104060,104071,0,0.12242424242345279,False
104109,2022-11-28 14:09:00,-1,18704.35,103977,103961,103972,4,-3.8099999999997234,True
104179,2022-11-28 15:19:00,-1,18688.0,103951,103938,103946,3,-0.7103030303033309,True
104446,2022-11-29 13:31:00,1,18792.6,104394,104366,104389,0,0.3903030303034757,False
104471,2022-11-29 13:56:00,-1,18784.3,104467,104453,104462,0,-0.10757575757582194,False
104511,2022-11-29 14:36:00,-1,18759.85,104505,104350,104500,0,-0.0778787878778449,False
104529,2022-11-29 14:54:00,-1,18745.85,104522,104258,104517,5,-0.9306060606058607,True
104675,2022-11-30 11:05:00,1,18750.55,104670,104623,104665,0,0.20727272727292592,False
104744,2022-11-30 12:14:00,-1,18765.0,104737,104726,104732,1,0.12484848484897698,False
104774,2022-11-30 12:44:00,1,18780.0,104717,104569,104712,4,0.5812121212118018,True
104788,2022-11-30 12:58:00,1,18781.2,104780,104720,104775,0,0.27787878787951475,False
104815,2022-11-30 13:25:00,1,18797.65,104809,104448,104804,0,0.5200000000001398,False
104841,2022-11-30 13:51:00,-1,18783.0,104823,104810,104818,7,-0.06636363636328793,True
104860,2022-11-30 14:10:00,-1,18780.4,104846,104830,104841,0,0.03515151515191842,False
104876,2022-11-30 14:26:00,1,18796.0,104841,104822,104836,6,0.8248484848482669,True
104876,2022-11-30 14:26:00,1,18797.0,104863,104850,104858,2,0.8248484848482669,True
104913,2022-11-30 15:03:00,1,18834.8,104897,104882,104892,1,1.825757575757742,True
105037,2022-12-01 10:52:00,1,18956.55,104998,104985,104993,0,0.7103030303031536,False
105184,2022-12-01 13:19:00,1,18977.95,105159,105135,105154,3,1.1699999999997466,True
105294,2022-12-01 15:09:00,-1,18940.55,105268,105243,105263,1,-1.8099999999999068,True
105427,2022-12-02 11:07:00,1,18835.4,105403,105392,105398,4,0.8015151515164803,True
105427,2022-12-02 11:07:00,1,18836.75,105417,105405,105412,0,0.8015151515164803,False
105446,2022-12-02 11:26:00,-1,18817.8,105416,105400,105411,2,-1.9442424242428824,True
105521,2022-12-02 12:41:00,1,18781.6,105517,105502,105512,0,0.07727272727296047,False
105539,2022-12-02 12:59:00,1,18792.65,105531,105466,105526,0,-0.9415151515145794,False
105700,2022-12-05 09:25:00,-1,18792.05,105659,105643,105654,5,-0.05999999999977334,True
105704,2022-12-05 09:29:00,-1,18790.0,105668,105583,105663,5,-3.0193939393940834,True
105726,2022-12-05 09:51:00,-1,18760.05,105501,105474,105496,0,-3.3466666666665614,False
105726,2022-12-05 09:51:00,-1,18762.5,105511,105484,105506,1,-3.3466666666665614,True
105878,2022-12-05 12:23:00,1,18825.0,105688,105660,105683,1,1.2766666666669777,True
105879,2022-12-05 12:24:00,1,18839.8,105695,105439,105690,0,1.7375757575754749,False
106066,2022-12-06 09:16:00,-1,18741.0,105983,105791,105978,1,-5.6187878787876455,True
106147,2022-12-06 10:37:00,1,18749.6,106130,106119,106125,1,0.2569696969700777,True
106257,2022-12-06 12:27:00,1,18729.0,106245,106225,106240,0,-0.4718181818178257,False
106267,2022-12-06 12:37:00,-1,18715.1,106260,106245,106255,1,-2.32666666666646,True
106291,2022-12-06 13:01:00,1,18718.3,106288,106277,106283,0,0.20787878787847888,False
106305,2022-12-06 13:15:00,1,18739.4,106263,106205,106258,4,1.0596969696974972,True
106410,2022-12-06 15:00:00,1,18755.3,106405,106381,106400,0,-0.5339393939390384,False
106441,2022-12-07 09:16:00,-1,18738.0,106412,106390,106407,1,-2.04757575757532,True
106526,2022-12-07 10:41:00,-1,18737.7,106501,106482,106496,0,-0.9396969696968488,False
106537,2022-12-07 10:52:00,-1,18705.0,106284,106269,106279,2,-3.5336363636358743,True
106538,2022-12-07 10:53:00,-1,18695.0,106100,106085,106095,2,-4.42818181818193,True
106539,2022-12-07 10:54:00,-1,18680.15,106445,106075,106440,0,-5.2896969696971645,False
106596,2022-12-07 11:51:00,1,18690.85,106578,106558,106573,0,1.1812121212125455,False
106648,2022-12-07 12:43:00,-1,18684.4,106634,106605,106629,0,-0.5572727272729586,False
106695,2022-12-07 13:30:00,1,18705.0,106688,106620,106683,3,0.576363636363298,True
106737,2022-12-07 14:12:00,-1,18668.8,106655,106585,106650,1,-0.7639393939391848,True
106789,2022-12-07 15:04:00,-1,18691.35,106784,106767,106779,1,-1.530606060605961,True
106960,2022-12-08 11:40:00,-1,18680.0,106959,106924,106954,0,-1.112424242424712,False
107019,2022-12-08 12:39:00,-1,18675.0,107015,107002,107010,2,-0.8093939393937714,True
107026,2022-12-08 12:46:00,-1,18671.2,106968,106913,106963,6,-0.6206060606064224,True
107073,2022-12-08 13:33:00,1,18697.45,106943,106906,106938,3,-0.9439393939395179,False
107073,2022-12-08 13:33:00,1,18696.0,107057,106946,107052,3,-0.9439393939395179,False
107073,2022-12-08 13:33:00,1,18698.6,107063,106997,107058,0,-0.9439393939395179,False
107160,2022-12-08 15:00:00,1,18722.0,107124,106887,107119,0,-1.3851515151521272,False
107160,2022-12-08 15:00:00,1,18714.7,107148,107131,107143,0,-1.3851515151521272,False
107190,2022-12-09 09:15:00,1,18731.0,107180,106879,107175,0,1.2654545454549178,False
107252,2022-12-09 10:17:00,-1,18715.05,107190,107177,107185,0,-1.8299999999999879,False
107312,2022-12-09 11:17:00,-1,18664.0,107309,107277,107304,0,0.02000000000045438,False
107370,2022-12-09 12:15:00,1,18682.55,107340,107297,107335,4,0.4354545454537617,True
107612,2022-12-12 10:02:00,1,18599.8,107433,107421,107428,11,0.005151515151688509,True
107613,2022-12-12 10:03:00,1,18606.65,107611,107445,107606,1,1.0199999999997285,True
107714,2022-12-12 11:44:00,-1,18602.0,107710,107632,107705,1,-0.5069696969696225,True
107779,2022-12-12 12:49:00,-1,18596.05,107772,107735,107767,1,-0.5721212121204813,True
107898,2022-12-12 14:48:00,1,18576.0,107867,107851,107862,0,0.933030303030456,False
107898,2022-12-12 14:48:00,1,18564.7,107895,107880,107890,0,0.933030303030456,False
107941,2022-12-13 09:16:00,1,18621.95,107761,107702,107756,3,1.4496969696968405,True
108089,2022-12-13 11:44:00,1,18686.4,108080,107370,108075,0,0.5290909090915586,False
108146,2022-12-13 12:41:00,1,18689.0,108124,108106,108119,0,1.020303030302768,False
108148,2022-12-13 12:43:00,1,18690.0,108094,107273,108089,3,1.2527272727273737,True
108249,2022-12-13 14:24:00,-1,18667.0,108239,108073,108234,4,0.576969696969472,False
108285,2022-12-13 15:00:00,1,18698.65,108280,108224,108275,0,0.2136363636357599,False
108393,2022-12-14 10:33:00,1,18778.85,108380,108366,108375,1,0.7927272727280057,True
108475,2022-12-14 11:55:00,-1,18790.0,108471,108457,108466,3,-0.1403030303027399,True
108497,2022-12-14 12:17:00,1,18795.05,108488,108471,108483,2,0.29696969696924086,True
108504,2022-12-14 12:24:00,-1,18784.9,108490,108476,108485,0,-0.6963636363631908,False
108518,2022-12-14 12:38:00,-1,18770.4,108425,108405,108420,1,-1.149999999999375,True
108537,2022-12-14 12:57:00,-1,18768.85,108535,108519,108530,1,-0.3881818181813939,True
108576,2022-12-14 13:36:00,-1,18762.8,108375,108363,108370,7,-0.2530303030295846,True
108576,2022-12-14 13:36:00,-1,18761.9,108546,108387,108541,2,-0.2530303030295846,True
108690,2022-12-15 09:15:00,-1,18730.15,108688,108644,108683,0,0.5575757575753656,False
108704,2022-12-15 09:29:00,-1,18687.75,108695,108301,108690,1,-3.5318181818178456,True
108706,2022-12-15 09:31:00,-1,18670.1,108272,108261,108267,0,-5.156969696969614,False
108832,2022-12-15 11:37:00,1,18655.85,108814,108801,108809,2,0.2830303030309621,True
108846,2022-12-15 11:51:00,-1,18643.05,108812,108795,108807,0,-0.5139393939386117,False
108909,2022-12-15 12:54:00,-1,18589.15,108894,107984,108889,1,-0.7854545454545396,True
109057,2022-12-15 15:22:00,-1,18452.7,109055,109027,109050,0,0.26878787878802596,False
109084,2022-12-16 09:34:00,1,18474.35,109083,109053,109078,0,3.0693939393941356,False
109247,2022-12-16 12:17:00,1,18400.55,109244,109145,109239,1,0.7418181818180276,True
109300,2022-12-16 13:10:00,-1,18445.3,109295,109282,109290,2,-3.314242424242475,True
109330,2022-12-16 13:40:00,-1,18423.75,109322,109267,109317,1,-2.306363636363982,True
109442,2022-12-19 09:17:00,-1,18313.2,109430,109416,109425,2,1.8184848484856857,False
109460,2022-12-19 09:35:00,1,18376.0,109449,109410,109444,1,3.257878787879139,True
109619,2022-12-19 12:14:00,1,18452.95,109328,109309,109323,0,1.0224242424255638,False
109619,2022-12-19 12:14:00,1,18449.9,109601,109589,109596,1,1.0224242424255638,True
109760,2022-12-19 14:35:00,1,18468.0,109640,109620,109635,0,1.5657575757577136,False
109760,2022-12-19 14:35:00,1,18464.95,109746,109717,109741,0,1.5657575757577136,False
109764,2022-12-19 14:39:00,1,18488.85,109283,109085,109278,0,3.1963636363647674,False
109815,2022-12-20 09:15:00,-1,18490.0,109802,109789,109797,3,-3.454848484848743,True
109920,2022-12-20 11:00:00,-1,18257.05,109907,109889,109902,3,-1.7166666666670698,True
109986,2022-12-20 12:06:00,1,18269.75,109949,109938,109944,1,1.9509090909096833,True
109988,2022-12-20 12:08:00,1,18278.0,109915,109885,109910,0,2.7518181818178538,False
110000,2022-12-20 12:20:00,1,18288.5,109994,109866,109989,2,1.0742424242418473,True
110043,2022-12-20 13:03:00,1,18325.5,110031,110013,110026,2,3.0303030303034544,True
110081,2022-12-20 13:41:00,1,18310.0,110077,110062,110072,0,0.19848484848476616,False
110337,2022-12-21 11:42:00,1,18433.6,110334,110313,110329,1,1.2530303030301777,True
110369,2022-12-21 12:14:00,-1,18392.1,110303,110285,110298,0,-0.5103030303021453,False
110466,2022-12-21 13:51:00,-1,18316.1,110461,110415,110456,3,-0.7596969696965694,True
110586,2022-12-22 09:36:00,-1,18262.25,110566,110551,110561,8,-0.9012121212121864,True
110588,2022-12-22 09:38:00,-1,18242.85,110585,110542,110580,1,-1.4051515151512601,True
110624,2022-12-22 10:14:00,-1,18231.9,110594,109926,110589,0,-2.470303030303295,False
110783,2022-12-22 12:53:00,-1,18123.0,110747,110731,110742,1,-0.46696969696958607,True
110891,2022-12-22 14:41:00,-1,18182.0,110882,110848,110877,3,-2.74242424242323,True
110897,2022-12-22 14:47:00,-1,18148.0,110824,110803,110819,0,-3.7524242424237517,False
110920,2022-12-22 15:10:00,1,18185.0,110915,110901,110910,1,3.980000000000142,True
110940,2022-12-23 09:15:00,-1,18141.0,110912,110898,110907,0,-3.715151515151582,False
111074,2022-12-23 11:29:00,-1,17985.15,111045,111015,111040,2,-2.409393939393413,True
111155,2022-12-23 12:50:00,-1,17961.8,111150,111131,111145,0,-0.8424242424249895,False
111199,2022-12-23 13:34:00,-1,17940.0,111190,111159,111185,0,-0.3009090909085609,False
111226,2022-12-23 14:01:00,-1,17905.05,111224,111209,111219,0,-0.8342424242423371,False
111256,2022-12-23 14:31:00,1,17929.95,111225,111213,111220,4,3.7233333333327474,True
111275,2022-12-23 14:50:00,-1,17884.0,111243,111227,111238,1,-2.413030303030051,True
111396,2022-12-26 10:36:00,1,17975.0,111392,111372,111387,1,-0.016969696970348926,False
111418,2022-12-26 10:58:00,1,17985.3,111417,111397,111412,0,-0.07727272727270307,False
111419,2022-12-26 10:59:00,1,17989.0,111155,111135,111150,10,0.17696969697034615,True
111419,2022-12-26 10:59:00,1,17990.0,111356,111339,111351,2,0.17696969697034615,True
111443,2022-12-26 11:23:00,1,17994.9,111350,111125,111345,4,0.8893939393946796,True
111578,2022-12-26 13:38:00,1,18025.0,111470,111056,111465,6,2.2939393939397723,True
111578,2022-12-26 13:38:00,1,18028.0,111476,111046,111471,1,2.2939393939397723,True
111723,2022-12-27 09:48:00,-1,17982.0,111537,111511,111532,0,-5.789696969697153,False
111723,2022-12-27 09:48:00,-1,17988.0,111716,111566,111711,1,-5.789696969697153,True
111787,2022-12-27 10:52:00,1,18053.3,111778,111715,111773,0,1.0809090909090802,False
111858,2022-12-27 12:03:00,1,18072.0,111821,111800,111816,2,0.022424242424325242,True
111887,2022-12-27 12:32:00,-1,18051.45,111876,111861,111871,9,-0.22787878787835572,True
111961,2022-12-27 13:46:00,1,18084.2,111957,111939,111952,1,-0.1360606060605031,False
112048,2022-12-27 15:13:00,1,18140.55,112043,112021,112038,0,0.0727272727277838,False
112227,2022-12-28 11:57:00,1,18148.8,112128,112029,112123,1,1.3463636363641465,True
112307,2022-12-28 13:17:00,-1,18126.0,112277,112259,112272,3,-0.44909090909083743,True
112307,2022-12-28 13:17:00,-1,18125.85,112304,112252,112299,0,-0.44909090909083743,False
112338,2022-12-28 13:48:00,1,18152.0,112296,112280,112291,1,0.5818181818190153,True
112404,2022-12-28 14:54:00,-1,18116.35,112211,112178,112206,1,-2.525757575757708,True
112440,2022-12-29 09:15:00,-1,18050.75,111941,111927,111936,0,0.48545454545422106,False
112440,2022-12-29 09:15:00,-1,18071.1,112070,111959,112065,0,0.48545454545422106,False
112440,2022-12-29 09:15:00,-1,18075.0,112084,112073,112079,0,0.48545454545422106,False
112579,2022-12-29 11:34:00,-1,18003.9,112559,112544,112554,0,0.45818181818201,False
112668,2022-12-29 13:03:00,1,18033.45,112632,112619,112627,0,1.8975757575757073,False
112709,2022-12-29 13:44:00,1,18059.15,112678,112589,112673,2,1.376969696970882,True
112787,2022-12-29 15:02:00,1,18168.0,112398,112378,112393,2,1.3736363636363162,True
112867,2022-12-30 10:07:00,-1,18333.05,112855,112844,112850,0,-1.0578787878781082,False
112915,2022-12-30 10:55:00,-1,18328.5,112911,112897,112906,1,-0.07878787878691085,True
112936,2022-12-30 11:16:00,-1,18313.5,112931,112834,112926,0,0.2581818181817979,False
113023,2022-12-30 12:43:00,1,18318.1,112960,112947,112955,0,2.745454545454538,False
113160,2022-12-30 15:00:00,-1,18240.1,113109,113091,113104,1,-1.7430303030303962,True
113272,2023-01-02 10:37:00,1,18249.9,113245,113230,113240,0,0.7724242424242614,False
113272,2023-01-02 10:37:00,1,18245.3,113261,113222,113256,2,0.7724242424242614,True
113321,2023-01-02 11:26:00,-1,18251.1,113298,113283,113293,0,-0.7318181818175611,False
113380,2023-01-02 12:25:00,-1,18248.2,113352,113322,113347,3,-1.006666666666682,True
113410,2023-01-02 12:55:00,-1,18239.7,113406,113395,113401,2,-0.3915151515145644,True
113490,2023-01-02 14:15:00,-1,18225.05,113242,113228,113237,2,0.9206060606050688,False
113490,2023-01-02 14:15:00,-1,18229.25,113418,113264,113413,0,0.9206060606050688,False
113490,2023-01-02 14:15:00,-1,18234.65,113483,113383,113478,0,0.9206060606050688,False
113521,2023-01-02 14:46:00,1,18253.3,113492,113471,113487,0,1.4272727272733452,False
113524,2023-01-02 14:49:00,1,18269.85,113344,113315,113339,10,4.743939393939211,True
113576,2023-01-03 09:26:00,-1,18213.1,113573,113507,113568,0,-0.5654545454545908,False
113616,2023-01-03 10:06:00,1,18275.0,113615,113601,113610,0,0.6766666666665065,False
113620,2023-01-03 10:10:00,1,18287.6,113568,113551,113563,1,2.44939393939309,True
113623,2023-01-03 10:13:00,1,18294.4,113531,113155,113526,0,2.885454545453791,False
113725,2023-01-03 11:55:00,-1,18290.85,113716,113693,113711,2,-0.40878787878785094,True
113819,2023-01-03 13:29:00,1,18259.55,113817,113796,113812,0,-0.4257575757577616,False
113883,2023-01-03 14:33:00,1,18308.0,113880,113707,113875,2,0.7648484848484466,True
113940,2023-01-04 09:15:00,-1,18295.0,113916,113876,113911,0,-1.6254545454538678,False
113961,2023-01-04 09:36:00,-1,18260.4,113949,113833,113944,0,-1.3218181818188988,False
113980,2023-01-04 09:55:00,-1,18208.65,113976,113577,113971,2,-0.8430303030302555,True
114050,2023-01-04 11:05:00,-1,18164.7,113990,113206,113985,0,-1.5727272727274346,False
114192,2023-01-04 13:27:00,1,18135.0,114188,114176,114183,3,0.7130303030305045,True
114200,2023-01-04 13:35:00,1,18139.0,114198,114170,114193,1,0.32242424242463436,True
114368,2023-01-05 10:08:00,-1,18098.5,114356,114345,114351,0,-1.4493939393938537,False
114369,2023-01-05 10:09:00,-1,18092.0,114328,114306,114323,1,-2.698787878787549,True
114447,2023-01-05 11:27:00,-1,18088.85,114423,114286,114418,3,-3.1463636363637977,True
114452,2023-01-05 11:32:00,-1,18082.2,114374,114277,114369,3,-2.034242424242178,True
114553,2023-01-05 13:13:00,1,18031.3,114548,114530,114543,0,0.46303030302979,False
114586,2023-01-05 13:46:00,1,17990.15,114583,114572,114578,0,0.4590909090907192,False
114648,2023-01-05 14:48:00,1,18043.55,114558,114516,114553,2,0.8678787878785703,True
114667,2023-01-05 15:07:00,1,18063.95,114502,114488,114497,7,2.6854545454554333,True
114710,2023-01-06 09:35:00,1,18119.4,114706,114439,114701,0,0.09242424242435682,False
114734,2023-01-06 09:59:00,-1,18050.65,114690,114666,114685,1,-4.891515151514486,True
114749,2023-01-06 10:14:00,-1,18036.35,114747,114736,114742,0,0.46787878787904885,False
114770,2023-01-06 10:35:00,-1,18019.9,114758,114635,114753,3,-1.236666666666725,True
114808,2023-01-06 11:13:00,-1,17985.35,114625,114614,114620,3,0.17878787878873528,False
114895,2023-01-06 12:40:00,-1,17970.15,114595,114581,114590,1,-2.222727272727281,True
115034,2023-01-06 14:59:00,1,17939.6,115004,114976,114999,3,1.811818181817789,True
115065,2023-01-09 09:15:00,1,18028.75,114859,114841,114854,0,6.561818181818353,False
115092,2023-01-09 09:42:00,1,18118.8,115090,114720,115085,1,1.5866666666665483,True
115126,2023-01-09 10:16:00,1,18164.35,115123,114375,115118,1,0.2454545454543199,True
115150,2023-01-09 10:40:00,1,18190.0,114339,114240,114334,4,0.06575757575719246,True
115177,2023-01-09 11:07:00,1,18194.0,115146,114230,115141,1,0.6300000000005499,True
115230,2023-01-09 12:00:00,-1,18208.9,115223,115207,115218,0,-0.1090909090904946,False
115303,2023-01-09 13:13:00,-1,18167.0,115164,115145,115159,7,0.6539393939404661,False
115425,2023-01-09 15:15:00,1,18179.0,115421,115300,115416,1,0.14333333333423906,True
115453,2023-01-10 09:28:00,-1,18108.0,115401,115359,115396,2,-2.635757575757933,True
115634,2023-01-10 12:29:00,1,18036.1,115569,115555,115564,2,0.10575757575837821,True
115723,2023-01-10 13:58:00,1,17979.15,115701,115683,115696,4,3.6772727272730656,True
115769,2023-01-10 14:44:00,-1,17930.0,115765,115709,115760,0,0.7918181818179045,False
115814,2023-01-10 15:29:00,1,17994.4,115791,115728,115786,7,0.23333333333389347,True
115823,2023-01-11 09:23:00,-1,17925.05,115775,115058,115770,0,-5.069999999999536,False
115866,2023-01-11 10:06:00,1,18001.0,115820,115795,115815,3,4.048484848484833,True
115925,2023-01-11 11:05:00,-1,17957.0,115922,115858,115917,0,-1.8412121212117283,False
116078,2023-01-11 13:38:00,-1,17979.35,116076,116053,116071,0,-0.025757575757168652,False
116105,2023-01-11 14:05:00,-1,17951.3,115959,115943,115954,5,-0.6639393939397698,True
116105,2023-01-11 14:05:00,-1,17949.5,116039,115927,116034,1,-0.6639393939397698,True
116158,2023-01-11 14:58:00,1,18004.6,116011,115975,116006,1,-0.5612121212126427,False
116158,2023-01-11 14:58:00,1,17997.5,116075,116056,116070,1,-0.5612121212126427,False
116158,2023-01-11 14:58:00,1,17993.6,116147,116084,116142,1,-0.5612121212126427,False
116163,2023-01-11 15:03:00,-1,17973.05,116161,116148,116156,1,-0.2096969696970453,True
116209,2023-01-12 09:34:00,1,18010.0,116199,115981,116194,1,2.608181818181163,True
116236,2023-01-12 10:01:00,-1,17949.0,116183,116167,116178,7,-1.3918181818179176,True
116236,2023-01-12 10:01:00,-1,17941.25,116231,116218,116226,0,-1.3918181818179176,False
116239,2023-01-12 10:04:00,-1,17930.1,116124,116106,116119,1,-4.380606060605806,True
116265,2023-01-12 10:30:00,-1,17890.45,115831,115017,115826,8,-0.9948484848484281,True
116406,2023-01-12 12:51:00,1,17899.9,116380,116299,116375,1,1.7163636363634045,True
116440,2023-01-12 13:25:00,-1,17873.05,116401,116390,116396,4,-3.0745454545454454,True
116492,2023-01-12 14:17:00,1,17904.55,116490,116432,116485,0,0.6145454545451756,False
116568,2023-01-13 09:18:00,-1,17882.15,116525,116490,116520,3,-3.287878787877929,True
116616,2023-01-13 10:06:00,-1,17838.15,116600,116466,116595,0,-0.299090909091314,False
116725,2023-01-13 11:55:00,1,17903.3,116701,116679,116696,2,1.4151515151520284,True
116740,2023-01-13 12:10:00,1,17910.0,116665,116586,116660,5,0.7693939393942846,True
116740,2023-01-13 12:10:00,1,17913.85,116738,116725,116733,0,0.7693939393942846,False
116746,2023-01-13 12:16:00,1,17928.8,116545,116499,116540,4,2.645757575757988,True
116788,2023-01-13 12:58:00,1,18019.95,116215,116158,116210,2,1.4575757575765307,True
116833,2023-01-13 13:43:00,1,18065.0,116817,115890,116812,0,2.139393939394146,False
116915,2023-01-13 15:05:00,-1,18026.05,116911,116899,116906,0,-0.03969696969609666,False
116940,2023-01-16 09:15:00,1,18060.35,116890,116879,116885,0,0.6812121212123673,False
116940,2023-01-16 09:15:00,1,18054.3,116917,116896,116912,0,0.6812121212123673,False
116973,2023-01-16 09:48:00,-1,18001.1,116966,116916,116961,0,-2.2290909090904516,False
117060,2023-01-16 11:15:00,-1,17995.0,117056,117003,117051,1,-1.1869696969690837,True
117118,2023-01-16 12:13:00,-1,17958.3,117071,116766,117066,3,0.13848484848523704,False
117196,2023-01-16 13:31:00,1,17983.9,117194,117099,117189,1,0.6766666666669482,True
117217,2023-01-16 13:52:00,-1,17927.15,117165,117137,117160,1,-2.612121212121422,True
117305,2023-01-16 15:20:00,1,17947.8,117299,117287,117294,0,0.25909090909130555,False
117327,2023-01-17 09:27:00,1,17990.85,117201,117075,117196,1,4.7912121212127055,True
117349,2023-01-17 09:49:00,1,18024.85,117044,117029,117039,6,-0.07606060606067311,False
117409,2023-01-17 10:49:00,-1,18043.35,117390,117371,117385,1,-2.762424242423986,True
117475,2023-01-17 11:55:00,1,18054.15,117471,117455,117466,0,-0.3009090909090905,False
117503,2023-01-17 12:23:00,-1,18039.0,117475,117458,117470,1,-0.5509090909088156,True
117523,2023-01-17 12:43:00,-1,18014.35,117444,117427,117439,0,-0.5678787878786411,False
117547,2023-01-17 13:07:00,-1,18001.45,117540,117347,117535,1,0.6033333333336761,False
117651,2023-01-17 14:51:00,1,18055.0,117642,117501,117637,2,1.6169696969703395,True
117660,2023-01-17 15:00:00,1,18057.35,117654,117494,117649,0,-0.5633333333331083,False
117891,2023-01-18 12:36:00,-1,18195.0,117859,117845,117854,3,-0.9175757575759973,True
117927,2023-01-18 13:12:00,-1,18183.95,117901,117825,117896,2,-0.671212121212286,True
118072,2023-01-19 09:22:00,-1,18137.7,117774,117761,117769,1,-6.077878787878361,True
118147,2023-01-19 10:37:00,1,18123.7,118145,118111,118140,0,0.3960606060607627,False
118334,2023-01-19 13:44:00,1,18149.8,118328,118299,118323,0,0.25212121212172556,False
118340,2023-01-19 13:50:00,-1,18137.0,118338,118327,118333,1,-0.8115151515152974,True
118366,2023-01-19 14:16:00,1,18155.0,118339,118272,118334,1,0.5990909090904735,True
118453,2023-01-20 09:28:00,-1,18097.65,118444,118384,118439,1,-1.35606060606064,True
118496,2023-01-20 10:11:00,1,18133.9,118422,118411,118417,6,2.3824242424240967,True
118525,2023-01-20 10:40:00,1,18157.95,118255,118232,118250,9,-0.3481818181817282,False
118546,2023-01-20 11:01:00,-1,18142.3,118526,118508,118521,2,-1.2503030303027232,True
118721,2023-01-20 13:56:00,-1,18103.55,118715,118652,118710,2,-1.2818181818179168,True
118725,2023-01-20 14:00:00,-1,18083.75,118133,118114,118128,5,-4.221212121211704,True
118815,2023-01-23 09:15:00,1,18078.0,118790,118778,118785,0,2.545454545454766,False
118815,2023-01-23 09:15:00,1,18059.9,118814,118799,118809,0,2.545454545454766,False
118847,2023-01-23 09:47:00,1,18170.8,118535,118217,118530,1,0.8730303030301751,True
118902,2023-01-23 10:42:00,-1,18173.3,118892,118871,118887,0,-0.6069696969690469,False
118974,2023-01-23 11:54:00,-1,18164.0,118953,118905,118948,5,-1.0493939393926806,True
119119,2023-01-23 14:19:00,1,18160.2,119116,119101,119111,0,-1.163333333333805,False
119137,2023-01-23 14:37:00,-1,18146.1,119105,119091,119100,1,-0.30424242424194303,True
119190,2023-01-24 09:15:00,1,18187.9,118898,118880,118893,0,1.9984848484851694,False
119190,2023-01-24 09:15:00,1,18158.7,119174,119163,119169,0,1.9984848484851694,False
119382,2023-01-24 12:27:00,-1,18139.15,119190,119140,119185,0,-0.8993939393935397,False
119403,2023-01-24 12:48:00,1,18161.55,119379,119363,119374,0,1.5909090909093084,False
119445,2023-01-24 13:30:00,-1,18136.55,119387,119118,119382,4,-0.2969696969700723,True
119453,2023-01-24 13:38:00,-1,18132.0,119396,119073,119391,6,-1.2460606060607466,True
119669,2023-01-25 10:59:00,-1,17919.8,119665,119654,119660,1,-0.9506060606059253,True
119771,2023-01-25 12:41:00,-1,17887.05,119759,119730,119754,0,-1.4321212121218507,False
119881,2023-01-25 14:31:00,-1,17914.85,119855,119841,119850,0,-0.4269696969686524,False
119995,2023-01-27 10:10:00,-1,17827.05,119993,119955,119988,1,-2.36333333333281,True
120074,2023-01-27 11:29:00,-1,17782.3,120060,120048,120055,1,-1.4557575757576355,True
120285,2023-01-27 15:00:00,1,17639.9,120276,120259,120271,1,1.2242424242422913,True
120315,2023-01-30 09:15:00,-1,17609.0,120274,120262,120269,1,-4.032121212120771,True
120331,2023-01-30 09:31:00,1,17808.85,120072,120061,120067,1,14.374545454544794,True
120423,2023-01-30 11:03:00,-1,17656.45,120422,120405,120417,0,-0.8560606060610381,False
120518,2023-01-30 12:38:00,-1,17652.0,120440,120423,120435,5,-3.831515151514818,True
120566,2023-01-30 13:26:00,1,17618.7,120565,120547,120560,0,0.6118181818184717,False
120606,2023-01-30 14:06:00,1,17639.0,120573,120539,120568,2,10.263030303030513,True
120622,2023-01-30 14:22:00,1,17672.0,120619,120521,120614,0,0.6630303030302243,False
120661,2023-01-30 15:01:00,1,17752.45,120497,120485,120492,0,1.900909090908869,False
120731,2023-01-31 09:56:00,-1,17670.1,120714,120655,120709,3,0.2736363636361088,False
120779,2023-01-31 10:44:00,1,17728.8,120769,120713,120764,0,1.5275757575762932,False
120929,2023-01-31 13:14:00,1,17764.85,120925,120905,120920,0,-1.1342424242423959,False
120992,2023-01-31 14:17:00,-1,17725.8,120929,120915,120924,3,-2.0930303030301323,True
121048,2023-01-31 15:13:00,1,17804.1,120967,120690,120962,2,4.548181818181817,True
121135,2023-02-01 10:25:00,1,17899.4,121079,120025,121074,0,1.0081818181820932,False
121159,2023-02-01 10:49:00,1,17918.5,121149,121138,121144,2,1.7193939393937772,True
121174,2023-02-01 11:04:00,1,17925.0,121164,121065,121159,1,0.8960606060606536,True
121190,2023-02-01 11:20:00,-1,17850.0,121116,121098,121111,1,-7.847575757575322,True
121226,2023-02-01 11:56:00,1,17907.7,121217,121201,121212,2,1.1690909090916712,True
121308,2023-02-01 13:18:00,-1,18008.25,121306,121274,121301,0,-1.7172727272725652,False
121367,2023-02-01 14:17:00,-1,17740.0,121356,121022,121351,0,-4.2890909090905085,False
121392,2023-02-01 14:42:00,-1,17660.0,121386,120803,121381,0,-2.787272727272189,False
121393,2023-02-01 14:43:00,-1,17636.25,120752,120639,120747,0,-4.6984848484846635,False
121668,2023-02-02 13:03:00,-1,17628.1,121659,121644,121654,1,-0.8484848484847376,True
121737,2023-02-02 14:12:00,1,17632.95,121730,121713,121725,0,2.391515151515098,False
121742,2023-02-02 14:17:00,1,17640.0,121703,121692,121698,3,3.167575757576067,True
121789,2023-02-02 15:04:00,1,17699.95,121766,121752,121761,4,0.2563636363644188,True
121815,2023-02-03 09:15:00,1,17742.35,121613,121420,121608,0,-0.27666666666694684,False
121899,2023-02-03 10:39:00,-1,17665.2,121819,121798,121814,2,-0.9633333333330745,True
122001,2023-02-03 12:21:00,1,17752.65,121882,121861,121877,0,3.13454545454509,False
122028,2023-02-03 12:48:00,1,17769.25,122027,122003,122022,0,0.37454545454595395,False
122097,2023-02-03 13:57:00,1,17798.6,122092,122081,122087,1,1.8521212121213975,True
122121,2023-02-03 14:21:00,1,17825.0,121365,121353,121360,0,1.6327272727273308,False
122160,2023-02-03 15:00:00,1,17900.0,122146,122132,122141,6,-0.006666666666574138,False
122184,2023-02-03 15:24:00,-1,17898.95,122180,122166,122175,0,-0.5290909090903626,False
122290,2023-02-06 10:55:00,-1,17751.0,122277,122265,122272,0,-0.48212121212141507,False
122318,2023-02-06 11:23:00,1,17789.8,122306,122262,122301,0,2.0281818181819307,False
122435,2023-02-06 13:20:00,1,17797.4,122420,122392,122415,0,1.1539393939393272,False
122450,2023-02-06 13:35:00,1,17810.0,122446,122363,122441,0,0.4493939393939933,False
122477,2023-02-06 14:02:00,1,17829.5,122463,122246,122458,2,0.6990909090907523,True
122529,2023-02-06 14:54:00,-1,17795.95,122512,122496,122507,4,0.05909090909146572,False
122568,2023-02-07 09:18:00,1,17835.0,122483,122239,122478,2,2.0300000000000242,True
122568,2023-02-07 09:18:00,1,17829.0,122540,122489,122535,3,2.0300000000000242,True
122714,2023-02-07 11:44:00,-1,17791.1,122635,122617,122630,0,-0.6799999999994265,False
122715,2023-02-07 11:45:00,-1,17784.0,122534,122445,122529,5,-1.3472727272728526,True
122745,2023-02-07 12:15:00,-1,17765.4,122376,122335,122371,0,-1.8587878787878735,False
122745,2023-02-07 12:15:00,-1,17769.15,122396,122381,122391,2,-1.8587878787878735,True
122745,2023-02-07 12:15:00,-1,17770.6,122412,122400,122407,1,-1.8587878787878735,True
122775,2023-02-07 12:45:00,-1,17737.0,122056,122040,122051,2,-0.6787878787882801,True
122775,2023-02-07 12:45:00,-1,17739.0,122078,122066,122073,4,-0.6787878787882801,True
122854,2023-02-07 14:04:00,1,17782.35,122827,122754,122822,0,1.1406060606072925,False
122889,2023-02-07 14:39:00,1,17797.25,122860,122736,122855,2,2.523333333333776,True
122889,2023-02-07 14:39:00,1,17799.0,122875,122721,122870,0,2.523333333333776,False
122931,2023-02-07 15:21:00,-1,17771.1,122926,122913,122921,0,-0.7357575757574895,False
122943,2023-02-08 09:18:00,1,17830.0,122911,122685,122906,0,4.874848484848132,False
122959,2023-02-08 09:34:00,1,17864.8,122588,122575,122583,4,2.8509090909096324,True
123025,2023-02-08 10:40:00,-1,17865.0,123000,122978,122995,0,-1.12484848484837,False
123090,2023-02-08 11:45:00,1,17927.65,122996,122163,122991,0,2.1051515151517672,False
123130,2023-02-08 12:25:00,-1,17880.65,123121,123075,123116,1,-1.3178787878781533,True
123185,2023-02-08 13:20:00,1,17909.95,123181,123170,123176,0,0.23393939393954616,False
123195,2023-02-08 13:30:00,1,17931.95,123110,123090,123105,0,1.5439393939390798,False
123260,2023-02-08 14:35:00,1,17933.5,123258,123247,123253,1,0.650000000000954,True
123289,2023-02-08 15:04:00,-1,17906.0,123249,123233,123244,2,-1.5693939393938632,True
123315,2023-02-09 09:15:00,-1,17881.35,123158,123145,123153,2,0.27636363636362504,False
123315,2023-02-09 09:15:00,-1,17898.85,123295,123218,123290,2,0.27636363636362504,False
123316,2023-02-09 09:16:00,-1,17875.0,123141,123130,123136,1,-1.151212121212485,True
123340,2023-02-09 09:40:00,-1,17839.45,123339,123034,123334,0,-0.7681818181819853,False
123380,2023-02-09 10:20:00,1,17907.3,123375,123361,123370,1,0.4284848484846797,True
123383,2023-02-09 10:23:00,1,17914.9,123320,123303,123315,1,1.6366666666672198,True
123443,2023-02-09 11:23:00,1,17918.95,123442,123427,123437,0,0.4642424242428897,False
123466,2023-02-09 11:46:00,-1,17907.55,123440,123429,123435,0,-0.7454545454540482,False
123490,2023-02-09 12:10:00,-1,17891.05,123415,123377,123410,2,-0.833333333333111,True
123563,2023-02-09 13:23:00,-1,17876.0,123549,123533,123544,3,0.06696969696999681,False
123570,2023-02-09 13:30:00,1,17892.95,123535,123511,123530,3,0.4284848484851185,True
123590,2023-02-09 13:50:00,1,17936.0,123264,123195,123259,5,1.5748484848485127,True
123593,2023-02-09 13:53:00,1,17939.35,123290,123270,123285,4,3.0099999999997133,True
123681,2023-02-09 15:21:00,1,17948.85,123677,123657,123672,0,0.17060606060621758,False
123690,2023-02-10 09:15:00,-1,17930.7,123654,123623,123649,7,-2.8557575757575244,True
123818,2023-02-10 11:23:00,1,17895.0,123815,123800,123810,0,0.0639393939390352,False
123836,2023-02-10 11:41:00,-1,17876.35,123830,123806,123825,0,0.2918181818188801,False
123916,2023-02-10 13:01:00,-1,17854.15,123904,123893,123899,3,-0.9012121212112438,True
123958,2023-02-10 13:43:00,1,17867.8,123951,123882,123946,1,1.8233333333325423,True
124043,2023-02-10 15:08:00,1,17884.0,123996,123980,123991,5,2.073333333333852,True
124043,2023-02-10 15:08:00,1,17884.05,124011,124000,124006,0,2.073333333333852,False
124067,2023-02-13 09:17:00,1,17888.85,124048,123831,124043,0,-1.1893939393933295,False
124082,2023-02-13 09:32:00,-1,17840.05,123773,123761,123768,0,-4.447878787879054,False
124082,2023-02-13 09:32:00,-1,17844.7,123937,123868,123932,1,-4.447878787879054,True
124104,2023-02-13 09:54:00,-1,17818.9,123729,123345,123724,0,-1.672121212120792,False
124199,2023-02-13 11:29:00,-1,17799.65,124194,124179,124189,0,-0.1590909090913118,False
124356,2023-02-13 14:06:00,1,17805.35,124325,124228,124320,0,0.3675757575756978,False
124382,2023-02-13 14:32:00,1,17809.65,124361,124196,124356,1,1.568181818181847,True
124456,2023-02-14 09:31:00,1,17851.0,124445,124093,124440,0,-0.4103030303020024,False
124551,2023-02-14 11:06:00,1,17869.95,124537,124501,124532,0,1.6469696969700787,False
124589,2023-02-14 11:44:00,1,17884.0,124587,124570,124582,1,0.2803030303042047,True
124612,2023-02-14 12:07:00,1,17900.5,124075,123820,124070,0,0.3190909090908981,False
124715,2023-02-14 13:50:00,1,17945.0,124695,124677,124690,0,1.0903030303032049,False
124793,2023-02-14 15:08:00,-1,17945.85,124790,124732,124785,0,-1.4918181818184106,False
124875,2023-02-15 10:15:00,1,17949.0,124871,124802,124866,1,0.5766666666671824,True
124935,2023-02-15 11:15:00,1,17964.8,124789,124776,124784,1,1.8063636363637479,True
124944,2023-02-15 11:24:00,1,17971.0,124941,124727,124936,1,0.5996969696971964,True
125115,2023-02-15 14:15:00,1,17965.0,125109,125058,125104,1,0.29272727272733123,True
125127,2023-02-15 14:27:00,1,17975.0,124973,124955,124968,0,0.5560606060606806,False
125127,2023-02-15 14:27:00,1,17971.95,125045,124979,125040,1,0.5560606060606806,True
125256,2023-02-16 10:21:00,-1,18124.7,125229,125206,125224,1,-0.35878787878775087,True
125333,2023-02-16 11:38:00,-1,18125.55,125319,125300,125314,6,-0.07515151515114837,True
125349,2023-02-16 11:54:00,-1,18114.0,125348,125336,125343,0,-0.7987878787880963,False
125381,2023-02-16 12:26:00,-1,18103.7,125355,125265,125350,2,-0.7278787878787213,True
125435,2023-02-16 13:20:00,1,18115.15,125381,125365,125376,0,0.9072727272734271,False
125445,2023-02-16 13:30:00,1,18121.25,125441,125355,125436,1,0.3372727272721476,True
125501,2023-02-16 14:26:00,-1,18071.0,125411,125395,125406,0,-2.713333333333715,False
125746,2023-02-17 12:16:00,-1,17986.5,125708,125682,125703,1,-2.402121212121413,True
125761,2023-02-17 12:31:00,-1,17960.5,125135,125122,125130,3,-1.1584848484846866,True
125786,2023-02-17 12:56:00,-1,17952.0,125570,125111,125565,2,-0.6160606060606238,True
125788,2023-02-17 12:58:00,-1,17948.05,125767,125096,125762,1,-2.851818181818427,True
125821,2023-02-17 13:31:00,-1,17930.5,125013,124990,125008,3,0.015454545454296913,False
125821,2023-02-17 13:31:00,-1,17931.45,125795,125086,125790,3,0.015454545454296913,False
125821,2023-02-17 13:31:00,-1,17932.0,125820,125806,125815,0,0.015454545454296913,False
125860,2023-02-17 14:10:00,-1,17905.0,125858,125846,125853,0,-0.9642424242409755,False
125918,2023-02-17 15:08:00,1,17948.4,125883,125817,125878,6,2.227575757575058,True
125919,2023-02-17 15:09:00,1,17955.0,125814,125796,125809,1,1.5490909090908895,True
125969,2023-02-20 09:44:00,1,17982.8,125950,125767,125945,0,6.932424242425411,False
126067,2023-02-20 11:22:00,-1,17960.0,126042,126026,126037,0,-1.1275757575756977,False
126192,2023-02-20 13:27:00,-1,17893.55,125865,125835,125860,1,-1.8784848484843057,True
126279,2023-02-20 14:54:00,1,17868.0,126268,126238,126263,3,1.9584848484856001,True
126321,2023-02-21 09:21:00,1,17883.9,126290,126214,126285,3,0.8690909090909003,True
126330,2023-02-21 09:30:00,1,17894.0,126320,126198,126315,2,1.6381818181817502,True
126500,2023-02-21 12:20:00,-1,17855.0,126360,126348,126355,3,-0.7757575757578524,True
126503,2023-02-21 12:23:00,-1,17842.55,126345,126291,126340,0,-2.238484848484201,False
126510,2023-02-21 12:30:00,-1,17835.6,126259,126248,126254,2,-0.8542424242424892,True
126551,2023-02-21 13:11:00,1,17852.8,126538,126508,126533,0,0.02545454545502062,False
126602,2023-02-21 14:02:00,1,17893.0,126601,126587,126596,0,0.4469696969694423,False
126608,2023-02-21 14:08:00,-1,17876.4,126605,126590,126600,1,-0.5139393939393284,True
126626,2023-02-21 14:26:00,-1,17839.25,126555,126537,126550,2,-3.3942424242422007,True
126716,2023-02-22 09:41:00,-1,17736.0,126707,126696,126702,0,0.10575757575801685,False
126778,2023-02-22 10:43:00,-1,17666.2,126767,126755,126762,0,-1.232121212120908,False
126821,2023-02-22 11:26:00,1,17679.0,126807,126794,126802,3,0.15939393939491897,True
126832,2023-02-22 11:37:00,-1,17660.0,126792,126779,126787,4,-2.2318181818175544,True
126935,2023-02-22 13:20:00,-1,17616.75,126908,126895,126903,5,-0.9066666666665594,True
126942,2023-02-22 13:27:00,-1,17615.2,126940,126929,126935,0,-0.3809090909089274,False
126975,2023-02-22 14:00:00,-1,17565.0,126967,126956,126962,5,-1.356666666666416,True
127025,2023-02-22 14:50:00,1,17595.0,127021,127010,127016,1,0.5142424242426916,True
127139,2023-02-23 10:29:00,1,17615.0,127120,127106,127115,0,1.1581818181819923,False
127199,2023-02-23 11:29:00,1,17588.1,127196,127185,127191,0,-0.40121212121200184,False
127236,2023-02-23 12:06:00,-1,17572.75,127228,127208,127223,3,0.004545454545627707,False
127262,2023-02-23 12:32:00,-1,17546.6,127255,127170,127250,2,-0.26393939393960103,True
127300,2023-02-23 13:10:00,1,17585.0,127239,127222,127234,0,3.4887878787874955,False
127585,2023-02-24 11:40:00,-1,17594.0,127562,127547,127557,0,-2.949999999999792,False
127815,2023-02-27 09:15:00,-1,17522.0,127788,127753,127783,0,-2.481515151514766,False
128050,2023-02-27 13:10:00,-1,17414.2,128005,127992,128000,0,-0.6724242424231621,False
128050,2023-02-27 13:10:00,-1,17418.0,128039,128011,128034,0,-0.6724242424231621,False
128051,2023-02-27 13:11:00,-1,17401.3,127898,127875,127893,2,-1.7060606060609522,True
128073,2023-02-27 13:33:00,1,17434.9,128050,128039,128045,1,1.955757575758747,True
128091,2023-02-27 13:51:00,1,17440.0,128078,128015,128073,0,-0.07878787878805618,False
128157,2023-02-27 14:57:00,1,17465.9,128155,128124,128150,0,1.6887878787875241,False
128168,2023-02-27 15:08:00,1,17489.95,127978,127961,127973,0,0.5518181818183687,False
128214,2023-02-28 09:39:00,1,17524.7,128200,127845,128195,6,1.7736363636366248,True
128245,2023-02-28 10:10:00,-1,17466.9,128198,128166,128193,1,-1.7148484848484786,True
128281,2023-02-28 10:46:00,-1,17437.35,128137,128118,128132,0,-4.384242424242015,False
128349,2023-02-28 11:54:00,1,17466.1,128311,128294,128306,2,2.7072727272738986,True
128440,2023-02-28 13:25:00,-1,17432.0,128344,128282,128339,7,-0.1645454545451876,True
128588,2023-03-01 09:38:00,1,17487.9,128575,128385,128570,1,4.477272727272819,True
128642,2023-03-01 10:32:00,1,17504.4,128604,128265,128599,0,2.1093939393941494,False
128738,2023-03-01 12:08:00,-1,17499.1,128706,128695,128701,4,-0.3645454545455537,True
128742,2023-03-01 12:12:00,-1,17486.2,128666,128647,128661,1,-2.3154545454539512,True
128833,2023-03-01 13:43:00,1,17503.5,128824,128807,128819,0,0.705757575758411,False
128838,2023-03-01 13:48:00,1,17510.0,128790,128735,128785,2,1.4263636363637604,True
128878,2023-03-01 14:28:00,1,17527.3,128870,128842,128865,0,0.6418181818182911,False
128880,2023-03-01 14:30:00,1,17534.0,128221,128208,128216,1,2.1757575757579186,True
128948,2023-03-02 09:23:00,-1,17485.0,128814,128772,128809,2,-4.867575757575565,True
128950,2023-03-02 09:25:00,-1,17472.55,128641,128625,128636,1,-4.0263636363637545,True
128952,2023-03-02 09:27:00,-1,17468.15,128614,128603,128609,2,-4.083636363635882,True
129011,2023-03-02 10:26:00,1,17444.0,128993,128980,128988,0,1.7836363636363337,False
129092,2023-03-02 11:47:00,1,17456.0,129065,129046,129060,6,0.014545454545698304,True
129197,2023-03-02 13:32:00,-1,17418.55,128997,128985,128992,0,-1.0181818181810298,False
129315,2023-03-03 09:15:00,1,17427.0,129260,129249,129255,0,3.147878787879252,False
129330,2023-03-03 09:30:00,1,17550.0,128900,128880,128895,1,1.431818181818451,True
129400,2023-03-03 10:40:00,1,17609.0,129395,129380,129390,0,0.3469696969705632,False
129443,2023-03-03 11:23:00,1,17627.8,129434,129407,129429,2,1.6918181818180624,True
129506,2023-03-03 12:26:00,-1,17635.3,129481,129467,129476,1,-0.7842424242415902,True
129571,2023-03-03 13:31:00,1,17649.0,129496,129460,129491,0,0.3269696969692832,False
129571,2023-03-03 13:31:00,1,17645.9,129569,129498,129564,0,0.3269696969692832,False
129602,2023-03-03 14:02:00,1,17675.0,129590,129576,129585,5,-0.10060606060640141,False
129751,2023-03-06 10:16:00,1,17840.0,129734,129723,129729,0,0.3706060606069106,False
129803,2023-03-06 11:08:00,-1,17839.9,129777,129760,129772,5,-0.4296969696970676,True
129870,2023-03-06 12:15:00,1,17844.7,129860,129839,129855,1,0.11303030303019945,True
129949,2023-03-06 13:34:00,-1,17800.15,129916,129701,129911,1,-2.6278787878789296,True
130170,2023-03-08 11:00:00,-1,17742.15,130166,130155,130161,0,-0.16363636363641723,False
130268,2023-03-08 12:38:00,1,17718.9,130266,130246,130261,1,0.7339393939401597,True
130281,2023-03-08 12:51:00,1,17722.95,130273,130220,130268,5,0.8839393939390237,True
130346,2023-03-08 13:56:00,1,17747.0,130341,130205,130336,2,0.6166666666670955,True
130410,2023-03-08 15:00:00,1,17781.95,130068,130054,130063,0,1.1072727272726803,False
130410,2023-03-08 15:00:00,1,17774.75,130374,130360,130369,3,1.1072727272726803,True
130444,2023-03-09 09:19:00,1,17805.05,130439,130420,130434,1,-0.5618181818183381,False
130466,2023-03-09 09:41:00,-1,17753.0,130462,130402,130457,2,-0.24333333333355073,True
130484,2023-03-09 09:59:00,-1,17732.0,130330,130319,130325,0,-1.3266666666660258,False
130497,2023-03-09 10:12:00,-1,17710.05,130493,130275,130488,1,-0.5348484848481928,True
130545,2023-03-09 11:00:00,1,17734.75,130525,130514,130520,2,0.4448484848490099,True
130597,2023-03-09 11:52:00,-1,17754.5,130587,130573,130582,3,-1.000303030303534,True
130620,2023-03-09 12:15:00,-1,17718.25,130615,130529,130610,0,-0.07242424242329153,False
130635,2023-03-09 12:30:00,-1,17700.0,130505,130257,130500,0,-0.42181818181778036,False
130715,2023-03-09 13:50:00,-1,17660.0,130086,129688,130081,2,-0.3009090909093129,True
130730,2023-03-09 14:05:00,1,17674.45,130726,130712,130721,0,0.08454545454517248,False
130755,2023-03-09 14:30:00,-1,17661.75,130748,130733,130743,2,-0.32787878787867936,True
130756,2023-03-09 14:31:00,-1,17656.0,130730,130716,130725,1,-1.169090909090712,True
130798,2023-03-09 15:13:00,-1,17644.8,130790,130759,130785,0,-1.403030303029958,False
130921,2023-03-10 11:01:00,-1,17437.0,130899,130886,130894,0,-0.8596969696970175,False
130929,2023-03-10 11:09:00,1,17465.0,130916,130880,130911,1,1.9345454545455782,True
130981,2023-03-10 12:01:00,-1,17444.65,130970,130958,130965,0,-0.5451515151504859,False
131020,2023-03-10 12:40:00,1,17429.35,131017,131006,131012,0,-0.4166666666664367,False
131039,2023-03-10 12:59:00,1,17454.95,131038,131023,131033,0,0.9300000000008062,False
131085,2023-03-10 13:45:00,-1,17414.05,131021,131001,131016,0,-1.321818181818073,False
131153,2023-03-10 14:53:00,-1,17416.0,131142,131104,131137,5,0.1966666666669481,False
131163,2023-03-10 15:03:00,1,17448.7,131101,131067,131096,3,3.53878787878797,True
131326,2023-03-13 11:31:00,-1,17411.2,131134,131088,131129,4,-1.0606060606065748,True
131625,2023-03-14 10:17:00,-1,17159.65,131577,131541,131572,1,-3.9939393939399612,True
131785,2023-03-14 12:57:00,-1,17127.0,131751,131740,131746,1,-3.8651515151513167,True
131803,2023-03-14 13:15:00,-1,17105.0,131734,131688,131729,4,-2.6169696969696354,True
131838,2023-03-14 13:50:00,-1,17106.05,131836,131823,131831,1,0.1724242424237095,False
131872,2023-03-14 14:24:00,1,17139.0,131839,131795,131834,0,4.364242424242855,False
131938,2023-03-15 09:15:00,1,17149.15,131927,131908,131922,0,4.364242424242609,False
132135,2023-03-15 12:32:00,-1,17150.6,132129,132049,132124,2,-2.0233333333330665,True
132216,2023-03-15 13:53:00,-1,17105.5,132201,132186,132196,0,-3.608484848484329,False
132262,2023-03-15 14:39:00,-1,17091.0,132225,131911,132220,3,-1.9551515151512735,True
132277,2023-03-15 14:54:00,-1,17078.95,132274,131805,132269,0,-0.013939393939162846,False
132374,2023-03-16 10:16:00,1,16963.8,132359,132338,132354,0,2.362121212121151,False
132426,2023-03-16 11:08:00,1,17096.45,132278,132266,132273,6,-0.006969696969734956,False
132466,2023-03-16 11:48:00,-1,17034.0,132464,132405,132459,1,-0.6206060606058749,True
132552,2023-03-16 13:14:00,1,17044.25,132545,132478,132540,0,1.0600000000000935,False
132623,2023-03-16 14:25:00,1,17118.05,132619,132256,132614,1,1.6406060606060668,True
132688,2023-03-17 09:15:00,1,17130.0,132248,132234,132243,3,6.398787878787545,True
132689,2023-03-17 09:16:00,1,17177.0,132133,132121,132128,2,11.554242424242469,True
132864,2023-03-17 12:11:00,-1,17048.35,132839,132683,132834,0,-5.529999999999549,False
132916,2023-03-17 13:03:00,-1,17025.75,132879,132668,132874,0,-1.8121212121212882,False
132968,2023-03-17 13:55:00,1,17160.0,132755,132727,132750,2,5.300606060606294,True
133104,2023-03-20 09:56:00,-1,16975.0,132514,132502,132509,3,-3.156363636364004,True
133221,2023-03-20 11:53:00,-1,16943.0,133214,133154,133209,0,0.42696969696934944,False
133227,2023-03-20 11:59:00,-1,16919.7,132369,132345,132364,1,-4.587272727272129,True
133409,2023-03-20 15:01:00,1,16987.45,133400,133185,133395,2,1.1739393939395562,True
133495,2023-03-21 10:12:00,1,17097.85,133494,133469,133489,0,0.6745454545448615,False
133597,2023-03-21 11:54:00,-1,17081.05,133550,133492,133545,2,-0.732424242424019,True
133763,2023-03-21 14:40:00,1,17170.0,133750,133724,133745,3,1.8357575757579734,True
133813,2023-03-22 09:15:00,1,17207.7,132695,132099,132690,2,3.52363636363643,True
133858,2023-03-22 10:00:00,-1,17191.0,133856,133844,133851,1,0.2884848484847472,False
133896,2023-03-22 10:38:00,-1,17167.0,133891,133878,133886,1,-1.9636363636359682,True
133924,2023-03-22 11:06:00,-1,17146.3,133763,133751,133758,2,-2.4754545454541033,True
133988,2023-03-22 12:10:00,-1,17175.4,133983,133971,133978,0,-0.6342424242426065,False
134053,2023-03-22 13:15:00,-1,17163.1,133995,133953,133990,4,-0.9136363636362204,True
134137,2023-03-22 14:39:00,-1,17163.05,134111,134099,134106,4,0.05242424242416839,False
134143,2023-03-22 14:45:00,-1,17151.2,134063,133935,134058,3,-2.0766666666665228,True
134166,2023-03-22 15:08:00,1,17186.0,134163,134115,134158,1,1.1090909090902061,True
134189,2023-03-23 09:16:00,-1,17114.0,133708,133696,133703,1,-5.648484848484992,True
134256,2023-03-23 10:23:00,1,17203.85,134015,133864,134010,1,1.965757575758128,True
134388,2023-03-23 12:35:00,1,17216.45,133860,133841,133855,7,2.6406060606061073,True
134422,2023-03-23 13:09:00,-1,17212.2,134419,134395,134414,0,0.12212121212188329,False
134475,2023-03-23 14:02:00,-1,17182.4,134382,134350,134377,4,-0.7103030303026364,True
134538,2023-03-23 15:05:00,-1,17102.15,134532,134516,134527,0,-0.45848484848543836,False
134652,2023-03-24 10:44:00,-1,17038.0,134640,134594,134635,3,-1.2360606060607788,True
134678,2023-03-24 11:10:00,1,17062.4,134670,134641,134665,1,1.4327272727271494,True
134743,2023-03-24 12:15:00,1,17110.0,134729,134624,134724,0,0.457272727273127,False
134824,2023-03-24 13:36:00,-1,17052.0,134782,134769,134777,0,-3.3424242424240647,False
134908,2023-03-24 15:00:00,-1,16976.0,134905,134879,134900,0,2.03666666666685,False
134953,2023-03-27 09:30:00,1,17014.95,134945,134890,134940,1,6.852727272727683,True
134999,2023-03-27 10:16:00,1,17064.75,134984,134844,134979,3,0.8930303030305723,True
135019,2023-03-27 10:36:00,-1,17025.25,134974,134959,134969,1,-1.4151515151512362,True
135078,2023-03-27 11:35:00,1,17031.0,135060,135048,135055,0,0.15242424242463848,False
135112,2023-03-27 12:09:00,1,17066.35,135100,134999,135095,0,0.9954545454546715,False
135238,2023-03-27 14:15:00,1,17070.95,135235,135224,135230,0,-0.38939393939393435,False
135259,2023-03-27 14:36:00,1,17117.8,134748,134566,134743,11,-0.09787878787862611,False
135259,2023-03-27 14:36:00,1,17119.85,135256,134749,135251,0,-0.09787878787862611,False
135387,2023-03-28 10:29:00,-1,17007.05,135311,135300,135306,0,-1.7112121212112938,False
135387,2023-03-28 10:29:00,-1,17010.2,135375,135358,135370,0,-1.7112121212112938,False
135437,2023-03-28 11:19:00,1,16994.3,135413,135400,135408,4,1.9139393939400366,True
135498,2023-03-28 12:20:00,-1,16984.45,135453,135441,135448,4,-1.7787878787874314,True
135562,2023-03-28 13:24:00,-1,16988.0,135548,135533,135543,1,-1.927878787878048,True
135722,2023-03-29 09:49:00,1,17018.2,135702,135690,135697,9,0.7039393939397839,True
135757,2023-03-29 10:24:00,1,17039.8,135729,135377,135724,1,1.5009090909093594,True
135844,2023-03-29 11:51:00,-1,16968.1,135835,135806,135830,4,0.3990909090913847,False
135872,2023-03-29 12:19:00,-1,16946.5,135644,135633,135639,7,-0.13545454545440544,True
135915,2023-03-29 13:02:00,1,16983.4,135860,135840,135855,2,2.282424242424307,True
136194,2023-03-31 11:26:00,1,17350.95,136181,136161,136176,0,0.6481818181825252,False
136247,2023-03-31 12:19:00,1,17370.0,136243,136231,136238,0,-0.7399999999992765,False
136257,2023-03-31 12:29:00,1,17377.8,136224,136103,136219,3,-0.012424242424846283,False
136331,2023-03-31 13:43:00,1,17417.75,136326,136270,136321,1,0.3842424242418155,True
136361,2023-03-31 14:13:00,1,17445.0,136355,136344,136350,4,0.490606060605863,True
136499,2023-04-03 10:16:00,-1,17435.45,136493,136478,136488,0,0.38757575757620377,False
136556,2023-04-03 11:13:00,-1,17394.4,136324,136303,136319,2,-2.1600000000006685,True
136556,2023-04-03 11:13:00,-1,17396.0,136469,136453,136464,2,-2.1600000000006685,True
136568,2023-04-03 11:25:00,-1,17391.6,136565,136284,136560,1,-0.11939393939367082,True
136609,2023-04-03 12:06:00,1,17425.95,136602,136532,136597,1,0.9460606060607344,True
136662,2023-04-03 12:59:00,-1,17420.1,136634,136618,136629,1,-1.4333333333331502,True
136668,2023-04-03 13:05:00,1,17435.0,136638,136623,136633,5,-0.06696969696949115,False
136727,2023-04-03 14:04:00,1,17430.0,136725,136693,136720,0,-0.05666666666717487,False
136745,2023-04-03 14:22:00,1,17440.0,136743,136728,136738,0,0.1899999999996936,False
136765,2023-04-03 14:42:00,1,17453.0,136510,136483,136505,0,0.11303030303060031,False
136765,2023-04-03 14:42:00,1,17450.0,136760,136668,136755,0,0.11303030303060031,False
136766,2023-04-03 14:43:00,1,17456.0,136499,136473,136494,0,0.6481818181815486,False
136769,2023-04-03 14:46:00,1,17464.5,136416,136398,136411,5,2.148787878788524,True
136847,2023-04-05 09:49:00,1,17544.4,136843,136823,136838,1,0.8136363636361735,True
136914,2023-04-05 10:56:00,-1,17551.5,136883,136870,136878,2,-0.44757575757645807,True
137072,2023-04-05 13:34:00,-1,17597.4,137058,137035,137053,0,-0.10757575757523935,False
137128,2023-04-05 14:30:00,1,17610.0,137073,137061,137068,2,1.086666666666819,True
137155,2023-04-05 14:57:00,1,17620.0,137139,137048,137134,0,0.9051515151525414,False
137190,2023-04-06 09:17:00,-1,17585.3,137112,137096,137107,1,-4.2715151515158025,True
137227,2023-04-06 09:54:00,-1,17575.1,137197,137013,137192,8,-0.3306060606058366,True
137227,2023-04-06 09:54:00,-1,17572.05,137212,136997,137207,0,-0.3306060606058366,False
137363,2023-04-06 12:10:00,-1,17655.0,137357,137320,137352,0,-0.2118181818183121,False
137389,2023-04-06 12:36:00,1,17676.0,137332,137308,137327,5,-0.20515151515094393,False
137389,2023-04-06 12:36:00,1,17676.75,137388,137376,137383,0,-0.20515151515094393,False
137451,2023-04-06 13:38:00,-1,17666.75,137444,137433,137439,2,-0.760606060606417,True
137457,2023-04-06 13:44:00,-1,17634.75,137261,137244,137256,4,-4.509090909091406,True
137563,2023-04-10 09:15:00,1,17660.0,137530,137515,137525,0,2.4096969696971535,False
137708,2023-04-10 11:40:00,1,17694.0,137701,137688,137696,2,0.2842424242424275,True
137799,2023-04-10 13:11:00,-1,17727.0,137768,137746,137763,0,-1.6848484848487661,False
137867,2023-04-10 14:19:00,-1,17663.0,137665,137636,137660,0,-2.460000000000096,False
137938,2023-04-11 09:15:00,1,17732.0,137821,137804,137816,0,2.357878787878386,False
138200,2023-04-11 13:37:00,1,17759.35,138120,138079,138115,2,1.0678787878789793,True
138297,2023-04-11 15:14:00,1,17788.0,138271,138256,138266,12,0.6942424242416808,True
138374,2023-04-12 10:16:00,-1,17803.1,138372,138358,138367,0,-0.8563636363639842,False
138505,2023-04-12 12:27:00,1,17827.4,138465,138451,138460,3,1.1733333333336269,True
138615,2023-04-12 14:17:00,1,17869.0,138613,138597,138608,1,0.79939393939404,True
138709,2023-04-13 09:36:00,1,17868.7,138685,138628,138680,3,1.2215151515150644,True
138743,2023-04-13 10:10:00,-1,17829.8,138698,138654,138693,4,-0.9499999999987009,True
138781,2023-04-13 10:48:00,-1,17825.05,138757,138743,138752,0,-2.2930303030303953,False
138788,2023-04-13 10:55:00,-1,17803.1,138493,138431,138488,0,-2.803636363635711,False
138808,2023-04-13 11:15:00,-1,17788.05,138404,138384,138399,3,-1.825757575757256,True
138872,2023-04-13 12:19:00,-1,17782.0,138827,138808,138822,1,-1.910909090908537,True
138887,2023-04-13 12:34:00,-1,17776.4,138878,138283,138873,1,-1.821212121211116,True
139047,2023-04-13 15:14:00,1,17877.4,139035,138713,139030,4,0.422424242425155,True
139047,2023-04-13 15:14:00,1,17880.0,139046,138577,139041,0,0.422424242425155,False
139252,2023-04-17 12:24:00,1,17741.25,139215,139169,139210,7,0.7499999999994708,True
139252,2023-04-17 12:24:00,1,17745.0,139222,139160,139217,1,0.7499999999994708,True
139468,2023-04-18 09:45:00,-1,17746.95,139467,139450,139462,0,-2.719696969696518,False
139469,2023-04-18 09:46:00,-1,17740.0,139443,139402,139438,1,-3.3175757575749376,True
139470,2023-04-18 09:47:00,-1,17733.4,139395,139353,139390,0,-3.4981818181814326,False
139570,2023-04-18 11:27:00,1,17726.95,139568,139543,139563,1,0.31272727272773865,True
139675,2023-04-18 13:12:00,-1,17734.95,139660,139649,139655,1,-0.806060606060433,True
139756,2023-04-18 14:33:00,1,17692.5,139750,139735,139745,3,0.7906060606065836,True
139818,2023-04-19 09:20:00,-1,17674.0,139766,139747,139761,1,-3.325151515151546,True
139945,2023-04-19 11:27:00,-1,17670.05,139944,139908,139939,0,-0.623939393939214,False
140003,2023-04-19 12:25:00,-1,17690.1,139999,139988,139994,1,-0.09696969697003324,True
140025,2023-04-19 12:47:00,1,17705.65,140018,139999,140013,0,0.406060606060834,False
140043,2023-04-19 13:05:00,-1,17679.85,140009,139970,140004,0,-1.256666666666622,False
140080,2023-04-19 13:42:00,-1,17652.0,140076,139713,140071,0,-0.31303030303101326,False
140120,2023-04-19 14:22:00,1,17645.6,140114,140095,140109,1,1.0066666666668413,True
140165,2023-04-19 15:07:00,1,17652.55,140136,140125,140131,2,2.653030303030268,True
140193,2023-04-20 09:20:00,1,17707.9,140031,139955,140026,0,6.023636363635964,False
140267,2023-04-20 10:34:00,-1,17627.95,140161,140139,140156,2,-4.130303030302398,True
140392,2023-04-20 12:39:00,-1,17645.0,140377,140362,140372,1,-1.169696969697133,True
140421,2023-04-20 13:08:00,-1,17623.0,140108,140084,140103,3,-1.3063636363635602,True
140460,2023-04-20 13:47:00,1,17632.6,140445,140431,140440,1,0.16242424242441783,True
140478,2023-04-20 14:05:00,-1,17617.6,140461,140445,140456,4,-0.5681818181818962,True
140533,2023-04-20 15:00:00,1,17644.15,140516,140495,140511,1,0.5748484848487082,True
140563,2023-04-21 09:15:00,1,17665.0,140350,140335,140345,0,0.04939393939413155,False
140563,2023-04-21 09:15:00,1,17663.75,140550,140382,140545,0,0.04939393939413155,False
140591,2023-04-21 09:43:00,-1,17654.1,140567,140553,140562,4,1.5263636363641466,False
140626,2023-04-21 10:18:00,-1,17629.4,140616,140518,140611,0,0.20333333333357415,False
140684,2023-04-21 11:16:00,1,17639.0,140680,140644,140675,0,0.2730303030300256,False
140737,2023-04-21 12:09:00,-1,17624.55,140734,140692,140729,0,-0.5981818181811697,False
140757,2023-04-21 12:29:00,-1,17610.95,140485,140423,140480,2,-0.44030303030329565,True
140938,2023-04-24 09:15:00,1,17671.15,140913,140879,140908,2,1.6042424242432625,True
140990,2023-04-24 10:07:00,-1,17645.0,140972,140933,140967,3,0.01545454545473036,False
140992,2023-04-24 10:09:00,-1,17640.4,140986,140896,140981,2,-1.3472727272725973,True
141018,2023-04-24 10:35:00,1,17657.35,141003,140987,140998,0,0.21030303030393754,False
141058,2023-04-24 11:15:00,1,17666.7,141053,141041,141048,0,0.6221212121216183,False
141074,2023-04-24 11:31:00,-1,17652.0,141058,141034,141053,2,-0.9642424242421355,True
141193,2023-04-24 13:30:00,1,17722.0,140209,139787,140204,6,-0.37060606060538237,False
141193,2023-04-24 13:30:00,1,17724.3,141190,140212,141185,0,-0.37060606060538237,False
141245,2023-04-24 14:22:00,1,17739.0,141233,141208,141228,5,-0.3227272727265544,False
141273,2023-04-24 14:50:00,1,17743.9,141241,141201,141236,2,-0.052424242424042825,False
141273,2023-04-24 14:50:00,1,17740.25,141266,141253,141261,2,-0.052424242424042825,False
141316,2023-04-25 09:18:00,-1,17752.2,141296,141284,141291,3,-1.9215151515149762,True
141428,2023-04-25 11:10:00,1,17790.0,141412,141400,141407,1,1.651212121213083,True
141511,2023-04-25 12:33:00,-1,17770.8,141426,141393,141421,0,-1.0130303030305243,False
141610,2023-04-25 14:12:00,1,17799.7,141487,141469,141482,1,2.20030303030272,True
141691,2023-04-26 09:18:00,-1,17758.9,141528,141517,141523,6,-1.608181818181431,True
141700,2023-04-26 09:27:00,-1,17745.0,141363,141345,141358,2,-1.1987878787874433,True
141757,2023-04-26 10:24:00,1,17766.9,141754,141741,141749,0,-0.09090909090927338,False
141778,2023-04-26 10:45:00,-1,17758.0,141773,141753,141768,0,0.5003030303031234,False
141935,2023-04-26 13:22:00,-1,17774.55,141841,141804,141836,1,-0.22060606060586235,True
141935,2023-04-26 13:22:00,-1,17775.55,141873,141844,141868,0,-0.22060606060586235,False
142034,2023-04-26 15:01:00,1,17795.0,142023,142003,142018,1,0.2851515151521148,True
142200,2023-04-27 11:32:00,1,17850.0,142198,142144,142193,1,0.5178787878789075,True
142275,2023-04-27 12:47:00,1,17855.0,142264,142240,142259,0,0.5418181818185127,False
142297,2023-04-27 13:09:00,-1,17842.95,142271,142257,142266,5,-1.10545454545432,True
142344,2023-04-27 13:56:00,1,17885.15,142341,142319,142336,1,0.02878787878834874,True
142586,2023-04-28 11:43:00,1,18042.75,142578,142550,142573,0,0.8787878787877059,False
142650,2023-04-28 12:47:00,-1,18042.5,142631,142613,142626,0,-0.43727272727281546,False
142745,2023-04-28 14:22:00,-1,18040.15,142735,142717,142730,0,-1.3333333333333846,False
142748,2023-04-28 14:25:00,-1,18036.0,142655,142595,142650,3,-1.4057575757576013,True
142766,2023-04-28 14:43:00,1,18062.8,142730,142684,142725,1,1.154848484849062,True
142968,2023-05-02 11:50:00,1,18225.2,142963,142946,142958,2,0.4569696969698024,True
142989,2023-05-02 12:11:00,1,18229.95,142986,142968,142981,2,0.4154545454545815,True
143035,2023-05-02 12:57:00,1,18233.6,143030,143018,143025,1,-0.1896969696968143,False
143076,2023-05-02 13:38:00,-1,18222.5,143074,143030,143069,1,-0.772727272727085,True
143131,2023-05-02 14:33:00,1,18238.0,143112,143099,143107,3,1.8175757575763172,True
143147,2023-05-02 14:49:00,-1,18221.85,143128,143104,143123,2,-1.4506060606060733,True
143400,2023-05-03 12:47:00,1,18150.0,143395,143353,143390,0,0.4787878787882535,False
143456,2023-05-03 13:43:00,-1,18147.55,143453,143436,143448,0,-0.0690909090910449,False
143466,2023-05-03 13:53:00,-1,18130.05,143382,143340,143377,2,-1.7618181818179066,True
143577,2023-05-04 09:29:00,1,18165.0,143444,143419,143439,3,2.3796969696967034,True
143645,2023-05-04 10:37:00,1,18188.6,143644,143633,143639,0,0.20818181818156972,False
143792,2023-05-04 13:04:00,1,18223.5,143780,143752,143775,1,0.44787878787945506,True
143872,2023-05-04 14:24:00,1,18250.0,143838,143795,143833,0,0.11303030303028691,False
143872,2023-05-04 14:24:00,1,18247.45,143858,143816,143853,0,0.11303030303028691,False
143938,2023-05-05 09:15:00,-1,18233.15,143864,143811,143859,0,-2.801515151514786,False
143939,2023-05-05 09:16:00,-1,18201.2,143748,143717,143743,1,-6.289090909090974,True
144059,2023-05-05 11:16:00,-1,18187.0,143666,143655,143661,0,-2.658484848484625,False
144059,2023-05-05 11:16:00,-1,18192.15,143946,143695,143941,2,-2.658484848484625,True
144093,2023-05-05 11:50:00,-1,18155.7,144069,143603,144064,1,-3.4130303030303324,True
144102,2023-05-05 11:59:00,-1,18139.1,144100,143570,144095,0,-0.6830303030298568,False
144134,2023-05-05 12:31:00,1,18196.7,144127,144080,144122,1,0.5436363636353319,True
144167,2023-05-05 13:04:00,-1,18176.0,144148,144128,144143,0,-1.9824242424246912,False
144194,2023-05-05 13:31:00,1,18206.0,144192,144178,144187,0,-0.5666666666666592,False
144487,2023-05-08 12:09:00,1,18315.9,144473,143918,144468,6,1.0557575757578266,True
144594,2023-05-08 13:56:00,1,18340.0,144571,144557,144566,4,1.8875757575758583,True
144660,2023-05-08 15:02:00,-1,18312.25,144618,144586,144613,6,-0.36363636363609303,True
144688,2023-05-09 09:15:00,1,18331.65,144643,144629,144638,0,0.4624242424244642,False
144758,2023-05-09 10:25:00,1,18378.5,144752,144734,144747,1,0.10151515151562954,True
144850,2023-05-09 11:57:00,1,18375.85,144829,144814,144824,7,0.6515151515156204,True
144901,2023-05-09 12:48:00,-1,18364.0,144822,144773,144817,8,-0.2518181818172526,True
144901,2023-05-09 12:48:00,-1,18363.5,144881,144844,144876,1,-0.2518181818172526,True
144941,2023-05-09 13:28:00,-1,18320.0,144934,144707,144929,1,-1.9881818181817101,True
144947,2023-05-09 13:34:00,-1,18313.8,144945,144687,144940,0,-0.5957575757578508,False
145088,2023-05-10 09:40:00,-1,18291.6,145024,144997,145019,5,-2.1121212121209076,True
145107,2023-05-10 09:59:00,-1,18269.0,145098,144975,145093,3,-1.278181818181814,True
145282,2023-05-10 12:54:00,1,18329.05,145278,145260,145273,1,0.18060606060621168,True
145309,2023-05-10 13:21:00,-1,18312.7,145270,145250,145265,0,-0.07303030302992265,False
145311,2023-05-10 13:23:00,-1,18305.0,145240,145228,145235,1,-2.229090909090424,True
145326,2023-05-10 13:38:00,-1,18279.0,145322,145178,145317,2,-1.0115151515143144,True
145364,2023-05-10 14:16:00,1,18334.55,145289,145216,145284,0,2.0551515151512834,False
145395,2023-05-10 14:47:00,-1,18311.05,145388,145356,145383,0,-0.676363636363512,False
145461,2023-05-11 09:38:00,-1,18338.0,145455,145434,145450,0,0.43848484848508623,False
145516,2023-05-11 10:33:00,1,18364.95,145499,145457,145494,4,0.015454545454417191,True
145534,2023-05-11 10:51:00,1,18378.0,144855,144838,144850,10,0.6766666666673942,True
145665,2023-05-11 13:02:00,1,18362.9,145648,145635,145643,0,1.2772727272736324,False
145741,2023-05-11 14:18:00,1,18374.85,145707,145565,145702,0,0.7587878787878983,False
145742,2023-05-11 14:19:00,1,18380.0,145539,144860,145534,2,1.580303030303862,True
145768,2023-05-11 14:45:00,-1,18351.1,145765,145723,145760,2,0.352424242424547,False
145777,2023-05-11 14:54:00,-1,18339.3,145774,145648,145769,0,-0.6469696969692474,False
145778,2023-05-11 14:55:00,-1,18333.95,145622,145610,145617,1,-0.9533333333326158,True
145804,2023-05-11 15:21:00,1,18349.0,145802,145790,145797,1,-0.01636363636363385,False
145813,2023-05-12 09:15:00,-1,18320.95,145479,145462,145474,3,-3.0903030303028896,True
145942,2023-05-12 11:24:00,-1,18292.3,145935,145914,145930,1,-0.795757575757188,True
146003,2023-05-12 12:25:00,1,18307.05,145979,145932,145974,0,0.5887878787878804,False
146028,2023-05-12 12:55:00,1,18324.4,146026,146013,146021,0,0.296060606060149,False
146073,2023-05-12 13:40:00,1,18339.1,146049,146033,146044,7,1.1951515151513983,True
146206,2023-05-15 09:38:00,1,18370.0,146190,145807,146185,1,2.2433333333339456,True
146228,2023-05-15 10:00:00,1,18388.75,145443,144791,145438,5,0.03757575757664989,True
146297,2023-05-15 11:09:00,1,18410.0,146279,146268,146274,2,0.40363636363659583,True
146368,2023-05-15 12:20:00,1,18439.95,146344,146322,146339,5,-0.3948484848480192,False
146449,2023-05-15 13:41:00,1,18459.2,146437,146399,146432,1,0.5412121212126622,True
146528,2023-05-15 15:00:00,-1,18443.5,146516,146505,146511,0,1.339999999999683,False
146664,2023-05-16 11:01:00,1,18417.2,146663,146647,146658,0,0.879393939394795,False
146687,2023-05-16 11:24:00,-1,18390.1,146287,146251,146282,3,-1.4293939393942094,True
146748,2023-05-16 12:25:00,1,18396.75,146723,146709,146718,3,0.6333333333340637,True
146748,2023-05-16 12:25:00,1,18396.0,146746,146735,146741,1,0.6333333333340637,True
146838,2023-05-16 13:55:00,1,18409.0,146823,146793,146818,1,1.115454545454393,True
146914,2023-05-16 15:11:00,-1,18326.0,146167,146153,146162,3,-2.4360606060603778,True
146916,2023-05-16 15:13:00,-1,18320.15,146067,146038,146062,3,-2.741818181817963,True
146933,2023-05-17 09:15:00,-1,18312.35,146931,146024,146926,0,0.3657575757575639,False
146947,2023-05-17 09:29:00,-1,18291.55,145997,145983,145992,4,0.8424242424245837,False
147001,2023-05-17 10:23:00,-1,18286.45,146945,145962,146940,6,-2.137575757576337,True
147001,2023-05-17 10:23:00,-1,18286.05,146980,146947,146975,0,-2.137575757576337,False
147004,2023-05-17 10:26:00,-1,18275.75,145951,145883,145946,2,-3.31939393939376,True
147132,2023-05-17 12:34:00,1,18195.5,147126,147110,147121,3,0.7254545454553081,True
147249,2023-05-17 14:31:00,1,18190.6,147244,147208,147239,0,0.5787878787883168,False
147308,2023-05-18 09:15:00,1,18270.2,147058,147045,147053,0,3.1257575757578127,False
147316,2023-05-18 09:23:00,1,18313.0,146985,146971,146980,5,5.343939393940027,True
147355,2023-05-18 10:02:00,-1,18264.45,147344,147332,147339,6,-0.5818181818178823,True
147467,2023-05-18 11:54:00,1,18277.9,147444,147432,147439,1,1.580000000000131,True
147578,2023-05-18 13:45:00,-1,18215.35,147554,147543,147549,0,0.2663636363642043,False
147612,2023-05-18 14:19:00,-1,18192.8,147583,147273,147578,2,-1.0663636363628972,True
147654,2023-05-18 15:01:00,-1,18177.0,147638,147242,147633,1,-0.13333333333323155,True
147960,2023-05-19 13:52:00,1,18164.0,147936,147914,147931,0,-0.4006060606061204,False
147973,2023-05-19 14:05:00,1,18204.85,147652,147623,147647,4,3.0772727272726477,True
148008,2023-05-19 14:40:00,1,18204.0,147996,147983,147991,1,1.0627272727273795,True
148010,2023-05-19 14:42:00,1,18210.0,147978,147683,147973,2,1.6033333333333224,True
148063,2023-05-22 09:20:00,1,18245.15,147581,147504,147576,1,-2.606363636364196,False
148234,2023-05-22 12:11:00,1,18327.7,148188,148175,148183,7,-0.16909090909018676,False
148256,2023-05-22 12:33:00,-1,18304.0,148234,148194,148229,0,-1.7496969696959481,False
148298,2023-05-22 13:15:00,1,18320.0,148279,148261,148274,1,1.9612121212119822,True
148423,2023-05-22 15:20:00,-1,18325.0,148420,148401,148415,2,-0.8254545454545821,True
148433,2023-05-23 09:15:00,1,18350.0,148414,148239,148409,0,1.9618181818182707,False
148512,2023-05-23 10:34:00,1,18408.9,148510,148494,148505,1,-0.31242424242405403,False
148515,2023-05-23 10:37:00,1,18413.2,148479,148461,148474,0,0.2418181818188071,False
148655,2023-05-23 12:57:00,1,18418.25,148620,148602,148615,5,0.7860606060615918,True
148665,2023-05-23 13:07:00,-1,18408.0,148649,148633,148644,2,-1.4466666666668895,True
148672,2023-05-23 13:14:00,-1,18405.0,148628,148609,148623,4,-0.24030303030272918,True
148673,2023-05-23 13:15:00,-1,18400.05,148594,148573,148589,0,-0.11454545454464249,False
148705,2023-05-23 13:47:00,1,18412.2,148687,148671,148682,9,-0.19181818181785407,False
148761,2023-05-23 14:43:00,-1,18391.05,148678,148497,148673,1,-1.45181818181789,True
148808,2023-05-24 09:15:00,-1,18308.6,148393,148351,148388,0,-1.9430303030309384,False
148866,2023-05-24 10:13:00,1,18362.85,148865,148804,148860,0,-0.575454545453516,False
148898,2023-05-24 10:45:00,1,18384.0,148894,148871,148889,0,-0.07242424242377227,False
148977,2023-05-24 12:04:00,-1,18352.9,148889,148863,148884,0,-1.4590909090912503,False
149007,2023-05-24 12:34:00,-1,18340.85,148996,148845,148991,9,-0.5166666666666669,True
149134,2023-05-24 14:41:00,-1,18302.0,149059,149048,149054,1,-2.1578787878787105,True
149219,2023-05-25 09:51:00,1,18303.7,149186,149172,149181,0,3.836969696970041,False
149258,2023-05-25 10:30:00,-1,18252.0,149256,149237,149251,0,-0.7981818181812068,False
149305,2023-05-25 11:17:00,-1,18241.0,149209,148107,149204,0,-0.058787878787978164,False
149305,2023-05-25 11:17:00,-1,18250.0,149278,149259,149273,2,-0.058787878787978164,True
149337,2023-05-25 11:49:00,1,18232.9,149336,149325,149331,0,-0.0851515151514055,False
149426,2023-05-25 13:18:00,-1,18212.5,149419,149321,149414,0,-1.0136363636365529,False
149493,2023-05-25 14:25:00,1,18264.0,149292,149277,149287,2,2.487272727272166,True
149517,2023-05-25 14:49:00,1,18269.5,149498,149266,149493,2,1.4521212121207867,True
149528,2023-05-25 15:00:00,1,18305.15,149225,149165,149220,1,1.7996969696979295,True
149823,2023-05-26 13:40:00,1,18530.0,149736,149725,149731,7,1.0363636363631332,True
149886,2023-05-26 14:43:00,-1,18570.0,149885,149867,149880,0,-0.5975757575752831,False
149933,2023-05-29 09:15:00,1,18586.8,149874,149863,149869,3,5.95303030303038,True
150011,2023-05-29 10:33:00,1,18688.85,150008,149972,150003,1,1.0751515151516424,True
150044,2023-05-29 11:06:00,1,18699.0,150030,150018,150025,7,0.9227272727272502,True
150184,2023-05-29 13:26:00,1,18683.7,150180,150142,150175,0,-0.03333333333347072,False
150218,2023-05-29 14:00:00,1,18701.7,150217,150113,150212,0,0.2539393939399709,False
150316,2023-05-30 09:23:00,1,18706.0,150235,150224,150230,1,4.996060606060163,True
150338,2023-05-30 09:45:00,1,18717.2,150074,150053,150069,6,1.9530303030306573,True
150513,2023-05-30 12:40:00,-1,18670.0,150511,150432,150506,0,-0.5045454545452228,False
150572,2023-05-30 13:39:00,1,18699.0,150565,150493,150560,1,0.3881818181819442,True
150608,2023-05-30 14:15:00,1,18703.4,150578,150446,150573,5,0.133636363637097,True
150683,2023-05-31 09:15:00,-1,18684.4,150598,150567,150593,0,-2.062424242423356,False
150683,2023-05-31 09:15:00,-1,18696.0,150660,150611,150655,0,-2.062424242423356,False
150684,2023-05-31 09:16:00,-1,18661.0,150523,150414,150518,1,-4.511515151515093,True
150685,2023-05-31 09:17:00,-1,18657.05,150268,150153,150263,3,-6.596666666666022,True
150686,2023-05-31 09:18:00,-1,18650.55,150249,149995,150244,1,-8.514545454545775,True
150723,2023-05-31 09:55:00,-1,18628.95,150700,150689,150695,4,-0.6512121212114115,True
150945,2023-05-31 13:37:00,1,18604.65,150913,150894,150908,1,0.7548484848486176,True
151016,2023-05-31 14:48:00,1,18634.8,151013,150798,151008,2,-0.0009090909084450607,False
151028,2023-05-31 15:00:00,1,18637.5,151019,150810,151014,1,-0.05454545454419099,False
151032,2023-05-31 15:04:00,-1,18616.3,151030,151004,151025,1,0.01939393939363678,False
151140,2023-06-01 10:37:00,1,18639.55,151135,151124,151130,4,0.5687878787879116,True
151174,2023-06-01 11:11:00,1,18637.4,151170,151157,151165,1,0.08696969697058737,True
151214,2023-06-01 11:51:00,-1,18625.2,151123,151084,151118,8,0.16181818181754862,False
151214,2023-06-01 11:51:00,-1,18626.1,151158,151134,151153,4,0.16181818181754862,False
151214,2023-06-01 11:51:00,-1,18626.0,151176,151160,151171,2,0.16181818181754862,False
151292,2023-06-01 13:09:00,-1,18612.4,151280,151266,151275,6,-0.37787878787910933,True
151298,2023-06-01 13:15:00,1,18625.95,151272,151260,151267,0,0.5563636363638147,False
151329,2023-06-01 13:46:00,-1,18610.05,151297,151256,151292,5,0.02666666666637917,False
151335,2023-06-01 13:52:00,-1,18590.0,150983,150938,150978,1,-1.5112121212116132,True
151399,2023-06-01 14:56:00,1,18596.2,151396,151385,151391,0,0.8060606060615134,False
151408,2023-06-01 15:05:00,-1,18581.2,150928,150913,150923,6,-1.8003030303028829,True
151408,2023-06-01 15:05:00,-1,18581.2,151373,151338,151368,4,-1.8003030303028829,True
151408,2023-06-01 15:05:00,-1,18577.25,151397,150904,151392,0,-1.8003030303028829,False
151418,2023-06-01 15:15:00,-1,18566.0,150886,150863,150881,2,-0.3624242424231976,True
151433,2023-06-02 09:15:00,1,18605.9,151406,151373,151401,0,3.844242424242614,False
151434,2023-06-02 09:16:00,1,18632.45,151303,151225,151298,1,5.553333333333132,True
151438,2023-06-02 09:20:00,1,18648.4,151193,151181,151188,2,10.818787878788191,True
151687,2023-06-02 13:29:00,1,18655.85,151685,151439,151680,0,0.03757575757606517,False
151739,2023-06-02 14:21:00,-1,18603.85,151571,151556,151566,0,-3.7593939393935525,False
151739,2023-06-02 14:21:00,-1,18611.1,151591,151579,151586,3,-3.7593939393935525,True
151854,2023-06-05 10:01:00,1,18708.75,151846,151818,151841,5,1.3460606060607838,True
151969,2023-06-05 11:56:00,-1,18713.0,151962,151946,151957,1,-0.9406060606062846,True
152005,2023-06-05 12:32:00,-1,18709.3,152000,151973,151995,0,-0.3336363636369479,False
152055,2023-06-05 13:22:00,1,18712.2,152040,152016,152035,2,1.848181818182356,True
152086,2023-06-05 13:53:00,1,18717.25,152063,152003,152058,2,0.5196969696973595,True
152153,2023-06-05 15:00:00,-1,18704.75,152107,152075,152102,2,-0.24242424242343072,True
152153,2023-06-05 15:00:00,-1,18707.5,152145,152127,152140,2,-0.24242424242343072,True
152154,2023-06-05 15:01:00,-1,18700.0,152018,151860,152013,11,-0.6848484848481344,True
152155,2023-06-05 15:02:00,-1,18695.0,152051,151846,152046,0,-1.3757575757578608,False
152353,2023-06-06 12:05:00,-1,18614.05,152313,151772,152308,13,-0.7936363636366445,True
152354,2023-06-06 12:06:00,-1,18612.15,152334,151798,152329,2,-1.016363636362847,True
152404,2023-06-06 12:56:00,1,18634.3,152392,152315,152387,0,0.04484848484982865,False
152469,2023-06-06 14:01:00,-1,18629.65,152439,152426,152434,0,-0.19333333333273844,False
152469,2023-06-06 14:01:00,-1,18631.85,152468,152448,152463,0,-0.19333333333273844,False
152558,2023-06-07 09:15:00,1,18719.0,152156,152134,152151,0,2.144242424242638,False
152565,2023-06-07 09:22:00,1,18724.35,152091,151988,152086,2,3.2400000000005855,True
152565,2023-06-07 09:22:00,1,18722.55,152128,152097,152123,4,3.2400000000005855,True
152587,2023-06-07 09:44:00,1,18730.0,152564,151938,152559,7,-0.07363636363621856,False
152620,2023-06-07 10:17:00,1,18731.85,152593,152580,152588,1,0.7909090909089763,True
152649,2023-06-07 10:46:00,-1,18721.65,152613,152595,152608,1,-1.0748484848479785,True
152682,2023-06-07 11:19:00,1,18736.0,152675,152642,152670,6,0.3554545454546417,True
152721,2023-06-07 11:58:00,1,18738.25,152687,152633,152682,1,-0.06242424242454725,False
152721,2023-06-07 11:58:00,1,18737.85,152715,152695,152710,0,-0.06242424242454725,False
152748,2023-06-07 12:25:00,1,18745.3,152738,152722,152733,3,0.5178787878791358,True
152842,2023-06-07 13:59:00,1,18769.0,152797,152784,152792,6,0.05939393939348722,True
152843,2023-06-07 14:00:00,1,18769.75,152841,152798,152836,1,0.10333333333350139,True
153079,2023-06-08 11:41:00,-1,18806.0,152990,152942,152985,0,-0.5381818181813752,False
153198,2023-06-08 13:40:00,1,18762.15,153194,153180,153189,0,0.06727272727371728,False
153199,2023-06-08 13:41:00,1,18768.55,153166,153143,153161,1,0.7739393939396345,True
153239,2023-06-08 14:21:00,-1,18750.9,153158,153136,153153,8,-0.909393939393758,True
153239,2023-06-08 14:21:00,-1,18752.15,153234,153192,153229,2,-0.909393939393758,True
153264,2023-06-08 14:46:00,-1,18745.45,153173,153099,153168,4,-1.0339393939398898,True
153264,2023-06-08 14:46:00,-1,18741.0,153245,152764,153240,0,-1.0339393939398898,False
153265,2023-06-08 14:47:00,-1,18735.8,152741,152730,152736,1,-1.7112121212117892,True
153275,2023-06-08 14:57:00,-1,18716.0,153273,152650,153268,1,-0.8639393939393404,True
153406,2023-06-09 10:53:00,-1,18675.0,153341,153330,153336,0,-0.5896969696965267,False
153505,2023-06-09 12:32:00,1,18699.0,153489,153473,153484,0,-0.6063636363637493,False
153584,2023-06-09 13:51:00,-1,18645.0,153567,153539,153562,4,-0.9621212121208542,True
153683,2023-06-12 09:15:00,1,18649.55,153668,153650,153663,0,0.5090909090910875,False
153753,2023-06-12 10:25:00,1,18666.8,153708,153576,153703,0,1.528787878787874,False
153797,2023-06-12 11:09:00,1,18683.45,153789,153763,153784,1,0.8845454545454658,True
153847,2023-06-12 11:59:00,1,18684.25,153840,153819,153835,2,0.33909090909124245,True
153868,2023-06-12 12:20:00,-1,18672.65,153811,153789,153806,4,-0.4139393939395869,True
153868,2023-06-12 12:20:00,-1,18670.65,153831,153817,153826,0,-0.4139393939395869,False
153908,2023-06-12 13:00:00,1,18661.6,153905,153880,153900,0,-0.42090909090928,False
153981,2023-06-12 14:13:00,-1,18682.0,153979,153967,153974,0,-0.19606060606046274,False
153982,2023-06-12 14:14:00,1,18692.15,153961,153941,153956,1,-0.6130303030308335,False
154058,2023-06-13 09:15:00,1,18737.0,153358,153317,153353,0,2.933636363636058,False
154058,2023-06-13 09:15:00,1,18707.1,153511,153379,153506,0,2.933636363636058,False
154058,2023-06-13 09:15:00,1,18705.6,154033,153983,154028,0,2.933636363636058,False
154087,2023-06-13 09:44:00,1,18764.7,154083,153246,154078,1,-0.23515151515126756,False
154138,2023-06-13 10:35:00,1,18768.4,154136,154118,154131,0,-0.11636363636288995,False
154167,2023-06-13 11:04:00,1,18769.5,154151,154139,154146,0,0.5451515151516739,False
154219,2023-06-13 11:56:00,1,18777.95,154210,154191,154205,2,0.9206060606057448,True
154254,2023-06-13 12:31:00,-1,18770.6,154248,154234,154243,0,0.09999999999907828,False
154313,2023-06-13 13:30:00,-1,18766.05,154217,154182,154212,4,-0.5763636363633868,True
154313,2023-06-13 13:30:00,-1,18766.25,154270,154257,154265,3,-0.5763636363633868,True
154411,2023-06-13 15:08:00,1,18775.0,154400,154309,154395,7,0.26454545454687867,True
154415,2023-06-13 15:12:00,1,18779.4,154408,154298,154403,2,0.8554545454544565,True
154433,2023-06-14 09:15:00,1,18782.75,154420,154219,154415,0,-1.5733333333325943,False
154508,2023-06-14 10:30:00,1,18771.35,154502,154467,154497,0,0.3221212121212952,False
154660,2023-06-14 13:02:00,1,18810.0,154622,154433,154617,5,0.2478787878787988,True
154779,2023-06-14 15:01:00,1,18828.3,154701,154688,154696,4,0.9978787878791027,True
154779,2023-06-14 15:01:00,1,18828.0,154733,154721,154728,2,0.9978787878791027,True
154944,2023-06-15 11:31:00,-1,18782.8,154823,154567,154818,0,-0.2896969696971148,False
154989,2023-06-15 12:16:00,1,18790.55,154978,154954,154973,3,0.7669696969696446,True
155066,2023-06-15 13:33:00,1,18801.7,155003,154941,154998,4,1.9212121212127629,True
155066,2023-06-15 13:33:00,1,18802.6,155039,155025,155034,1,1.9212121212127629,True
155095,2023-06-15 14:02:00,-1,18796.85,155090,155079,155085,2,-0.2978787878784217,True
155105,2023-06-15 14:12:00,-1,18776.6,155014,154978,155009,2,-0.6248484848488294,True
155129,2023-06-15 14:36:00,-1,18754.25,155121,154481,155116,0,-0.013939393938764044,False
155132,2023-06-15 14:39:00,-1,18750.05,154438,154369,154433,5,-1.6490909090900103,True
155146,2023-06-15 14:53:00,-1,18747.0,154355,154343,154350,10,-1.250909090909645,True
155254,2023-06-16 10:26:00,1,18839.0,155248,155213,155243,0,0.03363636363581093,False
155309,2023-06-16 11:21:00,-1,18827.5,155281,155252,155276,5,0.12848484848566483,False
155337,2023-06-16 11:49:00,1,18842.0,155312,155286,155307,2,1.57151515151503,True
155348,2023-06-16 12:00:00,1,18846.0,155343,155272,155338,3,-0.043939393938879495,False
155422,2023-06-16 13:14:00,1,18838.15,155419,155399,155414,0,-0.036363636363215324,False
155467,2023-06-16 13:59:00,1,18842.7,155447,155434,155442,9,0.6212121212121015,True
155473,2023-06-16 14:05:00,1,18854.45,155358,154906,155353,0,1.3006060606058536,False
155507,2023-06-16 14:39:00,1,18902.85,155498,155487,155493,1,0.6460606060606381,True
155544,2023-06-16 15:16:00,-1,18888.0,155543,155497,155538,0,-0.9227272727266103,False
155594,2023-06-19 09:51:00,-1,18882.0,155585,155570,155580,0,0.2527272727269072,False
155621,2023-06-19 10:18:00,-1,18877.05,155599,155549,155594,5,-0.9687878787867653,True
155735,2023-06-19 12:12:00,1,18854.0,155694,155679,155689,1,1.3224242424249895,True
155794,2023-06-19 13:11:00,-1,18831.55,155449,155438,155444,6,-1.562121212121063,True
155794,2023-06-19 13:11:00,-1,18831.05,155729,155461,155724,0,-1.562121212121063,False
155795,2023-06-19 13:12:00,-1,18828.3,155434,155418,155429,3,-2.9257575757581953,True
155799,2023-06-19 13:16:00,-1,18820.1,155397,155385,155392,3,-4.982121212121001,True
155878,2023-06-19 14:35:00,1,18818.0,155874,155838,155869,0,0.4969696969695973,False
155934,2023-06-20 09:16:00,-1,18792.0,155841,155826,155836,7,-3.5106060606059613,True
155935,2023-06-20 09:17:00,-1,18789.45,155852,155816,155847,2,-5.490606060605481,True
155993,2023-06-20 10:15:00,-1,18751.65,155982,155971,155977,1,-1.3121212121217363,True
156151,2023-06-20 12:53:00,1,18790.0,156148,156137,156143,0,-0.014848484848534991,False
156216,2023-06-20 13:58:00,-1,18807.1,156206,156194,156201,2,-0.4345454545445824,True
156289,2023-06-20 15:11:00,1,18864.7,155793,155743,155788,3,2.588787878788547,True
156289,2023-06-20 15:11:00,1,18866.5,155905,155643,155900,0,2.588787878788547,False
156324,2023-06-21 09:31:00,1,18900.0,156323,155603,156318,0,2.448787878787981,False
156347,2023-06-21 09:54:00,1,18903.35,156329,155592,156324,3,2.330909090908753,True
156369,2023-06-21 10:16:00,-1,18890.45,156367,156356,156362,0,0.8733333333347605,False
156384,2023-06-21 10:31:00,-1,18874.0,156376,156333,156371,1,-0.9078787878779825,True
156478,2023-06-21 12:05:00,1,18869.0,156450,156405,156445,3,1.6272727272732272,True
156532,2023-06-21 12:59:00,1,18888.0,156528,156388,156523,0,0.2918181818186578,False
156583,2023-06-21 13:50:00,1,18894.65,156538,156378,156533,6,0.1127272727273056,True
156583,2023-06-21 13:50:00,1,18896.0,156576,156560,156571,0,0.1127272727273056,False
156615,2023-06-21 14:22:00,-1,18881.3,156553,156539,156548,3,-1.5036363636362957,True
156659,2023-06-21 15:06:00,1,18899.7,156649,156635,156644,1,0.8227272727273394,True
156750,2023-06-22 10:22:00,1,18898.95,156749,156715,156744,0,-0.26090909090882225,False
156753,2023-06-22 10:25:00,1,18905.5,156611,156590,156606,9,1.0196969696975633,True
156754,2023-06-22 10:26:00,1,18908.0,156704,156662,156699,1,1.8418181818184054,True
156818,2023-06-22 11:30:00,-1,18862.0,156813,156683,156808,1,-0.8096969696969581,True
156853,2023-06-22 12:05:00,-1,18857.55,156823,156628,156818,1,-0.7157575757571417,True
156945,2023-06-22 13:37:00,1,18872.35,156841,156826,156836,3,2.2615151515151637,True
157058,2023-06-23 09:15:00,-1,18771.0,156135,156115,156130,0,-1.3836363636358602,False
157058,2023-06-23 09:15:00,-1,18797.55,156230,156174,156225,0,-1.3836363636358602,False
157058,2023-06-23 09:15:00,-1,18820.0,157047,157028,157042,0,-1.3836363636358602,False
157165,2023-06-23 11:02:00,-1,18711.0,157115,157099,157110,1,0.027272727273532252,False
157347,2023-06-23 14:04:00,-1,18723.0,157314,157288,157309,0,-1.7430303030303334,False
157436,2023-06-26 09:18:00,-1,18695.85,157428,157366,157423,2,0.11999999999994332,False
157534,2023-06-26 10:56:00,-1,18680.55,157484,157437,157479,9,-0.5351515151516206,True
157537,2023-06-26 10:59:00,1,18691.8,157532,157519,157527,0,-0.18666666666669854,False
157778,2023-06-26 15:00:00,1,18705.0,157773,157757,157768,2,0.17515151515218458,True
157780,2023-06-26 15:02:00,1,18722.0,157631,157579,157626,2,2.169999999999752,True
157927,2023-06-27 11:14:00,1,18740.0,157922,157911,157917,1,0.010606060605880964,True
157940,2023-06-27 11:27:00,1,18752.0,157887,157872,157882,1,0.6721212121214261,True
157959,2023-06-27 11:46:00,1,18759.9,157951,157830,157946,0,-0.31363636363699937,False
157981,2023-06-27 12:08:00,1,18765.35,157965,157815,157960,4,0.5036363636366287,True
158098,2023-06-27 14:05:00,1,18764.85,158024,158007,158019,5,0.3469696969694251,True
158107,2023-06-27 14:14:00,1,18775.0,157280,157269,157275,1,1.2209090909094482,True
158135,2023-06-27 14:42:00,-1,18780.05,158129,158115,158124,1,-0.1436363636358841,True
158257,2023-06-28 10:29:00,1,18892.8,158254,158229,158249,1,0.07424242424245041,True
158482,2023-06-28 14:14:00,-1,18976.75,158470,158435,158465,0,-0.7354545454538784,False
158529,2023-06-28 15:01:00,-1,18969.0,158423,158410,158418,4,0.17999999999946067,False
158529,2023-06-28 15:01:00,-1,18971.0,158521,158510,158516,1,0.17999999999946067,False
158701,2023-06-30 11:38:00,1,19197.55,158689,158678,158684,1,0.5390909090914683,True
158833,2023-06-30 13:50:00,-1,19224.95,158827,158798,158822,1,-0.4033333333329273,True
159027,2023-07-03 10:49:00,-1,19385.25,159026,158999,159021,0,-0.7269696969694623,False
159047,2023-07-03 11:09:00,-1,19365.05,159044,158959,159039,0,0.319393939394454,False
159160,2023-07-03 13:02:00,1,19406.0,159148,159133,159143,3,1.0454545454542292,True
159186,2023-07-03 13:28:00,-1,19391.0,159185,159154,159180,0,-1.280909090909135,False
159231,2023-07-03 14:13:00,-1,19400.0,159213,159201,159208,1,0.0036363636365407967,False
159308,2023-07-04 09:15:00,1,19419.15,159245,159217,159240,0,1.3087878787881568,False
159345,2023-07-04 09:52:00,-1,19414.1,159343,159332,159338,1,0.175151515151902,False
159394,2023-07-04 10:41:00,1,19413.5,159381,159359,159376,0,0.6166666666669054,False
159552,2023-07-04 13:19:00,1,19469.0,159538,159520,159533,0,0.24090909090937457,False
159691,2023-07-05 09:23:00,1,19468.95,159690,159663,159685,0,2.3781818181814294,False
159849,2023-07-05 12:01:00,1,19470.0,159836,159723,159831,2,1.4272727272725934,True
159923,2023-07-05 13:15:00,1,19460.0,159900,159888,159895,5,1.037272727273175,True
159936,2023-07-05 13:28:00,-1,19445.8,159913,159896,159908,0,-0.3260606060607423,False
159938,2023-07-05 13:30:00,-1,19436.75,159818,159792,159813,1,-1.082727272726831,True
159943,2023-07-05 13:35:00,-1,19430.0,159723,159711,159718,2,-3.2084848484842894,True
159999,2023-07-05 14:31:00,-1,19447.0,159998,159986,159993,0,-0.22606060606007966,False
160008,2023-07-05 14:40:00,-1,19421.55,159948,159468,159943,0,-2.6551515151517564,False
160037,2023-07-05 15:09:00,1,19458.65,160001,159990,159996,2,2.788181818181597,True
160039,2023-07-05 15:11:00,1,19465.8,159878,159866,159873,2,4.128787878788344,True
160039,2023-07-05 15:11:00,1,19464.6,159976,159923,159971,1,4.128787878788344,True
160042,2023-07-05 15:14:00,1,19474.5,159853,159824,159848,4,4.292121212121852,True
160098,2023-07-06 09:55:00,1,19466.0,160097,160083,160092,0,-0.15060606060537354,False
160111,2023-07-06 10:08:00,1,19484.0,160061,159699,160056,0,-0.123030303030346,False
160111,2023-07-06 10:08:00,1,19480.0,160109,160073,160104,0,-0.123030303030346,False
160116,2023-07-06 10:13:00,1,19499.85,159578,159563,159573,3,3.6712121212127706,True
160249,2023-07-06 12:26:00,-1,19502.15,160231,160185,160226,3,-0.12030303030212115,True
160339,2023-07-06 13:56:00,-1,19503.0,160329,160317,160324,0,0.04636363636504103,False
160359,2023-07-06 14:16:00,1,19514.95,160296,160280,160291,8,1.2424242424257124,True
160359,2023-07-06 14:16:00,1,19515.0,160349,160313,160344,3,1.2424242424257124,True
160361,2023-07-06 14:18:00,1,19523.0,160214,160199,160209,2,2.254545454546006,True
160436,2023-07-07 09:18:00,-1,19500.35,160373,160352,160368,3,-3.4224242424237263,True
160472,2023-07-07 09:54:00,1,19540.0,160464,160452,160459,1,1.36787878787974,True
160477,2023-07-07 09:59:00,1,19555.0,160404,160391,160399,1,3.22969696969646,True
160685,2023-07-07 13:27:00,1,19434.65,160665,160646,160660,1,1.4636363636363245,True
160738,2023-07-07 14:20:00,1,19444.25,160693,160613,160688,0,1.7409090909092972,False
160750,2023-07-07 14:32:00,1,19452.45,160598,160575,160593,0,1.7430303030301424,False
160784,2023-07-07 15:06:00,-1,19400.0,160708,159683,160703,2,-6.053030303030154,True
160839,2023-07-10 09:46:00,1,19446.3,160827,160809,160822,3,5.154242424242866,True
160918,2023-07-10 11:05:00,-1,19453.4,160893,160875,160888,0,-1.974545454545706,False
160968,2023-07-10 11:55:00,-1,19391.0,160958,160829,160953,0,-2.375757575757854,False
160978,2023-07-10 12:05:00,-1,19385.8,160974,160807,160969,0,0.10363636363560748,False
161096,2023-07-10 14:03:00,-1,19436.1,161087,161076,161082,1,-1.3284848484848626,True
161136,2023-07-10 14:43:00,-1,19417.35,161118,161041,161113,0,-0.9857575757584538,False
161183,2023-07-11 09:15:00,1,19450.0,161083,161053,161078,3,2.410303030302676,True
161187,2023-07-11 09:19:00,1,19480.5,160886,160763,160881,0,7.2724242424230905,False
161260,2023-07-11 10:32:00,1,19519.9,161253,161238,161248,0,0.9554545454552605,False
161261,2023-07-11 10:33:00,1,19524.1,161228,160513,161223,1,1.4939393939397936,True
161301,2023-07-11 11:13:00,1,19535.95,161274,160499,161269,3,0.6639393939402403,True
161381,2023-07-11 12:33:00,-1,19525.15,161299,161288,161294,9,-0.5578787878789306,True
161406,2023-07-11 12:58:00,1,19539.0,161404,161386,161399,0,0.7075757575758816,False
161437,2023-07-11 13:29:00,-1,19524.3,161402,161368,161397,1,-1.1839393939395308,True
161458,2023-07-11 13:50:00,-1,19520.3,161443,161382,161438,4,-0.6560606060605242,True
161536,2023-07-11 15:08:00,-1,19487.05,161497,161206,161492,0,-2.7554545454542914,False
161748,2023-07-12 12:25:00,-1,19460.05,161747,161725,161742,0,0.0745454545455603,False
161762,2023-07-12 12:39:00,1,19478.55,161757,161730,161752,0,0.3130303030302902,False
161857,2023-07-12 14:14:00,-1,19500.0,161853,161836,161848,0,-0.13393939393967477,False
161878,2023-07-12 14:35:00,1,19510.35,161859,161846,161854,0,1.113939393938395,False
161933,2023-07-13 09:15:00,1,19517.45,161884,161839,161879,0,2.9254545454544463,False
161953,2023-07-13 09:35:00,1,19543.75,161564,161427,161559,7,2.001818181818262,True
162047,2023-07-13 11:09:00,-1,19591.1,162033,162022,162028,3,-0.9136363636357381,True
162102,2023-07-13 12:04:00,-1,19596.45,162098,162076,162093,1,-0.49666666666621784,True
162126,2023-07-13 12:28:00,-1,19590.0,162053,162036,162048,0,-0.958787878787422,False
162183,2023-07-13 13:25:00,-1,19590.0,162174,162158,162169,3,-0.9369696969684006,True
162185,2023-07-13 13:27:00,-1,19581.25,162135,161980,162130,2,-1.4818181818186853,True
162352,2023-07-14 09:59:00,-1,19496.0,162331,162319,162326,2,-0.9351515151507609,True
162352,2023-07-14 09:59:00,-1,19496.55,162351,162337,162346,0,-0.9351515151507609,False
162423,2023-07-14 11:10:00,1,19515.1,162394,162383,162389,1,1.3809090909085517,True
162544,2023-07-14 13:11:00,1,19540.0,162448,162323,162443,0,1.1751515151511478,False
162597,2023-07-14 14:04:00,1,19557.2,162555,162310,162550,0,1.951515151515742,False
162653,2023-07-14 15:00:00,1,19566.55,162629,162607,162624,0,0.30181818181763403,False
162670,2023-07-14 15:17:00,1,19605.0,162123,162107,162118,0,2.0839393939393402,False
162670,2023-07-14 15:17:00,1,19602.95,162168,162153,162163,1,2.0839393939393402,True
162672,2023-07-14 15:19:00,1,19612.9,162093,162056,162088,0,2.8633333333333124,False
162808,2023-07-17 11:20:00,-1,19633.0,162771,162757,162766,0,-1.363030303030234,False
162840,2023-07-17 11:52:00,1,19649.95,162837,162825,162832,0,0.1630303030303695,False
162858,2023-07-17 12:10:00,1,19653.7,162801,162782,162796,6,0.4912121212118044,True
162957,2023-07-17 13:49:00,1,19683.95,162938,162926,162933,4,1.01030303030295,True
163020,2023-07-17 14:52:00,1,19695.0,163009,162988,163004,2,0.6539393939392691,True
163201,2023-07-18 11:38:00,-1,19766.0,163153,163134,163148,1,-3.1675757575753685,True
163303,2023-07-18 13:20:00,1,19749.0,163301,163289,163296,0,0.378484848484541,False
163433,2023-07-19 09:15:00,1,19777.0,163418,163383,163413,1,1.0006060606067775,True
163631,2023-07-19 12:33:00,1,19785.3,163586,163550,163581,1,0.5642424242431279,True
163687,2023-07-19 13:29:00,-1,19785.1,163669,163647,163664,0,-1.080606060606175,False
163784,2023-07-19 15:06:00,1,19837.6,163507,163489,163502,3,2.496969696969818,True
163829,2023-07-20 09:36:00,1,19837.6,163828,163817,163823,0,0.9239393939397386,False
163932,2023-07-20 11:19:00,-1,19831.6,163904,163890,163899,2,-1.0478787878785067,True
163950,2023-07-20 11:37:00,1,19850.1,163949,163920,163944,0,0.46090909090987153,False
163970,2023-07-20 11:57:00,1,19854.9,163913,163888,163908,4,1.233030303030676,True
164071,2023-07-20 13:38:00,-1,19882.8,164047,164034,164042,0,-1.0542424242433015,False
164183,2023-07-21 09:15:00,-1,19925.5,164146,164113,164141,0,-3.5012121212122445,False
164213,2023-07-21 09:45:00,-1,19840.0,164208,163961,164203,4,-2.0909090909086645,True
164252,2023-07-21 10:24:00,-1,19833.8,164250,164209,164245,1,-2.083636363636228,True
164313,2023-07-21 11:25:00,-1,19796.15,163852,163841,163847,0,-0.7054545454551272,False
164395,2023-07-21 12:47:00,1,19805.0,164390,164369,164385,0,0.12121212121272032,False
164430,2023-07-21 13:22:00,1,19845.85,164277,164259,164272,3,1.8284848484849594,True
164489,2023-07-21 14:21:00,-1,19790.0,164478,164391,164473,0,-1.6612121212122117,False
164588,2023-07-24 09:45:00,-1,19728.0,164566,164528,164561,7,-2.751818181817509,True
164902,2023-07-24 14:59:00,-1,19721.15,164866,164755,164861,3,-1.6484848484843906,True
164969,2023-07-25 09:51:00,-1,19680.0,164937,164909,164932,2,-2.4575757575750155,True
165081,2023-07-25 11:43:00,-1,19679.3,165078,165055,165073,1,-0.06939393939401388,True
165113,2023-07-25 12:15:00,1,19700.85,165031,165019,165026,1,1.1272727272724747,True
165131,2023-07-25 12:33:00,1,19708.75,164994,164961,164989,3,0.8275757575768168,True
165233,2023-07-25 14:15:00,1,19675.0,165229,165208,165224,2,0.25181818181836735,True
165272,2023-07-25 14:54:00,1,19708.55,165170,165159,165165,2,0.49060606060543727,True
165349,2023-07-26 09:56:00,1,19786.0,164804,164785,164799,3,1.9548484848489964,True
165349,2023-07-26 09:56:00,1,19789.1,164849,164689,164844,1,1.9548484848489964,True
165458,2023-07-26 11:45:00,-1,19794.0,165448,165414,165443,2,-0.3657575757579453,True
165458,2023-07-26 11:45:00,-1,19792.0,165454,165431,165449,0,-0.3657575757579453,False
165492,2023-07-26 12:19:00,1,19812.0,165424,165404,165419,7,0.8057575757578637,True
165534,2023-07-26 13:01:00,-1,19789.0,165523,165458,165518,1,-1.2809090909094913,True
165598,2023-07-26 14:05:00,1,19811.0,165571,165554,165566,0,-0.26151515151518334,False
165614,2023-07-26 14:21:00,1,19817.1,165603,165390,165598,0,1.3066666666663396,False
165615,2023-07-26 14:22:00,1,19819.35,164555,164480,164550,3,1.8387878787882839,True
165633,2023-07-26 14:40:00,-1,19792.3,165593,165579,165588,0,-2.2660606060610036,False
165683,2023-07-27 09:15:00,1,19782.0,165680,165668,165675,0,2.495454545455242,False
165846,2023-07-27 11:58:00,1,19748.75,165833,165819,165828,3,2.8969696969689744,True
166401,2023-07-28 14:59:00,1,19736.0,166375,166171,166370,5,-0.6348484848486314,False
166479,2023-07-31 10:02:00,1,19772.0,166437,166409,166432,1,0.5757575757576925,True
166516,2023-07-31 10:39:00,1,19788.4,166505,166493,166500,1,-0.5612121212123254,False
166560,2023-07-31 11:23:00,1,19805.0,166555,166541,166550,3,0.778181818182015,True
166622,2023-07-31 12:25:00,-1,19800.6,166609,166591,166604,0,-1.6527272727270195,False
166720,2023-07-31 14:03:00,1,19824.0,166709,166697,166704,1,1.1830303030306821,True
166843,2023-08-01 09:51:00,1,19859.95,166828,166781,166823,2,2.3818181818188826,True
166878,2023-08-01 10:26:00,-1,19835.2,166799,166786,166794,4,-2.325151515151292,True
166878,2023-08-01 10:26:00,-1,19835.0,166838,166806,166833,0,-2.325151515151292,False
166890,2023-08-01 10:38:00,-1,19808.0,166773,166730,166768,2,-2.383030303029801,True
166942,2023-08-01 11:30:00,1,19817.9,166933,166912,166928,4,1.2290909090910553,True
166980,2023-08-01 12:08:00,-1,19804.2,166957,166933,166952,1,-1.1218181818190283,True
167182,2023-08-02 09:15:00,-1,19781.4,166648,166636,166643,0,-3.8030303030297445,False
167182,2023-08-02 09:15:00,-1,19790.0,167019,166900,167014,3,-3.8030303030297445,True
167211,2023-08-02 09:44:00,-1,19698.0,167202,166377,167197,0,-0.4775757575755911,False
167252,2023-08-02 10:25:00,-1,19680.0,166332,166229,166327,2,-0.7148484848471797,True
167282,2023-08-02 10:55:00,-1,19654.85,167279,167267,167274,1,-0.017575757575264517,True
167354,2023-08-02 12:07:00,1,19629.85,167343,167330,167338,2,0.8393939393940824,True
167400,2023-08-02 12:53:00,-1,19621.05,167385,167364,167380,0,-0.5539393939396534,False
167402,2023-08-02 12:55:00,-1,19612.05,167354,167342,167349,1,-2.3206060606058574,True
167404,2023-08-02 12:57:00,-1,19607.0,167329,167292,167324,3,-3.6103030303024046,True
167714,2023-08-03 11:52:00,-1,19547.45,167704,167679,167699,1,-1.3230303030302142,True
167880,2023-08-03 14:38:00,1,19445.0,167803,167790,167798,7,0.5066666666672096,True
167951,2023-08-04 09:34:00,1,19542.9,167948,167730,167943,2,0.5784848484841462,True
168044,2023-08-04 11:07:00,1,19545.0,168001,167987,167996,1,1.7381818181826398,True
168056,2023-08-04 11:19:00,1,19548.95,168049,167952,168044,0,0.8906060606061691,False
168264,2023-08-04 14:47:00,1,19576.0,168262,168188,168257,1,1.499090909091079,True
168277,2023-08-04 15:00:00,1,19583.0,168183,168152,168178,1,0.12818181818269256,True
168307,2023-08-07 09:15:00,1,19595.0,167577,167566,167572,3,1.1293939393946273,True
168307,2023-08-07 09:15:00,1,19596.4,168283,167594,168278,1,1.1293939393946273,True
168493,2023-08-07 12:21:00,1,19613.95,168477,168458,168472,2,1.0566666666669429,True
168598,2023-08-07 14:06:00,-1,19647.9,168596,168547,168591,0,-0.591515151513937,False
168611,2023-08-07 14:19:00,-1,19635.8,168608,168532,168603,1,-0.3042424242433509,True
168698,2023-08-08 09:31:00,-1,19642.55,168693,168624,168688,3,-0.6772727272726112,True
168796,2023-08-08 11:09:00,-1,19626.75,168708,168515,168703,4,-2.0530303030301376,True
168816,2023-08-08 11:29:00,-1,19596.05,168487,168466,168482,3,-0.6315151515145895,True
168817,2023-08-08 11:30:00,-1,19590.25,168424,168353,168419,8,-1.3212121212114947,True
168989,2023-08-08 14:22:00,1,19629.0,168982,168969,168977,5,0.16696969696937944,True
168992,2023-08-08 14:25:00,1,19644.95,168940,168927,168935,1,1.5769696969690312,True
169011,2023-08-08 14:44:00,-1,19613.1,168957,168918,168952,0,-2.7603030303019365,False
169011,2023-08-08 14:44:00,-1,19619.75,168992,168975,168987,3,-2.7603030303019365,True
169057,2023-08-09 09:15:00,-1,19606.75,169054,169042,169049,1,0.31848484848469544,False
169063,2023-08-09 09:21:00,-1,19585.15,168823,168448,168818,4,-2.8399999999997814,True
169072,2023-08-09 09:30:00,-1,19570.0,168310,168295,168305,1,-2.106060606061243,True
169118,2023-08-09 10:16:00,-1,19540.25,169103,169091,169098,1,-0.9533333333333772,True
169182,2023-08-09 11:20:00,1,19534.75,169151,169140,169146,5,1.4560606060609322,True
169221,2023-08-09 11:59:00,1,19543.9,169215,169202,169210,1,0.5103030303028642,True
169256,2023-08-09 12:34:00,1,19558.05,169111,169100,169106,0,0.9987878787880439,False
169381,2023-08-09 14:39:00,1,19621.0,169038,169027,169033,4,2.769696969697757,True
169396,2023-08-09 14:54:00,1,19665.6,168644,168623,168639,12,2.2763636363631052,True
169396,2023-08-09 14:54:00,1,19665.0,168757,168670,168752,2,2.2763636363631052,True
169404,2023-08-09 15:02:00,1,19674.0,168658,168587,168653,4,1.2490909090916003,True
169501,2023-08-10 10:24:00,-1,19607.0,169452,169439,169447,2,-4.578787878787197,True
169517,2023-08-10 10:40:00,-1,19537.7,169271,169253,169266,1,0.3303030303044405,False
169517,2023-08-10 10:40:00,-1,19541.5,169308,169281,169303,4,0.3303030303044405,False
169661,2023-08-10 13:04:00,1,19619.45,169656,169642,169651,3,1.3863636363641318,True
169710,2023-08-10 13:53:00,-1,19571.55,169557,169538,169552,5,-2.1978787878781727,True
169829,2023-08-11 09:37:00,-1,19530.0,169247,169212,169242,9,-0.9324242424236945,True
169829,2023-08-11 09:37:00,-1,19525.05,169822,169187,169817,0,-0.9324242424236945,False
169842,2023-08-11 09:50:00,-1,19512.9,169141,169123,169136,1,-0.263636363635748,True
169842,2023-08-11 09:50:00,-1,19514.2,169837,169174,169832,0,-0.263636363635748,False
169907,2023-08-11 10:55:00,-1,19516.05,169899,169879,169894,3,-0.6542424242421123,True
169912,2023-08-11 11:00:00,-1,19506.65,169863,169842,169858,2,-1.053333333332417,True
170016,2023-08-11 12:44:00,1,19512.25,170003,169981,169998,5,0.34727272727286207,True
170122,2023-08-11 14:30:00,1,19535.0,170119,170108,170114,2,0.858484848485269,True
170132,2023-08-11 14:40:00,-1,19519.65,170103,170084,170098,1,-0.882424242424735,True
170152,2023-08-11 15:00:00,-1,19513.8,170139,170075,170134,1,1.251818181818484,False
170155,2023-08-11 15:03:00,-1,19500.95,170010,169992,170005,8,-2.130303030302411,True
170182,2023-08-14 09:15:00,-1,19492.05,170160,169969,170155,0,-4.756666666665632,False
170257,2023-08-14 10:30:00,1,19369.0,170235,170216,170230,4,-0.39515151515053093,False
170305,2023-08-14 11:18:00,1,19365.95,170299,170285,170294,1,-0.0036363636355202077,False
170336,2023-08-14 11:49:00,-1,19380.25,170332,170319,170327,0,0.6866666666669548,False
170345,2023-08-14 11:58:00,1,19392.1,170327,170314,170322,7,1.4684848484847162,True
170432,2023-08-14 13:25:00,1,19413.1,170418,170388,170413,0,0.7012121212125835,False
170511,2023-08-14 14:44:00,1,19465.0,170509,170498,170504,1,0.5281818181823913,True
170557,2023-08-16 09:15:00,-1,19392.0,170433,170419,170428,0,-3.60515151515221,False
170557,2023-08-16 09:15:00,-1,19442.6,170499,170473,170494,0,-3.60515151515221,False
170618,2023-08-16 10:16:00,1,19410.75,170599,170582,170594,4,1.0506060606067091,True
170660,2023-08-16 10:58:00,-1,19414.55,170658,170638,170653,0,-0.6881818181813333,False
170754,2023-08-16 12:32:00,1,19425.95,170731,170660,170726,1,0.12212121212127755,True
170782,2023-08-16 13:00:00,1,19442.95,170779,170759,170774,2,0.6666666666667928,True
170902,2023-08-16 15:00:00,1,19474.9,170806,170552,170801,3,-0.016666666665720756,False
170902,2023-08-16 15:00:00,1,19472.3,170890,170868,170885,0,-0.016666666665720756,False
170943,2023-08-17 09:26:00,-1,19442.2,170853,170824,170848,3,-1.56212121212054,True
170945,2023-08-17 09:28:00,-1,19428.0,170937,170769,170932,0,-2.441212121212102,False
171019,2023-08-17 10:42:00,1,19427.35,170968,170955,170963,7,0.9163636363635861,True
171047,2023-08-17 11:10:00,-1,19412.9,171031,171016,171026,0,-0.30515151515193345,False
171129,2023-08-17 12:32:00,1,19396.0,171094,171076,171089,3,0.9757575757580591,True
171152,2023-08-17 12:55:00,-1,19372.1,171074,170578,171069,4,-0.4148484848480702,True
171250,2023-08-17 14:33:00,1,19399.0,171237,171223,171232,1,1.3881818181813623,True
171306,2023-08-17 15:29:00,-1,19385.15,171299,171277,171294,0,0.07060606060660099,False
171307,2023-08-18 09:15:00,-1,19356.0,170562,170302,170557,0,-4.0742424242415,False
171307,2023-08-18 09:15:00,-1,19366.9,171190,171178,171185,0,-4.0742424242415,False
171307,2023-08-18 09:15:00,-1,19371.8,171250,171197,171245,0,-4.0742424242415,False
171369,2023-08-18 10:17:00,1,19295.0,171366,171355,171361,0,0.3372727272732822,False
171398,2023-08-18 10:46:00,-1,19280.0,171369,171350,171364,0,-1.772121212122532,False
171470,2023-08-18 11:58:00,1,19329.95,171462,171448,171457,1,0.6509090909094017,True
171490,2023-08-18 12:18:00,-1,19315.95,171468,171451,171463,0,-0.7012121212115652,False
171538,2023-08-18 13:06:00,-1,19301.0,171533,171498,171528,1,-0.17212121212027356,True
171539,2023-08-18 13:07:00,-1,19295.5,171441,171425,171436,1,-0.9857575757564077,True
171590,2023-08-18 13:58:00,1,19314.9,171589,171535,171584,0,1.4803030303034688,False
171595,2023-08-18 14:03:00,1,19337.7,171481,171321,171476,0,3.2545454545454864,False
171778,2023-08-21 10:51:00,1,19360.65,171771,171758,171766,0,0.48454545454611675,False
171796,2023-08-21 11:09:00,1,19370.0,171702,171652,171697,5,0.6430303030300873,True
171796,2023-08-21 11:09:00,1,19369.95,171790,171706,171785,0,0.6430303030300873,False
171912,2023-08-21 13:05:00,1,19402.0,171308,171283,171303,1,0.8184848484850711,True
171976,2023-08-21 14:09:00,-1,19392.4,171953,171937,171948,0,-1.8896969696966877,False
172024,2023-08-21 14:57:00,1,19411.6,171963,171271,171958,7,0.1706060606061343,True
172047,2023-08-21 15:20:00,-1,19387.0,172006,171994,172001,0,-1.1590909090912382,False
172206,2023-08-22 11:44:00,1,19417.3,172179,172154,172174,6,0.5430303030302746,True
172273,2023-08-22 12:51:00,1,19418.8,172269,172250,172264,1,0.12606060606057354,True
172342,2023-08-22 14:00:00,-1,19402.0,172248,172175,172243,1,-0.6175757575753281,True
172393,2023-08-22 14:51:00,-1,19382.3,172102,172047,172097,1,-0.7439393939392995,True
172468,2023-08-23 09:51:00,-1,19377.4,172439,172410,172434,5,-0.7590909090911038,True
172469,2023-08-23 09:52:00,-1,19375.6,172452,172402,172447,1,-1.2618181818192535,True
172471,2023-08-23 09:54:00,-1,19365.3,172399,171863,172394,0,-2.3993939393938706,False
172518,2023-08-23 10:41:00,1,19373.5,172516,172492,172511,0,0.4766666666663241,False
172620,2023-08-23 12:23:00,1,19418.05,172609,172580,172604,0,0.21151515151388067,False
172626,2023-08-23 12:29:00,1,19424.45,172281,172236,172276,11,1.3615151515152233,True
172626,2023-08-23 12:29:00,1,19424.9,172322,172302,172317,2,1.3615151515152233,True
172634,2023-08-23 12:37:00,1,19430.0,172092,172073,172087,3,0.39484848484922125,True
172634,2023-08-23 12:37:00,1,19429.5,172233,172215,172228,2,0.39484848484922125,True
172712,2023-08-23 13:55:00,1,19449.0,172705,172656,172700,4,0.7557575757584214,True
172780,2023-08-23 15:03:00,-1,19435.75,172742,172697,172737,2,-0.9687878787884651,True
172807,2023-08-24 09:15:00,1,19455.05,172718,172646,172713,1,3.3745454545459403,True
172807,2023-08-24 09:15:00,1,19453.1,172782,172756,172777,0,3.3745454545459403,False
172883,2023-08-24 10:31:00,-1,19549.7,172879,172856,172874,2,-0.8909090909087954,True
172955,2023-08-24 11:43:00,1,19505.6,172953,172940,172948,1,0.6927272727269113,True
173038,2023-08-24 13:06:00,-1,19468.0,173037,173000,173032,0,-0.8830303030302308,False
173106,2023-08-24 14:14:00,1,19461.95,173084,173064,173079,3,1.179393939394516,True
173139,2023-08-24 14:47:00,-1,19430.2,173078,172805,173073,2,-0.7996969696962674,True
173165,2023-08-24 15:13:00,-1,19405.1,173160,172589,173155,4,-1.6396969696977317,True
173182,2023-08-25 09:15:00,-1,19351.35,172487,171818,172482,0,-1.5881818181813727,False
173182,2023-08-25 09:15:00,-1,19357.65,172505,172472,172500,0,-1.5881818181813727,False
173480,2023-08-25 14:13:00,-1,19271.0,173406,173390,173401,0,-2.7084848484849564,False
173480,2023-08-25 14:13:00,-1,19274.85,173423,173412,173418,2,-2.7084848484849564,True
173521,2023-08-25 14:54:00,1,19277.15,173518,173495,173513,0,0.10242424242438244,False
173633,2023-08-28 10:31:00,1,19307.0,173562,173472,173557,1,1.6160606060617189,True
173663,2023-08-28 11:01:00,1,19316.0,173646,173333,173641,0,-0.5227272727271213,False
173678,2023-08-28 11:16:00,1,19325.15,173669,173233,173664,1,0.5793939393941056,True
173702,2023-08-28 11:40:00,-1,19320.1,173700,173687,173695,0,-0.42121212121166257,False
173742,2023-08-28 12:20:00,1,19327.7,173736,173712,173731,0,0.4406060606063042,False
173752,2023-08-28 12:30:00,1,19333.0,173748,173681,173743,0,0.3657575757580538,False
173792,2023-08-28 13:10:00,-1,19341.7,173774,173763,173769,6,0.03939393939413979,False
173806,2023-08-28 13:24:00,1,19352.05,173775,173759,173770,7,1.5618181818192227,True
173806,2023-08-28 13:24:00,1,19352.0,173791,173778,173786,2,1.5618181818192227,True
173834,2023-08-28 13:52:00,-1,19340.1,173822,173811,173817,4,-0.9839393939389486,True
173854,2023-08-28 14:12:00,-1,19335.0,173841,173797,173836,0,-1.3578787878783367,False
173930,2023-08-28 15:28:00,-1,19310.25,173916,173877,173911,1,-0.7139393939395242,True
173969,2023-08-29 09:52:00,1,19361.35,173937,173847,173932,0,0.28606060606150546,False
174044,2023-08-29 11:07:00,-1,19326.85,174037,174015,174032,0,-1.0551515151518887,False
174107,2023-08-29 12:10:00,1,19343.95,174042,174026,174037,1,0.8690909090906039,True
174230,2023-08-29 14:13:00,-1,19338.3,174221,174145,174216,1,-1.086969696969632,True
174240,2023-08-29 14:23:00,-1,19323.0,174059,174045,174054,2,-0.3745454545447462,True
174279,2023-08-29 15:02:00,1,19331.5,174268,174253,174263,1,-0.7103030303039611,False
174307,2023-08-30 09:15:00,1,19350.2,174226,174214,174221,1,3.6478787878798045,True
174361,2023-08-30 10:09:00,1,19430.4,174351,174337,174346,1,0.16696969696984104,True
174458,2023-08-30 11:46:00,-1,19427.45,174411,174400,174406,0,-0.17484848484830107,False
174458,2023-08-30 11:46:00,-1,19429.1,174451,174438,174446,0,-0.17484848484830107,False
174513,2023-08-30 12:41:00,-1,19421.6,174364,174350,174359,3,-0.8012121212115826,True
174624,2023-08-30 14:32:00,-1,19384.95,174619,174607,174614,0,0.10000000000108265,False
174695,2023-08-31 09:28:00,-1,19329.5,174668,174293,174663,1,-2.7657575757576227,True
174714,2023-08-31 09:47:00,1,19366.65,174690,174652,174685,0,1.6287878787881107,False
174762,2023-08-31 10:35:00,-1,19314.4,174703,174275,174698,5,-0.9127272727268513,True
174764,2023-08-31 10:37:00,-1,19301.85,173722,173647,173717,1,-1.5209090909093648,True
174820,2023-08-31 11:33:00,1,19313.9,174789,174771,174784,3,0.398484848484489,True
174870,2023-08-31 12:23:00,-1,19282.45,174853,174795,174848,3,-0.09909090909197724,True
174918,2023-08-31 13:11:00,-1,19280.3,174909,174896,174904,0,0.08424242424288746,False
174943,2023-08-31 13:36:00,1,19297.8,174871,174855,174866,1,2.3133333333332957,True
174943,2023-08-31 13:36:00,1,19294.4,174921,174902,174916,1,2.3133333333332957,True
174978,2023-08-31 14:11:00,-1,19277.7,174974,174961,174969,0,-0.09272727272698203,False
174996,2023-08-31 14:29:00,-1,19265.0,174993,174928,174988,0,0.27787878788041726,False
175030,2023-08-31 15:03:00,-1,19256.55,175025,175013,175020,0,0.9769696969690367,False
175179,2023-09-01 11:17:00,1,19428.25,175148,175092,175143,2,-0.006363636364114036,False
175237,2023-09-01 12:15:00,-1,19416.0,175217,175201,175212,1,-0.0442424242423372,True
175258,2023-09-01 12:36:00,1,19435.0,175189,175132,175184,0,1.133939393940232,False
175342,2023-09-01 14:00:00,1,19504.65,175336,175306,175331,1,0.7327272727276386,True
175363,2023-09-01 14:21:00,1,19520.05,175362,175351,175357,0,-0.646969696969655,False
175539,2023-09-04 11:02:00,1,19534.9,175536,175512,175531,0,-1.1493939393948385,False
175588,2023-09-04 11:51:00,1,19560.0,175581,175561,175576,4,1.2312121212122982,True
175612,2023-09-04 12:15:00,1,19569.75,175483,175466,175478,6,0.2824242424241204,True
175702,2023-09-04 13:45:00,-1,19592.0,175694,175676,175689,0,-0.1366666666658142,False
175760,2023-09-04 14:43:00,1,19603.0,175700,175679,175695,2,1.1181818181818974,True
175760,2023-09-04 14:43:00,1,19600.0,175752,175730,175747,2,1.1181818181818974,True
175830,2023-09-05 09:38:00,1,19620.9,175782,175762,175777,12,0.18484848484879943,True
175922,2023-09-05 11:10:00,1,19642.4,175909,175891,175904,4,0.6521212121217973,True
175923,2023-09-05 11:11:00,1,19647.7,175873,175855,175868,1,0.7812121212117985,True
176003,2023-09-05 12:31:00,-1,19627.75,175998,175913,175993,0,0.0651515151515663,False
176052,2023-09-05 13:20:00,-1,19609.8,176047,176034,176042,0,-0.7315151515149093,False
176055,2023-09-05 13:23:00,-1,19601.25,175801,175777,175796,3,-2.4263636363636722,True
176081,2023-09-05 13:49:00,1,19625.55,176078,176047,176073,0,-0.04878787878759976,False
176188,2023-09-06 09:21:00,-1,19622.05,176187,176109,176182,0,-2.042424242424238,False
176323,2023-09-06 11:36:00,-1,19624.0,176250,176239,176245,9,-0.5369696969701011,True
176384,2023-09-06 12:37:00,-1,19607.05,176377,176345,176372,2,-0.7536363636356155,True
176386,2023-09-06 12:39:00,-1,19604.65,176385,176352,176380,0,-1.0096969696971891,False
176388,2023-09-06 12:41:00,-1,19580.0,175660,175625,175655,11,-2.94606060605961,True
176388,2023-09-06 12:41:00,-1,19577.05,175742,175649,175737,1,-2.94606060605961,True
176451,2023-09-06 13:44:00,1,19578.3,176433,176415,176428,3,2.0915151515151775,True
176484,2023-09-06 14:17:00,1,19582.4,176464,176452,176459,0,0.5675757575766643,False
176527,2023-09-06 15:00:00,1,19620.0,176506,176376,176501,1,0.12545454545423124,True
176528,2023-09-06 15:01:00,1,19637.8,176322,176294,176317,0,1.6103030303033155,False
176534,2023-09-06 15:07:00,1,19658.95,176172,175970,176167,1,4.7230303030302485,True
176662,2023-09-07 11:00:00,1,19672.4,176559,176536,176554,4,0.623939393940413,True
176750,2023-09-07 12:28:00,-1,19659.85,176744,176731,176739,3,0.11939393939316541,False
176769,2023-09-07 12:47:00,1,19670.0,176752,176735,176747,9,0.4818181818194491,True
176821,2023-09-07 13:39:00,1,19688.9,176816,176676,176811,2,0.9757575757580299,True
177058,2023-09-08 11:21:00,1,19819.7,177047,177025,177042,0,0.9533333333333591,False
177135,2023-09-08 12:38:00,1,19883.8,177127,177079,177122,1,1.0796969696969516,True
177163,2023-09-08 13:06:00,-1,19861.95,177105,177081,177100,1,-1.1433333333327709,True
177231,2023-09-08 14:14:00,1,19894.95,177198,177139,177193,1,0.9675757575760209,True
177261,2023-09-08 14:44:00,-1,19866.5,177258,177207,177253,0,-0.879696969697562,False
177307,2023-09-11 09:15:00,1,19915.8,177252,177236,177247,0,1.138787878788928,False
177421,2023-09-11 11:09:00,-1,19971.2,177383,177365,177378,0,-0.2615151515151186,False
177428,2023-09-11 11:16:00,1,19991.85,177423,177407,177418,0,0.6884848484853666,False
177447,2023-09-11 11:35:00,1,20000.0,177434,177397,177429,1,0.006969696970314695,True
177569,2023-09-11 13:37:00,1,20018.15,177542,177527,177537,1,0.07151515151541955,True
177571,2023-09-11 13:39:00,-1,20005.0,177537,177519,177532,7,0.36757575757681327,False
177618,2023-09-11 14:26:00,1,20019.85,177599,177570,177594,2,0.610909090909262,True
177719,2023-09-12 09:52:00,-1,20006.7,177638,177615,177633,1,-9.15606060606054,True
177723,2023-09-12 09:56:00,-1,19988.8,177582,177470,177577,1,-8.83909090909036,True
177819,2023-09-12 11:32:00,1,20073.6,177814,177735,177809,2,0.20272727272731536,True
178000,2023-09-12 14:33:00,1,20069.95,177997,177982,177992,0,-0.5663636363629962,False
178016,2023-09-12 14:49:00,-1,20034.5,177962,177943,177957,2,-2.842424242423909,True
178057,2023-09-13 09:15:00,-1,20027.85,178022,177972,178017,0,-2.1190909090910073,False
178129,2023-09-13 10:27:00,1,20046.35,178111,178099,178106,0,2.5990909090911454,False
178166,2023-09-13 11:04:00,1,20049.6,178134,178092,178129,1,0.9527272727274557,True
178382,2023-09-13 14:40:00,1,20143.8,178379,178339,178374,0,0.8154545454542363,False
178403,2023-09-13 15:01:00,-1,20131.75,178390,178373,178385,3,0.4824242424245927,False
178418,2023-09-13 15:16:00,-1,20116.0,178360,178330,178355,0,-0.544848484847115,False
178575,2023-09-14 11:38:00,-1,20126.35,178560,178548,178555,0,-0.18424242424232132,False
178583,2023-09-14 11:46:00,-1,20120.0,178523,178499,178518,8,-1.3233333333340405,True
178627,2023-09-14 12:30:00,-1,20112.0,178423,178323,178418,0,-0.9057575757574342,False
178627,2023-09-14 12:30:00,-1,20114.1,178588,178576,178583,0,-0.9057575757574342,False
178721,2023-09-14 14:04:00,-1,20112.5,178718,178659,178713,2,-0.6906060606060904,True
178903,2023-09-15 10:51:00,1,20220.0,178869,178854,178864,2,-0.014545454544954798,False
178903,2023-09-15 10:51:00,1,20220.0,178900,178874,178895,0,-0.014545454544954798,False
178975,2023-09-15 12:03:00,1,20250.0,178968,178953,178963,0,0.3612121212123016,False
179002,2023-09-15 12:30:00,-1,20235.85,178995,178957,178990,5,-1.0096969696970373,True
179152,2023-09-15 15:00:00,1,20262.0,179141,178981,179136,0,0.03909090909083675,False
179176,2023-09-15 15:24:00,-1,20239.35,179119,179104,179114,1,-0.5766666666675921,True
179182,2023-09-18 09:15:00,-1,20202.05,178890,178876,178885,0,-2.1009090909093575,False
179182,2023-09-18 09:15:00,-1,20204.6,179012,178891,179007,0,-2.1009090909093575,False
179182,2023-09-18 09:15:00,-1,20210.0,179019,178902,179014,0,-2.1009090909093575,False
179239,2023-09-18 10:12:00,1,20226.0,179223,179212,179218,3,1.636666666666822,True
179292,2023-09-18 11:05:00,-1,20207.25,179255,179231,179250,2,-0.5660606060597926,True
179306,2023-09-18 11:19:00,1,20220.95,179303,179282,179298,0,0.39606060606106547,False
179438,2023-09-18 13:31:00,-1,20214.0,179436,179421,179431,0,0.37484848484858974,False
179447,2023-09-18 13:40:00,-1,20205.55,179412,179364,179407,0,-1.1181818181806105,False
179455,2023-09-18 13:48:00,-1,20200.75,179452,179222,179447,0,-0.3266666666656346,False
179495,2023-09-18 14:28:00,-1,20190.05,179472,179207,179467,0,-1.0187878787885887,False
179540,2023-09-18 15:13:00,-1,20180.0,179197,179183,179192,1,-0.8399999999997894,True
179557,2023-09-20 09:15:00,-1,20095.0,178640,178239,178635,0,-5.028181818182233,False
179557,2023-09-20 09:15:00,-1,20135.0,178772,178756,178767,0,-5.028181818182233,False
179557,2023-09-20 09:15:00,-1,20162.35,179547,178789,179542,0,-5.028181818182233,False
179628,2023-09-20 10:26:00,-1,20011.05,179623,179611,179618,0,-0.13696969696980824,False
179710,2023-09-20 11:48:00,-1,20004.1,179709,179669,179704,0,-0.3033333333329411,False
179760,2023-09-20 12:38:00,1,20027.9,179753,179734,179748,1,1.1033333333331699,True
179932,2023-09-21 09:15:00,-1,19951.15,179907,179868,179902,0,-5.571515151514813,False
180036,2023-09-21 10:59:00,-1,19775.0,180035,180024,180030,0,-0.29121212121207446,False
180095,2023-09-21 11:58:00,1,19787.7,180093,180082,180088,0,-0.23818181818203907,False
180121,2023-09-21 12:24:00,-1,19762.05,180111,179988,180106,4,-1.3687878787872643,True
180170,2023-09-21 13:13:00,1,19781.6,180148,180133,180143,0,0.32424242424326416,False
180170,2023-09-21 13:13:00,1,19779.95,180169,180154,180164,0,0.32424242424326416,False
180243,2023-09-21 14:26:00,-1,19760.2,180161,180116,180156,4,-0.3109090909087149,True
180311,2023-09-22 09:19:00,1,19793.4,180285,180187,180280,1,0.9527272727273336,True
180344,2023-09-22 09:52:00,-1,19749.75,180312,180268,180307,6,-0.5633333333336629,True
180437,2023-09-22 11:25:00,-1,19785.05,180429,180415,180424,1,-0.5878787878786781,True
180468,2023-09-22 11:56:00,1,19800.0,180423,180412,180418,0,2.0678787878789997,False
180598,2023-09-22 14:06:00,1,19739.0,180587,180575,180582,3,1.0548484848485313,True
180652,2023-09-22 15:00:00,-1,19710.35,180651,180613,180646,0,0.1721212121207414,False
180734,2023-09-25 10:07:00,-1,19665.0,180704,180684,180699,2,-4.283636363635866,True
180840,2023-09-25 11:53:00,1,19661.95,180815,180793,180810,2,0.5093939393945762,True
180843,2023-09-25 11:56:00,1,19679.0,180780,180766,180775,1,2.4472727272732815,True
180870,2023-09-25 12:23:00,1,19713.0,180724,180707,180719,0,2.604242424242145,False
180872,2023-09-25 12:25:00,1,19718.5,180694,180672,180689,0,3.1312121212119415,False
181057,2023-09-26 09:15:00,-1,19694.05,181051,181039,181046,4,-0.3033333333330452,True
181094,2023-09-26 09:52:00,1,19699.0,181092,181078,181087,0,-0.3384848484845918,False
181105,2023-09-26 10:03:00,1,19705.0,181067,181056,181062,2,1.364848484849385,True
181253,2023-09-26 12:31:00,-1,19676.85,181246,181232,181241,1,-0.9878787878784759,True
181258,2023-09-26 12:36:00,-1,19670.0,181167,181073,181162,6,-1.5157575757581045,True
181317,2023-09-26 13:35:00,1,19689.45,181250,181237,181245,2,2.8054545454551287,True
181404,2023-09-26 15:02:00,-1,19670.6,181387,181362,181382,0,-0.2121212121214005,False
181476,2023-09-27 09:59:00,-1,19596.0,181469,181457,181464,1,-1.134545454545236,True
181518,2023-09-27 10:41:00,1,19562.0,181513,181497,181508,0,0.27212121212128754,False
181646,2023-09-27 12:49:00,1,19667.85,181611,181575,181606,0,1.5533333333328896,False
181663,2023-09-27 13:06:00,1,19671.95,181651,181584,181646,0,0.29999999999972865,False
181666,2023-09-27 13:09:00,1,19685.0,181429,181379,181424,0,1.8800000000004118,False
181681,2023-09-27 13:24:00,1,19689.35,181377,181350,181372,6,1.1684848484845474,True
181685,2023-09-27 13:28:00,1,19689.75,181672,181397,181667,4,1.555757575757419,True
181689,2023-09-27 13:32:00,1,19699.1,181183,181172,181178,5,1.0648484848484085,True
181690,2023-09-27 13:33:00,1,19700.0,181323,181193,181318,1,1.373939393939941,True
181759,2023-09-27 14:42:00,1,19709.0,181752,181712,181747,0,0.4015151515149375,False
181760,2023-09-27 14:43:00,1,19714.0,181697,181124,181692,1,0.8836363636367957,True
181821,2023-09-28 09:29:00,-1,19703.65,181818,181792,181813,1,-1.24909090909088,True
181926,2023-09-28 11:14:00,-1,19645.0,181843,181612,181838,3,-3.799696969696621,True
181933,2023-09-28 11:21:00,-1,19641.0,181932,181629,181927,0,-0.24969696969679211,False
181941,2023-09-28 11:29:00,-1,19616.35,181940,181566,181935,0,-1.6878787878786752,False
181998,2023-09-28 12:26:00,-1,19605.0,181987,181946,181982,0,-1.3190909090902387,False
182095,2023-09-28 14:03:00,-1,19546.2,181517,181503,181512,1,-0.07212121212104541,True
182153,2023-09-28 15:01:00,-1,19535.0,182143,182123,182138,3,-1.5127272727272496,True
182279,2023-09-29 10:52:00,-1,19660.9,182257,182227,182252,1,-0.5236363636361899,True
182382,2023-09-29 12:35:00,1,19759.85,182369,182345,182364,4,-0.3496969696958077,False
182429,2023-09-29 13:22:00,-1,19738.85,182425,182406,182420,0,-0.028787878788373914,False
182444,2023-09-29 13:37:00,1,19763.0,182442,182377,182437,1,0.6421212121219609,True
182528,2023-09-29 15:01:00,-1,19735.35,182434,182397,182429,0,-0.40030303030280834,False
182647,2023-10-03 10:45:00,-1,19562.3,182644,182625,182639,1,-0.7224242424237187,True
182678,2023-10-03 11:16:00,1,19577.3,182675,182658,182670,0,0.29090909090973327,False
182721,2023-10-03 11:59:00,-1,19563.15,182679,182667,182674,5,-0.4284848484844594,True
182792,2023-10-03 13:10:00,1,19595.0,182787,182768,182782,1,0.581818181817427,True
182827,2023-10-03 13:45:00,1,19604.8,182798,182564,182793,0,1.2657575757571937,False
182851,2023-10-03 14:09:00,-1,19570.6,182763,182735,182758,0,-2.1648484848488323,False
182902,2023-10-03 15:00:00,1,19584.25,182895,182866,182890,0,0.3606060606071412,False
182932,2023-10-04 09:15:00,-1,19560.0,182727,182710,182722,5,-5.464545454545974,True
182932,2023-10-04 09:15:00,-1,19556.35,182864,182650,182859,0,-5.464545454545974,False
182965,2023-10-04 09:48:00,1,19438.5,182964,182943,182959,0,0.21757575757535036,False
183078,2023-10-04 11:41:00,-1,19422.75,182997,182979,182992,0,-0.44575757575736813,False
183078,2023-10-04 11:41:00,-1,19424.45,183068,182961,183063,0,-0.44575757575736813,False
183130,2023-10-04 12:33:00,-1,19380.2,183103,183092,183098,3,-1.7893939393935547,True
183244,2023-10-04 14:27:00,1,19430.1,183243,183232,183238,0,0.6700000000005664,False
183258,2023-10-04 14:41:00,1,19437.0,183252,183070,183247,1,1.3209090909086656,True
183280,2023-10-04 15:03:00,1,19462.85,183052,183039,183047,2,-0.16848484848538942,False
183281,2023-10-04 15:04:00,1,19465.5,183268,183018,183263,2,1.1636363636367963,True
183404,2023-10-05 10:52:00,1,19574.6,183367,183347,183362,2,5.264545454545543,True
183406,2023-10-05 10:54:00,1,19579.3,183332,182918,183327,4,6.112727272727715,True
183587,2023-10-05 13:55:00,-1,19576.0,183583,183571,183578,1,-0.14212121212055331,True
183682,2023-10-06 09:15:00,1,19615.45,183428,182830,183423,1,1.0460606060611328,True
183682,2023-10-06 09:15:00,1,19585.0,183599,183476,183594,0,1.0460606060611328,False
183716,2023-10-06 09:49:00,1,19634.75,183703,183690,183698,0,0.5830303030302738,False
183868,2023-10-06 12:21:00,-1,19642.3,183866,183855,183861,1,-0.603333333333172,True
183934,2023-10-06 13:27:00,1,19677.15,183930,183902,183925,1,0.3909090909101904,True
183989,2023-10-06 14:22:00,-1,19666.2,183955,183930,183950,0,-1.1387878787863568,False
184046,2023-10-06 15:19:00,-1,19675.4,184032,184016,184027,6,0.0645454545456582,False
184058,2023-10-09 09:16:00,-1,19553.3,183660,183628,183655,1,-9.64878787878742,True
184141,2023-10-09 10:39:00,-1,19588.05,184132,184117,184127,3,-1.75030303030358,True
184315,2023-10-09 13:33:00,1,19549.7,184314,184302,184309,0,0.10363636363707505,False
184359,2023-10-09 14:17:00,-1,19534.0,184342,184311,184337,3,-0.39090909090877385,True
184369,2023-10-09 14:27:00,1,19550.1,184350,184335,184345,2,2.371818181817814,True
184414,2023-10-09 15:12:00,-1,19545.0,184390,184374,184385,5,-1.5927272727268906,True
184432,2023-10-10 09:15:00,1,19616.65,184117,184095,184112,0,2.696969696970544,False
184432,2023-10-10 09:15:00,1,19604.0,184171,184159,184166,1,2.696969696970544,True
184432,2023-10-10 09:15:00,1,19599.0,184205,184192,184200,9,2.696969696970544,True
184432,2023-10-10 09:15:00,1,19564.8,184375,184251,184370,1,2.696969696970544,True
184432,2023-10-10 09:15:00,1,19568.95,184407,184259,184402,0,2.696969696970544,False
184468,2023-10-10 09:51:00,1,19638.95,184467,184433,184462,0,0.8039393939390259,False
184576,2023-10-10 11:39:00,-1,19650.0,184542,184495,184537,0,-1.1748484848491927,False
184608,2023-10-10 12:11:00,1,19668.65,184528,184517,184523,9,1.3175757575753795,True
184608,2023-10-10 12:11:00,1,19669.0,184570,184557,184565,4,1.3175757575753795,True
184620,2023-10-10 12:23:00,1,19691.0,183973,183785,183968,1,0.5642424242426719,True
184620,2023-10-10 12:23:00,1,19689.0,184030,183983,184025,1,0.5642424242426719,True
184686,2023-10-10 13:29:00,1,19721.75,184670,184659,184665,1,1.1133333333337945,True
184806,2023-10-10 15:29:00,1,19745.0,184802,184770,184797,2,0.06727272727293836,True
184861,2023-10-11 10:09:00,-1,19838.45,184856,184837,184851,0,-0.16272727272664103,False
184990,2023-10-11 12:18:00,-1,19837.8,184929,184873,184924,1,-2.17545454545423,True
185086,2023-10-11 13:54:00,-1,19836.0,185074,185059,185069,0,-0.5393939393927385,False
185123,2023-10-11 14:31:00,1,19850.0,185118,185075,185113,1,0.5857575757575254,True
185135,2023-10-11 14:43:00,1,19865.0,184982,184910,184977,1,1.2748484848492816,True
185214,2023-10-12 09:47:00,-1,19831.7,185210,185102,185205,0,-0.01969696969683561,False
185215,2023-10-12 09:48:00,-1,19825.0,185099,185088,185094,1,-0.7754545454535638,True
185340,2023-10-12 11:53:00,1,19859.0,185303,185287,185298,2,-0.04333333333345588,False
185341,2023-10-12 11:54:00,1,19860.5,185285,185272,185280,3,0.2893939393941607,True
185366,2023-10-12 12:19:00,-1,19856.15,185364,185350,185359,1,-0.29454545454534997,True
185389,2023-10-12 12:42:00,-1,19851.4,185372,185337,185367,0,-0.08272727272735711,False
185397,2023-10-12 12:50:00,1,19858.8,185394,185381,185389,1,0.5672727272727144,True
185419,2023-10-12 13:12:00,-1,19840.05,185319,185276,185314,0,-0.5169696969696889,False
185438,2023-10-12 13:31:00,1,19850.0,185437,185424,185432,0,0.3921212121215496,False
185500,2023-10-12 14:33:00,1,19860.45,185462,185443,185457,3,1.4557575757578765,True
185528,2023-10-12 15:01:00,-1,19841.45,185476,185427,185471,2,-0.37363636363623537,True
185557,2023-10-13 09:15:00,-1,19724.2,184783,184706,184778,0,-6.7745454545456925,False
185648,2023-10-13 10:46:00,-1,19692.15,185562,184654,185557,0,-1.575454545454813,False
185842,2023-10-13 14:00:00,1,19766.0,185840,185827,185835,1,0.3403030303033604,True
185936,2023-10-16 09:19:00,-1,19701.55,185737,185705,185732,1,-2.913939393939687,True
186021,2023-10-16 10:44:00,1,19768.95,186016,185995,186011,0,0.06484848484853589,False
186049,2023-10-16 11:12:00,-1,19748.3,186039,186005,186034,0,-1.2136363636355116,False
186137,2023-10-16 12:40:00,-1,19772.6,186120,186101,186115,0,-1.0760606060607156,False
186275,2023-10-16 14:58:00,-1,19761.6,186256,186227,186251,5,-0.7039393939395246,True
186305,2023-10-16 15:28:00,-1,19734.35,186303,186282,186298,0,-0.22878787878701623,False
186307,2023-10-17 09:15:00,1,19788.9,186111,186098,186106,3,3.6448484848482607,True
186307,2023-10-17 09:15:00,1,19776.6,186253,186240,186248,0,3.6448484848482607,False
186403,2023-10-17 10:51:00,1,19845.0,186353,186338,186348,1,0.4472727272720312,True
186458,2023-10-17 11:46:00,-1,19834.3,186438,186396,186433,3,-0.29515151515123955,True
186521,2023-10-17 12:49:00,1,19847.6,186439,186427,186434,5,0.5015151515147747,True
186593,2023-10-17 14:01:00,-1,19817.0,186577,186384,186572,0,-0.40818181818238936,False
186636,2023-10-17 14:44:00,1,19797.0,186629,186614,186624,2,0.900303030303456,True
186777,2023-10-18 10:50:00,-1,19777.1,186689,186617,186684,3,-5.159090909091889,True
186796,2023-10-18 11:09:00,-1,19765.35,186786,186606,186781,0,-0.1903030303025443,False
186921,2023-10-18 13:14:00,1,19730.6,186917,186876,186912,1,0.5769696969694382,True
187036,2023-10-18 15:09:00,-1,19693.0,185943,185678,185938,6,-2.7848484848478074,True
187036,2023-10-18 15:09:00,-1,19688.1,187035,187004,187030,0,-2.7848484848478074,False
187076,2023-10-19 09:34:00,-1,19547.4,187074,187059,187069,0,-0.5769696969693096,False
187162,2023-10-19 11:00:00,-1,19550.4,187159,187142,187154,1,-0.8187878787882751,True
187188,2023-10-19 11:26:00,1,19586.6,187137,187126,187132,0,1.3948484848481608,False
187231,2023-10-19 12:09:00,1,19640.0,187218,187198,187213,0,0.7700000000003121,False
187299,2023-10-19 13:17:00,-1,19622.5,187252,187222,187247,0,-0.5869696969697358,False
187299,2023-10-19 13:17:00,-1,19624.5,187273,187262,187268,4,-0.5869696969697358,True
187324,2023-10-19 13:42:00,1,19637.8,187318,187293,187313,0,-0.4287878787868841,False
187345,2023-10-19 14:03:00,1,19652.35,187344,187277,187339,0,0.681515151515623,False
187475,2023-10-20 09:58:00,-1,19545.85,187452,187163,187447,2,-1.6199999999999704,True
187525,2023-10-20 10:48:00,1,19554.85,187522,187506,187517,1,0.38878787878839155,True
187578,2023-10-20 11:41:00,-1,19543.4,187577,187522,187572,0,-0.21909090909131326,False
187581,2023-10-20 11:44:00,-1,19530.05,187437,187078,187432,0,-1.0103030303034144,False
187608,2023-10-20 12:11:00,1,19533.0,187603,187591,187598,0,0.30606060606083413,False
187739,2023-10-20 14:22:00,1,19539.9,187726,187714,187721,5,0.4699999999998662,True
187826,2023-10-23 09:34:00,-1,19517.0,187599,187584,187594,19,-1.843333333331944,True
187826,2023-10-23 09:34:00,-1,19518.0,187801,187706,187796,5,-1.843333333331944,True
187830,2023-10-23 09:38:00,-1,19515.5,187652,187637,187647,10,-1.1942424242429126,True
187860,2023-10-23 10:08:00,-1,19510.0,187839,187778,187834,0,-0.8557575757580055,False
187860,2023-10-23 10:08:00,-1,19512.35,187849,187603,187844,0,-0.8557575757580055,False
187935,2023-10-23 11:23:00,-1,19450.0,187932,187919,187927,2,-0.652121212120964,True
187956,2023-10-23 11:44:00,-1,19440.65,187942,187898,187937,2,-0.8721212121208417,True
187971,2023-10-23 11:59:00,1,19453.6,187955,187943,187950,3,2.784242424243243,True
188034,2023-10-23 13:02:00,-1,19427.0,188031,188012,188026,1,-0.15848484848543773,True
188044,2023-10-23 13:12:00,-1,19416.8,188040,187959,188035,0,-0.28303030303109855,False
188276,2023-10-25 10:49:00,-1,19274.0,188236,188194,188231,0,-2.0496969696964586,False
188311,2023-10-25 11:24:00,-1,19256.85,188298,188277,188293,0,-0.1257575757570743,False
188318,2023-10-25 11:31:00,-1,19243.9,188171,188155,188166,2,-2.161818181817851,True
188557,2023-10-26 09:15:00,-1,19068.95,188427,188405,188422,0,-2.658787878788018,False
188793,2023-10-26 13:11:00,1,18888.65,188652,188636,188647,2,0.9778787878787978,True
188793,2023-10-26 13:11:00,1,18885.2,188746,188719,188741,4,0.9778787878787978,True
188807,2023-10-26 13:25:00,-1,18852.35,188759,188733,188754,1,-2.789999999999503,True
188888,2023-10-26 14:46:00,1,18872.45,188853,188824,188848,0,0.5518181818188667,False
188888,2023-10-26 14:46:00,1,18870.55,188886,188854,188881,0,0.5518181818188667,False
188909,2023-10-26 15:07:00,-1,18846.0,188866,188829,188861,2,-3.1899999999994253,True
189061,2023-10-27 11:24:00,1,19109.9,189043,188986,189038,1,1.1115151515159434,True
189203,2023-10-27 13:46:00,1,19140.0,189105,189093,189100,1,1.0939393939396393,True
189247,2023-10-27 14:30:00,1,19153.6,189221,189209,189216,0,0.7860606060608927,False
189307,2023-10-30 09:15:00,-1,19085.1,189053,189033,189048,0,0.7460606060613233,False
189307,2023-10-30 09:15:00,-1,19121.05,189297,189278,189292,0,0.7460606060613233,False
189308,2023-10-30 09:16:00,-1,19077.6,189028,189015,189023,0,-2.324848484848326,False
189322,2023-10-30 09:30:00,-1,19056.4,189006,188960,189001,0,-1.5475757575759888,False
189397,2023-10-30 10:45:00,1,19148.45,189311,189274,189306,0,1.4106060606066884,False
189510,2023-10-30 12:38:00,1,19191.2,189509,189497,189504,0,0.12909090909023574,False
189564,2023-10-30 13:32:00,1,19216.0,189560,189476,189555,0,0.3872727272734095,False
189636,2023-10-30 14:44:00,1,19207.0,189607,189595,189602,0,0.47393939393952855,False
189717,2023-10-31 09:50:00,-1,19178.4,189706,189618,189701,2,-3.9142424242424134,True
189736,2023-10-31 10:09:00,-1,19166.0,189728,189505,189723,0,-1.5324242424235541,False
189750,2023-10-31 10:23:00,-1,19145.0,189434,189415,189429,0,-0.7066666666660656,False
189810,2023-10-31 11:23:00,1,19164.9,189801,189766,189796,1,-0.34454545454530966,False
189828,2023-10-31 11:41:00,-1,19145.95,189812,189798,189807,0,-0.6224242424241437,False
189836,2023-10-31 11:49:00,-1,19140.0,189834,189789,189829,1,-1.6281818181815106,True
189973,2023-10-31 14:06:00,1,19168.25,189966,189954,189961,4,1.0296969696973655,True
189985,2023-10-31 14:18:00,1,19198.0,189733,189720,189728,0,2.1169696969699743,False
190057,2023-11-01 09:15:00,-1,19123.0,189777,189393,189772,1,-1.2430303030302834,True
190057,2023-11-01 09:15:00,-1,19127.05,189867,189836,189862,1,-1.2430303030302834,True
190057,2023-11-01 09:15:00,-1,19134.1,189937,189877,189932,4,-1.2430303030302834,True
190237,2023-11-01 12:15:00,1,19134.3,190212,190157,190207,1,0.7942424242426955,True
190258,2023-11-01 12:36:00,-1,19118.0,190231,190213,190226,0,-2.393030303029649,False
190283,2023-11-01 13:01:00,-1,19100.0,190279,190268,190274,0,-0.18696969696922278,False
190358,2023-11-01 14:16:00,-1,19080.0,190352,190340,190347,4,-1.5821212121207608,True
190373,2023-11-01 14:31:00,-1,19070.8,190361,190315,190356,0,-0.2496969696965279,False
190432,2023-11-02 09:15:00,1,19176.0,190067,190040,190062,0,7.23939393939318,False
190432,2023-11-02 09:15:00,1,19086.7,190381,190361,190376,3,7.23939393939318,True
190432,2023-11-02 09:15:00,1,19096.7,190404,190351,190399,0,7.23939393939318,False
190455,2023-11-02 09:38:00,1,19234.55,190452,190439,190447,0,0.3933333333329925,False
190528,2023-11-02 10:51:00,-1,19184.6,190523,190505,190518,0,0.0736363636369075,False
190706,2023-11-02 13:49:00,1,19195.0,190705,190689,190700,0,0.2312121212122871,False
190707,2023-11-02 13:50:00,1,19197.65,190677,190550,190672,2,0.4572727272728116,True
190947,2023-11-03 11:35:00,-1,19320.0,190895,190883,190890,5,-0.7909090909084254,True
191074,2023-11-03 13:42:00,1,19339.15,191066,191013,191061,0,0.1372727272730792,False
191079,2023-11-03 13:47:00,-1,19328.8,191074,191062,191069,1,-0.021515151514542454,True
191132,2023-11-03 14:40:00,-1,19310.85,190981,190965,190976,0,-1.6963636363637404,False
191182,2023-11-06 09:15:00,1,19346.0,191126,190874,191121,0,4.855454545454855,False
191182,2023-11-06 09:15:00,1,19309.2,191181,191169,191176,0,4.855454545454855,False
191242,2023-11-06 10:15:00,1,19440.0,191232,191190,191227,4,0.05333333333399407,True
191275,2023-11-06 10:48:00,-1,19430.3,191244,191232,191239,2,-0.9921212121212555,True
191353,2023-11-06 12:06:00,1,19435.0,191342,191325,191337,5,0.13333333333346675,True
191420,2023-11-06 13:13:00,1,19443.55,191387,191360,191382,1,-0.2275757575759138,False
191527,2023-11-06 15:00:00,1,19481.0,191525,191510,191520,0,0.6269696969692748,False
191605,2023-11-07 10:03:00,-1,19450.0,191587,191573,191582,6,-1.2933333333328885,True
191707,2023-11-07 11:45:00,-1,19432.0,191423,191391,191418,0,-5.264545454545747,False
191707,2023-11-07 11:45:00,-1,19437.4,191473,191425,191468,1,-5.264545454545747,True
191846,2023-11-07 14:04:00,1,19487.75,191685,191673,191680,0,1.0042424242429169,False
191880,2023-11-07 14:38:00,-1,19472.0,191872,191851,191867,0,-0.46727272727250957,False
191932,2023-11-08 09:15:00,1,19490.35,191543,191527,191538,7,0.8330303030302783,True
191932,2023-11-08 09:15:00,1,19488.05,191907,191862,191902,0,0.8330303030302783,False
192005,2023-11-08 10:28:00,-1,19498.0,191999,191986,191994,0,0.24151515151566438,False
192047,2023-11-08 11:10:00,-1,19487.5,191971,191954,191966,3,-0.35181818181749375,True
192177,2023-11-08 13:20:00,1,19510.0,192083,192029,192078,3,1.1563636363630594,True
192178,2023-11-08 13:21:00,1,19517.8,192006,191978,192001,0,1.5875757575765672,False
192223,2023-11-08 14:06:00,-1,19505.35,192196,192183,192191,0,-0.2339393939388725,False
192248,2023-11-08 14:31:00,-1,19481.45,192246,192154,192241,0,-0.5024242424242173,False
192249,2023-11-08 14:32:00,-1,19474.65,192061,192049,192056,1,-0.9381818181814632,True
192342,2023-11-09 09:50:00,-1,19490.15,192338,192326,192333,0,0.4321212121217211,False
192353,2023-11-09 10:01:00,1,19514.0,192327,192307,192322,6,2.2418181818182856,True
192543,2023-11-09 13:11:00,-1,19501.45,192542,192531,192537,0,-0.635757575757767,False
192573,2023-11-09 13:41:00,-1,19500.85,192548,192520,192543,0,-0.19333333333353445,False
192616,2023-11-09 14:24:00,-1,19489.0,192587,192574,192582,0,-1.3284848484840595,False
192625,2023-11-09 14:33:00,-1,19481.7,192311,192266,192306,2,0.3218181818191772,False
192625,2023-11-09 14:33:00,-1,19484.2,192404,192379,192399,0,0.3218181818191772,False
192625,2023-11-09 14:33:00,-1,19485.95,192622,192393,192617,0,0.3218181818191772,False
192643,2023-11-09 14:51:00,-1,19479.95,192630,192342,192625,4,0.2166666666674191,False
192669,2023-11-09 15:17:00,1,19489.0,192664,192650,192659,4,0.3587878787874475,True
192682,2023-11-10 09:15:00,-1,19430.0,191800,191751,191795,3,-4.869999999999711,True
192847,2023-11-10 12:00:00,1,19434.85,192828,192817,192823,4,0.2315151515148653,True
192877,2023-11-10 12:30:00,1,19445.25,192863,192776,192858,0,-0.0015151515149241712,False
192984,2023-11-10 14:17:00,-1,19435.0,192875,192862,192870,3,-1.4103030303028987,True
192992,2023-11-10 14:25:00,-1,19420.0,192825,192795,192820,1,-1.712727272726288,True
193048,2023-11-10 15:21:00,1,19478.45,192952,192900,192947,0,1.0248484848485049,False
193057,2023-11-13 09:15:00,1,19512.4,192606,192554,192601,0,3.634848484849406,False
193101,2023-11-13 09:59:00,1,19509.4,193095,193083,193090,1,0.7406060606065743,True
193105,2023-11-13 10:03:00,1,19522.3,192223,192179,192218,14,2.2845454545456763,True
193105,2023-11-13 10:03:00,1,19523.75,192476,192356,192471,4,2.2845454545456763,True
193126,2023-11-13 10:24:00,-1,19490.0,193080,193064,193075,4,-5.206969696969871,True
193230,2023-11-13 12:08:00,-1,19492.45,193222,193211,193217,2,-0.08060606060560369,True
193249,2023-11-13 12:27:00,1,19499.4,193242,193222,193237,1,-0.36242424242513244,False
193393,2023-11-13 14:51:00,-1,19503.15,193387,193361,193382,0,-0.25848484848495806,False
193428,2023-11-13 15:26:00,-1,19496.0,193427,193416,193422,0,-0.1709090909089052,False
193529,2023-11-15 10:52:00,-1,19692.65,193512,193499,193507,0,-0.43212121212041565,False
193532,2023-11-15 10:55:00,-1,19690.8,193476,193461,193471,1,-0.8048484848488319,True
193538,2023-11-15 11:01:00,1,19701.85,193526,193511,193521,0,0.7609090909084967,False
193543,2023-11-15 11:06:00,1,19703.9,193494,193478,193489,4,1.242727272726599,True
193601,2023-11-15 12:04:00,1,19699.5,193592,193577,193587,1,-0.08848484848398636,False
193613,2023-11-15 12:16:00,1,19704.9,193608,193558,193603,2,-0.10575757575709871,False
193617,2023-11-15 12:20:00,1,19706.85,193543,193464,193538,3,0.41454545454603714,True
193667,2023-11-15 13:10:00,1,19714.8,193624,193449,193619,0,0.18000000000061958,False
193667,2023-11-15 13:10:00,1,19711.3,193663,193645,193658,0,0.18000000000061958,False
193753,2023-11-15 14:36:00,1,19754.0,193725,193686,193720,0,1.1066666666660807,False
193767,2023-11-15 14:50:00,-1,19737.15,193721,193704,193716,1,-2.2660606060607713,True
193808,2023-11-16 09:16:00,-1,19705.0,193665,193652,193660,1,-1.338181818181317,True
193809,2023-11-16 09:17:00,-1,19702.25,193647,193629,193642,2,-2.3190909090902063,True
194089,2023-11-16 13:57:00,1,19870.0,194082,194031,194077,0,0.40818181818192145,False
194098,2023-11-16 14:06:00,1,19872.6,194094,194017,194089,1,0.6593939393939041,True
194159,2023-11-16 15:07:00,-1,19851.1,194065,194052,194060,2,-5.6751515151506515,True
194300,2023-11-17 11:13:00,-1,19829.95,194299,194287,194294,0,-0.5390909090912145,False
194373,2023-11-17 12:26:00,-1,19810.15,194346,194302,194341,1,-0.6148484848483916,True
194415,2023-11-17 13:08:00,1,19837.0,194388,194357,194383,2,0.9506060606059705,True
194465,2023-11-17 13:58:00,-1,19799.1,194247,194202,194242,4,-1.8563636363634386,True
194473,2023-11-17 14:06:00,1,19824.95,194446,194432,194441,0,3.007272727273589,False
194554,2023-11-17 15:27:00,-1,19803.0,194540,194519,194535,1,-0.3939393939379577,True
194558,2023-11-20 09:16:00,-1,19795.05,194505,194194,194500,3,-0.9972727272716966,True
194558,2023-11-20 09:16:00,-1,19793.35,194533,194466,194528,2,-0.9972727272716966,True
194590,2023-11-20 09:48:00,-1,19763.2,194579,193883,194574,2,-1.0224242424232686,True
194666,2023-11-20 11:04:00,-1,19790.0,194663,194646,194658,1,-0.7287878787867169,True
194675,2023-11-20 11:13:00,-1,19755.0,194603,194182,194598,2,-3.32575757575735,True
194675,2023-11-20 11:13:00,-1,19757.25,194616,194605,194611,3,-3.32575757575735,True
194727,2023-11-20 12:05:00,1,19741.0,194713,194682,194708,3,-0.30909090909029935,False
194787,2023-11-20 13:05:00,1,19755.8,194749,194737,194744,0,0.8742424242425557,False
194847,2023-11-20 14:05:00,-1,19747.0,194846,194815,194841,0,-1.2254545454546846,False
194848,2023-11-20 14:06:00,-1,19736.95,194786,194759,194781,0,-1.5866666666657607,False
194933,2023-11-21 09:16:00,1,19808.0,194657,194641,194652,1,5.025454545454404,True
194961,2023-11-21 09:44:00,1,19839.95,194483,194415,194478,1,0.16666666666676389,True
194986,2023-11-21 10:09:00,-1,19821.3,194985,194971,194980,0,-0.8557575757579851,False
195088,2023-11-21 11:51:00,-1,19835.0,195087,195072,195082,0,-0.33666666666640127,False
195110,2023-11-21 12:13:00,1,19844.4,195063,194961,195058,2,-0.003030303029425064,False
195170,2023-11-21 13:13:00,-1,19832.15,195094,195038,195089,4,-6.387272727272555,True
195331,2023-11-22 09:39:00,1,19858.6,195272,195243,195267,4,0.728787878787406,True
195340,2023-11-22 09:48:00,1,19863.0,195265,195229,195260,2,0.5075757575764352,True
195342,2023-11-22 09:50:00,1,19865.0,195337,195218,195332,2,0.8963636363635937,True
195461,2023-11-22 11:49:00,-1,19844.5,195455,195313,195450,4,-0.8469696969689361,True
195467,2023-11-22 11:55:00,-1,19827.0,195312,195031,195307,1,-1.6909090909094247,True
195491,2023-11-22 12:19:00,-1,19815.0,195473,194986,195468,0,-0.8487878787876989,False
195620,2023-11-22 14:28:00,1,19837.0,195485,195472,195480,0,3.0457575757581066,False
195639,2023-11-22 14:47:00,1,19880.0,195168,195144,195163,5,0.6778787878796515,True
195639,2023-11-22 14:47:00,1,19878.75,195407,195370,195402,3,0.6778787878796515,True
195745,2023-11-23 10:18:00,-1,19875.1,195728,195667,195723,1,-1.5836363636356916,True
195746,2023-11-23 10:19:00,-1,19869.0,195720,195646,195715,1,-1.7230303030298992,True
195868,2023-11-23 12:21:00,1,19864.1,195862,195806,195857,0,0.3184848484844824,False
195943,2023-11-23 13:36:00,-1,19860.6,195939,195922,195934,3,-0.4045454545443178,True
195952,2023-11-23 13:45:00,1,19870.7,195944,195926,195939,0,0.8545454545455481,False
196014,2023-11-23 14:47:00,-1,19856.45,196005,195943,196000,2,0.003939393939034248,False
196077,2023-11-24 09:35:00,-1,19851.5,196022,195862,196017,2,-0.7666666666670158,True
196077,2023-11-24 09:35:00,-1,19852.1,196068,196028,196063,1,-0.7666666666670158,True
196086,2023-11-24 09:44:00,-1,19845.8,196083,195845,196078,2,-0.36121212121072366,True
196087,2023-11-24 09:45:00,-1,19844.3,195843,195787,195838,2,-0.5236363636374374,True
196261,2023-11-24 12:39:00,-1,19839.55,196258,196228,196253,0,0.06242424242385737,False
196287,2023-11-24 13:05:00,-1,19821.05,196137,196118,196132,0,-1.4754545454538666,False
196347,2023-11-24 14:05:00,1,19842.95,196344,196273,196339,1,0.7621212121222242,True
196381,2023-11-24 14:39:00,-1,19828.5,196357,196337,196352,0,-0.22272727272781492,False
196410,2023-11-24 15:08:00,-1,19816.45,196407,196305,196402,0,-0.49272727272690586,False
196432,2023-11-28 09:15:00,1,19845.85,196353,196260,196348,0,1.3306060606056827,False
196432,2023-11-28 09:15:00,1,19840.0,196381,196360,196376,0,1.3306060606056827,False
196432,2023-11-28 09:15:00,1,19834.35,196431,196417,196426,0,1.3306060606056827,False
196481,2023-11-28 10:04:00,-1,19846.8,196480,196450,196475,0,-0.29939393939450387,False
196562,2023-11-28 11:25:00,-1,19848.0,196553,196539,196548,1,-0.19939393939428363,True
196603,2023-11-28 12:06:00,1,19856.1,196581,196559,196576,1,0.33727272727335195,True
196610,2023-11-28 12:13:00,1,19864.9,196473,196438,196468,2,1.289393939393202,True
196735,2023-11-28 14:18:00,1,19869.45,196647,196628,196642,5,0.9548484848484541,True
196741,2023-11-28 14:24:00,1,19917.65,195730,195691,195725,0,5.293333333333915,False
196860,2023-11-29 10:08:00,1,20034.75,196859,196836,196854,0,0.35939393939494546,False
196909,2023-11-29 10:57:00,-1,20021.75,196860,196845,196855,1,-0.3033333333344416,True
196938,2023-11-29 11:26:00,1,20036.0,196911,196889,196906,5,0.2724242424248393,True
196941,2023-11-29 11:29:00,1,20046.0,196880,196867,196875,0,0.9933333333336649,False
197040,2023-11-29 13:08:00,1,20070.0,197038,196948,197033,1,0.5321212121206943,True
197074,2023-11-29 13:42:00,1,20074.3,197051,197040,197046,2,0.3099999999998128,True
197217,2023-11-30 09:50:00,-1,20090.05,197119,197106,197114,0,-3.2627272727269685,False
197296,2023-11-30 11:09:00,-1,20077.85,197292,197280,197287,0,-0.30878787878789554,False
197509,2023-11-30 14:42:00,1,20138.75,197460,197203,197455,0,1.7239393939388916,False
197632,2023-12-01 10:30:00,-1,20366.0,197631,197611,197626,0,-0.22333333333326688,False
197661,2023-12-01 10:59:00,1,20380.65,197641,197629,197636,1,0.6712121212123362,True
197856,2023-12-01 14:14:00,-1,20390.0,197846,197834,197841,3,-1.9512121212110427,True
197884,2023-12-01 14:42:00,-1,20375.6,197813,197785,197808,2,-1.367272727272413,True
197885,2023-12-01 14:43:00,-1,20372.85,197741,197679,197736,5,-1.5424242424244496,True
197885,2023-12-01 14:43:00,-1,20371.0,197758,197670,197753,0,-1.5424242424244496,False
197929,2023-12-01 15:27:00,-1,20374.35,197922,197911,197917,4,-0.5942424242414788,True
197930,2023-12-01 15:28:00,-1,20364.65,197891,197657,197886,0,-0.8496969696956871,False
198031,2023-12-04 10:54:00,1,20674.95,198029,198004,198024,1,0.8812121212122277,True
198149,2023-12-04 12:52:00,1,20709.6,198147,198130,198142,0,-0.18090909090939133,False
198199,2023-12-04 13:42:00,1,20748.25,198188,198177,198183,4,0.16787878787971097,True
198463,2023-12-05 11:51:00,-1,20830.0,198462,198449,198457,0,-1.222727272726947,False
198521,2023-12-05 12:49:00,1,20890.4,198505,198441,198500,2,-0.16151515151503798,False
198649,2023-12-05 14:57:00,1,20930.0,198640,198572,198635,1,1.6157575757572467,True
198679,2023-12-05 15:27:00,1,20949.0,198673,198657,198668,0,0.8109090909093792,False
198786,2023-12-06 10:59:00,1,21041.0,198731,198683,198726,0,0.31060606060613494,False
198836,2023-12-06 11:49:00,1,21032.6,198818,198803,198813,5,0.22787878787927465,True
198892,2023-12-06 12:45:00,-1,20980.3,198761,198741,198756,1,-1.6393939393935848,True
198912,2023-12-06 13:05:00,-1,20977.6,198897,198705,198892,2,-1.497878787879068,True
198954,2023-12-06 13:47:00,1,21010.0,198949,198885,198944,0,0.9121212121217037,False
198988,2023-12-06 14:21:00,1,21044.1,198791,198717,198786,0,2.415757575757602,False
199019,2023-12-06 14:52:00,1,21048.95,199017,198988,199012,0,-0.15757575757438805,False
199230,2023-12-07 12:08:00,1,21030.5,199225,199214,199220,0,-0.16030303030261364,False
199254,2023-12-07 12:32:00,-1,21010.8,199217,199201,199212,1,0.2072727272713114,False
199318,2023-12-07 13:36:00,1,21033.0,199301,199231,199296,0,0.6839393939388866,False
199432,2023-12-08 09:15:00,1,21050.4,199059,199034,199054,0,0.6745454545456522,False
199543,2023-12-08 11:06:00,-1,21009.25,199296,199276,199291,0,-6.595454545454227,False
199543,2023-12-08 11:06:00,-1,21012.8,199408,199390,199403,1,-6.595454545454227,True
199619,2023-12-08 12:22:00,-1,21049.0,199572,199561,199567,2,-1.871818181818509,True
199651,2023-12-08 12:54:00,-1,21001.0,199549,199256,199544,4,-1.3630303030312594,True
199659,2023-12-08 13:02:00,-1,20994.05,199657,199153,199652,0,0.4809090909083776,False
199695,2023-12-08 13:38:00,-1,20977.0,199692,199661,199687,0,1.3069696969697857,False
199752,2023-12-08 14:35:00,1,21005.45,199730,199692,199725,4,1.2893939393934601,True
199756,2023-12-08 14:39:00,1,21020.0,199678,199656,199673,1,2.8551515151509337,True
199866,2023-12-11 10:14:00,1,21094.0,199857,199831,199852,1,2.1821212121216713,True
199876,2023-12-11 10:24:00,1,21109.75,199821,199508,199816,0,1.2993939393942269,False
200101,2023-12-11 14:09:00,1,21085.0,200079,199978,200074,0,1.411515151514861,False
200155,2023-12-11 15:03:00,1,21095.0,200153,200127,200148,1,0.3439393939400018,True
200167,2023-12-11 15:15:00,-1,21083.0,200152,200135,200147,3,-1.3193939393950223,True
200168,2023-12-11 15:16:00,-1,21078.0,200158,200121,200153,1,-1.0872727272718903,True
200229,2023-12-12 10:02:00,-1,21107.1,200215,200197,200210,0,0.001212121212395678,False
200275,2023-12-12 10:48:00,1,21096.7,200273,200260,200268,0,-0.27545454545442877,False
200339,2023-12-12 11:52:00,1,21095.55,200335,200320,200330,1,1.2015151515147693,True
200361,2023-12-12 12:14:00,1,21098.0,200353,200339,200348,1,0.38606060606067855,True
200401,2023-12-12 12:54:00,-1,21062.95,200068,200054,200063,8,-2.6887878787883195,True
200401,2023-12-12 12:54:00,-1,21063.75,200252,200170,200247,2,-2.6887878787883195,True
200408,2023-12-12 13:01:00,-1,21050.2,200006,199966,200001,4,-1.811818181817786,True
200459,2023-12-12 13:52:00,1,21075.0,200456,200404,200451,0,-0.0018181818175690573,False
200490,2023-12-12 14:23:00,-1,21050.2,200472,200425,200467,7,-0.4157575757586595,True
200496,2023-12-12 14:29:00,-1,21042.45,200412,200008,200407,1,-0.410909090907487,True
200597,2023-12-13 09:55:00,-1,20986.0,199743,199728,199738,3,-3.1730303030299476,True
200696,2023-12-13 11:34:00,-1,20931.6,200648,200636,200643,2,-1.4754545454537036,True
200821,2023-12-13 13:39:00,1,20985.0,200670,200611,200665,0,1.7681818181814397,False
200927,2023-12-13 15:25:00,1,21040.0,200919,200908,200914,2,1.00393939393816,True
200928,2023-12-13 15:26:00,1,21044.6,200577,200557,200572,1,1.355757575757584,True
201058,2023-12-14 11:21:00,-1,21245.6,201055,201042,201050,1,-0.6909090909091831,True
201297,2023-12-14 15:20:00,1,21328.85,201266,201243,201261,1,2.316969696968702,True
201352,2023-12-15 10:00:00,1,21391.6,201331,201320,201326,1,2.125151515152447,True
201486,2023-12-15 12:14:00,-1,21404.9,201474,201461,201469,5,-0.9175757575759089,True
201502,2023-12-15 12:30:00,1,21419.85,201483,201466,201478,4,0.7260606060608066,True
201601,2023-12-15 14:09:00,-1,21441.15,201594,201580,201589,2,-2.213030303029572,True
201843,2023-12-18 11:56:00,-1,21520.0,201840,201811,201835,0,-0.5336363636364737,False
201856,2023-12-18 12:09:00,-1,21501.1,201778,201749,201773,2,0.026969696970174244,False
201876,2023-12-18 12:29:00,-1,21481.4,201712,201701,201707,0,-0.884848484848995,False
201910,2023-12-18 13:03:00,-1,21483.65,201903,201887,201898,3,-1.095151515151122,True
201999,2023-12-18 14:32:00,1,21520.25,201867,201853,201862,0,2.1575757575757013,False
202043,2023-12-18 15:16:00,-1,21475.05,201964,201942,201959,0,-1.0654545454545135,False
202071,2023-12-19 09:29:00,1,21505.0,202063,202024,202058,4,0.45636363636407284,True
202137,2023-12-19 10:35:00,1,21457.85,202128,202101,202123,1,0.21393939394008427,True
202213,2023-12-19 11:51:00,1,21541.25,201807,201758,201802,2,3.898181818182434,True
202245,2023-12-19 12:23:00,1,21544.0,202218,201694,202213,2,1.152727272727484,True
202287,2023-12-19 13:05:00,-1,21550.0,202281,202270,202276,2,-1.2633333333330994,True
202323,2023-12-19 13:41:00,1,21556.05,202309,202297,202304,5,0.726969696970608,True
202333,2023-12-19 13:51:00,1,21569.8,202330,202281,202325,0,0.010606060605227528,False
202391,2023-12-19 14:49:00,-1,21564.85,202371,202347,202366,2,-1.983333333333238,True
202479,2023-12-20 10:02:00,-1,21645.0,202477,202465,202472,1,-0.03424242424191778,True
202518,2023-12-20 10:41:00,1,21655.5,202507,202495,202502,0,0.5651515151509522,False
202568,2023-12-20 11:31:00,-1,21641.95,202519,202506,202514,1,-1.074242424241896,True
202638,2023-12-20 12:41:00,1,21604.45,202637,202623,202632,0,1.6584848484854289,False
202666,2023-12-20 13:09:00,-1,21576.55,202633,202618,202628,0,-0.740000000000069,False
202684,2023-12-20 13:27:00,-1,21512.0,202431,202402,202426,0,-4.545757575758276,False
202689,2023-12-20 13:32:00,-1,21466.0,202166,202153,202161,5,-8.173030303030384,True
203026,2023-12-21 12:54:00,1,21335.35,203021,202772,203016,0,0.7115151515136918,False
203063,2023-12-21 13:31:00,1,21333.0,203053,203037,203048,0,1.3078787878787312,False
203361,2023-12-22 12:14:00,-1,21435.15,203349,203338,203344,0,-1.5087878787895104,False
203365,2023-12-22 12:18:00,-1,21412.1,203276,203263,203271,0,-2.2957575757576425,False
203601,2023-12-26 09:59:00,1,21417.0,203584,203557,203579,7,2.5663636363634,True
203602,2023-12-26 10:00:00,1,21442.35,203535,203523,203530,0,3.670303030303552,False
203604,2023-12-26 10:02:00,1,21455.1,203512,203305,203507,0,4.330909090908745,False
203639,2023-12-26 10:37:00,1,21493.2,203637,202697,203632,0,0.9993939393942501,False
203692,2023-12-26 11:30:00,-1,21480.05,203690,203664,203685,0,-1.0742424242422262,False
203746,2023-12-26 12:24:00,1,21512.35,203681,203655,203676,2,1.1424242424241675,True
203751,2023-12-26 12:29:00,-1,21495.7,203742,203730,203737,0,0.6472727272725476,False
203824,2023-12-26 13:42:00,1,21489.95,203805,203783,203800,0,0.6424242424245636,False
203863,2023-12-26 14:21:00,1,21499.2,203832,203764,203827,1,5.213636363637282,True
204004,2023-12-27 10:27:00,1,21584.0,203976,203965,203971,1,1.2284848484846735,True
204114,2023-12-27 12:17:00,-1,21582.8,204098,204085,204093,0,-2.5963636363635443,False
204120,2023-12-27 12:23:00,-1,21576.7,204047,204030,204042,2,-2.7796969696972735,True
204253,2023-12-27 14:36:00,1,21590.0,204225,204150,204220,0,-0.029696969696165018,False
204253,2023-12-27 14:36:00,1,21587.75,204252,204235,204247,0,-0.029696969696165018,False
204339,2023-12-28 09:47:00,1,21760.15,204327,204314,204322,5,1.9157575757592327,True
204355,2023-12-28 10:03:00,-1,21733.35,204352,204332,204347,0,-2.0266666666662836,False
204420,2023-12-28 11:08:00,1,21741.65,204387,204362,204382,0,1.818181818181588,False
204640,2023-12-28 14:48:00,-1,21745.1,204573,204560,204568,0,-0.46121212121172495,False
204640,2023-12-28 14:48:00,-1,21750.0,204637,204591,204632,2,-0.46121212121172495,True
204677,2023-12-28 15:25:00,1,21780.0,204657,204596,204652,6,0.5663636363636879,True
204811,2023-12-29 11:24:00,1,21907.55,204735,204721,204730,4,0.8527272727275302,True
204886,2023-12-29 12:39:00,-1,21893.45,204883,204836,204878,0,-0.86212121212095,False
204979,2023-12-29 14:12:00,-1,21876.0,204905,204891,204900,7,-1.9909090909089793,True
204979,2023-12-29 14:12:00,-1,21875.15,204942,204910,204937,2,-1.9909090909089793,True
204980,2023-12-29 14:13:00,-1,21871.0,204952,204781,204947,1,-3.0648484848489286,True
205024,2023-12-29 14:57:00,1,21904.55,204976,204954,204971,1,1.4630303030313927,True
205047,2023-12-29 15:20:00,-1,21872.65,205045,205011,205040,1,-1.3839393939393478,True
205162,2024-01-01 11:00:00,1,21879.95,205156,205055,205151,4,-0.09454545454531063,False
205192,2024-01-01 11:30:00,1,21884.9,205186,205163,205181,1,0.5960606060599092,True
205223,2024-01-01 12:01:00,-1,21862.0,205216,205166,205211,0,-0.49454545454517274,False
205284,2024-01-01 13:02:00,1,21889.0,205283,205272,205278,0,-0.10757575757527535,False
205326,2024-01-01 13:44:00,-1,21884.7,205324,205313,205319,1,-0.6084848484845522,True
205422,2024-01-01 15:20:00,-1,21876.65,205420,205294,205415,0,-1.4524242424243539,False
205423,2024-01-01 15:21:00,-1,21855.0,205257,205223,205252,0,-1.9487878787879453,False
205472,2024-01-02 09:55:00,-1,21826.1,205458,205126,205453,0,-2.4563636363629917,False
205473,2024-01-02 09:56:00,-1,21811.7,205087,205073,205082,0,-3.9706060606064844,False
205473,2024-01-02 09:56:00,-1,21820.7,205447,205432,205442,1,-3.9706060606064844,True
205550,2024-01-02 11:13:00,-1,21706.6,205548,205533,205543,0,-0.6675757575756811,False
205612,2024-01-02 12:15:00,1,21728.5,205571,205559,205566,0,0.4130303030310947,False
205655,2024-01-02 12:58:00,-1,21733.2,205632,205619,205627,0,0.23787878787917388,False
205726,2024-01-02 14:09:00,1,21760.15,205713,205693,205708,1,1.280000000001606,True
205728,2024-01-02 14:11:00,1,21788.9,205498,205485,205493,0,3.2460606060607935,False
205807,2024-01-03 09:15:00,-1,21716.05,205685,205670,205680,0,-2.383636363635764,False
205814,2024-01-03 09:22:00,-1,21705.1,205666,205602,205661,7,-3.91333333333241,True
205888,2024-01-03 10:36:00,1,21685.45,205868,205850,205863,1,2.242424242424067,True
205945,2024-01-03 11:33:00,-1,21650.8,205929,205915,205924,1,-2.311818181818463,True
205996,2024-01-03 12:24:00,-1,21635.2,205909,205874,205904,0,-2.830303030303569,False
206071,2024-01-03 13:39:00,1,21670.05,206062,206037,206057,3,0.9145454545451559,True
206073,2024-01-03 13:41:00,1,21677.5,206055,205991,206050,2,2.5587878787886744,True
206089,2024-01-03 13:57:00,-1,21653.8,206049,206038,206044,6,-1.502424242424397,True
206195,2024-01-04 09:28:00,1,21692.65,206193,205974,206188,1,1.7506060606059737,True
206231,2024-01-04 10:04:00,1,21705.0,206230,206212,206225,0,-0.5496969696955633,False
206302,2024-01-04 11:15:00,1,21754.0,206253,205806,206248,2,0.6784848484856273,True
206347,2024-01-04 12:00:00,1,21760.0,206342,206303,206337,0,0.0106060606063197,False
206422,2024-01-04 13:15:00,1,21777.0,206399,206376,206394,5,0.23272727272748697,True
206469,2024-01-04 14:02:00,-1,21762.0,206412,206382,206407,2,-1.8472727272725553,True
206533,2024-01-04 15:06:00,1,21773.9,206532,206480,206527,0,1.3315151515163937,False
206600,2024-01-05 09:58:00,1,21813.0,206590,206573,206585,6,1.1772727272726164,True
206656,2024-01-05 10:54:00,-1,21740.55,206320,206306,206315,4,-3.0590909090909864,True
206656,2024-01-05 10:54:00,-1,21740.0,206500,206322,206495,0,-3.0590909090909864,False
206656,2024-01-05 10:54:00,-1,21745.5,206516,206502,206511,1,-3.0590909090909864,True
206709,2024-01-05 11:47:00,-1,21730.6,206285,206253,206280,2,-1.1212121212116064,True
206862,2024-01-05 14:20:00,-1,21685.0,206224,206203,206219,2,-3.9530303030301166,True
206950,2024-01-08 09:33:00,-1,21767.25,206937,206920,206932,1,-4.532121212121736,True
207156,2024-01-08 12:59:00,-1,21634.05,207131,207115,207126,1,-2.1778787878775483,True
207219,2024-01-08 14:02:00,1,21666.9,207194,207179,207189,1,2.5630303030297434,True
207307,2024-01-09 09:15:00,1,21680.0,207226,207130,207221,0,5.838787878787024,False
207458,2024-01-09 11:46:00,1,21790.0,207402,207012,207397,0,0.3436363636365834,False
207584,2024-01-09 13:52:00,-1,21765.0,207576,207482,207571,1,-1.3172727272721758,True
207588,2024-01-09 13:56:00,-1,21753.0,207437,207414,207432,0,-0.9045454545457698,False
207652,2024-01-09 15:00:00,-1,21619.0,207648,207636,207643,0,0.1463636363641879,False
207694,2024-01-10 09:27:00,-1,21562.7,207687,207295,207682,0,-4.121212121211577,False
207961,2024-01-10 13:54:00,1,21566.5,207944,207930,207939,4,0.14818181818274803,True
208005,2024-01-10 14:38:00,1,21631.9,207751,207678,207746,2,4.9712121212124805,True
208238,2024-01-11 12:16:00,-1,21688.0,208231,208212,208226,2,-1.327575757575664,True
208250,2024-01-11 12:28:00,1,21703.25,208237,208216,208232,0,0.8490909090906821,False
208277,2024-01-11 12:55:00,1,21712.95,208266,208140,208261,0,0.6836363636372345,False
208310,2024-01-11 13:28:00,-1,21700.0,208290,208266,208285,3,-0.732727272727746,True
208432,2024-01-12 09:15:00,1,21725.0,208283,208117,208278,0,3.0175757575771773,False
208432,2024-01-12 09:15:00,1,21695.45,208398,208372,208393,2,3.0175757575771773,True
208446,2024-01-12 09:29:00,1,21774.4,208062,207586,208057,7,0.9821212121210001,True
208462,2024-01-12 09:45:00,1,21782.5,208437,207576,208432,4,2.2818181818187804,True
208474,2024-01-12 09:57:00,1,21795.05,207543,207531,207538,2,1.460303030303899,True
208650,2024-01-12 12:53:00,1,21891.0,208586,208558,208581,5,2.4503030303031266,True
208785,2024-01-12 15:08:00,-1,21920.0,208734,208723,208729,1,-5.009393939393837,True
208881,2024-01-15 10:29:00,1,22048.9,208879,208858,208874,0,0.225757575757696,False
209035,2024-01-15 13:03:00,1,22090.0,209029,209011,209024,5,0.5954545454552409,True
209050,2024-01-15 13:18:00,1,22096.0,209001,208989,208996,2,1.0948484848495328,True
209138,2024-01-15 14:46:00,1,22115.0,209137,209112,209132,0,0.5336363636365342,False
209213,2024-01-16 09:46:00,1,22092.0,209211,209199,209206,0,1.1481818181815884,False
209366,2024-01-16 12:19:00,-1,22068.0,209233,209208,209228,2,-0.41848484848478473,True
209394,2024-01-16 12:47:00,-1,22058.0,209194,209081,209189,0,-0.9660606060602257,False
209407,2024-01-16 13:00:00,-1,22041.05,208898,208886,208893,2,-0.10151515151385368,True
209407,2024-01-16 13:00:00,-1,22044.2,209403,208950,209398,0,-0.10151515151385368,False
209420,2024-01-16 13:13:00,-1,22030.1,209418,208876,209413,1,-1.1145454545454239,True
209479,2024-01-16 14:12:00,1,22049.8,209473,209419,209468,0,2.0751515151526787,False
209542,2024-01-16 15:15:00,-1,22031.1,209533,209521,209528,2,-1.2433333333329186,True
209557,2024-01-17 09:15:00,-1,21839.55,208502,208491,208497,0,-9.737878787879323,False
209557,2024-01-17 09:15:00,-1,21850.05,208608,208509,208603,0,-9.737878787879323,False
209557,2024-01-17 09:15:00,-1,22000.0,209508,209458,209503,0,-9.737878787879323,False
209695,2024-01-17 11:33:00,-1,21749.85,209683,209668,209678,5,-0.7251515151515663,True
209698,2024-01-17 11:36:00,-1,21743.7,209652,209557,209647,2,-1.0863636363638773,True
209819,2024-01-17 13:37:00,-1,21652.65,209800,209781,209795,3,-2.223636363635285,True
209832,2024-01-17 13:50:00,1,21690.8,209797,209770,209792,0,2.6939393939396132,False
210194,2024-01-18 13:37:00,-1,21460.5,210162,210079,210157,0,-0.9490909090908856,False
210247,2024-01-18 14:30:00,-1,21455.15,210045,210032,210040,2,-1.8763636363636584,True
210376,2024-01-19 10:24:00,1,21667.8,210364,210350,210359,0,-0.14818181818071446,False
210379,2024-01-19 10:27:00,1,21688.75,210327,209857,210322,0,3.343030303030873,False
210450,2024-01-19 11:38:00,1,21620.8,210446,210434,210441,1,-0.002727272726280346,False
210538,2024-01-19 13:06:00,1,21655.1,210534,210415,210529,0,0.6418181818181977,False
210682,2024-01-20 09:15:00,1,21707.0,209767,209755,209762,3,2.5893939393948986,True
210682,2024-01-20 09:15:00,1,21710.0,210390,209833,210385,0,2.5893939393948986,False
210682,2024-01-20 09:15:00,1,21685.0,210675,210659,210670,0,2.5893939393948986,False
210726,2024-01-20 09:59:00,-1,21688.35,210713,210702,210708,1,0.8684848484856653,False
210736,2024-01-20 10:09:00,-1,21660.15,210731,210663,210726,0,-2.209696969695791,False
210772,2024-01-20 10:45:00,1,21713.45,210764,210743,210759,0,1.1424242424237134,False
210838,2024-01-20 11:51:00,-1,21685.0,210811,210783,210806,1,-0.8906060606058118,True
210860,2024-01-20 12:13:00,-1,21682.25,210857,210789,210852,2,-0.37363636363685837,True
211009,2024-01-20 14:42:00,-1,21640.0,210990,210955,210985,0,-2.2093939393941806,False
211029,2024-01-20 15:02:00,-1,21592.9,210488,210436,210483,8,-3.1436363636366993,True
211029,2024-01-20 15:02:00,-1,21587.55,210503,210490,210498,1,-3.1436363636366993,True
211057,2024-01-23 09:15:00,1,21686.7,210912,210869,210907,0,7.6042424242435045,False
211057,2024-01-23 09:15:00,1,21680.0,210940,210924,210935,1,7.6042424242435045,True
211280,2024-01-23 12:58:00,-1,21371.5,211275,211229,211270,0,-3.3169696969690694,False
211438,2024-01-24 09:21:00,1,21225.0,211437,211423,211432,0,-5.309393939393801,False
211439,2024-01-24 09:22:00,1,21254.75,211398,211373,211393,0,-0.20393939393874078,False
211472,2024-01-24 09:55:00,1,21335.0,211469,211348,211464,1,1.0806060606068102,True
211473,2024-01-24 09:56:00,1,21365.0,211336,211313,211331,0,2.409696969696591,False
211510,2024-01-24 10:33:00,1,21435.0,211482,211258,211477,3,1.986666666666602,True
211557,2024-01-24 11:20:00,1,21414.05,211548,211532,211543,2,2.6148484848488787,True
211561,2024-01-24 11:24:00,-1,21381.7,211551,211536,211546,0,-0.27606060606049043,False
211861,2024-01-25 10:09:00,-1,21361.75,211852,211837,211847,3,0.4012121212113887,False
211868,2024-01-25 10:16:00,-1,21351.6,211866,211735,211861,0,-2.6836363636360923,False
211872,2024-01-25 10:20:00,-1,21309.8,211705,211675,211700,0,-4.916363636363034,False
211990,2024-01-25 12:18:00,-1,21276.6,211952,211941,211947,4,-3.3815151515146273,True
212063,2024-01-25 13:31:00,-1,21259.2,212037,211926,212032,2,-2.5333333333342205,True
212155,2024-01-25 15:03:00,1,21306.7,212088,212020,212083,0,2.867272727273509,False
212155,2024-01-25 15:03:00,1,21300.35,212103,212090,212098,2,2.867272727273509,True
212224,2024-01-29 09:57:00,1,21708.5,212213,212194,212208,0,-0.07090909090933985,False
212266,2024-01-29 10:39:00,1,21751.0,212258,212244,212253,2,2.1030303030303794,True
212548,2024-01-29 15:21:00,1,21865.75,212525,212470,212520,2,1.8966666666670637,True
212648,2024-01-30 10:46:00,-1,21825.05,212640,212598,212635,2,-3.5500000000005723,True
212650,2024-01-30 10:48:00,-1,21810.9,212458,212447,212453,4,-3.9266666666666517,True
212652,2024-01-30 10:50:00,-1,21797.95,212442,212431,212437,0,-3.6200000000000148,False
212720,2024-01-30 11:58:00,1,21833.5,212710,212664,212705,0,1.1615151515148645,False
212746,2024-01-30 12:24:00,-1,21805.0,212743,212730,212738,0,0.26696969697055206,False
212803,2024-01-30 13:21:00,-1,21773.65,212775,212373,212770,2,-0.13424242424123287,True
212808,2024-01-30 13:26:00,1,21793.7,212807,212796,212802,0,-0.45242424242420737,False
212850,2024-01-30 14:08:00,-1,21760.45,212834,212804,212829,2,-1.551515151514553,True
212877,2024-01-30 14:35:00,-1,21672.95,212210,212199,212205,0,-6.240303030303394,False
213042,2024-01-31 11:05:00,1,21770.0,213019,212865,213014,2,0.12757575757565703,True
213047,2024-01-31 11:10:00,1,21787.35,212861,212847,212856,3,4.020606060606835,True
213068,2024-01-31 11:31:00,1,21812.95,212827,212811,212822,0,3.458787878787539,False
213093,2024-01-31 11:56:00,1,21820.0,213074,212783,213069,6,0.9609090909099152,True
213100,2024-01-31 12:03:00,1,21824.15,212765,212752,212760,5,0.8451515151515574,True
213102,2024-01-31 12:05:00,1,21826.0,212749,212734,212744,9,0.9796969696977864,True
213206,2024-01-31 13:49:00,-1,21766.35,213203,213166,213198,2,-2.021818181817242,True
213258,2024-01-31 14:41:00,1,21799.2,213235,213223,213230,6,3.0418181818181114,True
213323,2024-02-01 09:31:00,-1,21784.4,213317,213306,213312,2,-1.8133333333330035,True
213338,2024-02-01 09:46:00,1,21825.0,213331,213315,213326,1,4.530606060606701,True
213359,2024-02-01 10:07:00,1,21850.0,213312,212722,213307,1,1.3603030303032473,True
213406,2024-02-01 10:54:00,1,21893.5,213369,212615,213364,0,-0.25121212121224307,False
213418,2024-02-01 11:06:00,-1,21856.45,213379,213368,213374,0,2.4203030303025916,False
213475,2024-02-01 12:03:00,-1,21773.6,213280,213268,213275,4,-7.713636363635262,True
213475,2024-02-01 12:03:00,-1,21770.3,213434,213331,213429,1,-7.713636363635262,True
213558,2024-02-01 13:26:00,-1,21786.9,213509,213495,213504,2,-1.4872727272717565,True
213565,2024-02-01 13:33:00,-1,21752.15,213480,213207,213475,0,-4.053333333333527,False
213600,2024-02-01 14:08:00,1,21790.0,213597,213585,213592,0,-0.6533333333330757,False
213635,2024-02-01 14:43:00,-1,21771.15,213603,213588,213598,3,-2.069696969696715,True
213666,2024-02-01 15:14:00,-1,21740.0,213160,213149,213155,0,-0.6727272727277781,False
213666,2024-02-01 15:14:00,-1,21748.15,213577,213565,213572,4,-0.6727272727277781,True
213682,2024-02-02 09:15:00,1,21803.3,213626,213605,213621,0,6.240303030303688,False
213779,2024-02-02 10:52:00,-1,22030.2,213754,213726,213749,11,-0.2554545454541074,True
213790,2024-02-02 11:03:00,1,22062.15,213762,213737,213757,1,2.239393939394267,True
214010,2024-02-02 14:43:00,1,22019.0,213982,213903,213977,2,2.76363636363756,True
214057,2024-02-05 09:15:00,-1,21928.0,214030,213939,214025,0,0.8478787878793822,False
214057,2024-02-05 09:15:00,-1,21940.15,214054,214042,214049,0,0.8478787878793822,False
214176,2024-02-05 11:14:00,1,21980.0,214170,214157,214165,2,1.7603030303045553,True
214282,2024-02-05 13:00:00,1,22008.3,214276,214222,214271,5,1.0018181818189804,True
214288,2024-02-05 13:06:00,1,22015.8,214249,214202,214244,1,0.012727272727435823,True
214344,2024-02-05 14:02:00,1,22015.0,214341,214319,214336,2,-0.1366666666662223,False
214352,2024-02-05 14:10:00,-1,21963.05,214260,214231,214255,1,-5.246666666665518,True
214570,2024-02-06 11:33:00,1,21918.0,214542,214490,214537,2,0.8618181818182412,True
214609,2024-02-06 12:12:00,1,21964.55,214577,214373,214572,3,2.065757575757322,True
214755,2024-02-06 14:38:00,1,22005.0,214727,214687,214722,0,2.1503030303023243,False
214766,2024-02-06 14:49:00,-1,21970.0,214751,214740,214746,0,-2.687878787878276,False
214807,2024-02-07 09:15:00,1,22031.0,214109,214011,214104,3,7.866666666666898,True
214807,2024-02-07 09:15:00,1,22017.0,214761,214342,214756,0,7.866666666666898,False
214949,2024-02-07 11:37:00,-1,21945.05,214777,214694,214772,3,-4.958787878787974,True
214950,2024-02-07 11:38:00,-1,21940.0,214660,214603,214655,3,-4.907575757575041,True
215003,2024-02-07 12:31:00,1,21948.15,214997,214984,214992,1,1.7030303030313554,True
215182,2024-02-08 09:15:00,1,22039.6,215118,214909,215113,0,4.376666666666823,False
215284,2024-02-08 10:57:00,-1,21959.85,215156,215131,215151,10,-0.6878787878775694,True
215340,2024-02-08 11:53:00,1,21875.3,215331,215316,215326,2,1.7033333333337959,True
215431,2024-02-08 13:24:00,-1,21875.6,215415,215404,215410,0,-2.228484848483975,False
215459,2024-02-08 13:52:00,-1,21875.0,215455,215431,215450,0,-0.6254545454541167,False
215461,2024-02-08 13:54:00,-1,21861.5,215375,215345,215370,2,-2.4975757575756896,True
215481,2024-02-08 14:14:00,-1,21833.1,215478,215310,215473,0,-0.16393939393982968,False
215498,2024-02-08 14:31:00,-1,21810.0,215487,215292,215482,0,-1.972727272726953,False
215525,2024-02-08 14:58:00,-1,21785.15,214436,214423,214431,2,-2.809393939393632,True
215665,2024-02-09 11:03:00,-1,21710.6,215663,215603,215658,0,-1.2245454545461414,False
215711,2024-02-09 11:49:00,1,21787.4,215708,215636,215703,0,1.369090909091023,False
215752,2024-02-09 12:30:00,1,21818.3,215628,215587,215623,0,0.8954545454543309,False
215752,2024-02-09 12:30:00,1,21810.0,215737,215616,215732,3,0.8954545454543309,True
215847,2024-02-09 14:05:00,1,21819.0,215845,215782,215840,0,0.5081818181811222,False
215861,2024-02-09 14:19:00,1,21843.95,215583,215570,215578,2,2.0033333333334586,True
215912,2024-02-09 15:10:00,1,21856.65,215866,215486,215861,8,3.9951515151521284,True
215912,2024-02-09 15:10:00,1,21855.65,215887,215876,215882,3,3.9951515151521284,True
215999,2024-02-12 10:22:00,-1,21766.05,215721,215709,215716,4,-0.2236363636353217,True
216000,2024-02-12 10:23:00,-1,21760.0,215993,215824,215988,0,-1.6312121212123136,False
216036,2024-02-12 10:59:00,1,21768.9,216029,216016,216024,1,1.9403030303031281,True
216100,2024-02-12 12:03:00,-1,21749.0,216093,216042,216088,1,-0.7833333333327092,True
216230,2024-02-12 14:13:00,1,21758.7,216140,216117,216135,0,1.3872727272715786,False
216276,2024-02-12 14:59:00,-1,21695.55,216275,216212,216270,0,-0.7566666666653417,False
216351,2024-02-13 09:59:00,1,21745.0,216284,216248,216279,3,9.276363636363618,True
216404,2024-02-13 10:52:00,1,21811.0,216058,215982,216053,1,3.244848484848195,True
216442,2024-02-13 11:30:00,-1,21785.1,216440,216413,216435,1,-0.851212121212048,True
216477,2024-02-13 12:05:00,-1,21747.65,216383,216372,216378,0,-4.141818181817271,False
216477,2024-02-13 12:05:00,-1,21754.0,216459,216390,216454,1,-4.141818181817271,True
216530,2024-02-13 12:58:00,1,21725.0,216512,216494,216507,4,1.4493939393931528,True
216559,2024-02-13 13:27:00,1,21769.95,216558,216545,216553,0,0.6636363636361297,False
216593,2024-02-13 14:01:00,1,21819.0,216591,216573,216586,1,1.023333333334089,True
216660,2024-02-13 15:08:00,1,21825.5,216659,216625,216654,0,0.8215151515152825,False
216682,2024-02-14 09:15:00,-1,21685.0,216514,216501,216509,0,-8.984545454545383,False
216682,2024-02-14 09:15:00,-1,21774.35,216645,216608,216640,0,-8.984545454545383,False
216856,2024-02-14 12:09:00,1,21685.0,216846,216809,216841,3,1.6321212121216546,True
217000,2024-02-14 14:33:00,1,21845.0,216671,215970,216666,1,2.213333333333444,True
217018,2024-02-14 14:51:00,1,21889.0,217011,215936,217006,4,1.6181818181826388,True
217097,2024-02-15 09:55:00,-1,21872.35,217045,217022,217040,7,-0.6399999999999532,True
217255,2024-02-15 12:33:00,-1,21901.55,217204,217187,217199,2,-2.4709090909095597,True
217303,2024-02-15 13:21:00,1,21934.0,217291,217274,217286,7,-1.058484848484557,False
217305,2024-02-15 13:23:00,1,21938.15,217190,217173,217185,6,0.3366666666665383,True
217317,2024-02-15 13:35:00,1,21952.7,217123,217090,217118,2,0.9909090909091961,True
217456,2024-02-16 09:39:00,1,22075.05,217453,217432,217448,0,-0.03636363636380722,False
217573,2024-02-16 11:36:00,-1,22090.9,217534,217497,217529,1,-0.9621212121208624,True
217652,2024-02-16 12:55:00,1,22119.55,217512,217492,217507,1,1.7621212121214225,True
217756,2024-02-16 14:39:00,1,22124.1,217710,217668,217705,0,1.3560606060599831,False
217756,2024-02-16 14:39:00,1,22121.0,217753,217720,217748,1,1.3560606060599831,True
217797,2024-02-16 15:20:00,-1,22090.0,217745,217689,217740,4,-1.848787878787479,True
218014,2024-02-19 12:42:00,1,22230.0,217994,217970,217989,0,1.461212121212853,False
218149,2024-02-19 14:57:00,-1,22198.0,218068,217974,218063,0,-0.8081818181814967,False
218263,2024-02-20 10:36:00,-1,22134.65,218261,218250,218256,0,-0.14999999999857866,False
218408,2024-02-20 13:01:00,-1,22185.1,218384,218365,218379,3,-0.6133333333333527,True
218553,2024-02-20 15:26:00,1,22229.55,218549,218144,218544,3,0.6130303030301186,True
218622,2024-02-21 10:20:00,-1,22220.2,218576,218564,218571,0,-2.702727272728476,False
218703,2024-02-21 11:41:00,1,22235.0,218679,218636,218674,1,1.7406060606052989,True
218829,2024-02-21 13:47:00,-1,22224.65,218735,218711,218730,3,-2.249696969696782,True
218867,2024-02-21 14:25:00,-1,22099.05,218296,218281,218291,2,-6.218484848483959,True
218881,2024-02-21 14:39:00,-1,22077.85,218872,218223,218867,0,-1.7612121212114726,False
218899,2024-02-21 14:57:00,-1,22036.0,218893,218882,218888,1,-1.6787878787880288,True
219079,2024-02-22 11:42:00,1,22009.0,219026,218989,219021,0,2.36636363636385,False
219210,2024-02-22 13:53:00,1,22118.3,218921,218871,218916,2,3.8978787878782373,True
219265,2024-02-22 14:48:00,1,22180.0,219261,218862,219256,1,0.7518181818182358,True
219310,2024-02-23 09:18:00,1,22271.05,218606,218595,218601,6,1.30303030303137,True
219359,2024-02-23 10:07:00,1,22289.0,219357,219334,219352,0,1.4427272727283853,False
219516,2024-02-23 12:44:00,1,22294.5,219503,219461,219498,3,0.8233333333331907,True
219526,2024-02-23 12:54:00,1,22298.0,219521,219436,219516,2,0.07060606060630228,True
219557,2024-02-23 13:25:00,-1,22234.5,219389,219326,219384,0,-1.9809090909086837,False
219590,2024-02-23 13:58:00,-1,22252.25,219586,219575,219581,2,-0.2751515151498072,True
219711,2024-02-26 09:44:00,1,22208.15,219707,219692,219702,3,1.3466666666668872,True
219906,2024-02-26 12:59:00,1,22144.0,219838,219825,219833,1,2.8090909090906244,True
219915,2024-02-26 13:08:00,1,22150.95,219821,219806,219816,0,0.48696969697044795,False
219917,2024-02-26 13:10:00,1,22159.4,219800,219777,219795,1,2.2366666666664714,True
219918,2024-02-26 13:11:00,1,22169.5,219769,219750,219764,0,3.0787878787875096,False
219990,2024-02-26 14:23:00,1,22195.0,219980,219924,219975,0,2.9803030303033218,False
220016,2024-02-26 14:49:00,-1,22145.0,219951,219939,219946,2,-1.1227272727275073,True
220057,2024-02-27 09:15:00,-1,22126.4,220050,220028,220045,0,0.18636363636391332,False
220082,2024-02-27 09:40:00,1,22148.0,220074,220054,220069,3,0.9351515151523561,True
220097,2024-02-27 09:55:00,-1,22127.3,220091,220080,220086,1,-0.7199999999996023,True
220103,2024-02-27 10:01:00,1,22155.0,220087,220039,220082,1,1.1436363636367561,True
220187,2024-02-27 11:25:00,1,22159.75,220112,220092,220107,0,1.70363636363741,False
220270,2024-02-27 12:48:00,1,22172.0,220034,220014,220029,3,1.424848484848693,True
220403,2024-02-27 15:01:00,1,22199.9,220389,220365,220384,2,0.5409090909093415,True
220474,2024-02-28 09:57:00,-1,22185.15,220452,220432,220447,3,-1.7045454545451675,True
220484,2024-02-28 10:07:00,1,22210.0,220474,220460,220469,0,2.7927272727270642,False
220530,2024-02-28 10:53:00,-1,22101.0,220121,220061,220116,4,-9.621212121211578,True
220534,2024-02-28 10:57:00,-1,22095.2,220137,220126,220132,4,-9.534848484849093,True
220749,2024-02-28 14:32:00,-1,21992.95,220742,220714,220737,0,1.2199999999998878,False
220847,2024-02-29 09:55:00,1,21984.8,220831,220783,220826,1,2.327272727274208,True
220865,2024-02-29 10:13:00,-1,21886.3,220819,220793,220814,2,-15.616666666666775,True
220996,2024-02-29 12:24:00,-1,21938.6,220986,220957,220981,0,0.07636363636343729,False
221044,2024-02-29 13:12:00,1,21972.8,221023,220993,221018,2,1.1781818181823283,True
221044,2024-02-29 13:12:00,1,21973.9,221040,221029,221035,0,1.1781818181823283,False
221101,2024-02-29 14:09:00,-1,21947.0,221077,221022,221072,0,-2.0209090909089076,False
221123,2024-02-29 14:31:00,-1,21941.6,221117,221102,221112,3,-2.726666666667153,True
221137,2024-02-29 14:45:00,1,21999.75,221087,221067,221082,1,8.852727272728554,True
221297,2024-03-01 11:10:00,1,22309.0,221287,221268,221282,1,1.4142424242418195,True
221379,2024-03-01 12:32:00,1,22404.0,221371,221356,221366,4,1.1463636363636713,True
221419,2024-03-01 13:12:00,-1,22389.2,221400,221383,221395,0,-2.7309090909084843,False
221557,2024-03-02 09:15:00,1,22453.0,221532,221519,221527,4,1.4721212121214702,True
221677,2024-03-04 09:29:00,-1,22500.0,221676,221661,221671,0,-2.658181818181933,False
221687,2024-03-04 09:39:00,-1,22484.05,221684,221632,221679,2,-0.6351515151508309,True
221697,2024-03-04 09:49:00,-1,22475.25,221598,221583,221593,5,-0.44212121212062866,True
221708,2024-03-04 10:00:00,-1,22475.0,221693,221602,221688,11,0.05878787878847084,False
221812,2024-03-04 11:44:00,1,22505.0,221811,221800,221806,0,1.1948484848486247,False
221880,2024-03-04 12:52:00,-1,22485.0,221831,221788,221826,3,-2.1821212121211775,True
221882,2024-03-04 12:54:00,-1,22480.0,221847,221781,221842,2,-3.1009090909089503,True
221935,2024-03-04 13:47:00,-1,22495.0,221920,221902,221915,0,-1.2569696969696404,False
221959,2024-03-04 14:11:00,1,22513.55,221931,221908,221926,0,3.6472727272721386,False
221963,2024-03-04 14:15:00,1,22520.1,221872,221818,221867,3,2.5503030303035934,True
222038,2024-03-05 09:15:00,-1,22471.9,221887,221767,221882,0,-1.2130303030306901,False
222038,2024-03-05 09:15:00,-1,22475.0,221956,221773,221951,0,-1.2130303030306901,False
222083,2024-03-05 10:00:00,-1,22430.0,221547,221520,221542,2,-1.3818181818177424,True
222092,2024-03-05 10:09:00,-1,22420.0,222088,221502,222083,1,-0.24848484848422228,True
222118,2024-03-05 10:35:00,-1,22379.35,221424,221354,221419,3,-0.7796969696963322,True
222150,2024-03-05 11:07:00,-1,22385.25,222145,222131,222140,2,-2.4775757575761728,True
222312,2024-03-05 13:49:00,-1,22463.6,222287,222272,222282,1,-1.5509090909095629,True
222352,2024-03-05 14:29:00,-1,22434.3,222342,222328,222337,0,-0.5687878787888723,False
222389,2024-03-05 15:06:00,-1,22445.0,222383,222369,222378,1,-1.8842424242414333,True
222442,2024-03-06 09:44:00,1,22440.2,222415,222396,222410,1,4.46575757575829,True
222456,2024-03-06 09:58:00,-1,22386.55,222437,222234,222432,0,-4.506969696970157,False
222556,2024-03-06 11:38:00,-1,22365.25,222522,222488,222517,11,-3.7130303030296936,True
222556,2024-03-06 11:38:00,-1,22361.0,222540,222527,222535,1,-3.7130303030296936,True
222557,2024-03-06 11:39:00,-1,22352.0,222173,222159,222168,2,-4.105151515151402,True
222677,2024-03-06 13:39:00,1,22400.35,222526,222510,222521,9,2.097878787879424,True
222677,2024-03-06 13:39:00,1,22404.95,222665,222502,222660,0,2.097878787879424,False
222688,2024-03-06 13:50:00,1,22466.6,222370,222323,222365,8,3.120909090909731,True
222688,2024-03-06 13:50:00,1,22470.0,222390,222346,222385,1,3.120909090909731,True
222704,2024-03-06 14:06:00,1,22516.0,222268,222015,222263,1,3.244242424243623,True
222713,2024-03-06 14:15:00,1,22525.0,221968,221783,221963,7,1.8009090909099585,True
222713,2024-03-06 14:15:00,1,22529.25,222709,221978,222704,3,1.8009090909099585,True
222728,2024-03-06 14:30:00,1,22544.95,221753,221741,221748,1,1.0854545454550264,True
222876,2024-03-07 10:43:00,-1,22566.0,222863,222851,222858,1,-0.7539393939397638,True
222877,2024-03-07 10:44:00,-1,22542.65,222832,222815,222827,0,-0.933333333333204,False
222926,2024-03-07 11:33:00,1,22602.0,222780,222764,222775,6,0.3596969696969137,True
223068,2024-03-07 13:55:00,1,22598.6,223053,223028,223048,0,0.6448484848476013,False
223076,2024-03-07 14:03:00,-1,22576.75,223043,223007,223038,0,-1.33454545454537,False
223117,2024-03-07 14:44:00,-1,22564.95,223093,223076,223088,0,-1.3654545454528286,False
223151,2024-03-07 15:18:00,-1,22555.0,223140,223129,223135,5,-1.196363636362045,True
223462,2024-03-11 14:14:00,-1,22469.6,223410,223399,223405,0,-1.039090909090924,False
223561,2024-03-12 09:38:00,1,22503.0,223513,223498,223508,1,10.166969696969534,True
223582,2024-03-12 09:59:00,1,22515.0,223573,223561,223568,1,0.513939393940835,True
223599,2024-03-12 10:16:00,1,22534.55,223272,223245,223267,4,0.3290909090915354,True
223626,2024-03-12 10:43:00,-1,22490.4,223583,223565,223578,0,0.9693939393946945,False
223714,2024-03-12 12:11:00,1,22485.9,223672,223660,223667,1,4.583030303029666,True
223760,2024-03-12 12:57:00,-1,22458.1,223730,223718,223725,3,0.6269696969691401,False
223784,2024-03-12 13:21:00,1,22476.7,223763,223749,223758,4,0.8990909090909031,True
223792,2024-03-12 13:29:00,1,22480.0,223789,223738,223784,2,0.8581818181823594,True
223835,2024-03-12 14:12:00,-1,22477.0,223820,223803,223815,3,-0.9775757575757259,True
223928,2024-03-13 09:30:00,-1,22432.05,223888,223874,223883,1,-2.4772727272720934,True
224018,2024-03-13 11:00:00,-1,22376.0,223635,222669,223630,7,-2.137272727273326,True
224136,2024-03-13 12:58:00,1,22224.9,224123,224112,224118,2,0.4727272727273019,True
224188,2024-03-13 13:50:00,-1,22158.4,224166,224104,224161,2,-1.7918181818182417,True
224331,2024-03-14 09:58:00,1,22153.0,224312,224260,224307,0,3.0133333333340033,False
224367,2024-03-14 10:34:00,1,22170.0,224345,224197,224340,0,-1.6312121212117092,False
224394,2024-03-14 11:01:00,1,22213.2,224392,224374,224387,0,0.6515151515146244,False
224425,2024-03-14 11:32:00,1,22232.15,224151,224138,224146,0,1.7163636363638235,False
224425,2024-03-14 11:32:00,1,22220.0,224411,224394,224406,1,1.7163636363638235,True
224634,2024-03-14 15:01:00,1,22264.0,224615,224563,224610,1,2.4781818181812847,True
224663,2024-03-15 09:15:00,-1,22189.9,224416,224397,224411,1,-6.859696969696919,True
224663,2024-03-15 09:15:00,-1,22209.0,224588,224576,224583,0,-6.859696969696919,False
224688,2024-03-15 09:40:00,-1,22102.9,224329,224317,224324,3,-10.010909090908916,True
224743,2024-03-15 10:35:00,-1,22038.5,224712,224288,224707,5,-1.0415151515148937,True
224841,2024-03-15 12:13:00,-1,22011.25,224833,224778,224828,2,-1.3584848484853724,True
224876,2024-03-15 12:48:00,1,22034.9,224849,224833,224844,5,0.4778787878787208,True
224923,2024-03-15 13:35:00,1,22085.0,224891,224756,224886,1,1.229696969697671,True
225057,2024-03-18 09:34:00,-1,22055.8,225044,224918,225039,0,-3.6527272727260915,False
225059,2024-03-18 09:36:00,-1,22051.15,224913,224895,224908,2,-7.121818181817237,True
225180,2024-03-18 11:37:00,1,22067.05,225178,225164,225173,0,-0.04909090909080375,False
225205,2024-03-18 12:02:00,1,22099.95,225149,225136,225144,0,-1.1563636363633096,False
225205,2024-03-18 12:02:00,1,22088.15,225194,225181,225189,0,-1.1563636363633096,False
225220,2024-03-18 12:17:00,1,22123.95,225106,225053,225101,2,0.26848484848468357,True
225343,2024-03-18 14:20:00,1,22175.0,225303,225244,225298,3,0.9321212121210297,True
225390,2024-03-18 15:07:00,-1,22134.05,225317,225254,225312,2,-5.011818181818192,True
225420,2024-03-19 09:22:00,-1,22021.1,225076,224872,225071,1,-10.491515151515761,True
225456,2024-03-19 09:58:00,-1,22000.0,225433,224841,225428,0,-2.4106060606055397,False
225537,2024-03-19 11:19:00,1,21948.5,225523,225511,225518,0,2.685757575757308,False
225590,2024-03-19 12:12:00,1,21914.45,225585,225570,225580,0,0.49424242424176207,False
225645,2024-03-19 13:07:00,1,21949.35,225618,225548,225613,6,-0.7606060606057153,False
225698,2024-03-19 14:00:00,-1,21920.5,225646,225607,225641,0,-1.678181818181056,False
225698,2024-03-19 14:00:00,-1,21925.0,225662,225623,225657,1,-1.678181818181056,True
225759,2024-03-19 15:01:00,-1,21894.3,225751,225727,225746,0,-1.2054545454546821,False
225797,2024-03-20 09:24:00,1,21952.0,225644,225630,225639,11,1.8757575757575808,True
225797,2024-03-20 09:24:00,1,21952.0,225696,225645,225691,3,1.8757575757575808,True
225835,2024-03-20 10:02:00,-1,21868.3,225777,225715,225772,0,-4.773333333332195,False
225876,2024-03-20 10:43:00,-1,21828.95,225873,225858,225868,0,-0.3372727272719699,False
225917,2024-03-20 11:24:00,-1,21850.0,225915,225899,225910,1,-1.1803030303040651,True
225970,2024-03-20 12:17:00,1,21950.0,225943,225823,225938,0,1.2118181818186105,False
226004,2024-03-20 12:51:00,1,21960.0,225804,225680,225799,5,0.11848484848350865,True
226004,2024-03-20 12:51:00,1,21961.65,225820,225538,225815,3,0.11848484848350865,True
226023,2024-03-20 13:10:00,1,21968.45,225976,225470,225971,0,2.7403030303035085,False
226063,2024-03-20 13:50:00,-1,21930.0,226020,225985,226015,0,-1.713333333331857,False
226099,2024-03-20 14:26:00,-1,21902.65,226090,225965,226085,5,-4.6715151515157265,True
226152,2024-03-20 15:19:00,1,21918.0,226138,226125,226133,4,0.5039393939396103,True
226163,2024-03-21 09:15:00,1,21923.9,226157,226118,226152,0,7.101515151515512,False
226212,2024-03-21 10:04:00,1,22091.95,226200,226184,226195,0,0.5833333333339145,False
226270,2024-03-21 11:02:00,1,22135.0,226254,226241,226249,1,0.7775757575752614,True
226307,2024-03-21 11:39:00,-1,22115.5,226256,226238,226251,2,-1.1275757575760306,True
226385,2024-03-21 12:57:00,1,22076.0,226378,226366,226373,1,1.5563636363642352,True
226532,2024-03-21 15:24:00,1,22111.45,226529,226315,226524,0,0.07000000000060781,False
226538,2024-03-22 09:15:00,-1,22053.25,226447,226379,226442,0,-1.519393939392641,False
226538,2024-03-22 09:15:00,-1,22074.15,226514,226476,226509,0,-1.519393939392641,False
226673,2024-03-22 11:30:00,1,22149.0,226281,226269,226276,2,0.1436363636371299,True
226673,2024-03-22 11:30:00,1,22149.0,226669,226623,226664,0,0.1436363636371299,False
226718,2024-03-22 12:15:00,-1,22140.0,226714,226691,226709,1,-0.723939393939834,True
226797,2024-03-22 13:34:00,-1,22165.2,226791,226780,226786,0,0.4403030303031681,False
226798,2024-03-22 13:35:00,-1,22157.15,226775,226763,226770,0,-0.3027272727278482,False
226831,2024-03-22 14:08:00,1,22183.4,226826,226794,226821,0,1.1781818181827466,False
226913,2024-03-26 09:15:00,-1,22136.1,226747,226735,226742,2,-0.30090909090909995,True
226913,2024-03-26 09:15:00,-1,22136.5,226909,226897,226904,0,-0.30090909090909995,False
226924,2024-03-26 09:26:00,-1,22101.45,226649,226629,226644,10,0.08909090908988826,False
227044,2024-03-26 11:26:00,1,22109.6,227028,227008,227023,4,1.0848484848492954,True
227091,2024-03-26 12:13:00,-1,22087.85,227026,227012,227021,2,-2.807575757575629,True
227130,2024-03-26 12:52:00,1,22134.0,227110,226988,227105,1,1.1315151515152828,True
227183,2024-03-26 13:45:00,-1,22109.55,227182,227111,227177,0,-0.8730303030294772,False
227234,2024-03-26 14:36:00,-1,22103.4,227220,227193,227215,1,-1.893636363635581,True
227246,2024-03-26 14:48:00,-1,22084.6,227241,227005,227236,0,-0.05848484848406995,False
227302,2024-03-27 09:29:00,1,22125.45,227293,227226,227288,2,4.000303030303591,True
227331,2024-03-27 09:58:00,1,22162.15,227323,227311,227318,1,0.8587878787874941,True
227397,2024-03-27 11:04:00,1,22205.0,227381,227368,227376,0,1.234848484848762,False
227403,2024-03-27 11:10:00,-1,22181.0,227389,227363,227384,0,-0.07848484848469528,False
227464,2024-03-27 12:11:00,-1,22171.5,227462,227404,227457,1,-0.6890909090908289,True
227637,2024-03-27 15:04:00,-1,22162.6,227491,227464,227486,1,-2.8754545454545144,True
227667,2024-03-28 09:19:00,1,22207.0,227566,227397,227561,0,0.6215151515154437,False
227667,2024-03-28 09:19:00,1,22201.1,227598,227581,227593,1,0.6215151515154437,True
227668,2024-03-28 09:20:00,1,22210.0,227359,227343,227354,1,1.2560606060612922,True
227823,2024-03-28 11:55:00,-1,22365.0,227808,227784,227803,0,0.49696969697026777,False
227863,2024-03-28 12:35:00,1,22382.75,227825,227811,227820,2,0.8084848484838729,True
227931,2024-03-28 13:43:00,-1,22426.0,227923,227908,227918,4,-1.2624242424238394,True
227941,2024-03-28 13:53:00,1,22449.45,227931,227915,227926,0,1.1212121212125672,False
227955,2024-03-28 14:07:00,1,22466.3,227946,227865,227941,1,1.1084848484856513,True
227993,2024-03-28 14:45:00,-1,22503.15,227989,227973,227984,0,0.39090909090910436,False
228010,2024-03-28 15:02:00,-1,22418.1,227936,227887,227931,1,-7.48515151515118,True
228015,2024-03-28 15:07:00,-1,22335.0,227835,227823,227830,0,-11.967272727273052,False
228015,2024-03-28 15:07:00,-1,22338.1,227852,227841,227847,0,-11.967272727273052,False
228254,2024-04-01 12:51:00,-1,22593.2,228223,228198,228218,0,-0.6969696969695,False
228268,2024-04-01 13:05:00,-1,22585.0,228263,228187,228258,1,0.16818181818267722,False
228366,2024-04-01 14:43:00,-1,22580.0,228320,228286,228315,0,-0.6239393939390139,False
228397,2024-04-01 15:14:00,1,22604.2,228360,228345,228355,2,1.5042424242426276,True
228496,2024-04-02 10:38:00,-1,22533.5,228489,228475,228484,0,0.09484848484824185,False
228535,2024-04-02 11:17:00,1,22557.45,228528,228469,228523,1,1.2460606060608086,True
228615,2024-04-02 12:37:00,1,22559.95,228603,228568,228598,0,0.9081818181816435,False
228643,2024-04-02 13:05:00,-1,22543.25,228610,228565,228605,2,-0.6024242424249918,True
228655,2024-04-02 13:17:00,-1,22538.0,228555,228529,228550,4,-0.47909090908981017,True
228655,2024-04-02 13:17:00,-1,22540.0,228584,228543,228579,5,-0.47909090908981017,True
228729,2024-04-02 14:31:00,1,22561.0,228690,228632,228685,1,0.5303030303035274,True
228730,2024-04-02 14:32:00,1,22565.8,228623,228460,228618,1,1.2284848484861655,True
228879,2024-04-03 10:46:00,-1,22530.5,228875,228851,228870,0,-0.05151515151379031,False
228909,2024-04-03 11:16:00,1,22548.85,228880,228865,228875,1,0.6475757575755515,True
228968,2024-04-03 12:15:00,1,22581.2,228784,228772,228779,1,2.8127272727287695,True
228996,2024-04-03 12:43:00,1,22599.0,228990,228969,228985,1,0.41999999999959187,True
228998,2024-04-03 12:45:00,1,22612.0,228335,228226,228330,8,2.226969696970767,True
228998,2024-04-03 12:45:00,1,22611.5,228435,228412,228430,0,2.226969696970767,False
228999,2024-04-03 12:46:00,1,22614.9,228298,228203,228293,2,3.0069696969704762,True
229066,2024-04-03 13:53:00,-1,22590.55,229052,229038,229047,0,-0.15484848484811367,False
229134,2024-04-03 15:01:00,-1,22552.05,229118,229074,229113,5,-0.1469696969694304,True
229135,2024-04-03 15:02:00,-1,22550.0,229134,228958,229129,0,-1.5293939393931748,False
229163,2024-04-04 09:15:00,1,22635.15,228111,228100,228106,0,6.194848484848717,False
229163,2024-04-04 09:15:00,1,22630.6,229010,228118,229005,0,6.194848484848717,False
229163,2024-04-04 09:15:00,1,22605.5,229094,229063,229089,0,6.194848484848717,False
229163,2024-04-04 09:15:00,1,22575.85,229138,229126,229133,0,6.194848484848717,False
229164,2024-04-04 09:16:00,1,22647.0,228084,228059,228079,1,10.113030303031186,True
229201,2024-04-04 09:53:00,-1,22532.65,229160,229148,229155,0,-0.883333333333375,False
229260,2024-04-04 10:52:00,-1,22473.0,229227,228833,229222,0,-1.213636363636455,False
229260,2024-04-04 10:52:00,-1,22511.65,229251,229239,229246,0,-1.213636363636455,False
229371,2024-04-04 12:43:00,1,22542.0,229254,229215,229249,2,3.2200000000003577,True
229492,2024-04-04 14:44:00,1,22648.85,229486,229451,229481,1,0.9066666666665315,True
229653,2024-04-05 11:10:00,1,22575.0,229639,229623,229634,5,0.45939393939396883,True
229665,2024-04-05 11:22:00,-1,22551.0,229624,229611,229619,0,-1.5424242424246604,False
229726,2024-04-05 12:23:00,1,22580.0,229704,229682,229699,3,0.44121212121120684,True
229748,2024-04-05 12:45:00,-1,22567.75,229738,229719,229733,1,-1.4642424242428818,True
229823,2024-04-05 14:00:00,1,22583.05,229761,229739,229756,0,0.8699999999999936,False
229860,2024-04-05 14:37:00,-1,22557.0,229816,229803,229811,0,-0.5433333333332826,False
230015,2024-04-08 10:57:00,1,22705.35,229999,229937,229994,0,0.8733333333338578,False
230040,2024-04-08 11:22:00,1,22707.75,230020,229973,230015,0,0.7118181818187422,False
230058,2024-04-08 11:40:00,1,22712.6,230055,230040,230050,2,0.48727272727301724,True
230140,2024-04-08 13:02:00,1,22747.9,230133,230122,230128,3,1.0115151515147651,True
230166,2024-04-08 13:28:00,-1,22735.5,230135,230123,230130,1,-2.2987878787869205,True
230288,2024-04-09 09:15:00,1,22756.2,230275,230258,230270,3,2.28424242424326,True
230405,2024-04-09 11:12:00,-1,22823.95,230398,230383,230393,2,-0.9348484848475505,True
230532,2024-04-09 13:19:00,-1,22751.0,230497,230298,230492,0,-1.902424242423907,False
230581,2024-04-09 14:08:00,-1,22732.0,230574,230259,230569,3,-1.4427272727278917,True
230587,2024-04-09 14:14:00,-1,22711.0,230172,230085,230167,0,-1.8775757575757448,False
230663,2024-04-10 09:15:00,1,22765.75,230602,230549,230597,0,1.2048484848483896,False
230876,2024-04-10 12:48:00,-1,22767.65,230859,230826,230854,1,-0.7839393939393705,True
230890,2024-04-10 13:02:00,1,22780.0,230887,230868,230882,0,0.5124242424253828,False
230891,2024-04-10 13:03:00,1,22781.85,230864,230833,230859,0,0.7948484848495055,False
230910,2024-04-10 13:22:00,1,22795.0,230515,230504,230510,4,0.2096969696979729,True
230910,2024-04-10 13:22:00,1,22794.0,230687,230517,230682,4,0.2096969696979729,True
230910,2024-04-10 13:22:00,1,22794.9,230778,230699,230773,0,0.2096969696979729,False
230932,2024-04-10 13:44:00,1,22808.45,230925,230912,230920,0,0.7160606060598964,False
230972,2024-04-10 14:24:00,1,22807.75,230963,230949,230958,3,0.9909090909103984,True
231038,2024-04-12 09:15:00,-1,22755.25,230718,230701,230713,4,-4.238787878788236,True
231038,2024-04-12 09:15:00,-1,22795.05,230967,230951,230962,0,-4.238787878788236,False
231076,2024-04-12 09:53:00,-1,22700.5,230593,230053,230588,8,-1.573939393938875,True
231092,2024-04-12 10:09:00,-1,22693.0,231072,230035,231067,2,-0.8375757575756331,True
231127,2024-04-12 10:44:00,1,22719.1,231120,231075,231115,3,0.7393939393938785,True
231200,2024-04-12 11:57:00,1,22749.0,231195,231163,231190,1,0.7545454545459257,True
231221,2024-04-12 12:18:00,-1,22680.85,231097,229984,231092,0,-4.554242424242005,False
231368,2024-04-12 14:45:00,-1,22606.25,231350,231338,231345,1,-2.083030303029899,True
231413,2024-04-15 09:15:00,-1,22590.0,231401,231384,231396,0,-7.471212121210804,False
231509,2024-04-15 10:51:00,1,22481.0,231489,231464,231484,3,2.1281818181817362,True
231569,2024-04-15 11:51:00,-1,22450.0,231502,231491,231497,1,-2.1357575757565286,True
231746,2024-04-15 14:48:00,-1,22364.85,231738,231438,231733,1,-3.128484848484506,True
231855,2024-04-16 10:22:00,-1,22210.05,231829,231805,231824,1,-2.137575757576662,True
231939,2024-04-16 11:46:00,-1,22217.0,231902,231879,231897,1,-0.8130303030307992,True
232163,2024-04-18 09:15:00,1,22249.8,231847,231811,231842,0,2.285454545454452,False
232432,2024-04-18 13:44:00,-1,22145.85,232431,232127,232426,0,-9.444242424243216,False
232481,2024-04-18 14:33:00,-1,22151.0,232463,232446,232458,2,-2.3930303030297084,True
232487,2024-04-18 14:39:00,-1,22134.35,232437,232418,232432,5,-2.902121212121125,True
232584,2024-04-19 10:01:00,1,21893.0,232576,232558,232571,0,1.291515151516188,False
232664,2024-04-19 11:21:00,1,21888.0,232661,232638,232656,0,0.6836363636360598,False
232670,2024-04-19 11:27:00,1,21907.5,232602,232591,232597,1,2.5439393939395707,True
233073,2024-04-22 11:55:00,1,22298.4,233064,233052,233059,2,1.082121212121655,True
233136,2024-04-22 12:58:00,-1,22260.15,233111,233035,233106,1,-1.12969696969612,True
233215,2024-04-22 14:17:00,1,22290.0,233201,233111,233196,5,0.24424242424267795,True
233228,2024-04-22 14:30:00,-1,22274.85,233227,233213,233222,0,-0.4100000000007042,False
233238,2024-04-22 14:40:00,1,22298.8,233223,233207,233218,0,2.4515151515149407,False
233250,2024-04-22 14:52:00,1,22330.0,232400,232384,232395,5,1.5121212121213357,True
233462,2024-04-23 12:09:00,1,22403.95,233458,233358,233453,0,0.2975757575764552,False
233525,2024-04-23 13:12:00,-1,22370.0,233447,233434,233442,0,-2.568181818181018,False
233641,2024-04-23 15:08:00,-1,22370.55,233639,233583,233634,0,-3.4006060606056776,False
233658,2024-04-23 15:25:00,-1,22360.0,233656,233644,233651,1,-1.2669696969693867,True
233661,2024-04-23 15:28:00,-1,22350.95,233537,233397,233532,2,-1.9790909090912832,True
233663,2024-04-24 09:15:00,1,22413.0,233638,233494,233633,0,0.9948484848489467,False
233727,2024-04-24 10:19:00,1,22455.0,233724,233701,233719,2,0.393636363636394,True
233820,2024-04-24 11:52:00,-1,22456.55,233818,233784,233813,1,-0.6390909090913164,True
233977,2024-04-24 14:29:00,-1,22441.0,233962,233713,233957,0,-1.457272727271273,False
233982,2024-04-24 14:34:00,-1,22405.1,233686,233671,233681,1,-2.7266666666671586,True
234039,2024-04-25 09:16:00,-1,22345.05,233665,233382,233660,1,-6.815454545453965,True
234096,2024-04-25 10:13:00,1,22460.35,233974,233953,233969,0,0.877272727272622,False
234097,2024-04-25 10:14:00,1,22469.2,233914,233883,233909,1,2.9836363636361045,True
234100,2024-04-25 10:17:00,1,22474.0,233861,233844,233856,4,6.51242424242462,True
234101,2024-04-25 10:18:00,1,22476.0,233803,233776,233798,8,7.100606060607232,True
234307,2024-04-25 13:44:00,1,22483.9,234286,234267,234281,0,1.9957575757586736,False
234357,2024-04-25 14:34:00,1,22625.4,234349,234329,234344,0,-0.8409090909099749,False
234390,2024-04-25 15:07:00,-1,22589.0,234372,234354,234367,3,-3.2781818181817513,True
234609,2024-04-26 12:31:00,-1,22612.0,234499,234486,234494,0,-1.301515151515603,False
234609,2024-04-26 12:31:00,-1,22615.0,234584,234526,234579,0,-1.301515151515603,False
234657,2024-04-26 13:19:00,-1,22605.0,234626,234610,234621,5,-0.9736363636348905,True
234657,2024-04-26 13:19:00,-1,22604.0,234644,234628,234639,1,-0.9736363636348905,True
234763,2024-04-26 15:05:00,-1,22545.0,234696,234674,234691,3,-2.59181818181723,True
234907,2024-04-29 11:14:00,1,22660.0,234905,234888,234900,0,0.6848484848484813,False
235008,2024-04-29 12:55:00,1,22686.0,235001,234977,234996,1,0.42060606060594713,True
235012,2024-04-29 12:59:00,1,22687.8,234967,234955,234962,3,0.7224242424247669,True
235036,2024-04-29 13:23:00,1,22699.0,235031,234438,235026,1,0.9427272727279179,True
235096,2024-04-29 14:23:00,1,22738.5,235077,235058,235072,4,1.8978787878788925,True
235246,2024-04-30 10:38:00,1,22824.0,235241,235228,235236,4,0.8509090909091132,True
235259,2024-04-30 10:51:00,1,22838.0,235256,235211,235251,2,0.5903030303027222,True
235330,2024-04-30 12:02:00,1,22820.0,235300,235283,235295,3,2.303030303031135,True
235330,2024-04-30 12:02:00,1,22820.25,235315,235304,235310,0,2.303030303031135,False
235369,2024-04-30 12:41:00,-1,22811.25,235356,235334,235351,0,-1.569090909089508,False
235403,2024-04-30 13:15:00,-1,22795.0,235325,235288,235320,2,-0.9845454545463586,True
235433,2024-04-30 13:45:00,1,22825.0,235424,235379,235419,6,0.57727272727323,True
235496,2024-04-30 14:48:00,-1,22785.65,235279,235218,235274,0,-1.8815151515136188,False
235514,2024-04-30 15:06:00,-1,22715.45,235068,235044,235063,3,-5.6766666666665015,True
235514,2024-04-30 15:06:00,-1,22719.65,235094,235083,235089,6,-5.6766666666665015,True
235567,2024-05-02 09:44:00,1,22740.0,235543,235519,235538,3,1.5521212121208037,True
235567,2024-05-02 09:44:00,1,22740.1,235559,235548,235554,0,1.5521212121208037,False
235636,2024-05-02 10:53:00,1,22778.0,235632,235614,235627,0,-0.37727272727266736,False
235749,2024-05-02 12:46:00,-1,22764.4,235734,235688,235729,0,-0.4266666666662035,False
235772,2024-05-02 13:09:00,1,22781.9,235771,235748,235766,0,-0.0821212121210331,False
235789,2024-05-02 13:26:00,1,22792.0,235723,235709,235718,1,1.8333333333345896,True
235795,2024-05-02 13:32:00,1,22797.35,235688,235676,235683,4,0.8084848484849348,True
235842,2024-05-02 14:19:00,-1,22770.1,235832,235780,235827,1,-1.932424242424305,True
235875,2024-05-02 14:52:00,1,22779.4,235874,235855,235869,0,1.9000000000006385,False
235913,2024-05-03 09:15:00,1,22850.0,235473,235450,235468,0,4.6666666666671786,False
235963,2024-05-03 10:05:00,-1,22861.7,235955,235940,235950,0,-0.902727272727864,False
235998,2024-05-03 10:40:00,-1,22750.9,235848,235749,235843,6,-1.8442424242422155,True
235998,2024-05-03 10:40:00,-1,22750.2,235872,235851,235867,0,-1.8442424242422155,False
235998,2024-05-03 10:40:00,-1,22760.9,235903,235884,235898,0,-1.8442424242422155,False
236037,2024-05-03 11:19:00,-1,22707.7,235579,235551,235574,0,-2.411515151515287,False
236040,2024-05-03 11:22:00,-1,22678.55,235023,235011,235018,0,-5.757272727271863,False
236048,2024-05-03 11:30:00,-1,22670.0,236045,234990,236040,1,-1.4875757575764383,True
236049,2024-05-03 11:31:00,-1,22655.85,234973,234949,234968,1,-1.8681818181806542,True
236100,2024-05-03 12:22:00,1,22629.0,236090,236079,236085,2,2.2933333333334094,True
236166,2024-05-03 13:28:00,1,22554.0,236157,236145,236152,1,1.0460606060606508,True
236341,2024-05-06 10:08:00,-1,22542.2,236321,236247,236316,1,-1.0357575757582962,True
236354,2024-05-06 10:21:00,1,22574.4,236353,236339,236348,0,-0.6530303030300229,False
236372,2024-05-06 10:39:00,1,22598.55,236333,236318,236328,1,0.3748484848488628,True
236415,2024-05-06 11:22:00,-1,22590.6,236413,236379,236408,0,0.06060606060605613,False
236534,2024-05-06 13:21:00,-1,22537.0,236533,236351,236528,0,-0.8330303030293565,False
236619,2024-05-06 14:46:00,1,22574.0,236573,236556,236568,0,3.9245454545459246,False
236697,2024-05-07 09:49:00,-1,22534.0,236693,236670,236688,0,1.6169696969710192,False
236707,2024-05-07 09:59:00,-1,22510.0,236613,236544,236608,4,-1.3666666666662102,True
236729,2024-05-07 10:21:00,-1,22467.85,236717,236190,236712,1,-2.6730303030306217,True
236926,2024-05-07 13:38:00,1,22394.0,236828,236815,236823,0,2.367575757574655,False
237038,2024-05-08 09:15:00,-1,22315.7,236902,236883,236897,2,-2.338787878788633,True
237069,2024-05-08 09:46:00,1,22360.9,237068,237056,237063,0,0.7884848484853872,False
237139,2024-05-08 10:56:00,1,22325.4,237136,237123,237131,1,-0.23212121212197473,False
237190,2024-05-08 11:47:00,1,22417.5,236993,236953,236988,1,2.101818181818488,True
237190,2024-05-08 11:47:00,1,22406.1,237097,237006,237092,0,2.101818181818488,False
237211,2024-05-08 12:08:00,1,22430.75,237208,236778,237203,1,0.11606060606177539,True
237212,2024-05-08 12:09:00,1,22441.4,237196,236767,237191,1,1.4109090909106499,True
237287,2024-05-08 13:24:00,1,22479.8,237259,237224,237254,2,0.07363636363604095,True
237311,2024-05-08 13:48:00,-1,22400.0,237305,237197,237300,0,-2.292121212121202,False
237413,2024-05-09 09:15:00,-1,22383.7,237405,237390,237400,0,-0.800909090909257,False
237456,2024-05-09 09:58:00,-1,22326.4,237432,237153,237427,4,0.770606060606957,False
237470,2024-05-09 10:12:00,-1,22316.7,237467,237437,237462,0,0.09727272727359797,False
237479,2024-05-09 10:21:00,-1,22288.15,237120,237040,237115,0,-1.7439393939396846,False
237479,2024-05-09 10:21:00,-1,22301.15,237140,237126,237135,5,-1.7439393939396846,True
237553,2024-05-09 11:35:00,1,22244.0,237550,237533,237545,2,0.29878787878842483,True
237564,2024-05-09 11:46:00,1,22268.15,237563,237493,237558,0,1.7309090909093874,False
237685,2024-05-09 13:47:00,1,22168.0,237675,237657,237670,2,0.800000000000196,True
237979,2024-05-10 12:26:00,-1,22108.0,237956,237896,237951,3,-0.18242424242351687,True
237979,2024-05-10 12:26:00,-1,22105.3,237977,237813,237972,0,-0.18242424242351687,False
238008,2024-05-10 12:55:00,-1,22088.0,238005,237979,238000,1,-0.6615151515158194,True
238064,2024-05-10 13:51:00,1,22138.8,237968,237954,237963,0,0.47272727272767856,False
238064,2024-05-10 13:51:00,1,22132.0,237996,237975,237991,1,0.47272727272767856,True
238102,2024-05-10 14:29:00,-1,22093.1,238091,238050,238086,7,-1.3842424242428615,True
238412,2024-05-13 13:24:00,-1,22045.0,238352,238327,238347,0,-6.652727272727008,False
238480,2024-05-13 14:32:00,1,22214.0,238471,238448,238466,0,4.319696969696877,False
238508,2024-05-13 15:00:00,-1,22197.0,238503,238489,238498,0,0.7454545454551629,False
238511,2024-05-13 15:03:00,-1,22166.0,238477,238458,238472,1,-4.078181818181552,True
238537,2024-05-13 15:29:00,1,22222.0,238492,238480,238487,6,1.2230303030302052,True
238627,2024-05-14 10:44:00,1,22228.95,238622,238565,238617,0,0.6360606060603162,False
238724,2024-05-14 12:21:00,-1,22249.65,238704,238689,238699,3,-1.8403030303032182,True
238755,2024-05-14 12:52:00,1,22289.0,238754,238743,238749,0,1.177272727272571,False
238796,2024-05-14 13:33:00,1,22327.7,238779,238760,238774,0,2.5118181818176026,False
238884,2024-05-14 15:01:00,-1,22311.4,238875,238861,238870,1,-1.5324242424235108,True
238941,2024-05-15 09:43:00,1,22350.7,238921,238850,238916,4,2.7530303030305343,True
238958,2024-05-15 10:00:00,-1,22307.0,238915,238902,238910,0,-4.346060606059972,False
238962,2024-05-15 10:04:00,-1,22282.95,238891,238783,238886,2,-9.563333333332883,True
238975,2024-05-15 10:17:00,-1,22233.0,238972,238677,238967,2,-1.8757575757574094,True
239043,2024-05-15 11:25:00,-1,22296.4,239042,239028,239037,0,-0.7854545454546671,False
239155,2024-05-15 13:17:00,-1,22246.9,239142,239127,239137,3,-1.3360606060604445,True
239246,2024-05-15 14:48:00,1,22288.8,239123,239088,239118,2,0.21454545454491172,True
239246,2024-05-15 14:48:00,1,22285.0,239150,239110,239145,5,0.21454545454491172,True
239288,2024-05-16 09:15:00,1,22320.0,239263,239035,239258,0,3.930909090909511,False
239343,2024-05-16 10:10:00,1,22357.9,239326,239315,239321,3,2.679393939393575,True
239354,2024-05-16 10:21:00,-1,22325.0,239343,239324,239338,1,-3.0393939393938867,True
239381,2024-05-16 10:48:00,-1,22275.45,239292,239277,239287,1,-1.4787878787875777,True
239382,2024-05-16 10:49:00,-1,22263.95,239269,239242,239264,1,-3.678181818180933,True
239409,2024-05-16 11:16:00,-1,22242.9,239229,239203,239224,6,-2.7906060606057,True
239512,2024-05-16 12:59:00,-1,22245.05,239492,239446,239487,1,-2.3199999999983847,True
239529,2024-05-16 13:16:00,-1,22210.0,238642,238625,238637,9,-0.9687878787876923,True
239547,2024-05-16 13:34:00,-1,22170.0,238594,238548,238589,3,-1.4121212121206874,True
239560,2024-05-16 13:47:00,-1,22161.75,238601,238509,238596,4,-1.8839393939389892,True
239613,2024-05-16 14:40:00,1,22288.9,239504,239493,239499,0,3.2527272727276677,False
239733,2024-05-17 10:25:00,1,22479.0,239718,239707,239713,0,1.2645454545452646,False
239913,2024-05-17 13:25:00,1,22517.9,239911,239900,239906,1,0.6463636363631858,True
239922,2024-05-17 13:34:00,1,22529.65,239860,239780,239855,5,-1.3460606060589184,False
239922,2024-05-17 13:34:00,1,22529.0,239874,239861,239869,0,-1.3460606060589184,False
240009,2024-05-17 15:01:00,-1,22483.0,239895,239796,239890,1,-1.4733333333329097,True
240055,2024-05-18 09:32:00,1,22525.65,240029,239988,240024,6,0.3290909090906802,True
240080,2024-05-18 09:57:00,1,22528.25,240062,239974,240057,2,-0.13818181818184735,False
240106,2024-05-18 11:53:00,1,22539.9,240099,239961,240094,5,0.6360606060598715,True
240125,2024-05-18 12:12:00,1,22546.0,240115,239922,240110,0,0.32575757575780045,False
240144,2024-05-21 09:15:00,1,22549.0,240132,240083,240127,1,-2.2378787878791853,False
240176,2024-05-21 09:47:00,1,22543.45,240174,240162,240169,1,1.4869696969692754,True
240246,2024-05-21 10:57:00,1,22549.55,240199,240176,240194,1,1.225151515151136,True
240254,2024-05-21 11:05:00,1,22570.3,240156,240144,240151,2,2.8960606060622567,True
240293,2024-05-21 11:44:00,1,22589.65,240280,240265,240275,3,1.926363636364217,True
240449,2024-05-21 14:20:00,-1,22619.85,240448,240393,240443,0,-0.8057575757578732,False
240534,2024-05-22 09:30:00,1,22631.3,240524,240494,240519,5,1.197575757574891,True
240547,2024-05-22 09:43:00,-1,22591.0,240523,240489,240518,0,-2.3778787878789975,False
240549,2024-05-22 09:45:00,-1,22566.25,240278,240259,240273,1,-7.221515151514613,True
240699,2024-05-22 12:15:00,1,22628.9,240682,240654,240677,8,-0.0869696969701387,False
240702,2024-05-22 12:18:00,1,22650.85,240623,240434,240618,0,1.8063636363635298,False
240774,2024-05-22 13:30:00,1,22653.5,240707,240403,240702,0,-0.05484848484844228,False
240845,2024-05-22 14:41:00,1,22663.75,240835,240821,240830,1,0.28212121212097474,True
240859,2024-05-22 14:55:00,-1,22633.35,240819,240784,240814,0,-1.7266666666676234,False
240861,2024-05-22 14:57:00,-1,22621.8,240736,240722,240731,2,-4.254848484848144,True
240861,2024-05-22 14:57:00,-1,22623.7,240759,240742,240754,2,-4.254848484848144,True
240909,2024-05-23 09:30:00,-1,22656.45,240905,240894,240900,1,-0.590303030303419,True
240913,2024-05-23 09:34:00,1,22682.95,240900,240808,240895,0,-1.6121212121209054,False
241037,2024-05-23 11:38:00,1,22773.55,241026,241003,241021,5,0.2693939393945118,True
241169,2024-05-23 13:50:00,1,22894.9,241124,241105,241119,4,0.28848484848492656,True
241276,2024-05-24 09:22:00,1,23021.95,241261,241249,241256,2,3.440606060606374,True
241367,2024-05-24 10:53:00,1,23010.0,241364,241338,241359,1,0.328484848484931,True
241472,2024-05-24 12:38:00,1,23024.8,241427,241402,241422,2,1.6239393939411382,True
241480,2024-05-24 12:46:00,1,23030.0,241391,241377,241386,7,0.588787878788504,True
241572,2024-05-24 14:18:00,1,23071.0,241529,241497,241524,3,1.0096969696972586,True
241572,2024-05-24 14:18:00,1,23071.05,241548,241534,241543,1,1.0096969696972586,True
241864,2024-05-27 12:55:00,-1,23153.05,241859,241836,241854,0,-1.4378787878787955,False
241988,2024-05-27 14:59:00,-1,22989.2,241451,241364,241446,7,-6.6884848484845465,True
242071,2024-05-28 10:07:00,-1,22976.0,242068,242040,242063,0,-0.5327272727271524,False
242073,2024-05-28 10:09:00,-1,22970.0,242024,241997,242019,0,-2.7560606060614643,False
242085,2024-05-28 10:21:00,1,23013.85,242057,242043,242052,2,4.397272727272392,True
242088,2024-05-28 10:24:00,1,23024.9,242039,242009,242034,3,3.9245454545458074,True
242089,2024-05-28 10:25:00,1,23031.5,242024,241992,242019,1,3.8045454545443382,True
242191,2024-05-28 12:07:00,1,22987.7,242190,242179,242185,0,2.0193939393951776,False
242204,2024-05-28 12:20:00,-1,22962.55,242188,242155,242183,0,-1.900000000000304,False
242265,2024-05-28 13:21:00,1,22995.35,242245,242193,242240,1,2.6518181818180304,True
242386,2024-05-28 15:22:00,-1,22928.2,242369,242234,242364,1,-0.7860606060600992,True
242394,2024-05-29 09:15:00,-1,22913.05,242228,241211,242223,0,-3.9030303030296007,False
242394,2024-05-29 09:15:00,-1,22922.05,242393,242343,242388,0,-3.9030303030296007,False
242723,2024-05-29 14:44:00,-1,22751.1,242592,242562,242587,2,-3.760606060605898,True
242724,2024-05-29 14:45:00,-1,22736.0,242551,242535,242546,0,-4.577272727271383,False
242920,2024-05-30 11:46:00,1,22558.05,242916,242902,242911,0,-0.6209090909084332,False
242992,2024-05-30 12:58:00,1,22590.0,242987,242867,242982,1,0.670909090909922,True
243022,2024-05-30 13:28:00,-1,22546.0,242956,242929,242951,1,-1.4215151515150684,True
243030,2024-05-30 13:36:00,-1,22533.45,242922,242896,242917,1,-1.0384848484845057,True
243248,2024-05-31 10:59:00,-1,22644.1,243216,243197,243211,2,-2.4193939393943062,True
243389,2024-05-31 13:20:00,1,22686.0,243297,243236,243292,0,1.5139393939396,False
243430,2024-05-31 14:01:00,1,22760.0,243174,243162,243169,0,2.4509090909100015,False
243600,2024-06-03 10:36:00,-1,23279.8,243596,243569,243591,0,-0.21000000000001678,False
243667,2024-06-03 11:43:00,1,23319.9,243599,243587,243594,3,0.7539393939395491,True
243678,2024-06-03 11:54:00,1,23329.25,243677,243575,243672,0,-0.4618181818178476,False
243784,2024-06-03 13:40:00,-1,23341.1,243730,243702,243725,1,-2.0948484848488595,True
243878,2024-06-03 15:14:00,1,23399.0,243853,243813,243848,1,3.9584848484856057,True
243894,2024-06-04 09:15:00,-1,23294.9,243790,243659,243785,0,-11.929393939393265,False
243908,2024-06-04 09:29:00,-1,22616.0,243361,243346,243356,0,-25.903030303029382,False
244202,2024-06-04 14:23:00,-1,21981.3,244191,244150,244186,2,-11.747575757575925,True
244236,2024-06-04 14:57:00,-1,21912.35,244220,244203,244215,0,-5.623030303029297,False
244362,2024-06-05 10:48:00,1,22154.4,244275,244211,244270,0,5.2306060606063,False
244385,2024-06-05 11:11:00,1,22381.65,244041,244023,244036,0,11.833030303031064,False
244498,2024-06-05 13:04:00,1,22395.4,244495,244471,244490,0,1.2445454545456383,False
244748,2024-06-06 10:59:00,1,22939.05,244731,243953,244726,4,-0.7721212121197614,False
244783,2024-06-06 11:34:00,-1,22896.6,244749,244731,244744,0,-3.488181818181998,False
244872,2024-06-06 13:03:00,-1,22774.95,244859,244824,244854,1,-3.1909090909092717,True
244949,2024-06-06 14:20:00,-1,22811.15,244940,244921,244935,0,-2.0566666666662776,False
245046,2024-06-07 09:42:00,1,22974.0,244772,244761,244767,9,0.892727272727074,True
245057,2024-06-07 09:53:00,-1,22941.1,245046,245034,245041,0,-1.9212121212111692,False
245130,2024-06-07 11:06:00,1,23088.0,245127,245104,245122,0,-0.1712121212115407,False
245223,2024-06-07 12:39:00,1,23219.9,245219,245206,245214,0,-1.0221212121198548,False
245267,2024-06-07 13:23:00,-1,23184.0,245253,245221,245248,0,-0.21424242424183565,False
245281,2024-06-07 13:37:00,1,23225.0,245262,245251,245257,0,2.2566666666670323,False
245394,2024-06-10 09:15:00,1,23341.15,245369,245357,245364,4,0.988787878788469,True
245439,2024-06-10 10:00:00,-1,23260.0,245335,245318,245330,5,-2.3030303030305443,True
245558,2024-06-10 11:59:00,-1,23331.0,245542,245519,245537,0,-1.1384848484843824,False
245567,2024-06-10 12:08:00,-1,23325.0,245563,245511,245558,2,-0.9124242424234785,True
245678,2024-06-10 13:59:00,1,23375.0,245534,245467,245529,1,2.152727272727301,True
245706,2024-06-10 14:27:00,-1,23320.2,245640,245610,245635,4,-4.374848484849446,True
245853,2024-06-11 10:39:00,1,23352.5,245838,245827,245833,5,2.3387878787874117,True
245959,2024-06-11 12:25:00,1,23368.0,245933,245887,245928,0,-0.028787878787772742,False
246074,2024-06-11 14:20:00,-1,23340.0,245944,245932,245939,1,-1.7581818181809556,True
246074,2024-06-11 14:20:00,-1,23352.95,246071,245992,246066,2,-1.7581818181809556,True
246126,2024-06-11 15:12:00,-1,23315.05,246124,245844,246119,0,-1.2200000000010138,False
246228,2024-06-12 10:39:00,1,23433.15,246198,246053,246193,0,1.6612121212125994,False
246308,2024-06-12 11:59:00,1,23454.55,246280,246261,246275,1,2.55666666666752,True
246419,2024-06-12 13:50:00,-1,23390.0,246364,246279,246359,0,-1.9090909090908985,False
246519,2024-06-13 09:15:00,1,23442.05,246345,246330,246340,0,4.660606060606212,False
246519,2024-06-13 09:15:00,1,23431.0,246380,246350,246375,0,4.660606060606212,False
246613,2024-06-13 10:49:00,-1,23388.0,246601,246571,246596,2,-1.3330303030301567,True
246637,2024-06-13 11:13:00,-1,23383.55,246630,246618,246625,0,-0.30757575757556815,False
246791,2024-06-13 13:47:00,-1,23411.4,246788,246768,246783,2,-1.0266666666659963,True
246793,2024-06-13 13:49:00,-1,23400.1,246750,246731,246745,1,-2.050606060606966,True
246820,2024-06-13 14:16:00,-1,23394.45,246801,246669,246796,0,-0.27636363636353944,False
246894,2024-06-14 09:15:00,1,23425.0,246790,246773,246785,0,-0.3260606060601676,False
246902,2024-06-14 09:23:00,-1,23385.0,246843,246829,246838,6,-1.989696969696387,True
246903,2024-06-14 09:24:00,-1,23376.95,246866,246820,246861,0,-5.079696969696523,False
246926,2024-06-14 09:47:00,1,23384.9,246922,246910,246917,0,-0.7018181818176747,False
246939,2024-06-14 10:00:00,1,23432.85,246759,246678,246754,1,2.4993939393933324,True
246939,2024-06-14 10:00:00,1,23429.0,246767,246715,246762,2,2.4993939393933324,True
246977,2024-06-14 10:38:00,1,23465.5,246971,246519,246966,2,1.1251515151509381,True
247027,2024-06-14 11:28:00,-1,23445.05,246997,246969,246992,3,-0.40272727272768444,True
247127,2024-06-14 13:08:00,1,23455.0,247124,247112,247119,2,0.1424242424246701,True
247131,2024-06-14 13:12:00,1,23463.15,247020,247005,247015,0,1.1803030303032336,False
247131,2024-06-14 13:12:00,1,23460.0,247060,247043,247055,2,1.1803030303032336,True
247210,2024-06-14 14:31:00,1,23442.85,247203,247167,247198,1,0.26909090909071015,True
247239,2024-06-14 15:00:00,1,23472.6,246954,246247,246949,1,0.5960606060589053,True
247239,2024-06-14 15:00:00,1,23471.0,247238,246979,247233,0,0.5960606060589053,False
247391,2024-06-18 11:17:00,1,23580.9,247359,247347,247354,5,1.029090909090701,True
247453,2024-06-18 12:19:00,-1,23562.05,247443,247422,247438,4,-1.2166666666660984,True
247463,2024-06-18 12:29:00,-1,23556.0,247458,247378,247453,0,0.04393939394045906,False
247570,2024-06-18 14:16:00,-1,23562.1,247557,247529,247552,1,-1.2606060606053207,True
247593,2024-06-18 14:39:00,-1,23555.0,247508,247480,247503,2,-0.5257575757564684,True
247614,2024-06-18 15:00:00,1,23564.0,247613,247600,247608,0,-0.7172727272722207,False
247634,2024-06-18 15:20:00,1,23570.3,247620,247577,247615,1,1.3439393939392854,True
247702,2024-06-19 10:13:00,-1,23551.3,247616,247596,247611,0,-0.32060606060574987,False
247702,2024-06-19 10:13:00,-1,23555.1,247665,247627,247660,0,-0.32060606060574987,False
247702,2024-06-19 10:13:00,-1,23566.15,247701,247672,247696,0,-0.32060606060574987,False
247857,2024-06-19 12:48:00,-1,23551.3,247853,247839,247848,1,-0.19181818181833596,True
247929,2024-06-19 14:00:00,1,23555.0,247889,247872,247884,0,3.4215151515154782,False
247929,2024-06-19 14:00:00,1,23548.0,247917,247901,247912,1,3.4215151515154782,True
247940,2024-06-19 14:11:00,1,23560.0,247934,247864,247929,3,1.2609090909083138,True
247950,2024-06-19 14:21:00,1,23566.0,247851,247834,247846,7,0.2669696969697837,True
247960,2024-06-19 14:31:00,1,23598.0,247958,247684,247953,0,-0.611515151514638,False
248026,2024-06-20 09:22:00,-1,23479.0,248001,247772,247996,2,-3.008181818181151,True
248060,2024-06-20 09:56:00,-1,23464.55,248047,248036,248042,3,-2.232727272727014,True
248086,2024-06-20 10:22:00,1,23517.8,248068,248045,248063,1,3.1160606060605267,True
248094,2024-06-20 10:30:00,1,23532.0,248091,248037,248086,0,1.0915151515161252,False
248124,2024-06-20 11:00:00,1,23534.25,248115,248094,248110,3,1.671818181818488,True
248215,2024-06-20 12:31:00,-1,23550.0,248200,248187,248195,3,-0.9221212121222513,True
248245,2024-06-20 13:01:00,1,23570.0,248196,248169,248191,0,0.9918181818177032,False
248302,2024-06-20 13:58:00,-1,23555.8,248263,248243,248258,0,-4.915454545454595,False
248386,2024-06-20 15:22:00,1,23586.7,248384,248366,248379,1,0.8527272727274529,True
248396,2024-06-21 09:17:00,1,23603.35,248350,248332,248345,2,1.098181818180647,True
248412,2024-06-21 09:33:00,1,23623.2,248401,248288,248396,1,1.504545454544563,True
248482,2024-06-21 10:43:00,-1,23575.95,248434,248394,248429,1,-1.801515151515655,True
248486,2024-06-21 10:47:00,-1,23547.6,248319,248304,248314,2,-6.172424242423524,True
248533,2024-06-21 11:34:00,1,23550.0,248518,248506,248513,3,0.0769696969687892,True
248595,2024-06-21 12:36:00,-1,23530.0,248524,248502,248519,2,-1.7654545454531876,True
248621,2024-06-21 13:02:00,-1,23451.25,248034,247744,248029,2,-1.0630303030298827,True
248627,2024-06-21 13:08:00,-1,23442.0,247742,247730,247737,2,-3.528787878786866,True
248670,2024-06-21 13:51:00,1,23489.6,248662,248646,248657,0,0.9148484848482856,False
248708,2024-06-21 14:29:00,-1,23460.3,248667,248650,248662,3,-12.576666666666927,True
248714,2024-06-21 14:35:00,-1,23432.0,247725,247207,247720,0,-2.70696969696887,False
248962,2024-06-24 12:28:00,1,23559.0,248958,248893,248953,0,1.2296969696964009,False
249057,2024-06-24 14:03:00,-1,23528.7,249055,249029,249050,0,-0.4575757575754653,False
249125,2024-06-24 15:11:00,1,23544.0,249078,249063,249073,4,0.9527272727277711,True
249125,2024-06-24 15:11:00,1,23545.0,249121,249082,249116,1,0.9527272727277711,True
249144,2024-06-25 09:15:00,1,23565.35,248973,248962,248968,2,2.5039393939385746,True
249144,2024-06-25 09:15:00,1,23564.0,249041,249021,249036,0,2.5039393939385746,False
249176,2024-06-25 09:47:00,1,23595.0,249157,248685,249152,4,2.693939393939068,True
249335,2024-06-25 12:26:00,1,23622.15,249184,248441,249179,1,0.9054545454545797,True
249335,2024-06-25 12:26:00,1,23619.2,249254,248469,249249,0,0.9054545454545797,False
249336,2024-06-25 12:27:00,1,23632.55,248417,248271,248412,1,2.3051515151508832,True
249438,2024-06-25 14:09:00,1,23710.0,249424,249387,249419,5,0.8593939393944463,True
249533,2024-06-26 09:29:00,-1,23693.4,249532,249483,249527,0,-0.9948484848486899,False
249580,2024-06-26 10:16:00,1,23712.75,249550,249531,249545,1,0.8506060606066451,True
249617,2024-06-26 10:53:00,1,23744.65,249517,249497,249512,2,1.6748484848494172,True
249651,2024-06-26 11:27:00,1,23806.1,249646,249630,249641,0,1.0506060606065288,False
249741,2024-06-26 12:57:00,-1,23847.0,249728,249714,249723,0,-1.6263636363628273,False
249744,2024-06-26 13:00:00,-1,23845.0,249712,249701,249707,5,-1.961818181818084,True
249745,2024-06-26 13:01:00,-1,23834.65,249693,249678,249688,1,-1.4933333333339054,True
249767,2024-06-26 13:23:00,1,23856.75,249766,249754,249761,0,1.596363636364598,False
249799,2024-06-26 13:55:00,1,23870.0,249739,249711,249734,9,0.9400000000006066,True
249799,2024-06-26 13:55:00,1,23872.65,249798,249773,249793,0,0.9400000000006066,False
249821,2024-06-26 14:17:00,1,23889.8,249820,249800,249815,0,0.8242424242420254,False
249865,2024-06-26 15:01:00,-1,23870.1,249839,249827,249834,2,-0.9603030303024155,True
249894,2024-06-27 09:15:00,-1,23850.0,249877,249788,249872,0,-2.3996969696956354,False
249895,2024-06-27 09:16:00,-1,23820.0,249753,249666,249748,1,-3.9348484848477243,True
249935,2024-06-27 09:56:00,1,23877.95,249934,249885,249929,0,0.9918181818184968,False
249972,2024-06-27 10:33:00,-1,23950.95,249968,249954,249963,0,2.3112121212135506,False
250040,2024-06-27 11:41:00,1,23946.85,250036,250016,250031,0,-0.3587878787877258,False
250118,2024-06-27 12:59:00,-1,23992.0,250104,250087,250099,1,-5.831818181818578,True
250152,2024-06-27 13:33:00,-1,23946.0,250125,250053,250120,1,-4.232727272728172,True
250403,2024-06-28 11:29:00,-1,24207.0,250400,250370,250395,0,0.06000000000107795,False
250484,2024-06-28 12:50:00,-1,24125.1,250482,250471,250477,1,-1.1451515151515672,True
250536,2024-06-28 13:42:00,1,24177.0,250530,250510,250525,0,2.247878787879778,False
250618,2024-06-28 15:04:00,-1,24143.1,250602,250529,250597,2,-6.847575757576146,True
250692,2024-07-01 10:03:00,1,24163.45,250687,250673,250682,1,0.6881818181822693,True
250834,2024-07-01 12:25:00,1,24200.0,250822,250802,250817,2,2.4342424242427594,True
250904,2024-07-01 13:35:00,1,24210.0,250875,250834,250870,2,3.034242424242996,True
251019,2024-07-02 09:15:00,1,24229.9,250569,250410,250564,0,1.7730303030307144,False
251019,2024-07-02 09:15:00,1,24226.0,250914,250570,250909,4,1.7730303030307144,True
251019,2024-07-02 09:15:00,1,24225.0,250951,250930,250946,1,1.7730303030307144,True
251020,2024-07-02 09:16:00,1,24240.0,250316,250296,250311,1,2.8927272727275093,True
251041,2024-07-02 09:37:00,-1,24195.25,250961,250938,250956,7,-2.9012121212112167,True
251048,2024-07-02 09:44:00,-1,24175.0,250830,250808,250825,2,-1.7842424242412602,True
251048,2024-07-02 09:44:00,-1,24172.2,250852,250785,250847,1,-1.7842424242412602,True
251221,2024-07-02 12:37:00,-1,24215.0,251216,251199,251211,0,-0.4669696969689624,False
251222,2024-07-02 12:38:00,-1,24210.0,251175,251110,251170,1,-1.6851515151511478,True
251243,2024-07-02 12:59:00,-1,24140.0,250760,250736,250755,0,-1.9306060606060176,False
251334,2024-07-02 14:30:00,1,24197.0,251333,251304,251328,0,0.3475757575770017,False
251422,2024-07-03 09:43:00,1,24321.2,251406,251394,251401,2,0.6715151515146588,True
251515,2024-07-03 11:16:00,-1,24333.4,251505,251479,251500,2,-0.8769696969694085,True
251516,2024-07-03 11:17:00,-1,24333.0,251467,251450,251462,9,-1.0775757575755929,True
251582,2024-07-03 12:23:00,1,24328.55,251567,251544,251562,5,1.0118181818189995,True
251659,2024-07-03 13:40:00,1,24359.0,251653,251593,251648,3,0.7842424242416292,True
251747,2024-07-03 15:08:00,1,24340.4,251720,251692,251715,2,2.27939393939419,True
251767,2024-07-03 15:28:00,1,24363.75,251669,251468,251664,6,1.1300000000001487,True
251897,2024-07-04 11:23:00,1,24401.9,251891,251880,251886,5,0.7990909090907817,True
251983,2024-07-04 12:49:00,1,24407.15,251969,251904,251964,4,0.8315151515142998,True
252010,2024-07-04 13:16:00,-1,24389.0,252003,251949,251998,3,-1.172121212121774,True
252025,2024-07-04 13:31:00,-1,24385.0,252015,251938,252010,1,-0.6806060606055248,True
252040,2024-07-04 13:46:00,-1,24375.0,251881,251869,251876,3,-0.7084848484840666,True
252144,2024-07-05 09:15:00,-1,24312.5,251564,251551,251559,6,-1.9012121212108097,True
252144,2024-07-05 09:15:00,-1,24313.8,251580,251569,251575,8,-1.9012121212108097,True
252144,2024-07-05 09:15:00,-1,24310.75,251734,251541,251729,0,-1.9012121212108097,False
252144,2024-07-05 09:15:00,-1,24313.9,251745,251706,251740,0,-1.9012121212108097,False
252280,2024-07-05 11:31:00,1,24330.0,252254,252239,252249,2,1.9763636363631671,True
252491,2024-07-05 15:02:00,1,24330.65,252437,252423,252432,1,5.196666666665854,True
252500,2024-07-05 15:11:00,1,24397.0,252076,252016,252071,2,6.882727272727201,True
252500,2024-07-05 15:11:00,1,24395.85,252104,252086,252099,1,6.882727272727201,True
252502,2024-07-05 15:13:00,1,24410.05,251989,251957,251984,2,7.418787878788784,True
252589,2024-07-08 10:25:00,1,24358.35,252585,252567,252580,0,0.8303030303021941,False
252634,2024-07-08 11:10:00,-1,24324.6,252625,252598,252620,0,-0.019696969696070547,False
252743,2024-07-08 12:59:00,1,24345.0,252636,252624,252631,10,0.6875757575750155,True
252743,2024-07-08 12:59:00,1,24345.0,252682,252658,252677,6,0.6875757575750155,True
252743,2024-07-08 12:59:00,1,24349.85,252694,252609,252689,0,0.6875757575750155,False
252842,2024-07-08 14:38:00,1,24363.55,252813,252769,252808,7,0.7348484848486142,True
252843,2024-07-08 14:39:00,1,24366.0,252804,252763,252799,3,0.8918181818184622,True
252864,2024-07-08 15:00:00,1,24380.8,252544,252528,252539,0,0.28060606060558874,False
252992,2024-07-09 10:53:00,1,24447.35,252945,251824,252940,3,1.0184848484845044,True
253054,2024-07-09 11:55:00,1,24449.9,253024,252994,253019,13,-0.8075757575751586,False
253121,2024-07-09 13:02:00,1,24456.95,253060,253044,253055,2,1.3242424242421023,True
253121,2024-07-09 13:02:00,1,24455.95,253086,253065,253081,4,1.3242424242421023,True
253187,2024-07-09 14:08:00,1,24489.8,253170,253157,253165,6,-0.0012121212118461897,False
253248,2024-07-09 15:09:00,-1,24482.0,253243,253230,253238,1,-1.2663636363644255,True
253268,2024-07-09 15:29:00,-1,24480.0,253253,253220,253248,7,-0.30000000000012983,True
253299,2024-07-10 09:45:00,-1,24435.0,253020,252996,253015,0,-0.21878787878758674,False
253299,2024-07-10 09:45:00,-1,24437.0,253056,253028,253051,1,-0.21878787878758674,True
253299,2024-07-10 09:45:00,-1,24439.5,253077,253035,253072,4,-0.21878787878758674,True
253299,2024-07-10 09:45:00,-1,24437.7,253279,253105,253274,0,-0.21878787878758674,False
253323,2024-07-10 10:09:00,-1,24412.15,253320,252974,253315,2,-1.2199999999998792,True
253324,2024-07-10 10:10:00,-1,24405.0,252966,252948,252961,1,-2.078787878787545,True
253336,2024-07-10 10:22:00,-1,24341.65,252829,252805,252824,0,-4.096363636364103,False
253336,2024-07-10 10:22:00,-1,24346.25,252864,252849,252859,0,-4.096363636364103,False
253409,2024-07-10 11:35:00,1,24275.0,253387,253357,253382,1,1.7781818181824958,True
253486,2024-07-10 12:52:00,1,24325.0,253477,253441,253472,1,0.8687878787894623,True
253543,2024-07-10 13:49:00,-1,24291.9,253459,253448,253454,3,-0.28999999999964404,True
253584,2024-07-10 14:30:00,1,24305.0,253579,253550,253574,0,1.0212121212120295,False
253644,2024-07-11 09:15:00,1,24370.0,253622,253594,253617,1,1.6375757575761938,True
253678,2024-07-11 09:49:00,1,24383.5,253675,253661,253670,2,1.8651515151521687,True
253766,2024-07-11 11:17:00,1,24299.1,253761,253730,253756,2,0.46969696969782443,True
253770,2024-07-11 11:21:00,1,24305.55,253755,253716,253750,4,1.6209090909084447,True
253790,2024-07-11 11:41:00,1,24309.5,253789,253772,253784,0,0.32939393939378975,False
253812,2024-07-11 12:03:00,-1,24277.05,253733,253719,253728,3,0.14484848484797205,False
253812,2024-07-11 12:03:00,-1,24270.2,253754,253737,253749,0,0.14484848484797205,False
253848,2024-07-11 12:39:00,1,24319.0,253826,253808,253821,10,-0.18787878787892207,False
253857,2024-07-11 12:48:00,1,24329.8,253854,253839,253849,2,1.151212121212598,True
253921,2024-07-11 13:52:00,1,24344.45,253892,253859,253887,1,1.5742424242420872,True
253982,2024-07-11 14:53:00,1,24359.9,253964,253947,253959,3,0.45818181818233505,True
254033,2024-07-12 09:29:00,1,24466.5,253300,253280,253295,0,8.057272727273507,False
254117,2024-07-12 10:53:00,1,24468.0,254058,254047,254053,0,0.9712121212126312,False
254117,2024-07-12 10:53:00,1,24436.85,254091,254071,254086,4,0.9712121212126312,True
254119,2024-07-12 10:55:00,1,24495.65,253257,253203,253252,2,6.3818181818177155,True
254217,2024-07-12 12:33:00,-1,24506.55,254187,254176,254182,1,-1.3951515151506906,True
254292,2024-07-12 13:48:00,1,24569.85,254283,254265,254278,1,0.9542424242428307,True
254357,2024-07-12 14:53:00,-1,24554.15,254335,254284,254330,3,-1.7360606060594188,True
254396,2024-07-15 09:17:00,1,24577.9,254352,254332,254347,2,6.334848484848299,True
254449,2024-07-15 10:10:00,1,24582.9,254438,254409,254433,0,2.45636363636419,False
254478,2024-07-15 10:39:00,1,24590.0,254421,254395,254416,4,1.493030303029821,True
254478,2024-07-15 10:39:00,1,24590.0,254463,254449,254458,0,1.493030303029821,False
254547,2024-07-15 11:48:00,1,24615.0,254514,254489,254509,2,0.8324242424239644,True
254555,2024-07-15 11:56:00,-1,24593.8,254525,254498,254520,2,-0.020606060606226727,True
254617,2024-07-15 12:58:00,1,24615.6,254584,254571,254579,4,0.34848484848539285,True
254788,2024-07-16 09:34:00,1,24637.95,254774,254708,254769,0,0.7357575757575651,False
254789,2024-07-16 09:35:00,1,24639.9,254654,254637,254649,1,1.3618181818178732,True
254885,2024-07-16 11:11:00,-1,24671.5,254873,254861,254868,0,0.048181818182105346,False
254951,2024-07-16 12:17:00,-1,24661.9,254937,254926,254932,0,-0.27878787878637823,False
254980,2024-07-16 12:46:00,1,24669.45,254963,254951,254958,6,0.8296969696961387,True
255014,2024-07-16 13:20:00,-1,24664.15,255004,254987,254999,3,-0.5584848484842226,True
255032,2024-07-16 13:38:00,-1,24645.15,254973,254846,254968,1,0.10424242424309335,False
255062,2024-07-16 14:08:00,-1,24633.05,254830,254816,254825,1,-0.6372727272718178,True
255087,2024-07-16 14:33:00,-1,24623.45,255069,254808,255064,1,-1.7651515151519066,True
255114,2024-07-16 15:00:00,1,24641.15,255107,255093,255102,0,-0.4439393939385545,False
255119,2024-07-16 15:05:00,1,24659.8,255054,255030,255049,1,2.831212121210625,True
255144,2024-07-18 09:15:00,-1,24590.0,254538,254491,254533,4,-2.950909090909366,True
255144,2024-07-18 09:15:00,-1,24592.0,254594,254564,254589,0,-2.950909090909366,False
255144,2024-07-18 09:15:00,-1,24604.8,254627,254613,254622,1,-2.950909090909366,True
255144,2024-07-18 09:15:00,-1,24615.0,254765,254751,254760,4,-2.950909090909366,True
255144,2024-07-18 09:15:00,-1,24625.0,255135,255113,255130,0,-2.950909090909366,False
255199,2024-07-18 10:10:00,1,24684.0,254889,254875,254884,1,-0.20575757575636897,False
255199,2024-07-18 10:10:00,1,24675.6,254985,254935,254980,12,-0.20575757575636897,False
255199,2024-07-18 10:10:00,1,24682.8,255184,254915,255179,0,-0.20575757575636897,False
255238,2024-07-18 10:49:00,-1,24654.4,255201,255189,255196,8,0.42848484848540686,False
255285,2024-07-18 11:36:00,-1,24543.0,254445,254419,254440,4,-3.118787878788703,True
255353,2024-07-18 12:44:00,1,24661.0,255341,255326,255336,0,0.0024242424237326883,False
255379,2024-07-18 13:10:00,1,24678.95,255238,255217,255233,0,2.1466666666677496,False
255421,2024-07-18 13:52:00,1,24746.0,255405,255390,255400,1,1.9293939393946395,True
255549,2024-07-19 09:45:00,-1,24753.0,255542,255525,255537,2,-0.9463636363639935,True
255570,2024-07-19 10:06:00,-1,24716.85,255413,255396,255408,2,-1.565151515151469,True
255669,2024-07-19 11:45:00,-1,24631.0,255375,255364,255370,5,-2.6133333333332245,True
255743,2024-07-19 12:59:00,-1,24605.95,255739,255719,255734,0,-0.18393939393992653,False
255776,2024-07-19 13:32:00,1,24625.6,255755,255738,255750,3,1.4027272727273963,True
255867,2024-07-19 15:03:00,-1,24526.7,255865,255283,255860,0,-0.4196969696965099,False
255986,2024-07-22 10:47:00,1,24584.9,255970,255852,255965,5,2.029393939394628,True
256042,2024-07-22 11:43:00,1,24560.0,256040,256025,256035,0,0.1872727272734483,False
256168,2024-07-22 13:49:00,1,24539.9,256150,256067,256145,3,0.8703030303036959,True
256168,2024-07-22 13:49:00,1,24537.2,256157,256076,256152,6,0.8703030303036959,True
256295,2024-07-23 09:41:00,-1,24490.0,256239,256227,256234,3,-0.1487878787877679,True
256295,2024-07-23 09:41:00,-1,24488.0,256284,256240,256279,1,-0.1487878787877679,True
256313,2024-07-23 09:59:00,-1,24468.25,256301,256099,256296,0,-2.6412121212124875,False
256377,2024-07-23 11:03:00,1,24519.95,256297,256284,256292,0,5.649999999998574,False
256427,2024-07-23 11:53:00,-1,24440.05,256414,256364,256409,0,-0.9836363636366805,False
256438,2024-07-23 12:04:00,-1,24423.25,256432,256344,256427,2,-0.6457575757574677,True
256563,2024-07-23 14:09:00,1,24474.0,256447,256414,256442,0,5.178181818181915,False
256592,2024-07-23 14:38:00,1,24506.9,256569,256396,256564,2,9.39818181818212,True
256668,2024-07-24 09:39:00,-1,24410.75,256664,256582,256659,0,3.2606060606056904,False
256849,2024-07-24 12:40:00,-1,24284.1,256835,256528,256830,1,-2.8496969696977845,True
256869,2024-07-24 13:00:00,1,24319.95,256865,256845,256860,1,1.0454545454549014,True
256902,2024-07-24 13:33:00,-1,24296.6,256894,256872,256889,0,-1.0315151515150507,False
257019,2024-07-25 09:15:00,-1,24241.0,256517,256474,256512,0,-8.039090909091088,False
257019,2024-07-25 09:15:00,-1,24282.6,256935,256904,256930,0,-8.039090909091088,False
257095,2024-07-25 10:31:00,1,24297.6,257073,257044,257068,4,0.8603030303029199,True
257143,2024-07-25 11:19:00,-1,24301.0,257136,257112,257131,0,-1.7948484848477575,False
257158,2024-07-25 11:34:00,1,24325.2,257139,257121,257134,2,1.124242424242345,True
257231,2024-07-25 12:47:00,1,24376.0,257215,257204,257210,4,0.04666666666721118,True
257276,2024-07-25 13:32:00,-1,24379.35,257253,257240,257248,3,0.06757575757636136,False
257302,2024-07-25 13:58:00,1,24396.0,257258,257245,257253,4,1.8766666666667113,True
257341,2024-07-25 14:37:00,-1,24400.0,257326,257310,257321,4,-0.2496969696968926,True
257456,2024-07-26 10:17:00,1,24637.65,257451,257440,257446,3,1.8057575757567166,True
257486,2024-07-26 10:47:00,1,24660.65,257477,257459,257472,3,-0.7478787878789853,False
257556,2024-07-26 11:57:00,1,24715.0,257529,257510,257524,1,0.9254545454554974,True
257825,2024-07-29 10:11:00,-1,24950.0,257821,257808,257816,2,-2.19909090909234,True
258163,2024-07-30 09:34:00,1,24935.0,258113,258101,258108,0,3.3972727272727266,False
258225,2024-07-30 10:36:00,1,24947.0,258044,258028,258039,4,1.5687878787873775,True
258236,2024-07-30 10:47:00,1,24961.25,258006,257994,258001,2,1.1818181818184088,True
258300,2024-07-30 11:51:00,-1,24978.85,258276,258264,258271,0,-0.42818181818218265,False
258341,2024-07-30 12:32:00,1,25000.0,258301,258286,258296,1,1.0518181818183623,True
258377,2024-07-30 13:08:00,1,25004.0,258353,258342,258348,0,2.6566666666665864,False
258386,2024-07-30 13:17:00,-1,24966.25,258375,258317,258370,0,-4.111515151514678,False
258718,2024-07-31 12:34:00,-1,24976.0,258687,258674,258682,2,-0.4648484848485013,True
258812,2024-07-31 14:08:00,-1,24978.0,258799,258788,258794,2,-0.46606060606062233,True
258814,2024-07-31 14:10:00,-1,24974.5,258760,258738,258755,2,-0.8790909090904456,True
258832,2024-07-31 14:28:00,1,25009.9,258614,258600,258609,4,1.8839393939404911,True
258832,2024-07-31 14:28:00,1,25010.0,258783,258768,258778,0,1.8839393939404911,False
259082,2024-08-01 12:23:00,-1,25020.35,259081,259070,259076,0,0.10515151515239708,False
259194,2024-08-01 14:15:00,-1,25004.1,259168,259149,259163,0,-1.215757575756711,False
259205,2024-08-01 14:26:00,-1,25001.05,259200,259106,259195,1,-0.6015151515142552,True
259253,2024-08-01 15:14:00,1,25037.45,259136,259079,259131,4,3.8478787878786838,True
259269,2024-08-02 09:15:00,-1,24887.0,258203,258177,258198,0,-10.866666666666262,False
259269,2024-08-02 09:15:00,-1,24914.2,258541,258513,258536,0,-10.866666666666262,False
259269,2024-08-02 09:15:00,-1,24970.75,258819,258749,258814,0,-10.866666666666262,False
259269,2024-08-02 09:15:00,-1,24986.05,259217,258873,259212,0,-10.866666666666262,False
259368,2024-08-02 10:54:00,1,24847.0,259367,259353,259362,0,1.657272727272139,False
259468,2024-08-02 12:34:00,-1,24780.0,259348,259334,259343,3,-2.617272727272715,True
259588,2024-08-02 14:34:00,-1,24770.0,259577,259514,259572,0,-2.015454545454402,False
259826,2024-08-05 12:17:00,1,24074.0,259804,259790,259799,3,2.9051515151514278,True
259866,2024-08-05 12:57:00,-1,23960.0,259853,259784,259848,0,-2.446060606060906,False
259875,2024-08-05 13:06:00,1,24007.1,259862,259851,259857,1,4.401818181817768,True
259952,2024-08-05 14:23:00,-1,24104.85,259944,259914,259939,1,-1.2084848484837738,True
259972,2024-08-05 14:43:00,1,24095.0,259971,259960,259966,0,0.8884848484853115,False
260019,2024-08-06 09:15:00,1,24163.45,259993,259930,259988,0,8.516060606060972,False
260177,2024-08-06 11:53:00,-1,24252.2,260170,260151,260165,1,-2.5542424242430353,True
260210,2024-08-06 12:26:00,-1,24240.7,260142,260131,260137,0,-1.4621212121205631,False
260256,2024-08-06 13:12:00,-1,24190.0,260239,260228,260234,1,-1.8457575757580187,True
260322,2024-08-06 14:18:00,-1,24039.35,259963,259889,259958,3,-4.833939393939668,True
260394,2024-08-07 09:15:00,1,24293.0,260161,260140,260156,0,14.766060606060298,False
260394,2024-08-07 09:15:00,1,24285.0,260194,260168,260189,0,14.766060606060298,False
260579,2024-08-07 12:20:00,1,24299.9,260540,260514,260535,0,3.0290909090912543,False
260662,2024-08-07 13:43:00,1,24270.0,260638,260625,260633,2,3.559393939394121,True
260666,2024-08-07 13:47:00,1,24280.1,260665,260608,260660,0,2.1284848484852494,False
260693,2024-08-07 14:14:00,1,24288.0,260679,260666,260674,0,2.5460606060599136,False
260891,2024-08-08 11:17:00,1,24250.0,260870,260853,260865,0,-0.1278787878784436,False
260947,2024-08-08 12:13:00,1,24292.6,260847,260803,260842,0,2.3627272727278297,False
260947,2024-08-08 12:13:00,1,24275.0,260933,260892,260928,4,2.3627272727278297,True
261023,2024-08-08 13:29:00,-1,24167.0,261007,260872,261002,0,-2.7760606060605566,False
261070,2024-08-08 14:16:00,1,24209.75,261045,261015,261040,0,1.1778787878785533,False
261122,2024-08-08 15:08:00,-1,24155.65,261116,261076,261111,1,-2.827575757575665,True
261145,2024-08-09 09:16:00,1,24356.2,260970,260955,260965,1,22.826363636363848,True
261150,2024-08-09 09:21:00,1,24398.0,260481,260026,260476,1,34.45454545454658,True
261252,2024-08-09 11:03:00,1,24384.95,261215,261201,261210,0,1.6509090909085726,False
261346,2024-08-09 12:37:00,1,24380.0,261344,261333,261339,0,0.06878787878883001,False
261388,2024-08-09 13:19:00,1,24393.0,261355,261318,261350,1,1.4333333333335718,True
261472,2024-08-09 14:43:00,-1,24396.95,261454,261419,261449,3,0.6999999999992662,False
261519,2024-08-12 09:15:00,-1,24360.15,261281,261265,261276,4,-1.5554545454551354,True
261519,2024-08-12 09:15:00,-1,24369.05,261350,261315,261345,8,-1.5554545454551354,True
261519,2024-08-12 09:15:00,-1,24366.0,261366,261336,261361,1,-1.5554545454551354,True
261519,2024-08-12 09:15:00,-1,24364.3,261375,261327,261370,0,-1.5554545454551354,False
261519,2024-08-12 09:15:00,-1,24393.75,261478,261460,261473,7,-1.5554545454551354,True
261519,2024-08-12 09:15:00,-1,24387.6,261510,261409,261505,0,-1.5554545454551354,False
261549,2024-08-12 09:45:00,-1,24315.0,261524,261222,261519,0,-2.489999999998794,False
261607,2024-08-12 10:43:00,1,24406.45,261523,261512,261518,0,4.384545454547225,False
261609,2024-08-12 10:45:00,1,24414.0,261504,261488,261499,2,5.240606060606125,True
261617,2024-08-12 10:53:00,1,24415.0,261483,261470,261478,7,0.0690909090908168,True
261795,2024-08-12 13:51:00,1,24475.0,261737,261681,261732,5,1.256666666667441,True
261969,2024-08-13 10:30:00,-1,24323.0,261967,261917,261962,0,-1.0669696969692952,False
261987,2024-08-13 10:48:00,1,24346.7,261982,261966,261977,0,0.6960606060614594,False
262026,2024-08-13 11:27:00,1,24355.95,262024,261999,262019,1,1.1736363636364366,True
262064,2024-08-13 12:05:00,-1,24311.8,261977,261865,261972,0,-3.8945454545447684,False
262162,2024-08-13 13:43:00,-1,24240.0,262127,262107,262122,3,-2.7433333333335064,True
262284,2024-08-14 09:30:00,-1,24140.0,262258,262212,262253,3,-3.3536363636359554,True
262301,2024-08-14 09:47:00,1,24185.0,262281,262241,262276,2,4.626060606060188,True
262403,2024-08-14 11:29:00,1,24173.95,262398,262387,262393,1,1.7763636363633803,True
262443,2024-08-14 12:09:00,1,24182.4,262435,262404,262430,2,1.294242424242759,True
262484,2024-08-14 12:50:00,1,24196.45,262213,262181,262208,4,1.710909090909998,True
262486,2024-08-14 12:52:00,1,24199.2,262366,262301,262361,2,2.3442424242430167,True
262550,2024-08-14 13:56:00,-1,24168.3,262475,262434,262470,0,-1.1939393939384955,False
262550,2024-08-14 13:56:00,-1,24171.3,262525,262477,262520,1,-1.1939393939384955,True
262644,2024-08-16 09:15:00,1,24280.0,262143,262111,262138,6,8.377575757575531,True
262644,2024-08-16 09:15:00,1,24281.8,262156,262145,262151,0,8.377575757575531,False
262647,2024-08-16 09:18:00,1,24370.0,262033,261944,262028,1,26.270909090909594,True
262649,2024-08-16 09:20:00,1,24390.0,261932,261921,261927,0,28.301212121213116,False
262870,2024-08-16 13:01:00,1,24463.0,262845,261851,262840,4,1.8063636363636884,True
262870,2024-08-16 13:01:00,1,24466.9,262852,262819,262847,0,1.8063636363636884,False
262907,2024-08-16 13:38:00,1,24486.9,262901,262887,262896,3,2.0181818181815085,True
262909,2024-08-16 13:40:00,1,24490.1,262879,261813,262874,2,2.3984848484847188,True
262960,2024-08-16 14:31:00,-1,24532.0,262955,262941,262950,0,-1.790606060605595,False
262988,2024-08-16 14:59:00,1,24550.0,262986,262965,262981,1,1.344242424242136,True
262992,2024-08-16 15:03:00,1,24560.0,262958,262943,262953,4,2.2490909090919353,True
263117,2024-08-19 10:53:00,-1,24553.55,263109,263098,263104,5,-1.901818181817665,True
263204,2024-08-19 12:20:00,-1,24578.0,263191,263172,263186,4,0.27090909091079984,False
263226,2024-08-19 12:42:00,1,24593.3,263222,263204,263217,3,1.7203030303031746,True
263247,2024-08-19 13:03:00,1,24612.95,263242,263181,263237,1,0.2781818181825751,True
263370,2024-08-19 15:06:00,-1,24591.25,263369,263336,263364,0,-2.557272727273344,False
263413,2024-08-20 09:34:00,1,24650.55,263400,263050,263395,4,1.2139393939408003,True
263483,2024-08-20 10:44:00,-1,24730.1,263481,263449,263476,1,-1.292727272727213,True
263563,2024-08-20 12:04:00,1,24735.0,263529,263511,263524,6,1.6209090909099613,True
263698,2024-08-20 14:19:00,-1,24716.1,263655,263603,263650,2,-2.076969696969613,True
263727,2024-08-20 14:48:00,1,24740.0,263692,263674,263687,5,1.22636363636407,True
263784,2024-08-21 09:30:00,-1,24700.0,263754,263538,263749,2,-2.779090909090821,True
263785,2024-08-21 09:31:00,-1,24694.25,263774,263435,263769,1,-3.1099999999995425,True
263804,2024-08-21 09:50:00,1,24743.0,263728,263680,263723,1,3.98909090909119,True
263826,2024-08-21 10:12:00,1,24750.45,263809,263633,263804,1,1.287575757576836,True
264009,2024-08-21 13:15:00,1,24765.1,263988,263976,263983,4,0.043333333333981136,True
264013,2024-08-21 13:19:00,-1,24748.95,263959,263948,263954,5,-0.19393939393811632,True
264013,2024-08-21 13:19:00,-1,24750.15,263978,263963,263973,6,-0.19393939393811632,True
264013,2024-08-21 13:19:00,-1,24750.0,264000,263980,263995,1,-0.19393939393811632,True
264043,2024-08-21 13:49:00,1,24772.95,263974,263900,263969,1,1.4496969696957964,True
264085,2024-08-21 14:31:00,-1,24760.0,264077,264054,264072,0,-0.850606060605189,False
264114,2024-08-21 15:00:00,1,24781.45,264111,264078,264106,0,-0.12575757575768987,False
264144,2024-08-22 09:15:00,1,24804.9,264141,264116,264136,1,1.7060606060605594,True
264222,2024-08-22 10:33:00,1,24834.4,264221,264201,264216,0,0.023333333333142418,False
264237,2024-08-22 10:48:00,1,24845.0,264232,264189,264227,4,0.598484848484742,True
264275,2024-08-22 11:26:00,1,24844.9,264270,264250,264265,1,0.5039393939389769,True
264363,2024-08-22 12:54:00,1,24859.9,264350,264331,264345,2,0.36909090909151804,True
264380,2024-08-22 13:11:00,-1,24830.0,264263,264251,264258,0,-1.8700000000003074,False
264461,2024-08-22 14:32:00,-1,24831.25,264413,264398,264408,3,-0.7996969696959987,True
264519,2024-08-23 09:15:00,-1,24825.2,264467,264380,264462,0,-0.016060606059808746,False
264519,2024-08-23 09:15:00,-1,24835.2,264511,264499,264506,0,-0.016060606059808746,False
264527,2024-08-23 09:23:00,1,24846.7,264480,264465,264475,4,-0.04787878787894351,False
264527,2024-08-23 09:23:00,1,24846.95,264524,264512,264519,0,-0.04787878787894351,False
264529,2024-08-23 09:25:00,1,24855.0,264447,264417,264442,2,4.310606060606394,True
264542,2024-08-23 09:38:00,-1,24807.85,264526,264186,264521,0,-2.7487878787872515,False
264607,2024-08-23 10:43:00,1,24861.85,264324,264309,264319,8,1.3736363636369686,True
264671,2024-08-23 11:47:00,-1,24854.25,264663,264639,264658,0,-0.1569696969699661,False
264820,2024-08-23 14:16:00,1,24864.0,264761,264722,264756,2,0.297575757575334,True
264864,2024-08-23 15:00:00,-1,24840.5,264777,264678,264772,3,-0.20909090909002043,True
264864,2024-08-23 15:00:00,-1,24843.8,264862,264791,264857,0,-0.20909090909002043,False
265239,2024-08-26 15:00:00,-1,25051.0,265230,265210,265225,4,-0.3896969696963796,True
265269,2024-08-27 09:15:00,-1,25031.55,265250,265193,265245,0,-0.4227272727268853,False
265275,2024-08-27 09:21:00,-1,25024.6,265169,265085,265164,3,-1.4293939393938462,True
265281,2024-08-27 09:27:00,-1,25019.15,265274,265074,265269,6,-1.854242424242891,True
265383,2024-08-27 11:09:00,1,25051.65,265316,265256,265311,2,1.3275757575763039,True
265393,2024-08-27 11:19:00,1,25066.6,265222,265133,265217,1,0.8687878787886314,True
265475,2024-08-27 12:41:00,1,25053.8,265472,265459,265467,2,0.28333333333292005,True
265537,2024-08-27 13:43:00,1,25069.45,265515,265421,265510,6,0.7993939393949477,True
265591,2024-08-27 14:37:00,-1,25050.0,265585,265523,265580,0,0.009090909091051234,False
265601,2024-08-27 14:47:00,-1,25045.3,265475,265464,265470,2,-0.5199999999984509,True
265602,2024-08-27 14:48:00,-1,25036.15,265451,265437,265446,0,-0.9609090909093001,False
265640,2024-08-27 15:26:00,-1,25011.25,265633,265609,265628,1,-0.8757575757578808,True
265688,2024-08-28 09:59:00,1,25045.0,265686,265651,265681,1,0.5218181818185039,True
265756,2024-08-28 11:07:00,1,25040.0,265735,265715,265730,1,1.2051515151513117,True
265764,2024-08-28 11:15:00,1,25063.7,265594,265572,265589,0,2.2366666666669963,False
265934,2024-08-28 14:05:00,1,25120.0,265932,265894,265927,0,0.5096969696966387,False
265936,2024-08-28 14:07:00,1,25127.25,265878,265865,265873,0,0.8427272727276918,False
265967,2024-08-28 14:38:00,-1,25104.95,265889,265855,265884,14,-1.586969696968936,True
265967,2024-08-28 14:38:00,-1,25100.0,265909,265826,265904,0,-1.586969696968936,False
265967,2024-08-28 14:38:00,-1,25104.0,265964,265913,265959,2,-1.586969696968936,True
266029,2024-08-29 09:25:00,1,25057.0,266027,266014,266022,1,1.863333333333518,True
266041,2024-08-29 09:37:00,1,25071.35,266040,266029,266035,0,0.7018181818180657,False
266212,2024-08-29 12:28:00,1,25133.0,266082,266067,266077,0,1.2103030303033468,False
266212,2024-08-29 12:28:00,1,25120.0,266158,266141,266153,0,1.2103030303033468,False
266308,2024-08-29 14:04:00,-1,25015.0,265750,265719,265745,0,-9.623333333332496,False
266441,2024-08-30 10:02:00,-1,25307.0,266435,266423,266430,4,-1.1090909090907017,True
266505,2024-08-30 11:06:00,1,25320.0,266480,266440,266475,2,1.1015151515147483,True
266630,2024-08-30 13:11:00,1,25330.8,266625,266599,266620,1,0.7345454545448775,True
266686,2024-08-30 14:07:00,1,25342.0,266641,266582,266636,13,0.7372727272732426,True
266689,2024-08-30 14:10:00,1,25345.0,266559,266512,266554,4,0.7696969696977433,True
266876,2024-09-02 11:02:00,1,25383.0,266870,266824,266865,2,1.470000000001143,True
266898,2024-09-02 11:24:00,1,25406.25,266894,266796,266889,2,0.723636363636293,True
266929,2024-09-02 11:55:00,-1,25370.0,266923,266862,266918,4,-1.3030303030285475,True
266931,2024-09-02 11:57:00,-1,25364.0,266873,266839,266868,3,-2.02454545454469,True
266963,2024-09-02 12:29:00,-1,25355.0,266951,266932,266946,1,-0.5136363636355571,True
266979,2024-09-02 12:45:00,-1,25333.25,266686,266671,266681,4,-2.460000000000922,True
266979,2024-09-02 12:45:00,-1,25334.1,266738,266712,266733,3,-2.460000000000922,True
267124,2024-09-02 15:10:00,-1,25333.2,267116,267096,267111,0,-1.3657575757576008,False
267173,2024-09-03 09:44:00,1,25350.0,267153,267129,267148,3,0.40030303030339764,True
267205,2024-09-03 10:16:00,1,25356.35,267121,267102,267116,6,1.1357575757580265,True
267349,2024-09-03 12:40:00,1,25355.0,267290,267259,267285,15,0.6375757575746664,True
267349,2024-09-03 12:40:00,1,25355.9,267335,267320,267330,3,0.6375757575746664,True
267356,2024-09-03 12:47:00,1,25360.0,267355,267239,267350,0,0.5424242424227828,False
267359,2024-09-03 12:50:00,1,25365.1,267212,266971,267207,4,0.66090909091007,True
267493,2024-09-03 15:04:00,-1,25361.5,267455,267440,267450,7,-1.473030303029331,True
267497,2024-09-03 15:08:00,-1,25354.05,267431,267355,267426,4,-1.7448484848487662,True
267518,2024-09-03 15:29:00,-1,25345.0,267339,267328,267334,3,-1.3896969696950092,True
267519,2024-09-04 09:15:00,-1,25315.1,267149,267082,267144,0,-8.548181818179836,False
267519,2024-09-04 09:15:00,-1,25329.9,267167,267153,267162,4,-8.548181818179836,True
267519,2024-09-04 09:15:00,-1,25337.0,267279,267217,267274,7,-8.548181818179836,True
267519,2024-09-04 09:15:00,-1,25336.25,267314,267301,267309,0,-8.548181818179836,False
267556,2024-09-04 09:52:00,1,25199.4,267541,267529,267536,3,2.145151515150945,True
267665,2024-09-04 11:41:00,1,25208.55,267645,267630,267640,5,1.0903030303022327,True
267715,2024-09-04 12:31:00,-1,25195.0,267711,267679,267706,0,0.19272727272668097,False
267756,2024-09-04 13:12:00,1,25211.4,267728,267703,267723,2,0.8315151515153912,True
267757,2024-09-04 13:13:00,1,25215.05,267672,267624,267667,1,1.189696969697494,True
267876,2024-09-04 15:12:00,1,25245.0,267871,267848,267866,0,-0.05060606060506313,False
267968,2024-09-05 10:29:00,-1,25261.5,267956,267922,267951,0,-1.258484848484878,False
268103,2024-09-05 12:44:00,1,25268.95,268042,268017,268037,6,1.5724242424232846,True
268178,2024-09-05 13:59:00,1,25265.0,268164,268151,268159,2,0.8430303030315037,True
268201,2024-09-05 14:22:00,-1,25248.95,268060,268047,268055,4,-0.5145454545447841,True
268201,2024-09-05 14:22:00,-1,25253.4,268168,268155,268163,2,-0.5145454545447841,True
268241,2024-09-05 15:02:00,-1,25237.1,268228,268209,268223,1,-0.08090909090906535,True
268269,2024-09-06 09:15:00,-1,25190.0,267658,267642,267653,1,-2.8078787878790865,True
268269,2024-09-06 09:15:00,-1,25231.0,268246,267872,268241,4,-2.8078787878790865,True
268382,2024-09-06 11:08:00,-1,24947.6,268358,268331,268353,0,-2.0409090909086998,False
268447,2024-09-06 12:13:00,1,24995.0,268432,268420,268427,7,0.6515151515150338,True
268615,2024-09-06 15:01:00,1,24887.0,268604,268589,268599,3,-1.2275757575744928,False
268657,2024-09-09 09:28:00,-1,24832.5,268655,268644,268650,1,-0.46696969696995255,True
268731,2024-09-09 10:42:00,1,24934.4,268565,268528,268560,0,4.110303030303902,False
268731,2024-09-09 10:42:00,1,24930.95,268683,268540,268678,0,4.110303030303902,False
268862,2024-09-09 12:53:00,1,24915.0,268849,268821,268844,2,2.19727272727295,True
268948,2024-09-09 14:19:00,-1,24925.6,268943,268927,268938,1,0.42575757575912865,False
269019,2024-09-10 09:15:00,1,25020.0,268462,268343,268457,0,4.606969696970592,False
269019,2024-09-10 09:15:00,1,24996.0,269007,268903,269002,3,4.606969696970592,True
269040,2024-09-10 09:36:00,-1,25010.9,269036,269024,269031,2,-1.706969696970181,True
269053,2024-09-10 09:49:00,-1,24965.05,269015,268996,269010,2,-3.4978787878776525,True
269167,2024-09-10 11:43:00,1,25035.0,269160,269143,269155,1,1.9881818181813469,True
269181,2024-09-10 11:57:00,1,25043.4,269173,269020,269168,3,0.6175757575766064,True
269482,2024-09-11 10:43:00,1,25098.55,269462,269424,269457,0,1.4578787878791106,False
269549,2024-09-11 11:50:00,1,25096.0,269537,269514,269532,4,1.0384848484853004,True
269651,2024-09-11 13:32:00,-1,25083.75,269643,269627,269638,1,-0.21030303030223627,True
269683,2024-09-11 14:04:00,-1,25010.0,269411,269159,269406,0,-5.677878787879104,False
269725,2024-09-11 14:46:00,-1,24945.65,269699,269093,269694,0,-2.1287878787864014,False
269869,2024-09-12 10:55:00,-1,25032.2,269867,269814,269862,1,0.49212121212220145,False
269881,2024-09-12 11:07:00,1,25060.0,269879,269865,269874,1,0.7648484848486172,True
269899,2024-09-12 11:25:00,-1,25025.05,269874,269845,269869,0,0.2324242424233857,False
270017,2024-09-12 13:23:00,1,25058.0,269954,269935,269949,2,1.4266666666668235,True
270054,2024-09-12 14:00:00,1,25067.0,270024,269999,270019,1,1.0345454545471857,True
270054,2024-09-12 14:00:00,1,25063.95,270048,269911,270043,1,1.0345454545471857,True
270055,2024-09-12 14:01:00,1,25105.5,269808,269648,269803,0,3.0454545454557853,False
270055,2024-09-12 14:01:00,1,25087.0,269900,269820,269895,0,3.0454545454557853,False
270058,2024-09-12 14:04:00,1,25163.55,269320,269301,269315,1,13.236666666666707,True
270248,2024-09-13 10:59:00,1,25400.0,270235,270144,270230,0,1.3678787878785392,False
270386,2024-09-13 13:17:00,-1,25405.0,270385,270371,270380,0,-0.4118181818177468,False
270399,2024-09-13 13:30:00,-1,25373.0,270285,270234,270280,0,-1.3548484848486029,False
270484,2024-09-13 14:55:00,-1,25380.0,270467,270435,270462,2,-1.6315151515138056,True
270519,2024-09-16 09:15:00,1,25414.75,270460,270442,270455,0,0.980303030304531,False
270708,2024-09-16 12:24:00,1,25390.85,270697,270686,270692,3,0.16242424242445758,True
270721,2024-09-16 12:37:00,1,25401.5,270716,270677,270711,1,0.5378787878797493,True
270763,2024-09-16 13:19:00,1,25426.0,270760,270735,270755,2,0.39909090909125416,True
270765,2024-09-16 13:21:00,1,25433.25,270651,270629,270646,0,1.6854545454539562,False
270788,2024-09-16 13:44:00,1,25455.6,270783,270613,270778,1,0.45545454545472874,True
270789,2024-09-16 13:45:00,1,25464.95,270604,270589,270599,1,1.3330303030320252,True
270894,2024-09-17 09:15:00,-1,25436.0,270891,270880,270886,2,0.41757575757620763,False
270932,2024-09-17 09:53:00,-1,25402.0,270908,270742,270903,2,-2.798181818181566,True
271023,2024-09-17 11:24:00,1,25461.95,270845,270812,270840,0,1.1066666666671772,False
271023,2024-09-17 11:24:00,1,25445.0,270996,270888,270991,4,1.1066666666671772,True
271091,2024-09-17 12:32:00,1,25449.6,271062,271038,271057,5,0.6084848484850683,True
271154,2024-09-17 13:35:00,1,25459.0,271139,271125,271134,2,1.0018181818188687,True
271234,2024-09-17 14:55:00,-1,25443.0,271220,271101,271215,1,-0.9827272727279959,True
271270,2024-09-18 09:16:00,-1,25430.0,271080,271052,271075,1,-1.673030303029814,True
271294,2024-09-18 09:40:00,1,25446.45,271291,271276,271286,1,0.7933333333328668,True
271295,2024-09-18 09:41:00,1,25456.7,271256,271243,271251,0,1.2912121212122294,False
271298,2024-09-18 09:44:00,1,25465.6,271202,271186,271197,7,4.222424242424142,True
271350,2024-09-18 10:36:00,1,25456.3,271339,271325,271334,2,1.350606060605997,True
271355,2024-09-18 10:41:00,1,25475.0,271310,270793,271305,0,1.742424242424852,False
271483,2024-09-18 12:49:00,-1,25500.0,271479,271466,271474,0,-0.00515151515185837,False
271484,2024-09-18 12:50:00,-1,25479.8,271435,271411,271430,1,-1.1633333333322966,True
271492,2024-09-18 12:58:00,-1,25469.8,271390,271377,271385,0,-1.9378787878794301,False
271497,2024-09-18 13:03:00,-1,25436.0,271346,271327,271341,1,-5.07909090909134,True
271498,2024-09-18 13:04:00,-1,25417.75,271277,270978,271272,1,-6.392424242424507,True
271509,2024-09-18 13:15:00,-1,25393.15,271505,270958,271500,1,-2.817272727272256,True
271527,2024-09-18 13:33:00,-1,25382.0,271515,270939,271510,2,-2.1830303030303955,True
271615,2024-09-18 15:01:00,1,25400.0,271583,271546,271578,1,1.8627272727276614,True
271743,2024-09-19 10:54:00,1,25560.2,271727,271711,271722,0,3.1318181818199244,False
271849,2024-09-19 12:40:00,1,25488.25,271845,271834,271840,2,0.7160606060613196,True
271956,2024-09-19 14:27:00,1,25473.6,271899,271876,271894,0,1.525151515152413,False
271956,2024-09-19 14:27:00,1,25470.45,271945,271926,271940,1,1.525151515152413,True
272100,2024-09-20 10:36:00,1,25580.0,272098,272075,272093,0,0.9772727272727576,False
272204,2024-09-20 12:20:00,-1,25687.05,272188,272177,272183,4,-1.2945454545458437,True
272217,2024-09-20 12:33:00,-1,25681.5,272209,272197,272204,5,-1.2803030303027352,True
272388,2024-09-20 15:24:00,1,25780.0,272383,272372,272378,1,-0.33212121212149237,False
272430,2024-09-23 09:51:00,1,25923.0,272415,272403,272410,1,1.8539393939394226,True
272453,2024-09-23 10:14:00,-1,25902.0,272446,272429,272441,1,0.2678787878789054,False
272456,2024-09-23 10:17:00,-1,25888.05,272426,272415,272421,1,-3.4563636363630246,True
272537,2024-09-23 11:38:00,-1,25860.0,272490,272479,272485,0,-0.8084848484842282,False
272651,2024-09-23 13:32:00,1,25903.95,272507,272463,272502,7,0.5887878787884027,True
272680,2024-09-23 14:01:00,1,25921.0,272677,272664,272672,1,0.33393939393993993,True
272776,2024-09-24 09:22:00,1,25942.1,272733,272717,272728,1,2.5621212121220047,True
272891,2024-09-24 11:17:00,-1,25945.0,272883,272861,272878,2,-1.0933333333332464,True
272952,2024-09-24 12:18:00,1,25954.9,272930,272905,272925,2,0.8469696969691015,True
272957,2024-09-24 12:23:00,1,25966.0,272879,272864,272874,2,2.139393939393284,True
273009,2024-09-24 13:15:00,1,25969.0,272989,272974,272984,5,-0.7448484848472033,False
273019,2024-09-24 13:25:00,1,25970.9,273005,272958,273000,5,-0.030303030302705078,False
273108,2024-09-24 14:54:00,-1,25963.5,273094,273077,273089,1,0.6421212121219633,False
273115,2024-09-24 15:01:00,-1,25949.15,273011,272962,273006,3,-2.563030303029983,True
273144,2024-09-25 09:15:00,-1,25926.3,272913,272781,272908,5,0.14757575757575045,False
273144,2024-09-25 09:15:00,-1,25925.0,273125,272931,273120,0,0.14757575757575045,False
273205,2024-09-25 10:16:00,-1,25910.0,273170,273144,273165,3,-1.7330303030307568,True
273289,2024-09-25 11:40:00,-1,25926.9,273274,273262,273269,0,-0.5845454545447799,False
273291,2024-09-25 11:42:00,-1,25920.65,273251,273238,273246,2,-2.141818181817666,True
273294,2024-09-25 11:45:00,-1,25902.35,273210,272751,273205,0,-3.8627272727279363,False
273295,2024-09-25 11:46:00,-1,25900.0,272696,272658,272691,2,-4.287575757575348,True
273370,2024-09-25 13:01:00,1,25908.0,273353,273342,273348,1,1.664848484848223,True
273432,2024-09-25 14:03:00,1,25946.6,273286,273257,273281,0,0.19181818181748042,False
273500,2024-09-25 15:11:00,1,25995.0,273065,273049,273060,2,1.4724242424242033,True
273553,2024-09-26 09:49:00,1,26064.35,273548,273527,273543,1,0.6393939393936557,True
273573,2024-09-26 10:09:00,1,26069.55,273560,273533,273555,0,-0.23939393939331632,False
273637,2024-09-26 11:13:00,1,26088.65,273636,273616,273631,0,-0.7881818181817105,False
273704,2024-09-26 12:20:00,1,26111.3,273701,273690,273696,0,-0.33030303030143754,False
273770,2024-09-26 13:26:00,1,26119.2,273758,273737,273753,0,0.7315151515143132,False
273796,2024-09-26 13:52:00,-1,26071.0,273620,273605,273615,16,-1.7466666666670319,True
273796,2024-09-26 13:52:00,-1,26071.55,273649,273634,273644,8,-1.7466666666670319,True
273813,2024-09-26 14:09:00,-1,26068.1,273632,273596,273627,6,-2.751212121211107,True
273813,2024-09-26 14:09:00,-1,26066.05,273759,273655,273754,3,-2.751212121211107,True
273969,2024-09-27 10:30:00,1,26391.2,273959,273933,273954,0,1.1157575757573688,False
274064,2024-09-27 12:05:00,1,26364.05,274042,274028,274037,0,2.4581818181822612,False
274141,2024-09-27 13:22:00,-1,26319.6,274140,274114,274135,0,0.4351515151518572,False
274269,2024-09-30 09:15:00,-1,26320.0,274245,274153,274240,0,-3.2287878787861746,False
274373,2024-09-30 10:59:00,-1,26105.0,274369,274354,274364,1,-1.3469696969707317,True
274497,2024-09-30 13:03:00,-1,26048.2,274435,274406,274430,5,-0.1606060606053722,True
274497,2024-09-30 13:03:00,-1,26050.0,274491,274467,274486,3,-0.1606060606053722,True
274552,2024-09-30 13:58:00,1,26023.9,274546,274530,274541,0,-1.2587878787881115,False
274564,2024-09-30 14:10:00,-1,26001.0,274554,274536,274549,1,-2.3860606060610534,True
274703,2024-10-01 10:14:00,-1,25980.05,274698,274685,274693,1,-0.9678787878788064,True
274717,2024-10-01 10:28:00,-1,25951.25,274605,274591,274600,1,-0.7739393939388856,True
274950,2024-10-01 14:21:00,-1,25947.6,274912,274889,274907,0,-0.33969696969673246,False
274950,2024-10-01 14:21:00,-1,25950.0,274943,274921,274938,0,-0.33969696969673246,False
274982,2024-10-01 14:53:00,1,25950.6,274968,274957,274963,1,2.5018181818184195,True
275019,2024-10-03 09:15:00,-1,25899.15,274767,274732,274762,0,-10.40515151515117,False
275175,2024-10-03 11:51:00,-1,25580.0,275173,275159,275168,1,-0.4784848484850538,True
275213,2024-10-03 12:29:00,-1,25566.0,275196,275185,275191,10,0.22696969696943173,False
275352,2024-10-03 14:48:00,-1,25452.75,275330,275312,275325,1,-0.6999999999981447,True
275490,2024-10-04 10:51:00,1,25492.0,275341,275320,275336,3,4.726969696969322,True
275490,2024-10-04 10:51:00,1,25486.9,275398,275385,275393,2,4.726969696969322,True
275550,2024-10-04 11:51:00,1,25524.9,275499,275274,275494,0,2.3121212121221633,False
275601,2024-10-04 12:42:00,-1,25453.55,275539,275502,275534,3,-17.597272727273378,True
275608,2024-10-04 12:49:00,-1,25370.0,275473,275459,275468,1,-7.5830303030301796,True
275697,2024-10-04 14:18:00,-1,25215.0,275690,275660,275685,1,0.33787878787896913,False
275731,2024-10-04 14:52:00,-1,25162.45,275728,275707,275723,2,-1.8475757575753582,True
275748,2024-10-04 15:09:00,1,25184.75,275746,275734,275741,0,-0.5524242424237257,False
275842,2024-10-07 10:28:00,-1,25197.0,275826,275804,275821,2,-3.6121212121210573,True
276017,2024-10-07 13:23:00,-1,24954.1,276009,275998,276004,3,-1.9784848484851196,True
276166,2024-10-08 09:37:00,-1,24955.9,276160,276144,276155,2,-4.554242424241599,True
276170,2024-10-08 09:41:00,-1,24947.0,276125,276111,276120,5,-3.767575757575176,True
276175,2024-10-08 09:46:00,1,25018.05,276149,276116,276144,1,4.307272727273363,True
276186,2024-10-08 09:57:00,1,25060.0,276184,276104,276179,1,1.27727272727281,True
276482,2024-10-08 14:53:00,-1,25070.1,276479,276392,276474,1,-3.3224242424249026,True
276548,2024-10-09 09:44:00,1,25185.0,276532,276458,276527,1,1.2345454545462182,True
276611,2024-10-09 10:47:00,1,25310.0,276607,276579,276602,0,0.002121212121056623,False
276639,2024-10-09 11:15:00,1,25338.0,276631,276615,276626,4,0.7987878787887971,True
276667,2024-10-09 11:43:00,-1,25310.6,276640,276617,276635,2,-3.678787878787862,True
276764,2024-10-09 13:20:00,-1,25206.0,276706,276685,276701,0,-1.0724242424234234,False
276827,2024-10-09 14:23:00,-1,25150.0,276547,276534,276542,1,-4.814545454545362,True
276945,2024-10-10 10:06:00,1,25245.6,276811,276761,276806,0,3.5427272727272174,False
276976,2024-10-10 10:37:00,-1,25224.2,276974,276959,276969,0,0.13060606060580868,False
277103,2024-10-10 12:44:00,-1,25151.7,277080,277057,277075,2,-1.583030303030278,True
277215,2024-10-10 14:36:00,-1,25131.35,277179,277118,277174,0,-0.8778787878773416,False
277215,2024-10-10 14:36:00,-1,25134.0,277196,277183,277191,1,-0.8778787878773416,True
277254,2024-10-10 15:15:00,-1,25114.0,277244,277224,277239,1,-0.1696969696966133,True
277304,2024-10-11 09:50:00,1,25128.0,277272,277260,277267,1,5.634545454544883,True
277305,2024-10-11 09:51:00,1,25130.0,277249,277232,277244,4,5.738787878788616,True
277460,2024-10-11 12:26:00,1,25049.45,277455,277440,277450,0,-0.16393939393893958,False
277504,2024-10-11 13:10:00,1,25063.95,277474,277390,277469,0,0.6051515151517641,False
277504,2024-10-11 13:10:00,1,25055.95,277497,277483,277492,3,0.6051515151517641,True
277554,2024-10-11 14:00:00,1,25079.0,277551,277528,277546,1,0.9693939393935861,True
277571,2024-10-11 14:17:00,-1,25042.0,277494,277480,277489,3,-2.393939393939509,True
277673,2024-10-14 09:44:00,1,25179.25,277093,277071,277088,0,1.1527272727277724,False
277673,2024-10-14 09:44:00,1,25175.0,277146,277082,277141,0,1.1527272727277724,False
277673,2024-10-14 09:44:00,1,25150.2,277329,277177,277324,6,1.1527272727277724,True
277673,2024-10-14 09:44:00,1,25150.0,277670,277647,277665,1,1.1527272727277724,True
277702,2024-10-14 10:13:00,-1,25204.0,277693,277681,277688,0,-3.735757575757048,False
277753,2024-10-14 11:04:00,-1,25186.0,277738,277726,277733,1,-2.0930303030293986,True
277787,2024-10-14 11:38:00,1,25230.25,277786,277764,277781,0,0.27818181818328824,False
277820,2024-10-14 12:11:00,1,25256.7,277801,276971,277796,2,2.194545454545152,True
277867,2024-10-14 12:58:00,-1,25220.0,277850,277839,277845,3,-1.5957575757563278,True
277876,2024-10-14 13:07:00,-1,25210.0,277788,277777,277783,5,-0.6751515151512285,True
277966,2024-10-14 14:37:00,1,25238.1,277946,277926,277941,2,2.6787878787870425,True
278057,2024-10-15 09:53:00,-1,25203.9,278002,277915,277997,0,-4.266969696968829,False
278092,2024-10-15 10:28:00,-1,25121.0,278072,277670,278067,0,-1.2278787878779098,False
278092,2024-10-15 10:28:00,-1,25124.95,278090,278079,278085,1,-1.2278787878779098,True
278148,2024-10-15 11:24:00,-1,25133.0,278147,278129,278142,0,0.31727272727220895,False
278241,2024-10-15 12:57:00,-1,25125.2,278226,278214,278221,1,-1.2596969696962101,True
278385,2024-10-15 15:21:00,1,25124.65,278381,278368,278376,0,0.34424242424351315,False
278394,2024-10-16 09:15:00,-1,25082.55,278369,278266,278364,0,-2.1160606060595812,False
278417,2024-10-16 09:38:00,1,25136.0,278339,278291,278334,3,3.390303030303076,True
278417,2024-10-16 09:38:00,1,25135.0,278416,278392,278411,0,3.390303030303076,False
278434,2024-10-16 09:55:00,1,25170.9,278428,278187,278423,1,0.6260606060603938,True
278478,2024-10-16 10:39:00,-1,25125.0,278472,278445,278467,3,-0.3757575757577491,True
278528,2024-10-16 11:29:00,-1,25030.0,277451,277435,277446,3,-1.8618181818176665,True
278528,2024-10-16 11:29:00,-1,25030.0,278522,277572,278517,2,-1.8618181818176665,True
278540,2024-10-16 11:41:00,-1,25001.1,277420,277400,277415,0,-1.8981818181811518,False
278592,2024-10-16 12:33:00,-1,24995.0,278581,278565,278576,1,-3.176060606060194,True
278617,2024-10-16 12:58:00,1,25011.0,278609,278597,278604,1,0.39272727272815067,True
278676,2024-10-16 13:57:00,-1,25025.3,278661,278645,278656,3,-1.5612121212112835,True
278680,2024-10-16 14:01:00,1,25046.05,278675,278660,278670,1,-0.36666666666705733,False
278781,2024-10-17 09:27:00,-1,24999.2,278620,278608,278615,1,-3.541818181817313,True
278788,2024-10-17 09:34:00,-1,24990.0,278786,278600,278781,0,0.5584848484858504,False
278837,2024-10-17 10:23:00,-1,24872.25,278827,278809,278822,2,-4.072424242423053,True
278976,2024-10-17 12:42:00,-1,24855.0,278966,278948,278961,0,-0.570909090908526,False
279082,2024-10-17 14:28:00,1,24845.05,279037,279026,279032,1,1.6315151515154476,True
279144,2024-10-18 09:15:00,-1,24817.45,279104,279050,279099,0,-5.05090909090774,False
279144,2024-10-18 09:15:00,-1,24825.0,279123,279111,279118,0,-5.05090909090774,False
279288,2024-10-18 11:39:00,1,24872.5,278998,278965,278993,0,4.179696969696576,False
279288,2024-10-18 11:39:00,1,24861.05,279134,279082,279129,1,4.179696969696576,True
279289,2024-10-18 11:40:00,1,24873.3,278958,278928,278953,3,6.220303030303122,True
279369,2024-10-18 13:00:00,-1,24934.95,279368,279350,279363,0,0.09636363636437466,False
279403,2024-10-18 13:34:00,1,24958.85,279370,279358,279365,4,0.2775757575764486,True
279626,2024-10-21 11:02:00,1,24870.0,279617,279588,279612,1,2.5418181818186474,True
279635,2024-10-21 11:11:00,-1,24835.0,279621,279607,279616,2,-5.079999999999971,True
279655,2024-10-21 11:31:00,-1,24810.0,279603,279577,279598,0,-0.583636363636141,False
279760,2024-10-21 13:16:00,1,24782.25,279718,279693,279713,3,3.8896969696981265,True
279760,2024-10-21 13:16:00,1,24781.5,279734,279719,279729,0,3.8896969696981265,False
279799,2024-10-21 13:55:00,1,24847.6,279770,279639,279765,0,4.989999999999058,False
279888,2024-10-21 15:24:00,-1,24780.4,279786,279774,279781,2,-2.2409090909085556,True
279966,2024-10-22 10:27:00,-1,24734.2,279756,279745,279751,1,-3.918181818181507,True
279988,2024-10-22 10:49:00,1,24752.85,279986,279974,279981,0,-0.3863636363630339,False
280090,2024-10-22 12:31:00,-1,24690.15,279974,279184,279969,1,-5.560303030303109,True
280107,2024-10-22 12:48:00,-1,24682.15,280103,280090,280098,1,-0.9845454545445603,True
280168,2024-10-22 13:49:00,1,24661.55,280166,280152,280161,1,1.1372727272738572,True
280206,2024-10-22 14:27:00,-1,24625.4,280152,280139,280147,1,-1.2372727272731885,True
280206,2024-10-22 14:27:00,-1,24627.0,280190,280155,280185,0,-1.2372727272731885,False
280226,2024-10-22 14:47:00,-1,24601.0,280222,280208,280217,1,-0.9196969696963072,True
280306,2024-10-23 09:52:00,1,24581.75,280287,280273,280282,1,11.351818181819297,True
280337,2024-10-23 10:23:00,-1,24570.0,280333,280322,280328,1,-0.8051515151514941,True
280375,2024-10-23 11:01:00,1,24630.0,280337,280220,280332,0,1.755757575758169,False
280507,2024-10-23 13:13:00,-1,24589.0,280502,280470,280497,0,-0.8869696969708917,False
280564,2024-10-23 14:10:00,-1,24563.15,280539,280460,280534,1,-0.12090909090919928,True
280644,2024-10-24 09:15:00,1,24507.5,280625,280614,280620,0,0.8590909090918767,False
280657,2024-10-24 09:28:00,-1,24461.1,280604,280295,280599,2,-1.5003030303027716,True
280747,2024-10-24 10:58:00,-1,24470.0,280726,280715,280721,4,-0.4463636363632456,True
280826,2024-10-24 12:17:00,-1,24450.0,280813,280766,280808,7,-0.4942424242423196,True
280863,2024-10-24 12:54:00,-1,24442.55,280840,280827,280835,2,-1.7306060606057514,True
280882,2024-10-24 13:13:00,-1,24435.0,280881,280868,280876,0,-0.10060606060631526,False
280946,2024-10-24 14:17:00,-1,24427.85,280910,280882,280905,9,-0.05575757575755568,True
280990,2024-10-24 15:01:00,1,24447.0,280929,280889,280924,2,0.39636363636380656,True
281015,2024-10-24 15:26:00,1,24456.6,281010,280996,281005,4,0.6278787878789103,True
281017,2024-10-24 15:28:00,1,24459.25,280860,280845,280855,4,0.8409090909096708,True
281018,2024-10-24 15:29:00,1,24473.0,280794,280783,280789,0,1.053030303031574,False
281019,2024-10-25 09:15:00,-1,24430.0,280994,280982,280989,0,1.3163636363629696,False
281038,2024-10-25 09:34:00,-1,24405.0,281033,280954,281028,3,-2.2303030303019638,True
281199,2024-10-25 12:15:00,-1,24140.0,281166,281135,281161,2,-3.603333333332306,True
281199,2024-10-25 12:15:00,-1,24138.0,281183,281118,281178,0,-3.603333333332306,False
281269,2024-10-25 13:25:00,-1,24115.0,281256,281238,281251,3,-2.7796969696971296,True
281283,2024-10-25 13:39:00,-1,24102.8,281280,281210,281275,1,-0.7796969696969324,True
281364,2024-10-25 15:00:00,1,24150.0,281249,281226,281244,8,0.4163636363647899,True
281375,2024-10-25 15:11:00,1,24168.1,281370,281354,281365,1,2.1381818181820984,True
281376,2024-10-25 15:12:00,1,24187.8,281187,281170,281182,2,3.519999999999516,True
281434,2024-10-28 09:55:00,1,24285.3,281407,281396,281402,0,8.049696969697122,False
281475,2024-10-28 10:36:00,1,24397.8,281474,281463,281469,0,1.2948484848498687,False
281502,2024-10-28 11:03:00,-1,24370.95,281477,281466,281472,1,-4.457575757575329,True
281543,2024-10-28 11:44:00,1,24410.0,281528,281517,281523,4,2.5733333333347477,True
281573,2024-10-28 12:14:00,1,24475.0,280780,280754,280775,2,4.5696969696971115,True
281681,2024-10-28 14:02:00,-1,24390.0,281615,281560,281610,0,0.37363636363700414,False
281681,2024-10-28 14:02:00,-1,24400.0,281665,281622,281660,2,0.37363636363700414,False
281683,2024-10-28 14:04:00,-1,24378.55,281541,281520,281536,2,-2.395151515150963,True
281740,2024-10-28 15:01:00,-1,24364.4,281704,281684,281699,0,-0.8981818181814836,False
281820,2024-10-29 10:06:00,-1,24210.5,281815,281802,281810,0,-1.731515151514518,False
281841,2024-10-29 10:27:00,1,24258.65,281833,281806,281828,3,3.1142424242434856,True
281936,2024-10-29 12:02:00,1,24274.9,281924,281842,281919,1,1.1063636363639011,True
282045,2024-10-29 13:51:00,-1,24289.35,281969,281942,281964,7,-0.8863636363634283,True
282062,2024-10-29 14:08:00,1,24426.65,281743,281679,281738,1,12.431818181818697,True
282063,2024-10-29 14:09:00,1,24438.1,281724,281669,281719,1,11.079393939393695,True
282120,2024-10-29 15:06:00,1,24486.95,281579,280744,281574,2,0.909393939393929,True
282121,2024-10-29 15:07:00,1,24494.15,281598,280718,281593,0,2.2512121212127707,False
282144,2024-10-30 09:15:00,-1,24455.0,282140,282113,282135,0,-1.0272727272711621,False
282242,2024-10-30 10:53:00,1,24448.0,282189,282170,282184,10,2.9548484848481635,True
282273,2024-10-30 11:24:00,1,24478.0,282249,282141,282244,0,2.65030303030273,False
282367,2024-10-30 12:58:00,1,24480.0,282336,282308,282331,9,0.3169696969699567,True
282367,2024-10-30 12:58:00,1,24483.0,282359,282293,282354,0,0.3169696969699567,False
282373,2024-10-30 13:04:00,1,24485.0,282372,282274,282367,0,1.3281818181831446,False
282385,2024-10-30 13:16:00,-1,24400.0,282220,282191,282215,0,-10.313636363636338,False
282442,2024-10-30 14:13:00,-1,24362.75,282436,282412,282431,1,-1.8012121212118293,True
282519,2024-10-31 09:15:00,-1,24353.35,282503,282490,282498,0,-3.694545454544309,False
282534,2024-10-31 09:30:00,-1,24284.35,282049,282017,282044,5,-4.660303030303378,True
282643,2024-10-31 11:19:00,-1,24241.05,282546,281926,282541,13,-0.8975757575761266,True
282727,2024-10-31 12:43:00,-1,24200.0,281913,281894,281908,0,-1.2909090909073107,False
282784,2024-10-31 13:40:00,1,24210.85,282779,282768,282774,1,0.2015151515151581,True
282834,2024-10-31 14:30:00,-1,24192.0,282739,281878,282734,4,-0.8575757575752637,True
283107,2024-11-04 12:48:00,-1,23960.0,283104,283089,283099,1,-0.30696969696902415,True
283398,2024-11-05 11:24:00,-1,24077.95,283358,283333,283353,0,-2.4612121212111266,False
283521,2024-11-05 13:27:00,1,24132.6,283380,283367,283375,0,9.112424242424327,False
283547,2024-11-05 13:53:00,1,24212.65,283533,282921,283528,0,2.1954545454549614,False
283644,2024-11-06 09:15:00,1,24320.0,283622,283596,283617,0,4.073333333332878,False
283783,2024-11-06 11:34:00,1,24476.0,283781,283765,283776,1,0.7415151515155385,True
283908,2024-11-06 13:39:00,1,24586.8,283905,283882,283900,2,1.2769696969697621,True
283947,2024-11-06 14:18:00,1,24616.5,283944,283929,283939,2,-0.1460606060606749,False
284028,2024-11-07 09:24:00,-1,24516.15,284024,283862,284019,1,-2.855757575757174,True
284056,2024-11-07 09:52:00,-1,24450.0,283773,283753,283768,5,-1.3669696969682252,True
284063,2024-11-07 09:59:00,-1,24390.35,283739,283665,283734,0,-5.587575757575186,False
284091,2024-11-07 10:27:00,-1,24308.0,284074,283651,284069,2,-1.265454545453522,True
284119,2024-11-07 10:55:00,1,24349.45,284094,284072,284089,0,1.8569696969702099,False
284211,2024-11-07 12:27:00,1,24334.7,284169,284156,284164,1,3.4245454545464327,True
284286,2024-11-07 13:42:00,-1,24301.0,284207,284189,284202,1,-0.7503030303025514,True
284288,2024-11-07 13:44:00,-1,24289.0,284152,284094,284147,0,-1.9627272727276899,False
284362,2024-11-07 14:58:00,1,24305.0,284355,284343,284350,3,0.1972727272731122,True
284392,2024-11-07 15:28:00,-1,24293.7,284357,284338,284352,0,-0.6596969696966981,False
284394,2024-11-08 09:15:00,-1,24271.15,283618,283607,283613,0,1.358787878787491,False
284424,2024-11-08 09:45:00,1,24317.8,284310,284279,284305,7,5.397272727272709,True
284424,2024-11-08 09:45:00,1,24334.9,284399,284259,284394,0,5.397272727272709,False
284504,2024-11-08 11:05:00,-1,24253.65,284499,284485,284494,3,-1.4687878787878195,True
284640,2024-11-08 13:21:00,1,24267.7,284639,284511,284634,0,0.22121212121211642,False
284690,2024-11-08 14:11:00,-1,24237.7,284681,284669,284676,3,-0.05787878787838878,True
284769,2024-11-11 09:15:00,-1,24153.35,284404,283534,284399,0,-7.203030303029194,False
284841,2024-11-11 10:27:00,1,24246.0,284808,284748,284803,4,6.619090909090751,True
284841,2024-11-11 10:27:00,1,24252.0,284817,284734,284812,0,6.619090909090751,False
284845,2024-11-11 10:31:00,1,24318.0,284465,284452,284460,1,13.52575757575731,True
284917,2024-11-11 11:43:00,1,24411.5,284912,284892,284907,0,0.5224242424247483,False
284955,2024-11-11 12:21:00,-1,24308.45,284951,284867,284946,2,-0.7878787878790021,True
285144,2024-11-12 09:15:00,1,24297.8,285032,285021,285027,0,2.643333333334432,False
285219,2024-11-12 10:30:00,1,24270.15,285213,285199,285208,4,2.999696969695791,True
285267,2024-11-12 11:18:00,-1,24203.0,285258,285243,285253,1,-2.4442424242415943,True
285318,2024-11-12 12:09:00,-1,24200.95,285313,285301,285308,0,0.5712121212131263,False
285322,2024-11-12 12:13:00,-1,24182.0,285240,285229,285235,0,-1.302121212119941,False
285464,2024-11-12 14:35:00,1,24060.0,285458,285435,285453,1,1.9990909090906057,True
285496,2024-11-12 15:07:00,-1,23995.2,285494,285412,285489,1,-3.7136363636357084,True
285577,2024-11-13 10:13:00,-1,23780.0,285576,285553,285571,0,-2.6660606060594954,False
285642,2024-11-13 11:18:00,-1,23772.5,285641,285604,285636,0,0.003030303030165401,False
285731,2024-11-13 12:47:00,-1,23750.0,285700,285668,285695,3,-1.9612121212123792,True
285791,2024-11-13 13:47:00,1,23794.9,285723,285708,285718,1,4.627272727274048,True
285824,2024-11-13 14:20:00,-1,23706.75,285784,285773,285779,3,-3.038787878788069,True
285864,2024-11-13 15:00:00,-1,23634.95,285861,285846,285856,0,-0.19393939393950774,False
285939,2024-11-14 10:00:00,1,23709.1,285908,285831,285903,0,4.8142424242419395,False
286006,2024-11-14 11:07:00,-1,23600.0,285926,285869,285921,1,-5.0681818181821985,True
286058,2024-11-14 11:59:00,1,23611.65,286046,286034,286041,0,0.6927272727273108,False
286219,2024-11-14 14:40:00,-1,23604.85,286212,286191,286207,0,-0.1654545454538512,False
286239,2024-11-14 15:00:00,-1,23591.45,286172,286097,286167,1,-0.8336363636364944,True
286268,2024-11-14 15:29:00,1,23621.7,286252,286214,286247,0,0.5136363636366231,False
286268,2024-11-14 15:29:00,1,23616.0,286265,286254,286260,2,0.5136363636366231,True
286271,2024-11-18 09:17:00,-1,23563.45,286251,286012,286246,1,-0.3036363636351078,True
286644,2024-11-19 09:15:00,1,23569.0,286553,286533,286548,1,2.4133333333343745,True
286714,2024-11-19 10:25:00,1,23770.0,286705,286675,286700,0,2.7809090909094216,False
286718,2024-11-19 10:29:00,1,23803.0,285806,285795,285801,4,7.86151515151471,True
286772,2024-11-19 11:23:00,1,23800.0,286763,286730,286758,4,0.6057575757581573,True
286773,2024-11-19 11:24:00,1,23807.3,285689,285650,285684,4,1.2893939393932998,True
286852,2024-11-19 12:43:00,-1,23800.0,286845,286818,286840,0,-1.1042424242415256,False
286878,2024-11-19 13:09:00,1,23816.25,286876,286844,286871,1,0.20575757575819292,True
287004,2024-11-19 15:15:00,-1,23495.9,286619,286607,286614,6,-9.4181818181814,True
287019,2024-11-21 09:15:00,-1,23455.0,286593,286410,286588,0,-2.689696969696002,False
287136,2024-11-21 11:12:00,1,23367.9,287124,287088,287119,11,-0.16030303030203016,False
287184,2024-11-21 12:00:00,1,23387.6,287162,287145,287157,0,1.363939393939708,False
287232,2024-11-21 12:48:00,-1,23373.5,287220,287192,287215,3,-1.0209090909094085,True
287240,2024-11-21 12:56:00,-1,23360.0,287167,287135,287162,2,-1.5906060606067234,True
287318,2024-11-21 14:14:00,-1,23365.2,287297,287284,287292,1,-0.050303030304230216,True
287367,2024-11-21 15:03:00,-1,23334.45,287249,287101,287244,4,0.6509090909086204,False
287394,2024-11-22 09:15:00,1,23392.0,287284,287212,287279,0,0.4933333333330606,False
287394,2024-11-22 09:15:00,1,23369.5,287386,287348,287381,0,0.4933333333330606,False
287537,2024-11-22 11:38:00,1,23567.8,287510,287499,287505,0,0.4545454545459323,False
287679,2024-11-22 14:00:00,1,23830.0,286833,286815,286828,0,4.613333333332644,False
287679,2024-11-22 14:00:00,1,23825.0,286908,286880,286903,0,4.613333333332644,False
287806,2024-11-25 09:52:00,-1,24281.0,287805,287789,287800,0,-1.6848484848477772,False
287875,2024-11-25 11:01:00,1,24338.3,287849,287784,287844,1,0.2203030303028071,True
287875,2024-11-25 11:01:00,1,24332.0,287868,287857,287863,0,0.2203030303028071,False
287910,2024-11-25 11:36:00,-1,24305.75,287875,287853,287870,0,-0.3748484848479752,False
287986,2024-11-25 12:52:00,-1,24262.2,287942,287829,287937,0,-3.1115151515145256,False
288090,2024-11-25 14:36:00,1,24225.0,288086,288074,288081,0,-0.6851515151510077,False
288151,2024-11-26 09:22:00,1,24323.3,287950,287917,287945,2,2.5218181818187926,True
288207,2024-11-26 10:18:00,-1,24190.5,288123,288088,288118,2,-6.6172727272726135,True
288425,2024-11-26 13:56:00,1,24208.75,288424,288366,288419,0,2.71969696969725,False
288487,2024-11-26 14:58:00,1,24270.05,288478,288180,288473,1,2.214242424242905,True
288533,2024-11-27 09:29:00,-1,24194.0,288500,288459,288495,7,-2.0084848484849953,True
288663,2024-11-27 11:39:00,1,24216.0,288635,288578,288630,4,0.5218181818189858,True
288704,2024-11-27 12:20:00,1,24244.45,288689,288557,288684,0,2.5739393939395216,False
288744,2024-11-27 13:00:00,1,24337.0,288730,288151,288725,2,1.089696969697418,True
288753,2024-11-27 13:09:00,1,24339.05,288149,287905,288144,8,-0.07787878787809174,False
288787,2024-11-27 13:43:00,1,24355.0,288766,288755,288761,5,3.835151515151903,True
288794,2024-11-27 13:50:00,1,24365.0,287901,287879,287896,3,1.262424242424791,True
288817,2024-11-27 14:13:00,-1,24315.0,288810,288779,288805,2,-2.6757575757577725,True
288849,2024-11-27 14:45:00,-1,24307.0,288831,288740,288826,4,-1.5378787878784306,True
288864,2024-11-27 15:00:00,-1,24300.05,288863,288849,288858,0,1.5272727272723707,False
288977,2024-11-28 10:38:00,-1,24141.7,288345,288333,288340,2,-19.678484848484818,True
289044,2024-11-28 11:45:00,1,24068.35,289038,289022,289033,2,0.20818181818213463,True
289191,2024-11-28 14:12:00,-1,23965.0,289140,289127,289135,0,-3.1872727272718184,False
289398,2024-11-29 11:24:00,1,24285.0,289371,289354,289366,7,0.2712121212126022,True
289412,2024-11-29 11:38:00,-1,24254.05,289398,289380,289393,0,-3.1084848484840086,False
289493,2024-11-29 12:59:00,1,24270.0,289470,289449,289465,3,4.226060606060294,True
289704,2024-12-02 10:15:00,1,24314.15,289680,289643,289675,0,-2.992424242424391,False
289766,2024-12-02 11:17:00,1,24300.0,289763,289742,289758,1,0.8175757575765702,True
289882,2024-12-02 13:13:00,-1,24325.0,289866,289847,289861,2,-0.876363636363618,True
289910,2024-12-02 13:41:00,1,24344.05,289891,289877,289886,5,2.782121212121083,True
289971,2024-12-02 14:42:00,1,24462.1,289967,289947,289962,2,0.0375757575762354,True
290080,2024-12-03 10:16:00,1,24456.0,290069,290056,290064,7,0.7966666666670702,True
290125,2024-12-03 11:01:00,1,24541.05,290115,290104,290110,1,1.9063636363635341,True
290178,2024-12-03 11:54:00,-1,24532.25,290171,290138,290166,3,-1.589090909091384,True
290277,2024-12-03 13:33:00,1,24561.75,290189,290158,290184,1,1.9427272727280909,True
290321,2024-12-03 14:17:00,1,24587.95,290304,290285,290299,3,0.4218181818183785,True
290379,2024-12-03 15:15:00,-1,24550.0,290367,290343,290362,2,-0.3509090909106021,True
290401,2024-12-04 09:22:00,1,24575.9,290400,290366,290395,0,2.91939393939362,False
290459,2024-12-04 10:20:00,-1,24619.0,290457,290436,290452,0,-0.4869696969698104,False
290516,2024-12-04 11:17:00,-1,24605.5,290512,290499,290507,0,-0.11696969696927535,False
290686,2024-12-04 14:07:00,1,24635.9,290542,290495,290537,0,-1.0024242424231011,False
290698,2024-12-04 14:19:00,-1,24607.15,290697,290686,290692,0,-0.030606060606131864,False
290769,2024-12-05 09:15:00,1,24573.1,290768,290725,290763,0,-0.36757575757527333,False
290803,2024-12-05 09:49:00,-1,24510.0,290740,290603,290735,1,-5.254242424242189,True
290872,2024-12-05 10:58:00,-1,24442.9,290561,290078,290556,0,-2.1112121212112847,False
290945,2024-12-05 12:11:00,1,24641.5,290477,290458,290472,2,19.047575757576602,True
291051,2024-12-05 13:57:00,1,24746.8,291014,290953,291009,7,0.11878787878800139,True
291082,2024-12-05 14:28:00,1,24848.65,291081,291067,291076,0,-0.8490909090915367,False
291275,2024-12-06 11:26:00,-1,24771.0,291248,291221,291243,3,-1.8351515151503783,True
291391,2024-12-06 13:22:00,-1,24794.85,291351,291339,291346,2,-2.4760606060600185,True
291391,2024-12-06 13:22:00,-1,24795.1,291376,291357,291371,1,-2.4760606060600185,True
291461,2024-12-06 14:32:00,-1,24774.15,291428,291328,291423,3,-2.4042424242411986,True
291505,2024-12-06 15:16:00,1,24800.0,291488,291452,291483,1,2.1536363636368283,True
291556,2024-12-09 09:52:00,-1,24703.75,291211,291197,291206,4,-0.7209090909083139,True
291610,2024-12-09 10:46:00,1,24704.75,291599,291562,291594,0,2.1503030303030486,False
291715,2024-12-09 12:31:00,-1,24730.0,291714,291696,291709,0,-0.035757575757879766,False
291920,2024-12-10 09:41:00,1,24724.85,291819,291801,291814,11,1.6451515151511122,True
291938,2024-12-10 09:59:00,1,24753.15,291767,291713,291762,0,2.7609090909085614,False
291975,2024-12-10 10:36:00,-1,24720.2,291966,291932,291961,1,-1.1690909090901727,True
292074,2024-12-10 12:15:00,-1,24680.0,291872,291832,291867,6,-3.185454545455058,True
292074,2024-12-10 12:15:00,-1,24680.0,291913,291877,291908,0,-3.185454545455058,False
292094,2024-12-10 12:35:00,-1,24650.0,292079,291579,292074,0,-2.401515151514936,False
292239,2024-12-10 15:00:00,1,24659.8,292236,292125,292231,0,0.12969696969618147,False
292340,2024-12-11 10:26:00,1,24746.5,292035,291969,292030,1,4.611212121211366,True
292348,2024-12-11 10:34:00,1,24756.45,292346,291959,292341,0,0.3845454545459492,False
292409,2024-12-11 11:35:00,1,24776.0,292369,291528,292364,1,1.2081818181817725,True
292443,2024-12-11 12:09:00,-1,24773.55,292442,292427,292437,0,0.6403030303036095,False
292473,2024-12-11 12:39:00,-1,24741.1,292454,292356,292449,1,-0.6833333333340279,True
292526,2024-12-11 13:32:00,1,24759.75,292517,292505,292512,2,0.646666666667226,True
292598,2024-12-11 14:44:00,-1,24729.0,292582,292491,292577,1,-1.110606060604887,True
292697,2024-12-12 10:08:00,-1,24713.0,292680,292644,292675,0,-0.16909090909013944,False
292757,2024-12-12 11:08:00,-1,24682.85,292726,292333,292721,4,-0.5075757575758316,True
292799,2024-12-12 11:50:00,-1,24680.8,292795,292776,292790,0,-0.3972727272731897,False
292800,2024-12-12 11:51:00,-1,24675.0,292763,292749,292758,0,-0.8227272727275514,False
292811,2024-12-12 12:02:00,-1,24671.1,292309,292262,292304,2,0.032121212121189006,False
292878,2024-12-12 13:09:00,-1,24651.0,292862,292849,292857,7,-0.4203030303027054,True
292944,2024-12-12 14:15:00,1,24664.1,292859,292844,292854,8,1.0718181818195396,True
292944,2024-12-12 14:15:00,1,24664.15,292914,292865,292909,0,1.0718181818195396,False
293019,2024-12-13 09:15:00,-1,24618.0,292217,292200,292212,0,-4.332424242424622,False
293019,2024-12-13 09:15:00,-1,24627.75,292901,292225,292896,1,-4.332424242424622,True
293019,2024-12-13 09:15:00,-1,24635.35,292988,292927,292983,3,-4.332424242424622,True
293179,2024-12-13 11:55:00,1,24468.0,293053,293040,293048,0,5.413333333332068,False
293210,2024-12-13 12:26:00,1,24655.95,292975,292960,292970,9,1.5521212121214023,True
293210,2024-12-13 12:26:00,1,24655.0,293015,292999,293010,3,1.5521212121214023,True
293210,2024-12-13 12:26:00,1,24650.2,293209,293184,293204,0,1.5521212121214023,False
293243,2024-12-13 12:59:00,1,24695.9,292797,292781,292792,0,3.7909090909097043,False
293286,2024-12-13 13:42:00,1,24765.55,292531,292470,292526,2,3.685454545454466,True
293296,2024-12-13 13:52:00,1,24794.15,292424,292412,292419,3,1.7724242424249272,True
293331,2024-12-13 14:27:00,1,24809.9,293311,293296,293306,0,0.43696969697084276,False
293369,2024-12-13 15:05:00,1,24800.0,293365,293347,293360,0,-1.1775757575751498,False
293408,2024-12-16 09:29:00,-1,24761.15,293350,293311,293345,3,-2.62181818181716,True
293636,2024-12-16 13:17:00,1,24739.75,293514,293490,293509,2,0.5257575757589472,True
293667,2024-12-16 13:48:00,-1,24710.1,293659,293645,293654,0,-0.7978787878770871,False
293688,2024-12-16 14:09:00,1,24755.0,293644,293478,293639,0,0.846666666667302,False
293769,2024-12-17 09:15:00,-1,24672.4,293595,293574,293590,0,-4.3809090909081245,False
293769,2024-12-17 09:15:00,-1,24700.75,293672,293616,293667,0,-4.3809090909081245,False
293789,2024-12-17 09:35:00,-1,24640.0,293775,293265,293770,0,-1.8648484848477345,False
293834,2024-12-17 10:20:00,-1,24560.0,293819,293229,293814,0,-1.1357575757570102,False
293960,2024-12-17 12:26:00,1,24472.0,293951,293938,293946,0,1.1851515151512022,False
294173,2024-12-18 09:44:00,1,24440.15,294127,294114,294122,1,8.698484848485078,True
294246,2024-12-18 10:57:00,-1,24303.55,294212,294201,294207,0,-3.721818181818418,False
294316,2024-12-18 12:07:00,-1,24276.6,294279,294265,294274,0,-1.369696969696531,False
294519,2024-12-19 09:15:00,-1,24236.0,294473,294461,294468,1,-12.816666666666476,True
294661,2024-12-19 11:38:00,1,24016.9,294613,294596,294608,0,1.0921212121222472,False
294761,2024-12-19 13:18:00,-1,24006.45,294737,294677,294732,1,-1.5669696969693203,True
294868,2024-12-19 15:05:00,1,24020.0,294827,294812,294822,2,1.2484848484850481,True
294882,2024-12-19 15:19:00,-1,24004.1,294867,294846,294862,0,-0.8615151515149736,False
294893,2024-12-20 09:15:00,-1,23975.2,294640,294627,294635,0,-1.4475757575749617,False
294893,2024-12-20 09:15:00,-1,23990.0,294768,294657,294763,0,-1.4475757575749617,False
294893,2024-12-20 09:15:00,-1,24001.0,294789,294774,294784,4,-1.4475757575749617,True
294893,2024-12-20 09:15:00,-1,24000.85,294835,294792,294830,0,-1.4475757575749617,False
294915,2024-12-20 09:37:00,1,24031.0,294750,294724,294745,3,4.630303030303412,True
294915,2024-12-20 09:37:00,1,24030.05,294873,294805,294868,1,4.630303030303412,True
294917,2024-12-20 09:39:00,1,24044.25,294564,294548,294559,1,10.65909090909051,True
294927,2024-12-20 09:49:00,-1,23921.05,294541,294527,294536,4,-12.633030303031191,True
294927,2024-12-20 09:49:00,-1,23921.0,294909,294896,294904,0,-12.633030303031191,False
294981,2024-12-20 10:43:00,1,23984.3,294974,294957,294969,4,3.7012121212127207,True
295098,2024-12-20 12:40:00,-1,23880.0,295093,295073,295088,1,-0.8048484848472572,True
295275,2024-12-23 09:22:00,1,23808.45,295274,295119,295269,0,14.096363636363854,False
295322,2024-12-23 10:09:00,1,23821.7,295291,295276,295286,1,8.041212121212416,True
295410,2024-12-23 11:37:00,-1,23878.05,295402,295388,295397,0,-0.827272727272154,False
295482,2024-12-23 12:49:00,-1,23725.65,295315,295293,295310,3,0.09303030303150707,False
295521,2024-12-23 13:28:00,-1,23685.1,295513,295494,295508,2,0.23484848484911658,False
295535,2024-12-23 13:42:00,1,23713.95,295522,295508,295517,0,3.4775757575771293,False
295651,2024-12-24 09:23:00,1,23780.0,295618,295605,295613,7,2.2315151515164455,True
295651,2024-12-24 09:23:00,1,23780.0,295641,295625,295636,2,2.2315151515164455,True
295660,2024-12-24 09:32:00,-1,23740.0,295608,295580,295603,1,-2.0299999999999723,True
295687,2024-12-24 09:59:00,1,23807.5,295686,295450,295681,0,1.7375757575769453,False
295705,2024-12-24 10:17:00,1,23844.95,295703,295436,295698,0,-0.04999999999977352,False
295810,2024-12-24 12:02:00,-1,23839.0,295804,295784,295799,2,-1.5281818181806417,True
295811,2024-12-24 12:03:00,-1,23830.1,295746,295734,295741,1,-2.1639393939406406,True
296015,2024-12-24 15:27:00,1,23778.95,296013,295990,296008,1,0.33090909090908804,True
296019,2024-12-26 09:16:00,1,23820.0,295889,295870,295884,2,2.699393939394566,True
296070,2024-12-26 10:07:00,-1,23750.0,295975,295962,295970,1,-4.6863636363632,True
296070,2024-12-26 10:07:00,-1,23754.55,296001,295989,295996,0,-4.6863636363632,False
296092,2024-12-26 10:29:00,-1,23730.0,296075,295946,296070,3,-0.6478787878780055,True
296111,2024-12-26 10:48:00,-1,23716.15,296098,295662,296093,1,-1.4293939393937705,True
296227,2024-12-26 12:44:00,1,23745.0,296216,296201,296211,2,0.7478787878792017,True
296277,2024-12-26 13:34:00,-1,23732.65,296209,296197,296204,0,-0.470303030303189,False
296277,2024-12-26 13:34:00,-1,23742.4,296248,296235,296243,2,-0.470303030303189,True
296564,2024-12-27 12:06:00,-1,24028.6,296563,296533,296558,0,-0.5345454545459211,False
296690,2024-12-27 14:12:00,-1,24025.0,296689,296664,296684,0,-1.1081818181825451,False
296727,2024-12-27 14:49:00,-1,24012.0,296718,296698,296713,3,-0.9690909090910138,True
296728,2024-12-27 14:50:00,-1,24005.0,296603,296575,296598,1,-1.829393939393053,True
296768,2024-12-30 09:15:00,-1,23967.05,296743,296405,296738,0,-1.1399999999999508,False
296905,2024-12-30 11:32:00,1,24010.0,296867,296767,296862,0,4.546666666667134,False
296916,2024-12-30 11:43:00,1,24033.7,296728,296695,296723,2,-0.7181818181817892,False
296923,2024-12-30 11:50:00,1,24054.7,296556,296540,296551,0,4.137575757575875,False
297019,2024-12-30 13:26:00,-1,23910.0,296969,296833,296964,3,-3.7624242424239824,True
297125,2024-12-30 15:12:00,-1,23800.6,297119,297090,297114,2,-2.3712121212126562,True
297143,2024-12-31 09:15:00,-1,23771.75,297131,297075,297126,0,-5.9772727272730455,False
297341,2024-12-31 12:33:00,1,23776.95,297297,297263,297292,3,0.984242424242984,True
297366,2024-12-31 12:58:00,-1,23735.0,297360,297348,297355,5,-1.8242424242414133,True
297517,2024-12-31 15:29:00,1,23817.1,297492,297478,297487,5,1.2306060606065905,True
297519,2025-01-01 09:16:00,-1,23765.0,297466,297450,297461,0,-2.2793939393923224,False
297592,2025-01-01 10:29:00,1,23798.9,297581,297523,297576,0,1.4827272727273546,False
297602,2025-01-01 10:39:00,1,23819.3,297522,297499,297517,0,-0.4060606060600632,False
297651,2025-01-01 11:28:00,-1,23872.0,297639,297628,297634,0,-1.9236363636365812,False
297698,2025-01-01 12:15:00,1,23875.0,297697,297669,297692,0,1.2366666666672148,False
297802,2025-01-01 13:59:00,1,23915.0,297801,297714,297796,0,2.611515151514795,False
298083,2025-01-02 12:25:00,1,24079.0,298033,296923,298028,0,3.509696969698266,False
298083,2025-01-02 12:25:00,1,24070.9,298074,298058,298069,0,3.509696969698266,False
298154,2025-01-02 13:36:00,1,24214.1,298149,298138,298144,0,1.167272727273616,False
298297,2025-01-03 09:44:00,-1,24173.7,298154,298133,298149,6,0.17000000000071122,False
298325,2025-01-03 10:12:00,-1,24136.0,298316,298108,298311,3,-7.159696969696983,True
298388,2025-01-03 11:15:00,1,24155.8,298386,298334,298381,1,1.9921212121227994,True
298538,2025-01-03 13:45:00,-1,24175.0,298535,298509,298530,1,0.3481818181815932,False
298550,2025-01-03 13:57:00,-1,24154.6,298549,298488,298544,0,-0.6530303030298636,False
298551,2025-01-03 13:58:00,-1,24140.0,298475,298463,298470,1,-2.0681818181813774,True
298582,2025-01-03 14:29:00,1,24126.0,298580,298567,298575,1,0.3115151515158432,True
298592,2025-01-03 14:39:00,1,24135.45,298588,298560,298583,2,1.2781818181812965,True
298614,2025-01-03 15:01:00,-1,24100.0,298577,298564,298572,1,-1.7772727272727238,True
298619,2025-01-03 15:06:00,-1,24092.9,298369,298349,298364,3,-2.0006060606054383,True
298650,2025-01-06 09:22:00,1,24139.9,298605,298592,298600,1,2.848787878788462,True
298789,2025-01-06 11:41:00,-1,23817.55,298771,297678,298766,0,-4.533939393938711,False
298881,2025-01-06 13:13:00,-1,23801.85,298866,298854,298861,2,-2.2906060606063052,True
299018,2025-01-07 09:15:00,1,23765.0,298943,298908,298938,0,3.0212121212134377,False
299203,2025-01-07 12:20:00,-1,23803.0,299202,299117,299197,0,-0.9878787878783728,False
299296,2025-01-07 13:53:00,-1,23808.25,299247,299223,299242,0,-1.8054545454545257,False
299393,2025-01-08 09:15:00,-1,23783.05,299356,299309,299351,0,0.057878787879517085,False
299479,2025-01-08 10:41:00,-1,23672.0,299471,298977,299466,2,-1.1384848484841537,True
299529,2025-01-08 11:31:00,1,23676.2,299522,299499,299517,3,5.133939393940022,True
299638,2025-01-08 13:20:00,1,23646.0,299586,299567,299581,1,-0.21606060606059233,False
299661,2025-01-08 13:43:00,1,23695.0,299654,299535,299649,0,-0.8157575757578868,False
299687,2025-01-08 14:09:00,1,23775.2,299677,299454,299672,2,0.5824242424248692,True
299689,2025-01-08 14:11:00,1,23785.0,299438,299419,299433,3,3.048181818181716,True
299698,2025-01-08 14:20:00,1,23809.9,299695,299373,299690,0,0.9215151515151999,False
299768,2025-01-09 09:15:00,-1,23750.0,299687,299676,299682,0,-2.6281818181803716,False
299768,2025-01-09 09:15:00,-1,23760.1,299748,299709,299743,0,-2.6281818181803716,False
299860,2025-01-09 10:47:00,-1,23681.1,299798,299779,299793,1,-3.499090909090558,True
299949,2025-01-09 12:16:00,1,23667.0,299918,299897,299913,3,1.8415151515163102,True
299985,2025-01-09 12:52:00,-1,23636.0,299928,299905,299923,4,-1.8087878787873963,True
300058,2025-01-09 14:05:00,1,23645.75,300024,300007,300019,4,1.1436363636368718,True
300099,2025-01-09 14:46:00,-1,23621.7,300032,299991,300027,3,-0.9012121212125224,True
300134,2025-01-09 15:21:00,1,23649.45,300133,300114,300128,0,-0.0012121212121956404,False
300155,2025-01-10 09:27:00,-1,23615.05,299641,299619,299636,3,-1.784848484848149,True
300156,2025-01-10 09:28:00,-1,23605.0,299612,299590,299607,1,-3.825151515150279,True
300248,2025-01-10 11:00:00,1,23556.8,300241,300171,300236,1,1.22818181818124,True
300263,2025-01-10 11:15:00,1,23670.5,300147,299969,300142,0,2.1978787878785955,False
300290,2025-01-10 11:42:00,-1,23601.25,300280,300260,300275,0,-4.557272727272187,False
300318,2025-01-10 12:10:00,-1,23580.0,300308,300293,300303,1,-4.679696969696899,True
300439,2025-01-10 14:11:00,-1,23550.1,300403,300318,300398,1,-2.2051515151517167,True
300507,2025-01-10 15:19:00,1,23513.95,300488,300458,300483,0,1.2560606060607686,False
300518,2025-01-13 09:15:00,-1,23468.75,300459,300223,300454,4,-11.69666666666769,True
300578,2025-01-13 10:15:00,1,23333.2,300571,300535,300566,0,3.0678787878791853,False
300692,2025-01-13 12:09:00,-1,23272.25,300690,300677,300685,1,-0.32545454545486585,True
300741,2025-01-13 12:58:00,-1,23251.2,300560,300519,300555,3,-1.9951515151516213,True
300882,2025-01-13 15:19:00,1,23168.0,300878,300863,300873,3,2.315151515151356,True
300893,2025-01-14 09:15:00,1,23193.4,300814,300798,300809,1,3.9296969696972295,True
300956,2025-01-14 10:18:00,-1,23210.1,300938,300920,300933,0,-2.558787878787037,False
300997,2025-01-14 10:59:00,1,23299.0,300728,300689,300723,5,0.18272727272697298,True
301078,2025-01-14 12:20:00,-1,23245.0,301071,301060,301066,3,-0.4554545454543359,True
301098,2025-01-14 12:40:00,1,23269.9,301069,301055,301064,0,1.262727272727,False
301166,2025-01-14 13:48:00,-1,23232.9,301161,301139,301156,1,-0.5475757575754153,True
301188,2025-01-14 14:10:00,1,23254.0,301138,301127,301133,4,0.14757575757614524,True
301313,2025-01-15 10:00:00,1,23273.0,301310,301299,301305,1,1.445454545455628,True
301360,2025-01-15 10:47:00,1,23340.0,301018,300647,301013,1,3.8257575757581392,True
301429,2025-01-15 11:56:00,1,23283.9,301425,301413,301420,3,0.7830303030307809,True
301474,2025-01-15 12:41:00,1,23298.55,301473,301440,301468,0,-0.17030303030323282,False
301512,2025-01-15 13:19:00,-1,23244.6,301329,301316,301324,0,-2.908181818182678,False
301590,2025-01-15 14:37:00,1,23239.7,301539,301527,301534,1,1.4809090909086853,True
301613,2025-01-15 15:00:00,1,23260.0,301603,301518,301598,5,1.808181818183042,True
301660,2025-01-16 09:32:00,1,23408.3,300615,300599,300610,2,1.3427272727280282,True
301660,2025-01-16 09:32:00,1,23406.5,301655,301643,301650,2,1.3427272727280282,True
301729,2025-01-16 10:41:00,1,23386.25,301708,301689,301703,10,1.1009090909089059,True
301741,2025-01-16 10:53:00,-1,23358.35,301707,301692,301702,0,-1.5972727272726286,False
301842,2025-01-16 12:34:00,1,23381.95,301829,301808,301824,2,0.9681818181823665,True
301853,2025-01-16 12:45:00,1,23391.65,301848,301729,301843,0,0.17363636363703172,False
301924,2025-01-16 13:56:00,1,23409.45,301874,301863,301869,10,-0.062424242424493556,False
301946,2025-01-16 14:18:00,-1,23400.45,301923,301907,301918,1,-1.1139393939379336,True
301964,2025-01-16 14:36:00,-1,23365.1,301834,301801,301829,0,-0.6836363636361733,False
301995,2025-01-16 15:07:00,-1,23362.0,301987,301965,301982,3,-0.5200000000003404,True
302012,2025-01-16 15:24:00,1,23378.1,301984,301970,301979,1,1.021818181818675,True
302018,2025-01-17 09:15:00,-1,23353.0,302001,301774,301996,0,1.404545454545777,False
302087,2025-01-17 10:24:00,1,23305.0,302069,302036,302064,3,4.074848484849154,True
302112,2025-01-17 10:49:00,-1,23207.4,301552,301524,301547,0,-3.4203030303029758,False
302112,2025-01-17 10:49:00,-1,23211.95,301588,301569,301583,0,-3.4203030303029758,False
302112,2025-01-17 10:49:00,-1,23235.1,302028,301606,302023,1,-3.4203030303029758,True
302113,2025-01-17 10:50:00,-1,23199.3,301543,300957,301538,1,-5.931515151514279,True
302262,2025-01-17 13:19:00,-1,23257.8,302215,302200,302210,4,-3.5039393939391266,True
302330,2025-01-17 14:27:00,1,23270.0,302305,302274,302300,3,1.7503030303036473,True
302344,2025-01-17 14:41:00,1,23296.0,302340,302254,302335,2,0.5378787878786734,True
302368,2025-01-17 15:05:00,-1,23273.0,302362,302351,302357,4,-2.5057575757570403,True
302405,2025-01-20 09:27:00,-1,23256.8,302380,302369,302375,5,-2.505454545453679,True
302435,2025-01-20 09:57:00,1,23276.05,302428,302409,302423,2,-0.031818181817623394,False
302471,2025-01-20 10:33:00,1,23309.75,302468,302362,302463,2,1.1906060606062905,True
302478,2025-01-20 10:40:00,1,23319.0,302244,302222,302239,5,0.5109090909093906,True
302514,2025-01-20 11:16:00,1,23332.2,302503,302090,302498,1,0.40909090909093754,True
302515,2025-01-20 11:17:00,1,23342.25,302398,302203,302393,0,1.9069696969698324,False
302542,2025-01-20 11:44:00,1,23415.0,302022,301938,302017,9,0.40636363636395556,True
302579,2025-01-20 12:21:00,1,23422.7,302541,301925,302536,2,0.8551515151518659,True
302633,2025-01-20 13:15:00,1,23425.65,302585,302543,302580,0,1.2193939393940254,False
302665,2025-01-20 13:47:00,-1,23395.0,302663,302651,302658,1,-0.6554545454538211,True
302753,2025-01-20 15:15:00,-1,23406.7,302744,302719,302739,1,-0.9878787878791144,True
302766,2025-01-20 15:28:00,-1,23385.55,302713,302666,302708,0,-0.5078787878774819,False
302770,2025-01-21 09:17:00,1,23427.5,302738,302700,302733,2,3.904848484848041,True
302792,2025-01-21 09:39:00,-1,23383.0,302627,302604,302622,5,-5.7090909090909285,True
302799,2025-01-21 09:46:00,-1,23380.0,302597,302567,302592,7,-1.2366666666677146,True
302916,2025-01-21 11:43:00,1,23219.8,302904,302891,302899,3,0.17666666666741615,True
302917,2025-01-21 11:44:00,1,23225.5,302911,302879,302906,2,1.136969696969263,True
303013,2025-01-21 13:20:00,-1,23176.1,302843,302143,302838,12,-7.27363636363677,True
303013,2025-01-21 13:20:00,-1,23174.2,302968,302883,302963,2,-7.27363636363677,True
303213,2025-01-22 10:25:00,1,23168.9,303203,303163,303198,0,0.7703030303043501,False
303258,2025-01-22 11:10:00,-1,23123.0,303254,303228,303249,1,-1.0009090909089273,True
303281,2025-01-22 11:33:00,-1,23097.15,303277,303264,303272,0,1.2245454545462224,False
303282,2025-01-22 11:34:00,-1,23090.75,303185,303174,303180,1,-0.30696969696978627,True
303294,2025-01-22 11:46:00,-1,23074.45,303287,303119,303282,1,-2.2254545454546446,True
303333,2025-01-22 12:25:00,-1,23052.85,303322,303100,303317,2,-2.2533333333325443,True
303382,2025-01-22 13:14:00,1,23082.05,303355,303323,303350,0,2.212424242423918,False
303436,2025-01-22 14:08:00,1,23073.5,303434,303405,303429,0,-0.16333333333381472,False
303466,2025-01-22 14:38:00,1,23150.7,303459,303251,303454,0,0.4496969696974007,False
303484,2025-01-22 14:56:00,1,23182.0,303472,303236,303467,0,1.3003030303038365,False
303713,2025-01-23 12:30:00,1,23296.75,303709,303596,303704,1,0.5645454545460963,True
303765,2025-01-23 13:22:00,1,23293.95,303763,303748,303758,1,-0.08545454545472957,False
303894,2025-01-24 09:16:00,1,23292.95,303844,303816,303839,0,0.8518181818185948,False
303909,2025-01-24 09:31:00,-1,23258.8,303860,303700,303855,14,-4.707878787879676,True
303909,2025-01-24 09:31:00,-1,23255.05,303879,303687,303874,0,-4.707878787879676,False
303958,2025-01-24 10:20:00,-1,23136.6,303943,303533,303938,0,-3.839393939393632,False
304001,2025-01-24 11:03:00,1,23261.9,303982,303923,303977,0,3.3984848484855026,False
304039,2025-01-24 11:41:00,1,23324.0,303028,302996,303023,2,1.164545454545788,True
304182,2025-01-24 14:04:00,1,23219.0,304176,304149,304171,0,-1.7133333333339702,False
304220,2025-01-24 14:42:00,-1,23114.5,303963,303460,303958,0,-6.202121212122437,False
304268,2025-01-27 09:15:00,-1,23073.0,304232,304221,304227,0,-9.113636363635578,False
304330,2025-01-27 10:17:00,-1,22960.6,304329,304313,304324,0,-2.3166666666665527,False
304478,2025-01-27 12:45:00,-1,22865.75,304452,304417,304447,0,-5.2893939393933955,False
304530,2025-01-27 13:37:00,-1,22845.7,304484,304376,304479,1,1.393030303030699,False
304583,2025-01-27 14:30:00,-1,22824.65,304569,304531,304564,0,-2.744848484848161,False
304643,2025-01-28 09:15:00,1,22866.35,304629,304574,304624,0,3.7269696969697774,False
304749,2025-01-28 11:01:00,1,22968.6,304648,304437,304643,0,2.529393939394552,False
304788,2025-01-28 11:40:00,1,23025.5,304301,304288,304296,0,1.253636363636453,False
304788,2025-01-28 11:40:00,1,23014.3,304784,304304,304779,0,1.253636363636453,False
304827,2025-01-28 12:19:00,1,23055.95,304805,304789,304800,4,1.669393939393381,True
304856,2025-01-28 12:48:00,1,23048.3,304851,304837,304846,2,1.3248484848497093,True
304881,2025-01-28 13:13:00,1,23070.45,304876,304862,304871,2,1.2248484848492516,True
304921,2025-01-28 13:53:00,1,23060.05,304920,304909,304915,0,1.0396969696970737,False
304954,2025-01-28 14:26:00,1,23128.0,304253,304239,304248,5,1.1345454545456877,True
304977,2025-01-28 14:49:00,-1,23042.0,304909,304898,304904,2,-8.892727272727123,True
304979,2025-01-28 14:51:00,-1,23020.25,304844,304831,304839,1,-15.116363636363275,True
305122,2025-01-29 10:59:00,1,23117.95,305104,305088,305099,0,1.689090909091045,False
305146,2025-01-29 11:23:00,-1,23070.15,305116,305082,305111,0,-0.5957575757579279,False
305200,2025-01-29 12:17:00,1,23144.2,305177,305122,305172,0,1.7027272727275147,False
305245,2025-01-29 13:02:00,-1,23103.55,305231,305198,305226,1,-1.229090909090637,True
305268,2025-01-29 13:25:00,1,23151.4,305230,305209,305225,2,2.733333333333675,True
305271,2025-01-29 13:28:00,1,23158.45,304978,304967,304973,6,3.9909090909084,True
305316,2025-01-29 14:13:00,1,23169.95,305305,305272,305300,0,-1.2239393939396788,False
305369,2025-01-29 15:06:00,1,23144.3,305361,305347,305356,0,1.942424242423897,False
305408,2025-01-30 09:30:00,1,23181.05,305321,304212,305316,1,3.6790909090917188,True
305424,2025-01-30 09:46:00,1,23205.0,305423,305409,305418,0,0.5106060606065731,False
305643,2025-01-30 13:25:00,-1,23249.9,305642,305612,305637,0,-0.7387878787867904,False
305667,2025-01-30 13:49:00,-1,23213.0,305579,305534,305574,0,-1.8154545454548057,False
305667,2025-01-30 13:49:00,-1,23220.0,305650,305501,305645,7,-1.8154545454548057,True
305767,2025-01-30 15:29:00,1,23248.5,305752,305661,305747,7,0.7463636363634593,True
305877,2025-01-31 11:04:00,1,23550.0,305873,305859,305868,0,-0.7466666666665023,False
305924,2025-01-31 11:51:00,1,23557.7,305900,305878,305895,2,3.4215151515150244,True
306045,2025-01-31 13:52:00,-1,23605.1,306042,306000,306037,0,-1.218484848485297,False
306112,2025-01-31 14:59:00,1,23629.95,306108,306036,306103,2,0.07636363636421147,True
306159,2025-02-01 09:31:00,1,23644.0,306147,306020,306142,0,4.6609090909091435,False
306229,2025-02-01 10:41:00,1,23654.95,306221,306207,306216,0,0.006363636363545678,False
306298,2025-02-01 11:50:00,-1,23610.0,306198,306164,306193,1,-2.993636363636146,True
306298,2025-02-01 11:50:00,-1,23625.0,306292,306209,306287,1,-2.993636363636146,True
306343,2025-02-01 12:35:00,-1,23465.35,306308,305807,306303,0,-10.635757575756687,False
306376,2025-02-01 13:08:00,-1,23468.5,306368,306355,306363,5,-3.7927272727269288,True
306510,2025-02-01 15:22:00,-1,23550.0,306466,306431,306461,14,-0.6100000000001684,True
306510,2025-02-01 15:22:00,-1,23550.0,306508,306491,306503,1,-0.6100000000001684,True
306518,2025-02-03 09:15:00,-1,23430.2,306349,305790,306344,1,-6.416969696970417,True
306605,2025-02-03 10:42:00,1,23371.1,306599,306544,306594,0,0.47575757575845795,False
306623,2025-02-03 11:00:00,1,23405.0,306617,306535,306612,0,1.5396969696966032,False
306744,2025-02-03 13:01:00,1,23384.9,306715,306689,306710,3,3.5693939393942347,True
306852,2025-02-03 14:49:00,-1,23410.0,306839,306817,306834,1,-1.0063636363634667,True
306870,2025-02-03 15:07:00,1,23447.3,306765,306753,306760,1,2.0960606060603033,True
306900,2025-02-04 09:22:00,1,23589.0,306494,306479,306489,0,13.625757575757724,False
307112,2025-02-04 12:54:00,1,23666.0,307102,307048,307097,2,1.5521212121219576,True
307152,2025-02-04 13:34:00,1,23715.35,306297,306283,306292,2,0.12969696969670463,True
307293,2025-02-05 09:40:00,1,23840.0,307282,307268,307277,0,2.697272727272749,False
307317,2025-02-05 10:04:00,-1,23807.9,307315,307283,307310,1,0.045454545455477946,False
307341,2025-02-05 10:28:00,1,23835.15,307328,307313,307323,3,2.9181818181824406,True
307503,2025-02-05 13:10:00,1,23823.95,307473,307453,307468,4,0.8357575757581556,True
307728,2025-02-06 10:40:00,1,23737.0,307724,307713,307719,2,1.4551515151516983,True
307767,2025-02-06 11:19:00,-1,23691.3,307766,307755,307761,0,-0.7869696969698666,False
307842,2025-02-06 12:34:00,-1,23694.45,307834,307812,307829,3,-1.3142424242411765,True
307858,2025-02-06 12:50:00,-1,23691.0,307807,307790,307802,6,-1.7627272727278434,True
307867,2025-02-06 12:59:00,-1,23681.8,307784,307768,307779,3,-0.46212121212154667,True
307918,2025-02-06 13:50:00,-1,23676.4,307196,307137,307191,3,-2.1475757575766683,True
307918,2025-02-06 13:50:00,-1,23675.2,307872,307201,307867,0,-2.1475757575766683,False
308067,2025-02-07 10:04:00,-1,23660.0,308053,307960,308048,1,-1.9454545454527683,True
308072,2025-02-07 10:09:00,1,23715.0,307829,307796,307824,1,-2.9912121212116065,False
308072,2025-02-07 10:09:00,1,23697.0,308069,308046,308064,0,-2.9912121212116065,False
308081,2025-02-07 10:18:00,-1,23638.6,307129,307098,307124,0,-8.159090909089016,False
308081,2025-02-07 10:18:00,-1,23650.0,308072,308030,308067,0,-8.159090909089016,False
308090,2025-02-07 10:27:00,-1,23593.05,307047,307027,307042,4,-4.824545454545214,True
308090,2025-02-07 10:27:00,-1,23591.0,307071,307059,307066,0,-4.824545454545214,False
308145,2025-02-07 11:22:00,1,23744.9,307734,307693,307729,3,4.651212121212708,True
308146,2025-02-07 11:23:00,1,23755.0,308077,307674,308072,1,5.670909090909584,True
308255,2025-02-07 13:12:00,-1,23630.5,308242,308198,308237,0,-3.1048484848479685,False
308405,2025-02-10 09:27:00,-1,23530.6,308353,308330,308348,1,1.1915151515150881,False
308524,2025-02-10 11:26:00,-1,23450.7,308514,308501,308509,3,-1.2757575757585509,True
308635,2025-02-10 13:17:00,-1,23415.0,308628,308615,308623,2,-0.6054545454543381,True
308669,2025-02-10 13:51:00,1,23441.9,308608,308589,308603,1,1.880303030302932,True
308718,2025-02-10 14:40:00,1,23469.0,308540,308520,308535,3,2.3475757575765446,True
308718,2025-02-10 14:40:00,1,23461.0,308675,308552,308670,0,2.3475757575765446,False
308768,2025-02-11 09:15:00,-1,23443.0,308750,308725,308745,0,-0.06484848484817049,False
308892,2025-02-11 11:19:00,1,23360.35,308888,308842,308883,1,0.7233333333338039,True
308903,2025-02-11 11:30:00,-1,23328.0,308882,308870,308877,0,-3.814848484847808,False
308948,2025-02-11 12:15:00,-1,23320.0,308933,308907,308928,1,-0.0024242424236380956,True
309056,2025-02-11 14:03:00,-1,23088.95,309032,309007,309027,0,-3.2639393939385277,False
309101,2025-02-11 14:48:00,1,23135.95,309086,309068,309081,3,3.539999999999012,True
309141,2025-02-11 15:28:00,-1,23138.15,309139,309120,309134,1,-2.1872727272724446,True
309152,2025-02-12 09:24:00,-1,23094.5,309099,309083,309094,0,-4.86787878787819,False
309283,2025-02-12 11:35:00,-1,23000.0,309275,309263,309270,2,-1.4751515151504822,True
309291,2025-02-12 11:43:00,1,23042.65,309267,309242,309262,2,4.1860606060616385,True
309305,2025-02-12 11:57:00,1,23158.0,309298,309143,309293,1,6.158787878789674,True
309358,2025-02-12 12:50:00,1,23188.0,309311,309108,309306,1,3.023636363636854,True
309435,2025-02-12 14:07:00,-1,23093.2,309432,309335,309427,0,0.09545454545455836,False
309503,2025-02-12 15:15:00,1,23135.0,309454,309434,309449,5,0.9481818181817685,True
309518,2025-02-13 09:15:00,1,23140.0,309508,309494,309503,0,0.6478787878780632,False
309541,2025-02-13 09:38:00,1,23180.55,309529,309518,309524,4,9.442424242424229,True
309649,2025-02-13 11:26:00,1,23264.25,309647,309615,309642,1,0.9345454545450916,True
309724,2025-02-13 12:41:00,-1,23261.45,309702,309665,309697,5,-2.025757575757428,True
309893,2025-02-14 09:15:00,1,23138.0,309868,309853,309863,0,1.6096969696971006,False
309974,2025-02-14 10:36:00,-1,23066.6,309484,309466,309479,2,-5.824545454544741,True
309974,2025-02-14 10:36:00,-1,23086.65,309897,309839,309892,0,-5.824545454544741,False
309974,2025-02-14 10:36:00,-1,23093.1,309928,309914,309923,3,-5.824545454544741,True
310002,2025-02-14 11:04:00,-1,22964.0,309992,309253,309987,0,0.16636363636385473,False
310065,2025-02-14 12:07:00,-1,22925.0,310043,310028,310038,2,-7.776060606059269,True
310117,2025-02-14 12:59:00,-1,22892.85,310113,310066,310108,1,-2.0621212121214985,True
310216,2025-02-14 14:38:00,1,23001.75,310006,309991,310001,1,6.123333333333984,True
310527,2025-02-17 13:34:00,1,22975.0,310499,310433,310494,0,1.666666666666244,False
310534,2025-02-17 13:41:00,1,23012.0,310371,310249,310366,2,6.874242424243677,True
310709,2025-02-18 10:21:00,-1,22876.15,310398,310386,310393,0,-5.50030303030314,False
310759,2025-02-18 11:11:00,-1,22855.0,310728,310717,310723,0,-3.2866666666661057,False
310934,2025-02-18 14:06:00,-1,22936.0,310911,310900,310906,1,-2.1999999999989828,True
310971,2025-02-18 14:43:00,1,22988.0,310928,310912,310923,5,2.472727272728243,True
311019,2025-02-19 09:16:00,-1,22887.2,310869,310833,310864,1,-5.006969696969225,True
311055,2025-02-19 09:52:00,1,23008.15,310986,310679,310981,3,8.258484848484946,True
311078,2025-02-19 10:15:00,1,23047.1,310243,310230,310238,6,0.869999999999692,True
311078,2025-02-19 10:15:00,1,23048.0,311068,310642,311063,0,0.869999999999692,False
311250,2025-02-19 13:07:00,-1,22981.0,311229,311135,311224,0,-0.6669696969693538,False
311250,2025-02-19 13:07:00,-1,22990.45,311246,311232,311241,0,-0.6669696969693538,False
311320,2025-02-19 14:17:00,-1,22975.0,311278,311267,311273,0,1.2884848484859588,False
311424,2025-02-20 09:46:00,-1,22881.15,311398,311018,311393,1,-3.5554545454541553,True
311597,2025-02-20 12:39:00,1,22940.5,311569,311539,311564,0,0.8860606060605526,False
311597,2025-02-20 12:39:00,1,22937.65,311591,311578,311586,1,0.8860606060605526,True
311619,2025-02-20 13:01:00,-1,22920.0,311578,311554,311573,0,-0.8345454545450554,False
311652,2025-02-20 13:34:00,1,22926.85,311641,311626,311636,3,0.8927272727277598,True
311667,2025-02-20 13:49:00,1,22946.4,311603,311526,311598,2,0.49606060606162705,True
311669,2025-02-20 13:51:00,1,22950.0,311520,311461,311515,3,0.8857575757578958,True
311767,2025-02-20 15:29:00,-1,22935.55,311765,311732,311760,1,-0.37757575757525286,True
311768,2025-02-21 09:15:00,-1,22910.25,311550,311497,311545,5,-1.8839393939400368,True
311768,2025-02-21 09:15:00,-1,22913.9,311651,311633,311646,0,-1.8839393939400368,False
311813,2025-02-21 10:00:00,-1,22853.35,311430,310776,311425,1,0.013030303030861825,False
311825,2025-02-21 10:12:00,-1,22837.75,310766,310316,310761,1,-1.3399999999995142,True
312032,2025-02-21 13:39:00,-1,22781.6,311887,311829,311882,0,-1.3666666666655205,False
312032,2025-02-21 13:39:00,-1,22785.95,312027,311898,312022,2,-1.3666666666655205,True
312139,2025-02-21 15:26:00,-1,22815.0,312135,312115,312130,0,-0.3718181818183032,False
312143,2025-02-24 09:15:00,-1,22785.0,312062,312051,312057,0,-6.386969696968918,False
312235,2025-02-24 10:47:00,1,22629.5,312227,312210,312222,1,0.9396969696969506,True
312282,2025-02-24 11:34:00,1,22630.0,312274,312261,312269,1,0.6836363636366327,True
312288,2025-02-24 11:40:00,1,22637.8,312203,312184,312198,0,0.5633333333333201,False
312322,2025-02-24 12:14:00,-1,22608.8,312281,312263,312276,3,-0.601818181816066,True
312471,2025-02-24 14:43:00,1,22641.9,312380,312365,312375,1,1.474848484849014,True
312521,2025-02-25 09:18:00,-1,22587.05,312460,312437,312455,3,-1.9754545454538435,True
312522,2025-02-25 09:19:00,-1,22575.15,312420,312407,312415,0,-2.7330303030301284,False
312612,2025-02-25 10:49:00,-1,22583.05,312601,312584,312596,2,-2.402424242423467,True
312659,2025-02-25 11:36:00,1,22586.55,312645,312633,312640,0,0.79696969696947,False
312751,2025-02-25 13:08:00,1,22613.15,312745,312601,312740,1,0.189090909090938,True
312856,2025-02-25 14:53:00,-1,22600.65,312807,312769,312802,9,-0.5542424242426898,True
312856,2025-02-25 14:53:00,-1,22601.0,312836,312822,312831,2,-0.5542424242426898,True
312865,2025-02-25 15:02:00,-1,22595.6,312861,312714,312856,2,-0.2842424242422367,True
312880,2025-02-25 15:17:00,-1,22582.0,312690,312675,312685,0,0.08666666666733679,False
312890,2025-02-25 15:27:00,-1,22564.8,312659,312529,312654,1,-2.7809090909095673,True
312960,2025-02-27 10:22:00,-1,22540.05,312947,312934,312942,1,-0.39515151515090646,True
312975,2025-02-27 10:37:00,1,22555.0,312974,312956,312969,0,1.08000000000011,False
313027,2025-02-27 11:29:00,-1,22551.0,313011,312998,313006,7,-0.5621212121223855,True
313057,2025-02-27 11:59:00,-1,22540.05,313049,313037,313044,2,-0.35121212121114465,True
313113,2025-02-27 12:55:00,1,22550.0,313055,313040,313050,3,0.6021212121206878,True
313172,2025-02-27 13:54:00,-1,22546.05,313166,313143,313161,0,-0.11696969696935927,False
313179,2025-02-27 14:01:00,1,22553.75,313147,313119,313142,9,0.17999999999995422,True
313256,2025-02-27 15:18:00,-1,22547.65,313234,313205,313229,5,-0.4887878787874685,True
313258,2025-02-27 15:20:00,-1,22545.0,313218,313188,313213,2,-0.6833333333330689,True
313309,2025-02-28 09:56:00,-1,22403.3,313307,313295,313302,0,-1.3830303030306892,False
313362,2025-02-28 10:49:00,-1,22419.15,313352,313341,313347,1,-2.5863636363625635,True
313415,2025-02-28 11:42:00,-1,22383.9,313393,313371,313388,0,-0.3975757575762426,False
313465,2025-02-28 12:32:00,-1,22359.45,313444,313423,313439,2,-1.0424242424233174,True
313518,2025-02-28 13:25:00,1,22270.3,313515,313499,313510,1,0.4012121212121792,True
313595,2025-02-28 14:42:00,1,22283.45,313574,313543,313569,0,0.8215151515158473,False
313673,2025-03-03 09:45:00,-1,22252.3,313596,313572,313591,0,-2.7596969696974614,False
313673,2025-03-03 09:45:00,-1,22268.0,313641,313614,313636,0,-2.7596969696974614,False
313675,2025-03-03 09:47:00,-1,22245.0,313535,313503,313530,5,-7.078484848483828,True
313751,2025-03-03 11:03:00,-1,22181.0,313749,313731,313744,0,-1.9763636363636325,False
313760,2025-03-03 11:12:00,-1,22155.4,313758,313696,313753,1,-1.1251515151512188,True
313810,2025-03-03 12:02:00,-1,22147.95,313774,313761,313769,2,-1.0430303030298416,True
313840,2025-03-03 12:32:00,1,22235.0,313743,313727,313738,0,0.054545454545547954,False
313853,2025-03-03 12:45:00,1,22250.5,313848,313717,313843,0,1.3924242424257836,False
314015,2025-03-03 15:27:00,1,22268.85,314006,313983,314001,0,0.7633333333337643,False
314168,2025-03-04 11:45:00,-1,22184.9,314109,314095,314104,0,-2.0381818181812474,False
314168,2025-03-04 11:45:00,-1,22191.0,314147,314114,314142,6,-2.0381818181812474,True
314297,2025-03-04 13:54:00,1,22178.0,314274,314263,314269,1,1.2460606060612491,True
314312,2025-03-04 14:09:00,1,22195.75,314226,314214,314221,2,1.0115151515148415,True
314389,2025-03-04 15:26:00,-1,22183.7,314383,314351,314378,1,-1.1718181818181737,True
314393,2025-03-05 09:15:00,1,22212.75,314362,314332,314357,0,-1.6866666666657848,False
314402,2025-03-05 09:24:00,1,22272.0,314022,313973,314017,0,7.204848484848601,False
314421,2025-03-05 09:43:00,1,22331.9,314420,313669,314415,0,1.5466666666668847,False
314474,2025-03-05 10:36:00,1,22370.0,314441,314426,314436,1,2.809696969697223,True
314482,2025-03-05 10:44:00,1,22381.8,314480,313463,314475,1,0.9527272727273018,True
314498,2025-03-05 11:00:00,1,22388.2,313458,313431,313453,2,1.973333333333785,True
314532,2025-03-05 11:34:00,1,22396.0,314521,314498,314516,4,1.5775757575758327,True
314589,2025-03-05 12:31:00,1,22475.0,314580,314559,314575,2,1.8315151515150094,True
314768,2025-03-06 09:15:00,1,22460.0,314650,314635,314645,0,4.828787878788217,False
314785,2025-03-06 09:32:00,-1,22431.15,314755,314726,314750,1,-3.836060606059992,True
314800,2025-03-06 09:47:00,-1,22407.1,314792,314713,314787,0,-0.9084848484854423,False
314801,2025-03-06 09:48:00,-1,22391.8,314702,314661,314697,1,-3.0000000000002673,True
314843,2025-03-06 10:30:00,1,22478.5,314837,314819,314832,1,1.4054545454550968,True
314900,2025-03-06 11:27:00,-1,22460.9,314878,314861,314873,1,-7.390606060605603,True
314973,2025-03-06 12:40:00,1,22560.55,314970,314880,314965,0,-0.5787878787879165,False
315095,2025-03-06 14:42:00,1,22608.0,315072,315056,315067,1,1.4624242424239007,True
315242,2025-03-07 10:54:00,-1,22672.6,315227,315214,315222,0,-0.0033333333326695464,False
315295,2025-03-07 11:47:00,-1,22681.4,315293,315256,315288,0,-0.9154545454542222,False
315297,2025-03-07 11:49:00,-1,22660.15,315253,315242,315248,1,-2.9324242424242386,True
315456,2025-03-07 14:28:00,1,22669.0,315417,315406,315412,0,0.7839393939396462,False
315538,2025-03-10 09:35:00,1,22648.0,315533,315517,315528,3,2.121515151514975,True
315593,2025-03-10 10:30:00,-1,22670.65,315584,315571,315579,2,-3.3733333333328757,True
315607,2025-03-10 10:44:00,1,22704.9,315586,315572,315581,4,2.457575757574964,True
315686,2025-03-10 12:03:00,-1,22664.95,315653,315591,315648,1,-2.0175757575749174,True
315781,2025-03-10 13:38:00,-1,22640.05,315773,315730,315768,2,-2.0306060606058733,True
315822,2025-03-10 14:19:00,-1,22568.0,315088,315036,315083,0,-3.8324242424241346,False
315822,2025-03-10 14:19:00,-1,22580.05,315180,315169,315175,1,-3.8324242424241346,True
315827,2025-03-10 14:24:00,-1,22547.5,315020,314993,315015,0,-6.403030303029704,False
315893,2025-03-11 09:15:00,-1,22435.0,314906,314838,314901,0,-1.425151515150633,False
315995,2025-03-11 10:57:00,1,22532.3,315863,315845,315858,3,2.2972727272741076,True
316159,2025-03-11 13:41:00,1,22542.55,316151,316099,316146,0,1.255151515152411,False
316194,2025-03-11 14:16:00,1,22573.0,316183,316001,316178,1,1.6175757575756844,True
316263,2025-03-11 15:25:00,1,22570.0,316243,316225,316238,2,1.1490909090912507,True
316279,2025-03-12 09:26:00,-1,22539.0,316236,316167,316231,1,-7.478787878787424,True
316314,2025-03-12 10:01:00,-1,22499.6,316138,316125,316133,6,-5.238484848484396,True
316317,2025-03-12 10:04:00,-1,22487.0,316303,316067,316298,2,-4.937878787879396,True
316376,2025-03-12 11:03:00,-1,22451.0,316334,315945,316329,7,0.1451515151522203,False
316400,2025-03-12 11:27:00,-1,22440.6,316383,316366,316378,0,-2.19151515151489,False
316479,2025-03-12 12:46:00,-1,22386.65,316458,316438,316453,0,-3.1378787878784604,False
316555,2025-03-12 14:02:00,1,22464.95,316547,316535,316542,2,2.4721212121203022,True
316622,2025-03-12 15:09:00,1,22540.3,316618,316583,316613,0,0.4348484848479787,False
316681,2025-03-13 09:53:00,1,22549.0,316674,316623,316669,4,0.8239393939389797,True
316683,2025-03-13 09:55:00,1,22559.0,316682,316303,316677,0,2.2145454545454326,False
316777,2025-03-13 11:29:00,-1,22524.3,316755,316675,316750,0,-1.4657575757570662,False
316854,2025-03-13 12:46:00,1,22494.85,316845,316810,316840,4,-0.09121212121182119,False
316875,2025-03-13 13:07:00,-1,22485.0,316869,316858,316864,2,-1.5887878787878962,True
316882,2025-03-13 13:14:00,-1,22472.1,316841,316814,316836,4,-2.005757575757211,True
316989,2025-03-13 15:01:00,-1,22435.0,316983,316963,316978,1,-1.0027272727264946,True
317018,2025-03-17 09:15:00,1,22505.0,316873,316854,316868,0,2.3521212121214554,False
317018,2025-03-17 09:15:00,1,22492.6,316929,316906,316924,0,2.3521212121214554,False
317018,2025-03-17 09:15:00,1,22455.4,317009,316974,317004,0,2.3521212121214554,False
317028,2025-03-17 09:25:00,1,22616.35,316713,316268,316708,0,5.7566666666665345,False
317161,2025-03-17 11:38:00,1,22585.1,317129,317088,317124,0,1.2603030303041112,False
317302,2025-03-17 13:59:00,1,22584.85,317202,317185,317197,2,5.53727272727251,True
317388,2025-03-17 15:25:00,1,22587.05,317380,317339,317375,1,0.2327272727291854,True
317390,2025-03-17 15:27:00,1,22590.0,317371,317360,317366,1,0.7860606060609229,True
317530,2025-03-18 11:32:00,1,22825.0,317515,317491,317510,0,0.5203030303024804,False
317575,2025-03-18 12:17:00,-1,22818.0,317570,317544,317565,0,-0.26757575757601143,False
317591,2025-03-18 12:33:00,-1,22790.1,317505,317465,317500,3,-2.1724242424245075,True
317636,2025-03-18 13:18:00,1,22837.95,317554,317537,317549,0,2.65090909090875,False
317828,2025-03-19 10:15:00,1,22939.0,317820,317802,317815,0,-0.15242424242321104,False
317918,2025-03-19 11:45:00,-1,22935.1,317910,317899,317905,0,-1.4054545454544154,False
317956,2025-03-19 12:23:00,1,22960.0,317920,317888,317915,7,2.204545454544884,True
317956,2025-03-19 12:23:00,1,22959.15,317943,317930,317938,5,2.204545454544884,True
317982,2025-03-19 12:49:00,1,22967.0,317961,317858,317956,4,0.1615151515160338,True
317982,2025-03-19 12:49:00,1,22966.0,317981,317970,317976,0,0.1615151515160338,False
318030,2025-03-19 13:37:00,1,22969.8,318028,318014,318023,0,1.105151515151872,False
318093,2025-03-19 14:40:00,1,22980.0,318083,318032,318078,6,0.7481818181822677,True
318260,2025-03-20 11:12:00,1,23085.0,318254,318191,318249,2,0.8033333333331991,True
318304,2025-03-20 11:56:00,1,23103.95,318267,318163,318262,1,0.7160606060604068,True
318324,2025-03-20 12:16:00,1,23108.4,318317,318304,318312,1,0.623030303030091,True
318419,2025-03-20 13:51:00,1,23215.0,318416,318405,318411,0,0.1496969696981714,False
318656,2025-03-21 11:33:00,1,23384.0,318650,318616,318645,1,3.0430303030310615,True
318757,2025-03-21 13:14:00,-1,23398.5,318724,318713,318719,0,-0.7230303030294598,False
318779,2025-03-21 13:36:00,-1,23371.65,318764,318700,318759,3,-6.568787878787431,True
318792,2025-03-21 13:49:00,-1,23340.0,318675,318634,318670,0,0.11303030303183027,False
318893,2025-03-24 09:15:00,1,23390.05,318881,318858,318876,8,4.32303030303073,True
318974,2025-03-24 10:36:00,1,23584.75,318963,318941,318958,7,0.2666666666669136,True
319134,2025-03-24 13:16:00,1,23669.0,319093,319002,319088,0,2.0342424242427715,False
319134,2025-03-24 13:16:00,1,23666.55,319112,319077,319107,3,2.0342424242427715,True
319158,2025-03-24 13:40:00,1,23670.0,319155,319144,319150,1,-0.3166666666666979,False
319163,2025-03-24 13:45:00,-1,23652.9,319160,319137,319155,1,-0.28272727272743065,True
319177,2025-03-24 13:59:00,1,23674.0,319163,319134,319158,1,2.8021212121220613,True
319350,2025-03-25 10:37:00,-1,23780.65,319333,319298,319328,1,-6.3778787878795224,True
319416,2025-03-25 11:43:00,-1,23680.1,319376,319280,319371,4,-4.879696969696308,True
319441,2025-03-25 12:08:00,1,23759.75,319394,319380,319389,0,1.498181818181871,False
319476,2025-03-25 12:43:00,1,23731.9,319469,319456,319464,5,2.049393939393579,True
319510,2025-03-25 13:17:00,-1,23700.0,319473,319461,319468,1,-2.9121212121209346,True
319639,2025-03-25 15:26:00,-1,23685.0,319516,319452,319511,0,-2.951818181818364,False
319673,2025-03-26 09:45:00,-1,23665.4,319421,319240,319416,5,-2.3257575757574163,True
319673,2025-03-26 09:45:00,-1,23664.05,319647,319424,319642,1,-2.3257575757574163,True
319722,2025-03-26 10:34:00,1,23718.8,319713,319684,319708,0,0.9487878787887695,False
319750,2025-03-26 11:02:00,-1,23683.5,319724,319713,319719,0,-3.7627272727272913,False
319799,2025-03-26 11:51:00,-1,23659.0,319794,319759,319789,3,-0.9696969696972499,True
319806,2025-03-26 11:58:00,-1,23650.0,319805,319751,319800,0,-0.4378787878788197,False
320057,2025-03-27 09:54:00,1,23580.1,319982,319967,319977,2,0.15484848484778854,True
320057,2025-03-27 09:54:00,1,23581.0,320054,320034,320049,0,0.15484848484778854,False
320067,2025-03-27 10:04:00,1,23609.9,319939,319895,319934,1,2.022727272727305,True
320287,2025-03-27 13:44:00,1,23610.05,320280,320243,320275,2,0.18030303030244454,True
320633,2025-05-02 13:15:00,1,24392.9,320610,320582,320605,1,-1.2084848484847246,False
320699,2025-05-02 14:21:00,-1,24432.9,320697,320679,320692,1,-1.6703030303020905,True
320804,2025-05-05 09:51:00,1,24551.5,320520,320505,320515,2,2.3484848484863874,True
320879,2025-05-05 11:06:00,-1,24560.0,320874,320837,320869,3,-0.7678787878777331,True
320909,2025-05-05 11:36:00,-1,24551.0,320885,320819,320880,1,-0.11030303030190687,True
320909,2025-05-05 11:36:00,-1,24555.0,320905,320892,320900,1,-0.11030303030190687,True
320994,2025-05-05 13:01:00,1,24558.9,320973,320934,320968,6,0.9533333333341055,True
321067,2025-05-05 14:14:00,-1,24553.8,321064,321042,321059,0,0.6569696969709934,False
321114,2025-05-05 15:01:00,-1,24553.1,321111,321098,321106,1,-0.2581818181806127,True
321120,2025-05-05 15:07:00,-1,24534.0,321078,321023,321073,0,-2.317575757575448,False
321153,2025-05-06 09:25:00,-1,24519.6,321018,320952,321013,2,-4.166666666667314,True
321182,2025-05-06 09:54:00,-1,24507.0,321163,320926,321158,1,-3.760000000000077,True
321203,2025-05-06 10:15:00,-1,24470.0,321194,320786,321189,3,-2.0254545454540227,True
321233,2025-05-06 10:45:00,1,24490.6,321223,321201,321218,2,2.105454545454051,True
321276,2025-05-06 11:28:00,-1,24460.1,321217,321203,321212,2,-0.6509090909093334,True
321322,2025-05-06 12:14:00,1,24475.4,321316,321303,321311,5,1.3642424242427236,True
321367,2025-05-06 12:59:00,-1,24466.7,321366,321344,321361,0,-0.10545454545419145,False
321416,2025-05-06 13:48:00,1,24471.5,321401,321388,321396,1,-0.3248484848480921,False
321451,2025-05-06 14:23:00,-1,24458.0,321384,321373,321379,9,-1.3969696969690402,True
321451,2025-05-06 14:23:00,-1,24458.0,321407,321391,321402,3,-1.3969696969690402,True
321638,2025-05-07 11:15:00,1,24453.3,321629,321612,321624,2,2.3187878787879015,True
321751,2025-05-07 13:08:00,-1,24441.0,321712,321699,321707,3,-2.5818181818184684,True
321779,2025-05-07 13:36:00,-1,24432.9,321688,321676,321683,0,-1.5793939393941445,False
321779,2025-05-07 13:36:00,-1,24436.0,321757,321691,321752,2,-1.5793939393941445,True
321876,2025-05-07 15:13:00,-1,24451.9,321868,321853,321863,2,-1.4490909090909825,True
321893,2025-05-08 09:15:00,1,24470.0,321871,321860,321866,4,1.7678787878790716,True
322102,2025-05-08 12:44:00,-1,24477.0,322077,322045,322072,0,-0.17515151515153715,False
322102,2025-05-08 12:44:00,-1,24478.1,322098,322060,322093,0,-0.17515151515153715,False
322120,2025-05-08 13:02:00,-1,24475.0,322116,322103,322111,0,0.045454545453840145,False
322128,2025-05-08 13:10:00,-1,24468.9,322001,321985,321996,4,-0.8945454545456873,True
322130,2025-05-08 13:12:00,-1,24461.0,321961,321950,321956,0,-0.66848484848456,False
322135,2025-05-08 13:17:00,-1,24450.0,321943,321928,321938,0,-1.750303030302094,False
322155,2025-05-08 13:37:00,-1,24426.0,321784,321632,321779,2,-0.3490909090905001,True
322188,2025-05-08 14:10:00,-1,24380.0,322180,321583,322175,1,-1.048484848484342,True
322352,2025-05-09 10:39:00,-1,24090.0,322346,322333,322341,0,-0.8915151515147065,False
322402,2025-05-09 11:29:00,1,24150.0,322342,322330,322337,0,7.411515151515445,False
322568,2025-05-09 14:15:00,1,24060.0,322561,322547,322556,1,2.4878787878782793,True
322639,2025-05-09 15:26:00,1,24086.6,322611,322570,322606,1,2.043030303029861,True
322643,2025-05-12 09:15:00,1,24491.0,321969,321905,321964,5,4.1460606060617415,True
322643,2025-05-12 09:15:00,1,24490.2,322079,322028,322074,0,4.1460606060617415,False
322818,2025-05-12 12:10:00,-1,24802.8,322810,322799,322805,2,-0.32303030302894864,True
322838,2025-05-12 12:30:00,1,24820.0,322830,322812,322825,0,-2.344848484848361,False
322967,2025-05-12 14:39:00,-1,24985.1,322966,322951,322961,0,-2.075151515151229,False
322984,2025-05-12 14:56:00,1,25017.5,322964,322944,322959,2,4.256969696970185,True
323021,2025-05-13 09:18:00,-1,24965.0,322979,322968,322974,1,-4.696363636363498,True
323092,2025-05-13 10:29:00,-1,24757.6,322751,322701,322746,2,-8.32969696969694,True
323092,2025-05-13 10:29:00,-1,24763.3,323057,323035,323052,3,-8.32969696969694,True
323216,2025-05-13 12:33:00,-1,24765.0,323191,323180,323186,0,-2.068484848485828,False
323236,2025-05-13 12:53:00,-1,24728.9,323224,323102,323219,10,-0.8018181818190152,True
323272,2025-05-13 13:29:00,-1,24675.0,323267,323242,323262,0,-0.8145454545441266,False
323303,2025-05-13 14:00:00,-1,24665.1,323278,322672,323273,5,-1.429696969697798,True
323342,2025-05-13 14:39:00,1,24692.0,323335,323312,323330,0,2.273939393940073,False
323348,2025-05-13 14:45:00,1,24699.9,323294,323268,323289,1,0.9703030303030671,True
323451,2025-05-14 10:13:00,1,24809.9,323431,323215,323426,3,2.3896969696975052,True
323542,2025-05-14 11:44:00,-1,24737.5,323503,323430,323498,1,-2.613939393938566,True
323719,2025-05-14 14:41:00,1,24698.9,323666,323653,323661,0,3.7218181818183194,False
323763,2025-05-14 15:25:00,1,24723.4,323726,323643,323721,0,3.417575757576495,False
323763,2025-05-14 15:25:00,1,24720.0,323753,323741,323748,3,3.417575757576495,True
323940,2025-05-15 12:07:00,1,24745.3,323924,323900,323919,0,2.436969696969722,False
324001,2025-05-15 13:08:00,1,24870.8,323858,323154,323853,0,9.747878787879172,False
324123,2025-05-15 15:10:00,-1,25081.0,324092,324062,324087,3,-0.03151515151508965,True
324127,2025-05-15 15:14:00,-1,25077.2,324120,324108,324115,4,-3.3000000000002423,True
324144,2025-05-16 09:16:00,1,25109.6,324122,324110,324117,1,1.1909090909084983,True
324159,2025-05-16 09:31:00,1,25123.0,324148,324097,324143,1,3.0054545454553145,True
324254,2025-05-16 11:06:00,-1,25036.6,324219,324201,324214,6,-1.7115151515132798,True
324342,2025-05-16 12:34:00,1,25059.9,324288,324247,324283,1,2.726060606060743,True
324432,2025-05-16 14:04:00,1,25078.0,324428,324416,324423,2,-0.09515151515085986,False
324492,2025-05-16 15:04:00,1,25081.8,324484,324470,324479,2,2.0042424242436088,True
324566,2025-05-19 10:03:00,1,25078.7,324559,324547,324554,0,0.5945454545471421,False
324579,2025-05-19 10:16:00,1,25097.4,324526,324440,324521,5,1.5030303030308414,True
324579,2025-05-19 10:16:00,1,25100.0,324532,324397,324527,4,1.5030303030308414,True
324579,2025-05-19 10:16:00,1,25109.1,324539,324170,324534,0,1.5030303030308414,False
324784,2025-05-19 13:41:00,-1,25033.3,324782,324759,324777,0,-0.5624242424244986,False
324785,2025-05-19 13:42:00,-1,25032.2,324690,324543,324685,7,-0.2781818181817801,True
324803,2025-05-19 14:00:00,-1,25015.8,324523,324323,324518,0,-1.0224242424232315,False
325043,2025-05-20 11:45:00,-1,24938.0,324961,324940,324956,3,-3.3363636363647977,True
325106,2025-05-20 12:48:00,-1,24926.9,325085,325073,325080,2,-1.014545454545343,True
325179,2025-05-20 14:01:00,-1,24830.4,325158,325137,325153,6,-2.1430303030298177,True
325285,2025-05-21 09:32:00,1,24799.8,325280,325268,325275,1,3.3460606060602416,True
325287,2025-05-21 09:34:00,1,24818.9,325201,325189,325196,1,5.802424242425715,True
325338,2025-05-21 10:25:00,1,24977.9,325039,325025,325034,6,2.472121212121101,True
325434,2025-05-21 12:01:00,-1,24862.1,325429,325310,325424,0,-1.1939393939394274,False
325451,2025-05-21 12:18:00,-1,24747.7,325250,325238,325245,2,-10.390909090909071,True
325583,2025-05-21 14:30:00,1,24860.8,325581,325528,325576,0,1.2381818181825062,False
325637,2025-05-21 15:24:00,-1,24820.0,325634,325573,325629,0,0.1442424242422327,False
325753,2025-05-22 11:05:00,-1,24637.0,325751,325737,325746,0,-0.25818181818116814,False
325944,2025-05-22 14:16:00,-1,24563.0,325916,325878,325911,1,0.05878787878793863,False
325944,2025-05-22 14:16:00,-1,24563.9,325943,325919,325938,0,0.05878787878793863,False
325983,2025-05-22 14:55:00,1,24621.0,325974,325840,325969,2,5.435151515153838,True
325985,2025-05-22 14:57:00,1,24651.5,325771,325757,325766,1,6.16545454545413,True
325997,2025-05-22 15:09:00,1,24656.9,325807,325747,325802,4,1.3000000000013103,True
326014,2025-05-22 15:26:00,1,24670.0,325992,325726,325987,1,2.412121212121522,True
326073,2025-05-23 10:10:00,1,24863.5,326071,325613,326066,1,3.118787878788229,True
326110,2025-05-23 10:47:00,1,24899.9,325518,325426,325513,0,5.6103030303033945,False
326305,2025-05-23 14:02:00,1,24930.0,326301,326281,326296,2,2.7533333333341123,True
326356,2025-05-23 14:53:00,-1,24869.9,326352,326289,326347,0,-0.6703030303020129,False
326393,2025-05-26 09:15:00,1,25019.9,325355,324999,325350,0,4.208484848484659,False
326393,2025-05-26 09:15:00,1,24952.9,326224,326153,326219,1,4.208484848484659,True
326393,2025-05-26 09:15:00,1,24937.7,326336,326305,326331,0,4.208484848484659,False
326612,2025-05-26 12:54:00,-1,24989.4,326608,326526,326603,2,-1.305454545455086,True
326673,2025-05-26 13:55:00,1,25034.3,326672,326661,326667,0,0.7127272727261456,False
326712,2025-05-26 14:34:00,1,25032.6,326695,326680,326690,0,2.430303030303372,False
326735,2025-05-26 14:57:00,1,25040.0,326717,326673,326712,1,2.3115151515162267,True
326768,2025-05-27 09:15:00,-1,24975.6,326542,326487,326537,2,-1.7903030303020178,True
326774,2025-05-27 09:21:00,-1,24855.0,326365,326195,326360,0,-19.589696969697243,False
326814,2025-05-27 10:01:00,-1,24781.1,326788,326098,326783,3,-4.875757575756898,True
326902,2025-05-27 11:29:00,1,25048.0,326592,326563,326587,4,11.338787878787025,True
326902,2025-05-27 11:29:00,1,25041.5,326769,326755,326764,0,11.338787878787025,False
327047,2025-05-27 13:54:00,-1,24861.2,327034,327011,327029,1,-3.8799999999994244,True
327052,2025-05-27 13:59:00,-1,24853.3,327025,326995,327020,3,-3.507878787877325,True
327070,2025-05-27 14:17:00,-1,24774.0,326847,326835,326842,3,-0.23878787878814386,True
327096,2025-05-27 14:43:00,1,24821.0,327093,327069,327088,2,2.2187878787883935,True
327165,2025-05-28 09:37:00,-1,24760.0,327163,326815,327158,0,1.596969696969452,False
327203,2025-05-28 10:15:00,-1,24767.2,327195,327180,327190,2,-0.04545454545557799,True
327235,2025-05-28 10:47:00,1,24798.7,327217,327200,327212,0,2.0296969696977953,False
327356,2025-05-28 12:48:00,1,24830.0,327257,327236,327252,0,0.7078787878786872,False
327487,2025-05-28 14:59:00,-1,24782.0,327462,327430,327457,4,-1.8539393939391335,True
327488,2025-05-28 15:00:00,-1,24772.3,327322,327296,327317,0,-1.7860606060608748,False
327502,2025-05-28 15:14:00,-1,24760.0,327230,327217,327225,4,-0.7884848484851307,True
327517,2025-05-28 15:29:00,-1,24750.0,327507,327165,327502,1,-1.220000000000535,True
327518,2025-05-29 09:15:00,1,24820.0,327445,327399,327440,4,2.7872727272731,True
327592,2025-05-29 10:29:00,-1,24792.0,327584,327553,327579,0,-1.2636363636366592,False
327625,2025-05-29 11:02:00,-1,24744.0,327522,327203,327517,2,-2.090303030302673,True
327721,2025-05-29 12:38:00,-1,24703.6,327650,327639,327645,0,-1.9145454545448297,False
327721,2025-05-29 12:38:00,-1,24716.1,327683,327667,327678,0,-1.9145454545448297,False
327721,2025-05-29 12:38:00,-1,24720.1,327706,327690,327701,0,-1.9145454545448297,False
327804,2025-05-29 14:01:00,-1,24737.0,327796,327764,327791,0,-1.2036363636369833,False
327863,2025-05-29 15:00:00,1,24778.4,327618,327599,327613,0,2.052727272726498,False
327863,2025-05-29 15:00:00,1,24760.0,327835,327796,327830,7,2.052727272726498,True
327953,2025-05-30 10:15:00,-1,24900.3,327949,327938,327944,0,-1.3993939393934667,False
328121,2025-05-30 13:03:00,1,24880.0,328120,328082,328115,0,0.1618181818186623,False
328145,2025-05-30 13:27:00,1,24890.0,328141,328123,328136,0,-1.108484848485031,False
328174,2025-05-30 13:56:00,1,24905.0,328162,328149,328157,0,1.2787878787879632,False
328239,2025-05-30 15:01:00,-1,24870.1,328130,328118,328125,5,0.058181818181985756,False
328240,2025-05-30 15:02:00,-1,24869.0,328198,328143,328193,1,-1.2981818181810947,True
328334,2025-06-02 10:21:00,-1,24665.0,328333,328308,328328,0,-2.721212121212006,False
328350,2025-06-02 10:37:00,1,24708.0,328328,328313,328323,2,1.4581818181823127,True
328466,2025-06-02 12:33:00,1,24806.0,328459,328448,328454,1,1.339999999999859,True
328530,2025-06-02 13:37:00,1,24837.0,328522,328509,328517,1,0.058787878786952394,True
328560,2025-06-02 14:07:00,-1,24804.6,328533,328501,328528,0,-0.32181818181636124,False
328585,2025-06-02 14:32:00,-1,24790.0,328568,328492,328563,0,0.4193939393930276,False
328613,2025-06-02 15:00:00,1,24856.7,328543,328531,328538,0,5.340606060606771,False
328614,2025-06-02 15:01:00,1,24862.0,328487,328472,328482,1,7.040000000000234,True
328658,2025-06-03 09:30:00,-1,24762.5,328655,328591,328650,1,-1.319393939393548,True
328762,2025-06-03 11:14:00,-1,24734.0,328733,328688,328728,1,-0.08606060606001116,True
328790,2025-06-03 11:42:00,-1,24715.4,328663,328389,328658,9,-7.235757575757932,True
328859,2025-06-03 12:51:00,-1,24700.0,328795,328763,328790,0,-5.38121212121252,False
328945,2025-06-03 14:17:00,1,24714.9,328939,328903,328934,3,1.1460606060610727,True
328990,2025-06-03 15:02:00,-1,24694.2,328954,328941,328949,3,-0.2636363636358654,True
328990,2025-06-03 15:02:00,-1,24695.0,328985,328957,328980,0,-0.2636363636358654,False
329010,2025-06-03 15:22:00,-1,24670.1,329007,328996,329002,1,0.5836363636374606,False
329054,2025-06-04 09:51:00,-1,24645.0,329022,328298,329017,2,-1.5218181818186671,True
329106,2025-06-04 10:43:00,1,24719.0,329036,328989,329031,2,-0.09454545454605527,False
329139,2025-06-04 11:16:00,-1,24688.9,329124,329092,329119,0,-1.0042424242425734,False
329206,2025-06-04 12:23:00,1,24728.0,329202,329160,329197,0,-0.44484848484806466,False
329243,2025-06-04 13:00:00,1,24730.1,329233,329207,329228,1,1.0509090909082244,True
329266,2025-06-04 13:23:00,-1,24713.0,329264,329237,329259,0,0.023030303029978084,False
329311,2025-06-04 14:08:00,1,24747.4,329308,329297,329303,0,0.2490909090920179,False
329332,2025-06-04 14:29:00,-1,24731.0,329320,329306,329315,3,-0.45333333333349923,True
329404,2025-06-05 09:26:00,1,24795.0,328787,328745,328782,1,6.627272727273527,True
329564,2025-06-05 12:06:00,1,24929.0,328648,328174,328643,0,9.567272727272483,False
329615,2025-06-05 12:57:00,-1,24922.1,329602,329585,329597,0,0.15212121212168417,False
329784,2025-06-06 09:31:00,-1,24813.2,329694,329547,329689,3,-2.140606060606357,True
329819,2025-06-06 10:06:00,1,24896.0,329733,329658,329728,0,-2.1236363636371793,False
329846,2025-06-06 10:33:00,1,24952.9,329628,329613,329623,1,8.17939393939388,True
329851,2025-06-06 10:38:00,1,24964.0,329604,329588,329599,2,5.1672727272729455,True
329914,2025-06-06 11:41:00,1,25090.0,329896,329880,329891,0,1.1321212121221282,False
330001,2025-06-06 13:08:00,-1,25065.7,329998,329987,329993,1,-1.4503030303026427,True
330025,2025-06-06 13:32:00,-1,25055.1,330013,329973,330008,0,-1.8012121212127343,False
330069,2025-06-06 14:16:00,1,25090.0,330045,330031,330040,0,1.6242424242411655,False
330143,2025-06-09 09:15:00,1,25124.9,330081,329943,330076,0,3.9684848484853386,False
330220,2025-06-09 10:32:00,1,25200.0,330198,330155,330193,4,0.9339393939398203,True
330265,2025-06-09 11:17:00,-1,25190.0,330263,330224,330258,0,-0.19151515151446616,False
330303,2025-06-09 11:55:00,-1,25174.3,330212,330198,330207,10,-0.013333333333394802,True
330339,2025-06-09 12:31:00,1,25198.6,330292,330271,330287,0,0.7036363636365723,False
330383,2025-06-09 13:15:00,1,25190.9,330381,330369,330376,1,0.31454545454673294,True
330390,2025-06-09 13:22:00,-1,25180.0,330377,330365,330372,2,-0.4763636363633729,True
330421,2025-06-09 13:53:00,1,25188.1,330410,330397,330405,6,0.13333333333321562,True
330518,2025-06-10 09:15:00,1,25214.9,330254,330240,330249,0,1.326666666667029,False
330518,2025-06-10 09:15:00,1,25187.3,330516,330492,330511,0,1.326666666667029,False
330532,2025-06-10 09:29:00,-1,25160.7,330449,330186,330444,0,1.3018181818179702,False
330533,2025-06-10 09:30:00,-1,25149.5,330173,330160,330168,0,-2.4351515151514085,False
330569,2025-06-10 10:06:00,1,25227.3,330559,330530,330554,3,2.098787878788108,True
330817,2025-06-10 14:14:00,-1,25199.8,330811,330798,330806,1,-0.4442424242432342,True
330846,2025-06-10 14:43:00,-1,25189.0,330837,330824,330832,1,0.15939393939462046,False
330858,2025-06-10 14:55:00,-1,25176.0,330854,330550,330849,0,-0.1933333333339082,False
330936,2025-06-11 09:58:00,1,25206.9,330933,330810,330928,2,1.2303030303026588,True
330938,2025-06-11 10:00:00,1,25213.3,330918,330796,330913,2,1.6242424242437847,True
330962,2025-06-11 10:24:00,-1,25205.0,330958,330945,330953,3,-0.9363636363632768,True
330981,2025-06-11 10:43:00,1,25220.0,330963,330939,330958,0,0.1824242424244193,False
331081,2025-06-11 12:23:00,1,25293.3,331070,331053,331065,0,0.7424242424251151,False
331163,2025-06-11 13:45:00,-1,25235.5,331004,330989,330999,0,-1.2957575757573732,False
331257,2025-06-11 15:19:00,-1,25212.2,331228,331216,331223,0,-0.7739393939403891,False
331268,2025-06-12 09:15:00,-1,25197.9,331196,330969,331191,1,0.13333333333534303,False
331277,2025-06-12 09:24:00,1,25238.0,331206,331176,331201,1,2.953333333332199,True
331356,2025-06-12 10:43:00,-1,25140.0,331319,330893,331314,0,-1.0115151515162917,False
331356,2025-06-12 10:43:00,-1,25146.2,331339,330868,331334,0,-1.0115151515162917,False
331467,2025-06-12 12:34:00,1,25128.2,331460,331424,331455,0,0.6048484848475347,False
331519,2025-06-12 13:26:00,-1,25105.6,331499,331450,331494,1,-1.3448484848488005,True
331601,2025-06-12 14:48:00,1,24970.0,331592,331575,331587,0,1.5884848484840646,False
331713,2025-06-13 10:25:00,1,24708.4,331705,331656,331700,0,2.847878787877651,False
331759,2025-06-13 11:11:00,-1,24700.2,331756,331726,331751,2,-1.132121212121778,True
331785,2025-06-13 11:37:00,1,24728.1,331758,331742,331753,2,3.9327272727278957,True
331890,2025-06-13 13:22:00,1,24730.9,331888,331870,331883,1,-0.47515151515061516,False
331966,2025-06-13 14:38:00,-1,24735.0,331949,331925,331944,2,-2.2939393939381745,True
331976,2025-06-13 14:48:00,-1,24713.3,331879,331849,331874,7,-2.6121212121215827,True
331976,2025-06-13 14:48:00,-1,24714.0,331891,331880,331886,3,-2.6121212121215827,True
332129,2025-06-16 11:06:00,1,24980.0,331618,331602,331613,0,4.344848484848494,False
332293,2025-06-16 13:50:00,-1,24980.0,332279,332262,332274,0,-3.9581818181818273,False
332393,2025-06-17 09:15:00,-1,24974.9,332359,332294,332354,0,0.48969696969690996,False
332396,2025-06-17 09:18:00,-1,24941.6,332217,332186,332212,0,-1.2418181818170553,False
332432,2025-06-17 09:54:00,-1,24891.6,332425,332408,332420,0,-0.5721212121204792,False
332571,2025-06-17 12:13:00,-1,24897.0,332513,332499,332508,4,0.8375757575760618,False
332602,2025-06-17 12:44:00,-1,24875.0,332453,332441,332448,0,-0.9024242424239076,False
332687,2025-06-17 14:09:00,1,24892.0,332677,332655,332672,0,0.6509090909102926,False
332716,2025-06-17 14:38:00,-1,24877.1,332682,332665,332677,2,-1.806060606060861,True
332764,2025-06-17 15:26:00,-1,24861.0,332739,332639,332734,5,-1.3278787878775704,True
332777,2025-06-18 09:24:00,1,24901.5,332693,332589,332688,3,8.099393939393435,True
332781,2025-06-18 09:28:00,1,24928.6,332548,332532,332543,1,8.313333333334407,True
332785,2025-06-18 09:32:00,1,24940.0,332487,332476,332482,2,4.158787878788996,True
333025,2025-06-18 13:32:00,1,24835.0,333020,333006,333015,1,1.0545454545458186,True
333076,2025-06-18 14:23:00,-1,24800.0,333049,332992,333044,2,-1.3678787878779675,True
333146,2025-06-19 09:18:00,-1,24786.0,333082,332982,333077,1,-0.5187878787884017,True
333162,2025-06-19 09:34:00,1,24848.0,333106,333030,333101,7,1.8836363636357276,True
333162,2025-06-19 09:34:00,1,24854.4,333119,332942,333114,0,1.8836363636357276,False
333222,2025-06-19 10:34:00,-1,24834.0,333201,333184,333196,1,-2.1599999999992683,True
333398,2025-06-19 13:30:00,-1,24802.0,333377,333361,333372,3,-0.3545454545451476,True
333427,2025-06-19 13:59:00,1,24825.0,333413,333377,333408,3,0.6872727272726616,True
333428,2025-06-19 14:00:00,1,24849.4,333319,333245,333314,0,1.3090909090910037,False
333449,2025-06-19 14:21:00,1,24864.9,333222,333206,333217,0,2.0727272727277333,False
333497,2025-06-19 15:09:00,-1,24824.0,333483,333470,333478,9,-0.6551515151509012,True
333652,2025-06-20 11:29:00,-1,25044.9,333649,333634,333644,1,-0.4206060606051533,True
333710,2025-06-20 12:27:00,-1,25040.0,333658,333611,333653,2,-4.676969696969084,True
333849,2025-06-20 14:46:00,-1,25090.1,333829,333814,333824,4,-1.8399999999997407,True
333868,2025-06-20 15:05:00,1,25120.0,333803,333775,333798,0,2.328484848485207,False
334022,2025-06-23 11:24:00,1,24939.7,334021,333988,334016,0,-0.16606060606047252,False
334100,2025-06-23 12:42:00,1,24959.9,334095,334080,334090,1,0.9563636363639677,True
334106,2025-06-23 12:48:00,-1,24941.5,334102,334086,334097,0,0.8909090909094591,False
334197,2025-06-23 14:19:00,-1,25028.1,334180,334165,334175,2,-2.2599999999999376,True
334257,2025-06-23 15:19:00,-1,24991.2,334230,334217,334225,7,-0.6430303030294449,True
334257,2025-06-23 15:19:00,-1,24991.0,334251,334231,334246,3,-0.6430303030294449,True
334268,2025-06-24 09:15:00,1,25021.9,334244,334214,334239,0,11.132727272728145,False
334330,2025-06-24 10:17:00,1,25271.0,334329,334269,334324,0,4.928484848484874,False
334429,2025-06-24 11:56:00,1,25313.4,334414,334388,334409,2,1.5672727272720435,True
334470,2025-06-24 12:37:00,-1,25291.1,334426,334411,334421,0,-1.0236363636365102,False
334516,2025-06-24 13:23:00,-1,25187.0,334482,334364,334477,1,-4.0387878787868425,True
334643,2025-06-25 09:15:00,1,25114.3,334601,334585,334596,0,3.4369696969692995,False
334715,2025-06-25 10:27:00,1,25224.0,334695,334677,334690,2,1.743030303030368,True
334841,2025-06-25 12:33:00,1,25230.0,334838,334803,334833,2,0.5399999999994287,True
334873,2025-06-25 13:05:00,1,25243.7,334785,334743,334780,0,1.806060606061787,False
334898,2025-06-25 13:30:00,1,25280.7,334895,334503,334890,1,1.4375757575761652,True
334995,2025-06-25 15:07:00,-1,25251.1,334992,334978,334987,0,-0.15515151515083214,False
335104,2025-06-26 10:41:00,-1,25366.9,335099,335084,335094,1,-0.7575757575762001,True
335153,2025-06-26 11:30:00,1,25366.0,335152,335131,335147,0,1.2593939393934326,False
335166,2025-06-26 11:43:00,-1,25324.0,335151,335121,335146,0,-4.881818181817806,False
335259,2025-06-26 13:16:00,1,25428.8,335204,335188,335199,3,1.3309090909101662,True
335453,2025-06-27 10:15:00,1,25690.0,335437,335414,335432,0,0.8472727272733125,False
335538,2025-06-27 11:40:00,1,25719.8,335526,335514,335521,4,0.3339393939400757,True
335771,2025-06-30 09:18:00,-1,25732.0,335752,335708,335747,1,0.10424242424341743,False
335777,2025-06-30 09:24:00,1,25759.2,335737,335726,335732,10,0.18666666666715764,True
335779,2025-06-30 09:26:00,1,25766.0,335744,335692,335739,3,3.3939393939404225,True
335786,2025-06-30 09:33:00,-1,25723.2,335777,335642,335772,2,-4.267878787878641,True
335861,2025-06-30 10:48:00,-1,25685.0,335859,335846,335854,0,-1.4406060606074451,False
335949,2025-06-30 12:16:00,1,25698.0,335891,335870,335886,15,1.5696969696976408,True
335964,2025-06-30 12:31:00,-1,25680.0,335939,335903,335934,0,-2.42545454545436,False
335991,2025-06-30 12:58:00,-1,25644.8,335479,335423,335474,3,-2.571515151515627,True
336104,2025-06-30 14:51:00,1,25605.9,336081,336052,336076,5,1.3993939393936197,True
336148,2025-07-01 09:20:00,1,25625.0,336124,336020,336119,3,0.4084848484851556,True
336176,2025-07-01 09:48:00,1,25684.8,336175,336161,336170,0,-1.1393939393927035,False
336190,2025-07-01 10:02:00,-1,25655.0,336179,336163,336174,2,-0.3824242424229059,True
336302,2025-07-01 11:54:00,-1,25625.0,336287,336272,336282,1,-0.6587878787876942,True
336326,2025-07-01 12:18:00,1,25639.7,336295,336278,336290,0,1.149090909091574,False
336370,2025-07-01 13:02:00,-1,25639.2,336359,336341,336354,7,-0.2612121212113604,True
336407,2025-07-01 13:39:00,1,25643.0,336403,336392,336398,2,0.2600000000003811,True
336424,2025-07-01 13:56:00,-1,25630.7,336402,336389,336397,1,-1.2193939393939255,True
336433,2025-07-01 14:05:00,1,25649.8,336414,336368,336409,0,1.8539393939396807,False
336441,2025-07-01 14:13:00,1,25655.0,336438,336358,336433,1,0.6909090909082789,True
336442,2025-07-01 14:14:00,1,25659.4,336349,336333,336344,2,0.5951515151518747,True
336518,2025-07-02 09:15:00,1,25667.4,336223,336196,336218,2,0.015757575759161688,True
336518,2025-07-02 09:15:00,1,25667.5,336448,336227,336443,0,0.015757575759161688,False
336564,2025-07-02 10:01:00,-1,25633.5,336478,336465,336473,2,-1.772727272727716,True
336564,2025-07-02 10:01:00,-1,25634.1,336551,336501,336546,2,-1.772727272727716,True
336581,2025-07-02 10:18:00,-1,25617.2,336576,336317,336571,3,-1.4545454545439878,True
336601,2025-07-02 10:38:00,-1,25605.0,336586,336304,336581,0,-1.5278787878779634,False
336631,2025-07-02 11:08:00,-1,25575.0,336066,336046,336061,5,-1.7951515151520894,True
336734,2025-07-02 12:51:00,-1,25560.0,336646,336635,336641,0,-1.3375757575758027,False
336810,2025-07-02 14:07:00,1,25506.6,336808,336793,336803,1,0.4393939393947213,True
336861,2025-07-02 14:58:00,1,25528.0,336827,336814,336822,0,1.177575757576402,False
336896,2025-07-03 09:18:00,1,25590.9,336732,336714,336727,2,5.863636363636307,True
336989,2025-07-03 10:51:00,-1,25619.1,336957,336944,336952,3,-1.0830303030297967,True
337023,2025-07-03 11:25:00,1,25656.7,337012,336971,337007,2,1.2157575757573007,True
337024,2025-07-03 11:26:00,1,25660.2,336968,336553,336963,3,1.5151515151511243,True
337040,2025-07-03 11:42:00,-1,25610.0,337000,336989,336995,0,-0.01212121211961264,False
337134,2025-07-03 13:16:00,-1,25574.7,337082,337045,337077,0,-0.2175757575755216,False
337198,2025-07-03 14:20:00,-1,25583.1,337197,337149,337192,0,-1.2109090909089641,False
337272,2025-07-04 09:19:00,-1,25492.2,337232,336845,337227,2,1.3072727272731761,False
337289,2025-07-04 09:36:00,-1,25486.5,336804,336773,336799,10,-3.6703030303025583,True
337351,2025-07-04 10:38:00,1,25509.0,337328,337313,337323,4,0.6375757575757378,True
337351,2025-07-04 10:38:00,1,25509.7,337343,337329,337338,0,0.6375757575757378,False
337505,2025-07-04 13:12:00,1,25454.3,337504,337467,337499,0,-0.19454545454539154,False
337545,2025-07-04 13:52:00,1,25459.1,337536,337506,337531,2,0.6963636363640171,True
337585,2025-07-04 14:32:00,1,25469.1,337572,337560,337567,1,1.0060606060600612,True
337589,2025-07-04 14:36:00,1,25514.7,337391,337358,337386,0,3.057575757575574,False
337592,2025-07-04 14:39:00,1,25522.0,337260,337241,337255,7,6.607878787879393,True
337592,2025-07-04 14:39:00,1,25520.3,337273,337235,337268,7,6.607878787879393,True
337642,2025-07-04 15:29:00,1,25549.6,337635,337619,337630,2,1.6369696969706244,True
337823,2025-07-07 12:15:00,-1,25510.0,337712,337697,337707,3,-1.3806060606053159,True
337823,2025-07-07 12:15:00,-1,25512.0,337815,337715,337810,3,-1.3806060606053159,True
337886,2025-07-07 13:18:00,1,25539.4,337885,337835,337880,0,1.0466666666663196,False
337931,2025-07-07 14:03:00,1,25546.0,337891,337790,337886,5,1.1636363636356981,True
337931,2025-07-07 14:03:00,1,25546.6,337922,337895,337917,0,1.1636363636356981,False
338015,2025-07-07 15:27:00,1,25544.0,338003,337990,337998,2,0.7496969696973887,True
338199,2025-07-08 12:16:00,1,25543.0,338128,338105,338123,7,0.40848484848491545,True
338206,2025-07-08 12:23:00,1,25545.6,338204,338193,338199,0,0.06666666666668326,False
338249,2025-07-08 13:06:00,1,25567.5,338055,338044,338050,9,-0.09757575757505371,False
338249,2025-07-08 13:06:00,1,25568.9,338241,338219,338236,0,-0.09757575757505371,False
338348,2025-07-08 14:45:00,-1,25549.0,338279,338231,338274,10,-0.31575757575636565,True
338348,2025-07-08 14:45:00,-1,25550.0,338319,338282,338314,13,-0.31575757575636565,True
338361,2025-07-08 14:58:00,1,25568.0,338295,338272,338290,3,1.39393939393849,True
338362,2025-07-08 14:59:00,1,25570.0,338303,338263,338298,1,1.9400000000013222,True
338514,2025-07-09 11:16:00,1,25635.0,338469,338379,338464,1,1.8787878787877554,True
338551,2025-07-09 11:53:00,-1,25609.0,338505,338468,338500,0,-0.8290909090914917,False
338689,2025-07-09 14:11:00,-1,25610.4,338673,338662,338668,3,-0.653939393939286,True
338712,2025-07-09 14:34:00,-1,25547.8,338361,338348,338356,0,-3.8418181818179202,False
338731,2025-07-09 14:53:00,-1,25538.0,338717,338224,338712,0,-1.1690909090897812,False
338769,2025-07-10 09:16:00,-1,25550.0,338762,338747,338757,2,-0.033939393939047824,True
338774,2025-07-10 09:21:00,-1,25520.0,338117,338094,338112,2,-2.82363636363673,True
338774,2025-07-10 09:21:00,-1,25523.3,338170,338146,338165,3,-2.82363636363673,True
338774,2025-07-10 09:21:00,-1,25524.5,338737,338176,338732,1,-2.82363636363673,True
338782,2025-07-10 09:29:00,-1,25511.5,337978,337959,337973,5,-1.2969696969698246,True
338792,2025-07-10 09:39:00,-1,25500.1,337873,337825,337868,5,-0.48909090909211894,True
338806,2025-07-10 09:53:00,-1,25492.2,338798,338786,338793,0,-0.37515151515125955,False
338957,2025-07-10 12:24:00,1,25465.0,338893,338871,338888,1,2.9054545454561063,True
339059,2025-07-10 14:06:00,1,25478.0,338976,338963,338971,0,3.256969696970721,False
339059,2025-07-10 14:06:00,1,25468.2,339029,339013,339024,0,3.256969696970721,False
339113,2025-07-10 15:00:00,-1,25425.2,338950,338897,338945,1,-1.9333333333331748,True
339376,2025-07-11 13:08:00,-1,25224.4,339371,339335,339366,2,-0.7787878787881456,True
339423,2025-07-11 13:55:00,1,25237.5,339400,339368,339395,2,2.4036363636364553,True
339506,2025-07-11 15:18:00,-1,25220.0,339455,339438,339450,6,-2.0599999999997785,True
339515,2025-07-11 15:27:00,-1,25211.8,339512,339377,339507,2,-1.00666666666573,True
339631,2025-07-14 11:08:00,-1,25137.1,339627,339603,339622,1,-0.5575757575750891,True
339651,2025-07-14 11:28:00,-1,25100.1,339543,339527,339538,0,-1.904242424242358,False
339726,2025-07-14 12:43:00,1,25120.9,339698,339653,339693,11,0.3030303030309754,True
339750,2025-07-14 13:07:00,-1,25093.2,339689,339658,339684,0,0.7024242424241746,False
339750,2025-07-14 13:07:00,-1,25100.0,339715,339676,339710,4,0.7024242424241746,False
339772,2025-07-14 13:29:00,1,25124.7,339771,339728,339766,0,1.2339393939392864,False
339855,2025-07-14 14:52:00,1,25137.1,339835,339642,339830,0,0.8248484848473188,False
339893,2025-07-15 09:15:00,1,25194.0,339583,339563,339578,3,0.3812121212116095,True
339893,2025-07-15 09:15:00,1,25193.2,339867,339584,339862,0,0.3812121212116095,False
339999,2025-07-15 11:01:00,1,25263.3,339357,339261,339352,0,0.5757575757573948,False
340091,2025-07-15 12:33:00,1,25287.3,340076,340059,340071,2,2.443636363636934,True
340270,2025-07-16 09:17:00,-1,25222.0,340239,340185,340234,2,-7.179393939393178,True
340346,2025-07-16 10:33:00,-1,25176.8,340334,340300,340329,0,0.1933333333341057,False
340409,2025-07-16 11:36:00,1,25193.2,340393,340376,340388,6,0.35454545454575903,True
340422,2025-07-16 11:49:00,1,25200.3,340350,340339,340345,2,0.10484848484829166,True
340426,2025-07-16 11:53:00,1,25215.0,340311,340293,340306,2,2.5151515151525015,True
340572,2025-07-16 14:19:00,1,25285.0,340571,340122,340566,0,1.3569696969711371,False
340604,2025-07-16 14:51:00,-1,25265.0,340593,340580,340588,2,-0.5781818181824315,True
340718,2025-07-17 10:30:00,-1,25190.0,340711,340419,340706,1,-0.25636363636190396,True
340826,2025-07-17 12:18:00,-1,25230.0,340821,340805,340816,1,-0.9775757575755132,True
340846,2025-07-17 12:38:00,-1,25225.0,340836,340783,340831,5,-0.3575757575750339,True
340873,2025-07-17 13:05:00,-1,25226.0,340872,340857,340867,0,-0.2581818181818478,False
340976,2025-07-17 14:48:00,-1,25171.0,340398,340370,340393,0,-1.2430303030299148,False
341018,2025-07-18 09:15:00,-1,25165.0,340996,340979,340991,5,-0.5981818181820179,True
341019,2025-07-18 09:16:00,-1,25160.6,340365,339935,340360,1,-0.7818181818191912,True
341122,2025-07-18 10:59:00,-1,24989.8,341109,341093,341104,0,-0.987272727273092,False
341127,2025-07-18 11:04:00,1,25014.0,341123,341111,341118,0,-0.5424242424242636,False
341297,2025-07-18 13:54:00,-1,25014.0,341296,341281,341291,0,-2.0145454545453227,False
341301,2025-07-18 13:58:00,1,25035.0,341289,341150,341284,1,0.455757575758499,True
341393,2025-07-21 09:15:00,-1,24995.7,341233,341222,341228,2,-0.5854545454539904,True
341393,2025-07-21 09:15:00,-1,25021.3,341359,341348,341354,0,-0.5854545454539904,False
341393,2025-07-21 09:15:00,-1,25023.9,341379,341329,341374,0,-0.5854545454539904,False
341398,2025-07-21 09:20:00,-1,24981.0,341206,341123,341201,0,-4.607272727271778,False
341427,2025-07-21 09:49:00,1,25040.0,341393,341380,341388,1,8.20363636363805,True
341540,2025-07-21 11:42:00,-1,25078.5,341495,341462,341490,0,-2.61575757575705,False
341587,2025-07-21 12:29:00,-1,25079.0,341581,341562,341576,0,0.219999999999833,False
341604,2025-07-21 12:46:00,1,25099.0,341574,341558,341569,4,0.7636363636364242,True
341928,2025-07-22 11:55:00,1,25103.9,341927,341887,341922,0,-0.6327272727274745,False
341963,2025-07-22 12:30:00,1,25132.0,341962,341863,341957,0,1.019393939395701,False
341992,2025-07-22 12:59:00,1,25142.3,341985,341966,341980,2,0.3739393939393119,True
342143,2025-07-23 09:15:00,1,25105.0,342141,342129,342136,0,2.060606060605717,False
342249,2025-07-23 11:01:00,1,25165.0,341805,341784,341800,5,1.6042424242442164,True
342304,2025-07-23 11:56:00,1,25167.7,342299,342284,342294,1,0.10848484848474012,True
342309,2025-07-23 12:01:00,1,25178.2,342257,341778,342252,1,1.6521212121221305,True
342325,2025-07-23 12:17:00,1,25199.3,341774,340967,341769,5,0.32181818181714095,True
342379,2025-07-23 13:11:00,-1,25203.8,342367,342355,342362,0,-1.1806060606066593,False
342390,2025-07-23 13:22:00,-1,25199.9,342388,342342,342383,0,0.5593939393948654,False
342420,2025-07-23 13:52:00,1,25219.2,342419,342405,342414,0,-0.2460606060598993,False
342486,2025-07-23 14:58:00,1,25249.0,342479,342468,342474,1,0.5327272727285062,True
342553,2025-07-24 09:50:00,-1,25210.0,342422,342408,342417,2,-0.4684848484840776,True
342553,2025-07-24 09:50:00,-1,25210.0,342549,342537,342544,1,-0.4684848484840776,True
342626,2025-07-24 11:03:00,-1,25198.2,342610,342588,342605,0,-0.6084848484849082,False
342679,2025-07-24 11:56:00,-1,25125.0,342664,342210,342659,1,-2.011515151514271,True
342687,2025-07-24 12:04:00,-1,25079.2,342096,341907,342091,1,-4.678181818182845,True
342739,2025-07-24 12:56:00,-1,25088.3,342736,342720,342731,0,-0.6048484848487589,False
342785,2025-07-24 13:42:00,1,25098.1,342779,342757,342774,0,-0.003636363637280087,False
342823,2025-07-24 14:20:00,1,25127.0,342813,342794,342808,1,0.5400000000014086,True
342859,2025-07-24 14:56:00,-1,25087.0,342856,342801,342851,2,-1.3151515151515356,True
342893,2025-07-25 09:15:00,-1,25076.8,342786,342764,342781,0,-4.794545454544861,False
343028,2025-07-25 11:30:00,1,24909.0,343009,342960,343004,2,-0.08666666666583808,False
343079,2025-07-25 12:21:00,-1,24852.1,343073,343061,343068,1,-1.3818181818185196,True
343097,2025-07-25 12:39:00,1,24873.1,343069,343057,343064,0,2.619393939394309,False
343166,2025-07-25 13:48:00,1,24880.8,343148,343120,343143,2,1.9387878787874457,True
343172,2025-07-25 13:54:00,1,24888.3,343103,343042,343098,2,0.3048484848486736,True
343230,2025-07-25 14:52:00,-1,24842.0,343229,343205,343224,0,-0.45636363636295024,False
343268,2025-07-28 09:15:00,-1,24831.0,343157,343082,343152,0,-2.5678787878789593,False
343268,2025-07-28 09:15:00,-1,24835.3,343243,343230,343238,0,-2.5678787878789593,False
343286,2025-07-28 09:33:00,1,24860.0,343252,343238,343247,1,5.978787878788599,True
343328,2025-07-28 10:15:00,1,24894.0,343183,343172,343178,2,3.956969696970147,True
343343,2025-07-28 10:30:00,1,24920.1,343333,343029,343328,9,0.855151515151179,True
343591,2025-07-28 14:38:00,1,24715.0,343583,343548,343578,3,2.040606060606554,True
343643,2025-07-29 09:15:00,-1,24691.9,343587,343571,343582,0,-1.1939393939389655,False
343643,2025-07-29 09:15:00,-1,24701.0,343618,343604,343613,2,-1.1939393939389655,True
343657,2025-07-29 09:29:00,1,24729.0,343602,343519,343597,2,3.04000000000046,True
343682,2025-07-29 09:54:00,1,24739.8,343679,343658,343674,1,1.5327272727275225,True
343847,2025-07-29 12:39:00,1,24729.0,343834,343783,343829,1,0.6951515151512522,True
344003,2025-07-29 15:15:00,1,24839.7,343950,343931,343945,9,-0.2957575757571864,False
344036,2025-07-30 09:33:00,1,24859.8,344017,343410,344012,2,2.008484848484172,True
344091,2025-07-30 10:28:00,-1,24815.2,344062,344029,344057,1,-5.020606060606415,True
344125,2025-07-30 11:02:00,1,24828.0,344123,344095,344118,0,0.0866666666679257,False
344237,2025-07-30 12:54:00,1,24884.5,344218,344206,344213,1,1.998787878787807,True
344263,2025-07-30 13:20:00,-1,24856.0,344233,344198,344228,3,-0.8739393939386844,True
344309,2025-07-30 14:06:00,1,24883.2,344293,344248,344288,2,0.38181818181977806,True
344330,2025-07-30 14:27:00,1,24886.8,344314,344237,344309,0,1.8181818181810154,False
344373,2025-07-30 15:10:00,-1,24865.0,344326,344305,344321,1,-1.9812121212130143,True
344394,2025-07-31 09:16:00,-1,24688.1,343817,343804,343812,1,-16.816363636363427,True
344438,2025-07-31 10:00:00,-1,24676.9,344432,344418,344427,0,-1.5236363636372494,False
344483,2025-07-31 10:45:00,1,24681.8,344470,344446,344465,1,2.060606060606166,True
344486,2025-07-31 10:48:00,1,24718.0,344415,344401,344410,0,4.629090909091329,False
344486,2025-07-31 10:48:00,1,24705.0,344436,344419,344431,0,4.629090909091329,False
344608,2025-07-31 12:50:00,1,24876.5,344601,344379,344596,1,2.130909090908959,True
344703,2025-07-31 14:25:00,-1,24892.5,344649,344622,344644,0,-2.0575757575756537,False
344809,2025-08-01 09:56:00,-1,24770.0,344805,344792,344800,2,-1.3775757575757492,True
344823,2025-08-01 10:10:00,1,24800.1,344821,344796,344816,0,2.3096969696975194,False
344881,2025-08-01 11:08:00,-1,24800.1,344869,344831,344864,0,0.10545454545437166,False
344905,2025-08-01 11:32:00,-1,24758.0,344897,344812,344892,2,-2.043030303029039,True
344972,2025-08-01 12:39:00,-1,24711.8,344940,344917,344935,4,-4.370909090908711,True
345031,2025-08-01 13:38:00,-1,24700.0,345002,344983,344997,0,-3.338181818181505,False
345077,2025-08-01 14:24:00,-1,24695.0,345057,345031,345052,0,-2.364848484847358,False
345110,2025-08-01 14:57:00,-1,24680.1,345104,345081,345099,0,-2.308484848483849,False
345252,2025-08-04 11:04:00,1,24733.0,345236,345178,345231,0,2.7636363636354933,False
345270,2025-08-04 11:22:00,1,24750.5,345268,345254,345263,0,0.8387878787880263,False
345337,2025-08-04 12:29:00,1,24764.0,345284,345271,345279,4,2.0957575757566858,True
345459,2025-08-04 14:31:00,1,24799.0,345455,345443,345450,2,0.2418181818194513,True
345511,2025-08-04 15:23:00,1,24795.0,345509,345498,345504,1,1.0478787878781708,True
345533,2025-08-05 09:30:00,-1,24734.6,345529,345310,345524,3,-1.441212121211476,True
345553,2025-08-05 09:50:00,-1,24680.0,345244,345215,345239,3,-3.2284848484852677,True
345694,2025-08-05 12:11:00,1,24709.0,345592,345546,345587,1,1.8703030303034898,True
345744,2025-08-05 13:01:00,-1,24695.0,345739,345715,345734,3,0.4866666666674293,False
345763,2025-08-05 13:20:00,-1,24680.0,345685,345654,345680,9,-0.48242424242447557,True
345849,2025-08-05 14:46:00,1,24688.9,345808,345761,345803,7,0.3230303030299734,True
345868,2025-08-05 15:05:00,1,24690.0,345847,345835,345842,3,1.9787878787885675,True
345869,2025-08-05 15:06:00,1,24694.7,345853,345754,345848,1,2.507272727272304,True
345898,2025-08-06 09:23:00,1,24734.0,345711,345695,345706,0,1.1812121212120545,False
345912,2025-08-06 09:37:00,-1,24708.3,345893,345878,345888,5,-2.7648484848481356,True
345970,2025-08-06 10:35:00,-1,24652.0,345779,345766,345774,3,-1.7048484848476901,True
345970,2025-08-06 10:35:00,-1,24665.0,345863,345836,345858,9,-1.7048484848476901,True
345970,2025-08-06 10:35:00,-1,24662.0,345952,345827,345947,0,-1.7048484848476901,False
346145,2025-08-06 13:30:00,1,24687.7,346138,346118,346133,2,0.4872727272735105,True
346157,2025-08-06 13:42:00,-1,24672.2,346145,346125,346140,0,-0.26121212121096177,False
346265,2025-08-07 09:15:00,-1,24603.5,345144,345123,345139,0,-3.2884848484851013,False
346265,2025-08-07 09:15:00,-1,24620.0,346020,346005,346015,3,-3.2884848484851013,True
346307,2025-08-07 09:57:00,-1,24570.1,346304,346287,346299,1,-1.016969696970707,True
346409,2025-08-07 11:39:00,1,24500.4,346401,346370,346396,0,0.564242424242461,False
346482,2025-08-07 12:52:00,-1,24491.2,346443,346432,346438,5,-1.1509090909088762,True
346482,2025-08-07 12:52:00,-1,24492.0,346478,346465,346473,3,-1.1509090909088762,True
346496,2025-08-07 13:06:00,-1,24485.0,346428,346417,346423,0,-0.4254545454539886,False
346567,2025-08-07 14:17:00,1,24510.7,346472,346461,346467,1,2.8903030303029205,True
346631,2025-08-07 15:21:00,1,24694.9,346160,346146,346155,0,1.4442424242423524,False
346711,2025-08-08 10:26:00,1,24545.0,346708,346696,346703,2,1.7193939393937463,True
346732,2025-08-08 10:47:00,-1,24508.5,346722,346578,346717,2,-0.5521212121228354,True
346807,2025-08-08 12:02:00,-1,24490.0,346749,346737,346744,0,-1.6739393939385703,False
346807,2025-08-08 12:02:00,-1,24502.4,346792,346775,346787,1,-1.6739393939385703,True
346855,2025-08-08 12:50:00,1,24534.7,346771,346727,346766,0,1.8624242424251554,False
346855,2025-08-08 12:50:00,1,24531.0,346803,346780,346798,2,1.8624242424251554,True
346893,2025-08-08 13:28:00,-1,24501.0,346878,346844,346873,1,-1.9696969696964202,True
346937,2025-08-08 14:12:00,-1,24490.0,346900,346826,346895,0,-0.983636363635702,False
346994,2025-08-08 15:09:00,-1,24464.8,346962,346938,346957,1,-1.0448484848473563,True
347077,2025-08-11 10:17:00,1,24494.6,347032,346985,347027,4,1.2539393939398478,True
347084,2025-08-11 10:24:00,1,24506.3,346972,346945,346967,3,0.9218181818187667,True
347141,2025-08-11 11:21:00,1,24533.6,347134,347121,347129,2,3.84484848484879,True
347144,2025-08-11 11:24:00,1,24539.0,347119,346908,347114,2,4.287878787879218,True
347330,2025-08-11 14:30:00,1,24604.8,347322,347307,347317,0,0.6593939393942252,False
347398,2025-08-12 09:23:00,1,24646.2,347371,347360,347366,2,4.65272727272734,True
347430,2025-08-12 09:55:00,1,24721.0,346640,345956,346635,2,1.4854545454549792,True
347497,2025-08-12 11:02:00,-1,24632.0,347485,347467,347480,0,-1.5018181818195868,False
347572,2025-08-12 12:17:00,1,24640.0,347569,347554,347564,2,0.736363636364377,True
347681,2025-08-12 14:06:00,-1,24623.0,347662,347649,347657,2,-4.598181818182047,True
347686,2025-08-12 14:11:00,-1,24618.3,347647,347557,347642,3,-2.3484848484844756,True
347690,2025-08-12 14:15:00,-1,24587.4,347327,347312,347322,1,-2.9600000000001225,True
347690,2025-08-12 14:15:00,-1,24590.4,347550,347503,347545,0,-2.9600000000001225,False
347718,2025-08-12 14:43:00,-1,24579.7,347715,347691,347710,2,-0.26787878787961206,True
347798,2025-08-13 09:48:00,1,24673.7,347797,347674,347792,0,1.5490909090906582,False
347808,2025-08-13 09:58:00,1,24684.4,347804,347618,347799,1,0.6090909090897482,True
347872,2025-08-13 11:02:00,1,24685.0,347844,347827,347839,1,1.592727272727629,True
347909,2025-08-13 11:39:00,-1,24658.1,347902,347882,347897,2,0.4387878787886155,False
347963,2025-08-13 12:33:00,1,24690.0,347957,347872,347952,1,1.4387878787882318,True
347964,2025-08-13 12:34:00,1,24693.2,347820,347808,347815,2,2.364242424241784,True
347999,2025-08-13 13:09:00,1,24720.0,347987,347976,347982,9,0.6206060606068244,True
348114,2025-08-13 15:04:00,-1,24714.3,348084,348073,348079,0,-2.610909090909251,False
348145,2025-08-14 09:20:00,-1,24703.7,348120,348032,348115,6,-0.9072727272730308,True
348146,2025-08-14 09:21:00,-1,24684.6,348016,347968,348011,2,-2.3139393939409056,True
348170,2025-08-14 09:45:00,1,24742.0,348069,348043,348064,0,5.13212121212172,False
348170,2025-08-14 09:45:00,1,24740.0,348110,348096,348105,1,5.13212121212172,True
348286,2025-08-14 11:41:00,-1,24685.0,348195,348162,348190,1,0.21454545454468887,False
348335,2025-08-14 12:30:00,1,24705.0,348311,348283,348306,2,0.9412121212120025,True
348364,2025-08-14 12:59:00,1,24720.0,348271,348256,348266,3,2.0272727272733486,True
348442,2025-08-14 14:17:00,-1,24685.0,348437,348353,348432,1,-1.32848484848397,True
348478,2025-08-14 14:53:00,1,24700.0,348466,348433,348461,4,1.3812121212124535,True
348515,2025-08-18 09:15:00,1,24748.3,348176,348054,348171,0,12.761212121213049,False
348515,2025-08-18 09:15:00,1,24725.0,348369,348248,348364,5,12.761212121213049,True
348515,2025-08-18 09:15:00,1,24725.0,348386,348371,348381,0,12.761212121213049,False
348724,2025-08-18 12:44:00,1,24970.0,348712,348701,348707,1,2.2903030303019514,True
348749,2025-08-18 13:09:00,1,24994.9,348743,348684,348738,2,1.5824242424242818,True
348833,2025-08-18 14:33:00,-1,24989.1,348826,348814,348821,0,-0.31030303030330547,False
348890,2025-08-19 09:15:00,-1,24955.4,348880,348865,348875,0,-0.43333333333338087,False
348948,2025-08-19 10:13:00,1,24975.5,348894,348880,348889,7,1.6133333333341113,True
348996,2025-08-19 11:01:00,1,24983.0,348961,348900,348956,7,0.8539393939401543,True
349026,2025-08-19 11:31:00,1,24996.0,348856,348842,348851,9,-0.06727272727267913,False
349038,2025-08-19 11:43:00,1,25005.0,348821,348810,348816,5,1.1763636363631524,True
349042,2025-08-19 11:47:00,1,25007.9,348766,348751,348761,5,0.929090909091424,True
349072,2025-08-19 12:17:00,1,25034.9,348640,348621,348635,3,1.8103030303033456,True
349146,2025-08-19 13:31:00,-1,25027.2,349129,349104,349124,2,-0.5787878787881033,True
349179,2025-08-19 14:04:00,-1,25001.6,349060,349048,349055,4,-0.3109090909093054,True
349259,2025-08-19 15:24:00,1,25038.0,349242,349226,349237,0,0.6654545454545033,False
349265,2025-08-20 09:15:00,-1,25013.6,349233,349220,349228,0,-1.960606060605062,False
349324,2025-08-20 10:14:00,1,25019.0,349318,349300,349313,0,-0.25272727272676604,False
349345,2025-08-20 10:35:00,1,25031.3,349344,349325,349339,0,0.49030303030370137,False
349382,2025-08-20 11:12:00,1,25048.9,349358,349217,349353,0,2.3927272727277997,False
349383,2025-08-20 11:13:00,1,25060.0,349082,348581,349077,4,2.761212121212714,True
349424,2025-08-20 11:54:00,-1,25046.6,349417,349397,349412,2,-0.39818181817997306,True
349428,2025-08-20 11:58:00,1,25068.0,349390,348560,349385,0,0.6836363636363432,False
349551,2025-08-20 14:01:00,1,25091.5,349546,349510,349541,0,0.004848484848574244,False
349639,2025-08-20 15:29:00,-1,25076.0,349635,349546,349630,2,0.44424242424267874,False
349640,2025-08-21 09:15:00,1,25104.0,349596,349570,349591,2,2.2406060606045597,True
349748,2025-08-21 11:03:00,-1,25153.4,349735,349710,349730,1,-0.18424242424238718,True
349931,2025-08-21 14:06:00,1,25153.7,349884,349873,349879,3,1.4096969696976924,True
349940,2025-08-21 14:15:00,1,25161.0,349859,349789,349854,0,0.7018181818191842,False
350029,2025-08-22 09:29:00,-1,25011.0,349376,349332,349371,3,-1.784848484848801,True
350055,2025-08-22 09:55:00,-1,24970.9,350045,349289,350040,1,-0.8472727272714808,True
350077,2025-08-22 10:17:00,-1,24955.6,350068,348973,350063,0,-1.8339393939388233,False
350160,2025-08-22 11:40:00,1,24954.0,350147,350129,350142,5,0.6030303030288576,True
350171,2025-08-22 11:51:00,1,24963.0,350166,350089,350161,3,0.49272727272922845,True
350263,2025-08-22 13:23:00,1,24943.9,350261,350245,350256,1,0.6684848484841993,True
350318,2025-08-22 14:18:00,-1,24930.5,350245,350220,350240,4,-1.8521212121197177,True
350324,2025-08-22 14:24:00,-1,24920.0,350323,350121,350318,0,-1.7224242424235303,False
350540,2025-08-25 11:45:00,1,24980.0,350517,350500,350512,2,0.25818181818160946,True
350572,2025-08-25 12:17:00,1,25002.8,350567,350047,350562,2,-0.10303030302935802,False
350603,2025-08-25 12:48:00,1,25016.9,350598,350575,350593,2,0.9509090909087893,True
350663,2025-08-25 13:48:00,1,25025.0,350632,350621,350627,0,0.579393939393414,False
350695,2025-08-25 14:20:00,-1,24999.1,350650,350586,350645,0,-1.2533333333326648,False
350765,2025-08-26 09:15:00,-1,24960.0,350512,350491,350507,0,-2.610303030301837,False
350767,2025-08-26 09:17:00,-1,24889.2,350366,350333,350361,3,-10.533333333333108,True
350767,2025-08-26 09:17:00,-1,24887.7,350394,350373,350389,0,-10.533333333333108,False
350856,2025-08-26 10:46:00,-1,24781.0,350831,350811,350826,1,-0.86606060606106,True
350875,2025-08-26 11:05:00,1,24813.0,350840,350828,350835,4,3.4509090909099047,True
350940,2025-08-26 12:10:00,-1,24799.1,350918,350878,350913,2,-0.789090909090184,True
350940,2025-08-26 12:10:00,-1,24800.0,350933,350922,350928,2,-0.789090909090184,True
351033,2025-08-26 13:43:00,1,24816.0,350956,350935,350951,3,0.546060606060254,True
351060,2025-08-26 14:10:00,-1,24802.0,351033,351019,351028,10,-0.81515151515205,True
351299,2025-08-28 11:54:00,-1,24650.3,351269,351256,351264,4,-0.6957575757577829,True
351429,2025-08-28 14:04:00,-1,24536.4,351423,351400,351418,0,1.0593939393941851,False
351471,2025-08-28 14:46:00,-1,24521.3,351165,351150,351160,3,-3.1630303030297826,True
351709,2025-08-29 12:29:00,-1,24666.1,351687,351616,351682,3,-0.912121212122134,True
351821,2025-08-29 14:21:00,1,24660.0,351774,351760,351769,0,-0.2939393939375161,False
351821,2025-08-29 14:21:00,1,24651.9,351818,351792,351813,0,-0.2939393939375161,False
351829,2025-08-29 14:29:00,-1,24610.2,351580,351536,351575,4,-6.03939393939286,True
352026,2025-09-01 11:31:00,1,24689.3,352000,351727,351995,0,1.104242424242422,False
352042,2025-09-01 11:47:00,-1,24671.0,352034,352003,352029,3,-0.8169696969705003,True
352079,2025-09-01 12:24:00,1,24691.9,351935,351695,351930,3,0.7866666666673854,True
352083,2025-09-01 12:28:00,1,24708.8,351660,351632,351655,9,2.9672727272730475,True
352119,2025-09-01 13:04:00,1,24715.0,352099,352085,352094,4,1.0127272727277228,True
352232,2025-09-01 14:57:00,1,24746.4,352215,352190,352210,5,0.6642424242432688,True
352370,2025-09-02 11:00:00,1,24855.0,352360,352339,352355,3,1.1624242424241724,True
352443,2025-09-02 12:13:00,-1,24846.9,352434,352418,352429,4,-0.5381818181806778,True
352460,2025-09-02 12:30:00,1,24857.8,352444,352427,352439,4,2.3157575757573223,True
352463,2025-09-02 12:33:00,1,24860.0,352461,352408,352456,1,1.065454545455887,True
352544,2025-09-02 13:54:00,-1,24747.9,352276,352262,352271,1,0.08545454545500868,False
352545,2025-09-02 13:55:00,-1,24734.0,352231,352217,352226,2,-1.6715151515154234,True
352552,2025-09-02 14:02:00,-1,24700.0,352104,352092,352099,3,-6.772727272727179,True
352642,2025-09-03 09:17:00,-1,24651.9,352584,352049,352579,0,-0.3381818181809149,False
352689,2025-09-03 10:04:00,1,24708.8,352660,352622,352655,0,1.4587878787861948,False
352908,2025-09-03 13:43:00,1,24737.8,352903,352885,352898,0,1.5436363636362749,False
352923,2025-09-03 13:58:00,1,24760.0,352851,352839,352846,0,0.6218181818183476,False
352935,2025-09-03 14:10:00,1,24766.6,352930,352828,352925,3,1.2145454545469048,True
352987,2025-09-03 15:02:00,1,24786.4,352961,352935,352956,5,-0.19757575757578485,False
353190,2025-09-04 12:10:00,-1,24913.0,353175,353156,353170,1,-0.7151515151508485,True
353280,2025-09-04 13:40:00,-1,24913.7,353258,353232,353253,5,-1.1624242424253235,True
353364,2025-09-04 15:04:00,-1,24830.0,353344,353324,353339,0,-3.0430303030299433,False
353526,2025-09-05 11:31:00,1,24799.2,353521,353509,353516,3,0.9024242424244373,True
353660,2025-09-05 13:45:00,1,24810.0,353532,353482,353527,0,1.8866666666672498,False
353706,2025-09-05 14:31:00,1,24869.0,353703,353692,353698,1,-0.15757575757623918,False
353780,2025-09-08 09:30:00,1,24900.0,353681,353427,353676,6,1.2290909090906295,True
353787,2025-09-08 09:37:00,1,24929.7,353401,353273,353396,0,5.579393939393656,False
353935,2025-09-08 12:05:00,1,24934.1,353918,353904,353913,0,2.09818181818289,False
353965,2025-09-08 12:35:00,1,24945.0,353252,353238,353247,1,0.7812121212121176,True
353965,2025-09-08 12:35:00,1,24940.0,353954,353936,353949,0,0.7812121212121176,False
353966,2025-09-08 12:36:00,1,24949.8,353191,353121,353186,1,1.8684848484854488,True
354035,2025-09-08 13:45:00,-1,24949.0,354020,354009,354015,5,-1.2151515151501358,True
354082,2025-09-08 14:32:00,1,24963.7,354073,354029,354068,1,0.8442424242446083,True
354083,2025-09-08 14:33:00,1,24975.7,354010,353990,354005,1,1.443636363637018,True
354098,2025-09-08 14:48:00,-1,24921.0,354062,353957,354057,0,-3.6600000000002195,False
354121,2025-09-08 15:11:00,-1,24875.0,354118,353873,354113,0,-0.8084848484848721,False
354244,2025-09-09 10:59:00,1,24932.6,354225,354203,354220,1,-0.12909090909081986,False
354353,2025-09-09 12:48:00,1,24955.8,354332,354267,354327,1,1.3424242424235224,True
354399,2025-09-09 13:34:00,1,24959.7,354175,354162,354170,5,1.2830303030306385,True
354399,2025-09-09 13:34:00,1,24959.3,354358,354180,354353,1,1.2830303030306385,True
354439,2025-09-09 14:14:00,1,24962.3,354436,354155,354431,1,0.10181818181834922,True
354452,2025-09-09 14:27:00,1,24965.0,354445,354399,354440,0,0.024848484848150235,False
354461,2025-09-09 14:36:00,-1,24940.0,354418,354379,354413,6,-2.0242424242424457,True
354515,2025-09-10 09:15:00,1,24979.0,354089,353971,354084,0,4.142424242424685,False
354515,2025-09-10 09:15:00,1,24969.0,354457,354147,354452,0,4.142424242424685,False
354639,2025-09-10 11:19:00,-1,25080.6,354589,354571,354584,5,-1.9806060606054863,True
354667,2025-09-10 11:47:00,-1,25075.0,354658,354554,354653,1,-1.6733333333326565,True
354685,2025-09-10 12:05:00,-1,25070.0,354671,354642,354666,5,-1.4878787878786122,True
354753,2025-09-10 13:13:00,-1,25065.0,354746,354685,354741,0,-0.39575757575717546,False
354806,2025-09-10 14:06:00,1,25069.0,354792,354767,354787,0,-0.4103030303028162,False
354843,2025-09-10 14:43:00,-1,25045.0,354809,354778,354804,6,-1.3296969696968999,True
354843,2025-09-10 14:43:00,-1,25043.0,354828,354757,354823,1,-1.3296969696968999,True
354866,2025-09-10 15:06:00,1,25064.9,354856,354838,354851,1,1.3490909090905958,True
354879,2025-09-10 15:19:00,1,25079.8,354812,354749,354807,2,1.4781818181813933,True
354893,2025-09-11 09:18:00,1,25085.0,354884,354726,354879,0,-2.0775757575759477,False
355003,2025-09-11 11:08:00,1,25087.0,354987,354974,354982,0,1.0739393939391475,False
355072,2025-09-11 12:17:00,1,25089.0,355008,354929,355003,3,0.759393939394253,True
355244,2025-09-11 15:09:00,-1,25100.0,355242,355231,355237,1,-0.26848484848551707,True
355265,2025-09-12 09:15:00,1,25115.0,355201,354629,355196,6,2.7369696969690054,True
355265,2025-09-12 09:15:00,1,25115.0,355227,355202,355222,0,2.7369696969690054,False
355302,2025-09-12 09:52:00,1,25153.7,355294,355279,355289,4,1.7872727272738718,True
355311,2025-09-12 10:01:00,1,25160.0,355309,355265,355304,1,-0.5278787878787161,False
355468,2025-09-12 12:38:00,-1,25205.0,355456,355445,355451,4,-0.24969696969645808,True
355476,2025-09-12 12:46:00,-1,25201.1,355440,355426,355435,1,-0.09818181818013584,True
355505,2025-09-12 13:15:00,1,25212.0,355468,355456,355463,7,0.8442424242430673,True
355506,2025-09-12 13:16:00,1,25214.0,355448,355433,355443,2,1.1630303030307625,True
355550,2025-09-12 14:00:00,1,25218.1,355527,355508,355522,7,3.1169696969701786,True
355628,2025-09-12 15:18:00,1,25208.2,355626,355604,355621,1,0.3654545454542066,True
355639,2025-09-12 15:29:00,1,25209.4,355634,355611,355629,2,0.312727272728526,True
355640,2025-09-15 09:15:00,-1,25190.9,355614,355541,355609,0,0.21272727272612124,False
355691,2025-09-15 10:06:00,-1,25161.4,355667,355336,355662,0,-1.7757575757572608,False
355870,2025-09-15 13:05:00,1,25184.4,355869,355856,355864,0,0.7593939393945657,False
355905,2025-09-15 13:40:00,-1,25177.9,355903,355885,355898,0,-0.5672727272742148,False
355906,2025-09-15 13:41:00,-1,25173.1,355857,355801,355852,6,-0.676363636364067,True
356032,2025-09-16 09:32:00,1,25193.3,355893,355835,355888,1,0.6739393939393934,True
356039,2025-09-16 09:39:00,1,25212.6,355644,355591,355639,0,1.9927272727279906,False
356050,2025-09-16 09:50:00,1,25216.9,355584,355565,355579,9,0.9212121212123222,True
356200,2025-09-16 12:20:00,1,25275.9,356189,356167,356184,6,0.3909090909094806,True
356300,2025-09-16 14:00:00,1,25281.0,356290,356278,356285,0,0.39454545454715884,False
356301,2025-09-16 14:01:00,1,25284.6,356274,356263,356269,1,0.9636363636358071,True
356310,2025-09-16 14:10:00,-1,25268.0,356265,356190,356260,1,-1.3503030303007224,True
356310,2025-09-16 14:10:00,-1,25270.0,356299,356273,356294,1,-1.3503030303007224,True
356327,2025-09-16 14:27:00,1,25299.8,356234,356218,356229,5,1.0478787878785814,True
356451,2025-09-17 10:16:00,-1,25400.0,356440,356425,356435,0,-1.5260606060583146,False
356492,2025-09-17 10:57:00,1,25424.8,356480,356417,356475,0,1.7060606060609798,False
356676,2025-09-17 14:01:00,-1,25415.0,356579,356561,356574,2,-0.28181818181722906,True
356676,2025-09-17 14:01:00,-1,25414.0,356667,356535,356662,0,-0.28181818181722906,False
356702,2025-09-17 14:27:00,-1,25393.4,356687,356451,356682,1,-1.6042424242422508,True
356765,2025-09-18 09:15:00,1,25446.7,356643,356588,356638,0,0.075151515151655,False
356765,2025-09-18 09:15:00,1,25431.0,356751,356735,356746,0,0.075151515151655,False
356853,2025-09-18 10:43:00,1,25510.0,356824,356793,356819,4,0.913333333332382,True
356870,2025-09-18 11:00:00,1,25520.9,356868,356857,356863,0,0.18181818181947967,False
356960,2025-09-18 12:30:00,-1,25500.9,356954,356941,356949,4,-0.5012121212117715,True
356964,2025-09-18 12:34:00,-1,25493.3,356818,356804,356813,14,-0.896969696969386,True
357142,2025-09-19 09:17:00,-1,25442.0,357090,357076,357085,1,-7.193333333334344,True
357156,2025-09-19 09:31:00,-1,25417.1,356755,356738,356750,9,-0.6939393939397552,True
357156,2025-09-19 09:31:00,-1,25416.6,357148,356760,357143,5,-0.6939393939397552,True
357183,2025-09-19 09:58:00,-1,25377.8,357176,357163,357171,0,-1.1896969696970978,False
357292,2025-09-19 11:47:00,-1,25365.2,357271,357253,357266,0,-1.0915151515160215,False
357357,2025-09-19 12:52:00,1,25379.0,357332,357319,357327,2,0.10000000000045046,True
357478,2025-09-19 14:53:00,1,25428.6,357446,357429,357441,2,0.8139393939404023,True
357515,2025-09-22 09:15:00,-1,25352.0,357315,357296,357310,0,-3.047878787877371,False
357515,2025-09-22 09:15:00,-1,25360.0,357343,357325,357338,1,-3.047878787877371,True
357515,2025-09-22 09:15:00,-1,25392.3,357457,357383,357452,7,-3.047878787877371,True
357719,2025-09-22 12:39:00,1,25365.2,357702,357690,357697,2,0.5515151515150082,True
357796,2025-09-22 13:56:00,-1,25349.5,357696,357681,357691,2,-1.250303030303116,True
357796,2025-09-22 13:56:00,-1,25351.1,357771,357712,357766,5,-1.250303030303116,True
357796,2025-09-22 13:56:00,-1,25352.0,357791,357775,357786,3,-1.250303030303116,True
357828,2025-09-22 14:28:00,-1,25335.0,357805,357657,357800,2,-0.9793939393941475,True
357903,2025-09-23 09:28:00,-1,25261.0,357895,357869,357890,1,-2.6842424242428216,True
357954,2025-09-23 10:19:00,-1,25198.1,357952,357941,357947,1,-1.6284848484835777,True
358006,2025-09-23 11:11:00,-1,25183.9,357998,357969,357993,0,-1.6351515151508753,False
358069,2025-09-23 12:14:00,1,25208.4,358066,357974,358061,1,1.4939393939391512,True
358229,2025-09-23 14:54:00,-1,25275.0,358228,358205,358223,0,-1.9999999999995224,False
358237,2025-09-23 15:02:00,-1,25265.0,358234,358138,358229,2,-0.6896969696969933,True
358238,2025-09-23 15:03:00,-1,25259.6,358195,358124,358190,1,-1.1854545454534493,True
358265,2025-09-24 09:15:00,-1,25246.9,358119,358108,358114,0,-3.1127272727274145,False
358371,2025-09-24 11:01:00,-1,25120.0,358370,358357,358365,0,0.13454545454592529,False
358441,2025-09-24 12:11:00,1,25134.0,358437,358420,358432,0,0.6957575757574339,False
358475,2025-09-24 12:45:00,-1,25144.8,358468,358456,358463,1,-1.56909090909047,True
358490,2025-09-24 13:00:00,1,25166.0,358473,358333,358468,0,1.1654545454554557,False
358559,2025-09-24 14:09:00,-1,25165.0,358554,358540,358549,3,-0.44484848484983874,True
358607,2025-09-24 14:57:00,-1,25112.5,358440,358414,358435,0,-0.27090909090818205,False
358670,2025-09-25 09:45:00,-1,25090.0,358666,358655,358661,2,-1.5030303030303525,True
358720,2025-09-25 10:35:00,-1,25070.0,358704,358691,358699,1,-0.20181818181720318,True
358756,2025-09-25 11:11:00,1,25064.4,358750,358737,358745,1,0.7636363636362147,True
358787,2025-09-25 11:42:00,-1,25040.0,358735,358721,358730,0,-1.9236363636352196,False
358848,2025-09-25 12:43:00,-1,25017.6,358841,358830,358836,1,-0.2684848484848044,True
358862,2025-09-25 12:57:00,1,25035.0,358850,358834,358845,1,1.8345454545446291,True
358868,2025-09-25 13:03:00,1,25043.7,358808,358794,358803,2,1.4327272727276246,True
359136,2025-09-26 11:16:00,-1,24820.0,359126,359038,359121,2,-1.5860606060604032,True
359210,2025-09-26 12:30:00,-1,24808.7,359205,359183,359200,0,0.11333333333336552,False
359255,2025-09-26 13:15:00,-1,24802.0,359171,359160,359166,2,-3.335757575757323,True
359290,2025-09-26 13:50:00,-1,24753.7,359289,359272,359284,0,-0.5218181818163394,False
359390,2025-09-29 09:15:00,1,24708.0,359348,359313,359343,1,3.7042424242441294,True
359390,2025-09-29 09:15:00,1,24702.0,359386,359364,359381,0,3.7042424242441294,False
359408,2025-09-29 09:33:00,1,24774.0,359395,359277,359390,0,2.4096969696953754,False
359789,2025-09-30 09:39:00,-1,24670.8,359762,359739,359757,6,-1.2187878787868405,True
359890,2025-09-30 11:20:00,1,24678.9,359888,359876,359883,1,-0.579999999999604,False
360044,2025-09-30 13:54:00,-1,24634.0,360037,359930,360032,0,1.1399999999996773,False
360060,2025-09-30 14:10:00,-1,24627.0,360050,360024,360045,1,0.06303030303006874,False
360096,2025-09-30 14:46:00,1,24658.0,360047,360027,360042,3,1.7939393939412898,True
360341,2025-10-01 12:36:00,-1,24905.5,360336,360298,360331,1,-1.4618181818173028,True
360432,2025-10-01 14:07:00,1,24935.0,360413,360393,360408,1,2.0909090909084056,True
360635,2025-10-03 11:15:00,1,24942.0,360606,360593,360601,0,1.5460606060602116,False
360672,2025-10-03 11:52:00,1,24951.0,360668,360655,360663,0,0.41939393939455083,False
360685,2025-10-03 12:05:00,1,24953.0,360677,360637,360672,0,0.6084848484847332,False
360746,2025-10-03 13:06:00,1,24955.0,360740,360728,360735,0,0.19575757575670236,False
360836,2025-10-03 14:36:00,1,24955.0,360812,360797,360807,1,1.607878787878657,True
360904,2025-10-06 09:29:00,-1,24993.7,360895,360880,360890,2,-1.6018181818176676,True
361244,2025-10-06 15:09:00,1,25191.7,361234,361178,361229,3,0.7648484848503844,True
361389,2025-10-07 11:19:00,-1,25243.3,361387,361373,361382,0,-1.0357575757566229,False
361484,2025-10-07 12:54:00,1,25270.0,361466,361441,361461,1,-0.6454545454536998,False
361505,2025-10-07 13:15:00,1,25291.0,361345,361325,361340,2,0.3424242424233245,True
361561,2025-10-07 14:11:00,-1,25290.0,361555,361542,361550,0,-0.07454545454399225,False
361585,2025-10-07 14:35:00,-1,25250.8,361486,361465,361481,1,-2.5321212121206282,True
361742,2025-10-08 10:57:00,-1,25190.0,361645,361277,361640,2,-1.4945454545448005,True
361828,2025-10-08 12:23:00,-1,25115.0,361817,361776,361812,0,-1.4496969696969164,False
361829,2025-10-08 12:24:00,-1,25102.8,361102,361088,361097,2,-2.148484848484781,True
361829,2025-10-08 12:24:00,-1,25099.7,361772,361067,361767,0,-2.148484848484781,False
361995,2025-10-08 15:10:00,-1,25119.0,361991,361976,361986,1,0.8060606060612205,False
362071,2025-10-09 10:11:00,-1,25131.3,362066,362053,362061,0,-1.7206060606068065,False
362120,2025-10-09 11:00:00,1,25210.0,362103,362030,362098,6,2.835757575757408,True
362121,2025-10-09 11:01:00,1,25227.2,361930,361724,361925,0,4.4418181818194435,False
362127,2025-10-09 11:07:00,1,25234.4,362126,361713,362121,0,3.3266666666671574,False
362269,2025-10-09 13:29:00,1,25265.7,362236,362214,362231,1,0.5739393939406952,True
362320,2025-10-09 14:20:00,-1,25236.2,362225,362186,362220,6,-3.4824242424237104,True
362320,2025-10-09 14:20:00,-1,25235.2,362258,362241,362253,1,-3.4824242424237104,True
362392,2025-10-10 09:17:00,1,25291.0,362162,361667,362157,3,-0.23212121211985837,False
362392,2025-10-10 09:17:00,1,25290.0,362369,362305,362364,2,-0.23212121211985837,False
362452,2025-10-10 10:17:00,1,25391.0,362444,362421,362439,1,2.283030303029913,True
362561,2025-10-10 12:06:00,-1,25408.0,362534,362504,362529,1,0.13454545454612094,False
362594,2025-10-10 12:39:00,-1,25415.1,362591,362575,362586,1,-0.7812121212118077,True
362599,2025-10-10 12:44:00,1,25430.0,362564,362526,362559,5,0.7533333333333999,True
362610,2025-10-10 12:55:00,1,25445.0,362609,362510,362604,0,0.11696969696990318,False
362648,2025-10-10 13:33:00,1,25445.0,362644,362633,362639,0,1.1660606060606211,False
362765,2025-10-13 09:15:00,-1,25362.1,362451,362430,362446,0,-4.169090909091663,False
362765,2025-10-13 09:15:00,-1,25403.0,362572,362561,362567,5,-4.169090909091663,True
362781,2025-10-13 09:31:00,-1,25260.9,362380,362366,362375,1,-3.3763636363608494,True
362888,2025-10-13 11:18:00,-1,25259.1,362876,362831,362871,1,-1.2830303030300918,True
362894,2025-10-13 11:24:00,-1,25240.0,362791,362350,362786,0,-2.2418181818180933,False
362917,2025-10-13 11:47:00,1,25260.9,362915,362900,362910,1,0.6630303030292963,True
362974,2025-10-13 12:44:00,1,25275.0,362965,362943,362960,1,1.3078787878797458,True
362987,2025-10-13 12:57:00,1,25279.0,362935,362881,362930,7,1.6521212121214135,True
363054,2025-10-13 14:04:00,1,25288.3,363027,363007,363022,3,0.5830303030304915,True
363057,2025-10-13 14:07:00,1,25292.0,362994,362858,362989,1,2.2515151515160783,True
363075,2025-10-13 14:25:00,1,25315.0,362802,362773,362797,0,1.7903030303049319,False
363140,2025-10-14 09:15:00,1,25333.0,363109,363095,363104,0,0.8563636363634656,False
363187,2025-10-14 10:02:00,-1,25264.4,363054,362994,363049,0,-2.7169696969693478,False
363202,2025-10-14 10:17:00,-1,25260.7,363025,362979,363020,4,-0.3787878787876877,True
363202,2025-10-14 10:17:00,-1,25257.4,363192,362964,363187,0,-0.3787878787876877,False
363225,2025-10-14 10:40:00,1,25290.4,363217,363197,363212,4,-0.1575757575752218,False
363245,2025-10-14 11:00:00,-1,25272.6,363243,363227,363238,1,0.30303030303157985,False
363396,2025-10-14 13:31:00,1,25166.0,363367,363339,363362,2,2.55393939393933,True
363430,2025-10-14 14:05:00,1,25191.0,363413,363324,363408,1,0.746060606061099,True
363446,2025-10-14 14:21:00,-1,25169.5,363442,363428,363437,2,-1.237575757574829,True
363458,2025-10-14 14:33:00,1,25229.0,363313,363301,363308,0,4.193333333333118,False
363515,2025-10-15 09:15:00,1,25252.0,363475,363462,363470,0,1.7909090909104963,False
363582,2025-10-15 10:22:00,1,25370.0,363535,363148,363530,0,1.612727272728025,False
363649,2025-10-15 11:29:00,1,25420.0,362765,362746,362760,7,2.217575757575696,True
363722,2025-10-15 12:42:00,1,25415.0,363718,363688,363713,0,-0.2866666666653132,False
363734,2025-10-15 12:54:00,1,25429.7,362740,362728,362735,2,0.20666666666644035,True
363756,2025-10-15 13:16:00,1,25435.5,363747,362716,363742,4,-0.476363636364398,False
363848,2025-10-15 14:48:00,-1,25409.6,363822,363806,363817,0,-0.10484848484847022,False
363890,2025-10-16 09:15:00,1,25460.0,363780,363768,363775,0,2.0921212121215866,False
363890,2025-10-16 09:15:00,1,25435.0,363848,363829,363843,2,2.0921212121215866,True
364026,2025-10-16 11:31:00,1,25550.0,364017,364005,364012,1,1.2181818181821622,True
364044,2025-10-16 11:49:00,-1,25533.0,364024,363989,364019,4,-1.0066666666666682,True
364127,2025-10-16 13:12:00,1,25609.5,364114,364097,364109,6,-0.2284848484845416,False
364317,2025-10-17 10:07:00,1,25699.3,364240,364213,364235,1,3.7442424242425147,True
364361,2025-10-17 10:51:00,1,25749.9,364360,364341,364355,0,0.7333333333322144,False
364494,2025-10-17 13:04:00,-1,25728.0,364489,364347,364484,0,0.4090909090916125,False
364568,2025-10-17 14:18:00,1,25748.8,364566,364513,364561,1,-0.8381818181815144,False
364805,2025-10-20 12:00:00,1,25891.2,364801,364785,364796,2,0.1727272727285528,True
364819,2025-10-20 12:14:00,1,25898.0,364811,364775,364806,4,1.0145454545459887,True
364953,2025-10-20 14:28:00,-1,25875.0,364951,364812,364946,1,-2.3369696969693345,True
364981,2025-10-20 14:56:00,1,25894.4,364979,364962,364974,0,0.8884848484854643,False
365008,2025-10-20 15:23:00,1,25923.9,365006,364941,365001,1,0.4848484848484904,True
365076,2025-10-23 09:15:00,1,25969.9,365020,364641,365015,0,4.676969696969535,False
365076,2025-10-23 09:15:00,1,25939.7,365051,365033,365046,0,4.676969696969535,False
365230,2025-10-23 11:49:00,1,26138.7,365210,365196,365205,7,1.3418181818178467,True
365269,2025-10-23 12:28:00,1,26165.0,365263,365241,365258,5,0.8060606060616525,True
365270,2025-10-23 12:29:00,1,26167.1,365144,365097,365139,3,0.9218181818186449,True
365332,2025-10-23 13:31:00,-1,26114.9,365217,365198,365212,4,-1.446060606059867,True
365332,2025-10-23 13:31:00,-1,26114.7,365331,365307,365326,0,-1.446060606059867,False
365333,2025-10-23 13:32:00,-1,26108.0,365194,365118,365189,0,-1.5903030303024728,False
365357,2025-10-23 13:56:00,-1,26075.0,365342,365082,365337,2,-2.0096969696961327,True
365510,2025-10-24 10:14:00,-1,25930.1,365496,365472,365491,1,-1.6181818181815255,True
365527,2025-10-24 10:31:00,-1,25863.0,364961,364787,364956,4,-1.589090909090155,True
365527,2025-10-24 10:31:00,-1,25865.0,365080,364971,365075,3,-1.589090909090155,True
365536,2025-10-24 10:40:00,-1,25856.0,364720,364693,364715,2,0.14181818181801303,False
365592,2025-10-24 11:36:00,1,25874.0,365561,365546,365556,1,0.010909090909485742,True
365694,2025-10-24 13:18:00,-1,25840.0,365677,365588,365672,1,-0.8078787878779783,True
365699,2025-10-24 13:23:00,-1,25833.0,364685,364671,364680,2,-2.212121212121023,True
365851,2025-10-27 09:40:00,1,25997.9,365456,365440,365451,0,4.089090909090588,False
365877,2025-10-27 10:06:00,1,26014.4,365871,365855,365866,0,-0.9327272727265433,False
365990,2025-10-27 11:59:00,1,26050.2,365901,365881,365896,2,2.3757575757583713,True
365990,2025-10-27 11:59:00,1,26045.0,365962,365944,365957,0,2.3757575757583713,False
366067,2025-10-27 13:16:00,-1,26005.0,366046,366023,366041,2,-0.5139393939387189,True
366200,2025-10-27 15:29:00,1,26035.5,366152,366038,366147,1,2.295757575758004,True
366247,2025-10-28 10:01:00,-1,25974.3,366130,366098,366125,3,-4.0981818181818275,True
366277,2025-10-28 10:31:00,-1,25900.1,366272,366258,366267,1,-0.19393939393924406,True
366402,2025-10-28 12:36:00,1,25911.0,366353,366337,366348,2,1.5042424242431915,True
366407,2025-10-28 12:41:00,1,25917.3,366362,366293,366357,4,4.288484848485862,True
366491,2025-10-28 14:05:00,-1,25865.0,366487,366397,366482,1,-1.8557575757570854,True
366542,2025-10-28 14:56:00,1,25855.0,366537,366526,366532,0,1.452727272727868,False
366726,2025-10-29 11:45:00,1,26232.5,366698,366679,366693,0,2.756363636363752,False
366767,2025-10-29 12:26:00,1,26250.0,366763,366656,366758,0,-0.18303030302957576,False
366803,2025-10-29 13:02:00,-1,26255.0,366786,366775,366781,4,0.4199999999993095,False
366849,2025-10-29 13:48:00,-1,26257.0,366834,366823,366829,2,-1.9793939393944786,True
366908,2025-10-29 14:47:00,-1,26220.0,366901,366869,366896,1,-1.0509090909084144,True
366936,2025-10-29 15:15:00,1,26233.0,366925,366912,366920,0,0.6206060606065268,False
367039,2025-10-30 10:43:00,-1,26062.3,367035,367015,367030,0,-0.8084848484846392,False
367135,2025-10-30 12:19:00,-1,26044.4,367123,367055,367118,0,-1.1854545454541345,False
367141,2025-10-30 12:25:00,1,26066.0,367134,367123,367129,1,1.096969696970744,True
367189,2025-10-30 13:13:00,1,26074.0,367159,367143,367154,5,0.012727272727505073,True
367189,2025-10-30 13:13:00,1,26075.0,367174,367163,367169,0,0.012727272727505073,False
367287,2025-10-30 14:51:00,-1,26030.0,367253,367233,367248,1,-1.3199999999998,True
367344,2025-10-31 09:33:00,1,26089.8,367202,367107,367197,1,4.861818181818456,True
367372,2025-10-31 10:01:00,-1,26075.0,367369,367356,367364,0,0.36787878788025324,False
367515,2025-10-31 12:24:00,-1,25932.8,367486,367471,367481,1,-1.0715151515151233,True
367548,2025-10-31 12:57:00,1,25950.0,367546,367533,367541,1,0.6109090909081428,True
367577,2025-10-31 13:26:00,-1,25926.0,367550,367524,367545,1,-2.667878787877481,True
367672,2025-10-31 15:01:00,-1,25901.0,367634,367599,367629,1,-0.3557575757581105,True
367718,2025-11-03 09:32:00,-1,25805.0,367715,367703,367710,0,-0.9339393939382545,False
367784,2025-11-03 10:38:00,1,25920.0,367700,367688,367695,2,2.996969696969791,True
367789,2025-11-03 10:43:00,1,25932.6,367649,367625,367644,0,4.01454545454575,False
367833,2025-11-03 11:27:00,-1,25896.0,367814,367802,367809,5,-0.9521212121211791,True
367910,2025-11-03 12:44:00,1,25875.8,367894,367871,367889,2,1.885454545455559,True
368055,2025-11-03 15:09:00,1,25900.2,368050,368039,368045,2,0.9036363636365108,True
368081,2025-11-04 09:20:00,-1,25878.0,368041,367976,368036,3,-1.5430303030291166,True
368082,2025-11-04 09:21:00,-1,25873.3,367959,367918,367954,2,-2.5478787878782363,True
368087,2025-11-04 09:26:00,-1,25845.1,367886,367762,367881,0,-3.8066666666669513,False
368238,2025-11-04 11:57:00,1,25784.9,368231,368219,368226,5,0.7727272727272333,True
368255,2025-11-04 12:14:00,1,25788.5,368250,368239,368245,1,0.7951515151533052,True
368282,2025-11-04 12:41:00,-1,25775.0,368263,368249,368258,7,-0.4824242424241712,True
368307,2025-11-04 13:06:00,1,25791.0,368302,368288,368297,1,-0.2957575757569209,False
368321,2025-11-04 13:20:00,-1,25770.5,368309,368283,368304,4,-1.2381818181810988,True
368435,2025-11-04 15:14:00,-1,25710.7,368417,368384,368412,4,-0.5206060606049497,True
368451,2025-11-06 09:15:00,1,25732.5,368426,368414,368421,0,0.29818181818172307,False
368729,2025-11-06 13:53:00,-1,25631.0,368545,368534,368540,1,-4.1763636363641545,True
368729,2025-11-06 13:53:00,-1,25634.0,368604,368590,368599,4,-4.1763636363641545,True
369077,2025-11-07 13:26:00,1,25593.0,369073,369052,369068,2,0.45636363636394817,True
369093,2025-11-07 13:42:00,1,25650.0,369091,369078,369086,0,-0.3812121212124711,False
369114,2025-11-07 14:03:00,-1,25569.0,369070,369047,369065,1,-5.313333333332151,True
369201,2025-11-10 09:15:00,1,25659.3,368787,368774,368782,6,2.1151515151515796,True
369270,2025-11-10 10:24:00,1,25706.9,368705,368693,368700,5,3.104848484847864,True
369409,2025-11-10 12:43:00,1,25735.9,369363,369352,369358,5,0.5224242424244662,True
369446,2025-11-10 13:20:00,-1,25717.0,369445,369432,369440,0,-0.264848484847994,False
369470,2025-11-10 13:44:00,-1,25710.0,369452,369365,369447,1,-1.5090909090908193,True
369578,2025-11-11 09:17:00,-1,25681.5,369478,369297,369473,1,1.1496969696987338,False
369654,2025-11-11 10:33:00,-1,25592.3,369616,369597,369611,2,-1.9115151515146895,True
369836,2025-11-11 13:35:00,1,25739.0,369581,369511,369576,0,1.5999999999994312,False
369837,2025-11-11 13:36:00,1,25744.0,369432,369410,369427,0,2.196969696970143,False
369944,2025-11-11 15:23:00,1,25814.9,369930,369894,369925,1,1.576969696970962,True
370018,2025-11-12 10:22:00,-1,25928.0,370014,370000,370009,3,-1.0278787878780822,True
370030,2025-11-12 10:34:00,1,25950.0,370017,369996,370012,1,1.6551515151523812,True
370089,2025-11-12 11:33:00,1,25975.8,370076,370064,370071,6,-0.21272727272703323,False
370089,2025-11-12 11:33:00,1,25977.8,370085,370039,370080,0,-0.21272727272703323,False
370144,2025-11-12 12:28:00,1,25990.0,370130,370113,370125,1,1.815757575758198,True
370299,2025-11-12 15:03:00,1,25999.1,370293,370264,370288,3,0.2581818181817833,True
370326,2025-11-13 09:15:00,-1,25966.1,370092,370077,370087,0,-0.24848484848323535,False
370326,2025-11-13 09:15:00,-1,25968.4,370133,370119,370128,1,-0.24848484848323535,True
370326,2025-11-13 09:15:00,-1,25974.1,370325,370280,370320,0,-0.24848484848323535,False
370378,2025-11-13 10:07:00,1,25979.3,370366,370340,370361,2,1.478787878789153,True
370401,2025-11-13 10:30:00,1,26000.0,370400,370386,370395,0,1.1412121212123358,False
370420,2025-11-13 10:49:00,1,26019.0,370208,370187,370203,4,0.9703030303029901,True
370498,2025-11-13 12:07:00,1,26069.0,370496,370458,370491,0,0.17757575757650368,False
370522,2025-11-13 12:31:00,-1,26065.0,370517,370505,370512,3,-0.6575757575752752,True
370527,2025-11-13 12:36:00,-1,26042.5,370482,370466,370477,0,-3.1303030303037818,False
370608,2025-11-13 13:57:00,-1,26048.8,370574,370562,370569,2,-3.0660606060619644,True
370615,2025-11-13 14:04:00,-1,25980.6,370396,370384,370391,1,-8.517575757575885,True
370701,2025-11-14 09:15:00,-1,25935.0,370686,370624,370681,1,-2.53333333333352,True
370787,2025-11-14 10:41:00,-1,25847.2,370785,370759,370780,0,-1.5842424242419106,False
370799,2025-11-14 10:53:00,1,25890.0,370772,370753,370767,0,4.301818181818658,False
370818,2025-11-14 11:12:00,1,25959.0,370811,370733,370806,0,1.8696969696967143,False
370955,2025-11-14 13:29:00,1,25915.0,370948,370916,370943,3,1.8812121212124462,True
370965,2025-11-14 13:39:00,-1,25875.0,370917,370865,370912,4,-4.031515151515169,True
371049,2025-11-14 15:03:00,1,25940.6,370898,370886,370893,0,7.407272727273824,False
371076,2025-11-17 09:15:00,1,25980.3,370726,370687,370721,9,1.4896969696961981,True
371148,2025-11-17 10:27:00,-1,26015.0,371137,371109,371132,0,-0.40121212121263017,False
371181,2025-11-17 11:00:00,1,26022.0,371174,371154,371169,4,1.8375757575752378,True
371276,2025-11-17 12:35:00,1,26050.2,371111,371092,371106,5,0.5448484848484764,True
371276,2025-11-17 12:35:00,1,26049.9,371264,371118,371259,0,0.5448484848484764,False
371306,2025-11-17 13:05:00,-1,26051.0,371299,371287,371294,2,-0.826060606061581,True
371363,2025-11-17 14:02:00,1,26067.0,371342,371295,371337,3,1.0751515151507998,True
371451,2025-11-18 09:15:00,-1,26038.4,371330,371310,371325,0,-1.6775757575761907,False
371451,2025-11-18 09:15:00,-1,26043.5,371345,371333,371340,5,-1.6775757575761907,True
371485,2025-11-18 09:49:00,-1,25965.0,371457,371074,371452,0,-0.18545454545225826,False
371602,2025-11-18 11:46:00,1,26005.0,371474,371462,371469,0,1.9430303030307439,False
371714,2025-11-18 13:38:00,1,26019.0,371615,371603,371610,0,1.3787878787882548,False
371768,2025-11-18 14:32:00,-1,25996.2,371723,371704,371718,1,-1.729696969695739,True
371805,2025-11-18 15:09:00,-1,25951.5,371803,371585,371798,0,-1.7539393939390764,False
371818,2025-11-18 15:22:00,-1,25940.0,371816,371805,371811,1,-0.2672727272722583,True
371867,2025-11-19 09:56:00,1,25951.6,371855,371840,371850,1,2.065454545454985,True
372006,2025-11-19 12:15:00,1,26038.6,372003,371752,371998,1,0.7309090909084216,True
372077,2025-11-19 13:26:00,-1,26045.0,372076,372061,372071,0,0.15515151515182082,False
372078,2025-11-19 13:27:00,-1,26040.1,372054,372037,372049,1,-0.08181818181755282,True
372116,2025-11-19 14:05:00,1,26055.0,372107,372074,372102,3,0.8824242424237058,True
372123,2025-11-19 14:12:00,1,26061.8,372121,372066,372116,0,0.02363636363706984,False
372125,2025-11-19 14:14:00,1,26065.0,371452,371439,371447,7,0.5660606060608363,True
372367,2025-11-20 12:01:00,1,26169.9,372355,372340,372350,1,2.4400000000008664,True
372576,2025-11-21 09:15:00,-1,26180.0,372440,372422,372435,0,-2.8557575757554177,False
372630,2025-11-21 10:09:00,-1,26105.9,372622,372258,372617,6,-3.4048484848489284,True
372745,2025-11-21 12:04:00,1,26126.4,372716,372698,372711,0,0.2612121212119915,False
372790,2025-11-21 12:49:00,1,26175.0,372770,372601,372765,0,1.76242424242389,False
372916,2025-11-21 14:55:00,-1,26098.9,372729,372715,372724,1,-3.3127272727255765,True
372919,2025-11-21 14:58:00,-1,26076.6,372692,372675,372687,0,-3.6387878787867196,False
372944,2025-11-21 15:23:00,-1,26071.6,372647,372230,372642,6,-1.4557575757568813,True
372944,2025-11-21 15:23:00,-1,26072.9,372661,372649,372656,10,-1.4557575757568813,True
372944,2025-11-21 15:23:00,-1,26070.5,372932,372921,372927,0,-1.4557575757568813,False
372951,2025-11-24 09:15:00,1,26095.9,372941,372923,372936,0,2.7333333333333076,False
373008,2025-11-24 10:12:00,1,26143.0,372963,372951,372958,5,1.740606060606231,True
373143,2025-11-24 12:27:00,-1,26084.2,373134,372981,373129,1,-1.8727272727267772,True
373196,2025-11-24 13:20:00,1,26110.7,373173,373162,373168,8,0.5618181818180946,True
373196,2025-11-24 13:20:00,1,26110.8,373189,373176,373184,1,0.5618181818180946,True
373237,2025-11-24 14:01:00,-1,26085.0,373185,373171,373180,6,-1.2933333333327974,True
373244,2025-11-24 14:08:00,-1,26062.2,372181,372147,372176,5,-1.940000000000386,True
373244,2025-11-24 14:08:00,-1,26061.3,372950,372194,372945,0,-1.940000000000386,False
373283,2025-11-24 14:47:00,1,26050.7,373279,373262,373274,3,0.9581818181822203,True
373300,2025-11-24 15:04:00,-1,26030.3,373276,373265,373271,2,-1.4078787878795482,True
373318,2025-11-24 15:22:00,-1,25982.8,373314,373301,373309,1,-0.41151515151432394,True
373371,2025-11-25 10:00:00,1,26002.0,373331,373312,373326,0,4.818787878788482,False
373406,2025-11-25 10:35:00,-1,26012.4,373402,373391,373397,1,-0.7787878787879448,True
373428,2025-11-25 10:57:00,-1,25948.0,373366,373340,373361,0,-3.7666666666656914,False
373430,2025-11-25 10:59:00,-1,25939.9,373338,373326,373333,2,-6.469090909092176,True
373560,2025-11-25 13:09:00,1,26000.0,373553,373500,373548,2,2.8260606060607967,True
373638,2025-11-25 14:27:00,-1,25979.4,373601,373572,373596,1,-3.6127272727274633,True
373663,2025-11-25 14:52:00,-1,25933.8,373655,373454,373650,1,-0.9503030303027621,True
373914,2025-11-26 12:48:00,1,26345.3,373893,373874,373888,15,0.027272727272583803,True
373926,2025-11-26 13:00:00,1,26349.9,373913,373902,373908,4,-0.2999999999995067,False
374030,2025-11-26 14:44:00,-1,26355.0,374021,373985,374016,5,0.25090909090989216,False
374162,2025-11-27 10:41:00,1,26468.0,374158,374143,374153,1,0.6139393939400599,True
374247,2025-11-27 12:06:00,-1,26404.3,374237,374104,374232,0,-0.6509090909092929,False
374441,2025-11-27 15:20:00,1,26399.0,374429,374389,374424,2,1.7200000000002285,True
374497,2025-11-28 10:01:00,1,26435.0,374298,374241,374293,9,1.4115151515161644,True
374499,2025-11-28 10:03:00,1,26438.9,374496,374471,374491,2,0.9145454545470845,True
374625,2025-11-28 12:09:00,-1,26411.0,374617,374588,374612,5,-1.050909090908018,True
374640,2025-11-28 12:24:00,-1,26400.8,374631,374521,374626,8,-0.6551515151517167,True
374664,2025-11-28 12:48:00,-1,26382.2,374480,374462,374475,1,-2.697575757576152,True
374706,2025-11-28 13:30:00,1,26405.9,374704,374682,374699,0,1.661212121211709,False
374728,2025-11-28 13:52:00,-1,26375.0,374668,374429,374663,4,-1.218181818183211,True
374826,2025-12-01 09:15:00,1,26449.4,374576,374558,374571,0,4.3424242424247685,False
374826,2025-12-01 09:15:00,1,26396.3,374808,374794,374803,7,4.3424242424247685,True
374904,2025-12-01 10:33:00,1,26458.9,374891,374876,374886,1,1.6024242424246706,True
374909,2025-12-01 10:38:00,-1,26439.3,374902,374889,374897,0,-0.6406060606058778,False
374975,2025-12-01 11:44:00,-1,26376.0,374814,374797,374809,1,-4.507272727273434,True
374976,2025-12-01 11:45:00,-1,26370.1,374765,374751,374760,1,-6.275151515150422,True
374978,2025-12-01 11:47:00,-1,26346.0,374385,374363,374380,3,-9.443636363636706,True
375040,2025-12-01 12:49:00,-1,26320.0,375016,374327,375011,13,-0.2399999999998759,True
375112,2025-12-01 14:01:00,1,26360.0,375108,375094,375103,0,-0.7593939393928011,False
375143,2025-12-01 14:32:00,-1,26352.6,375139,375122,375134,2,-0.6460606060607903,True
375149,2025-12-01 14:38:00,-1,26340.5,375111,375097,375106,3,-1.851515151515614,True
375390,2025-12-02 12:24:00,1,26237.6,375383,375369,375378,3,1.3084848484850082,True
375420,2025-12-02 12:54:00,-1,26220.0,375418,375380,375413,0,-0.7406060606062401,False
375423,2025-12-02 12:57:00,-1,26213.9,375373,375263,375368,2,-1.6593939393944914,True
375507,2025-12-02 14:21:00,-1,26215.0,375506,375493,375501,0,-1.0751515151510347,False
375522,2025-12-02 14:36:00,-1,26203.7,375447,375432,375442,10,-0.08181818181759669,True
375522,2025-12-02 14:36:00,-1,26205.0,375477,375463,375472,11,-0.08181818181759669,True
375719,2025-12-03 11:38:00,1,26089.4,375654,375642,375649,0,2.3254545454556625,False
375753,2025-12-03 12:12:00,1,26107.6,375625,375603,375620,1,1.8121212121208017,True
375783,2025-12-03 12:42:00,-1,26080.0,375737,375725,375732,6,-1.8775757575754415,True
375829,2025-12-03 13:28:00,1,26088.5,375819,375800,375814,0,0.389090909091202,False
375845,2025-12-03 13:44:00,-1,26075.0,375824,375808,375819,1,-2.374545454544546,True
375988,2025-12-04 09:52:00,1,26165.0,375986,375973,375981,0,0.589090909091051,False
376136,2025-12-04 12:20:00,-1,26150.0,376107,375985,376102,0,-0.8424242424240747,False
376212,2025-12-04 13:36:00,-1,26120.1,376174,376162,376169,0,-3.3490909090910708,False
376288,2025-12-04 14:52:00,1,26158.8,376271,376246,376266,4,1.4593939393920408,True
376359,2025-12-05 09:48:00,1,26199.0,376337,376299,376332,6,2.0745454545457966,True
376375,2025-12-05 10:04:00,1,26238.3,376067,376055,376062,0,1.167878787878277,False
376387,2025-12-05 10:16:00,1,26268.0,375311,375298,375306,2,2.8284848484859624,True
376387,2025-12-05 10:16:00,1,26267.0,376381,375313,376376,0,2.8284848484859624,False
376442,2025-12-05 11:11:00,1,26286.5,376438,376389,376433,1,0.00424242424184347,True
376510,2025-12-05 12:19:00,1,26299.0,376493,376477,376488,11,-0.3121212121208839,False
376713,2025-12-08 09:27:00,-1,26280.0,376663,376490,376658,0,-0.799999999999379,False
376717,2025-12-08 09:31:00,-1,26275.0,376485,376448,376480,3,-4.525454545454833,True
376805,2025-12-08 10:59:00,-1,26227.0,376785,376758,376780,4,0.22848484848625664,False
376848,2025-12-08 11:42:00,-1,26204.0,376820,376807,376815,0,-0.4327272727270981,False
376926,2025-12-08 13:00:00,-1,26162.0,376916,376897,376911,2,-0.9509090909079144,True
376945,2025-12-08 13:19:00,-1,26156.3,376406,376371,376401,1,-1.7630303030312438,True
377031,2025-12-08 14:45:00,1,26074.7,377020,377009,377015,1,1.625454545454134,True
377035,2025-12-08 14:49:00,1,26084.6,376981,376968,376976,3,2.70909090909044,True
377076,2025-12-09 09:15:00,-1,26033.9,377008,376959,377003,0,-3.41757575757593,False
377245,2025-12-09 12:04:00,1,26000.0,377222,377207,377217,1,3.71575757575749,True
377263,2025-12-09 12:22:00,1,26020.0,377260,377247,377255,0,0.13757575757658738,False
377366,2025-12-09 14:05:00,-1,26003.1,377357,377338,377352,1,-0.9763636363631804,True
377381,2025-12-09 14:20:00,-1,25985.0,377329,377312,377324,2,-1.9745454545447412,True
377453,2025-12-10 09:17:00,1,25969.0,377433,377421,377428,4,-1.2727272727276675,False
377481,2025-12-10 09:45:00,1,26029.0,377348,377334,377343,1,-0.4060606060597353,False
377617,2025-12-10 12:01:00,-1,25930.0,377420,377397,377415,7,0.5533333333337183,False
377617,2025-12-10 12:01:00,-1,25928.7,377615,377451,377610,0,0.5533333333337183,False
377619,2025-12-10 12:03:00,-1,25920.5,377561,377173,377556,0,-1.4193939393938024,False
377646,2025-12-10 12:30:00,-1,25914.0,377625,377157,377620,0,-2.0799999999998398,False
377712,2025-12-10 13:36:00,1,25945.3,377710,377637,377705,0,0.9793939393937229,False
377756,2025-12-10 14:20:00,-1,25860.0,377754,377742,377749,1,-0.9945454545438709,True
377839,2025-12-11 09:28:00,1,25917.5,377838,377826,377833,0,1.2418181818193104,False
377849,2025-12-11 09:38:00,-1,25845.6,377832,377792,377827,0,-5.303636363636997,False
377875,2025-12-11 10:04:00,1,25853.7,377871,377860,377866,1,0.7666666666670883,True
377903,2025-12-11 10:32:00,1,25961.4,377629,377596,377624,2,0.9903030303030118,True
377926,2025-12-11 10:55:00,-1,25945.1,377920,377908,377915,1,-1.0133333333321215,True
377993,2025-12-11 12:02:00,1,25983.3,377583,377571,377578,0,2.3921212121214546,False
378201,2025-12-12 09:15:00,1,26016.6,378192,378172,378187,2,2.6739393939407345,True
378359,2025-12-12 11:53:00,1,26125.8,378335,378261,378330,2,0.10545454545466654,True
378359,2025-12-12 11:53:00,1,26125.0,378357,378339,378352,1,0.10545454545466654,True
378401,2025-12-12 12:35:00,1,26138.8,378364,378243,378359,2,1.203636363637478,True
378490,2025-12-12 14:04:00,1,26139.2,378449,378401,378444,2,0.6830303030312427,True
378534,2025-12-12 14:48:00,-1,26120.7,378485,378471,378480,2,-0.5727272727264551,True
378553,2025-12-12 15:07:00,1,26149.0,378551,378518,378546,1,1.579999999999602,True
378576,2025-12-15 09:15:00,-1,26105.0,378463,378415,378458,0,-3.4751515151508108,False
378580,2025-12-15 09:19:00,-1,26046.0,378310,378296,378305,2,-13.553939393938636,True
378606,2025-12-15 09:45:00,-1,26001.3,378204,378186,378199,8,-1.6151515151520837,True
378610,2025-12-15 09:49:00,1,26026.6,378605,378594,378600,1,0.38363636363749154,True
378708,2025-12-15 11:27:00,1,26068.1,378705,378693,378700,2,0.5400000000003343,True
378709,2025-12-15 11:28:00,1,26077.2,378682,378670,378677,0,1.556969696970752,False
378715,2025-12-15 11:34:00,-1,26051.4,378708,378690,378703,0,-0.4751515151519609,False
378777,2025-12-15 12:36:00,1,26116.0,378761,378739,378756,3,1.8806060606050987,True
378815,2025-12-15 13:14:00,1,26120.0,378811,378777,378806,2,0.7242424242418917,True
378869,2025-12-15 14:08:00,-1,26102.5,378857,378845,378852,5,1.2721212121212402,False
378872,2025-12-15 14:11:00,-1,26090.0,378802,378784,378797,1,-3.3290909090897447,True
378903,2025-12-15 14:42:00,1,26108.9,378894,378880,378889,1,0.5151515151505599,True
378924,2025-12-15 15:03:00,-1,26109.4,378921,378910,378916,1,-0.38909090909042354,True
378950,2025-12-15 15:29:00,-1,26103.6,378949,378924,378944,0,0.23818181818280834,False
378951,2025-12-16 09:15:00,-1,26025.0,378667,378631,378662,0,-3.733333333332935,False
378999,2025-12-16 10:03:00,-1,25972.8,378167,378125,378162,1,-6.290909090909633,True
379089,2025-12-16 11:33:00,-1,25974.5,379078,379052,379073,1,-0.3242424242407779,True
379091,2025-12-16 11:35:00,-1,25968.0,378122,378078,378117,9,-1.5909090909085764,True
379091,2025-12-16 11:35:00,-1,25966.0,379016,378999,379011,1,-1.5909090909085764,True
379148,2025-12-16 12:32:00,1,25990.0,379091,379079,379086,1,1.8921212121204378,True
379255,2025-12-16 14:19:00,-1,25952.3,379106,379092,379101,2,-0.40181818181801693,True
379255,2025-12-16 14:19:00,-1,25955.3,379196,379181,379191,0,-0.40181818181801693,False
379333,2025-12-17 09:22:00,1,25977.4,379301,379252,379296,0,4.366060606062026,False
379517,2025-12-17 12:26:00,-1,25870.0,379504,379493,379499,2,-1.0363636363636324,True
379576,2025-12-17 13:25:00,1,25889.0,379548,379510,379543,2,1.9715151515164926,True
379671,2025-12-17 15:00:00,1,25896.0,379636,379578,379631,0,0.6139393939384526,False
379701,2025-12-18 09:15:00,-1,25860.0,379612,379595,379607,2,-0.3527272727271105,True
379858,2025-12-18 11:52:00,1,25944.0,379794,379780,379789,6,0.6842424242418189,True
379858,2025-12-18 11:52:00,1,25944.0,379850,379836,379845,0,0.6842424242418189,False
379944,2025-12-18 13:18:00,-1,25946.1,379943,379924,379938,0,-0.8272727272720478,False
379985,2025-12-18 13:59:00,-1,25921.0,379967,379852,379962,4,-0.39757575757617314,True
380076,2025-12-19 09:15:00,1,25966.5,379957,379936,379952,0,4.199393939395848,False
380076,2025-12-19 09:15:00,1,25939.9,379985,379965,379980,0,4.199393939395848,False
380076,2025-12-19 09:15:00,1,25894.7,380024,380005,380019,2,4.199393939395848,True
380077,2025-12-19 09:16:00,1,25980.0,379916,379904,379911,0,8.449696969696985,False
380091,2025-12-19 09:30:00,1,26026.7,378995,378984,378990,0,1.6187878787887837,False
380210,2025-12-19 11:29:00,-1,25990.0,380133,380088,380128,2,-1.9036363636370852,True
380249,2025-12-19 12:08:00,1,25996.4,380248,380217,380243,0,1.6739393939392158,False
380346,2025-12-19 13:45:00,1,26020.0,380343,380196,380338,2,0.5509090909090169,True
380496,2025-12-22 10:00:00,1,26188.2,380486,380466,380481,2,2.015757575757541,True
380555,2025-12-22 10:59:00,1,26193.8,380552,380497,380547,2,0.5854545454540582,True
380606,2025-12-22 11:50:00,1,26191.4,380592,380564,380587,6,0.053939393939201385,True
380660,2025-12-22 12:44:00,-1,26180.3,380609,380589,380604,1,0.0012121212124325043,False
380663,2025-12-22 12:47:00,-1,26175.0,380530,380509,380525,12,-1.3903030303024442,True
380663,2025-12-22 12:47:00,-1,26175.0,380579,380534,380574,3,-1.3903030303024442,True
380702,2025-12-22 13:26:00,1,26191.0,380692,380671,380687,9,0.44545454545463115,True
380710,2025-12-22 13:34:00,1,26196.0,380612,380556,380607,9,0.21090909090941468,True
380710,2025-12-22 13:34:00,1,26196.0,380642,380624,380637,0,0.21090909090941468,False
380744,2025-12-22 14:08:00,-1,26181.5,380687,380675,380682,1,-0.2975757575753157,True
380744,2025-12-22 14:08:00,-1,26184.5,380739,380695,380734,0,-0.2975757575753157,False
380762,2025-12-22 14:26:00,1,26192.2,380742,380726,380737,3,0.6163636363661067,True
380836,2025-12-23 09:25:00,-1,26190.5,380833,380816,380828,0,-1.3945454545453135,False
380853,2025-12-23 09:42:00,-1,26179.9,380847,380756,380842,3,-0.3248484848490576,True
380976,2025-12-23 11:45:00,-1,26202.0,380914,380900,380909,4,-1.1284848484851986,True
381042,2025-12-23 12:51:00,1,26222.8,381034,381014,381029,2,0.16363636363793668,True
381106,2025-12-23 13:55:00,1,26225.0,381051,381003,381046,10,0.3381818181823045,True
381106,2025-12-23 13:55:00,1,26225.0,381066,381053,381061,5,0.3381818181823045,True
381155,2025-12-23 14:44:00,-1,26216.0,381098,381044,381093,0,-2.3466666666669593,False
381174,2025-12-23 15:03:00,-1,26209.0,381026,380990,381021,2,0.47878787878893525,False
381201,2025-12-24 09:15:00,-1,26198.8,381195,381179,381190,1,0.007272727273281997,False
381259,2025-12-24 10:13:00,1,26256.2,381225,381137,381220,3,1.2375757575765118,True
381294,2025-12-24 10:48:00,-1,26235.8,381256,381243,381251,0,-0.9896969696963647,False
381308,2025-12-24 11:02:00,-1,26225.0,381306,381234,381301,0,0.8630303030310075,False
381348,2025-12-24 11:42:00,-1,26232.0,381337,381325,381332,2,-0.8527272727273979,True
381417,2025-12-24 12:51:00,-1,26220.0,381413,381390,381408,1,-0.3133333333320016,True
381427,2025-12-24 13:01:00,-1,26215.0,381424,381378,381419,1,0.17818181818151693,False
381512,2025-12-24 14:26:00,-1,26163.0,380860,380475,380855,0,-1.8127272727270718,False
381512,2025-12-24 14:26:00,-1,26166.7,381207,380487,381202,1,-1.8127272727270718,True
381551,2025-12-24 15:05:00,1,26180.1,381539,381517,381534,3,0.07636363636399358,True
381576,2025-12-26 09:15:00,-1,26161.6,381545,381524,381540,0,-2.933939393939375,False
381679,2025-12-26 10:58:00,1,26110.0,381656,381629,381651,11,-0.32909090909030014,False
381688,2025-12-26 11:07:00,-1,26099.6,381684,381673,381679,1,-0.960000000000155,True
381763,2025-12-26 12:22:00,-1,26073.2,381752,381727,381747,0,-0.07090909090944775,False
381816,2025-12-26 13:15:00,1,26061.9,381799,381787,381794,3,0.48303030303030015,True
381856,2025-12-26 13:55:00,-1,26059.7,381841,381825,381836,9,-0.6460606060602535,True
381879,2025-12-26 14:18:00,-1,26051.3,381810,381783,381805,2,-0.19272727272756915,True
381920,2025-12-26 14:59:00,1,26056.9,381908,381892,381903,4,0.7309090909080095,True
381951,2025-12-29 09:15:00,1,26069.0,381838,381823,381833,7,0.0496969696952532,True
381970,2025-12-29 09:34:00,1,26090.9,381744,381707,381739,1,1.716969696969953,True
381970,2025-12-29 09:34:00,1,26088.6,381766,381755,381761,2,1.716969696969953,True
381994,2025-12-29 09:58:00,-1,26044.7,381900,381888,381895,2,-4.228484848485485,True
381994,2025-12-29 09:58:00,-1,26053.7,381955,381937,381950,1,-4.228484848485485,True
382037,2025-12-29 10:41:00,-1,26028.1,382034,382016,382029,2,-0.2060606060600918,True
382139,2025-12-29 12:23:00,-1,25985.3,382127,382089,382122,0,-0.6854545454539597,False
382261,2025-12-29 14:25:00,1,25967.8,382235,382206,382230,3,1.8654545454555227,True
382326,2025-12-30 09:15:00,-1,25938.2,382296,382282,382291,0,-1.7418181818173508,False
382394,2025-12-30 10:23:00,1,25967.1,382371,382321,382366,5,1.7345454545456513,True
382442,2025-12-30 11:11:00,-1,25925.7,382431,382380,382426,5,-0.4121212121208657,True
382504,2025-12-30 12:13:00,-1,25895.0,382500,382489,382495,1,0.18909090909219392,False
382524,2025-12-30 12:33:00,1,25903.3,382522,382511,382517,0,-0.3418181818185714,False
382539,2025-12-30 12:48:00,1,25910.0,382505,382491,382500,12,-0.3042424242420529,False
382552,2025-12-30 13:01:00,-1,25900.0,382548,382535,382543,3,-1.3133333333324455,True
382846,2025-12-31 11:40:00,1,26225.0,382829,382811,382824,3,2.3600000000007992,True
382899,2025-12-31 12:33:00,1,26255.0,382895,382879,382890,3,0.1812121212126505,True
382984,2025-12-31 13:58:00,1,26316.8,382982,382957,382977,1,0.08242424242421771,True
383076,2026-01-01 09:15:00,1,26319.0,383035,382994,383030,0,2.309696969697421,False
383133,2026-01-01 10:12:00,-1,26288.4,383093,383067,383088,1,-1.3630303030305049,True
383137,2026-01-01 10:16:00,-1,26285.0,383063,382965,383058,4,-2.693939393938934,True
383249,2026-01-01 12:08:00,-1,26283.0,383237,383226,383232,0,-1.7963636363622824,False
383289,2026-01-01 12:48:00,1,26294.4,383281,383268,383276,2,1.6866666666663894,True
383316,2026-01-01 13:15:00,1,26299.0,383304,383289,383299,7,-0.38727272727251266,False
383361,2026-01-01 14:00:00,1,26293.8,383359,383344,383354,1,0.42363636363663515,True
383380,2026-01-01 14:19:00,1,26310.0,383371,383219,383366,3,1.0266666666658362,True
383431,2026-01-01 15:10:00,-1,26290.0,383429,383411,383424,0,-0.254545454545802,False
383451,2026-01-02 09:15:00,1,26325.0,383189,383171,383184,0,1.4163636363639802,False
383451,2026-01-02 09:15:00,1,26322.0,383207,383194,383202,2,1.4163636363639802,True
383451,2026-01-02 09:15:00,1,26304.0,383427,383395,383422,0,1.4163636363639802,False
383459,2026-01-02 09:23:00,1,26330.0,383456,383113,383451,2,2.7066666666661474,True
383546,2026-01-02 10:50:00,1,26409.0,383517,383490,383512,5,0.8860606060601383,True
383574,2026-01-02 11:18:00,1,26410.0,383561,383538,383556,4,1.2757575757581612,True
383609,2026-01-02 11:53:00,1,26434.9,383605,383587,383600,3,0.5757575757575565,True
383640,2026-01-02 12:24:00,1,26434.2,383636,383625,383631,0,-0.0751515151521296,False
383758,2026-01-02 14:22:00,1,26445.0,383717,383699,383712,9,0.6084848484852182,True
383768,2026-01-02 14:32:00,-1,26434.9,383730,383715,383725,10,-1.2393939393937188,True
383774,2026-01-02 14:38:00,-1,26423.4,383640,383615,383635,3,-2.080606060605734,True
383806,2026-01-02 15:10:00,1,26450.0,383765,383650,383760,7,0.48909090909181124,True
383951,2026-01-05 11:20:00,-1,26472.5,383944,383931,383939,2,-0.8854545454539562,True
383993,2026-01-05 12:02:00,-1,26439.3,383971,383958,383966,0,-0.20363636363591744,False
384042,2026-01-05 12:51:00,1,26468.5,383985,383973,383980,2,0.25030303030378453,True
384042,2026-01-05 12:51:00,1,26468.0,384026,384012,384021,1,0.25030303030378453,True
384062,2026-01-05 13:11:00,-1,26432.1,384004,383993,383999,1,-1.9799999999991325,True
384100,2026-01-05 13:49:00,-1,26392.7,383850,383540,383845,0,-0.12242424242323979,False
384201,2026-01-06 09:15:00,1,26369.0,384176,384163,384171,0,1.066666666666897,False
384214,2026-01-06 09:28:00,-1,26316.0,384213,384194,384208,0,-2.1272727272723837,False
384282,2026-01-06 10:36:00,-1,26350.6,384281,384270,384276,0,-0.01151515151545108,False
384323,2026-01-06 11:17:00,-1,26284.5,383451,383433,383446,0,-4.766666666667143,False
384387,2026-01-06 12:21:00,-1,26291.5,384380,384367,384375,4,-0.5169696969699821,True
384422,2026-01-06 12:56:00,1,26304.0,384411,384380,384406,1,0.9557575757579969,True
384452,2026-01-06 13:26:00,-1,26291.0,384449,384414,384444,2,-0.5090909090907121,True
384495,2026-01-06 14:09:00,-1,26270.0,384333,383256,384328,0,-1.212121212120236,False
384547,2026-01-06 15:01:00,1,26292.7,384540,384488,384535,1,1.0848484848490876,True
384576,2026-01-07 09:15:00,-1,26255.2,384513,384497,384508,0,-3.256363636362844,False
384636,2026-01-07 10:15:00,1,26288.0,384577,384565,384572,0,3.8066666666669824,False
384740,2026-01-07 11:59:00,-1,26240.0,384663,384649,384658,6,-1.5793939393925316,True
384784,2026-01-07 12:43:00,-1,26205.0,384619,384576,384614,0,-1.4733333333318699,False
384904,2026-01-07 14:43:00,1,26220.0,384898,384870,384893,0,1.695151515151984,False
384915,2026-01-07 14:54:00,1,26229.6,384910,384812,384905,1,0.2733333333349632,True
384927,2026-01-07 15:06:00,1,26235.0,384786,384775,384781,3,0.7945454545452734,True
384951,2026-01-08 09:15:00,-1,26200.0,384904,384882,384899,0,-1.6818181818171865,False
385015,2026-01-08 10:19:00,-1,26150.0,385013,384970,385008,1,0.2939393939405708,False
385190,2026-01-08 13:14:00,1,26038.0,385186,385160,385181,0,0.22848484848461348,False
385232,2026-01-08 13:56:00,1,26040.0,385228,385190,385223,0,-0.05151515151494897,False
385257,2026-01-08 14:21:00,1,26046.5,385239,385143,385234,3,1.956363636362991,True
385326,2026-01-09 09:15:00,1,25992.4,385323,385312,385318,0,-2.130303030303307,False
385407,2026-01-09 10:36:00,-1,25965.0,385393,385364,385388,2,-3.787878787879734,True
385465,2026-01-09 11:34:00,-1,25907.0,385460,385448,385455,0,0.906666666666818,False
385596,2026-01-09 13:45:00,-1,25790.0,385573,385555,385568,4,-3.8684848484840955,True
385652,2026-01-09 14:41:00,-1,25754.6,385645,385630,385640,1,-0.3636363636373181,True
385678,2026-01-09 15:07:00,1,25779.8,385651,385636,385646,7,0.8727272727282075,True
385683,2026-01-09 15:12:00,1,25795.9,385617,385601,385612,3,1.818787878788386,True
385700,2026-01-09 15:29:00,1,25801.0,385697,385684,385692,1,0.6460606060603079,True
385701,2026-01-12 09:15:00,-1,25757.7,385676,385663,385671,0,0.06363636363589971,False
385819,2026-01-12 11:13:00,-1,25641.1,385798,385714,385793,5,-0.3254545454549552,True
385883,2026-01-12 12:17:00,1,25702.6,385756,385725,385751,2,8.055757575757339,True
385883,2026-01-12 12:17:00,1,25681.0,385801,385786,385796,2,8.055757575757339,True
385908,2026-01-12 12:42:00,1,25815.0,385903,385700,385898,0,-0.4230303030296581,False
385959,2026-01-12 13:33:00,1,25830.0,385947,385920,385942,1,3.2266666666675694,True
386008,2026-01-12 14:22:00,1,25843.4,386002,385981,385997,1,0.5412121212120158,True
386021,2026-01-12 14:35:00,-1,25821.8,386011,386000,386006,1,-3.4460606060601258,True
386039,2026-01-12 14:53:00,1,25869.4,386016,385507,386011,2,2.2545454545465358,True
386117,2026-01-13 09:56:00,-1,25771.1,386109,385905,386104,0,-3.960606060605707,False
386209,2026-01-13 11:28:00,1,25858.5,386197,386174,386192,7,0.66727272727266,True
386241,2026-01-13 12:00:00,-1,25818.8,386189,386176,386184,4,-2.197575757575397,True
386282,2026-01-13 12:41:00,-1,25759.0,386261,386117,386256,0,-0.5818181818169325,False
386353,2026-01-13 13:52:00,1,25741.8,386350,386336,386345,2,0.42242424242507126,True
386364,2026-01-13 14:03:00,-1,25707.7,386347,386331,386342,2,-2.797575757576327,True
386421,2026-01-13 15:00:00,1,25799.5,386276,386260,386271,0,0.6454545454543368,False
386491,2026-01-14 09:55:00,1,25810.6,386427,386251,386422,6,6.896363636363326,True
386627,2026-01-14 12:11:00,-1,25815.0,386607,386595,386602,2,-3.4260606060601013,True
386696,2026-01-14 13:20:00,-1,25790.0,386636,386581,386631,1,-2.0351515151519943,True
386719,2026-01-14 13:43:00,-1,25716.0,386532,386519,386527,2,-4.146060606060132,True
386760,2026-01-14 14:24:00,-1,25681.0,386746,386734,386741,1,-3.4812121212125273,True
386874,2026-01-16 10:03:00,1,25833.7,386659,386641,386654,0,0.3666666666674935,False
386882,2026-01-16 10:11:00,1,25850.0,386625,386605,386620,0,2.228484848485174,False
386929,2026-01-16 10:58:00,-1,25913.7,386928,386914,386923,0,-0.9351515151516607,False
386970,2026-01-16 11:39:00,-1,25870.2,386959,386944,386954,6,-4.191515151513751,True
386989,2026-01-16 11:58:00,-1,25861.0,386981,386969,386976,1,-0.7527272727268521,True
387042,2026-01-16 12:51:00,-1,25805.0,387027,386870,387022,0,-0.87575757575703,False
387076,2026-01-16 13:25:00,-1,25752.5,386856,386844,386851,0,-2.6909090909098294,False
387153,2026-01-16 14:42:00,1,25770.6,387152,387136,387147,0,0.4642424242420761,False
387201,2026-01-19 09:15:00,-1,25670.0,386773,386761,386768,0,-5.93272727272888,False
387201,2026-01-19 09:15:00,-1,25728.2,387126,387076,387121,0,-5.93272727272888,False
387240,2026-01-19 09:54:00,-1,25586.0,387239,387226,387234,0,0.6175757575751133,False
387383,2026-01-19 12:17:00,1,25590.9,387364,387350,387359,0,2.4424242424251505,False
387414,2026-01-19 12:48:00,-1,25550.0,387342,387327,387337,10,0.7490909090900267,False
387418,2026-01-19 12:52:00,1,25569.3,387416,387398,387411,1,0.17151515151584876,True
387552,2026-01-19 15:06:00,-1,25625.4,387526,387515,387521,3,-2.6739393939391953,True
387583,2026-01-20 09:22:00,-1,25562.1,387581,387453,387576,0,-0.13696969696969533,False
387749,2026-01-20 12:08:00,-1,25475.0,387693,387682,387688,9,-3.3042424242417563,True
387782,2026-01-20 12:41:00,-1,25450.0,387781,387764,387776,0,-0.4769696969693774,False
387864,2026-01-20 14:03:00,-1,25394.0,387855,387842,387850,0,-0.5006060606054892,False
387902,2026-01-20 14:41:00,-1,25378.9,387876,387864,387871,0,-3.3842424242414917,False
387982,2026-01-21 09:46:00,-1,25253.0,387971,387958,387966,9,-2.0260606060606765,True
387993,2026-01-21 09:57:00,-1,25224.6,387951,387935,387946,4,-1.3127272727263777,True
388017,2026-01-21 10:21:00,-1,25190.2,388012,387997,388007,2,-1.9357575757575614,True
388165,2026-01-21 12:49:00,1,25313.5,387976,387962,387971,0,5.287272727273226,False
388264,2026-01-21 14:28:00,-1,25155.6,388253,388145,388248,3,-6.38484848484831,True
388300,2026-01-21 15:04:00,1,25192.7,388299,388287,388294,0,0.02606060606162456,False
388326,2026-01-22 09:15:00,1,25340.0,388183,388170,388178,0,11.012727272727272,False
388374,2026-01-22 10:03:00,-1,25406.3,388371,388354,388366,1,-0.1290909090914387,True
388443,2026-01-22 11:12:00,-1,25227.2,388442,388431,388437,0,-1.83939393939295,False
388585,2026-01-22 13:34:00,1,25247.1,388569,388556,388564,0,0.7400000000001901,False
388642,2026-01-22 14:31:00,1,25282.1,388617,388542,388612,1,5.827272727271991,True
388644,2026-01-22 14:33:00,1,25311.0,388516,388457,388511,0,8.61272727272693,False
388688,2026-01-22 15:17:00,1,25360.0,388665,388408,388660,2,3.0787878787892735,True
388764,2026-01-23 10:18:00,-1,25287.5,388736,388704,388731,4,-2.067878787878515,True
388764,2026-01-23 10:18:00,-1,25281.6,388754,388673,388749,1,-2.067878787878515,True
388809,2026-01-23 11:03:00,-1,25299.9,388807,388794,388802,1,-0.3303030303030841,True
388908,2026-01-23 12:42:00,1,25253.3,388904,388886,388899,2,1.077575757575772,True
388941,2026-01-23 13:15:00,-1,25210.0,388878,388856,388873,2,-0.7636363636356746,True
388942,2026-01-23 13:16:00,-1,25200.0,388586,388568,388581,2,-1.8400000000003014,True
388970,2026-01-23 13:44:00,-1,25085.0,388969,388095,388964,0,-0.4824242424225295,False
389001,2026-01-23 14:15:00,1,25102.7,388985,388973,388980,7,1.1103030303056485,True
389055,2026-01-23 15:09:00,-1,25072.0,388989,388086,388984,2,-3.2927272727271193,True
389317,2026-01-27 13:16:00,1,25110.0,389315,389288,389310,0,0.7684848484841094,False
389323,2026-01-27 13:22:00,1,25120.0,389322,389294,389317,0,0.8975757575750714,False
389339,2026-01-27 13:38:00,-1,25081.7,389317,389304,389312,0,-5.436969696967639,False
389399,2026-01-27 14:38:00,1,25080.0,389364,389351,389359,0,1.9400000000010402,False
389415,2026-01-27 14:54:00,1,25159.0,389270,389254,389265,2,5.671515151515046,True
389682,2026-01-28 13:06:00,-1,25380.0,389663,389545,389658,10,0.5787878787886164,False
389698,2026-01-28 13:22:00,-1,25375.0,389681,389670,389676,2,-1.903636363636635,True
389718,2026-01-28 13:42:00,-1,25343.1,389533,389514,389528,9,0.07818181818158143,False
389847,2026-01-29 09:36:00,-1,25357.5,389838,389826,389833,2,-1.8096969696966891,True
389864,2026-01-29 09:53:00,-1,25316.0,389861,389752,389856,0,0.27393939394013817,False
389911,2026-01-29 10:40:00,-1,25270.0,389897,389873,389892,0,0.12181818181809789,False
389938,2026-01-29 11:07:00,1,25353.4,389936,389861,389931,0,2.1303030303024935,False
390022,2026-01-29 12:31:00,1,25400.4,390020,389961,390015,1,1.4866666666661734,True
390041,2026-01-29 12:50:00,1,25410.5,389959,389837,389954,7,2.1781818181808985,True
390057,2026-01-29 13:06:00,1,25465.0,389819,389798,389814,1,4.2890909090920335,True
390201,2026-01-30 09:15:00,-1,25525.0,390184,390173,390179,0,-7.06303030303089,False
390206,2026-01-30 09:20:00,-1,25361.0,390016,389997,390011,5,-23.91939393939313,True
390208,2026-01-30 09:22:00,-1,25351.1,389981,389969,389976,7,-17.73575757575751,True
390216,2026-01-30 09:30:00,-1,25342.0,389990,389944,389985,4,0.17515151515124736,False
390315,2026-01-30 11:09:00,-1,25369.8,390249,390227,390244,10,-3.349696969697181,True
390435,2026-01-30 13:09:00,-1,25340.0,390334,390318,390329,9,-4.361818181819035,True
390480,2026-01-30 13:54:00,1,25415.2,390269,390249,390264,1,1.5206060606076,True
390480,2026-01-30 13:54:00,1,25413.3,390312,390294,390307,0,1.5206060606076,False
390562,2026-01-30 15:16:00,1,25434.0,390550,390537,390545,3,2.0763636363647575,True
390577,2026-02-01 09:16:00,-1,25371.3,390537,390474,390532,1,-1.8103030303036496,True
390683,2026-02-01 11:02:00,-1,25431.0,390678,390667,390673,0,0.5806060606067003,False
390689,2026-02-01 11:08:00,1,25468.8,390661,390496,390656,0,-0.3878787878789409,False
390741,2026-02-01 12:00:00,-1,25372.0,390606,390592,390601,6,-4.203636363635697,True
390753,2026-02-01 12:12:00,-1,25332.2,390747,390576,390742,0,6.039393939394753,False
390759,2026-02-01 12:18:00,-1,25262.6,389916,389867,389911,2,-20.815757575758717,True
390910,2026-02-01 14:49:00,-1,25035.6,390876,390854,390871,0,-6.161212121212568,False
390999,2026-02-02 10:03:00,-1,24902.0,390986,390972,390981,4,-10.909090909091292,True
391023,2026-02-02 10:27:00,1,24915.0,391020,391007,391015,0,1.3260606060600972,False
391049,2026-02-02 10:53:00,-1,24900.0,391048,391035,391043,0,0.3684848484860385,False
391079,2026-02-02 11:23:00,-1,24763.7,391070,390946,391065,0,-3.2442424242423678,False
391326,2026-02-03 09:15:00,1,25159.0,390902,390847,390897,3,37.993333333333794,True
391376,2026-02-03 10:05:00,-1,25770.0,391375,391358,391370,0,-3.7460606060607597,False
391557,2026-02-03 13:06:00,1,25905.9,391551,391531,391546,2,2.0030303030304295,True
391577,2026-02-03 13:26:00,-1,25852.7,391452,391441,391447,0,-1.7115151515152414,False
391673,2026-02-03 15:02:00,-1,25833.4,391667,391653,391662,2,-0.45272727272687036,True
391848,2026-02-04 11:42:00,1,25795.7,391843,391828,391838,2,1.0145454545460364,True
391908,2026-02-04 12:42:00,1,25835.0,391899,391809,391894,2,2.3030303030315387,True
391915,2026-02-04 12:49:00,-1,25803.5,391907,391890,391902,1,-3.3236363636357864,True
391997,2026-02-04 14:11:00,1,25867.4,391739,391649,391734,6,1.3084848484846774,True
391998,2026-02-04 14:12:00,1,25873.0,391761,391641,391756,0,2.3854545454538276,False
392081,2026-02-05 09:20:00,-1,25775.8,391862,391843,391857,1,-4.235151515151872,True
392182,2026-02-05 11:01:00,-1,25703.1,392129,392110,392124,1,-1.2181818181814579,True
392182,2026-02-05 11:01:00,-1,25712.7,392175,392160,392170,6,-1.2181818181814579,True
392230,2026-02-05 11:49:00,-1,25722.2,392221,392206,392216,0,-1.886666666666824,False
392274,2026-02-05 12:33:00,-1,25700.0,392268,392183,392263,0,1.5284848484836997,False
392324,2026-02-05 13:23:00,1,25737.0,392316,392300,392311,6,1.674545454544671,True
392369,2026-02-05 14:08:00,-1,25695.0,392335,392274,392330,0,-2.5339393939386006,False
392577,2026-02-06 11:21:00,1,25649.3,392501,392486,392496,1,2.7290909090910547,True
392699,2026-02-06 13:23:00,1,25635.0,392687,392663,392682,6,0.4363636363639737,True
392712,2026-02-06 13:36:00,1,25640.0,392708,392691,392703,0,-1.2139393939399945,False
392793,2026-02-06 14:57:00,1,25725.5,392622,392446,392617,4,2.7206060606064315,True
392826,2026-02-09 09:15:00,1,25757.2,392229,392194,392224,0,6.775151515152478,False
392826,2026-02-09 09:15:00,1,25745.0,392815,392803,392810,0,6.775151515152478,False
392909,2026-02-09 10:38:00,1,25910.0,392012,391553,392007,1,1.615151515151292,True
392909,2026-02-09 10:38:00,1,25900.0,392847,392025,392842,6,1.615151515151292,True
393035,2026-02-09 12:44:00,-1,25900.0,393027,392984,393022,1,-1.223030303030081,True
393134,2026-02-09 14:23:00,1,25920.0,393076,393061,393071,4,0.9781818181829163,True
393134,2026-02-09 14:23:00,1,25920.0,393114,393090,393109,1,0.9781818181829163,True
393201,2026-02-10 09:15:00,1,25940.9,392943,392928,392938,2,0.5939393939402816,True
393201,2026-02-10 09:15:00,1,25927.5,393183,393135,393178,0,0.5939393939402816,False
393278,2026-02-10 10:32:00,1,26018.7,393258,393234,393253,3,0.2436363636366829,True
393331,2026-02-10 11:25:00,-1,26006.6,393311,393274,393306,2,-1.1648484848479501,True
393356,2026-02-10 11:50:00,-1,26000.0,393336,393257,393331,9,0.07636363636427371,False
393383,2026-02-10 12:17:00,1,26023.3,393320,393293,393315,1,0.9563636363647323,True
393383,2026-02-10 12:17:00,1,26021.6,393375,393321,393370,2,0.9563636363647323,True
393448,2026-02-10 13:22:00,-1,25997.0,393362,393349,393357,0,-2.735757575757924,False
393539,2026-02-10 14:53:00,1,25990.0,393483,393466,393478,5,1.2454545454550454,True
393576,2026-02-11 09:15:00,1,26044.0,393429,393418,393424,0,2.9242424242426983,False
393622,2026-02-11 10:01:00,-1,25995.5,393616,393601,393611,1,-1.156363636361712,True
393775,2026-02-11 12:34:00,-1,25987.5,393769,393750,393764,0,0.18666666666639486,False
393778,2026-02-11 12:37:00,-1,25980.5,393639,393623,393634,2,-1.771515151515298,True
393921,2026-02-11 15:00:00,1,26010.0,393912,393897,393907,0,0.5454545454547793,False
393934,2026-02-11 15:13:00,-1,25989.2,393915,393904,393910,6,-0.8533333333317206,True
393947,2026-02-11 15:26:00,-1,25988.7,393940,393928,393935,4,-0.6896969696963628,True
393951,2026-02-12 09:15:00,-1,25955.0,393502,393209,393497,2,-1.8575757575751033,True
393951,2026-02-12 09:15:00,-1,25952.6,393788,393489,393783,0,-1.8575757575751033,False
393951,2026-02-12 09:15:00,-1,25977.0,393866,393853,393861,0,-1.8575757575751033,False
393959,2026-02-12 09:23:00,-1,25901.0,393158,393117,393153,4,-7.210909090908657,True
393959,2026-02-12 09:23:00,-1,25901.0,393205,393164,393200,1,-7.210909090908657,True
394087,2026-02-12 11:31:00,-1,25883.1,393972,393045,393967,2,-0.5824242424254403,True
394182,2026-02-12 13:06:00,-1,25895.0,394170,394156,394165,0,-0.722424242423123,False
394203,2026-02-12 13:27:00,1,25917.4,394071,394038,394066,3,2.791515151515507,True
394258,2026-02-12 14:22:00,1,25887.2,394246,394235,394241,5,0.07151515151623485,True
394280,2026-02-12 14:44:00,-1,25870.0,394235,394120,394230,0,-1.0454545454539688,False
394280,2026-02-12 14:44:00,-1,25872.3,394261,394238,394256,2,-1.0454545454539688,True
394341,2026-02-13 09:30:00,-1,25643.1,394339,394327,394334,1,-1.8818181818186073,True
394406,2026-02-13 10:35:00,1,25628.1,394370,394355,394365,1,1.7284848484860453,True
394516,2026-02-13 12:25:00,1,25626.0,394502,394428,394497,5,1.6375757575770538,True
394598,2026-02-13 13:47:00,-1,25586.6,394477,394462,394472,1,-2.042424242424651,True
394645,2026-02-13 14:34:00,-1,25565.0,394624,394612,394619,1,-1.3145454545454944,True
394758,2026-02-16 10:12:00,1,25586.2,394646,394631,394641,0,0.8703030303024876,False
394830,2026-02-16 11:24:00,1,25584.6,394793,394779,394788,6,0.9206060606064378,True
394884,2026-02-16 12:18:00,1,25595.3,394882,394831,394877,0,0.6933333333325127,False
394954,2026-02-16 13:28:00,1,25616.5,394943,394928,394938,3,1.5139393939386017,True
395013,2026-02-16 14:27:00,1,25628.8,394976,394965,394971,0,1.1363636363636402,False
395015,2026-02-16 14:29:00,1,25648.1,394542,394519,394537,1,3.3430303030310586,True
395085,2026-02-17 09:24:00,-1,25589.0,394922,394891,394917,3,-2.6284848484836165,True
395085,2026-02-17 09:24:00,-1,25590.1,394988,394924,394983,1,-2.6284848484836165,True
395305,2026-02-17 13:04:00,-1,25733.9,395258,395245,395253,0,-2.0290909090907707,False
395305,2026-02-17 13:04:00,-1,25741.1,395284,395272,395279,0,-2.0290909090907707,False
395373,2026-02-17 14:12:00,-1,25720.2,395363,395223,395358,0,-2.4090909090910606,False
395454,2026-02-18 09:18:00,1,25750.0,395427,395401,395422,3,-0.578787878788005,False
395472,2026-02-18 09:36:00,1,25754.0,395469,395369,395464,0,0.3296969696965607,False
395491,2026-02-18 09:55:00,-1,25714.6,395466,395417,395461,1,-2.5599999999992558,True
395531,2026-02-18 10:35:00,1,25694.0,395513,395501,395508,4,2.6642424242423934,True
395648,2026-02-18 12:32:00,1,25744.0,395645,395632,395640,0,0.29090909091086337,False
395730,2026-02-18 13:54:00,-1,25735.1,395724,395687,395719,1,-0.5351515151500561,True
395731,2026-02-18 13:55:00,-1,25732.0,395671,395657,395666,2,-2.0272727272724738,True
395747,2026-02-18 14:11:00,1,25765.0,395682,395480,395677,6,1.8981818181824353,True
395747,2026-02-18 14:11:00,1,25768.0,395705,395451,395700,0,1.8981818181824353,False
395748,2026-02-18 14:12:00,1,25775.5,395300,395267,395295,10,2.8781818181826893,True
395841,2026-02-19 09:30:00,-1,25819.0,395826,395802,395821,2,-6.26727272727259,True
395947,2026-02-19 11:16:00,-1,25723.0,395647,395629,395642,10,-2.891515151513971,True
395955,2026-02-19 11:24:00,-1,25695.0,395610,395598,395605,1,-2.77636363636232,True
395967,2026-02-19 11:36:00,-1,25684.6,395966,395955,395961,0,-0.4066666666668078,False
395988,2026-02-19 11:57:00,-1,25665.0,395501,395187,395496,9,-0.6557575757568386,True
395992,2026-02-19 12:01:00,-1,25660.0,395518,395175,395513,1,-0.14848484848636967,True
395992,2026-02-19 12:01:00,-1,25663.8,395987,395524,395982,2,-0.14848484848636967,True
396033,2026-02-19 12:42:00,-1,25591.2,396013,395093,396008,1,-4.489090909091413,True
396154,2026-02-19 14:43:00,-1,25553.2,396145,396117,396140,1,-1.9890909090919495,True
396215,2026-02-20 09:29:00,-1,25402.4,396204,396192,396199,0,-6.116969696969159,False
396334,2026-02-20 11:28:00,1,25610.0,396324,396312,396319,3,-0.33696969696965184,False
396352,2026-02-20 11:46:00,1,25642.0,396081,396061,396076,0,0.5830303030304558,False
396352,2026-02-20 11:46:00,1,25625.0,396342,396092,396337,5,0.5830303030304558,True
396429,2026-02-20 13:03:00,-1,25599.4,396380,396369,396375,3,-1.9969696969691006,True
396431,2026-02-20 13:05:00,-1,25595.6,396366,396339,396361,3,-1.4703030303030324,True
396435,2026-02-20 13:09:00,-1,25580.6,396325,396284,396320,4,-4.6654545454542,True
396531,2026-02-20 14:45:00,1,25650.0,396513,396415,396508,1,2.8387878787889185,True
396565,2026-02-20 15:19:00,-1,25575.0,396564,396481,396559,0,-0.37454545454435767,False
396731,2026-02-23 11:50:00,-1,25645.0,396693,396667,396688,2,-2.4018181818182986,True
396816,2026-02-23 13:15:00,-1,25622.7,396808,396732,396803,0,-1.3599999999995722,False
396860,2026-02-23 13:59:00,-1,25638.9,396841,396824,396836,2,-1.5812121212119905,True
396891,2026-02-23 14:30:00,1,25676.3,396850,396832,396845,1,2.821212121213284,True
396923,2026-02-23 15:02:00,1,25707.5,396915,396695,396910,1,2.426666666665921,True
397076,2026-02-24 11:20:00,1,25520.0,397074,397039,397069,1,0.7709090909083253,True
397100,2026-02-24 11:44:00,-1,25499.8,397095,397073,397090,1,-0.355151515151192,True
397127,2026-02-24 12:11:00,-1,25456.0,397125,397049,397120,0,-0.25151515151457143,False
397250,2026-02-24 14:14:00,1,25441.0,397201,397189,397196,3,5.741818181819304,True
397368,2026-02-25 09:57:00,1,25749.0,397363,397348,397358,0,0.06727272727275657,False
397477,2026-02-25 11:46:00,1,25769.8,397472,397459,397467,1,-0.35878787878627977,False
397522,2026-02-25 12:31:00,-1,25735.0,397518,397490,397513,1,-0.9509090909100611,True
397524,2026-02-25 12:33:00,-1,25715.0,397370,397355,397365,0,-2.8309090909091883,False
397629,2026-02-25 14:18:00,1,25620.2,397594,397582,397589,4,3.167878787878279,True
397673,2026-02-25 15:02:00,1,25639.5,397638,397544,397633,1,4.128484848484691,True
397802,2026-02-26 10:56:00,-1,25660.0,397790,397775,397785,1,-3.5818181818181256,True
397998,2026-02-26 14:12:00,1,25585.2,397971,397953,397966,3,3.1606060606057342,True
398076,2026-02-27 09:15:00,-1,25538.0,397999,397943,397994,0,-3.489696969695993,False
398076,2026-02-27 09:15:00,-1,25620.0,398065,398049,398060,0,-3.489696969695993,False
398326,2026-02-27 13:25:00,1,25432.9,398313,398287,398308,0,0.26909090909150707,False
398421,2026-02-27 15:00:00,-1,25420.9,398344,398322,398339,1,0.30666666666560904,False
398704,2026-03-02 13:28:00,-1,24826.0,398672,398661,398667,2,-1.4642424242421554,True
398742,2026-03-02 14:06:00,1,24852.8,398675,398663,398670,6,11.096363636363751,True
398871,2026-03-04 10:00:00,-1,24451.1,398851,398826,398846,1,-5.0636363636377455,True
398897,2026-03-04 10:26:00,1,24545.0,398893,398856,398888,1,2.020000000000001,True
398959,2026-03-04 11:28:00,-1,24498.0,398926,398914,398921,5,-4.4612121212124265,True
399033,2026-03-04 12:42:00,-1,24484.0,399015,398989,399010,4,0.07515151515181404,False
399202,2026-03-05 09:16:00,1,24700.0,399172,399160,399167,0,7.456363636364475,False
399291,2026-03-05 10:45:00,1,24743.0,399258,399247,399253,2,6.030909090909142,True
399301,2026-03-05 10:55:00,1,24749.0,399297,399241,399292,0,-1.8048484848482322,False
399461,2026-03-05 13:35:00,-1,24719.9,399458,399447,399453,2,0.5230303030298813,False
399495,2026-03-05 14:09:00,-1,24650.5,399491,399363,399486,2,0.1896969696978259,False
399524,2026-03-05 14:38:00,1,24760.0,399318,399302,399313,1,4.658787878787551,True
399524,2026-03-05 14:38:00,1,24755.0,399432,399325,399427,4,4.658787878787551,True
399524,2026-03-05 14:38:00,1,24758.1,399461,399399,399456,0,4.658787878787551,False
399768,2026-03-06 12:27:00,-1,24700.0,399761,399747,399756,4,-1.7333333333331824,True
399769,2026-03-06 12:28:00,-1,24677.1,399581,399517,399576,1,-2.376969696969688,True
399833,2026-03-06 13:32:00,-1,24688.5,399809,399796,399804,3,-1.216363636362934,True
399835,2026-03-06 13:34:00,-1,24680.0,399793,399781,399788,1,-3.0351515151526347,True
399838,2026-03-06 13:37:00,1,24723.8,399765,399740,399760,0,-3.73757575757651,False
399838,2026-03-06 13:37:00,1,24714.0,399829,399802,399824,1,-3.73757575757651,False
399857,2026-03-06 13:56:00,-1,24667.0,399842,399671,399837,1,-1.3424242424253372,True
399904,2026-03-06 14:43:00,-1,24630.6,399511,399497,399506,1,-5.368484848485498,True
399951,2026-03-09 09:15:00,-1,24466.0,398982,398963,398977,0,-26.412727272726656,False
400003,2026-03-09 10:07:00,1,23885.8,399993,399974,399988,2,0.2975757575757594,True
400028,2026-03-09 10:32:00,-1,23845.7,400019,399999,400014,2,-1.0387878787876723,True
400047,2026-03-09 10:51:00,1,23890.1,400039,400017,400034,1,-0.981212121212084,False
400268,2026-03-09 14:32:00,1,24019.8,400266,400232,400261,1,1.3606060606062627,True
400299,2026-03-09 15:03:00,1,24130.0,400296,400282,400291,1,-0.5115151515152166,False
400385,2026-03-10 10:14:00,1,24237.0,400384,400355,400379,0,1.30424242424349,False
400415,2026-03-10 10:44:00,1,24300.0,400393,400326,400388,4,2.3648484848488986,True
400513,2026-03-10 12:22:00,-1,24235.0,400511,400394,400506,0,-2.819393939393438,False
400552,2026-03-10 13:01:00,1,24315.0,400503,400486,400498,5,4.372727272727079,True
400659,2026-03-10 14:48:00,1,24352.8,400655,400642,400650,0,-0.43939393939481397,False
400711,2026-03-11 09:25:00,-1,24306.0,400617,400588,400612,2,-1.6515151515157533,True
400716,2026-03-11 09:30:00,-1,24303.0,400706,400645,400701,4,-7.471515151514483,True
400722,2026-03-11 09:36:00,-1,24287.0,400717,400577,400712,3,-2.909696969696831,True
400754,2026-03-11 10:08:00,-1,24222.0,400540,400513,400535,3,-0.9484848484849193,True
400781,2026-03-11 10:35:00,-1,24191.0,400771,400758,400766,0,-0.20545454545505787,False
400841,2026-03-11 11:35:00,-1,24077.6,400329,400297,400324,2,-3.9690909090904203,True
400900,2026-03-11 12:34:00,-1,24079.2,400899,400876,400894,0,1.1612121212131592,False
401015,2026-03-11 14:29:00,1,24049.9,400985,400969,400980,0,1.9115151515147764,False
401045,2026-03-11 14:59:00,-1,23948.0,400206,400194,400201,0,-2.3957575757579996,False
401045,2026-03-11 14:59:00,-1,23961.0,401018,400257,401013,1,-2.3957575757579996,True
401053,2026-03-11 15:07:00,-1,23940.0,401050,400165,401045,0,-2.3957575757575653,False
401073,2026-03-11 15:27:00,-1,23923.3,401058,400151,401053,3,-2.875151515151774,True
401075,2026-03-11 15:29:00,-1,23921.7,400141,400126,400136,6,-3.293333333332838,True
401076,2026-03-12 09:15:00,-1,23804.0,399987,399962,399982,0,-12.40181818181708,False
401076,2026-03-12 09:15:00,-1,23834.8,400051,400029,400046,0,-12.40181818181708,False
401263,2026-03-12 12:22:00,1,23824.8,401260,401246,401255,0,0.991515151514754,False
401302,2026-03-12 13:01:00,-1,23771.2,401299,401281,401294,0,0.09212121212105372,False
401324,2026-03-12 13:23:00,1,23799.9,401320,401299,401315,1,0.2890909090918415,True
401571,2026-03-13 11:15:00,-1,23391.4,401548,401520,401543,0,-3.6484848484853525,False
402122,2026-03-16 14:11:00,1,23240.0,402060,402034,402055,0,1.6072727272726515,False
402122,2026-03-16 14:11:00,1,23229.0,402097,402073,402092,0,1.6072727272726515,False
402540,2026-03-17 14:54:00,1,23628.5,402533,402499,402528,3,2.8678787878787864,True
402610,2026-03-18 09:49:00,1,23749.5,402609,402593,402604,0,0.3151515151518118,False
402709,2026-03-18 11:28:00,1,23815.4,402700,402685,402695,6,0.6218181818194096,True
402758,2026-03-18 12:17:00,-1,23787.1,402702,402689,402697,3,-1.0866666666663514,True
402791,2026-03-18 12:50:00,1,23800.0,402790,402774,402785,0,1.264242424243597,False
402815,2026-03-18 13:14:00,1,23810.0,402810,402793,402805,2,1.8375757575760134,True
402894,2026-03-18 14:33:00,-1,23814.5,402881,402869,402876,0,-5.272121212119833,False
402921,2026-03-18 15:00:00,-1,23779.5,402920,402906,402915,0,0.6072727272734786,False
402925,2026-03-18 15:04:00,1,23816.0,402917,402901,402912,2,1.8824242424245288,True
402941,2026-03-18 15:20:00,-1,23775.0,402801,402778,402796,6,-3.646060606060549,True
402941,2026-03-18 15:20:00,-1,23775.0,402927,402809,402922,2,-3.646060606060549,True
402951,2026-03-19 09:15:00,-1,23373.0,402347,402213,402342,0,-19.110303030302493,False
402951,2026-03-19 09:15:00,-1,23398.5,402402,402385,402397,0,-19.110303030302493,False
402951,2026-03-19 09:15:00,-1,23732.3,402670,402651,402665,0,-19.110303030302493,False
403103,2026-03-19 11:47:00,1,23260.0,403097,403069,403092,1,1.2775757575769902,True
403130,2026-03-19 12:14:00,1,23265.6,403114,403103,403109,0,3.036363636362558,False
403186,2026-03-19 13:10:00,-1,23234.1,403165,403149,403160,4,-2.256363636364042,True
403189,2026-03-19 13:13:00,-1,23221.0,403129,403085,403124,3,-2.4903030303012965,True
403199,2026-03-19 13:23:00,-1,23194.6,403196,402128,403191,1,-1.0927272727268407,True
403326,2026-03-20 09:15:00,1,23137.9,403265,403254,403260,0,6.7084848484863056,False
403328,2026-03-20 09:17:00,1,23288.9,403170,403135,403165,2,17.33151515151481,True
403373,2026-03-20 10:02:00,-1,23254.8,403370,403357,403365,1,-0.8139393939395023,True
403403,2026-03-20 10:32:00,1,23289.5,403388,403371,403383,5,3.3521212121217623,True
403452,2026-03-20 11:21:00,1,23349.8,403422,403346,403417,1,4.263636363635588,True
403481,2026-03-20 11:50:00,-1,23290.0,403447,403435,403442,0,-2.004242424241273,False
403509,2026-03-20 12:18:00,-1,23225.0,403505,403390,403500,2,-1.5896969696969048,True
403633,2026-03-20 14:22:00,-1,23203.9,403631,403611,403626,0,-0.36363636363568214,False
403888,2026-03-23 12:22:00,-1,22514.3,403855,403808,403850,6,-2.6551515151507012,True
403947,2026-03-23 13:21:00,1,22525.0,403946,403935,403941,0,3.1484848484846233,False
403970,2026-03-23 13:44:00,1,22578.0,403843,403832,403838,0,2.945454545455009,False
403974,2026-03-23 13:48:00,1,22597.9,403818,403784,403813,2,6.718181818181256,True
404011,2026-03-23 14:25:00,-1,22600.2,404006,403994,404001,0,0.32969696969734735,False
404075,2026-03-23 15:29:00,-1,22495.0,404024,403955,404019,10,-1.8915151515157875,True
404076,2026-03-24 09:15:00,1,22645.0,404042,404006,404037,0,17.761212121212505,False
404382,2026-03-24 14:21:00,-1,22945.0,404366,404352,404361,0,1.2727272727272747,False
404398,2026-03-24 14:37:00,-1,22918.9,404396,404383,404391,0,-0.1357575757574579,False
404445,2026-03-24 15:24:00,1,22939.0,404425,404404,404420,0,4.901818181817886,False
404525,2026-03-25 10:29:00,1,23309.0,404501,403578,404496,12,1.487272727273092,True
404558,2026-03-25 11:02:00,1,23374.2,404554,404542,404549,1,1.0533333333328496,True
404594,2026-03-25 11:38:00,-1,23346.6,404559,404547,404554,0,-3.353333333332423,False
404630,2026-03-25 12:14:00,1,23434.3,404576,404565,404571,0,2.915151515150663,False
404814,2026-03-25 15:18:00,-1,23295.4,404771,404532,404766,8,-1.8206060606050718,True
404984,2026-03-27 11:53:00,1,22964.0,404982,404971,404977,0,0.6430303030308152,False
405008,2026-03-27 12:17:00,-1,22928.0,405007,404960,405002,0,-1.9727272727275695,False
405068,2026-03-27 13:17:00,1,22977.6,405047,405020,405042,0,4.129090909092145,False
405117,2026-03-27 14:06:00,-1,22901.8,405114,405090,405109,1,-1.1412121212102662,True
405133,2026-03-27 14:22:00,-1,22880.5,404426,404412,404421,4,-1.9460606060598953,True
405186,2026-03-27 15:15:00,-1,22813.7,405183,404270,405178,2,-1.618181818181215,True
405201,2026-03-30 09:15:00,-1,22486.3,404080,404052,404075,0,-12.219393939393052,False
405201,2026-03-30 09:15:00,-1,22617.0,404185,404160,404180,0,-12.219393939393052,False
405369,2026-03-30 12:03:00,1,22537.9,405349,405294,405344,0,7.14848484848499,False
405451,2026-03-30 13:25:00,-1,22480.0,405433,405419,405428,4,-3.084848484846727,True
405475,2026-03-30 13:49:00,-1,22448.6,405341,405318,405336,4,-4.657575757575137,True
405504,2026-03-30 14:18:00,-1,22420.0,405490,405479,405485,5,-4.612121212119955,True
405678,2026-04-01 10:57:00,-1,22882.7,405676,405663,405671,1,-2.8999999999991273,True
405744,2026-04-01 12:03:00,1,22926.6,405717,405669,405712,5,7.961818181818838,True
405788,2026-04-01 12:47:00,1,22985.0,405760,405642,405755,1,2.583636363636796,True
405816,2026-04-01 13:15:00,1,22999.9,405814,405790,405809,1,-0.9412121212116609,False
405841,2026-04-01 13:40:00,-1,22850.0,405741,405730,405736,2,-3.00727272727247,True
405950,2026-04-01 15:29:00,1,22810.0,405945,405931,405940,2,1.32848484848479,True
406036,2026-04-02 10:40:00,1,22327.3,406015,405997,406010,2,-0.038181818180523235,False
406085,2026-04-02 11:29:00,-1,22280.0,406025,406014,406020,5,-1.3145454545454232,True
406176,2026-04-02 13:00:00,1,22447.8,406170,406153,406165,2,3.857575757575484,True
406245,2026-04-02 14:09:00,1,22645.6,406234,406222,406229,4,2.5436363636369728,True
406269,2026-04-02 14:33:00,1,22750.0,406266,406252,406261,2,3.189090909091609,True
406487,2026-04-06 11:56:00,1,22760.0,406426,406395,406421,0,1.8509090909102546,False
406539,2026-04-06 12:48:00,1,22810.0,406525,406511,406520,0,7.670909090909741,False
406540,2026-04-06 12:49:00,1,22825.9,406353,406312,406348,1,10.447272727273495,True
406626,2026-04-06 14:15:00,1,22999.7,406591,406574,406586,2,4.532121212120935,True
406672,2026-04-06 15:01:00,1,23019.0,406637,405816,406632,17,0.3957575757579253,True
406701,2026-04-07 09:15:00,-1,22923.0,406605,406593,406600,0,-9.80848484848439,False
406701,2026-04-07 09:15:00,-1,22970.0,406671,406636,406666,0,-9.80848484848439,False
406799,2026-04-07 10:53:00,-1,22950.0,406787,406756,406782,0,-5.382424242424268,False
406942,2026-04-07 13:16:00,1,22996.8,406912,406898,406907,1,3.5290909090913916,True
406968,2026-04-07 13:42:00,1,23089.0,406964,406684,406959,0,2.160000000000715,False
407013,2026-04-07 14:27:00,1,23075.2,407007,406992,407002,0,0.4533333333340629,False
407296,2026-04-08 12:55:00,1,24020.0,407266,407247,407261,1,2.1745454545456324,True
407339,2026-04-08 13:38:00,1,24050.0,407232,407192,407227,2,1.397575757576385,True
407348,2026-04-08 13:47:00,-1,24025.0,407347,407332,407342,0,-3.447878787878003,False
407451,2026-04-09 09:15:00,-1,24000.2,407372,407309,407367,3,-2.6557575757563074,True
407451,2026-04-09 09:15:00,-1,24041.0,407448,407436,407443,0,-2.6557575757563074,False
407540,2026-04-09 10:44:00,-1,23881.0,407528,407512,407523,2,-5.55939393939413,True
407587,2026-04-09 11:31:00,1,23935.0,407537,407515,407532,3,4.874545454545393,True
407654,2026-04-09 12:38:00,-1,23921.9,407647,407621,407642,2,-3.6418181818172313,True
407662,2026-04-09 12:46:00,-1,23910.0,407607,407596,407602,4,-1.6060606060601306,True
407744,2026-04-09 14:08:00,1,23850.4,407738,407727,407733,5,1.128484848484821,True
407826,2026-04-10 09:15:00,1,23899.2,407688,407671,407683,0,3.173333333333593,False
407826,2026-04-10 09:15:00,1,23886.9,407813,407799,407808,0,3.173333333333593,False
407827,2026-04-10 09:16:00,1,23969.3,407632,407612,407627,0,6.993939393939945,False
407916,2026-04-10 10:45:00,-1,24043.1,407915,407904,407910,0,-1.3690909090910777,False
407968,2026-04-10 11:37:00,-1,24029.3,407955,407936,407950,3,0.30969696969629257,False
408015,2026-04-10 12:24:00,1,24062.0,408004,407932,407999,2,0.44848484848564246,True
408094,2026-04-10 13:43:00,1,24070.2,408065,408032,408060,0,2.390303030302731,False
408110,2026-04-10 13:59:00,1,24080.3,408022,407896,408017,1,2.448484848485398,True
408126,2026-04-10 14:15:00,-1,24039.8,408047,408012,408042,5,-1.1709090909086768,True
408126,2026-04-10 14:15:00,-1,24038.7,408076,408065,408071,0,-1.1709090909086768,False
408160,2026-04-10 14:49:00,1,24027.7,408159,408144,408154,0,0.11575757575738028,False
408178,2026-04-10 15:07:00,1,24099.0,408129,408111,408124,2,6.7266666666666115,True
408229,2026-04-13 09:43:00,1,23683.9,408224,408213,408219,2,1.4000000000000992,True
408343,2026-04-13 11:37:00,1,23789.8,408321,408303,408316,7,0.4369696969690515,True
408429,2026-04-13 13:03:00,-1,23815.5,408428,408365,408423,0,-3.4121212121214017,False
408565,2026-04-13 15:19:00,-1,23855.0,408561,408502,408556,2,-1.051515151515087,True
408576,2026-04-15 09:15:00,1,24120.0,408203,408182,408198,0,19.009090909091732,False
408825,2026-04-15 13:24:00,-1,24211.0,408719,408708,408714,0,-1.9430303030288436,False
408825,2026-04-15 13:24:00,-1,24216.0,408814,408802,408809,0,-1.9430303030288436,False
408882,2026-04-15 14:21:00,1,24256.0,408826,408814,408821,13,0.24909090909092518,True
408890,2026-04-15 14:29:00,1,24259.4,408792,408777,408787,5,0.17151515151507926,True
408891,2026-04-15 14:30:00,1,24260.0,408888,408873,408883,1,0.5163636363630643,True
408892,2026-04-15 14:31:00,1,24260.2,408773,408745,408768,11,1.2139393939392549,True
408912,2026-04-15 14:51:00,1,24264.2,408763,408731,408758,3,1.3606060606064878,True
408928,2026-04-15 15:07:00,-1,24241.0,408927,408898,408922,0,-2.4769696969688426,False
408950,2026-04-15 15:29:00,-1,24227.8,408941,408929,408936,5,-1.035151515151332,True
408951,2026-04-16 09:15:00,1,24279.0,408925,408913,408920,0,4.564848484848609,False
409059,2026-04-16 11:03:00,1,24327.3,409037,409015,409032,0,0.8212121212122802,False
409059,2026-04-16 11:03:00,1,24323.0,409049,409022,409044,2,0.8212121212122802,True
409082,2026-04-16 11:26:00,-1,24294.6,409078,409011,409073,1,-1.264242424241958,True
409113,2026-04-16 11:57:00,-1,24220.0,408955,408854,408950,4,-0.7484848484842729,True
409115,2026-04-16 11:59:00,-1,24205.2,408845,408830,408840,1,-2.9321212121209164,True
409226,2026-04-16 13:50:00,1,24168.0,409186,409169,409181,1,2.436969696969857,True
409265,2026-04-16 14:29:00,1,24196.0,409143,409128,409138,4,1.8442424242439444,True
409375,2026-04-17 10:04:00,1,24250.0,409301,409285,409296,0,1.6115151515152597,False
409454,2026-04-17 11:23:00,1,24285.9,409447,409418,409442,5,1.4854545454547992,True
409474,2026-04-17 11:43:00,1,24300.0,409473,409461,409468,0,0.7478787878778633,False
409563,2026-04-17 13:12:00,1,24300.0,409521,409507,409516,4,2.9696969696969724,True
409631,2026-04-17 14:20:00,1,24330.0,409070,409059,409065,9,0.16969696969704146,True
409631,2026-04-17 14:20:00,1,24331.4,409598,409487,409593,4,0.16969696969704146,True
409695,2026-04-17 15:24:00,1,24373.1,409682,409664,409677,4,0.9490909090911519,True
409700,2026-04-17 15:29:00,1,24375.0,409689,409658,409684,5,0.8836363636361877,True
409701,2026-04-20 09:15:00,-1,24302.0,409621,409607,409616,0,4.159393939394325,False
409701,2026-04-20 09:15:00,-1,24310.9,409646,409625,409641,0,4.159393939394325,False
409876,2026-04-20 12:10:00,-1,24445.9,409863,409844,409858,2,-1.369696969696735,True
409913,2026-04-20 12:47:00,1,24470.0,409901,409867,409896,9,-0.559393939393822,False
409914,2026-04-20 12:48:00,1,24471.4,409857,409835,409852,16,-0.13939393939461128,False
409994,2026-04-20 14:08:00,-1,24355.0,409993,409978,409988,0,-1.2648484848478878,False
410010,2026-04-20 14:24:00,1,24395.5,409975,409956,409970,0,1.0866666666664484,False
410062,2026-04-20 15:16:00,-1,24350.0,409968,409953,409963,3,-1.959393939393771,True
410062,2026-04-20 15:16:00,-1,24351.4,410037,409994,410032,1,-1.959393939393771,True
410255,2026-04-21 12:14:00,1,24566.2,410195,410180,410190,2,2.1884848484845176,True
410286,2026-04-21 12:45:00,-1,24549.9,410281,410258,410276,1,-0.9393939393933253,True
410344,2026-04-21 13:43:00,-1,24528.0,410311,410240,410306,0,-2.8769696969692666,False
410383,2026-04-21 14:22:00,1,24580.0,410277,410264,410272,0,3.3309090909092944,False
410451,2026-04-22 09:15:00,-1,24488.0,410155,410142,410150,0,-5.0878787878786085,False
410451,2026-04-22 09:15:00,-1,24519.4,410349,410168,410344,0,-5.0878787878786085,False
410464,2026-04-22 09:28:00,-1,24429.6,410456,410092,410451,3,-5.246060606061089,True
410518,2026-04-22 10:22:00,-1,24339.0,410516,410496,410511,1,-0.8842424242411269,True
410673,2026-04-22 12:57:00,1,24420.0,410666,410648,410661,1,2.6848484848490854,True
410695,2026-04-22 13:19:00,-1,24399.0,410693,410679,410688,1,-1.244242424241829,True
410697,2026-04-22 13:21:00,-1,24383.8,410659,410644,410654,2,-2.574545454545646,True
410734,2026-04-22 13:58:00,1,24428.8,410690,410676,410685,0,1.332121212121462,False
410735,2026-04-22 13:59:00,1,24439.7,410595,410584,410590,3,2.8557575757581923,True
410796,2026-04-22 15:00:00,-1,24389.9,410792,410772,410787,0,0.9630303030298658,False
410826,2026-04-23 09:15:00,-1,24265.8,409707,409549,409702,0,-12.271515151516176,False
410826,2026-04-23 09:15:00,-1,24279.2,409739,409577,409734,0,-12.271515151516176,False
410826,2026-04-23 09:15:00,-1,24362.0,410811,410699,410806,0,-12.271515151516176,False
410974,2026-04-23 11:43:00,-1,24165.0,410852,410837,410847,7,-1.0296969696969411,True
410974,2026-04-23 11:43:00,-1,24165.0,410961,410946,410956,1,-1.0296969696969411,True
410984,2026-04-23 11:53:00,1,24190.7,410968,410949,410963,1,2.804848484849036,True
411140,2026-04-23 14:29:00,-1,24180.0,411063,411052,411058,5,-1.0236363636358983,True
411155,2026-04-23 14:44:00,-1,24146.1,411151,411027,411146,0,-1.0575757575754183,False
411203,2026-04-24 09:17:00,-1,24140.0,411192,411155,411187,0,2.1690909090916906,False
411318,2026-04-24 11:12:00,-1,23934.0,411313,411296,411308,0,-0.8624242424246301,False
411508,2026-04-24 14:22:00,1,23902.0,411461,411446,411456,0,3.4127272727294504,False
411521,2026-04-24 14:35:00,1,23941.6,411429,411405,411424,4,4.453333333334165,True
411576,2026-04-27 09:15:00,1,23952.0,411537,411517,411532,3,6.374545454545132,True
411576,2026-04-27 09:15:00,1,23949.0,411569,411545,411564,0,6.374545454545132,False
411810,2026-04-27 13:09:00,1,24100.0,411783,411698,411778,0,0.7199999999991712,False
411847,2026-04-27 13:46:00,1,24130.0,411841,411828,411836,5,0.9878787878790064,True
411892,2026-04-27 14:31:00,-1,24100.0,411838,411821,411833,0,-1.307272727272349,False
411919,2026-04-27 14:58:00,1,24135.0,411880,411848,411875,2,2.331515151516148,True
411951,2026-04-28 09:15:00,-1,24070.0,411812,411798,411807,0,-4.193939393938668,False
411951,2026-04-28 09:15:00,-1,24103.3,411928,411911,411923,1,-4.193939393938668,True
411981,2026-04-28 09:45:00,1,24140.0,411924,411817,411919,1,4.99878787878708,True
411981,2026-04-28 09:45:00,1,24134.4,411955,411936,411950,2,4.99878787878708,True
412052,2026-04-28 10:56:00,1,24170.0,412027,411997,412022,2,2.378787878788433,True
412079,2026-04-28 11:23:00,-1,24121.0,412078,412038,412073,0,-1.2987878787880633,False
412194,2026-04-28 13:18:00,1,24040.6,412173,412161,412168,2,-0.7175757575746905,False
412211,2026-04-28 13:35:00,-1,23980.2,411956,411720,411951,0,-6.603030303030315,False
412211,2026-04-28 13:35:00,-1,23990.0,412154,411727,412149,0,-6.603030303030315,False
412284,2026-04-28 14:48:00,1,24037.4,412272,412232,412267,0,0.5236363636367596,False
412448,2026-05-29 11:17:00,1,24018.7,412446,412435,412441,0,-1.4078787878788122,False
412545,2026-05-29 12:54:00,-1,23930.1,412542,412526,412537,0,-0.4260606060607785,False
412745,2026-06-01 09:59:00,-1,23634.0,412740,412723,412735,2,-1.8587878787874639,True
413114,2026-06-02 09:53:00,1,23378.4,413112,413100,413107,1,0.2696969696972279,True
413143,2026-06-02 10:22:00,1,23400.0,413131,413118,413126,2,4.370909090909285,True
413193,2026-06-02 11:12:00,1,23387.9,413192,413181,413187,0,-0.14060606060604108,False
413246,2026-06-02 12:05:00,-1,23368.6,413226,413189,413221,5,-1.3763636363626495,True
413274,2026-06-02 12:33:00,1,23394.1,413243,413224,413238,1,1.4575757575757426,True
413313,2026-06-02 13:12:00,1,23570.0,413304,412959,413299,4,1.2642424242430552,True
413330,2026-06-02 13:29:00,1,23599.0,413319,412914,413314,1,2.996969696969311,True
413397,2026-06-02 14:36:00,-1,23606.3,413386,413357,413381,6,-1.3903030303026778,True
413455,2026-06-03 09:19:00,-1,23359.8,413246,413179,413241,8,-36.69393939393962,True
413455,2026-06-03 09:19:00,-1,23358.7,413275,413256,413270,3,-36.69393939393962,True
413462,2026-06-03 09:26:00,-1,23345.0,413142,413104,413137,7,-1.2769696969705386,True
413529,2026-06-03 10:33:00,-1,23285.0,413498,413076,413493,1,-3.849090909090259,True
413646,2026-06-03 12:30:00,1,23309.1,413556,413537,413551,2,5.387878787879088,True
413648,2026-06-03 12:32:00,1,23358.7,413493,413468,413488,0,11.281818181818792,False
413722,2026-06-03 13:46:00,1,23439.0,413707,413658,413702,1,0.35515151515112725,True
413826,2026-06-04 09:15:00,-1,23400.0,413725,413709,413720,0,-9.018181818181802,False
413859,2026-06-04 09:48:00,1,23439.5,413853,413837,413848,3,5.9230303030311395,True
413889,2026-06-04 10:18:00,1,23507.6,413886,413868,413881,0,-1.4109090909093691,False
413962,2026-06-04 11:31:00,-1,23436.0,413942,413908,413937,2,0.9727272727280101,False
413966,2026-06-04 11:35:00,1,23467.8,413964,413946,413959,1,0.42727272727259274,True
413972,2026-06-04 11:41:00,1,23520.0,413823,413811,413818,0,9.95393939394033,False
413972,2026-06-04 11:41:00,1,23510.0,413902,413889,413897,6,9.95393939394033,True
414064,2026-06-04 13:13:00,-1,23428.0,414062,414037,414057,1,-2.73333333333298,True
414111,2026-06-04 14:00:00,1,23433.8,414105,414090,414100,1,1.9600000000001876,True
414118,2026-06-04 14:07:00,1,23477.0,414059,414047,414054,6,6.000000000000629,True
414149,2026-06-04 14:38:00,1,23510.0,414146,414002,414141,2,2.3133333333345982,True
414246,2026-06-05 10:00:00,-1,23511.0,414241,414227,414236,2,-1.4472727272720871,True
414254,2026-06-05 10:08:00,1,23557.0,414235,414222,414230,1,3.0660606060603315,True
414256,2026-06-05 10:10:00,1,23565.0,414254,414201,414249,1,6.546060606060781,True
414292,2026-06-05 10:46:00,-1,23402.0,414112,414093,414107,1,-5.332121212120365,True
414383,2026-06-05 12:17:00,1,23510.5,414379,414349,414374,2,0.9812121212116893,True
414403,2026-06-05 12:37:00,-1,23460.0,414370,414328,414365,0,-5.481212121211596,False
414576,2026-06-08 09:15:00,-1,23350.0,413687,413671,413682,4,-14.515151515151535,True
414576,2026-06-08 09:15:00,-1,23367.8,414508,414480,414503,0,-14.515151515151535,False
414617,2026-06-08 09:56:00,1,23252.0,414612,414596,414607,1,3.218787878787973,True
414749,2026-06-08 12:08:00,-1,23255.0,414748,414726,414743,0,-0.6484848484844515,False
414752,2026-06-08 12:11:00,1,23275.0,414749,414738,414744,1,-0.1945454545443301,False
414874,2026-06-08 14:13:00,-1,23211.0,414863,414848,414858,2,-2.9315151515144193,True
414922,2026-06-08 15:01:00,-1,23200.0,414883,414611,414878,7,-0.6424242424233666,True
414952,2026-06-09 09:16:00,1,23250.0,414925,414862,414920,1,6.603636363636636,True
415045,2026-06-09 10:49:00,-1,23200.0,415037,415019,415032,1,0.6503030303017149,False
415116,2026-06-09 12:00:00,1,23237.6,415017,415006,415012,3,1.3666666666669733,True
415172,2026-06-09 12:56:00,-1,23229.9,415171,415137,415166,0,-1.210303030303236,False
415270,2026-06-09 14:34:00,1,23270.0,415224,415152,415219,6,2.0818181818193504,True
415274,2026-06-09 14:38:00,1,23275.0,415271,414990,415266,1,0.9763636363634574,True
415425,2026-06-10 10:54:00,1,23389.7,415413,415379,415408,2,1.5042424242426327,True
415458,2026-06-10 11:27:00,1,23419.9,415447,415431,415442,0,2.8296969696967107,False
415554,2026-06-10 13:03:00,1,23434.3,415514,415498,415509,1,2.4472727272725034,True
415555,2026-06-10 13:04:00,1,23444.0,415494,415471,415489,0,4.564242424242522,False
415594,2026-06-10 13:43:00,-1,23388.5,415591,415549,415586,1,-0.7381818181813434,True
415641,2026-06-10 14:30:00,-1,23325.2,415391,415334,415386,4,-2.0400000000000404,True
415684,2026-06-10 15:13:00,-1,23239.6,415331,415260,415326,6,-0.5478787878787805,True
415701,2026-06-11 09:15:00,-1,23225.0,415239,415209,415234,6,-3.3290909090901004,True
415702,2026-06-11 09:16:00,-1,23143.9,415086,414948,415081,1,-7.639999999999567,True
415826,2026-06-11 11:20:00,1,23226.8,415818,415787,415813,2,1.398181818182167,True
415939,2026-06-11 13:13:00,-1,23294.2,415921,415887,415916,1,-4.350909090908438,True
416014,2026-06-11 14:28:00,1,23269.6,416012,416000,416007,1,1.5793939393944907,True
416049,2026-06-11 15:03:00,-1,23185.1,416038,415801,416033,2,-1.441212121212406,True
416168,2026-06-12 10:47:00,-1,23380.6,416163,416150,416158,0,-0.5309090909077538,False
416192,2026-06-12 11:11:00,1,23400.0,416182,416160,416177,0,0.19636363636448698,False
416237,2026-06-12 11:56:00,1,23410.0,416201,416148,416196,9,-0.06787878787767687,False
416237,2026-06-12 11:56:00,1,23414.4,416236,416111,416231,0,-0.06787878787767687,False
416251,2026-06-12 12:10:00,-1,23390.0,416246,416234,416241,2,-1.5672727272731701,True
416281,2026-06-12 12:40:00,-1,23370.0,416207,416188,416202,15,-1.3260606060588904,True
416282,2026-06-12 12:41:00,-1,23365.0,416265,416168,416260,3,-1.249090909090203,True
416536,2026-06-15 10:40:00,1,23982.0,416532,416483,416527,2,1.375151515151495,True
416601,2026-06-15 11:45:00,-1,23975.6,416599,416573,416594,1,-0.6321212121206803,True
416636,2026-06-15 12:20:00,-1,23930.0,416514,416469,416509,3,-3.0278787878790565,True
416685,2026-06-15 13:09:00,1,23955.4,416665,416652,416660,0,1.4345454545459815,False
416727,2026-06-15 13:51:00,-1,23925.0,416673,416657,416668,1,-0.2084848484849833,True
416727,2026-06-15 13:51:00,-1,23928.0,416700,416680,416695,1,-0.2084848484849833,True
416728,2026-06-15 13:52:00,-1,23920.0,416722,416646,416717,1,-1.888484848484665,True
416787,2026-06-15 14:51:00,-1,23932.0,416757,416746,416752,0,-1.4557575757568775,False
416807,2026-06-15 15:11:00,-1,23900.0,416802,416728,416797,0,-2.4957575757572035,False
416843,2026-06-16 09:32:00,1,23970.0,416835,416784,416830,3,1.6678787878794052,True
416908,2026-06-16 10:37:00,1,23985.0,416776,416688,416771,0,2.515151515151937,False
416981,2026-06-16 11:50:00,1,23959.7,416978,416967,416973,2,0.9327272727265863,True
416994,2026-06-16 12:03:00,-1,23933.8,416993,416970,416988,0,-0.7678787878787412,False
417011,2026-06-16 12:20:00,-1,23929.0,416999,416881,416994,2,-1.9200000000002297,True
417073,2026-06-16 13:22:00,1,23970.0,416961,416947,416956,9,-0.18848484848563796,False
417119,2026-06-16 14:08:00,1,23998.0,417116,417088,417111,2,1.1169696969692322,True
417120,2026-06-16 14:09:00,1,23999.0,416614,416586,416609,10,1.1109090909087997,True
417120,2026-06-16 14:09:00,1,23999.0,416932,416920,416927,7,1.1109090909087997,True
417121,2026-06-16 14:10:00,1,24000.0,416580,416565,416575,17,1.5939393939397846,True
417154,2026-06-16 14:43:00,-1,23990.1,417145,417132,417140,0,-0.7351515151504401,False
417201,2026-06-17 09:15:00,1,24015.0,417150,417138,417145,1,1.9266666666666439,True
417257,2026-06-17 10:11:00,1,24080.0,417245,417232,417240,2,2.150303030302987,True
417338,2026-06-17 11:32:00,1,24098.0,417306,417291,417301,0,1.0418181818188652,False
417422,2026-06-17 12:56:00,-1,24038.0,417409,417393,417404,1,-2.0903030303031422,True
417461,2026-06-17 13:35:00,1,24069.6,417417,417386,417412,1,0.9072727272728826,True
417511,2026-06-17 14:25:00,-1,24043.0,417483,417455,417478,10,-0.07333333333357103,True
417512,2026-06-17 14:26:00,-1,24040.0,417509,417497,417504,1,-0.7066666666654354,True
417543,2026-06-17 14:57:00,1,24064.0,417537,417500,417532,3,0.2393939393945247,True
417832,2026-06-18 13:31:00,1,24145.6,417821,417809,417816,0,1.2733333333334589,False
417833,2026-06-18 13:32:00,1,24148.0,417776,417633,417771,2,2.4763636363629224,True
417923,2026-06-18 15:02:00,1,24153.9,417838,417616,417833,1,3.7090909090922897,True
417951,2026-06-19 09:15:00,-1,24024.0,417521,417441,417516,0,-8.421212121212944,False
417961,2026-06-19 09:25:00,-1,23991.0,417213,417189,417208,1,-1.0387878787881846,True
418159,2026-06-19 12:43:00,-1,23980.0,418058,417962,418053,5,-1.8266666666659195,True
418159,2026-06-19 12:43:00,-1,23980.0,418116,418062,418111,0,-1.8266666666659195,False
418176,2026-06-19 13:00:00,-1,23970.4,417161,417105,417156,3,-1.336969696970469,True
418206,2026-06-19 13:30:00,1,23978.1,418196,418185,418191,0,1.0090909090913371,False
418299,2026-06-19 15:03:00,1,24046.0,418278,418251,418273,1,6.769090909091548,True
418371,2026-06-22 10:00:00,1,24150.3,418340,418329,418335,1,1.7115151515162084,True
418427,2026-06-22 10:56:00,1,24170.0,418406,418381,418401,17,0.5454545454547365,True
418488,2026-06-22 11:57:00,-1,24155.7,418458,418420,418453,4,-1.0436363636355266,True
418504,2026-06-22 12:13:00,-1,24146.6,418502,418406,418497,1,-0.4969696969697388,True
418538,2026-06-22 12:47:00,-1,24142.3,418524,418507,418519,7,-0.6315151515140982,True
418561,2026-06-22 13:10:00,-1,24140.0,418543,418376,418538,3,-0.9551515151515622,True
418605,2026-06-22 13:54:00,1,24152.8,418591,418579,418586,2,0.5987878787877632,True
418608,2026-06-22 13:57:00,1,24158.4,418573,418543,418568,0,1.2521212121220668,False
418639,2026-06-22 14:28:00,1,24162.3,418614,418514,418609,0,0.8987878787877257,False
418661,2026-06-22 14:50:00,1,24165.0,418654,418641,418649,3,0.7660606060611551,True
418677,2026-06-22 15:06:00,-1,24130.0,418597,418562,418592,3,-2.6303030303027857,True
418677,2026-06-22 15:06:00,-1,24132.0,418676,418627,418671,0,-2.6303030303027857,False
418926,2026-06-23 13:00:00,-1,23952.0,418186,417071,418181,11,-0.32545454545361446,True
418927,2026-06-23 13:01:00,-1,23949.0,418893,418295,418888,1,-1.2066666666664936,True
419028,2026-06-23 14:42:00,1,23946.0,419018,419004,419013,0,-0.37636363636342607,False
419046,2026-06-23 15:00:00,-1,23885.0,418983,418961,418978,0,0.8642424242426209,False
419046,2026-06-23 15:00:00,-1,23920.0,419042,419023,419037,0,0.8642424242426209,False
419124,2026-06-24 10:03:00,1,23899.0,419096,419052,419091,3,7.667272727274531,True
419222,2026-06-24 11:41:00,1,23999.9,419196,418905,419191,3,2.9727272727274214,True
419297,2026-06-24 12:56:00,1,24025.4,419242,419226,419237,4,2.0000000000015703,True
419433,2026-06-24 15:12:00,-1,24043.9,419413,419399,419408,9,-1.4678787878781079,True
419451,2026-06-25 09:15:00,1,24084.0,419422,419405,419417,1,4.870303030302444,True
419458,2026-06-25 09:22:00,1,24150.0,419456,418824,419451,1,8.520606060605425,True
419461,2026-06-25 09:25:00,1,24155.5,418761,418746,418756,5,4.110303030304479,True
419485,2026-06-25 09:49:00,1,24168.9,418676,418661,418671,6,4.0387878787872,True
419604,2026-06-25 11:48:00,1,24215.0,419584,419573,419579,1,0.6393939393938965,True
419691,2026-06-25 13:15:00,-1,24190.0,419593,419550,419588,2,-2.383636363635085,True
419746,2026-06-25 14:10:00,-1,24180.0,419696,419535,419691,1,-0.5163636363636285,True
419833,2026-06-29 09:22:00,1,24116.0,419832,419803,419827,0,2.8563636363634477,False
419837,2026-06-29 09:26:00,-1,24080.7,419803,419780,419798,2,-1.7212121212125053,True
419895,2026-06-29 10:24:00,1,24105.0,419877,419859,419872,1,3.470303030303301,True
419964,2026-06-29 11:33:00,-1,24060.5,419929,419886,419924,1,-2.1569696969695804,True
419985,2026-06-29 11:54:00,-1,24027.9,419852,419435,419847,3,-1.9987878787867073,True
420008,2026-06-29 12:17:00,-1,24009.0,419991,419306,419986,5,-2.777575757576097,True
420101,2026-06-29 13:50:00,-1,23958.3,420075,420054,420070,5,-1.7278787878774156,True
420101,2026-06-29 13:50:00,-1,23959.0,420100,420086,420095,0,-1.7278787878774156,False
420131,2026-06-29 14:20:00,1,23990.0,420124,420111,420119,1,-0.38000000000029005,False
420171,2026-06-29 15:00:00,1,24000.0,420137,420084,420132,3,-3.7351515151518266,False
420207,2026-06-30 09:21:00,-1,23945.1,419170,419158,419165,11,-4.843030303029176,True
420207,2026-06-30 09:21:00,-1,23947.0,420107,420024,420102,7,-4.843030303029176,True
420280,2026-06-30 10:34:00,1,23915.5,420277,420265,420272,1,-1.0660606060604116,False
420305,2026-06-30 10:59:00,-1,23891.0,420292,420277,420287,0,-4.664242424242644,False
420384,2026-06-30 12:18:00,-1,23926.9,420357,420341,420352,1,0.22242424242400355,False
420489,2026-06-30 14:03:00,-1,23920.0,420452,420398,420447,0,-2.8909090909083295,False
420504,2026-06-30 14:18:00,-1,23881.9,420273,420256,420268,6,-0.21878787878787748,True
420511,2026-06-30 14:25:00,1,23975.0,420414,420346,420409,0,5.532121212121559,False
420511,2026-06-30 14:25:00,1,23970.0,420473,420422,420468,0,5.532121212121559,False
420546,2026-06-30 15:00:00,-1,23866.0,420509,420235,420504,0,-3.995757575757129,False
420803,2026-07-01 13:02:00,-1,24100.0,420801,420770,420796,1,-1.5242424242424588,True
420839,2026-07-01 13:38:00,1,24120.0,420825,420792,420820,1,2.2448484848490335,True
420901,2026-07-01 14:40:00,-1,24083.3,420839,420736,420834,2,-3.8296969696969074,True
420951,2026-07-02 09:15:00,1,24142.0,420784,420750,420779,2,4.379393939394063,True
421040,2026-07-02 10:44:00,1,24195.0,421039,421025,421034,0,1.2248484848485421,False
421133,2026-07-02 12:17:00,1,24198.0,421046,421008,421041,7,0.15030303030209904,True
421225,2026-07-02 13:49:00,-1,24210.0,421218,421206,421213,1,-1.6981818181823043,True
421257,2026-07-02 14:21:00,1,24230.0,421207,421155,421202,9,0.44606060606171727,True
421274,2026-07-02 14:38:00,1,24247.0,421264,420978,421259,1,0.4296969696969989,True
421326,2026-07-03 09:15:00,1,24282.0,421300,421284,421295,0,7.199393939393275,False
421432,2026-07-03 11:01:00,1,24424.2,421425,421404,421420,5,0.5866666666666854,True
421445,2026-07-03 11:14:00,-1,24400.0,421393,421375,421388,1,-2.6933333333333853,True
421701,2026-07-06 09:15:00,1,24371.5,421623,421606,421618,1,-0.8757575757568891,False
421701,2026-07-06 09:15:00,1,24367.5,421678,421645,421673,0,-0.8757575757568891,False
421724,2026-07-06 09:38:00,1,24435.9,421546,421529,421541,3,2.9242424242435088,True
421732,2026-07-06 09:46:00,1,24442.6,421727,421517,421722,0,0.32787878787922664,False
421766,2026-07-06 10:20:00,1,24452.9,421753,421738,421748,0,1.3466666666667642,False
421866,2026-07-06 12:00:00,1,24480.5,421837,421807,421832,0,1.3806060606063466,False
421975,2026-07-06 13:49:00,-1,24491.0,421965,421952,421960,3,-1.7175757575756057,True
421980,2026-07-06 13:54:00,-1,24477.6,421883,421872,421878,1,-1.4060606060599052,True
422030,2026-07-06 14:44:00,-1,24460.0,422007,421859,422002,8,-1.792727272726911,True
422119,2026-07-07 09:58:00,1,24510.0,421946,421901,421941,21,0.4987878787885363,True
422122,2026-07-07 10:01:00,1,24515.0,422086,421964,422081,4,1.523030303030238,True
422161,2026-07-07 10:40:00,-1,24521.2,422158,422136,422153,0,-0.05333333333386112,False
422257,2026-07-07 12:16:00,-1,24541.0,422228,422200,422223,3,-1.6103030303024304,True
422274,2026-07-07 12:33:00,-1,24505.0,422183,422166,422178,1,-2.0472727272722633,True
422312,2026-07-07 13:11:00,-1,24491.0,422285,422109,422280,3,-1.2709090909087837,True
422422,2026-07-07 15:01:00,-1,24481.0,422391,422350,422386,1,-1.488484848484388,True
422423,2026-07-07 15:02:00,-1,24469.8,422327,422088,422322,0,-2.795151515151047,False
422431,2026-07-07 15:10:00,-1,24451.0,422428,422045,422423,1,-2.7884848484837237,True
422451,2026-07-08 09:15:00,-1,24325.1,421675,421657,421670,0,-8.041818181818032,False
422630,2026-07-08 12:14:00,-1,24251.6,422526,422511,422521,0,-1.5521212121196326,False
422678,2026-07-08 13:02:00,1,24265.0,422676,422635,422671,1,1.3581818181814655,True
422912,2026-07-09 10:41:00,1,24107.0,422878,422859,422873,2,-0.8896969696964275,False
422931,2026-07-09 11:00:00,-1,24042.9,422929,422844,422924,0,-1.204848484848672,False
423025,2026-07-09 12:34:00,-1,24101.0,423016,423003,423011,1,-1.1272727272722571,True
423027,2026-07-09 12:36:00,-1,24085.0,422989,422978,422984,1,-2.4709090909083637,True
423067,2026-07-09 13:16:00,1,24100.0,423061,423047,423056,1,2.3836363636361604,True
423121,2026-07-09 14:10:00,-1,24070.0,423063,423051,423058,0,-1.449090909090469,False
423143,2026-07-09 14:32:00,1,24099.0,423141,423126,423136,1,1.4254545454550251,True
423201,2026-07-10 09:15:00,1,24124.0,423023,422996,423018,3,8.432727272727789,True
423219,2026-07-10 09:33:00,1,24218.9,423216,423203,423211,2,0.6563636363637066,True
423354,2026-07-10 11:48:00,1,24215.0,423335,423324,423330,1,1.1800000000013204,True
423359,2026-07-10 11:53:00,-1,24191.0,423352,423335,423347,0,1.6787878787878718,False
423428,2026-07-10 13:02:00,1,24236.0,423424,423411,423419,0,-1.0315151515145462,False
423467,2026-07-10 13:41:00,1,24240.0,423435,423299,423430,1,3.4163636363642085,True
423534,2026-07-10 14:48:00,1,24250.0,423261,423246,423256,1,0.4430303030310797,True
423534,2026-07-10 14:48:00,1,24245.0,423472,423268,423467,11,0.4430303030310797,True
423576,2026-07-13 09:15:00,-1,24186.7,423387,423359,423382,0,-8.907878787877586,False
423576,2026-07-13 09:15:00,-1,24225.0,423567,423552,423562,0,-8.907878787877586,False
423692,2026-07-13 11:11:00,1,24177.9,423661,423650,423656,0,3.0703030303031356,False
423748,2026-07-13 12:07:00,1,24172.0,423737,423704,423732,2,2.299393939394437,True
423792,2026-07-13 12:51:00,1,24250.0,423791,423573,423786,0,0.1745454545461114,False
423793,2026-07-13 12:52:00,1,24260.0,423562,423546,423557,1,1.4133333333332756,True
423830,2026-07-13 13:29:00,-1,24200.0,423776,423765,423771,1,-4.054545454545485,True
423951,2026-07-14 09:15:00,-1,24141.0,423732,423700,423727,0,-6.53696969697003,False
423951,2026-07-14 09:15:00,-1,24234.3,423926,423898,423921,9,-6.53696969697003,True
424014,2026-07-14 10:18:00,-1,24060.0,423998,423984,423993,0,-3.1387878787866192,False
424069,2026-07-14 11:13:00,1,24132.0,424065,424053,424060,1,-0.020606060604943008,False
424093,2026-07-14 11:37:00,-1,24111.8,424081,424066,424076,1,-1.995757575757254,True
424197,2026-07-14 13:21:00,1,24075.0,424165,424152,424160,16,0.787878787877977,True
424214,2026-07-14 13:38:00,-1,24044.6,424182,424145,424177,1,-2.9690909090905704,True
424259,2026-07-14 14:23:00,-1,24032.7,424243,424228,424238,7,-1.2224242424229192,True
424326,2026-07-15 09:15:00,1,24080.0,424187,424167,424182,7,2.4587878787881485,True
424326,2026-07-15 09:15:00,1,24080.3,424211,424199,424206,0,2.4587878787881485,False
424326,2026-07-15 09:15:00,1,24055.0,424245,424232,424240,0,2.4587878787881485,False
424326,2026-07-15 09:15:00,1,24047.4,424302,424271,424297,1,2.4587878787881485,True
424388,2026-07-15 10:17:00,1,24211.0,424372,424356,424367,5,1.4430303030306764,True
424444,2026-07-15 11:13:00,-1,24180.0,424440,424373,424435,0,0.17515151515116126,False
424521,2026-07-15 12:30:00,-1,24173.4,424507,424495,424502,4,-1.3060606060605138,True
424525,2026-07-15 12:34:00,-1,24166.0,424487,424445,424482,5,-1.8575757575759428,True
424619,2026-07-15 14:08:00,1,24085.0,424616,424570,424611,0,0.08606060606096354,False
424650,2026-07-15 14:39:00,1,24098.0,424632,424620,424627,0,2.6587878787877886,False
424773,2026-07-16 10:27:00,-1,24133.3,424763,424739,424758,1,-1.2551515151511818,True
424803,2026-07-16 10:57:00,1,24195.6,424516,424488,424511,1,2.15575757575825,True
424843,2026-07-16 11:37:00,-1,24172.1,424841,424823,424836,0,0.9545454545458725,False
424916,2026-07-16 12:50:00,-1,24150.1,424894,424880,424889,8,-1.2369696969694666,True
424951,2026-07-16 13:25:00,-1,24121.9,424779,424722,424774,4,-0.08363636363802526,True
424951,2026-07-16 13:25:00,-1,24125.0,424947,424926,424942,0,-0.08363636363802526,False
425042,2026-07-16 14:56:00,1,24114.9,425035,425018,425030,3,0.40424242424313506,True
425049,2026-07-16 15:03:00,-1,24090.0,425016,424996,425011,2,-0.678181818180303,True
425107,2026-07-17 09:46:00,1,24220.0,424813,424466,424808,1,1.8224242424245882,True
425139,2026-07-17 10:18:00,1,24229.9,425113,424390,425108,3,3.50666666666672,True
425189,2026-07-17 11:08:00,-1,24221.1,425188,425173,425183,0,1.02424242424297,False
425268,2026-07-17 12:27:00,1,24255.0,425256,425245,425251,7,1.1090909090921697,True
425290,2026-07-17 12:49:00,1,24260.0,425240,425163,425235,7,2.34666666666646,True
425325,2026-07-17 13:24:00,-1,24233.0,425263,425249,425258,6,-0.4696969696969221,True
425325,2026-07-17 13:24:00,-1,24231.8,425300,425282,425295,0,-0.4696969696969221,False
425350,2026-07-17 13:49:00,-1,24206.5,425212,425189,425207,2,-1.7999999999995113,True
425376,2026-07-17 14:15:00,1,24275.0,425295,425153,425290,0,4.504242424243311,False
425444,2026-07-17 15:23:00,1,24325.0,425438,425422,425433,1,1.28181818181865,True
425464,2026-07-20 09:28:00,-1,24180.0,425357,425093,425352,4,-2.583030303029457,True
425633,2026-07-20 12:17:00,1,24179.1,425632,425615,425627,0,2.1509090909094475,False
425663,2026-07-20 12:47:00,-1,24150.0,425650,425620,425645,6,-0.2272727272721938,True
425689,2026-07-20 13:13:00,1,24189.0,425681,425633,425676,1,0.5381818181813847,True
425690,2026-07-20 13:14:00,1,24212.6,425570,425557,425565,0,1.4751515151522177,False
425690,2026-07-20 13:14:00,1,24199.0,425599,425584,425594,1,1.4751515151522177,True
425836,2026-07-21 09:25:00,-1,24237.0,425723,425708,425718,3,-1.2587878787888978,True
425836,2026-07-21 09:25:00,-1,24241.0,425778,425729,425773,6,-1.2587878787888978,True
425859,2026-07-21 09:48:00,-1,24218.0,425851,425836,425846,3,-0.5206060606064213,True
425893,2026-07-21 10:22:00,-1,24205.6,425891,425826,425886,1,-1.3824242424241016,True
425921,2026-07-21 10:50:00,-1,24171.0,425916,425685,425911,1,-1.1096969696961516,True
426043,2026-07-21 12:52:00,-1,24171.0,426024,426008,426019,8,-0.20242424242306065,True
426048,2026-07-21 12:57:00,-1,24168.2,425966,425954,425961,21,-0.006060606059964691,True
426049,2026-07-21 12:58:00,-1,24163.0,425979,425922,425974,5,-0.28060606060569404,True
426128,2026-07-21 14:17:00,-1,24161.1,426127,426111,426122,0,-1.0272727272724513,False
426171,2026-07-21 15:00:00,1,24181.0,426138,426113,426133,8,0.6993939393945643,True
426201,2026-07-22 09:15:00,-1,24085.0,425081,425050,425076,0,-2.986060606059435,False
426201,2026-07-22 09:15:00,-1,24150.0,426153,426067,426148,0,-2.986060606059435,False
426385,2026-07-22 12:19:00,-1,23975.2,426373,426291,426368,2,-0.7242424242419072,True
426458,2026-07-22 13:32:00,1,23981.0,426448,426436,426443,0,1.4521212121213896,False
426555,2026-07-22 15:09:00,1,23984.0,426528,426503,426523,5,1.5678787878788163,True
426576,2026-07-23 09:15:00,-1,23949.1,426403,426386,426398,5,-5.409090909090157,True
426576,2026-07-23 09:15:00,-1,23955.0,426503,426453,426498,3,-5.409090909090157,True
426576,2026-07-23 09:15:00,-1,23958.0,426550,426531,426545,0,-5.409090909090157,False
426670,2026-07-23 10:49:00,1,23984.9,426654,426631,426649,2,0.38121212121176884,True
426733,2026-07-23 11:52:00,-1,23936.0,426723,426711,426718,1,-1.0787878787875347,True
426764,2026-07-23 12:23:00,-1,23925.0,426761,426734,426756,2,-0.5509090909081621,True
426806,2026-07-23 13:05:00,-1,23835.0,426798,426787,426793,3,-1.8539393939387332,True
426866,2026-07-23 14:05:00,1,23860.0,426802,426789,426797,20,0.1593939393944428,True
427099,2026-07-24 11:43:00,1,23705.0,427084,426993,427079,0,2.385454545454589,False
427326,2026-07-27 09:15:00,1,23957.8,426756,426726,426751,0,7.495757575757871,False
427349,2026-07-27 09:38:00,1,23967.5,427342,426742,427337,0,0.9303030303027157,False
427379,2026-07-27 10:08:00,-1,23931.0,427373,427336,427368,4,-0.8151515151504337,True
427406,2026-07-27 10:35:00,-1,23923.0,427402,427380,427397,2,0.42787878787907063,False
427457,2026-07-27 11:26:00,1,23975.0,427362,427326,427357,1,2.490303030302426,True
427531,2026-07-27 12:40:00,-1,23960.0,427507,427496,427502,1,-1.1557575757573213,True
427566,2026-07-27 13:15:00,1,23989.0,427492,427469,427487,0,-0.16363636363624928,False
427636,2026-07-27 14:25:00,1,24015.0,427631,427620,427626,1,0.7799999999999349,True
427672,2026-07-27 15:01:00,1,24025.3,427668,427653,427663,0,-0.15151515151521242,False
427694,2026-07-27 15:23:00,1,24035.0,427686,427636,427681,2,1.5200000000001073,True
427748,2026-07-28 10:02:00,-1,23990.1,427743,427719,427738,0,-0.8163636363628721,False
427851,2026-07-28 11:45:00,1,24032.1,427828,427801,427823,0,2.6375757575759224,False
428046,2026-07-28 15:00:00,-1,23962.3,427947,427756,427942,0,-0.44181818181787175,False
428046,2026-07-28 15:00:00,-1,23975.0,427972,427956,427967,12,-0.44181818181787175,True
428046,2026-07-28 15:00:00,-1,23972.3,428025,427975,428020,0,-0.44181818181787175,False
428129,2026-07-29 10:08:00,1,24290.0,428116,428101,428111,1,3.1490909090897885,True
428144,2026-07-29 10:23:00,1,24295.0,428142,428129,428137,1,1.0218181818186103,True
428249,2026-07-29 12:08:00,1,24307.9,428235,428208,428230,2,1.0721212121208052,True
428290,2026-07-29 12:49:00,-1,24276.8,428186,428169,428181,0,-2.130909090909956,False
428309,2026-07-29 13:08:00,1,24307.3,428287,428264,428282,2,2.3515151515149624,True
428427,2026-07-29 15:06:00,-1,24320.0,428404,428368,428399,4,-1.7618181818190652,True
428448,2026-07-29 15:27:00,-1,24301.8,428445,428359,428440,0,-0.003636363636687324,False
428647,2026-07-30 12:31:00,1,24330.0,428507,428496,428502,10,0.6424242424244015,True
428647,2026-07-30 12:31:00,1,24330.0,428596,428583,428591,0,0.6424242424244015,False
428647,2026-07-30 12:31:00,1,24317.1,428643,428624,428638,2,0.6424242424244015,True
428648,2026-07-30 12:32:00,1,24335.0,428492,428468,428487,1,2.3933333333342426,True
428801,2026-07-30 15:05:00,1,24367.1,428723,428671,428718,0,1.1696969696962243,False
428886,2026-07-31 10:15:00,-1,24398.1,428884,428863,428879,0,0.688484848485162,False
428910,2026-07-31 10:39:00,1,24419.0,428906,428868,428901,1,-0.15151515151477216,False
428946,2026-07-31 11:15:00,1,24425.0,428916,428861,428911,4,0.40909090909106066,True
429004,2026-07-31 12:13:00,1,24439.9,428839,428826,428834,3,1.2260606060608357,True
429056,2026-07-31 13:05:00,1,24480.0,429053,429040,429048,1,0.05212121212088775,True
429145,2026-07-31 14:34:00,-1,24458.0,429097,429084,429092,1,-2.3648484848487166,True
429145,2026-07-31 14:34:00,-1,24460.0,429123,429044,429118,3,-2.3648484848487166,True
429196,2026-07-31 15:25:00,-1,24443.1,429174,429154,429169,0,0.12121212121204615,False
429201,2026-08-03 09:15:00,1,24464.9,429165,429149,429160,9,5.703636363635518,True
429201,2026-08-03 09:15:00,1,24464.7,429184,429172,429179,2,5.703636363635518,True
429228,2026-08-03 09:42:00,1,24635.0,429226,429203,429221,1,1.3921212121206903,True
429338,2026-08-03 11:32:00,-1,24667.0,429333,429321,429328,3,-0.6496969696958939,True
429356,2026-08-03 11:50:00,1,24675.9,429354,429331,429349,0,-0.1818181818182861,False
429414,2026-08-03 12:48:00,-1,24639.6,429260,429248,429255,1,0.0024242424258820307,False
429462,2026-08-03 13:36:00,1,24655.0,429458,429419,429453,3,0.8563636363631958,True
429505,2026-08-03 14:19:00,-1,24641.0,429494,429479,429489,2,-0.6745454545453445,True
429555,2026-08-03 15:09:00,-1,24631.0,429445,429432,429440,3,-2.7818181818172643,True
429580,2026-08-04 09:19:00,1,24663.0,429531,429463,429526,9,2.9078787878785346,True
429609,2026-08-04 09:48:00,1,24689.2,429396,429383,429391,1,2.7078787878798294,True
429677,2026-08-04 10:56:00,-1,24639.3,429674,429594,429669,0,1.1696969696972448,False
429695,2026-08-04 11:14:00,1,24654.9,429687,429674,429682,7,0.4490909090911898,True
429719,2026-08-04 11:38:00,-1,24624.5,429682,429555,429677,4,-1.6951515151505534,True
429879,2026-08-04 14:18:00,1,24535.0,429878,429842,429873,0,1.6133333333344102,False
429935,2026-08-04 15:14:00,1,24549.9,429887,429826,429882,7,2.0193939393935936,True
429951,2026-08-05 09:15:00,1,24569.9,429941,429788,429936,3,8.253333333332826,True
429990,2026-08-05 09:54:00,-1,24687.0,429979,429967,429974,2,-2.0860606060602755,True
430147,2026-08-05 12:31:00,-1,24640.0,430119,430028,430114,5,-0.9278787878777883,True
430210,2026-08-05 13:34:00,-1,24599.0,430206,430190,430201,3,-0.5036363636354051,True
430303,2026-08-05 15:07:00,1,24624.9,430203,430156,430198,4,1.4284848484856383,True
430409,2026-08-06 10:38:00,1,24728.7,430401,430384,430396,4,0.13212121212096956,True
430614,2026-08-06 14:03:00,1,24732.4,430576,430563,430571,5,1.4860606060606583,True
430615,2026-08-06 14:04:00,1,24735.4,430562,430537,430557,2,2.047272727273203,True
430618,2026-08-06 14:07:00,1,24740.0,430531,430509,430526,3,3.0581818181814575,True
430674,2026-08-06 15:03:00,-1,24725.1,430671,430657,430666,0,0.7648484848482521,False
430701,2026-08-07 09:15:00,-1,24692.0,430607,430375,430602,0,-3.7206060606060776,False
430741,2026-08-07 09:55:00,1,24698.0,430736,430710,430731,4,2.059393939395011,True
430801,2026-08-07 10:55:00,1,24658.0,430798,430785,430793,2,0.47090909090894517,True
430809,2026-08-07 11:03:00,-1,24640.0,430795,430776,430790,2,-1.3775757575772407,True
430874,2026-08-07 12:08:00,-1,24627.1,430864,430825,430859,2,-0.5618181818174347,True
430902,2026-08-07 12:36:00,1,24640.0,430898,430865,430893,2,0.5490909090906527,True
430992,2026-08-07 14:06:00,-1,24615.0,430951,430882,430946,1,-0.8060606060607344,True
431080,2026-08-10 09:19:00,1,24663.7,431066,430851,431061,1,-1.9957575757590424,False
431092,2026-08-10 09:31:00,-1,24624.0,431081,431040,431076,1,-4.674545454544359,True
431096,2026-08-10 09:35:00,-1,24611.0,431032,431018,431027,0,-3.215151515151609,False
431246,2026-08-10 12:05:00,1,24679.0,431235,431219,431230,4,0.4933333333340277,True
431257,2026-08-10 12:16:00,1,24690.0,431216,431167,431211,1,1.7872727272727016,True
431344,2026-08-10 13:43:00,1,24684.3,431311,431292,431306,4,0.07757575757643478,True
431359,2026-08-10 13:58:00,-1,24675.1,431354,431341,431349,1,-1.332727272727886,True
431395,2026-08-10 14:34:00,-1,24655.1,431321,431227,431316,2,-1.2939393939386448,True
431451,2026-08-11 09:15:00,-1,24646.0,431436,431423,431431,0,-1.9260606060599206,False
431452,2026-08-11 09:16:00,-1,24600.0,431137,431098,431132,1,-4.978181818181292,True
431596,2026-08-11 11:40:00,1,24525.0,431584,431572,431579,2,0.6284848484852544,True
431661,2026-08-11 12:45:00,1,24533.3,431658,431629,431653,2,0.5060606060612735,True
431703,2026-08-11 13:27:00,1,24550.5,431691,431551,431686,0,0.7703030303032931,False
431741,2026-08-11 14:05:00,-1,24530.1,431739,431693,431734,1,-1.072727272727057,True
431779,2026-08-11 14:43:00,-1,24530.0,431774,431756,431769,4,0.07818181818257824,False
431794,2026-08-11 14:58:00,1,24549.0,431758,431719,431753,5,1.0393939393932723,True
431796,2026-08-11 15:00:00,1,24559.4,431513,431499,431508,4,1.208484848484919,True
431796,2026-08-11 15:00:00,1,24558.5,431539,431528,431534,0,1.208484848484919,False
431827,2026-08-12 09:16:00,-1,24510.0,431588,431566,431583,15,0.033333333333222186,False
431827,2026-08-12 09:16:00,-1,24510.0,431637,431619,431632,2,0.033333333333222186,False
431827,2026-08-12 09:16:00,-1,24525.1,431783,431742,431778,1,0.033333333333222186,False
431918,2026-08-12 10:47:00,-1,24435.3,431891,431874,431886,0,-2.2315151515155978,False
431970,2026-08-12 11:39:00,-1,24379.0,431966,431936,431961,0,0.11636363636404369,False
432005,2026-08-12 12:14:00,-1,24366.8,431991,431971,431986,1,-1.2163636363639436,True
432023,2026-08-12 12:32:00,1,24384.0,432014,431998,432009,6,0.39030303030300934,True
432030,2026-08-12 12:39:00,1,24394.9,431983,431966,431978,5,1.0872727272730678,True
432071,2026-08-12 13:20:00,1,24398.5,432038,432025,432033,2,1.8733333333334443,True
432368,2026-08-13 12:02:00,1,24490.8,432171,431865,432166,2,4.8763636363631875,True
432463,2026-08-13 13:37:00,1,24470.6,432434,432421,432429,4,-0.1399999999991077,False
432463,2026-08-13 13:37:00,1,24469.0,432459,432444,432454,0,-0.1399999999991077,False
432480,2026-08-13 13:54:00,1,24490.0,432412,432392,432407,2,0.3212121212120848,True
432576,2026-08-14 09:15:00,-1,24452.0,432447,432417,432442,2,-1.0551515151504716,True
432576,2026-08-14 09:15:00,-1,24454.9,432558,432544,432553,0,-1.0551515151504716,False
432581,2026-08-14 09:20:00,-1,24390.0,432325,432313,432320,2,-9.789696969697419,True
432590,2026-08-14 09:29:00,-1,24384.0,432282,432135,432277,0,-0.5169696969698772,False
432624,2026-08-14 10:03:00,1,24414.0,432615,432600,432610,1,2.3024242424238617,True
432760,2026-08-14 12:19:00,1,24408.8,432680,432648,432675,0,1.226666666667256,False
432815,2026-08-14 13:14:00,1,24418.0,432800,432766,432795,3,0.7072727272727286,True
432844,2026-08-14 13:43:00,1,24420.9,432806,432631,432801,3,3.104242424241896,True
432861,2026-08-14 14:00:00,1,24470.0,432852,432575,432847,2,1.176969696969882,True
432900,2026-08-14 14:39:00,-1,24450.0,432881,432857,432876,16,0.4139393939398767,False
432913,2026-08-14 14:52:00,1,24459.5,432908,432896,432903,1,-0.03030303030197769,False
432951,2026-08-17 09:15:00,-1,24371.0,432053,432037,432048,13,-2.9290909090901653,True
432951,2026-08-17 09:15:00,-1,24372.0,432105,432058,432100,13,-2.9290909090901653,True
432951,2026-08-17 09:15:00,-1,24372.5,432130,432116,432125,9,-2.9290909090901653,True
432951,2026-08-17 09:15:00,-1,24374.4,432686,432654,432681,17,-2.9290909090901653,True
432951,2026-08-17 09:15:00,-1,24370.3,432698,432592,432693,2,-2.9290909090901653,True
432951,2026-08-17 09:15:00,-1,24370.0,432724,432711,432719,0,-2.9290909090901653,False
432951,2026-08-17 09:15:00,-1,24443.7,432903,432891,432898,3,-2.9290909090901653,True
432951,2026-08-17 09:15:00,-1,24444.9,432943,432928,432938,1,-2.9290909090901653,True
433088,2026-08-17 11:32:00,1,24312.0,433065,433053,433060,3,0.9854545454542725,True
433251,2026-08-17 14:15:00,-1,24403.5,433239,433185,433234,1,-1.1315151515147084,True
433284,2026-08-17 14:48:00,1,24420.5,433260,433245,433255,2,0.9860606060604071,True
433299,2026-08-17 15:03:00,1,24424.6,433296,433285,433291,1,-1.0127272727265644,False
433323,2026-08-17 15:27:00,-1,24395.3,433278,433262,433273,4,-1.4593939393936446,True
433520,2026-08-18 12:29:00,1,24259.0,433504,433482,433499,1,0.9957575757575872,True
433532,2026-08-18 12:41:00,-1,24241.0,433520,433508,433515,0,-1.2630303030310266,False
433552,2026-08-18 13:01:00,-1,24235.5,433542,433480,433537,1,-1.1648484848487475,True
433668,2026-08-18 14:57:00,1,24253.8,433621,433597,433616,6,0.24969696969738256,True
433671,2026-08-18 15:00:00,1,24257.0,433574,433546,433569,3,0.21212121212109294,True
433685,2026-08-18 15:14:00,-1,24238.0,433684,433659,433679,0,0.28545454545424004,False
433693,2026-08-18 15:22:00,-1,24229.0,433627,433610,433622,12,-1.9769696969694814,True
433693,2026-08-18 15:22:00,-1,24229.1,433690,433638,433685,2,-1.9769696969694814,True
433853,2026-08-19 11:47:00,1,24125.0,433841,433828,433836,0,1.1848484848487502,False
433930,2026-08-19 13:04:00,1,24124.1,433926,433910,433921,1,1.0327272727276475,True
433946,2026-08-19 13:20:00,-1,24103.0,433919,433899,433914,7,-1.5333333333323322,True
433988,2026-08-19 14:02:00,1,24117.0,433956,433945,433951,9,1.012121212122429,True
433994,2026-08-19 14:08:00,1,24130.0,433940,433890,433935,1,1.9709090909084364,True
434009,2026-08-19 14:23:00,-1,24099.0,433978,433961,433973,2,-2.7387878787871296,True
434076,2026-08-20 09:15:00,1,24165.0,433742,433707,433737,0,5.902424242425199,False
434076,2026-08-20 09:15:00,1,24132.9,434072,434048,434067,0,5.902424242425199,False
434117,2026-08-20 09:56:00,1,24270.0,434112,433671,434107,1,0.2842424242424076,True
434132,2026-08-20 10:11:00,1,24274.8,433411,433365,433406,3,1.3636363636372044,True
434132,2026-08-20 10:11:00,1,24274.7,434123,434096,434118,1,1.3636363636372044,True
434203,2026-08-20 11:22:00,-1,24260.0,434163,434124,434158,4,-1.0090909090906168,True
434213,2026-08-20 11:32:00,1,24279.9,434187,434171,434182,0,1.3345454545448776,False
434237,2026-08-20 11:56:00,1,24287.0,434144,433347,434139,4,-0.26424242424187083,False
434258,2026-08-20 12:17:00,1,24290.0,434246,434220,434241,2,1.2709090909088354,True
434421,2026-08-20 15:00:00,-1,24306.0,434420,434407,434415,0,-0.5890909090898153,False
434456,2026-08-21 09:20:00,-1,24289.4,434448,434432,434443,1,0.40666666666703366,False
434461,2026-08-21 09:25:00,-1,24275.3,434237,434219,434232,6,-3.7836363636362207,True
434520,2026-08-21 10:24:00,1,24294.9,434519,434508,434514,0,0.481818181818424,False
434561,2026-08-21 11:05:00,1,24310.1,434531,434434,434526,10,0.53454545454564,True
434610,2026-08-21 11:54:00,-1,24293.0,434549,434536,434544,0,0.22000000000034942,False
434658,2026-08-21 12:42:00,-1,24285.0,434638,434625,434633,2,-0.8854545454549074,True
434759,2026-08-21 14:23:00,1,24295.9,434738,434720,434733,5,0.5133333333329363,True
434824,2026-08-21 15:28:00,-1,24283.9,434798,434779,434793,14,-0.21757575757571732,True
434826,2026-08-24 09:15:00,1,24330.0,434400,434346,434395,0,1.9339393939396465,False
434826,2026-08-24 09:15:00,1,24325.5,434456,434409,434451,0,1.9339393939396465,False
434826,2026-08-24 09:15:00,1,24315.0,434591,434562,434586,0,1.9339393939396465,False
434826,2026-08-24 09:15:00,1,24299.4,434805,434786,434800,0,1.9339393939396465,False
434920,2026-08-24 10:49:00,-1,24308.0,434916,434903,434911,1,-0.6969696969701262,True
434930,2026-08-24 10:59:00,-1,24280.0,434717,434675,434712,5,-0.48181818181861225,True
434930,2026-08-24 10:59:00,-1,24275.9,434751,434658,434746,0,-0.48181818181861225,False
434935,2026-08-24 11:04:00,-1,24255.0,434475,434207,434470,1,-4.843636363636098,True
435045,2026-08-24 12:54:00,-1,24202.5,435030,434997,435025,2,-0.6993939393947377,True
435045,2026-08-24 12:54:00,-1,24202.0,435039,434989,435034,0,-0.6993939393947377,False
435139,2026-08-24 14:28:00,1,24200.0,435136,435100,435131,1,0.9036363636361152,True
435148,2026-08-24 14:37:00,1,24218.0,435033,435018,435028,1,0.9630303030303231,True
435148,2026-08-24 14:37:00,1,24215.0,435052,435036,435047,6,0.9630303030303231,True
435176,2026-08-24 15:05:00,-1,24203.1,435166,435153,435161,3,-0.029696969696220873,True
435220,2026-08-25 09:34:00,1,24214.8,435205,435183,435200,3,2.0230303030298353,True
435266,2026-08-25 10:20:00,-1,24150.3,435260,435239,435255,3,-0.7593939393948919,True
435395,2026-08-25 12:29:00,-1,24183.8,435381,435367,435376,9,-0.3200000000000322,True
435517,2026-08-25 14:31:00,1,24220.0,435147,435001,435142,5,2.037575757575506,True
435517,2026-08-25 14:31:00,1,24219.0,435179,435148,435174,3,2.037575757575506,True
435517,2026-08-25 14:31:00,1,24218.0,435225,435207,435220,0,2.037575757575506,False
435535,2026-08-25 14:49:00,1,24234.0,435532,435518,435527,1,1.1406060606069757,True
435566,2026-08-25 15:20:00,1,24275.0,435562,435548,435557,2,0.871515151515493,True
435713,2026-08-26 11:32:00,-1,24475.0,435709,435644,435704,1,-0.41515151515106885,True
435802,2026-08-26 13:01:00,-1,24444.0,435798,435782,435793,0,0.41818181818225375,False
435803,2026-08-26 13:02:00,-1,24442.0,435779,435752,435774,2,-0.567878787878523,True
435848,2026-08-26 13:47:00,-1,24426.0,435834,435818,435829,0,-1.1963636363636307,False
435874,2026-08-26 14:13:00,1,24459.9,435813,435798,435808,1,1.4103030303037984,True
435903,2026-08-26 14:42:00,1,24461.6,435897,435884,435892,4,0.7884848484855388,True
435908,2026-08-26 14:47:00,1,24464.3,435791,435778,435786,6,1.1781818181825365,True
435950,2026-08-26 15:29:00,-1,24439.3,435949,435888,435944,0,-1.8187878787871414,False
436040,2026-08-27 10:44:00,-1,24327.0,436030,436011,436025,2,-1.4060606060584981,True
436152,2026-08-27 12:36:00,1,24327.7,436148,436133,436143,2,-0.07272727272770624,False
436234,2026-08-27 13:58:00,-1,24306.8,436229,436150,436224,1,-1.583030303030469,True
436287,2026-08-27 14:51:00,-1,24321.0,436286,436269,436281,0,0.4121212121219929,False
436318,2026-08-27 15:22:00,-1,24295.0,436144,436124,436139,3,-1.7890909090902716,True
436354,2026-08-28 09:43:00,1,24338.8,436343,436296,436338,1,1.263636363637483,True
436384,2026-08-28 10:13:00,1,24350.0,436359,436266,436354,0,2.0987878787879004,False
436438,2026-08-28 11:07:00,-1,24343.0,436431,436415,436426,2,-0.2672727272723266,True
436562,2026-08-28 13:11:00,1,24278.2,436539,436524,436534,7,1.369696969697646,True
436659,2026-08-28 14:48:00,1,24300.0,436650,436591,436645,0,-1.000000000000319,False
436701,2026-08-31 09:15:00,-1,24260.0,436571,436556,436566,0,-4.592121212120125,False
436701,2026-08-31 09:15:00,-1,24278.0,436623,436602,436618,0,-4.592121212120125,False
436701,2026-08-31 09:15:00,-1,24285.0,436658,436642,436653,2,-4.592121212120125,True
436836,2026-08-31 11:30:00,1,24191.1,436833,436821,436828,1,0.49575757575812257,True
436848,2026-08-31 11:42:00,1,24208.0,436847,436720,436842,0,1.4412121212128264,False
436970,2026-08-31 13:44:00,-1,24252.0,436931,436912,436926,10,-0.6127272727272851,True
436970,2026-08-31 13:44:00,-1,24252.0,436953,436935,436948,4,-0.6127272727272851,True
437031,2026-08-31 14:45:00,1,24268.0,436893,436870,436888,14,3.1254545454539007,True
437031,2026-08-31 14:45:00,1,24268.0,436965,436920,436960,0,3.1254545454539007,False
437076,2026-09-01 09:15:00,-1,24216.1,437021,436991,437016,0,-3.7678787878783213,False
437076,2026-09-01 09:15:00,-1,24236.0,437074,437061,437069,0,-3.7678787878783213,False
437085,2026-09-01 09:24:00,-1,24175.0,437082,436797,437077,2,-1.692727272726952,True
437105,2026-09-01 09:44:00,-1,24171.0,436764,436742,436759,10,-2.8557575757581026,True
437105,2026-09-01 09:44:00,-1,24172.0,436789,436767,436784,11,-2.8557575757581026,True
437105,2026-09-01 09:44:00,-1,24171.0,437090,436818,437085,1,-2.8557575757581026,True
437136,2026-09-01 10:15:00,1,24176.0,437130,437114,437125,0,0.6163636363640376,False
437171,2026-09-01 10:50:00,1,24198.9,437163,437152,437158,2,0.81939393939404,True
437260,2026-09-01 12:19:00,-1,24254.6,437246,437231,437241,2,-2.993939393938729,True
437451,2026-09-02 09:15:00,-1,24067.0,437388,437370,437383,0,-4.40242424242309,False
437451,2026-09-02 09:15:00,-1,24074.0,437441,437401,437436,0,-4.40242424242309,False
437503,2026-09-02 10:07:00,1,23982.0,437483,437471,437478,12,1.0933333333344215,True
437516,2026-09-02 10:20:00,1,23989.8,437514,437503,437509,0,1.1351515151514624,False
437589,2026-09-02 11:33:00,-1,23959.2,437480,437467,437475,8,-0.7284848484845564,True
437589,2026-09-02 11:33:00,-1,23961.0,437586,437565,437581,2,-0.7284848484845564,True
437605,2026-09-02 11:49:00,-1,23954.3,437489,437451,437484,13,-1.0115151515139946,True
437618,2026-09-02 12:02:00,-1,23951.7,437609,437590,437604,4,-1.8230303030298156,True
437703,2026-09-02 13:27:00,1,24018.0,437682,437518,437677,12,0.8672727272735975,True
437725,2026-09-02 13:49:00,-1,24000.0,437721,437710,437716,1,-0.36181818181757774,True
437727,2026-09-02 13:51:00,-1,23990.5,437690,437662,437685,1,-1.3412121212119419,True
437743,2026-09-02 14:07:00,1,24027.0,437707,437527,437702,5,1.4036363636369373,True
437827,2026-09-03 09:16:00,1,24110.0,437421,437406,437416,2,8.956969696969237,True
438062,2026-09-03 13:11:00,1,24045.0,438034,438022,438029,9,0.9375757575761501,True
438075,2026-09-03 13:24:00,-1,24023.2,438058,438047,438053,0,-1.0703030303027892,False
438076,2026-09-03 13:25:00,-1,24021.0,438039,438027,438034,2,-1.9987878787880218,True
438084,2026-09-03 13:33:00,1,24048.0,438061,438048,438056,4,1.5248484848496127,True
438176,2026-09-03 15:05:00,-1,24009.7,438103,438076,438098,8,-1.44363636363606,True
438199,2026-09-03 15:28:00,-1,23995.0,438184,437823,438179,0,-1.7103030303016657,False
438233,2026-09-04 09:47:00,1,24050.0,438225,438201,438220,2,1.6066666666661054,True
438276,2026-09-04 10:30:00,1,24090.5,438252,437977,438247,1,1.140606060606936,True
438332,2026-09-04 11:26:00,1,24098.7,437972,437919,437967,10,1.492727272726362,True
438332,2026-09-04 11:26:00,1,24099.0,438312,438277,438307,5,1.492727272726362,True
438423,2026-09-04 12:57:00,-1,24051.7,438416,438403,438411,0,-0.2945454545460716,False
438436,2026-09-04 13:10:00,1,24070.0,438424,438395,438419,0,0.6448484848482515,False
438531,2026-09-04 14:45:00,-1,24056.9,438484,438462,438479,4,-1.8563636363637737,True
438566,2026-09-04 15:20:00,-1,24055.0,438553,438541,438548,8,0.08303030303027364,False
438585,2026-09-07 09:24:00,-1,23941.0,437625,437460,437620,6,-2.321212121211269,True
438626,2026-09-07 10:05:00,-1,23925.1,438594,438577,438589,4,0.26181818181726424,False
438734,2026-09-07 11:53:00,1,23895.9,438731,438712,438726,2,0.3036363636357885,True
438791,2026-09-07 12:50:00,-1,23875.0,438777,438722,438772,2,-1.1212121212122903,True
438827,2026-09-07 13:26:00,1,23888.0,438818,438803,438813,2,0.9551515151513612,True
438847,2026-09-07 13:46:00,1,23896.9,438844,438827,438839,2,-0.09939393939400162,False
438863,2026-09-07 14:02:00,1,23916.3,438859,438753,438854,0,0.06242424242476557,False
438930,2026-09-07 15:09:00,-1,23875.0,438911,438819,438906,11,-0.4884848484835928,True
438930,2026-09-07 15:09:00,-1,23875.0,438925,438914,438920,4,-0.4884848484835928,True
438999,2026-09-08 10:03:00,-1,23769.0,438986,438965,438981,1,-1.1018181818183699,True
439105,2026-09-08 11:49:00,-1,23765.0,439044,439001,439039,2,-0.4563636363628892,True
439105,2026-09-08 11:49:00,-1,23770.0,439103,439089,439098,1,-0.4563636363628892,True
439202,2026-09-08 13:26:00,-1,23747.0,439187,439165,439182,1,-0.9193939393924725,True
439220,2026-09-08 13:44:00,-1,23737.3,439214,439121,439209,1,-1.420606060605207,True
439316,2026-09-08 15:20:00,-1,23741.0,439298,439276,439293,0,-1.4036363636351186,False
439326,2026-09-09 09:15:00,-1,23730.3,439325,439239,439320,0,-3.726060606060241,False
439361,2026-09-09 09:50:00,-1,23605.0,439346,439334,439341,1,-3.0375757575757936,True
439369,2026-09-09 09:58:00,-1,23601.0,439366,439328,439361,2,-1.1175757575744019,True
439483,2026-09-09 11:52:00,-1,23611.0,439428,439414,439423,0,-2.7296969696974074,False
439500,2026-09-09 12:09:00,-1,23577.5,439387,439372,439382,8,-0.5600000000006677,True
439524,2026-09-09 12:33:00,1,23644.9,439462,439451,439457,6,4.578787878787565,True
439526,2026-09-09 12:35:00,1,23650.5,439481,439433,439476,2,6.078181818181831,True
439613,2026-09-09 14:02:00,1,23665.0,439600,439581,439595,2,1.2490909090909779,True
439631,2026-09-09 14:20:00,-1,23640.0,439573,439546,439568,8,-1.5321212121204915,True
439675,2026-09-09 15:04:00,-1,23576.1,439519,439492,439514,0,-2.5048484848477277,False
439754,2026-09-10 10:08:00,-1,23510.0,439723,439709,439718,6,-1.161818181816533,True
439754,2026-09-10 10:08:00,-1,23505.6,439730,439701,439725,3,-1.161818181816533,True
439801,2026-09-10 10:55:00,-1,23515.0,439780,439768,439775,1,-2.9812121212129616,True
439879,2026-09-10 12:13:00,1,23555.0,439796,439738,439791,3,0.4460606060596601,True
439922,2026-09-10 12:56:00,-1,23534.0,439910,439876,439905,0,-0.947878787878426,False
439931,2026-09-10 13:05:00,-1,23514.3,439853,439813,439848,2,-1.9490909090906812,True
439988,2026-09-10 14:02:00,-1,23506.3,439938,439802,439933,7,-0.7296969696970144,True
440190,2026-09-11 11:09:00,1,23370.0,440188,440143,440183,1,1.3648484848498963,True
440342,2026-09-11 13:41:00,-1,23380.0,440326,440312,440321,0,-1.639393939393813,False
440356,2026-09-11 13:55:00,1,23439.4,440211,440199,440206,5,2.8878787878793286,True
440356,2026-09-11 13:55:00,1,23428.0,440281,440245,440276,4,2.8878787878793286,True
440356,2026-09-11 13:55:00,1,23423.9,440338,440300,440333,1,2.8878787878793286,True
440422,2026-09-11 15:01:00,-1,23480.1,440413,440400,440408,1,-1.0448484848481372,True
440451,2026-09-15 09:15:00,1,23510.0,440441,440393,440436,0,0.2630303030310287,False
440452,2026-09-15 09:16:00,1,23519.4,440369,440037,440364,1,3.013333333332633,True
440619,2026-09-15 12:03:00,1,23388.8,440577,440558,440572,9,0.9557575757585265,True
440647,2026-09-15 12:31:00,-1,23355.0,440581,440551,440576,6,0.053939393939390644,False
440661,2026-09-15 12:45:00,-1,23351.5,440591,440566,440586,6,-1.9824242424228902,True
440688,2026-09-15 13:12:00,-1,23333.0,440684,440151,440679,2,-1.0709090909088794,True
440707,2026-09-15 13:31:00,-1,23315.0,440704,440693,440699,1,-0.3545454545454273,True
440718,2026-09-15 13:42:00,-1,23300.0,440108,440076,440103,9,-0.7975757575751804,True
440718,2026-09-15 13:42:00,-1,23300.0,440713,440109,440708,1,-0.7975757575751804,True
440734,2026-09-15 13:58:00,1,23325.0,440731,440712,440726,2,1.0430303030310168,True
440807,2026-09-15 15:11:00,1,23233.5,440802,440788,440797,4,1.591515151515675,True
440826,2026-09-16 09:15:00,1,23264.5,440780,440759,440775,0,1.7781818181821913,False
440987,2026-09-16 11:56:00,-1,23270.0,440973,440958,440968,4,-1.1284848484843337,True
441008,2026-09-16 12:17:00,1,23292.0,440986,440969,440981,0,1.1339393939391815,False
441058,2026-09-16 13:07:00,1,23319.9,441029,440947,441024,0,1.6272727272727279,False
441079,2026-09-16 13:28:00,-1,23295.0,441056,441043,441051,3,-4.7812121212113565,True
441204,2026-09-17 09:18:00,1,23295.0,441173,441129,441168,2,0.20242424242504367,True
441221,2026-09-17 09:35:00,1,23333.0,440834,440736,440829,8,5.713333333333635,True
441251,2026-09-17 10:05:00,1,23345.9,441227,441060,441222,0,2.10787878788013,False
441311,2026-09-17 11:05:00,-1,23266.0,441234,441211,441229,0,-5.325454545455091,False
441313,2026-09-17 11:07:00,-1,23259.5,441126,441110,441121,10,-6.133333333332829,True
441316,2026-09-17 11:10:00,-1,23250.0,440891,440877,440886,9,-5.867272727272774,True
441316,2026-09-17 11:10:00,-1,23250.0,441100,440994,441095,5,-5.867272727272774,True
441347,2026-09-17 11:41:00,1,23295.0,441344,441327,441339,2,1.0618181818181853,True
441373,2026-09-17 12:07:00,1,23380.0,440672,440639,440667,0,1.3206060606061707,False
441377,2026-09-17 12:11:00,1,23389.9,440610,440595,440605,10,5.497575757575761,True
441377,2026-09-17 12:11:00,1,23390.0,440638,440621,440633,4,5.497575757575761,True
441430,2026-09-17 13:04:00,-1,23376.1,441421,441382,441416,3,-0.06363636363577459,True
441576,2026-09-18 09:15:00,1,23340.0,441565,441535,441560,4,1.168484848484654,True
441661,2026-09-18 10:40:00,-1,23323.6,441653,441570,441648,3,-1.0072727272735933,True
441709,2026-09-18 11:28:00,-1,23318.1,441666,441558,441661,7,-0.035757575757869385,True
441714,2026-09-18 11:33:00,-1,23315.0,441706,441687,441701,5,0.26666666666709116,False
441727,2026-09-18 11:46:00,1,23334.5,441716,441692,441711,1,0.2630303030305112,True
441743,2026-09-18 12:02:00,1,23360.0,441638,441622,441633,4,0.7818181818183019,True
441843,2026-09-18 13:42:00,-1,23351.0,441825,441791,441820,8,-0.8048484848491115,True
441865,2026-09-18 14:04:00,1,23365.1,441863,441825,441858,1,-0.27090909090879256,False
441871,2026-09-18 14:10:00,1,23380.0,441810,441576,441805,1,2.663030303030541,True
441889,2026-09-18 14:28:00,1,23390.0,441432,441420,441427,0,0.1806060606061351,False
441919,2026-09-18 14:58:00,1,23412.0,441899,441406,441894,5,0.4454545454541856,True
441945,2026-09-18 15:24:00,-1,23372.0,441936,441888,441931,6,-1.941212121211422,True
442089,2026-09-21 11:33:00,1,23412.1,442085,442071,442080,3,1.0266666666661872,True
442108,2026-09-21 11:52:00,1,23415.0,442105,442086,442100,1,-0.2799999999989565,False
442109,2026-09-21 11:53:00,1,23418.0,441925,441389,441920,5,0.2696969696977762,True
442110,2026-09-21 11:54:00,1,23418.9,441991,441972,441986,1,0.9242424242418401,True
442183,2026-09-21 13:07:00,-1,23416.0,442169,442157,442164,6,-0.90060606060599,True
442192,2026-09-21 13:16:00,1,23429.0,442178,442167,442173,1,0.4951515151528412,True
442211,2026-09-21 13:35:00,1,23439.0,442136,442116,442131,10,0.9363636363637468,True
442325,2026-09-21 15:29:00,-1,23441.0,442313,442268,442308,9,-0.8703030303034467,True
442326,2026-09-22 09:15:00,1,23455.3,442324,442311,442319,0,0.3787878787883396,False
442401,2026-09-22 10:30:00,-1,23436.5,442343,442323,442338,0,-1.6248484848480858,False
442413,2026-09-22 10:42:00,-1,23401.3,442110,442096,442105,1,-2.660606060605619,True
442477,2026-09-22 11:46:00,-1,23375.0,442035,442023,442030,14,-1.2636363636354913,True
442477,2026-09-22 11:46:00,-1,23373.9,442426,442413,442421,5,-1.2636363636354913,True
442486,2026-09-22 11:55:00,-1,23360.0,442483,441952,442478,2,-1.0684848484841172,True
442541,2026-09-22 12:50:00,-1,23351.5,442492,441864,442487,2,-1.6272727272727232,True
442601,2026-09-22 13:50:00,-1,23335.0,441766,441750,441761,11,-2.7018181818175036,True
442605,2026-09-22 13:54:00,-1,23312.6,441719,441594,441714,1,-3.0327272727262264,True
442611,2026-09-22 14:00:00,-1,23302.0,441508,441489,441503,5,-2.9090909090915034,True
442611,2026-09-22 14:00:00,-1,23305.0,441551,441521,441546,6,-2.9090909090915034,True
442611,2026-09-22 14:00:00,-1,23303.0,442610,441514,442605,0,-2.9090909090915034,False
442625,2026-09-22 14:14:00,1,23368.3,442599,442566,442594,0,4.504242424242903,False
442705,2026-09-23 09:19:00,1,23419.0,442631,442456,442626,11,1.61272727272688,True
442763,2026-09-23 10:17:00,1,23413.0,442755,442734,442750,1,0.8551515151503728,True
442812,2026-09-23 11:06:00,1,23446.0,442808,442792,442803,0,-0.12787878787775026,False
442872,2026-09-23 12:06:00,1,23477.6,442331,442235,442326,1,3.3903030303027912,True
442872,2026-09-23 12:06:00,1,23475.0,442377,442358,442372,8,3.3903030303027912,True
442928,2026-09-23 13:02:00,1,23471.0,442914,442901,442909,2,1.2781818181819382,True
443014,2026-09-23 14:28:00,1,23475.0,443003,442929,442998,0,0.9393939393947763,False
443044,2026-09-23 14:58:00,-1,23440.0,442990,442978,442985,5,-0.6187878787879816,True
443076,2026-09-24 09:15:00,-1,23366.3,442696,442681,442691,0,-7.422424242424009,False
443076,2026-09-24 09:15:00,-1,23431.1,442815,442798,442810,8,-7.422424242424009,True
443076,2026-09-24 09:15:00,-1,23431.1,442967,442825,442962,4,-7.422424242424009,True
443138,2026-09-24 10:17:00,-1,23221.5,443121,443106,443116,0,-3.6854545454537773,False
443206,2026-09-24 11:25:00,-1,23223.1,443201,443164,443196,1,-1.0230303030306072,True
443274,2026-09-24 12:33:00,-1,23203.2,443272,443238,443267,1,-0.9430303030298156,True
443295,2026-09-24 12:54:00,-1,23190.0,443293,443276,443288,0,-0.17575757575806966,False
443434,2026-09-24 15:13:00,-1,23104.8,443427,443406,443422,3,-1.5509090909089323,True
443659,2026-09-25 12:43:00,-1,23103.0,443644,443623,443639,4,-1.4393939393929238,True
443672,2026-09-25 12:56:00,-1,23075.0,443493,443451,443488,0,-1.5375757575754838,False
443732,2026-09-25 13:56:00,1,23098.0,443728,443688,443723,0,0.2636363636365669,False
443737,2026-09-25 14:01:00,1,23150.0,443582,443509,443577,0,4.290909090910155,False
443739,2026-09-25 14:03:00,1,23216.0,443321,443282,443316,0,7.757575757575929,False
443786,2026-09-25 14:50:00,-1,23172.4,443756,443745,443751,1,-1.9606060606060325,True
