entry_i,entry_time,side,level,entry_px,stop_dist,stop_atr,exit_i,exit_time,exit_px,exit_reason,gross_pts,net,mfe,mae,retests,pressure
67,2021-10-01 10:22:00,LONG,17504.0,17504.6,11.09,1.057,73,2021-10-01 10:28:00,17493.51,stop,-11.09,-1717.46,10.55,-11.3,0,False
131,2021-10-01 11:26:00,SHORT,17504.0,17488.0,25.45,2.692,136,2021-10-01 11:31:00,17513.45,stop,-25.45,-2650.92,1.45,-26.0,1,True
221,2021-10-01 12:56:00,LONG,17486.15,17490.0,12.98,1.422,235,2021-10-01 13:10:00,17515.95,target,25.95,690.21,26.7,-7.8,3,True
266,2021-10-01 13:41:00,SHORT,17480.0,17475.3,14.03,1.504,269,2021-10-01 13:44:00,17489.33,stop,-14.03,-1908.28,1.9,-15.5,0,False
295,2021-10-01 14:10:00,LONG,17516.7,17517.55,9.5,1.098,308,2021-10-01 14:23:00,17508.05,stop,-9.5,-1614.29,15.85,-12.15,0,False
334,2021-10-01 14:49:00,SHORT,17510.0,17509.0,9.37,1.119,336,2021-10-01 14:51:00,17518.37,stop,-9.37,-1605.71,1.2,-11.8,0,False
557,2021-10-04 12:17:00,SHORT,17681.2,17678.2,10.77,1.386,564,2021-10-04 12:24:00,17656.66,target,21.54,400.92,22.55,-4.3,0,False
635,2021-10-04 13:35:00,LONG,17714.1,17715.7,8.36,1.237,639,2021-10-04 13:39:00,17707.34,stop,-8.36,-1543.81,3.5,-11.45,0,False
662,2021-10-04 14:02:00,SHORT,17703.85,17701.2,9.65,1.379,667,2021-10-04 14:07:00,17710.85,stop,-9.65,-1627.31,16.2,-10.15,0,False
865,2021-10-05 11:10:00,SHORT,17671.25,17670.4,6.32,1.156,869,2021-10-05 11:14:00,17676.72,stop,-6.32,-1410.0,0.8,-6.6,3,True
955,2021-10-05 12:40:00,LONG,17700.0,17705.9,10.83,2.197,957,2021-10-05 12:42:00,17727.56,target,21.66,407.59,31.65,0.0,0,False
960,2021-10-05 12:45:00,LONG,17745.0,17745.8,8.27,1.107,963,2021-10-05 12:48:00,17737.53,stop,-8.27,-1538.05,2.2,-10.6,0,False
1019,2021-10-05 13:44:00,LONG,17775.0,17776.65,6.97,1.31,1027,2021-10-05 13:52:00,17769.68,stop,-6.97,-1454.41,3.35,-11.05,0,False
1185,2021-10-06 10:15:00,SHORT,17810.6,17801.75,16.78,2.115,1190,2021-10-06 10:20:00,17768.18,target,33.57,1180.29,39.75,-0.75,0,False
1282,2021-10-06 11:52:00,LONG,17831.3,17833.15,7.47,1.329,1290,2021-10-06 12:00:00,17825.68,stop,-7.47,-1487.88,5.0,-8.15,0,False
1309,2021-10-06 12:19:00,LONG,17846.9,17847.0,5.63,1.018,1311,2021-10-06 12:21:00,17858.26,target,11.26,-270.77,11.8,0.0,6,False
1339,2021-10-06 12:49:00,SHORT,17806.2,17800.0,14.33,1.763,1347,2021-10-06 12:57:00,17814.33,stop,-14.33,-1933.09,8.95,-17.0,0,False
1353,2021-10-06 13:03:00,SHORT,17791.05,17790.75,8.77,1.035,1358,2021-10-06 13:08:00,17773.21,target,17.54,138.58,19.85,-6.15,1,True
1361,2021-10-06 13:11:00,SHORT,17764.0,17759.35,14.39,1.477,1363,2021-10-06 13:13:00,17773.74,stop,-14.39,-1936.27,2.35,-15.4,3,True
1408,2021-10-06 13:58:00,LONG,17730.9,17732.8,12.53,1.179,1415,2021-10-06 14:05:00,17757.86,target,25.06,628.13,26.0,-3.2,0,False
1428,2021-10-06 14:18:00,SHORT,17685.0,17683.5,13.19,1.128,1444,2021-10-06 14:34:00,17657.13,target,26.37,714.56,32.45,-8.5,0,False
1588,2021-10-07 10:43:00,LONG,17826.75,17829.2,9.56,1.344,1594,2021-10-07 10:49:00,17819.64,stop,-9.56,-1623.67,0.65,-12.4,0,False
1634,2021-10-07 11:29:00,SHORT,17811.9,17810.5,6.72,1.263,1635,2021-10-07 11:30:00,17817.22,stop,-6.72,-1438.91,7.5,-7.5,0,False
1647,2021-10-07 11:42:00,LONG,17824.45,17828.75,9.36,1.85,1650,2021-10-07 11:45:00,17847.47,target,18.72,214.52,21.15,0.0,7,False
1664,2021-10-07 11:59:00,LONG,17865.0,17867.5,9.67,1.349,1680,2021-10-07 12:15:00,17857.83,stop,-9.67,-1631.2,10.45,-10.35,3,True
1909,2021-10-08 09:49:00,LONG,17884.0,17892.4,17.36,1.938,1918,2021-10-08 09:58:00,17875.04,stop,-17.36,-2131.28,0.0,-22.4,0,False
2130,2021-10-08 13:30:00,LONG,17887.75,17902.0,22.26,2.778,2143,2021-10-08 13:43:00,17879.74,stop,-22.26,-2450.16,6.95,-26.5,1,True
2178,2021-10-08 14:18:00,LONG,17918.5,17919.35,7.89,1.121,2191,2021-10-08 14:31:00,17911.46,stop,-7.89,-1516.41,13.4,-17.2,11,True
2271,2021-10-11 09:36:00,LONG,17925.0,17926.75,10.97,1.19,2284,2021-10-11 09:49:00,17948.69,target,21.94,421.73,22.75,-7.75,3,True
2313,2021-10-11 10:18:00,LONG,17980.0,17984.95,13.04,1.612,2317,2021-10-11 10:22:00,17971.91,stop,-13.04,-1852.38,0.05,-13.8,6,True
2534,2021-10-11 13:59:00,SHORT,18020.4,18015.15,11.51,1.838,2538,2021-10-11 14:03:00,18026.66,stop,-11.51,-1753.6,10.15,-18.85,1,True
2575,2021-10-11 14:40:00,SHORT,18014.05,18007.8,12.41,2.014,2582,2021-10-11 14:47:00,18020.21,stop,-12.41,-1812.06,9.5,-17.05,3,True
2616,2021-10-11 15:21:00,SHORT,17965.5,17963.2,9.29,1.329,2620,2021-10-11 15:25:00,17971.0,eod,-7.8,-1511.46,5.05,-7.8,1,True
2755,2021-10-12 11:25:00,LONG,17919.5,17925.45,13.16,1.825,2758,2021-10-12 11:28:00,17912.29,stop,-13.16,-1859.2,1.8,-13.3,2,True
2767,2021-10-12 11:37:00,SHORT,17885.0,17883.75,8.75,1.167,2770,2021-10-12 11:40:00,17892.5,stop,-8.75,-1571.81,3.4,-11.25,6,True
2778,2021-10-12 11:48:00,SHORT,17880.7,17880.0,8.28,1.092,2785,2021-10-12 11:55:00,17863.43,target,16.57,74.0,17.4,-0.2,5,True
2882,2021-10-12 13:32:00,SHORT,17917.0,17906.3,18.88,2.308,2904,2021-10-12 13:54:00,17925.18,stop,-18.88,-2230.71,5.3,-25.5,2,True
2985,2021-10-12 15:15:00,LONG,17995.55,17998.0,8.0,1.442,2988,2021-10-12 15:18:00,18014.0,target,16.0,34.46,16.0,0.0,1,True
3031,2021-10-13 09:46:00,LONG,18085.0,18089.35,11.48,1.61,3036,2021-10-13 09:51:00,18112.31,target,22.96,485.35,30.65,-2.45,1,True
3093,2021-10-13 10:48:00,LONG,18122.85,18123.3,6.31,1.077,3098,2021-10-13 10:53:00,18116.99,stop,-6.31,-1417.34,1.7,-6.5,5,True
3108,2021-10-13 11:03:00,LONG,18125.0,18127.8,7.86,1.553,3147,2021-10-13 11:42:00,18143.52,target,15.72,14.19,16.9,-3.75,4,True
3153,2021-10-13 11:48:00,SHORT,18124.05,18117.35,11.88,2.294,3160,2021-10-13 11:55:00,18129.23,stop,-11.88,-1779.18,10.35,-12.2,0,False
3265,2021-10-13 13:40:00,LONG,18182.85,18184.45,7.34,1.279,3275,2021-10-13 13:50:00,18199.12,target,14.67,-54.81,17.45,-2.35,0,False
3353,2021-10-13 15:08:00,SHORT,18168.65,18166.2,8.99,1.375,3356,2021-10-13 15:11:00,18175.19,stop,-8.99,-1592.24,1.15,-12.9,0,False
3474,2021-10-14 10:54:00,LONG,18274.0,18277.0,7.14,1.725,3483,2021-10-14 11:03:00,18291.27,target,14.27,-82.27,15.3,-3.9,1,False
3678,2021-10-14 14:18:00,LONG,18330.0,18330.75,5.78,1.149,3687,2021-10-14 14:27:00,18324.97,stop,-5.78,-1386.2,4.25,-8.3,1,True
3843,2021-10-18 10:48:00,LONG,18495.0,18502.4,13.71,2.172,3854,2021-10-18 10:59:00,18488.69,stop,-13.71,-1904.82,7.15,-15.55,1,True
3897,2021-10-18 11:42:00,SHORT,18481.0,18478.9,7.32,1.403,3900,2021-10-18 11:45:00,18486.22,stop,-7.32,-1488.82,0.0,-7.6,6,True
3925,2021-10-18 12:10:00,LONG,18496.9,18498.5,6.47,1.329,3931,2021-10-18 12:16:00,18492.03,stop,-6.47,-1433.78,9.3,-6.5,1,True
3993,2021-10-18 13:18:00,SHORT,18495.0,18481.2,22.33,2.618,4006,2021-10-18 13:31:00,18503.53,stop,-22.33,-2464.88,9.2,-28.9,4,True
4026,2021-10-18 13:51:00,LONG,18517.4,18521.35,11.55,1.52,4062,2021-10-18 14:27:00,18509.8,stop,-11.55,-1764.74,12.75,-11.6,0,False
4063,2021-10-18 14:28:00,SHORT,18512.15,18512.0,6.11,1.025,4066,2021-10-18 14:31:00,18518.4,stop_gap,-6.4,-1429.85,0.0,-8.0,4,True
4110,2021-10-18 15:15:00,SHORT,18490.0,18488.5,6.64,1.292,4119,2021-10-18 15:24:00,18495.14,stop,-6.64,-1444.75,6.5,-6.85,3,True
4175,2021-10-19 10:05:00,SHORT,18477.0,18474.65,14.98,1.186,4176,2021-10-19 10:06:00,18489.63,stop,-14.98,-1987.0,5.5,-18.85,6,True
4252,2021-10-19 11:22:00,LONG,18544.7,18555.2,18.28,2.35,4324,2021-10-19 12:34:00,18591.76,target,36.56,1360.98,38.2,-11.9,1,True
4409,2021-10-19 13:59:00,SHORT,18567.05,18560.5,12.72,2.062,4412,2021-10-19 14:02:00,18535.06,target,25.44,638.7,33.45,-0.7,0,False
4430,2021-10-19 14:20:00,SHORT,18507.0,18495.25,22.39,2.104,4437,2021-10-19 14:27:00,18517.64,stop,-22.39,-2469.07,31.25,-24.65,0,False
4552,2021-10-20 10:07:00,LONG,18448.15,18455.0,16.83,1.686,4565,2021-10-20 10:20:00,18438.17,stop,-16.83,-2106.77,11.8,-24.0,2,True
4635,2021-10-20 11:30:00,LONG,18436.5,18436.75,7.49,1.035,4636,2021-10-20 11:31:00,18429.26,stop,-7.49,-1499.25,0.85,-15.45,3,True
4661,2021-10-20 11:56:00,SHORT,18350.0,18347.0,14.76,1.255,4662,2021-10-20 11:57:00,18361.76,stop,-14.76,-1970.14,4.5,-20.0,1,True
4740,2021-10-20 13:15:00,LONG,18370.0,18382.0,23.1,2.081,4743,2021-10-20 13:18:00,18358.9,stop,-23.1,-2513.01,3.0,-26.5,1,True
4761,2021-10-20 13:36:00,SHORT,18307.6,18304.95,13.97,1.234,4765,2021-10-20 13:40:00,18318.92,stop,-13.97,-1918.21,14.1,-23.45,4,True
4801,2021-10-20 14:16:00,SHORT,18275.25,18272.1,15.65,1.252,4835,2021-10-20 14:50:00,18287.75,stop,-15.65,-2027.16,20.95,-15.9,1,True
4926,2021-10-21 10:06:00,SHORT,18269.05,18262.0,19.09,1.585,4956,2021-10-21 10:36:00,18223.82,target,38.18,1472.57,38.25,-12.25,1,True
5129,2021-10-21 13:29:00,SHORT,18140.55,18131.0,20.94,1.839,5178,2021-10-21 14:18:00,18089.13,target,41.87,1714.61,42.7,-10.45,1,False
5215,2021-10-21 14:55:00,LONG,18171.8,18172.0,11.14,1.018,5219,2021-10-21 14:59:00,18194.29,target,22.29,440.45,31.0,-0.4,1,True
5237,2021-10-21 15:17:00,LONG,18211.95,18215.9,14.8,1.364,5245,2021-10-21 15:25:00,18225.9,eod,10.0,-358.91,14.05,-5.9,2,True
5274,2021-10-22 09:39:00,LONG,18297.55,18300.0,15.38,1.19,5282,2021-10-22 09:47:00,18284.62,stop,-15.38,-2009.47,18.0,-15.5,5,True
5382,2021-10-22 11:27:00,SHORT,18238.05,18218.45,30.53,2.793,5424,2021-10-22 12:09:00,18157.39,target,61.06,2960.56,66.45,-10.5,0,False
5472,2021-10-22 12:57:00,SHORT,18145.5,18141.0,16.87,1.364,5479,2021-10-22 13:04:00,18107.26,target,33.74,1185.77,35.95,-3.95,4,True
5560,2021-10-22 14:25:00,SHORT,18077.5,18060.9,32.24,2.061,5565,2021-10-22 14:30:00,18093.14,stop,-32.24,-3101.98,9.8,-39.35,1,True
5627,2021-10-25 09:17:00,SHORT,18130.0,18117.05,29.16,1.799,5656,2021-10-25 09:46:00,18058.72,target,58.33,2784.42,86.9,-27.95,0,False
5740,2021-10-25 11:10:00,LONG,18114.55,18122.05,19.47,1.626,5752,2021-10-25 11:22:00,18160.99,target,38.94,1523.64,43.4,-7.6,7,True
5791,2021-10-25 12:01:00,LONG,18182.65,18189.9,18.09,1.669,5795,2021-10-25 12:05:00,18226.08,target,36.18,1343.11,41.75,-0.9,1,True
5883,2021-10-25 13:33:00,SHORT,18147.25,18147.0,10.98,1.023,5885,2021-10-25 13:35:00,18157.98,stop,-10.98,-1721.52,3.35,-35.9,0,False
5886,2021-10-25 13:36:00,LONG,18198.0,18205.9,21.67,1.574,5890,2021-10-25 13:40:00,18184.23,stop,-21.67,-2416.75,0.1,-22.25,0,False
5924,2021-10-25 14:14:00,SHORT,18130.05,18118.0,24.14,1.997,5958,2021-10-25 14:48:00,18142.14,stop,-24.14,-2576.31,42.25,-36.0,0,False
6167,2021-10-26 12:02:00,LONG,18180.75,18184.3,13.67,1.351,6203,2021-10-26 12:38:00,18170.63,stop,-13.67,-1896.47,14.45,-39.35,0,False
6252,2021-10-26 13:27:00,LONG,18198.75,18204.5,14.97,1.623,6265,2021-10-26 13:40:00,18234.44,target,29.94,937.41,34.85,-5.6,0,False
6320,2021-10-26 14:35:00,LONG,18268.95,18274.7,14.05,1.692,6322,2021-10-26 14:37:00,18260.65,stop,-14.05,-1923.1,0.25,-17.65,0,False
6353,2021-10-26 15:08:00,LONG,18285.5,18287.85,10.79,1.278,6361,2021-10-26 15:16:00,18309.43,target,21.58,392.16,25.8,0.0,0,False
6459,2021-10-27 10:39:00,SHORT,18281.0,18278.8,11.48,1.237,6461,2021-10-27 10:41:00,18290.28,stop,-11.48,-1756.38,3.8,-16.85,1,True
6505,2021-10-27 11:25:00,LONG,18323.4,18333.15,16.1,2.534,6542,2021-10-27 12:02:00,18317.05,stop,-16.1,-2057.36,16.85,-20.85,1,True
6633,2021-10-27 13:33:00,LONG,18326.55,18330.0,10.15,1.515,6643,2021-10-27 13:43:00,18319.85,stop,-10.15,-1670.26,14.9,-10.95,0,False
6676,2021-10-27 14:16:00,SHORT,18299.5,18293.85,14.32,1.652,6677,2021-10-27 14:17:00,18265.21,target,28.64,851.27,32.65,-1.65,3,False
6690,2021-10-27 14:30:00,SHORT,18252.0,18238.7,27.13,1.961,6745,2021-10-27 15:25:00,18188.65,eod,50.05,2244.23,53.7,-24.85,0,False
6779,2021-10-28 09:44:00,SHORT,18081.5,18080.1,13.61,1.115,6782,2021-10-28 09:47:00,18093.71,stop,-13.61,-1891.4,3.8,-17.0,4,True
6793,2021-10-28 09:58:00,SHORT,18075.75,18074.75,12.14,1.09,6797,2021-10-28 10:02:00,18086.89,stop,-12.14,-1795.22,7.75,-12.75,0,False
6838,2021-10-28 10:43:00,SHORT,18076.5,18070.25,14.0,1.807,6843,2021-10-28 10:48:00,18042.25,target,28.0,813.62,28.2,-2.1,2,True
7006,2021-10-28 13:31:00,SHORT,18005.45,17998.0,17.27,1.758,7027,2021-10-28 13:52:00,17963.45,target,34.55,1240.55,35.95,-1.4,0,False
7187,2021-10-29 10:17:00,LONG,17899.3,17902.6,23.21,1.166,7191,2021-10-29 10:21:00,17879.39,stop,-23.21,-2511.53,6.4,-31.1,1,True
7242,2021-10-29 11:12:00,SHORT,17906.95,17885.75,35.08,2.528,7324,2021-10-29 12:34:00,17815.6,target,70.15,3556.89,78.05,-21.5,1,True
7616,2021-11-01 11:11:00,LONG,17800.0,17811.0,21.54,2.044,7622,2021-11-01 11:17:00,17789.46,stop,-21.54,-2401.46,0.0,-25.15,1,True
7638,2021-11-01 11:33:00,LONG,17812.8,17814.95,11.02,1.242,7673,2021-11-01 12:08:00,17837.0,target,22.05,431.0,27.0,-5.7,1,True
7691,2021-11-01 12:26:00,LONG,17844.0,17856.7,21.04,2.523,7711,2021-11-01 12:46:00,17835.66,stop,-21.04,-2370.01,8.3,-21.15,1,True
7714,2021-11-01 12:49:00,LONG,17867.15,17867.5,10.0,1.036,7727,2021-11-01 13:02:00,17857.5,stop,-10.0,-1652.71,12.5,-14.75,2,False
7755,2021-11-01 13:30:00,LONG,17907.25,17919.0,20.52,2.34,7761,2021-11-01 13:36:00,17960.04,target,41.04,1663.57,51.65,-0.75,0,False
7785,2021-11-01 14:00:00,LONG,18010.35,18012.75,13.98,1.207,7787,2021-11-01 14:02:00,17998.77,stop,-13.98,-1913.6,0.5,-17.3,0,False
7890,2021-11-02 09:30:00,SHORT,17991.1,17987.35,17.24,1.278,7893,2021-11-02 09:33:00,18004.59,stop,-17.24,-2125.31,0.0,-20.75,5,True
7895,2021-11-02 09:35:00,SHORT,17982.5,17963.7,33.7,2.262,7912,2021-11-02 09:52:00,17997.4,stop,-33.7,-3194.74,12.55,-34.1,2,True
7988,2021-11-02 11:08:00,LONG,17933.3,17941.05,16.39,1.896,7999,2021-11-02 11:19:00,17973.84,target,32.79,1126.79,33.75,-6.05,0,False
8009,2021-11-02 11:29:00,LONG,17976.6,17979.95,12.98,1.348,8012,2021-11-02 11:32:00,17966.97,stop,-12.98,-1848.51,6.85,-18.7,0,False
8152,2021-11-02 13:52:00,LONG,17944.1,17961.9,26.99,2.938,8156,2021-11-02 13:56:00,17934.91,stop,-26.99,-2758.11,3.1,-34.8,6,True
8158,2021-11-02 13:58:00,SHORT,17899.0,17883.75,27.93,2.203,8167,2021-11-02 14:07:00,17911.68,stop,-27.93,-2818.5,22.75,-35.85,0,False
8203,2021-11-02 14:43:00,LONG,17921.0,17923.25,11.44,1.245,8205,2021-11-02 14:45:00,17911.81,stop,-11.44,-1747.32,1.75,-11.7,0,False
8252,2021-11-03 09:17:00,LONG,17986.8,17986.9,12.0,1.008,8257,2021-11-03 09:22:00,17974.9,stop,-12.0,-1784.86,8.05,-20.7,1,True
8270,2021-11-03 09:35:00,LONG,17997.8,18002.7,15.56,1.46,8304,2021-11-03 10:09:00,17987.14,stop,-15.56,-2016.53,17.1,-18.15,2,True
8344,2021-11-03 10:49:00,SHORT,17984.1,17981.75,7.89,1.424,8346,2021-11-03 10:51:00,17989.64,stop,-7.89,-1517.39,0.75,-8.25,1,True
8370,2021-11-03 11:15:00,LONG,18004.75,18009.0,8.96,1.903,8381,2021-11-03 11:26:00,18000.04,stop,-8.96,-1587.18,3.0,-12.2,5,True
8497,2021-11-03 13:22:00,SHORT,17809.25,17805.55,14.89,1.331,8501,2021-11-03 13:26:00,17820.44,stop,-14.89,-1969.34,4.05,-28.15,0,False
8701,2021-11-08 10:31:00,LONG,17907.0,17908.5,12.2,1.14,8706,2021-11-08 10:36:00,17896.3,stop,-12.2,-1796.06,0.7,-16.5,0,False
8795,2021-11-08 12:05:00,LONG,18012.0,18020.9,20.32,1.779,8835,2021-11-08 12:45:00,18061.54,target,40.64,1635.87,49.0,-6.95,1,True
8894,2021-11-08 13:44:00,LONG,18113.9,18133.0,30.88,2.622,8965,2021-11-08 14:55:00,18102.12,stop,-30.88,-3013.85,20.0,-39.4,0,False
8993,2021-11-08 15:23:00,LONG,18133.55,18135.9,10.76,1.28,8995,2021-11-08 15:25:00,18131.65,eod,-4.25,-1283.59,3.0,-5.9,2,True
9032,2021-11-09 09:47:00,SHORT,18075.1,18074.0,13.91,1.086,9035,2021-11-09 09:50:00,18087.91,stop,-13.91,-1910.67,10.65,-19.45,1,True
9067,2021-11-09 10:22:00,SHORT,18068.1,18055.8,21.49,2.338,9083,2021-11-09 10:38:00,18077.29,stop,-21.49,-2403.22,1.8,-26.9,0,False
9216,2021-11-09 12:51:00,LONG,18071.9,18072.15,6.63,1.039,9217,2021-11-09 12:52:00,18065.52,stop,-6.63,-1437.3,0.0,-9.0,0,False
9259,2021-11-09 13:34:00,SHORT,18054.0,18034.1,30.87,2.814,9307,2021-11-09 14:22:00,18064.97,stop,-30.87,-3012.23,40.4,-42.9,1,False
9341,2021-11-09 14:56:00,SHORT,18018.3,18016.55,10.98,1.19,9343,2021-11-09 14:58:00,18027.53,stop,-10.98,-1719.19,2.8,-11.35,2,True
9365,2021-11-09 15:20:00,LONG,18077.0,18085.65,16.17,2.15,9370,2021-11-09 15:25:00,18075.0,eod,-10.65,-1698.63,4.65,-10.85,1,True
9424,2021-11-10 10:04:00,LONG,17956.55,17959.9,11.34,1.419,9465,2021-11-10 10:45:00,17948.56,stop,-11.34,-1741.39,13.6,-13.9,0,False
9496,2021-11-10 11:16:00,LONG,17973.5,17973.95,5.71,1.086,9498,2021-11-10 11:18:00,17968.24,stop,-5.71,-1375.65,0.0,-7.2,1,True
9630,2021-11-10 13:30:00,LONG,17992.45,18007.1,20.91,3.339,9640,2021-11-10 13:40:00,18048.93,target,41.83,1713.08,47.8,-2.95,0,False
9754,2021-11-11 09:19:00,SHORT,17958.4,17957.95,10.94,1.043,9761,2021-11-11 09:26:00,17936.08,target,21.87,417.52,24.65,-2.75,4,True
9797,2021-11-11 10:02:00,SHORT,17892.0,17889.0,12.15,1.328,9810,2021-11-11 10:15:00,17864.71,target,24.29,575.86,24.9,-8.05,0,False
9899,2021-11-11 11:44:00,LONG,17865.7,17867.0,7.55,1.208,9901,2021-11-11 11:46:00,17882.09,target,15.09,-21.88,18.5,-0.4,1,True
10003,2021-11-11 13:28:00,LONG,17895.0,17897.35,10.49,1.289,10006,2021-11-11 13:31:00,17886.86,stop,-10.49,-1685.02,5.55,-14.05,0,False
10029,2021-11-11 13:54:00,SHORT,17856.7,17854.35,11.91,1.246,10032,2021-11-11 13:57:00,17866.26,stop,-11.91,-1776.74,3.15,-12.65,0,False
10090,2021-11-11 14:55:00,LONG,17865.0,17865.1,9.35,1.011,10100,2021-11-11 15:05:00,17883.79,target,18.69,211.91,27.9,-4.9,3,True
10110,2021-11-11 15:15:00,LONG,17895.0,17898.0,12.02,1.333,10120,2021-11-11 15:25:00,17909.5,eod,11.5,-255.99,14.0,-3.3,0,False
10393,2021-11-12 13:43:00,LONG,18090.3,18091.0,9.0,1.084,10400,2021-11-12 13:50:00,18082.0,stop,-9.0,-1591.67,12.0,-15.5,3,True
10449,2021-11-12 14:39:00,LONG,18132.75,18138.2,13.18,1.705,10478,2021-11-12 15:08:00,18125.02,stop,-13.18,-1864.18,21.8,-13.2,0,False
10549,2021-11-15 10:04:00,SHORT,18192.0,18190.1,9.85,1.239,10554,2021-11-15 10:09:00,18199.95,stop,-9.85,-1648.82,16.0,-11.9,0,False
10649,2021-11-15 11:44:00,SHORT,18118.2,18116.25,10.39,1.231,10655,2021-11-15 11:50:00,18126.64,stop,-10.39,-1682.25,16.25,-12.0,0,False
10700,2021-11-15 12:35:00,LONG,18142.65,18143.8,8.22,1.163,10705,2021-11-15 12:40:00,18135.58,stop,-8.22,-1541.88,5.05,-8.8,0,False
10737,2021-11-15 13:12:00,SHORT,18128.1,18125.6,11.19,1.288,10738,2021-11-15 13:13:00,18103.22,target,22.38,447.68,39.35,-0.2,0,False
10794,2021-11-15 14:09:00,LONG,18150.0,18156.2,14.92,1.711,10826,2021-11-15 14:41:00,18141.28,stop,-14.92,-1977.28,14.2,-21.9,3,True
10998,2021-11-16 11:18:00,SHORT,18042.5,18041.5,8.1,1.141,11004,2021-11-16 11:24:00,18049.6,stop,-8.1,-1532.3,11.5,-11.25,3,False
11166,2021-11-16 14:06:00,SHORT,18096.6,18087.4,18.11,2.032,11180,2021-11-16 14:20:00,18051.17,target,36.23,1348.22,37.35,-7.75,1,False
11414,2021-11-17 11:59:00,SHORT,17971.5,17971.0,8.06,1.066,11416,2021-11-17 12:01:00,17979.06,stop,-8.06,-1528.57,5.45,-9.85,5,True
11464,2021-11-17 12:49:00,SHORT,17951.0,17950.0,7.91,1.145,11473,2021-11-17 12:58:00,17957.91,stop,-7.91,-1518.63,12.0,-9.95,2,True
11489,2021-11-17 13:14:00,LONG,17994.95,17996.05,9.18,1.136,11494,2021-11-17 13:19:00,17986.87,stop,-9.18,-1601.71,3.95,-9.55,0,False
11593,2021-11-17 14:58:00,SHORT,17941.45,17938.7,11.72,1.307,11607,2021-11-17 15:12:00,17915.27,target,23.43,519.12,35.8,-7.6,10,True
11734,2021-11-18 11:04:00,LONG,17784.85,17788.85,15.6,1.345,11736,2021-11-18 11:06:00,17773.25,stop,-15.6,-2015.47,0.0,-16.4,0,False
11809,2021-11-18 12:19:00,SHORT,17709.0,17707.75,10.73,1.132,11818,2021-11-18 12:28:00,17718.48,stop,-10.73,-1697.3,15.65,-11.05,1,True
11867,2021-11-18 13:17:00,LONG,17758.55,17759.95,11.43,1.14,11872,2021-11-18 13:22:00,17782.8,target,22.85,484.06,24.05,-0.95,2,True
11918,2021-11-18 14:08:00,SHORT,17786.4,17786.15,11.55,1.022,11921,2021-11-18 14:11:00,17797.7,stop,-11.55,-1752.42,2.15,-16.8,0,False
11944,2021-11-18 14:34:00,SHORT,17773.15,17773.0,11.39,1.013,11951,2021-11-18 14:41:00,17786.75,stop_gap,-13.75,-1894.98,11.75,-13.75,0,False
11963,2021-11-18 14:53:00,LONG,17824.85,17825.4,11.58,1.05,11968,2021-11-18 14:58:00,17848.57,target,23.17,503.62,24.6,-2.55,0,False
12051,2021-11-22 10:06:00,SHORT,17650.1,17650.0,13.77,1.007,12054,2021-11-22 10:09:00,17663.77,stop,-13.77,-1894.09,14.0,-15.95,0,False
12228,2021-11-22 13:03:00,LONG,17517.15,17517.8,13.17,1.052,12232,2021-11-22 13:07:00,17504.63,stop,-13.17,-1852.55,11.2,-21.25,0,False
12364,2021-11-22 15:19:00,LONG,17445.1,17448.8,18.57,1.249,12370,2021-11-22 15:25:00,17457.05,eod,8.25,-459.51,19.2,-3.95,4,True
12585,2021-11-23 12:45:00,SHORT,17412.45,17404.85,20.85,1.573,12590,2021-11-23 12:50:00,17425.7,stop,-20.85,-2350.36,3.75,-30.15,3,True
12712,2021-11-23 14:52:00,LONG,17548.0,17549.2,11.8,1.113,12715,2021-11-23 14:55:00,17537.4,stop,-11.8,-1763.95,0.8,-14.15,1,True
12816,2021-11-24 10:21:00,LONG,17559.0,17559.65,10.14,1.068,12823,2021-11-24 10:28:00,17579.93,target,20.28,320.32,20.35,-4.3,0,False
12948,2021-11-24 12:33:00,LONG,17586.0,17588.1,7.84,1.366,12955,2021-11-24 12:40:00,17580.26,stop,-7.84,-1507.61,8.85,-8.5,3,True
13003,2021-11-24 13:28:00,LONG,17598.2,17598.95,7.6,1.109,13005,2021-11-24 13:30:00,17591.35,stop,-7.6,-1492.24,0.0,-13.75,9,True
13007,2021-11-24 13:32:00,LONG,17599.0,17600.0,8.9,1.127,13008,2021-11-24 13:33:00,17591.1,stop,-8.9,-1576.36,0.5,-9.2,2,False
13080,2021-11-24 14:45:00,SHORT,17471.2,17464.5,19.39,1.528,13090,2021-11-24 14:55:00,17483.89,stop,-19.39,-2256.44,13.5,-20.95,1,True
13226,2021-11-25 10:56:00,LONG,17424.9,17427.85,12.81,1.299,13242,2021-11-25 11:12:00,17453.47,target,25.62,669.5,28.8,-4.7,0,False
13299,2021-11-25 12:09:00,LONG,17504.5,17512.65,18.49,1.788,13333,2021-11-25 12:43:00,17494.16,stop,-18.49,-2198.52,32.35,-27.9,4,True
13369,2021-11-25 13:19:00,LONG,17523.85,17530.75,17.13,1.675,13372,2021-11-25 13:22:00,17513.62,stop,-17.13,-2109.97,1.4,-17.55,0,False
13423,2021-11-25 14:13:00,LONG,17515.0,17518.9,15.01,1.351,13424,2021-11-25 14:14:00,17503.89,stop,-15.01,-1972.11,0.9,-16.8,2,False
13599,2021-11-26 10:54:00,SHORT,17160.0,17150.0,26.83,1.594,13615,2021-11-26 11:10:00,17176.83,stop,-26.83,-2734.77,29.75,-27.0,3,True
13635,2021-11-26 11:30:00,LONG,17210.0,17210.9,13.22,1.073,13660,2021-11-26 11:55:00,17197.68,stop,-13.22,-1850.93,18.85,-15.05,2,True
13674,2021-11-26 12:09:00,SHORT,17170.0,17169.55,12.04,1.039,13692,2021-11-26 12:27:00,17181.59,stop,-12.04,-1773.48,19.5,-24.4,0,False
13922,2021-11-29 10:02:00,LONG,17091.0,17109.95,41.16,1.853,13939,2021-11-29 10:19:00,17068.79,stop,-41.16,-3664.84,38.55,-49.35,3,True
13997,2021-11-29 11:17:00,LONG,17140.0,17147.1,23.04,1.446,14011,2021-11-29 11:31:00,17193.17,target,46.07,2003.68,47.9,-10.05,6,True
14048,2021-11-29 12:08:00,LONG,17176.1,17188.2,25.8,1.883,14072,2021-11-29 12:32:00,17162.4,stop,-25.8,-2667.81,19.65,-33.2,1,False
14097,2021-11-29 12:57:00,SHORT,17148.0,17135.2,28.74,1.803,14119,2021-11-29 13:19:00,17163.94,stop,-28.74,-2858.16,35.5,-48.9,0,False
14162,2021-11-29 14:02:00,LONG,17185.0,17187.4,13.75,1.211,14169,2021-11-29 14:09:00,17173.65,stop,-13.75,-1884.92,11.4,-26.4,6,True
14255,2021-11-30 09:20:00,LONG,17198.8,17199.95,17.81,1.069,14265,2021-11-30 09:30:00,17235.56,target,35.61,1323.03,43.0,-5.55,0,False
14298,2021-11-30 10:03:00,LONG,17292.7,17293.0,10.34,1.03,14312,2021-11-30 10:17:00,17282.66,stop,-10.34,-1665.21,7.0,-16.0,1,True
14531,2021-11-30 13:56:00,LONG,17165.5,17167.0,15.03,1.111,14535,2021-11-30 14:00:00,17197.05,target,30.05,962.26,32.0,-2.2,0,False
14590,2021-11-30 14:55:00,SHORT,17091.7,17084.05,22.68,1.509,14593,2021-11-30 14:58:00,17106.73,stop,-22.68,-2463.36,4.05,-25.5,3,True
14615,2021-11-30 15:20:00,SHORT,17010.0,17006.4,20.04,1.219,14617,2021-11-30 15:22:00,17026.44,stop,-20.04,-2290.72,3.75,-32.6,11,True
14942,2021-12-01 14:32:00,LONG,17184.5,17199.0,27.48,2.117,14995,2021-12-01 15:25:00,17224.65,eod,25.65,675.51,41.0,-15.95,3,True
15004,2021-12-02 09:19:00,LONG,17240.0,17245.1,19.68,1.35,15011,2021-12-02 09:26:00,17225.42,stop,-19.68,-2271.39,17.5,-25.1,1,False
15258,2021-12-02 13:33:00,LONG,17359.9,17360.0,8.8,1.011,15266,2021-12-02 13:41:00,17351.2,stop,-8.8,-1565.72,8.25,-14.95,1,True
15400,2021-12-03 09:40:00,SHORT,17468.3,17464.6,16.55,1.288,15402,2021-12-03 09:42:00,17431.5,target,33.1,1155.57,35.25,-6.9,2,True
15439,2021-12-03 10:19:00,SHORT,17382.25,17376.0,19.31,1.479,15447,2021-12-03 10:27:00,17395.31,stop,-19.31,-2249.59,1.0,-32.2,1,True
15490,2021-12-03 11:10:00,LONG,17423.55,17432.05,17.61,1.933,15507,2021-12-03 11:27:00,17414.44,stop,-17.61,-2139.92,12.4,-22.0,3,True
15541,2021-12-03 12:01:00,SHORT,17411.6,17410.7,8.61,1.117,15543,2021-12-03 12:03:00,17419.31,stop,-8.61,-1554.46,4.65,-8.95,0,False
15613,2021-12-03 13:13:00,SHORT,17316.85,17315.65,11.99,1.111,15616,2021-12-03 13:16:00,17327.64,stop,-11.99,-1772.96,2.4,-19.3,0,False
15627,2021-12-03 13:27:00,SHORT,17311.5,17306.0,15.65,1.542,15631,2021-12-03 13:31:00,17321.65,stop,-15.65,-2010.78,5.0,-17.95,2,True
15672,2021-12-03 14:12:00,SHORT,17280.3,17275.3,15.57,1.473,15691,2021-12-03 14:31:00,17244.16,target,31.14,1031.46,32.25,-11.6,2,True
15910,2021-12-06 11:55:00,SHORT,17100.5,17098.0,10.93,1.297,15913,2021-12-06 11:58:00,17108.93,stop,-10.93,-1699.9,3.25,-17.8,8,True
16152,2021-12-07 09:42:00,LONG,17092.35,17109.0,30.15,2.233,16210,2021-12-07 10:40:00,17169.3,target,60.3,2929.0,66.0,-4.0,0,False
16243,2021-12-07 11:13:00,LONG,17209.0,17214.75,13.0,1.793,16267,2021-12-07 11:37:00,17201.75,stop,-13.0,-1836.61,8.25,-15.75,1,True
16291,2021-12-07 12:01:00,LONG,17223.0,17229.0,12.9,1.87,16311,2021-12-07 12:21:00,17254.79,target,25.79,684.24,29.3,-2.8,1,True
16338,2021-12-07 12:48:00,SHORT,17225.0,17223.25,9.52,1.225,16341,2021-12-07 12:51:00,17204.22,target,19.03,245.26,22.25,-4.45,0,False
16342,2021-12-07 12:52:00,SHORT,17197.95,17195.5,11.46,1.272,16349,2021-12-07 12:59:00,17206.96,stop,-11.46,-1736.22,13.0,-12.2,0,False
16400,2021-12-07 13:50:00,LONG,17287.0,17289.0,10.19,1.244,16417,2021-12-07 14:07:00,17278.81,stop,-10.19,-1655.25,10.0,-17.35,2,True
16457,2021-12-07 14:47:00,SHORT,17270.25,17270.1,8.35,1.018,16459,2021-12-07 14:49:00,17278.45,stop,-8.35,-1535.25,0.0,-9.9,1,True
16527,2021-12-08 09:42:00,LONG,17425.75,17436.0,21.4,1.92,16565,2021-12-08 10:20:00,17414.6,stop,-21.4,-2385.79,29.0,-45.9,2,True
16623,2021-12-08 11:18:00,LONG,17465.0,17471.65,13.82,1.928,16649,2021-12-08 11:44:00,17457.83,stop,-13.82,-1893.84,13.35,-35.25,0,False
16734,2021-12-08 13:09:00,LONG,17471.05,17472.2,7.34,1.186,16737,2021-12-08 13:12:00,17464.86,stop,-7.34,-1473.02,3.3,-10.1,0,False
16792,2021-12-08 14:07:00,SHORT,17485.0,17481.6,9.83,1.529,16796,2021-12-08 14:11:00,17491.43,stop,-9.83,-1635.39,2.6,-10.55,1,True
16823,2021-12-08 14:38:00,LONG,17507.0,17508.0,8.82,1.128,16828,2021-12-08 14:43:00,17499.18,stop,-8.82,-1569.52,4.25,-9.65,1,True
16885,2021-12-09 09:25:00,SHORT,17490.0,17476.0,27.82,2.013,16897,2021-12-09 09:37:00,17503.82,stop,-27.82,-2804.57,15.75,-39.0,0,False
16932,2021-12-09 10:12:00,SHORT,17458.1,17455.1,13.2,1.294,16940,2021-12-09 10:20:00,17428.69,target,26.41,720.79,28.1,-4.9,0,False
16949,2021-12-09 10:29:00,SHORT,17427.0,17424.45,12.76,1.25,16955,2021-12-09 10:35:00,17437.21,stop,-12.76,-1824.55,7.85,-14.0,2,True
17138,2021-12-09 13:38:00,SHORT,17540.0,17536.1,13.18,1.42,17149,2021-12-09 13:49:00,17549.28,stop,-13.18,-1853.7,20.8,-14.9,0,False
17183,2021-12-09 14:23:00,SHORT,17515.3,17510.85,14.03,1.464,17192,2021-12-09 14:32:00,17524.88,stop,-14.03,-1909.0,19.4,-17.1,3,True
17402,2021-12-10 11:47:00,LONG,17505.0,17506.0,8.48,1.134,17415,2021-12-10 12:00:00,17497.52,stop,-8.48,-1547.38,9.0,-13.45,1,True
17451,2021-12-10 12:36:00,SHORT,17455.1,17455.0,8.39,1.012,17462,2021-12-10 12:47:00,17438.21,target,16.79,95.39,19.55,-1.85,0,False
17508,2021-12-10 13:33:00,LONG,17465.0,17478.7,22.35,2.584,17564,2021-12-10 14:29:00,17523.4,target,44.7,1908.83,46.0,-18.7,0,False
17609,2021-12-10 15:14:00,LONG,17566.4,17574.95,17.53,1.952,17617,2021-12-10 15:22:00,17557.42,stop,-17.53,-2137.19,10.05,-20.95,3,True
17663,2021-12-13 09:53:00,LONG,17677.8,17679.75,12.44,1.186,17682,2021-12-13 10:12:00,17667.31,stop,-12.44,-1807.96,4.35,-18.0,0,False
17810,2021-12-13 12:20:00,SHORT,17580.0,17575.05,13.19,1.601,17811,2021-12-13 12:21:00,17548.67,target,26.38,717.02,30.05,0.0,1,True
17813,2021-12-13 12:23:00,SHORT,17541.0,17521.25,31.33,2.706,17840,2021-12-13 12:50:00,17458.6,target,62.65,3075.8,64.0,-13.65,1,True
17849,2021-12-13 12:59:00,SHORT,17435.45,17433.85,15.97,1.111,17860,2021-12-13 13:10:00,17449.82,stop,-15.97,-2033.55,23.05,-26.0,0,False
17901,2021-12-13 13:51:00,SHORT,17448.0,17447.45,12.75,1.045,17908,2021-12-13 13:58:00,17421.95,target,25.5,661.96,43.2,-2.55,0,False
17941,2021-12-13 14:31:00,LONG,17448.0,17458.45,23.7,1.789,17950,2021-12-13 14:40:00,17434.75,stop,-23.7,-2535.92,15.55,-27.4,1,True
18078,2021-12-14 10:33:00,SHORT,17293.05,17290.6,13.06,1.231,18086,2021-12-14 10:41:00,17303.66,stop,-13.06,-1841.84,9.5,-14.4,1,True
18119,2021-12-14 11:14:00,LONG,17305.0,17305.1,9.27,1.011,18121,2021-12-14 11:16:00,17295.83,stop,-9.27,-1595.31,6.9,-10.0,1,True
18166,2021-12-14 12:01:00,LONG,17388.05,17390.0,13.5,1.169,18167,2021-12-14 12:02:00,17376.5,stop,-13.5,-1872.12,7.85,-14.15,1,True
18246,2021-12-14 13:21:00,SHORT,17351.25,17350.2,12.22,1.094,18248,2021-12-14 13:23:00,17362.42,stop,-12.22,-1788.42,0.0,-14.4,0,False
18341,2021-12-14 14:56:00,LONG,17347.0,17352.6,16.1,1.534,18370,2021-12-14 15:25:00,17346.5,eod,-6.1,-1390.41,16.3,-10.6,1,True
18390,2021-12-15 09:30:00,SHORT,17294.0,17286.05,22.11,1.561,18398,2021-12-15 09:38:00,17308.9,stop_gap,-22.85,-2478.17,6.05,-23.15,5,True
18451,2021-12-15 10:31:00,SHORT,17255.0,17244.0,20.93,2.108,18487,2021-12-15 11:07:00,17264.93,stop,-20.93,-2352.38,27.0,-23.35,0,False
18580,2021-12-15 12:40:00,SHORT,17249.15,17244.0,12.86,1.668,18598,2021-12-15 12:58:00,17256.86,stop,-12.86,-1828.35,11.75,-19.5,1,True
18645,2021-12-15 13:45:00,LONG,17301.0,17302.05,9.81,1.12,18658,2021-12-15 13:58:00,17292.24,stop,-9.81,-1630.92,7.95,-17.8,0,False
18664,2021-12-15 14:04:00,LONG,17310.0,17313.25,12.3,1.359,18678,2021-12-15 14:18:00,17300.95,stop,-12.3,-1792.33,15.65,-13.2,0,False
18693,2021-12-15 14:33:00,LONG,17329.75,17335.3,15.06,1.584,18707,2021-12-15 14:47:00,17320.24,stop,-15.06,-1972.27,18.95,-20.25,0,False
18734,2021-12-15 15:14:00,SHORT,17260.0,17257.95,11.57,1.215,18745,2021-12-15 15:25:00,17258.0,eod,-0.05,-995.63,10.8,-10.6,1,True
18874,2021-12-16 11:19:00,SHORT,17310.05,17310.0,7.9,1.006,18876,2021-12-16 11:21:00,17294.2,target,15.81,34.1,17.0,-1.9,0,False
18879,2021-12-16 11:24:00,SHORT,17289.65,17284.0,14.21,1.66,18881,2021-12-16 11:26:00,17298.21,stop,-14.21,-1916.27,4.0,-15.0,1,True
18946,2021-12-16 12:31:00,SHORT,17242.0,17240.45,10.16,1.18,18948,2021-12-16 12:33:00,17252.6,stop_gap,-12.15,-1781.86,2.2,-28.7,0,False
18965,2021-12-16 12:50:00,LONG,17279.95,17293.0,23.8,2.214,19048,2021-12-16 14:13:00,17269.2,stop,-23.8,-2539.67,46.35,-26.0,1,True
19111,2021-12-16 15:16:00,LONG,17300.0,17307.75,16.73,1.863,19120,2021-12-16 15:25:00,17331.25,eod,23.5,533.93,29.95,-2.75,1,True
19130,2021-12-17 09:20:00,SHORT,17233.0,17232.35,16.7,1.041,19135,2021-12-17 09:25:00,17198.96,target,33.39,1178.55,42.65,-7.65,1,True
19269,2021-12-17 11:39:00,SHORT,17050.05,17046.5,13.7,1.35,19294,2021-12-17 12:04:00,17019.09,target,27.41,792.77,29.5,-12.2,1,True
19331,2021-12-17 12:41:00,SHORT,17027.0,17026.85,9.69,1.016,19337,2021-12-17 12:47:00,17036.54,stop,-9.69,-1618.05,11.25,-15.05,0,False
19342,2021-12-17 12:52:00,LONG,17058.7,17060.0,11.11,1.133,19350,2021-12-17 13:00:00,17082.21,target,22.21,454.46,26.05,-4.75,1,True
19433,2021-12-17 14:23:00,SHORT,17065.1,17059.2,16.64,1.55,19437,2021-12-17 14:27:00,17075.84,stop,-16.64,-2070.43,13.75,-18.0,5,True
19456,2021-12-17 14:46:00,SHORT,17015.6,17011.5,16.18,1.339,19459,2021-12-17 14:49:00,17027.68,stop,-16.18,-2039.86,0.5,-28.05,0,False
19681,2021-12-20 12:16:00,SHORT,16566.0,16560.0,16.05,1.597,19693,2021-12-20 12:28:00,16527.9,target,32.1,1106.28,32.95,-2.15,6,True
19744,2021-12-20 13:19:00,LONG,16478.7,16485.0,19.15,1.49,19750,2021-12-20 13:25:00,16523.29,target,38.29,1509.47,52.4,-9.4,2,True
19815,2021-12-20 14:30:00,LONG,16599.85,16602.0,18.55,1.131,19818,2021-12-20 14:33:00,16583.45,stop,-18.55,-2186.5,5.85,-23.0,5,True
19845,2021-12-20 15:00:00,LONG,16607.85,16624.0,32.35,1.997,19870,2021-12-20 15:25:00,16635.1,eod,11.1,-260.19,34.9,-10.7,1,False
20025,2021-12-21 11:45:00,LONG,16914.1,16925.0,19.18,2.317,20065,2021-12-21 12:25:00,16905.82,stop,-19.18,-2232.83,23.0,-19.55,1,True
20081,2021-12-21 12:41:00,LONG,16948.0,16950.05,11.3,1.222,20086,2021-12-21 12:46:00,16938.75,stop,-11.3,-1721.19,3.95,-11.5,0,False
20158,2021-12-21 13:58:00,SHORT,16878.0,16875.7,12.43,1.227,20162,2021-12-21 14:02:00,16850.84,target,24.86,630.04,34.5,-3.3,4,True
20167,2021-12-21 14:07:00,SHORT,16828.65,16810.45,30.88,2.436,20192,2021-12-21 14:32:00,16748.7,target,61.75,3029.47,62.45,-28.25,3,True
20285,2021-12-22 09:50:00,LONG,16919.9,16923.65,16.61,1.292,20299,2021-12-22 10:04:00,16907.04,stop,-16.61,-2066.02,10.35,-21.25,0,False
20414,2021-12-22 11:59:00,LONG,16903.4,16903.65,7.6,1.034,20416,2021-12-22 12:01:00,16918.85,target,15.2,1.71,20.25,0.0,6,True
20540,2021-12-22 14:05:00,SHORT,16873.85,16868.1,15.16,1.611,20545,2021-12-22 14:10:00,16883.26,stop,-15.16,-1971.25,0.45,-18.05,3,True
20563,2021-12-22 14:28:00,LONG,16914.5,16917.0,12.16,1.259,20569,2021-12-22 14:34:00,16904.84,stop,-12.16,-1777.01,13.45,-13.55,8,False
20678,2021-12-23 10:08:00,SHORT,17095.0,17091.7,11.64,1.395,20680,2021-12-23 10:10:00,17103.34,stop,-11.64,-1746.44,2.9,-12.3,1,True
20791,2021-12-23 12:01:00,LONG,17089.95,17091.0,7.63,1.16,20815,2021-12-23 12:25:00,17106.26,target,15.26,1.98,18.0,-4.9,1,True
20865,2021-12-23 13:15:00,LONG,17109.85,17114.2,11.1,1.644,20873,2021-12-23 13:23:00,17136.41,target,22.21,453.4,24.2,-5.95,0,False
20899,2021-12-23 13:49:00,SHORT,17090.15,17089.0,10.65,1.121,20902,2021-12-23 13:52:00,17099.65,stop,-10.65,-1681.63,6.9,-11.3,3,True
20989,2021-12-23 15:19:00,SHORT,17071.7,17068.45,10.45,1.452,20995,2021-12-23 15:25:00,17058.75,eod,9.7,-358.61,15.55,-3.35,6,True
21009,2021-12-24 09:24:00,LONG,17109.4,17109.95,15.21,1.038,21012,2021-12-24 09:27:00,17094.74,stop,-15.21,-1978.2,8.0,-32.95,3,True
21020,2021-12-24 09:35:00,SHORT,17051.1,17037.0,30.75,1.847,21030,2021-12-24 09:45:00,16975.5,target,61.5,3008.94,62.0,-11.7,0,False
21114,2021-12-24 11:09:00,LONG,16971.45,16971.6,8.66,1.018,21124,2021-12-24 11:19:00,16962.94,stop,-8.66,-1550.08,12.85,-16.6,1,True
21238,2021-12-24 13:13:00,SHORT,16943.1,16941.55,8.66,1.218,21241,2021-12-24 13:16:00,16950.21,stop,-8.66,-1550.02,0.0,-14.45,0,False
21267,2021-12-24 13:42:00,LONG,16999.0,17002.05,12.9,1.31,21275,2021-12-24 13:50:00,16989.15,stop,-12.9,-1826.58,16.65,-18.05,0,False
21455,2021-12-27 10:35:00,LONG,17015.0,17018.15,17.4,1.221,21471,2021-12-27 10:51:00,17000.75,stop,-17.4,-2119.04,29.85,-21.85,1,True
21527,2021-12-27 11:47:00,LONG,17024.95,17025.25,10.41,1.03,21542,2021-12-27 12:02:00,17014.84,stop,-10.41,-1665.18,12.75,-14.8,0,False
21579,2021-12-27 12:39:00,LONG,17057.0,17057.1,7.57,1.013,21585,2021-12-27 12:45:00,17072.23,target,15.13,-5.48,15.8,-4.7,0,False
21612,2021-12-27 13:12:00,SHORT,17040.5,17036.85,11.97,1.438,21617,2021-12-27 13:17:00,17048.82,stop,-11.97,-1767.0,1.85,-16.6,0,False
21628,2021-12-27 13:28:00,LONG,17075.0,17075.1,7.99,1.013,21631,2021-12-27 13:31:00,17067.11,stop,-7.99,-1508.49,2.9,-10.9,2,True
21710,2021-12-27 14:50:00,LONG,17110.0,17113.0,12.09,1.33,21720,2021-12-27 15:00:00,17100.91,stop,-12.09,-1775.29,16.0,-29.3,0,False
21825,2021-12-28 10:30:00,SHORT,17183.85,17177.7,15.2,1.68,21828,2021-12-28 10:33:00,17192.9,stop,-15.2,-1979.08,5.55,-17.8,2,True
21875,2021-12-28 11:20:00,LONG,17223.65,17224.0,7.19,1.051,21887,2021-12-28 11:32:00,17238.39,target,14.39,-56.81,14.8,-4.8,3,True
21957,2021-12-28 12:42:00,LONG,17249.0,17252.25,8.41,1.629,21960,2021-12-28 12:45:00,17243.84,stop,-8.41,-1539.07,0.4,-8.85,3,True
21978,2021-12-28 13:03:00,SHORT,17230.0,17229.05,6.64,1.167,21988,2021-12-28 13:13:00,17215.77,target,13.28,-128.71,15.05,-4.7,0,False
22047,2021-12-28 14:12:00,LONG,17249.7,17249.75,5.38,1.009,22048,2021-12-28 14:13:00,17244.37,stop,-5.38,-1342.09,0.25,-7.75,2,True
22072,2021-12-28 14:37:00,SHORT,17235.05,17232.35,9.0,1.429,22076,2021-12-28 14:41:00,17214.35,target,18.0,177.82,38.35,-4.4,1,True
22080,2021-12-28 14:45:00,SHORT,17192.0,17181.75,19.19,2.146,22085,2021-12-28 14:50:00,17200.94,stop,-19.19,-2238.55,15.6,-23.25,0,False
22142,2021-12-29 09:32:00,LONG,17255.4,17257.1,14.21,1.136,22160,2021-12-29 09:50:00,17285.52,target,28.42,854.26,29.9,-8.8,12,True
22182,2021-12-29 10:12:00,SHORT,17270.0,17267.05,9.52,1.449,22185,2021-12-29 10:15:00,17248.01,target,19.04,245.27,24.45,-2.9,1,True
22296,2021-12-29 12:06:00,SHORT,17216.9,17215.75,8.47,1.157,22299,2021-12-29 12:09:00,17224.22,stop,-8.47,-1542.46,4.5,-9.2,0,False
22308,2021-12-29 12:18:00,SHORT,17210.25,17208.6,8.95,1.226,22324,2021-12-29 12:34:00,17217.55,stop,-8.95,-1573.19,10.2,-11.0,4,True
22348,2021-12-29 12:58:00,LONG,17235.85,17244.0,14.66,2.251,22352,2021-12-29 13:02:00,17229.34,stop,-14.66,-1945.11,2.2,-14.8,5,True
22390,2021-12-29 13:40:00,LONG,17246.2,17246.95,7.06,1.119,22394,2021-12-29 13:44:00,17239.89,stop,-7.06,-1450.97,6.15,-9.65,5,True
22420,2021-12-29 14:10:00,LONG,17248.7,17253.0,11.66,1.584,22437,2021-12-29 14:27:00,17241.34,stop,-11.66,-1749.82,6.7,-12.4,1,True
22570,2021-12-30 10:25:00,LONG,17258.05,17258.3,6.6,1.039,22572,2021-12-30 10:27:00,17251.7,stop,-6.6,-1421.05,0.6,-7.35,3,True
22611,2021-12-30 11:06:00,SHORT,17231.95,17229.35,8.25,1.46,22614,2021-12-30 11:09:00,17237.6,stop,-8.25,-1527.97,2.35,-8.65,6,True
22625,2021-12-30 11:20:00,SHORT,17223.55,17222.3,6.17,1.254,22627,2021-12-30 11:22:00,17228.47,stop,-6.17,-1392.63,0.0,-7.4,4,True
22797,2021-12-30 14:12:00,SHORT,17223.0,17222.9,5.26,1.019,22800,2021-12-30 14:15:00,17212.38,target,10.52,-307.75,11.7,-3.1,4,True
23154,2021-12-31 13:54:00,SHORT,17427.1,17425.3,7.42,1.32,23157,2021-12-31 13:57:00,17432.72,stop,-7.42,-1477.42,0.75,-9.0,1,False
23170,2021-12-31 14:10:00,SHORT,17425.2,17416.6,14.49,2.46,23245,2021-12-31 15:25:00,17412.9,eod,3.7,-754.58,20.4,-12.5,2,False
23284,2022-01-03 09:49:00,LONG,17512.0,17519.15,15.43,1.863,23321,2022-01-03 10:26:00,17550.01,target,30.86,1008.86,33.5,-4.15,2,True
23368,2022-01-03 11:13:00,LONG,17563.5,17567.0,7.99,1.78,23373,2022-01-03 11:18:00,17559.01,stop,-7.99,-1516.58,7.1,-10.0,1,False
23434,2022-01-03 12:19:00,LONG,17570.0,17579.75,14.4,3.095,23456,2022-01-03 12:41:00,17608.56,target,28.81,874.25,36.25,-6.6,4,True
23488,2022-01-03 13:13:00,LONG,17619.0,17619.85,6.02,1.164,23495,2022-01-03 13:20:00,17613.83,stop,-6.02,-1389.74,11.15,-6.35,1,True
23515,2022-01-03 13:40:00,SHORT,17607.8,17607.45,5.99,1.062,23516,2022-01-03 13:41:00,17613.44,stop,-5.99,-1387.93,0.15,-7.55,0,False
23521,2022-01-03 13:46:00,LONG,17627.0,17628.5,7.14,1.266,23535,2022-01-03 14:00:00,17642.77,target,14.27,-71.32,16.5,-6.4,0,False
23650,2022-01-04 09:40:00,SHORT,17656.0,17644.0,27.47,1.776,23653,2022-01-04 09:43:00,17671.47,stop,-27.47,-2784.64,11.6,-47.75,1,True
23679,2022-01-04 10:09:00,LONG,17754.95,17756.0,11.75,1.098,23695,2022-01-04 10:25:00,17744.25,stop,-11.75,-1764.34,19.0,-13.0,0,False
23754,2022-01-04 11:24:00,SHORT,17725.6,17706.5,28.2,3.099,23762,2022-01-04 11:32:00,17734.7,stop,-28.2,-2833.0,1.35,-31.5,2,True
23796,2022-01-04 12:06:00,LONG,17763.0,17765.0,8.17,1.324,23807,2022-01-04 12:17:00,17756.83,stop,-8.17,-1532.2,8.3,-11.95,4,True
23863,2022-01-04 13:13:00,SHORT,17756.0,17752.95,9.95,1.442,23880,2022-01-04 13:30:00,17762.9,stop,-9.95,-1647.47,17.4,-15.3,0,False
24041,2022-01-05 09:56:00,LONG,17858.0,17859.35,12.74,1.119,24055,2022-01-05 10:10:00,17884.83,target,25.48,652.93,25.65,-4.1,0,False
24128,2022-01-05 11:23:00,LONG,17854.0,17861.7,16.52,1.873,24178,2022-01-05 12:13:00,17894.74,target,33.04,1144.73,43.3,-7.65,2,True
24349,2022-01-05 15:04:00,LONG,17984.1,17984.9,11.26,1.076,24351,2022-01-05 15:06:00,17973.64,stop,-11.26,-1736.62,0.0,-13.15,1,True
24376,2022-01-06 09:16:00,SHORT,17821.0,17818.95,18.98,1.121,24388,2022-01-06 09:28:00,17780.99,target,37.96,1465.61,38.95,-10.45,1,True
24462,2022-01-06 10:42:00,SHORT,17711.0,17710.4,9.79,1.065,24473,2022-01-06 10:53:00,17720.19,stop,-9.79,-1636.64,17.05,-13.75,0,False
24544,2022-01-06 12:04:00,SHORT,17708.2,17702.15,13.55,1.807,24546,2022-01-06 12:06:00,17715.7,stop,-13.55,-1880.48,7.15,-13.6,0,False
24632,2022-01-06 13:32:00,LONG,17761.4,17772.5,20.64,2.163,24657,2022-01-06 13:57:00,17751.86,stop,-20.64,-2342.61,36.5,-23.35,0,False
24709,2022-01-06 14:49:00,SHORT,17807.9,17805.9,12.44,1.192,24733,2022-01-06 15:13:00,17781.02,target,24.88,615.78,33.85,-12.05,0,False
24845,2022-01-07 10:50:00,SHORT,17909.75,17904.0,15.33,1.601,24858,2022-01-07 11:03:00,17873.35,target,30.65,988.94,38.0,-7.9,3,True
25095,2022-01-07 15:00:00,LONG,17834.8,17837.8,14.62,1.258,25116,2022-01-07 15:21:00,17867.05,target,29.25,898.36,29.7,-6.8,0,False
25165,2022-01-10 09:55:00,LONG,17967.0,17974.8,19.45,1.669,25181,2022-01-10 10:11:00,18013.7,target,38.9,1523.39,39.85,-4.8,0,False
25344,2022-01-10 12:54:00,LONG,18014.95,18018.0,8.7,1.539,25348,2022-01-10 12:58:00,18009.3,stop,-8.7,-1571.06,1.0,-11.0,5,True
25381,2022-01-10 13:31:00,SHORT,17994.0,17992.0,8.36,1.315,25383,2022-01-10 13:33:00,18000.36,stop,-8.36,-1548.04,1.25,-16.4,1,True
25388,2022-01-10 13:38:00,LONG,18010.05,18010.8,7.56,1.11,25393,2022-01-10 13:43:00,18003.24,stop,-7.56,-1496.49,5.7,-7.7,1,True
25395,2022-01-10 13:45:00,LONG,18018.0,18020.0,8.93,1.289,25397,2022-01-10 13:47:00,18011.07,stop,-8.93,-1585.64,3.7,-12.75,5,True
25456,2022-01-10 14:46:00,LONG,18020.0,18036.85,23.82,3.417,25495,2022-01-10 15:25:00,18053.0,eod,16.15,43.82,17.45,-13.95,0,False
25561,2022-01-11 10:16:00,SHORT,18005.5,18003.0,12.39,1.253,25566,2022-01-11 10:21:00,18015.39,stop,-12.39,-1810.48,8.25,-29.7,0,False
25623,2022-01-11 11:18:00,LONG,18073.9,18074.3,5.67,1.076,25625,2022-01-11 11:20:00,18068.05,stop_gap,-6.25,-1412.5,0.7,-10.2,3,True
25633,2022-01-11 11:28:00,LONG,18075.0,18081.8,12.07,2.292,25650,2022-01-11 11:45:00,18069.73,stop,-12.07,-1790.53,15.2,-15.4,2,True
25691,2022-01-11 12:26:00,SHORT,18059.15,18057.7,6.94,1.264,25693,2022-01-11 12:28:00,18064.64,stop,-6.94,-1456.88,0.05,-17.3,1,True
25721,2022-01-11 12:56:00,LONG,18079.15,18082.0,7.34,1.635,25728,2022-01-11 13:03:00,18096.67,target,14.67,-52.99,17.0,0.0,4,True
25771,2022-01-11 13:46:00,SHORT,18093.0,18089.6,10.44,1.483,25795,2022-01-11 14:10:00,18100.04,stop,-10.44,-1685.16,16.95,-10.5,0,False
25826,2022-01-11 14:41:00,SHORT,18055.0,18051.55,12.0,1.404,25829,2022-01-11 14:44:00,18063.55,stop,-12.0,-1785.73,18.05,-12.15,0,False
25964,2022-01-12 10:44:00,LONG,18209.25,18214.6,11.55,1.863,26017,2022-01-12 11:37:00,18237.7,target,23.1,492.54,29.8,-8.7,1,True
26097,2022-01-12 12:57:00,SHORT,18218.65,18215.05,8.68,1.708,26100,2022-01-12 13:00:00,18223.73,stop,-8.68,-1573.06,1.35,-9.15,0,False
26117,2022-01-12 13:17:00,SHORT,18212.05,18208.5,9.12,1.637,26135,2022-01-12 13:35:00,18217.62,stop,-9.12,-1601.52,11.7,-12.5,1,True
26165,2022-01-12 14:05:00,SHORT,18199.5,18193.35,12.77,1.929,26167,2022-01-12 14:07:00,18206.12,stop,-12.77,-1838.35,0.35,-15.55,5,True
26203,2022-01-12 14:43:00,LONG,18230.0,18232.0,7.62,1.356,26206,2022-01-12 14:46:00,18224.38,stop,-7.62,-1503.95,1.7,-10.0,2,True
26214,2022-01-12 14:54:00,LONG,18234.0,18235.0,6.31,1.188,26220,2022-01-12 15:00:00,18247.62,target,12.62,-188.79,13.45,0.0,6,True
26333,2022-01-13 10:38:00,SHORT,18218.05,18212.65,13.88,1.637,26340,2022-01-13 10:45:00,18226.53,stop,-13.88,-1910.69,15.5,-14.05,1,True
26350,2022-01-13 10:55:00,LONG,18250.0,18253.0,11.25,1.364,26351,2022-01-13 10:56:00,18241.75,stop,-11.25,-1740.33,0.95,-15.0,0,False
26481,2022-01-13 13:06:00,SHORT,18245.1,18242.05,10.09,1.433,26488,2022-01-13 13:13:00,18252.14,stop,-10.09,-1665.04,1.95,-11.4,5,False
26534,2022-01-13 13:59:00,LONG,18266.25,18269.9,9.13,1.666,26547,2022-01-13 14:12:00,18260.77,stop,-9.13,-1602.83,8.7,-9.95,5,True
26595,2022-01-13 15:00:00,LONG,18259.35,18269.45,16.21,2.654,26620,2022-01-13 15:25:00,18289.95,eod,20.5,322.52,28.5,-2.1,1,True
26794,2022-01-14 12:04:00,LONG,18214.45,18215.0,6.66,1.09,26823,2022-01-14 12:33:00,18228.31,target,13.31,-143.78,19.9,-6.3,0,False
26833,2022-01-14 12:43:00,LONG,18239.25,18240.0,6.06,1.141,26842,2022-01-14 12:52:00,18252.12,target,12.12,-221.84,13.95,-5.0,1,True
26875,2022-01-14 13:25:00,LONG,18252.65,18253.2,7.12,1.084,26878,2022-01-14 13:28:00,18246.08,stop,-7.12,-1471.79,1.55,-9.05,3,True
26895,2022-01-14 13:45:00,LONG,18258.3,18258.75,7.06,1.068,26900,2022-01-14 13:50:00,18272.86,target,14.11,-92.51,14.45,-2.8,4,True
26970,2022-01-14 15:00:00,LONG,18297.95,18306.9,15.82,2.302,26988,2022-01-14 15:18:00,18291.08,stop,-15.82,-2038.67,13.1,-18.3,0,False
27035,2022-01-17 09:50:00,SHORT,18258.0,18254.2,15.41,1.327,27037,2022-01-17 09:52:00,18269.61,stop,-15.41,-2010.87,0.0,-20.8,3,True
27101,2022-01-17 10:56:00,LONG,18305.7,18314.0,14.0,2.455,27266,2022-01-17 13:41:00,18300.0,stop,-14.0,-1920.43,16.9,-16.0,7,True
27282,2022-01-17 13:57:00,LONG,18324.0,18324.05,5.77,1.009,27284,2022-01-17 13:59:00,18318.28,stop,-5.77,-1385.59,0.0,-7.05,1,True
27285,2022-01-17 14:00:00,LONG,18325.0,18329.0,9.76,1.694,27290,2022-01-17 14:05:00,18319.24,stop,-9.76,-1645.15,1.0,-12.6,5,True
27291,2022-01-17 14:06:00,LONG,18330.9,18332.75,8.31,1.286,27293,2022-01-17 14:08:00,18324.44,stop,-8.31,-1550.65,1.6,-9.7,3,True
27396,2022-01-18 09:36:00,SHORT,18326.4,18326.0,8.66,1.048,27397,2022-01-18 09:37:00,18308.68,target,17.32,115.35,20.5,0.0,1,True
27400,2022-01-18 09:40:00,SHORT,18285.0,18282.35,13.91,1.235,27401,2022-01-18 09:41:00,18296.26,stop,-13.91,-1913.93,4.3,-15.7,0,False
27420,2022-01-18 10:00:00,SHORT,18234.5,18234.0,13.36,1.039,27421,2022-01-18 10:01:00,18247.36,stop,-13.36,-1877.48,4.05,-18.7,1,True
27437,2022-01-18 10:17:00,SHORT,18227.05,18215.0,23.5,2.052,27448,2022-01-18 10:28:00,18238.5,stop,-23.5,-2536.5,13.9,-26.1,4,True
27507,2022-01-18 11:27:00,LONG,18258.35,18261.3,8.89,1.496,27515,2022-01-18 11:35:00,18279.09,target,17.79,146.51,18.6,-1.25,2,True
27691,2022-01-18 14:31:00,SHORT,18255.9,18253.05,11.33,1.336,27697,2022-01-18 14:37:00,18230.4,target,22.65,463.14,23.05,-6.95,1,True
27849,2022-01-19 10:54:00,SHORT,18006.0,18001.1,14.0,1.538,27871,2022-01-19 11:16:00,17973.1,target,28.0,815.14,31.95,-5.6,0,False
28007,2022-01-19 13:32:00,SHORT,17928.0,17922.35,15.96,1.548,28016,2022-01-19 13:41:00,17938.31,stop,-15.96,-2041.33,11.65,-17.6,0,False
28132,2022-01-20 09:22:00,SHORT,17924.25,17922.1,14.55,1.173,28135,2022-01-20 09:25:00,17893.0,target,29.1,888.09,29.7,-7.6,1,True
28469,2022-01-20 14:59:00,LONG,17765.0,17771.1,17.19,1.55,28483,2022-01-20 15:13:00,17805.49,target,34.39,1233.5,40.9,0.0,0,False
28667,2022-01-21 12:02:00,LONG,17649.0,17650.85,12.15,1.18,28686,2022-01-21 12:21:00,17675.15,target,24.3,579.74,26.95,-12.0,3,True
28714,2022-01-21 12:49:00,LONG,17678.3,17680.75,13.1,1.23,28718,2022-01-21 12:53:00,17667.65,stop,-13.1,-1851.23,9.05,-14.45,2,True
28800,2022-01-21 14:15:00,SHORT,17606.45,17594.15,27.12,1.83,28829,2022-01-21 14:44:00,17539.92,target,54.23,2527.12,62.05,-22.1,0,False
29020,2022-01-24 11:40:00,SHORT,17391.1,17389.75,10.7,1.144,29025,2022-01-24 11:45:00,17368.35,target,21.4,396.26,22.8,-3.6,0,False
29125,2022-01-24 13:25:00,SHORT,17223.75,17223.4,16.32,1.022,29132,2022-01-24 13:32:00,17190.75,target,32.65,1130.49,37.05,-7.85,4,True
29342,2022-01-25 10:47:00,SHORT,17030.8,17025.0,25.85,1.289,29363,2022-01-25 11:08:00,17050.85,stop,-25.85,-2668.61,22.95,-34.45,1,True
29380,2022-01-25 11:25:00,LONG,17102.9,17105.35,17.44,1.163,29387,2022-01-25 11:32:00,17087.91,stop,-17.44,-2123.19,25.15,-24.7,4,True
29462,2022-01-25 12:47:00,SHORT,17076.1,17070.75,20.38,1.356,29479,2022-01-25 13:04:00,17091.13,stop,-20.38,-2313.72,25.75,-27.25,2,True
29485,2022-01-25 13:10:00,LONG,17131.75,17133.35,16.18,1.11,29493,2022-01-25 13:18:00,17165.72,target,32.37,1113.07,32.65,-9.9,0,False
29525,2022-01-25 13:50:00,LONG,17199.0,17205.1,20.66,1.419,29551,2022-01-25 14:16:00,17184.44,stop,-20.66,-2334.24,29.8,-29.65,1,True
29589,2022-01-25 14:54:00,LONG,17289.95,17297.0,19.56,1.564,29591,2022-01-25 14:56:00,17277.44,stop,-19.56,-2263.84,0.0,-21.95,1,True
29610,2022-01-25 15:15:00,LONG,17297.0,17298.8,14.09,1.146,29615,2022-01-25 15:20:00,17284.71,stop,-14.09,-1908.68,10.2,-17.55,1,True
29852,2022-01-27 13:02:00,LONG,16948.0,16956.9,20.73,1.752,29858,2022-01-27 13:08:00,16968.0,eod,11.1,-265.89,17.05,-2.65,0,False
30042,2022-01-28 12:18:00,LONG,17380.0,17391.45,21.45,2.145,30056,2022-01-28 12:32:00,17370.0,stop,-21.45,-2388.78,3.55,-26.15,3,True
30099,2022-01-28 13:15:00,SHORT,17350.0,17334.75,25.71,2.458,30103,2022-01-28 13:19:00,17360.46,stop,-25.71,-2664.66,1.45,-27.25,1,True
30144,2022-01-28 14:00:00,SHORT,17230.65,17227.25,21.48,1.188,30150,2022-01-28 14:06:00,17184.29,target,42.96,1800.5,57.25,-16.75,0,False
30266,2022-01-31 09:47:00,LONG,17367.7,17370.0,18.0,1.147,30268,2022-01-31 09:49:00,17352.0,stop,-18.0,-2163.76,0.0,-21.9,1,True
30399,2022-01-31 12:00:00,LONG,17369.4,17378.0,17.04,2.019,30409,2022-01-31 12:10:00,17412.08,target,34.08,1220.36,41.0,-2.0,1,True
30579,2022-01-31 15:00:00,SHORT,17385.65,17371.0,27.35,2.153,30604,2022-01-31 15:25:00,17359.7,eod,11.3,-259.78,27.0,-11.5,0,False
30741,2022-02-01 11:27:00,SHORT,17544.85,17526.35,31.88,2.383,30742,2022-02-01 11:28:00,17558.23,stop,-31.88,-3069.15,1.15,-37.65,0,False
30775,2022-02-01 12:01:00,LONG,17600.0,17615.55,33.38,1.872,30779,2022-02-01 12:05:00,17582.17,stop,-33.38,-3167.88,18.45,-45.45,1,True
30846,2022-02-01 13:12:00,SHORT,17336.1,17329.7,41.05,1.185,30849,2022-02-01 13:15:00,17247.6,target,82.1,4342.99,98.45,-16.65,0,False
30906,2022-02-01 14:12:00,LONG,17540.0,17543.8,20.98,1.221,30918,2022-02-01 14:24:00,17585.76,target,41.96,1729.22,46.2,-7.75,0,False
30970,2022-02-01 15:16:00,LONG,17587.0,17593.1,21.92,1.386,30979,2022-02-01 15:25:00,17602.7,eod,9.6,-374.25,19.3,-2.4,1,True
31134,2022-02-02 11:45:00,LONG,17754.5,17756.2,8.5,1.25,31148,2022-02-02 11:59:00,17773.21,target,17.01,104.43,17.6,-6.1,0,False
31229,2022-02-02 13:20:00,LONG,17755.6,17762.5,13.4,2.061,31233,2022-02-02 13:24:00,17749.1,stop,-13.4,-1871.96,0.0,-14.2,3,True
31269,2022-02-02 14:00:00,LONG,17765.0,17765.7,6.94,1.112,31278,2022-02-02 14:09:00,17758.76,stop,-6.94,-1451.74,8.3,-30.4,3,True
31279,2022-02-02 14:10:00,SHORT,17734.1,17733.0,9.77,1.127,31280,2022-02-02 14:11:00,17742.77,stop,-9.77,-1635.39,0.2,-14.15,4,True
31282,2022-02-02 14:13:00,LONG,17774.7,17778.65,14.46,1.376,31289,2022-02-02 14:20:00,17764.19,stop,-14.46,-1940.68,9.75,-17.95,2,False
31340,2022-02-02 15:11:00,LONG,17788.7,17788.8,6.2,1.016,31349,2022-02-02 15:20:00,17801.21,target,12.41,-195.08,14.65,-4.75,4,True
31503,2022-02-03 11:39:00,SHORT,17685.0,17673.0,18.88,2.745,31539,2022-02-03 12:15:00,17635.25,target,37.75,1454.54,38.85,-5.0,0,False
31622,2022-02-03 13:38:00,SHORT,17645.1,17644.0,9.2,1.136,31624,2022-02-03 13:40:00,17625.6,target,18.4,197.09,28.85,-0.1,0,False
31699,2022-02-03 14:55:00,SHORT,17600.75,17597.3,11.22,1.444,31704,2022-02-03 15:00:00,17608.52,stop,-11.22,-1727.73,13.6,-11.7,3,True
31717,2022-02-03 15:13:00,SHORT,17560.0,17559.75,10.27,1.025,31723,2022-02-03 15:19:00,17539.2,target,20.55,338.08,22.9,-4.4,0,False
31725,2022-02-03 15:21:00,SHORT,17531.2,17530.0,10.62,1.127,31727,2022-02-03 15:23:00,17540.62,stop,-10.62,-1687.52,2.8,-10.7,1,True
31739,2022-02-04 09:20:00,SHORT,17498.65,17496.15,20.48,1.139,31741,2022-02-04 09:22:00,17516.63,stop,-20.48,-2328.02,1.15,-41.0,0,False
31903,2022-02-04 12:04:00,SHORT,17535.0,17529.4,14.7,1.615,31905,2022-02-04 12:06:00,17544.1,stop,-14.7,-1952.84,1.85,-15.6,1,True
31910,2022-02-04 12:11:00,SHORT,17525.0,17524.95,9.51,1.005,31913,2022-02-04 12:14:00,17534.46,stop,-9.51,-1615.0,3.95,-10.95,0,False
32030,2022-02-04 14:11:00,SHORT,17555.0,17551.0,14.5,1.381,32034,2022-02-04 14:15:00,17565.5,stop,-14.5,-1939.64,11.7,-15.5,0,False
32053,2022-02-04 14:34:00,SHORT,17539.3,17536.0,15.39,1.273,32059,2022-02-04 14:40:00,17505.22,target,30.78,1003.78,34.9,-6.2,1,True
32119,2022-02-07 09:25:00,SHORT,17473.25,17470.0,21.24,1.181,32121,2022-02-07 09:27:00,17427.51,target,42.49,1765.8,50.0,-3.5,1,True
32189,2022-02-07 10:35:00,SHORT,17395.0,17390.95,15.01,1.369,32196,2022-02-07 10:42:00,17405.96,stop,-15.01,-1970.54,7.35,-17.05,1,True
32317,2022-02-07 12:43:00,LONG,17327.0,17331.4,14.78,1.424,32326,2022-02-07 12:52:00,17316.62,stop,-14.78,-1954.15,8.15,-14.9,0,False
32360,2022-02-07 13:26:00,SHORT,17261.05,17259.8,11.68,1.12,32363,2022-02-07 13:29:00,17271.48,stop,-11.68,-1751.59,2.8,-12.25,3,True
32419,2022-02-07 14:25:00,LONG,17198.8,17210.0,25.7,1.772,32435,2022-02-07 14:41:00,17184.3,stop,-25.7,-2661.69,10.0,-30.0,0,False
32437,2022-02-07 14:43:00,SHORT,17160.1,17160.0,13.57,1.007,32440,2022-02-07 14:46:00,17173.57,stop,-13.57,-1873.09,2.95,-14.95,0,False
32504,2022-02-08 09:35:00,LONG,17294.0,17295.0,21.71,1.048,32508,2022-02-08 09:39:00,17273.29,stop,-21.71,-2404.08,9.0,-25.15,0,False
32543,2022-02-08 10:14:00,SHORT,17202.0,17200.35,16.59,1.11,32554,2022-02-08 10:25:00,17167.18,target,33.17,1164.79,34.05,-5.3,3,True
32687,2022-02-08 12:38:00,LONG,17254.45,17260.05,18.47,1.435,32703,2022-02-08 12:54:00,17241.58,stop,-18.47,-2192.63,25.55,-31.55,2,True
32715,2022-02-08 13:06:00,SHORT,17176.15,17174.6,18.09,1.094,32719,2022-02-08 13:10:00,17138.43,target,36.17,1360.44,37.65,-0.4,6,True
32876,2022-02-09 09:32:00,LONG,17423.7,17425.0,14.45,1.099,32882,2022-02-09 09:38:00,17410.55,stop,-14.45,-1934.52,4.8,-20.0,4,True
32934,2022-02-09 10:30:00,SHORT,17395.0,17394.9,9.49,1.011,32937,2022-02-09 10:33:00,17404.39,stop,-9.49,-1611.29,3.9,-12.1,1,True
33016,2022-02-09 11:52:00,LONG,17421.75,17423.0,7.85,1.189,33018,2022-02-09 11:54:00,17415.15,stop,-7.85,-1505.56,0.6,-7.9,0,False
33033,2022-02-09 12:09:00,LONG,17427.7,17434.85,13.88,2.063,33052,2022-02-09 12:28:00,17420.97,stop,-13.88,-1897.18,4.1,-14.75,1,True
33060,2022-02-09 12:36:00,SHORT,17420.1,17418.15,8.41,1.302,33062,2022-02-09 12:38:00,17426.56,stop,-8.41,-1541.82,0.85,-10.75,1,True
33070,2022-02-09 12:46:00,LONG,17437.6,17439.2,7.59,1.267,33072,2022-02-09 12:48:00,17431.61,stop,-7.59,-1488.5,0.6,-12.7,5,True
33092,2022-02-09 13:08:00,SHORT,17395.0,17391.9,10.51,1.419,33100,2022-02-09 13:16:00,17402.41,stop,-10.51,-1677.62,6.5,-13.0,1,True
33138,2022-02-09 13:54:00,LONG,17432.35,17439.85,15.19,1.975,33139,2022-02-09 13:55:00,17424.66,stop,-15.19,-1982.7,4.95,-15.2,3,True
33212,2022-02-09 15:08:00,LONG,17475.0,17485.0,16.7,2.492,33229,2022-02-09 15:25:00,17485.6,eod,0.6,-957.27,5.0,-13.95,0,False
33249,2022-02-10 09:30:00,SHORT,17481.1,17479.35,14.23,1.14,33250,2022-02-10 09:31:00,17493.58,stop,-14.23,-1920.91,0.0,-14.35,0,False
33278,2022-02-10 09:59:00,SHORT,17456.0,17446.0,20.25,1.975,33280,2022-02-10 10:01:00,17466.25,stop,-20.25,-2312.04,5.5,-26.0,2,True
33286,2022-02-10 10:07:00,LONG,17479.9,17521.0,54.7,4.022,33388,2022-02-10 11:49:00,17630.4,target,109.4,6112.51,112.75,-29.8,0,False
33571,2022-02-10 14:52:00,SHORT,17619.55,17617.4,9.73,1.284,33576,2022-02-10 14:57:00,17627.13,stop,-9.73,-1630.87,6.3,-15.55,5,True
33618,2022-02-11 09:24:00,SHORT,17401.0,17397.15,22.11,1.211,33644,2022-02-11 09:50:00,17352.92,target,44.23,1880.06,47.15,-17.1,2,True
33804,2022-02-11 12:30:00,LONG,17350.0,17355.45,13.02,1.72,33814,2022-02-11 12:40:00,17381.49,target,26.04,698.3,29.35,-10.45,2,True
33858,2022-02-11 13:24:00,LONG,17400.0,17403.8,13.38,1.397,33864,2022-02-11 13:30:00,17390.42,stop,-13.38,-1864.2,9.65,-19.5,1,True
33868,2022-02-11 13:34:00,LONG,17414.25,17418.0,14.32,1.355,33885,2022-02-11 13:51:00,17403.68,stop,-14.32,-1925.67,25.75,-31.0,2,False
33944,2022-02-11 14:50:00,SHORT,17344.0,17336.95,17.98,1.645,33948,2022-02-11 14:54:00,17354.93,stop,-17.98,-2162.65,5.65,-27.05,1,True
34100,2022-02-14 11:11:00,SHORT,17035.0,17025.0,21.82,1.846,34129,2022-02-14 11:40:00,16981.37,target,43.63,1847.73,43.7,-9.15,1,True
34153,2022-02-14 12:04:00,LONG,17022.05,17025.0,12.37,1.313,34157,2022-02-14 12:08:00,17012.63,stop,-12.37,-1792.0,0.0,-17.95,0,False
34233,2022-02-14 13:24:00,LONG,17035.95,17036.75,11.51,1.075,34238,2022-02-14 13:29:00,17025.24,stop,-11.51,-1736.72,5.95,-11.75,1,True
34268,2022-02-14 13:59:00,SHORT,16969.0,16961.4,21.23,1.558,34281,2022-02-14 14:12:00,16918.94,target,42.46,1772.53,45.85,-8.45,1,True
34335,2022-02-14 15:06:00,SHORT,16855.5,16851.6,17.65,1.284,34354,2022-02-14 15:25:00,16816.3,target,35.3,1309.13,35.6,-15.4,0,False
34466,2022-02-15 11:02:00,LONG,16916.0,16923.9,19.0,1.711,34483,2022-02-15 11:19:00,16961.91,target,38.01,1483.43,40.8,0.0,2,True
34573,2022-02-15 12:49:00,LONG,17089.8,17097.65,20.2,1.636,34605,2022-02-15 13:21:00,17077.45,stop,-20.2,-2302.32,27.35,-20.25,1,True
34723,2022-02-15 15:19:00,LONG,17369.6,17377.5,18.14,1.772,34729,2022-02-15 15:25:00,17364.65,eod,-12.85,-1829.49,5.4,-17.95,1,True
34772,2022-02-16 09:53:00,SHORT,17344.6,17338.7,24.56,1.316,34780,2022-02-16 10:01:00,17363.26,stop,-24.56,-2590.4,32.05,-33.05,1,True
34917,2022-02-16 12:18:00,LONG,17371.75,17374.9,15.91,1.247,34934,2022-02-16 12:35:00,17406.73,target,31.83,1073.88,35.05,-13.95,0,False
34988,2022-02-16 13:29:00,LONG,17430.0,17433.0,14.48,1.261,35003,2022-02-16 13:44:00,17461.96,target,28.96,886.44,30.5,-13.0,1,True
35132,2022-02-17 09:38:00,SHORT,17276.65,17271.8,29.62,1.196,35135,2022-02-17 09:41:00,17301.42,stop,-29.62,-2918.12,19.2,-32.5,0,False
35183,2022-02-17 10:29:00,SHORT,17252.6,17234.7,34.2,2.098,35191,2022-02-17 10:37:00,17268.9,stop,-34.2,-3215.26,17.35,-46.3,0,False
35279,2022-02-17 12:05:00,LONG,17385.0,17390.0,18.65,1.366,35289,2022-02-17 12:15:00,17371.35,stop,-18.65,-2206.87,8.9,-28.3,8,True
35306,2022-02-17 12:32:00,LONG,17399.5,17406.85,18.2,1.677,35321,2022-02-17 12:47:00,17388.65,stop,-18.2,-2177.76,17.0,-29.85,0,False
35358,2022-02-17 13:24:00,SHORT,17375.0,17373.2,12.54,1.168,35364,2022-02-17 13:30:00,17385.74,stop,-12.54,-1809.31,16.15,-18.5,0,False
35376,2022-02-17 13:42:00,LONG,17410.0,17412.9,14.61,1.248,35388,2022-02-17 13:54:00,17398.29,stop,-14.61,-1944.3,7.1,-25.9,2,True
35399,2022-02-17 14:05:00,SHORT,17354.0,17349.85,17.73,1.306,35402,2022-02-17 14:08:00,17367.58,stop,-17.73,-2146.56,9.75,-20.0,0,False
35499,2022-02-18 09:30:00,LONG,17294.35,17295.3,18.92,1.053,35505,2022-02-18 09:36:00,17276.38,stop,-18.92,-2222.78,29.25,-20.25,0,False
35565,2022-02-18 10:36:00,SHORT,17281.5,17274.4,19.41,1.577,35587,2022-02-18 10:58:00,17293.81,stop,-19.41,-2254.28,19.4,-19.6,1,True
35597,2022-02-18 11:08:00,LONG,17318.0,17319.75,11.59,1.178,35599,2022-02-18 11:10:00,17308.16,stop,-11.59,-1746.75,2.2,-14.55,2,True
35602,2022-02-18 11:13:00,LONG,17324.55,17332.65,18.42,1.785,35609,2022-02-18 11:20:00,17314.23,stop,-18.42,-2190.57,9.35,-21.65,0,False
35637,2022-02-18 11:48:00,LONG,17341.0,17345.0,13.73,1.411,35647,2022-02-18 11:58:00,17331.27,stop,-13.73,-1886.17,3.0,-13.9,1,True
35693,2022-02-18 12:44:00,LONG,17368.0,17369.15,10.32,1.125,35704,2022-02-18 12:55:00,17358.83,stop,-10.32,-1665.15,18.85,-12.5,0,False
35735,2022-02-18 13:26:00,SHORT,17340.05,17336.0,13.79,1.416,35739,2022-02-18 13:30:00,17349.79,stop,-13.79,-1890.24,14.8,-15.0,1,True
35783,2022-02-18 14:14:00,SHORT,17319.9,17310.65,20.82,1.8,35790,2022-02-18 14:21:00,17269.02,target,41.63,1712.89,46.65,-14.3,0,False
35814,2022-02-18 14:45:00,SHORT,17255.0,17250.2,19.56,1.325,35817,2022-02-18 14:48:00,17269.76,stop,-19.56,-2263.61,4.95,-21.5,3,True
36024,2022-02-21 12:00:00,LONG,17281.25,17288.1,18.72,1.577,36041,2022-02-21 12:17:00,17325.54,target,37.44,1439.88,39.9,-4.9,0,False
36454,2022-02-22 12:55:00,SHORT,16912.15,16910.2,13.42,1.17,36464,2022-02-22 13:05:00,16883.36,target,26.84,758.53,30.85,-12.9,0,False
36516,2022-02-22 13:57:00,LONG,16955.0,16970.0,28.81,2.086,36520,2022-02-22 14:01:00,17027.63,target,57.63,2757.45,73.25,-1.2,0,False
36715,2022-02-23 11:01:00,LONG,17162.5,17165.0,12.1,1.26,36745,2022-02-23 11:31:00,17189.2,target,24.2,581.66,24.95,-6.7,0,False
36944,2022-02-23 14:50:00,LONG,17160.2,17162.0,13.1,1.159,36950,2022-02-23 14:56:00,17148.9,stop,-13.1,-1841.99,5.35,-20.15,2,True
36957,2022-02-23 15:03:00,SHORT,17100.0,17097.15,15.4,1.227,36958,2022-02-23 15:04:00,17112.55,stop,-15.4,-1990.77,0.0,-22.55,0,False
37190,2022-02-24 12:41:00,SHORT,16520.3,16517.0,14.5,1.295,37195,2022-02-24 12:46:00,16488.0,target,29.0,905.39,38.0,-2.0,0,False
37462,2022-02-25 11:13:00,SHORT,16717.2,16711.5,19.63,1.409,37474,2022-02-25 11:25:00,16731.13,stop,-19.63,-2259.34,19.45,-36.5,0,False
37610,2022-02-25 13:41:00,SHORT,16630.8,16626.85,18.2,1.277,37612,2022-02-25 13:43:00,16645.05,stop,-18.2,-2164.8,6.85,-30.7,1,True
37651,2022-02-25 14:22:00,LONG,16700.0,16706.15,20.74,1.422,37663,2022-02-25 14:34:00,16685.41,stop,-20.74,-2330.6,22.85,-64.8,0,False
37917,2022-02-28 12:33:00,LONG,16729.0,16737.8,25.22,1.536,37922,2022-02-28 12:38:00,16712.58,stop,-25.22,-2622.32,12.2,-25.8,3,True
37954,2022-02-28 13:10:00,LONG,16750.0,16751.5,15.42,1.108,37955,2022-02-28 13:11:00,16736.08,stop,-15.42,-1985.6,2.3,-16.0,1,True
38012,2022-02-28 14:08:00,SHORT,16657.75,16653.5,21.81,1.242,38014,2022-02-28 14:10:00,16675.31,stop,-21.81,-2399.75,7.95,-26.25,0,False
38043,2022-02-28 14:39:00,LONG,16725.0,16736.45,26.33,1.769,38064,2022-02-28 15:00:00,16789.11,target,52.66,2438.83,54.55,-22.55,1,True
38181,2022-03-02 10:42:00,SHORT,16561.0,16560.6,13.37,1.031,38187,2022-03-02 10:48:00,16573.97,stop,-13.37,-1849.34,10.05,-17.4,8,True
38251,2022-03-02 11:52:00,SHORT,16550.55,16538.35,24.19,2.017,38294,2022-03-02 12:35:00,16489.97,target,48.38,2164.8,57.05,-3.5,1,True
38439,2022-03-02 15:00:00,LONG,16576.0,16592.0,33.02,1.94,38464,2022-03-02 15:25:00,16646.05,eod,54.05,2531.49,57.8,-25.75,2,True
38520,2022-03-03 10:06:00,SHORT,16630.8,16623.4,21.01,1.544,38529,2022-03-03 10:15:00,16644.41,stop,-21.01,-2347.36,16.05,-28.05,0,False
38653,2022-03-03 12:19:00,SHORT,16605.0,16602.25,12.86,1.272,38655,2022-03-03 12:21:00,16576.52,target,25.73,691.15,37.15,-1.05,0,False
38728,2022-03-03 13:34:00,LONG,16529.8,16532.05,17.55,1.147,38739,2022-03-03 13:45:00,16567.15,target,35.1,1301.3,42.95,-14.05,0,False
38817,2022-03-03 15:03:00,SHORT,16471.1,16460.0,25.59,1.766,38826,2022-03-03 15:12:00,16485.59,stop,-25.59,-2642.43,14.9,-59.8,0,False
38899,2022-03-04 10:10:00,SHORT,16250.0,16249.0,16.87,1.063,38904,2022-03-04 10:15:00,16215.26,target,33.74,1218.17,36.65,-7.6,3,True
39006,2022-03-04 11:57:00,LONG,16283.0,16285.2,17.37,1.145,39010,2022-03-04 12:01:00,16267.83,stop,-17.37,-2104.38,7.35,-18.35,0,False
39041,2022-03-04 12:32:00,LONG,16289.9,16302.1,25.19,1.939,39049,2022-03-04 12:40:00,16352.49,target,50.39,2298.31,55.9,-2.85,0,False
39140,2022-03-04 14:11:00,SHORT,16360.05,16353.1,26.29,1.359,39145,2022-03-04 14:16:00,16379.39,stop,-26.29,-2685.6,9.6,-30.9,2,True
39166,2022-03-04 14:37:00,SHORT,16343.5,16326.6,36.91,1.844,39197,2022-03-04 15:08:00,16252.77,target,73.83,3822.67,74.55,-8.4,1,True
39452,2022-03-07 13:08:00,SHORT,15884.35,15866.35,32.49,2.243,39496,2022-03-07 13:52:00,15801.38,target,64.97,3254.85,70.2,-18.35,0,False
39577,2022-03-07 15:13:00,LONG,15884.7,15892.65,25.86,1.444,39581,2022-03-07 15:17:00,15866.79,stop,-25.86,-2649.35,0.85,-26.9,0,False
39621,2022-03-08 09:42:00,SHORT,15804.3,15804.0,17.02,1.018,39622,2022-03-08 09:43:00,15821.02,stop,-17.02,-2073.87,0.0,-27.05,1,True
39740,2022-03-08 11:41:00,SHORT,15773.7,15771.1,14.83,1.213,39748,2022-03-08 11:49:00,15741.45,target,29.65,960.47,30.6,-6.9,0,False
39876,2022-03-08 13:57:00,LONG,15852.6,15854.25,17.87,1.102,39881,2022-03-08 14:02:00,15889.99,target,35.74,1354.36,47.5,-7.1,4,True
39919,2022-03-08 14:40:00,LONG,15950.0,15970.0,38.44,2.085,39964,2022-03-08 15:25:00,16000.1,eod,30.1,985.72,63.0,-19.0,3,True
39970,2022-03-09 09:16:00,LONG,16027.2,16071.3,65.18,3.092,40153,2022-03-09 12:19:00,16201.66,target,130.36,7499.37,132.7,-42.95,1,False
40224,2022-03-09 13:30:00,SHORT,16273.55,16269.5,15.86,1.343,40231,2022-03-09 13:37:00,16285.36,stop,-15.86,-2006.26,30.5,-21.4,2,True
40314,2022-03-09 15:00:00,SHORT,16355.0,16349.95,19.47,1.35,40315,2022-03-09 15:01:00,16369.42,stop,-19.47,-2242.53,2.0,-20.05,0,False
40520,2022-03-10 12:11:00,SHORT,16712.2,16704.35,16.91,1.866,40535,2022-03-10 12:26:00,16721.26,stop,-16.91,-2082.36,23.9,-21.35,4,True
40612,2022-03-10 13:43:00,SHORT,16617.0,16609.2,23.68,1.491,40618,2022-03-10 13:49:00,16561.85,target,47.35,2096.69,48.2,-8.8,2,True
40701,2022-03-10 15:12:00,LONG,16642.15,16648.0,22.57,1.35,40705,2022-03-10 15:16:00,16625.43,stop,-22.57,-2448.88,4.0,-31.0,1,True
40786,2022-03-11 10:22:00,SHORT,16632.15,16628.55,18.86,1.236,40789,2022-03-11 10:25:00,16590.83,target,37.72,1469.98,51.75,-2.5,3,True
41068,2022-03-11 15:04:00,LONG,16670.0,16674.15,19.06,1.278,41070,2022-03-11 15:06:00,16655.09,stop,-19.06,-2220.85,0.0,-23.05,0,False
41118,2022-03-14 09:39:00,SHORT,16652.85,16633.5,35.21,2.22,41134,2022-03-14 09:55:00,16668.71,stop,-35.21,-3270.15,16.15,-45.45,1,True
41197,2022-03-14 10:58:00,LONG,16707.95,16715.0,16.87,1.718,41206,2022-03-14 11:07:00,16698.13,stop,-16.87,-2079.19,14.3,-16.95,1,True
41211,2022-03-14 11:12:00,LONG,16730.0,16731.3,11.65,1.126,41225,2022-03-14 11:26:00,16754.6,target,23.3,530.87,26.8,-11.4,0,False
41294,2022-03-14 12:35:00,LONG,16774.95,16783.4,17.48,1.936,41298,2022-03-14 12:39:00,16765.92,stop,-17.48,-2120.18,1.6,-18.4,0,False
41493,2022-03-15 09:39:00,SHORT,16852.9,16842.5,26.26,1.656,41517,2022-03-15 10:03:00,16868.76,stop,-26.26,-2692.36,31.25,-35.45,1,True
41679,2022-03-15 12:45:00,SHORT,16764.4,16752.95,26.76,1.748,41686,2022-03-15 12:52:00,16779.71,stop,-26.76,-2722.95,12.85,-36.95,3,True
41709,2022-03-15 13:15:00,SHORT,16719.9,16707.0,29.81,1.763,41731,2022-03-15 13:37:00,16736.81,stop,-29.81,-2920.6,28.95,-41.0,1,False
41752,2022-03-15 13:58:00,SHORT,16678.05,16670.0,24.54,1.488,41772,2022-03-15 14:18:00,16620.93,target,49.07,2207.55,49.85,-1.95,0,False
41774,2022-03-15 14:20:00,SHORT,16617.15,16605.4,25.8,1.836,41800,2022-03-15 14:46:00,16631.2,stop,-25.8,-2658.29,48.7,-29.5,2,True
41854,2022-03-16 09:25:00,LONG,16928.9,16935.0,27.93,1.279,41881,2022-03-16 09:52:00,16907.07,stop,-27.93,-2801.61,28.95,-29.45,0,False
41934,2022-03-16 10:45:00,LONG,16912.2,16920.05,19.82,1.656,41949,2022-03-16 11:00:00,16900.23,stop,-19.82,-2274.88,9.4,-25.05,2,True
41983,2022-03-16 11:34:00,LONG,16930.5,16938.65,17.3,1.89,42016,2022-03-16 12:07:00,16921.35,stop,-17.3,-2111.36,21.35,-18.1,2,True
42055,2022-03-16 12:46:00,LONG,16960.0,16968.65,18.78,1.854,42059,2022-03-16 12:50:00,16949.87,stop,-18.78,-2208.11,2.5,-30.3,1,True
42069,2022-03-16 13:00:00,SHORT,16920.55,16917.55,14.31,1.265,42076,2022-03-16 13:07:00,16931.86,stop,-14.31,-1916.85,11.0,-14.95,0,False
42082,2022-03-16 13:13:00,SHORT,16906.75,16904.45,13.76,1.201,42084,2022-03-16 13:15:00,16876.94,target,27.51,802.04,34.15,-3.25,5,True
42114,2022-03-16 13:45:00,LONG,16945.6,16948.45,16.12,1.215,42118,2022-03-16 13:49:00,16932.33,stop,-16.12,-2034.43,0.0,-17.45,0,False
42130,2022-03-16 14:01:00,SHORT,16920.1,16917.1,14.17,1.269,42131,2022-03-16 14:02:00,16931.27,stop,-14.17,-1907.36,5.0,-20.1,7,True
42143,2022-03-16 14:14:00,SHORT,16911.15,16911.0,11.38,1.013,42145,2022-03-16 14:16:00,16922.38,stop,-11.38,-1726.17,8.75,-13.0,3,True
42353,2022-03-17 11:29:00,LONG,17288.85,17295.9,13.92,2.026,42377,2022-03-17 11:53:00,17323.75,target,27.85,816.68,28.5,-5.9,0,False
42489,2022-03-17 13:45:00,SHORT,17309.75,17306.25,12.67,1.381,42490,2022-03-17 13:46:00,17318.92,stop,-12.67,-1817.09,0.0,-13.75,0,False
42497,2022-03-17 13:53:00,LONG,17333.15,17339.95,16.16,1.727,42511,2022-03-17 14:07:00,17372.26,target,32.31,1106.22,37.55,-4.95,5,True
42575,2022-03-17 15:11:00,SHORT,17303.05,17301.2,13.18,1.163,42577,2022-03-17 15:13:00,17314.38,stop,-13.18,-1849.79,6.25,-15.85,0,False
42626,2022-03-21 09:47:00,SHORT,17294.95,17293.6,15.75,1.094,42638,2022-03-21 09:59:00,17262.11,target,31.49,1054.16,38.45,-10.8,8,True
42791,2022-03-21 12:32:00,SHORT,17243.35,17239.05,12.76,1.508,42794,2022-03-21 12:35:00,17213.53,target,25.52,667.11,31.05,-2.6,1,True
42940,2022-03-21 15:01:00,LONG,17174.0,17174.95,11.83,1.087,42941,2022-03-21 15:02:00,17163.12,stop,-11.83,-1760.06,0.0,-22.9,1,False
43052,2022-03-22 10:38:00,SHORT,17065.0,17058.65,17.46,1.571,43065,2022-03-22 10:51:00,17076.11,stop,-17.46,-2124.12,7.65,-17.6,1,True
43098,2022-03-22 11:24:00,LONG,17116.35,17119.5,12.54,1.336,43103,2022-03-22 11:29:00,17106.96,stop,-12.54,-1804.63,8.2,-13.4,0,False
43150,2022-03-22 12:16:00,LONG,17090.5,17095.0,13.02,1.528,43164,2022-03-22 12:30:00,17081.98,stop,-13.02,-1835.7,12.45,-13.05,0,False
43174,2022-03-22 12:40:00,LONG,17123.0,17125.0,12.79,1.185,43175,2022-03-22 12:41:00,17150.58,target,25.58,672.23,36.5,0.0,2,True
43176,2022-03-22 12:42:00,LONG,17174.9,17204.55,46.15,2.797,43210,2022-03-22 13:16:00,17296.86,target,92.31,5007.11,93.2,-23.55,0,False
43321,2022-03-22 15:07:00,LONG,17349.75,17349.9,10.13,1.015,43337,2022-03-22 15:23:00,17370.15,target,20.25,322.31,21.1,-9.3,5,True
43411,2022-03-23 10:22:00,SHORT,17355.0,17340.75,27.29,2.092,43434,2022-03-23 10:45:00,17368.04,stop,-27.29,-2767.99,20.45,-28.25,1,True
43508,2022-03-23 11:59:00,SHORT,17346.1,17323.05,35.67,2.827,43544,2022-03-23 12:35:00,17251.72,target,71.33,3643.48,74.55,-1.95,3,True
43659,2022-03-23 14:30:00,LONG,17325.0,17330.0,18.06,1.383,43662,2022-03-23 14:33:00,17311.94,stop,-18.06,-2167.29,17.0,-18.15,0,False
43898,2022-03-24 12:14:00,SHORT,17223.95,17216.05,19.05,1.708,43908,2022-03-24 12:24:00,17177.95,target,38.1,1485.23,40.5,-3.95,1,True
44057,2022-03-24 14:53:00,SHORT,17258.05,17258.0,10.13,1.005,44060,2022-03-24 14:56:00,17268.13,stop,-10.13,-1650.98,1.15,-11.95,1,False
44104,2022-03-25 09:25:00,SHORT,17210.95,17205.0,22.89,1.351,44106,2022-03-25 09:27:00,17227.89,stop,-22.89,-2479.32,0.0,-28.0,1,True
44181,2022-03-25 10:42:00,SHORT,17196.1,17192.0,15.1,1.373,44182,2022-03-25 10:43:00,17207.1,stop,-15.1,-1972.98,0.0,-23.0,3,True
44265,2022-03-25 12:06:00,SHORT,17175.55,17168.6,16.45,1.732,44272,2022-03-25 12:13:00,17135.71,target,32.89,1147.35,34.3,-0.95,2,True
44299,2022-03-25 12:40:00,LONG,17167.6,17169.35,11.26,1.184,44310,2022-03-25 12:51:00,17158.09,stop,-11.26,-1722.7,15.35,-13.4,2,True
44359,2022-03-25 13:40:00,SHORT,17142.5,17131.95,21.56,1.959,44404,2022-03-25 14:25:00,17153.51,stop,-21.56,-2391.39,35.55,-26.4,0,False
44455,2022-03-25 15:16:00,LONG,17169.0,17181.25,22.96,2.143,44463,2022-03-25 15:24:00,17227.18,target,45.93,1993.62,53.45,-3.25,3,True
44571,2022-03-28 10:57:00,LONG,17064.95,17066.9,10.97,1.216,44579,2022-03-28 11:05:00,17055.93,stop,-10.97,-1701.96,6.1,-13.45,2,True
44638,2022-03-28 12:04:00,SHORT,17036.55,17034.95,9.49,1.203,44641,2022-03-28 12:07:00,17044.44,stop,-9.49,-1605.37,2.45,-10.3,0,False
44785,2022-03-28 14:31:00,LONG,17238.15,17242.7,13.93,1.485,44798,2022-03-28 14:44:00,17228.77,stop,-13.93,-1897.43,19.3,-20.7,5,True
44814,2022-03-28 15:00:00,LONG,17260.85,17261.0,11.96,1.013,44818,2022-03-28 15:04:00,17249.04,stop,-11.96,-1769.46,5.55,-14.3,5,True
44821,2022-03-28 15:07:00,LONG,17263.7,17274.9,22.37,2.003,44839,2022-03-28 15:25:00,17277.0,eod,2.1,-856.2,8.1,-16.5,3,True
44958,2022-04-01 11:09:00,LONG,17590.0,17601.0,18.72,2.425,44969,2022-04-01 11:20:00,17582.28,stop,-18.72,-2214.59,11.9,-19.85,1,True
45030,2022-04-01 12:21:00,SHORT,17563.25,17563.0,5.41,1.048,45031,2022-04-01 12:22:00,17568.41,stop,-5.41,-1349.21,0.1,-7.0,1,True
45042,2022-04-01 12:33:00,LONG,17588.9,17591.55,8.18,1.479,45047,2022-04-01 12:38:00,17583.37,stop,-8.18,-1529.9,4.4,-8.95,7,True
45299,2022-04-04 10:35:00,SHORT,18070.05,18065.0,16.21,1.453,45319,2022-04-04 10:55:00,18032.59,target,32.41,1100.87,32.85,-16.15,1,True
45393,2022-04-04 12:09:00,SHORT,18002.25,17997.5,14.36,1.494,45409,2022-04-04 12:25:00,17968.77,target,28.73,862.36,44.95,-7.5,1,True
45472,2022-04-04 13:28:00,LONG,18038.65,18041.0,13.46,1.212,45480,2022-04-04 13:36:00,18027.54,stop,-13.46,-1880.37,13.0,-20.0,1,True
45505,2022-04-04 14:01:00,LONG,18054.0,18054.15,9.76,1.016,45511,2022-04-04 14:07:00,18044.39,stop,-9.76,-1640.13,8.65,-10.05,1,True
45542,2022-04-04 14:38:00,LONG,18094.0,18095.0,9.76,1.114,45547,2022-04-04 14:43:00,18114.53,target,19.53,262.2,19.9,-3.35,1,True
45604,2022-04-05 09:25:00,LONG,18112.75,18116.3,18.65,1.235,45613,2022-04-05 09:34:00,18097.65,stop,-18.65,-2219.35,14.15,-31.7,2,True
45666,2022-04-05 10:27:00,LONG,18071.2,18077.1,16.7,1.546,45674,2022-04-05 10:35:00,18060.4,stop,-16.7,-2091.87,5.75,-25.1,0,False
45676,2022-04-05 10:37:00,SHORT,18046.65,18046.0,10.4,1.067,45678,2022-04-05 10:39:00,18025.2,target,20.8,345.91,21.0,0.0,1,True
45777,2022-04-05 12:18:00,SHORT,18071.1,18066.05,12.79,1.653,45792,2022-04-05 12:33:00,18078.84,stop,-12.79,-1837.27,14.0,-12.95,3,False
45821,2022-04-05 13:02:00,LONG,18093.0,18094.9,8.85,1.273,45824,2022-04-05 13:05:00,18112.6,target,17.7,143.56,38.1,-3.9,0,False
45878,2022-04-05 13:59:00,SHORT,18126.65,18094.0,43.41,4.036,45954,2022-04-05 15:15:00,18007.19,target,86.81,4636.26,87.7,-5.55,0,False
46081,2022-04-06 11:07:00,LONG,17872.7,17875.0,11.8,1.242,46129,2022-04-06 11:55:00,17898.61,target,23.61,531.32,28.4,-8.95,3,True
46153,2022-04-06 12:19:00,LONG,17933.5,17937.8,12.86,1.503,46161,2022-04-06 12:27:00,17924.94,stop,-12.86,-1839.52,3.8,-16.5,2,True
46218,2022-04-06 13:24:00,SHORT,17866.05,17864.15,11.47,1.199,46224,2022-04-06 13:30:00,17841.22,target,22.93,488.06,23.9,-5.85,1,True
46284,2022-04-06 14:30:00,LONG,17898.95,17905.0,16.76,1.565,46288,2022-04-06 14:34:00,17888.24,stop,-16.76,-2092.73,2.0,-25.0,0,False
46312,2022-04-06 14:58:00,SHORT,17855.35,17846.65,19.09,1.837,46314,2022-04-06 15:00:00,17865.74,stop,-19.09,-2243.28,4.9,-43.35,4,True
46404,2022-04-07 10:15:00,LONG,17790.0,17794.05,12.63,1.472,46410,2022-04-07 10:21:00,17781.42,stop,-12.63,-1822.11,1.75,-14.65,0,False
46415,2022-04-07 10:26:00,SHORT,17770.1,17769.35,8.27,1.1,46418,2022-04-07 10:29:00,17752.81,target,16.54,73.92,24.75,-2.65,2,True
46497,2022-04-07 11:48:00,LONG,17802.5,17802.7,8.21,1.025,46508,2022-04-07 11:59:00,17819.13,target,16.43,65.76,22.3,-5.35,0,False
46585,2022-04-07 13:16:00,SHORT,17822.0,17821.75,9.49,1.027,46587,2022-04-07 13:18:00,17831.24,stop,-9.49,-1618.91,0.7,-9.9,2,True
46642,2022-04-07 14:13:00,SHORT,17723.8,17714.0,21.46,1.841,46655,2022-04-07 14:26:00,17735.46,stop,-21.46,-2395.02,20.75,-25.0,0,False
46755,2022-04-08 09:51:00,SHORT,17693.1,17691.2,12.47,1.18,46763,2022-04-08 09:59:00,17703.67,stop,-12.47,-1810.31,24.2,-38.6,4,True
46978,2022-04-08 13:34:00,LONG,17836.15,17848.3,22.88,2.132,46999,2022-04-08 13:55:00,17894.06,target,45.76,1971.59,46.2,-0.05,1,True
47097,2022-04-11 09:18:00,SHORT,17776.75,17776.1,18.26,1.037,47103,2022-04-11 09:24:00,17739.58,target,36.52,1372.49,43.6,-0.95,2,True
47404,2022-04-11 14:25:00,LONG,17791.95,17793.65,11.24,1.178,47408,2022-04-11 14:29:00,17782.41,stop,-11.24,-1731.87,0.35,-12.1,0,False
47440,2022-04-11 15:01:00,SHORT,17714.65,17712.45,13.41,1.196,47447,2022-04-11 15:08:00,17725.86,stop,-13.41,-1871.59,17.45,-22.5,1,True
47608,2022-04-12 11:34:00,SHORT,17536.55,17534.3,8.79,1.344,47612,2022-04-12 11:38:00,17543.09,stop,-8.79,-1568.43,6.7,-11.7,0,False
47614,2022-04-12 11:40:00,LONG,17559.85,17560.25,8.61,1.049,47619,2022-04-12 11:45:00,17577.47,target,17.22,121.19,19.0,0.0,1,True
47657,2022-04-12 12:23:00,SHORT,17556.0,17550.7,13.71,1.63,47669,2022-04-12 12:35:00,17523.28,target,27.42,784.87,31.15,-2.55,1,True
47702,2022-04-12 13:08:00,SHORT,17519.55,17516.65,11.21,1.349,47719,2022-04-12 13:25:00,17527.86,stop,-11.21,-1725.4,15.65,-11.35,1,True
47737,2022-04-12 13:43:00,SHORT,17501.0,17495.85,14.77,1.535,47745,2022-04-12 13:51:00,17510.62,stop,-14.77,-1956.69,13.85,-16.2,0,False
47982,2022-04-13 11:33:00,LONG,17601.5,17602.7,8.94,1.155,47985,2022-04-13 11:36:00,17593.76,stop,-8.94,-1579.13,6.3,-15.3,2,True
47987,2022-04-13 11:38:00,SHORT,17581.05,17580.9,8.57,1.018,47990,2022-04-13 11:41:00,17563.76,target,17.14,116.02,20.3,-1.25,1,True
48143,2022-04-13 14:14:00,LONG,17550.0,17553.0,11.65,1.347,48153,2022-04-13 14:24:00,17541.35,stop,-11.65,-1754.73,17.4,-12.85,4,True
48269,2022-04-18 10:05:00,SHORT,17220.05,17211.2,20.83,1.739,48409,2022-04-18 12:25:00,17169.55,target,41.65,1715.99,45.75,-16.25,2,True
48504,2022-04-18 14:00:00,LONG,17201.5,17204.8,12.53,1.358,48506,2022-04-18 14:02:00,17191.3,stop_gap,-13.5,-1868.77,1.2,-28.5,1,True
48526,2022-04-18 14:22:00,LONG,17200.0,17203.05,13.5,1.292,48546,2022-04-18 14:42:00,17230.06,target,27.01,763.71,36.15,-12.0,1,True
48697,2022-04-19 10:58:00,SHORT,17216.0,17215.7,7.39,1.042,48703,2022-04-19 11:04:00,17223.09,stop,-7.39,-1471.88,13.35,-9.25,0,False
48714,2022-04-19 11:15:00,LONG,17239.9,17244.2,11.53,1.595,48737,2022-04-19 11:38:00,17267.25,target,23.05,506.09,24.45,-7.75,1,True
48799,2022-04-19 12:40:00,SHORT,17256.0,17255.0,8.29,1.137,48812,2022-04-19 12:53:00,17238.41,target,16.59,85.98,21.35,-3.0,0,False
48868,2022-04-19 13:49:00,LONG,17294.7,17296.6,11.81,1.192,48874,2022-04-19 13:55:00,17284.79,stop,-11.81,-1760.4,0.0,-14.6,1,True
48934,2022-04-19 14:55:00,SHORT,17202.25,17185.0,29.54,2.404,48939,2022-04-19 15:00:00,17125.93,target,59.07,2848.83,69.45,0.0,2,True
49082,2022-04-20 11:08:00,LONG,17145.8,17145.85,10.36,1.005,49095,2022-04-20 11:21:00,17135.49,stop,-10.36,-1663.95,7.45,-10.85,3,True
49102,2022-04-20 11:28:00,SHORT,17135.0,17122.95,20.45,2.434,49163,2022-04-20 12:29:00,17143.4,stop,-20.45,-2319.41,36.9,-21.95,0,False
49171,2022-04-20 12:37:00,LONG,17153.3,17169.3,26.29,2.555,49209,2022-04-20 13:15:00,17143.01,stop,-26.29,-2699.27,50.4,-34.65,2,True
49242,2022-04-20 13:48:00,SHORT,17131.65,17119.35,27.29,1.821,49295,2022-04-20 14:41:00,17146.64,stop,-27.29,-2763.73,40.35,-35.65,1,False
49404,2022-04-21 10:15:00,LONG,17285.0,17285.65,7.96,1.089,49413,2022-04-21 10:24:00,17277.69,stop,-7.96,-1510.29,9.3,-13.65,1,True
49552,2022-04-21 12:43:00,LONG,17378.15,17387.5,16.19,2.367,49561,2022-04-21 12:52:00,17371.31,stop,-16.19,-2046.71,11.4,-16.25,1,True
49653,2022-04-21 14:24:00,LONG,17422.95,17426.15,9.75,1.488,49655,2022-04-21 14:26:00,17416.4,stop,-9.75,-1629.13,0.8,-12.05,0,False
49695,2022-04-21 15:06:00,SHORT,17410.0,17403.0,14.87,1.89,49714,2022-04-21 15:25:00,17412.7,eod,-9.7,-1625.38,15.1,-13.35,1,True
49765,2022-04-22 10:01:00,SHORT,17223.85,17221.05,12.47,1.29,49795,2022-04-22 10:31:00,17233.52,stop,-12.47,-1802.36,4.2,-21.2,0,False
49921,2022-04-22 12:37:00,LONG,17304.3,17306.0,10.12,1.202,49934,2022-04-22 12:50:00,17295.88,stop,-10.12,-1650.62,9.4,-15.0,4,True
50007,2022-04-22 14:03:00,SHORT,17215.4,17190.8,37.94,2.844,50015,2022-04-22 14:11:00,17228.74,stop,-37.94,-3457.48,0.0,-39.2,1,True
50215,2022-04-25 11:16:00,SHORT,16987.05,16981.35,15.53,1.58,50222,2022-04-25 11:23:00,16996.88,stop,-15.53,-1997.22,7.8,-18.5,0,False
50382,2022-04-25 14:03:00,LONG,16963.4,16968.5,16.41,1.451,50394,2022-04-25 14:15:00,16952.0,stop_gap,-16.5,-2059.69,24.25,-30.7,0,False
50400,2022-04-25 14:21:00,SHORT,16929.05,16927.25,13.98,1.148,50421,2022-04-25 14:42:00,16899.29,target,27.96,830.66,39.2,-10.7,0,False
50460,2022-04-25 15:21:00,LONG,16959.55,16966.2,16.59,1.669,50464,2022-04-25 15:25:00,16976.0,eod,9.8,-350.53,9.8,-5.85,2,True
50517,2022-04-26 10:03:00,LONG,17185.7,17185.9,7.54,1.027,50521,2022-04-26 10:07:00,17178.36,stop,-7.54,-1481.26,2.45,-7.95,0,False
50526,2022-04-26 10:12:00,SHORT,17166.0,17165.05,8.56,1.125,50554,2022-04-26 10:40:00,17147.94,target,17.11,121.49,17.9,-6.0,0,False
50594,2022-04-26 11:20:00,LONG,17164.55,17166.4,7.46,1.33,50614,2022-04-26 11:40:00,17181.33,target,14.93,-20.8,17.9,-1.35,1,True
50773,2022-04-26 14:19:00,LONG,17164.7,17169.5,12.93,1.59,50776,2022-04-26 14:22:00,17156.57,stop,-12.93,-1831.22,8.15,-22.35,1,True
50796,2022-04-26 14:42:00,SHORT,17128.75,17123.45,14.76,1.56,50798,2022-04-26 14:44:00,17138.21,stop,-14.76,-1949.59,7.25,-27.55,0,False
50906,2022-04-27 10:17:00,SHORT,17066.7,17063.6,10.64,1.411,50921,2022-04-27 10:32:00,17042.31,target,21.29,394.73,21.8,-2.4,2,True
50961,2022-04-27 11:12:00,LONG,17061.25,17064.3,9.24,1.492,50966,2022-04-27 11:17:00,17055.06,stop,-9.24,-1589.74,2.05,-9.3,1,True
50979,2022-04-27 11:30:00,SHORT,17032.45,17029.15,10.21,1.477,50999,2022-04-27 11:50:00,17039.36,stop,-10.21,-1652.34,15.1,-14.3,0,False
51055,2022-04-27 12:46:00,SHORT,17021.95,17015.55,14.42,1.798,51061,2022-04-27 12:52:00,16986.71,target,28.84,886.42,30.95,-1.45,0,False
51100,2022-04-27 13:31:00,LONG,17045.15,17060.0,26.58,2.266,51150,2022-04-27 14:21:00,17033.42,stop,-26.58,-2716.24,31.45,-32.9,4,True
51305,2022-04-28 10:41:00,SHORT,17088.6,17086.9,8.49,1.25,51316,2022-04-28 10:52:00,17095.39,stop,-8.49,-1541.29,14.25,-10.05,3,True
51395,2022-04-29 10:19:00,LONG,17305.55,17308.75,13.89,1.299,51408,2022-04-29 10:32:00,17336.52,target,27.77,811.48,30.55,-12.55,0,False
51527,2022-04-29 12:31:00,SHORT,17352.6,17352.2,9.62,1.043,51528,2022-04-29 12:32:00,17361.82,stop,-9.62,-1619.26,0.0,-9.7,0,False
51530,2022-04-29 12:34:00,SHORT,17349.95,17349.6,9.36,1.039,51531,2022-04-29 12:35:00,17358.96,stop,-9.36,-1602.26,3.5,-14.4,2,True
51563,2022-04-29 13:07:00,LONG,17389.65,17394.0,13.26,1.488,51574,2022-04-29 13:18:00,17380.74,stop,-13.26,-1856.67,5.0,-17.95,4,True
51671,2022-05-02 10:37:00,LONG,17013.4,17015.0,12.28,1.15,51673,2022-05-02 10:39:00,17039.55,target,24.55,607.49,25.95,-3.35,3,True
51711,2022-05-02 11:17:00,SHORT,16970.0,16968.0,11.41,1.213,51714,2022-05-02 11:20:00,16979.41,stop,-11.41,-1728.82,5.35,-11.8,2,True
51752,2022-05-02 11:58:00,LONG,17006.5,17006.55,9.41,1.005,51763,2022-05-02 12:09:00,17025.38,target,18.83,235.3,20.45,-5.25,1,True
51881,2022-05-02 14:07:00,SHORT,17001.0,16993.0,19.76,1.681,51882,2022-05-02 14:08:00,17012.76,stop,-19.76,-2272.0,0.0,-20.0,3,True
51900,2022-05-02 14:26:00,SHORT,16987.9,16972.2,26.41,2.466,51904,2022-05-02 14:30:00,16998.61,stop,-26.41,-2704.22,0.0,-36.25,4,True
51920,2022-05-02 14:46:00,LONG,17031.8,17066.45,48.92,3.428,51959,2022-05-02 15:25:00,17075.5,eod,9.05,-400.98,51.55,-7.45,0,False
51987,2022-05-04 09:38:00,SHORT,17059.0,17058.1,12.83,1.075,51992,2022-05-04 09:43:00,17070.93,stop,-12.83,-1822.62,2.1,-17.4,2,True
52054,2022-05-04 10:45:00,SHORT,16962.65,16950.2,25.29,1.97,52067,2022-05-04 10:58:00,16975.49,stop,-25.29,-2630.91,15.1,-27.4,3,True
52138,2022-05-04 12:09:00,SHORT,16934.8,16916.15,29.09,2.786,52166,2022-05-04 12:37:00,16857.97,target,58.18,2795.52,64.05,-15.15,2,True
52249,2022-05-04 14:00:00,LONG,16931.3,16947.55,29.97,2.185,52252,2022-05-04 14:03:00,16917.58,stop,-29.97,-2934.56,46.0,-41.95,0,False
52253,2022-05-04 14:04:00,SHORT,16892.3,16885.35,28.39,1.324,52257,2022-05-04 14:08:00,16828.57,target,56.78,2704.92,97.9,-27.5,0,False
52360,2022-05-05 09:36:00,LONG,16863.0,16863.7,16.08,1.046,52388,2022-05-05 10:04:00,16895.86,target,32.16,1104.19,42.6,-11.7,1,True
52573,2022-05-05 13:09:00,SHORT,16865.0,16847.1,29.96,2.484,52607,2022-05-05 13:43:00,16787.18,target,59.92,2909.74,67.1,-18.9,2,True
52759,2022-05-06 10:00:00,SHORT,16436.75,16430.0,20.97,1.475,52774,2022-05-06 10:15:00,16388.05,target,41.95,1748.57,51.0,-7.6,2,True
52822,2022-05-06 11:03:00,SHORT,16360.6,16355.2,18.77,1.404,52826,2022-05-06 11:07:00,16373.97,stop,-18.77,-2196.86,4.2,-19.15,0,False
52860,2022-05-06 11:41:00,LONG,16421.0,16430.0,22.71,1.656,52865,2022-05-06 11:46:00,16407.29,stop,-22.71,-2454.32,1.0,-33.1,4,True
52951,2022-05-06 13:12:00,SHORT,16362.65,16360.05,13.22,1.245,52953,2022-05-06 13:14:00,16374.0,stop_gap,-13.95,-1883.8,2.05,-25.3,4,True
52967,2022-05-06 13:28:00,LONG,16426.0,16430.0,18.05,1.285,52971,2022-05-06 13:32:00,16411.95,stop,-18.05,-2151.13,22.95,-22.8,0,False
52977,2022-05-06 13:38:00,LONG,16437.6,16438.05,14.68,1.032,52979,2022-05-06 13:40:00,16423.37,stop,-14.68,-1932.29,9.85,-16.05,4,True
53183,2022-05-09 10:49:00,SHORT,16231.0,16229.8,11.23,1.12,53196,2022-05-09 11:02:00,16241.03,stop,-11.23,-1704.65,16.95,-16.25,4,True
53226,2022-05-09 11:32:00,LONG,16246.9,16254.95,16.34,1.971,53229,2022-05-09 11:35:00,16287.63,target,32.68,1148.45,33.9,-0.95,5,True
53346,2022-05-09 13:32:00,SHORT,16291.2,16284.25,21.67,1.472,53351,2022-05-09 13:37:00,16305.92,stop,-21.67,-2384.24,2.95,-23.7,2,True
53514,2022-05-10 10:05:00,SHORT,16265.1,16253.4,25.31,1.86,53524,2022-05-10 10:15:00,16278.71,stop,-25.31,-2620.44,0.35,-35.7,3,True
53623,2022-05-10 11:54:00,LONG,16340.0,16341.95,12.51,1.185,53629,2022-05-10 12:00:00,16366.98,target,25.03,649.6,32.75,-6.0,1,True
53705,2022-05-10 13:16:00,SHORT,16360.0,16346.4,25.92,2.104,53759,2022-05-10 14:10:00,16372.32,stop,-25.92,-2661.37,43.9,-32.5,0,False
53803,2022-05-10 14:54:00,SHORT,16317.15,16312.25,17.74,1.382,53806,2022-05-10 14:57:00,16276.76,target,35.49,1330.44,40.25,0.0,3,True
53810,2022-05-10 15:01:00,SHORT,16250.05,16249.2,18.19,1.049,53812,2022-05-10 15:03:00,16267.39,stop,-18.19,-2157.43,3.05,-22.75,0,False
53869,2022-05-11 09:45:00,SHORT,16211.3,16208.25,18.41,1.199,53873,2022-05-11 09:49:00,16226.66,stop,-18.41,-2171.18,17.95,-21.65,2,True
53895,2022-05-11 10:11:00,SHORT,16153.0,16150.0,18.57,1.193,53897,2022-05-11 10:13:00,16168.57,stop,-18.57,-2180.46,7.85,-19.5,0,False
53986,2022-05-11 11:42:00,LONG,16145.4,16154.6,21.4,1.754,54000,2022-05-11 11:56:00,16133.2,stop,-21.4,-2364.04,8.8,-23.5,0,False
54033,2022-05-11 12:29:00,SHORT,16109.05,16105.8,13.03,1.332,54034,2022-05-11 12:30:00,16118.83,stop,-13.03,-1819.89,0.0,-18.05,1,True
54040,2022-05-11 12:36:00,SHORT,16088.25,16085.7,15.28,1.2,54042,2022-05-11 12:38:00,16100.98,stop,-15.28,-1965.86,4.7,-23.4,3,True
54048,2022-05-11 12:44:00,SHORT,16075.9,16063.55,25.55,1.936,54081,2022-05-11 13:17:00,16012.45,target,51.1,2349.38,57.15,-10.35,1,True
54152,2022-05-11 14:28:00,LONG,16186.5,16189.0,17.39,1.168,54155,2022-05-11 14:31:00,16171.61,stop,-17.39,-2104.5,3.65,-48.0,7,True
54164,2022-05-11 14:40:00,LONG,16192.65,16211.55,37.2,2.033,54184,2022-05-11 15:00:00,16174.35,stop,-37.2,-3391.99,15.95,-48.75,0,False
54393,2022-05-12 12:14:00,LONG,15875.0,15875.7,11.19,1.067,54394,2022-05-12 12:15:00,15864.51,stop,-11.19,-1695.84,4.3,-12.1,1,True
54632,2022-05-13 09:58:00,SHORT,15937.35,15922.0,33.06,1.867,54657,2022-05-13 10:23:00,15955.06,stop,-33.06,-3118.75,32.0,-41.2,2,True
54683,2022-05-13 10:49:00,LONG,15986.45,15991.0,16.35,1.386,54718,2022-05-13 11:24:00,15974.65,stop,-16.35,-2033.05,26.4,-18.0,2,True
54731,2022-05-13 11:37:00,LONG,16017.4,16023.0,15.82,1.548,54739,2022-05-13 11:45:00,16007.18,stop,-15.82,-1999.08,7.0,-20.05,0,False
54786,2022-05-13 12:32:00,SHORT,16020.0,16016.5,16.11,1.277,54794,2022-05-13 12:40:00,16032.61,stop,-16.11,-2018.54,16.5,-16.2,4,True
54821,2022-05-13 13:07:00,LONG,16048.0,16048.45,11.37,1.041,54826,2022-05-13 13:12:00,16035.6,stop_gap,-12.85,-1806.75,4.55,-15.4,7,True
54873,2022-05-13 13:59:00,SHORT,16027.0,16022.35,17.58,1.36,54881,2022-05-13 14:07:00,15987.19,target,35.16,1314.55,42.35,-12.65,0,False
54973,2022-05-16 09:24:00,LONG,15873.95,15875.0,22.87,1.048,54984,2022-05-16 09:35:00,15920.74,target,45.74,2004.03,53.85,-5.0,3,True
55063,2022-05-16 10:54:00,SHORT,15922.0,15910.1,22.09,2.168,55075,2022-05-16 11:06:00,15932.19,stop,-22.09,-2405.12,24.6,-23.85,1,True
55104,2022-05-16 11:35:00,SHORT,15891.05,15883.9,18.98,1.605,55112,2022-05-16 11:43:00,15845.95,target,37.95,1498.11,44.3,-4.1,0,False
55220,2022-05-16 13:31:00,LONG,15850.0,15856.1,19.39,1.459,55234,2022-05-16 13:45:00,15894.88,target,38.78,1551.85,41.25,-16.05,0,False
55253,2022-05-16 14:04:00,LONG,15899.0,15912.3,29.96,1.798,55260,2022-05-16 14:11:00,15882.34,stop,-29.96,-2916.17,6.65,-32.3,2,True
55317,2022-05-16 15:08:00,SHORT,15837.1,15830.65,20.61,1.455,55327,2022-05-16 15:18:00,15851.26,stop,-20.61,-2307.82,20.65,-22.15,8,True
55398,2022-05-17 10:14:00,LONG,15966.95,15981.4,25.78,2.276,55414,2022-05-17 10:30:00,16032.96,target,51.56,2379.87,52.6,-2.5,5,True
55503,2022-05-17 11:59:00,SHORT,16111.55,16104.45,16.59,1.748,55511,2022-05-17 12:07:00,16121.04,stop,-16.59,-2050.8,8.35,-20.55,5,True
55531,2022-05-17 12:27:00,LONG,16125.0,16127.0,10.38,1.239,55532,2022-05-17 12:28:00,16116.62,stop,-10.38,-1647.63,0.0,-20.0,0,False
55538,2022-05-17 12:34:00,LONG,16128.05,16132.45,13.71,1.473,55545,2022-05-17 12:41:00,16118.74,stop,-13.71,-1863.81,4.55,-19.45,0,False
55578,2022-05-17 13:14:00,LONG,16164.95,16174.1,19.07,1.923,55582,2022-05-17 13:18:00,16155.04,stop,-19.07,-2212.79,3.5,-19.5,1,True
55792,2022-05-18 10:33:00,LONG,16308.1,16308.8,12.82,1.058,55795,2022-05-18 10:36:00,16334.44,target,25.64,690.16,30.2,-2.2,0,False
55893,2022-05-18 12:14:00,SHORT,16301.0,16295.0,14.53,1.703,55897,2022-05-18 12:18:00,16265.94,target,29.06,913.0,32.0,0.0,0,False
56177,2022-05-19 10:43:00,SHORT,15904.0,15897.5,14.57,1.805,56185,2022-05-19 10:51:00,15912.07,stop,-14.57,-1916.26,6.5,-15.25,0,False
56287,2022-05-19 12:33:00,SHORT,15826.8,15822.05,13.9,1.519,56289,2022-05-19 12:35:00,15835.95,stop,-13.9,-1871.56,0.0,-14.8,6,True
56304,2022-05-19 12:50:00,SHORT,15810.0,15808.4,10.09,1.188,56311,2022-05-19 12:57:00,15818.49,stop,-10.09,-1623.59,3.4,-12.85,4,True
56377,2022-05-19 14:03:00,LONG,15821.25,15822.0,9.89,1.082,56378,2022-05-19 14:04:00,15812.11,stop,-9.89,-1610.66,0.0,-11.9,1,True
56404,2022-05-19 14:30:00,SHORT,15775.1,15773.1,12.06,1.199,56405,2022-05-19 14:31:00,15785.16,stop,-12.06,-1751.01,2.05,-14.05,1,True
56496,2022-05-20 09:47:00,LONG,16124.2,16133.8,23.48,1.692,56571,2022-05-20 11:02:00,16180.76,target,46.96,2078.51,49.0,-5.15,1,True
56626,2022-05-20 11:57:00,SHORT,16166.05,16162.35,11.75,1.46,56632,2022-05-20 12:03:00,16138.86,target,23.49,553.47,28.25,-1.05,2,True
56635,2022-05-20 12:06:00,SHORT,16138.4,16128.75,19.25,2.005,56669,2022-05-20 12:40:00,16148.0,stop,-19.25,-2224.31,30.0,-27.15,3,True
56712,2022-05-20 13:23:00,LONG,16199.1,16208.0,17.75,2.006,56716,2022-05-20 13:27:00,16190.25,stop,-17.75,-2127.99,4.2,-27.9,2,True
56809,2022-05-20 15:00:00,LONG,16249.45,16258.4,20.52,1.774,56812,2022-05-20 15:03:00,16237.88,stop,-20.52,-2308.63,7.05,-20.7,2,True
56858,2022-05-23 09:34:00,SHORT,16206.0,16201.9,24.96,1.197,56865,2022-05-23 09:41:00,16226.86,stop,-24.96,-2596.81,16.65,-37.1,0,False
56967,2022-05-23 11:23:00,LONG,16340.0,16346.0,14.85,1.678,56989,2022-05-23 11:45:00,16331.15,stop,-14.85,-1942.07,12.0,-20.0,5,True
57019,2022-05-23 12:15:00,LONG,16358.0,16361.45,11.91,1.408,57021,2022-05-23 12:17:00,16349.54,stop,-11.91,-1750.98,1.95,-13.05,0,False
57122,2022-05-23 13:58:00,SHORT,16319.35,16316.9,16.91,1.169,57124,2022-05-23 14:00:00,16283.08,target,33.82,1222.11,40.8,-6.1,1,True
57155,2022-05-23 14:31:00,SHORT,16218.0,16211.1,24.01,1.403,57165,2022-05-23 14:41:00,16235.11,stop,-24.01,-2535.25,5.4,-35.9,0,False
57257,2022-05-24 09:58:00,SHORT,16126.4,16123.75,16.72,1.188,57279,2022-05-24 10:20:00,16090.3,target,33.44,1201.04,35.75,-4.25,0,False
57335,2022-05-24 11:16:00,SHORT,16113.7,16108.5,13.87,1.6,57343,2022-05-24 11:24:00,16122.37,stop,-13.87,-1874.47,0.4,-20.45,2,True
57454,2022-05-24 13:15:00,SHORT,16107.5,16103.55,21.66,1.223,57457,2022-05-24 13:18:00,16125.21,stop,-21.66,-2380.65,0.4,-22.45,6,True
57522,2022-05-24 14:23:00,SHORT,16097.2,16086.9,23.81,1.762,57551,2022-05-24 14:52:00,16039.27,target,47.63,2123.46,52.85,0.0,2,True
57708,2022-05-25 11:14:00,LONG,16152.95,16155.45,10.44,1.315,57709,2022-05-25 11:15:00,16145.01,stop,-10.44,-1652.17,7.65,-10.75,0,False
57814,2022-05-25 13:00:00,SHORT,16034.05,16026.7,17.82,1.702,57824,2022-05-25 13:10:00,16044.52,stop,-17.82,-2129.8,9.35,-25.7,0,False
57926,2022-05-25 14:52:00,SHORT,16000.15,15995.0,15.78,1.484,57932,2022-05-25 14:58:00,16010.78,stop,-15.78,-1996.78,13.0,-18.9,7,True
58197,2022-05-27 11:18:00,SHORT,16226.0,16225.3,10.54,1.071,58198,2022-05-27 11:19:00,16235.84,stop,-10.54,-1659.84,8.5,-12.7,0,False
58215,2022-05-27 11:36:00,LONG,16259.85,16260.6,10.77,1.075,58217,2022-05-27 11:38:00,16249.83,stop,-10.77,-1675.13,2.35,-19.55,5,False
58260,2022-05-27 12:21:00,LONG,16265.0,16272.95,20.29,1.644,58317,2022-05-27 13:18:00,16313.52,target,40.57,1661.1,56.05,-16.45,0,False
58356,2022-05-27 13:57:00,LONG,16337.45,16339.0,19.99,1.084,58366,2022-05-27 14:07:00,16319.01,stop,-19.99,-2275.77,10.1,-21.25,2,True
58393,2022-05-27 14:34:00,SHORT,16288.5,16281.8,19.42,1.527,58405,2022-05-27 14:46:00,16301.22,stop,-19.42,-2238.07,11.55,-36.75,2,True
58414,2022-05-27 14:55:00,LONG,16320.7,16326.0,16.68,1.466,58417,2022-05-27 14:58:00,16309.32,stop,-16.68,-2060.18,3.95,-17.15,1,True
58520,2022-05-30 10:26:00,LONG,16612.0,16620.0,17.17,1.873,58564,2022-05-30 11:10:00,16654.33,target,34.33,1249.67,34.8,-17.0,0,False
58716,2022-05-30 13:42:00,SHORT,16635.8,16635.45,7.86,1.047,58718,2022-05-30 13:44:00,16643.31,stop,-7.86,-1492.55,2.4,-9.55,1,True
58748,2022-05-30 14:14:00,SHORT,16617.0,16614.0,11.55,1.351,58753,2022-05-30 14:19:00,16625.55,stop,-11.55,-1732.3,22.0,-12.95,0,False
58923,2022-06-01 11:03:00,SHORT,16584.15,16581.6,11.05,1.3,58937,2022-06-01 11:17:00,16559.5,target,22.1,456.03,24.15,-4.05,1,True
58972,2022-06-01 11:52:00,LONG,16599.9,16602.4,10.67,1.306,58975,2022-06-01 11:55:00,16590.0,stop_gap,-12.4,-1786.98,1.45,-26.0,0,False
59001,2022-06-01 12:21:00,SHORT,16563.5,16563.3,8.25,1.025,59002,2022-06-01 12:22:00,16571.55,stop,-8.25,-1516.69,0.0,-8.7,2,True
59051,2022-06-01 13:11:00,SHORT,16535.0,16533.65,10.58,1.146,59052,2022-06-01 13:12:00,16544.23,stop,-10.58,-1667.66,3.15,-11.2,0,False
59144,2022-06-01 14:44:00,SHORT,16441.05,16436.6,15.31,1.41,59154,2022-06-01 14:54:00,16451.91,stop,-15.31,-1973.51,11.5,-17.7,0,False
59161,2022-06-01 15:01:00,LONG,16476.0,16477.1,11.76,1.103,59168,2022-06-01 15:08:00,16500.63,target,23.53,549.92,32.5,-4.95,0,False
59287,2022-06-02 10:52:00,SHORT,16486.0,16483.0,14.28,1.266,59289,2022-06-02 10:54:00,16497.28,stop,-14.28,-1907.33,7.25,-17.1,1,True
59389,2022-06-02 12:34:00,LONG,16581.7,16581.95,10.2,1.025,59391,2022-06-02 12:36:00,16571.75,stop,-10.2,-1643.49,11.05,-10.8,1,True
59478,2022-06-02 14:03:00,LONG,16606.75,16611.65,15.71,1.453,59508,2022-06-02 14:33:00,16595.94,stop,-15.71,-2001.94,18.35,-16.65,9,True
59530,2022-06-02 14:55:00,LONG,16623.5,16634.85,19.26,2.436,59535,2022-06-02 15:00:00,16615.59,stop,-19.26,-2233.05,10.15,-28.75,0,False
59536,2022-06-02 15:01:00,SHORT,16595.0,16591.6,13.97,1.322,59537,2022-06-02 15:02:00,16605.57,stop,-13.97,-1889.0,8.55,-14.1,0,False
59618,2022-06-03 10:08:00,SHORT,16754.65,16752.0,11.01,1.317,59639,2022-06-03 10:29:00,16729.99,target,22.01,447.18,25.0,-5.0,2,True
59712,2022-06-03 11:42:00,LONG,16752.4,16753.1,7.15,1.108,59753,2022-06-03 12:23:00,16745.95,stop,-7.15,-1448.58,13.9,-11.25,2,True
59897,2022-06-03 14:47:00,SHORT,16622.0,16615.95,18.35,1.492,59903,2022-06-03 14:53:00,16634.3,stop,-18.35,-2174.06,3.95,-19.55,1,True
60080,2022-06-06 11:35:00,SHORT,16494.0,16486.45,16.19,1.873,60083,2022-06-06 11:38:00,16502.64,stop,-16.19,-2031.79,4.4,-18.55,0,False
60096,2022-06-06 11:51:00,LONG,16513.0,16522.0,18.46,1.952,60119,2022-06-06 12:14:00,16558.91,target,36.91,1418.97,43.0,-3.2,1,True
60279,2022-06-06 14:54:00,LONG,16598.95,16608.35,19.37,1.943,60287,2022-06-06 15:02:00,16588.98,stop,-19.37,-2240.11,7.65,-22.3,1,False
60480,2022-06-07 12:00:00,LONG,16407.4,16408.7,7.96,1.195,60486,2022-06-07 12:06:00,16400.74,stop,-7.96,-1495.1,4.7,-14.7,0,False
60546,2022-06-07 13:06:00,SHORT,16400.0,16397.0,11.69,1.345,60551,2022-06-07 13:11:00,16408.69,stop,-11.69,-1737.35,4.0,-15.6,1,True
60599,2022-06-07 13:59:00,SHORT,16399.15,16391.0,17.83,1.842,60606,2022-06-07 14:06:00,16408.83,stop,-17.83,-2136.75,0.75,-20.0,0,False
60628,2022-06-07 14:28:00,LONG,16431.75,16445.0,22.9,2.374,60633,2022-06-07 14:33:00,16422.1,stop,-22.9,-2466.38,0.85,-23.0,5,True
60734,2022-06-08 09:59:00,SHORT,16372.0,16355.05,27.31,2.637,60743,2022-06-08 10:08:00,16382.36,stop,-27.31,-2751.95,45.05,-32.4,1,True
60922,2022-06-08 13:07:00,SHORT,16455.6,16454.7,8.61,1.117,60928,2022-06-08 13:13:00,16437.48,target,17.22,140.72,32.7,-2.3,2,True
61131,2022-06-09 10:21:00,LONG,16348.7,16360.75,20.99,2.348,61201,2022-06-09 11:31:00,16339.76,stop,-20.99,-2341.1,38.25,-23.65,0,False
61291,2022-06-09 13:01:00,SHORT,16359.15,16348.75,20.01,2.082,61318,2022-06-09 13:28:00,16368.76,stop,-20.01,-2277.56,25.25,-21.25,0,False
61441,2022-06-10 09:16:00,SHORT,16305.75,16298.1,30.38,1.337,61577,2022-06-10 11:32:00,16237.34,target,60.76,2973.8,62.55,-22.9,1,True
61694,2022-06-10 13:29:00,SHORT,16217.0,16210.7,14.14,1.803,61705,2022-06-10 13:40:00,16224.84,stop,-14.14,-1893.69,10.7,-17.25,8,True
61711,2022-06-10 13:46:00,LONG,16241.0,16244.5,11.96,1.414,61715,2022-06-10 13:50:00,16232.54,stop,-11.96,-1752.2,6.5,-13.5,1,True
61920,2022-06-13 11:00:00,LONG,15806.8,15808.8,8.74,1.297,61921,2022-06-13 11:01:00,15800.06,stop,-8.74,-1535.83,0.0,-10.8,2,True
62000,2022-06-13 12:20:00,LONG,15794.1,15794.75,6.89,1.104,62001,2022-06-13 12:21:00,15787.86,stop,-6.89,-1415.17,0.0,-10.65,2,True
62009,2022-06-13 12:29:00,SHORT,15777.1,15765.0,20.91,2.373,62018,2022-06-13 12:38:00,15785.91,stop,-20.91,-2326.19,3.95,-25.0,1,True
62150,2022-06-13 14:50:00,LONG,15753.95,15756.55,14.68,1.215,62154,2022-06-13 14:54:00,15741.87,stop,-14.68,-1920.67,10.35,-16.2,0,False
62177,2022-06-13 15:17:00,LONG,15767.95,15772.7,15.7,1.434,62185,2022-06-13 15:25:00,15781.75,eod,9.05,-378.85,11.0,-8.55,2,True
62380,2022-06-15 12:25:00,LONG,15768.9,15773.9,14.14,1.547,62411,2022-06-15 12:56:00,15759.76,stop,-14.14,-1885.7,25.1,-15.85,1,True
62492,2022-06-15 14:17:00,SHORT,15750.0,15745.5,12.74,1.546,62535,2022-06-15 15:00:00,15720.02,target,25.48,690.06,34.5,-7.45,3,True
62536,2022-06-15 15:01:00,SHORT,15707.5,15705.5,12.46,1.191,62548,2022-06-15 15:13:00,15717.96,stop,-12.46,-1775.89,14.5,-17.3,0,False
62687,2022-06-16 11:17:00,SHORT,15676.0,15667.45,19.4,1.788,62690,2022-06-16 11:20:00,15628.65,target,38.8,1556.66,40.5,0.0,2,True
62711,2022-06-16 11:41:00,SHORT,15614.0,15609.9,16.89,1.321,62716,2022-06-16 11:46:00,15626.79,stop,-16.89,-2061.95,9.9,-18.85,1,True
63055,2022-06-17 11:10:00,LONG,15349.75,15352.1,13.93,1.203,63057,2022-06-17 11:12:00,15338.17,stop,-13.93,-1865.18,7.1,-14.9,0,False
63152,2022-06-17 12:47:00,SHORT,15258.0,15255.0,20.52,1.171,63154,2022-06-17 12:49:00,15275.52,stop,-20.52,-2292.24,8.0,-22.3,2,True
63225,2022-06-17 14:00:00,LONG,15331.6,15357.75,40.3,2.849,63228,2022-06-17 14:03:00,15317.45,stop,-40.3,-3578.55,14.25,-41.75,3,True
63339,2022-06-20 09:39:00,SHORT,15247.0,15234.0,31.85,1.689,63353,2022-06-20 09:53:00,15265.85,stop,-31.85,-3028.38,31.7,-35.95,3,True
63444,2022-06-20 11:24:00,LONG,15308.95,15312.75,14.78,1.346,63451,2022-06-20 11:31:00,15297.97,stop,-14.78,-1919.42,8.25,-20.7,2,True
63500,2022-06-20 12:20:00,LONG,15359.0,15363.65,16.37,1.397,63507,2022-06-20 12:27:00,15347.28,stop,-16.37,-2024.03,13.45,-16.45,0,False
63603,2022-06-20 14:03:00,SHORT,15276.6,15265.75,23.01,1.892,63604,2022-06-20 14:04:00,15288.76,stop,-23.01,-2454.03,0.0,-23.95,1,True
63646,2022-06-20 14:46:00,SHORT,15264.05,15262.25,13.36,1.156,63648,2022-06-20 14:48:00,15275.61,stop,-13.36,-1826.67,8.3,-14.75,4,True
63673,2022-06-20 15:13:00,LONG,15345.95,15347.0,12.93,1.088,63677,2022-06-20 15:17:00,15372.85,target,25.85,720.27,28.0,-5.95,2,True
63721,2022-06-21 09:46:00,LONG,15494.8,15500.0,16.93,1.443,63726,2022-06-21 09:51:00,15533.85,target,33.85,1237.58,46.7,0.0,0,False
63757,2022-06-21 10:22:00,LONG,15589.8,15590.05,11.68,1.022,63773,2022-06-21 10:38:00,15578.37,stop,-11.68,-1722.73,16.85,-12.95,0,False
63833,2022-06-21 11:38:00,LONG,15609.0,15617.1,17.19,1.891,63864,2022-06-21 12:09:00,15599.91,stop,-17.19,-2081.29,10.35,-20.1,1,True
63899,2022-06-21 12:44:00,LONG,15627.45,15629.95,9.55,1.355,63901,2022-06-21 12:46:00,15649.05,target,19.1,276.41,20.05,0.0,6,True
64018,2022-06-21 14:43:00,SHORT,15681.0,15663.7,27.43,2.708,64060,2022-06-21 15:25:00,15629.65,eod,34.05,1248.24,42.3,-10.2,1,True
64227,2022-06-22 11:57:00,SHORT,15451.0,15447.2,11.69,1.482,64245,2022-06-22 12:15:00,15458.89,stop,-11.69,-1721.2,12.15,-14.55,2,True
64528,2022-06-23 10:43:00,SHORT,15583.2,15582.7,8.44,1.063,64531,2022-06-23 10:46:00,15591.14,stop,-8.44,-1512.11,12.7,-9.4,0,False
64626,2022-06-23 12:21:00,SHORT,15492.35,15466.0,38.46,3.175,64672,2022-06-23 13:07:00,15389.07,target,76.93,4038.65,84.75,-10.85,0,False
64701,2022-06-23 13:36:00,LONG,15476.85,15504.35,46.07,2.481,64810,2022-06-23 15:25:00,15583.0,eod,78.65,4148.74,87.6,-21.65,1,True
64878,2022-06-24 10:18:00,SHORT,15671.1,15668.4,14.97,1.22,64889,2022-06-24 10:29:00,15683.37,stop,-14.97,-1938.48,23.4,-15.45,1,True
64968,2022-06-24 11:48:00,SHORT,15654.85,15648.55,15.15,1.712,64977,2022-06-24 11:57:00,15618.25,target,30.3,1004.65,31.6,-12.45,1,True
65107,2022-06-24 14:07:00,LONG,15693.6,15695.6,13.1,1.18,65130,2022-06-24 14:30:00,15721.81,target,26.21,737.31,29.1,-10.6,0,False
65174,2022-06-24 15:14:00,LONG,15718.0,15724.15,16.12,1.617,65185,2022-06-24 15:25:00,15712.5,eod,-11.65,-1723.22,2.8,-14.15,2,True
65224,2022-06-27 09:49:00,SHORT,15894.1,15894.0,13.16,1.008,65283,2022-06-27 10:48:00,15867.67,target,26.33,742.17,33.0,-12.0,2,True
65334,2022-06-27 11:39:00,SHORT,15851.1,15844.3,15.47,1.784,65379,2022-06-27 12:24:00,15859.77,stop,-15.47,-1973.94,11.6,-17.7,2,True
65410,2022-06-27 12:55:00,LONG,15893.6,15900.95,15.64,1.887,65454,2022-06-27 13:39:00,15885.31,stop,-15.64,-1985.34,21.5,-16.4,0,False
65491,2022-06-27 14:16:00,SHORT,15873.85,15866.8,16.98,1.71,65520,2022-06-27 14:45:00,15832.84,target,33.96,1239.2,39.75,-15.95,4,True
65536,2022-06-27 15:01:00,SHORT,15832.7,15827.95,16.59,1.401,65552,2022-06-27 15:17:00,15844.54,stop,-16.59,-2046.6,8.85,-17.05,1,True
65666,2022-06-28 10:56:00,LONG,15747.6,15751.9,9.77,1.787,65667,2022-06-28 10:57:00,15742.13,stop,-9.77,-1601.28,1.65,-15.15,3,True
65668,2022-06-28 10:58:00,SHORT,15735.05,15733.45,8.21,1.242,65675,2022-06-28 11:05:00,15741.66,stop,-8.21,-1499.71,5.4,-11.8,0,False
65699,2022-06-28 11:29:00,LONG,15765.0,15767.85,10.03,1.397,65709,2022-06-28 11:39:00,15787.91,target,20.06,336.41,20.1,-4.25,0,False
65927,2022-06-28 15:17:00,LONG,15849.2,15850.05,10.53,1.088,65935,2022-06-28 15:25:00,15847.0,eod,-3.05,-1166.5,10.7,-7.05,3,False
65987,2022-06-29 10:02:00,LONG,15743.45,15746.3,13.21,1.275,65993,2022-06-29 10:08:00,15733.09,stop,-13.21,-1824.76,3.5,-13.8,0,False
66076,2022-06-29 11:31:00,LONG,15772.0,15774.9,9.78,1.421,66084,2022-06-29 11:39:00,15765.12,stop,-9.78,-1602.88,10.75,-12.5,1,True
66151,2022-06-29 12:46:00,LONG,15800.0,15801.3,9.86,1.152,66157,2022-06-29 12:52:00,15791.44,stop,-9.86,-1608.38,3.5,-11.7,1,True
66260,2022-06-29 14:35:00,SHORT,15805.0,15790.5,24.41,2.463,66266,2022-06-29 14:41:00,15814.91,stop,-24.41,-2554.0,8.5,-25.5,1,True
66293,2022-06-29 15:08:00,SHORT,15789.2,15775.0,25.01,2.314,66310,2022-06-29 15:25:00,15767.95,eod,7.05,-508.74,8.8,-13.85,9,True
66337,2022-06-30 09:37:00,LONG,15861.95,15862.0,11.49,1.004,66351,2022-06-30 09:51:00,15850.51,stop,-11.49,-1715.04,14.6,-12.0,1,True
66372,2022-06-30 10:12:00,SHORT,15826.6,15821.2,15.04,1.56,66378,2022-06-30 10:18:00,15791.12,target,30.08,987.28,31.2,-6.35,0,False
66433,2022-06-30 11:13:00,SHORT,15770.0,15766.0,14.21,1.392,66446,2022-06-30 11:26:00,15780.21,stop,-14.21,-1890.44,19.6,-19.9,4,True
66486,2022-06-30 12:06:00,SHORT,15757.1,15755.05,10.15,1.253,66493,2022-06-30 12:13:00,15734.74,target,20.31,353.46,23.95,-7.15,10,True
66510,2022-06-30 12:30:00,SHORT,15725.45,15717.6,16.23,1.937,66518,2022-06-30 12:38:00,15733.83,stop,-16.23,-2020.81,5.6,-20.4,0,False
66614,2022-06-30 14:14:00,LONG,15830.6,15831.95,14.34,1.104,66616,2022-06-30 14:16:00,15817.61,stop,-14.34,-1899.62,6.65,-16.55,1,True
66810,2022-07-01 11:15:00,LONG,15608.0,15618.4,19.6,2.13,66829,2022-07-01 11:34:00,15598.8,stop,-19.6,-2238.18,10.6,-20.4,0,False
66842,2022-07-01 11:47:00,SHORT,15580.0,15579.75,8.66,1.03,66852,2022-07-01 11:57:00,15588.41,stop,-8.66,-1526.34,14.6,-10.25,0,False
66873,2022-07-01 12:18:00,LONG,15629.0,15636.95,15.93,1.996,66884,2022-07-01 12:29:00,15621.02,stop,-15.93,-1999.74,5.3,-15.95,1,True
66912,2022-07-01 12:57:00,LONG,15639.3,15645.0,15.33,1.592,66923,2022-07-01 13:08:00,15675.65,target,30.65,1027.23,36.9,-8.6,1,True
67006,2022-07-01 14:31:00,SHORT,15637.5,15635.2,14.07,1.195,67007,2022-07-01 14:32:00,15649.27,stop,-14.07,-1879.43,1.9,-23.7,0,False
67019,2022-07-01 14:44:00,LONG,15697.95,15710.75,25.82,1.983,67047,2022-07-01 15:12:00,15762.38,target,51.63,2389.32,54.95,-19.8,0,False
67097,2022-07-04 09:47:00,SHORT,15690.95,15675.85,29.21,2.07,67156,2022-07-04 10:46:00,15705.06,stop,-29.21,-2864.22,23.95,-30.55,0,False
67197,2022-07-04 11:27:00,LONG,15734.35,15735.9,8.67,1.218,67205,2022-07-04 11:35:00,15753.24,target,17.34,160.82,18.05,-3.9,1,True
67247,2022-07-04 12:17:00,LONG,15765.0,15767.7,10.77,1.334,67252,2022-07-04 12:22:00,15756.93,stop,-10.77,-1666.91,2.3,-12.0,0,False
67278,2022-07-04 12:48:00,SHORT,15741.55,15738.0,11.28,1.459,67279,2022-07-04 12:49:00,15749.28,stop,-11.28,-1699.92,0.0,-12.0,1,True
67294,2022-07-04 13:04:00,LONG,15772.7,15773.8,8.94,1.14,67300,2022-07-04 13:10:00,15764.86,stop,-8.94,-1547.98,5.2,-11.5,4,True
67358,2022-07-04 14:08:00,LONG,15760.4,15761.45,9.26,1.128,67368,2022-07-04 14:18:00,15779.98,target,18.53,237.17,19.55,-5.4,2,True
67569,2022-07-05 11:24:00,LONG,15992.6,15997.8,11.11,1.88,67580,2022-07-05 11:35:00,15986.69,stop,-11.11,-1692.92,1.2,-12.45,0,False
67674,2022-07-05 13:09:00,SHORT,15950.95,15945.0,14.42,1.702,67678,2022-07-05 13:13:00,15959.42,stop,-14.42,-1907.31,0.55,-17.1,3,True
67776,2022-07-05 14:51:00,SHORT,15804.7,15800.6,15.59,1.357,67788,2022-07-05 15:03:00,15769.41,target,31.19,1059.86,40.6,-9.4,1,True
67904,2022-07-06 10:44:00,LONG,15869.9,15872.6,10.71,1.337,67910,2022-07-06 10:50:00,15894.02,target,21.42,423.25,26.5,-6.15,3,True
67954,2022-07-06 11:34:00,SHORT,15840.0,15831.6,18.42,1.839,67978,2022-07-06 11:58:00,15850.02,stop,-18.42,-2165.08,17.15,-18.6,4,True
68047,2022-07-06 13:07:00,LONG,15972.15,15985.0,23.5,2.207,68073,2022-07-06 13:33:00,15961.5,stop,-23.5,-2497.48,14.0,-31.75,4,True
68146,2022-07-06 14:46:00,SHORT,15882.65,15880.0,15.06,1.213,68147,2022-07-06 14:47:00,15895.06,stop,-15.06,-1947.97,4.0,-19.9,1,True
68304,2022-07-07 11:09:00,SHORT,16085.2,16084.55,8.4,1.084,68317,2022-07-07 11:22:00,16092.95,stop,-8.4,-1518.35,12.85,-8.5,0,False
68418,2022-07-07 13:03:00,LONG,16117.65,16118.0,8.12,1.045,68420,2022-07-07 13:05:00,16134.23,target,16.23,82.07,17.0,0.0,1,True
68452,2022-07-07 13:37:00,LONG,16130.55,16135.05,12.21,1.584,68460,2022-07-07 13:45:00,16122.84,stop,-12.21,-1766.71,9.8,-20.6,8,True
68486,2022-07-07 14:11:00,SHORT,16075.0,16069.7,15.53,1.518,68497,2022-07-07 14:22:00,16085.23,stop,-15.53,-1981.76,27.7,-23.55,1,True
68519,2022-07-07 14:44:00,LONG,16119.0,16123.0,13.72,1.412,68538,2022-07-07 15:03:00,16150.43,target,27.43,809.89,32.75,-5.6,4,True
68675,2022-07-08 11:05:00,SHORT,16202.9,16201.55,6.65,1.255,68693,2022-07-08 11:23:00,16188.24,target,13.31,-109.24,14.4,-5.5,2,True
68810,2022-07-08 13:20:00,SHORT,16191.0,16189.0,8.01,1.333,68814,2022-07-08 13:24:00,16197.01,stop,-8.01,-1494.96,4.0,-11.75,3,True
68827,2022-07-08 13:37:00,LONG,16220.0,16223.65,9.71,1.602,68840,2022-07-08 13:50:00,16213.94,stop,-9.71,-1605.76,13.0,-12.65,2,True
68867,2022-07-08 14:17:00,SHORT,16187.2,16183.95,11.0,1.419,68872,2022-07-08 14:22:00,16194.95,stop,-11.0,-1689.21,3.95,-15.35,0,False
68911,2022-07-08 15:01:00,LONG,16205.0,16205.9,9.77,1.102,68920,2022-07-08 15:10:00,16225.43,target,19.53,294.84,22.1,-0.8,1,True
68957,2022-07-11 09:32:00,SHORT,16122.0,16121.0,11.55,1.095,68967,2022-07-11 09:42:00,16132.55,stop,-11.55,-1723.58,14.55,-16.4,0,False
69069,2022-07-11 11:24:00,SHORT,16133.75,16130.55,8.0,1.666,69072,2022-07-11 11:27:00,16138.55,stop,-8.0,-1493.2,0.55,-9.05,2,True
69074,2022-07-11 11:29:00,SHORT,16129.0,16125.6,8.4,1.681,69077,2022-07-11 11:32:00,16134.0,stop,-8.4,-1518.75,2.9,-11.3,1,True
69163,2022-07-11 12:58:00,LONG,16139.1,16139.85,6.95,1.121,69170,2022-07-11 13:05:00,16153.74,target,13.89,-70.39,15.75,-6.05,3,True
69258,2022-07-11 14:33:00,LONG,16240.0,16244.75,14.52,1.486,69266,2022-07-11 14:41:00,16230.15,stop_gap,-14.6,-1923.83,8.45,-16.2,5,True
69299,2022-07-11 15:14:00,SHORT,16210.0,16209.95,8.12,1.006,69300,2022-07-11 15:15:00,16218.07,stop,-8.12,-1502.06,2.95,-9.75,1,True
69365,2022-07-12 10:05:00,LONG,16140.85,16143.55,9.37,1.405,69374,2022-07-12 10:14:00,16134.18,stop,-9.37,-1582.12,6.2,-10.35,0,False
69593,2022-07-12 13:53:00,LONG,16105.0,16109.45,11.28,1.652,69597,2022-07-12 13:57:00,16098.17,stop,-11.28,-1705.75,1.15,-17.6,1,True
69659,2022-07-12 14:59:00,SHORT,16077.05,16073.2,11.43,1.508,69660,2022-07-12 15:00:00,16050.35,target,22.85,513.44,26.0,0.0,1,True
69722,2022-07-13 09:47:00,LONG,16125.5,16127.45,9.08,1.274,69729,2022-07-13 09:54:00,16118.37,stop,-9.08,-1562.96,1.05,-9.3,4,True
69756,2022-07-13 10:21:00,SHORT,16108.45,16105.1,9.11,1.581,69765,2022-07-13 10:30:00,16086.88,target,18.22,212.01,22.2,-0.3,1,True
69814,2022-07-13 11:19:00,LONG,16091.05,16094.8,9.62,1.638,69839,2022-07-13 11:44:00,16085.18,stop,-9.62,-1597.92,14.2,-10.4,1,True
69982,2022-07-13 14:07:00,LONG,16017.55,16023.0,14.81,1.582,69984,2022-07-13 14:09:00,16008.19,stop,-14.81,-1933.66,1.0,-16.0,1,True
70022,2022-07-13 14:47:00,SHORT,15998.55,15989.7,17.85,1.983,70034,2022-07-13 14:59:00,16007.55,stop,-17.85,-2130.93,1.75,-23.2,0,False
70070,2022-07-14 09:20:00,LONG,16024.0,16032.95,19.69,1.833,70074,2022-07-14 09:24:00,16013.26,stop,-19.69,-2251.01,4.8,-22.85,6,True
70290,2022-07-14 13:00:00,LONG,15982.1,15991.4,18.89,1.969,70293,2022-07-14 13:03:00,15972.51,stop,-18.89,-2198.47,7.6,-19.4,1,True
70345,2022-07-14 13:55:00,SHORT,15922.8,15917.0,16.0,1.569,70362,2022-07-14 14:12:00,15885.01,target,31.99,1110.14,39.0,-6.65,7,True
70410,2022-07-14 15:00:00,LONG,15918.85,15921.8,13.02,1.293,70412,2022-07-14 15:02:00,15908.78,stop,-13.02,-1815.51,5.75,-19.75,0,False
70531,2022-07-15 10:46:00,SHORT,15982.3,15979.0,9.32,1.548,70543,2022-07-15 10:58:00,15988.32,stop,-9.32,-1576.62,10.9,-10.35,1,True
70652,2022-07-15 12:47:00,LONG,15967.45,15971.85,13.19,1.5,70698,2022-07-15 13:33:00,15958.66,stop,-13.19,-1827.84,24.05,-14.7,1,True
70739,2022-07-15 14:14:00,LONG,15995.0,16009.15,21.87,2.833,70786,2022-07-15 15:01:00,16052.89,target,43.74,1871.5,45.85,-9.15,3,True
70868,2022-07-18 10:08:00,LONG,16197.85,16206.45,16.16,2.137,70920,2022-07-18 11:00:00,16238.78,target,32.33,1126.36,33.15,-12.45,1,True
70946,2022-07-18 11:26:00,SHORT,16229.85,16228.5,6.48,1.263,70950,2022-07-18 11:30:00,16234.98,stop,-6.48,-1396.28,2.5,-10.1,0,False
70975,2022-07-18 11:55:00,SHORT,16219.3,16218.0,6.62,1.245,70981,2022-07-18 12:01:00,16224.62,stop,-6.62,-1404.62,7.35,-8.35,0,False
71064,2022-07-18 13:24:00,SHORT,16233.0,16231.0,7.49,1.364,71073,2022-07-18 13:33:00,16238.49,stop,-7.49,-1461.76,8.75,-8.5,1,True
71096,2022-07-18 13:56:00,LONG,16252.85,16261.5,14.16,2.569,71155,2022-07-18 14:55:00,16289.83,target,28.33,865.56,28.5,-12.0,0,False
71340,2022-07-19 11:45:00,SHORT,16271.1,16262.0,16.28,2.267,71342,2022-07-19 11:47:00,16278.28,stop,-16.28,-2033.75,4.6,-18.0,1,True
71387,2022-07-19 12:32:00,LONG,16317.0,16320.95,12.16,1.481,71406,2022-07-19 12:51:00,16308.79,stop,-12.16,-1766.65,10.35,-14.25,1,False
71490,2022-07-19 14:15:00,SHORT,16292.0,16290.7,9.66,1.156,71493,2022-07-19 14:18:00,16300.36,stop,-9.66,-1603.65,5.7,-23.2,0,False
71503,2022-07-19 14:28:00,LONG,16332.05,16334.55,11.52,1.277,71515,2022-07-19 14:40:00,16357.58,target,23.03,520.22,26.45,-8.1,1,True
71646,2022-07-20 10:36:00,LONG,16550.35,16554.0,10.13,1.563,71652,2022-07-20 10:42:00,16543.87,stop,-10.13,-1638.68,2.75,-11.35,2,True
71716,2022-07-20 11:46:00,SHORT,16547.75,16543.75,9.15,1.776,71729,2022-07-20 11:59:00,16552.9,stop,-9.15,-1575.08,11.45,-10.0,0,False
71785,2022-07-20 12:55:00,SHORT,16564.0,16562.0,7.04,1.397,71790,2022-07-20 13:00:00,16569.04,stop,-7.04,-1438.26,1.75,-8.7,0,False
71803,2022-07-20 13:13:00,SHORT,16532.3,16531.2,7.47,1.173,71805,2022-07-20 13:15:00,16516.25,target,14.95,-8.39,16.15,0.0,0,False
71877,2022-07-20 14:27:00,SHORT,16511.1,16510.0,8.22,1.154,71879,2022-07-20 14:29:00,16518.22,stop,-8.22,-1513.94,2.0,-14.0,0,False
71934,2022-07-20 15:24:00,SHORT,16507.1,16504.55,9.08,1.391,71935,2022-07-20 15:25:00,16502.0,eod,2.55,-813.73,3.55,-1.6,5,True
71970,2022-07-21 09:45:00,LONG,16541.95,16542.0,7.73,1.007,71979,2022-07-21 09:54:00,16557.45,target,15.45,23.98,16.0,-4.0,0,False
72066,2022-07-21 11:21:00,LONG,16578.4,16578.65,6.0,1.044,72075,2022-07-21 11:30:00,16590.64,target,11.99,-201.55,14.25,-1.6,4,True
72127,2022-07-21 12:22:00,SHORT,16566.1,16563.9,7.97,1.381,72131,2022-07-21 12:26:00,16571.87,stop,-7.97,-1498.78,0.0,-9.9,2,True
72156,2022-07-21 12:51:00,LONG,16584.1,16585.85,9.14,1.237,72162,2022-07-21 12:57:00,16576.71,stop,-9.14,-1574.97,4.7,-11.85,0,False
72165,2022-07-21 13:00:00,SHORT,16560.55,16557.8,10.59,1.351,72180,2022-07-21 13:15:00,16536.61,target,21.19,396.84,23.4,-3.45,2,True
72261,2022-07-21 14:36:00,LONG,16590.55,16594.95,12.58,1.538,72267,2022-07-21 14:42:00,16582.37,stop,-12.58,-1798.77,3.85,-18.9,4,True
72297,2022-07-21 15:12:00,LONG,16600.0,16600.6,7.79,1.083,72298,2022-07-21 15:13:00,16592.81,stop,-7.79,-1487.17,0.0,-11.7,1,True
72358,2022-07-22 09:58:00,SHORT,16640.0,16636.45,11.26,1.46,72367,2022-07-22 10:07:00,16647.71,stop,-11.26,-1713.9,12.55,-13.5,0,False
72455,2022-07-22 11:35:00,LONG,16643.45,16647.8,10.07,1.761,72459,2022-07-22 11:39:00,16637.73,stop,-10.07,-1636.14,0.2,-12.7,0,False
72464,2022-07-22 11:44:00,LONG,16650.45,16652.1,7.09,1.304,72466,2022-07-22 11:46:00,16666.27,target,14.17,-61.02,16.9,-1.95,3,True
72680,2022-07-22 15:20:00,SHORT,16715.15,16714.5,7.5,1.095,72685,2022-07-22 15:25:00,16716.3,eod,-1.8,-1100.08,4.5,-2.5,4,True
72706,2022-07-25 09:31:00,SHORT,16657.7,16654.9,13.45,1.263,72720,2022-07-25 09:45:00,16628.0,target,26.9,766.3,27.85,-9.7,0,False
72799,2022-07-25 11:04:00,SHORT,16593.05,16583.9,16.27,2.286,72844,2022-07-25 11:49:00,16600.17,stop,-16.27,-2038.25,22.4,-19.65,1,True
72928,2022-07-25 13:13:00,LONG,16608.9,16609.95,8.17,1.147,72930,2022-07-25 13:15:00,16626.29,target,16.34,80.68,16.55,-0.65,0,False
72997,2022-07-25 14:22:00,LONG,16664.6,16665.85,9.14,1.158,73010,2022-07-25 14:35:00,16684.13,target,18.28,205.81,19.35,-4.8,0,False
73035,2022-07-25 15:00:00,SHORT,16665.0,16651.85,21.24,2.626,73059,2022-07-25 15:24:00,16609.37,target,42.48,1779.14,49.6,-11.15,0,False
73069,2022-07-26 09:19:00,SHORT,16575.0,16564.6,21.44,1.942,73120,2022-07-26 10:10:00,16521.71,target,42.89,1807.42,43.2,-8.4,3,True
73224,2022-07-26 11:54:00,LONG,16538.8,16541.8,9.45,1.465,73259,2022-07-26 12:29:00,16532.35,stop,-9.45,-1593.93,11.55,-9.9,0,False
73261,2022-07-26 12:31:00,LONG,16553.35,16560.5,14.84,1.93,73275,2022-07-26 12:45:00,16545.66,stop,-14.84,-1944.78,2.25,-15.35,1,False
73310,2022-07-26 13:20:00,LONG,16558.0,16564.0,11.63,2.065,73331,2022-07-26 13:41:00,16552.37,stop,-11.63,-1736.4,10.85,-16.7,5,True
73391,2022-07-26 14:41:00,SHORT,16508.0,16498.35,17.7,2.199,73405,2022-07-26 14:55:00,16516.05,stop,-17.7,-2129.91,13.35,-17.85,3,True
73588,2022-07-27 11:43:00,LONG,16566.4,16570.6,9.87,1.741,73592,2022-07-27 11:47:00,16560.73,stop,-9.87,-1621.92,1.9,-10.65,0,False
73625,2022-07-27 12:20:00,SHORT,16554.0,16552.75,6.55,1.236,73638,2022-07-27 12:33:00,16559.3,stop,-6.55,-1406.22,12.75,-10.15,0,False
73658,2022-07-27 12:53:00,LONG,16573.0,16583.55,17.47,2.524,73686,2022-07-27 13:21:00,16618.49,target,34.94,1289.83,36.45,0.0,1,True
73785,2022-07-27 15:00:00,LONG,16635.1,16637.6,10.95,1.296,73800,2022-07-27 15:15:00,16659.5,target,21.9,441.2,22.4,-1.55,0,False
73859,2022-07-28 09:59:00,LONG,16793.9,16793.95,8.7,1.006,73862,2022-07-28 10:02:00,16811.35,target,17.4,146.43,19.7,-0.15,0,False
73959,2022-07-28 11:39:00,LONG,16879.95,16881.2,6.91,1.221,73965,2022-07-28 11:45:00,16874.29,stop,-6.91,-1434.9,0.8,-7.35,0,False
74135,2022-07-28 14:35:00,SHORT,16895.45,16890.75,11.25,1.717,74136,2022-07-28 14:36:00,16902.0,stop,-11.25,-1717.58,0.0,-13.4,0,False
74147,2022-07-28 14:47:00,SHORT,16879.25,16879.05,7.16,1.029,74149,2022-07-28 14:49:00,16886.21,stop,-7.16,-1451.23,3.05,-21.85,6,True
74165,2022-07-28 15:05:00,LONG,16920.0,16920.05,9.1,1.006,74185,2022-07-28 15:25:00,16930.1,eod,10.05,-333.49,14.8,0.0,1,True
74301,2022-07-29 11:06:00,LONG,17116.85,17132.6,27.21,2.375,74490,2022-07-29 14:15:00,17105.39,stop,-27.21,-2758.21,37.15,-31.5,1,True
74505,2022-07-29 14:30:00,LONG,17138.9,17139.4,9.89,1.053,74511,2022-07-29 14:36:00,17129.51,stop,-9.89,-1632.87,0.6,-12.1,1,True
74535,2022-07-29 15:00:00,LONG,17171.0,17177.15,14.93,1.7,74547,2022-07-29 15:12:00,17207.01,target,29.86,949.75,36.85,0.0,0,False
74788,2022-08-01 12:58:00,LONG,17332.9,17335.25,8.33,1.393,74803,2022-08-01 13:13:00,17326.92,stop,-8.33,-1534.78,6.8,-8.35,0,False
74829,2022-08-01 13:39:00,LONG,17342.05,17344.7,8.35,1.465,74833,2022-08-01 13:43:00,17336.35,stop,-8.35,-1536.27,5.2,-11.05,0,False
74892,2022-08-01 14:42:00,LONG,17359.95,17363.2,9.89,1.489,74897,2022-08-01 14:47:00,17353.31,stop,-9.89,-1636.93,6.8,-10.95,1,True
75228,2022-08-02 14:03:00,LONG,17354.95,17360.0,13.63,1.589,75238,2022-08-02 14:13:00,17346.37,stop,-13.63,-1879.78,12.3,-17.9,0,False
75307,2022-08-02 15:22:00,SHORT,17336.2,17315.15,33.38,2.707,75310,2022-08-02 15:25:00,17316.0,eod,-0.85,-1048.61,9.55,-4.75,2,True
75457,2022-08-03 11:37:00,LONG,17272.8,17276.4,11.78,1.44,75468,2022-08-03 11:48:00,17299.95,target,23.55,537.8,25.85,-1.4,0,False
75498,2022-08-03 12:18:00,SHORT,17250.1,17245.05,13.38,1.606,75500,2022-08-03 12:20:00,17258.43,stop,-13.38,-1862.19,1.2,-18.1,0,False
75622,2022-08-03 14:22:00,LONG,17344.4,17346.55,11.86,1.221,75630,2022-08-03 14:30:00,17334.69,stop,-11.86,-1764.52,10.6,-12.25,2,True
75671,2022-08-03 15:11:00,LONG,17406.7,17410.0,11.85,1.386,75679,2022-08-03 15:19:00,17398.15,stop,-11.85,-1764.89,8.9,-11.95,4,True
75744,2022-08-04 10:09:00,SHORT,17463.65,17458.5,13.11,1.647,75767,2022-08-04 10:32:00,17432.28,target,26.22,708.77,30.85,-8.55,0,False
75808,2022-08-04 11:13:00,SHORT,17427.65,17426.55,8.99,1.139,75810,2022-08-04 11:15:00,17408.57,target,17.98,173.23,23.9,-1.45,0,False
75827,2022-08-04 11:32:00,SHORT,17272.05,17271.05,19.07,1.055,75831,2022-08-04 11:36:00,17290.12,stop,-19.07,-2232.02,16.05,-29.55,2,True
75908,2022-08-04 12:53:00,LONG,17333.7,17339.4,19.21,1.422,75924,2022-08-04 13:09:00,17320.19,stop,-19.21,-2242.09,30.05,-24.85,0,False
75976,2022-08-04 14:01:00,SHORT,17302.0,17290.35,22.74,2.051,76007,2022-08-04 14:32:00,17314.0,stop_gap,-23.65,-2530.25,23.3,-32.15,2,True
76025,2022-08-04 14:50:00,LONG,17351.0,17351.25,11.16,1.023,76029,2022-08-04 14:54:00,17373.58,target,22.33,456.95,28.75,0.0,2,True
76078,2022-08-05 09:28:00,LONG,17467.05,17468.8,16.06,1.122,76094,2022-08-05 09:44:00,17452.74,stop,-16.06,-2039.88,11.2,-26.8,3,True
76108,2022-08-05 09:58:00,LONG,17480.0,17484.5,15.59,1.406,76111,2022-08-05 10:01:00,17468.91,stop,-15.59,-2009.28,4.35,-23.35,1,True
76175,2022-08-05 11:05:00,LONG,17486.3,17492.55,15.58,1.67,76207,2022-08-05 11:37:00,17476.97,stop,-15.58,-2009.13,21.8,-20.25,9,True
76264,2022-08-05 12:34:00,SHORT,17470.9,17463.3,15.28,1.989,76290,2022-08-05 13:00:00,17432.73,target,30.57,991.07,48.9,-9.65,3,True
76327,2022-08-05 13:37:00,LONG,17449.85,17455.85,14.86,1.677,76341,2022-08-05 13:51:00,17440.99,stop,-14.86,-1961.4,4.15,-22.3,1,True
76347,2022-08-05 13:57:00,LONG,17461.75,17463.35,11.72,1.158,76348,2022-08-05 13:58:00,17451.63,stop,-11.72,-1757.54,4.05,-12.3,2,True
76454,2022-08-08 09:29:00,LONG,17440.0,17444.7,18.15,1.349,76458,2022-08-08 09:33:00,17426.55,stop,-18.15,-2175.26,5.3,-18.45,0,False
76501,2022-08-08 10:16:00,LONG,17469.65,17469.95,8.69,1.036,76503,2022-08-08 10:18:00,17461.26,stop,-8.69,-1560.49,2.05,-9.8,1,True
76509,2022-08-08 10:24:00,LONG,17473.6,17473.8,8.37,1.024,76520,2022-08-08 10:35:00,17490.55,target,16.75,92.13,17.3,-7.5,0,False
76524,2022-08-08 10:39:00,LONG,17489.0,17489.1,7.83,1.013,76538,2022-08-08 10:53:00,17504.76,target,15.66,21.51,15.9,-7.1,2,True
76564,2022-08-08 11:19:00,SHORT,17488.0,17480.6,14.29,2.074,76566,2022-08-08 11:21:00,17494.89,stop,-14.29,-1924.9,0.2,-16.6,0,False
76698,2022-08-08 13:33:00,LONG,17565.0,17580.5,22.86,3.106,76726,2022-08-08 14:01:00,17557.64,stop,-22.86,-2483.42,3.4,-28.3,0,False
76734,2022-08-08 14:09:00,SHORT,17552.1,17550.6,10.24,1.172,76740,2022-08-08 14:15:00,17560.84,stop,-10.24,-1662.76,8.2,-16.4,2,True
76768,2022-08-08 14:43:00,SHORT,17533.75,17527.1,16.44,1.679,76773,2022-08-08 14:48:00,17543.54,stop,-16.44,-2065.47,13.45,-21.95,0,False
76816,2022-08-10 09:16:00,SHORT,17542.0,17536.0,15.79,1.613,76821,2022-08-10 09:21:00,17551.79,stop,-15.79,-2023.32,31.0,-27.0,0,False
76848,2022-08-10 09:48:00,SHORT,17491.05,17490.55,14.05,1.037,76859,2022-08-10 09:59:00,17462.45,target,28.1,829.92,29.7,-2.45,0,False
76935,2022-08-10 11:15:00,SHORT,17527.0,17521.7,12.38,1.749,76950,2022-08-10 11:30:00,17534.08,stop,-12.38,-1801.4,18.55,-14.55,2,True
76996,2022-08-10 12:16:00,LONG,17536.8,17543.8,15.09,1.865,77010,2022-08-10 12:30:00,17528.71,stop,-15.09,-1977.93,0.8,-16.9,1,True
77040,2022-08-10 13:00:00,LONG,17546.25,17549.55,10.34,1.469,77041,2022-08-10 13:01:00,17539.21,stop,-10.34,-1669.25,0.15,-25.5,0,False
77066,2022-08-10 13:26:00,SHORT,17518.55,17515.0,10.68,1.498,77082,2022-08-10 13:42:00,17525.68,stop,-10.68,-1690.92,9.65,-13.8,0,False
77112,2022-08-10 14:12:00,LONG,17555.0,17566.0,18.93,2.386,77185,2022-08-10 15:25:00,17556.45,eod,-9.55,-1618.26,19.6,-18.85,1,True
77298,2022-08-11 11:03:00,SHORT,17708.0,17704.8,8.23,1.636,77309,2022-08-11 11:14:00,17713.03,stop,-8.23,-1534.99,2.45,-9.15,0,False
77323,2022-08-11 11:28:00,SHORT,17700.0,17672.5,34.42,4.973,77373,2022-08-11 12:18:00,17706.92,stop,-34.42,-3236.92,0.0,-35.45,1,True
77438,2022-08-11 13:23:00,SHORT,17680.0,17675.75,10.72,1.657,77455,2022-08-11 13:40:00,17686.47,stop,-10.72,-1696.16,18.25,-17.9,2,True
77611,2022-08-12 10:01:00,LONG,17684.0,17689.0,14.17,1.546,77654,2022-08-12 10:44:00,17674.83,stop,-14.17,-1920.31,24.0,-16.8,0,False
77748,2022-08-12 12:18:00,SHORT,17692.05,17689.75,7.5,1.442,77754,2022-08-12 12:24:00,17697.25,stop,-7.5,-1487.36,6.35,-7.95,0,False
77770,2022-08-12 12:40:00,LONG,17711.35,17713.9,7.35,1.531,77783,2022-08-12 12:53:00,17728.6,target,14.7,-44.82,15.8,-6.9,4,True
77815,2022-08-12 13:25:00,SHORT,17719.75,17717.7,6.96,1.418,77817,2022-08-12 13:27:00,17724.66,stop,-6.96,-1452.41,0.7,-7.15,2,True
77832,2022-08-12 13:42:00,LONG,17736.15,17741.25,10.4,1.962,77845,2022-08-12 13:55:00,17730.85,stop,-10.4,-1676.57,12.35,-13.15,0,False
78040,2022-08-16 10:55:00,LONG,17847.25,17851.0,8.26,1.832,78043,2022-08-16 10:58:00,17842.74,stop,-8.26,-1539.23,0.85,-8.75,0,False
78067,2022-08-16 11:22:00,SHORT,17832.45,17831.0,6.28,1.3,78084,2022-08-16 11:39:00,17837.28,stop,-6.28,-1410.57,9.9,-6.5,2,True
78092,2022-08-16 11:47:00,SHORT,17823.65,17823.0,6.58,1.11,78102,2022-08-16 11:57:00,17809.84,target,13.16,-146.61,18.2,-1.15,2,True
78174,2022-08-16 13:09:00,SHORT,17814.85,17812.45,7.8,1.444,78180,2022-08-16 13:15:00,17796.85,target,15.6,12.18,18.75,-0.95,0,False
78242,2022-08-16 14:17:00,LONG,17835.0,17841.0,11.66,2.06,78259,2022-08-16 14:34:00,17829.34,stop,-11.66,-1760.22,6.95,-13.0,0,False
78293,2022-08-16 15:08:00,LONG,17844.75,17851.8,13.63,2.072,78310,2022-08-16 15:25:00,17855.0,eod,3.2,-794.58,7.25,-8.8,5,True
78342,2022-08-17 09:42:00,LONG,17904.0,17907.0,10.05,1.426,78357,2022-08-17 09:57:00,17896.95,stop,-10.05,-1656.49,9.1,-10.5,0,False
78532,2022-08-17 12:52:00,LONG,17955.0,17955.1,4.21,1.024,78545,2022-08-17 13:05:00,17950.89,stop,-4.21,-1277.71,4.9,-4.45,1,True
78546,2022-08-17 13:06:00,LONG,17960.0,17961.2,5.79,1.262,78548,2022-08-17 13:08:00,17955.41,stop,-5.79,-1380.5,0.15,-9.25,0,False
78589,2022-08-17 13:49:00,SHORT,17943.95,17943.65,5.23,1.061,78593,2022-08-17 13:53:00,17948.88,stop,-5.23,-1343.92,0.9,-7.35,1,True
78615,2022-08-17 14:15:00,SHORT,17938.7,17938.15,5.28,1.116,78617,2022-08-17 14:17:00,17943.43,stop,-5.28,-1346.94,3.15,-9.5,3,False
78641,2022-08-17 14:41:00,LONG,17963.3,17967.6,8.31,2.072,78660,2022-08-17 15:00:00,17984.23,target,16.63,75.91,22.4,-3.05,1,True
78825,2022-08-18 11:30:00,SHORT,17882.0,17880.0,9.12,1.281,78831,2022-08-18 11:36:00,17889.12,stop,-9.12,-1595.73,18.0,-12.3,2,True
78887,2022-08-18 12:32:00,LONG,17896.0,17897.7,7.92,1.273,78891,2022-08-18 12:36:00,17889.78,stop,-7.92,-1517.93,1.1,-10.7,0,False
78954,2022-08-18 13:39:00,SHORT,17910.0,17909.95,4.67,1.011,78958,2022-08-18 13:43:00,17900.62,target,9.33,-397.03,11.95,-3.8,0,False
79085,2022-08-19 09:35:00,SHORT,17950.0,17946.0,14.34,1.387,79093,2022-08-19 09:43:00,17960.34,stop,-14.34,-1936.37,6.0,-18.8,1,True
79121,2022-08-19 10:11:00,SHORT,17950.0,17948.1,10.01,1.234,79122,2022-08-19 10:12:00,17958.11,stop,-10.01,-1655.13,0.1,-15.75,2,True
79178,2022-08-19 11:08:00,SHORT,17891.75,17887.0,13.13,1.567,79188,2022-08-19 11:18:00,17900.13,stop,-13.13,-1856.46,26.0,-15.0,8,True
79195,2022-08-19 11:25:00,SHORT,17858.85,17844.0,26.59,2.265,79232,2022-08-19 12:02:00,17790.83,target,53.17,2454.0,57.35,-8.05,0,False
79378,2022-08-19 14:28:00,LONG,17787.0,17799.0,23.92,2.007,79401,2022-08-19 14:51:00,17775.08,stop,-23.92,-2555.87,15.0,-39.0,1,True
79431,2022-08-19 15:21:00,SHORT,17760.0,17753.9,15.87,1.624,79435,2022-08-19 15:25:00,17744.45,eod,9.45,-386.59,11.9,-3.55,2,True
79507,2022-08-22 10:22:00,SHORT,17585.0,17584.95,10.53,1.005,79512,2022-08-22 10:27:00,17595.48,stop,-10.53,-1682.45,4.35,-10.8,0,False
79554,2022-08-22 11:09:00,SHORT,17567.0,17562.05,14.44,1.522,79559,2022-08-22 11:14:00,17576.49,stop,-14.44,-1936.15,3.75,-15.3,4,True
79637,2022-08-22 12:32:00,LONG,17594.9,17598.05,10.11,1.452,79645,2022-08-22 12:40:00,17587.94,stop,-10.11,-1655.43,7.65,-11.05,3,True
79663,2022-08-22 12:58:00,SHORT,17561.2,17546.4,23.26,2.749,79785,2022-08-22 15:00:00,17499.88,target,46.52,2026.69,53.95,-16.7,3,True
79851,2022-08-23 09:51:00,LONG,17558.0,17565.6,22.64,1.505,79873,2022-08-23 10:13:00,17542.96,stop,-22.64,-2469.0,32.95,-24.55,3,True
79971,2022-08-23 11:51:00,SHORT,17468.25,17459.75,19.92,1.744,79974,2022-08-23 11:54:00,17479.67,stop,-19.92,-2290.59,0.25,-33.65,0,False
79997,2022-08-23 12:17:00,SHORT,17455.0,17450.75,15.66,1.373,79998,2022-08-23 12:18:00,17466.41,stop,-15.66,-2013.51,0.0,-17.5,0,False
80025,2022-08-23 12:45:00,LONG,17507.5,17509.4,12.45,1.18,80031,2022-08-23 12:51:00,17534.29,target,24.89,620.97,25.0,-2.7,0,False
80051,2022-08-23 13:11:00,LONG,17553.35,17562.5,20.83,1.784,80106,2022-08-23 14:06:00,17604.15,target,41.65,1709.32,55.5,-6.5,0,False
80120,2022-08-23 14:20:00,LONG,17607.0,17610.65,14.84,1.326,80129,2022-08-23 14:29:00,17595.81,stop,-14.84,-1962.54,4.3,-21.3,1,True
80161,2022-08-23 15:01:00,SHORT,17555.0,17532.05,35.94,2.766,80169,2022-08-23 15:09:00,17567.99,stop,-35.94,-3333.45,7.05,-46.45,4,True
80354,2022-08-24 11:59:00,SHORT,17573.05,17565.0,16.91,1.909,80361,2022-08-24 12:06:00,17581.91,stop,-16.91,-2096.86,10.0,-23.15,3,True
80408,2022-08-24 12:53:00,SHORT,17555.0,17549.7,15.22,1.534,80456,2022-08-24 13:41:00,17564.92,stop,-15.22,-1986.68,29.7,-23.25,2,True
80544,2022-08-24 15:09:00,LONG,17606.0,17613.0,16.38,1.746,80560,2022-08-24 15:25:00,17622.35,eod,9.35,-390.84,22.3,-0.45,5,True
80668,2022-08-25 10:58:00,LONG,17706.6,17707.95,7.46,1.221,80671,2022-08-25 11:01:00,17700.49,stop,-7.46,-1484.96,4.05,-7.9,0,False
80679,2022-08-25 11:09:00,SHORT,17685.9,17683.0,9.01,1.475,80682,2022-08-25 11:12:00,17692.01,stop,-9.01,-1585.1,4.0,-10.0,0,False
80735,2022-08-25 12:05:00,LONG,17712.0,17714.05,10.05,1.256,80759,2022-08-25 12:29:00,17704.0,stop,-10.05,-1653.03,10.75,-11.05,1,True
80777,2022-08-25 12:47:00,LONG,17725.2,17729.7,11.48,1.644,80799,2022-08-25 13:09:00,17718.0,stop_gap,-11.7,-1760.78,9.65,-21.7,0,False
80811,2022-08-25 13:21:00,SHORT,17703.65,17702.65,8.32,1.137,80813,2022-08-25 13:23:00,17710.97,stop,-8.32,-1541.13,0.5,-19.65,0,False
80837,2022-08-25 13:47:00,SHORT,17700.55,17700.0,7.28,1.082,80838,2022-08-25 13:48:00,17707.28,stop,-7.28,-1472.85,0.0,-9.95,0,False
80870,2022-08-25 14:20:00,SHORT,17692.0,17689.8,9.81,1.289,80873,2022-08-25 14:23:00,17699.61,stop,-9.81,-1637.2,8.4,-10.2,0,False
80910,2022-08-25 15:00:00,SHORT,17564.6,17556.9,24.87,1.449,80922,2022-08-25 15:12:00,17507.16,target,49.74,2235.47,50.8,-10.35,0,False
81069,2022-08-26 11:24:00,LONG,17696.1,17697.15,10.77,1.108,81082,2022-08-26 11:37:00,17686.38,stop,-10.77,-1699.82,11.8,-12.15,1,True
81159,2022-08-26 12:54:00,LONG,17718.5,17720.0,8.36,1.219,81163,2022-08-26 12:58:00,17711.64,stop,-8.36,-1543.26,9.45,-14.9,0,False
81285,2022-08-26 15:00:00,SHORT,17663.0,17635.15,39.52,3.386,81300,2022-08-26 15:15:00,17674.67,stop,-39.52,-3567.85,33.1,-54.6,0,False
81431,2022-08-29 11:11:00,SHORT,17355.0,17339.3,23.65,2.975,81440,2022-08-29 11:20:00,17362.95,stop,-23.65,-2531.03,12.25,-32.7,5,True
81441,2022-08-29 11:21:00,LONG,17373.7,17382.35,19.23,1.818,81449,2022-08-29 11:29:00,17363.12,stop,-19.23,-2244.12,7.65,-22.3,2,True
81506,2022-08-29 12:26:00,LONG,17399.0,17406.7,15.35,2.006,81514,2022-08-29 12:34:00,17437.41,target,30.71,1000.64,31.15,-1.65,0,False
81625,2022-08-29 14:25:00,SHORT,17380.0,17379.95,9.88,1.005,81631,2022-08-29 14:31:00,17389.83,stop,-9.88,-1636.48,9.95,-9.95,1,True
81634,2022-08-29 14:34:00,SHORT,17365.05,17360.0,16.33,1.448,81637,2022-08-29 14:37:00,17376.33,stop,-16.33,-2055.56,0.2,-19.4,0,False
81742,2022-08-30 10:07:00,LONG,17525.0,17528.0,9.48,1.463,81752,2022-08-30 10:17:00,17518.52,stop,-9.48,-1612.9,9.25,-10.0,1,True
81802,2022-08-30 11:07:00,LONG,17585.0,17590.0,11.94,1.721,81859,2022-08-30 12:04:00,17613.87,target,23.87,553.24,32.75,-7.8,0,False
81917,2022-08-30 13:02:00,LONG,17691.3,17693.0,8.78,1.24,81932,2022-08-30 13:17:00,17710.56,target,17.56,141.18,19.75,-6.4,4,True
81955,2022-08-30 13:40:00,LONG,17729.45,17730.7,8.33,1.177,81968,2022-08-30 13:53:00,17722.37,stop,-8.33,-1541.7,11.55,-28.2,0,False
82067,2022-09-01 09:17:00,SHORT,17585.15,17584.35,28.4,1.029,82071,2022-09-01 09:21:00,17612.75,stop,-28.4,-2843.86,16.95,-35.3,1,True
82188,2022-09-01 11:18:00,LONG,17700.35,17701.15,11.93,1.072,82189,2022-09-01 11:19:00,17689.22,stop,-11.93,-1775.17,1.55,-14.2,0,False
82224,2022-09-01 11:54:00,SHORT,17625.5,17620.0,16.99,1.479,82236,2022-09-01 12:06:00,17636.99,stop,-16.99,-2102.65,28.9,-22.55,1,True
82260,2022-09-01 12:30:00,SHORT,17618.0,17614.5,13.82,1.339,82264,2022-09-01 12:34:00,17628.32,stop,-13.82,-1896.5,13.6,-14.1,2,True
82300,2022-09-01 13:10:00,SHORT,17570.0,17560.85,21.09,1.767,82308,2022-09-01 13:18:00,17581.94,stop,-21.09,-2368.2,10.65,-24.15,3,True
82344,2022-09-01 13:54:00,SHORT,17529.0,17525.4,16.02,1.29,82348,2022-09-01 13:58:00,17493.37,target,32.03,1085.28,36.1,0.0,0,False
82421,2022-09-01 15:11:00,LONG,17600.0,17604.3,19.57,1.282,82430,2022-09-01 15:20:00,17584.73,stop,-19.57,-2270.36,14.2,-20.7,0,False
82458,2022-09-02 09:33:00,SHORT,17583.6,17556.0,45.82,2.515,82660,2022-09-02 12:55:00,17601.82,stop,-45.82,-3975.93,64.65,-52.95,5,True
82727,2022-09-02 14:02:00,LONG,17630.0,17636.6,14.72,1.812,82757,2022-09-02 14:32:00,17621.88,stop,-14.72,-1955.67,21.15,-27.0,2,True
82916,2022-09-05 10:56:00,SHORT,17663.9,17663.55,7.43,1.049,82923,2022-09-05 11:03:00,17648.69,target,14.86,-33.51,15.55,-6.45,0,False
82980,2022-09-05 12:00:00,LONG,17685.0,17688.5,9.77,1.558,82982,2022-09-05 12:02:00,17678.73,stop,-9.77,-1634.77,2.45,-11.45,5,True
82992,2022-09-05 12:12:00,LONG,17697.2,17698.15,7.37,1.148,82999,2022-09-05 12:19:00,17712.88,target,14.73,-42.54,18.1,-3.1,2,True
83054,2022-09-05 13:14:00,SHORT,17694.05,17691.55,10.71,1.305,83083,2022-09-05 13:43:00,17670.14,target,21.41,392.02,21.55,-6.75,2,True
83214,2022-09-06 09:39:00,SHORT,17691.05,17690.55,13.42,1.039,83217,2022-09-06 09:42:00,17703.97,stop,-13.42,-1871.95,3.45,-16.45,3,True
83230,2022-09-06 09:55:00,SHORT,17672.65,17671.75,13.42,1.072,83233,2022-09-06 09:58:00,17685.17,stop,-13.42,-1871.89,1.65,-19.15,0,False
83255,2022-09-06 10:20:00,SHORT,17639.9,17637.9,12.4,1.192,83262,2022-09-06 10:27:00,17613.1,target,24.8,613.06,27.3,-8.9,1,True
83283,2022-09-06 10:48:00,LONG,17626.95,17634.65,17.92,1.754,83302,2022-09-06 11:07:00,17670.49,target,35.84,1329.98,44.15,-10.7,1,True
83460,2022-09-06 13:45:00,SHORT,17706.15,17705.0,9.97,1.13,83467,2022-09-06 13:52:00,17714.97,stop,-9.97,-1647.87,10.7,-11.8,0,False
83566,2022-09-07 09:16:00,SHORT,17538.05,17537.4,19.37,1.035,83567,2022-09-07 09:17:00,17556.77,stop,-19.37,-2256.36,0.0,-29.25,2,True
83663,2022-09-07 10:53:00,SHORT,17579.0,17567.85,18.59,2.498,83714,2022-09-07 11:44:00,17586.44,stop,-18.59,-2206.33,26.3,-20.6,11,True
83722,2022-09-07 11:52:00,LONG,17609.5,17615.0,12.02,1.844,83742,2022-09-07 12:12:00,17639.03,target,24.03,563.42,24.75,-0.4,1,True
83816,2022-09-07 13:26:00,LONG,17655.4,17656.7,8.27,1.187,83819,2022-09-07 13:29:00,17673.23,target,16.53,75.05,20.8,-0.7,3,True
83881,2022-09-07 14:31:00,SHORT,17644.65,17641.85,9.85,1.397,83882,2022-09-07 14:32:00,17622.16,target,19.69,281.14,21.0,0.0,0,False
83928,2022-09-07 15:18:00,LONG,17648.85,17654.45,13.57,1.702,83935,2022-09-07 15:25:00,17656.95,eod,2.5,-836.7,11.0,-3.7,1,True
83983,2022-09-08 09:58:00,SHORT,17782.0,17775.15,14.93,1.848,83989,2022-09-08 10:04:00,17790.08,stop,-14.93,-1971.51,0.15,-16.8,2,True
84144,2022-09-08 12:39:00,LONG,17783.5,17784.0,7.22,1.074,84145,2022-09-08 12:40:00,17776.78,stop,-7.22,-1470.6,1.0,-7.95,1,True
84164,2022-09-08 12:59:00,SHORT,17740.0,17718.45,30.9,3.305,84184,2022-09-08 13:19:00,17749.35,stop,-30.9,-3008.71,23.45,-32.1,6,True
84267,2022-09-08 14:42:00,LONG,17805.1,17807.4,9.09,1.339,84276,2022-09-08 14:51:00,17825.57,target,18.17,179.06,19.95,-8.1,1,True
84425,2022-09-09 11:05:00,SHORT,17917.0,17911.35,11.28,2.004,84455,2022-09-09 11:35:00,17888.8,target,22.55,462.54,26.35,-9.55,2,True
84647,2022-09-09 14:47:00,LONG,17894.2,17895.25,8.95,1.133,84656,2022-09-09 14:56:00,17886.3,stop,-8.95,-1584.63,9.2,-18.2,5,True
84676,2022-09-09 15:16:00,SHORT,17861.0,17860.0,9.03,1.125,84685,2022-09-09 15:25:00,17859.45,eod,0.55,-966.92,10.0,-3.2,0,False
84712,2022-09-12 09:37:00,LONG,17932.0,17942.2,20.65,1.976,84743,2022-09-12 10:08:00,17983.49,target,41.29,1679.43,41.3,-2.2,2,True
84852,2022-09-12 11:57:00,LONG,17990.0,17994.75,10.68,1.801,84876,2022-09-12 12:21:00,17984.07,stop,-10.68,-1698.83,7.65,-10.7,1,True
84904,2022-09-12 12:49:00,SHORT,17984.05,17980.0,9.78,1.707,84908,2022-09-12 12:53:00,17989.78,stop,-9.78,-1640.54,4.75,-10.85,1,True
84972,2022-09-12 13:57:00,SHORT,17973.0,17972.55,5.86,1.083,84973,2022-09-12 13:58:00,17978.41,stop,-5.86,-1385.28,0.55,-6.65,1,True
85056,2022-09-12 15:21:00,SHORT,17960.35,17959.95,6.4,1.067,85060,2022-09-12 15:25:00,17955.05,eod,4.9,-685.87,7.8,-0.05,4,True
85191,2022-09-13 11:21:00,LONG,18087.1,18087.4,4.8,1.067,85195,2022-09-13 11:25:00,18082.6,stop,-4.8,-1318.32,2.6,-5.05,0,False
85589,2022-09-14 11:44:00,LONG,17975.0,17981.3,12.19,2.07,85605,2022-09-14 12:00:00,18005.67,target,24.37,579.04,25.7,-8.3,0,False
85676,2022-09-14 13:11:00,LONG,18072.7,18073.7,9.72,1.115,85685,2022-09-14 13:20:00,18063.98,stop,-9.72,-1638.21,7.3,-13.7,1,True
85739,2022-09-14 14:14:00,LONG,18081.0,18088.55,16.26,1.867,85785,2022-09-14 15:00:00,18072.29,stop,-16.26,-2063.25,21.45,-28.55,12,True
85796,2022-09-14 15:11:00,SHORT,18015.0,18014.95,11.13,1.005,85800,2022-09-14 15:15:00,17992.68,target,22.27,442.01,26.75,-8.4,0,False
86011,2022-09-15 12:31:00,LONG,17914.05,17917.0,12.09,1.323,86038,2022-09-15 12:58:00,17941.19,target,24.19,568.03,25.0,-9.1,4,True
86066,2022-09-15 13:26:00,SHORT,17927.45,17917.5,18.79,2.126,86086,2022-09-15 13:46:00,17879.93,target,37.57,1438.62,41.2,-17.5,0,False
86137,2022-09-15 14:37:00,LONG,17949.5,17953.2,13.41,1.381,86146,2022-09-15 14:46:00,17939.79,stop,-13.41,-1875.45,16.05,-26.15,0,False
86322,2022-09-16 11:27:00,SHORT,17694.0,17687.75,16.41,1.615,86328,2022-09-16 11:33:00,17704.16,stop,-16.41,-2066.58,5.75,-17.2,0,False
86423,2022-09-16 13:08:00,SHORT,17653.4,17648.95,13.48,1.493,86427,2022-09-16 13:12:00,17621.99,target,26.96,753.26,27.45,0.0,2,True
86468,2022-09-16 13:53:00,SHORT,17588.8,17575.0,26.07,2.125,86505,2022-09-16 14:30:00,17601.07,stop,-26.07,-2692.52,49.0,-27.65,8,True
86510,2022-09-16 14:35:00,LONG,17608.05,17612.0,17.03,1.302,86522,2022-09-16 14:47:00,17594.97,stop,-17.03,-2105.42,18.15,-19.8,2,True
86572,2022-09-19 09:22:00,SHORT,17526.0,17516.0,31.0,1.476,86581,2022-09-19 09:31:00,17547.0,stop,-31.0,-3012.05,59.75,-43.6,4,True
86584,2022-09-19 09:34:00,LONG,17595.0,17597.2,27.48,1.087,86590,2022-09-19 09:40:00,17569.72,stop,-27.48,-2784.24,15.85,-41.6,1,True
86666,2022-09-19 10:56:00,SHORT,17651.0,17647.1,14.5,1.368,86668,2022-09-19 10:58:00,17661.6,stop,-14.5,-1941.39,1.65,-19.9,2,True
86816,2022-09-19 13:26:00,SHORT,17614.7,17609.05,16.35,1.528,86825,2022-09-19 13:35:00,17625.4,stop,-16.35,-2061.0,9.05,-19.95,3,True
86846,2022-09-19 13:56:00,LONG,17665.0,17667.1,10.99,1.236,86852,2022-09-19 14:02:00,17656.11,stop,-10.99,-1713.71,10.95,-14.2,3,True
86994,2022-09-20 10:09:00,LONG,17874.55,17875.2,8.92,1.079,87024,2022-09-20 10:39:00,17893.04,target,17.84,156.56,18.8,-8.1,0,False
87054,2022-09-20 11:09:00,LONG,17892.0,17894.95,8.47,1.534,87066,2022-09-20 11:21:00,17886.48,stop,-8.47,-1553.75,8.85,-8.65,0,False
87274,2022-09-20 14:49:00,SHORT,17864.6,17863.0,9.24,1.209,87276,2022-09-20 14:51:00,17844.52,target,18.48,198.7,22.85,-1.1,6,True
87817,2022-09-22 11:22:00,SHORT,17596.05,17592.9,14.74,1.272,87831,2022-09-22 11:36:00,17607.64,stop,-14.74,-1956.22,23.0,-17.1,0,False
87907,2022-09-22 12:52:00,LONG,17579.1,17583.3,14.21,1.42,87920,2022-09-22 13:05:00,17611.71,target,28.41,848.51,29.05,-3.25,3,True
87934,2022-09-22 13:19:00,LONG,17651.95,17653.0,11.08,1.105,87936,2022-09-22 13:21:00,17641.92,stop,-11.08,-1718.99,4.3,-11.25,5,True
88334,2022-09-23 13:44:00,SHORT,17386.05,17376.85,22.1,1.713,88375,2022-09-23 14:25:00,17332.66,target,44.19,1878.28,50.75,-20.9,5,True
88484,2022-09-26 09:59:00,SHORT,17056.05,17050.05,24.41,1.326,88553,2022-09-26 11:08:00,17001.22,target,48.83,2184.99,50.0,-20.65,0,False
88580,2022-09-26 11:35:00,LONG,17057.4,17065.3,19.0,1.712,88584,2022-09-26 11:39:00,17046.3,stop,-19.0,-2223.76,8.7,-21.25,1,True
88744,2022-09-26 14:19:00,LONG,17117.35,17119.35,16.6,1.137,88758,2022-09-26 14:33:00,17102.75,stop,-16.6,-2069.01,32.7,-30.1,0,False
88808,2022-09-26 15:23:00,LONG,17039.9,17041.0,11.79,1.103,88810,2022-09-26 15:25:00,17033.0,eod,-8.0,-1508.55,2.85,-8.0,3,True
88868,2022-09-27 10:08:00,SHORT,17031.25,17028.65,20.81,1.143,88877,2022-09-27 10:17:00,17049.46,stop,-20.81,-2341.1,3.05,-39.1,3,True
88989,2022-09-27 12:09:00,LONG,17078.25,17092.85,26.84,2.193,88994,2022-09-27 12:14:00,17066.01,stop,-26.84,-2733.81,3.0,-29.0,0,False
89023,2022-09-27 12:43:00,SHORT,17030.0,17028.15,13.96,1.153,89027,2022-09-27 12:47:00,17042.11,stop,-13.96,-1895.73,11.15,-18.85,1,True
89109,2022-09-27 14:09:00,SHORT,17078.05,17075.0,15.44,1.246,89114,2022-09-27 14:14:00,17044.12,target,30.88,1018.32,32.95,-6.25,6,True
89175,2022-09-27 15:15:00,LONG,17030.0,17031.55,14.85,1.117,89185,2022-09-27 15:25:00,17042.65,eod,11.1,-267.16,18.0,-6.55,0,False
89381,2022-09-28 12:26:00,SHORT,16971.75,16971.5,12.85,1.02,89385,2022-09-28 12:30:00,16984.35,stop,-12.85,-1823.06,4.5,-22.5,0,False
89421,2022-09-28 13:06:00,SHORT,16947.5,16946.55,13.21,1.077,89424,2022-09-28 13:09:00,16959.76,stop,-13.21,-1845.87,0.3,-15.45,1,True
89472,2022-09-28 13:57:00,SHORT,16946.25,16938.0,19.68,1.722,89481,2022-09-28 14:06:00,16957.68,stop,-19.68,-2266.05,16.8,-20.1,0,False
89503,2022-09-28 14:28:00,SHORT,16920.7,16918.65,12.91,1.189,89518,2022-09-28 14:43:00,16892.83,target,25.82,692.12,30.2,-10.05,0,False
89546,2022-09-28 15:11:00,SHORT,16866.0,16865.05,10.79,1.097,89560,2022-09-28 15:25:00,16843.46,target,21.59,417.45,24.4,-6.1,0,False
89655,2022-09-29 10:45:00,SHORT,16937.75,16933.9,13.74,1.389,89657,2022-09-29 10:47:00,16947.64,stop,-13.74,-1879.99,1.3,-14.1,2,True
89713,2022-09-29 11:43:00,SHORT,16923.6,16922.8,9.1,1.096,89716,2022-09-29 11:46:00,16904.6,target,18.2,196.47,19.65,0.0,0,False
89765,2022-09-29 12:35:00,SHORT,16875.2,16859.9,25.92,2.44,89797,2022-09-29 13:07:00,16808.05,target,51.85,2384.65,53.95,-15.45,1,True
89847,2022-09-29 13:57:00,LONG,16850.0,16851.15,12.69,1.1,89848,2022-09-29 13:58:00,16838.46,stop,-12.69,-1810.18,0.8,-13.4,0,False
89965,2022-09-30 09:40:00,LONG,16822.55,16832.5,26.17,1.613,89991,2022-09-30 10:06:00,16806.33,stop,-26.17,-2685.91,30.25,-42.75,1,True
90294,2022-09-30 15:09:00,SHORT,17092.7,17082.0,24.63,1.768,90301,2022-09-30 15:16:00,17106.63,stop,-24.63,-2590.19,14.0,-26.8,0,False
90361,2022-10-03 10:01:00,SHORT,16963.0,16955.0,23.56,1.514,90380,2022-10-03 10:20:00,16978.56,stop,-23.56,-2518.78,15.0,-24.4,0,False
90400,2022-10-03 10:40:00,SHORT,16946.0,16945.85,12.58,1.012,90401,2022-10-03 10:41:00,16958.43,stop,-12.58,-1804.65,0.0,-13.25,2,True
90421,2022-10-03 11:01:00,SHORT,16940.0,16935.45,15.1,1.431,90424,2022-10-03 11:04:00,16950.55,stop,-15.1,-1968.33,0.15,-18.55,1,True
90434,2022-10-03 11:14:00,LONG,16970.0,16977.85,18.02,1.772,90440,2022-10-03 11:20:00,17013.9,target,36.05,1355.0,45.45,-0.55,1,True
90492,2022-10-03 12:12:00,SHORT,17018.95,17013.75,14.9,1.536,90510,2022-10-03 12:30:00,16983.95,target,29.8,949.02,33.65,-10.25,6,True
90650,2022-10-03 14:50:00,SHORT,16880.8,16878.4,13.77,1.211,90660,2022-10-03 15:00:00,16892.17,stop,-13.77,-1880.83,20.4,-17.6,0,False
90889,2022-10-04 12:34:00,LONG,17270.55,17273.0,8.53,1.403,90894,2022-10-04 12:39:00,17290.07,target,17.07,116.67,19.8,-6.0,4,True
90967,2022-10-04 13:52:00,SHORT,17268.5,17268.0,7.52,1.071,90975,2022-10-04 14:00:00,17275.52,stop,-7.52,-1481.28,9.5,-12.0,0,False
91041,2022-10-04 15:06:00,LONG,17296.0,17303.0,14.49,1.935,91046,2022-10-04 15:11:00,17288.51,stop,-14.49,-1934.69,5.0,-17.6,0,False
91218,2022-10-06 11:48:00,SHORT,17350.0,17348.65,10.01,1.156,91220,2022-10-06 11:50:00,17358.66,stop,-10.01,-1644.74,1.6,-14.2,2,True
91234,2022-10-06 12:04:00,LONG,17371.95,17372.1,7.9,1.019,91240,2022-10-06 12:10:00,17364.2,stop,-7.9,-1507.64,10.9,-10.55,1,True
91275,2022-10-06 12:45:00,LONG,17391.1,17393.8,10.53,1.345,91305,2022-10-06 13:15:00,17383.27,stop,-10.53,-1679.1,14.35,-21.8,0,False
91362,2022-10-06 14:12:00,SHORT,17352.0,17350.0,10.06,1.248,91371,2022-10-06 14:21:00,17329.88,target,20.12,314.01,23.8,0.0,2,True
91398,2022-10-06 14:48:00,LONG,17344.3,17347.75,12.0,1.404,91399,2022-10-06 14:49:00,17335.75,stop,-12.0,-1773.51,0.25,-14.85,1,True
91456,2022-10-07 09:31:00,SHORT,17258.5,17255.1,16.02,1.269,91470,2022-10-07 09:45:00,17271.12,stop,-16.02,-2033.8,8.1,-27.9,1,True
91605,2022-10-07 12:00:00,SHORT,17247.0,17236.65,18.85,2.217,91634,2022-10-07 12:29:00,17255.5,stop,-18.85,-2217.48,16.35,-20.3,0,False
91648,2022-10-07 12:43:00,LONG,17295.1,17298.55,10.71,1.475,91651,2022-10-07 12:46:00,17287.84,stop,-10.71,-1689.26,6.3,-13.45,0,False
91716,2022-10-07 13:51:00,LONG,17292.4,17298.95,13.91,1.89,91771,2022-10-07 14:46:00,17326.77,target,27.82,815.05,34.4,-12.95,0,False
91874,2022-10-10 10:14:00,LONG,17071.4,17071.9,10.36,1.051,91882,2022-10-10 10:22:00,17092.61,target,20.71,356.85,21.4,-9.1,0,False
91950,2022-10-10 11:30:00,LONG,17114.85,17122.7,15.53,2.022,91962,2022-10-10 11:42:00,17153.76,target,31.06,1028.16,35.05,-4.7,0,False
92034,2022-10-10 12:54:00,LONG,17269.45,17274.7,16.37,1.472,92036,2022-10-10 12:56:00,17258.33,stop,-16.37,-2056.58,4.15,-16.6,0,False
92095,2022-10-10 13:55:00,SHORT,17165.8,17164.8,11.74,1.093,92100,2022-10-10 14:00:00,17141.33,target,23.47,535.05,34.3,-6.2,1,True
92150,2022-10-10 14:50:00,LONG,17212.0,17214.65,14.36,1.226,92155,2022-10-10 14:55:00,17200.29,stop,-14.36,-1924.78,15.6,-19.75,1,True
92193,2022-10-11 09:18:00,SHORT,17190.6,17185.0,17.79,1.459,92225,2022-10-11 09:50:00,17149.43,target,35.57,1321.3,39.9,-10.0,3,True
92343,2022-10-11 11:48:00,LONG,17169.8,17177.7,16.73,1.895,92351,2022-10-11 11:56:00,17160.97,stop,-16.73,-2077.94,1.15,-17.55,2,True
92385,2022-10-11 12:30:00,SHORT,17120.0,17118.0,11.7,1.206,92391,2022-10-11 12:36:00,17094.6,target,23.4,531.2,24.15,-4.7,0,False
92398,2022-10-11 12:43:00,SHORT,17098.6,17085.05,24.35,2.255,92402,2022-10-11 12:47:00,17109.4,stop,-24.35,-2572.25,0.0,-29.9,7,True
92502,2022-10-11 14:27:00,SHORT,17071.15,17069.15,13.16,1.179,92527,2022-10-11 14:52:00,17042.83,target,26.32,721.57,29.15,-12.35,0,False
92576,2022-10-12 09:26:00,LONG,17020.0,17023.0,17.96,1.201,92602,2022-10-12 09:52:00,17058.91,target,35.91,1345.48,40.55,-10.0,1,True
92733,2022-10-12 12:03:00,LONG,17063.55,17066.0,11.9,1.259,92743,2022-10-12 12:13:00,17089.79,target,23.79,557.04,24.0,-1.05,2,True
92786,2022-10-12 12:56:00,SHORT,17047.0,17044.5,14.86,1.202,92817,2022-10-12 13:27:00,17014.77,target,29.73,943.71,31.15,-8.3,0,False
92867,2022-10-12 14:17:00,LONG,17098.9,17100.0,9.95,1.124,92869,2022-10-12 14:19:00,17090.05,stop,-9.95,-1636.01,4.1,-12.0,1,True
93088,2022-10-13 11:43:00,SHORT,16957.1,16956.85,9.46,1.027,93098,2022-10-13 11:53:00,16937.93,target,18.92,242.78,19.7,-3.15,0,False
93150,2022-10-13 12:45:00,LONG,16985.95,16989.0,13.81,1.284,93152,2022-10-13 12:47:00,16975.19,stop,-13.81,-1885.03,0.0,-16.75,0,False
93249,2022-10-13 14:24:00,LONG,17011.8,17014.25,10.97,1.288,93255,2022-10-13 14:30:00,17036.18,target,21.93,437.02,29.75,0.0,7,True
93268,2022-10-13 14:43:00,LONG,17045.0,17047.95,11.24,1.356,93277,2022-10-13 14:52:00,17036.71,stop,-11.24,-1719.11,16.6,-17.35,0,False
93469,2022-10-14 11:49:00,LONG,17319.75,17320.0,6.35,1.041,93472,2022-10-14 11:52:00,17313.65,stop,-6.35,-1405.84,3.0,-15.0,2,True
93473,2022-10-14 11:53:00,SHORT,17303.0,17302.0,7.44,1.155,93476,2022-10-14 11:56:00,17309.44,stop,-7.44,-1476.9,1.0,-10.05,0,False
93531,2022-10-14 12:51:00,SHORT,17297.95,17292.95,13.14,1.614,93557,2022-10-14 13:17:00,17266.67,target,26.28,715.43,27.3,-6.95,1,True
93593,2022-10-14 13:53:00,SHORT,17265.65,17265.0,9.49,1.074,93597,2022-10-14 13:57:00,17246.02,target,18.98,241.14,22.55,-4.25,1,True
93735,2022-10-17 10:00:00,LONG,17160.95,17165.6,14.58,1.468,93739,2022-10-17 10:04:00,17194.76,target,29.16,904.1,31.35,-0.25,1,True
93754,2022-10-17 10:19:00,LONG,17240.0,17243.4,14.84,1.297,93763,2022-10-17 10:28:00,17228.56,stop,-14.84,-1956.35,11.6,-19.4,2,True
93969,2022-10-17 13:54:00,SHORT,17294.7,17294.55,8.8,1.017,93974,2022-10-17 13:59:00,17276.95,target,17.6,150.72,22.2,-2.45,1,True
94010,2022-10-17 14:35:00,LONG,17295.0,17297.3,11.45,1.251,94012,2022-10-17 14:37:00,17285.85,stop,-11.45,-1737.45,0.9,-12.25,0,False
94241,2022-10-18 12:11:00,LONG,17515.0,17517.2,8.03,1.377,94249,2022-10-18 12:19:00,17509.17,stop,-8.03,-1518.81,3.7,-9.8,0,False
94336,2022-10-18 13:46:00,SHORT,17487.75,17487.2,7.11,1.084,94338,2022-10-18 13:48:00,17494.31,stop,-7.11,-1458.46,3.45,-7.5,0,False
94380,2022-10-18 14:30:00,SHORT,17466.45,17462.9,11.54,1.444,94386,2022-10-18 14:36:00,17474.44,stop,-11.54,-1745.92,10.15,-20.2,0,False
94410,2022-10-18 15:00:00,LONG,17483.1,17496.0,21.68,2.47,94435,2022-10-18 15:25:00,17504.9,eod,8.9,-418.08,11.05,-6.75,2,True
94598,2022-10-19 11:53:00,SHORT,17546.55,17544.85,8.16,1.263,94600,2022-10-19 11:55:00,17553.01,stop,-8.16,-1527.78,0.0,-10.15,0,False
94668,2022-10-19 13:03:00,SHORT,17511.7,17507.9,11.03,1.525,94681,2022-10-19 13:16:00,17518.93,stop,-11.03,-1713.81,17.9,-11.1,1,True
94776,2022-10-19 14:51:00,SHORT,17489.25,17480.6,18.17,1.909,94805,2022-10-19 15:20:00,17498.77,stop,-18.17,-2177.34,23.6,-19.3,0,False
94842,2022-10-20 09:42:00,SHORT,17399.75,17399.5,9.76,1.026,94849,2022-10-20 09:49:00,17409.26,stop,-9.76,-1629.01,14.2,-22.4,0,False
94902,2022-10-20 10:42:00,LONG,17460.0,17463.0,10.62,1.394,94904,2022-10-20 10:44:00,17484.24,target,21.24,384.33,26.85,0.0,1,True
94981,2022-10-20 12:01:00,SHORT,17458.9,17457.85,7.95,1.152,94988,2022-10-20 12:08:00,17441.95,target,15.9,37.58,16.85,-2.15,0,False
95047,2022-10-20 13:07:00,SHORT,17476.0,17473.7,9.57,1.316,95063,2022-10-20 13:23:00,17483.27,stop,-9.57,-1618.28,11.2,-11.1,1,False
95079,2022-10-20 13:39:00,SHORT,17465.6,17461.95,11.19,1.484,95106,2022-10-20 14:06:00,17473.14,stop,-11.19,-1723.31,19.1,-11.55,0,False
95115,2022-10-20 14:15:00,LONG,17485.0,17485.45,7.55,1.063,95125,2022-10-20 14:25:00,17477.9,stop,-7.55,-1487.19,8.55,-9.05,2,True
95132,2022-10-20 14:32:00,LONG,17496.8,17498.65,9.22,1.251,95136,2022-10-20 14:36:00,17517.1,target,18.45,202.23,22.5,-2.25,0,False
95191,2022-10-21 09:16:00,LONG,17599.35,17602.4,13.81,1.283,95198,2022-10-21 09:23:00,17630.02,target,27.62,796.7,27.9,-10.5,1,True
95249,2022-10-21 10:14:00,LONG,17629.8,17631.0,9.06,1.153,95253,2022-10-21 10:18:00,17621.94,stop,-9.06,-1587.79,3.45,-11.0,0,False
95452,2022-10-21 13:37:00,SHORT,17616.95,17613.0,9.95,1.658,95455,2022-10-21 13:40:00,17593.09,target,19.91,295.54,22.15,0.0,2,True
95475,2022-10-21 14:00:00,SHORT,17577.5,17573.35,13.03,1.467,95483,2022-10-21 14:08:00,17547.29,target,26.06,695.91,28.35,-1.0,1,True
95676,2022-10-25 11:06:00,SHORT,17694.2,17693.1,8.1,1.157,95711,2022-10-25 11:41:00,17676.9,target,16.2,53.44,17.7,-6.65,3,True
95728,2022-10-25 11:58:00,LONG,17693.65,17694.0,6.2,1.06,95732,2022-10-25 12:02:00,17706.4,target,12.4,-194.07,14.0,-0.55,1,True
95849,2022-10-25 13:59:00,LONG,17696.7,17701.75,10.57,1.914,95877,2022-10-25 14:27:00,17691.18,stop,-10.57,-1687.07,12.95,-10.75,0,False
95897,2022-10-25 14:47:00,LONG,17714.15,17714.45,6.73,1.047,95899,2022-10-25 14:49:00,17707.72,stop,-6.73,-1437.36,0.2,-12.0,6,True
95910,2022-10-25 15:00:00,SHORT,17680.05,17675.0,11.78,1.75,95917,2022-10-25 15:07:00,17651.44,target,23.56,532.28,24.55,-2.6,0,False
95924,2022-10-25 15:14:00,SHORT,17649.6,17649.3,7.74,1.04,95935,2022-10-25 15:25:00,17650.8,eod,-1.5,-1096.58,6.7,-5.1,1,True
96085,2022-10-27 11:40:00,SHORT,17717.0,17716.5,6.0,1.091,96087,2022-10-27 11:42:00,17722.5,stop,-6.0,-1390.41,1.5,-6.25,1,True
96232,2022-10-27 14:07:00,LONG,17717.3,17718.0,7.32,1.106,96236,2022-10-27 14:11:00,17710.68,stop,-7.32,-1475.84,3.95,-10.1,0,False
96250,2022-10-27 14:25:00,SHORT,17684.2,17683.95,7.05,1.037,96263,2022-10-27 14:38:00,17669.86,target,14.09,-83.48,21.95,-6.05,0,False
96301,2022-10-27 15:16:00,LONG,17733.2,17733.6,8.42,1.05,96310,2022-10-27 15:25:00,17737.0,eod,3.4,-779.56,6.25,-3.65,2,True
96459,2022-10-28 11:39:00,SHORT,17824.4,17822.0,7.47,1.474,96470,2022-10-28 11:50:00,17829.47,stop,-7.47,-1487.41,11.0,-7.55,1,True
96580,2022-10-28 13:40:00,LONG,17809.0,17809.3,7.08,1.044,96588,2022-10-28 13:48:00,17802.22,stop,-7.08,-1461.73,10.6,-13.1,0,False
96669,2022-10-28 15:09:00,LONG,17828.5,17830.05,8.84,1.213,96685,2022-10-28 15:25:00,17835.0,eod,4.95,-680.49,9.15,-4.0,1,True
96787,2022-10-31 10:52:00,SHORT,17987.7,17986.6,6.87,1.191,96788,2022-10-31 10:53:00,17993.47,stop,-6.87,-1451.48,0.0,-8.25,0,False
96856,2022-10-31 12:01:00,LONG,18029.9,18030.0,4.76,1.021,96860,2022-10-31 12:05:00,18025.24,stop,-4.76,-1315.1,3.8,-5.0,2,True
97000,2022-10-31 14:25:00,LONG,18017.65,18018.0,5.16,1.073,97010,2022-10-31 14:35:00,18012.84,stop,-5.16,-1340.74,1.95,-8.0,0,False
97035,2022-10-31 15:00:00,LONG,18033.8,18043.6,15.06,2.862,97060,2022-10-31 15:25:00,18056.0,eod,12.4,-200.0,18.15,-3.6,0,False
97090,2022-11-01 09:40:00,LONG,18161.1,18165.4,11.11,1.632,97114,2022-11-01 10:04:00,18187.61,target,22.21,435.53,24.6,-4.35,1,True
97242,2022-11-01 12:12:00,SHORT,18188.15,18186.9,5.89,1.269,97246,2022-11-01 12:16:00,18175.11,target,11.79,-242.16,12.9,-1.85,8,False
97265,2022-11-01 12:35:00,SHORT,18174.0,18170.0,8.94,1.81,97274,2022-11-01 12:44:00,18178.94,stop,-8.94,-1588.87,4.85,-11.6,3,True
97397,2022-11-01 14:47:00,LONG,18187.1,18206.6,27.9,3.322,97406,2022-11-01 14:56:00,18178.7,stop,-27.9,-2821.56,12.35,-29.0,6,True
97503,2022-11-02 10:18:00,SHORT,18165.1,18162.5,10.21,1.342,97511,2022-11-02 10:26:00,18172.71,stop,-10.21,-1671.23,7.45,-12.4,9,True
97542,2022-11-02 10:57:00,SHORT,18159.8,18159.6,5.59,1.037,97544,2022-11-02 10:59:00,18165.19,stop,-5.59,-1371.13,3.2,-6.35,7,True
97548,2022-11-02 11:03:00,SHORT,18155.0,18154.0,7.11,1.164,97552,2022-11-02 11:07:00,18161.11,stop,-7.11,-1469.96,4.0,-10.5,2,True
97614,2022-11-02 12:09:00,SHORT,18145.05,18143.0,7.83,1.355,97617,2022-11-02 12:12:00,18150.83,stop,-7.83,-1516.31,1.6,-8.85,1,True
97650,2022-11-02 12:45:00,SHORT,18140.3,18138.4,7.57,1.335,97665,2022-11-02 13:00:00,18123.25,target,15.15,-22.84,18.4,-2.1,6,True
98006,2022-11-03 12:26:00,SHORT,18086.05,18085.25,6.41,1.142,98008,2022-11-03 12:28:00,18092.0,stop_gap,-6.75,-1445.3,0.6,-14.75,0,False
98066,2022-11-03 13:26:00,LONG,18092.1,18093.75,8.0,1.26,98070,2022-11-03 13:30:00,18085.75,stop,-8.0,-1526.57,2.9,-11.25,0,False
98079,2022-11-03 13:39:00,LONG,18100.0,18100.9,8.21,1.123,98090,2022-11-03 13:50:00,18092.69,stop,-8.21,-1540.08,9.65,-8.9,4,True
98096,2022-11-03 13:56:00,SHORT,18074.3,18068.7,12.28,1.838,98107,2022-11-03 14:07:00,18080.98,stop,-12.28,-1804.39,5.95,-21.05,0,False
98160,2022-11-03 15:00:00,LONG,18110.55,18121.15,18.84,2.286,98185,2022-11-03 15:25:00,18117.85,eod,-3.3,-1221.6,8.35,-13.65,1,True
98191,2022-11-04 09:16:00,LONG,18129.5,18144.1,23.72,2.601,98196,2022-11-04 09:21:00,18120.38,stop,-23.72,-2548.81,5.9,-33.55,1,True
98223,2022-11-04 09:48:00,SHORT,18095.0,18084.55,20.86,2.004,98313,2022-11-04 11:18:00,18105.41,stop,-20.86,-2362.53,14.7,-24.9,6,False
98350,2022-11-04 11:55:00,LONG,18111.0,18112.3,6.28,1.261,98354,2022-11-04 11:59:00,18106.02,stop,-6.28,-1415.03,0.8,-8.1,1,True
98447,2022-11-04 13:32:00,LONG,18132.45,18133.05,6.0,1.111,98449,2022-11-04 13:34:00,18127.05,stop,-6.0,-1397.21,0.95,-6.55,1,True
98503,2022-11-04 14:28:00,LONG,18140.45,18143.9,10.3,1.504,98528,2022-11-04 14:53:00,18164.5,target,20.6,331.29,21.65,-7.95,3,False
98535,2022-11-04 15:00:00,LONG,18163.15,18170.5,14.33,2.053,98545,2022-11-04 15:10:00,18199.16,target,28.66,854.72,33.35,-0.35,4,True
98764,2022-11-07 12:34:00,SHORT,18195.7,18195.0,6.33,1.124,98769,2022-11-07 12:39:00,18182.34,target,12.66,-185.72,13.6,-1.9,1,True
98868,2022-11-07 14:18:00,LONG,18217.5,18223.75,13.56,1.854,98880,2022-11-07 14:30:00,18250.88,target,27.13,754.12,29.35,-3.75,6,True
98910,2022-11-07 15:00:00,LONG,18260.0,18269.75,17.85,2.204,98919,2022-11-07 15:09:00,18251.9,stop,-17.85,-2169.48,6.8,-19.65,0,False
99010,2022-11-09 10:25:00,SHORT,18270.2,18270.05,7.06,1.022,99013,2022-11-09 10:28:00,18277.11,stop,-7.06,-1468.53,0.05,-12.05,2,True
99097,2022-11-09 11:52:00,LONG,18262.95,18265.0,6.59,1.451,99105,2022-11-09 12:00:00,18258.41,stop,-6.59,-1438.12,10.65,-7.85,0,False
99214,2022-11-09 13:49:00,LONG,18285.65,18286.4,6.99,1.12,99219,2022-11-09 13:54:00,18279.41,stop,-6.99,-1464.03,13.5,-11.35,0,False
99264,2022-11-09 14:39:00,SHORT,18241.2,18240.0,8.51,1.164,99265,2022-11-09 14:40:00,18222.97,target,17.03,97.61,22.9,0.0,0,False
99332,2022-11-10 09:32:00,SHORT,18113.1,18105.05,18.82,1.748,99454,2022-11-10 11:34:00,18123.87,stop,-18.82,-2230.1,34.95,-23.65,6,True
99482,2022-11-10 12:02:00,SHORT,18088.9,18087.0,7.97,1.313,99497,2022-11-10 12:17:00,18071.06,target,15.94,29.4,16.65,-3.0,3,True
99498,2022-11-10 12:18:00,SHORT,18069.85,18065.5,10.29,1.732,99530,2022-11-10 12:50:00,18044.91,target,20.59,331.95,25.0,-9.95,1,True
99590,2022-11-10 13:50:00,LONG,18068.0,18077.1,15.69,2.38,99599,2022-11-10 13:59:00,18061.41,stop,-15.69,-2026.31,0.25,-22.05,6,True
99618,2022-11-10 14:18:00,SHORT,18055.05,18053.75,8.34,1.185,99620,2022-11-10 14:20:00,18037.06,target,16.69,78.89,19.75,-2.9,0,False
99660,2022-11-10 15:00:00,LONG,18074.0,18082.0,16.33,1.96,99685,2022-11-10 15:25:00,18098.0,eod,16.0,33.3,27.0,-7.0,1,True
99699,2022-11-11 09:24:00,LONG,18375.25,18382.95,27.14,1.396,99767,2022-11-11 10:32:00,18355.81,stop,-27.14,-2775.36,14.9,-27.95,0,False
99866,2022-11-11 12:11:00,SHORT,18377.55,18377.0,4.34,1.145,99870,2022-11-11 12:15:00,18381.34,stop,-4.34,-1293.77,0.3,-6.0,3,True
99872,2022-11-11 12:17:00,LONG,18385.15,18386.85,5.61,1.435,99880,2022-11-11 12:25:00,18398.07,target,11.22,-282.63,15.45,-0.45,1,True
99908,2022-11-11 12:53:00,SHORT,18393.4,18386.4,11.99,2.402,99936,2022-11-11 13:21:00,18398.39,stop,-11.99,-1791.27,15.0,-13.6,3,True
99973,2022-11-11 13:58:00,LONG,18404.45,18406.7,9.23,1.322,99977,2022-11-11 14:02:00,18397.47,stop,-9.23,-1612.16,7.7,-11.7,0,False
100124,2022-11-14 10:14:00,SHORT,18401.4,18401.0,7.15,1.059,100133,2022-11-14 10:23:00,18386.7,target,14.3,-82.64,15.9,-1.2,0,False
100245,2022-11-14 12:15:00,LONG,18400.3,18404.2,10.11,1.628,100268,2022-11-14 12:38:00,18394.09,stop,-10.11,-1669.0,3.65,-11.3,2,True
100296,2022-11-14 13:06:00,LONG,18408.0,18409.0,6.77,1.173,100314,2022-11-14 13:24:00,18422.54,target,13.54,-132.38,15.95,-4.0,2,True
100387,2022-11-14 14:37:00,SHORT,18421.3,18415.65,11.4,1.983,100405,2022-11-14 14:55:00,18392.85,target,22.8,469.88,23.0,-3.2,6,True
100414,2022-11-14 15:04:00,SHORT,18385.1,18383.8,8.42,1.183,100430,2022-11-14 15:20:00,18366.97,target,16.83,82.4,18.8,-6.2,5,False
100475,2022-11-15 09:50:00,SHORT,18355.0,18344.65,18.91,2.209,100491,2022-11-15 10:06:00,18363.56,stop,-18.91,-2240.44,1.3,-20.35,3,True
100521,2022-11-15 10:36:00,SHORT,18350.1,18348.8,6.55,1.248,100527,2022-11-15 10:42:00,18355.35,stop,-6.55,-1436.88,2.0,-8.6,3,True
100536,2022-11-15 10:51:00,LONG,18368.55,18369.35,5.96,1.155,100538,2022-11-15 10:53:00,18363.39,stop,-5.96,-1398.55,0.0,-6.35,0,False
100584,2022-11-15 11:39:00,LONG,18365.15,18368.4,6.52,1.995,100595,2022-11-15 11:50:00,18361.88,stop,-6.52,-1434.87,9.5,-7.65,0,False
100658,2022-11-15 12:53:00,LONG,18397.7,18402.0,9.5,1.826,100665,2022-11-15 13:00:00,18392.5,stop,-9.5,-1629.53,4.5,-9.9,2,True
100724,2022-11-15 13:59:00,SHORT,18385.1,18379.2,11.65,2.026,100747,2022-11-15 14:22:00,18390.85,stop,-11.65,-1768.69,7.8,-13.3,3,True
100784,2022-11-15 14:59:00,LONG,18410.35,18425.2,21.69,3.17,100797,2022-11-15 15:12:00,18468.59,target,43.39,1807.24,44.8,0.0,4,False
100989,2022-11-16 12:09:00,SHORT,18431.7,18430.05,6.57,1.335,100990,2022-11-16 12:10:00,18436.62,stop,-6.57,-1439.53,0.4,-9.85,0,False
101063,2022-11-16 13:23:00,LONG,18467.95,18470.75,7.73,1.568,101072,2022-11-16 13:32:00,18463.02,stop,-7.73,-1515.22,11.15,-9.75,3,True
101090,2022-11-16 13:50:00,LONG,18489.65,18489.85,6.77,1.03,101093,2022-11-16 13:53:00,18483.08,stop,-6.77,-1453.18,1.15,-9.5,0,False
101107,2022-11-16 14:07:00,SHORT,18452.0,18446.65,12.11,1.791,101121,2022-11-16 14:21:00,18422.42,target,24.23,562.16,30.25,-6.2,1,True
101282,2022-11-17 10:47:00,LONG,18426.6,18427.4,5.52,1.169,101296,2022-11-17 11:01:00,18421.88,stop,-5.52,-1371.27,6.35,-11.7,1,True
101372,2022-11-17 12:17:00,LONG,18433.75,18434.5,5.48,1.159,101376,2022-11-17 12:21:00,18429.02,stop,-5.48,-1368.57,2.5,-6.6,0,False
101420,2022-11-17 13:05:00,LONG,18446.95,18449.3,6.83,1.525,101425,2022-11-17 13:10:00,18442.47,stop,-6.83,-1456.49,0.85,-8.1,2,True
101533,2022-11-17 14:58:00,SHORT,18437.0,18435.55,8.75,1.199,101535,2022-11-17 15:00:00,18444.3,stop,-8.75,-1581.2,10.25,-9.8,7,True
101540,2022-11-17 15:05:00,SHORT,18425.3,18423.05,10.0,1.29,101545,2022-11-17 15:10:00,18403.06,target,19.99,287.28,27.0,-1.85,0,False
101556,2022-11-17 15:21:00,SHORT,18352.0,18347.6,14.18,1.45,101559,2022-11-17 15:24:00,18361.78,stop,-14.18,-1932.91,1.5,-17.75,1,True
101598,2022-11-18 09:48:00,SHORT,18346.0,18344.95,9.98,1.118,101599,2022-11-18 09:49:00,18354.93,stop,-9.98,-1659.48,0.0,-10.0,5,False
101605,2022-11-18 09:55:00,SHORT,18340.4,18338.0,10.69,1.289,101635,2022-11-18 10:25:00,18348.69,stop,-10.69,-1705.85,11.35,-10.7,1,True
101661,2022-11-18 10:51:00,SHORT,18308.6,18308.45,6.55,1.023,101666,2022-11-18 10:56:00,18315.0,stop,-6.55,-1435.97,3.3,-7.95,1,True
101817,2022-11-18 13:27:00,LONG,18317.85,18321.0,9.28,1.514,101822,2022-11-18 13:32:00,18311.72,stop,-9.28,-1613.54,4.0,-11.9,0,False
101831,2022-11-18 13:41:00,SHORT,18288.0,18285.05,9.47,1.453,101843,2022-11-18 13:53:00,18266.11,target,18.94,221.03,24.45,-0.95,1,True
101901,2022-11-18 14:51:00,LONG,18325.0,18328.7,12.67,1.413,101906,2022-11-18 14:56:00,18316.03,stop,-12.67,-1833.77,5.6,-12.9,5,True
102026,2022-11-21 10:41:00,SHORT,18185.0,18178.75,11.63,2.161,102038,2022-11-21 10:53:00,18190.38,stop,-11.63,-1764.18,1.0,-12.25,1,True
102105,2022-11-21 12:00:00,SHORT,18190.05,18187.0,7.78,1.645,102121,2022-11-21 12:16:00,18194.78,stop,-7.78,-1513.95,2.8,-8.7,3,True
102126,2022-11-21 12:21:00,SHORT,18184.2,18183.9,5.52,1.057,102138,2022-11-21 12:33:00,18172.86,target,11.04,-290.74,16.85,-1.95,0,False
102225,2022-11-21 14:00:00,LONG,18194.75,18197.7,8.22,1.56,102231,2022-11-21 14:06:00,18189.48,stop,-8.22,-1542.77,7.3,-17.7,4,True
102253,2022-11-21 14:28:00,SHORT,18175.0,18172.25,8.58,1.472,102256,2022-11-21 14:31:00,18180.83,stop,-8.58,-1565.62,1.25,-9.15,3,True
102299,2022-11-21 15:14:00,LONG,18205.0,18206.0,9.64,1.116,102301,2022-11-21 15:16:00,18196.36,stop,-9.64,-1634.8,2.0,-12.35,3,True
102337,2022-11-22 09:37:00,LONG,18210.0,18212.7,10.92,1.328,102360,2022-11-22 10:00:00,18234.55,target,21.85,411.11,22.55,-5.3,2,True
102395,2022-11-22 10:35:00,SHORT,18237.75,18235.0,7.83,1.542,102397,2022-11-22 10:37:00,18242.83,stop,-7.83,-1517.93,1.05,-7.85,3,True
102458,2022-11-22 11:38:00,LONG,18249.9,18252.8,7.07,1.695,102485,2022-11-22 12:05:00,18245.73,stop,-7.07,-1468.93,4.0,-7.25,0,False
102486,2022-11-22 12:06:00,SHORT,18247.1,18246.7,3.35,1.136,102487,2022-11-22 12:07:00,18250.05,stop,-3.35,-1227.15,0.15,-3.65,2,True
102495,2022-11-22 12:15:00,LONG,18254.0,18254.2,3.3,1.065,102501,2022-11-22 12:21:00,18250.9,stop,-3.3,-1223.67,0.75,-3.6,0,False
102518,2022-11-22 12:38:00,SHORT,18245.25,18242.45,6.4,1.777,102530,2022-11-22 12:50:00,18229.64,target,12.81,-176.65,13.75,-2.9,3,True
102565,2022-11-22 13:25:00,LONG,18245.35,18246.35,4.46,1.289,102567,2022-11-22 13:27:00,18241.89,stop,-4.46,-1298.88,1.1,-5.3,0,False
102830,2022-11-23 11:35:00,LONG,18303.75,18304.85,4.83,1.295,102835,2022-11-23 11:40:00,18300.02,stop,-4.83,-1324.16,0.45,-6.75,2,True
102922,2022-11-23 13:07:00,LONG,18306.0,18306.2,3.34,1.064,102923,2022-11-23 13:08:00,18302.86,stop,-3.34,-1227.29,0.0,-3.65,11,True
102934,2022-11-23 13:19:00,LONG,18307.15,18311.7,8.25,2.23,102944,2022-11-23 13:29:00,18303.45,stop,-8.25,-1546.43,3.8,-11.1,2,True
103003,2022-11-23 14:28:00,LONG,18315.5,18320.65,9.55,2.17,103035,2022-11-23 15:00:00,18339.75,target,19.1,230.78,22.25,-8.25,4,True
103043,2022-11-23 15:08:00,SHORT,18285.2,18279.05,14.91,1.702,103060,2022-11-23 15:25:00,18273.7,eod,5.35,-662.08,10.15,-11.85,0,False
103118,2022-11-24 10:08:00,LONG,18349.0,18350.95,6.27,1.452,103134,2022-11-24 10:24:00,18363.48,target,12.53,-196.74,13.8,-1.95,1,True
103170,2022-11-24 11:00:00,SHORT,18358.9,18357.0,5.58,1.516,103177,2022-11-24 11:07:00,18362.58,stop,-5.58,-1374.21,3.95,-6.0,0,False
103237,2022-11-24 12:07:00,LONG,18369.65,18370.75,4.84,1.294,103244,2022-11-24 12:14:00,18380.43,target,9.68,-382.37,10.5,-0.15,0,False
103276,2022-11-24 12:46:00,LONG,18379.95,18382.6,6.29,1.729,103300,2022-11-24 13:10:00,18376.31,stop,-6.29,-1420.21,7.35,-8.9,0,False
103314,2022-11-24 13:24:00,SHORT,18372.0,18370.75,4.85,1.348,103328,2022-11-24 13:38:00,18375.6,stop,-4.85,-1326.48,4.05,-5.15,3,True
103354,2022-11-24 14:04:00,LONG,18385.0,18387.85,6.93,1.699,103362,2022-11-24 14:12:00,18401.71,target,13.86,-111.14,14.95,-3.35,0,False
103502,2022-11-25 10:17:00,SHORT,18599.0,18596.5,10.28,1.321,103507,2022-11-25 10:22:00,18606.78,stop,-10.28,-1683.59,0.4,-12.35,0,False
103596,2022-11-25 11:51:00,SHORT,18590.0,18587.0,8.85,1.512,103610,2022-11-25 12:05:00,18595.85,stop,-8.85,-1590.67,4.0,-11.8,6,True
103717,2022-11-25 13:52:00,LONG,18636.2,18645.5,15.33,2.541,103736,2022-11-25 14:11:00,18630.17,stop,-15.33,-2012.61,14.55,-20.5,1,True
103743,2022-11-25 14:18:00,SHORT,18610.0,18607.5,10.75,1.303,103746,2022-11-25 14:21:00,18618.25,stop,-10.75,-1714.44,1.85,-15.45,0,False
103796,2022-11-25 15:11:00,LONG,18656.9,18666.0,19.55,1.871,103800,2022-11-25 15:15:00,18646.45,stop,-19.55,-2286.93,2.2,-24.15,7,True
103843,2022-11-28 09:43:00,LONG,18668.2,18673.0,13.95,1.525,103862,2022-11-28 10:02:00,18659.05,stop,-13.95,-1922.93,10.95,-14.9,1,True
103979,2022-11-28 11:59:00,LONG,18715.45,18717.0,6.18,1.335,103995,2022-11-28 12:15:00,18729.36,target,12.36,-214.43,12.95,-2.0,2,True
104057,2022-11-28 13:17:00,SHORT,18723.9,18722.5,6.86,1.256,104080,2022-11-28 13:40:00,18729.36,stop,-6.86,-1463.32,6.3,-10.7,0,False
104102,2022-11-28 14:02:00,SHORT,18716.2,18715.0,6.92,1.21,104103,2022-11-28 14:03:00,18721.92,stop,-6.92,-1466.95,5.0,-8.35,0,False
104109,2022-11-28 14:09:00,SHORT,18704.35,18702.4,9.03,1.276,104111,2022-11-28 14:11:00,18711.43,stop,-9.03,-1603.86,2.35,-9.25,4,True
104179,2022-11-28 15:19:00,SHORT,18688.0,18686.3,9.51,1.218,104185,2022-11-28 15:25:00,18685.1,eod,1.2,-938.81,5.7,-7.9,3,True
104446,2022-11-29 13:31:00,LONG,18792.6,18793.0,4.56,1.096,104452,2022-11-29 13:37:00,18788.44,stop,-4.56,-1314.82,4.65,-4.75,0,False
104471,2022-11-29 13:56:00,SHORT,18784.3,18783.5,5.24,1.18,104473,2022-11-29 13:58:00,18788.74,stop,-5.24,-1358.84,0.0,-6.1,0,False
104511,2022-11-29 14:36:00,SHORT,18759.85,18755.55,10.17,1.732,104546,2022-11-29 15:11:00,18735.2,target,20.35,304.78,23.5,-7.45,0,False
104675,2022-11-30 11:05:00,LONG,18750.55,18752.0,6.66,1.278,104697,2022-11-30 11:27:00,18745.34,stop,-6.66,-1450.54,10.15,-8.1,0,False
104744,2022-11-30 12:14:00,SHORT,18765.0,18762.0,7.44,1.675,104759,2022-11-30 12:29:00,18769.44,stop,-7.44,-1502.03,5.0,-7.85,1,False
104774,2022-11-30 12:44:00,LONG,18780.0,18780.35,3.93,1.098,104776,2022-11-30 12:46:00,18776.42,stop,-3.93,-1273.57,0.85,-4.35,4,True
104788,2022-11-30 12:58:00,LONG,18781.2,18783.1,6.63,1.402,104799,2022-11-30 13:09:00,18796.36,target,13.26,-156.54,13.8,-3.1,0,False
104815,2022-11-30 13:25:00,LONG,18797.65,18799.05,6.14,1.295,104817,2022-11-30 13:27:00,18792.91,stop,-6.14,-1417.82,0.15,-12.5,0,False
104841,2022-11-30 13:51:00,SHORT,18783.0,18782.1,6.09,1.173,104845,2022-11-30 13:55:00,18788.19,stop,-6.09,-1414.21,0.7,-8.8,7,True
104860,2022-11-30 14:10:00,SHORT,18780.4,18779.0,7.16,1.243,104862,2022-11-30 14:12:00,18786.16,stop,-7.16,-1483.52,1.0,-15.95,0,False
104876,2022-11-30 14:26:00,LONG,18796.0,18811.55,22.32,3.296,104916,2022-11-30 15:06:00,18856.19,target,44.64,1882.29,45.65,-2.95,6,True
105037,2022-12-01 10:52:00,LONG,18956.55,18957.4,5.69,1.176,105053,2022-12-01 11:08:00,18968.77,target,11.37,-282.3,11.4,-3.85,0,False
105184,2022-12-01 13:19:00,LONG,18977.95,18978.0,5.05,1.01,105187,2022-12-01 13:22:00,18972.95,stop,-5.05,-1350.07,2.0,-8.55,3,True
105294,2022-12-01 15:09:00,SHORT,18940.55,18937.05,13.5,1.35,105301,2022-12-01 15:16:00,18950.55,stop,-13.5,-1898.48,8.55,-13.95,1,True
105427,2022-12-02 11:07:00,LONG,18835.4,18839.25,10.06,1.62,105433,2022-12-02 11:13:00,18829.19,stop,-10.06,-1673.01,2.15,-11.25,4,True
105446,2022-12-02 11:26:00,SHORT,18817.8,18809.8,14.31,2.268,105459,2022-12-02 11:39:00,18781.18,target,28.62,841.56,29.0,-3.95,2,True
105521,2022-12-02 12:41:00,LONG,18781.6,18788.95,12.99,2.302,105569,2022-12-02 13:29:00,18775.96,stop,-12.99,-1863.0,15.05,-16.05,0,False
105700,2022-12-05 09:25:00,SHORT,18792.05,18790.0,11.68,1.213,105723,2022-12-05 09:48:00,18766.63,target,23.37,500.29,25.0,-9.95,5,True
105726,2022-12-05 09:51:00,SHORT,18760.05,18759.35,8.41,1.091,105728,2022-12-05 09:53:00,18742.53,target,16.82,75.3,17.85,-0.7,0,False
105878,2022-12-05 12:23:00,LONG,18825.0,18829.2,11.03,1.615,105880,2022-12-05 12:25:00,18851.27,target,22.07,414.78,23.9,-0.65,1,True
106066,2022-12-06 09:16:00,SHORT,18741.0,18735.0,19.96,1.43,106074,2022-12-06 09:24:00,18695.07,target,39.93,1577.83,44.95,-4.9,1,True
106147,2022-12-06 10:37:00,LONG,18749.6,18749.9,6.4,1.049,106162,2022-12-06 10:52:00,18762.7,target,12.8,-186.06,13.7,-6.2,1,True
106257,2022-12-06 12:27:00,LONG,18729.0,18730.4,6.73,1.263,106262,2022-12-06 12:32:00,18723.67,stop,-6.73,-1454.89,9.0,-8.15,0,False
106267,2022-12-06 12:37:00,SHORT,18715.1,18711.35,9.83,1.617,106291,2022-12-06 13:01:00,18721.18,stop,-9.83,-1656.28,6.35,-22.65,1,True
106305,2022-12-06 13:15:00,LONG,18739.4,18740.25,6.74,1.144,106307,2022-12-06 13:17:00,18733.51,stop,-6.74,-1455.91,0.75,-8.1,4,True
106410,2022-12-06 15:00:00,LONG,18755.3,18764.4,16.03,2.313,106435,2022-12-06 15:25:00,18757.4,eod,-7.0,-1473.05,25.6,-10.1,0,False
106441,2022-12-07 09:16:00,SHORT,18738.0,18728.0,23.94,1.717,106474,2022-12-07 09:49:00,18751.94,stop,-23.94,-2573.81,14.65,-24.1,1,True
106526,2022-12-07 10:41:00,SHORT,18737.7,18735.85,9.23,1.251,106535,2022-12-07 10:50:00,18717.4,target,18.45,181.67,23.85,-6.6,0,False
106537,2022-12-07 10:52:00,SHORT,18705.0,18696.05,17.66,2.028,106770,2022-12-07 14:45:00,18713.71,stop,-17.66,-2164.95,33.95,-18.9,2,True
106789,2022-12-07 15:04:00,SHORT,18691.35,18686.0,15.2,1.543,106801,2022-12-07 15:16:00,18655.59,target,30.41,959.8,34.95,-12.0,1,True
106960,2022-12-08 11:40:00,SHORT,18680.0,18677.05,8.34,1.547,106962,2022-12-08 11:42:00,18685.39,stop,-8.34,-1559.08,0.0,-10.8,0,False
107019,2022-12-08 12:39:00,SHORT,18675.0,18673.45,6.92,1.289,107026,2022-12-08 12:46:00,18659.61,target,13.84,-117.01,15.25,-5.5,2,True
107073,2022-12-08 13:33:00,LONG,18697.45,18703.8,12.03,2.118,107080,2022-12-08 13:40:00,18691.77,stop,-12.03,-1798.83,3.15,-12.45,3,False
107160,2022-12-08 15:00:00,LONG,18722.0,18724.7,11.0,1.325,107161,2022-12-08 15:01:00,18713.7,stop,-11.0,-1732.02,0.3,-28.95,0,False
107252,2022-12-09 10:17:00,SHORT,18715.05,18705.05,17.46,2.34,107276,2022-12-09 10:41:00,18670.12,target,34.93,1253.23,35.0,-11.85,0,False
107312,2022-12-09 11:17:00,SHORT,18664.0,18658.5,11.72,1.884,107321,2022-12-09 11:26:00,18670.22,stop,-11.72,-1778.15,4.5,-12.5,0,False
107370,2022-12-09 12:15:00,LONG,18682.55,18683.9,5.18,1.353,107373,2022-12-09 12:18:00,18678.3,stop_gap,-5.6,-1380.69,0.0,-11.45,4,True
107612,2022-12-12 10:02:00,LONG,18599.8,18605.9,18.91,1.476,107621,2022-12-12 10:11:00,18586.99,stop,-18.91,-2244.11,10.7,-19.85,11,True
107714,2022-12-12 11:44:00,SHORT,18602.0,18601.75,6.12,1.043,107715,2022-12-12 11:45:00,18607.87,stop,-6.12,-1412.94,5.6,-6.9,1,True
107779,2022-12-12 12:49:00,SHORT,18596.05,18592.8,9.19,1.547,107783,2022-12-12 12:53:00,18601.99,stop,-9.19,-1612.67,0.8,-11.2,1,True
107898,2022-12-12 14:48:00,LONG,18576.0,18577.35,9.03,1.176,107901,2022-12-12 14:51:00,18568.32,stop,-9.03,-1601.86,5.65,-15.35,0,False
107941,2022-12-13 09:16:00,LONG,18621.95,18627.6,15.23,1.59,107947,2022-12-13 09:22:00,18612.37,stop,-15.23,-2005.3,12.05,-20.6,3,True
108089,2022-12-13 11:44:00,LONG,18686.4,18688.5,7.43,1.394,108091,2022-12-13 11:46:00,18681.0,stop_gap,-7.5,-1504.24,0.55,-11.3,0,False
108146,2022-12-13 12:41:00,LONG,18689.0,18689.05,4.2,1.012,108148,2022-12-13 12:43:00,18697.44,target,8.39,-471.44,11.85,-1.05,0,False
108249,2022-12-13 14:24:00,SHORT,18667.0,18662.95,10.8,1.6,108252,2022-12-13 14:27:00,18673.75,stop,-10.8,-1718.24,5.85,-11.8,4,False
108285,2022-12-13 15:00:00,LONG,18698.65,18708.0,16.32,2.341,108300,2022-12-13 15:15:00,18691.68,stop,-16.32,-2077.9,9.95,-17.0,0,False
108393,2022-12-14 10:33:00,LONG,18778.85,18780.0,6.54,1.214,108401,2022-12-14 10:41:00,18773.46,stop,-6.54,-1443.12,2.6,-9.35,1,True
108475,2022-12-14 11:55:00,SHORT,18790.0,18786.55,7.41,1.872,108482,2022-12-14 12:02:00,18793.96,stop,-7.41,-1500.0,1.65,-7.85,3,True
108497,2022-12-14 12:17:00,LONG,18795.05,18796.5,4.89,1.421,108501,2022-12-14 12:21:00,18791.61,stop,-4.89,-1336.74,1.2,-5.75,2,True
108504,2022-12-14 12:24:00,SHORT,18784.9,18781.95,6.59,1.809,108507,2022-12-14 12:27:00,18788.54,stop,-6.59,-1447.12,1.7,-6.9,0,False
108518,2022-12-14 12:38:00,SHORT,18770.4,18768.9,5.47,1.378,108521,2022-12-14 12:41:00,18774.37,stop,-5.47,-1373.61,0.05,-6.6,1,True
108537,2022-12-14 12:57:00,SHORT,18768.85,18766.8,6.06,1.512,108545,2022-12-14 13:05:00,18772.86,stop,-6.06,-1411.92,4.9,-8.6,1,True
108576,2022-12-14 13:36:00,SHORT,18762.8,18756.1,10.95,2.577,108590,2022-12-14 13:50:00,18734.2,target,21.9,405.27,24.7,-8.65,7,True
108704,2022-12-15 09:29:00,SHORT,18687.75,18686.2,11.16,1.161,108706,2022-12-15 09:31:00,18663.87,target,22.33,434.53,24.85,-1.2,1,True
108832,2022-12-15 11:37:00,LONG,18655.85,18657.0,5.59,1.259,108836,2022-12-15 11:41:00,18651.41,stop,-5.59,-1379.48,1.55,-6.85,2,True
108846,2022-12-15 11:51:00,SHORT,18643.05,18639.15,8.15,1.918,108856,2022-12-15 12:01:00,18622.85,target,16.3,43.23,29.15,-4.45,0,False
108909,2022-12-15 12:54:00,SHORT,18589.15,18587.0,7.96,1.37,108916,2022-12-15 13:01:00,18594.96,stop,-7.96,-1532.33,6.0,-12.0,1,True
109057,2022-12-15 15:22:00,SHORT,18452.7,18450.0,12.98,1.263,109060,2022-12-15 15:25:00,18450.65,eod,-0.65,-1055.02,9.65,-4.9,0,False
109084,2022-12-16 09:34:00,LONG,18474.35,18485.35,26.46,1.712,109089,2022-12-16 09:39:00,18458.89,stop,-26.46,-2732.57,3.5,-35.35,0,False
109247,2022-12-16 12:17:00,LONG,18400.55,18403.25,9.76,1.383,109252,2022-12-16 12:22:00,18422.77,target,19.52,256.31,25.75,-3.25,1,True
109300,2022-12-16 13:10:00,SHORT,18445.3,18441.75,14.23,1.332,109301,2022-12-16 13:11:00,18455.98,stop,-14.23,-1937.44,0.0,-18.25,2,True
109330,2022-12-16 13:40:00,SHORT,18423.75,18422.0,10.79,1.194,109335,2022-12-16 13:45:00,18400.42,target,21.58,390.22,30.7,0.0,1,True
109442,2022-12-19 09:17:00,SHORT,18313.2,18312.25,12.98,1.079,109443,2022-12-19 09:18:00,18325.23,stop,-12.98,-1854.23,3.65,-37.35,2,False
109460,2022-12-19 09:35:00,LONG,18376.0,18381.05,21.5,1.307,109475,2022-12-19 09:50:00,18358.0,stop_gap,-23.05,-2509.51,11.35,-36.05,1,True
109619,2022-12-19 12:14:00,LONG,18452.95,18454.45,8.19,1.224,109639,2022-12-19 12:34:00,18446.26,stop,-8.19,-1544.92,13.55,-10.1,0,False
109760,2022-12-19 14:35:00,LONG,18468.0,18475.25,16.37,1.795,109780,2022-12-19 14:55:00,18508.0,target,32.75,1115.04,33.2,-5.25,0,False
109920,2022-12-20 11:00:00,SHORT,18257.05,18256.95,6.38,1.016,109924,2022-12-20 11:04:00,18244.2,target,12.75,-180.67,16.95,-1.05,3,True
109986,2022-12-20 12:06:00,LONG,18269.75,18272.25,8.53,1.415,110000,2022-12-20 12:20:00,18289.3,target,17.05,98.41,21.95,-2.25,1,True
110043,2022-12-20 13:03:00,LONG,18325.5,18327.85,9.69,1.32,110046,2022-12-20 13:06:00,18318.16,stop,-9.69,-1640.6,5.15,-10.75,2,True
110081,2022-12-20 13:41:00,LONG,18310.0,18314.75,12.24,1.634,110093,2022-12-20 13:53:00,18302.51,stop,-12.24,-1806.07,8.25,-15.15,0,False
110337,2022-12-21 11:42:00,LONG,18433.6,18438.0,12.5,1.543,110354,2022-12-21 11:59:00,18425.5,stop,-12.5,-1824.93,10.45,-14.35,1,True
110369,2022-12-21 12:14:00,SHORT,18392.1,18383.0,18.6,1.958,110375,2022-12-21 12:20:00,18345.8,target,37.2,1406.33,38.0,0.0,0,False
110466,2022-12-21 13:51:00,SHORT,18316.1,18302.65,24.64,2.202,110472,2022-12-21 13:57:00,18253.36,target,49.29,2193.53,79.65,0.0,3,True
110586,2022-12-22 09:36:00,SHORT,18262.25,18258.65,21.26,1.204,110595,2022-12-22 09:45:00,18279.91,stop,-21.26,-2391.56,23.65,-26.6,8,True
110624,2022-12-22 10:14:00,SHORT,18231.9,18216.55,31.18,1.97,110714,2022-12-22 11:44:00,18154.19,target,62.36,3045.08,66.95,-18.45,0,False
110783,2022-12-22 12:53:00,SHORT,18123.0,18116.2,16.39,1.709,110788,2022-12-22 12:58:00,18132.59,stop,-16.39,-2072.31,1.2,-19.5,1,True
110891,2022-12-22 14:41:00,SHORT,18182.0,18181.0,13.72,1.079,110897,2022-12-22 14:47:00,18153.57,target,27.43,775.1,33.7,0.0,3,True
110920,2022-12-22 15:10:00,LONG,18185.0,18188.0,17.69,1.204,110927,2022-12-22 15:17:00,18170.31,stop,-17.69,-2157.8,11.8,-21.7,1,True
111074,2022-12-23 11:29:00,SHORT,17985.15,17973.3,20.65,2.347,111093,2022-12-23 11:48:00,17932.0,target,41.3,1680.05,43.3,-5.9,2,True
111155,2022-12-23 12:50:00,SHORT,17961.8,17960.15,10.69,1.183,111156,2022-12-23 12:51:00,17970.84,stop,-10.69,-1698.97,0.25,-11.8,0,False
111199,2022-12-23 13:34:00,SHORT,17940.0,17939.7,10.39,1.03,111204,2022-12-23 13:39:00,17918.93,target,20.77,346.35,24.05,-2.1,0,False
111226,2022-12-23 14:01:00,SHORT,17905.05,17899.6,16.14,1.51,111251,2022-12-23 14:26:00,17915.74,stop,-16.14,-2052.46,15.6,-22.4,0,False
111256,2022-12-23 14:31:00,LONG,17929.95,17931.75,12.62,1.166,111264,2022-12-23 14:39:00,17919.13,stop,-12.62,-1824.3,8.25,-21.75,4,True
111275,2022-12-23 14:50:00,SHORT,17884.0,17877.0,17.95,1.639,111277,2022-12-23 14:52:00,17894.95,stop,-17.95,-2170.02,0.0,-19.75,1,True
111396,2022-12-26 10:36:00,LONG,17975.0,17981.8,15.85,1.751,111404,2022-12-26 10:44:00,17965.95,stop,-15.85,-2035.01,1.9,-16.8,1,False
111418,2022-12-26 10:58:00,LONG,17985.3,17989.0,11.84,1.454,111435,2022-12-26 11:15:00,17977.16,stop,-11.84,-1774.44,10.85,-12.2,0,False
111443,2022-12-26 11:23:00,LONG,17994.9,17999.1,10.9,1.627,111465,2022-12-26 11:45:00,18020.89,target,21.79,411.12,25.9,-7.05,4,True
111578,2022-12-26 13:38:00,LONG,18025.0,18032.75,15.54,1.995,111583,2022-12-26 13:43:00,18017.21,stop,-15.54,-2015.22,11.25,-17.25,6,True
111723,2022-12-27 09:48:00,SHORT,17982.0,17980.95,19.71,1.056,111734,2022-12-27 09:59:00,18000.66,stop,-19.71,-2286.27,11.95,-29.05,0,False
111787,2022-12-27 10:52:00,LONG,18053.3,18056.0,12.04,1.289,111798,2022-12-27 11:03:00,18043.96,stop,-12.04,-1788.33,7.5,-12.45,0,False
111858,2022-12-27 12:03:00,LONG,18072.0,18073.25,9.03,1.161,111859,2022-12-27 12:04:00,18064.22,stop,-9.03,-1593.29,0.5,-9.25,2,True
111887,2022-12-27 12:32:00,SHORT,18051.45,18045.0,14.47,1.804,111920,2022-12-27 13:05:00,18059.47,stop,-14.47,-1946.71,27.95,-17.1,9,True
111961,2022-12-27 13:46:00,LONG,18084.2,18085.0,7.81,1.114,111964,2022-12-27 13:49:00,18100.63,target,15.63,8.99,23.3,-1.2,1,False
112048,2022-12-27 15:13:00,LONG,18140.55,18141.0,9.49,1.05,112060,2022-12-27 15:25:00,18144.55,eod,3.55,-776.78,11.05,-6.0,0,False
112227,2022-12-28 11:57:00,LONG,18148.8,18153.55,10.98,1.763,112232,2022-12-28 12:02:00,18142.57,stop,-10.98,-1721.04,0.0,-13.55,1,True
112307,2022-12-28 13:17:00,SHORT,18126.0,18119.4,13.51,1.955,112313,2022-12-28 13:23:00,18132.91,stop,-13.51,-1885.37,1.2,-14.45,3,True
112338,2022-12-28 13:48:00,LONG,18152.0,18160.05,15.06,2.148,112402,2022-12-28 14:52:00,18144.99,stop,-15.06,-1986.8,18.35,-17.6,1,True
112404,2022-12-28 14:54:00,SHORT,18116.35,18115.8,8.74,1.067,112407,2022-12-28 14:57:00,18098.31,target,17.49,129.77,18.8,-4.2,1,True
112579,2022-12-29 11:34:00,SHORT,18003.9,18003.8,4.69,1.022,112581,2022-12-29 11:36:00,18008.49,stop,-4.69,-1309.84,1.7,-5.75,0,False
112668,2022-12-29 13:03:00,LONG,18033.45,18036.6,8.01,1.648,112671,2022-12-29 13:06:00,18052.62,target,16.02,35.25,16.45,-2.6,0,False
112709,2022-12-29 13:44:00,LONG,18059.15,18068.9,15.42,2.719,112725,2022-12-29 14:00:00,18099.74,target,30.84,997.97,34.0,-2.85,2,True
112787,2022-12-29 15:02:00,LONG,18168.0,18168.05,11.07,1.005,112795,2022-12-29 15:10:00,18190.2,target,22.15,431.28,26.4,-6.0,2,True
112867,2022-12-30 10:07:00,SHORT,18333.05,18332.55,11.17,1.047,112891,2022-12-30 10:31:00,18343.72,stop,-11.17,-1737.06,15.4,-12.4,0,False
112915,2022-12-30 10:55:00,SHORT,18328.5,18327.0,7.72,1.241,112937,2022-12-30 11:17:00,18311.55,target,15.45,-6.57,27.0,-4.8,1,True
113023,2022-12-30 12:43:00,LONG,18318.1,18318.45,6.71,1.055,113026,2022-12-30 12:46:00,18311.74,stop,-6.71,-1446.85,2.9,-7.45,0,False
113160,2022-12-30 15:00:00,SHORT,18240.1,18237.0,15.48,1.25,113162,2022-12-30 15:02:00,18206.03,target,30.97,1003.72,50.0,-4.1,1,True
113272,2023-01-02 10:37:00,LONG,18249.9,18252.95,10.61,1.403,113300,2023-01-02 11:05:00,18274.18,target,21.23,370.01,21.9,-1.85,0,False
113321,2023-01-02 11:26:00,SHORT,18251.1,18250.2,6.26,1.168,113322,2023-01-02 11:27:00,18256.46,stop,-6.26,-1416.09,1.1,-7.25,0,False
113380,2023-01-02 12:25:00,SHORT,18248.2,18240.85,13.2,2.257,113386,2023-01-02 12:31:00,18254.05,stop,-13.2,-1867.19,6.2,-18.15,3,True
113410,2023-01-02 12:55:00,SHORT,18239.7,18239.3,6.04,1.071,113415,2023-01-02 13:00:00,18245.34,stop,-6.04,-1401.78,8.7,-8.85,2,True
113490,2023-01-02 14:15:00,SHORT,18225.05,18220.05,12.35,1.681,113495,2023-01-02 14:20:00,18195.36,target,24.69,596.33,31.1,-7.05,2,False
113521,2023-01-02 14:46:00,LONG,18253.3,18263.5,20.36,2.004,113560,2023-01-02 15:25:00,18279.15,eod,15.65,7.45,30.9,-13.25,0,False
113576,2023-01-03 09:26:00,SHORT,18213.1,18211.45,13.23,1.142,113580,2023-01-03 09:30:00,18224.68,stop,-13.23,-1868.9,1.4,-21.95,0,False
113616,2023-01-03 10:06:00,LONG,18275.0,18282.05,14.14,1.994,113687,2023-01-03 11:17:00,18310.33,target,28.28,827.82,28.8,-3.35,0,False
113725,2023-01-03 11:55:00,SHORT,18290.85,18288.0,8.01,1.552,113739,2023-01-03 12:09:00,18271.97,target,16.03,31.71,18.15,-3.1,2,True
113819,2023-01-03 13:29:00,LONG,18259.55,18263.0,9.41,1.578,113840,2023-01-03 13:50:00,18281.83,target,18.83,213.95,20.9,-2.6,0,False
113883,2023-01-03 14:33:00,LONG,18308.0,18310.25,9.28,1.32,113900,2023-01-03 14:50:00,18328.8,target,18.55,195.38,18.95,-7.2,2,True
113961,2023-01-04 09:36:00,SHORT,18260.4,18247.05,23.87,2.269,113980,2023-01-04 09:55:00,18199.3,target,47.75,2094.26,56.2,-0.95,0,False
114050,2023-01-04 11:05:00,SHORT,18164.7,18163.45,7.68,1.194,114053,2023-01-04 11:08:00,18148.09,target,15.36,-9.27,15.75,-0.95,0,False
114192,2023-01-04 13:27:00,LONG,18135.0,18137.05,8.69,1.309,114196,2023-01-04 13:31:00,18128.36,stop,-8.69,-1572.25,1.95,-9.1,3,True
114200,2023-01-04 13:35:00,LONG,18139.0,18147.15,15.07,2.178,114218,2023-01-04 13:53:00,18177.28,target,30.13,950.67,31.1,-3.35,1,True
114368,2023-01-05 10:08:00,SHORT,18098.5,18093.6,16.65,1.417,114372,2023-01-05 10:12:00,18110.25,stop,-16.65,-2088.94,11.4,-17.15,0,False
114447,2023-01-05 11:27:00,SHORT,18088.85,18087.05,9.87,1.223,114455,2023-01-05 11:35:00,18067.3,target,19.75,276.97,21.0,-6.15,3,True
114553,2023-01-05 13:13:00,LONG,18031.3,18038.6,15.02,1.946,114555,2023-01-05 13:15:00,18023.58,stop,-15.02,-1981.59,0.0,-18.6,0,False
114586,2023-01-05 13:46:00,LONG,17990.15,17990.9,10.33,1.078,114590,2023-01-05 13:50:00,17980.57,stop,-10.33,-1675.95,4.9,-20.75,0,False
114648,2023-01-05 14:48:00,LONG,18043.55,18052.0,18.35,1.853,114655,2023-01-05 14:55:00,18033.65,stop,-18.35,-2198.55,5.8,-20.65,2,True
114667,2023-01-05 15:07:00,LONG,18063.95,18064.5,11.77,1.049,114684,2023-01-05 15:24:00,18052.73,stop,-11.77,-1771.35,17.5,-13.65,7,True
114710,2023-01-06 09:35:00,LONG,18119.4,18131.0,27.21,1.743,114715,2023-01-06 09:40:00,18103.79,stop,-27.21,-2775.76,1.0,-31.15,0,False
114734,2023-01-06 09:59:00,SHORT,18050.65,18049.0,13.8,1.136,114753,2023-01-06 10:18:00,18021.39,target,27.61,788.58,27.9,-10.8,1,True
114770,2023-01-06 10:35:00,SHORT,18019.9,18017.6,11.31,1.255,114786,2023-01-06 10:51:00,18028.91,stop,-11.31,-1740.77,12.6,-13.2,3,True
114808,2023-01-06 11:13:00,SHORT,17985.35,17984.25,9.67,1.128,114810,2023-01-06 11:15:00,17993.92,stop,-9.67,-1633.34,0.0,-10.6,3,False
114895,2023-01-06 12:40:00,SHORT,17970.15,17965.8,12.94,1.506,114902,2023-01-06 12:47:00,17939.92,target,25.88,678.0,30.8,-5.7,1,True
115034,2023-01-06 14:59:00,LONG,17939.6,17941.95,14.27,1.197,115036,2023-01-06 15:01:00,17927.68,stop,-14.27,-1931.49,12.95,-18.85,3,True
115092,2023-01-09 09:42:00,LONG,18118.8,18121.1,14.85,1.183,115099,2023-01-09 09:49:00,18106.25,stop,-14.85,-1972.25,7.65,-14.9,1,True
115126,2023-01-09 10:16:00,LONG,18164.35,18169.25,13.19,1.591,115177,2023-01-09 11:07:00,18195.62,target,26.37,705.81,28.75,-2.25,1,True
115230,2023-01-09 12:00:00,SHORT,18208.9,18205.5,9.42,1.565,115243,2023-01-09 12:13:00,18214.92,stop,-9.42,-1620.85,3.35,-11.2,0,False
115303,2023-01-09 13:13:00,SHORT,18167.0,18164.75,9.32,1.318,115312,2023-01-09 13:22:00,18146.11,target,18.64,203.97,19.75,-2.75,7,False
115425,2023-01-09 15:15:00,LONG,18179.0,18185.0,15.92,1.605,115435,2023-01-09 15:25:00,18169.08,stop,-15.92,-2042.55,5.0,-20.0,1,True
115453,2023-01-10 09:28:00,SHORT,18108.0,18100.0,19.38,1.703,115476,2023-01-10 09:51:00,18061.24,target,38.76,1512.55,44.75,-4.8,2,True
115634,2023-01-10 12:29:00,LONG,18036.1,18039.25,11.26,1.389,115639,2023-01-10 12:34:00,18027.99,stop,-11.26,-1737.3,8.75,-13.25,2,True
115723,2023-01-10 13:58:00,LONG,17979.15,17987.3,18.19,1.811,115725,2023-01-10 14:00:00,17969.11,stop,-18.19,-2187.17,5.7,-18.6,4,True
115769,2023-01-10 14:44:00,SHORT,17930.0,17927.95,12.34,1.199,115771,2023-01-10 14:46:00,17940.29,stop,-12.34,-1806.02,2.8,-17.5,0,False
115823,2023-01-11 09:23:00,SHORT,17925.05,17922.0,15.33,1.248,115826,2023-01-11 09:26:00,17891.33,target,30.67,989.69,31.55,0.0,0,False
115866,2023-01-11 10:06:00,LONG,18001.0,18008.0,20.95,1.502,115877,2023-01-11 10:17:00,18049.89,target,41.89,1717.31,42.0,-6.95,3,True
115925,2023-01-11 11:05:00,SHORT,17957.0,17956.1,13.4,1.072,115928,2023-01-11 11:08:00,17969.5,stop,-13.4,-1875.45,6.6,-18.9,0,False
116078,2023-01-11 13:38:00,SHORT,17979.35,17978.7,9.35,1.075,116079,2023-01-11 13:39:00,17988.05,stop,-9.35,-1612.37,2.65,-11.9,0,False
116105,2023-01-11 14:05:00,SHORT,17951.3,17935.8,24.39,2.743,116129,2023-01-11 14:29:00,17960.19,stop,-24.39,-2589.66,5.7,-28.85,5,True
116158,2023-01-11 14:58:00,LONG,18004.6,18009.05,14.48,1.444,116160,2023-01-11 15:00:00,17994.57,stop,-14.48,-1946.33,4.75,-22.0,1,False
116163,2023-01-11 15:03:00,SHORT,17973.05,17967.85,16.82,1.447,116185,2023-01-11 15:25:00,17957.95,eod,9.9,-360.99,18.85,-10.1,1,True
116209,2023-01-12 09:34:00,LONG,18010.0,18010.45,13.69,1.034,116211,2023-01-12 09:36:00,17996.76,stop,-13.69,-1895.06,9.5,-15.4,1,True
116236,2023-01-12 10:01:00,SHORT,17949.0,17938.0,24.88,1.793,116252,2023-01-12 10:17:00,17888.24,target,49.76,2230.52,50.55,-7.95,7,True
116265,2023-01-12 10:30:00,SHORT,17890.45,17890.0,10.51,1.045,116281,2023-01-12 10:46:00,17900.51,stop,-10.51,-1686.54,16.7,-14.0,8,True
116406,2023-01-12 12:51:00,LONG,17899.9,17902.3,9.57,1.335,116426,2023-01-12 13:11:00,17892.73,stop,-9.57,-1625.22,17.7,-16.2,1,True
116440,2023-01-12 13:25:00,SHORT,17873.05,17868.25,13.65,1.542,116450,2023-01-12 13:35:00,17840.95,target,27.3,771.56,38.2,-2.0,4,True
116492,2023-01-12 14:17:00,LONG,17904.55,17908.7,13.41,1.448,116505,2023-01-12 14:30:00,17895.29,stop,-13.41,-1874.64,20.1,-16.55,0,False
116568,2023-01-13 09:18:00,SHORT,17882.15,17877.25,16.06,1.439,116570,2023-01-13 09:20:00,17893.31,stop,-16.06,-2046.76,7.25,-19.75,3,True
116616,2023-01-13 10:06:00,SHORT,17838.15,17837.05,13.28,1.09,116619,2023-01-13 10:09:00,17850.33,stop,-13.28,-1865.57,1.5,-17.3,0,False
116725,2023-01-13 11:55:00,LONG,17903.3,17907.3,11.65,1.523,116729,2023-01-13 11:59:00,17895.65,stop,-11.65,-1760.79,2.7,-12.8,2,True
116740,2023-01-13 12:10:00,LONG,17910.0,17921.35,18.94,2.495,116751,2023-01-13 12:21:00,17959.23,target,37.88,1458.16,40.85,-6.35,5,True
116788,2023-01-13 12:58:00,LONG,18019.95,18021.6,10.8,1.18,116801,2023-01-13 13:11:00,18043.2,target,21.6,398.39,22.4,-7.85,2,True
116833,2023-01-13 13:43:00,LONG,18065.0,18067.2,11.12,1.247,116871,2023-01-13 14:21:00,18056.08,stop,-11.12,-1728.9,20.95,-11.55,0,False
116915,2023-01-13 15:05:00,SHORT,18026.05,18002.8,34.78,3.017,116935,2023-01-13 15:25:00,18029.6,eod,-26.8,-2747.19,1.7,-32.55,0,False
116973,2023-01-16 09:48:00,SHORT,18001.1,17998.5,16.44,1.188,116982,2023-01-16 09:57:00,18014.94,stop,-16.44,-2073.76,16.4,-19.55,0,False
117060,2023-01-16 11:15:00,SHORT,17995.0,17986.1,16.32,2.2,117119,2023-01-16 12:14:00,17953.46,target,32.64,1116.57,34.1,-7.5,1,True
117196,2023-01-16 13:31:00,LONG,17983.9,17985.55,9.44,1.212,117199,2023-01-16 13:34:00,17976.11,stop,-9.44,-1618.41,4.45,-9.55,1,True
117217,2023-01-16 13:52:00,SHORT,17927.15,17925.65,10.03,1.176,117222,2023-01-16 13:57:00,17905.6,target,20.05,299.74,22.1,-4.5,1,True
117305,2023-01-16 15:20:00,LONG,17947.8,17949.6,9.85,1.224,117310,2023-01-16 15:25:00,17947.05,eod,-2.55,-1169.92,5.1,-4.6,0,False
117327,2023-01-17 09:27:00,LONG,17990.85,17996.4,17.61,1.46,117349,2023-01-17 09:49:00,18031.62,target,35.22,1283.85,42.1,-13.35,1,True
117409,2023-01-17 10:49:00,SHORT,18043.35,18037.35,13.43,1.808,117455,2023-01-17 11:35:00,18050.78,stop,-13.43,-1878.43,23.0,-15.65,1,True
117475,2023-01-17 11:55:00,LONG,18054.15,18058.95,11.17,1.753,117482,2023-01-17 12:02:00,18047.78,stop,-11.17,-1732.18,7.55,-13.95,0,False
117503,2023-01-17 12:23:00,SHORT,18039.0,18033.2,12.11,1.919,117528,2023-01-17 12:48:00,18008.98,target,24.22,568.69,27.2,-8.05,1,True
117547,2023-01-17 13:07:00,SHORT,18001.45,18000.0,8.67,1.201,117565,2023-01-17 13:25:00,17982.65,target,17.35,122.61,22.25,-6.4,1,False
117651,2023-01-17 14:51:00,LONG,18055.0,18056.0,7.85,1.146,117652,2023-01-17 14:52:00,18048.15,stop,-7.85,-1516.09,0.3,-11.0,2,True
117660,2023-01-17 15:00:00,LONG,18057.35,18073.5,25.44,2.739,117685,2023-01-17 15:25:00,18088.7,eod,15.2,-18.55,30.4,-0.9,0,False
117891,2023-01-18 12:36:00,SHORT,18195.0,18192.6,8.16,1.416,117908,2023-01-18 12:53:00,18200.76,stop,-8.16,-1539.07,8.0,-11.4,3,True
117927,2023-01-18 13:12:00,SHORT,18183.95,18182.6,7.13,1.233,117932,2023-01-18 13:17:00,18189.73,stop,-7.13,-1471.89,3.3,-7.4,2,True
118072,2023-01-19 09:22:00,SHORT,18137.7,18131.25,17.65,1.576,118087,2023-01-19 09:37:00,18148.9,stop,-17.65,-2154.63,24.25,-22.95,1,True
118147,2023-01-19 10:37:00,LONG,18123.7,18125.1,8.08,1.21,118167,2023-01-19 10:57:00,18141.26,target,16.16,43.19,19.9,-1.5,0,False
118334,2023-01-19 13:44:00,LONG,18149.8,18152.65,8.8,1.479,118336,2023-01-19 13:46:00,18143.85,stop,-8.8,-1579.7,1.45,-9.75,0,False
118340,2023-01-19 13:50:00,SHORT,18137.0,18135.0,8.08,1.329,118352,2023-01-19 14:02:00,18143.7,stop_gap,-8.7,-1572.9,1.8,-8.7,1,True
118366,2023-01-19 14:16:00,LONG,18155.0,18157.0,7.63,1.355,118369,2023-01-19 14:19:00,18149.37,stop,-7.63,-1503.84,4.95,-23.9,1,True
118453,2023-01-20 09:28:00,SHORT,18097.65,18094.15,15.05,1.303,118455,2023-01-20 09:30:00,18109.2,stop,-15.05,-1985.14,2.15,-15.75,1,True
118496,2023-01-20 10:11:00,LONG,18133.9,18137.95,12.77,1.464,118525,2023-01-20 10:40:00,18163.49,target,25.54,652.37,27.05,-7.45,6,True
118546,2023-01-20 11:01:00,SHORT,18142.3,18140.7,6.87,1.304,118551,2023-01-20 11:06:00,18147.6,stop_gap,-6.9,-1456.0,5.7,-7.5,2,True
118721,2023-01-20 13:56:00,SHORT,18103.55,18097.85,11.6,1.966,118725,2023-01-20 14:00:00,18074.65,target,23.2,501.53,35.55,0.0,2,True
118847,2023-01-23 09:47:00,LONG,18170.8,18172.8,11.15,1.219,118974,2023-01-23 11:54:00,18161.65,stop,-11.15,-1732.68,21.15,-12.45,1,True
119119,2023-01-23 14:19:00,LONG,18160.2,18169.95,16.29,2.49,119136,2023-01-23 14:36:00,18153.66,stop,-16.29,-2066.81,3.1,-20.8,0,False
119137,2023-01-23 14:37:00,SHORT,18146.1,18144.9,6.97,1.208,119145,2023-01-23 14:45:00,18151.87,stop,-6.97,-1460.47,5.75,-8.55,1,True
119382,2023-01-24 12:27:00,SHORT,18139.15,18137.05,7.16,1.415,119384,2023-01-24 12:29:00,18144.21,stop,-7.16,-1473.08,0.0,-9.05,0,False
119403,2023-01-24 12:48:00,LONG,18161.55,18162.55,6.03,1.199,119412,2023-01-24 12:57:00,18156.52,stop,-6.03,-1399.98,3.9,-6.1,0,False
119445,2023-01-24 13:30:00,SHORT,18136.55,18135.0,6.31,1.326,119455,2023-01-24 13:40:00,18122.38,target,12.62,-187.19,13.35,-6.15,4,True
119669,2023-01-25 10:59:00,SHORT,17919.8,17917.3,9.23,1.371,119670,2023-01-25 11:00:00,17926.53,stop,-9.23,-1603.68,0.4,-10.15,1,True
119771,2023-01-25 12:41:00,SHORT,17887.05,17885.25,8.56,1.266,119773,2023-01-25 12:43:00,17893.81,stop,-8.56,-1559.41,5.25,-8.8,0,False
119881,2023-01-25 14:31:00,SHORT,17914.85,17914.6,7.26,1.036,119883,2023-01-25 14:33:00,17900.08,target,14.52,-59.59,23.2,-2.55,0,False
119995,2023-01-27 10:10:00,SHORT,17827.05,17817.1,25.7,1.632,120010,2023-01-27 10:25:00,17842.8,stop,-25.7,-2672.62,41.45,-41.35,1,True
120074,2023-01-27 11:29:00,SHORT,17782.3,17771.75,21.45,1.967,120114,2023-01-27 12:09:00,17728.84,target,42.91,1788.1,44.75,-14.5,1,True
120285,2023-01-27 15:00:00,LONG,17639.9,17655.05,28.82,2.108,120305,2023-01-27 15:20:00,17712.69,target,57.64,2746.69,59.65,-7.85,1,True
120331,2023-01-30 09:31:00,LONG,17808.85,17821.0,42.83,1.396,120339,2023-01-30 09:39:00,17778.17,stop,-42.83,-3785.37,8.0,-44.0,1,True
120423,2023-01-30 11:03:00,SHORT,17656.45,17656.4,12.28,1.004,120424,2023-01-30 11:04:00,17668.68,stop,-12.28,-1797.37,0.0,-13.5,0,False
120518,2023-01-30 12:38:00,SHORT,17652.0,17648.6,14.37,1.31,120520,2023-01-30 12:40:00,17662.97,stop,-14.37,-1933.34,3.6,-17.4,5,True
120566,2023-01-30 13:26:00,LONG,17618.7,17623.3,17.04,1.37,120570,2023-01-30 13:30:00,17606.26,stop,-17.04,-2106.11,14.7,-22.25,0,False
120606,2023-01-30 14:06:00,LONG,17639.0,17642.25,19.67,1.198,120610,2023-01-30 14:10:00,17622.58,stop,-19.67,-2277.13,11.35,-25.8,2,True
120622,2023-01-30 14:22:00,LONG,17672.0,17676.45,20.42,1.279,120624,2023-01-30 14:24:00,17656.03,stop,-20.42,-2326.8,1.15,-26.45,0,False
120661,2023-01-30 15:01:00,LONG,17752.45,17757.0,23.19,1.244,120666,2023-01-30 15:06:00,17733.81,stop,-23.19,-2507.67,20.6,-37.0,0,False
120731,2023-01-31 09:56:00,SHORT,17670.1,17667.6,19.43,1.148,120732,2023-01-31 09:57:00,17687.03,stop,-19.43,-2262.27,3.65,-19.9,3,False
120779,2023-01-31 10:44:00,LONG,17728.8,17737.5,23.35,1.594,120784,2023-01-31 10:49:00,17714.15,stop,-23.35,-2517.79,0.5,-23.6,0,False
120929,2023-01-31 13:14:00,LONG,17764.85,17767.8,14.02,1.267,120935,2023-01-31 13:20:00,17795.83,target,28.03,820.75,31.1,-6.45,0,False
120992,2023-01-31 14:17:00,SHORT,17725.8,17725.05,12.84,1.062,121001,2023-01-31 14:26:00,17737.89,stop,-12.84,-1834.89,12.3,-30.0,3,True
121048,2023-01-31 15:13:00,LONG,17804.1,17807.5,16.57,1.258,121060,2023-01-31 15:25:00,17802.0,eod,-5.5,-1359.2,28.8,-9.5,2,True
121135,2023-02-01 10:25:00,LONG,17899.4,17907.5,17.53,1.859,121150,2023-02-01 10:40:00,17889.97,stop,-17.53,-2142.41,11.0,-19.4,0,False
121159,2023-02-01 10:49:00,LONG,17918.5,17925.0,15.52,1.721,121163,2023-02-01 10:53:00,17909.48,stop,-15.52,-2012.24,0.0,-23.0,2,True
121174,2023-02-01 11:04:00,LONG,17925.0,17930.05,15.11,1.502,121181,2023-02-01 11:11:00,17914.94,stop,-15.11,-1985.79,9.95,-35.8,1,True
121190,2023-02-01 11:20:00,SHORT,17850.0,17846.65,18.27,1.225,121194,2023-02-01 11:24:00,17864.92,stop,-18.27,-2190.18,16.6,-28.35,1,True
121226,2023-02-01 11:56:00,LONG,17907.7,17911.7,14.65,1.376,121228,2023-02-01 11:58:00,17897.05,stop,-14.65,-1955.65,3.3,-18.05,2,True
121308,2023-02-01 13:18:00,SHORT,18008.25,17993.75,27.87,2.085,121315,2023-02-01 13:25:00,17938.02,target,55.73,2617.66,86.85,-2.25,0,False
121367,2023-02-01 14:17:00,SHORT,17740.0,17733.0,29.38,1.313,121381,2023-02-01 14:31:00,17674.24,target,58.76,2819.25,72.0,-4.15,0,False
121392,2023-02-01 14:42:00,SHORT,17660.0,17647.9,34.73,1.535,121395,2023-02-01 14:45:00,17578.45,target,69.45,3515.71,88.4,-11.85,0,False
121668,2023-02-02 13:03:00,SHORT,17628.1,17623.1,19.14,1.354,121671,2023-02-02 13:06:00,17642.24,stop,-19.14,-2242.51,10.0,-25.4,1,True
121737,2023-02-02 14:12:00,LONG,17632.95,17635.0,15.85,1.148,121744,2023-02-02 14:19:00,17666.71,target,31.71,1061.85,39.3,-11.55,0,False
121789,2023-02-02 15:04:00,LONG,17699.95,17700.75,16.33,1.052,121797,2023-02-02 15:12:00,17684.42,stop,-16.33,-2060.86,7.6,-33.5,4,True
121899,2023-02-03 10:39:00,SHORT,17665.2,17662.8,16.28,1.173,121909,2023-02-03 10:49:00,17679.08,stop,-16.28,-2057.77,27.15,-25.85,2,True
122001,2023-02-03 12:21:00,LONG,17752.65,17759.8,16.81,1.74,122005,2023-02-03 12:25:00,17742.99,stop,-16.81,-2093.25,9.45,-17.8,0,False
122028,2023-02-03 12:48:00,LONG,17769.25,17772.0,12.28,1.289,122036,2023-02-03 12:56:00,17757.3,stop_gap,-14.7,-1956.46,21.7,-17.65,0,False
122097,2023-02-03 13:57:00,LONG,17798.6,17802.4,14.77,1.347,122121,2023-02-03 14:21:00,17831.93,target,29.53,917.45,33.4,-12.3,1,True
122160,2023-02-03 15:00:00,LONG,17900.0,17918.05,29.86,2.528,122185,2023-02-03 15:25:00,17897.15,eod,-20.9,-2361.87,8.95,-25.05,6,False
122290,2023-02-06 10:55:00,SHORT,17751.0,17748.25,13.21,1.263,122291,2023-02-06 10:56:00,17761.46,stop,-13.21,-1859.69,3.95,-16.75,0,False
122318,2023-02-06 11:23:00,LONG,17789.8,17793.2,12.87,1.359,122327,2023-02-06 11:32:00,17780.33,stop,-12.87,-1837.76,6.1,-14.05,0,False
122435,2023-02-06 13:20:00,LONG,17797.4,17797.65,7.27,1.036,122436,2023-02-06 13:21:00,17790.38,stop,-7.27,-1474.13,0.0,-7.65,0,False
122450,2023-02-06 13:35:00,LONG,17810.0,17814.0,12.08,1.495,122452,2023-02-06 13:37:00,17801.92,stop,-12.08,-1786.97,0.0,-12.7,0,False
122477,2023-02-06 14:02:00,LONG,17829.5,17829.9,9.5,1.044,122483,2023-02-06 14:08:00,17820.4,stop,-9.5,-1619.69,5.1,-18.9,2,True
122529,2023-02-06 14:54:00,SHORT,17795.95,17786.15,18.07,2.186,122535,2023-02-06 15:00:00,17804.22,stop,-18.07,-2175.7,1.55,-41.6,4,False
122568,2023-02-07 09:18:00,LONG,17835.0,17837.0,12.36,1.193,122575,2023-02-07 09:25:00,17861.71,target,24.71,603.82,27.8,-10.0,2,True
122714,2023-02-07 11:44:00,SHORT,17791.1,17788.0,9.0,1.525,122720,2023-02-07 11:50:00,17797.0,stop,-9.0,-1586.54,10.65,-10.35,0,False
122745,2023-02-07 12:15:00,SHORT,17765.4,17758.55,13.26,2.068,122754,2023-02-07 12:24:00,17771.81,stop,-13.26,-1863.03,8.55,-21.55,0,False
122775,2023-02-07 12:45:00,SHORT,17737.0,17734.15,11.24,1.339,122776,2023-02-07 12:46:00,17745.39,stop,-11.24,-1731.46,0.35,-14.5,2,True
122854,2023-02-07 14:04:00,LONG,17782.35,17785.2,12.37,1.299,122874,2023-02-07 14:24:00,17772.83,stop,-12.37,-1805.58,13.8,-18.05,0,False
122889,2023-02-07 14:39:00,LONG,17797.25,17802.0,12.79,1.59,122905,2023-02-07 14:55:00,17827.59,target,25.59,661.26,26.05,-5.65,2,True
122931,2023-02-07 15:21:00,SHORT,17771.1,17768.1,11.05,1.372,122935,2023-02-07 15:25:00,17773.65,eod,-5.55,-1361.87,2.9,-10.05,0,False
122943,2023-02-08 09:18:00,LONG,17830.0,17830.55,11.25,1.051,122949,2023-02-08 09:24:00,17853.06,target,22.51,460.48,22.7,-2.55,0,False
122959,2023-02-08 09:34:00,LONG,17864.8,17872.0,15.97,1.821,122985,2023-02-08 10:00:00,17903.93,target,31.93,1072.28,34.25,-11.7,4,True
123025,2023-02-08 10:40:00,SHORT,17865.0,17863.0,11.52,1.21,123041,2023-02-08 10:56:00,17874.52,stop,-11.52,-1751.39,21.35,-12.35,0,False
123090,2023-02-08 11:45:00,LONG,17927.65,17928.2,7.66,1.077,123091,2023-02-08 11:46:00,17920.54,stop,-7.66,-1501.37,0.55,-8.2,0,False
123130,2023-02-08 12:25:00,SHORT,17880.65,17880.0,7.67,1.093,123138,2023-02-08 12:33:00,17887.67,stop,-7.67,-1501.6,5.0,-7.95,1,True
123185,2023-02-08 13:20:00,LONG,17909.95,17910.85,7.0,1.148,123193,2023-02-08 13:28:00,17924.84,target,13.99,-94.24,14.05,-3.8,0,False
123195,2023-02-08 13:30:00,LONG,17931.95,17932.0,6.43,1.008,123196,2023-02-08 13:31:00,17925.57,stop,-6.43,-1422.06,0.85,-7.75,0,False
123260,2023-02-08 14:35:00,LONG,17933.5,17935.0,8.27,1.222,123262,2023-02-08 14:37:00,17926.73,stop,-8.27,-1541.21,1.0,-9.5,1,True
123289,2023-02-08 15:04:00,SHORT,17906.0,17902.95,11.59,1.357,123303,2023-02-08 15:18:00,17914.54,stop,-11.59,-1756.84,2.95,-11.95,2,True
123316,2023-02-09 09:16:00,SHORT,17875.0,17873.5,10.37,1.169,123317,2023-02-09 09:17:00,17883.87,stop,-10.37,-1676.78,1.65,-14.75,1,True
123340,2023-02-09 09:40:00,SHORT,17839.45,17829.9,20.35,1.885,123349,2023-02-09 09:49:00,17850.25,stop,-20.35,-2324.77,9.0,-22.1,0,False
123380,2023-02-09 10:20:00,LONG,17907.3,17910.25,12.13,1.321,123408,2023-02-09 10:48:00,17898.12,stop,-12.13,-1792.12,17.75,-12.75,1,True
123443,2023-02-09 11:23:00,LONG,17918.95,17922.7,9.27,1.68,123456,2023-02-09 11:36:00,17913.43,stop,-9.27,-1605.89,12.3,-9.6,0,False
123466,2023-02-09 11:46:00,SHORT,17907.55,17905.55,7.74,1.348,123467,2023-02-09 11:47:00,17913.29,stop,-7.74,-1506.67,0.25,-11.45,0,False
123490,2023-02-09 12:10:00,SHORT,17891.05,17889.9,7.23,1.189,123496,2023-02-09 12:16:00,17897.13,stop,-7.23,-1473.48,6.9,-9.1,2,True
123563,2023-02-09 13:23:00,SHORT,17876.0,17875.6,6.4,1.067,123566,2023-02-09 13:26:00,17882.0,stop,-6.4,-1418.82,5.6,-7.4,3,False
123570,2023-02-09 13:30:00,LONG,17892.95,17895.6,9.24,1.402,123578,2023-02-09 13:38:00,17914.07,target,18.47,197.32,19.4,-0.05,3,True
123590,2023-02-09 13:50:00,LONG,17936.0,17939.0,10.41,1.405,123602,2023-02-09 14:02:00,17959.81,target,20.81,348.43,21.1,-6.9,5,True
123681,2023-02-09 15:21:00,LONG,17948.85,17949.2,5.29,1.071,123685,2023-02-09 15:25:00,17955.0,eod,5.8,-627.29,5.9,-0.85,0,False
123818,2023-02-10 11:23:00,LONG,17895.0,17896.7,8.58,1.247,123822,2023-02-10 11:27:00,17888.12,stop,-8.58,-1560.57,3.2,-9.7,0,False
123836,2023-02-10 11:41:00,SHORT,17876.35,17871.95,10.57,1.713,123847,2023-02-10 11:52:00,17882.52,stop,-10.57,-1689.8,7.4,-11.05,0,False
123916,2023-02-10 13:01:00,SHORT,17854.15,17851.25,8.42,1.525,123920,2023-02-10 13:05:00,17859.67,stop,-8.42,-1549.82,1.05,-11.75,3,True
123958,2023-02-10 13:43:00,LONG,17867.8,17876.25,13.88,2.555,124010,2023-02-10 14:35:00,17862.37,stop,-13.88,-1905.17,7.8,-14.65,1,True
124043,2023-02-10 15:08:00,LONG,17884.0,17885.4,7.58,1.227,124053,2023-02-10 15:18:00,17877.82,stop,-7.58,-1495.7,1.8,-13.95,5,True
124067,2023-02-13 09:17:00,LONG,17888.85,17892.15,11.04,1.427,124068,2023-02-13 09:18:00,17881.11,stop,-11.04,-1720.49,4.95,-11.35,0,False
124082,2023-02-13 09:32:00,SHORT,17840.05,17838.65,11.07,1.145,124093,2023-02-13 09:43:00,17849.72,stop,-11.07,-1721.88,13.5,-12.35,0,False
124104,2023-02-13 09:54:00,SHORT,17818.9,17812.7,14.92,1.711,124115,2023-02-13 10:05:00,17782.86,target,29.84,937.64,37.7,0.0,0,False
124199,2023-02-13 11:29:00,SHORT,17799.65,17795.8,9.41,1.693,124236,2023-02-13 12:06:00,17776.99,target,18.81,221.37,23.05,-9.2,0,False
124356,2023-02-13 14:06:00,LONG,17805.35,17807.0,6.98,1.31,124359,2023-02-13 14:09:00,17800.02,stop,-6.98,-1455.25,1.0,-7.0,0,False
124382,2023-02-13 14:32:00,LONG,17809.65,17813.15,9.3,1.603,124411,2023-02-13 15:01:00,17803.85,stop,-9.3,-1606.34,11.85,-9.85,1,True
124456,2023-02-14 09:31:00,LONG,17851.0,17853.2,11.64,1.233,124460,2023-02-14 09:35:00,17876.47,target,23.27,509.77,24.8,0.0,0,False
124551,2023-02-14 11:06:00,LONG,17869.95,17873.6,8.99,1.683,124596,2023-02-14 11:51:00,17891.59,target,17.99,166.0,21.4,-8.5,0,False
124612,2023-02-14 12:07:00,LONG,17900.5,17905.3,9.21,2.087,124614,2023-02-14 12:09:00,17923.73,target,18.43,194.12,19.4,0.0,0,False
124715,2023-02-14 13:50:00,LONG,17945.0,17945.25,5.59,1.047,124725,2023-02-14 14:00:00,17956.42,target,11.17,-278.15,14.65,-3.2,0,False
124793,2023-02-14 15:08:00,SHORT,17945.85,17940.25,10.7,2.098,124810,2023-02-14 15:25:00,17944.25,eod,-4.0,-1264.06,0.35,-8.2,0,False
124875,2023-02-15 10:15:00,LONG,17949.0,17953.3,11.82,1.572,124887,2023-02-15 10:27:00,17941.48,stop,-11.82,-1772.51,6.7,-11.85,1,True
124935,2023-02-15 11:15:00,LONG,17964.8,17965.75,4.88,1.242,124944,2023-02-15 11:24:00,17975.51,target,9.76,-370.06,12.25,-3.75,1,True
125115,2023-02-15 14:15:00,LONG,17965.0,17967.85,8.22,1.531,125137,2023-02-15 14:37:00,17984.28,target,16.43,63.43,17.15,-7.35,1,True
125256,2023-02-16 10:21:00,SHORT,18124.7,18116.55,14.01,2.391,125281,2023-02-16 10:46:00,18130.56,stop,-14.01,-1917.6,12.55,-17.6,1,True
125333,2023-02-16 11:38:00,SHORT,18125.55,18121.75,8.67,1.781,125350,2023-02-16 11:55:00,18104.41,target,17.34,119.69,18.05,-3.2,6,True
125381,2023-02-16 12:26:00,SHORT,18103.7,18101.15,7.17,1.552,125384,2023-02-16 12:29:00,18108.32,stop,-7.17,-1472.77,0.55,-7.35,2,True
125435,2023-02-16 13:20:00,LONG,18115.15,18116.6,7.29,1.248,125464,2023-02-16 13:49:00,18109.31,stop,-7.29,-1480.76,8.9,-9.6,0,False
125501,2023-02-16 14:26:00,SHORT,18071.0,18070.55,6.84,1.07,125503,2023-02-16 14:28:00,18056.88,target,13.67,-117.64,17.35,-0.7,0,False
125746,2023-02-17 12:16:00,SHORT,17986.5,17986.25,5.42,1.048,125751,2023-02-17 12:21:00,17975.41,target,10.84,-300.06,13.55,-2.45,1,True
125761,2023-02-17 12:31:00,SHORT,17960.5,17960.0,6.7,1.081,125764,2023-02-17 12:34:00,17966.7,stop,-6.7,-1439.62,10.0,-9.9,3,True
125786,2023-02-17 12:56:00,SHORT,17952.0,17950.5,8.9,1.203,125790,2023-02-17 13:00:00,17932.7,target,17.8,153.11,19.05,-3.35,2,True
125821,2023-02-17 13:31:00,SHORT,17930.5,17929.5,8.75,1.129,125823,2023-02-17 13:33:00,17911.99,target,17.51,134.31,19.5,-1.25,3,False
125860,2023-02-17 14:10:00,SHORT,17905.0,17904.0,9.6,1.116,125861,2023-02-17 14:11:00,17913.6,stop,-9.6,-1627.23,2.6,-14.0,0,False
125918,2023-02-17 15:08:00,LONG,17948.4,17951.0,11.97,1.278,125935,2023-02-17 15:25:00,17949.2,eod,-1.8,-1121.21,9.0,-3.45,6,True
125969,2023-02-20 09:44:00,LONG,17982.8,17988.4,19.66,1.398,125973,2023-02-20 09:48:00,17968.74,stop,-19.66,-2282.42,6.6,-20.4,0,False
126067,2023-02-20 11:22:00,SHORT,17960.0,17956.0,10.01,1.666,126075,2023-02-20 11:30:00,17935.98,target,20.02,297.09,20.25,-6.0,0,False
126192,2023-02-20 13:27:00,SHORT,17893.55,17883.9,16.43,2.424,126242,2023-02-20 14:17:00,17851.05,target,32.85,1132.34,33.9,-8.1,1,True
126279,2023-02-20 14:54:00,LONG,17868.0,17869.9,9.97,1.236,126288,2023-02-20 15:03:00,17859.93,stop,-9.97,-1650.45,14.0,-14.3,3,True
126321,2023-02-21 09:21:00,LONG,17883.9,17887.0,12.03,1.347,126324,2023-02-21 09:24:00,17874.97,stop,-12.03,-1785.08,2.0,-12.8,3,True
126330,2023-02-21 09:30:00,LONG,17894.0,17894.6,9.36,1.069,126335,2023-02-21 09:35:00,17885.24,stop,-9.36,-1611.48,10.35,-21.1,2,True
126500,2023-02-21 12:20:00,SHORT,17855.0,17849.95,11.63,1.767,126516,2023-02-21 12:36:00,17826.68,target,23.27,509.99,24.95,-3.05,3,True
126551,2023-02-21 13:11:00,LONG,17852.8,17857.0,9.92,1.734,126580,2023-02-21 13:40:00,17876.84,target,19.84,287.0,26.35,-9.0,0,False
126602,2023-02-21 14:02:00,LONG,17893.0,17894.1,7.31,1.177,126605,2023-02-21 14:05:00,17886.79,stop,-7.31,-1478.21,0.45,-8.75,0,False
126608,2023-02-21 14:08:00,SHORT,17876.4,17873.9,8.78,1.398,126621,2023-02-21 14:21:00,17856.35,target,17.55,137.9,17.65,-6.05,1,True
126626,2023-02-21 14:26:00,SHORT,17839.25,17833.05,14.22,1.773,126643,2023-02-21 14:43:00,17847.27,stop,-14.22,-1926.32,17.3,-15.4,2,True
126716,2023-02-22 09:41:00,SHORT,17736.0,17734.15,11.81,1.186,126720,2023-02-22 09:45:00,17710.52,target,23.63,535.49,26.65,0.0,0,False
126778,2023-02-22 10:43:00,SHORT,17666.2,17663.8,8.64,1.385,126781,2023-02-22 10:46:00,17672.44,stop,-8.64,-1560.62,3.8,-9.65,0,False
126821,2023-02-22 11:26:00,LONG,17679.0,17683.3,10.37,1.708,126825,2023-02-22 11:30:00,17672.93,stop,-10.37,-1673.51,2.15,-11.9,3,True
126832,2023-02-22 11:37:00,SHORT,17660.0,17657.5,8.9,1.391,126835,2023-02-22 11:40:00,17666.4,stop,-8.9,-1577.41,4.75,-10.5,4,True
126935,2023-02-22 13:20:00,SHORT,17616.75,17615.6,8.08,1.166,126936,2023-02-22 13:21:00,17623.68,stop,-8.08,-1523.54,0.0,-12.0,5,True
126942,2023-02-22 13:27:00,SHORT,17615.2,17607.05,15.76,2.072,126954,2023-02-22 13:39:00,17575.54,target,31.51,1049.99,36.0,-0.45,0,False
126975,2023-02-22 14:00:00,SHORT,17565.0,17563.0,9.7,1.26,126979,2023-02-22 14:04:00,17572.7,stop,-9.7,-1628.06,3.0,-10.0,5,True
127025,2023-02-22 14:50:00,LONG,17595.0,17598.55,12.06,1.417,127032,2023-02-22 14:57:00,17586.49,stop,-12.06,-1782.24,4.75,-17.5,1,True
127139,2023-02-23 10:29:00,LONG,17615.0,17616.7,13.48,1.144,127144,2023-02-23 10:34:00,17603.22,stop,-13.48,-1874.58,12.0,-15.0,0,False
127199,2023-02-23 11:29:00,LONG,17588.1,17591.25,12.16,1.35,127201,2023-02-23 11:31:00,17579.09,stop,-12.16,-1788.47,5.3,-16.1,0,False
127236,2023-02-23 12:06:00,SHORT,17572.75,17571.8,6.98,1.157,127238,2023-02-23 12:08:00,17557.83,target,13.97,-89.8,14.45,-0.15,3,False
127262,2023-02-23 12:32:00,SHORT,17546.6,17536.2,16.96,2.586,127283,2023-02-23 12:53:00,17553.16,stop,-16.96,-2099.34,11.15,-17.95,2,True
127300,2023-02-23 13:10:00,LONG,17585.0,17585.1,8.25,1.012,127301,2023-02-23 13:11:00,17576.85,stop,-8.25,-1534.26,1.15,-8.85,0,False
127585,2023-02-24 11:40:00,SHORT,17594.0,17589.4,12.94,1.552,127612,2023-02-24 12:07:00,17602.34,stop,-12.94,-1838.91,14.4,-13.55,0,False
128050,2023-02-27 13:10:00,SHORT,17414.2,17403.5,17.89,2.488,128056,2023-02-27 13:16:00,17421.39,stop,-17.89,-2157.67,11.3,-18.0,0,False
128073,2023-02-27 13:33:00,LONG,17434.9,17437.95,10.68,1.4,128075,2023-02-27 13:35:00,17427.27,stop,-10.68,-1689.33,1.7,-16.3,1,True
128091,2023-02-27 13:51:00,LONG,17440.0,17440.25,7.77,1.033,128094,2023-02-27 13:54:00,17455.78,target,15.53,13.95,17.25,0.0,0,False
128157,2023-02-27 14:57:00,LONG,17465.9,17466.25,7.72,1.047,128160,2023-02-27 15:00:00,17481.69,target,15.44,7.59,21.15,-1.25,0,False
128168,2023-02-27 15:08:00,LONG,17489.95,17498.6,18.27,1.9,128185,2023-02-27 15:25:00,17503.0,eod,4.4,-710.56,13.9,-11.1,0,False
128214,2023-02-28 09:39:00,LONG,17524.7,17525.0,12.92,1.024,128220,2023-02-28 09:45:00,17512.08,stop,-12.92,-1836.44,9.0,-19.0,6,True
128245,2023-02-28 10:10:00,SHORT,17466.9,17464.1,13.01,1.274,128251,2023-02-28 10:16:00,17477.11,stop,-13.01,-1841.64,6.6,-13.4,1,True
128281,2023-02-28 10:46:00,SHORT,17437.35,17436.6,10.85,1.074,128284,2023-02-28 10:49:00,17447.45,stop,-10.85,-1700.73,4.6,-11.0,0,False
128349,2023-02-28 11:54:00,LONG,17466.1,17468.8,9.36,1.405,128364,2023-02-28 12:09:00,17459.44,stop,-9.36,-1604.22,9.15,-10.75,2,True
128440,2023-02-28 13:25:00,SHORT,17432.0,17425.55,14.03,1.851,128450,2023-02-28 13:35:00,17439.58,stop,-14.03,-1907.39,12.7,-17.9,7,True
128588,2023-03-01 09:38:00,LONG,17487.9,17488.75,11.53,1.08,128601,2023-03-01 09:51:00,17477.22,stop,-11.53,-1745.45,15.15,-15.45,1,True
128642,2023-03-01 10:32:00,LONG,17504.4,17507.95,10.56,1.506,128644,2023-03-01 10:34:00,17497.39,stop,-10.56,-1683.04,0.9,-13.2,0,False
128738,2023-03-01 12:08:00,SHORT,17499.1,17498.7,4.66,1.094,128741,2023-03-01 12:11:00,17489.37,target,9.33,-390.14,12.5,-0.3,4,True
128742,2023-03-01 12:12:00,SHORT,17486.2,17485.55,5.35,1.138,128743,2023-03-01 12:13:00,17490.9,stop,-5.35,-1344.09,0.0,-9.45,1,True
128833,2023-03-01 13:43:00,LONG,17503.5,17503.85,4.93,1.076,128840,2023-03-01 13:50:00,17513.71,target,9.86,-356.1,17.85,-0.8,0,False
128878,2023-03-01 14:28:00,LONG,17527.3,17528.8,7.02,1.272,128880,2023-03-01 14:30:00,17542.85,target,14.05,-84.18,20.2,-2.55,0,False
128948,2023-03-02 09:23:00,SHORT,17485.0,17480.1,12.86,1.616,128953,2023-03-02 09:28:00,17454.38,target,25.72,675.64,27.1,-3.9,2,True
129011,2023-03-02 10:26:00,LONG,17444.0,17444.95,8.04,1.134,129024,2023-03-02 10:39:00,17461.02,target,16.07,48.87,16.15,-6.3,0,False
129092,2023-03-02 11:47:00,LONG,17456.0,17456.8,5.14,1.184,129093,2023-03-02 11:48:00,17451.66,stop,-5.14,-1329.95,1.4,-5.2,6,True
129197,2023-03-02 13:32:00,SHORT,17418.55,17411.5,12.66,2.257,129209,2023-03-02 13:44:00,17386.19,target,25.31,650.49,27.7,0.0,0,False
129330,2023-03-03 09:30:00,LONG,17550.0,17556.0,17.46,1.523,129335,2023-03-03 09:35:00,17538.15,stop_gap,-17.85,-2157.47,6.25,-24.85,1,True
129400,2023-03-03 10:40:00,LONG,17609.0,17613.0,10.74,1.594,129444,2023-03-03 11:24:00,17634.47,target,21.47,396.88,22.5,-6.4,0,False
129506,2023-03-03 12:26:00,SHORT,17635.3,17633.8,5.26,1.399,129511,2023-03-03 12:31:00,17623.29,target,10.51,-315.52,11.2,-2.2,1,True
129571,2023-03-03 13:31:00,LONG,17649.0,17651.05,6.86,1.427,129573,2023-03-03 13:33:00,17664.76,target,13.71,-107.99,13.9,0.0,0,False
129602,2023-03-03 14:02:00,LONG,17675.0,17676.75,6.73,1.351,129609,2023-03-03 14:09:00,17670.02,stop,-6.73,-1436.82,8.25,-6.75,5,False
129751,2023-03-06 10:16:00,LONG,17840.0,17848.25,15.17,2.192,129803,2023-03-06 11:08:00,17833.08,stop,-15.17,-1988.4,15.05,-18.05,0,False
129870,2023-03-06 12:15:00,LONG,17844.7,17844.75,5.66,1.009,129871,2023-03-06 12:16:00,17839.09,stop,-5.66,-1370.03,0.25,-7.8,1,True
129949,2023-03-06 13:34:00,SHORT,17800.15,17792.95,13.92,2.071,129997,2023-03-06 14:22:00,17806.87,stop,-13.92,-1906.43,19.4,-18.05,1,True
130170,2023-03-08 11:00:00,SHORT,17742.15,17742.1,6.42,1.008,130172,2023-03-08 11:02:00,17748.52,stop,-6.42,-1417.66,0.45,-8.15,0,False
130268,2023-03-08 12:38:00,LONG,17718.9,17720.0,6.98,1.187,130273,2023-03-08 12:43:00,17713.02,stop,-6.98,-1453.97,2.5,-8.95,1,True
130281,2023-03-08 12:51:00,LONG,17722.95,17723.35,5.89,1.073,130295,2023-03-08 13:05:00,17735.12,target,11.77,-235.43,14.65,-1.15,5,True
130346,2023-03-08 13:56:00,LONG,17747.0,17750.75,8.18,1.847,130351,2023-03-08 14:01:00,17767.11,target,16.36,62.06,17.9,-0.8,2,True
130410,2023-03-08 15:00:00,LONG,17781.95,17784.0,8.15,1.336,130418,2023-03-08 15:08:00,17800.29,target,16.29,57.41,18.65,-2.2,0,False
130444,2023-03-09 09:19:00,LONG,17805.05,17809.15,12.09,1.513,130445,2023-03-09 09:20:00,17797.06,stop,-12.09,-1787.65,5.85,-19.15,1,False
130466,2023-03-09 09:41:00,SHORT,17753.0,17752.2,8.82,1.1,130470,2023-03-09 09:45:00,17761.02,stop,-8.82,-1574.14,3.75,-17.6,2,True
130484,2023-03-09 09:59:00,SHORT,17732.0,17727.95,12.13,1.501,130497,2023-03-09 10:12:00,17703.69,target,24.26,576.5,26.0,-1.05,0,False
130545,2023-03-09 11:00:00,LONG,17734.75,17738.0,8.24,1.651,130560,2023-03-09 11:15:00,17754.48,target,16.48,70.65,20.0,-6.05,2,True
130597,2023-03-09 11:52:00,SHORT,17754.5,17751.3,7.92,1.678,130606,2023-03-09 12:01:00,17735.46,target,15.84,28.77,19.1,-3.55,3,True
130620,2023-03-09 12:15:00,SHORT,17718.25,17714.0,9.53,1.805,130638,2023-03-09 12:33:00,17694.93,target,19.07,239.12,22.7,-1.8,0,False
130715,2023-03-09 13:50:00,SHORT,17660.0,17659.0,7.17,1.162,130717,2023-03-09 13:52:00,17666.17,stop,-7.17,-1465.59,3.0,-8.25,2,True
130730,2023-03-09 14:05:00,LONG,17674.45,17674.5,6.05,1.008,130733,2023-03-09 14:08:00,17668.45,stop,-6.05,-1392.56,4.45,-12.75,0,False
130755,2023-03-09 14:30:00,SHORT,17661.75,17657.3,10.54,1.731,130762,2023-03-09 14:37:00,17667.84,stop,-10.54,-1684.21,10.7,-11.1,2,True
130798,2023-03-09 15:13:00,SHORT,17644.8,17644.0,7.66,1.117,130810,2023-03-09 15:25:00,17645.7,eod,-1.7,-1109.49,8.95,-3.7,0,False
130921,2023-03-10 11:01:00,SHORT,17437.0,17436.65,8.08,1.045,130926,2023-03-10 11:06:00,17444.73,stop,-8.08,-1520.47,3.05,-13.35,0,False
130929,2023-03-10 11:09:00,LONG,17465.0,17472.45,16.0,1.871,130933,2023-03-10 11:13:00,17456.45,stop,-16.0,-2035.93,1.35,-18.5,1,True
130981,2023-03-10 12:01:00,SHORT,17444.65,17443.0,7.15,1.3,130991,2023-03-10 12:11:00,17450.15,stop,-7.15,-1460.07,8.0,-9.0,0,False
131020,2023-03-10 12:40:00,LONG,17429.35,17429.4,6.7,1.008,131023,2023-03-10 12:43:00,17442.79,target,13.39,-125.04,25.55,-1.45,0,False
131039,2023-03-10 12:59:00,LONG,17454.95,17458.45,9.89,1.548,131058,2023-03-10 13:18:00,17448.56,stop,-9.89,-1638.55,18.25,-10.2,0,False
131085,2023-03-10 13:45:00,SHORT,17414.05,17413.65,7.76,1.054,131086,2023-03-10 13:46:00,17421.41,stop,-7.76,-1499.59,1.1,-8.6,0,False
131153,2023-03-10 14:53:00,SHORT,17416.0,17411.55,12.11,1.581,131159,2023-03-10 14:59:00,17423.66,stop,-12.11,-1782.13,5.55,-13.4,5,False
131163,2023-03-10 15:03:00,LONG,17448.7,17453.0,13.19,1.484,131185,2023-03-10 15:25:00,17457.0,eod,4.0,-735.77,14.65,-8.8,3,True
131326,2023-03-13 11:31:00,SHORT,17411.2,17410.05,10.97,1.117,131348,2023-03-13 11:53:00,17388.1,target,21.95,431.7,23.05,-4.85,4,True
131625,2023-03-14 10:17:00,SHORT,17159.65,17156.65,15.85,1.234,131651,2023-03-14 10:43:00,17172.5,stop,-15.85,-2020.7,29.65,-19.65,1,True
131785,2023-03-14 12:57:00,SHORT,17127.0,17122.6,20.1,1.28,131805,2023-03-14 13:17:00,17082.39,target,40.21,1623.67,42.65,-14.95,1,True
131838,2023-03-14 13:50:00,SHORT,17106.05,17097.05,21.92,1.696,131850,2023-03-14 14:02:00,17118.97,stop,-21.92,-2414.8,20.8,-24.4,1,False
131872,2023-03-14 14:24:00,LONG,17139.0,17142.95,17.23,1.297,131878,2023-03-14 14:30:00,17125.72,stop,-17.23,-2110.4,18.2,-20.2,0,False
132135,2023-03-15 12:32:00,SHORT,17150.6,17150.1,8.56,1.062,132137,2023-03-15 12:34:00,17158.66,stop,-8.56,-1546.7,0.05,-14.7,2,True
132216,2023-03-15 13:53:00,SHORT,17105.5,17101.5,14.51,1.381,132228,2023-03-15 14:05:00,17116.01,stop,-14.51,-1932.65,9.5,-15.3,0,False
132262,2023-03-15 14:39:00,SHORT,17091.0,17088.05,11.82,1.333,132279,2023-03-15 14:56:00,17064.42,target,23.63,546.69,25.8,-8.4,3,True
132374,2023-03-16 10:16:00,LONG,16963.8,16964.0,12.13,1.017,132377,2023-03-16 10:19:00,16988.27,target,24.27,589.75,26.9,-4.0,0,False
132426,2023-03-16 11:08:00,LONG,17096.45,17099.6,17.61,1.218,132436,2023-03-16 11:18:00,17081.6,stop_gap,-18.0,-2159.41,14.65,-35.6,6,False
132466,2023-03-16 11:48:00,SHORT,17034.0,17033.3,12.34,1.06,132489,2023-03-16 12:11:00,17008.61,target,24.69,616.11,30.7,-10.4,1,True
132552,2023-03-16 13:14:00,LONG,17044.25,17045.0,11.38,1.071,132553,2023-03-16 13:15:00,17033.62,stop,-11.38,-1728.17,0.0,-17.4,0,False
132623,2023-03-16 14:25:00,LONG,17118.05,17124.9,19.29,1.551,132624,2023-03-16 14:26:00,17105.61,stop,-19.29,-2243.48,0.0,-19.35,1,True
132689,2023-03-17 09:16:00,LONG,17177.0,17188.7,29.5,1.657,132692,2023-03-17 09:19:00,17159.2,stop,-29.5,-2908.46,14.55,-36.05,2,True
132864,2023-03-17 12:11:00,SHORT,17048.35,17042.55,17.32,1.503,132866,2023-03-17 12:13:00,17059.87,stop,-17.32,-2114.68,4.2,-17.4,0,False
132916,2023-03-17 13:03:00,SHORT,17025.75,17023.1,13.34,1.248,132918,2023-03-17 13:05:00,17036.44,stop,-13.34,-1855.64,1.1,-20.35,0,False
132968,2023-03-17 13:55:00,LONG,17160.0,17161.95,15.31,1.146,132974,2023-03-17 14:01:00,17146.64,stop,-15.31,-1985.82,5.45,-26.7,2,True
133104,2023-03-20 09:56:00,SHORT,16975.0,16964.8,24.05,1.736,133167,2023-03-20 10:59:00,16988.85,stop,-24.05,-2550.7,43.25,-29.15,3,True
133221,2023-03-20 11:53:00,SHORT,16943.0,16940.25,10.87,1.339,133227,2023-03-20 11:59:00,16918.52,target,21.73,425.71,27.7,-5.7,0,False
133409,2023-03-20 15:01:00,LONG,16987.45,16994.5,18.56,1.612,133417,2023-03-20 15:09:00,17031.62,target,37.12,1424.49,40.55,0.0,2,True
133495,2023-03-21 10:12:00,LONG,17097.85,17102.25,15.04,1.413,133544,2023-03-21 11:01:00,17087.21,stop,-15.04,-1967.18,21.6,-20.1,0,False
133597,2023-03-21 11:54:00,SHORT,17081.05,17075.6,11.49,1.902,133625,2023-03-21 12:22:00,17087.09,stop,-11.49,-1736.39,14.6,-16.15,2,True
133763,2023-03-21 14:40:00,LONG,17170.0,17172.0,9.89,1.254,133783,2023-03-21 15:00:00,17162.11,stop,-9.89,-1633.35,11.65,-9.9,3,True
133858,2023-03-22 10:00:00,SHORT,17191.0,17186.0,15.83,1.462,133864,2023-03-22 10:06:00,17201.83,stop,-15.83,-2019.89,5.0,-17.7,1,False
133896,2023-03-22 10:38:00,SHORT,17167.0,17161.2,13.71,1.733,133899,2023-03-22 10:41:00,17174.91,stop,-13.71,-1882.2,0.85,-13.8,1,True
133924,2023-03-22 11:06:00,SHORT,17146.3,17145.1,7.98,1.177,133925,2023-03-22 11:07:00,17153.08,stop,-7.98,-1509.01,1.45,-8.9,2,True
133988,2023-03-22 12:10:00,SHORT,17175.4,17171.2,9.73,1.76,134003,2023-03-22 12:25:00,17180.93,stop,-9.73,-1623.08,7.7,-13.8,0,False
134053,2023-03-22 13:15:00,SHORT,17163.1,17162.4,6.37,1.123,134061,2023-03-22 13:23:00,17168.77,stop,-6.37,-1405.02,11.2,-6.5,4,True
134137,2023-03-22 14:39:00,SHORT,17163.05,17159.7,10.48,1.47,134155,2023-03-22 14:57:00,17170.18,stop,-10.48,-1672.24,10.7,-14.75,4,False
134166,2023-03-22 15:08:00,LONG,17186.0,17186.95,8.23,1.131,134183,2023-03-22 15:25:00,17184.05,eod,-2.9,-1179.62,11.5,-6.6,1,True
134189,2023-03-23 09:16:00,SHORT,17114.0,17113.4,11.15,1.057,134199,2023-03-23 09:26:00,17091.11,target,22.29,459.03,22.4,-4.45,1,True
134256,2023-03-23 10:23:00,LONG,17203.85,17204.0,8.69,1.018,134260,2023-03-23 10:27:00,17195.31,stop,-8.69,-1556.04,6.0,-11.85,1,True
134388,2023-03-23 12:35:00,LONG,17216.45,17217.0,7.33,1.081,134402,2023-03-23 12:49:00,17231.65,target,14.65,-39.6,16.0,-3.75,7,True
134422,2023-03-23 13:09:00,SHORT,17212.2,17212.05,6.17,1.025,134438,2023-03-23 13:25:00,17218.22,stop,-6.17,-1392.69,12.05,-7.65,0,False
134475,2023-03-23 14:02:00,SHORT,17182.4,17175.1,13.87,2.111,134488,2023-03-23 14:15:00,17147.36,target,27.74,811.96,33.2,-4.9,4,True
134538,2023-03-23 15:05:00,SHORT,17102.15,17099.3,13.39,1.27,134541,2023-03-23 15:08:00,17072.51,target,26.79,751.47,32.25,-2.55,0,False
134652,2023-03-24 10:44:00,SHORT,17038.0,17035.0,12.63,1.311,134657,2023-03-24 10:49:00,17047.63,stop,-12.63,-1809.64,4.75,-14.0,3,True
134678,2023-03-24 11:10:00,LONG,17062.4,17068.0,13.38,1.72,134711,2023-03-24 11:43:00,17094.76,target,26.76,750.11,27.5,-13.0,1,True
134743,2023-03-24 12:15:00,LONG,17110.0,17115.4,12.25,1.788,134744,2023-03-24 12:16:00,17103.15,stop,-12.25,-1786.1,0.15,-20.3,0,False
134824,2023-03-24 13:36:00,SHORT,17052.0,17051.65,9.53,1.038,134827,2023-03-24 13:39:00,17032.59,target,19.06,250.09,23.85,-4.05,0,False
134908,2023-03-24 15:00:00,SHORT,16976.0,16970.1,17.99,1.488,134929,2023-03-24 15:21:00,16934.12,target,35.98,1351.12,36.95,-11.3,0,False
134953,2023-03-27 09:30:00,LONG,17014.95,17022.95,23.97,1.501,135062,2023-03-27 11:19:00,16998.98,stop,-23.97,-2546.05,45.95,-24.9,1,True
135078,2023-03-27 11:35:00,LONG,17031.0,17038.0,15.76,1.799,135112,2023-03-27 12:09:00,17069.53,target,31.53,1060.33,32.4,-3.9,0,False
135238,2023-03-27 14:15:00,LONG,17070.95,17080.75,18.88,2.079,135250,2023-03-27 14:27:00,17118.51,target,37.76,1464.51,38.25,-4.7,0,False
135259,2023-03-27 14:36:00,LONG,17117.8,17120.0,10.11,1.278,135262,2023-03-27 14:39:00,17109.89,stop,-10.11,-1647.18,4.45,-11.85,11,False
135387,2023-03-28 10:29:00,SHORT,17007.05,16998.2,17.75,1.994,135458,2023-03-28 11:40:00,17015.95,stop,-17.75,-2141.83,30.2,-19.8,0,False
135498,2023-03-28 12:20:00,SHORT,16984.45,16981.5,9.48,1.452,135499,2023-03-28 12:21:00,16990.98,stop,-9.48,-1604.02,0.5,-10.9,4,True
135562,2023-03-28 13:24:00,SHORT,16988.0,16984.35,10.24,1.554,135592,2023-03-28 13:54:00,16963.88,target,20.47,343.09,22.35,-8.25,1,True
135722,2023-03-29 09:49:00,LONG,17018.2,17022.0,11.37,1.502,135757,2023-03-29 10:24:00,17044.75,target,22.75,489.98,23.8,-7.75,9,True
135844,2023-03-29 11:51:00,SHORT,16968.1,16963.25,11.88,1.69,135848,2023-03-29 11:55:00,16975.13,stop,-11.88,-1759.82,1.65,-14.1,4,False
135872,2023-03-29 12:19:00,SHORT,16946.5,16945.8,6.7,1.117,135875,2023-03-29 12:22:00,16952.5,stop,-6.7,-1422.3,3.2,-8.65,7,True
135915,2023-03-29 13:02:00,LONG,16983.4,16983.7,5.55,1.057,135916,2023-03-29 13:03:00,16978.15,stop,-5.55,-1348.6,2.25,-7.75,2,True
136194,2023-03-31 11:26:00,LONG,17350.95,17352.0,7.35,1.167,136208,2023-03-31 11:40:00,17366.7,target,14.7,-38.63,18.0,-5.75,0,False
136247,2023-03-31 12:19:00,LONG,17370.0,17373.05,8.39,1.571,136259,2023-03-31 12:31:00,17389.84,target,16.79,96.62,24.9,-1.05,0,False
136331,2023-03-31 13:43:00,LONG,17417.75,17419.1,7.04,1.237,136340,2023-03-31 13:52:00,17433.18,target,14.08,-80.34,14.9,-0.05,1,True
136361,2023-03-31 14:13:00,LONG,17445.0,17446.45,7.73,1.231,136373,2023-03-31 14:25:00,17438.72,stop,-7.73,-1498.12,13.3,-14.3,4,True
136499,2023-04-03 10:16:00,SHORT,17435.45,17434.2,9.22,1.157,136504,2023-04-03 10:21:00,17443.42,stop,-9.22,-1595.03,7.25,-15.05,0,False
136556,2023-04-03 11:13:00,SHORT,17394.4,17393.05,8.6,1.186,136566,2023-04-03 11:23:00,17401.65,stop,-8.6,-1553.46,1.35,-8.9,2,True
136568,2023-04-03 11:25:00,SHORT,17391.6,17389.95,8.15,1.254,136580,2023-04-03 11:37:00,17398.1,stop,-8.15,-1524.25,5.95,-20.05,1,True
136609,2023-04-03 12:06:00,LONG,17425.95,17429.9,9.51,1.711,136618,2023-04-03 12:15:00,17420.4,stop,-9.51,-1613.01,9.05,-9.55,1,True
136662,2023-04-03 12:59:00,SHORT,17420.1,17416.4,8.61,1.754,136666,2023-04-03 13:03:00,17425.01,stop,-8.61,-1554.72,6.3,-8.65,1,True
136668,2023-04-03 13:05:00,LONG,17435.0,17440.8,12.83,1.825,136671,2023-04-03 13:08:00,17427.97,stop,-12.83,-1829.34,4.2,-18.8,5,False
136727,2023-04-03 14:04:00,LONG,17430.0,17430.4,6.11,1.07,136739,2023-04-03 14:16:00,17424.29,stop,-6.11,-1392.58,9.6,-8.1,0,False
136745,2023-04-03 14:22:00,LONG,17440.0,17442.45,8.27,1.421,136754,2023-04-03 14:31:00,17433.1,stop_gap,-9.35,-1603.15,4.45,-9.35,0,False
136765,2023-04-03 14:42:00,LONG,17453.0,17453.85,6.58,1.148,136769,2023-04-03 14:46:00,17467.02,target,13.17,-140.01,14.1,-1.85,0,False
136847,2023-04-05 09:49:00,LONG,17544.4,17548.8,11.22,1.645,136859,2023-04-05 10:01:00,17537.5,stop_gap,-11.3,-1731.69,0.0,-11.7,1,True
136914,2023-04-05 10:56:00,SHORT,17551.5,17547.55,9.47,1.715,136917,2023-04-05 10:59:00,17557.02,stop,-9.47,-1612.99,0.55,-10.45,2,True
137072,2023-04-05 13:34:00,SHORT,17597.4,17593.0,9.58,1.849,137109,2023-04-05 14:11:00,17602.58,stop,-9.58,-1621.02,10.5,-13.25,0,False
137128,2023-04-05 14:30:00,LONG,17610.0,17612.65,7.76,1.518,137140,2023-04-05 14:42:00,17604.89,stop,-7.76,-1503.01,6.65,-21.5,2,True
137155,2023-04-05 14:57:00,LONG,17620.0,17622.2,7.46,1.418,137158,2023-04-05 15:00:00,17614.74,stop,-7.46,-1483.71,0.0,-17.2,0,False
137190,2023-04-06 09:17:00,SHORT,17585.3,17581.1,11.73,1.558,137194,2023-04-06 09:21:00,17592.83,stop,-11.73,-1760.16,6.0,-18.7,1,True
137227,2023-04-06 09:54:00,SHORT,17575.1,17565.0,16.66,2.539,137232,2023-04-06 09:59:00,17581.66,stop,-16.66,-2080.69,7.0,-18.65,8,True
137363,2023-04-06 12:10:00,SHORT,17655.0,17654.5,5.21,1.106,137365,2023-04-06 12:12:00,17659.71,stop,-5.21,-1337.87,1.5,-5.5,0,False
137389,2023-04-06 12:36:00,LONG,17676.0,17682.0,11.74,2.045,137409,2023-04-06 12:56:00,17705.49,target,23.49,526.75,26.75,-3.45,5,False
137451,2023-04-06 13:38:00,SHORT,17666.75,17656.9,16.42,2.5,137460,2023-04-06 13:47:00,17624.06,target,32.84,1135.3,34.65,-6.25,2,True
137708,2023-04-10 11:40:00,LONG,17694.0,17696.7,7.23,1.596,137722,2023-04-10 11:54:00,17711.16,target,14.46,-60.3,14.6,-0.35,2,True
137799,2023-04-10 13:11:00,SHORT,17727.0,17726.05,6.05,1.186,137823,2023-04-10 13:35:00,17713.96,target,12.09,-214.37,13.25,-5.95,0,False
137867,2023-04-10 14:19:00,SHORT,17663.0,17662.1,8.41,1.12,137872,2023-04-10 14:24:00,17670.51,stop,-8.41,-1546.07,8.5,-11.2,0,False
138200,2023-04-11 13:37:00,LONG,17759.35,17761.75,7.44,1.476,138202,2023-04-11 13:39:00,17754.31,stop,-7.44,-1484.77,0.1,-8.15,2,True
138297,2023-04-11 15:14:00,LONG,17788.0,17790.0,6.71,1.424,138308,2023-04-11 15:25:00,17789.9,eod,-0.1,-1007.98,6.25,-4.0,12,True
138374,2023-04-12 10:16:00,SHORT,17803.1,17795.0,13.8,2.42,138408,2023-04-12 10:50:00,17808.8,stop,-13.8,-1898.82,6.95,-14.6,0,False
138505,2023-04-12 12:27:00,LONG,17827.4,17829.1,5.41,1.458,138512,2023-04-12 12:34:00,17823.69,stop,-5.41,-1354.04,2.9,-7.1,3,True
138615,2023-04-12 14:17:00,LONG,17869.0,17870.3,6.02,1.276,138616,2023-04-12 14:18:00,17864.28,stop,-6.02,-1393.85,0.6,-10.2,1,True
138709,2023-04-13 09:36:00,LONG,17868.7,17870.0,8.93,1.17,138716,2023-04-13 09:43:00,17861.07,stop,-8.93,-1582.93,7.15,-9.55,3,True
138743,2023-04-13 10:10:00,SHORT,17829.8,17826.4,9.91,1.522,138748,2023-04-13 10:15:00,17836.31,stop,-9.91,-1646.23,0.4,-15.6,4,True
138781,2023-04-13 10:48:00,SHORT,17825.05,17824.3,7.07,1.119,138787,2023-04-13 10:54:00,17810.17,target,14.13,-83.54,17.75,0.0,0,False
138788,2023-04-13 10:55:00,SHORT,17803.1,17802.15,7.38,1.148,138789,2023-04-13 10:56:00,17809.53,stop,-7.38,-1481.6,0.9,-7.5,0,False
138808,2023-04-13 11:15:00,SHORT,17788.05,17783.0,11.36,1.801,138814,2023-04-13 11:21:00,17794.36,stop,-11.36,-1739.58,0.0,-13.95,3,True
138872,2023-04-13 12:19:00,SHORT,17782.0,17780.45,6.55,1.31,138873,2023-04-13 12:20:00,17787.0,stop,-6.55,-1427.39,2.75,-9.35,1,True
138887,2023-04-13 12:34:00,SHORT,17776.4,17775.8,6.68,1.099,138889,2023-04-13 12:36:00,17782.48,stop,-6.68,-1435.54,0.25,-12.15,1,True
139047,2023-04-13 15:14:00,LONG,17877.4,17880.6,8.81,1.571,139058,2023-04-13 15:25:00,17884.1,eod,3.5,-775.58,8.4,-1.65,4,True
139252,2023-04-17 12:24:00,LONG,17741.25,17746.9,11.81,1.917,139289,2023-04-17 13:01:00,17735.09,stop,-11.81,-1768.4,20.35,-14.15,7,True
139468,2023-04-18 09:45:00,SHORT,17746.95,17741.9,13.82,1.576,139474,2023-04-18 09:51:00,17714.26,target,27.64,796.3,31.7,-1.75,0,False
139570,2023-04-18 11:27:00,LONG,17726.95,17728.5,7.1,1.279,139574,2023-04-18 11:31:00,17721.4,stop,-7.1,-1462.02,1.45,-10.2,1,True
139675,2023-04-18 13:12:00,SHORT,17734.95,17733.0,7.05,1.382,139686,2023-04-18 13:23:00,17718.9,target,14.1,-84.02,17.95,-4.6,1,True
139756,2023-04-18 14:33:00,LONG,17692.5,17694.7,8.84,1.331,139760,2023-04-18 14:37:00,17685.86,stop,-8.84,-1574.53,4.3,-9.9,3,True
139818,2023-04-19 09:20:00,SHORT,17674.0,17672.95,9.09,1.131,139825,2023-04-19 09:27:00,17682.04,stop,-9.09,-1590.16,12.85,-10.3,1,True
139945,2023-04-19 11:27:00,SHORT,17670.05,17670.0,5.6,1.009,139947,2023-04-19 11:29:00,17675.6,stop,-5.6,-1363.55,2.1,-6.1,0,False
140003,2023-04-19 12:25:00,SHORT,17690.1,17682.0,13.42,2.523,140008,2023-04-19 12:30:00,17695.42,stop,-13.42,-1871.8,2.15,-14.75,1,True
140025,2023-04-19 12:47:00,LONG,17705.65,17706.3,5.82,1.126,140028,2023-04-19 12:50:00,17700.48,stop,-5.82,-1378.4,1.6,-6.3,0,False
140043,2023-04-19 13:05:00,SHORT,17679.85,17678.25,7.15,1.288,140061,2023-04-19 13:23:00,17663.94,target,14.31,-69.39,15.45,-4.15,0,False
140080,2023-04-19 13:42:00,SHORT,17652.0,17636.6,22.06,3.314,140166,2023-04-19 15:08:00,17658.66,stop,-22.06,-2432.53,13.6,-27.4,0,False
140193,2023-04-20 09:20:00,LONG,17707.9,17709.4,10.24,1.172,140221,2023-04-20 09:48:00,17699.16,stop,-10.24,-1665.85,14.9,-12.35,0,False
140267,2023-04-20 10:34:00,SHORT,17627.95,17626.2,9.34,1.231,140270,2023-04-20 10:37:00,17635.54,stop,-9.34,-1605.63,2.15,-9.65,2,True
140392,2023-04-20 12:39:00,SHORT,17645.0,17638.35,11.87,2.273,140422,2023-04-20 13:09:00,17614.6,target,23.75,544.7,26.65,-9.65,1,True
140460,2023-04-20 13:47:00,LONG,17632.6,17635.35,8.54,1.475,140468,2023-04-20 13:55:00,17626.81,stop,-8.54,-1554.04,6.65,-9.35,1,True
140478,2023-04-20 14:05:00,SHORT,17617.6,17616.3,7.21,1.22,140482,2023-04-20 14:09:00,17623.51,stop,-7.21,-1467.42,5.35,-8.15,4,True
140533,2023-04-20 15:00:00,LONG,17644.15,17647.4,8.1,1.67,140534,2023-04-20 15:01:00,17639.3,stop,-8.1,-1525.64,0.65,-9.25,1,True
140591,2023-04-21 09:43:00,SHORT,17654.1,17654.05,10.17,1.005,140606,2023-04-21 09:58:00,17633.71,target,20.34,322.86,21.55,-9.25,4,False
140626,2023-04-21 10:18:00,SHORT,17629.4,17626.0,10.26,1.496,140643,2023-04-21 10:35:00,17636.26,stop,-10.26,-1665.55,8.65,-11.9,0,False
140684,2023-04-21 11:16:00,LONG,17639.0,17639.8,5.58,1.167,140687,2023-04-21 11:19:00,17634.22,stop,-5.58,-1361.34,0.85,-6.1,0,False
140737,2023-04-21 12:09:00,SHORT,17624.55,17624.0,5.33,1.115,140756,2023-04-21 12:28:00,17613.35,target,10.65,-306.14,11.2,-1.0,0,False
140757,2023-04-21 12:29:00,SHORT,17610.95,17604.0,12.16,2.333,140764,2023-04-21 12:36:00,17616.16,stop,-12.16,-1788.87,1.35,-12.7,2,True
140990,2023-04-24 10:07:00,SHORT,17645.0,17643.15,9.07,1.256,140997,2023-04-24 10:14:00,17652.22,stop,-9.07,-1588.39,6.7,-9.75,3,False
141018,2023-04-24 10:35:00,LONG,17657.35,17663.0,11.92,1.901,141072,2023-04-24 11:29:00,17651.08,stop,-11.92,-1774.21,10.95,-12.2,0,False
141074,2023-04-24 11:31:00,SHORT,17652.0,17651.05,6.92,1.159,141093,2023-04-24 11:50:00,17637.21,target,13.84,-99.31,16.85,-4.3,2,True
141193,2023-04-24 13:30:00,LONG,17722.0,17729.4,13.67,2.181,141274,2023-04-24 14:51:00,17756.73,target,27.33,775.74,28.6,-13.5,6,False
141316,2023-04-25 09:18:00,SHORT,17752.2,17748.1,10.13,1.68,141337,2023-04-25 09:39:00,17758.23,stop,-10.13,-1659.38,15.7,-10.9,3,True
141428,2023-04-25 11:10:00,LONG,17790.0,17793.55,8.59,1.705,141489,2023-04-25 12:11:00,17784.96,stop,-8.59,-1559.5,13.4,-13.05,1,True
141511,2023-04-25 12:33:00,SHORT,17770.8,17769.95,4.86,1.212,141517,2023-04-25 12:39:00,17760.23,target,9.72,-369.37,11.05,-2.95,0,False
141610,2023-04-25 14:12:00,LONG,17799.7,17802.1,8.14,1.418,141620,2023-04-25 14:22:00,17818.38,target,16.28,56.18,20.6,-4.5,1,True
141691,2023-04-26 09:18:00,SHORT,17758.9,17756.3,10.37,1.335,141703,2023-04-26 09:30:00,17735.56,target,20.74,347.19,22.25,-0.65,6,True
141757,2023-04-26 10:24:00,LONG,17766.9,17771.2,9.66,1.802,141768,2023-04-26 10:35:00,17761.54,stop,-9.66,-1629.02,4.75,-12.3,0,False
141778,2023-04-26 10:45:00,SHORT,17758.0,17757.9,5.12,1.02,141782,2023-04-26 10:49:00,17763.02,stop,-5.12,-1333.8,0.9,-5.95,0,False
141935,2023-04-26 13:22:00,SHORT,17774.55,17772.4,7.13,1.432,141940,2023-04-26 13:27:00,17779.53,stop,-7.13,-1464.41,5.9,-15.3,1,True
142034,2023-04-26 15:01:00,LONG,17795.0,17806.3,17.07,2.959,142058,2023-04-26 15:25:00,17825.45,eod,19.15,242.72,21.9,-5.95,1,True
142200,2023-04-27 11:32:00,LONG,17850.0,17852.65,7.09,1.597,142207,2023-04-27 11:39:00,17845.56,stop,-7.09,-1463.08,2.5,-8.65,1,True
142275,2023-04-27 12:47:00,LONG,17855.0,17857.35,6.3,1.595,142280,2023-04-27 12:52:00,17851.05,stop,-6.3,-1412.19,0.45,-7.15,0,False
142297,2023-04-27 13:09:00,SHORT,17842.95,17841.35,5.2,1.444,142298,2023-04-27 13:10:00,17846.55,stop,-5.2,-1340.54,0.0,-8.4,5,True
142344,2023-04-27 13:56:00,LONG,17885.15,17887.85,7.4,1.574,142363,2023-04-27 14:15:00,17880.45,stop,-7.4,-1484.25,7.2,-7.5,1,True
142586,2023-04-28 11:43:00,LONG,18042.75,18043.7,6.45,1.173,142595,2023-04-28 11:52:00,18037.25,stop,-6.45,-1424.98,1.25,-6.7,0,False
142650,2023-04-28 12:47:00,SHORT,18042.5,18041.3,6.32,1.235,142653,2023-04-28 12:50:00,18047.62,stop,-6.32,-1416.37,2.15,-6.65,0,False
142745,2023-04-28 14:22:00,SHORT,18040.15,18036.45,8.42,1.785,142752,2023-04-28 14:29:00,18044.87,stop,-8.42,-1552.69,7.7,-8.45,0,False
142766,2023-04-28 14:43:00,LONG,18062.8,18063.0,4.86,1.043,142781,2023-04-28 14:58:00,18058.14,stop,-4.86,-1321.7,8.5,-6.95,1,True
142968,2023-05-02 11:50:00,LONG,18225.2,18227.55,7.45,1.461,142973,2023-05-02 11:55:00,18220.1,stop,-7.45,-1493.08,0.35,-7.55,2,True
142989,2023-05-02 12:11:00,LONG,18229.95,18234.0,8.54,1.902,142998,2023-05-02 12:20:00,18225.46,stop,-8.54,-1563.99,1.0,-12.0,2,True
143035,2023-05-02 12:57:00,LONG,18233.6,18236.3,7.49,1.564,143064,2023-05-02 13:26:00,18228.81,stop,-7.49,-1495.91,8.2,-9.9,1,False
143076,2023-05-02 13:38:00,SHORT,18222.5,18222.05,4.83,1.103,143079,2023-05-02 13:41:00,18226.88,stop,-4.83,-1323.11,4.05,-5.95,1,True
143131,2023-05-02 14:33:00,LONG,18238.0,18239.85,6.8,1.374,143133,2023-05-02 14:35:00,18233.05,stop,-6.8,-1451.16,1.5,-7.4,3,True
143147,2023-05-02 14:49:00,SHORT,18221.85,18219.55,7.8,1.418,143149,2023-05-02 14:51:00,18203.96,target,15.59,4.82,15.95,-5.45,2,True
143400,2023-05-03 12:47:00,LONG,18150.0,18151.5,6.51,1.299,143419,2023-05-03 13:06:00,18164.52,target,13.02,-161.32,13.5,-1.2,0,False
143456,2023-05-03 13:43:00,SHORT,18147.55,18145.75,6.67,1.37,143464,2023-05-03 13:51:00,18132.41,target,13.34,-140.58,14.75,-2.15,0,False
143466,2023-05-03 13:53:00,SHORT,18130.05,18123.4,12.11,2.218,143477,2023-05-03 14:04:00,18135.51,stop,-12.11,-1794.35,22.4,-21.65,2,True
143577,2023-05-04 09:29:00,LONG,18165.0,18166.75,9.72,1.22,143583,2023-05-04 09:35:00,18157.03,stop,-9.72,-1639.64,1.0,-11.55,3,True
143645,2023-05-04 10:37:00,LONG,18188.6,18188.85,4.48,1.059,143665,2023-05-04 10:57:00,18197.82,target,8.97,-425.41,9.95,-2.45,0,False
143792,2023-05-04 13:04:00,LONG,18223.5,18236.35,17.76,3.619,143888,2023-05-04 14:40:00,18271.86,target,35.51,1298.78,36.2,-6.35,1,True
143939,2023-05-05 09:16:00,SHORT,18201.2,18200.0,12.02,1.111,143943,2023-05-05 09:20:00,18212.02,stop,-12.02,-1790.14,5.5,-19.85,1,True
144059,2023-05-05 11:16:00,SHORT,18187.0,18175.3,21.34,2.214,144080,2023-05-05 11:37:00,18196.64,stop,-21.34,-2395.3,19.6,-21.4,0,False
144093,2023-05-05 11:50:00,SHORT,18155.7,18147.2,17.74,1.92,144115,2023-05-05 12:12:00,18164.94,stop,-17.74,-2160.61,20.65,-19.8,1,True
144134,2023-05-05 12:31:00,LONG,18196.7,18200.15,12.18,1.395,144140,2023-05-05 12:37:00,18187.97,stop,-12.18,-1799.83,3.4,-14.15,1,True
144167,2023-05-05 13:04:00,SHORT,18176.0,18175.55,10.25,1.046,144168,2023-05-05 13:05:00,18185.8,stop,-10.25,-1674.22,3.25,-14.45,0,False
144194,2023-05-05 13:31:00,LONG,18206.0,18209.85,11.42,1.508,144196,2023-05-05 13:33:00,18198.43,stop,-11.42,-1750.91,0.0,-19.8,0,False
144487,2023-05-08 12:09:00,LONG,18315.9,18318.9,8.54,1.541,144504,2023-05-08 12:26:00,18310.36,stop,-8.54,-1565.55,8.3,-10.8,6,True
144594,2023-05-08 13:56:00,LONG,18340.0,18342.05,8.5,1.318,144602,2023-05-08 14:04:00,18333.55,stop,-8.5,-1563.31,1.95,-12.0,4,True
144660,2023-05-08 15:02:00,SHORT,18312.25,18308.55,11.06,1.503,144680,2023-05-08 15:22:00,18319.61,stop,-11.06,-1729.19,17.55,-14.5,6,True
144758,2023-05-09 10:25:00,LONG,18378.5,18379.3,5.08,1.187,144762,2023-05-09 10:29:00,18374.22,stop,-5.08,-1341.39,4.15,-7.25,1,True
144850,2023-05-09 11:57:00,LONG,18375.85,18376.0,4.58,1.034,144864,2023-05-09 12:11:00,18371.42,stop,-4.58,-1309.33,3.0,-6.0,7,True
144901,2023-05-09 12:48:00,SHORT,18364.0,18355.85,12.54,2.858,144921,2023-05-09 13:08:00,18330.78,target,25.07,618.6,31.6,-8.0,8,True
144941,2023-05-09 13:28:00,SHORT,18320.0,18319.95,6.72,1.007,144944,2023-05-09 13:31:00,18326.67,stop,-6.72,-1447.64,2.85,-9.95,1,True
144947,2023-05-09 13:34:00,SHORT,18313.8,18312.5,8.18,1.189,144948,2023-05-09 13:35:00,18320.68,stop,-8.18,-1542.35,0.0,-11.15,0,False
145088,2023-05-10 09:40:00,SHORT,18291.6,18288.6,12.31,1.322,145107,2023-05-10 09:59:00,18263.97,target,24.63,590.79,26.5,-1.4,5,True
145282,2023-05-10 12:54:00,LONG,18329.05,18333.0,9.26,1.744,145288,2023-05-10 13:00:00,18323.74,stop,-9.26,-1612.48,1.55,-10.8,1,True
145309,2023-05-10 13:21:00,SHORT,18312.7,18307.35,11.49,1.872,145316,2023-05-10 13:28:00,18284.37,target,22.98,483.16,26.25,-2.45,0,False
145326,2023-05-10 13:38:00,SHORT,18279.0,18278.8,6.23,1.033,145327,2023-05-10 13:39:00,18285.03,stop,-6.23,-1414.58,1.6,-6.5,2,True
145364,2023-05-10 14:16:00,LONG,18334.55,18335.0,6.32,1.077,145371,2023-05-10 14:23:00,18328.68,stop,-6.32,-1421.48,5.0,-8.8,0,False
145395,2023-05-10 14:47:00,SHORT,18311.05,18308.8,8.21,1.377,145397,2023-05-10 14:49:00,18317.01,stop,-8.21,-1544.34,2.5,-9.85,0,False
145461,2023-05-11 09:38:00,SHORT,18338.0,18333.75,14.15,1.429,145467,2023-05-11 09:44:00,18347.9,stop,-14.15,-1930.74,11.65,-16.2,0,False
145516,2023-05-11 10:33:00,LONG,18364.95,18367.05,7.98,1.357,145545,2023-05-11 11:02:00,18359.07,stop,-7.98,-1529.63,12.95,-9.05,4,True
145665,2023-05-11 13:02:00,LONG,18362.9,18365.2,7.37,1.453,145687,2023-05-11 13:24:00,18357.83,stop,-7.37,-1490.39,7.5,-10.7,0,False
145741,2023-05-11 14:18:00,LONG,18374.85,18380.0,10.24,2.011,145750,2023-05-11 14:27:00,18369.76,stop,-10.24,-1677.18,7.85,-12.0,0,False
145768,2023-05-11 14:45:00,SHORT,18351.1,18350.6,7.91,1.067,145777,2023-05-11 14:54:00,18334.78,target,15.82,17.12,20.6,-4.35,2,False
145778,2023-05-11 14:55:00,SHORT,18333.95,18323.0,19.66,2.257,145782,2023-05-11 14:59:00,18342.66,stop,-19.66,-2288.41,6.3,-22.0,1,True
145804,2023-05-11 15:21:00,LONG,18349.0,18351.1,8.86,1.311,145807,2023-05-11 15:24:00,18368.81,target,17.71,139.93,18.9,-0.1,1,False
145942,2023-05-12 11:24:00,SHORT,18292.3,18287.1,11.21,1.865,145957,2023-05-12 11:39:00,18298.31,stop,-11.21,-1738.59,9.9,-13.9,1,True
146003,2023-05-12 12:25:00,LONG,18307.05,18316.65,13.98,3.194,146073,2023-05-12 13:40:00,18344.6,target,27.95,805.94,28.4,-10.65,0,False
146206,2023-05-15 09:38:00,LONG,18370.0,18371.0,11.17,1.098,146228,2023-05-15 10:00:00,18393.35,target,22.35,440.89,24.7,-3.1,1,True
146297,2023-05-15 11:09:00,LONG,18410.0,18416.6,11.27,2.412,146322,2023-05-15 11:34:00,18439.15,target,22.55,453.06,23.35,-2.3,2,True
146368,2023-05-15 12:20:00,LONG,18439.95,18440.0,3.74,1.014,146382,2023-05-15 12:34:00,18436.26,stop,-3.74,-1255.89,4.95,-4.0,5,False
146449,2023-05-15 13:41:00,LONG,18459.2,18463.0,7.47,2.034,146468,2023-05-15 14:00:00,18455.53,stop,-7.47,-1498.66,5.3,-7.5,1,True
146528,2023-05-15 15:00:00,SHORT,18443.5,18438.1,12.14,1.801,146539,2023-05-15 15:11:00,18413.81,target,24.29,566.26,26.6,-3.65,0,False
146664,2023-05-16 11:01:00,LONG,18417.2,18418.0,6.1,1.151,146670,2023-05-16 11:07:00,18411.9,stop,-6.1,-1408.87,2.0,-11.55,0,False
146687,2023-05-16 11:24:00,SHORT,18390.1,18384.2,11.1,2.134,146690,2023-05-16 11:27:00,18395.3,stop,-11.1,-1733.33,0.1,-12.8,3,True
146748,2023-05-16 12:25:00,LONG,18396.75,18401.65,10.03,1.955,146750,2023-05-16 12:27:00,18391.62,stop,-10.03,-1663.7,0.0,-10.6,3,True
146838,2023-05-16 13:55:00,LONG,18409.0,18412.0,7.93,1.608,146840,2023-05-16 13:57:00,18404.07,stop,-7.93,-1527.6,0.0,-8.15,1,True
146914,2023-05-16 15:11:00,SHORT,18326.0,18322.0,11.0,1.572,146928,2023-05-16 15:25:00,18325.0,eod,-3.0,-1205.59,9.65,-7.65,3,True
146947,2023-05-17 09:29:00,SHORT,18291.55,18291.0,10.32,1.056,146948,2023-05-17 09:30:00,18301.32,stop,-10.32,-1681.01,3.0,-12.2,4,False
147001,2023-05-17 10:23:00,SHORT,18286.45,18284.0,8.83,1.384,147018,2023-05-17 10:40:00,18266.34,target,17.66,137.73,19.0,0.0,6,True
147132,2023-05-17 12:34:00,LONG,18195.5,18196.0,6.06,1.09,147146,2023-05-17 12:48:00,18189.94,stop,-6.06,-1402.32,9.1,-10.0,3,True
147249,2023-05-17 14:31:00,LONG,18190.6,18196.4,11.45,2.027,147288,2023-05-17 15:10:00,18219.29,target,22.89,479.37,23.75,-7.95,0,False
147316,2023-05-18 09:23:00,LONG,18313.0,18315.0,10.82,1.227,147323,2023-05-18 09:30:00,18304.18,stop,-10.82,-1713.66,9.3,-16.65,5,True
147355,2023-05-18 10:02:00,SHORT,18264.45,18261.5,10.63,1.384,147362,2023-05-18 10:09:00,18240.23,target,21.27,372.93,21.5,-2.4,6,True
147467,2023-05-18 11:54:00,LONG,18277.9,18278.3,4.96,1.088,147472,2023-05-18 11:59:00,18273.34,stop,-4.96,-1331.85,1.7,-6.3,1,True
147578,2023-05-18 13:45:00,SHORT,18215.35,18204.55,19.28,2.273,147580,2023-05-18 13:47:00,18223.83,stop,-19.28,-2262.0,4.35,-31.6,0,False
147612,2023-05-18 14:19:00,SHORT,18192.8,18187.65,13.43,1.622,147619,2023-05-18 14:26:00,18201.08,stop,-13.43,-1881.42,5.45,-15.45,2,True
147654,2023-05-18 15:01:00,SHORT,18177.0,18175.4,10.25,1.185,147661,2023-05-18 15:08:00,18154.9,target,20.5,324.5,23.4,-4.5,1,True
147960,2023-05-19 13:52:00,LONG,18164.0,18169.4,12.21,1.793,147969,2023-05-19 14:01:00,18193.82,target,24.42,578.76,24.6,-9.35,0,False
147973,2023-05-19 14:05:00,LONG,18204.85,18206.95,10.59,1.247,147975,2023-05-19 14:07:00,18196.36,stop,-10.59,-1696.91,0.65,-15.2,4,True
148008,2023-05-19 14:40:00,LONG,18204.0,18208.0,12.44,1.474,148028,2023-05-19 15:00:00,18195.56,stop,-12.44,-1816.76,14.55,-15.5,1,True
148063,2023-05-22 09:20:00,LONG,18245.15,18252.75,19.95,1.615,148080,2023-05-22 09:37:00,18292.65,target,39.9,1583.65,41.15,0.0,1,False
148234,2023-05-22 12:11:00,LONG,18327.7,18328.0,6.38,1.049,148238,2023-05-22 12:15:00,18340.76,target,12.76,-181.41,21.95,-3.0,7,False
148256,2023-05-22 12:33:00,SHORT,18304.0,18301.15,10.17,1.389,148259,2023-05-22 12:36:00,18311.32,stop,-10.17,-1671.15,1.1,-12.4,0,False
148298,2023-05-22 13:15:00,LONG,18320.0,18327.0,13.99,2.001,148304,2023-05-22 13:21:00,18313.01,stop,-13.99,-1920.09,1.0,-18.0,1,True
148423,2023-05-22 15:20:00,SHORT,18325.0,18324.9,6.82,1.015,148428,2023-05-22 15:25:00,18324.5,eod,0.4,-984.63,6.05,-0.15,2,True
148512,2023-05-23 10:34:00,LONG,18408.9,18409.4,5.49,1.1,148518,2023-05-23 10:40:00,18420.38,target,10.98,-298.69,12.3,-4.4,1,False
148655,2023-05-23 12:57:00,LONG,18418.25,18418.7,4.97,1.1,148658,2023-05-23 13:00:00,18428.63,target,9.93,-366.89,10.3,-2.55,5,True
148665,2023-05-23 13:07:00,SHORT,18408.0,18407.4,5.86,1.114,148673,2023-05-23 13:15:00,18395.68,target,11.72,-250.46,15.2,-4.8,2,True
148705,2023-05-23 13:47:00,LONG,18412.2,18417.05,9.96,1.95,148718,2023-05-23 14:00:00,18407.09,stop,-9.96,-1659.18,1.9,-16.05,9,False
148761,2023-05-23 14:43:00,SHORT,18391.05,18390.25,6.14,1.15,148764,2023-05-23 14:46:00,18377.98,target,12.27,-214.15,15.25,-4.5,1,True
148866,2023-05-24 10:13:00,LONG,18362.85,18366.4,9.02,1.648,148879,2023-05-24 10:26:00,18357.38,stop,-9.02,-1597.82,17.6,-9.4,0,False
148898,2023-05-24 10:45:00,LONG,18384.0,18385.5,7.69,1.243,148921,2023-05-24 11:08:00,18377.81,stop,-7.69,-1511.09,9.0,-10.5,0,False
148977,2023-05-24 12:04:00,SHORT,18352.9,18351.15,7.18,1.322,148982,2023-05-24 12:09:00,18358.33,stop,-7.18,-1477.73,5.35,-11.8,0,False
149007,2023-05-24 12:34:00,SHORT,18340.85,18337.0,9.46,1.687,149041,2023-05-24 13:08:00,18318.09,target,18.91,218.48,20.75,-2.75,9,True
149134,2023-05-24 14:41:00,SHORT,18302.0,18291.65,17.87,2.377,149178,2023-05-24 15:25:00,18297.3,eod,-5.65,-1377.33,23.9,-13.35,1,True
149219,2023-05-25 09:51:00,LONG,18303.7,18303.95,9.37,1.027,149221,2023-05-25 09:53:00,18294.58,stop,-9.37,-1619.13,1.2,-9.45,0,False
149258,2023-05-25 10:30:00,SHORT,18252.0,18251.6,7.13,1.059,149261,2023-05-25 10:33:00,18258.73,stop,-7.13,-1472.7,1.0,-12.4,0,False
149305,2023-05-25 11:17:00,SHORT,18241.0,18240.55,6.03,1.081,149309,2023-05-25 11:21:00,18228.5,target,12.05,-225.68,12.55,0.0,0,False
149337,2023-05-25 11:49:00,LONG,18232.9,18235.9,8.24,1.572,149364,2023-05-25 12:16:00,18252.38,target,16.48,62.09,17.05,-5.9,0,False
149426,2023-05-25 13:18:00,SHORT,18212.5,18212.4,6.7,1.015,149432,2023-05-25 13:24:00,18219.1,stop,-6.7,-1444.09,2.2,-10.45,0,False
149493,2023-05-25 14:25:00,LONG,18264.0,18264.75,8.17,1.101,149496,2023-05-25 14:28:00,18256.58,stop,-8.17,-1540.44,1.15,-10.9,2,True
149517,2023-05-25 14:49:00,LONG,18269.5,18273.55,12.1,1.503,149524,2023-05-25 14:56:00,18297.75,target,24.2,562.86,24.4,-3.55,2,True
149528,2023-05-25 15:00:00,LONG,18305.15,18319.8,23.87,2.589,149553,2023-05-25 15:25:00,18322.25,eod,2.45,-851.33,12.6,-16.3,1,True
149823,2023-05-26 13:40:00,LONG,18530.0,18533.6,8.66,1.712,149834,2023-05-26 13:51:00,18550.91,target,17.31,110.71,18.75,-5.5,7,True
149886,2023-05-26 14:43:00,SHORT,18570.0,18566.0,9.04,1.794,149894,2023-05-26 14:51:00,18575.04,stop,-9.04,-1602.33,9.95,-9.9,0,False
150011,2023-05-29 10:33:00,LONG,18688.85,18693.65,12.04,1.663,150131,2023-05-29 12:33:00,18681.61,stop,-12.04,-1799.34,23.55,-19.5,1,True
150184,2023-05-29 13:26:00,LONG,18683.7,18684.85,6.66,1.209,150211,2023-05-29 13:53:00,18698.17,target,13.32,-150.88,13.8,-4.85,0,False
150218,2023-05-29 14:00:00,LONG,18701.7,18703.05,5.58,1.319,150235,2023-05-29 14:17:00,18697.47,stop,-5.58,-1379.47,2.95,-6.3,0,False
150316,2023-05-30 09:23:00,LONG,18706.0,18708.85,10.65,1.365,150331,2023-05-30 09:38:00,18698.2,stop,-10.65,-1709.25,10.5,-14.2,1,True
150338,2023-05-30 09:45:00,LONG,18717.2,18719.65,9.53,1.346,150351,2023-05-30 09:58:00,18710.12,stop,-9.53,-1636.56,7.8,-12.45,6,True
150513,2023-05-30 12:40:00,SHORT,18670.0,18669.5,6.32,1.086,150527,2023-05-30 12:54:00,18675.82,stop,-6.32,-1427.45,8.5,-9.35,0,False
150572,2023-05-30 13:39:00,LONG,18699.0,18700.0,6.02,1.199,150575,2023-05-30 13:42:00,18693.98,stop,-6.02,-1408.5,2.95,-8.15,1,True
150608,2023-05-30 14:15:00,LONG,18703.4,18704.65,5.83,1.273,150611,2023-05-30 14:18:00,18698.82,stop,-5.83,-1395.77,0.15,-7.5,5,True
150684,2023-05-31 09:16:00,SHORT,18661.0,18657.55,11.67,1.419,150688,2023-05-31 09:20:00,18634.2,target,23.35,501.47,24.45,-3.5,1,True
150723,2023-05-31 09:55:00,SHORT,18628.95,18621.2,14.46,2.156,150728,2023-05-31 10:00:00,18635.66,stop,-14.46,-1955.39,0.35,-21.5,4,True
150945,2023-05-31 13:37:00,LONG,18604.65,18605.0,6.28,1.059,150948,2023-05-31 13:40:00,18598.72,stop,-6.28,-1423.7,4.0,-8.75,1,True
151016,2023-05-31 14:48:00,LONG,18634.8,18635.0,6.52,1.032,151018,2023-05-31 14:50:00,18628.48,stop,-6.52,-1439.74,0.45,-7.3,2,False
151028,2023-05-31 15:00:00,LONG,18637.5,18649.0,18.34,2.681,151030,2023-05-31 15:02:00,18630.66,stop,-18.34,-2208.2,2.55,-28.0,1,False
151032,2023-05-31 15:04:00,SHORT,18616.3,18614.0,10.84,1.269,151035,2023-05-31 15:07:00,18624.84,stop,-10.84,-1719.91,7.95,-12.9,1,False
151140,2023-06-01 10:37:00,LONG,18639.55,18642.05,8.65,1.407,151149,2023-06-01 10:46:00,18633.4,stop,-8.65,-1577.99,2.8,-12.05,4,True
151174,2023-06-01 11:11:00,LONG,18637.4,18639.0,5.88,1.374,151191,2023-06-01 11:28:00,18633.12,stop,-5.88,-1397.83,9.4,-7.35,1,True
151214,2023-06-01 11:51:00,SHORT,18625.2,18622.9,7.11,1.478,151215,2023-06-01 11:52:00,18630.01,stop,-7.11,-1477.85,0.85,-15.1,8,False
151292,2023-06-01 13:09:00,SHORT,18612.4,18611.05,5.59,1.319,151294,2023-06-01 13:11:00,18616.64,stop,-5.59,-1378.79,0.1,-6.2,6,True
151298,2023-06-01 13:15:00,LONG,18625.95,18629.45,8.24,1.739,151301,2023-06-01 13:18:00,18621.21,stop,-8.24,-1551.21,0.85,-10.95,0,False
151329,2023-06-01 13:46:00,SHORT,18610.05,18610.0,4.64,1.011,151331,2023-06-01 13:48:00,18600.72,target,9.28,-412.49,10.0,0.0,5,False
151335,2023-06-01 13:52:00,SHORT,18590.0,18587.25,8.59,1.471,151340,2023-06-01 13:57:00,18595.84,stop,-8.59,-1573.38,6.05,-10.65,1,True
151399,2023-06-01 14:56:00,LONG,18596.2,18597.05,6.94,1.14,151403,2023-06-01 15:00:00,18590.11,stop,-6.94,-1466.07,8.85,-9.05,0,False
151408,2023-06-01 15:05:00,SHORT,18581.2,18577.05,11.51,1.564,151419,2023-06-01 15:16:00,18554.04,target,23.01,480.9,24.6,-5.2,6,True
151434,2023-06-02 09:16:00,LONG,18632.45,18633.1,11.95,1.058,151465,2023-06-02 09:47:00,18621.15,stop,-11.95,-1792.23,22.75,-13.1,1,True
151687,2023-06-02 13:29:00,LONG,18655.85,18663.05,12.63,2.326,151725,2023-06-02 14:07:00,18650.42,stop,-12.63,-1837.22,10.65,-17.95,0,False
151739,2023-06-02 14:21:00,SHORT,18603.85,18602.4,9.03,1.191,151744,2023-06-02 14:26:00,18611.43,stop,-9.03,-1602.16,7.35,-13.6,0,False
151854,2023-06-05 10:01:00,LONG,18708.75,18710.7,8.49,1.298,151860,2023-06-05 10:07:00,18702.21,stop,-8.49,-1569.02,1.3,-10.15,5,True
151969,2023-06-05 11:56:00,SHORT,18713.0,18712.0,4.98,1.251,151974,2023-06-05 12:01:00,18717.2,stop_gap,-5.2,-1355.27,2.55,-5.2,1,True
152005,2023-06-05 12:32:00,SHORT,18709.3,18708.55,5.32,1.164,152046,2023-06-05 13:13:00,18697.92,target,10.63,-325.9,13.55,-3.65,0,False
152055,2023-06-05 13:22:00,LONG,18712.2,18714.0,6.52,1.381,152060,2023-06-05 13:27:00,18707.48,stop,-6.52,-1440.89,3.25,-6.95,2,True
152086,2023-06-05 13:53:00,LONG,18717.25,18723.4,10.99,2.271,152099,2023-06-05 14:06:00,18712.41,stop,-10.99,-1731.59,0.35,-13.35,2,True
152153,2023-06-05 15:00:00,SHORT,18704.75,18702.25,8.45,1.42,152168,2023-06-05 15:15:00,18710.7,stop,-8.45,-1566.12,16.8,-10.25,2,True
152353,2023-06-06 12:05:00,SHORT,18614.05,18613.1,4.56,1.263,152378,2023-06-06 12:30:00,18617.66,stop,-4.56,-1312.26,7.55,-8.95,13,True
152404,2023-06-06 12:56:00,LONG,18634.3,18636.05,6.12,1.4,152418,2023-06-06 13:10:00,18629.93,stop,-6.12,-1413.71,8.85,-7.75,0,False
152469,2023-06-06 14:01:00,SHORT,18629.65,18628.65,4.79,1.264,152473,2023-06-06 14:05:00,18619.08,target,9.57,-393.56,11.3,-3.45,0,False
152565,2023-06-07 09:22:00,LONG,18724.35,18725.15,8.33,1.106,152569,2023-06-07 09:26:00,18716.82,stop,-8.33,-1559.05,2.85,-8.7,2,True
152587,2023-06-07 09:44:00,LONG,18730.0,18730.1,5.79,1.018,152594,2023-06-07 09:51:00,18724.31,stop,-5.79,-1394.01,1.75,-6.95,7,False
152620,2023-06-07 10:17:00,LONG,18731.85,18733.05,4.51,1.362,152647,2023-06-07 10:44:00,18728.54,stop,-4.51,-1310.93,4.95,-6.5,1,True
152649,2023-06-07 10:46:00,SHORT,18721.65,18717.35,8.04,2.151,152659,2023-06-07 10:56:00,18725.39,stop,-8.04,-1539.76,1.35,-8.65,1,True
152682,2023-06-07 11:19:00,LONG,18736.0,18736.35,3.98,1.096,152684,2023-06-07 11:21:00,18732.37,stop,-3.98,-1276.3,0.4,-4.35,6,True
152721,2023-06-07 11:58:00,LONG,18738.25,18738.85,4.35,1.16,152761,2023-06-07 12:38:00,18747.54,target,8.69,-452.79,9.3,-3.05,1,False
152842,2023-06-07 13:59:00,LONG,18769.0,18769.35,4.22,1.09,152849,2023-06-07 14:06:00,18777.79,target,8.44,-470.04,9.25,-0.45,6,True
153079,2023-06-08 11:41:00,SHORT,18806.0,18804.75,5.97,1.265,153081,2023-06-08 11:43:00,18792.8,target,11.95,-242.1,18.5,-2.5,0,False
153198,2023-06-08 13:40:00,LONG,18762.15,18763.9,6.2,1.393,153203,2023-06-08 13:45:00,18776.31,target,12.41,-211.93,16.9,0.0,0,False
153239,2023-06-08 14:21:00,SHORT,18750.9,18750.05,6.94,1.139,153243,2023-06-08 14:25:00,18756.99,stop,-6.94,-1469.26,9.05,-11.95,8,True
153264,2023-06-08 14:46:00,SHORT,18745.45,18736.65,14.79,2.468,153277,2023-06-08 14:59:00,18707.06,target,29.59,905.52,29.8,-0.4,4,True
153406,2023-06-09 10:53:00,SHORT,18675.0,18674.0,7.29,1.159,153408,2023-06-09 10:55:00,18681.29,stop,-7.29,-1490.65,0.55,-10.35,0,False
153505,2023-06-09 12:32:00,LONG,18699.0,18699.8,6.03,1.153,153507,2023-06-09 12:34:00,18693.77,stop,-6.03,-1408.61,7.3,-29.1,0,False
153584,2023-06-09 13:51:00,SHORT,18645.0,18640.45,11.22,1.683,153626,2023-06-09 14:33:00,18651.67,stop,-11.22,-1745.1,22.1,-13.75,4,True
153753,2023-06-12 10:25:00,LONG,18666.8,18673.6,13.07,2.084,153869,2023-06-12 12:21:00,18660.53,stop,-13.07,-1866.15,23.3,-15.6,0,False
153908,2023-06-12 13:00:00,LONG,18661.6,18664.75,8.34,1.607,153924,2023-06-12 13:16:00,18681.42,target,16.67,66.91,18.05,-3.75,0,False
153981,2023-06-12 14:13:00,SHORT,18682.0,18679.7,6.94,1.496,153982,2023-06-12 14:14:00,18686.64,stop,-6.94,-1467.56,0.55,-19.0,0,False
154087,2023-06-13 09:44:00,LONG,18764.7,18765.85,5.55,1.261,154089,2023-06-13 09:46:00,18760.3,stop,-5.55,-1379.03,1.05,-5.7,1,False
154138,2023-06-13 10:35:00,LONG,18768.4,18769.15,4.8,1.185,154141,2023-06-13 10:38:00,18764.35,stop,-4.8,-1329.97,0.35,-5.15,0,False
154167,2023-06-13 11:04:00,LONG,18769.5,18769.65,4.13,1.038,154205,2023-06-13 11:42:00,18777.91,target,8.26,-481.48,8.3,-4.05,0,False
154219,2023-06-13 11:56:00,LONG,18777.95,18780.3,6.01,1.642,154228,2023-06-13 12:05:00,18774.29,stop,-6.01,-1409.19,1.35,-7.7,2,True
154254,2023-06-13 12:31:00,SHORT,18770.6,18770.55,3.06,1.017,154255,2023-06-13 12:32:00,18773.61,stop,-3.06,-1217.15,0.2,-3.75,0,False
154313,2023-06-13 13:30:00,SHORT,18766.05,18765.9,3.74,1.042,154317,2023-06-13 13:34:00,18769.64,stop,-3.74,-1261.08,2.95,-4.1,4,True
154411,2023-06-13 15:08:00,LONG,18775.0,18775.7,5.27,1.153,154428,2023-06-13 15:25:00,18777.9,eod,2.2,-875.37,6.3,-1.1,7,True
154508,2023-06-14 10:30:00,LONG,18771.35,18771.45,3.79,1.027,154513,2023-06-14 10:35:00,18767.66,stop,-3.79,-1264.73,5.55,-4.3,0,False
154660,2023-06-14 13:02:00,LONG,18810.0,18811.1,3.35,1.49,154663,2023-06-14 13:05:00,18807.75,stop,-3.35,-1236.4,3.9,-3.4,5,True
154779,2023-06-14 15:01:00,LONG,18828.3,18829.05,4.95,1.179,154782,2023-06-14 15:04:00,18824.1,stop,-4.95,-1340.85,1.35,-12.05,4,True
154944,2023-06-15 11:31:00,SHORT,18782.8,18778.15,11.44,1.685,154954,2023-06-15 11:41:00,18789.59,stop,-11.44,-1761.74,8.15,-11.8,0,False
154989,2023-06-15 12:16:00,LONG,18790.55,18790.95,5.19,1.084,155008,2023-06-15 12:35:00,18785.76,stop,-5.19,-1355.68,9.7,-10.85,3,True
155066,2023-06-15 13:33:00,LONG,18801.7,18810.0,14.01,2.453,155095,2023-06-15 14:02:00,18795.99,stop,-14.01,-1929.62,10.85,-23.75,4,True
155105,2023-06-15 14:12:00,SHORT,18776.6,18767.35,16.88,2.212,155178,2023-06-15 15:25:00,18745.0,eod,22.35,434.61,32.95,-2.65,2,True
155254,2023-06-16 10:26:00,LONG,18839.0,18842.0,8.32,1.564,155275,2023-06-16 10:47:00,18833.68,stop,-8.32,-1560.26,6.75,-11.2,0,False
155309,2023-06-16 11:21:00,SHORT,18827.5,18824.4,8.69,1.554,155332,2023-06-16 11:44:00,18833.09,stop,-8.69,-1584.22,6.35,-15.2,5,False
155337,2023-06-16 11:49:00,LONG,18842.0,18844.7,7.36,1.579,155362,2023-06-16 12:14:00,18837.34,stop,-7.36,-1498.01,9.75,-9.7,2,True
155422,2023-06-16 13:14:00,LONG,18838.15,18838.7,4.94,1.125,155425,2023-06-16 13:17:00,18833.76,stop,-4.94,-1340.57,2.25,-5.2,0,False
155467,2023-06-16 13:59:00,LONG,18842.7,18844.05,5.74,1.307,155473,2023-06-16 14:05:00,18855.53,target,11.48,-273.2,14.5,0.0,9,True
155507,2023-06-16 14:39:00,LONG,18902.85,18909.9,13.21,2.144,155519,2023-06-16 14:51:00,18936.32,target,26.42,696.54,31.95,-2.5,1,True
155544,2023-06-16 15:16:00,SHORT,18888.0,18887.75,7.51,1.034,155553,2023-06-16 15:25:00,18895.0,eod,-7.25,-1491.53,10.7,-7.25,0,False
155594,2023-06-19 09:51:00,SHORT,18882.0,18881.5,8.85,1.06,155596,2023-06-19 09:53:00,18890.35,stop,-8.85,-1595.38,1.0,-12.25,0,False
155621,2023-06-19 10:18:00,SHORT,18877.05,18873.25,9.95,1.617,155637,2023-06-19 10:34:00,18853.34,target,19.91,274.1,21.75,-0.65,5,True
155735,2023-06-19 12:12:00,LONG,18854.0,18855.8,6.9,1.353,155738,2023-06-19 12:15:00,18848.3,stop_gap,-7.5,-1507.1,1.4,-7.5,1,True
155794,2023-06-19 13:11:00,SHORT,18831.55,18830.05,8.55,1.213,155800,2023-06-19 13:17:00,18812.95,target,17.1,92.2,18.05,-1.75,6,True
155878,2023-06-19 14:35:00,LONG,18818.0,18826.0,15.06,2.133,155897,2023-06-19 14:54:00,18856.13,target,30.13,938.61,34.0,0.0,0,False
155934,2023-06-20 09:16:00,SHORT,18792.0,18790.0,11.3,1.215,155936,2023-06-20 09:18:00,18767.4,target,22.6,450.33,28.0,0.0,7,True
155993,2023-06-20 10:15:00,SHORT,18751.65,18749.0,8.11,1.486,156006,2023-06-20 10:28:00,18732.79,target,16.21,36.11,22.05,-5.0,1,True
156151,2023-06-20 12:53:00,LONG,18790.0,18791.95,6.26,1.452,156153,2023-06-20 12:55:00,18804.48,target,12.53,-204.57,13.05,-1.1,0,False
156216,2023-06-20 13:58:00,SHORT,18807.1,18803.0,10.47,1.644,156220,2023-06-20 14:02:00,18813.47,stop,-10.47,-1699.12,11.75,-11.45,2,True
156289,2023-06-20 15:11:00,LONG,18864.7,18872.0,13.91,2.105,156303,2023-06-20 15:25:00,18879.95,eod,7.95,-503.35,10.0,-9.0,3,True
156324,2023-06-21 09:31:00,LONG,18900.0,18900.9,8.99,1.111,156325,2023-06-21 09:32:00,18891.91,stop,-8.99,-1604.63,1.15,-9.0,0,False
156347,2023-06-21 09:54:00,LONG,18903.35,18903.9,7.48,1.079,156356,2023-06-21 10:03:00,18896.42,stop,-7.48,-1506.45,5.05,-13.45,3,True
156369,2023-06-21 10:16:00,SHORT,18890.45,18885.75,10.34,1.833,156393,2023-06-21 10:40:00,18865.07,target,20.68,324.29,27.8,-8.25,0,False
156478,2023-06-21 12:05:00,LONG,18869.0,18870.0,6.41,1.185,156481,2023-06-21 12:08:00,18863.59,stop,-6.41,-1436.39,0.15,-13.95,3,True
156532,2023-06-21 12:59:00,LONG,18888.0,18890.0,7.37,1.372,156539,2023-06-21 13:06:00,18882.63,stop,-7.37,-1499.24,4.65,-8.7,0,False
156583,2023-06-21 13:50:00,LONG,18894.65,18897.45,8.06,1.532,156595,2023-06-21 14:02:00,18889.39,stop,-8.06,-1544.4,7.55,-9.95,6,True
156615,2023-06-21 14:22:00,SHORT,18881.3,18880.7,6.57,1.101,156617,2023-06-21 14:24:00,18887.27,stop,-6.57,-1447.11,10.6,-7.05,3,True
156659,2023-06-21 15:06:00,LONG,18899.7,18904.9,12.39,1.723,156673,2023-06-21 15:20:00,18892.51,stop,-12.39,-1825.8,1.7,-13.85,1,True
156750,2023-06-22 10:22:00,LONG,18898.95,18899.0,5.77,1.009,156754,2023-06-22 10:26:00,18910.54,target,11.54,-270.76,14.3,-2.0,0,False
156818,2023-06-22 11:30:00,SHORT,18862.0,18860.9,7.25,1.179,156825,2023-06-22 11:37:00,18868.15,stop,-7.25,-1491.28,2.45,-9.55,1,True
156853,2023-06-22 12:05:00,SHORT,18857.55,18850.9,12.22,2.194,156901,2023-06-22 12:53:00,18826.46,target,24.44,568.74,26.15,-8.2,1,True
156945,2023-06-22 13:37:00,LONG,18872.35,18875.05,10.13,1.363,156950,2023-06-22 13:42:00,18895.32,target,20.27,296.94,22.5,0.0,3,True
157165,2023-06-23 11:02:00,SHORT,18711.0,18710.8,6.39,1.032,157173,2023-06-23 11:10:00,18717.19,stop,-6.39,-1432.66,9.7,-17.2,1,False
157347,2023-06-23 14:04:00,SHORT,18723.0,18715.8,14.81,1.946,157351,2023-06-23 14:08:00,18730.61,stop,-14.81,-1979.99,2.45,-17.3,0,False
157436,2023-06-26 09:18:00,SHORT,18695.85,18688.0,16.09,1.953,157439,2023-06-26 09:21:00,18704.09,stop,-16.09,-2062.81,7.45,-17.0,2,False
157534,2023-06-26 10:56:00,SHORT,18680.55,18679.7,6.64,1.147,157536,2023-06-26 10:58:00,18686.34,stop,-6.64,-1448.12,2.55,-9.3,9,True
157537,2023-06-26 10:59:00,LONG,18691.8,18697.0,11.46,1.831,157575,2023-06-26 11:37:00,18719.92,target,22.92,472.36,24.35,-6.8,0,False
157778,2023-06-26 15:00:00,LONG,18705.0,18717.1,20.06,2.521,157803,2023-06-26 15:25:00,18711.5,eod,-5.6,-1381.26,18.4,-19.05,2,True
157927,2023-06-27 11:14:00,LONG,18740.0,18741.15,5.15,1.288,157939,2023-06-27 11:26:00,18751.44,target,10.29,-349.0,11.4,-5.1,1,True
157940,2023-06-27 11:27:00,LONG,18752.0,18752.55,4.8,1.129,157959,2023-06-27 11:46:00,18762.16,target,9.61,-393.51,10.4,-2.55,1,True
157981,2023-06-27 12:08:00,LONG,18765.35,18769.45,7.48,2.214,157990,2023-06-27 12:17:00,18761.97,stop,-7.48,-1504.1,0.55,-8.45,4,True
158098,2023-06-27 14:05:00,LONG,18764.85,18764.95,3.4,1.03,158101,2023-06-27 14:08:00,18771.75,target,6.8,-575.94,8.1,-1.95,5,True
158107,2023-06-27 14:14:00,LONG,18775.0,18776.8,5.18,1.532,158110,2023-06-27 14:17:00,18787.17,target,10.37,-344.64,13.95,-1.15,1,True
158135,2023-06-27 14:42:00,SHORT,18780.05,18778.7,5.74,1.308,158144,2023-06-27 14:51:00,18784.44,stop,-5.74,-1391.4,7.5,-8.05,1,True
158257,2023-06-28 10:29:00,LONG,18892.8,18898.75,10.95,2.19,158268,2023-06-28 10:40:00,18920.65,target,21.9,402.83,23.0,-6.6,1,True
158482,2023-06-28 14:14:00,SHORT,18976.75,18972.1,11.66,1.663,158485,2023-06-28 14:17:00,18983.76,stop,-11.66,-1779.89,7.0,-11.9,0,False
158529,2023-06-28 15:01:00,SHORT,18969.0,18958.95,20.31,1.979,158553,2023-06-28 15:25:00,18970.65,eod,-11.7,-1782.01,23.95,-17.7,4,False
158701,2023-06-30 11:38:00,LONG,19197.55,19204.4,10.3,2.986,158720,2023-06-30 11:57:00,19194.1,stop,-10.3,-1695.0,12.2,-11.25,1,True
158833,2023-06-30 13:50:00,SHORT,19224.95,19224.4,4.79,1.13,158834,2023-06-30 13:51:00,19229.19,stop,-4.79,-1337.13,0.0,-5.6,1,True
159027,2023-07-03 10:49:00,SHORT,19385.25,19384.95,5.98,1.053,159031,2023-07-03 10:53:00,19372.98,target,11.97,-250.95,12.15,-1.95,0,False
159047,2023-07-03 11:09:00,SHORT,19365.05,19362.5,8.4,1.436,159053,2023-07-03 11:15:00,19345.7,target,16.8,63.55,22.4,-3.6,0,False
159160,2023-07-03 13:02:00,LONG,19406.0,19407.0,5.44,1.225,159167,2023-07-03 13:09:00,19401.56,stop,-5.44,-1382.62,2.7,-6.8,3,True
159186,2023-07-03 13:28:00,SHORT,19391.0,19385.0,11.08,2.181,159191,2023-07-03 13:33:00,19396.08,stop,-11.08,-1748.88,6.0,-14.0,0,False
159231,2023-07-03 14:13:00,SHORT,19400.0,19397.0,9.06,1.495,159237,2023-07-03 14:19:00,19406.06,stop,-9.06,-1617.94,6.65,-12.55,1,False
159345,2023-07-04 09:52:00,SHORT,19414.1,19414.0,8.24,1.012,159350,2023-07-04 09:57:00,19397.53,target,16.47,41.59,21.1,-3.5,1,False
159394,2023-07-04 10:41:00,LONG,19413.5,19414.0,6.04,1.09,159399,2023-07-04 10:46:00,19426.08,target,12.08,-244.37,12.95,0.0,0,False
159552,2023-07-04 13:19:00,LONG,19469.0,19476.0,12.22,2.34,159602,2023-07-04 14:09:00,19463.78,stop,-12.22,-1824.61,24.0,-15.0,0,False
159691,2023-07-05 09:23:00,LONG,19468.95,19472.6,15.06,1.32,159705,2023-07-05 09:37:00,19457.54,stop,-15.06,-2008.96,11.4,-21.05,0,False
159849,2023-07-05 12:01:00,LONG,19470.0,19473.3,7.93,1.712,159852,2023-07-05 12:04:00,19465.37,stop,-7.93,-1545.82,0.05,-10.45,2,True
159923,2023-07-05 13:15:00,LONG,19460.0,19461.0,5.44,1.225,159928,2023-07-05 13:20:00,19455.56,stop,-5.44,-1383.35,1.0,-6.0,5,True
159936,2023-07-05 13:28:00,SHORT,19445.8,19445.0,5.7,1.163,159939,2023-07-05 13:31:00,19433.6,target,11.4,-288.72,12.65,-4.0,0,False
159943,2023-07-05 13:35:00,SHORT,19430.0,19425.8,10.66,1.651,159946,2023-07-05 13:38:00,19436.46,stop,-10.66,-1722.08,2.6,-12.15,2,True
159999,2023-07-05 14:31:00,SHORT,19447.0,19444.85,7.58,1.396,160007,2023-07-05 14:39:00,19429.69,target,15.16,-44.67,21.4,-4.75,0,False
160008,2023-07-05 14:40:00,SHORT,19421.55,19419.35,8.04,1.377,160010,2023-07-05 14:42:00,19427.39,stop,-8.04,-1552.08,1.3,-13.35,0,False
160037,2023-07-05 15:09:00,LONG,19458.65,19461.0,9.73,1.318,160043,2023-07-05 15:15:00,19480.46,target,19.46,234.59,23.85,-2.2,2,True
160098,2023-07-06 09:55:00,LONG,19466.0,19471.25,12.22,1.754,160112,2023-07-06 10:09:00,19495.68,target,24.43,557.45,25.0,-7.1,0,False
160116,2023-07-06 10:13:00,LONG,19499.85,19500.3,7.62,1.063,160121,2023-07-06 10:18:00,19492.68,stop,-7.62,-1526.12,4.7,-9.3,3,True
160249,2023-07-06 12:26:00,SHORT,19502.15,19499.55,7.54,1.526,160278,2023-07-06 12:55:00,19507.09,stop,-7.54,-1521.12,8.9,-8.8,3,True
160339,2023-07-06 13:56:00,SHORT,19503.0,19500.55,7.81,1.457,160341,2023-07-06 13:58:00,19508.36,stop,-7.81,-1538.41,3.55,-8.7,0,False
160359,2023-07-06 14:16:00,LONG,19514.95,19519.25,10.62,1.68,160362,2023-07-06 14:19:00,19540.49,target,21.24,349.4,22.1,-1.6,8,True
160436,2023-07-07 09:18:00,SHORT,19500.35,19500.0,8.79,1.041,160439,2023-07-07 09:21:00,19508.79,stop,-8.79,-1602.42,2.55,-15.0,3,True
160472,2023-07-07 09:54:00,LONG,19540.0,19542.55,9.01,1.395,160477,2023-07-07 09:59:00,19560.56,target,18.01,139.19,20.65,-0.05,1,True
160685,2023-07-07 13:27:00,LONG,19434.65,19438.5,9.46,1.686,160690,2023-07-07 13:32:00,19429.04,stop,-9.46,-1644.53,5.75,-10.7,1,True
160738,2023-07-07 14:20:00,LONG,19444.25,19446.0,8.86,1.246,160742,2023-07-07 14:24:00,19437.14,stop,-8.86,-1605.33,2.75,-16.0,0,False
160750,2023-07-07 14:32:00,LONG,19452.45,19455.0,9.36,1.375,160758,2023-07-07 14:40:00,19473.72,target,18.72,186.33,19.9,-9.0,0,False
160784,2023-07-07 15:06:00,SHORT,19400.0,19395.05,17.36,1.399,160803,2023-07-07 15:25:00,19396.9,eod,-1.85,-1149.19,14.5,-14.8,2,True
160839,2023-07-10 09:46:00,LONG,19446.3,19449.5,14.56,1.282,160857,2023-07-10 10:04:00,19434.94,stop,-14.56,-1976.16,8.5,-17.05,3,True
160918,2023-07-10 11:05:00,SHORT,19453.4,19450.8,8.48,1.442,160927,2023-07-10 11:14:00,19433.84,target,16.96,72.76,18.2,-4.2,0,False
160968,2023-07-10 11:55:00,SHORT,19391.0,19390.0,7.9,1.145,160969,2023-07-10 11:56:00,19397.9,stop,-7.9,-1542.56,4.0,-8.35,0,False
160978,2023-07-10 12:05:00,SHORT,19385.8,19382.3,11.71,1.427,160981,2023-07-10 12:08:00,19394.01,stop,-11.71,-1789.62,0.9,-12.4,0,False
161096,2023-07-10 14:03:00,SHORT,19436.1,19434.0,7.87,1.364,161105,2023-07-10 14:12:00,19441.87,stop,-7.87,-1540.87,12.9,-8.0,1,True
161136,2023-07-10 14:43:00,SHORT,19417.35,19412.65,11.78,1.664,161154,2023-07-10 15:01:00,19389.09,target,23.56,502.21,32.4,-10.6,0,False
161187,2023-07-11 09:19:00,LONG,19480.5,19489.7,18.86,1.952,161264,2023-07-11 10:36:00,19527.42,target,37.72,1420.95,40.3,-6.1,0,False
161301,2023-07-11 11:13:00,LONG,19535.95,19538.25,6.19,1.591,161344,2023-07-11 11:56:00,19550.64,target,12.39,-226.28,14.8,-2.6,3,True
161381,2023-07-11 12:33:00,SHORT,19525.15,19524.8,4.97,1.076,161383,2023-07-11 12:35:00,19529.77,stop,-4.97,-1354.37,3.8,-5.2,9,True
161406,2023-07-11 12:58:00,LONG,19539.0,19543.6,8.81,2.092,161416,2023-07-11 13:08:00,19534.79,stop,-8.81,-1604.07,8.25,-9.6,0,False
161437,2023-07-11 13:29:00,SHORT,19524.3,19523.15,5.44,1.268,161440,2023-07-11 13:32:00,19528.59,stop,-5.44,-1384.43,2.85,-5.45,1,True
161458,2023-07-11 13:50:00,SHORT,19520.3,19518.0,7.67,1.428,161469,2023-07-11 14:01:00,19525.67,stop,-7.67,-1529.93,9.75,-9.0,4,True
161536,2023-07-11 15:08:00,SHORT,19487.05,19486.15,7.26,1.141,161543,2023-07-11 15:15:00,19493.41,stop,-7.26,-1502.62,5.15,-9.5,0,False
161748,2023-07-12 12:25:00,SHORT,19460.05,19457.1,8.4,1.541,161749,2023-07-12 12:26:00,19465.5,stop,-8.4,-1576.19,0.0,-9.15,0,False
161762,2023-07-12 12:39:00,LONG,19478.55,19479.4,6.14,1.161,161769,2023-07-12 12:46:00,19473.26,stop,-6.14,-1429.15,7.45,-8.35,0,False
161857,2023-07-12 14:14:00,SHORT,19500.0,19491.15,15.29,2.374,161877,2023-07-12 14:34:00,19506.44,stop,-15.29,-2024.52,7.05,-15.85,0,False
161878,2023-07-12 14:35:00,LONG,19510.35,19510.55,5.95,1.035,161880,2023-07-12 14:37:00,19504.6,stop,-5.95,-1417.64,6.7,-6.35,0,False
161953,2023-07-13 09:35:00,LONG,19543.75,19549.5,13.09,1.784,161963,2023-07-13 09:45:00,19575.67,target,26.17,669.13,28.5,-6.45,7,True
162047,2023-07-13 11:09:00,SHORT,19591.1,19591.05,4.04,1.013,162048,2023-07-13 11:10:00,19595.09,stop,-4.04,-1294.68,1.05,-5.95,3,True
162102,2023-07-13 12:04:00,SHORT,19596.45,19595.65,4.57,1.212,162106,2023-07-13 12:08:00,19600.22,stop,-4.57,-1329.55,3.85,-6.35,1,True
162126,2023-07-13 12:28:00,SHORT,19590.0,19585.0,8.96,2.262,162135,2023-07-13 12:37:00,19593.96,stop,-8.96,-1614.72,3.75,-10.95,0,False
162183,2023-07-13 13:25:00,SHORT,19590.0,19584.0,10.57,2.313,162210,2023-07-13 13:52:00,19562.86,target,21.14,342.14,25.3,-4.0,3,True
162352,2023-07-14 09:59:00,SHORT,19496.0,19491.3,12.63,1.592,162382,2023-07-14 10:29:00,19503.93,stop,-12.63,-1851.73,16.3,-16.2,2,True
162423,2023-07-14 11:10:00,LONG,19515.1,19521.0,12.7,1.868,162458,2023-07-14 11:45:00,19508.3,stop,-12.7,-1856.44,19.0,-13.45,1,True
162544,2023-07-14 13:11:00,LONG,19540.0,19542.85,8.64,1.492,162565,2023-07-14 13:32:00,19534.21,stop,-8.64,-1593.22,13.8,-10.85,0,False
162597,2023-07-14 14:04:00,LONG,19557.2,19560.5,11.46,1.404,162600,2023-07-14 14:07:00,19549.04,stop,-11.46,-1776.5,8.5,-15.5,0,False
162653,2023-07-14 15:00:00,LONG,19566.55,19573.1,15.63,1.721,162670,2023-07-14 15:17:00,19604.37,target,31.27,1000.03,32.8,-9.8,0,False
162672,2023-07-14 15:19:00,LONG,19612.9,19615.05,9.38,1.297,162678,2023-07-14 15:25:00,19617.25,eod,2.2,-889.73,6.45,-3.3,0,False
162808,2023-07-17 11:20:00,SHORT,19633.0,19628.75,8.61,1.975,162809,2023-07-17 11:21:00,19637.36,stop,-8.61,-1592.57,0.0,-11.45,0,False
162840,2023-07-17 11:52:00,LONG,19649.95,19651.4,5.77,1.336,162843,2023-07-17 11:55:00,19645.63,stop,-5.77,-1408.38,2.05,-11.75,0,False
162858,2023-07-17 12:10:00,LONG,19653.7,19653.8,3.3,1.031,162863,2023-07-17 12:15:00,19660.4,target,6.6,-604.16,7.0,-0.85,6,True
162957,2023-07-17 13:49:00,LONG,19683.95,19684.1,5.18,1.03,162965,2023-07-17 13:57:00,19678.92,stop,-5.18,-1370.75,8.6,-6.1,4,True
163020,2023-07-17 14:52:00,LONG,19695.0,19698.75,9.49,1.653,163024,2023-07-17 14:56:00,19689.26,stop,-9.49,-1651.01,0.65,-9.75,2,True
163201,2023-07-18 11:38:00,SHORT,19766.0,19763.0,10.27,1.413,163204,2023-07-18 11:41:00,19742.46,target,20.54,299.61,23.0,-4.0,1,True
163303,2023-07-18 13:20:00,LONG,19749.0,19754.85,13.95,1.722,163313,2023-07-18 13:30:00,19740.9,stop,-13.95,-1941.46,2.95,-19.85,0,False
163631,2023-07-19 12:33:00,LONG,19785.3,19785.85,7.3,1.082,163651,2023-07-19 12:53:00,19800.44,target,14.59,-87.35,16.85,-1.05,1,True
163687,2023-07-19 13:29:00,SHORT,19785.1,19781.7,10.28,1.494,163693,2023-07-19 13:35:00,19791.98,stop,-10.28,-1703.79,3.95,-11.2,0,False
163784,2023-07-19 15:06:00,LONG,19837.6,19838.9,8.37,1.184,163801,2023-07-19 15:23:00,19855.64,target,16.74,51.47,16.85,-3.9,3,True
163829,2023-07-20 09:36:00,LONG,19837.6,19837.7,9.18,1.011,163833,2023-07-20 09:40:00,19828.52,stop,-9.18,-1633.25,9.3,-18.7,0,False
163932,2023-07-20 11:19:00,SHORT,19831.6,19830.5,6.33,1.21,163934,2023-07-20 11:21:00,19836.83,stop,-6.33,-1447.67,3.4,-7.1,2,True
163950,2023-07-20 11:37:00,LONG,19850.1,19850.65,5.65,1.108,163952,2023-07-20 11:39:00,19845.0,stop,-5.65,-1403.99,4.15,-6.3,0,False
163970,2023-07-20 11:57:00,LONG,19854.9,19858.3,8.59,1.655,163980,2023-07-20 12:07:00,19875.48,target,17.18,79.73,26.1,-4.3,4,True
164071,2023-07-20 13:38:00,SHORT,19882.8,19880.45,9.14,1.346,164076,2023-07-20 13:43:00,19889.59,stop,-9.14,-1631.18,4.7,-12.85,0,False
164213,2023-07-21 09:45:00,SHORT,19840.0,19839.95,11.05,1.005,164214,2023-07-21 09:46:00,19851.0,stop,-11.05,-1754.91,0.0,-17.65,4,True
164252,2023-07-21 10:24:00,SHORT,19833.8,19828.3,15.33,1.559,164258,2023-07-21 10:30:00,19843.63,stop,-15.33,-2032.96,9.3,-17.1,1,True
164313,2023-07-21 11:25:00,SHORT,19796.15,19790.0,14.18,1.765,164323,2023-07-21 11:35:00,19804.18,stop,-14.18,-1957.74,4.0,-23.2,0,False
164395,2023-07-21 12:47:00,LONG,19805.0,19806.0,7.07,1.165,164403,2023-07-21 12:55:00,19820.15,target,14.15,-116.64,16.5,-4.0,0,False
164430,2023-07-21 13:22:00,LONG,19845.85,19846.4,7.17,1.083,164431,2023-07-21 13:23:00,19839.23,stop,-7.17,-1502.81,0.5,-7.85,3,True
164489,2023-07-21 14:21:00,SHORT,19790.0,19789.0,10.18,1.109,164490,2023-07-21 14:22:00,19799.18,stop,-10.18,-1697.72,0.0,-10.85,0,False
164588,2023-07-24 09:45:00,SHORT,19728.0,19726.5,12.85,1.132,164592,2023-07-24 09:49:00,19739.35,stop,-12.85,-1869.72,0.0,-13.0,7,True
164902,2023-07-24 14:59:00,SHORT,19721.15,19716.4,13.8,1.525,164906,2023-07-24 15:03:00,19688.8,target,27.6,759.54,29.35,0.0,3,True
164969,2023-07-25 09:51:00,SHORT,19680.0,19678.2,10.62,1.204,164970,2023-07-25 09:52:00,19688.82,stop,-10.62,-1724.2,0.0,-10.7,2,True
165081,2023-07-25 11:43:00,SHORT,19679.3,19675.25,8.72,1.867,165093,2023-07-25 11:55:00,19683.97,stop,-8.72,-1600.73,8.75,-11.7,1,True
165113,2023-07-25 12:15:00,LONG,19700.85,19704.45,9.19,1.644,165124,2023-07-25 12:26:00,19695.26,stop,-9.19,-1631.26,2.95,-9.95,1,True
165131,2023-07-25 12:33:00,LONG,19708.75,19709.0,6.13,1.042,165142,2023-07-25 12:44:00,19702.87,stop,-6.13,-1432.87,10.9,-6.95,3,True
165233,2023-07-25 14:15:00,LONG,19675.0,19681.45,13.04,1.979,165254,2023-07-25 14:36:00,19707.53,target,26.08,660.94,28.55,-2.4,2,True
165272,2023-07-25 14:54:00,LONG,19708.55,19708.9,8.47,1.043,165280,2023-07-25 15:02:00,19700.43,stop,-8.47,-1584.5,13.8,-12.2,2,True
165349,2023-07-26 09:56:00,LONG,19786.0,19789.9,10.61,1.581,165380,2023-07-26 10:27:00,19811.13,target,21.23,343.63,21.6,-4.7,3,True
165458,2023-07-26 11:45:00,SHORT,19794.0,19790.15,8.69,1.796,165462,2023-07-26 11:49:00,19798.84,stop,-8.69,-1600.38,0.15,-12.8,2,True
165492,2023-07-26 12:19:00,LONG,19812.0,19814.95,8.01,1.583,165496,2023-07-26 12:23:00,19806.94,stop,-8.01,-1556.61,0.05,-8.1,7,True
165534,2023-07-26 13:01:00,SHORT,19789.0,19785.9,8.25,1.602,165538,2023-07-26 13:05:00,19794.15,stop,-8.25,-1571.67,4.8,-11.6,1,True
165598,2023-07-26 14:05:00,LONG,19811.0,19815.85,10.43,1.87,165600,2023-07-26 14:07:00,19805.42,stop,-10.43,-1713.76,0.0,-13.4,0,False
165614,2023-07-26 14:21:00,LONG,19817.1,19817.8,6.12,1.129,165629,2023-07-26 14:36:00,19811.68,stop,-6.12,-1433.79,9.8,-7.5,0,False
165633,2023-07-26 14:40:00,SHORT,19792.3,19789.95,9.1,1.348,165637,2023-07-26 14:44:00,19799.05,stop,-9.1,-1627.48,1.9,-13.4,0,False
165846,2023-07-27 11:58:00,LONG,19748.75,19752.8,13.18,1.444,165864,2023-07-27 12:16:00,19739.62,stop,-13.18,-1891.61,5.8,-25.05,3,True
166401,2023-07-28 14:59:00,LONG,19736.0,19741.2,13.4,1.634,166408,2023-07-28 15:06:00,19768.01,target,26.81,707.09,27.8,-5.8,5,False
166479,2023-07-31 10:02:00,LONG,19772.0,19772.8,7.48,1.12,166493,2023-07-31 10:16:00,19787.75,target,14.95,-63.72,15.6,-4.5,1,True
166516,2023-07-31 10:39:00,LONG,19788.4,19789.6,8.06,1.175,166560,2023-07-31 11:23:00,19805.71,target,16.11,11.48,17.35,-4.3,1,False
166622,2023-07-31 12:25:00,SHORT,19800.6,19797.0,8.15,1.791,166623,2023-07-31 12:26:00,19805.15,stop,-8.15,-1565.61,1.15,-9.05,0,False
166720,2023-07-31 14:03:00,LONG,19824.0,19827.4,9.08,1.599,166728,2023-07-31 14:11:00,19818.32,stop,-9.08,-1626.42,6.15,-10.4,1,True
166843,2023-08-01 09:51:00,LONG,19859.95,19861.05,7.97,1.16,166850,2023-08-01 09:58:00,19853.08,stop,-7.97,-1554.77,2.45,-9.0,2,True
166878,2023-08-01 10:26:00,SHORT,19835.2,19828.25,11.88,2.41,166891,2023-08-01 10:39:00,19804.49,target,23.76,508.17,26.45,-4.65,4,True
166942,2023-08-01 11:30:00,LONG,19817.9,19819.0,6.0,1.225,166945,2023-08-01 11:33:00,19813.0,stop,-6.0,-1426.0,0.85,-7.0,4,True
166980,2023-08-01 12:08:00,SHORT,19804.2,19802.55,7.01,1.308,166983,2023-08-01 12:11:00,19809.56,stop,-7.01,-1491.27,1.55,-7.45,1,True
167211,2023-08-02 09:44:00,SHORT,19698.0,19695.15,10.54,1.371,167221,2023-08-02 09:54:00,19705.69,stop,-10.54,-1719.26,2.15,-14.95,0,False
167252,2023-08-02 10:25:00,SHORT,19680.0,19674.05,11.36,2.1,167285,2023-08-02 10:58:00,19651.33,target,22.72,443.05,24.05,-8.6,2,True
167354,2023-08-02 12:07:00,LONG,19629.85,19629.9,5.89,1.009,167358,2023-08-02 12:11:00,19624.01,stop,-5.89,-1415.56,2.0,-7.25,2,True
167400,2023-08-02 12:53:00,SHORT,19621.05,19615.7,10.52,2.035,167421,2023-08-02 13:14:00,19594.66,target,21.04,334.78,24.6,-1.4,0,False
167714,2023-08-03 11:52:00,SHORT,19547.45,19545.65,9.28,1.241,167726,2023-08-03 12:04:00,19527.09,target,18.56,174.62,19.25,-4.5,1,True
167880,2023-08-03 14:38:00,LONG,19445.0,19445.05,9.37,1.005,167885,2023-08-03 14:43:00,19433.3,stop_gap,-11.75,-1793.37,9.95,-27.05,7,True
167951,2023-08-04 09:34:00,LONG,19542.9,19544.0,10.0,1.124,167954,2023-08-04 09:37:00,19534.0,stop,-10.0,-1681.5,4.95,-18.75,2,True
168044,2023-08-04 11:07:00,LONG,19545.0,19545.6,6.84,1.096,168045,2023-08-04 11:08:00,19538.76,stop,-6.84,-1475.92,2.0,-7.1,1,True
168056,2023-08-04 11:19:00,LONG,19548.95,19559.3,17.49,2.451,168190,2023-08-04 13:33:00,19541.81,stop,-17.49,-2168.05,31.85,-18.0,0,False
168264,2023-08-04 14:47:00,LONG,19576.0,19577.4,10.44,1.155,168272,2023-08-04 14:55:00,19566.96,stop,-10.44,-1710.47,3.6,-13.65,1,True
168277,2023-08-04 15:00:00,LONG,19583.0,19587.45,13.34,1.501,168280,2023-08-04 15:03:00,19574.11,stop,-13.34,-1898.92,8.95,-32.35,1,True
168493,2023-08-07 12:21:00,LONG,19613.95,19614.0,5.91,1.009,168495,2023-08-07 12:23:00,19625.82,target,11.82,-264.67,14.0,-0.55,2,True
168598,2023-08-07 14:06:00,SHORT,19647.9,19644.4,10.26,1.518,168607,2023-08-07 14:15:00,19654.66,stop,-10.26,-1700.29,8.6,-10.55,0,False
168611,2023-08-07 14:19:00,SHORT,19635.8,19635.0,7.58,1.118,168612,2023-08-07 14:20:00,19642.58,stop,-7.58,-1525.84,0.7,-9.0,1,True
168698,2023-08-08 09:31:00,SHORT,19642.55,19637.95,11.72,1.646,168730,2023-08-08 10:03:00,19649.67,stop,-11.72,-1794.66,13.95,-16.4,3,True
168796,2023-08-08 11:09:00,SHORT,19626.75,19618.75,13.97,2.339,168816,2023-08-08 11:29:00,19590.8,target,27.95,784.0,28.25,-1.7,4,True
168817,2023-08-08 11:30:00,SHORT,19590.25,19586.0,10.53,1.677,168820,2023-08-08 11:33:00,19596.53,stop,-10.53,-1716.61,0.85,-12.75,8,True
168989,2023-08-08 14:22:00,LONG,19629.0,19630.0,5.73,1.211,168991,2023-08-08 14:24:00,19641.46,target,11.46,-288.07,15.5,-1.6,5,True
168992,2023-08-08 14:25:00,LONG,19644.95,19645.0,5.42,1.009,168999,2023-08-08 14:32:00,19639.58,stop,-5.42,-1385.75,4.3,-6.0,1,True
169011,2023-08-08 14:44:00,SHORT,19613.1,19612.9,5.63,1.037,169017,2023-08-08 14:50:00,19601.63,target,11.27,-300.15,18.55,-3.1,0,False
169063,2023-08-09 09:21:00,SHORT,19585.15,19585.0,6.63,1.023,169071,2023-08-09 09:29:00,19571.74,target,13.26,-170.19,17.8,-5.75,4,True
169072,2023-08-09 09:30:00,SHORT,19570.0,19563.55,13.39,1.93,169118,2023-08-09 10:16:00,19536.78,target,26.77,708.52,27.55,-5.05,1,True
169182,2023-08-09 11:20:00,LONG,19534.75,19534.95,5.28,1.039,169184,2023-08-09 11:22:00,19529.67,stop,-5.28,-1374.73,0.05,-7.95,5,True
169221,2023-08-09 11:59:00,LONG,19543.9,19544.3,5.5,1.078,169224,2023-08-09 12:02:00,19538.8,stop,-5.5,-1389.18,1.3,-7.85,1,True
169256,2023-08-09 12:34:00,LONG,19558.05,19559.6,6.73,1.299,169264,2023-08-09 12:42:00,19552.87,stop,-6.73,-1469.28,6.95,-9.6,0,False
169381,2023-08-09 14:39:00,LONG,19621.0,19633.85,20.02,2.793,169399,2023-08-09 14:57:00,19673.88,target,40.03,1568.65,41.15,-2.25,4,True
169404,2023-08-09 15:02:00,LONG,19674.0,19680.45,14.38,1.814,169427,2023-08-09 15:25:00,19688.0,eod,7.55,-543.18,21.45,-3.05,4,True
169501,2023-08-10 10:24:00,SHORT,19607.0,19593.55,26.65,2.019,169517,2023-08-10 10:40:00,19540.24,target,53.31,2432.66,58.55,0.0,2,True
169661,2023-08-10 13:04:00,LONG,19619.45,19629.95,16.81,2.665,169682,2023-08-10 13:25:00,19613.14,stop,-16.81,-2125.25,24.0,-29.95,3,True
169710,2023-08-10 13:53:00,SHORT,19571.55,19567.65,13.82,1.393,169714,2023-08-10 13:57:00,19581.47,stop,-13.82,-1930.32,7.65,-15.15,5,True
169829,2023-08-11 09:37:00,SHORT,19530.0,19521.05,17.29,2.073,170034,2023-08-11 13:02:00,19538.34,stop,-17.29,-2154.81,32.4,-18.95,9,True
170122,2023-08-11 14:30:00,LONG,19535.0,19543.55,14.91,2.345,170131,2023-08-11 14:39:00,19528.64,stop,-14.91,-2000.12,0.4,-15.55,2,True
170132,2023-08-11 14:40:00,SHORT,19519.65,19518.0,8.08,1.257,170138,2023-08-11 14:46:00,19526.08,stop,-8.08,-1556.29,3.0,-11.45,1,True
170152,2023-08-11 15:00:00,SHORT,19513.8,19507.55,14.77,1.733,170177,2023-08-11 15:25:00,19508.75,eod,-1.2,-1108.86,14.95,-13.05,1,False
170257,2023-08-14 10:30:00,LONG,19369.0,19371.1,7.84,1.366,170258,2023-08-14 10:31:00,19363.26,stop,-7.84,-1538.27,0.0,-10.0,4,False
170305,2023-08-14 11:18:00,LONG,19365.95,19371.9,11.07,2.163,170335,2023-08-14 11:48:00,19394.04,target,22.14,409.94,22.8,-0.9,1,False
170336,2023-08-14 11:49:00,SHORT,19380.25,19379.35,6.18,1.17,170340,2023-08-14 11:53:00,19385.53,stop,-6.18,-1430.54,0.55,-6.65,0,False
170345,2023-08-14 11:58:00,LONG,19392.1,19392.5,5.16,1.084,170351,2023-08-14 12:04:00,19402.82,target,10.32,-358.22,11.85,-3.45,7,True
170432,2023-08-14 13:25:00,LONG,19413.1,19418.4,10.5,2.02,170444,2023-08-14 13:37:00,19439.39,target,20.99,334.78,25.0,-9.95,0,False
170511,2023-08-14 14:44:00,LONG,19465.0,19467.2,7.86,1.389,170513,2023-08-14 14:46:00,19482.92,target,15.72,-8.91,16.6,-1.0,1,True
170618,2023-08-16 10:16:00,LONG,19410.75,19418.0,13.76,2.113,170661,2023-08-16 10:59:00,19404.24,stop,-13.76,-1923.64,19.6,-14.55,4,True
170754,2023-08-16 12:32:00,LONG,19425.95,19426.65,5.17,1.157,170758,2023-08-16 12:36:00,19436.99,target,10.34,-357.31,15.25,-0.15,1,True
170782,2023-08-16 13:00:00,LONG,19442.95,19445.15,7.83,1.391,170784,2023-08-16 13:02:00,19437.32,stop,-7.83,-1538.6,0.0,-9.4,2,True
170902,2023-08-16 15:00:00,LONG,19474.9,19483.25,15.0,2.255,170927,2023-08-16 15:25:00,19470.0,eod,-13.25,-1891.5,21.75,-14.25,3,False
170943,2023-08-17 09:26:00,SHORT,19442.2,19436.75,13.68,1.662,170957,2023-08-17 09:40:00,19409.38,target,27.37,749.29,34.5,-3.2,3,True
171019,2023-08-17 10:42:00,LONG,19427.35,19428.0,7.15,1.1,171020,2023-08-17 10:43:00,19420.85,stop,-7.15,-1494.19,0.0,-13.05,7,True
171047,2023-08-17 11:10:00,SHORT,19412.9,19411.15,7.46,1.306,171048,2023-08-17 11:11:00,19418.61,stop,-7.46,-1514.29,0.05,-8.4,0,False
171129,2023-08-17 12:32:00,LONG,19396.0,19397.1,6.23,1.214,171131,2023-08-17 12:34:00,19390.87,stop,-6.23,-1434.01,2.7,-6.75,3,True
171152,2023-08-17 12:55:00,SHORT,19372.1,19370.1,6.98,1.402,171164,2023-08-17 13:07:00,19377.08,stop,-6.98,-1482.07,10.1,-7.85,4,True
171250,2023-08-17 14:33:00,LONG,19399.0,19399.3,7.16,1.044,171265,2023-08-17 14:48:00,19392.14,stop,-7.16,-1494.04,8.7,-7.25,1,True
171369,2023-08-18 10:17:00,LONG,19295.0,19296.0,7.57,1.152,171371,2023-08-18 10:19:00,19311.14,target,15.14,-43.11,17.2,-0.75,0,False
171398,2023-08-18 10:46:00,SHORT,19280.0,19278.35,7.31,1.292,171401,2023-08-18 10:49:00,19285.66,stop,-7.31,-1502.1,0.7,-14.25,0,False
171470,2023-08-18 11:58:00,LONG,19329.95,19330.8,6.29,1.156,171480,2023-08-18 12:08:00,19324.51,stop,-6.29,-1436.32,5.8,-8.25,1,True
171490,2023-08-18 12:18:00,SHORT,19315.95,19312.45,9.22,1.612,171539,2023-08-18 13:07:00,19294.02,target,18.43,170.78,22.45,-7.35,0,False
171590,2023-08-18 13:58:00,LONG,19314.9,19317.25,8.6,1.376,171594,2023-08-18 14:02:00,19334.44,target,17.19,89.73,17.75,-1.5,0,False
171595,2023-08-18 14:03:00,LONG,19337.7,19347.0,16.84,2.234,171660,2023-08-18 15:08:00,19330.16,stop,-16.84,-2122.37,33.0,-17.5,0,False
171778,2023-08-21 10:51:00,LONG,19360.65,19366.45,12.19,1.907,171817,2023-08-21 11:30:00,19354.26,stop,-12.19,-1820.88,18.4,-13.45,0,False
171912,2023-08-21 13:05:00,LONG,19402.0,19403.0,5.01,1.25,171923,2023-08-21 13:16:00,19413.02,target,10.02,-378.18,12.5,-5.0,1,True
171976,2023-08-21 14:09:00,SHORT,19392.4,19387.6,9.65,1.989,171989,2023-08-21 14:22:00,19397.25,stop,-9.65,-1656.18,11.35,-12.4,0,False
172024,2023-08-21 14:57:00,LONG,19411.6,19414.95,8.51,1.65,172027,2023-08-21 15:00:00,19431.96,target,17.01,76.17,17.05,-0.95,7,True
172047,2023-08-21 15:20:00,SHORT,19387.0,19383.0,9.93,1.674,172050,2023-08-21 15:23:00,19392.93,stop,-9.93,-1674.39,0.0,-10.5,0,False
172206,2023-08-22 11:44:00,LONG,19417.3,19418.0,3.95,1.216,172213,2023-08-22 11:51:00,19425.89,target,7.89,-516.33,10.0,-3.0,6,True
172273,2023-08-22 12:51:00,LONG,19418.8,19419.85,5.18,1.254,172287,2023-08-22 13:05:00,19414.67,stop,-5.18,-1366.25,4.6,-6.95,1,True
172342,2023-08-22 14:00:00,SHORT,19402.0,19394.5,12.25,2.58,172352,2023-08-22 14:10:00,19406.75,stop,-12.25,-1824.98,3.35,-14.45,1,True
172393,2023-08-22 14:51:00,SHORT,19382.3,19376.25,11.03,2.214,172397,2023-08-22 14:55:00,19387.28,stop,-11.03,-1745.76,9.65,-13.65,1,True
172468,2023-08-23 09:51:00,SHORT,19377.4,19376.5,6.62,1.157,172471,2023-08-23 09:54:00,19363.27,target,13.23,-168.44,14.5,-0.75,5,True
172518,2023-08-23 10:41:00,LONG,19373.5,19375.0,5.95,1.337,172521,2023-08-23 10:44:00,19369.05,stop,-5.95,-1415.05,1.0,-8.95,0,False
172620,2023-08-23 12:23:00,LONG,19418.05,19418.55,3.59,1.162,172626,2023-08-23 12:29:00,19425.73,target,7.18,-562.61,10.45,0.0,0,False
172634,2023-08-23 12:37:00,LONG,19430.0,19432.1,6.13,1.521,172637,2023-08-23 12:40:00,19444.37,target,12.27,-232.37,15.15,0.0,3,True
172712,2023-08-23 13:55:00,LONG,19449.0,19451.9,7.06,1.697,172721,2023-08-23 14:04:00,19444.84,stop,-7.06,-1488.89,4.25,-7.85,4,True
172780,2023-08-23 15:03:00,SHORT,19435.75,19428.2,13.81,2.206,172802,2023-08-23 15:25:00,19432.2,eod,-4.0,-1289.51,7.2,-6.8,2,True
172883,2023-08-24 10:31:00,SHORT,19549.7,19549.35,5.61,1.067,172891,2023-08-24 10:39:00,19538.14,target,11.21,-302.74,17.2,-1.55,2,True
172955,2023-08-24 11:43:00,LONG,19505.6,19510.95,11.44,1.879,172966,2023-08-24 11:54:00,19499.51,stop,-11.44,-1774.34,2.75,-16.95,1,True
173038,2023-08-24 13:06:00,SHORT,19468.0,19466.4,7.82,1.257,173051,2023-08-24 13:19:00,19450.76,target,15.64,-13.35,23.7,-7.3,0,False
173106,2023-08-24 14:14:00,LONG,19461.95,19463.0,6.67,1.187,173107,2023-08-24 14:15:00,19456.33,stop,-6.67,-1463.37,0.9,-12.0,3,True
173139,2023-08-24 14:47:00,SHORT,19430.2,19418.7,18.76,2.584,173169,2023-08-24 15:17:00,19381.18,target,37.52,1409.51,38.7,-7.25,2,True
173480,2023-08-25 14:13:00,SHORT,19271.0,19269.6,8.5,1.197,173521,2023-08-25 14:54:00,19278.1,stop,-8.5,-1579.38,15.4,-10.4,0,False
173633,2023-08-28 10:31:00,LONG,19307.0,19307.9,7.62,1.134,173635,2023-08-28 10:33:00,19300.28,stop,-7.62,-1522.95,1.05,-7.9,1,True
173663,2023-08-28 11:01:00,LONG,19316.0,19317.0,6.71,1.175,173680,2023-08-28 11:18:00,19330.41,target,13.41,-156.04,15.6,-4.95,0,False
173702,2023-08-28 11:40:00,SHORT,19320.1,19319.3,5.04,1.189,173705,2023-08-28 11:43:00,19324.34,stop,-5.04,-1354.98,1.45,-5.3,0,False
173742,2023-08-28 12:20:00,LONG,19327.7,19328.0,4.86,1.066,173752,2023-08-28 12:30:00,19337.71,target,9.71,-396.6,10.0,-3.0,0,False
173792,2023-08-28 13:10:00,SHORT,19341.7,19338.55,7.95,1.657,173793,2023-08-28 13:11:00,19346.5,stop,-7.95,-1544.55,0.0,-8.1,6,False
173806,2023-08-28 13:24:00,LONG,19352.05,19354.0,6.75,1.406,173809,2023-08-28 13:27:00,19347.25,stop,-6.75,-1466.82,1.55,-9.35,7,True
173834,2023-08-28 13:52:00,SHORT,19340.1,19339.0,5.31,1.262,173843,2023-08-28 14:01:00,19344.3,stop,-5.31,-1372.82,3.5,-7.4,4,True
173854,2023-08-28 14:12:00,SHORT,19335.0,19327.0,14.57,2.218,173892,2023-08-28 14:50:00,19341.57,stop,-14.57,-1974.9,21.9,-15.0,0,False
173969,2023-08-29 09:52:00,LONG,19361.35,19361.75,5.69,1.076,173975,2023-08-29 09:58:00,19356.06,stop,-5.69,-1398.14,4.2,-9.65,0,False
174044,2023-08-29 11:07:00,SHORT,19326.85,19325.15,7.06,1.317,174049,2023-08-29 11:12:00,19332.21,stop,-7.06,-1486.5,1.6,-7.3,0,False
174107,2023-08-29 12:10:00,LONG,19343.95,19344.0,4.04,1.013,174109,2023-08-29 12:12:00,19339.96,stop,-4.04,-1290.64,0.55,-5.0,1,True
174230,2023-08-29 14:13:00,SHORT,19338.3,19333.35,9.03,2.212,174240,2023-08-29 14:23:00,19315.28,target,18.07,146.55,21.35,-4.1,1,True
174279,2023-08-29 15:02:00,LONG,19331.5,19334.0,8.54,1.414,174302,2023-08-29 15:25:00,19342.4,eod,8.4,-482.01,11.0,-3.5,1,False
174361,2023-08-30 10:09:00,LONG,19430.4,19431.9,5.61,1.365,174371,2023-08-30 10:19:00,19426.29,stop,-5.61,-1394.19,6.6,-6.8,1,True
174458,2023-08-30 11:46:00,SHORT,19427.45,19427.0,4.05,1.125,174465,2023-08-30 11:53:00,19431.05,stop,-4.05,-1292.8,0.9,-6.4,0,False
174513,2023-08-30 12:41:00,SHORT,19421.6,19420.9,3.73,1.231,174520,2023-08-30 12:48:00,19413.44,target,7.46,-544.42,7.55,-1.9,3,True
174624,2023-08-30 14:32:00,SHORT,19384.95,19383.55,6.15,1.295,174626,2023-08-30 14:34:00,19371.25,target,12.3,-229.0,17.25,-3.1,0,False
174695,2023-08-31 09:28:00,SHORT,19329.5,19321.6,15.9,1.987,174703,2023-08-31 09:36:00,19337.5,stop,-15.9,-2061.27,6.6,-16.4,1,True
174714,2023-08-31 09:47:00,LONG,19366.65,19369.0,11.15,1.267,174729,2023-08-31 10:02:00,19357.85,stop,-11.15,-1753.22,13.65,-12.95,0,False
174762,2023-08-31 10:35:00,SHORT,19314.4,19309.35,12.24,1.702,174795,2023-08-31 11:08:00,19284.87,target,24.48,563.63,26.9,-4.55,5,True
174820,2023-08-31 11:33:00,LONG,19313.9,19316.9,9.1,1.492,174831,2023-08-31 11:44:00,19307.8,stop,-9.1,-1618.98,3.1,-10.8,3,True
174870,2023-08-31 12:23:00,SHORT,19282.45,19277.4,11.7,1.76,174891,2023-08-31 12:44:00,19289.1,stop,-11.7,-1787.25,5.8,-14.8,3,True
174918,2023-08-31 13:11:00,SHORT,19280.3,19272.0,14.37,2.367,174940,2023-08-31 13:33:00,19286.37,stop,-14.37,-1961.02,7.0,-14.7,0,False
174943,2023-08-31 13:36:00,LONG,19297.8,19299.0,6.98,1.207,174954,2023-08-31 13:47:00,19292.02,stop,-6.98,-1481.14,9.6,-7.65,1,True
174978,2023-08-31 14:11:00,SHORT,19277.7,19276.35,7.08,1.236,174997,2023-08-31 14:30:00,19262.19,target,14.16,-106.23,15.3,-5.2,0,False
175030,2023-08-31 15:03:00,SHORT,19256.55,19251.2,13.48,1.658,175042,2023-08-31 15:15:00,19264.68,stop,-13.48,-1902.68,14.9,-15.0,0,False
175179,2023-09-01 11:17:00,LONG,19428.25,19429.15,7.31,1.14,175189,2023-09-01 11:27:00,19421.84,stop,-7.31,-1504.68,5.8,-7.65,2,False
175237,2023-09-01 12:15:00,SHORT,19416.0,19415.6,4.21,1.105,175240,2023-09-01 12:18:00,19407.18,target,8.42,-481.82,10.3,-3.0,1,True
175258,2023-09-01 12:36:00,LONG,19435.0,19445.95,16.59,2.941,175282,2023-09-01 13:00:00,19479.14,target,33.19,1126.75,51.0,-1.0,0,False
175342,2023-09-01 14:00:00,LONG,19504.65,19512.0,13.44,2.207,175394,2023-09-01 14:52:00,19498.56,stop,-13.44,-1904.15,16.6,-14.0,1,True
175539,2023-09-04 11:02:00,LONG,19534.9,19538.85,10.79,1.578,175552,2023-09-04 11:15:00,19560.42,target,21.57,370.56,24.65,-3.0,0,False
175588,2023-09-04 11:51:00,LONG,19560.0,19561.8,7.75,1.303,175612,2023-09-04 12:15:00,19577.3,target,15.5,-24.79,18.2,-4.7,4,True
175702,2023-09-04 13:45:00,SHORT,19592.0,19590.0,6.94,1.405,175707,2023-09-04 13:50:00,19596.94,stop,-6.94,-1483.14,3.6,-7.9,0,False
175760,2023-09-04 14:43:00,LONG,19603.0,19608.5,11.11,1.98,175802,2023-09-04 15:25:00,19609.3,eod,0.8,-980.6,12.4,-7.25,2,True
175830,2023-09-05 09:38:00,LONG,19620.9,19623.0,8.4,1.333,175838,2023-09-05 09:46:00,19639.8,target,16.8,58.97,19.45,-3.0,12,True
175922,2023-09-05 11:10:00,LONG,19642.4,19647.65,10.14,2.074,175936,2023-09-05 11:24:00,19637.51,stop,-10.14,-1692.11,6.75,-11.1,4,True
176003,2023-09-05 12:31:00,SHORT,19627.75,19624.35,8.71,1.64,176014,2023-09-05 12:42:00,19606.93,target,17.42,99.72,19.35,-4.45,0,False
176052,2023-09-05 13:20:00,SHORT,19609.8,19606.75,7.95,1.622,176062,2023-09-05 13:30:00,19614.7,stop,-7.95,-1549.39,10.35,-9.25,0,False
176081,2023-09-05 13:49:00,LONG,19625.55,19625.6,4.47,1.011,176083,2023-09-05 13:51:00,19621.13,stop,-4.47,-1323.18,0.0,-5.6,0,False
176188,2023-09-06 09:21:00,SHORT,19622.05,19620.6,8.57,1.204,176193,2023-09-06 09:26:00,19629.17,stop,-8.57,-1590.11,3.35,-13.1,0,False
176323,2023-09-06 11:36:00,SHORT,19624.0,19623.0,5.29,1.233,176329,2023-09-06 11:42:00,19612.42,target,10.58,-345.04,11.35,-1.95,9,True
176384,2023-09-06 12:37:00,SHORT,19607.05,19606.5,5.54,1.11,176386,2023-09-06 12:39:00,19595.42,target,11.08,-312.36,14.55,-2.05,2,True
176388,2023-09-06 12:41:00,SHORT,19580.0,19575.25,11.41,1.714,176485,2023-09-06 14:18:00,19586.66,stop,-11.41,-1773.39,19.15,-12.75,11,True
176527,2023-09-06 15:00:00,LONG,19620.0,19631.65,18.22,2.774,176534,2023-09-06 15:07:00,19668.09,target,36.44,1334.92,38.15,0.0,1,True
176662,2023-09-07 11:00:00,LONG,19672.4,19675.4,8.14,1.583,176667,2023-09-07 11:05:00,19667.26,stop,-8.14,-1562.92,2.6,-9.65,4,True
176750,2023-09-07 12:28:00,SHORT,19659.85,19655.0,9.68,2.004,176756,2023-09-07 12:34:00,19664.68,stop,-9.68,-1662.55,3.0,-13.0,3,False
176769,2023-09-07 12:47:00,LONG,19670.0,19676.4,11.16,2.346,176776,2023-09-07 12:54:00,19665.24,stop,-11.16,-1758.76,7.6,-13.85,9,True
176821,2023-09-07 13:39:00,LONG,19688.9,19692.6,9.27,1.664,176842,2023-09-07 14:00:00,19711.14,target,18.54,170.7,20.45,-2.6,2,True
177058,2023-09-08 11:21:00,LONG,19819.7,19822.0,9.54,1.318,177070,2023-09-08 11:33:00,19841.07,target,19.07,203.35,23.35,-2.4,0,False
177135,2023-09-08 12:38:00,LONG,19883.8,19887.9,8.8,1.872,177144,2023-09-08 12:47:00,19879.1,stop,-8.8,-1609.36,6.45,-10.9,1,True
177163,2023-09-08 13:06:00,SHORT,19861.95,19861.6,6.01,1.062,177165,2023-09-08 13:08:00,19867.61,stop,-6.01,-1427.39,1.6,-11.05,1,True
177231,2023-09-08 14:14:00,LONG,19894.95,19896.55,7.25,1.283,177236,2023-09-08 14:19:00,19911.05,target,14.5,-95.02,18.45,-3.3,1,True
177261,2023-09-08 14:44:00,SHORT,19866.5,19865.75,8.96,1.091,177262,2023-09-08 14:45:00,19874.71,stop,-8.96,-1619.18,0.0,-9.2,0,False
177421,2023-09-11 11:09:00,SHORT,19971.2,19970.0,6.79,1.215,177424,2023-09-11 11:12:00,19976.79,stop,-6.79,-1479.87,1.85,-7.7,0,False
177428,2023-09-11 11:16:00,LONG,19991.85,19994.75,9.04,1.472,177450,2023-09-11 11:38:00,19985.0,stop_gap,-9.75,-1672.81,11.25,-9.75,0,False
177569,2023-09-11 13:37:00,LONG,20018.15,20019.0,5.6,1.179,177570,2023-09-11 13:38:00,20013.4,stop,-5.6,-1403.74,0.85,-8.0,1,True
177571,2023-09-11 13:39:00,SHORT,20005.0,20000.9,10.51,1.64,177584,2023-09-11 13:52:00,20011.41,stop,-10.51,-1722.51,12.1,-13.1,7,False
177618,2023-09-11 14:26:00,LONG,20019.85,20022.7,8.71,1.486,177632,2023-09-11 14:40:00,20013.99,stop,-8.71,-1605.95,3.3,-11.7,2,True
177719,2023-09-12 09:52:00,SHORT,20006.7,20000.75,19.6,1.436,177726,2023-09-12 09:59:00,20020.35,stop,-19.6,-2313.66,27.45,-31.5,1,True
177819,2023-09-12 11:32:00,LONG,20073.6,20074.7,8.01,1.159,177822,2023-09-12 11:35:00,20066.69,stop,-8.01,-1560.93,3.3,-8.75,2,True
178000,2023-09-12 14:33:00,LONG,20069.95,20072.0,9.37,1.28,178002,2023-09-12 14:35:00,20062.63,stop,-9.37,-1649.5,5.3,-10.65,0,False
178016,2023-09-12 14:49:00,SHORT,20034.5,20032.7,10.36,1.21,178017,2023-09-12 14:50:00,20043.06,stop,-10.36,-1713.4,4.85,-11.25,2,True
178129,2023-09-13 10:27:00,LONG,20046.35,20047.65,8.36,1.184,178130,2023-09-13 10:28:00,20039.29,stop,-8.36,-1583.17,0.8,-8.65,0,False
178166,2023-09-13 11:04:00,LONG,20049.6,20050.75,7.06,1.195,178175,2023-09-13 11:13:00,20064.87,target,14.12,-122.87,15.2,0.0,1,True
178382,2023-09-13 14:40:00,LONG,20143.8,20144.05,5.52,1.047,178385,2023-09-13 14:43:00,20138.53,stop,-5.52,-1400.18,1.95,-11.05,0,False
178403,2023-09-13 15:01:00,SHORT,20131.75,20130.05,7.67,1.285,178418,2023-09-13 15:16:00,20114.71,target,15.34,-44.64,17.05,-3.95,3,False
178575,2023-09-14 11:38:00,SHORT,20126.35,20121.25,10.74,1.904,178588,2023-09-14 11:51:00,20131.99,stop,-10.74,-1739.74,7.15,-14.7,0,False
178627,2023-09-14 12:30:00,SHORT,20112.0,20108.5,10.05,1.534,178640,2023-09-14 12:43:00,20118.55,stop,-10.05,-1694.74,13.5,-16.2,0,False
178721,2023-09-14 14:04:00,SHORT,20112.5,20108.5,9.8,1.689,178729,2023-09-14 14:12:00,20118.3,stop,-9.8,-1678.41,8.5,-15.4,2,True
178903,2023-09-15 10:51:00,LONG,20220.0,20220.95,5.88,1.193,178911,2023-09-15 10:59:00,20232.72,target,11.77,-278.47,14.0,-3.75,2,False
178975,2023-09-15 12:03:00,LONG,20250.0,20253.2,7.02,1.838,178987,2023-09-15 12:15:00,20246.18,stop,-7.02,-1499.61,8.8,-8.2,0,False
179002,2023-09-15 12:30:00,SHORT,20235.85,20221.0,21.17,3.349,179059,2023-09-15 13:27:00,20242.17,stop,-21.17,-2419.31,15.65,-23.0,5,True
179152,2023-09-15 15:00:00,LONG,20262.0,20265.95,9.83,1.672,179160,2023-09-15 15:08:00,20256.12,stop,-9.83,-1682.55,4.05,-12.75,0,False
179176,2023-09-15 15:24:00,SHORT,20239.35,20238.95,4.34,1.101,179177,2023-09-15 15:25:00,20240.0,eod,-1.05,-1111.63,4.55,-1.05,1,True
179239,2023-09-18 10:12:00,LONG,20226.0,20227.0,6.94,1.168,179241,2023-09-18 10:14:00,20220.06,stop,-6.94,-1494.01,1.3,-9.45,3,True
179292,2023-09-18 11:05:00,SHORT,20207.25,20202.25,9.7,2.063,179295,2023-09-18 11:08:00,20211.95,stop,-9.7,-1673.43,4.0,-9.75,2,True
179306,2023-09-18 11:19:00,LONG,20220.95,20224.65,8.91,1.71,179361,2023-09-18 12:14:00,20215.74,stop,-8.91,-1622.39,9.1,-10.7,0,False
179438,2023-09-18 13:31:00,SHORT,20214.0,20212.0,6.06,1.493,179439,2023-09-18 13:32:00,20218.06,stop,-6.06,-1436.54,0.25,-6.75,0,False
179447,2023-09-18 13:40:00,SHORT,20205.55,20204.5,5.53,1.234,179448,2023-09-18 13:41:00,20210.03,stop,-5.53,-1402.25,2.95,-6.4,0,False
179455,2023-09-18 13:48:00,SHORT,20200.75,20199.25,6.68,1.29,179476,2023-09-18 14:09:00,20205.93,stop,-6.68,-1476.87,8.9,-6.7,0,False
179495,2023-09-18 14:28:00,SHORT,20190.05,20188.4,5.38,1.442,179497,2023-09-18 14:30:00,20193.78,stop,-5.38,-1392.44,1.0,-11.55,0,False
179540,2023-09-18 15:13:00,SHORT,20180.0,20176.0,9.63,1.71,179552,2023-09-18 15:25:00,20173.25,eod,2.75,-863.54,13.65,-6.0,1,True
179628,2023-09-20 10:26:00,SHORT,20011.05,20010.45,6.96,1.094,179630,2023-09-20 10:28:00,20017.41,stop,-6.96,-1492.19,0.45,-7.75,0,False
179710,2023-09-20 11:48:00,SHORT,20004.1,20003.0,6.58,1.201,179722,2023-09-20 12:00:00,20009.58,stop,-6.58,-1467.22,11.85,-8.95,0,False
179760,2023-09-20 12:38:00,LONG,20027.9,20029.4,6.37,1.308,179763,2023-09-20 12:41:00,20023.03,stop,-6.37,-1453.86,0.0,-7.0,1,True
180036,2023-09-21 10:59:00,SHORT,19775.0,19771.2,7.82,1.946,180042,2023-09-21 11:05:00,19779.02,stop,-7.82,-1543.41,4.65,-26.05,0,False
180095,2023-09-21 11:58:00,LONG,19787.7,19788.45,5.64,1.153,180098,2023-09-21 12:01:00,19782.81,stop,-5.64,-1402.11,1.4,-10.5,0,False
180121,2023-09-21 12:24:00,SHORT,19762.05,19761.15,6.32,1.166,180124,2023-09-21 12:27:00,19767.47,stop,-6.32,-1445.86,0.1,-11.75,4,True
180170,2023-09-21 13:13:00,LONG,19781.6,19782.35,5.69,1.152,180177,2023-09-21 13:20:00,19793.73,target,11.38,-296.34,12.15,-0.35,0,False
180243,2023-09-21 14:26:00,SHORT,19760.2,19753.6,12.12,2.195,180245,2023-09-21 14:28:00,19765.72,stop,-12.12,-1823.1,5.6,-12.75,4,True
180311,2023-09-22 09:19:00,LONG,19793.4,19804.0,18.62,2.321,180320,2023-09-22 09:28:00,19785.38,stop,-18.62,-2246.11,10.4,-21.85,1,True
180344,2023-09-22 09:52:00,SHORT,19749.75,19742.95,16.45,1.705,180351,2023-09-22 09:59:00,19710.06,target,32.89,1103.3,42.95,-3.05,6,True
180437,2023-09-22 11:25:00,SHORT,19785.05,19771.65,20.41,2.912,180462,2023-09-22 11:50:00,19792.06,stop,-20.41,-2362.06,6.65,-23.35,1,True
180468,2023-09-22 11:56:00,LONG,19800.0,19803.0,9.34,1.473,180473,2023-09-22 12:01:00,19821.67,target,18.67,177.66,20.4,-2.8,0,False
180598,2023-09-22 14:06:00,LONG,19739.0,19740.0,9.15,1.123,180604,2023-09-22 14:12:00,19730.84,stop,-9.15,-1629.78,7.65,-10.0,3,True
180652,2023-09-22 15:00:00,SHORT,19710.35,19709.0,9.88,1.158,180653,2023-09-22 15:01:00,19718.88,stop,-9.88,-1676.7,6.25,-14.85,0,False
180734,2023-09-25 10:07:00,SHORT,19665.0,19664.6,10.58,1.039,180742,2023-09-25 10:15:00,19643.45,target,21.15,341.29,21.35,-8.9,2,True
180840,2023-09-25 11:53:00,LONG,19661.95,19671.95,16.1,2.64,180867,2023-09-25 12:20:00,19704.15,target,32.2,1058.62,32.2,-6.95,2,True
180870,2023-09-25 12:23:00,LONG,19713.0,19713.1,6.75,1.015,180872,2023-09-25 12:25:00,19726.6,target,13.5,-157.06,13.9,-2.1,0,False
181094,2023-09-26 09:52:00,LONG,19699.0,19700.05,9.74,1.121,181096,2023-09-26 09:54:00,19690.31,stop,-9.74,-1667.14,0.3,-12.95,0,False
181105,2023-09-26 10:03:00,LONG,19705.0,19709.0,11.97,1.502,181117,2023-09-26 10:15:00,19697.03,stop,-11.97,-1812.04,10.8,-19.4,2,True
181253,2023-09-26 12:31:00,SHORT,19676.85,19676.2,5.57,1.132,181254,2023-09-26 12:32:00,19681.77,stop,-5.57,-1395.95,0.25,-6.2,1,True
181258,2023-09-26 12:36:00,SHORT,19670.0,19660.55,15.28,2.622,181296,2023-09-26 13:14:00,19675.83,stop,-15.28,-2026.55,18.25,-15.65,6,True
181317,2023-09-26 13:35:00,LONG,19689.45,19692.55,9.33,1.498,181336,2023-09-26 13:54:00,19683.22,stop,-9.33,-1640.13,5.8,-9.9,2,True
181404,2023-09-26 15:02:00,SHORT,19670.6,19665.6,11.34,1.789,181409,2023-09-26 15:07:00,19676.94,stop,-11.34,-1770.62,0.6,-14.3,0,False
181476,2023-09-27 09:59:00,SHORT,19596.0,19594.4,8.44,1.234,181478,2023-09-27 10:01:00,19577.52,target,16.88,64.89,28.4,0.0,1,True
181518,2023-09-27 10:41:00,LONG,19562.0,19565.1,9.3,1.5,181537,2023-09-27 11:00:00,19583.7,target,18.6,176.73,20.95,-5.0,0,False
181646,2023-09-27 12:49:00,LONG,19667.85,19668.25,6.45,1.066,181647,2023-09-27 12:50:00,19661.8,stop,-6.45,-1452.85,0.0,-8.0,0,False
181663,2023-09-27 13:06:00,LONG,19671.95,19675.2,9.35,1.533,181686,2023-09-27 13:29:00,19693.9,target,18.7,181.29,19.6,-4.2,0,False
181689,2023-09-27 13:32:00,LONG,19699.1,19700.0,6.91,1.15,181692,2023-09-27 13:35:00,19713.83,target,13.83,-135.44,14.0,0.0,5,True
181759,2023-09-27 14:42:00,LONG,19709.0,19710.15,6.86,1.202,181761,2023-09-27 14:44:00,19723.86,target,13.71,-143.28,21.85,-1.85,0,False
181821,2023-09-28 09:29:00,SHORT,19703.65,19698.0,13.93,1.682,181831,2023-09-28 09:39:00,19670.13,target,27.87,777.3,29.35,-6.2,1,True
181926,2023-09-28 11:14:00,SHORT,19645.0,19642.0,10.99,1.375,181935,2023-09-28 11:23:00,19620.01,target,21.99,396.01,25.35,-8.3,3,True
181941,2023-09-28 11:29:00,SHORT,19616.35,19614.0,10.64,1.283,181943,2023-09-28 11:31:00,19624.64,stop,-10.64,-1724.35,0.3,-13.4,0,False
181998,2023-09-28 12:26:00,SHORT,19605.0,19602.5,9.49,1.358,182031,2023-09-28 12:59:00,19611.99,stop,-9.49,-1649.33,17.05,-11.45,0,False
182095,2023-09-28 14:03:00,SHORT,19546.2,19542.2,12.76,1.457,182108,2023-09-28 14:16:00,19554.96,stop,-12.76,-1860.77,8.2,-13.55,1,True
182153,2023-09-28 15:01:00,SHORT,19535.0,19533.7,8.72,1.175,182158,2023-09-28 15:06:00,19516.26,target,17.44,102.36,18.55,-7.5,3,True
182279,2023-09-29 10:52:00,SHORT,19660.9,19656.0,11.8,1.71,182288,2023-09-29 11:01:00,19667.8,stop,-11.8,-1800.5,1.0,-15.0,1,True
182382,2023-09-29 12:35:00,LONG,19759.85,19760.45,6.41,1.103,182385,2023-09-29 12:38:00,19754.04,stop,-6.41,-1451.86,1.1,-6.6,4,False
182429,2023-09-29 13:22:00,SHORT,19738.85,19737.0,7.73,1.315,182430,2023-09-29 13:23:00,19744.73,stop,-7.73,-1537.26,0.0,-11.85,0,False
182444,2023-09-29 13:37:00,LONG,19763.0,19769.0,12.11,1.982,182450,2023-09-29 13:43:00,19756.89,stop,-12.11,-1822.47,0.0,-16.45,1,True
182528,2023-09-29 15:01:00,SHORT,19735.35,19731.35,11.53,1.531,182534,2023-09-29 15:07:00,19708.3,target,23.05,463.86,24.35,-2.65,0,False
182647,2023-10-03 10:45:00,SHORT,19562.3,19562.1,7.58,1.027,182653,2023-10-03 10:51:00,19569.68,stop,-7.58,-1524.63,5.75,-9.9,1,True
182678,2023-10-03 11:16:00,LONG,19577.3,19578.0,6.13,1.129,182684,2023-10-03 11:22:00,19571.87,stop,-6.13,-1430.25,0.45,-8.0,0,False
182721,2023-10-03 11:59:00,SHORT,19563.15,19561.6,7.32,1.269,182727,2023-10-03 12:05:00,19568.92,stop,-7.32,-1507.66,1.55,-10.4,5,True
182792,2023-10-03 13:10:00,LONG,19595.0,19603.1,14.23,2.321,182798,2023-10-03 13:16:00,19588.87,stop,-14.23,-1957.22,1.5,-15.25,1,True
182827,2023-10-03 13:45:00,LONG,19604.8,19606.95,7.31,1.416,182840,2023-10-03 13:58:00,19599.64,stop,-7.31,-1507.93,7.95,-8.95,0,False
182851,2023-10-03 14:09:00,SHORT,19570.6,19569.05,8.16,1.235,182853,2023-10-03 14:11:00,19577.21,stop,-8.16,-1562.17,2.45,-8.2,0,False
182902,2023-10-03 15:00:00,LONG,19584.25,19584.9,6.03,1.121,182905,2023-10-03 15:03:00,19578.87,stop,-6.03,-1424.18,4.0,-12.25,0,False
182965,2023-10-04 09:48:00,LONG,19438.5,19440.3,8.85,1.255,182972,2023-10-04 09:55:00,19431.45,stop,-8.85,-1604.61,4.3,-11.95,0,False
183078,2023-10-04 11:41:00,SHORT,19422.75,19421.4,6.51,1.262,183085,2023-10-04 11:48:00,19408.39,target,13.01,-183.69,16.3,-5.35,0,False
183130,2023-10-04 12:33:00,SHORT,19380.2,19377.0,9.02,1.55,183132,2023-10-04 12:35:00,19386.02,stop,-9.02,-1614.84,2.0,-9.25,3,True
183244,2023-10-04 14:27:00,LONG,19430.1,19433.55,10.46,1.492,183250,2023-10-04 14:33:00,19423.09,stop,-10.46,-1709.2,3.45,-11.85,0,False
183258,2023-10-04 14:41:00,LONG,19437.0,19447.95,17.98,2.557,183277,2023-10-04 15:00:00,19429.97,stop,-17.98,-2198.45,16.05,-20.55,1,True
183280,2023-10-04 15:03:00,LONG,19462.85,19465.0,11.12,1.24,183302,2023-10-04 15:25:00,19475.0,eod,10.0,-380.28,13.0,-5.0,2,False
183404,2023-10-05 10:52:00,LONG,19574.6,19577.8,11.45,1.388,183409,2023-10-05 10:57:00,19600.71,target,22.91,456.5,27.6,-2.8,2,True
183587,2023-10-05 13:55:00,SHORT,19576.0,19574.2,6.59,1.376,183590,2023-10-05 13:58:00,19580.79,stop,-6.59,-1460.3,0.15,-10.15,1,True
183716,2023-10-06 09:49:00,LONG,19634.75,19645.0,17.44,2.425,183730,2023-10-06 10:03:00,19627.56,stop,-17.44,-2166.75,3.8,-19.4,0,False
183868,2023-10-06 12:21:00,SHORT,19642.3,19642.0,4.25,1.076,183870,2023-10-06 12:23:00,19646.25,stop,-4.25,-1309.31,7.0,-10.0,1,True
183934,2023-10-06 13:27:00,LONG,19677.15,19680.0,6.86,1.71,183940,2023-10-06 13:33:00,19673.14,stop,-6.86,-1479.87,2.5,-10.0,1,True
183989,2023-10-06 14:22:00,SHORT,19666.2,19664.8,6.81,1.259,183994,2023-10-06 14:27:00,19671.61,stop,-6.81,-1476.22,1.7,-7.8,0,False
184046,2023-10-06 15:19:00,SHORT,19675.4,19674.1,6.08,1.272,184051,2023-10-06 15:24:00,19680.18,stop,-6.08,-1428.7,3.75,-6.9,6,False
184058,2023-10-09 09:16:00,SHORT,19553.3,19552.75,14.36,1.04,184062,2023-10-09 09:20:00,19524.02,target,28.73,835.68,30.8,0.0,1,True
184141,2023-10-09 10:39:00,SHORT,19588.05,19580.45,15.2,2.001,184149,2023-10-09 10:47:00,19595.65,stop,-15.2,-2019.84,7.8,-16.1,3,True
184315,2023-10-09 13:33:00,LONG,19549.7,19552.65,9.55,1.447,184319,2023-10-09 13:37:00,19543.1,stop,-9.55,-1652.56,3.35,-11.05,0,False
184359,2023-10-09 14:17:00,SHORT,19534.0,19533.05,7.13,1.154,184364,2023-10-09 14:22:00,19540.18,stop,-7.13,-1494.84,6.6,-9.05,3,True
184369,2023-10-09 14:27:00,LONG,19550.1,19550.2,5.84,1.017,184370,2023-10-09 14:28:00,19561.88,target,11.68,-272.83,13.8,-0.2,2,True
184414,2023-10-09 15:12:00,SHORT,19545.0,19542.75,8.0,1.391,184427,2023-10-09 15:25:00,19531.0,eod,11.75,-267.68,11.75,-2.2,5,True
184468,2023-10-10 09:51:00,LONG,19638.95,19644.6,11.94,1.898,184470,2023-10-10 09:53:00,19632.66,stop,-11.94,-1809.29,2.85,-12.5,0,False
184576,2023-10-10 11:39:00,SHORT,19650.0,19649.3,4.83,1.17,184577,2023-10-10 11:40:00,19654.13,stop,-4.83,-1347.09,0.0,-4.9,0,False
184608,2023-10-10 12:11:00,LONG,19668.65,19669.85,4.92,1.323,184620,2023-10-10 12:23:00,19679.69,target,9.84,-394.28,26.15,-2.9,9,True
184686,2023-10-10 13:29:00,LONG,19721.75,19721.9,5.12,1.03,184692,2023-10-10 13:35:00,19732.15,target,10.25,-368.66,10.6,-2.8,1,True
184861,2023-10-11 10:09:00,SHORT,19838.45,19832.8,11.23,2.012,184867,2023-10-11 10:15:00,19844.03,stop,-11.23,-1766.43,4.65,-13.2,0,False
184990,2023-10-11 12:18:00,SHORT,19837.8,19833.95,8.98,1.75,184993,2023-10-11 12:21:00,19842.93,stop,-8.98,-1620.48,1.1,-9.05,1,True
185086,2023-10-11 13:54:00,SHORT,19836.0,19831.5,9.03,1.994,185106,2023-10-11 14:14:00,19840.53,stop,-9.03,-1623.29,6.5,-9.5,0,False
185123,2023-10-11 14:31:00,LONG,19850.0,19851.0,5.11,1.244,185127,2023-10-11 14:35:00,19845.89,stop,-5.11,-1368.52,4.0,-5.4,1,True
185135,2023-10-11 14:43:00,LONG,19865.0,19865.15,4.59,1.034,185137,2023-10-11 14:45:00,19860.56,stop,-4.59,-1335.33,2.25,-5.15,1,True
185214,2023-10-12 09:47:00,SHORT,19831.7,19827.45,11.39,1.595,185227,2023-10-12 10:00:00,19804.67,target,22.78,444.17,24.35,0.0,0,False
185340,2023-10-12 11:53:00,LONG,19859.0,19859.9,4.68,1.238,185366,2023-10-12 12:19:00,19854.7,stop_gap,-5.2,-1374.81,9.1,-7.55,2,False
185389,2023-10-12 12:42:00,SHORT,19851.4,19851.05,2.92,1.136,185390,2023-10-12 12:43:00,19853.97,stop,-2.92,-1226.76,6.0,-5.7,0,False
185397,2023-10-12 12:50:00,LONG,19858.8,19861.2,5.87,1.692,185402,2023-10-12 12:55:00,19855.33,stop,-5.87,-1418.34,3.7,-6.55,1,True
185419,2023-10-12 13:12:00,SHORT,19840.05,19839.75,4.03,1.08,185420,2023-10-12 13:13:00,19843.78,stop,-4.03,-1298.37,0.0,-4.25,0,False
185438,2023-10-12 13:31:00,LONG,19850.0,19853.05,6.65,1.846,185463,2023-10-12 13:56:00,19846.4,stop,-6.65,-1469.24,7.4,-7.95,0,False
185500,2023-10-12 14:33:00,LONG,19860.45,19860.85,3.48,1.13,185505,2023-10-12 14:38:00,19857.37,stop,-3.48,-1262.83,4.15,-4.7,3,True
185528,2023-10-12 15:01:00,SHORT,19841.45,19839.15,6.19,1.591,185534,2023-10-12 15:07:00,19845.34,stop,-6.19,-1438.91,7.15,-7.35,2,True
185648,2023-10-13 10:46:00,SHORT,19692.15,19688.0,8.87,1.879,185653,2023-10-13 10:51:00,19696.87,stop,-8.87,-1610.7,0.0,-9.5,0,False
185842,2023-10-13 14:00:00,LONG,19766.0,19770.0,8.55,1.878,185857,2023-10-13 14:15:00,19787.11,target,17.11,76.41,24.7,-7.15,1,True
185936,2023-10-16 09:19:00,SHORT,19701.55,19696.6,13.08,1.609,185940,2023-10-16 09:23:00,19709.68,stop,-13.08,-1884.19,3.4,-17.9,1,True
186021,2023-10-16 10:44:00,LONG,19768.95,19769.4,6.28,1.077,186024,2023-10-16 10:47:00,19763.12,stop,-6.28,-1443.26,0.2,-7.4,0,False
186049,2023-10-16 11:12:00,SHORT,19748.3,19739.85,14.87,2.317,186051,2023-10-16 11:14:00,19754.72,stop,-14.87,-2001.2,0.0,-15.3,0,False
186137,2023-10-16 12:40:00,SHORT,19772.6,19770.0,7.2,1.565,186142,2023-10-16 12:45:00,19777.2,stop,-7.2,-1503.53,9.95,-8.2,0,False
186275,2023-10-16 14:58:00,SHORT,19761.6,19760.6,5.63,1.216,186278,2023-10-16 15:01:00,19766.25,stop_gap,-5.65,-1402.46,10.6,-6.4,5,True
186403,2023-10-17 10:51:00,LONG,19845.0,19849.4,8.7,2.022,186410,2023-10-17 10:58:00,19840.7,stop,-8.7,-1602.29,1.8,-9.4,1,True
186458,2023-10-17 11:46:00,SHORT,19834.3,19833.7,3.69,1.194,186459,2023-10-17 11:47:00,19837.39,stop,-3.69,-1276.18,1.7,-4.3,3,True
186521,2023-10-17 12:49:00,LONG,19847.6,19849.9,5.08,1.827,186525,2023-10-17 12:53:00,19844.82,stop,-5.08,-1366.93,2.8,-6.35,5,True
186593,2023-10-17 14:01:00,SHORT,19817.0,19814.6,6.93,1.53,186601,2023-10-17 14:09:00,19800.75,target,13.85,-135.75,18.85,-1.3,0,False
186636,2023-10-17 14:44:00,LONG,19797.0,19798.0,6.31,1.188,186656,2023-10-17 15:04:00,19810.63,target,12.63,-215.28,14.0,-6.1,2,True
186777,2023-10-18 10:50:00,SHORT,19777.1,19771.15,13.58,1.78,186799,2023-10-18 11:12:00,19744.0,target,27.15,729.52,33.0,-11.2,3,True
186921,2023-10-18 13:14:00,LONG,19730.6,19732.8,7.93,1.384,186926,2023-10-18 13:19:00,19724.87,stop,-7.93,-1550.05,1.1,-15.15,1,True
187036,2023-10-18 15:09:00,SHORT,19693.0,19688.05,11.78,1.724,187052,2023-10-18 15:25:00,19674.55,eod,13.5,-156.41,14.05,-1.55,6,True
187076,2023-10-19 09:34:00,SHORT,19547.4,19544.0,11.34,1.428,187082,2023-10-19 09:40:00,19555.34,stop,-11.34,-1768.43,13.95,-11.9,0,False
187162,2023-10-19 11:00:00,SHORT,19550.4,19548.0,8.37,1.402,187165,2023-10-19 11:03:00,19556.37,stop,-8.37,-1575.39,2.15,-13.05,1,True
187188,2023-10-19 11:26:00,LONG,19586.6,19588.5,8.21,1.301,187189,2023-10-19 11:27:00,19604.92,target,16.42,34.58,20.5,0.0,0,False
187231,2023-10-19 12:09:00,LONG,19640.0,19647.5,13.89,2.173,187244,2023-10-19 12:22:00,19633.61,stop,-13.89,-1936.13,8.4,-17.25,0,False
187299,2023-10-19 13:17:00,SHORT,19622.5,19622.2,6.61,1.048,187302,2023-10-19 13:20:00,19608.98,target,13.22,-173.72,16.2,-2.7,0,False
187324,2023-10-19 13:42:00,LONG,19637.8,19637.95,5.76,1.027,187339,2023-10-19 13:57:00,19649.46,target,11.51,-284.91,14.4,-4.75,0,False
187345,2023-10-19 14:03:00,LONG,19652.35,19659.0,12.84,2.074,187356,2023-10-19 14:14:00,19646.16,stop,-12.84,-1867.98,10.95,-17.4,0,False
187475,2023-10-20 09:58:00,SHORT,19545.85,19542.25,11.49,1.456,187479,2023-10-20 10:02:00,19553.74,stop,-11.49,-1778.08,5.6,-22.55,2,True
187525,2023-10-20 10:48:00,LONG,19554.85,19560.1,11.96,1.783,187529,2023-10-20 10:52:00,19548.14,stop,-11.96,-1808.84,4.9,-15.3,1,True
187578,2023-10-20 11:41:00,SHORT,19543.4,19542.55,5.54,1.181,187581,2023-10-20 11:44:00,19531.47,target,11.08,-311.2,15.6,-1.2,0,False
187608,2023-10-20 12:11:00,LONG,19533.0,19542.55,15.95,2.492,187634,2023-10-20 12:37:00,19526.6,stop,-15.95,-2068.04,6.45,-19.35,0,False
187739,2023-10-20 14:22:00,LONG,19539.9,19541.05,6.3,1.223,187741,2023-10-20 14:24:00,19534.75,stop,-6.3,-1440.76,0.0,-7.05,5,True
187826,2023-10-23 09:34:00,SHORT,19517.0,19516.25,7.38,1.113,187836,2023-10-23 09:44:00,19523.63,stop,-7.38,-1510.63,5.25,-7.4,19,True
187860,2023-10-23 10:08:00,SHORT,19510.0,19508.05,7.58,1.346,187861,2023-10-23 10:09:00,19492.89,target,15.16,-45.21,21.8,-0.95,0,False
187935,2023-10-23 11:23:00,SHORT,19450.0,19445.05,10.06,1.968,187958,2023-10-23 11:46:00,19424.93,target,20.12,278.36,25.2,-8.55,2,True
187971,2023-10-23 11:59:00,LONG,19453.6,19457.65,10.58,1.621,187975,2023-10-23 12:03:00,19447.07,stop,-10.58,-1717.33,1.35,-10.6,3,True
188034,2023-10-23 13:02:00,SHORT,19427.0,19420.3,12.73,2.111,188039,2023-10-23 13:07:00,19433.03,stop,-12.73,-1856.83,3.5,-14.4,1,True
188044,2023-10-23 13:12:00,SHORT,19416.8,19416.0,7.33,1.123,188046,2023-10-23 13:14:00,19423.33,stop,-7.33,-1505.58,0.0,-8.35,0,False
188276,2023-10-25 10:49:00,SHORT,19274.0,19271.0,11.13,1.369,188278,2023-10-25 10:51:00,19282.13,stop,-11.13,-1750.61,13.55,-14.05,0,False
188311,2023-10-25 11:24:00,SHORT,19256.85,19256.05,9.23,1.095,188318,2023-10-25 11:31:00,19237.58,target,18.47,173.85,20.05,-5.95,0,False
188793,2023-10-26 13:11:00,LONG,18888.65,18901.8,21.02,2.671,188805,2023-10-26 13:23:00,18880.78,stop,-21.02,-2386.46,1.65,-26.25,2,True
188807,2023-10-26 13:25:00,SHORT,18852.35,18852.05,10.21,1.03,188808,2023-10-26 13:26:00,18862.26,stop,-10.21,-1683.02,1.15,-11.2,1,True
188888,2023-10-26 14:46:00,LONG,18872.45,18873.95,7.54,1.248,188892,2023-10-26 14:50:00,18889.03,target,15.08,-40.31,15.75,-0.45,0,False
188909,2023-10-26 15:07:00,SHORT,18846.0,18843.0,10.48,1.401,188911,2023-10-26 15:09:00,18853.48,stop,-10.48,-1700.84,0.75,-10.75,2,True
189061,2023-10-27 11:24:00,LONG,19109.9,19128.0,25.89,3.322,189129,2023-10-27 12:32:00,19102.11,stop,-25.89,-2707.12,12.0,-31.1,1,True
189203,2023-10-27 13:46:00,LONG,19140.0,19147.2,13.32,2.177,189224,2023-10-27 14:07:00,19133.88,stop,-13.32,-1890.09,6.4,-15.1,1,True
189247,2023-10-27 14:30:00,LONG,19153.6,19157.9,9.53,1.822,189260,2023-10-27 14:43:00,19148.37,stop,-9.53,-1644.3,2.05,-10.65,0,False
189308,2023-10-30 09:16:00,SHORT,19077.6,19076.4,10.96,1.123,189310,2023-10-30 09:18:00,19087.36,stop,-10.96,-1735.72,6.35,-12.6,0,False
189322,2023-10-30 09:30:00,SHORT,19056.4,19053.25,14.61,1.275,189335,2023-10-30 09:43:00,19024.03,target,29.22,876.41,33.25,0.0,0,False
189397,2023-10-30 10:45:00,LONG,19148.45,19149.45,9.54,1.117,189400,2023-10-30 10:48:00,19168.53,target,19.08,215.11,33.5,-2.35,0,False
189510,2023-10-30 12:38:00,LONG,19191.2,19193.0,9.67,1.229,189512,2023-10-30 12:40:00,19183.33,stop,-9.67,-1653.88,2.0,-11.8,0,False
189564,2023-10-30 13:32:00,LONG,19216.0,19223.0,13.36,2.101,189575,2023-10-30 13:43:00,19209.64,stop,-13.36,-1894.06,4.5,-15.9,0,False
189636,2023-10-30 14:44:00,LONG,19207.0,19209.6,8.18,1.466,189656,2023-10-30 15:04:00,19225.97,target,16.37,37.97,18.65,-7.3,0,False
189717,2023-10-31 09:50:00,SHORT,19178.4,19177.25,14.39,1.087,189719,2023-10-31 09:52:00,19191.64,stop,-14.39,-1960.92,2.45,-16.75,2,True
189736,2023-10-31 10:09:00,SHORT,19166.0,19163.0,14.37,1.264,189770,2023-10-31 10:43:00,19134.27,target,28.73,842.85,32.95,-10.55,0,False
189810,2023-10-31 11:23:00,LONG,19164.9,19174.4,18.54,2.05,189826,2023-10-31 11:39:00,19155.86,stop,-18.54,-2230.27,3.35,-21.9,1,False
189828,2023-10-31 11:41:00,SHORT,19145.95,19145.6,8.14,1.045,189836,2023-10-31 11:49:00,19129.32,target,16.28,33.78,18.55,-4.4,0,False
189973,2023-10-31 14:06:00,LONG,19168.25,19170.1,8.58,1.275,189983,2023-10-31 14:16:00,19187.26,target,17.16,89.84,18.05,-2.1,4,True
189985,2023-10-31 14:18:00,LONG,19198.0,19203.15,12.01,1.751,190000,2023-10-31 14:33:00,19227.17,target,24.02,535.43,24.35,-9.4,0,False
190237,2023-11-01 12:15:00,LONG,19134.3,19147.2,18.23,3.418,190240,2023-11-01 12:18:00,19128.97,stop,-18.23,-2209.67,2.3,-21.1,1,True
190258,2023-11-01 12:36:00,SHORT,19118.0,19115.05,8.91,1.495,190283,2023-11-01 13:01:00,19097.23,target,17.82,134.05,23.8,-1.45,0,False
190358,2023-11-01 14:16:00,SHORT,19080.0,19075.0,12.5,1.667,190399,2023-11-01 14:57:00,19087.5,stop,-12.5,-1836.09,10.0,-20.7,4,True
190455,2023-11-02 09:38:00,LONG,19234.55,19242.0,16.65,1.81,190465,2023-11-02 09:48:00,19225.35,stop,-16.65,-2108.08,4.0,-21.7,0,False
190528,2023-11-02 10:51:00,SHORT,19184.6,19182.0,7.11,1.576,190548,2023-11-02 11:11:00,19189.11,stop,-7.11,-1487.77,9.05,-7.9,0,False
190706,2023-11-02 13:49:00,LONG,19195.0,19195.25,4.94,1.053,190707,2023-11-02 13:50:00,19205.13,target,9.88,-383.16,14.75,0.0,0,False
190947,2023-11-03 11:35:00,SHORT,19320.0,19319.65,5.84,1.064,190950,2023-11-03 11:38:00,19325.49,stop,-5.84,-1407.25,0.0,-9.3,5,True
191074,2023-11-03 13:42:00,LONG,19339.15,19340.15,5.11,1.243,191075,2023-11-03 13:43:00,19335.04,stop,-5.11,-1360.35,0.0,-6.7,0,False
191079,2023-11-03 13:47:00,SHORT,19328.8,19326.0,7.18,1.639,191094,2023-11-03 14:02:00,19333.18,stop,-7.18,-1494.43,3.0,-7.25,1,True
191132,2023-11-03 14:40:00,SHORT,19310.85,19309.0,7.87,1.308,191138,2023-11-03 14:46:00,19293.27,target,15.73,-4.86,16.9,-7.0,0,False
191242,2023-11-06 10:15:00,LONG,19440.0,19455.05,20.8,3.619,191269,2023-11-06 10:42:00,19434.25,stop,-20.8,-2381.4,6.8,-20.85,4,True
191275,2023-11-06 10:48:00,SHORT,19430.3,19429.0,6.03,1.275,191288,2023-11-06 11:01:00,19416.93,target,12.07,-244.97,20.9,-1.3,2,True
191353,2023-11-06 12:06:00,LONG,19435.0,19437.85,7.33,1.636,191377,2023-11-06 12:30:00,19430.52,stop,-7.33,-1505.89,5.25,-9.35,5,True
191420,2023-11-06 13:13:00,LONG,19443.55,19445.35,5.8,1.45,191425,2023-11-06 13:18:00,19439.55,stop,-5.8,-1406.75,3.15,-7.65,1,False
191527,2023-11-06 15:00:00,LONG,19481.0,19486.5,10.37,2.129,191552,2023-11-06 15:25:00,19486.85,eod,0.35,-1007.76,3.85,-4.0,0,False
191605,2023-11-07 10:03:00,SHORT,19450.0,19447.5,7.98,1.456,191614,2023-11-07 10:12:00,19455.48,stop,-7.98,-1548.33,4.5,-10.0,6,True
191707,2023-11-07 11:45:00,SHORT,19432.0,19427.0,11.74,1.741,191741,2023-11-07 12:19:00,19438.74,stop,-11.74,-1792.93,12.0,-15.3,0,False
191846,2023-11-07 14:04:00,LONG,19487.75,19489.3,6.69,1.302,191850,2023-11-07 14:08:00,19482.61,stop,-6.69,-1465.35,0.6,-11.3,0,False
191880,2023-11-07 14:38:00,SHORT,19472.0,19466.1,10.31,2.339,191891,2023-11-07 14:49:00,19476.41,stop,-10.31,-1700.18,1.0,-12.8,0,False
192005,2023-11-08 10:28:00,SHORT,19498.0,19491.0,13.08,2.152,192014,2023-11-08 10:37:00,19504.08,stop,-13.08,-1880.49,11.0,-13.9,0,False
192047,2023-11-08 11:10:00,SHORT,19487.5,19483.2,8.99,1.918,192062,2023-11-08 11:25:00,19492.19,stop,-8.99,-1614.6,8.55,-9.9,3,True
192177,2023-11-08 13:20:00,LONG,19510.0,19514.7,8.37,2.28,192183,2023-11-08 13:26:00,19506.33,stop,-8.37,-1575.01,7.6,-9.35,3,True
192223,2023-11-08 14:06:00,SHORT,19505.35,19505.05,4.96,1.064,192224,2023-11-08 14:07:00,19510.01,stop,-4.96,-1353.19,0.4,-8.15,0,False
192248,2023-11-08 14:31:00,SHORT,19481.45,19478.05,8.98,1.609,192253,2023-11-08 14:36:00,19487.03,stop,-8.98,-1614.06,11.05,-10.05,0,False
192342,2023-11-09 09:50:00,SHORT,19490.15,19483.0,13.68,2.096,192345,2023-11-09 09:53:00,19496.68,stop,-13.68,-1919.38,1.25,-27.0,0,False
192353,2023-11-09 10:01:00,LONG,19514.0,19516.0,8.77,1.295,192367,2023-11-09 10:15:00,19507.23,stop,-8.77,-1601.01,7.75,-9.0,6,True
192543,2023-11-09 13:11:00,SHORT,19501.45,19501.05,2.98,1.155,192544,2023-11-09 13:12:00,19504.03,stop,-2.98,-1224.46,0.0,-7.0,0,False
192573,2023-11-09 13:41:00,SHORT,19500.85,19496.1,7.43,2.77,192593,2023-11-09 14:01:00,19503.53,stop,-7.43,-1513.91,7.1,-9.4,0,False
192616,2023-11-09 14:24:00,SHORT,19489.0,19487.8,5.42,1.284,192622,2023-11-09 14:30:00,19493.22,stop,-5.42,-1383.05,1.85,-10.2,0,False
192625,2023-11-09 14:33:00,SHORT,19481.7,19480.2,5.88,1.342,192628,2023-11-09 14:36:00,19486.08,stop,-5.88,-1412.85,0.2,-11.3,2,False
192643,2023-11-09 14:51:00,SHORT,19479.95,19476.0,9.23,1.749,192646,2023-11-09 14:54:00,19485.23,stop,-9.23,-1630.09,4.9,-10.75,4,False
192669,2023-11-09 15:17:00,LONG,19489.0,19489.2,4.66,1.045,192677,2023-11-09 15:25:00,19489.0,eod,-0.2,-1043.54,1.8,-2.75,4,True
192847,2023-11-10 12:00:00,LONG,19434.85,19437.7,6.9,1.704,192884,2023-11-10 12:37:00,19451.5,target,13.8,-133.11,17.3,-4.6,4,True
192984,2023-11-10 14:17:00,SHORT,19435.0,19432.95,7.05,1.41,192992,2023-11-10 14:25:00,19418.85,target,14.1,-113.01,21.6,-5.85,3,True
193048,2023-11-10 15:21:00,LONG,19478.45,19481.05,8.52,1.439,193052,2023-11-10 15:25:00,19493.4,eod,12.35,-227.84,13.95,-2.3,0,False
193101,2023-11-13 09:59:00,LONG,19509.4,19509.9,6.08,1.09,193104,2023-11-13 10:02:00,19522.06,target,12.16,-240.86,13.1,-1.9,1,True
193105,2023-11-13 10:03:00,LONG,19522.3,19526.4,10.16,1.677,193121,2023-11-13 10:19:00,19516.24,stop,-10.16,-1691.22,8.6,-24.7,14,True
193126,2023-11-13 10:24:00,SHORT,19490.0,19475.85,21.44,2.942,193192,2023-11-13 11:30:00,19497.29,stop,-21.44,-2423.68,5.85,-23.45,4,True
193230,2023-11-13 12:08:00,SHORT,19492.45,19492.0,4.11,1.123,193232,2023-11-13 12:10:00,19496.11,stop,-4.11,-1297.98,0.95,-4.4,2,True
193249,2023-11-13 12:27:00,LONG,19499.4,19501.1,5.83,1.411,193254,2023-11-13 12:32:00,19495.27,stop,-5.83,-1409.89,2.3,-7.3,1,False
193393,2023-11-13 14:51:00,SHORT,19503.15,19499.4,7.38,2.032,193397,2023-11-13 14:55:00,19506.78,stop,-7.38,-1510.74,0.2,-7.45,0,False
193529,2023-11-15 10:52:00,SHORT,19692.65,19692.0,3.95,1.197,193536,2023-11-15 10:59:00,19695.95,stop,-3.95,-1290.97,3.3,-6.0,0,False
193538,2023-11-15 11:01:00,LONG,19701.85,19703.15,5.14,1.339,193565,2023-11-15 11:28:00,19698.01,stop,-5.14,-1368.12,2.7,-5.75,0,False
193601,2023-11-15 12:04:00,LONG,19699.5,19700.0,3.3,1.178,193615,2023-11-15 12:18:00,19706.61,target,6.61,-604.75,7.0,-1.6,1,False
193617,2023-11-15 12:20:00,LONG,19706.85,19707.4,3.92,1.163,193629,2023-11-15 12:32:00,19703.48,stop,-3.92,-1288.74,6.6,-5.1,3,True
193667,2023-11-15 13:10:00,LONG,19714.8,19723.6,12.29,3.521,193685,2023-11-15 13:28:00,19748.18,target,24.58,562.87,28.7,-6.1,0,False
193753,2023-11-15 14:36:00,LONG,19754.0,19755.55,4.54,1.518,193760,2023-11-15 14:43:00,19751.01,stop,-4.54,-1330.4,8.1,-5.0,0,False
193767,2023-11-15 14:50:00,SHORT,19737.15,19734.0,7.39,1.743,193777,2023-11-15 15:00:00,19719.22,target,14.78,-74.0,18.95,-5.9,1,True
193808,2023-11-16 09:16:00,SHORT,19705.0,19702.95,7.26,1.393,193816,2023-11-16 09:24:00,19710.21,stop,-7.26,-1506.27,2.95,-9.1,1,True
194089,2023-11-16 13:57:00,LONG,19870.0,19870.05,4.48,1.011,194090,2023-11-16 13:58:00,19865.57,stop,-4.48,-1328.37,1.35,-6.0,0,False
194098,2023-11-16 14:06:00,LONG,19872.6,19873.6,5.35,1.23,194111,2023-11-16 14:19:00,19884.3,target,10.7,-341.61,13.5,-4.6,1,True
194159,2023-11-16 15:07:00,SHORT,19851.1,19847.5,12.38,1.41,194162,2023-11-16 15:10:00,19822.74,target,24.76,573.04,32.35,-0.3,2,True
194300,2023-11-17 11:13:00,SHORT,19829.95,19823.0,13.26,2.102,194357,2023-11-17 12:10:00,19836.26,stop,-13.26,-1897.96,16.65,-14.0,0,False
194373,2023-11-17 12:26:00,SHORT,19810.15,19809.5,6.26,1.116,194374,2023-11-17 12:27:00,19815.76,stop,-6.26,-1442.84,1.4,-8.0,1,True
194415,2023-11-17 13:08:00,LONG,19837.0,19839.9,7.61,1.615,194416,2023-11-17 13:09:00,19832.29,stop,-7.61,-1531.2,0.0,-8.75,2,True
194465,2023-11-17 13:58:00,SHORT,19799.1,19797.0,7.65,1.378,194467,2023-11-17 14:00:00,19804.65,stop,-7.65,-1532.99,3.65,-12.95,4,True
194473,2023-11-17 14:06:00,LONG,19824.95,19827.0,8.19,1.334,194484,2023-11-17 14:17:00,19818.81,stop,-8.19,-1568.36,12.95,-9.9,0,False
194558,2023-11-20 09:16:00,SHORT,19795.05,19787.95,15.16,1.881,194561,2023-11-20 09:19:00,19803.11,stop,-15.16,-2021.18,7.95,-16.2,3,True
194590,2023-11-20 09:48:00,SHORT,19763.2,19761.15,9.71,1.268,194591,2023-11-20 09:49:00,19770.86,stop,-9.71,-1666.27,0.5,-9.95,2,True
194666,2023-11-20 11:04:00,SHORT,19790.0,19778.0,18.61,2.817,194676,2023-11-20 11:14:00,19740.79,target,37.21,1383.31,50.75,-6.0,1,True
194727,2023-11-20 12:05:00,LONG,19741.0,19743.9,8.91,1.483,194788,2023-11-20 13:06:00,19761.72,target,17.82,122.96,22.15,-6.95,3,False
194847,2023-11-20 14:05:00,SHORT,19747.0,19741.35,11.44,1.976,194852,2023-11-20 14:10:00,19752.79,stop,-11.44,-1778.56,6.75,-14.65,0,False
194933,2023-11-21 09:16:00,LONG,19808.0,19810.0,10.87,1.225,194940,2023-11-21 09:23:00,19831.74,target,21.74,377.05,22.4,-2.7,1,True
194961,2023-11-21 09:44:00,LONG,19839.95,19844.4,10.33,1.757,194963,2023-11-21 09:46:00,19834.07,stop,-10.33,-1708.02,0.0,-12.4,1,True
194986,2023-11-21 10:09:00,SHORT,19821.3,19819.8,6.85,1.281,194988,2023-11-21 10:11:00,19826.65,stop,-6.85,-1481.15,0.35,-10.2,0,False
195088,2023-11-21 11:51:00,SHORT,19835.0,19833.6,4.19,1.502,195091,2023-11-21 11:54:00,19837.79,stop,-4.19,-1308.68,1.2,-5.25,0,False
195110,2023-11-21 12:13:00,LONG,19844.4,19851.6,9.82,3.746,195115,2023-11-21 12:18:00,19871.24,target,19.64,239.8,22.95,-0.3,2,False
195170,2023-11-21 13:13:00,SHORT,19832.15,19829.1,9.79,1.453,195174,2023-11-21 13:17:00,19838.89,stop,-9.79,-1672.6,2.1,-11.2,4,True
195331,2023-11-22 09:39:00,LONG,19858.6,19858.85,5.56,1.047,195342,2023-11-22 09:50:00,19869.97,target,11.12,-314.01,12.8,-5.55,4,True
195461,2023-11-22 11:49:00,SHORT,19844.5,19844.3,5.92,1.035,195466,2023-11-22 11:54:00,19832.46,target,11.84,-267.19,16.65,-2.9,4,True
195467,2023-11-22 11:55:00,SHORT,19827.0,19822.85,10.24,1.682,195471,2023-11-22 11:59:00,19833.09,stop,-10.24,-1701.81,7.25,-12.1,1,True
195491,2023-11-22 12:19:00,SHORT,19815.0,19813.3,7.97,1.271,195492,2023-11-22 12:20:00,19797.37,target,15.93,-0.51,17.5,0.0,0,False
195620,2023-11-22 14:28:00,LONG,19837.0,19844.5,14.37,2.092,195630,2023-11-22 14:38:00,19873.23,target,28.73,830.7,29.55,-3.3,0,False
195639,2023-11-22 14:47:00,LONG,19880.0,19882.0,9.31,1.274,195642,2023-11-22 14:50:00,19872.69,stop,-9.31,-1641.97,5.2,-11.0,5,True
195745,2023-11-23 10:18:00,SHORT,19875.1,19873.25,9.91,1.229,195761,2023-11-23 10:34:00,19853.42,target,19.83,251.86,25.15,-5.75,1,True
195868,2023-11-23 12:21:00,LONG,19864.1,19866.0,6.67,1.399,195875,2023-11-23 12:28:00,19879.33,target,13.33,-170.66,15.95,-3.5,0,False
195943,2023-11-23 13:36:00,SHORT,19860.6,19857.5,7.17,1.762,195949,2023-11-23 13:42:00,19864.67,stop,-7.17,-1502.96,0.0,-7.8,3,True
195952,2023-11-23 13:45:00,LONG,19870.7,19872.0,5.35,1.321,195960,2023-11-23 13:53:00,19866.65,stop,-5.35,-1384.68,5.0,-6.4,0,False
196014,2023-11-23 14:47:00,SHORT,19856.45,19856.2,3.98,1.067,196019,2023-11-23 14:52:00,19860.18,stop,-3.98,-1295.35,4.7,-4.95,2,False
196077,2023-11-24 09:35:00,SHORT,19851.5,19848.9,8.44,1.445,196092,2023-11-24 09:50:00,19832.02,target,16.88,60.26,20.6,-6.5,2,True
196261,2023-11-24 12:39:00,SHORT,19839.55,19836.25,6.74,1.959,196287,2023-11-24 13:05:00,19822.76,target,13.49,-159.88,21.0,-6.7,0,False
196347,2023-11-24 14:05:00,LONG,19842.95,19843.6,4.72,1.16,196348,2023-11-24 14:06:00,19838.88,stop,-4.72,-1343.22,1.35,-7.0,1,True
196381,2023-11-24 14:39:00,SHORT,19828.5,19826.95,5.7,1.374,196384,2023-11-24 14:42:00,19832.65,stop,-5.7,-1406.79,4.7,-7.05,0,False
196410,2023-11-24 15:08:00,SHORT,19816.45,19815.55,5.75,1.186,196412,2023-11-24 15:10:00,19823.0,stop_gap,-7.45,-1520.4,0.6,-7.45,0,False
196481,2023-11-28 10:04:00,SHORT,19846.8,19844.65,6.19,1.532,196494,2023-11-28 10:17:00,19832.26,target,12.39,-231.37,13.2,-5.3,0,False
196562,2023-11-28 11:25:00,SHORT,19848.0,19847.75,3.15,1.086,196574,2023-11-28 11:37:00,19851.0,stop_gap,-3.25,-1247.94,4.95,-4.05,1,True
196603,2023-11-28 12:06:00,LONG,19856.1,19857.6,4.73,1.464,196610,2023-11-28 12:13:00,19867.06,target,9.46,-422.09,12.4,-3.1,1,True
196735,2023-11-28 14:18:00,LONG,19869.45,19872.0,5.48,1.869,196737,2023-11-28 14:20:00,19882.97,target,10.97,-324.37,15.95,-0.3,5,True
196741,2023-11-28 14:24:00,LONG,19917.65,19918.0,5.84,1.064,196747,2023-11-28 14:30:00,19929.68,target,11.68,-278.76,15.9,-5.6,0,False
196860,2023-11-29 10:08:00,LONG,20034.75,20041.35,12.9,2.048,196893,2023-11-29 10:41:00,20028.45,stop,-12.9,-1878.16,6.4,-15.8,0,False
196909,2023-11-29 10:57:00,SHORT,20021.75,20020.15,6.25,1.344,196911,2023-11-29 10:59:00,20026.4,stop,-6.25,-1445.68,4.85,-11.9,1,True
196938,2023-11-29 11:26:00,LONG,20036.0,20037.1,5.03,1.28,196941,2023-11-29 11:29:00,20047.16,target,10.06,-386.06,10.85,0.0,5,True
197040,2023-11-29 13:08:00,LONG,20070.0,20071.15,4.87,1.309,197043,2023-11-29 13:11:00,20066.28,stop,-4.87,-1356.74,0.85,-6.0,1,True
197074,2023-11-29 13:42:00,LONG,20074.3,20079.0,8.92,2.112,197077,2023-11-29 13:45:00,20096.85,target,17.85,119.36,19.0,-1.15,2,True
197217,2023-11-30 09:50:00,SHORT,20090.05,20084.6,14.86,1.579,197221,2023-11-30 09:54:00,20054.87,target,29.73,891.62,36.8,-1.6,0,False
197296,2023-11-30 11:09:00,SHORT,20077.85,20073.6,11.83,1.561,197300,2023-11-30 11:13:00,20049.94,target,23.66,497.43,26.7,-2.6,0,False
197509,2023-11-30 14:42:00,LONG,20138.75,20145.0,16.74,1.596,197514,2023-11-30 14:47:00,20128.26,stop,-16.74,-2129.81,7.0,-34.95,0,False
197632,2023-12-01 10:30:00,SHORT,20366.0,20362.6,10.82,1.458,197635,2023-12-01 10:33:00,20373.42,stop,-10.82,-1748.73,0.0,-17.35,0,False
197661,2023-12-01 10:59:00,LONG,20380.65,20381.55,5.94,1.178,197670,2023-12-01 11:08:00,20375.61,stop,-5.94,-1432.07,6.4,-10.05,1,True
197856,2023-12-01 14:14:00,SHORT,20390.0,20387.2,7.33,1.618,197860,2023-12-01 14:18:00,20394.53,stop,-7.33,-1522.43,0.2,-9.1,3,True
197884,2023-12-01 14:42:00,SHORT,20375.6,20372.9,8.41,1.473,197893,2023-12-01 14:51:00,20381.31,stop,-8.41,-1592.18,6.95,-11.3,2,True
198031,2023-12-04 10:54:00,LONG,20674.95,20676.45,7.09,1.269,198048,2023-12-04 11:11:00,20690.62,target,14.17,-129.92,18.55,-5.05,1,True
198149,2023-12-04 12:52:00,LONG,20709.6,20710.0,3.88,1.115,198150,2023-12-04 12:53:00,20706.12,stop,-3.88,-1303.8,0.5,-4.0,0,False
198199,2023-12-04 13:42:00,LONG,20748.25,20755.95,13.99,2.224,198203,2023-12-04 13:46:00,20741.96,stop,-13.99,-1961.47,1.65,-15.4,4,True
198463,2023-12-05 11:51:00,SHORT,20830.0,20818.7,22.14,2.043,198468,2023-12-05 11:56:00,20840.84,stop,-22.14,-2492.25,3.15,-27.75,0,False
198521,2023-12-05 12:49:00,LONG,20890.4,20895.55,12.55,1.696,198553,2023-12-05 13:21:00,20883.0,stop,-12.55,-1869.86,9.25,-13.55,2,False
198649,2023-12-05 14:57:00,LONG,20930.0,20933.0,10.17,1.418,198677,2023-12-05 15:25:00,20942.8,eod,9.8,-418.39,16.0,-10.0,1,True
198786,2023-12-06 10:59:00,LONG,21041.0,21043.8,9.42,1.423,198788,2023-12-06 11:01:00,21034.38,stop,-9.42,-1669.45,0.05,-10.8,0,False
198836,2023-12-06 11:49:00,LONG,21032.6,21034.3,5.89,1.406,198839,2023-12-06 11:52:00,21028.41,stop,-5.89,-1439.44,1.55,-6.3,5,True
198892,2023-12-06 12:45:00,SHORT,20980.3,20979.35,7.95,1.136,198893,2023-12-06 12:46:00,20987.3,stop,-7.95,-1572.53,1.3,-10.65,1,True
198912,2023-12-06 13:05:00,SHORT,20977.6,20976.0,9.14,1.212,198914,2023-12-06 13:07:00,20957.72,target,18.28,132.16,21.05,-6.25,2,True
198954,2023-12-06 13:47:00,LONG,21010.0,21011.65,10.17,1.194,198955,2023-12-06 13:48:00,21001.48,stop,-10.17,-1717.18,0.6,-10.2,0,False
198988,2023-12-06 14:21:00,LONG,21044.1,21044.35,7.55,1.034,198989,2023-12-06 14:22:00,21036.8,stop,-7.55,-1547.6,0.0,-10.75,0,False
199019,2023-12-06 14:52:00,LONG,21048.95,21050.0,7.33,1.167,199022,2023-12-06 14:55:00,21042.67,stop,-7.33,-1533.87,0.0,-7.6,0,False
199230,2023-12-07 12:08:00,LONG,21030.5,21031.85,6.69,1.253,199236,2023-12-07 12:14:00,21025.15,stop_gap,-6.7,-1492.34,1.15,-8.85,0,False
199254,2023-12-07 12:32:00,SHORT,21010.8,21010.4,5.17,1.084,199262,2023-12-07 12:40:00,21015.57,stop,-5.17,-1392.75,9.4,-8.6,1,False
199318,2023-12-07 13:36:00,LONG,21033.0,21035.5,7.18,1.534,199319,2023-12-07 13:37:00,21028.32,stop,-7.18,-1523.81,0.0,-7.5,0,False
199543,2023-12-08 11:06:00,SHORT,21009.25,21005.45,13.38,1.397,199545,2023-12-08 11:08:00,21018.83,stop,-13.38,-1926.45,4.1,-19.4,0,False
199619,2023-12-08 12:22:00,SHORT,21049.0,21041.0,13.0,2.599,199641,2023-12-08 12:44:00,21014.99,target,26.01,633.42,28.4,-4.0,2,True
199651,2023-12-08 12:54:00,SHORT,21001.0,20998.55,9.99,1.325,199653,2023-12-08 12:56:00,21008.54,stop,-9.99,-1705.84,2.45,-15.6,4,True
199659,2023-12-08 13:02:00,SHORT,20994.05,20984.95,18.75,1.943,199671,2023-12-08 13:14:00,21003.7,stop,-18.75,-2274.65,7.95,-28.65,0,False
199695,2023-12-08 13:38:00,SHORT,20977.0,20975.0,10.53,1.234,199700,2023-12-08 13:43:00,20953.93,target,21.07,313.56,22.7,-1.6,0,False
199752,2023-12-08 14:35:00,LONG,21005.45,21011.45,12.7,1.895,199762,2023-12-08 14:45:00,21036.85,target,25.4,594.16,27.55,-4.45,4,True
199866,2023-12-11 10:14:00,LONG,21094.0,21098.95,12.42,1.662,199869,2023-12-11 10:17:00,21086.53,stop,-12.42,-1865.4,0.6,-15.95,1,True
199876,2023-12-11 10:24:00,LONG,21109.75,21116.65,14.7,1.885,199882,2023-12-11 10:30:00,21101.95,stop,-14.7,-2013.39,1.35,-15.15,0,False
200101,2023-12-11 14:09:00,LONG,21085.0,21088.25,8.03,1.68,200110,2023-12-11 14:18:00,21080.22,stop,-8.03,-1579.65,0.75,-11.8,0,False
200155,2023-12-11 15:03:00,LONG,21095.0,21106.15,18.11,2.602,200160,2023-12-11 15:08:00,21088.04,stop,-18.11,-2234.96,0.0,-19.6,1,True
200167,2023-12-11 15:15:00,SHORT,21083.0,21079.0,10.27,1.638,200177,2023-12-11 15:25:00,21078.95,eod,0.05,-1054.49,15.25,-4.75,3,True
200229,2023-12-12 10:02:00,SHORT,21107.1,21105.85,6.13,1.256,200230,2023-12-12 10:03:00,21111.98,stop,-6.13,-1456.62,0.95,-6.8,0,False
200275,2023-12-12 10:48:00,LONG,21096.7,21098.15,7.52,1.239,200297,2023-12-12 11:10:00,21113.19,target,15.04,-80.48,16.0,-4.15,0,False
200339,2023-12-12 11:52:00,LONG,21095.55,21096.25,4.94,1.165,200341,2023-12-12 11:54:00,21091.31,stop,-4.94,-1378.96,0.0,-8.25,1,True
200361,2023-12-12 12:14:00,LONG,21098.0,21103.0,8.7,2.353,200391,2023-12-12 12:44:00,21094.3,stop,-8.7,-1623.22,5.85,-13.8,1,True
200401,2023-12-12 12:54:00,SHORT,21062.95,21061.0,8.11,1.317,200403,2023-12-12 12:56:00,21069.11,stop,-8.11,-1584.36,1.0,-13.4,8,True
200408,2023-12-12 13:01:00,SHORT,21050.2,21048.05,9.75,1.283,200409,2023-12-12 13:02:00,21057.8,stop,-9.75,-1690.8,0.65,-11.9,4,True
200459,2023-12-12 13:52:00,LONG,21075.0,21084.15,14.88,2.597,200461,2023-12-12 13:54:00,21069.27,stop,-14.88,-2024.77,0.0,-19.05,0,False
200490,2023-12-12 14:23:00,SHORT,21050.2,21048.0,9.25,1.312,200493,2023-12-12 14:26:00,21057.25,stop,-9.25,-1658.53,4.9,-9.35,7,True
200496,2023-12-12 14:29:00,SHORT,21042.45,21040.5,9.36,1.263,200498,2023-12-12 14:31:00,21049.86,stop,-9.36,-1665.48,2.4,-12.2,1,True
200597,2023-12-13 09:55:00,SHORT,20986.0,20978.75,16.28,1.803,200604,2023-12-13 10:02:00,20946.19,target,32.56,1060.28,34.25,-2.95,3,True
200696,2023-12-13 11:34:00,SHORT,20931.6,20920.2,18.15,2.689,200768,2023-12-13 12:46:00,20938.35,stop,-18.15,-2234.83,20.1,-21.8,2,True
200821,2023-12-13 13:39:00,LONG,20985.0,20989.0,11.94,1.503,200827,2023-12-13 13:45:00,21012.89,target,23.89,496.29,24.0,-1.75,0,False
201058,2023-12-14 11:21:00,SHORT,21245.6,21245.1,5.88,1.093,201061,2023-12-14 11:24:00,21250.98,stop,-5.88,-1442.67,0.0,-5.9,1,True
201297,2023-12-14 15:20:00,LONG,21328.85,21330.05,6.28,1.236,201301,2023-12-14 15:24:00,21342.6,target,12.55,-246.39,14.85,-4.55,1,True
201352,2023-12-15 10:00:00,LONG,21391.6,21393.05,11.03,1.151,201359,2023-12-15 10:07:00,21415.12,target,22.07,370.92,23.15,-2.95,1,True
201486,2023-12-15 12:14:00,SHORT,21404.9,21403.55,7.54,1.218,201491,2023-12-15 12:19:00,21411.09,stop,-7.54,-1553.2,10.55,-7.75,5,True
201502,2023-12-15 12:30:00,LONG,21419.85,21420.7,6.6,1.148,201536,2023-12-15 13:04:00,21433.89,target,13.19,-206.17,13.25,-6.55,4,True
201601,2023-12-15 14:09:00,SHORT,21441.15,21440.7,7.19,1.067,201602,2023-12-15 14:10:00,21447.89,stop,-7.19,-1531.38,0.0,-7.25,2,True
201843,2023-12-18 11:56:00,SHORT,21520.0,21516.5,9.58,1.576,201875,2023-12-18 12:28:00,21497.35,target,19.15,179.78,29.85,-8.0,0,False
201876,2023-12-18 12:29:00,SHORT,21481.4,21479.05,9.82,1.315,201878,2023-12-18 12:31:00,21489.0,stop_gap,-9.95,-1711.37,1.65,-10.95,0,False
201910,2023-12-18 13:03:00,SHORT,21483.65,21483.2,7.26,1.066,201932,2023-12-18 13:25:00,21490.46,stop,-7.26,-1536.49,13.2,-9.75,3,True
201999,2023-12-18 14:32:00,LONG,21520.25,21522.1,8.7,1.27,202000,2023-12-18 14:33:00,21513.4,stop,-8.7,-1630.95,0.7,-9.65,0,False
202043,2023-12-18 15:16:00,SHORT,21475.05,21475.0,7.65,1.007,202052,2023-12-18 15:25:00,21460.3,eod,14.7,-108.98,14.7,-5.0,0,False
202071,2023-12-19 09:29:00,LONG,21505.0,21505.3,8.97,1.035,202076,2023-12-19 09:34:00,21496.33,stop,-8.97,-1648.24,4.15,-9.15,4,True
202137,2023-12-19 10:35:00,LONG,21457.85,21462.2,11.99,1.569,202140,2023-12-19 10:38:00,21450.21,stop,-11.99,-1843.57,1.0,-12.2,1,True
202213,2023-12-19 11:51:00,LONG,21541.25,21542.5,8.84,1.165,202214,2023-12-19 11:52:00,21533.66,stop,-8.84,-1640.06,0.8,-12.4,2,True
202245,2023-12-19 12:23:00,LONG,21544.0,21547.9,10.22,1.617,202252,2023-12-19 12:30:00,21537.68,stop,-10.22,-1729.94,6.85,-13.8,2,True
202287,2023-12-19 13:05:00,SHORT,21550.0,21546.6,9.54,1.554,202289,2023-12-19 13:07:00,21556.14,stop,-9.54,-1685.62,2.2,-10.1,2,True
202323,2023-12-19 13:41:00,LONG,21556.05,21557.8,7.09,1.328,202333,2023-12-19 13:51:00,21571.98,target,14.18,-144.24,15.2,-2.4,5,True
202391,2023-12-19 14:49:00,SHORT,21564.85,21557.45,15.11,1.959,202400,2023-12-19 14:58:00,21527.22,target,30.23,898.93,31.45,-11.0,2,True
202479,2023-12-20 10:02:00,SHORT,21645.0,21632.5,20.32,2.599,202495,2023-12-20 10:18:00,21652.82,stop,-20.32,-2387.94,7.85,-23.0,1,True
202518,2023-12-20 10:41:00,LONG,21655.5,21662.95,13.46,2.241,202561,2023-12-20 11:24:00,21649.49,stop,-13.46,-1942.14,17.05,-15.2,0,False
202568,2023-12-20 11:31:00,SHORT,21641.95,21639.6,8.75,1.367,202572,2023-12-20 11:35:00,21622.09,target,17.51,70.59,18.2,-6.6,1,True
202638,2023-12-20 12:41:00,LONG,21604.45,21608.65,12.46,1.508,202658,2023-12-20 13:01:00,21596.19,stop,-12.46,-1876.55,19.0,-12.5,0,False
202666,2023-12-20 13:09:00,SHORT,21576.55,21569.1,15.59,1.916,202676,2023-12-20 13:19:00,21537.93,target,31.17,960.3,32.6,-4.9,0,False
202684,2023-12-20 13:27:00,SHORT,21512.0,21489.3,35.59,2.761,202693,2023-12-20 13:36:00,21418.12,target,71.18,3562.28,81.4,-13.4,0,False
203026,2023-12-21 12:54:00,LONG,21335.35,21335.7,9.98,1.036,203028,2023-12-21 12:56:00,21325.72,stop,-9.98,-1710.59,4.3,-14.2,0,False
203063,2023-12-21 13:31:00,LONG,21333.0,21335.0,11.66,1.207,203069,2023-12-21 13:37:00,21323.34,stop,-11.66,-1820.13,13.0,-43.0,0,False
203361,2023-12-22 12:14:00,SHORT,21435.15,21427.3,14.4,2.198,203368,2023-12-22 12:21:00,21398.5,target,28.8,808.4,30.85,-7.7,0,False
203601,2023-12-26 09:59:00,LONG,21417.0,21435.0,28.25,2.757,203632,2023-12-26 10:30:00,21491.49,target,56.49,2607.29,56.5,0.0,7,True
203639,2023-12-26 10:37:00,LONG,21493.2,21495.0,10.16,1.215,203642,2023-12-26 10:40:00,21515.33,target,20.33,256.13,24.8,-0.45,0,False
203692,2023-12-26 11:30:00,SHORT,21480.05,21479.9,8.79,1.017,203696,2023-12-26 11:34:00,21488.69,stop,-8.79,-1636.07,7.2,-10.1,0,False
203746,2023-12-26 12:24:00,LONG,21512.35,21514.0,6.72,1.325,203749,2023-12-26 12:27:00,21507.28,stop,-6.72,-1502.18,9.0,-7.9,2,True
203751,2023-12-26 12:29:00,SHORT,21495.7,21493.85,8.45,1.28,203753,2023-12-26 12:31:00,21502.3,stop,-8.45,-1614.36,0.75,-11.35,0,False
203824,2023-12-26 13:42:00,LONG,21489.95,21495.45,13.45,1.692,203831,2023-12-26 13:49:00,21482.0,stop,-13.45,-1938.82,3.75,-17.8,0,False
203863,2023-12-26 14:21:00,LONG,21499.2,21514.0,23.95,2.617,203873,2023-12-26 14:31:00,21490.05,stop,-23.95,-2621.8,0.35,-26.05,1,True
204004,2023-12-27 10:27:00,LONG,21584.0,21590.0,12.84,1.878,204021,2023-12-27 10:44:00,21577.16,stop,-12.84,-1900.75,14.8,-17.0,1,True
204114,2023-12-27 12:17:00,SHORT,21582.8,21582.7,7.09,1.014,204116,2023-12-27 12:19:00,21589.79,stop,-7.09,-1527.06,0.0,-10.05,0,False
204120,2023-12-27 12:23:00,SHORT,21576.7,21552.1,32.64,4.059,204150,2023-12-27 12:53:00,21584.74,stop,-32.64,-3187.71,22.0,-37.9,2,True
204253,2023-12-27 14:36:00,LONG,21590.0,21601.0,18.45,2.477,204277,2023-12-27 15:00:00,21637.89,target,36.89,1330.97,39.75,-5.85,0,False
204339,2023-12-28 09:47:00,LONG,21760.15,21771.35,22.14,2.024,204347,2023-12-28 09:55:00,21749.21,stop,-22.14,-2508.38,2.65,-38.0,5,True
204355,2023-12-28 10:03:00,SHORT,21733.35,21724.7,20.6,1.724,204420,2023-12-28 11:08:00,21745.3,stop,-20.6,-2407.55,36.3,-26.35,0,False
204640,2023-12-28 14:48:00,SHORT,21745.1,21739.0,12.72,1.922,204642,2023-12-28 14:50:00,21751.72,stop,-12.72,-1895.84,1.7,-13.2,0,False
204811,2023-12-29 11:24:00,LONG,21907.55,21909.0,8.75,1.199,204814,2023-12-29 11:27:00,21900.25,stop,-8.75,-1640.65,1.0,-9.0,4,True
204886,2023-12-29 12:39:00,SHORT,21893.45,21888.9,12.06,1.606,204913,2023-12-29 13:06:00,21900.96,stop,-12.06,-1855.5,12.9,-13.4,0,False
204979,2023-12-29 14:12:00,SHORT,21876.0,21871.05,12.36,1.668,204986,2023-12-29 14:19:00,21846.33,target,24.72,535.48,28.9,-2.95,7,True
205024,2023-12-29 14:57:00,LONG,21904.55,21904.65,8.05,1.013,205026,2023-12-29 14:59:00,21896.6,stop,-8.05,-1595.03,4.35,-8.15,1,True
205047,2023-12-29 15:20:00,SHORT,21872.65,21866.3,16.4,1.632,205052,2023-12-29 15:25:00,21863.6,eod,2.7,-895.71,4.6,-13.7,1,True
205162,2024-01-01 11:00:00,LONG,21879.95,21880.0,6.33,1.008,205165,2024-01-01 11:03:00,21873.67,stop,-6.33,-1482.87,4.9,-14.35,4,False
205192,2024-01-01 11:30:00,LONG,21884.9,21887.45,8.11,1.459,205193,2024-01-01 11:31:00,21879.34,stop,-8.11,-1598.69,3.45,-8.35,1,True
205223,2024-01-01 12:01:00,SHORT,21862.0,21856.25,11.18,2.059,205224,2024-01-01 12:02:00,21867.43,stop,-11.18,-1797.71,0.0,-12.35,0,False
205284,2024-01-01 13:02:00,LONG,21889.0,21889.8,5.55,1.169,205287,2024-01-01 13:05:00,21884.25,stop,-5.55,-1431.98,0.1,-5.7,0,False
205326,2024-01-01 13:44:00,SHORT,21884.7,21881.8,7.45,1.637,205328,2024-01-01 13:46:00,21889.25,stop,-7.45,-1555.85,0.0,-8.2,1,True
205422,2024-01-01 15:20:00,SHORT,21876.65,21870.7,18.82,1.462,205427,2024-01-01 15:25:00,21833.06,target,37.64,1375.66,38.15,-4.3,0,False
205472,2024-01-02 09:55:00,SHORT,21826.1,21822.55,12.72,1.387,205473,2024-01-02 09:56:00,21797.11,target,25.44,583.46,28.95,0.0,0,False
205550,2024-01-02 11:13:00,SHORT,21706.6,21705.85,11.47,1.07,205558,2024-01-02 11:21:00,21717.32,stop,-11.47,-1813.83,14.2,-14.55,0,False
205612,2024-01-02 12:15:00,LONG,21728.5,21734.6,14.15,1.758,205638,2024-01-02 12:41:00,21762.91,target,28.31,770.48,28.35,-2.45,0,False
205655,2024-01-02 12:58:00,SHORT,21733.2,21732.5,8.25,1.093,205656,2024-01-02 12:59:00,21740.75,stop,-8.25,-1605.27,0.95,-8.35,0,False
205726,2024-01-02 14:09:00,LONG,21760.15,21768.95,15.87,2.244,205730,2024-01-02 14:13:00,21800.7,target,31.75,993.73,33.95,0.0,1,True
205814,2024-01-03 09:22:00,SHORT,21705.1,21694.0,22.85,1.945,205824,2024-01-03 09:32:00,21716.85,stop,-22.85,-2553.27,0.0,-23.0,7,True
205888,2024-01-03 10:36:00,LONG,21685.45,21686.0,10.32,1.056,205892,2024-01-03 10:40:00,21675.68,stop,-10.32,-1739.04,2.0,-20.0,1,True
205945,2024-01-03 11:33:00,SHORT,21650.8,21650.0,7.6,1.118,205946,2024-01-03 11:34:00,21657.6,stop,-7.6,-1561.39,0.0,-9.55,1,True
205996,2024-01-03 12:24:00,SHORT,21635.2,21621.2,23.5,2.473,206023,2024-01-03 12:51:00,21644.7,stop,-23.5,-2594.72,11.2,-25.05,0,False
206071,2024-01-03 13:39:00,LONG,21670.05,21675.0,12.57,1.65,206077,2024-01-03 13:45:00,21662.43,stop,-12.57,-1884.78,5.0,-15.0,3,True
206089,2024-01-03 13:57:00,SHORT,21653.8,21652.6,9.14,1.151,206092,2024-01-03 14:00:00,21661.74,stop,-9.14,-1661.5,3.55,-12.2,6,True
206195,2024-01-04 09:28:00,LONG,21692.65,21693.95,10.1,1.148,206232,2024-01-04 10:05:00,21714.15,target,20.2,244.29,22.75,-8.95,1,True
206302,2024-01-04 11:15:00,LONG,21754.0,21757.8,8.32,1.84,206306,2024-01-04 11:19:00,21749.48,stop,-8.32,-1610.21,2.2,-16.7,2,True
206347,2024-01-04 12:00:00,LONG,21760.0,21763.4,7.22,1.89,206348,2024-01-04 12:01:00,21756.18,stop,-7.22,-1538.71,0.25,-8.55,0,False
206422,2024-01-04 13:15:00,LONG,21777.0,21777.4,4.88,1.089,206423,2024-01-04 13:16:00,21772.52,stop,-4.88,-1387.02,0.0,-5.4,5,True
206469,2024-01-04 14:02:00,SHORT,21762.0,21759.0,7.19,1.717,206477,2024-01-04 14:10:00,21766.19,stop,-7.19,-1536.49,2.35,-12.0,2,True
206533,2024-01-04 15:06:00,LONG,21773.9,21774.95,6.74,1.185,206535,2024-01-04 15:08:00,21768.21,stop,-6.74,-1507.46,4.15,-9.9,0,False
206600,2024-01-05 09:58:00,LONG,21813.0,21813.5,6.69,1.081,206603,2024-01-05 10:01:00,21806.81,stop,-6.69,-1504.97,1.5,-8.5,6,True
206656,2024-01-05 10:54:00,SHORT,21740.55,21736.2,13.38,1.482,206659,2024-01-05 10:57:00,21749.58,stop,-13.38,-1938.75,5.1,-13.6,4,True
206709,2024-01-05 11:47:00,SHORT,21730.6,21730.0,7.3,1.089,206710,2024-01-05 11:48:00,21737.3,stop,-7.3,-1543.7,3.0,-10.4,2,True
206862,2024-01-05 14:20:00,SHORT,21685.0,21681.9,14.04,1.283,206866,2024-01-05 14:24:00,21695.94,stop,-14.04,-1980.64,3.25,-22.0,2,True
206950,2024-01-08 09:33:00,SHORT,21767.25,21759.15,19.27,1.725,206957,2024-01-08 09:40:00,21720.61,target,38.54,1435.97,39.15,-0.8,1,True
207156,2024-01-08 12:59:00,SHORT,21634.05,21633.05,9.77,1.114,207157,2024-01-08 13:00:00,21642.82,stop,-9.77,-1702.21,2.75,-13.2,1,True
207219,2024-01-08 14:02:00,LONG,21666.9,21669.0,10.25,1.258,207226,2024-01-08 14:09:00,21658.75,stop,-10.25,-1734.09,9.55,-19.0,1,True
207458,2024-01-09 11:46:00,LONG,21790.0,21794.9,10.03,1.955,207463,2024-01-09 11:51:00,21784.87,stop,-10.03,-1721.8,3.1,-17.9,0,False
207584,2024-01-09 13:52:00,SHORT,21765.0,21758.0,12.24,2.335,207585,2024-01-09 13:53:00,21770.24,stop,-12.24,-1865.23,1.0,-15.0,1,True
207588,2024-01-09 13:56:00,SHORT,21753.0,21752.0,7.62,1.151,207596,2024-01-09 14:04:00,21759.62,stop,-7.62,-1564.31,7.0,-10.0,0,False
207652,2024-01-09 15:00:00,SHORT,21619.0,21615.35,17.47,1.264,207654,2024-01-09 15:02:00,21632.82,stop,-17.47,-2202.81,0.0,-22.65,0,False
207694,2024-01-10 09:27:00,SHORT,21562.7,21560.0,16.05,1.202,207697,2024-01-10 09:30:00,21527.9,target,32.1,1020.38,59.0,-1.9,0,False
207961,2024-01-10 13:54:00,LONG,21566.5,21570.0,11.23,1.453,207964,2024-01-10 13:57:00,21592.46,target,22.46,393.47,22.65,-3.75,4,True
208005,2024-01-10 14:38:00,LONG,21631.9,21641.6,22.03,1.786,208025,2024-01-10 14:58:00,21685.67,target,44.07,1796.55,52.7,-15.6,2,True
208238,2024-01-11 12:16:00,SHORT,21688.0,21685.05,8.4,1.541,208241,2024-01-11 12:19:00,21693.45,stop,-8.4,-1614.13,0.05,-8.95,2,True
208250,2024-01-11 12:28:00,LONG,21703.25,21703.3,4.88,1.01,208251,2024-01-11 12:29:00,21698.42,stop,-4.88,-1385.79,1.2,-6.3,0,False
208277,2024-01-11 12:55:00,LONG,21712.95,21717.8,10.25,1.899,208284,2024-01-11 13:02:00,21707.55,stop,-10.25,-1734.52,5.8,-11.65,0,False
208310,2024-01-11 13:28:00,SHORT,21700.0,21699.0,7.03,1.166,208318,2024-01-11 13:36:00,21684.95,target,14.05,-155.06,15.1,-5.4,3,True
208446,2024-01-12 09:29:00,LONG,21774.4,21777.7,13.35,1.328,208453,2024-01-12 09:36:00,21764.35,stop,-13.35,-1937.42,7.45,-14.2,7,True
208462,2024-01-12 09:45:00,LONG,21782.5,21783.0,8.46,1.063,208478,2024-01-12 10:01:00,21799.91,target,16.91,29.42,17.0,-8.0,4,True
208650,2024-01-12 12:53:00,LONG,21891.0,21891.2,6.09,1.034,208652,2024-01-12 12:55:00,21903.37,target,12.17,-280.61,21.8,-2.55,5,True
208785,2024-01-12 15:08:00,SHORT,21920.0,21913.45,18.57,1.545,208788,2024-01-12 15:11:00,21932.02,stop,-18.57,-2278.89,8.65,-22.2,1,True
208881,2024-01-15 10:29:00,LONG,22048.9,22050.0,10.28,1.12,208911,2024-01-15 10:59:00,22070.56,target,20.56,261.92,21.35,-10.0,0,False
209035,2024-01-15 13:03:00,LONG,22090.0,22094.0,8.89,1.817,209037,2024-01-15 13:05:00,22085.11,stop,-8.89,-1653.14,0.0,-9.65,5,True
209050,2024-01-15 13:18:00,LONG,22096.0,22100.0,9.12,1.782,209053,2024-01-15 13:21:00,22090.88,stop,-9.12,-1667.76,0.9,-11.0,2,True
209138,2024-01-15 14:46:00,LONG,22115.0,22118.0,10.39,1.406,209149,2024-01-15 14:57:00,22138.78,target,20.78,274.84,23.8,-5.0,0,False
209213,2024-01-16 09:46:00,LONG,22092.0,22095.6,13.81,1.353,209228,2024-01-16 10:01:00,22081.79,stop,-13.81,-1972.46,26.5,-25.6,0,False
209366,2024-01-16 12:19:00,SHORT,22068.0,22067.1,9.49,1.105,209367,2024-01-16 12:20:00,22076.59,stop,-9.49,-1691.75,0.05,-11.35,2,True
209394,2024-01-16 12:47:00,SHORT,22058.0,22056.75,8.4,1.175,209400,2024-01-16 12:53:00,22065.14,stop,-8.4,-1620.17,11.7,-13.25,0,False
209407,2024-01-16 13:00:00,SHORT,22041.05,22040.75,9.3,1.033,209408,2024-01-16 13:01:00,22050.05,stop,-9.3,-1678.95,0.75,-11.9,2,True
209420,2024-01-16 13:13:00,SHORT,22030.1,22028.8,11.58,1.126,209424,2024-01-16 13:17:00,22040.85,stop_gap,-12.05,-1857.28,8.5,-15.95,1,True
209479,2024-01-16 14:12:00,LONG,22049.8,22055.15,16.13,1.496,209483,2024-01-16 14:16:00,22039.02,stop,-16.13,-2122.74,6.35,-17.05,0,False
209542,2024-01-16 15:15:00,SHORT,22031.1,22028.7,10.29,1.304,209552,2024-01-16 15:25:00,22027.9,eod,0.8,-1021.99,18.7,-3.25,2,True
209695,2024-01-17 11:33:00,SHORT,21749.85,21747.8,8.89,1.3,209701,2024-01-17 11:39:00,21730.02,target,17.78,86.24,23.4,-6.6,5,True
209819,2024-01-17 13:37:00,SHORT,21652.65,21637.05,25.07,2.648,209822,2024-01-17 13:40:00,21662.12,stop,-25.07,-2696.64,9.65,-26.05,3,True
209832,2024-01-17 13:50:00,LONG,21690.8,21699.7,20.34,1.778,209838,2024-01-17 13:56:00,21679.36,stop,-20.34,-2390.04,10.3,-22.25,0,False
210194,2024-01-18 13:37:00,SHORT,21460.5,21460.0,9.6,1.055,210198,2024-01-18 13:41:00,21469.6,stop,-9.6,-1688.48,2.2,-12.95,0,False
210247,2024-01-18 14:30:00,SHORT,21455.15,21451.2,13.04,1.435,210250,2024-01-18 14:33:00,21464.24,stop,-13.04,-1911.57,4.6,-13.4,2,True
210376,2024-01-19 10:24:00,LONG,21667.8,21670.75,13.7,1.274,210381,2024-01-19 10:29:00,21698.15,target,27.4,712.49,28.25,-0.25,0,False
210450,2024-01-19 11:38:00,LONG,21620.8,21633.5,25.05,2.028,210457,2024-01-19 11:45:00,21608.0,stop_gap,-25.5,-2724.36,14.5,-36.5,1,False
210538,2024-01-19 13:06:00,LONG,21655.1,21655.3,8.71,1.023,210543,2024-01-19 13:11:00,21646.59,stop,-8.71,-1633.71,14.7,-9.1,0,False
210726,2024-01-20 09:59:00,SHORT,21688.35,21681.0,19.54,1.603,210741,2024-01-20 10:14:00,21700.54,stop,-19.54,-2338.07,29.05,-23.55,1,False
210772,2024-01-20 10:45:00,LONG,21713.45,21714.0,8.0,1.074,210774,2024-01-20 10:47:00,21706.0,stop,-8.0,-1588.26,0.0,-8.95,0,False
210838,2024-01-20 11:51:00,SHORT,21685.0,21684.55,4.75,1.105,210839,2024-01-20 11:52:00,21689.3,stop,-4.75,-1376.88,0.0,-9.4,1,True
210860,2024-01-20 12:13:00,SHORT,21682.25,21678.0,8.85,1.923,210882,2024-01-20 12:35:00,21660.29,target,17.71,83.02,37.0,-7.15,2,True
211009,2024-01-20 14:42:00,SHORT,21640.0,21636.05,10.77,1.579,211010,2024-01-20 14:43:00,21614.5,target,21.55,333.27,23.8,-1.95,0,False
211029,2024-01-20 15:02:00,SHORT,21592.9,21582.6,23.62,1.773,211041,2024-01-20 15:14:00,21606.22,stop,-23.62,-2601.68,15.9,-37.3,8,True
211280,2024-01-23 12:58:00,SHORT,21371.5,21361.0,23.91,1.783,211333,2024-01-23 13:51:00,21313.19,target,47.81,2045.38,47.85,-20.85,0,False
211438,2024-01-24 09:21:00,LONG,21225.0,21237.1,33.99,1.553,211443,2024-01-24 09:26:00,21203.11,stop,-33.99,-3269.56,27.85,-37.05,0,False
211472,2024-01-24 09:55:00,LONG,21335.0,21352.25,35.66,1.937,211477,2024-01-24 10:00:00,21423.57,target,71.32,3572.64,82.75,-4.95,1,True
211510,2024-01-24 10:33:00,LONG,21435.0,21436.55,19.36,1.087,211515,2024-01-24 10:38:00,21417.19,stop,-19.36,-2322.17,6.7,-26.1,3,True
211557,2024-01-24 11:20:00,LONG,21414.05,21418.85,16.7,1.403,211559,2024-01-24 11:22:00,21402.15,stop,-16.7,-2148.6,1.1,-20.6,2,True
211561,2024-01-24 11:24:00,SHORT,21381.7,21380.8,13.59,1.071,211563,2024-01-24 11:26:00,21353.62,target,27.18,703.66,47.9,-11.9,0,False
211861,2024-01-25 10:09:00,SHORT,21361.75,21357.5,19.11,1.286,211872,2024-01-25 10:20:00,21319.29,target,38.21,1421.43,56.15,-17.3,3,False
211990,2024-01-25 12:18:00,SHORT,21276.6,21271.1,19.7,1.387,211996,2024-01-25 12:24:00,21290.8,stop,-19.7,-2341.65,4.7,-21.35,4,True
212063,2024-01-25 13:31:00,SHORT,21259.2,21258.6,10.46,1.061,212065,2024-01-25 13:33:00,21269.06,stop,-10.46,-1740.85,3.05,-13.75,2,True
212155,2024-01-25 15:03:00,LONG,21306.7,21307.5,9.43,1.093,212161,2024-01-25 15:09:00,21326.35,target,18.85,163.55,27.25,-6.5,0,False
212224,2024-01-29 09:57:00,LONG,21708.5,21712.3,17.73,1.273,212226,2024-01-29 09:59:00,21747.77,target,35.47,1236.3,36.7,-1.1,0,False
212266,2024-01-29 10:39:00,LONG,21751.0,21751.9,11.5,1.085,212271,2024-01-29 10:44:00,21740.4,stop,-11.5,-1816.57,5.6,-11.9,2,True
212548,2024-01-29 15:21:00,LONG,21865.75,21869.95,15.02,1.388,212552,2024-01-29 15:25:00,21879.15,eod,9.2,-473.41,15.05,-0.4,2,True
212648,2024-01-30 10:46:00,SHORT,21825.05,21822.65,13.78,1.211,212652,2024-01-30 10:50:00,21795.1,target,27.55,720.5,29.75,-9.1,2,True
212720,2024-01-30 11:58:00,LONG,21833.5,21838.0,13.28,1.512,212726,2024-01-30 12:04:00,21824.72,stop,-13.28,-1933.99,11.85,-18.0,0,False
212746,2024-01-30 12:24:00,SHORT,21805.0,21801.05,13.87,1.398,212750,2024-01-30 12:28:00,21814.92,stop,-13.87,-1971.48,2.8,-16.2,0,False
212803,2024-01-30 13:21:00,SHORT,21773.65,21763.9,20.05,1.947,212806,2024-01-30 13:24:00,21783.95,stop,-20.05,-2372.57,3.45,-23.1,2,True
212808,2024-01-30 13:26:00,LONG,21793.7,21799.0,16.2,1.486,212828,2024-01-30 13:46:00,21782.8,stop,-16.2,-2123.0,13.95,-17.8,0,False
212850,2024-01-30 14:08:00,SHORT,21760.45,21755.2,16.22,1.479,212855,2024-01-30 14:13:00,21771.42,stop,-16.22,-2123.71,7.15,-17.8,2,True
212877,2024-01-30 14:35:00,SHORT,21672.95,21670.65,18.02,1.146,212881,2024-01-30 14:39:00,21688.67,stop,-18.02,-2239.42,13.85,-24.3,0,False
213042,2024-01-31 11:05:00,LONG,21770.0,21773.45,13.59,1.34,213067,2024-01-31 11:30:00,21800.63,target,27.18,696.84,30.65,-13.15,2,True
213068,2024-01-31 11:31:00,LONG,21812.95,21816.0,13.66,1.288,213075,2024-01-31 11:38:00,21802.34,stop,-13.66,-1957.76,4.0,-16.0,0,False
213093,2024-01-31 11:56:00,LONG,21820.0,21823.0,12.07,1.331,213112,2024-01-31 12:15:00,21810.93,stop,-12.07,-1854.61,11.7,-12.85,6,True
213206,2024-01-31 13:49:00,SHORT,21766.35,21758.9,17.23,1.762,213209,2024-01-31 13:52:00,21776.13,stop,-17.23,-2189.25,1.9,-24.6,2,True
213258,2024-01-31 14:41:00,LONG,21799.2,21802.1,12.98,1.288,213267,2024-01-31 14:50:00,21789.12,stop,-12.98,-1913.31,10.9,-20.1,6,True
213323,2024-02-01 09:31:00,SHORT,21784.4,21783.3,17.88,1.066,213324,2024-02-01 09:32:00,21801.18,stop,-17.88,-2231.92,0.0,-25.85,2,True
213338,2024-02-01 09:46:00,LONG,21825.0,21828.6,20.0,1.219,213360,2024-02-01 10:08:00,21868.6,target,40.0,1529.0,52.55,-18.6,1,True
213406,2024-02-01 10:54:00,LONG,21893.5,21893.9,10.45,1.04,213407,2024-02-01 10:55:00,21883.45,stop,-10.45,-1750.69,1.1,-10.65,0,False
213418,2024-02-01 11:06:00,SHORT,21856.45,21853.1,19.41,1.209,213419,2024-02-01 11:07:00,21872.51,stop,-19.41,-2332.68,9.9,-33.2,0,False
213475,2024-02-01 12:03:00,SHORT,21773.6,21762.45,30.76,1.569,213477,2024-02-01 12:05:00,21793.21,stop,-30.76,-3068.68,2.65,-43.1,4,True
213558,2024-02-01 13:26:00,SHORT,21786.9,21786.5,10.6,1.039,213560,2024-02-01 13:28:00,21765.3,target,21.2,308.14,21.5,-5.5,2,True
213565,2024-02-01 13:33:00,SHORT,21752.15,21751.0,13.46,1.093,213566,2024-02-01 13:34:00,21764.46,stop,-13.46,-1943.97,0.05,-14.35,0,False
213600,2024-02-01 14:08:00,LONG,21790.0,21793.2,13.07,1.324,213608,2024-02-01 14:16:00,21780.13,stop,-13.07,-1919.36,10.1,-14.75,0,False
213635,2024-02-01 14:43:00,SHORT,21771.15,21771.1,7.91,1.006,213638,2024-02-01 14:46:00,21779.01,stop,-7.91,-1583.54,9.05,-9.9,3,True
213666,2024-02-01 15:14:00,SHORT,21740.0,21736.15,13.54,1.397,213669,2024-02-01 15:17:00,21749.69,stop,-13.54,-1949.36,10.15,-17.35,0,False
213779,2024-02-02 10:52:00,SHORT,22030.2,22028.9,8.94,1.17,213780,2024-02-02 10:53:00,22037.84,stop,-8.94,-1655.13,0.0,-9.1,11,True
213790,2024-02-02 11:03:00,LONG,22062.15,22073.2,19.25,2.347,213802,2024-02-02 11:15:00,22111.71,target,38.51,1427.83,42.7,-15.2,1,True
214010,2024-02-02 14:43:00,LONG,22019.0,22020.0,10.97,1.1,214017,2024-02-02 14:50:00,22009.03,stop,-10.97,-1786.68,10.5,-14.5,2,True
214176,2024-02-05 11:14:00,LONG,21980.0,21984.1,14.83,1.382,214186,2024-02-05 11:24:00,21969.27,stop,-14.83,-2037.15,14.9,-16.15,2,True
214282,2024-02-05 13:00:00,LONG,22008.3,22009.15,9.69,1.096,214285,2024-02-05 13:03:00,21999.46,stop,-9.69,-1703.2,3.85,-11.05,5,True
214288,2024-02-05 13:06:00,LONG,22015.8,22021.9,15.43,1.654,214296,2024-02-05 13:14:00,22006.47,stop,-15.43,-2076.53,10.75,-15.8,1,True
214344,2024-02-05 14:02:00,LONG,22015.0,22016.85,10.16,1.223,214345,2024-02-05 14:03:00,22006.69,stop,-10.16,-1733.76,0.0,-15.75,2,False
214352,2024-02-05 14:10:00,SHORT,21963.05,21948.15,26.08,2.333,214356,2024-02-05 14:14:00,21974.23,stop,-26.08,-2767.99,8.15,-34.85,1,True
214570,2024-02-06 11:33:00,LONG,21918.0,21938.0,30.36,2.93,214687,2024-02-06 13:30:00,21998.72,target,60.72,2873.64,64.85,-7.0,2,True
214755,2024-02-06 14:38:00,LONG,22005.0,22010.0,14.46,1.528,214757,2024-02-06 14:40:00,21995.54,stop,-14.46,-2013.49,5.0,-15.95,0,False
214766,2024-02-06 14:49:00,SHORT,21970.0,21967.15,12.8,1.286,214777,2024-02-06 15:00:00,21979.95,stop,-12.8,-1905.01,22.1,-12.85,0,False
214949,2024-02-07 11:37:00,SHORT,21945.05,21943.7,13.45,1.112,214963,2024-02-07 11:51:00,21957.15,stop,-13.45,-1946.73,26.15,-14.45,3,True
215003,2024-02-07 12:31:00,LONG,21948.15,21949.95,11.39,1.188,215012,2024-02-07 12:40:00,21938.56,stop,-11.39,-1813.12,15.4,-17.95,1,True
215284,2024-02-08 10:57:00,SHORT,21959.85,21937.2,37.55,2.52,215290,2024-02-08 11:03:00,21862.11,target,75.09,3808.89,82.2,-0.65,10,True
215340,2024-02-08 11:53:00,LONG,21875.3,21889.9,24.99,2.405,215345,2024-02-08 11:58:00,21864.91,stop,-24.99,-2695.55,9.1,-26.9,2,True
215431,2024-02-08 13:24:00,SHORT,21875.6,21875.45,7.59,1.02,215435,2024-02-08 13:28:00,21883.04,stop,-7.59,-1564.52,0.45,-15.55,0,False
215459,2024-02-08 13:52:00,SHORT,21875.0,21870.3,11.89,1.653,215471,2024-02-08 14:04:00,21846.51,target,23.79,474.96,30.3,-3.2,0,False
215481,2024-02-08 14:14:00,SHORT,21833.1,21829.0,13.0,1.461,215485,2024-02-08 14:18:00,21842.0,stop,-13.0,-1915.78,17.7,-23.25,0,False
215498,2024-02-08 14:31:00,SHORT,21810.0,21805.0,15.84,1.461,215501,2024-02-08 14:34:00,21820.84,stop,-15.84,-2099.64,0.35,-20.0,0,False
215525,2024-02-08 14:58:00,SHORT,21785.15,21780.95,13.47,1.453,215531,2024-02-08 15:04:00,21794.42,stop,-13.47,-1945.57,12.95,-16.55,2,True
215665,2024-02-09 11:03:00,SHORT,21710.6,21709.95,13.17,1.052,215667,2024-02-09 11:05:00,21683.61,target,26.34,643.88,27.9,-2.6,0,False
215711,2024-02-09 11:49:00,LONG,21787.4,21788.0,13.32,1.047,215716,2024-02-09 11:54:00,21774.68,stop,-13.32,-1935.39,4.55,-21.0,0,False
215752,2024-02-09 12:30:00,LONG,21818.3,21823.15,13.82,1.541,215753,2024-02-09 12:31:00,21809.33,stop,-13.82,-1968.69,0.85,-23.15,0,False
215847,2024-02-09 14:05:00,LONG,21819.0,21822.0,11.64,1.347,215850,2024-02-09 14:08:00,21810.36,stop,-11.64,-1826.74,0.0,-13.3,0,False
215861,2024-02-09 14:19:00,LONG,21843.95,21847.1,14.05,1.289,215867,2024-02-09 14:25:00,21833.05,stop,-14.05,-1983.89,5.5,-16.9,2,True
215912,2024-02-09 15:10:00,LONG,21856.65,21866.5,21.98,1.812,215916,2024-02-09 15:14:00,21844.52,stop,-21.98,-2499.78,0.9,-25.5,8,True
215999,2024-02-12 10:22:00,SHORT,21766.05,21765.6,14.2,1.033,216003,2024-02-12 10:26:00,21737.2,target,28.4,776.66,33.7,-0.75,4,True
216036,2024-02-12 10:59:00,LONG,21768.9,21772.0,14.37,1.275,216042,2024-02-12 11:05:00,21757.63,stop,-14.37,-2003.72,8.0,-23.0,1,True
216100,2024-02-12 12:03:00,SHORT,21749.0,21739.0,19.43,2.06,216105,2024-02-12 12:08:00,21700.13,target,38.87,1457.52,47.0,-0.4,1,True
216230,2024-02-12 14:13:00,LONG,21758.7,21770.0,23.69,1.912,216236,2024-02-12 14:19:00,21746.31,stop,-23.69,-2608.85,12.25,-28.9,0,False
216276,2024-02-12 14:59:00,SHORT,21695.55,21692.0,15.8,1.29,216277,2024-02-12 15:00:00,21707.8,stop,-15.8,-2095.17,0.0,-23.0,0,False
216351,2024-02-13 09:59:00,LONG,21745.0,21750.85,23.17,1.338,216402,2024-02-13 10:50:00,21797.18,target,46.33,1941.65,47.8,-22.85,3,True
216404,2024-02-13 10:52:00,LONG,21811.0,21812.65,12.38,1.154,216409,2024-02-13 10:57:00,21800.27,stop,-12.38,-1874.93,7.35,-13.55,1,True
216442,2024-02-13 11:30:00,SHORT,21785.1,21763.85,31.81,3.013,216445,2024-02-13 11:33:00,21795.66,stop,-31.81,-3136.99,0.75,-33.6,1,True
216477,2024-02-13 12:05:00,SHORT,21747.65,21745.4,12.0,1.231,216479,2024-02-13 12:07:00,21757.4,stop,-12.0,-1848.92,4.4,-12.6,0,False
216530,2024-02-13 12:58:00,LONG,21725.0,21728.0,13.43,1.288,216532,2024-02-13 13:00:00,21754.86,target,26.86,676.51,53.85,-0.55,4,True
216559,2024-02-13 13:27:00,LONG,21769.95,21782.2,23.45,2.094,216597,2024-02-13 14:05:00,21829.1,target,46.9,1978.22,55.7,-10.8,0,False
216660,2024-02-13 15:08:00,LONG,21825.5,21826.95,11.73,1.141,216673,2024-02-13 15:21:00,21815.22,stop,-11.73,-1832.81,17.1,-11.95,0,False
216856,2024-02-14 12:09:00,LONG,21685.0,21685.4,8.42,1.05,216874,2024-02-14 12:27:00,21702.25,target,16.85,26.78,21.45,-7.9,3,True
217000,2024-02-14 14:33:00,LONG,21845.0,21869.55,39.48,2.644,217028,2024-02-14 15:01:00,21948.52,target,78.97,4060.37,80.75,-11.15,1,True
217097,2024-02-15 09:55:00,SHORT,21872.35,21858.65,34.66,1.654,217105,2024-02-15 10:03:00,21893.31,stop,-34.66,-3324.06,12.15,-35.2,7,True
217255,2024-02-15 12:33:00,SHORT,21901.55,21897.7,12.2,1.461,217257,2024-02-15 12:35:00,21909.9,stop,-12.2,-1864.99,8.95,-14.3,2,True
217303,2024-02-15 13:21:00,LONG,21934.0,21934.15,7.36,1.021,217315,2024-02-15 13:33:00,21948.88,target,14.73,-115.34,17.95,-4.95,7,False
217317,2024-02-15 13:35:00,LONG,21952.7,21954.9,10.02,1.281,217321,2024-02-15 13:39:00,21974.94,target,20.04,229.71,41.95,-2.7,2,True
217456,2024-02-16 09:39:00,LONG,22075.05,22081.0,15.35,1.633,217461,2024-02-16 09:44:00,22065.65,stop,-15.35,-2072.27,6.95,-21.2,0,False
217573,2024-02-16 11:36:00,SHORT,22090.9,22088.2,9.17,1.418,217580,2024-02-16 11:43:00,22069.87,target,18.33,116.57,19.3,-2.0,1,True
217652,2024-02-16 12:55:00,LONG,22119.55,22121.0,7.33,1.247,217658,2024-02-16 13:01:00,22113.67,stop,-7.33,-1551.83,5.0,-9.3,1,True
217756,2024-02-16 14:39:00,LONG,22124.1,22132.0,15.22,2.08,217765,2024-02-16 14:48:00,22116.78,stop,-15.22,-2064.64,7.95,-16.0,0,False
217797,2024-02-16 15:20:00,SHORT,22090.0,22079.9,18.71,2.173,217802,2024-02-16 15:25:00,22085.1,eod,-5.2,-1412.88,2.5,-10.1,4,True
218014,2024-02-19 12:42:00,LONG,22230.0,22234.05,11.16,1.57,218018,2024-02-19 12:46:00,22222.89,stop,-11.16,-1802.54,0.0,-12.8,0,False
218149,2024-02-19 14:57:00,SHORT,22198.0,22195.75,11.67,1.239,218153,2024-02-19 15:01:00,22207.42,stop,-11.67,-1835.43,9.05,-17.75,0,False
218263,2024-02-20 10:36:00,SHORT,22134.65,22128.75,17.62,1.504,218307,2024-02-20 11:20:00,22146.37,stop,-17.62,-2220.82,29.7,-20.55,0,False
218408,2024-02-20 13:01:00,SHORT,22185.1,22184.0,8.09,1.157,218411,2024-02-20 13:04:00,22192.09,stop,-8.09,-1602.53,3.95,-8.5,3,True
218622,2024-02-21 10:20:00,SHORT,22220.2,22216.95,14.34,1.293,218625,2024-02-21 10:23:00,22231.29,stop,-14.34,-2009.14,6.75,-15.0,0,False
218703,2024-02-21 11:41:00,LONG,22235.0,22237.8,11.02,1.341,218711,2024-02-21 11:49:00,22226.78,stop,-11.02,-1793.47,7.2,-11.8,1,True
218829,2024-02-21 13:47:00,SHORT,22224.65,22217.15,15.65,1.921,218837,2024-02-21 13:55:00,22185.86,target,31.29,956.82,36.15,0.0,3,True
218867,2024-02-21 14:25:00,SHORT,22099.05,22090.35,24.47,1.552,218871,2024-02-21 14:29:00,22114.82,stop,-24.47,-2665.52,6.15,-27.2,2,True
218881,2024-02-21 14:39:00,SHORT,22077.85,22063.5,31.06,1.859,218911,2024-02-21 15:09:00,22094.56,stop,-31.06,-3093.49,40.4,-33.9,0,False
219079,2024-02-22 11:42:00,LONG,22009.0,22013.0,13.87,1.405,219087,2024-02-22 11:50:00,21999.13,stop,-13.87,-1975.34,12.0,-19.95,0,False
219210,2024-02-22 13:53:00,LONG,22118.3,22120.0,13.78,1.141,219213,2024-02-22 13:56:00,22106.22,stop,-13.78,-1971.33,9.0,-15.65,2,True
219265,2024-02-22 14:48:00,LONG,22180.0,22188.95,21.37,1.721,219268,2024-02-22 14:51:00,22231.68,target,42.73,1700.28,46.05,-2.95,1,True
219310,2024-02-23 09:18:00,LONG,22271.05,22275.0,14.77,1.365,219319,2024-02-23 09:27:00,22260.23,stop,-14.77,-2038.19,7.2,-21.05,6,True
219359,2024-02-23 10:07:00,LONG,22289.0,22290.4,11.65,1.137,219370,2024-02-23 10:18:00,22313.7,target,23.3,435.4,25.6,-10.4,0,False
219516,2024-02-23 12:44:00,LONG,22294.5,22296.4,9.01,1.267,219519,2024-02-23 12:47:00,22287.39,stop,-9.01,-1663.96,1.2,-10.1,3,True
219526,2024-02-23 12:54:00,LONG,22298.0,22298.45,6.89,1.07,219528,2024-02-23 12:56:00,22291.56,stop,-6.89,-1526.07,1.55,-8.3,2,True
219557,2024-02-23 13:25:00,SHORT,22234.5,22229.8,13.7,1.522,219561,2024-02-23 13:29:00,22243.5,stop,-13.7,-1968.16,6.7,-25.2,0,False
219590,2024-02-23 13:58:00,SHORT,22252.25,22252.0,9.26,1.028,219593,2024-02-23 14:01:00,22261.26,stop,-9.26,-1679.75,2.0,-17.9,2,True
219711,2024-02-26 09:44:00,LONG,22208.15,22220.05,22.52,2.121,219717,2024-02-26 09:50:00,22197.53,stop,-22.52,-2540.71,8.75,-39.5,3,True
219906,2024-02-26 12:59:00,LONG,22144.0,22145.25,8.6,1.17,219908,2024-02-26 13:01:00,22136.65,stop,-8.6,-1635.01,3.35,-10.25,1,True
219915,2024-02-26 13:08:00,LONG,22150.95,22154.5,11.12,1.469,219919,2024-02-26 13:12:00,22176.74,target,22.24,368.95,23.05,-2.5,0,False
219990,2024-02-26 14:23:00,LONG,22195.0,22200.45,14.08,1.631,219993,2024-02-26 14:26:00,22186.37,stop,-14.08,-1991.95,5.45,-16.5,0,False
220016,2024-02-26 14:49:00,SHORT,22145.0,22142.0,13.24,1.293,220029,2024-02-26 15:02:00,22155.24,stop,-13.24,-1936.82,19.15,-26.9,2,True
220082,2024-02-27 09:40:00,LONG,22148.0,22150.0,11.51,1.21,220084,2024-02-27 09:42:00,22138.49,stop,-11.51,-1823.83,1.25,-18.1,3,True
220097,2024-02-27 09:55:00,SHORT,22127.3,22126.3,10.83,1.102,220099,2024-02-27 09:57:00,22137.13,stop,-10.83,-1779.38,0.0,-11.7,1,True
220103,2024-02-27 10:01:00,LONG,22155.0,22156.55,10.81,1.167,220107,2024-02-27 10:05:00,22145.74,stop,-10.81,-1778.36,3.2,-11.3,1,True
220187,2024-02-27 11:25:00,LONG,22159.75,22167.25,16.3,1.852,220202,2024-02-27 11:40:00,22150.95,stop,-16.3,-2135.56,7.25,-16.8,0,False
220270,2024-02-27 12:48:00,LONG,22172.0,22182.9,18.53,2.429,220301,2024-02-27 13:19:00,22219.95,target,37.05,1331.27,39.1,0.0,3,True
220403,2024-02-27 15:01:00,LONG,22199.9,22205.5,14.39,1.637,220418,2024-02-27 15:16:00,22191.11,stop,-14.39,-2011.91,23.45,-19.4,2,True
220474,2024-02-28 09:57:00,SHORT,22185.15,22184.7,8.88,1.053,220477,2024-02-28 10:00:00,22166.94,target,17.76,77.96,18.2,-6.3,3,True
220484,2024-02-28 10:07:00,LONG,22210.0,22216.4,16.07,1.662,220509,2024-02-28 10:32:00,22200.33,stop,-16.07,-2121.64,8.6,-18.4,0,False
220530,2024-02-28 10:53:00,SHORT,22101.0,22097.0,16.54,1.319,220535,2024-02-28 10:58:00,22063.91,target,33.09,1075.65,40.1,-15.6,4,True
220749,2024-02-28 14:32:00,SHORT,21992.95,21985.35,20.09,1.609,220760,2024-02-28 14:43:00,21945.18,target,40.17,1538.1,41.35,-0.65,0,False
220847,2024-02-29 09:55:00,LONG,21984.8,22006.4,39.73,2.192,220860,2024-02-29 10:08:00,21966.67,stop,-39.73,-3655.24,23.55,-83.15,1,True
220865,2024-02-29 10:13:00,SHORT,21886.3,21857.95,50.01,2.309,220884,2024-02-29 10:32:00,21907.96,stop,-50.01,-4321.62,14.15,-51.05,2,True
220996,2024-02-29 12:24:00,SHORT,21938.6,21937.85,12.84,1.062,221001,2024-02-29 12:29:00,21912.17,target,25.68,596.79,44.9,-9.15,0,False
221044,2024-02-29 13:12:00,LONG,21972.8,21975.45,12.85,1.26,221048,2024-02-29 13:16:00,22001.15,target,25.7,597.05,26.25,-3.45,2,True
221101,2024-02-29 14:09:00,SHORT,21947.0,21945.0,13.11,1.18,221103,2024-02-29 14:11:00,21958.11,stop,-13.11,-1924.52,3.4,-17.2,0,False
221123,2024-02-29 14:31:00,SHORT,21941.6,21926.45,27.37,2.239,221133,2024-02-29 14:41:00,21953.82,stop,-27.37,-2851.56,21.45,-28.2,3,True
221137,2024-02-29 14:45:00,LONG,21999.75,21999.95,15.15,1.013,221140,2024-02-29 14:48:00,21984.8,stop,-15.15,-2058.23,4.55,-18.35,1,True
221297,2024-03-01 11:10:00,LONG,22309.0,22331.0,30.7,3.528,221324,2024-03-01 11:37:00,22392.41,target,61.41,2911.38,61.5,-2.35,1,True
221379,2024-03-01 12:32:00,LONG,22404.0,22406.0,9.8,1.257,221382,2024-03-01 12:35:00,22396.2,stop,-9.8,-1717.06,2.0,-11.0,4,True
221419,2024-03-01 13:12:00,SHORT,22389.2,22384.1,13.59,1.6,221421,2024-03-01 13:14:00,22397.69,stop,-13.59,-1963.65,0.0,-15.9,0,False
221677,2024-03-04 09:29:00,SHORT,22500.0,22490.1,18.12,2.205,221712,2024-03-04 10:04:00,22508.22,stop,-18.12,-2259.43,23.6,-20.3,0,False
221812,2024-03-04 11:44:00,LONG,22505.0,22505.45,7.61,1.063,221821,2024-03-04 11:53:00,22497.84,stop,-7.61,-1576.6,14.2,-9.25,0,False
221880,2024-03-04 12:52:00,SHORT,22485.0,22482.5,9.79,1.343,221886,2024-03-04 12:58:00,22492.29,stop,-9.79,-1718.38,10.35,-12.25,3,True
221935,2024-03-04 13:47:00,SHORT,22495.0,22493.1,7.84,1.32,221937,2024-03-04 13:49:00,22500.94,stop,-7.84,-1591.75,0.0,-13.4,0,False
221959,2024-03-04 14:11:00,LONG,22513.55,22514.1,7.73,1.077,221979,2024-03-04 14:31:00,22506.37,stop,-7.73,-1584.72,12.95,-10.25,0,False
222083,2024-03-05 10:00:00,SHORT,22430.0,22424.1,15.49,1.615,222103,2024-03-05 10:20:00,22393.13,target,30.97,932.59,33.0,-14.9,2,True
222118,2024-03-05 10:35:00,SHORT,22379.35,22371.9,17.87,1.715,222122,2024-03-05 10:39:00,22389.77,stop,-17.87,-2241.34,0.9,-18.0,3,True
222150,2024-03-05 11:07:00,SHORT,22385.25,22383.0,9.22,1.323,222158,2024-03-05 11:15:00,22364.56,target,18.44,118.55,28.0,0.0,2,True
222312,2024-03-05 13:49:00,SHORT,22463.6,22455.8,16.38,1.909,222391,2024-03-05 15:08:00,22423.04,target,32.76,1048.2,34.45,-14.2,1,True
222442,2024-03-06 09:44:00,LONG,22440.2,22455.0,27.61,2.156,222448,2024-03-06 09:50:00,22427.39,stop,-27.61,-2875.41,8.0,-35.9,1,True
222456,2024-03-06 09:58:00,SHORT,22386.55,22386.45,14.32,1.007,222459,2024-03-06 10:01:00,22357.81,target,28.64,781.41,29.7,-5.8,0,False
222556,2024-03-06 11:38:00,SHORT,22365.25,22356.0,19.53,1.9,222615,2024-03-06 12:37:00,22375.53,stop,-19.53,-2348.88,34.0,-22.0,11,True
222677,2024-03-06 13:39:00,LONG,22400.35,22412.5,20.07,2.534,222685,2024-03-06 13:47:00,22452.64,target,40.14,1528.11,46.5,0.0,9,True
222688,2024-03-06 13:50:00,LONG,22466.6,22474.5,19.33,1.691,222703,2024-03-06 14:05:00,22513.15,target,38.65,1430.14,40.5,-1.55,8,True
222704,2024-03-06 14:06:00,LONG,22516.0,22523.0,19.89,1.543,222706,2024-03-06 14:08:00,22503.11,stop,-19.89,-2374.78,0.35,-21.25,1,True
222713,2024-03-06 14:15:00,LONG,22525.0,22530.0,16.65,1.429,222730,2024-03-06 14:32:00,22563.31,target,33.31,1082.04,39.0,-15.9,7,True
222876,2024-03-07 10:43:00,SHORT,22566.0,22562.25,9.74,1.626,222877,2024-03-07 10:44:00,22542.76,target,19.49,183.5,29.35,-0.75,1,True
222926,2024-03-07 11:33:00,LONG,22602.0,22602.45,6.59,1.073,222933,2024-03-07 11:40:00,22595.86,stop,-6.59,-1512.0,6.55,-7.45,6,True
223068,2024-03-07 13:55:00,LONG,22598.6,22598.75,4.64,1.033,223071,2024-03-07 13:58:00,22594.11,stop,-4.64,-1385.53,1.7,-10.85,0,False
223076,2024-03-07 14:03:00,SHORT,22576.75,22570.05,12.68,2.12,223095,2024-03-07 14:22:00,22582.73,stop,-12.68,-1907.62,5.1,-14.45,0,False
223117,2024-03-07 14:44:00,SHORT,22564.95,22560.0,10.49,1.893,223123,2024-03-07 14:50:00,22570.49,stop,-10.49,-1765.04,2.75,-14.2,0,False
223151,2024-03-07 15:18:00,SHORT,22555.0,22553.05,8.68,1.29,223158,2024-03-07 15:25:00,22540.15,eod,12.9,-244.43,14.0,-1.9,5,True
223462,2024-03-11 14:14:00,SHORT,22469.6,22463.65,13.53,1.785,223466,2024-03-11 14:18:00,22477.18,stop,-13.53,-1961.18,3.65,-16.35,0,False
223561,2024-03-12 09:38:00,LONG,22503.0,22513.0,21.54,1.866,223565,2024-03-12 09:42:00,22491.46,stop,-21.54,-2482.2,0.75,-22.55,1,True
223582,2024-03-12 09:59:00,LONG,22515.0,22518.65,13.39,1.375,223614,2024-03-12 10:31:00,22505.26,stop,-13.39,-1952.84,19.25,-17.65,1,True
223626,2024-03-12 10:43:00,SHORT,22490.4,22482.2,19.23,1.743,223628,2024-03-12 10:45:00,22443.73,target,38.47,1418.66,42.2,-4.65,0,False
223714,2024-03-12 12:11:00,LONG,22485.9,22486.2,10.84,1.028,223716,2024-03-12 12:13:00,22475.36,stop,-10.84,-1785.94,5.5,-24.2,1,True
223760,2024-03-12 12:57:00,SHORT,22458.1,22456.95,8.89,1.148,223768,2024-03-12 13:05:00,22439.16,target,17.79,75.03,20.95,-2.95,3,False
223784,2024-03-12 13:21:00,LONG,22476.7,22477.55,7.99,1.119,223785,2024-03-12 13:22:00,22469.56,stop,-7.99,-1600.79,0.0,-9.3,4,True
223792,2024-03-12 13:29:00,LONG,22480.0,22485.0,11.66,1.75,223835,2024-03-12 14:12:00,22473.34,stop,-11.66,-1839.7,18.95,-14.85,2,True
223928,2024-03-13 09:30:00,SHORT,22432.05,22429.05,13.2,1.294,223935,2024-03-13 09:37:00,22402.66,target,26.39,634.74,27.05,-5.9,1,True
224018,2024-03-13 11:00:00,SHORT,22376.0,22368.0,18.5,1.762,224040,2024-03-13 11:22:00,22330.99,target,37.01,1325.85,39.0,-1.95,7,True
224136,2024-03-13 12:58:00,LONG,22224.9,22225.0,12.9,1.008,224150,2024-03-13 13:12:00,22212.1,stop,-12.9,-1915.91,7.15,-14.75,2,True
224188,2024-03-13 13:50:00,SHORT,22158.4,22143.95,27.18,2.135,224216,2024-03-13 14:18:00,22089.59,target,54.36,2457.44,71.95,-23.85,2,True
224331,2024-03-14 09:58:00,LONG,22153.0,22156.0,19.2,1.185,224343,2024-03-14 10:10:00,22136.8,stop,-19.2,-2323.94,14.0,-38.8,0,False
224367,2024-03-14 10:34:00,LONG,22170.0,22173.3,14.45,1.296,224374,2024-03-14 10:41:00,22202.21,target,28.91,802.1,38.55,-5.3,0,False
224394,2024-03-14 11:01:00,LONG,22213.2,22214.4,11.52,1.116,224397,2024-03-14 11:04:00,22202.88,stop,-11.52,-1826.02,0.3,-24.5,0,False
224425,2024-03-14 11:32:00,LONG,22232.15,22240.0,17.98,1.775,224435,2024-03-14 11:42:00,22275.96,target,35.96,1259.31,53.95,-1.35,0,False
224634,2024-03-14 15:01:00,LONG,22264.0,22277.5,25.68,2.108,224658,2024-03-14 15:25:00,22259.15,eod,-18.35,-2270.73,2.85,-22.45,1,True
224688,2024-03-15 09:40:00,SHORT,22102.9,22094.2,23.35,1.594,224694,2024-03-15 09:46:00,22117.55,stop,-23.35,-2592.89,4.2,-26.4,3,True
224743,2024-03-15 10:35:00,SHORT,22038.5,22034.2,15.14,1.397,224750,2024-03-15 10:42:00,22049.34,stop,-15.14,-2058.37,5.2,-20.8,5,True
224841,2024-03-15 12:13:00,SHORT,22011.25,22002.75,17.99,1.896,224843,2024-03-15 12:15:00,22020.74,stop,-17.99,-2242.99,1.85,-23.65,2,True
224876,2024-03-15 12:48:00,LONG,22034.9,22050.2,23.97,2.765,224924,2024-03-15 13:36:00,22098.13,target,47.93,2040.7,49.7,-0.25,5,True
225057,2024-03-18 09:34:00,SHORT,22055.8,22052.95,19.24,1.174,225078,2024-03-18 09:55:00,22072.19,stop,-19.24,-2324.93,31.55,-42.05,0,False
225180,2024-03-18 11:37:00,LONG,22067.05,22078.3,21.93,2.053,225211,2024-03-18 12:08:00,22122.17,target,43.87,1775.97,46.7,-16.85,0,False
225220,2024-03-18 12:17:00,LONG,22123.95,22134.55,23.16,1.844,225228,2024-03-18 12:25:00,22180.87,target,46.32,1934.14,51.9,-7.55,2,True
225343,2024-03-18 14:20:00,LONG,22175.0,22192.0,26.87,2.722,225383,2024-03-18 15:00:00,22165.13,stop,-26.87,-2823.11,27.3,-32.0,3,True
225390,2024-03-18 15:07:00,SHORT,22134.05,22129.4,16.08,1.407,225398,2024-03-18 15:15:00,22145.48,stop,-16.08,-2121.21,17.05,-16.55,2,True
225420,2024-03-19 09:22:00,SHORT,22021.1,22020.35,14.09,1.056,225424,2024-03-19 09:26:00,22034.44,stop,-14.09,-1989.97,10.8,-15.8,1,True
225456,2024-03-19 09:58:00,SHORT,22000.0,21997.0,14.86,1.253,225458,2024-03-19 10:00:00,21967.28,target,29.72,858.5,37.0,0.0,0,False
225537,2024-03-19 11:19:00,LONG,21948.5,21952.05,13.19,1.368,225542,2024-03-19 11:24:00,21938.86,stop,-13.19,-1929.63,7.95,-15.7,0,False
225590,2024-03-19 12:12:00,LONG,21914.45,21918.6,12.74,1.483,225605,2024-03-19 12:27:00,21944.08,target,25.48,583.99,26.0,-10.6,0,False
225645,2024-03-19 13:07:00,LONG,21949.35,21950.15,9.47,1.092,225649,2024-03-19 13:11:00,21940.68,stop,-9.47,-1688.14,1.85,-12.15,6,False
225698,2024-03-19 14:00:00,SHORT,21920.5,21916.05,13.24,1.506,225701,2024-03-19 14:03:00,21889.58,target,26.47,648.78,31.95,0.0,0,False
225759,2024-03-19 15:01:00,SHORT,21894.3,21892.25,11.01,1.229,225761,2024-03-19 15:03:00,21903.26,stop,-11.01,-1787.3,2.25,-20.1,0,False
225797,2024-03-20 09:24:00,LONG,21952.0,21957.0,14.48,1.528,225801,2024-03-20 09:28:00,21942.52,stop,-14.48,-2013.65,3.0,-35.6,11,True
225835,2024-03-20 10:02:00,SHORT,21868.3,21864.0,18.53,1.302,225836,2024-03-20 10:03:00,21882.53,stop,-18.53,-2275.92,6.0,-25.4,0,False
225876,2024-03-20 10:43:00,SHORT,21828.95,21817.45,23.5,1.959,225889,2024-03-20 10:56:00,21840.95,stop,-23.5,-2597.71,18.45,-26.4,0,False
225917,2024-03-20 11:24:00,SHORT,21850.0,21846.75,14.38,1.292,225921,2024-03-20 11:28:00,21861.13,stop,-14.38,-2005.78,3.7,-16.2,1,True
225970,2024-03-20 12:17:00,LONG,21950.0,21959.0,20.83,1.761,225973,2024-03-20 12:20:00,21938.17,stop,-20.83,-2426.14,8.6,-21.2,0,False
226004,2024-03-20 12:51:00,LONG,21960.0,21962.6,10.51,1.329,226006,2024-03-20 12:53:00,21952.09,stop,-10.51,-1756.13,0.0,-13.6,5,True
226023,2024-03-20 13:10:00,LONG,21968.45,21970.0,9.91,1.185,226032,2024-03-20 13:19:00,21960.09,stop,-9.91,-1717.15,7.85,-10.0,0,False
226063,2024-03-20 13:50:00,SHORT,21930.0,21927.45,11.98,1.27,226065,2024-03-20 13:52:00,21939.43,stop,-11.98,-1851.16,1.4,-12.55,0,False
226099,2024-03-20 14:26:00,SHORT,21902.65,21899.0,15.54,1.307,226114,2024-03-20 14:41:00,21914.54,stop,-15.54,-2081.84,16.45,-17.0,5,True
226152,2024-03-20 15:19:00,LONG,21918.0,21922.4,12.37,1.552,226158,2024-03-20 15:25:00,21919.0,eod,-3.4,-1293.12,1.15,-6.55,4,True
226212,2024-03-21 10:04:00,LONG,22091.95,22099.0,16.87,1.718,226218,2024-03-21 10:10:00,22132.75,target,33.75,1117.94,36.0,-1.05,0,False
226270,2024-03-21 11:02:00,LONG,22135.0,22138.75,10.97,1.519,226287,2024-03-21 11:19:00,22127.78,stop,-10.97,-1789.02,10.25,-11.5,1,True
226307,2024-03-21 11:39:00,SHORT,22115.5,22105.85,16.1,2.495,226329,2024-03-21 12:01:00,22073.64,target,32.21,1018.33,40.8,-9.25,2,True
226385,2024-03-21 12:57:00,LONG,22076.0,22080.95,12.64,1.644,226395,2024-03-21 13:07:00,22068.31,stop,-12.64,-1896.09,7.35,-15.75,1,True
226532,2024-03-21 15:24:00,LONG,22111.45,22113.3,8.08,1.297,226533,2024-03-21 15:25:00,22119.45,eod,6.15,-675.78,6.15,-3.25,0,False
226673,2024-03-22 11:30:00,LONG,22149.0,22149.85,9.69,1.096,226674,2024-03-22 11:31:00,22140.16,stop,-9.69,-1706.05,0.0,-10.8,2,True
226718,2024-03-22 12:15:00,SHORT,22140.0,22139.7,8.11,1.038,226727,2024-03-22 12:24:00,22147.81,stop,-8.11,-1602.99,14.25,-9.6,1,True
226797,2024-03-22 13:34:00,SHORT,22165.2,22161.4,10.24,1.59,226818,2024-03-22 13:55:00,22171.64,stop,-10.24,-1742.03,18.45,-19.3,0,False
226831,2024-03-22 14:08:00,LONG,22183.4,22184.0,7.68,1.085,226835,2024-03-22 14:12:00,22199.35,target,15.35,-78.81,15.45,-1.25,0,False
226924,2024-03-26 09:26:00,SHORT,22101.45,22100.95,13.7,1.038,226925,2024-03-26 09:27:00,22114.65,stop,-13.7,-1965.53,4.5,-21.9,10,False
227044,2024-03-26 11:26:00,LONG,22109.6,22114.9,11.87,1.807,227057,2024-03-26 11:39:00,22103.03,stop,-11.87,-1846.77,9.1,-12.45,4,True
227091,2024-03-26 12:13:00,SHORT,22087.85,22087.15,8.44,1.09,227093,2024-03-26 12:15:00,22095.59,stop,-8.44,-1623.71,0.55,-11.4,2,True
227130,2024-03-26 12:52:00,LONG,22134.0,22135.9,8.73,1.278,227134,2024-03-26 12:56:00,22127.17,stop,-8.73,-1643.1,0.1,-9.2,1,True
227183,2024-03-26 13:45:00,SHORT,22109.55,22105.7,11.46,1.506,227194,2024-03-26 13:56:00,22117.16,stop,-11.46,-1820.39,9.65,-14.3,0,False
227234,2024-03-26 14:36:00,SHORT,22103.4,22099.05,11.92,1.575,227246,2024-03-26 14:48:00,22075.22,target,23.83,474.11,27.95,-7.55,1,True
227302,2024-03-27 09:29:00,LONG,22125.45,22135.0,19.45,1.965,227332,2024-03-27 09:59:00,22173.89,target,38.89,1451.51,39.0,-5.8,2,True
227397,2024-03-27 11:04:00,LONG,22205.0,22207.0,8.72,1.297,227398,2024-03-27 11:05:00,22198.28,stop,-8.72,-1644.03,0.0,-9.45,0,False
227403,2024-03-27 11:10:00,SHORT,22181.0,22176.05,12.42,1.663,227407,2024-03-27 11:14:00,22188.47,stop,-12.42,-1883.62,4.45,-19.9,0,False
227464,2024-03-27 12:11:00,SHORT,22171.5,22168.25,9.56,1.515,227469,2024-03-27 12:16:00,22177.81,stop,-9.56,-1697.58,1.2,-10.75,1,True
227637,2024-03-27 15:04:00,SHORT,22162.6,22160.0,8.86,1.415,227639,2024-03-27 15:06:00,22142.28,target,17.72,75.66,20.85,0.0,1,True
227667,2024-03-28 09:19:00,LONG,22207.0,22208.7,9.44,1.22,227670,2024-03-28 09:22:00,22227.58,target,18.88,149.56,23.8,-4.7,0,False
227823,2024-03-28 11:55:00,SHORT,22365.0,22352.5,20.99,2.473,227850,2024-03-28 12:22:00,22373.49,stop,-20.99,-2443.66,17.5,-22.35,0,False
227863,2024-03-28 12:35:00,LONG,22382.75,22390.0,16.16,1.813,227864,2024-03-28 12:36:00,22422.33,target,32.33,1020.51,54.7,-2.1,2,True
227931,2024-03-28 13:43:00,SHORT,22426.0,22422.4,12.25,1.416,227935,2024-03-28 13:47:00,22435.0,stop_gap,-12.6,-1899.76,0.0,-15.6,4,True
227941,2024-03-28 13:53:00,LONG,22449.45,22463.15,22.53,2.552,227962,2024-03-28 14:14:00,22508.21,target,45.06,1846.63,46.85,-19.05,0,False
227993,2024-03-28 14:45:00,SHORT,22503.15,22501.25,12.0,1.188,228000,2024-03-28 14:52:00,22513.25,stop,-12.0,-1862.21,12.45,-16.85,0,False
228010,2024-03-28 15:02:00,SHORT,22418.1,22403.4,29.82,1.972,228015,2024-03-28 15:07:00,22343.76,target,59.64,2796.57,77.85,-10.35,1,True
228254,2024-04-01 12:51:00,SHORT,22593.2,22592.65,5.72,1.106,228255,2024-04-01 12:52:00,22598.37,stop,-5.72,-1455.47,4.9,-6.9,0,False
228268,2024-04-01 13:05:00,SHORT,22585.0,22571.85,21.26,2.621,228281,2024-04-01 13:18:00,22593.11,stop,-21.26,-2465.31,13.95,-21.85,1,False
228366,2024-04-01 14:43:00,SHORT,22580.0,22574.95,12.42,1.685,228371,2024-04-01 14:48:00,22587.37,stop,-12.42,-1890.88,7.95,-13.05,0,False
228397,2024-04-01 15:14:00,LONG,22604.2,22604.4,6.69,1.031,228408,2024-04-01 15:25:00,22604.65,eod,0.25,-1067.59,9.6,-4.4,2,True
228496,2024-04-02 10:38:00,SHORT,22533.5,22532.75,8.33,1.099,228500,2024-04-02 10:42:00,22541.08,stop,-8.33,-1624.21,7.7,-10.95,0,False
228535,2024-04-02 11:17:00,LONG,22557.45,22561.65,13.13,1.47,228539,2024-04-02 11:21:00,22548.52,stop,-13.13,-1936.64,3.6,-14.6,1,True
228615,2024-04-02 12:37:00,LONG,22559.95,22560.0,5.32,1.009,228624,2024-04-02 12:46:00,22554.68,stop,-5.32,-1428.6,5.8,-6.1,0,False
228643,2024-04-02 13:05:00,SHORT,22543.25,22541.85,6.98,1.251,228644,2024-04-02 13:06:00,22548.83,stop,-6.98,-1536.8,2.75,-7.0,2,True
228655,2024-04-02 13:17:00,SHORT,22538.0,22535.0,8.94,1.505,228663,2024-04-02 13:25:00,22543.94,stop,-8.94,-1663.54,9.95,-10.2,4,True
228729,2024-04-02 14:31:00,LONG,22561.0,22563.0,7.45,1.367,228734,2024-04-02 14:36:00,22555.55,stop,-7.45,-1567.03,10.85,-11.45,1,True
228879,2024-04-03 10:46:00,SHORT,22530.5,22528.0,9.77,1.344,228891,2024-04-03 10:58:00,22537.77,stop,-9.77,-1717.78,11.4,-10.1,0,False
228909,2024-04-03 11:16:00,LONG,22548.85,22549.7,7.15,1.135,228914,2024-04-03 11:21:00,22542.55,stop,-7.15,-1547.76,3.25,-7.45,1,True
228968,2024-04-03 12:15:00,LONG,22581.2,22591.85,17.25,2.615,229004,2024-04-03 12:51:00,22626.34,target,34.49,1157.82,37.0,-16.9,1,True
229066,2024-04-03 13:53:00,SHORT,22590.55,22590.4,6.08,1.025,229072,2024-04-03 13:59:00,22578.25,target,12.15,-293.74,15.55,-5.55,0,False
229134,2024-04-03 15:01:00,SHORT,22552.05,22550.0,11.17,1.225,229158,2024-04-03 15:25:00,22547.4,eod,2.6,-913.9,17.35,0.0,5,True
229164,2024-04-04 09:16:00,LONG,22647.0,22653.0,19.45,1.446,229169,2024-04-04 09:21:00,22633.55,stop,-19.45,-2348.45,4.0,-36.95,1,True
229201,2024-04-04 09:53:00,SHORT,22532.65,22530.2,18.94,1.149,229202,2024-04-04 09:54:00,22492.32,target,37.88,1379.72,42.25,0.0,0,False
229260,2024-04-04 10:52:00,SHORT,22473.0,22457.45,28.33,2.216,229281,2024-04-04 11:13:00,22485.78,stop,-28.33,-2923.18,36.95,-57.1,0,False
229371,2024-04-04 12:43:00,LONG,22542.0,22558.0,26.12,2.581,229412,2024-04-04 13:24:00,22610.24,target,52.24,2311.84,64.6,-2.95,2,True
229492,2024-04-04 14:44:00,LONG,22648.85,22649.0,8.87,1.017,229497,2024-04-04 14:49:00,22640.13,stop,-8.87,-1660.9,1.0,-14.15,1,True
229653,2024-04-05 11:10:00,LONG,22575.0,22581.2,13.03,1.907,229664,2024-04-05 11:21:00,22568.17,stop,-13.03,-1930.36,5.6,-21.15,5,True
229665,2024-04-05 11:22:00,SHORT,22551.0,22546.6,12.65,1.533,229667,2024-04-05 11:24:00,22559.25,stop,-12.65,-1905.17,10.45,-13.25,0,False
229726,2024-04-05 12:23:00,LONG,22580.0,22583.35,8.55,1.644,229728,2024-04-05 12:25:00,22574.8,stop,-8.55,-1639.31,1.65,-10.35,3,True
229748,2024-04-05 12:45:00,SHORT,22567.75,22565.45,8.17,1.392,229750,2024-04-05 12:47:00,22573.62,stop,-8.17,-1614.32,3.45,-8.55,1,True
229823,2024-04-05 14:00:00,LONG,22583.05,22586.0,8.85,1.5,229834,2024-04-05 14:11:00,22577.15,stop,-8.85,-1658.91,9.0,-14.0,0,False
229860,2024-04-05 14:37:00,SHORT,22557.0,22554.4,8.51,1.44,229862,2024-04-05 14:39:00,22562.91,stop,-8.51,-1636.12,1.4,-8.6,0,False
230015,2024-04-08 10:57:00,LONG,22705.35,22706.0,6.67,1.108,230017,2024-04-08 10:59:00,22699.33,stop,-6.67,-1519.12,0.0,-6.95,0,False
230040,2024-04-08 11:22:00,LONG,22707.75,22711.85,9.23,1.8,230041,2024-04-08 11:23:00,22702.62,stop,-9.23,-1685.35,0.0,-9.85,0,False
230058,2024-04-08 11:40:00,LONG,22712.6,22712.95,5.78,1.064,230087,2024-04-08 12:09:00,22724.5,target,11.55,-334.89,11.7,-5.6,2,True
230140,2024-04-08 13:02:00,LONG,22747.9,22754.6,11.76,2.325,230165,2024-04-08 13:27:00,22742.84,stop,-11.76,-1850.32,18.7,-22.5,3,True
230166,2024-04-08 13:28:00,SHORT,22735.5,22724.45,18.24,2.538,230174,2024-04-08 13:36:00,22742.69,stop,-18.24,-2271.33,13.45,-19.55,1,True
230405,2024-04-09 11:12:00,SHORT,22823.95,22809.0,21.18,3.4,230429,2024-04-09 11:36:00,22830.18,stop,-21.18,-2464.07,1.8,-22.75,2,True
230532,2024-04-09 13:19:00,SHORT,22751.0,22750.15,8.86,1.106,230533,2024-04-09 13:20:00,22759.01,stop,-8.86,-1662.09,0.15,-9.75,0,False
230581,2024-04-09 14:08:00,SHORT,22732.0,22731.4,9.06,1.071,230587,2024-04-09 14:14:00,22713.28,target,18.12,91.59,22.6,-5.65,3,True
230876,2024-04-10 12:48:00,SHORT,22767.65,22767.1,4.65,1.134,230877,2024-04-10 12:49:00,22771.75,stop,-4.65,-1389.06,0.0,-4.9,1,True
230890,2024-04-10 13:02:00,LONG,22780.0,22780.5,4.66,1.12,230909,2024-04-10 13:21:00,22789.83,target,9.33,-480.76,11.55,-3.5,0,False
230910,2024-04-10 13:22:00,LONG,22795.0,22802.25,12.49,2.383,230940,2024-04-10 13:52:00,22789.76,stop,-12.49,-1899.08,11.3,-16.25,4,True
230972,2024-04-10 14:24:00,LONG,22807.75,22809.15,6.43,1.278,230979,2024-04-10 14:31:00,22802.72,stop,-6.43,-1505.45,4.05,-8.35,3,True
231076,2024-04-12 09:53:00,SHORT,22700.5,22697.0,14.5,1.318,231079,2024-04-12 09:56:00,22711.5,stop,-14.5,-2028.18,0.05,-15.3,8,True
231092,2024-04-12 10:09:00,SHORT,22693.0,22691.55,10.69,1.157,231095,2024-04-12 10:12:00,22702.24,stop,-10.69,-1780.45,0.95,-12.15,2,True
231127,2024-04-12 10:44:00,LONG,22719.1,22723.0,10.74,1.57,231132,2024-04-12 10:49:00,22712.26,stop,-10.74,-1783.76,2.0,-12.8,3,True
231200,2024-04-12 11:57:00,LONG,22749.0,22754.95,10.52,2.302,231203,2024-04-12 12:00:00,22744.43,stop,-10.52,-1770.12,2.05,-12.9,1,True
231221,2024-04-12 12:18:00,SHORT,22680.85,22678.85,11.21,1.217,231222,2024-04-12 12:19:00,22690.06,stop,-11.21,-1813.75,4.85,-17.1,0,False
231368,2024-04-12 14:45:00,SHORT,22606.25,22606.2,8.62,1.006,231371,2024-04-12 14:48:00,22614.82,stop,-8.62,-1644.29,0.8,-10.85,1,True
231509,2024-04-15 10:51:00,LONG,22481.0,22487.8,17.79,1.619,231530,2024-04-15 11:12:00,22470.01,stop,-17.79,-2237.95,29.75,-29.0,3,True
231569,2024-04-15 11:51:00,SHORT,22450.0,22446.6,11.81,1.404,231570,2024-04-15 11:52:00,22458.41,stop,-11.81,-1848.58,5.1,-14.4,1,True
231746,2024-04-15 14:48:00,SHORT,22364.85,22358.0,16.02,1.747,231753,2024-04-15 14:55:00,22374.02,stop,-16.02,-2120.68,4.95,-17.0,1,True
231855,2024-04-16 10:22:00,SHORT,22210.05,22204.65,15.14,1.554,231860,2024-04-16 10:27:00,22219.79,stop,-15.14,-2061.32,3.45,-15.35,1,True
231939,2024-04-16 11:46:00,SHORT,22217.0,22210.7,11.83,2.139,231942,2024-04-16 11:49:00,22222.53,stop,-11.83,-1846.21,2.7,-12.6,1,True
232432,2024-04-18 13:44:00,SHORT,22145.85,22145.0,31.17,1.028,232436,2024-04-18 13:48:00,22176.17,stop,-31.17,-3102.35,5.25,-32.4,0,False
232481,2024-04-18 14:33:00,SHORT,22151.0,22143.95,18.96,1.592,232491,2024-04-18 14:43:00,22106.02,target,37.93,1389.46,50.6,-5.1,2,True
232584,2024-04-19 10:01:00,LONG,21893.0,21900.95,22.12,1.561,232594,2024-04-19 10:11:00,21878.83,stop,-22.12,-2509.44,6.55,-25.95,0,False
232664,2024-04-19 11:21:00,LONG,21888.0,21888.45,9.21,1.051,232670,2024-04-19 11:27:00,21906.86,target,18.41,124.97,40.7,-1.45,0,False
233073,2024-04-22 11:55:00,LONG,22298.4,22300.0,8.46,1.233,233078,2024-04-22 12:00:00,22291.54,stop,-8.46,-1628.42,6.95,-10.0,2,True
233136,2024-04-22 12:58:00,SHORT,22260.15,22259.0,7.56,1.179,233143,2024-04-22 13:05:00,22266.56,stop,-7.56,-1569.17,13.7,-10.25,1,True
233215,2024-04-22 14:17:00,LONG,22290.0,22291.0,7.5,1.154,233221,2024-04-22 14:23:00,22283.5,stop,-7.5,-1565.63,7.0,-11.1,5,True
233228,2024-04-22 14:30:00,SHORT,22274.85,22272.75,9.47,1.285,233232,2024-04-22 14:34:00,22282.22,stop,-9.47,-1693.45,4.75,-12.25,0,False
233238,2024-04-22 14:40:00,LONG,22298.8,22303.05,11.91,1.555,233247,2024-04-22 14:49:00,22326.88,target,23.83,469.86,26.8,-6.45,0,False
233250,2024-04-22 14:52:00,LONG,22330.0,22330.7,9.81,1.077,233254,2024-04-22 14:56:00,22320.89,stop,-9.81,-1716.94,2.3,-16.2,5,True
233462,2024-04-23 12:09:00,LONG,22403.95,22405.7,7.78,1.29,233497,2024-04-23 12:44:00,22397.92,stop,-7.78,-1586.07,13.4,-15.2,0,False
233525,2024-04-23 13:12:00,SHORT,22370.0,22365.0,12.43,1.673,233527,2024-04-23 13:14:00,22377.43,stop,-12.43,-1887.9,0.0,-19.85,0,False
233641,2024-04-23 15:08:00,SHORT,22370.55,22367.85,12.14,1.286,233646,2024-04-23 15:13:00,22379.99,stop,-12.14,-1869.15,7.85,-14.15,0,False
233727,2024-04-24 10:19:00,LONG,22455.0,22456.0,6.96,1.168,233736,2024-04-24 10:28:00,22469.91,target,13.91,-177.34,16.0,-5.0,2,True
233820,2024-04-24 11:52:00,SHORT,22456.55,22448.0,14.31,2.485,233826,2024-04-24 11:58:00,22462.31,stop,-14.31,-2011.27,0.0,-16.35,1,True
233977,2024-04-24 14:29:00,SHORT,22441.0,22440.85,5.72,1.027,233979,2024-04-24 14:31:00,22446.57,stop,-5.72,-1453.16,0.6,-5.95,0,False
233982,2024-04-24 14:34:00,SHORT,22405.1,22404.2,10.71,1.092,233996,2024-04-24 14:48:00,22414.91,stop,-10.71,-1776.75,16.2,-10.85,1,True
234039,2024-04-25 09:16:00,SHORT,22345.05,22343.6,12.52,1.131,234053,2024-04-25 09:30:00,22356.12,stop,-12.52,-1893.36,11.1,-14.8,1,True
234096,2024-04-25 10:13:00,LONG,22460.35,22465.3,15.39,1.474,234126,2024-04-25 10:43:00,22449.91,stop,-15.39,-2081.71,29.7,-18.1,0,False
234307,2024-04-25 13:44:00,LONG,22483.9,22499.95,27.43,2.41,234327,2024-04-25 14:04:00,22554.82,target,54.87,2483.63,55.9,-4.25,0,False
234357,2024-04-25 14:34:00,LONG,22625.4,22636.9,27.3,1.728,234362,2024-04-25 14:39:00,22609.6,stop,-27.3,-2858.31,10.1,-31.8,0,False
234390,2024-04-25 15:07:00,SHORT,22589.0,22586.8,14.88,1.174,234408,2024-04-25 15:25:00,22575.7,eod,11.1,-362.01,15.15,-8.2,3,True
234609,2024-04-26 12:31:00,SHORT,22612.0,22608.0,11.39,1.541,234611,2024-04-26 12:33:00,22619.39,stop,-11.39,-1824.25,3.0,-20.05,0,False
234657,2024-04-26 13:19:00,SHORT,22605.0,22592.95,21.14,2.326,234674,2024-04-26 13:36:00,22550.67,target,42.28,1664.79,47.5,-18.05,5,True
234763,2024-04-26 15:05:00,SHORT,22545.0,22544.3,11.0,1.068,234772,2024-04-26 15:14:00,22555.3,stop,-11.0,-1797.82,14.25,-13.05,3,True
234907,2024-04-29 11:14:00,LONG,22660.0,22661.9,7.35,1.348,234917,2024-04-29 11:24:00,22654.55,stop,-7.35,-1562.62,3.1,-7.6,0,False
235008,2024-04-29 12:55:00,LONG,22686.0,22687.45,5.98,1.32,235010,2024-04-29 12:57:00,22681.47,stop,-5.98,-1473.75,2.55,-6.35,1,True
235012,2024-04-29 12:59:00,LONG,22687.8,22688.5,5.67,1.141,235018,2024-04-29 13:05:00,22682.83,stop,-5.67,-1453.7,7.6,-8.4,3,True
235036,2024-04-29 13:23:00,LONG,22699.0,22710.0,17.6,2.666,235097,2024-04-29 14:24:00,22745.21,target,35.21,1202.2,35.5,-1.9,1,True
235246,2024-04-30 10:38:00,LONG,22824.0,22829.4,13.36,1.679,235266,2024-04-30 10:58:00,22816.04,stop,-13.36,-1955.61,15.6,-15.5,4,True
235330,2024-04-30 12:02:00,LONG,22820.0,22821.7,7.92,1.273,235333,2024-04-30 12:05:00,22813.78,stop,-7.92,-1602.56,0.75,-10.3,3,True
235369,2024-04-30 12:41:00,SHORT,22811.25,22810.35,8.07,1.125,235371,2024-04-30 12:43:00,22818.42,stop,-8.07,-1612.05,5.3,-11.65,0,False
235403,2024-04-30 13:15:00,SHORT,22795.0,22793.55,8.73,1.199,235407,2024-04-30 13:19:00,22802.28,stop,-8.73,-1654.43,1.95,-11.45,2,True
235433,2024-04-30 13:45:00,LONG,22825.0,22828.0,9.37,1.471,235436,2024-04-30 13:48:00,22818.63,stop,-9.37,-1696.61,5.0,-11.1,6,True
235496,2024-04-30 14:48:00,SHORT,22785.65,22785.0,10.63,1.065,235499,2024-04-30 14:51:00,22763.75,target,21.25,294.49,33.85,0.0,0,False
235514,2024-04-30 15:06:00,SHORT,22715.45,22711.95,17.34,1.253,235518,2024-04-30 15:10:00,22729.29,stop,-17.34,-2212.85,1.2,-26.6,3,True
235567,2024-05-02 09:44:00,LONG,22740.0,22743.1,14.8,1.265,235571,2024-05-02 09:48:00,22728.3,stop,-14.8,-2047.73,14.9,-15.9,3,True
235636,2024-05-02 10:53:00,LONG,22778.0,22780.0,11.08,1.22,235640,2024-05-02 10:57:00,22768.92,stop,-11.08,-1806.83,0.05,-11.5,0,False
235749,2024-05-02 12:46:00,SHORT,22764.4,22752.95,19.38,2.444,235754,2024-05-02 12:51:00,22772.33,stop,-19.38,-2346.1,0.35,-19.9,0,False
235772,2024-05-02 13:09:00,LONG,22781.9,22782.25,7.2,1.051,235776,2024-05-02 13:13:00,22775.05,stop,-7.2,-1554.54,2.8,-7.8,0,False
235789,2024-05-02 13:26:00,LONG,22792.0,22792.3,5.42,1.059,235798,2024-05-02 13:35:00,22786.88,stop,-5.42,-1439.48,9.75,-5.9,1,True
235842,2024-05-02 14:19:00,SHORT,22770.1,22757.9,20.4,2.488,235855,2024-05-02 14:32:00,22778.3,stop,-20.4,-2412.5,7.65,-20.5,1,True
235875,2024-05-02 14:52:00,LONG,22779.4,22781.0,10.56,1.179,235883,2024-05-02 15:00:00,22770.44,stop,-10.56,-1773.06,14.7,-12.75,0,False
235963,2024-05-03 10:05:00,SHORT,22861.7,22840.0,30.91,3.357,235980,2024-05-03 10:22:00,22778.19,target,61.81,2929.96,73.95,-3.0,0,False
235998,2024-05-03 10:40:00,SHORT,22750.9,22743.35,20.32,1.591,236001,2024-05-03 10:43:00,22763.67,stop,-20.32,-2407.28,2.35,-20.65,6,True
236037,2024-05-03 11:19:00,SHORT,22707.7,22705.0,13.23,1.256,236040,2024-05-03 11:22:00,22678.55,target,26.45,633.96,35.0,-9.0,0,False
236048,2024-05-03 11:30:00,SHORT,22670.0,22658.0,24.81,1.936,236069,2024-05-03 11:51:00,22608.37,target,49.63,2141.17,55.5,0.0,1,True
236100,2024-05-03 12:22:00,LONG,22629.0,22635.0,16.49,1.572,236108,2024-05-03 12:30:00,22618.51,stop,-16.49,-2156.15,9.75,-17.25,2,True
236166,2024-05-03 13:28:00,LONG,22554.0,22562.95,19.03,1.888,236170,2024-05-03 13:32:00,22543.92,stop,-19.03,-2319.97,7.05,-22.95,1,True
236341,2024-05-06 10:08:00,SHORT,22542.2,22540.0,17.94,1.14,236344,2024-05-06 10:11:00,22557.94,stop,-17.94,-2248.93,1.35,-22.25,1,True
236354,2024-05-06 10:21:00,LONG,22574.4,22576.95,16.43,1.184,236357,2024-05-06 10:24:00,22560.52,stop,-16.43,-2151.2,8.4,-18.2,0,False
236372,2024-05-06 10:39:00,LONG,22598.55,22605.85,18.31,1.663,236398,2024-05-06 11:05:00,22642.46,target,36.61,1295.57,41.15,-14.25,1,True
236415,2024-05-06 11:22:00,SHORT,22590.6,22590.05,10.59,1.055,236418,2024-05-06 11:25:00,22568.87,target,21.18,293.24,28.2,-6.95,0,False
236534,2024-05-06 13:21:00,SHORT,22537.0,22529.65,18.37,1.667,236535,2024-05-06 13:22:00,22548.02,stop,-18.37,-2276.8,4.45,-20.35,0,False
236619,2024-05-06 14:46:00,LONG,22574.0,22587.0,24.82,2.1,236624,2024-05-06 14:51:00,22562.18,stop,-24.82,-2696.33,6.0,-29.6,0,False
236697,2024-05-07 09:49:00,SHORT,22534.0,22528.0,18.8,1.469,236708,2024-05-07 10:00:00,22490.4,target,37.6,1361.56,42.35,-7.45,0,False
236729,2024-05-07 10:21:00,SHORT,22467.85,22463.0,16.63,1.412,236743,2024-05-07 10:35:00,22429.73,target,33.27,1081.21,33.4,-9.7,1,True
236926,2024-05-07 13:38:00,LONG,22394.0,22399.0,15.93,1.457,236940,2024-05-07 13:52:00,22383.07,stop,-15.93,-2115.81,15.9,-19.0,0,False
237069,2024-05-08 09:46:00,LONG,22360.9,22369.05,21.94,1.591,237071,2024-05-08 09:48:00,22347.11,stop,-21.94,-2505.83,0.95,-24.0,0,False
237139,2024-05-08 10:56:00,LONG,22325.4,22332.0,17.11,1.628,237161,2024-05-08 11:18:00,22366.21,target,34.21,1144.13,42.9,-7.0,1,False
237190,2024-05-08 11:47:00,LONG,22417.5,22423.3,16.16,1.56,237196,2024-05-08 11:53:00,22407.14,stop,-16.16,-2130.6,16.55,-21.1,1,True
237211,2024-05-08 12:08:00,LONG,22430.75,22440.0,19.12,1.937,237224,2024-05-08 12:21:00,22478.24,target,38.24,1404.15,39.0,-6.0,1,True
237287,2024-05-08 13:24:00,LONG,22479.8,22485.25,15.66,1.534,237292,2024-05-08 13:29:00,22469.59,stop,-15.66,-2099.42,2.3,-16.35,2,True
237311,2024-05-08 13:48:00,SHORT,22400.0,22396.75,18.24,1.217,237318,2024-05-08 13:55:00,22414.99,stop,-18.24,-2266.09,21.65,-23.15,0,False
237456,2024-05-09 09:58:00,SHORT,22326.4,22323.0,17.23,1.246,237464,2024-05-09 10:06:00,22340.23,stop,-17.23,-2198.94,6.3,-19.5,4,False
237470,2024-05-09 10:12:00,SHORT,22316.7,22312.3,16.07,1.377,237479,2024-05-09 10:21:00,22280.16,target,32.14,1010.02,38.6,-5.7,0,False
237553,2024-05-09 11:35:00,LONG,22244.0,22245.05,10.37,1.113,237558,2024-05-09 11:40:00,22265.79,target,20.74,270.2,22.2,-8.1,2,True
237564,2024-05-09 11:46:00,LONG,22268.15,22274.95,16.27,1.718,237573,2024-05-09 11:55:00,22258.68,stop,-16.27,-2135.78,8.2,-22.95,0,False
237685,2024-05-09 13:47:00,LONG,22168.0,22180.8,23.43,2.205,237692,2024-05-09 13:54:00,22157.37,stop,-23.43,-2598.98,7.9,-33.8,2,True
237979,2024-05-10 12:26:00,SHORT,22108.0,22091.65,26.68,2.583,237983,2024-05-10 12:30:00,22118.33,stop,-26.68,-2809.33,0.0,-28.35,3,True
238008,2024-05-10 12:55:00,SHORT,22088.0,22087.15,10.25,1.09,238009,2024-05-10 12:56:00,22097.4,stop,-10.25,-1741.1,2.15,-11.15,1,True
238064,2024-05-10 13:51:00,LONG,22138.8,22139.7,11.12,1.088,238069,2024-05-10 13:56:00,22128.58,stop,-11.12,-1798.82,4.95,-11.45,0,False
238102,2024-05-10 14:29:00,SHORT,22093.1,22092.0,10.3,1.12,238104,2024-05-10 14:31:00,22102.3,stop,-10.3,-1744.79,0.0,-19.1,7,True
238412,2024-05-13 13:24:00,SHORT,22045.0,22042.25,15.87,1.21,238413,2024-05-13 13:25:00,22058.12,stop,-15.87,-2105.66,0.0,-19.55,0,False
238480,2024-05-13 14:32:00,LONG,22214.0,22220.0,17.52,1.521,238482,2024-05-13 14:34:00,22202.48,stop,-17.52,-2216.02,0.6,-18.85,0,False
238508,2024-05-13 15:00:00,SHORT,22197.0,22191.9,16.29,1.456,238526,2024-05-13 15:18:00,22208.19,stop,-16.29,-2135.44,29.2,-21.55,0,False
238627,2024-05-14 10:44:00,LONG,22228.95,22240.0,21.69,2.039,238635,2024-05-14 10:52:00,22218.31,stop,-21.69,-2486.89,1.0,-22.0,0,False
238724,2024-05-14 12:21:00,SHORT,22249.65,22248.0,9.83,1.202,238726,2024-05-14 12:23:00,22257.83,stop,-9.83,-1716.62,0.0,-11.0,3,True
238755,2024-05-14 12:52:00,LONG,22289.0,22289.9,7.2,1.143,238757,2024-05-14 12:54:00,22304.3,target,14.4,-142.69,30.1,-1.9,0,False
238796,2024-05-14 13:33:00,LONG,22327.7,22328.05,8.66,1.042,238797,2024-05-14 13:34:00,22319.39,stop,-8.66,-1641.74,0.0,-10.2,0,False
238884,2024-05-14 15:01:00,SHORT,22311.4,22306.15,13.57,1.631,238893,2024-05-14 15:10:00,22319.72,stop,-13.57,-1961.06,23.2,-13.7,1,True
238941,2024-05-15 09:43:00,LONG,22350.7,22352.4,12.79,1.153,238955,2024-05-15 09:57:00,22339.61,stop,-12.79,-1910.69,21.75,-24.45,4,True
238958,2024-05-15 10:00:00,SHORT,22307.0,22296.7,23.73,1.767,238966,2024-05-15 10:08:00,22249.24,target,47.46,2006.19,60.1,-6.3,0,False
238975,2024-05-15 10:17:00,SHORT,22233.0,22231.6,15.71,1.098,238976,2024-05-15 10:18:00,22247.31,stop,-15.71,-2098.87,0.9,-17.9,2,True
239043,2024-05-15 11:25:00,SHORT,22296.4,22292.3,13.55,1.434,239046,2024-05-15 11:28:00,22265.21,target,27.09,682.45,35.7,-3.7,0,False
239155,2024-05-15 13:17:00,SHORT,22246.9,22240.65,15.53,1.673,239157,2024-05-15 13:19:00,22256.18,stop,-15.53,-2087.36,0.0,-23.15,3,True
239246,2024-05-15 14:48:00,LONG,22288.8,22293.7,14.05,1.536,239248,2024-05-15 14:50:00,22279.65,stop,-14.05,-1991.4,5.45,-18.6,2,True
239343,2024-05-16 10:10:00,LONG,22357.9,22365.0,18.77,1.608,239348,2024-05-16 10:15:00,22346.23,stop,-18.77,-2299.6,2.0,-21.2,3,True
239354,2024-05-16 10:21:00,SHORT,22325.0,22316.05,20.97,1.744,239380,2024-05-16 10:47:00,22274.1,target,41.95,1647.8,44.0,-8.65,1,True
239381,2024-05-16 10:48:00,SHORT,22275.45,22266.95,21.15,1.672,239397,2024-05-16 11:04:00,22288.1,stop,-21.15,-2453.14,20.95,-25.2,1,True
239409,2024-05-16 11:16:00,SHORT,22242.9,22237.65,17.01,1.446,239431,2024-05-16 11:38:00,22254.66,stop,-17.01,-2183.16,32.75,-20.0,6,True
239512,2024-05-16 12:59:00,SHORT,22245.05,22241.6,17.94,1.238,239529,2024-05-16 13:16:00,22205.72,target,35.88,1254.88,51.45,-15.5,1,True
239547,2024-05-16 13:34:00,SHORT,22170.0,22165.4,19.63,1.306,239551,2024-05-16 13:38:00,22185.03,stop,-19.63,-2352.51,1.15,-28.4,3,True
239560,2024-05-16 13:47:00,SHORT,22161.75,22156.8,21.02,1.308,239562,2024-05-16 13:49:00,22177.82,stop,-21.02,-2442.67,0.05,-25.2,4,True
239613,2024-05-16 14:40:00,LONG,22288.9,22292.35,19.47,1.215,239616,2024-05-16 14:43:00,22272.88,stop,-19.47,-2343.82,7.6,-20.6,0,False
239733,2024-05-17 10:25:00,LONG,22479.0,22481.65,15.84,1.201,239745,2024-05-17 10:37:00,22513.33,target,31.68,977.12,32.7,-6.6,0,False
239913,2024-05-17 13:25:00,LONG,22517.9,22520.0,10.01,1.266,239918,2024-05-17 13:30:00,22509.99,stop,-10.01,-1732.77,6.5,-16.95,1,True
239922,2024-05-17 13:34:00,LONG,22529.65,22544.0,24.92,2.357,239923,2024-05-17 13:35:00,22519.08,stop,-24.92,-2702.35,0.0,-28.3,5,False
240009,2024-05-17 15:01:00,SHORT,22483.0,22481.75,8.94,1.163,240018,2024-05-17 15:10:00,22490.68,stop,-8.94,-1662.54,12.15,-12.4,1,True
240055,2024-05-18 09:32:00,LONG,22525.65,22526.8,6.16,1.23,240067,2024-05-18 09:44:00,22520.64,stop,-6.16,-1482.81,1.45,-7.25,6,True
240080,2024-05-18 09:57:00,LONG,22528.25,22528.8,5.29,1.116,240083,2024-05-18 11:30:00,22523.51,stop,-5.29,-1426.29,19.6,-16.75,2,False
240106,2024-05-18 11:53:00,LONG,22539.9,22540.0,3.94,1.026,240125,2024-05-18 12:12:00,22547.88,target,7.88,-570.74,7.95,-3.35,5,True
240176,2024-05-21 09:47:00,LONG,22543.45,22544.45,11.07,1.099,240178,2024-05-21 09:49:00,22533.38,stop,-11.07,-1802.14,0.55,-11.6,1,True
240246,2024-05-21 10:57:00,LONG,22549.55,22554.0,12.03,1.587,240257,2024-05-21 11:08:00,22578.06,target,24.06,480.39,29.0,-9.0,1,True
240293,2024-05-21 11:44:00,LONG,22589.65,22594.65,11.22,1.803,240305,2024-05-21 11:56:00,22617.1,target,22.45,375.19,30.35,-3.1,3,True
240449,2024-05-21 14:20:00,SHORT,22619.85,22619.15,7.18,1.108,240453,2024-05-21 14:24:00,22626.33,stop,-7.18,-1551.03,10.15,-10.4,0,False
240534,2024-05-22 09:30:00,LONG,22631.3,22635.0,13.15,1.391,240540,2024-05-22 09:36:00,22621.85,stop,-13.15,-1939.02,5.0,-13.85,5,True
240547,2024-05-22 09:43:00,SHORT,22591.0,22575.0,27.13,2.438,240560,2024-05-22 09:56:00,22602.13,stop,-27.13,-2846.87,25.8,-30.0,0,False
240699,2024-05-22 12:15:00,LONG,22628.9,22630.0,6.68,1.197,240701,2024-05-22 12:17:00,22643.36,target,13.36,-216.1,16.9,0.0,8,False
240702,2024-05-22 12:18:00,LONG,22650.85,22651.6,7.27,1.115,240703,2024-05-22 12:19:00,22644.33,stop,-7.27,-1557.2,0.55,-10.0,0,False
240774,2024-05-22 13:30:00,LONG,22653.5,22654.25,7.58,1.11,240779,2024-05-22 13:35:00,22646.67,stop,-7.58,-1577.17,5.75,-8.7,0,False
240845,2024-05-22 14:41:00,LONG,22663.75,22665.3,7.75,1.25,240847,2024-05-22 14:43:00,22657.55,stop,-7.75,-1588.24,0.2,-9.1,1,True
240859,2024-05-22 14:55:00,SHORT,22633.35,22627.15,14.19,1.776,240866,2024-05-22 15:02:00,22641.34,stop,-14.19,-2006.57,16.15,-17.85,0,False
240909,2024-05-23 09:30:00,SHORT,22656.45,22653.4,11.98,1.342,240912,2024-05-23 09:33:00,22665.38,stop,-11.98,-1863.18,2.3,-13.1,1,True
240913,2024-05-23 09:34:00,LONG,22682.95,22683.2,10.2,1.025,240915,2024-05-23 09:36:00,22703.59,target,20.39,239.96,26.8,0.0,0,False
241037,2024-05-23 11:38:00,LONG,22773.55,22776.3,10.22,1.368,241046,2024-05-23 11:47:00,22766.08,stop,-10.22,-1750.96,6.7,-13.0,5,True
241169,2024-05-23 13:50:00,LONG,22894.9,22895.0,10.2,1.01,241185,2024-05-23 14:06:00,22915.4,target,20.4,236.69,20.65,-8.85,4,True
241276,2024-05-24 09:22:00,LONG,23021.95,23025.75,15.56,1.323,241277,2024-05-24 09:23:00,23010.19,stop,-15.56,-2102.44,0.0,-16.9,2,True
241367,2024-05-24 10:53:00,LONG,23010.0,23016.0,15.89,1.607,241388,2024-05-24 11:14:00,23000.11,stop,-15.89,-2123.54,14.0,-24.05,1,True
241472,2024-05-24 12:38:00,LONG,23024.8,23030.0,11.82,1.786,241490,2024-05-24 12:56:00,23053.64,target,23.64,444.98,30.95,-11.55,2,True
241572,2024-05-24 14:18:00,LONG,23071.0,23073.2,8.11,1.372,241574,2024-05-24 14:20:00,23089.41,target,16.21,-38.17,16.7,-2.9,3,True
241864,2024-05-27 12:55:00,SHORT,23153.05,23135.9,24.27,3.409,241898,2024-05-27 13:29:00,23160.17,stop,-24.27,-2670.42,2.9,-25.1,0,False
241988,2024-05-27 14:59:00,SHORT,22989.2,22975.4,30.35,1.834,241991,2024-05-27 15:02:00,23005.75,stop,-30.35,-3063.14,54.4,-35.95,7,True
242071,2024-05-28 10:07:00,SHORT,22976.0,22975.55,10.12,1.047,242076,2024-05-28 10:12:00,22985.67,stop,-10.12,-1748.13,16.85,-12.45,0,False
242085,2024-05-28 10:21:00,LONG,23013.85,23019.0,15.72,1.487,242110,2024-05-28 10:46:00,23003.28,stop,-15.72,-2112.45,18.95,-19.0,2,True
242191,2024-05-28 12:07:00,LONG,22987.7,22991.3,11.84,1.437,242198,2024-05-28 12:14:00,22979.46,stop,-11.84,-1859.62,4.05,-16.95,0,False
242204,2024-05-28 12:20:00,SHORT,22962.55,22961.3,8.73,1.167,242206,2024-05-28 12:22:00,22970.03,stop,-8.73,-1657.11,8.65,-8.85,0,False
242265,2024-05-28 13:21:00,LONG,22995.35,23007.7,21.37,2.37,242267,2024-05-28 13:23:00,22986.33,stop,-21.37,-2479.23,0.0,-25.0,1,True
242386,2024-05-28 15:22:00,SHORT,22928.2,22927.7,8.25,1.065,242389,2024-05-28 15:25:00,22931.0,eod,-3.3,-1303.88,5.65,-3.6,1,True
242723,2024-05-29 14:44:00,SHORT,22751.1,22745.15,15.9,1.598,242727,2024-05-29 14:48:00,22761.05,stop,-15.9,-2119.61,15.15,-19.75,2,True
242920,2024-05-30 11:46:00,LONG,22558.05,22560.0,9.82,1.248,242921,2024-05-30 11:47:00,22550.18,stop,-9.82,-1721.39,0.0,-16.8,0,False
242992,2024-05-30 12:58:00,LONG,22590.0,22598.2,15.83,2.075,243004,2024-05-30 13:10:00,22582.37,stop,-15.83,-2112.47,7.8,-23.05,1,True
243022,2024-05-30 13:28:00,SHORT,22546.0,22544.9,9.88,1.125,243036,2024-05-30 13:42:00,22554.78,stop,-9.88,-1725.21,14.9,-14.1,1,True
243248,2024-05-31 10:59:00,SHORT,22644.1,22643.75,10.99,1.033,243261,2024-05-31 11:12:00,22654.74,stop,-10.99,-1799.04,17.75,-19.3,2,True
243389,2024-05-31 13:20:00,LONG,22686.0,22689.6,12.4,1.409,243396,2024-05-31 13:27:00,22677.2,stop,-12.4,-1891.14,5.4,-21.9,0,False
243430,2024-05-31 14:01:00,LONG,22760.0,22763.0,12.75,1.308,243435,2024-05-31 14:06:00,22750.25,stop,-12.75,-1915.09,24.7,-33.55,0,False
243600,2024-06-03 10:36:00,SHORT,23279.8,23275.0,21.01,1.296,243638,2024-06-03 11:14:00,23296.01,stop,-21.01,-2460.86,29.65,-25.0,0,False
243667,2024-06-03 11:43:00,LONG,23319.9,23320.0,9.19,1.011,243676,2024-06-03 11:52:00,23310.81,stop,-9.19,-1693.31,9.25,-11.45,3,True
243678,2024-06-03 11:54:00,LONG,23329.25,23330.15,9.5,1.105,243684,2024-06-03 12:00:00,23349.16,target,19.01,138.82,19.85,-2.95,0,False
243784,2024-06-03 13:40:00,SHORT,23341.1,23325.0,26.02,2.623,243789,2024-06-03 13:45:00,23351.02,stop,-26.02,-2787.49,30.1,-30.0,1,True
243878,2024-06-03 15:14:00,LONG,23399.0,23404.0,16.32,1.442,243881,2024-06-03 15:17:00,23436.64,target,32.64,1023.43,37.95,-0.35,1,True
243908,2024-06-04 09:29:00,SHORT,22616.0,22607.5,79.39,1.12,243912,2024-06-04 09:33:00,22686.89,stop,-79.39,-6244.46,113.65,-130.45,0,False
244202,2024-06-04 14:23:00,SHORT,21981.3,21915.0,116.77,2.314,244210,2024-06-04 14:31:00,22031.77,stop,-116.77,-8662.16,2.65,-173.0,2,True
244236,2024-06-04 14:57:00,SHORT,21912.35,21900.0,61.77,1.25,244243,2024-06-04 15:04:00,21776.47,target,123.53,6958.01,130.4,-10.95,0,False
244362,2024-06-05 10:48:00,LONG,22154.4,22160.0,27.93,1.251,244370,2024-06-05 10:56:00,22215.85,target,55.85,2553.4,73.2,0.0,0,False
244385,2024-06-05 11:11:00,LONG,22381.65,22387.8,34.08,1.22,244396,2024-06-05 11:22:00,22353.72,stop,-34.08,-3294.92,32.2,-59.8,0,False
244498,2024-06-05 13:04:00,LONG,22395.4,22412.55,38.81,1.792,244552,2024-06-05 13:58:00,22490.17,target,77.62,3963.81,101.1,-29.55,0,False
244748,2024-06-06 10:59:00,LONG,22939.05,22947.55,23.12,1.582,244779,2024-06-06 11:30:00,22924.43,stop,-23.12,-2591.98,26.45,-24.75,4,False
244783,2024-06-06 11:34:00,SHORT,22896.6,22895.0,18.38,1.095,244784,2024-06-06 11:35:00,22913.38,stop,-18.38,-2283.67,10.45,-19.0,0,False
244872,2024-06-06 13:03:00,SHORT,22774.95,22770.0,26.38,1.231,244884,2024-06-06 13:15:00,22796.38,stop,-26.38,-2801.74,42.0,-38.55,1,True
244949,2024-06-06 14:20:00,SHORT,22811.15,22810.5,18.74,1.036,244951,2024-06-06 14:22:00,22829.24,stop,-18.74,-2305.51,8.5,-23.0,0,False
245046,2024-06-07 09:42:00,LONG,22974.0,22978.0,19.99,1.25,245050,2024-06-07 09:46:00,22958.01,stop,-19.99,-2389.33,5.45,-24.3,9,True
245057,2024-06-07 09:53:00,SHORT,22941.1,22936.5,19.5,1.309,245059,2024-06-07 09:55:00,22956.0,stop,-19.5,-2356.87,0.15,-23.5,0,False
245130,2024-06-07 11:06:00,LONG,23088.0,23097.35,21.6,1.763,245145,2024-06-07 11:21:00,23074.45,stop_gap,-22.9,-2580.44,7.2,-29.15,0,False
245223,2024-06-07 12:39:00,LONG,23219.9,23226.5,20.42,1.477,245239,2024-06-07 12:55:00,23206.08,stop,-20.42,-2421.75,33.1,-22.5,0,False
245267,2024-06-07 13:23:00,SHORT,23184.0,23182.4,15.85,1.112,245269,2024-06-07 13:25:00,23198.25,stop,-15.85,-2124.33,15.25,-25.75,0,False
245281,2024-06-07 13:37:00,LONG,23225.0,23226.6,14.06,1.128,245290,2024-06-07 13:46:00,23254.73,target,28.13,733.34,37.1,-5.9,0,False
245439,2024-06-10 10:00:00,SHORT,23260.0,23246.6,33.48,1.667,245442,2024-06-10 10:03:00,23280.08,stop,-33.48,-3271.39,16.5,-38.2,5,True
245558,2024-06-10 11:59:00,SHORT,23331.0,23326.25,14.73,1.476,245560,2024-06-10 12:01:00,23340.98,stop,-14.73,-2053.5,1.25,-18.7,0,False
245567,2024-06-10 12:08:00,SHORT,23325.0,23320.45,14.66,1.45,245598,2024-06-10 12:39:00,23335.11,stop,-14.66,-2048.76,28.2,-19.3,2,True
245678,2024-06-10 13:59:00,LONG,23375.0,23378.0,12.14,1.328,245680,2024-06-10 14:01:00,23365.86,stop,-12.14,-1885.69,2.0,-12.75,1,True
245706,2024-06-10 14:27:00,SHORT,23320.2,23313.8,18.08,1.548,245708,2024-06-10 14:29:00,23277.65,target,36.15,1253.87,63.2,0.0,4,True
245853,2024-06-11 10:39:00,LONG,23352.5,23370.0,27.23,2.798,245859,2024-06-11 10:45:00,23342.77,stop,-27.23,-2866.74,9.15,-30.0,5,True
245959,2024-06-11 12:25:00,LONG,23368.0,23370.0,10.24,1.243,245964,2024-06-11 12:30:00,23359.76,stop,-10.24,-1762.51,4.0,-18.0,0,False
246074,2024-06-11 14:20:00,SHORT,23340.0,23339.95,13.9,1.004,246076,2024-06-11 14:22:00,23353.85,stop,-13.9,-1999.99,8.9,-23.05,1,True
246126,2024-06-11 15:12:00,SHORT,23315.05,23310.75,15.64,1.379,246139,2024-06-11 15:25:00,23298.0,eod,12.75,-267.14,23.35,0.0,0,False
246228,2024-06-12 10:39:00,LONG,23433.15,23434.6,10.16,1.166,246233,2024-06-12 10:44:00,23454.92,target,20.32,222.35,25.6,-7.3,0,False
246308,2024-06-12 11:59:00,LONG,23454.55,23455.0,8.57,1.055,246310,2024-06-12 12:01:00,23446.43,stop,-8.57,-1655.02,1.0,-12.1,1,True
246419,2024-06-12 13:50:00,SHORT,23390.0,23370.0,28.77,3.28,246474,2024-06-12 14:45:00,23398.77,stop,-28.77,-2967.08,32.5,-35.6,0,False
246613,2024-06-13 10:49:00,SHORT,23388.0,23387.85,8.47,1.018,246620,2024-06-13 10:56:00,23396.32,stop,-8.47,-1647.72,4.3,-14.45,2,True
246637,2024-06-13 11:13:00,SHORT,23383.55,23383.0,7.66,1.077,246653,2024-06-13 11:29:00,23390.66,stop,-7.66,-1594.84,10.95,-11.0,0,False
246791,2024-06-13 13:47:00,SHORT,23411.4,23407.05,10.0,1.77,246804,2024-06-13 14:00:00,23417.05,stop,-10.0,-1747.68,11.25,-10.85,2,True
246820,2024-06-13 14:16:00,SHORT,23394.45,23389.15,12.65,1.721,246832,2024-06-13 14:28:00,23401.8,stop,-12.65,-1919.86,4.15,-12.9,0,False
246902,2024-06-14 09:23:00,SHORT,23385.0,23384.25,10.04,1.081,246912,2024-06-14 09:33:00,23364.16,target,20.09,208.5,32.25,-0.65,6,True
246926,2024-06-14 09:47:00,LONG,23384.9,23387.5,12.94,1.251,246938,2024-06-14 09:59:00,23413.38,target,25.88,584.79,31.5,-3.85,0,False
246939,2024-06-14 10:00:00,LONG,23432.85,23434.95,12.13,1.209,246948,2024-06-14 10:09:00,23459.2,target,24.25,478.14,27.8,-8.25,1,True
246977,2024-06-14 10:38:00,LONG,23465.5,23469.1,11.77,1.44,246982,2024-06-14 10:43:00,23457.33,stop,-11.77,-1863.76,1.9,-15.05,2,True
247027,2024-06-14 11:28:00,SHORT,23445.05,23435.6,15.76,2.497,247038,2024-06-14 11:39:00,23451.36,stop,-15.76,-2122.66,0.0,-17.05,3,True
247127,2024-06-14 13:08:00,LONG,23455.0,23456.0,6.05,1.198,247143,2024-06-14 13:24:00,23449.95,stop,-6.05,-1491.66,12.0,-7.0,2,True
247210,2024-06-14 14:31:00,LONG,23442.85,23444.7,7.76,1.313,247214,2024-06-14 14:35:00,23460.23,target,15.53,-89.09,16.3,-2.25,1,True
247239,2024-06-14 15:00:00,LONG,23472.6,23479.1,13.55,1.921,247254,2024-06-14 15:15:00,23465.55,stop,-13.55,-1979.68,10.75,-14.0,1,True
247391,2024-06-18 11:17:00,LONG,23580.9,23583.6,9.14,1.419,247401,2024-06-18 11:27:00,23574.46,stop,-9.14,-1694.88,6.25,-13.0,5,True
247453,2024-06-18 12:19:00,SHORT,23562.05,23558.4,9.07,1.673,247456,2024-06-18 12:22:00,23567.47,stop,-9.07,-1689.88,0.0,-9.6,4,True
247463,2024-06-18 12:29:00,SHORT,23556.0,23555.0,6.26,1.19,247467,2024-06-18 12:33:00,23542.48,target,12.52,-286.05,12.7,-4.85,0,False
247570,2024-06-18 14:16:00,SHORT,23562.1,23562.0,4.18,1.025,247576,2024-06-18 14:22:00,23566.18,stop,-4.18,-1371.62,8.15,-6.55,1,True
247593,2024-06-18 14:39:00,SHORT,23555.0,23553.2,6.5,1.383,247597,2024-06-18 14:43:00,23559.7,stop,-6.5,-1522.47,1.9,-6.6,2,True
247614,2024-06-18 15:00:00,LONG,23564.0,23568.05,9.56,1.736,247626,2024-06-18 15:12:00,23558.49,stop,-9.56,-1721.34,2.25,-12.0,0,False
247634,2024-06-18 15:20:00,LONG,23570.3,23571.25,5.89,1.192,247639,2024-06-18 15:25:00,23574.35,eod,3.1,-898.92,4.55,-4.25,1,True
247702,2024-06-19 10:13:00,SHORT,23551.3,23539.0,23.96,2.055,247713,2024-06-19 10:24:00,23491.08,target,47.92,2014.92,66.3,-9.0,0,False
247857,2024-06-19 12:48:00,SHORT,23551.3,23542.2,16.06,2.308,247864,2024-06-19 12:55:00,23558.26,stop,-16.06,-2143.63,10.5,-17.8,1,True
247929,2024-06-19 14:00:00,LONG,23555.0,23559.35,13.98,1.451,247930,2024-06-19 14:01:00,23545.37,stop,-13.98,-2008.99,0.0,-19.35,0,False
247940,2024-06-19 14:11:00,LONG,23560.0,23562.75,13.28,1.261,247945,2024-06-19 14:16:00,23549.47,stop,-13.28,-1963.39,5.4,-21.3,3,True
247950,2024-06-19 14:21:00,LONG,23566.0,23573.8,17.95,1.768,247961,2024-06-19 14:32:00,23609.7,target,35.9,1232.61,57.4,-1.95,7,True
248026,2024-06-20 09:22:00,SHORT,23479.0,23475.0,19.96,1.251,248030,2024-06-20 09:26:00,23494.96,stop,-19.96,-2396.3,19.4,-46.2,2,True
248060,2024-06-20 09:56:00,SHORT,23464.55,23462.7,20.23,1.101,248062,2024-06-20 09:58:00,23482.93,stop,-20.23,-2413.58,7.7,-27.45,3,True
248086,2024-06-20 10:22:00,LONG,23517.8,23521.4,18.33,1.244,248088,2024-06-20 10:24:00,23503.07,stop,-18.33,-2290.88,3.2,-20.2,1,True
248094,2024-06-20 10:30:00,LONG,23532.0,23533.4,14.32,1.108,248096,2024-06-20 10:32:00,23519.08,stop,-14.32,-2030.22,0.0,-18.75,0,False
248124,2024-06-20 11:00:00,LONG,23534.25,23539.7,14.92,1.575,248140,2024-06-20 11:16:00,23524.78,stop,-14.92,-2069.5,14.35,-18.5,3,True
248215,2024-06-20 12:31:00,SHORT,23550.0,23540.7,16.73,2.252,248221,2024-06-20 12:37:00,23557.43,stop,-16.73,-2187.09,0.0,-18.3,3,True
248245,2024-06-20 13:01:00,LONG,23570.0,23578.0,14.79,2.177,248258,2024-06-20 13:14:00,23563.21,stop,-14.79,-2061.91,5.0,-22.2,0,False
248302,2024-06-20 13:58:00,SHORT,23555.8,23555.05,12.84,1.062,248307,2024-06-20 14:03:00,23567.89,stop,-12.84,-1934.44,7.45,-12.95,0,False
248386,2024-06-20 15:22:00,LONG,23586.7,23588.0,8.17,1.189,248389,2024-06-20 15:25:00,23585.0,eod,-3.0,-1295.62,1.45,-3.75,1,True
248396,2024-06-21 09:17:00,LONG,23603.35,23615.5,22.3,2.197,248422,2024-06-21 09:43:00,23593.2,stop,-22.3,-2550.17,17.05,-29.55,2,True
248482,2024-06-21 10:43:00,SHORT,23575.95,23575.0,9.81,1.107,248484,2024-06-21 10:45:00,23555.39,target,19.61,174.54,29.95,-6.85,1,True
248486,2024-06-21 10:47:00,SHORT,23547.6,23542.0,16.38,1.52,248533,2024-06-21 11:34:00,23558.38,stop,-16.38,-2164.38,17.0,-21.4,2,True
248595,2024-06-21 12:36:00,SHORT,23530.0,23528.3,9.52,1.217,248597,2024-06-21 12:38:00,23509.26,target,19.04,137.97,27.1,-7.55,2,True
248621,2024-06-21 13:02:00,SHORT,23451.25,23450.75,10.85,1.048,248622,2024-06-21 13:03:00,23461.6,stop,-10.85,-1803.45,0.0,-19.15,2,True
248627,2024-06-21 13:08:00,SHORT,23442.0,23440.15,13.56,1.158,248629,2024-06-21 13:10:00,23453.71,stop,-13.56,-1979.37,3.45,-13.7,2,True
248670,2024-06-21 13:51:00,LONG,23489.6,23491.35,11.44,1.181,248672,2024-06-21 13:53:00,23514.24,target,22.89,388.47,25.0,-4.7,0,False
248708,2024-06-21 14:29:00,SHORT,23460.3,23450.0,27.34,1.604,248710,2024-06-21 14:31:00,23477.34,stop,-27.34,-2875.52,3.3,-28.8,3,True
248714,2024-06-21 14:35:00,SHORT,23432.0,23419.9,30.03,1.675,248718,2024-06-21 14:39:00,23449.93,stop,-30.03,-3049.93,4.65,-33.6,0,False
248962,2024-06-24 12:28:00,LONG,23559.0,23559.9,11.3,1.087,248963,2024-06-24 12:29:00,23548.6,stop,-11.3,-1834.38,0.0,-13.7,0,False
249057,2024-06-24 14:03:00,SHORT,23528.7,23528.35,8.79,1.041,249058,2024-06-24 14:04:00,23537.14,stop,-8.79,-1671.29,2.0,-11.85,0,False
249125,2024-06-24 15:11:00,LONG,23544.0,23553.45,20.39,1.864,249139,2024-06-24 15:25:00,23550.2,eod,-3.25,-1311.28,1.35,-18.45,4,True
249176,2024-06-25 09:47:00,LONG,23595.0,23610.55,25.74,2.525,249190,2024-06-25 10:01:00,23584.81,stop,-25.74,-2774.01,11.6,-33.1,4,True
249335,2024-06-25 12:26:00,LONG,23622.15,23630.0,14.29,2.219,249342,2024-06-25 12:33:00,23658.58,target,28.58,756.11,34.2,-5.0,1,True
249438,2024-06-25 14:09:00,LONG,23710.0,23715.0,13.74,1.572,249446,2024-06-25 14:17:00,23701.26,stop,-13.74,-1995.99,20.0,-15.0,5,True
249533,2024-06-26 09:29:00,SHORT,23693.4,23690.05,14.4,1.303,249537,2024-06-26 09:33:00,23704.45,stop,-14.4,-2038.67,14.05,-27.0,0,False
249580,2024-06-26 10:16:00,LONG,23712.75,23714.5,10.65,1.197,249584,2024-06-26 10:20:00,23735.8,target,21.3,281.21,26.5,-7.35,1,True
249617,2024-06-26 10:53:00,LONG,23744.65,23747.5,10.92,1.353,249621,2024-06-26 10:57:00,23769.33,target,21.83,315.41,31.3,-5.65,2,True
249651,2024-06-26 11:27:00,LONG,23806.1,23809.7,12.22,1.418,249657,2024-06-26 11:33:00,23834.14,target,24.44,483.66,29.3,-4.95,0,False
249741,2024-06-26 12:57:00,SHORT,23847.0,23846.65,8.13,1.045,249745,2024-06-26 13:01:00,23830.39,target,16.26,-47.98,21.65,-2.35,0,False
249767,2024-06-26 13:23:00,LONG,23856.75,23859.35,11.12,1.305,249776,2024-06-26 13:32:00,23848.23,stop,-11.12,-1827.73,13.0,-13.25,0,False
249799,2024-06-26 13:55:00,LONG,23870.0,23872.9,10.0,1.408,249802,2024-06-26 13:58:00,23862.9,stop,-10.0,-1755.51,15.05,-12.0,9,True
249821,2024-06-26 14:17:00,LONG,23889.8,23896.05,14.3,1.777,249825,2024-06-26 14:21:00,23881.75,stop,-14.3,-2035.12,10.75,-16.05,0,False
249865,2024-06-26 15:01:00,SHORT,23870.1,23866.5,13.19,1.375,249867,2024-06-26 15:03:00,23879.69,stop,-13.19,-1962.89,4.4,-16.65,2,True
249895,2024-06-27 09:16:00,SHORT,23820.0,23819.25,10.89,1.074,249898,2024-06-27 09:19:00,23830.14,stop,-10.89,-1812.55,4.65,-14.75,1,True
249935,2024-06-27 09:56:00,LONG,23877.95,23892.85,27.98,2.139,249940,2024-06-27 10:01:00,23948.82,target,55.97,2531.05,57.1,0.0,0,False
249972,2024-06-27 10:33:00,SHORT,23950.95,23919.9,46.59,2.998,250041,2024-06-27 11:42:00,23966.49,stop,-46.59,-4135.08,71.9,-49.15,0,False
250118,2024-06-27 12:59:00,SHORT,23992.0,23970.45,37.17,2.379,250139,2024-06-27 13:20:00,24007.62,stop,-37.17,-3523.51,23.7,-39.7,1,True
250152,2024-06-27 13:33:00,SHORT,23946.0,23942.05,17.24,1.297,250154,2024-06-27 13:35:00,23959.29,stop,-17.24,-2227.43,0.0,-18.8,1,True
250403,2024-06-28 11:29:00,SHORT,24207.0,24200.45,15.47,1.735,250409,2024-06-28 11:35:00,24215.92,stop,-15.47,-2116.45,14.15,-21.35,0,False
250484,2024-06-28 12:50:00,SHORT,24125.1,24117.25,20.79,1.607,250491,2024-06-28 12:57:00,24138.04,stop,-20.79,-2461.24,2.2,-25.35,1,True
250536,2024-06-28 13:42:00,LONG,24177.0,24181.1,13.7,1.427,250545,2024-06-28 13:51:00,24167.4,stop,-13.7,-2000.82,4.7,-14.1,0,False
250618,2024-06-28 15:04:00,SHORT,24143.1,24138.2,16.83,1.411,250639,2024-06-28 15:25:00,24130.75,eod,7.45,-625.81,30.1,-12.65,2,True
250692,2024-07-01 10:03:00,LONG,24163.45,24171.8,18.13,1.853,250701,2024-07-01 10:12:00,24153.67,stop,-18.13,-2289.08,7.2,-38.35,1,True
250834,2024-07-01 12:25:00,LONG,24200.0,24201.6,8.2,1.243,250839,2024-07-01 12:30:00,24193.4,stop,-8.2,-1643.86,7.4,-14.65,2,True
250904,2024-07-01 13:35:00,LONG,24210.0,24210.05,6.34,1.008,250908,2024-07-01 13:39:00,24222.73,target,12.68,-287.49,14.85,-5.55,2,True
251020,2024-07-02 09:16:00,LONG,24240.0,24250.05,18.86,2.141,251028,2024-07-02 09:24:00,24231.19,stop,-18.86,-2337.35,1.95,-20.05,1,True
251041,2024-07-02 09:37:00,SHORT,24195.25,24192.15,14.16,1.28,251049,2024-07-02 09:45:00,24163.83,target,28.32,729.63,42.15,-10.3,7,True
251221,2024-07-02 12:37:00,SHORT,24215.0,24213.9,9.16,1.137,251223,2024-07-02 12:39:00,24195.59,target,18.31,78.9,29.3,0.0,0,False
251243,2024-07-02 12:59:00,SHORT,24140.0,24136.55,14.94,1.3,251249,2024-07-02 13:05:00,24151.55,stop_gap,-15.0,-2085.09,14.55,-18.45,0,False
251334,2024-07-02 14:30:00,LONG,24197.0,24198.0,8.77,1.129,251341,2024-07-02 14:37:00,24215.54,target,17.54,28.51,21.0,-7.9,0,False
251422,2024-07-03 09:43:00,LONG,24321.2,24333.95,24.04,2.129,251525,2024-07-03 11:26:00,24309.91,stop,-24.04,-2675.93,42.45,-27.95,2,True
251582,2024-07-03 12:23:00,LONG,24328.55,24332.9,11.01,1.653,251591,2024-07-03 12:32:00,24354.92,target,22.02,317.69,22.1,-2.3,5,True
251659,2024-07-03 13:40:00,LONG,24359.0,24359.3,7.49,1.042,251662,2024-07-03 13:43:00,24351.81,stop,-7.49,-1600.88,3.95,-9.45,3,True
251747,2024-07-03 15:08:00,LONG,24340.4,24345.05,12.35,1.604,251764,2024-07-03 15:25:00,24361.55,eod,16.5,-41.36,17.95,-5.05,2,True
251897,2024-07-04 11:23:00,LONG,24401.9,24404.95,11.1,1.379,251908,2024-07-04 11:34:00,24393.85,stop,-11.1,-1836.06,1.95,-11.25,5,True
251983,2024-07-04 12:49:00,LONG,24407.15,24408.0,5.3,1.191,251989,2024-07-04 12:55:00,24402.7,stop,-5.3,-1459.14,1.15,-5.4,4,True
252010,2024-07-04 13:16:00,SHORT,24389.0,24388.95,4.86,1.01,252013,2024-07-04 13:19:00,24393.81,stop,-4.86,-1430.18,2.8,-5.05,3,True
252025,2024-07-04 13:31:00,SHORT,24385.0,24382.35,7.15,1.588,252040,2024-07-04 13:46:00,24368.04,target,14.31,-184.31,17.65,-5.0,1,True
252280,2024-07-05 11:31:00,LONG,24330.0,24343.15,20.13,2.885,252382,2024-07-05 13:13:00,24323.02,stop,-20.13,-2421.44,24.75,-23.15,2,True
252491,2024-07-05 15:02:00,LONG,24330.65,24336.8,15.43,1.663,252496,2024-07-05 15:07:00,24367.65,target,30.85,891.54,45.15,-0.6,1,True
252500,2024-07-05 15:11:00,LONG,24397.0,24406.5,21.91,1.766,252513,2024-07-05 15:24:00,24384.59,stop,-21.91,-2538.5,12.35,-23.5,2,True
252589,2024-07-08 10:25:00,LONG,24358.35,24362.1,13.15,1.399,252597,2024-07-08 10:33:00,24348.95,stop,-13.15,-1968.42,16.2,-19.9,0,False
252634,2024-07-08 11:10:00,SHORT,24324.6,24321.0,11.94,1.432,252636,2024-07-08 11:12:00,24297.12,target,23.88,439.34,31.0,-2.05,0,False
252743,2024-07-08 12:59:00,LONG,24345.0,24350.0,11.91,1.724,252745,2024-07-08 13:01:00,24338.09,stop,-11.91,-1887.44,1.75,-12.0,10,True
252842,2024-07-08 14:38:00,LONG,24363.55,24365.0,7.68,1.233,252845,2024-07-08 14:41:00,24357.32,stop,-7.68,-1612.76,3.0,-13.0,7,True
252864,2024-07-08 15:00:00,LONG,24380.8,24382.5,10.52,1.193,252866,2024-07-08 15:02:00,24371.98,stop,-10.52,-1797.59,16.0,-21.75,0,False
252992,2024-07-09 10:53:00,LONG,24447.35,24447.8,6.58,1.073,252995,2024-07-09 10:56:00,24441.22,stop,-6.58,-1543.12,1.25,-9.4,3,True
253054,2024-07-09 11:55:00,LONG,24449.9,24450.0,6.69,1.015,253058,2024-07-09 11:59:00,24443.31,stop,-6.69,-1550.47,6.95,-7.75,13,False
253121,2024-07-09 13:02:00,LONG,24456.95,24457.85,5.7,1.188,253122,2024-07-09 13:03:00,24469.25,target,11.4,-374.92,18.45,0.0,2,True
253187,2024-07-09 14:08:00,LONG,24489.8,24492.0,7.6,1.407,253191,2024-07-09 14:12:00,24507.21,target,15.21,-127.82,18.2,-0.95,6,False
253248,2024-07-09 15:09:00,SHORT,24482.0,24480.8,6.88,1.211,253251,2024-07-09 15:12:00,24487.68,stop,-6.88,-1563.0,0.05,-9.55,1,True
253299,2024-07-10 09:45:00,SHORT,24435.0,24425.0,20.16,1.984,253304,2024-07-10 09:50:00,24445.16,stop,-20.16,-2425.52,3.9,-25.6,0,False
253323,2024-07-10 10:09:00,SHORT,24412.15,24406.65,15.81,1.533,253334,2024-07-10 10:20:00,24375.03,target,31.62,940.82,40.65,-8.9,2,True
253336,2024-07-10 10:22:00,SHORT,24341.65,24333.3,21.41,1.639,253349,2024-07-10 10:35:00,24290.48,target,42.82,1670.16,71.3,-7.0,0,False
253409,2024-07-10 11:35:00,LONG,24275.0,24277.0,10.73,1.229,253426,2024-07-10 11:52:00,24298.46,target,21.46,281.88,23.75,-10.0,1,True
253486,2024-07-10 12:52:00,LONG,24325.0,24330.0,12.49,1.668,253506,2024-07-10 13:12:00,24317.51,stop,-12.49,-1924.85,11.8,-13.4,1,True
253543,2024-07-10 13:49:00,SHORT,24291.9,24289.0,10.13,1.401,253548,2024-07-10 13:54:00,24299.13,stop,-10.13,-1770.86,12.0,-14.2,3,True
253584,2024-07-10 14:30:00,LONG,24305.0,24328.7,33.95,3.311,253639,2024-07-10 15:25:00,24349.0,eod,20.3,205.87,41.3,-11.65,0,False
253678,2024-07-11 09:49:00,LONG,24383.5,24384.55,11.41,1.101,253685,2024-07-11 09:56:00,24373.14,stop,-11.41,-1856.08,5.45,-14.55,2,True
253766,2024-07-11 11:17:00,LONG,24299.1,24300.0,9.1,1.11,253790,2024-07-11 11:41:00,24318.21,target,18.21,70.44,22.0,-7.5,2,True
253812,2024-07-11 12:03:00,SHORT,24277.05,24266.9,19.26,2.115,253820,2024-07-11 12:11:00,24286.16,stop,-19.26,-2363.95,25.85,-43.2,3,False
253848,2024-07-11 12:39:00,LONG,24319.0,24322.05,11.13,1.377,253859,2024-07-11 12:50:00,24344.31,target,22.26,333.36,22.4,-5.9,10,False
253921,2024-07-11 13:52:00,LONG,24344.45,24350.0,12.66,1.78,253940,2024-07-11 14:11:00,24337.34,stop,-12.66,-1936.56,18.0,-14.45,1,True
253982,2024-07-11 14:53:00,LONG,24359.9,24362.65,9.57,1.403,253988,2024-07-11 14:59:00,24381.8,target,19.15,130.4,21.3,-1.25,3,True
254033,2024-07-12 09:29:00,LONG,24466.5,24474.9,19.29,1.772,254036,2024-07-12 09:32:00,24455.61,stop,-19.29,-2369.17,0.8,-24.9,0,False
254117,2024-07-12 10:53:00,LONG,24468.0,24482.05,25.44,2.233,254123,2024-07-12 10:59:00,24532.94,target,50.89,2191.16,55.95,0.0,0,False
254217,2024-07-12 12:33:00,SHORT,24506.55,24506.45,8.99,1.011,254221,2024-07-12 12:37:00,24515.44,stop,-8.99,-1700.86,3.45,-9.2,1,True
254292,2024-07-12 13:48:00,LONG,24569.85,24574.0,11.55,1.561,254326,2024-07-12 14:22:00,24562.45,stop,-11.55,-1868.0,19.7,-12.0,1,True
254357,2024-07-12 14:53:00,SHORT,24554.15,24551.0,11.08,1.397,254365,2024-07-12 15:01:00,24528.85,target,22.15,322.96,23.0,-9.6,3,True
254396,2024-07-15 09:17:00,LONG,24577.9,24580.0,12.83,1.196,254399,2024-07-15 09:20:00,24567.17,stop,-12.83,-1951.62,3.4,-22.8,2,True
254449,2024-07-15 10:10:00,LONG,24582.9,24584.6,11.85,1.168,254462,2024-07-15 10:23:00,24572.75,stop,-11.85,-1887.62,5.4,-16.3,0,False
254478,2024-07-15 10:39:00,LONG,24590.0,24595.05,12.65,1.664,254547,2024-07-15 11:48:00,24620.35,target,25.3,526.32,29.95,-5.05,4,True
254555,2024-07-15 11:56:00,SHORT,24593.8,24591.0,11.7,1.314,254556,2024-07-15 11:57:00,24567.59,target,23.41,403.64,26.9,-6.65,2,True
254617,2024-07-15 12:58:00,LONG,24615.6,24616.0,5.3,1.082,254620,2024-07-15 13:01:00,24610.7,stop,-5.3,-1462.66,0.2,-5.95,4,True
254788,2024-07-16 09:34:00,LONG,24637.95,24639.15,8.9,1.156,254806,2024-07-16 09:52:00,24630.25,stop,-8.9,-1696.94,13.35,-13.15,0,False
254885,2024-07-16 11:11:00,SHORT,24671.5,24671.0,5.04,1.11,254886,2024-07-16 11:12:00,24676.04,stop,-5.04,-1446.66,0.0,-7.0,0,False
254951,2024-07-16 12:17:00,SHORT,24661.9,24660.5,5.85,1.314,254958,2024-07-16 12:24:00,24666.35,stop,-5.85,-1499.48,11.45,-8.85,0,False
254980,2024-07-16 12:46:00,LONG,24669.45,24671.45,8.27,1.319,255014,2024-07-16 13:20:00,24663.18,stop,-8.27,-1656.5,5.15,-11.45,6,True
255032,2024-07-16 13:38:00,SHORT,24645.15,24636.15,15.54,2.376,255040,2024-07-16 13:46:00,24651.69,stop,-15.54,-2128.65,6.0,-18.85,1,False
255062,2024-07-16 14:08:00,SHORT,24633.05,24630.1,10.1,1.413,255067,2024-07-16 14:13:00,24640.2,stop,-10.1,-1775.0,6.65,-11.3,1,True
255087,2024-07-16 14:33:00,SHORT,24623.45,24623.0,7.34,1.065,255089,2024-07-16 14:35:00,24630.34,stop,-7.34,-1595.74,8.0,-10.05,1,True
255114,2024-07-16 15:00:00,LONG,24641.15,24641.8,9.21,1.076,255119,2024-07-16 15:05:00,24660.22,target,18.42,78.31,26.2,-0.1,0,False
255199,2024-07-18 10:10:00,LONG,24684.0,24688.0,16.94,1.309,255204,2024-07-18 10:15:00,24671.06,stop,-16.94,-2220.35,11.9,-17.7,1,False
255238,2024-07-18 10:49:00,SHORT,24654.4,24641.0,23.0,2.396,255261,2024-07-18 11:12:00,24595.0,target,46.0,1871.26,53.0,-7.75,8,False
255285,2024-07-18 11:36:00,SHORT,24543.0,24541.3,13.83,1.14,255288,2024-07-18 11:39:00,24555.13,stop,-13.83,-2015.73,2.75,-14.1,4,True
255353,2024-07-18 12:44:00,LONG,24661.0,24663.4,12.14,1.246,255354,2024-07-18 12:45:00,24651.26,stop,-12.14,-1908.07,3.8,-21.6,0,False
255379,2024-07-18 13:10:00,LONG,24678.95,24680.85,12.85,1.174,255380,2024-07-18 13:11:00,24706.55,target,25.7,550.52,31.95,-2.75,0,False
255421,2024-07-18 13:52:00,LONG,24746.0,24755.0,19.88,1.828,255431,2024-07-18 14:02:00,24794.75,target,39.75,1462.65,49.6,-6.65,1,True
255549,2024-07-19 09:45:00,SHORT,24753.0,24751.6,13.87,1.112,255555,2024-07-19 09:51:00,24723.86,target,27.74,682.43,28.5,-3.0,2,True
255570,2024-07-19 10:06:00,SHORT,24716.85,24713.0,15.24,1.338,255580,2024-07-19 10:16:00,24682.52,target,30.48,861.06,32.0,-14.9,2,True
255669,2024-07-19 11:45:00,SHORT,24631.0,24628.9,12.32,1.206,255682,2024-07-19 11:58:00,24641.22,stop,-12.32,-1919.21,16.9,-17.6,5,True
255743,2024-07-19 12:59:00,SHORT,24605.95,24604.15,10.37,1.21,255746,2024-07-19 13:02:00,24614.52,stop,-10.37,-1792.39,7.05,-14.8,0,False
255776,2024-07-19 13:32:00,LONG,24625.6,24625.95,9.3,1.039,255786,2024-07-19 13:42:00,24616.65,stop,-9.3,-1722.54,17.65,-9.7,3,True
255867,2024-07-19 15:03:00,SHORT,24526.7,24521.1,18.57,1.432,255885,2024-07-19 15:21:00,24539.67,stop,-18.57,-2323.73,17.1,-21.0,0,False
255986,2024-07-22 10:47:00,LONG,24584.9,24588.4,13.25,1.359,255992,2024-07-22 10:53:00,24575.15,stop,-13.25,-1979.0,18.55,-13.55,5,True
256042,2024-07-22 11:43:00,LONG,24560.0,24564.95,15.08,1.489,256052,2024-07-22 11:53:00,24549.87,stop,-15.08,-2097.55,5.05,-18.8,0,False
256168,2024-07-22 13:49:00,LONG,24539.9,24542.0,11.94,1.213,256177,2024-07-22 13:58:00,24530.06,stop,-11.94,-1893.1,8.0,-16.8,3,True
256295,2024-07-23 09:41:00,SHORT,24490.0,24482.15,21.59,1.571,256301,2024-07-23 09:47:00,24503.74,stop,-21.59,-2519.17,13.9,-22.85,3,True
256313,2024-07-23 09:59:00,SHORT,24468.25,24468.0,12.59,1.02,256316,2024-07-23 10:02:00,24442.83,target,25.17,520.71,26.3,-4.0,0,False
256377,2024-07-23 11:03:00,LONG,24519.95,24521.0,14.22,1.08,256378,2024-07-23 11:04:00,24506.78,stop,-14.22,-2040.98,7.5,-16.0,0,False
256427,2024-07-23 11:53:00,SHORT,24440.05,24435.3,21.16,1.29,256442,2024-07-23 12:08:00,24456.46,stop,-21.16,-2490.32,32.5,-38.7,0,False
256563,2024-07-23 14:09:00,LONG,24474.0,24480.0,28.89,1.262,256565,2024-07-23 14:11:00,24451.11,stop,-28.89,-2993.13,24.0,-36.2,0,False
256592,2024-07-23 14:38:00,LONG,24506.9,24525.0,37.27,1.944,256614,2024-07-23 15:00:00,24487.73,stop,-37.27,-3538.46,28.8,-51.95,2,True
256668,2024-07-24 09:39:00,SHORT,24410.75,24382.9,47.88,2.39,256684,2024-07-24 09:55:00,24430.78,stop,-47.88,-4226.61,32.65,-52.1,0,False
256849,2024-07-24 12:40:00,SHORT,24284.1,24283.0,13.82,1.086,256850,2024-07-24 12:41:00,24296.82,stop,-13.82,-2010.69,0.0,-17.0,1,True
256869,2024-07-24 13:00:00,LONG,24319.95,24325.0,16.9,1.426,256871,2024-07-24 13:02:00,24308.1,stop,-16.9,-2211.57,0.0,-22.0,1,True
256902,2024-07-24 13:33:00,SHORT,24296.6,24295.0,13.4,1.136,256906,2024-07-24 13:37:00,24308.4,stop,-13.4,-1983.65,10.05,-16.15,0,False
257095,2024-07-25 10:31:00,LONG,24297.6,24300.0,14.08,1.205,257143,2024-07-25 11:19:00,24285.92,stop,-14.08,-2027.92,25.2,-17.0,4,True
257158,2024-07-25 11:34:00,LONG,24325.2,24330.0,12.26,1.644,257180,2024-07-25 11:56:00,24354.51,target,24.51,479.63,28.0,-6.15,2,True
257231,2024-07-25 12:47:00,LONG,24376.0,24377.45,9.97,1.17,257271,2024-07-25 13:27:00,24397.4,target,19.95,182.15,20.25,-2.65,4,True
257276,2024-07-25 13:32:00,SHORT,24379.35,24378.2,7.85,1.172,257278,2024-07-25 13:34:00,24386.05,stop,-7.85,-1624.16,8.2,-9.5,3,False
257302,2024-07-25 13:58:00,LONG,24396.0,24398.3,9.6,1.315,257304,2024-07-25 14:00:00,24417.5,target,19.2,132.95,21.7,-3.3,4,True
257341,2024-07-25 14:37:00,SHORT,24400.0,24397.65,10.01,1.307,257355,2024-07-25 14:51:00,24407.66,stop,-10.01,-1765.34,13.9,-12.35,4,True
257456,2024-07-26 10:17:00,LONG,24637.65,24642.0,15.52,1.389,257498,2024-07-26 10:59:00,24673.05,target,31.05,898.94,32.0,-10.9,3,True
257556,2024-07-26 11:57:00,LONG,24715.0,24717.0,9.01,1.285,257574,2024-07-26 12:15:00,24707.99,stop,-9.01,-1705.39,10.0,-9.8,1,True
257825,2024-07-29 10:11:00,SHORT,24950.0,24945.0,16.55,1.433,257842,2024-07-29 10:28:00,24961.55,stop,-16.55,-2199.88,23.2,-26.1,2,True
258163,2024-07-30 09:34:00,LONG,24935.0,24935.6,13.64,1.046,258164,2024-07-30 09:35:00,24921.96,stop,-13.64,-2010.43,0.0,-14.8,0,False
258225,2024-07-30 10:36:00,LONG,24947.0,24954.0,15.79,1.796,258246,2024-07-30 10:57:00,24985.59,target,31.59,928.82,41.6,-12.4,4,True
258300,2024-07-30 11:51:00,SHORT,24978.85,24954.4,31.66,4.393,258316,2024-07-30 12:07:00,24986.06,stop,-31.66,-3181.75,1.7,-32.1,0,False
258341,2024-07-30 12:32:00,LONG,25000.0,25002.05,8.08,1.34,258343,2024-07-30 12:34:00,24993.97,stop,-8.08,-1650.19,1.95,-10.1,1,True
258377,2024-07-30 13:08:00,LONG,25004.0,25005.0,8.56,1.132,258381,2024-07-30 13:12:00,24996.44,stop,-8.56,-1681.13,5.0,-9.9,0,False
258386,2024-07-30 13:17:00,SHORT,24966.25,24950.0,25.7,2.72,258434,2024-07-30 14:05:00,24975.7,stop,-25.7,-2794.34,26.0,-28.0,0,False
258718,2024-07-31 12:34:00,SHORT,24976.0,24971.2,11.52,1.715,258721,2024-07-31 12:37:00,24982.72,stop,-11.52,-1872.89,0.0,-13.8,2,True
258812,2024-07-31 14:08:00,SHORT,24978.0,24975.75,9.8,1.298,258816,2024-07-31 14:12:00,24985.55,stop,-9.8,-1761.59,4.75,-10.4,2,True
258832,2024-07-31 14:28:00,LONG,25009.9,25017.65,15.96,1.944,258838,2024-07-31 14:34:00,25001.69,stop,-15.96,-2162.27,11.35,-16.65,4,True
259082,2024-08-01 12:23:00,SHORT,25020.35,25020.0,6.47,1.057,259087,2024-08-01 12:28:00,25007.06,target,12.94,-284.28,17.5,-4.65,0,False
259194,2024-08-01 14:15:00,SHORT,25004.1,25003.3,6.93,1.131,259197,2024-08-01 14:18:00,25010.23,stop,-6.93,-1575.26,2.25,-12.5,0,False
259205,2024-08-01 14:26:00,SHORT,25001.05,24998.95,8.8,1.313,259208,2024-08-01 14:29:00,25007.75,stop,-8.8,-1697.13,6.65,-9.05,1,True
259253,2024-08-01 15:14:00,LONG,25037.45,25038.3,9.18,1.102,259255,2024-08-01 15:16:00,25029.12,stop,-9.18,-1722.25,4.35,-10.25,4,True
259368,2024-08-02 10:54:00,LONG,24847.0,24854.0,17.26,1.682,259376,2024-08-02 11:02:00,24836.74,stop,-17.26,-2244.1,9.0,-20.15,0,False
259468,2024-08-02 12:34:00,SHORT,24780.0,24779.2,9.85,1.088,259471,2024-08-02 12:37:00,24789.05,stop,-9.85,-1761.38,5.45,-12.5,3,True
259588,2024-08-02 14:34:00,SHORT,24770.0,24758.9,20.11,2.233,259600,2024-08-02 14:46:00,24718.69,target,40.21,1493.1,43.9,-7.6,0,False
259826,2024-08-05 12:17:00,LONG,24074.0,24078.35,24.16,1.22,259831,2024-08-05 12:22:00,24054.19,stop,-24.16,-2679.37,10.2,-24.2,3,True
259866,2024-08-05 12:57:00,SHORT,23960.0,23950.65,27.01,1.529,259873,2024-08-05 13:04:00,23977.66,stop,-27.01,-2862.61,0.65,-43.7,0,False
259875,2024-08-05 13:06:00,LONG,24007.1,24021.25,32.12,1.788,259884,2024-08-05 13:15:00,24085.48,target,64.23,3065.99,76.75,-20.7,1,True
259952,2024-08-05 14:23:00,SHORT,24104.85,24093.3,26.61,1.767,259974,2024-08-05 14:45:00,24119.91,stop,-26.61,-2839.15,51.3,-26.7,1,True
260177,2024-08-06 11:53:00,SHORT,24252.2,24249.15,14.49,1.267,260178,2024-08-06 11:54:00,24263.64,stop,-14.49,-2053.81,0.0,-20.7,1,True
260210,2024-08-06 12:26:00,SHORT,24240.7,24235.0,15.84,1.562,260217,2024-08-06 12:33:00,24203.33,target,31.67,947.06,33.9,-5.0,0,False
260256,2024-08-06 13:12:00,SHORT,24190.0,24185.0,17.73,1.393,260261,2024-08-06 13:17:00,24202.73,stop,-17.73,-2263.57,4.95,-22.95,1,True
260322,2024-08-06 14:18:00,SHORT,24039.35,24033.25,23.8,1.345,260324,2024-08-06 14:20:00,24057.05,stop,-23.8,-2655.66,11.25,-40.25,3,True
260579,2024-08-07 12:20:00,LONG,24299.9,24306.0,16.43,1.59,260589,2024-08-07 12:30:00,24289.57,stop,-16.43,-2180.94,19.8,-17.15,0,False
260662,2024-08-07 13:43:00,LONG,24270.0,24270.05,12.06,1.004,260684,2024-08-07 14:05:00,24257.99,stop,-12.06,-1896.1,17.95,-19.85,2,True
260693,2024-08-07 14:14:00,LONG,24288.0,24294.9,17.0,1.683,260704,2024-08-07 14:25:00,24328.91,target,34.01,1097.09,48.0,-6.9,0,False
260891,2024-08-08 11:17:00,LONG,24250.0,24257.35,23.47,1.456,260895,2024-08-08 11:21:00,24233.88,stop,-23.47,-2637.5,17.65,-32.05,0,False
260947,2024-08-08 12:13:00,LONG,24292.6,24298.4,20.61,1.392,260949,2024-08-08 12:15:00,24339.62,target,41.22,1565.82,45.05,0.0,0,False
261023,2024-08-08 13:29:00,SHORT,24167.0,24144.35,38.96,2.389,261030,2024-08-08 13:36:00,24183.31,stop,-38.96,-3642.59,20.4,-41.8,0,False
261070,2024-08-08 14:16:00,LONG,24209.75,24210.0,14.01,1.018,261072,2024-08-08 14:18:00,24195.99,stop,-14.01,-2021.7,5.4,-16.0,0,False
261122,2024-08-08 15:08:00,SHORT,24155.65,24155.0,12.8,1.054,261131,2024-08-08 15:17:00,24129.41,target,25.59,553.08,28.4,-4.4,1,True
261145,2024-08-09 09:16:00,LONG,24356.2,24372.25,40.75,1.65,261214,2024-08-09 10:25:00,24331.5,stop,-40.75,-3762.27,68.2,-42.75,1,True
261252,2024-08-09 11:03:00,LONG,24384.95,24387.5,13.64,1.23,261260,2024-08-09 11:11:00,24373.86,stop,-13.64,-2000.49,3.15,-15.95,0,False
261346,2024-08-09 12:37:00,LONG,24380.0,24385.45,12.71,1.75,261360,2024-08-09 12:51:00,24372.74,stop,-12.71,-1940.47,7.55,-15.45,0,False
261388,2024-08-09 13:19:00,LONG,24393.0,24393.95,8.46,1.127,261397,2024-08-09 13:28:00,24410.87,target,16.92,-15.18,17.0,-1.7,1,True
261472,2024-08-09 14:43:00,SHORT,24396.95,24396.55,8.12,1.052,261475,2024-08-09 14:46:00,24404.67,stop,-8.12,-1642.13,1.55,-15.1,3,False
261549,2024-08-12 09:45:00,SHORT,24315.0,24307.0,21.55,1.59,261581,2024-08-12 10:17:00,24328.55,stop,-21.55,-2513.85,33.5,-42.0,0,False
261607,2024-08-12 10:43:00,LONG,24406.45,24411.1,15.94,1.412,261614,2024-08-12 10:50:00,24395.16,stop,-15.94,-2150.46,7.85,-16.1,0,False
261617,2024-08-12 10:53:00,LONG,24415.0,24423.35,20.42,1.692,261621,2024-08-12 10:57:00,24464.18,target,40.83,1538.7,42.1,-8.1,7,True
261795,2024-08-12 13:51:00,LONG,24475.0,24482.65,15.24,2.008,261799,2024-08-12 13:55:00,24467.41,stop,-15.24,-2106.51,3.35,-15.65,5,True
261969,2024-08-13 10:30:00,SHORT,24323.0,24320.05,13.54,1.279,261973,2024-08-13 10:34:00,24333.59,stop,-13.54,-1993.29,7.7,-16.85,0,False
261987,2024-08-13 10:48:00,LONG,24346.7,24352.85,16.35,1.603,262002,2024-08-13 11:03:00,24336.5,stop,-16.35,-2176.27,6.1,-17.6,0,False
262026,2024-08-13 11:27:00,LONG,24355.95,24358.25,11.01,1.264,262039,2024-08-13 11:40:00,24347.24,stop,-11.01,-1829.46,11.65,-13.0,1,True
262064,2024-08-13 12:05:00,SHORT,24311.8,24295.05,26.49,2.72,262068,2024-08-13 12:09:00,24321.54,stop,-26.49,-2834.43,3.65,-26.95,0,False
262162,2024-08-13 13:43:00,SHORT,24240.0,24221.05,29.18,2.852,262183,2024-08-13 14:04:00,24162.69,target,58.36,2682.37,59.05,-8.85,3,True
262284,2024-08-14 09:30:00,SHORT,24140.0,24133.25,19.28,1.539,262288,2024-08-14 09:34:00,24152.53,stop,-19.28,-2363.51,4.2,-21.7,3,True
262301,2024-08-14 09:47:00,LONG,24185.0,24194.75,23.53,1.707,262306,2024-08-14 09:52:00,24171.22,stop,-23.53,-2640.48,0.0,-27.75,2,True
262403,2024-08-14 11:29:00,LONG,24173.95,24175.55,8.74,1.224,262413,2024-08-14 11:39:00,24166.81,stop,-8.74,-1678.39,5.9,-12.05,1,True
262443,2024-08-14 12:09:00,LONG,24182.4,24185.0,7.98,1.483,262446,2024-08-14 12:12:00,24177.02,stop,-7.98,-1629.72,2.75,-9.0,2,True
262484,2024-08-14 12:50:00,LONG,24196.45,24196.9,6.08,1.08,262487,2024-08-14 12:53:00,24209.07,target,12.17,-320.3,13.1,-3.1,4,True
262550,2024-08-14 13:56:00,SHORT,24168.3,24167.3,5.6,1.217,262553,2024-08-14 13:59:00,24172.9,stop,-5.6,-1474.73,4.1,-7.7,0,False
262647,2024-08-16 09:18:00,LONG,24370.0,24377.0,24.71,1.395,262654,2024-08-16 09:25:00,24426.42,target,49.42,2097.41,56.95,-7.8,1,True
262870,2024-08-16 13:01:00,LONG,24463.0,24471.9,19.11,1.871,262916,2024-08-16 13:47:00,24510.13,target,38.23,1368.43,43.35,-10.4,4,True
262960,2024-08-16 14:31:00,SHORT,24532.0,24530.3,12.21,1.162,262965,2024-08-16 14:36:00,24542.51,stop,-12.21,-1910.63,9.25,-19.5,0,False
262988,2024-08-16 14:59:00,LONG,24550.0,24556.0,15.73,1.616,262998,2024-08-16 15:09:00,24587.47,target,31.47,927.77,37.0,-10.35,1,True
263117,2024-08-19 10:53:00,SHORT,24553.55,24552.6,11.33,1.092,263119,2024-08-19 10:55:00,24563.93,stop,-11.33,-1853.42,0.5,-19.05,5,True
263204,2024-08-19 12:20:00,SHORT,24578.0,24576.5,11.44,1.151,263208,2024-08-19 12:24:00,24587.94,stop,-11.44,-1861.46,3.5,-13.5,4,False
263226,2024-08-19 12:42:00,LONG,24593.3,24594.45,10.15,1.128,263247,2024-08-19 13:03:00,24614.76,target,20.31,201.95,25.45,-9.45,3,True
263370,2024-08-19 15:06:00,SHORT,24591.25,24590.0,9.85,1.145,263379,2024-08-19 15:15:00,24599.85,stop,-9.85,-1757.99,9.9,-12.0,0,False
263413,2024-08-20 09:34:00,LONG,24650.55,24656.6,16.64,1.571,263422,2024-08-20 09:43:00,24689.87,target,33.27,1043.29,39.4,-8.6,4,True
263483,2024-08-20 10:44:00,SHORT,24730.1,24724.85,13.3,1.652,263499,2024-08-20 11:00:00,24698.24,target,26.61,609.58,29.75,-3.4,1,True
263563,2024-08-20 12:04:00,LONG,24735.0,24737.0,8.46,1.31,263570,2024-08-20 12:11:00,24728.54,stop,-8.46,-1670.02,9.5,-11.95,6,True
263698,2024-08-20 14:19:00,SHORT,24716.1,24715.0,7.95,1.161,263704,2024-08-20 14:25:00,24722.95,stop,-7.95,-1636.43,6.65,-9.45,2,True
263727,2024-08-20 14:48:00,LONG,24740.0,24740.1,5.35,1.019,263728,2024-08-20 14:49:00,24734.75,stop,-5.35,-1467.94,0.9,-6.75,5,True
263784,2024-08-21 09:30:00,SHORT,24700.0,24694.35,15.23,1.59,263788,2024-08-21 09:34:00,24709.58,stop,-15.23,-2109.43,9.3,-18.6,2,True
263804,2024-08-21 09:50:00,LONG,24743.0,24743.95,13.55,1.075,263806,2024-08-21 09:52:00,24730.4,stop,-13.55,-2001.28,1.9,-18.95,1,True
263826,2024-08-21 10:12:00,LONG,24750.45,24753.35,12.98,1.288,263838,2024-08-21 10:24:00,24779.31,target,25.96,566.24,31.6,-10.8,1,True
264009,2024-08-21 13:15:00,LONG,24765.1,24769.95,10.67,1.834,264011,2024-08-21 13:17:00,24759.28,stop,-10.67,-1814.02,0.0,-15.85,4,True
264013,2024-08-21 13:19:00,SHORT,24748.95,24742.5,13.49,1.916,264023,2024-08-21 13:29:00,24755.99,stop,-13.49,-1997.36,9.3,-14.95,5,True
264043,2024-08-21 13:49:00,LONG,24772.95,24774.95,8.3,1.317,264046,2024-08-21 13:52:00,24766.65,stop,-8.3,-1660.46,0.15,-8.95,1,True
264085,2024-08-21 14:31:00,SHORT,24760.0,24759.95,7.38,1.007,264100,2024-08-21 14:46:00,24767.33,stop,-7.38,-1600.22,9.45,-11.65,0,False
264114,2024-08-21 15:00:00,LONG,24781.45,24787.0,12.64,1.783,264139,2024-08-21 15:25:00,24800.85,eod,13.85,-221.13,17.9,-1.0,0,False
264222,2024-08-22 10:33:00,LONG,24834.4,24839.65,13.03,1.675,264290,2024-08-22 11:41:00,24865.7,target,26.05,571.03,30.7,-9.65,0,False
264363,2024-08-22 12:54:00,LONG,24859.9,24861.5,6.34,1.338,264365,2024-08-22 12:56:00,24855.16,stop,-6.34,-1534.45,0.8,-6.5,2,True
264380,2024-08-22 13:11:00,SHORT,24830.0,24829.65,5.77,1.065,264384,2024-08-22 13:15:00,24835.42,stop,-5.77,-1496.83,1.95,-8.35,0,False
264461,2024-08-22 14:32:00,SHORT,24831.25,24827.3,8.66,1.839,264463,2024-08-22 14:34:00,24835.96,stop,-8.66,-1684.49,2.1,-13.05,3,True
264527,2024-08-23 09:23:00,LONG,24846.7,24854.0,17.36,1.725,264534,2024-08-23 09:30:00,24836.64,stop,-17.36,-2250.66,12.3,-18.0,4,False
264542,2024-08-23 09:38:00,SHORT,24807.85,24803.25,15.69,1.415,264550,2024-08-23 09:46:00,24818.94,stop,-15.69,-2141.3,12.25,-16.75,0,False
264607,2024-08-23 10:43:00,LONG,24861.85,24862.5,9.01,1.078,264611,2024-08-23 10:47:00,24880.53,target,18.03,49.19,20.5,-5.2,8,True
264671,2024-08-23 11:47:00,SHORT,24854.25,24853.0,5.13,1.322,264678,2024-08-23 11:54:00,24842.73,target,10.27,-454.74,11.7,-3.65,0,False
264820,2024-08-23 14:16:00,LONG,24864.0,24865.35,6.04,1.288,264829,2024-08-23 14:25:00,24877.42,target,12.07,-337.91,14.65,-3.95,2,True
264864,2024-08-23 15:00:00,SHORT,24840.5,24840.0,7.11,1.076,264866,2024-08-23 15:02:00,24847.11,stop,-7.11,-1584.36,14.15,-12.0,3,True
265239,2024-08-26 15:00:00,SHORT,25051.0,25045.05,11.44,2.084,265264,2024-08-26 15:25:00,25043.65,eod,1.4,-1034.59,12.4,-6.6,4,True
265275,2024-08-27 09:21:00,SHORT,25024.6,25020.0,13.25,1.532,265290,2024-08-27 09:36:00,24993.5,target,26.5,597.56,28.85,-12.55,3,True
265383,2024-08-27 11:09:00,LONG,25051.65,25051.95,7.27,1.043,265393,2024-08-27 11:19:00,25066.49,target,14.54,-180.74,28.05,-5.7,2,True
265475,2024-08-27 12:41:00,LONG,25053.8,25054.4,5.31,1.127,265490,2024-08-27 12:56:00,25049.09,stop,-5.31,-1470.61,10.6,-6.65,2,True
265537,2024-08-27 13:43:00,LONG,25069.45,25069.65,4.68,1.045,265539,2024-08-27 13:45:00,25064.97,stop,-4.68,-1430.11,2.4,-6.5,6,True
265591,2024-08-27 14:37:00,SHORT,25050.0,25049.15,5.93,1.167,265602,2024-08-27 14:48:00,25037.28,target,11.87,-354.3,22.9,-5.85,0,False
265688,2024-08-28 09:59:00,LONG,25045.0,25048.95,13.5,1.414,265692,2024-08-28 10:03:00,25035.45,stop,-13.5,-2002.88,0.0,-16.6,1,True
265756,2024-08-28 11:07:00,LONG,25040.0,25041.75,8.53,1.258,265763,2024-08-28 11:14:00,25058.8,target,17.05,-17.51,17.95,-2.5,1,True
265764,2024-08-28 11:15:00,LONG,25063.7,25065.95,9.82,1.297,265767,2024-08-28 11:18:00,25085.6,target,19.65,150.76,22.05,-2.6,0,False
265934,2024-08-28 14:05:00,LONG,25120.0,25124.35,9.2,1.898,265959,2024-08-28 14:30:00,25115.15,stop,-9.2,-1724.6,15.65,-20.35,0,False
265967,2024-08-28 14:38:00,SHORT,25104.95,25093.7,17.79,2.721,265980,2024-08-28 14:51:00,25058.12,target,35.58,1186.09,40.0,-5.3,14,True
266029,2024-08-29 09:25:00,LONG,25057.0,25067.5,21.74,1.934,266057,2024-08-29 09:53:00,25110.98,target,43.48,1699.48,52.5,-20.05,1,True
266212,2024-08-29 12:28:00,LONG,25133.0,25136.55,11.25,1.461,266213,2024-08-29 12:29:00,25159.05,target,22.5,335.15,25.8,0.0,0,False
266308,2024-08-29 14:04:00,SHORT,25015.0,24996.05,38.29,1.98,266314,2024-08-29 14:10:00,25034.34,stop,-38.29,-3613.43,8.45,-43.75,0,False
266441,2024-08-30 10:02:00,SHORT,25307.0,25287.5,31.15,2.673,266475,2024-08-30 10:36:00,25318.65,stop,-31.15,-3154.85,0.0,-32.5,4,True
266505,2024-08-30 11:06:00,LONG,25320.0,25320.85,6.97,1.139,266510,2024-08-30 11:11:00,25334.79,target,13.94,-224.71,14.15,0.0,2,True
266630,2024-08-30 13:11:00,LONG,25330.8,25332.85,6.43,1.468,266689,2024-08-30 14:10:00,25345.71,target,12.86,-294.87,19.9,-5.0,1,True
266876,2024-09-02 11:02:00,LONG,25383.0,25384.5,7.23,1.262,266884,2024-09-02 11:10:00,25398.95,target,14.45,-192.11,14.5,-3.8,2,True
266898,2024-09-02 11:24:00,LONG,25406.25,25408.55,7.71,1.425,266901,2024-09-02 11:27:00,25400.84,stop,-7.71,-1633.06,0.3,-10.6,2,True
266929,2024-09-02 11:55:00,SHORT,25370.0,25366.0,10.15,1.65,266977,2024-09-02 12:43:00,25345.69,target,20.31,189.07,29.3,-5.0,4,True
266979,2024-09-02 12:45:00,SHORT,25333.25,25333.0,5.92,1.044,266982,2024-09-02 12:48:00,25321.17,target,11.83,-361.34,15.05,0.0,4,True
267124,2024-09-02 15:10:00,SHORT,25333.2,25332.2,8.32,1.137,267128,2024-09-02 15:14:00,25340.52,stop,-8.32,-1671.63,5.0,-10.7,0,False
267173,2024-09-03 09:44:00,LONG,25350.0,25352.55,10.62,1.316,267176,2024-09-03 09:47:00,25341.93,stop,-10.62,-1820.81,5.7,-12.05,3,True
267205,2024-09-03 10:16:00,LONG,25356.35,25361.85,12.71,1.763,267209,2024-09-03 10:20:00,25349.14,stop,-12.71,-1956.69,3.25,-17.6,6,True
267349,2024-09-03 12:40:00,LONG,25355.0,25357.7,7.95,1.514,267369,2024-09-03 13:00:00,25373.61,target,15.91,-97.15,22.2,-2.7,15,True
267493,2024-09-03 15:04:00,SHORT,25361.5,25355.0,12.11,2.159,267514,2024-09-03 15:25:00,25351.0,eod,4.0,-870.88,7.0,-7.35,7,True
267556,2024-09-04 09:52:00,LONG,25199.4,25205.35,15.07,1.653,267594,2024-09-04 10:30:00,25190.28,stop,-15.07,-2107.46,29.5,-20.35,3,True
267665,2024-09-04 11:41:00,LONG,25208.55,25210.8,7.82,1.404,267670,2024-09-04 11:46:00,25202.98,stop,-7.82,-1636.69,3.1,-10.7,5,True
267715,2024-09-04 12:31:00,SHORT,25195.0,25194.5,6.77,1.08,267716,2024-09-04 12:32:00,25201.27,stop,-6.77,-1568.39,2.35,-8.25,0,False
267756,2024-09-04 13:12:00,LONG,25211.4,25214.4,7.49,1.667,267759,2024-09-04 13:15:00,25229.39,target,14.99,-154.43,30.6,-1.15,2,True
267876,2024-09-04 15:12:00,LONG,25245.0,25245.2,6.86,1.03,267878,2024-09-04 15:14:00,25258.91,target,13.71,-237.96,15.7,-1.8,0,False
267968,2024-09-05 10:29:00,SHORT,25261.5,25252.0,18.09,2.105,268007,2024-09-05 11:08:00,25270.09,stop,-18.09,-2305.25,25.0,-18.55,0,False
268103,2024-09-05 12:44:00,LONG,25268.95,25269.4,6.14,1.079,268106,2024-09-05 12:47:00,25263.26,stop,-6.14,-1528.75,2.6,-7.4,6,True
268178,2024-09-05 13:59:00,LONG,25265.0,25267.15,6.99,1.444,268181,2024-09-05 14:02:00,25260.16,stop,-6.99,-1583.7,0.55,-10.3,2,True
268201,2024-09-05 14:22:00,SHORT,25248.95,25243.5,10.92,1.996,268204,2024-09-05 14:25:00,25254.42,stop,-10.92,-1838.82,0.0,-13.3,4,True
268241,2024-09-05 15:02:00,SHORT,25237.1,25231.9,11.56,1.818,268249,2024-09-05 15:10:00,25243.65,stop_gap,-11.75,-1892.57,2.8,-13.15,1,True
268382,2024-09-06 11:08:00,SHORT,24947.6,24945.25,14.55,1.193,268384,2024-09-06 11:10:00,24916.14,target,29.11,768.28,33.25,-0.65,0,False
268447,2024-09-06 12:13:00,LONG,24995.0,25003.0,17.67,1.828,268450,2024-09-06 12:16:00,24985.34,stop,-17.67,-2272.84,0.0,-22.0,7,True
268615,2024-09-06 15:01:00,LONG,24887.0,24893.65,18.14,1.579,268639,2024-09-06 15:25:00,24909.25,eod,15.6,-109.23,29.15,-7.65,3,False
268657,2024-09-09 09:28:00,SHORT,24832.5,24828.75,19.53,1.238,268662,2024-09-09 09:33:00,24848.28,stop,-19.53,-2391.22,12.65,-28.7,1,True
268731,2024-09-09 10:42:00,LONG,24934.4,24947.0,24.32,2.075,268773,2024-09-09 11:24:00,24922.68,stop,-24.32,-2704.29,41.95,-25.75,0,False
268862,2024-09-09 12:53:00,LONG,24915.0,24918.05,11.44,1.363,268888,2024-09-09 13:19:00,24940.94,target,22.89,364.06,27.85,-6.95,2,True
268948,2024-09-09 14:19:00,SHORT,24925.6,24925.0,10.17,1.063,268961,2024-09-09 14:32:00,24935.17,stop,-10.17,-1784.64,9.5,-11.25,1,False
269040,2024-09-10 09:36:00,SHORT,25010.9,25010.1,12.34,1.069,269049,2024-09-10 09:45:00,24985.42,target,24.68,479.57,25.95,-3.45,2,True
269053,2024-09-10 09:49:00,SHORT,24965.05,24964.55,12.52,1.042,269054,2024-09-10 09:50:00,24977.07,stop,-12.52,-1938.23,3.7,-16.35,2,True
269167,2024-09-10 11:43:00,LONG,25035.0,25040.8,13.89,1.717,269171,2024-09-10 11:47:00,25026.91,stop,-13.89,-2028.23,2.6,-14.75,1,True
269181,2024-09-10 11:57:00,LONG,25043.4,25049.85,14.87,1.766,269185,2024-09-10 12:01:00,25079.59,target,29.74,806.94,30.1,-0.45,3,True
269482,2024-09-11 10:43:00,LONG,25098.55,25104.35,15.74,1.583,269484,2024-09-11 10:45:00,25088.61,stop,-15.74,-2149.55,0.65,-16.5,0,False
269549,2024-09-11 11:50:00,LONG,25096.0,25099.4,12.56,1.371,269553,2024-09-11 11:54:00,25086.84,stop,-12.56,-1942.8,4.6,-12.85,4,True
269651,2024-09-11 13:32:00,SHORT,25083.75,25076.05,15.87,1.943,269665,2024-09-11 13:46:00,25044.32,target,31.73,936.46,34.25,-6.75,1,True
269683,2024-09-11 14:04:00,SHORT,25010.0,24999.05,22.97,1.911,269694,2024-09-11 14:15:00,24953.11,target,45.94,1861.69,53.4,-15.9,0,False
269725,2024-09-11 14:46:00,SHORT,24945.65,24936.0,21.69,1.801,269764,2024-09-11 15:25:00,24952.0,eod,-16.0,-2163.77,26.05,-20.95,0,False
269869,2024-09-12 10:55:00,SHORT,25032.2,25032.0,12.43,1.016,269870,2024-09-12 10:56:00,25044.43,stop,-12.43,-1933.63,0.0,-13.7,1,False
269881,2024-09-12 11:07:00,LONG,25060.0,25062.35,13.66,1.208,269890,2024-09-12 11:16:00,25048.69,stop,-13.66,-2013.36,6.65,-17.3,1,True
269899,2024-09-12 11:25:00,SHORT,25025.05,25009.95,29.54,2.045,269910,2024-09-12 11:36:00,25039.49,stop,-29.54,-3045.49,17.9,-35.05,0,False
270017,2024-09-12 13:23:00,LONG,25058.0,25059.0,11.82,1.092,270020,2024-09-12 13:26:00,25047.18,stop,-11.82,-1894.2,6.0,-13.95,2,True
270054,2024-09-12 14:00:00,LONG,25067.0,25079.85,25.02,2.055,270055,2024-09-12 14:01:00,25129.9,target,50.05,2126.26,69.15,0.0,1,True
270058,2024-09-12 14:04:00,LONG,25163.55,25167.0,21.2,1.194,270059,2024-09-12 14:05:00,25209.4,target,42.4,1627.94,43.55,-1.0,1,True
270248,2024-09-13 10:59:00,LONG,25400.0,25401.45,8.97,1.193,270259,2024-09-13 11:10:00,25419.39,target,17.94,34.13,27.5,-7.8,0,False
270386,2024-09-13 13:17:00,SHORT,25405.0,25403.55,7.01,1.261,270388,2024-09-13 13:19:00,25389.52,target,14.03,-219.85,16.05,-0.5,0,False
270399,2024-09-13 13:30:00,SHORT,25373.0,25369.8,10.07,1.466,270401,2024-09-13 13:32:00,25379.87,stop,-10.07,-1785.92,0.8,-18.25,0,False
270484,2024-09-13 14:55:00,SHORT,25380.0,25376.0,11.57,1.529,270492,2024-09-13 15:03:00,25387.57,stop,-11.57,-1883.1,22.8,-12.8,2,True
270708,2024-09-16 12:24:00,LONG,25390.85,25394.95,13.91,1.418,270730,2024-09-16 12:46:00,25422.77,target,27.82,676.0,28.25,-7.4,3,True
270763,2024-09-16 13:19:00,LONG,25426.0,25430.0,10.89,1.58,270778,2024-09-16 13:34:00,25451.79,target,21.79,283.74,25.6,-5.0,2,True
270788,2024-09-16 13:44:00,LONG,25455.6,25463.45,15.34,2.049,270806,2024-09-16 14:02:00,25448.11,stop,-15.34,-2129.33,10.55,-22.25,1,True
270932,2024-09-17 09:53:00,SHORT,25402.0,25399.35,12.59,1.266,270944,2024-09-17 10:05:00,25411.94,stop,-12.59,-1950.28,14.35,-15.0,2,True
271023,2024-09-17 11:24:00,LONG,25461.95,25462.75,7.62,1.117,271025,2024-09-17 11:26:00,25455.13,stop,-7.62,-1627.97,6.15,-12.7,0,False
271091,2024-09-17 12:32:00,LONG,25449.6,25450.45,5.89,1.169,271100,2024-09-17 12:41:00,25444.56,stop,-5.89,-1515.16,6.55,-6.5,5,True
271154,2024-09-17 13:35:00,LONG,25459.0,25461.0,6.74,1.422,271164,2024-09-17 13:45:00,25474.48,target,13.48,-256.96,16.7,-3.15,2,True
271234,2024-09-17 14:55:00,SHORT,25443.0,25440.25,8.13,1.511,271239,2024-09-17 15:00:00,25448.38,stop,-8.13,-1661.02,0.1,-11.65,1,True
271270,2024-09-18 09:16:00,SHORT,25430.0,25427.6,9.27,1.349,271275,2024-09-18 09:21:00,25437.05,stop_gap,-9.45,-1746.41,9.85,-15.4,1,True
271294,2024-09-18 09:40:00,LONG,25446.45,25453.1,14.91,1.805,271327,2024-09-18 10:13:00,25438.19,stop,-14.91,-2101.57,21.9,-17.1,1,True
271350,2024-09-18 10:36:00,LONG,25456.3,25457.7,8.58,1.195,271352,2024-09-18 10:38:00,25449.12,stop,-8.58,-1690.17,0.2,-8.7,2,True
271355,2024-09-18 10:41:00,LONG,25475.0,25493.25,26.86,3.121,271492,2024-09-18 12:58:00,25466.39,stop,-26.86,-2878.47,24.35,-35.25,0,False
271497,2024-09-18 13:03:00,SHORT,25436.0,25418.15,29.86,2.486,271529,2024-09-18 13:35:00,25358.43,target,59.72,2749.77,68.15,-15.8,1,True
271615,2024-09-18 15:01:00,LONG,25400.0,25402.1,13.37,1.186,271619,2024-09-18 15:05:00,25428.85,target,26.75,606.61,32.05,-5.9,1,True
271743,2024-09-19 10:54:00,LONG,25560.2,25561.9,12.72,1.154,271744,2024-09-19 10:55:00,25549.18,stop,-12.72,-1960.86,1.7,-16.85,0,False
271849,2024-09-19 12:40:00,LONG,25488.25,25497.0,18.33,1.913,271863,2024-09-19 12:54:00,25478.67,stop,-18.33,-2324.58,13.0,-18.9,2,True
271956,2024-09-19 14:27:00,LONG,25473.6,25475.0,9.15,1.181,271963,2024-09-19 14:34:00,25465.85,stop,-9.15,-1727.35,9.65,-10.0,0,False
272100,2024-09-20 10:36:00,LONG,25580.0,25623.25,58.22,3.889,272230,2024-09-20 12:46:00,25739.69,target,116.44,6431.67,121.9,-12.7,0,False
272388,2024-09-20 15:24:00,LONG,25780.0,25780.7,16.32,1.045,272389,2024-09-20 15:25:00,25784.1,eod,3.4,-917.23,4.9,-0.7,1,False
272430,2024-09-23 09:51:00,LONG,25923.0,25935.4,27.18,1.839,272439,2024-09-23 10:00:00,25908.22,stop,-27.18,-2907.21,3.65,-27.4,1,True
272453,2024-09-23 10:14:00,SHORT,25902.0,25897.5,16.25,1.383,272478,2024-09-23 10:39:00,25864.99,target,32.51,972.85,34.45,-5.5,1,False
272537,2024-09-23 11:38:00,SHORT,25860.0,25859.15,6.92,1.14,272538,2024-09-23 11:39:00,25866.07,stop,-6.92,-1589.34,2.65,-8.85,0,False
272651,2024-09-23 13:32:00,LONG,25903.95,25908.65,12.06,1.639,272696,2024-09-23 14:17:00,25932.77,target,24.12,427.15,24.75,-8.65,7,True
272776,2024-09-24 09:22:00,LONG,25942.1,25942.75,12.4,1.055,272780,2024-09-24 09:26:00,25930.35,stop,-12.4,-1946.96,6.0,-12.65,1,True
272891,2024-09-24 11:17:00,SHORT,25945.0,25940.0,13.11,1.617,272905,2024-09-24 11:31:00,25953.11,stop,-13.11,-1992.82,6.5,-13.2,2,True
272952,2024-09-24 12:18:00,LONG,25954.9,25957.3,9.77,1.326,273022,2024-09-24 13:28:00,25976.85,target,19.55,129.0,20.7,-8.15,2,True
273108,2024-09-24 14:54:00,SHORT,25963.5,25956.65,15.85,1.761,273139,2024-09-24 15:25:00,25947.0,eod,9.65,-513.91,31.25,-10.55,1,False
273205,2024-09-25 10:16:00,SHORT,25910.0,25903.75,15.26,1.694,273208,2024-09-25 10:19:00,25919.01,stop,-15.26,-2132.11,0.0,-22.85,3,True
273289,2024-09-25 11:40:00,SHORT,25926.9,25921.25,12.26,1.854,273295,2024-09-25 11:46:00,25896.72,target,24.53,453.83,42.1,-7.3,0,False
273370,2024-09-25 13:01:00,LONG,25908.0,25909.65,7.19,1.298,273373,2024-09-25 13:04:00,25902.46,stop,-7.19,-1607.31,0.35,-9.15,1,True
273432,2024-09-25 14:03:00,LONG,25946.6,25946.9,7.58,1.041,273439,2024-09-25 14:10:00,25962.06,target,15.16,-156.06,15.2,-5.55,0,False
273500,2024-09-25 15:11:00,LONG,25995.0,26008.0,22.51,2.367,273514,2024-09-25 15:25:00,25998.3,eod,-9.7,-1772.43,19.6,-12.0,2,True
273553,2024-09-26 09:49:00,LONG,26064.35,26065.0,12.2,1.056,273558,2024-09-26 09:54:00,26052.8,stop,-12.2,-1935.96,4.15,-14.0,1,True
273573,2024-09-26 10:09:00,LONG,26069.55,26081.85,23.67,2.082,273770,2024-09-26 13:26:00,26129.19,target,47.34,1932.92,51.15,-19.85,0,False
273796,2024-09-26 13:52:00,SHORT,26071.0,26068.7,13.2,1.211,273799,2024-09-26 13:55:00,26081.9,stop,-13.2,-2001.45,2.7,-17.9,16,True
273813,2024-09-26 14:09:00,SHORT,26068.1,26064.7,16.6,1.258,273814,2024-09-26 14:10:00,26081.3,stop,-16.6,-2222.24,1.45,-23.6,6,True
273969,2024-09-27 10:30:00,LONG,26391.2,26393.0,8.8,1.257,273997,2024-09-27 10:58:00,26382.15,stop_gap,-10.85,-1853.75,9.5,-23.2,0,False
274064,2024-09-27 12:05:00,LONG,26364.05,26366.5,8.86,1.382,274068,2024-09-27 12:09:00,26357.64,stop,-8.86,-1723.84,2.65,-10.9,0,False
274141,2024-09-27 13:22:00,SHORT,26319.6,26319.5,9.24,1.011,274147,2024-09-27 13:28:00,26328.74,stop,-9.24,-1748.15,9.5,-10.05,0,False
274373,2024-09-30 10:59:00,SHORT,26105.0,26101.0,14.8,1.37,274398,2024-09-30 11:24:00,26071.4,target,29.6,780.72,31.0,-9.9,1,True
274497,2024-09-30 13:03:00,SHORT,26048.2,26048.0,7.68,1.027,274501,2024-09-30 13:07:00,26032.64,target,15.36,-144.58,16.0,-3.65,5,True
274552,2024-09-30 13:58:00,LONG,26023.9,26026.0,10.8,1.241,274558,2024-09-30 14:04:00,26015.2,stop,-10.8,-1843.97,4.1,-11.35,0,False
274564,2024-09-30 14:10:00,SHORT,26001.0,25997.4,12.1,1.423,274569,2024-09-30 14:15:00,25973.2,target,24.2,431.48,29.4,-9.95,1,True
274703,2024-10-01 10:14:00,SHORT,25980.05,25979.85,12.2,1.017,274709,2024-10-01 10:20:00,25955.45,target,24.4,444.62,29.85,-5.15,1,True
274717,2024-10-01 10:28:00,SHORT,25951.25,25950.1,10.64,1.121,274721,2024-10-01 10:32:00,25928.82,target,21.28,242.29,25.1,-7.25,1,True
274950,2024-10-01 14:21:00,SHORT,25947.6,25946.55,9.56,1.123,274959,2024-10-01 14:30:00,25927.44,target,19.11,101.39,20.9,-2.8,0,False
274982,2024-10-01 14:53:00,LONG,25950.6,25955.0,12.41,1.549,274984,2024-10-01 14:55:00,25942.59,stop,-12.41,-1947.92,0.9,-13.0,1,True
275175,2024-10-03 11:51:00,SHORT,25580.0,25576.6,15.04,1.292,275180,2024-10-03 11:56:00,25591.64,stop,-15.04,-2112.06,7.15,-18.4,1,True
275213,2024-10-03 12:29:00,SHORT,25566.0,25564.1,11.98,1.189,275217,2024-10-03 12:33:00,25576.08,stop,-11.98,-1913.11,8.1,-14.55,10,False
275352,2024-10-03 14:48:00,SHORT,25452.75,25451.0,11.53,1.179,275353,2024-10-03 14:49:00,25462.53,stop,-11.53,-1881.78,0.95,-13.6,1,True
275490,2024-10-04 10:51:00,LONG,25492.0,25497.0,23.32,1.273,275502,2024-10-04 11:03:00,25473.68,stop,-23.32,-2648.98,27.9,-41.0,3,True
275550,2024-10-04 11:51:00,LONG,25524.9,25542.0,31.13,2.219,275569,2024-10-04 12:10:00,25604.25,target,62.25,2911.38,68.0,-8.2,0,False
275601,2024-10-04 12:42:00,SHORT,25453.55,25430.0,49.73,1.899,275619,2024-10-04 13:00:00,25330.54,target,99.46,5333.22,142.5,-26.95,3,True
275697,2024-10-04 14:18:00,SHORT,25215.0,25208.4,20.43,1.477,275704,2024-10-04 14:25:00,25167.54,target,40.86,1527.79,41.4,0.0,1,False
275731,2024-10-04 14:52:00,SHORT,25162.45,25162.0,13.86,1.034,275734,2024-10-04 14:55:00,25175.86,stop,-13.86,-2028.74,6.75,-22.75,2,True
275748,2024-10-04 15:09:00,LONG,25184.75,25185.9,17.25,1.071,275750,2024-10-04 15:11:00,25168.65,stop,-17.25,-2249.1,1.5,-30.05,0,False
275842,2024-10-07 10:28:00,SHORT,25197.0,25192.0,21.07,1.311,275852,2024-10-07 10:38:00,25149.86,target,42.14,1611.09,45.1,-7.95,2,True
276017,2024-10-07 13:23:00,SHORT,24954.1,24954.0,15.45,1.007,276019,2024-10-07 13:25:00,24969.45,stop,-15.45,-2128.2,12.2,-20.0,3,True
276166,2024-10-08 09:37:00,SHORT,24955.9,24952.1,25.73,1.173,276173,2024-10-08 09:44:00,24977.83,stop,-25.73,-2796.22,21.35,-30.45,2,True
276175,2024-10-08 09:46:00,LONG,25018.05,25024.0,28.21,1.267,276190,2024-10-08 10:01:00,24995.79,stop,-28.21,-2958.57,45.0,-30.0,1,True
276482,2024-10-08 14:53:00,SHORT,25070.1,25060.6,27.6,1.525,276488,2024-10-08 14:59:00,25088.2,stop,-27.6,-2920.2,20.5,-32.4,1,True
276548,2024-10-09 09:44:00,LONG,25185.0,25192.0,19.84,1.545,276568,2024-10-09 10:04:00,25172.16,stop,-19.84,-2417.13,23.0,-40.15,1,True
276611,2024-10-09 10:47:00,LONG,25310.0,25317.6,23.07,1.491,276668,2024-10-09 11:44:00,25294.53,stop,-23.07,-2629.69,38.55,-33.95,0,False
276764,2024-10-09 13:20:00,SHORT,25206.0,25180.05,40.79,2.748,276789,2024-10-09 13:45:00,25220.84,stop,-40.79,-3779.64,11.25,-54.05,0,False
276827,2024-10-09 14:23:00,SHORT,25150.0,25146.05,17.04,1.302,276835,2024-10-09 14:31:00,25163.09,stop,-17.04,-2234.92,23.05,-18.45,1,True
276945,2024-10-10 10:06:00,LONG,25245.6,25248.8,17.6,1.222,276959,2024-10-10 10:20:00,25231.2,stop,-17.6,-2272.84,20.25,-23.8,0,False
276976,2024-10-10 10:37:00,SHORT,25224.2,25196.75,42.01,2.885,277254,2024-10-10 15:15:00,25112.73,target,84.02,4333.24,91.75,-18.25,0,False
277304,2024-10-11 09:50:00,LONG,25128.0,25129.35,15.51,1.095,277313,2024-10-11 09:59:00,25113.84,stop,-15.51,-2134.7,10.6,-19.35,1,True
277460,2024-10-11 12:26:00,LONG,25049.45,25050.0,7.59,1.078,277480,2024-10-11 12:46:00,25042.41,stop,-7.59,-1618.82,13.65,-8.0,0,False
277504,2024-10-11 13:10:00,LONG,25063.95,25065.95,7.48,1.365,277506,2024-10-11 13:12:00,25058.47,stop,-7.48,-1612.32,0.0,-7.95,0,False
277554,2024-10-11 14:00:00,LONG,25079.0,25088.3,17.06,2.198,277556,2024-10-11 14:02:00,25071.24,stop,-17.06,-2235.03,0.0,-21.05,1,True
277571,2024-10-11 14:17:00,SHORT,25042.0,25035.0,14.47,1.936,277577,2024-10-11 14:23:00,25049.47,stop,-14.47,-2066.32,2.4,-15.0,3,True
277673,2024-10-14 09:44:00,LONG,25179.25,25192.45,28.1,1.886,277796,2024-10-14 11:47:00,25248.65,target,56.2,2523.93,64.25,-11.85,0,False
277820,2024-10-14 12:11:00,LONG,25256.7,25257.5,8.56,1.103,277826,2024-10-14 12:17:00,25248.94,stop,-8.56,-1685.78,2.0,-16.5,2,True
277867,2024-10-14 12:58:00,SHORT,25220.0,25216.0,10.25,1.64,277888,2024-10-14 13:19:00,25226.25,stop,-10.25,-1794.8,16.0,-10.75,3,True
277966,2024-10-14 14:37:00,LONG,25238.1,25240.0,9.31,1.256,277978,2024-10-14 14:49:00,25230.69,stop,-9.31,-1733.94,9.5,-13.0,2,True
278057,2024-10-15 09:53:00,SHORT,25203.9,25189.0,28.21,2.12,278066,2024-10-15 10:02:00,25132.58,target,56.42,2539.29,66.0,-12.95,0,False
278092,2024-10-15 10:28:00,SHORT,25121.0,25120.0,12.47,1.087,278094,2024-10-15 10:30:00,25095.06,target,24.94,494.51,30.0,0.0,0,False
278148,2024-10-15 11:24:00,SHORT,25133.0,25127.0,16.84,1.554,278176,2024-10-15 11:52:00,25143.84,stop,-16.84,-2221.46,21.35,-19.65,0,False
278241,2024-10-15 12:57:00,SHORT,25125.2,25120.35,13.3,1.574,278246,2024-10-15 13:02:00,25093.76,target,26.59,601.74,30.35,-8.55,1,True
278385,2024-10-15 15:21:00,LONG,25124.65,25125.1,8.11,1.059,278389,2024-10-15 15:25:00,25129.0,eod,3.9,-873.52,4.9,-1.05,0,False
278417,2024-10-16 09:38:00,LONG,25136.0,25154.95,32.34,2.416,278478,2024-10-16 10:39:00,25122.61,stop,-32.34,-3228.83,27.85,-43.65,3,True
278528,2024-10-16 11:29:00,SHORT,25030.0,25023.9,17.98,1.513,278544,2024-10-16 11:45:00,24987.93,target,35.97,1212.88,37.8,-5.8,3,True
278592,2024-10-16 12:33:00,SHORT,24995.0,24990.1,12.76,1.624,278595,2024-10-16 12:36:00,25002.86,stop,-12.76,-1953.79,0.0,-14.9,1,True
278617,2024-10-16 12:58:00,LONG,25011.0,25016.0,11.26,1.799,278625,2024-10-16 13:06:00,25038.51,target,22.51,337.81,31.8,-3.6,1,True
278676,2024-10-16 13:57:00,SHORT,25025.3,25025.0,6.85,1.046,278678,2024-10-16 13:59:00,25031.85,stop,-6.85,-1570.62,0.4,-8.5,3,True
278680,2024-10-16 14:01:00,LONG,25046.05,25054.85,17.1,2.06,278684,2024-10-16 14:05:00,25089.06,target,34.21,1097.21,38.45,-3.85,1,False
278781,2024-10-17 09:27:00,SHORT,24999.2,24998.0,13.93,1.094,278786,2024-10-17 09:32:00,25011.93,stop,-13.93,-2030.04,6.1,-25.8,1,True
278788,2024-10-17 09:34:00,SHORT,24990.0,24972.2,32.52,2.209,278797,2024-10-17 09:43:00,24907.16,target,65.04,3103.34,71.55,-10.5,0,False
278837,2024-10-17 10:23:00,SHORT,24872.25,24867.9,16.87,1.347,278839,2024-10-17 10:25:00,24884.77,stop,-16.87,-2219.16,0.0,-17.3,2,True
278976,2024-10-17 12:42:00,SHORT,24855.0,24854.95,5.9,1.009,278980,2024-10-17 12:46:00,24843.15,target,11.8,-355.15,16.9,-1.45,0,False
279082,2024-10-17 14:28:00,LONG,24845.05,24854.5,16.5,2.341,279091,2024-10-17 14:37:00,24838.0,stop,-16.5,-2194.54,5.5,-20.75,1,True
279288,2024-10-18 11:39:00,LONG,24872.5,24873.1,14.07,1.045,279313,2024-10-18 12:04:00,24901.24,target,28.14,705.74,28.9,-12.55,0,False
279369,2024-10-18 13:00:00,SHORT,24934.95,24934.0,12.13,1.085,279383,2024-10-18 13:14:00,24909.74,target,24.26,453.21,28.5,-7.1,0,False
279403,2024-10-18 13:34:00,LONG,24958.85,24965.05,15.78,1.647,279435,2024-10-18 14:06:00,24949.27,stop,-15.78,-2149.54,30.6,-19.95,4,True
279626,2024-10-21 11:02:00,LONG,24870.0,24875.55,18.39,1.432,279630,2024-10-21 11:06:00,24857.16,stop,-18.39,-2317.71,3.7,-20.5,1,True
279635,2024-10-21 11:11:00,SHORT,24835.0,24827.0,20.92,1.619,279659,2024-10-21 11:35:00,24785.16,target,41.84,1597.93,47.0,-20.6,2,True
279760,2024-10-21 13:16:00,LONG,24782.25,24787.35,16.31,1.455,279763,2024-10-21 13:19:00,24819.97,target,32.62,998.5,44.65,-2.8,3,True
279799,2024-10-21 13:55:00,LONG,24847.6,24848.5,12.99,1.074,279802,2024-10-21 13:58:00,24874.49,target,25.99,566.45,26.45,0.0,0,False
279888,2024-10-21 15:24:00,SHORT,24780.4,24775.05,14.86,1.562,279889,2024-10-21 15:25:00,24774.95,eod,0.1,-1114.47,6.75,-0.25,2,True
279966,2024-10-22 10:27:00,SHORT,24734.2,24724.0,27.8,1.58,279981,2024-10-22 10:42:00,24751.8,stop,-27.8,-2927.25,30.95,-28.85,1,True
279988,2024-10-22 10:49:00,LONG,24752.85,24755.0,21.26,1.113,280022,2024-10-22 11:23:00,24733.74,stop,-21.26,-2502.04,39.95,-25.4,0,False
280090,2024-10-22 12:31:00,SHORT,24690.15,24688.45,15.2,1.126,280091,2024-10-22 12:32:00,24703.65,stop,-15.2,-2107.72,1.8,-16.9,1,True
280107,2024-10-22 12:48:00,SHORT,24682.15,24676.9,18.39,1.4,280137,2024-10-22 13:18:00,24640.12,target,36.78,1271.32,40.9,-16.65,1,True
280168,2024-10-22 13:49:00,LONG,24661.55,24669.0,20.59,1.567,280181,2024-10-22 14:02:00,24648.41,stop,-20.59,-2457.06,10.5,-24.0,1,True
280206,2024-10-22 14:27:00,SHORT,24625.4,24610.0,28.05,2.217,280241,2024-10-22 15:02:00,24553.9,target,56.1,2528.41,65.05,-21.0,1,True
280306,2024-10-23 09:52:00,LONG,24581.75,24595.0,37.68,1.542,280314,2024-10-23 10:00:00,24557.32,stop,-37.68,-3566.76,4.0,-50.8,1,True
280337,2024-10-23 10:23:00,SHORT,24570.0,24566.8,23.97,1.154,280352,2024-10-23 10:38:00,24590.77,stop,-23.97,-2675.84,44.65,-31.4,1,True
280375,2024-10-23 11:01:00,LONG,24630.0,24642.05,28.3,1.741,280385,2024-10-23 11:11:00,24613.75,stop,-28.3,-2958.02,32.9,-33.45,0,False
280507,2024-10-23 13:13:00,SHORT,24589.0,24588.75,11.0,1.023,280512,2024-10-23 13:18:00,24599.75,stop,-11.0,-1832.61,5.6,-13.9,0,False
280564,2024-10-23 14:10:00,SHORT,24563.15,24552.6,21.52,1.962,280571,2024-10-23 14:17:00,24509.57,target,43.03,1680.18,46.6,-14.35,1,True
280657,2024-10-24 09:28:00,SHORT,24461.1,24460.1,18.23,1.058,280665,2024-10-24 09:36:00,24423.65,target,36.45,1254.02,43.1,-13.2,2,True
280747,2024-10-24 10:58:00,SHORT,24470.0,24465.0,14.49,1.527,280865,2024-10-24 12:56:00,24436.02,target,28.98,768.19,29.65,-10.0,4,True
280882,2024-10-24 13:13:00,SHORT,24435.0,24434.2,6.54,1.139,280885,2024-10-24 13:16:00,24440.74,stop,-6.54,-1540.23,5.3,-6.95,0,False
280946,2024-10-24 14:17:00,SHORT,24427.85,24425.0,8.6,1.496,280953,2024-10-24 14:24:00,24407.81,target,17.19,2.66,19.7,-3.85,9,True
280990,2024-10-24 15:01:00,LONG,24447.0,24449.9,9.94,1.412,280996,2024-10-24 15:07:00,24439.96,stop,-9.94,-1761.56,6.7,-12.6,2,True
281038,2024-10-25 09:34:00,SHORT,24405.0,24401.0,21.22,1.232,281043,2024-10-25 09:39:00,24358.56,target,42.44,1643.92,49.7,-10.0,3,True
281199,2024-10-25 12:15:00,SHORT,24140.0,24136.2,18.66,1.256,281205,2024-10-25 12:21:00,24154.86,stop,-18.66,-2323.11,11.8,-23.8,2,True
281269,2024-10-25 13:25:00,SHORT,24115.0,24108.25,17.47,1.629,281287,2024-10-25 13:43:00,24126.55,stop_gap,-18.3,-2299.12,16.25,-20.25,3,True
281364,2024-10-25 15:00:00,LONG,24150.0,24162.4,27.81,1.805,281380,2024-10-25 15:16:00,24218.02,target,55.62,2503.89,57.5,-26.5,8,True
281434,2024-10-28 09:55:00,LONG,24285.3,24292.0,28.62,1.306,281448,2024-10-28 10:09:00,24263.38,stop,-28.62,-2972.32,22.0,-32.0,0,False
281475,2024-10-28 10:36:00,LONG,24397.8,24414.85,33.45,2.04,281501,2024-10-28 11:02:00,24381.4,stop,-33.45,-3288.26,20.85,-48.7,0,False
281502,2024-10-28 11:03:00,SHORT,24370.95,24367.9,16.6,1.225,281512,2024-10-28 11:13:00,24384.5,stop,-16.6,-2192.96,22.05,-21.45,1,True
281543,2024-10-28 11:44:00,LONG,24410.0,24417.0,18.84,1.591,281560,2024-10-28 12:01:00,24398.16,stop,-18.84,-2339.16,8.0,-27.0,4,True
281573,2024-10-28 12:14:00,LONG,24475.0,24475.55,11.89,1.049,281575,2024-10-28 12:16:00,24463.66,stop,-11.89,-1888.39,9.45,-20.1,2,True
281681,2024-10-28 14:02:00,SHORT,24390.0,24388.55,13.03,1.125,281687,2024-10-28 14:08:00,24401.58,stop,-13.03,-1961.04,21.65,-18.0,0,False
281740,2024-10-28 15:01:00,SHORT,24364.4,24344.3,34.54,2.392,281764,2024-10-28 15:25:00,24355.45,eod,-11.15,-1838.38,33.3,-24.7,0,False
281820,2024-10-29 10:06:00,SHORT,24210.5,24192.7,36.01,1.978,281827,2024-10-29 10:13:00,24228.71,stop,-36.01,-3451.7,5.7,-41.0,0,False
281841,2024-10-29 10:27:00,LONG,24258.65,24271.95,27.81,1.916,281844,2024-10-29 10:30:00,24244.14,stop,-27.81,-2919.92,2.95,-31.65,3,True
281936,2024-10-29 12:02:00,LONG,24274.9,24295.95,33.32,2.716,281996,2024-10-29 13:02:00,24362.59,target,66.64,3217.67,71.25,-6.6,1,True
282045,2024-10-29 13:51:00,SHORT,24289.35,24287.0,14.65,1.191,282047,2024-10-29 13:53:00,24301.65,stop,-14.65,-2065.15,0.0,-19.9,7,True
282062,2024-10-29 14:08:00,LONG,24426.65,24429.0,16.53,1.166,282072,2024-10-29 14:18:00,24462.06,target,33.06,1033.54,36.15,-1.65,1,True
282120,2024-10-29 15:06:00,LONG,24486.95,24489.0,13.0,1.187,282129,2024-10-29 15:15:00,24476.0,stop,-13.0,-1961.13,10.2,-18.6,2,True
282242,2024-10-30 10:53:00,LONG,24448.0,24452.25,14.86,1.4,282273,2024-10-30 11:24:00,24481.98,target,29.73,816.32,32.4,-13.1,10,True
282367,2024-10-30 12:58:00,LONG,24480.0,24485.0,13.55,1.585,282375,2024-10-30 13:06:00,24512.11,target,27.11,645.53,31.9,-7.8,9,True
282385,2024-10-30 13:16:00,SHORT,24400.0,24398.8,16.24,1.08,282400,2024-10-30 13:31:00,24415.04,stop,-16.24,-2170.17,18.75,-24.0,0,False
282442,2024-10-30 14:13:00,SHORT,24362.75,24351.65,23.4,1.902,282452,2024-10-30 14:23:00,24375.05,stop,-23.4,-2634.82,31.6,-27.5,1,True
282534,2024-10-31 09:30:00,SHORT,24284.35,24278.05,20.96,1.43,282549,2024-10-31 09:45:00,24299.01,stop,-20.96,-2474.71,37.0,-21.95,5,True
282643,2024-10-31 11:19:00,SHORT,24241.05,24238.0,9.87,1.447,282646,2024-10-31 11:22:00,24247.87,stop,-9.87,-1753.57,1.95,-16.7,13,True
282727,2024-10-31 12:43:00,SHORT,24200.0,24199.9,6.73,1.015,282735,2024-10-31 12:51:00,24206.63,stop,-6.73,-1548.48,7.9,-7.35,0,False
282784,2024-10-31 13:40:00,LONG,24210.85,24214.65,9.48,1.669,282803,2024-10-31 13:59:00,24205.17,stop,-9.48,-1727.44,12.15,-11.45,1,True
282834,2024-10-31 14:30:00,SHORT,24192.0,24186.2,12.53,1.862,282844,2024-10-31 14:40:00,24198.73,stop,-12.53,-1925.31,2.65,-15.8,4,True
283107,2024-11-04 12:48:00,SHORT,23960.0,23959.0,14.0,1.077,283123,2024-11-04 13:04:00,23973.0,stop,-14.0,-2016.92,24.0,-23.0,1,True
283398,2024-11-05 11:24:00,SHORT,24077.95,24073.65,15.61,1.38,283412,2024-11-05 11:38:00,24042.42,target,31.23,920.93,42.6,-8.05,0,False
283521,2024-11-05 13:27:00,LONG,24132.6,24134.95,19.6,1.136,283524,2024-11-05 13:30:00,24174.15,target,39.2,1437.67,74.05,-6.35,0,False
283547,2024-11-05 13:53:00,LONG,24212.65,24220.4,24.06,1.475,283548,2024-11-05 13:54:00,24196.34,stop,-24.06,-2675.24,1.6,-24.8,0,False
283783,2024-11-06 11:34:00,LONG,24476.0,24492.0,27.64,2.374,283803,2024-11-06 11:54:00,24547.29,target,55.29,2476.79,58.65,-18.05,1,True
283908,2024-11-06 13:39:00,LONG,24586.8,24594.0,15.71,1.846,283911,2024-11-06 13:42:00,24578.29,stop,-15.71,-2138.69,4.9,-19.75,2,True
283947,2024-11-06 14:18:00,LONG,24616.5,24625.0,17.81,1.913,283952,2024-11-06 14:23:00,24660.62,target,35.62,1196.39,39.95,-4.9,2,False
284028,2024-11-07 09:24:00,SHORT,24516.15,24505.25,26.75,1.688,284043,2024-11-07 09:39:00,24451.75,target,53.5,2361.2,54.8,0.0,1,True
284056,2024-11-07 09:52:00,SHORT,24450.0,24446.6,19.63,1.209,284062,2024-11-07 09:58:00,24407.34,target,39.26,1436.98,43.6,-3.8,5,True
284063,2024-11-07 09:59:00,SHORT,24390.35,24386.0,21.21,1.258,284065,2024-11-07 10:01:00,24343.58,target,42.42,1643.27,44.4,-3.85,0,False
284091,2024-11-07 10:27:00,SHORT,24308.0,24303.7,20.16,1.271,284107,2024-11-07 10:43:00,24323.86,stop,-20.16,-2423.46,14.7,-21.0,2,True
284119,2024-11-07 10:55:00,LONG,24349.45,24357.05,19.89,1.619,284130,2024-11-07 11:06:00,24337.16,stop,-19.89,-2406.17,8.9,-21.1,0,False
284211,2024-11-07 12:27:00,LONG,24334.7,24338.65,11.19,1.546,284214,2024-11-07 12:30:00,24327.46,stop,-11.19,-1840.64,0.35,-12.0,1,True
284286,2024-11-07 13:42:00,SHORT,24301.0,24300.0,6.63,1.178,284289,2024-11-07 13:45:00,24286.74,target,13.26,-250.69,15.0,-1.0,1,True
284362,2024-11-07 14:58:00,LONG,24305.0,24313.0,14.1,2.311,284377,2024-11-07 15:13:00,24298.9,stop,-14.1,-2029.39,5.0,-15.65,3,True
284424,2024-11-08 09:45:00,LONG,24317.8,24358.95,72.69,2.305,284432,2024-11-08 09:53:00,24286.26,stop,-72.69,-5837.76,26.0,-107.95,7,True
284504,2024-11-08 11:05:00,SHORT,24253.65,24250.95,12.59,1.273,284511,2024-11-08 11:12:00,24263.54,stop,-12.59,-1930.24,7.4,-16.75,3,True
284640,2024-11-08 13:21:00,LONG,24267.7,24270.0,11.19,1.259,284653,2024-11-08 13:34:00,24258.81,stop,-11.19,-1839.84,13.3,-12.75,0,False
284690,2024-11-08 14:11:00,SHORT,24237.7,24235.0,10.86,1.331,284700,2024-11-08 14:21:00,24213.27,target,21.73,300.63,21.75,-3.1,3,True
284841,2024-11-11 10:27:00,LONG,24246.0,24278.0,48.21,2.974,284886,2024-11-11 11:12:00,24374.42,target,96.42,5153.15,100.0,0.0,4,True
284917,2024-11-11 11:43:00,LONG,24411.5,24429.65,28.59,2.739,284922,2024-11-11 11:48:00,24401.06,stop,-28.59,-2972.75,3.6,-29.55,0,False
284955,2024-11-11 12:21:00,SHORT,24308.45,24287.0,36.27,2.448,284971,2024-11-11 12:37:00,24323.27,stop,-36.27,-3469.99,15.4,-38.0,2,True
285219,2024-11-12 10:30:00,LONG,24270.15,24271.0,14.3,1.063,285221,2024-11-12 10:32:00,24256.7,stop,-14.3,-2041.44,9.0,-21.0,4,True
285267,2024-11-12 11:18:00,SHORT,24203.0,24200.05,16.01,1.226,285271,2024-11-12 11:22:00,24216.06,stop,-16.01,-2151.71,0.05,-24.95,1,True
285318,2024-11-12 12:09:00,SHORT,24200.95,24200.7,8.49,1.03,285320,2024-11-12 12:11:00,24209.19,stop,-8.49,-1662.85,3.2,-12.3,0,False
285322,2024-11-12 12:13:00,SHORT,24182.0,24174.75,16.66,1.77,285324,2024-11-12 12:15:00,24191.41,stop,-16.66,-2193.84,0.0,-22.25,0,False
285464,2024-11-12 14:35:00,LONG,24060.0,24064.9,20.36,1.317,285467,2024-11-12 14:38:00,24044.54,stop,-20.36,-2431.64,5.1,-21.9,1,True
285496,2024-11-12 15:07:00,SHORT,23995.2,23970.1,38.81,2.831,285514,2024-11-12 15:25:00,23943.95,eod,26.15,592.62,31.2,-6.9,1,True
285577,2024-11-13 10:13:00,SHORT,23780.0,23771.6,27.94,1.43,285589,2024-11-13 10:25:00,23799.54,stop,-27.94,-2919.92,19.6,-43.4,0,False
285642,2024-11-13 11:18:00,SHORT,23772.5,23772.45,14.18,1.004,285646,2024-11-13 11:22:00,23786.63,stop,-14.18,-2025.5,8.4,-15.55,0,False
285731,2024-11-13 12:47:00,SHORT,23750.0,23732.0,29.19,2.608,285782,2024-11-13 13:38:00,23761.19,stop,-29.19,-3000.77,29.0,-31.95,3,True
285791,2024-11-13 13:47:00,LONG,23794.9,23800.0,21.36,1.314,285794,2024-11-13 13:50:00,23778.64,stop,-21.36,-2492.46,0.15,-29.3,1,True
285824,2024-11-13 14:20:00,SHORT,23706.75,23706.65,14.12,1.007,285834,2024-11-13 14:30:00,23678.41,target,28.24,732.71,41.65,-1.75,3,True
285864,2024-11-13 15:00:00,SHORT,23634.95,23632.0,20.61,1.167,285879,2024-11-13 15:15:00,23652.61,stop,-20.61,-2441.09,27.0,-35.95,0,False
285939,2024-11-14 10:00:00,LONG,23709.1,23725.0,34.63,1.849,285964,2024-11-14 10:25:00,23690.37,stop,-34.63,-3353.69,31.9,-43.65,0,False
286006,2024-11-14 11:07:00,SHORT,23600.0,23595.0,16.36,1.44,286034,2024-11-14 11:35:00,23611.36,stop,-16.36,-2164.43,31.55,-16.65,1,True
286058,2024-11-14 11:59:00,LONG,23611.65,23614.5,13.07,1.279,286072,2024-11-14 12:13:00,23640.64,target,26.14,597.64,26.6,-11.5,0,False
286219,2024-11-14 14:40:00,SHORT,23604.85,23603.45,9.0,1.184,286239,2024-11-14 15:00:00,23585.44,target,18.01,69.59,22.45,-8.55,0,False
286271,2024-11-18 09:17:00,SHORT,23563.45,23560.0,20.46,1.203,286280,2024-11-18 09:26:00,23519.08,target,40.92,1559.94,54.75,-20.3,1,True
286714,2024-11-19 10:25:00,LONG,23770.0,23797.3,41.01,2.991,286738,2024-11-19 10:49:00,23756.29,stop,-41.01,-3769.3,17.7,-48.6,0,False
286772,2024-11-19 11:23:00,LONG,23800.0,23805.0,14.17,1.545,286782,2024-11-19 11:33:00,23833.34,target,28.34,737.04,28.7,-2.0,4,True
286852,2024-11-19 12:43:00,SHORT,23800.0,23790.8,17.12,2.162,286859,2024-11-19 12:50:00,23807.92,stop,-17.12,-2216.75,13.1,-17.3,0,False
286878,2024-11-19 13:09:00,LONG,23816.25,23818.15,8.58,1.285,286892,2024-11-19 13:23:00,23809.57,stop,-8.58,-1662.07,6.85,-11.65,1,True
287004,2024-11-19 15:15:00,SHORT,23495.9,23495.0,21.84,1.043,287005,2024-11-19 15:16:00,23516.84,stop,-21.84,-2518.84,1.5,-39.0,6,True
287136,2024-11-21 11:12:00,LONG,23367.9,23369.3,10.08,1.161,287184,2024-11-21 12:00:00,23389.46,target,20.16,213.24,35.4,-9.05,11,False
287232,2024-11-21 12:48:00,SHORT,23373.5,23368.85,12.89,1.564,287241,2024-11-21 12:57:00,23343.07,target,25.78,579.06,28.7,-6.3,3,True
287318,2024-11-21 14:14:00,SHORT,23365.2,23364.35,6.56,1.149,287321,2024-11-21 14:17:00,23370.91,stop,-6.56,-1523.57,0.55,-8.3,1,True
287367,2024-11-21 15:03:00,SHORT,23334.45,23326.85,17.22,1.79,287372,2024-11-21 15:08:00,23344.07,stop,-17.22,-2215.47,3.05,-22.75,4,False
287537,2024-11-22 11:38:00,LONG,23567.8,23586.45,33.4,2.264,287564,2024-11-22 12:05:00,23653.25,target,66.8,3240.42,73.55,-18.1,0,False
287679,2024-11-22 14:00:00,LONG,23830.0,23835.55,20.4,1.374,287688,2024-11-22 14:09:00,23876.35,target,40.8,1546.35,56.7,-5.25,0,False
287806,2024-11-25 09:52:00,SHORT,24281.0,24272.7,27.91,1.423,287814,2024-11-25 10:00:00,24300.61,stop,-27.91,-2926.77,20.45,-41.0,0,False
287875,2024-11-25 11:01:00,LONG,24338.3,24349.0,22.94,1.874,287900,2024-11-25 11:26:00,24326.06,stop,-22.94,-2604.4,16.0,-31.05,1,True
287910,2024-11-25 11:36:00,SHORT,24305.75,24305.05,12.0,1.062,287911,2024-11-25 11:37:00,24317.05,stop,-12.0,-1893.22,0.0,-14.95,0,False
287986,2024-11-25 12:52:00,SHORT,24262.2,24259.65,13.01,1.244,287987,2024-11-25 12:53:00,24233.63,target,26.02,579.02,46.65,-4.2,0,False
288090,2024-11-25 14:36:00,LONG,24225.0,24234.0,23.52,1.62,288100,2024-11-25 14:46:00,24281.04,target,47.04,1944.88,50.65,-12.25,0,False
288151,2024-11-26 09:22:00,LONG,24323.3,24335.0,27.05,1.762,288153,2024-11-26 09:24:00,24307.95,stop,-27.05,-2871.01,0.0,-34.95,2,True
288207,2024-11-26 10:18:00,SHORT,24190.5,24186.5,20.63,1.241,288219,2024-11-26 10:30:00,24207.13,stop,-20.63,-2451.92,24.5,-21.55,2,True
288425,2024-11-26 13:56:00,LONG,24208.75,24209.7,11.96,1.086,288426,2024-11-26 13:57:00,24197.74,stop,-11.96,-1888.39,0.0,-17.35,0,False
288487,2024-11-26 14:58:00,LONG,24270.05,24274.0,14.03,1.392,288489,2024-11-26 15:00:00,24259.97,stop,-14.03,-2023.96,0.0,-23.8,1,True
288533,2024-11-27 09:29:00,SHORT,24194.0,24187.0,20.37,1.524,288554,2024-11-27 09:50:00,24207.37,stop,-20.37,-2434.73,30.0,-41.25,7,True
288663,2024-11-27 11:39:00,LONG,24216.0,24216.55,7.77,1.076,288666,2024-11-27 11:42:00,24208.78,stop,-7.77,-1616.06,2.45,-7.8,4,True
288704,2024-11-27 12:20:00,LONG,24244.45,24260.5,27.93,2.351,288717,2024-11-27 12:33:00,24316.37,target,55.87,2518.33,60.05,-2.5,0,False
288744,2024-11-27 13:00:00,LONG,24337.0,24338.9,11.78,1.192,288747,2024-11-27 13:03:00,24327.12,stop,-11.78,-1879.35,5.5,-16.25,2,True
288753,2024-11-27 13:09:00,LONG,24339.05,24342.0,12.17,1.32,288774,2024-11-27 13:30:00,24329.83,stop,-12.17,-1904.56,21.45,-21.55,8,False
288787,2024-11-27 13:43:00,LONG,24355.0,24360.0,15.91,1.458,288801,2024-11-27 13:57:00,24344.09,stop,-15.91,-2147.76,20.0,-22.0,5,True
288817,2024-11-27 14:13:00,SHORT,24315.0,24310.0,17.09,1.414,288829,2024-11-27 14:25:00,24327.09,stop,-17.09,-2223.99,19.95,-18.1,2,True
288849,2024-11-27 14:45:00,SHORT,24307.0,24302.0,13.89,1.562,288851,2024-11-27 14:47:00,24315.89,stop,-13.89,-2015.7,1.6,-15.6,4,True
288864,2024-11-27 15:00:00,SHORT,24300.05,24298.8,10.96,1.129,288889,2024-11-27 15:25:00,24305.0,eod,-6.2,-1515.84,11.2,-10.15,0,False
288977,2024-11-28 10:38:00,SHORT,24141.7,24104.25,60.87,2.599,289124,2024-11-28 13:05:00,23982.52,target,121.73,6803.33,125.45,-31.7,2,True
289191,2024-11-28 14:12:00,SHORT,23965.0,23957.35,32.22,1.311,289192,2024-11-28 14:13:00,23892.92,target,64.43,3081.27,112.55,0.0,0,False
289398,2024-11-29 11:24:00,LONG,24285.0,24294.0,22.01,1.692,289406,2024-11-29 11:32:00,24271.99,stop,-22.01,-2542.99,0.0,-24.9,7,True
289412,2024-11-29 11:38:00,SHORT,24254.05,24245.0,21.32,1.738,289447,2024-11-29 12:13:00,24266.32,stop,-21.32,-2497.58,29.95,-24.8,0,False
289493,2024-11-29 12:59:00,LONG,24270.0,24273.55,12.52,1.396,289496,2024-11-29 13:02:00,24261.03,stop,-12.52,-1926.17,1.45,-12.55,3,True
289704,2024-12-02 10:15:00,LONG,24314.15,24333.3,37.51,2.043,289724,2024-12-02 10:35:00,24295.79,stop,-37.51,-3551.25,16.7,-39.25,0,False
289766,2024-12-02 11:17:00,LONG,24300.0,24309.9,21.19,1.877,289785,2024-12-02 11:36:00,24288.71,stop,-21.19,-2490.01,14.95,-24.9,1,True
289882,2024-12-02 13:13:00,SHORT,24325.0,24316.3,18.27,1.909,289886,2024-12-02 13:17:00,24334.57,stop,-18.27,-2300.96,0.0,-27.75,2,True
289910,2024-12-02 13:41:00,LONG,24344.05,24344.75,10.81,1.069,289915,2024-12-02 13:46:00,24333.94,stop,-10.81,-1816.22,5.25,-14.75,5,True
289971,2024-12-02 14:42:00,LONG,24462.1,24465.0,14.36,1.253,289976,2024-12-02 14:47:00,24450.64,stop,-14.36,-2048.89,9.9,-21.0,2,True
290080,2024-12-03 10:16:00,LONG,24456.0,24465.3,19.66,1.898,290093,2024-12-03 10:29:00,24504.62,target,39.32,1439.82,59.7,-6.45,7,True
290125,2024-12-03 11:01:00,LONG,24541.05,24547.0,14.52,1.694,290138,2024-12-03 11:14:00,24532.48,stop,-14.52,-2060.6,1.9,-14.6,1,True
290178,2024-12-03 11:54:00,SHORT,24532.25,24522.0,19.28,2.135,290181,2024-12-03 11:57:00,24541.28,stop,-19.28,-2370.13,0.95,-26.0,3,True
290277,2024-12-03 13:33:00,LONG,24561.75,24574.5,21.85,2.401,290340,2024-12-03 14:36:00,24552.65,stop,-21.85,-2537.63,15.5,-22.7,1,True
290379,2024-12-03 15:15:00,SHORT,24550.0,24547.15,10.61,1.367,290389,2024-12-03 15:25:00,24537.0,eod,10.15,-457.3,14.9,-7.85,2,True
290401,2024-12-04 09:22:00,LONG,24575.9,24580.5,15.56,1.42,290410,2024-12-04 09:31:00,24611.62,target,31.12,904.84,39.5,-9.05,0,False
290459,2024-12-04 10:20:00,SHORT,24619.0,24613.3,16.43,1.531,290472,2024-12-04 10:33:00,24629.73,stop,-16.43,-2186.27,18.8,-28.2,0,False
290516,2024-12-04 11:17:00,SHORT,24605.5,24605.4,7.99,1.013,290517,2024-12-04 11:18:00,24613.39,stop,-7.99,-1637.61,0.0,-16.55,0,False
290686,2024-12-04 14:07:00,LONG,24635.9,24636.0,10.91,1.009,290687,2024-12-04 14:08:00,24625.09,stop,-10.91,-1827.84,2.0,-15.75,0,False
290698,2024-12-04 14:19:00,SHORT,24607.15,24556.55,64.82,4.558,290764,2024-12-04 15:25:00,24565.1,eod,-8.55,-1673.01,44.35,-27.2,0,False
290803,2024-12-05 09:49:00,SHORT,24510.0,24509.25,18.22,1.043,290814,2024-12-05 10:00:00,24527.47,stop,-18.22,-2300.76,19.25,-22.75,1,True
290872,2024-12-05 10:58:00,SHORT,24442.9,24422.95,38.3,2.087,290876,2024-12-05 11:02:00,24461.25,stop,-38.3,-3604.46,26.95,-40.05,0,False
290945,2024-12-05 12:11:00,LONG,24641.5,24675.0,57.31,2.407,291066,2024-12-05 14:12:00,24789.63,target,114.63,6329.97,163.0,-15.6,2,True
291082,2024-12-05 14:28:00,LONG,24848.65,24877.4,47.26,2.553,291105,2024-12-05 14:51:00,24830.1,stop_gap,-47.3,-4196.54,52.1,-107.0,0,False
291275,2024-12-06 11:26:00,SHORT,24771.0,24756.55,29.11,1.986,291285,2024-12-06 11:36:00,24785.66,stop,-29.11,-3012.82,6.5,-33.45,3,True
291391,2024-12-06 13:22:00,SHORT,24794.85,24793.55,8.98,1.169,291400,2024-12-06 13:31:00,24802.53,stop,-8.98,-1704.77,3.55,-22.35,2,True
291461,2024-12-06 14:32:00,SHORT,24774.15,24773.2,9.17,1.116,291468,2024-12-06 14:39:00,24782.37,stop,-9.17,-1717.13,13.2,-10.8,3,True
291505,2024-12-06 15:16:00,LONG,24800.0,24801.0,10.19,1.109,291507,2024-12-06 15:18:00,24790.81,stop,-10.19,-1783.46,0.95,-15.3,1,True
291556,2024-12-09 09:52:00,SHORT,24703.75,24679.65,39.56,2.559,291610,2024-12-09 10:46:00,24719.21,stop,-39.56,-3690.8,27.95,-43.35,4,True
291715,2024-12-09 12:31:00,SHORT,24730.0,24716.5,23.93,2.295,291758,2024-12-09 13:14:00,24740.43,stop,-23.93,-2675.19,16.0,-26.5,0,False
291920,2024-12-10 09:41:00,LONG,24724.85,24736.1,22.94,1.962,291976,2024-12-10 10:37:00,24713.16,stop,-22.94,-2611.12,32.65,-25.0,11,True
292074,2024-12-10 12:15:00,SHORT,24680.0,24658.5,33.37,2.811,292246,2024-12-10 15:07:00,24691.87,stop,-33.37,-3288.11,63.1,-37.5,6,True
292340,2024-12-11 10:26:00,LONG,24746.5,24750.0,15.12,1.301,292346,2024-12-11 10:32:00,24734.88,stop,-15.12,-2103.02,6.45,-15.6,1,True
292348,2024-12-11 10:34:00,LONG,24756.45,24758.5,13.43,1.18,292354,2024-12-11 10:40:00,24745.07,stop,-13.43,-1993.76,6.5,-13.5,0,False
292409,2024-12-11 11:35:00,LONG,24776.0,24778.0,10.0,1.25,292446,2024-12-11 12:12:00,24768.0,stop,-10.0,-1770.87,16.15,-14.4,1,True
292473,2024-12-11 12:39:00,SHORT,24741.1,24728.7,21.49,2.364,292503,2024-12-11 13:09:00,24750.19,stop,-21.49,-2517.28,6.1,-22.4,1,True
292526,2024-12-11 13:32:00,LONG,24759.75,24761.7,8.42,1.301,292531,2024-12-11 13:37:00,24753.28,stop,-8.42,-1668.07,0.1,-13.7,2,True
292598,2024-12-11 14:44:00,SHORT,24729.0,24727.0,10.0,1.25,292624,2024-12-11 15:10:00,24737.0,stop,-10.0,-1770.2,18.25,-11.75,1,True
292697,2024-12-12 10:08:00,SHORT,24713.0,24710.0,11.08,1.371,292721,2024-12-12 10:32:00,24687.84,target,22.16,320.47,27.15,-6.4,0,False
292757,2024-12-12 11:08:00,SHORT,24682.85,24682.05,8.48,1.104,292759,2024-12-12 11:10:00,24690.53,stop,-8.48,-1670.64,5.7,-8.55,4,True
292799,2024-12-12 11:50:00,SHORT,24680.8,24678.1,9.72,1.385,292809,2024-12-12 12:00:00,24687.82,stop,-9.72,-1751.08,6.25,-9.8,0,False
292811,2024-12-12 12:02:00,SHORT,24671.1,24660.35,18.02,2.479,293014,2024-12-12 15:25:00,24650.0,eod,10.35,-446.23,32.35,-8.6,2,False
293179,2024-12-13 11:55:00,LONG,24468.0,24507.7,57.74,3.201,293184,2024-12-13 12:00:00,24623.17,target,115.47,6387.63,142.5,-1.4,0,False
293210,2024-12-13 12:26:00,LONG,24655.95,24666.25,33.48,1.444,293213,2024-12-13 12:29:00,24632.77,stop,-33.48,-3294.84,8.75,-40.05,9,True
293243,2024-12-13 12:59:00,LONG,24695.9,24697.05,20.84,1.058,293246,2024-12-13 13:02:00,24738.72,target,41.67,1588.6,43.95,-1.0,0,False
293286,2024-12-13 13:42:00,LONG,24765.55,24780.0,31.61,1.842,293387,2024-12-13 15:23:00,24843.22,target,63.22,2987.3,68.95,-28.1,2,True
293408,2024-12-16 09:29:00,SHORT,24761.15,24757.35,18.26,1.263,293420,2024-12-16 09:41:00,24775.61,stop,-18.26,-2307.65,16.6,-26.8,3,True
293636,2024-12-16 13:17:00,LONG,24739.75,24743.0,12.87,1.338,293642,2024-12-16 13:23:00,24730.13,stop,-12.87,-1957.02,12.0,-12.95,2,True
293667,2024-12-16 13:48:00,SHORT,24710.1,24710.0,10.09,1.01,293671,2024-12-16 13:52:00,24720.09,stop,-10.09,-1775.65,2.45,-18.0,0,False
293688,2024-12-16 14:09:00,LONG,24755.0,24759.9,14.55,1.508,293691,2024-12-16 14:12:00,24745.35,stop,-14.55,-2066.06,7.8,-19.9,0,False
293789,2024-12-17 09:35:00,SHORT,24640.0,24627.15,27.53,1.876,293814,2024-12-17 10:00:00,24572.1,target,55.05,2459.99,66.6,-10.85,0,False
293834,2024-12-17 10:20:00,SHORT,24560.0,24515.8,58.94,3.998,294077,2024-12-17 14:23:00,24397.91,target,117.89,6546.45,120.8,-49.15,0,False
294173,2024-12-18 09:44:00,LONG,24440.15,24445.05,25.92,1.233,294180,2024-12-18 09:51:00,24419.13,stop,-25.92,-2799.81,18.25,-42.4,1,True
294246,2024-12-18 10:57:00,SHORT,24303.55,24302.6,14.62,1.069,294253,2024-12-18 11:04:00,24317.22,stop,-14.62,-2063.21,12.6,-14.7,0,False
294316,2024-12-18 12:07:00,SHORT,24276.6,24270.8,16.2,1.558,294317,2024-12-18 12:08:00,24287.0,stop,-16.2,-2165.4,0.0,-17.2,0,False
294661,2024-12-19 11:38:00,LONG,24016.9,24039.55,30.92,3.74,294666,2024-12-19 11:43:00,24008.63,stop,-30.92,-3117.52,10.45,-32.2,0,False
294761,2024-12-19 13:18:00,SHORT,24006.45,24004.0,8.97,1.376,294769,2024-12-19 13:26:00,24012.97,stop,-8.97,-1690.54,13.6,-9.9,1,True
294868,2024-12-19 15:05:00,LONG,24020.0,24027.95,13.81,2.356,294882,2024-12-19 15:19:00,24014.14,stop,-13.81,-2005.92,2.05,-23.95,2,True
294915,2024-12-20 09:37:00,LONG,24031.0,24031.9,22.6,1.041,294918,2024-12-20 09:40:00,24077.09,target,45.19,1828.5,60.5,-15.6,3,True
294927,2024-12-20 09:49:00,SHORT,23921.05,23897.65,58.37,1.669,294957,2024-12-20 10:19:00,23956.02,stop,-58.37,-4900.3,72.0,-86.65,4,True
294981,2024-12-20 10:43:00,LONG,23984.3,23988.4,27.43,1.176,294983,2024-12-20 10:45:00,23960.97,stop,-27.43,-2890.24,0.0,-31.8,4,True
295098,2024-12-20 12:40:00,SHORT,23880.0,23877.8,15.77,1.162,295102,2024-12-20 12:44:00,23846.26,target,31.54,944.34,34.8,-3.2,1,True
295275,2024-12-23 09:22:00,LONG,23808.45,23809.55,25.37,1.045,295278,2024-12-23 09:25:00,23784.18,stop,-25.37,-2752.99,9.65,-31.7,0,False
295322,2024-12-23 10:09:00,LONG,23821.7,23822.7,20.33,1.052,295325,2024-12-23 10:12:00,23802.37,stop,-20.33,-2425.67,4.85,-25.15,1,True
295410,2024-12-23 11:37:00,SHORT,23878.05,23876.45,12.05,1.153,295428,2024-12-23 11:55:00,23852.34,target,24.11,461.46,35.6,-10.05,0,False
295482,2024-12-23 12:49:00,SHORT,23725.65,23722.25,15.5,1.281,295494,2024-12-23 13:01:00,23691.26,target,30.99,911.64,35.4,-2.75,3,False
295521,2024-12-23 13:28:00,SHORT,23685.1,23674.3,23.69,1.838,295531,2024-12-23 13:38:00,23697.99,stop,-23.69,-2642.32,10.2,-29.55,2,False
295535,2024-12-23 13:42:00,LONG,23713.95,23715.2,14.47,1.095,295544,2024-12-23 13:51:00,23700.73,stop,-14.47,-2043.42,14.8,-15.2,0,False
295651,2024-12-24 09:23:00,LONG,23780.0,23783.6,13.51,1.363,295653,2024-12-24 09:25:00,23770.09,stop,-13.51,-1981.97,4.15,-19.15,7,True
295660,2024-12-24 09:32:00,SHORT,23740.0,23732.0,20.26,1.652,295673,2024-12-24 09:45:00,23752.26,stop,-20.26,-2420.19,15.85,-38.0,1,True
295687,2024-12-24 09:59:00,LONG,23807.5,23814.2,20.44,1.488,295705,2024-12-24 10:17:00,23855.08,target,40.88,1551.75,47.4,-2.2,0,False
295810,2024-12-24 12:02:00,SHORT,23839.0,23834.0,14.24,1.541,295819,2024-12-24 12:11:00,23805.51,target,28.49,746.88,29.95,-1.75,2,True
296019,2024-12-26 09:16:00,LONG,23820.0,23826.85,17.85,1.623,296030,2024-12-26 09:27:00,23862.55,target,35.7,1215.47,37.0,-1.1,2,True
296070,2024-12-26 10:07:00,SHORT,23750.0,23742.25,22.5,1.525,296115,2024-12-26 10:52:00,23697.25,target,45.0,1822.08,45.25,-22.1,1,True
296227,2024-12-26 12:44:00,LONG,23745.0,23747.0,7.43,1.369,296277,2024-12-26 13:34:00,23739.57,stop,-7.43,-1586.0,10.65,-61.75,2,True
296564,2024-12-27 12:06:00,SHORT,24028.6,24025.0,11.69,1.445,296606,2024-12-27 12:48:00,24036.69,stop,-11.69,-1867.89,20.0,-12.55,0,False
296690,2024-12-27 14:12:00,SHORT,24025.0,24024.9,6.91,1.015,296695,2024-12-27 14:17:00,24031.81,stop,-6.91,-1557.6,2.85,-8.8,0,False
296727,2024-12-27 14:49:00,SHORT,24012.0,24010.05,10.23,1.236,296731,2024-12-27 14:53:00,23989.6,target,20.45,221.6,27.15,0.0,3,True
296905,2024-12-30 11:32:00,LONG,24010.0,24015.8,17.25,1.507,296923,2024-12-30 11:50:00,24050.29,target,34.49,1133.39,62.35,-13.8,0,False
297019,2024-12-30 13:26:00,SHORT,23910.0,23900.0,21.65,1.859,297024,2024-12-30 13:31:00,23856.71,target,43.29,1708.08,55.9,-9.85,3,True
297125,2024-12-30 15:12:00,SHORT,23800.6,23780.0,34.99,2.431,297128,2024-12-30 15:15:00,23815.0,stop,-34.99,-3378.72,5.0,-45.0,2,True
297341,2024-12-31 12:33:00,LONG,23776.95,23783.0,18.15,1.5,297344,2024-12-31 12:36:00,23764.85,stop,-18.15,-2283.33,1.0,-18.55,3,True
297366,2024-12-31 12:58:00,SHORT,23735.0,23725.1,20.89,1.901,297376,2024-12-31 13:08:00,23745.99,stop,-20.89,-2461.16,5.1,-24.9,5,True
297519,2025-01-01 09:16:00,SHORT,23765.0,23760.0,17.46,1.401,297520,2025-01-01 09:17:00,23777.46,stop,-17.46,-2238.53,0.0,-23.85,0,False
297592,2025-01-01 10:29:00,LONG,23798.9,23806.0,20.84,1.517,297599,2025-01-01 10:36:00,23785.16,stop,-20.84,-2458.99,6.75,-22.2,0,False
297602,2025-01-01 10:39:00,LONG,23819.3,23820.0,13.53,1.055,297604,2025-01-01 10:41:00,23806.47,stop,-13.53,-1983.92,2.9,-16.05,0,False
297651,2025-01-01 11:28:00,SHORT,23872.0,23869.9,14.89,1.164,297658,2025-01-01 11:35:00,23840.12,target,29.78,830.24,29.9,-10.65,0,False
297698,2025-01-01 12:15:00,LONG,23875.0,23880.0,16.55,1.433,297703,2025-01-01 12:20:00,23913.1,target,33.1,1045.3,34.55,-3.9,0,False
297802,2025-01-01 13:59:00,LONG,23915.0,23936.35,32.72,2.878,297847,2025-01-01 14:44:00,23903.63,stop,-32.72,-3232.85,27.65,-36.35,0,False
298083,2025-01-02 12:25:00,LONG,24079.0,24104.95,37.29,3.289,298120,2025-01-02 13:02:00,24179.53,target,74.58,3736.96,80.9,-19.7,0,False
298154,2025-01-02 13:36:00,LONG,24214.1,24219.0,16.43,1.425,298197,2025-01-02 14:19:00,24251.85,target,32.85,1023.35,33.55,-15.65,0,False
298297,2025-01-03 09:44:00,SHORT,24173.7,24159.6,29.41,1.921,298316,2025-01-03 10:03:00,24189.01,stop,-29.41,-3022.08,23.55,-36.4,6,False
298325,2025-01-03 10:12:00,SHORT,24136.0,24131.2,21.39,1.289,298334,2025-01-03 10:21:00,24152.59,stop,-21.39,-2500.33,19.5,-22.4,3,True
298388,2025-01-03 11:15:00,LONG,24155.8,24159.6,16.05,1.31,298396,2025-01-03 11:23:00,24191.69,target,32.09,974.99,37.4,-11.5,1,True
298538,2025-01-03 13:45:00,SHORT,24175.0,24172.0,12.39,1.32,298550,2025-01-03 13:57:00,24147.22,target,24.78,499.98,30.8,-2.95,1,False
298551,2025-01-03 13:58:00,SHORT,24140.0,24135.55,14.37,1.449,298562,2025-01-03 14:09:00,24106.81,target,28.74,758.21,31.4,-7.95,1,True
298582,2025-01-03 14:29:00,LONG,24126.0,24126.75,12.08,1.066,298585,2025-01-03 14:32:00,24114.67,stop,-12.08,-1894.8,8.25,-17.65,1,True
298592,2025-01-03 14:39:00,LONG,24135.45,24137.0,12.38,1.143,298594,2025-01-03 14:41:00,24124.62,stop,-12.38,-1914.46,1.85,-17.0,2,True
298614,2025-01-03 15:01:00,SHORT,24100.0,24096.6,13.28,1.344,298615,2025-01-03 15:02:00,24109.88,stop,-13.28,-1972.65,1.2,-17.75,1,True
298619,2025-01-03 15:06:00,SHORT,24092.9,24092.5,10.57,1.039,298622,2025-01-03 15:09:00,24103.07,stop,-10.57,-1796.41,15.8,-12.5,3,True
298650,2025-01-06 09:22:00,LONG,24139.9,24145.8,20.1,1.415,298657,2025-01-06 09:29:00,24125.7,stop,-20.1,-2416.45,4.1,-51.8,1,True
298789,2025-01-06 11:41:00,SHORT,23817.55,23816.85,19.54,1.037,298795,2025-01-06 11:47:00,23777.76,target,39.08,1436.05,55.85,-12.55,0,False
298881,2025-01-06 13:13:00,SHORT,23801.85,23800.0,18.38,1.112,298888,2025-01-06 13:20:00,23763.24,target,36.76,1285.39,46.25,0.0,2,True
299203,2025-01-07 12:20:00,SHORT,23803.0,23800.45,13.04,1.243,299208,2025-01-07 12:25:00,23813.49,stop,-13.04,-1952.22,5.45,-16.8,0,False
299296,2025-01-07 13:53:00,SHORT,23808.25,23800.05,18.46,1.799,299312,2025-01-07 14:09:00,23819.85,stop_gap,-19.8,-2391.35,17.9,-19.8,0,False
299479,2025-01-08 10:41:00,SHORT,23672.0,23650.5,37.16,2.373,299529,2025-01-08 11:31:00,23687.66,stop,-37.16,-3517.42,21.1,-37.3,2,True
299638,2025-01-08 13:20:00,LONG,23646.0,23649.1,14.28,1.277,299649,2025-01-08 13:31:00,23677.67,target,28.57,754.82,44.9,-13.05,1,False
299661,2025-01-08 13:43:00,LONG,23695.0,23700.2,18.82,1.382,299662,2025-01-08 13:44:00,23737.83,target,37.63,1342.87,42.75,0.0,0,False
299687,2025-01-08 14:09:00,LONG,23775.2,23784.75,25.72,1.591,299701,2025-01-08 14:23:00,23836.18,target,51.43,2238.5,52.25,-8.1,2,True
299860,2025-01-09 10:47:00,SHORT,23681.1,23644.15,49.08,4.046,299950,2025-01-09 12:17:00,23693.23,stop,-49.08,-4292.08,14.15,-68.3,1,True
299985,2025-01-09 12:52:00,SHORT,23636.0,23634.25,11.43,1.181,300007,2025-01-09 13:14:00,23645.68,stop,-11.43,-1844.41,12.55,-11.5,4,True
300058,2025-01-09 14:05:00,LONG,23645.75,23656.85,18.98,2.409,300082,2025-01-09 14:29:00,23637.87,stop,-18.98,-2335.26,1.8,-20.35,4,True
300099,2025-01-09 14:46:00,SHORT,23621.7,23616.4,11.66,1.833,300105,2025-01-09 14:52:00,23628.06,stop,-11.66,-1859.03,0.4,-18.6,3,True
300134,2025-01-09 15:21:00,LONG,23649.45,23655.9,11.72,2.224,300138,2025-01-09 15:25:00,23652.9,eod,-3.0,-1296.78,2.45,-5.9,0,False
300155,2025-01-10 09:27:00,SHORT,23615.05,23610.5,17.51,1.351,300161,2025-01-10 09:33:00,23575.47,target,35.03,1175.97,60.5,-5.25,3,True
300248,2025-01-10 11:00:00,LONG,23556.8,23580.95,41.58,2.385,300263,2025-01-10 11:15:00,23664.12,target,83.17,4304.24,101.1,-10.85,1,True
300290,2025-01-10 11:42:00,SHORT,23601.25,23597.25,23.98,1.2,300295,2025-01-10 11:47:00,23621.23,stop,-23.98,-2659.45,17.25,-26.7,0,False
300318,2025-01-10 12:10:00,SHORT,23580.0,23551.1,46.69,2.624,300321,2025-01-10 12:13:00,23597.79,stop,-46.69,-4135.1,0.0,-50.75,1,True
300439,2025-01-10 14:11:00,SHORT,23550.1,23530.0,33.46,2.504,300513,2025-01-10 15:25:00,23511.9,eod,18.1,76.87,66.0,0.0,1,True
300578,2025-01-13 10:15:00,LONG,23333.2,23363.85,47.96,2.77,300648,2025-01-13 11:25:00,23315.89,stop,-47.96,-4213.75,44.45,-49.05,0,False
300692,2025-01-13 12:09:00,SHORT,23272.25,23271.0,13.52,1.102,300694,2025-01-13 12:11:00,23284.52,stop,-13.52,-1974.26,7.1,-16.35,1,True
300741,2025-01-13 12:58:00,SHORT,23251.2,23237.4,24.92,2.241,300791,2025-01-13 13:48:00,23187.56,target,49.84,2144.83,50.4,-18.55,3,True
300882,2025-01-13 15:19:00,LONG,23168.0,23172.0,14.26,1.39,300888,2025-01-13 15:25:00,23168.0,eod,-4.0,-1353.49,7.0,-7.6,3,True
300956,2025-01-14 10:18:00,SHORT,23210.1,23200.0,22.06,1.844,300960,2025-01-14 10:22:00,23222.06,stop,-22.06,-2528.01,0.7,-23.55,0,False
300997,2025-01-14 10:59:00,LONG,23299.0,23300.9,12.48,1.18,301005,2025-01-14 11:07:00,23325.87,target,24.97,526.61,34.05,-4.85,5,True
301078,2025-01-14 12:20:00,SHORT,23245.0,23242.5,11.91,1.266,301085,2025-01-14 12:27:00,23254.41,stop,-11.91,-1868.69,8.2,-13.9,3,True
301098,2025-01-14 12:40:00,LONG,23269.9,23270.0,8.52,1.012,301099,2025-01-14 12:41:00,23261.48,stop,-8.52,-1648.85,2.6,-8.9,0,False
301166,2025-01-14 13:48:00,SHORT,23232.9,23225.45,15.3,1.949,301176,2025-01-14 13:58:00,23240.75,stop,-15.3,-2089.17,5.45,-16.7,1,True
301188,2025-01-14 14:10:00,LONG,23254.0,23260.95,14.89,1.875,301241,2025-01-14 15:03:00,23246.06,stop,-14.89,-2062.84,29.7,-15.45,4,True
301313,2025-01-15 10:00:00,LONG,23273.0,23277.4,17.36,1.34,301316,2025-01-15 10:03:00,23260.04,stop,-17.36,-2223.21,4.5,-30.95,1,True
301360,2025-01-15 10:47:00,LONG,23340.0,23343.5,14.53,1.317,301365,2025-01-15 10:52:00,23328.97,stop,-14.53,-2040.74,1.5,-15.65,1,True
301429,2025-01-15 11:56:00,LONG,23283.9,23284.5,8.82,1.073,301449,2025-01-15 12:16:00,23275.68,stop,-8.82,-1668.85,13.7,-9.5,3,True
301474,2025-01-15 12:41:00,LONG,23298.55,23299.0,8.14,1.059,301493,2025-01-15 13:00:00,23290.86,stop,-8.14,-1624.46,13.3,-12.0,0,False
301512,2025-01-15 13:19:00,SHORT,23244.6,23238.3,14.92,1.731,301518,2025-01-15 13:25:00,23253.22,stop,-14.92,-2064.24,8.3,-19.7,0,False
301590,2025-01-15 14:37:00,LONG,23239.7,23240.0,9.7,1.032,301595,2025-01-15 14:42:00,23259.39,target,19.39,165.49,19.8,-4.45,1,True
301613,2025-01-15 15:00:00,LONG,23260.0,23262.9,13.2,1.282,301638,2025-01-15 15:25:00,23271.0,eod,8.1,-568.72,12.1,-10.85,5,True
301660,2025-01-16 09:32:00,LONG,23408.3,23413.35,16.56,1.439,301666,2025-01-16 09:38:00,23395.4,stop_gap,-17.95,-2264.17,5.65,-21.7,2,True
301729,2025-01-16 10:41:00,LONG,23386.25,23390.0,11.17,1.505,301731,2025-01-16 10:43:00,23378.83,stop,-11.17,-1823.34,0.85,-11.4,10,True
301741,2025-01-16 10:53:00,SHORT,23358.35,23357.95,9.59,1.044,301750,2025-01-16 11:02:00,23367.54,stop,-9.59,-1720.02,4.55,-9.8,0,False
301842,2025-01-16 12:34:00,LONG,23381.95,23388.4,12.91,1.999,301924,2025-01-16 13:56:00,23414.22,target,25.82,580.6,31.45,-8.4,2,True
301946,2025-01-16 14:18:00,SHORT,23400.45,23400.35,5.56,1.018,301947,2025-01-16 14:19:00,23389.23,target,11.12,-374.91,14.95,-0.1,1,True
301964,2025-01-16 14:36:00,SHORT,23365.1,23364.45,7.35,1.097,301966,2025-01-16 14:38:00,23371.8,stop,-7.35,-1574.74,2.45,-8.55,0,False
301995,2025-01-16 15:07:00,SHORT,23362.0,23355.0,13.33,2.106,302003,2025-01-16 15:15:00,23368.33,stop,-13.33,-1963.12,2.0,-14.0,3,True
302012,2025-01-16 15:24:00,LONG,23378.1,23381.65,9.7,1.578,302013,2025-01-16 15:25:00,23385.0,eod,3.35,-879.43,4.35,-1.1,1,True
302087,2025-01-17 10:24:00,LONG,23305.0,23305.05,11.78,1.004,302090,2025-01-17 10:27:00,23328.62,target,23.57,435.61,24.95,-9.6,3,True
302112,2025-01-17 10:49:00,SHORT,23207.4,23200.5,21.63,1.468,302121,2025-01-17 10:58:00,23157.24,target,43.26,1718.25,45.5,-4.45,0,False
302262,2025-01-17 13:19:00,SHORT,23257.8,23256.1,13.84,1.14,302268,2025-01-17 13:25:00,23228.41,target,27.69,704.88,29.3,-8.9,4,True
302330,2025-01-17 14:27:00,LONG,23270.0,23279.25,20.6,1.815,302369,2025-01-17 15:06:00,23258.65,stop,-20.6,-2433.97,30.5,-22.45,3,True
302405,2025-01-20 09:27:00,SHORT,23256.8,23244.9,26.81,1.798,302408,2025-01-20 09:30:00,23271.71,stop,-26.81,-2837.24,0.9,-28.8,5,True
302435,2025-01-20 09:57:00,LONG,23276.05,23281.25,21.94,1.311,302441,2025-01-20 10:03:00,23259.31,stop,-21.94,-2520.92,3.75,-28.85,2,False
302471,2025-01-20 10:33:00,LONG,23309.75,23311.65,13.76,1.16,302486,2025-01-20 10:48:00,23297.89,stop,-13.76,-1990.04,12.25,-22.7,2,True
302514,2025-01-20 11:16:00,LONG,23332.2,23336.75,14.86,1.441,302516,2025-01-20 11:18:00,23366.48,target,29.73,835.38,47.1,-3.2,1,True
302542,2025-01-20 11:44:00,LONG,23415.0,23418.25,15.59,1.263,302544,2025-01-20 11:46:00,23402.66,stop,-15.59,-2111.1,7.4,-17.5,9,True
302579,2025-01-20 12:21:00,LONG,23422.7,23422.9,9.45,1.022,302580,2025-01-20 12:22:00,23413.45,stop,-9.45,-1712.22,1.1,-9.9,2,True
302633,2025-01-20 13:15:00,LONG,23425.65,23433.8,18.21,1.81,302641,2025-01-20 13:23:00,23415.59,stop,-18.21,-2281.46,15.2,-18.45,0,False
302665,2025-01-20 13:47:00,SHORT,23395.0,23388.55,15.55,1.708,302666,2025-01-20 13:48:00,23404.1,stop,-15.55,-2108.29,3.0,-18.3,1,True
302753,2025-01-20 15:15:00,SHORT,23406.7,23397.5,16.83,2.206,302763,2025-01-20 15:25:00,23390.45,eod,7.05,-639.14,9.45,-1.5,1,True
302770,2025-01-21 09:17:00,LONG,23427.5,23435.0,17.95,1.718,302780,2025-01-21 09:27:00,23417.05,stop,-17.95,-2264.53,9.4,-29.4,2,True
302792,2025-01-21 09:39:00,SHORT,23383.0,23380.0,19.15,1.186,302794,2025-01-21 09:41:00,23399.15,stop,-19.15,-2341.64,2.95,-25.0,5,True
302799,2025-01-21 09:46:00,SHORT,23380.0,23360.0,37.16,2.165,302828,2025-01-21 10:15:00,23285.68,target,74.32,3734.36,78.4,-37.0,7,True
302916,2025-01-21 11:43:00,LONG,23219.8,23220.0,15.35,1.013,302918,2025-01-21 11:45:00,23250.7,target,30.71,901.01,102.55,-0.25,3,True
303013,2025-01-21 13:20:00,SHORT,23176.1,23170.0,28.07,1.278,303014,2025-01-21 13:21:00,23198.07,stop,-28.07,-2918.37,4.1,-30.0,12,True
303213,2025-01-22 10:25:00,LONG,23168.9,23170.9,15.2,1.152,303225,2025-01-22 10:37:00,23155.7,stop,-15.2,-2081.29,1.1,-21.9,0,False
303258,2025-01-22 11:10:00,SHORT,23123.0,23104.0,30.98,2.586,303334,2025-01-22 12:26:00,23042.04,target,61.96,2935.28,62.75,-22.9,1,True
303382,2025-01-22 13:14:00,LONG,23082.05,23091.25,19.06,1.933,303385,2025-01-22 13:17:00,23072.19,stop,-19.06,-2330.53,0.8,-19.15,0,False
303436,2025-01-22 14:08:00,LONG,23073.5,23077.0,15.07,1.303,303438,2025-01-22 14:10:00,23107.13,target,30.13,866.13,37.0,0.0,0,False
303466,2025-01-22 14:38:00,LONG,23150.7,23165.0,28.56,2.003,303513,2025-01-22 15:25:00,23201.75,eod,36.75,1294.79,53.45,-19.95,0,False
303713,2025-01-23 12:30:00,LONG,23296.75,23309.0,19.83,2.616,303730,2025-01-23 12:47:00,23289.17,stop,-19.83,-2384.56,10.2,-23.1,1,True
303765,2025-01-23 13:22:00,LONG,23293.95,23294.2,5.84,1.045,303770,2025-01-23 13:27:00,23288.36,stop,-5.84,-1475.42,0.0,-11.2,1,False
303894,2025-01-24 09:16:00,LONG,23292.95,23293.7,9.04,1.09,303903,2025-01-24 09:25:00,23284.66,stop,-9.04,-1683.05,14.5,-12.65,0,False
303909,2025-01-24 09:31:00,SHORT,23258.8,23249.4,22.18,1.736,303927,2025-01-24 09:49:00,23205.05,target,44.35,1788.32,59.4,-12.5,14,True
303958,2025-01-24 10:20:00,SHORT,23136.6,23115.95,38.57,2.152,303962,2025-01-24 10:24:00,23154.52,stop,-38.57,-3599.84,0.0,-69.0,0,False
304001,2025-01-24 11:03:00,LONG,23261.9,23264.8,16.51,1.213,304011,2025-01-24 11:13:00,23297.81,target,33.01,1050.08,35.2,-13.4,0,False
304039,2025-01-24 11:41:00,LONG,23324.0,23329.55,17.16,1.478,304040,2025-01-24 11:42:00,23363.87,target,34.32,1133.8,35.1,-1.0,2,True
304182,2025-01-24 14:04:00,LONG,23219.0,23222.25,16.88,1.238,304185,2025-01-24 14:07:00,23205.37,stop,-16.88,-2191.47,17.5,-20.25,0,False
304220,2025-01-24 14:42:00,SHORT,23114.5,23092.9,36.38,2.462,304258,2025-01-24 15:20:00,23129.28,stop,-36.38,-3456.83,19.9,-43.2,0,False
304330,2025-01-27 10:17:00,SHORT,22960.6,22930.25,48.08,2.712,304351,2025-01-27 10:38:00,22834.09,target,96.16,5161.19,98.3,-5.2,0,False
304478,2025-01-27 12:45:00,SHORT,22865.75,22865.25,15.36,1.034,304485,2025-01-27 12:52:00,22880.61,stop,-15.36,-2087.04,19.25,-20.25,0,False
304530,2025-01-27 13:37:00,SHORT,22845.7,22841.0,17.3,1.373,304536,2025-01-27 13:43:00,22858.3,stop,-17.3,-2212.34,16.35,-20.1,1,False
304583,2025-01-27 14:30:00,SHORT,22824.65,22815.15,22.72,1.719,304594,2025-01-27 14:41:00,22837.87,stop,-22.72,-2564.16,0.05,-26.65,0,False
304749,2025-01-28 11:01:00,LONG,22968.6,22981.9,30.88,1.756,304789,2025-01-28 11:41:00,23043.66,target,61.76,2923.52,74.05,-28.4,0,False
304827,2025-01-28 12:19:00,LONG,23055.95,23061.45,16.01,1.523,304830,2025-01-28 12:22:00,23045.44,stop,-16.01,-2132.38,3.25,-34.2,4,True
304856,2025-01-28 12:48:00,LONG,23048.3,23051.5,13.11,1.323,304882,2025-01-28 13:14:00,23077.72,target,26.22,612.41,30.7,-10.7,2,True
304921,2025-01-28 13:53:00,LONG,23060.05,23067.0,16.28,1.745,304925,2025-01-28 13:57:00,23050.72,stop,-16.28,-2149.76,5.0,-17.55,0,False
304954,2025-01-28 14:26:00,LONG,23128.0,23132.95,17.19,1.404,304974,2025-01-28 14:46:00,23115.76,stop,-17.19,-2210.19,25.5,-31.1,5,True
304977,2025-01-28 14:49:00,SHORT,23042.0,23040.05,20.06,1.108,304979,2025-01-28 14:51:00,22999.93,target,40.12,1516.82,63.75,-9.15,2,True
305122,2025-01-29 10:59:00,LONG,23117.95,23140.1,36.26,2.569,305130,2025-01-29 11:07:00,23103.84,stop,-36.26,-3449.69,0.1,-36.6,0,False
305146,2025-01-29 11:23:00,SHORT,23070.15,23010.95,76.88,4.348,305150,2025-01-29 11:27:00,23087.83,stop,-76.88,-6088.33,40.45,-78.65,0,False
305200,2025-01-29 12:17:00,LONG,23144.2,23158.4,31.99,1.798,305211,2025-01-29 12:28:00,23126.41,stop,-31.99,-3171.95,26.8,-33.9,0,False
305245,2025-01-29 13:02:00,SHORT,23103.55,23090.1,29.56,1.835,305247,2025-01-29 13:04:00,23119.66,stop,-29.56,-3013.73,1.3,-37.85,1,True
305268,2025-01-29 13:25:00,LONG,23151.4,23154.45,18.22,1.201,305286,2025-01-29 13:43:00,23136.23,stop,-18.22,-2277.37,15.5,-27.8,2,True
305316,2025-01-29 14:13:00,LONG,23169.95,23178.1,21.2,1.625,305320,2025-01-29 14:17:00,23156.9,stop,-21.2,-2471.13,1.9,-27.9,0,False
305369,2025-01-29 15:06:00,LONG,23144.3,23152.3,19.7,1.684,305378,2025-01-29 15:15:00,23132.6,stop,-19.7,-2373.59,0.0,-20.3,0,False
305408,2025-01-30 09:30:00,LONG,23181.05,23185.0,19.79,1.249,305419,2025-01-30 09:41:00,23165.21,stop,-19.79,-2379.71,20.0,-20.25,1,True
305424,2025-01-30 09:46:00,LONG,23205.0,23205.5,14.7,1.035,305443,2025-01-30 10:05:00,23234.9,target,29.4,816.74,37.2,-10.3,0,False
305643,2025-01-30 13:25:00,SHORT,23249.9,23246.7,13.56,1.309,305653,2025-01-30 13:35:00,23219.57,target,27.13,668.67,30.9,-4.9,0,False
305667,2025-01-30 13:49:00,SHORT,23213.0,23210.7,13.57,1.204,305671,2025-01-30 13:53:00,23183.55,target,27.15,670.48,29.5,-6.5,0,False
305877,2025-01-31 11:04:00,LONG,23550.0,23556.2,17.22,1.563,305881,2025-01-31 11:08:00,23538.98,stop,-17.22,-2219.17,1.45,-28.2,0,False
305924,2025-01-31 11:51:00,LONG,23557.7,23559.5,12.84,1.163,305961,2025-01-31 12:28:00,23585.17,target,25.67,568.07,26.25,-4.5,2,True
306045,2025-01-31 13:52:00,SHORT,23605.1,23604.65,9.44,1.05,306050,2025-01-31 13:57:00,23585.77,target,18.88,126.25,19.65,-3.35,0,False
306112,2025-01-31 14:59:00,LONG,23629.95,23630.0,10.65,1.005,306114,2025-01-31 15:01:00,23619.35,stop,-10.65,-1793.68,3.05,-15.0,2,True
306159,2025-02-01 09:31:00,LONG,23644.0,23670.05,42.3,2.604,306160,2025-02-01 09:32:00,23627.75,stop,-42.3,-3850.66,0.0,-45.05,0,False
306229,2025-02-01 10:41:00,LONG,23654.95,23671.95,27.31,2.649,306250,2025-02-01 11:02:00,23644.64,stop,-27.31,-2876.82,23.0,-60.75,0,False
306298,2025-02-01 11:50:00,SHORT,23610.0,23575.05,62.66,2.261,306321,2025-02-01 12:13:00,23637.71,stop,-62.66,-5173.56,101.05,-81.9,1,True
306343,2025-02-01 12:35:00,SHORT,23465.35,23440.1,60.86,1.709,306345,2025-02-01 12:37:00,23500.96,stop,-60.86,-5054.17,9.9,-70.3,0,False
306376,2025-02-01 13:08:00,SHORT,23468.5,23461.65,24.21,1.394,306390,2025-02-01 13:22:00,23485.86,stop,-24.21,-2672.54,38.7,-26.35,5,True
306510,2025-02-01 15:22:00,SHORT,23550.0,23547.15,11.35,1.335,306513,2025-02-01 15:25:00,23548.0,eod,-0.85,-1155.22,6.0,-4.8,14,True
306605,2025-02-03 10:42:00,LONG,23371.1,23394.0,34.45,2.982,306654,2025-02-03 11:31:00,23359.55,stop,-34.45,-3336.41,24.25,-35.8,0,False
306744,2025-02-03 13:01:00,LONG,23384.9,23385.5,8.72,1.074,306746,2025-02-03 13:03:00,23402.94,target,17.44,36.21,43.5,-4.15,3,True
306852,2025-02-03 14:49:00,SHORT,23410.0,23405.35,12.52,1.591,306856,2025-02-03 14:53:00,23417.87,stop,-12.52,-1911.17,4.25,-13.65,1,True
306870,2025-02-03 15:07:00,LONG,23447.3,23447.95,8.62,1.082,306880,2025-02-03 15:17:00,23439.33,stop,-8.62,-1658.28,13.4,-13.9,1,True
306900,2025-02-04 09:22:00,LONG,23589.0,23592.0,16.08,1.229,306906,2025-02-04 09:28:00,23575.92,stop,-16.08,-2145.39,4.65,-17.55,0,False
307112,2025-02-04 12:54:00,LONG,23666.0,23670.35,14.16,1.444,307121,2025-02-04 13:03:00,23656.19,stop,-14.16,-2022.04,14.1,-15.35,2,True
307152,2025-02-04 13:34:00,LONG,23715.35,23733.45,29.25,2.623,307190,2025-02-04 14:12:00,23704.2,stop,-29.25,-3004.27,23.65,-31.35,2,True
307293,2025-02-05 09:40:00,LONG,23840.0,23844.8,15.89,1.433,307304,2025-02-05 09:51:00,23828.91,stop,-15.89,-2137.67,7.3,-17.25,0,False
307317,2025-02-05 10:04:00,SHORT,23807.9,23800.9,18.32,1.618,307322,2025-02-05 10:09:00,23819.22,stop,-18.32,-2295.33,4.6,-24.1,1,False
307341,2025-02-05 10:28:00,LONG,23835.15,23839.6,15.04,1.42,307370,2025-02-05 10:57:00,23824.56,stop,-15.04,-2082.63,11.4,-24.6,3,True
307503,2025-02-05 13:10:00,LONG,23823.95,23825.0,7.55,1.161,307532,2025-02-05 13:39:00,23817.45,stop,-7.55,-1595.65,12.75,-8.0,4,True
307728,2025-02-06 10:40:00,LONG,23737.0,23739.6,11.49,1.292,307735,2025-02-06 10:47:00,23728.11,stop,-11.49,-1850.26,5.3,-18.7,2,True
307767,2025-02-06 11:19:00,SHORT,23691.3,23689.6,10.76,1.188,307773,2025-02-06 11:25:00,23700.36,stop,-10.76,-1801.98,7.8,-11.25,0,False
307842,2025-02-06 12:34:00,SHORT,23694.45,23693.55,7.47,1.137,307847,2025-02-06 12:39:00,23701.02,stop,-7.47,-1588.36,3.65,-8.5,3,True
307858,2025-02-06 12:50:00,SHORT,23691.0,23690.0,6.59,1.179,307867,2025-02-06 12:59:00,23676.82,target,13.18,-245.39,14.8,-4.45,6,True
307918,2025-02-06 13:50:00,SHORT,23676.4,23667.65,15.38,2.319,307924,2025-02-06 13:56:00,23683.03,stop,-15.38,-2102.08,1.15,-17.25,3,True
308067,2025-02-07 10:04:00,SHORT,23660.0,23658.7,13.82,1.104,308072,2025-02-07 10:09:00,23672.52,stop,-13.82,-1999.98,7.75,-93.5,1,True
308081,2025-02-07 10:18:00,SHORT,23638.6,23615.25,46.67,2.001,308103,2025-02-07 10:40:00,23661.92,stop,-46.67,-4134.6,32.95,-48.6,0,False
308145,2025-02-07 11:22:00,LONG,23744.9,23750.45,17.95,1.448,308153,2025-02-07 11:30:00,23786.35,target,35.9,1229.69,44.2,-0.5,3,True
308255,2025-02-07 13:12:00,SHORT,23630.5,23628.9,11.33,1.164,308256,2025-02-07 13:13:00,23640.23,stop,-11.33,-1838.15,3.2,-15.5,0,False
308405,2025-02-10 09:27:00,SHORT,23530.6,23523.9,20.65,1.48,308420,2025-02-10 09:42:00,23482.61,target,41.29,1584.57,48.2,-9.9,1,False
308524,2025-02-10 11:26:00,SHORT,23450.7,23442.0,18.57,1.881,308525,2025-02-10 11:27:00,23460.57,stop,-18.57,-2305.3,5.95,-19.55,3,True
308635,2025-02-10 13:17:00,SHORT,23415.0,23408.0,14.07,1.99,308640,2025-02-10 13:22:00,23422.07,stop,-14.07,-2012.15,1.95,-17.25,2,True
308669,2025-02-10 13:51:00,LONG,23441.9,23459.9,28.54,2.708,308677,2025-02-10 13:59:00,23431.36,stop,-28.54,-2953.21,0.1,-29.55,1,True
308718,2025-02-10 14:40:00,LONG,23469.0,23471.5,11.85,1.267,308719,2025-02-10 14:41:00,23459.65,stop,-11.85,-1869.05,2.65,-16.8,3,True
308892,2025-02-11 11:19:00,LONG,23360.35,23364.9,12.59,1.566,308897,2025-02-11 11:24:00,23352.31,stop,-12.59,-1915.06,6.1,-14.4,1,True
308903,2025-02-11 11:30:00,SHORT,23328.0,23325.05,11.33,1.352,308911,2025-02-11 11:38:00,23336.38,stop,-11.33,-1832.33,5.05,-12.1,0,False
308948,2025-02-11 12:15:00,SHORT,23320.0,23316.7,9.61,1.523,308955,2025-02-11 12:22:00,23326.31,stop,-9.61,-1720.48,3.7,-12.7,1,True
309056,2025-02-11 14:03:00,SHORT,23088.95,23080.05,22.38,1.66,309063,2025-02-11 14:10:00,23102.43,stop,-22.38,-2546.63,20.05,-24.65,0,False
309101,2025-02-11 14:48:00,LONG,23135.95,23140.0,16.34,1.329,309105,2025-02-11 14:52:00,23172.69,target,32.69,1031.16,42.0,-4.0,3,True
309152,2025-02-12 09:24:00,SHORT,23094.5,23090.0,16.88,1.363,309155,2025-02-12 09:27:00,23106.88,stop,-16.88,-2189.61,2.15,-20.0,0,False
309283,2025-02-12 11:35:00,SHORT,23000.0,22998.85,16.85,1.073,309285,2025-02-12 11:37:00,23015.7,stop,-16.85,-2185.64,7.8,-17.85,2,True
309291,2025-02-12 11:43:00,LONG,23042.65,23070.0,43.54,2.69,309293,2025-02-12 11:45:00,23157.08,target,87.08,4566.88,88.0,-3.3,2,True
309305,2025-02-12 11:57:00,LONG,23158.0,23160.0,26.16,1.083,309315,2025-02-12 12:07:00,23133.84,stop,-26.16,-2793.29,24.0,-28.9,1,True
309358,2025-02-12 12:50:00,LONG,23188.0,23196.0,26.52,1.432,309362,2025-02-12 12:54:00,23169.48,stop,-26.52,-2817.33,16.05,-30.8,1,True
309435,2025-02-12 14:07:00,SHORT,23093.2,23075.0,40.27,1.825,309449,2025-02-12 14:21:00,23115.27,stop,-40.27,-3709.66,18.95,-59.0,0,False
309503,2025-02-12 15:15:00,LONG,23135.0,23137.5,15.33,1.195,309504,2025-02-12 15:16:00,23122.17,stop,-15.33,-2089.03,2.4,-17.5,5,True
309541,2025-02-13 09:38:00,LONG,23180.55,23184.7,24.5,1.204,309556,2025-02-13 09:53:00,23233.69,target,48.99,2090.15,57.05,-8.3,4,True
309649,2025-02-13 11:26:00,LONG,23264.25,23268.05,13.64,1.386,309667,2025-02-13 11:44:00,23295.33,target,27.28,677.7,27.95,-5.25,1,True
309724,2025-02-13 12:41:00,SHORT,23261.45,23253.05,18.08,1.867,309728,2025-02-13 12:45:00,23271.13,stop,-18.08,-2270.39,3.05,-19.05,5,True
309974,2025-02-14 10:36:00,SHORT,23066.6,23045.0,40.02,2.173,309986,2025-02-14 10:48:00,22964.96,target,80.04,4111.37,80.9,-6.85,2,True
310002,2025-02-14 11:04:00,SHORT,22964.0,22943.65,38.54,2.119,310043,2025-02-14 11:45:00,22982.19,stop,-38.54,-3594.62,25.4,-41.35,0,False
310065,2025-02-14 12:07:00,SHORT,22925.0,22907.0,34.14,2.115,310094,2025-02-14 12:36:00,22941.14,stop,-34.14,-3308.08,20.05,-35.8,2,True
310117,2025-02-14 12:59:00,SHORT,22892.85,22876.0,28.75,2.416,310135,2025-02-14 13:17:00,22904.75,stop,-28.75,-2957.45,29.55,-46.95,1,True
310216,2025-02-14 14:38:00,LONG,23001.75,23005.05,19.55,1.203,310217,2025-02-14 14:39:00,22985.5,stop,-19.55,-2360.96,4.95,-22.55,1,True
310527,2025-02-17 13:34:00,LONG,22975.0,22984.6,21.51,1.806,310534,2025-02-17 13:41:00,23027.61,target,43.01,1704.93,57.4,-10.0,0,False
310709,2025-02-18 10:21:00,SHORT,22876.15,22876.0,16.3,1.009,310735,2025-02-18 10:47:00,22892.3,stop,-16.3,-2148.3,21.0,-20.85,0,False
310759,2025-02-18 11:11:00,SHORT,22855.0,22851.1,14.84,1.357,310767,2025-02-18 11:19:00,22865.94,stop,-14.84,-2052.47,11.1,-16.9,0,False
310934,2025-02-18 14:06:00,SHORT,22936.0,22935.1,12.67,1.076,310936,2025-02-18 14:08:00,22947.77,stop,-12.67,-1912.82,0.1,-30.1,1,True
310971,2025-02-18 14:43:00,LONG,22988.0,22989.9,11.19,1.205,310984,2025-02-18 14:56:00,22978.71,stop,-11.19,-1817.53,18.25,-19.85,5,True
311019,2025-02-19 09:16:00,SHORT,22887.2,22885.8,12.95,1.121,311020,2025-02-19 09:17:00,22898.75,stop,-12.95,-1930.48,0.0,-26.05,1,True
311055,2025-02-19 09:52:00,LONG,23008.15,23015.0,21.95,1.454,311078,2025-02-19 10:15:00,23058.89,target,43.89,1761.68,73.9,-10.0,3,True
311250,2025-02-19 13:07:00,SHORT,22981.0,22978.95,11.54,1.216,311256,2025-02-19 13:13:00,22990.49,stop,-11.54,-1840.33,15.65,-13.4,0,False
311320,2025-02-19 14:17:00,SHORT,22975.0,22965.55,18.73,2.019,311322,2025-02-19 14:19:00,22928.1,target,37.45,1344.35,38.45,0.0,0,False
311424,2025-02-20 09:46:00,SHORT,22881.15,22864.7,30.63,2.16,311431,2025-02-20 09:53:00,22895.33,stop,-30.63,-3079.43,7.95,-42.75,1,True
311597,2025-02-20 12:39:00,LONG,22940.5,22941.0,8.2,1.065,311602,2025-02-20 12:44:00,22932.8,stop,-8.2,-1622.19,5.4,-8.65,0,False
311619,2025-02-20 13:01:00,SHORT,22920.0,22911.8,16.9,1.943,311653,2025-02-20 13:35:00,22928.7,stop,-16.9,-2187.47,7.3,-17.5,0,False
311667,2025-02-20 13:49:00,LONG,22946.4,22950.0,10.73,1.505,311675,2025-02-20 13:57:00,22939.27,stop,-10.73,-1787.33,10.0,-13.45,2,True
311813,2025-02-21 10:00:00,SHORT,22853.35,22847.9,18.86,1.406,311815,2025-02-21 10:02:00,22866.76,stop,-18.86,-2314.02,3.4,-28.45,1,False
311825,2025-02-21 10:12:00,SHORT,22837.75,22836.4,15.95,1.092,311828,2025-02-21 10:15:00,22804.5,target,31.9,985.67,49.4,0.0,1,True
312032,2025-02-21 13:39:00,SHORT,22781.6,22765.0,27.03,2.591,312045,2025-02-21 13:52:00,22792.03,stop,-27.03,-2843.83,2.35,-30.4,0,False
312235,2025-02-24 10:47:00,LONG,22629.5,22631.05,10.67,1.17,312242,2025-02-24 10:54:00,22620.38,stop,-10.67,-1777.48,1.05,-11.05,1,True
312282,2025-02-24 11:34:00,LONG,22630.0,22630.05,7.5,1.007,312286,2025-02-24 11:38:00,22622.55,stop,-7.5,-1571.44,3.05,-8.05,1,True
312288,2025-02-24 11:40:00,LONG,22637.8,22644.45,15.03,1.794,312311,2025-02-24 12:03:00,22629.42,stop,-15.03,-2061.08,28.55,-17.45,0,False
312322,2025-02-24 12:14:00,SHORT,22608.8,22608.05,8.93,1.092,312324,2025-02-24 12:16:00,22616.98,stop,-8.93,-1664.42,2.55,-10.4,3,True
312471,2025-02-24 14:43:00,LONG,22641.9,22644.0,10.31,1.256,312476,2025-02-24 14:48:00,22633.69,stop,-10.31,-1754.2,5.95,-13.3,1,True
312521,2025-02-25 09:18:00,SHORT,22587.05,22585.0,11.23,1.223,312531,2025-02-25 09:28:00,22596.23,stop,-11.23,-1813.77,19.0,-14.0,3,True
312612,2025-02-25 10:49:00,SHORT,22583.05,22578.25,13.28,1.566,312662,2025-02-25 11:39:00,22591.53,stop,-13.28,-1946.82,13.45,-14.25,2,True
312751,2025-02-25 13:08:00,LONG,22613.15,22614.0,3.47,1.325,312755,2025-02-25 13:12:00,22610.53,stop,-3.47,-1309.44,5.6,-4.0,1,True
312856,2025-02-25 14:53:00,SHORT,22600.65,22596.1,9.11,1.998,312885,2025-02-25 15:22:00,22577.88,target,18.22,100.66,20.9,-7.85,9,True
312960,2025-02-27 10:22:00,SHORT,22540.05,22536.0,11.79,1.524,312965,2025-02-27 10:27:00,22547.79,stop,-11.79,-1848.79,0.0,-11.9,1,True
312975,2025-02-27 10:37:00,LONG,22555.0,22555.25,6.66,1.039,312989,2025-02-27 10:51:00,22568.57,target,13.32,-217.59,13.75,-5.25,0,False
313027,2025-02-27 11:29:00,SHORT,22551.0,22548.5,8.51,1.416,313093,2025-02-27 12:35:00,22531.48,target,17.02,23.2,17.95,-5.5,7,True
313113,2025-02-27 12:55:00,LONG,22550.0,22550.9,4.39,1.258,313126,2025-02-27 13:08:00,22546.51,stop,-4.39,-1368.22,2.85,-5.45,3,True
313172,2025-02-27 13:54:00,SHORT,22546.05,22545.95,3.06,1.034,313173,2025-02-27 13:55:00,22549.01,stop,-3.06,-1281.81,0.0,-4.05,0,False
313179,2025-02-27 14:01:00,LONG,22553.75,22553.85,3.18,1.032,313180,2025-02-27 14:02:00,22550.67,stop,-3.18,-1289.54,0.15,-3.85,9,True
313256,2025-02-27 15:18:00,SHORT,22547.65,22545.15,5.17,1.935,313263,2025-02-27 15:25:00,22544.25,eod,0.9,-1024.32,1.45,-0.85,5,True
313309,2025-02-28 09:56:00,SHORT,22403.3,22392.05,25.04,1.816,313325,2025-02-28 10:12:00,22417.09,stop,-25.04,-2707.83,16.25,-26.9,0,False
313362,2025-02-28 10:49:00,SHORT,22419.15,22413.0,18.17,1.512,313420,2025-02-28 11:47:00,22376.67,target,36.33,1281.29,37.0,-4.6,1,True
313465,2025-02-28 12:32:00,SHORT,22359.45,22354.85,12.91,1.553,313469,2025-02-28 12:36:00,22329.02,target,25.83,599.18,26.6,-4.2,2,True
313518,2025-02-28 13:25:00,LONG,22270.3,22273.0,13.09,1.26,313521,2025-02-28 13:28:00,22259.91,stop,-13.09,-1928.67,2.65,-17.0,1,True
313595,2025-02-28 14:42:00,LONG,22283.45,22291.95,17.29,1.967,313614,2025-02-28 15:01:00,22274.66,stop,-17.29,-2202.36,30.05,-23.95,0,False
313673,2025-03-03 09:45:00,SHORT,22252.3,22251.35,18.35,1.055,313674,2025-03-03 09:46:00,22269.7,stop,-18.35,-2270.31,2.8,-18.35,0,False
313675,2025-03-03 09:47:00,SHORT,22245.0,22243.65,19.26,1.075,313680,2025-03-03 09:52:00,22205.13,target,38.52,1426.12,38.65,-1.45,5,True
313751,2025-03-03 11:03:00,SHORT,22181.0,22166.15,26.98,2.224,313822,2025-03-03 12:14:00,22193.13,stop,-26.98,-2830.19,26.1,-38.4,0,False
313840,2025-03-03 12:32:00,LONG,22235.0,22235.65,12.35,1.056,313845,2025-03-03 12:37:00,22223.3,stop,-12.35,-1879.9,14.25,-13.65,0,False
313853,2025-03-03 12:45:00,LONG,22250.5,22267.05,29.24,2.305,313866,2025-03-03 12:58:00,22237.81,stop,-29.24,-2978.0,21.9,-29.25,0,False
314168,2025-03-04 11:45:00,SHORT,22184.9,22181.4,10.14,1.527,314180,2025-03-04 11:57:00,22193.8,stop_gap,-12.4,-1882.64,11.4,-12.5,0,False
314297,2025-03-04 13:54:00,LONG,22178.0,22179.05,7.06,1.175,314305,2025-03-04 14:02:00,22193.17,target,14.12,-159.17,16.0,-4.05,1,True
314312,2025-03-04 14:09:00,LONG,22195.75,22200.0,10.56,1.674,314350,2025-03-04 14:47:00,22189.44,stop,-10.56,-1763.01,20.0,-11.4,2,True
314402,2025-03-05 09:24:00,LONG,22272.0,22284.75,25.24,2.021,314421,2025-03-05 09:43:00,22335.24,target,50.49,2202.44,59.25,-17.0,0,False
314474,2025-03-05 10:36:00,LONG,22370.0,22376.3,18.37,1.522,314533,2025-03-05 11:35:00,22413.03,target,36.73,1307.27,48.85,-16.65,1,True
314589,2025-03-05 12:31:00,LONG,22475.0,22494.0,28.33,3.037,314605,2025-03-05 12:47:00,22465.67,stop,-28.33,-2922.68,4.0,-29.0,2,True
314785,2025-03-06 09:32:00,SHORT,22431.15,22424.5,22.68,1.415,314801,2025-03-06 09:48:00,22379.14,target,45.36,1867.5,53.5,-20.45,1,True
314843,2025-03-06 10:30:00,LONG,22478.5,22480.0,15.38,1.108,314845,2025-03-06 10:32:00,22464.62,stop,-15.38,-2081.21,11.0,-20.0,1,True
314900,2025-03-06 11:27:00,SHORT,22460.9,22440.0,38.17,2.21,314911,2025-03-06 11:38:00,22478.17,stop,-38.17,-3562.33,5.0,-40.0,1,True
314973,2025-03-06 12:40:00,LONG,22560.55,22563.1,13.66,1.229,314975,2025-03-06 12:42:00,22549.44,stop,-13.66,-1971.1,2.45,-18.05,0,False
315095,2025-03-06 14:42:00,LONG,22608.0,22611.0,10.89,1.38,315105,2025-03-06 14:52:00,22600.11,stop,-10.89,-1791.39,7.0,-16.0,1,True
315242,2025-03-07 10:54:00,SHORT,22672.6,22665.0,20.31,1.598,315250,2025-03-07 11:02:00,22685.31,stop,-20.31,-2405.03,4.85,-20.4,0,False
315295,2025-03-07 11:47:00,SHORT,22681.4,22670.0,21.02,2.185,315310,2025-03-07 12:02:00,22627.96,target,42.04,1647.89,53.0,0.0,0,False
315456,2025-03-07 14:28:00,LONG,22669.0,22670.0,8.85,1.127,315458,2025-03-07 14:30:00,22661.15,stop,-8.85,-1660.32,0.0,-11.5,0,False
315538,2025-03-10 09:35:00,LONG,22648.0,22659.05,25.64,1.758,315548,2025-03-10 09:45:00,22710.32,target,51.27,2247.21,52.4,-4.65,3,True
315593,2025-03-10 10:30:00,SHORT,22670.65,22668.1,13.85,1.226,315596,2025-03-10 10:33:00,22681.94,stop,-13.85,-1984.89,0.0,-16.9,2,True
315607,2025-03-10 10:44:00,LONG,22704.9,22712.0,17.78,1.665,315624,2025-03-10 11:01:00,22694.22,stop,-17.78,-2241.25,10.0,-20.5,4,True
315686,2025-03-10 12:03:00,SHORT,22664.95,22654.4,18.86,2.269,315748,2025-03-10 13:05:00,22673.26,stop,-18.86,-2310.7,20.3,-19.9,1,True
315781,2025-03-10 13:38:00,SHORT,22640.05,22635.85,11.51,1.575,315790,2025-03-10 13:47:00,22612.84,target,23.01,411.35,30.75,-3.65,2,True
315822,2025-03-10 14:19:00,SHORT,22568.0,22566.3,11.53,1.173,315827,2025-03-10 14:24:00,22543.24,target,23.06,416.01,32.3,-8.65,0,False
315995,2025-03-11 10:57:00,LONG,22532.3,22540.0,21.04,1.577,316011,2025-03-11 11:13:00,22518.96,stop,-21.04,-2449.78,33.0,-23.6,3,True
316159,2025-03-11 13:41:00,LONG,22542.55,22544.35,9.1,1.247,316173,2025-03-11 13:55:00,22562.54,target,18.19,99.41,21.65,-6.8,0,False
316194,2025-03-11 14:16:00,LONG,22573.0,22580.0,15.82,1.793,316210,2025-03-11 14:32:00,22564.18,stop,-15.82,-2111.8,12.0,-20.0,1,True
316279,2025-03-12 09:26:00,SHORT,22539.0,22531.9,21.55,1.491,316298,2025-03-12 09:45:00,22488.8,target,43.1,1718.87,44.9,-13.5,1,True
316314,2025-03-12 10:01:00,SHORT,22499.6,22497.0,17.85,1.17,316323,2025-03-12 10:10:00,22461.29,target,35.71,1239.24,36.0,-3.0,6,True
316376,2025-03-12 11:03:00,SHORT,22451.0,22445.05,16.5,1.564,316379,2025-03-12 11:06:00,22461.55,stop,-16.5,-2153.47,4.45,-18.95,7,False
316400,2025-03-12 11:27:00,SHORT,22440.6,22440.0,9.71,1.066,316410,2025-03-12 11:37:00,22420.58,target,19.42,181.03,25.35,-4.2,0,False
316479,2025-03-12 12:46:00,SHORT,22386.65,22384.65,10.15,1.245,316484,2025-03-12 12:51:00,22394.8,stop,-10.15,-1739.83,0.0,-11.3,0,False
316555,2025-03-12 14:02:00,LONG,22464.95,22473.65,18.52,1.886,316573,2025-03-12 14:20:00,22510.68,target,37.03,1325.06,47.05,-9.65,2,True
316622,2025-03-12 15:09:00,LONG,22540.3,22541.0,8.75,1.087,316626,2025-03-12 15:13:00,22532.25,stop,-8.75,-1651.15,8.0,-9.0,0,False
316681,2025-03-13 09:53:00,LONG,22549.0,22550.0,14.05,1.077,316686,2025-03-13 09:58:00,22578.1,target,28.1,742.93,37.6,-2.3,4,True
316777,2025-03-13 11:29:00,SHORT,22524.3,22517.3,16.98,1.701,316787,2025-03-13 11:39:00,22483.34,target,33.96,1125.21,40.3,-14.25,0,False
316854,2025-03-13 12:46:00,LONG,22494.85,22503.0,15.39,2.126,316858,2025-03-13 12:50:00,22487.61,stop,-15.39,-2081.95,2.0,-18.0,4,False
316875,2025-03-13 13:07:00,SHORT,22485.0,22477.05,14.82,2.157,316906,2025-03-13 13:38:00,22491.87,stop,-14.82,-2045.16,16.75,-15.55,2,True
316989,2025-03-13 15:01:00,SHORT,22435.0,22432.3,8.54,1.463,316992,2025-03-13 15:04:00,22440.84,stop,-8.54,-1635.8,2.2,-11.7,1,True
317028,2025-03-17 09:25:00,LONG,22616.35,22624.75,22.5,1.596,317057,2025-03-17 09:54:00,22602.25,stop,-22.5,-2546.49,44.2,-23.65,0,False
317161,2025-03-17 11:38:00,LONG,22585.1,22590.65,14.9,1.594,317175,2025-03-17 11:52:00,22575.75,stop,-14.9,-2051.92,17.35,-15.65,0,False
317302,2025-03-17 13:59:00,LONG,22584.85,22585.0,9.82,1.016,317303,2025-03-17 14:00:00,22575.18,stop,-9.82,-1721.48,3.3,-10.2,2,True
317530,2025-03-18 11:32:00,LONG,22825.0,22827.95,10.46,1.393,317575,2025-03-18 12:17:00,22817.5,stop,-10.46,-1767.09,10.0,-13.8,0,False
317591,2025-03-18 12:33:00,SHORT,22790.1,22781.1,16.49,2.202,317613,2025-03-18 12:55:00,22797.59,stop,-16.49,-2158.52,17.1,-18.2,3,True
317636,2025-03-18 13:18:00,LONG,22837.95,22838.1,8.02,1.019,317644,2025-03-18 13:26:00,22830.08,stop,-8.02,-1609.25,6.9,-8.15,0,False
317828,2025-03-19 10:15:00,LONG,22939.0,22944.9,18.35,1.474,317865,2025-03-19 10:52:00,22926.56,stop,-18.35,-2281.83,28.05,-24.7,0,False
317918,2025-03-19 11:45:00,SHORT,22935.1,22930.3,13.76,1.536,317922,2025-03-19 11:49:00,22944.06,stop,-13.76,-1983.53,3.05,-17.55,0,False
317956,2025-03-19 12:23:00,LONG,22960.0,22965.0,13.15,1.613,317963,2025-03-19 12:30:00,22951.85,stop,-13.15,-1944.64,0.0,-15.0,7,True
317982,2025-03-19 12:49:00,LONG,22967.0,22988.2,28.62,3.858,318001,2025-03-19 13:08:00,22959.58,stop,-28.62,-2950.17,4.1,-31.05,4,True
318030,2025-03-19 13:37:00,LONG,22969.8,22973.0,10.7,1.426,318034,2025-03-19 13:41:00,22962.3,stop,-10.7,-1785.78,7.0,-10.95,0,False
318093,2025-03-19 14:40:00,LONG,22980.0,22983.05,8.84,1.526,318099,2025-03-19 14:46:00,22974.2,stop,-8.84,-1665.12,1.95,-10.7,6,True
318260,2025-03-20 11:12:00,LONG,23085.0,23087.55,9.6,1.362,318304,2025-03-20 11:56:00,23106.75,target,19.2,155.66,20.3,-7.1,2,True
318324,2025-03-20 12:16:00,LONG,23108.4,23110.0,7.69,1.263,318335,2025-03-20 12:27:00,23102.31,stop,-7.69,-1592.41,7.85,-7.95,1,True
318419,2025-03-20 13:51:00,LONG,23215.0,23215.05,7.39,1.007,318424,2025-03-20 13:56:00,23207.66,stop,-7.39,-1574.24,8.55,-8.05,0,False
318656,2025-03-21 11:33:00,LONG,23384.0,23392.1,18.91,1.749,318663,2025-03-21 11:40:00,23373.19,stop,-18.91,-2326.15,2.95,-23.1,1,True
318757,2025-03-21 13:14:00,SHORT,23398.5,23392.6,15.03,1.646,318764,2025-03-21 13:21:00,23407.63,stop,-15.03,-2074.56,20.6,-16.25,0,False
318779,2025-03-21 13:36:00,SHORT,23371.65,23358.0,24.72,2.233,318786,2025-03-21 13:43:00,23382.72,stop,-24.72,-2703.85,13.0,-25.95,3,True
318792,2025-03-21 13:49:00,SHORT,23340.0,23335.95,17.96,1.291,318798,2025-03-21 13:55:00,23300.04,target,35.91,1238.18,40.95,-4.8,0,False
318974,2025-03-24 10:36:00,LONG,23584.75,23589.0,14.67,1.408,318990,2025-03-24 10:52:00,23618.33,target,29.33,805.51,34.6,-6.8,7,True
319134,2025-03-24 13:16:00,LONG,23669.0,23670.95,9.86,1.246,319137,2025-03-24 13:19:00,23661.09,stop,-9.86,-1743.14,2.0,-18.05,0,False
319158,2025-03-24 13:40:00,LONG,23670.0,23671.15,8.8,1.15,319161,2025-03-24 13:43:00,23662.35,stop,-8.8,-1673.98,0.0,-10.75,1,False
319163,2025-03-24 13:45:00,SHORT,23652.9,23645.75,15.26,1.881,319170,2025-03-24 13:52:00,23661.01,stop,-15.26,-2093.73,14.65,-18.2,1,True
319177,2025-03-24 13:59:00,LONG,23674.0,23688.55,23.78,2.577,319263,2025-03-24 15:25:00,23710.75,eod,22.2,340.29,41.25,-22.55,1,True
319350,2025-03-25 10:37:00,SHORT,23780.65,23769.4,28.47,1.653,319356,2025-03-25 10:43:00,23797.87,stop,-28.47,-2954.2,34.3,-30.05,1,True
319416,2025-03-25 11:43:00,SHORT,23680.1,23675.0,20.4,1.333,319418,2025-03-25 11:45:00,23695.4,stop,-20.4,-2428.48,5.1,-25.9,4,True
319441,2025-03-25 12:08:00,LONG,23759.75,23761.0,15.13,1.09,319444,2025-03-25 12:11:00,23745.87,stop,-15.13,-2086.98,4.0,-29.05,0,False
319476,2025-03-25 12:43:00,LONG,23731.9,23735.0,15.34,1.253,319495,2025-03-25 13:02:00,23719.66,stop,-15.34,-2099.78,13.95,-22.8,5,True
319510,2025-03-25 13:17:00,SHORT,23700.0,23694.35,16.7,1.511,319515,2025-03-25 13:22:00,23711.05,stop,-16.7,-2188.02,6.7,-24.1,1,True
319673,2025-03-26 09:45:00,SHORT,23665.4,23650.3,34.7,1.77,319677,2025-03-26 09:49:00,23685.0,stop,-34.7,-3357.44,10.2,-40.35,5,True
319722,2025-03-26 10:34:00,LONG,23718.8,23729.1,24.0,1.752,319729,2025-03-26 10:41:00,23705.1,stop,-24.0,-2662.94,27.65,-29.1,0,False
319750,2025-03-26 11:02:00,SHORT,23683.5,23661.1,35.96,2.652,319779,2025-03-26 11:31:00,23697.06,stop,-35.96,-3439.12,11.1,-38.85,0,False
319799,2025-03-26 11:51:00,SHORT,23659.0,23654.2,14.06,1.518,319802,2025-03-26 11:54:00,23668.26,stop,-14.06,-2015.62,3.7,-16.9,3,True
319806,2025-03-26 11:58:00,SHORT,23650.0,23630.0,29.77,3.048,319856,2025-03-26 12:48:00,23659.77,stop,-29.77,-3036.31,24.65,-35.5,0,False
320057,2025-03-27 09:54:00,LONG,23580.1,23584.0,20.73,1.232,320072,2025-03-27 10:09:00,23625.45,target,41.45,1593.31,50.45,-7.0,2,True
320287,2025-03-27 13:44:00,LONG,23610.05,23610.95,6.05,1.175,320291,2025-03-27 13:48:00,23604.9,stop,-6.05,-1494.42,1.1,-6.9,2,True
320633,2025-05-02 13:15:00,LONG,24392.9,24396.0,18.97,1.195,320637,2025-05-02 13:19:00,24433.95,target,37.95,1351.42,39.0,-14.4,1,False
320699,2025-05-02 14:21:00,SHORT,24432.9,24424.9,22.22,1.563,320707,2025-05-02 14:29:00,24380.47,target,44.43,1773.27,59.3,-0.8,1,True
320804,2025-05-05 09:51:00,LONG,24551.5,24562.4,32.45,1.506,320856,2025-05-05 10:43:00,24627.3,target,64.9,3100.37,67.1,-9.6,2,True
320879,2025-05-05 11:06:00,SHORT,24560.0,24555.0,19.03,1.356,320883,2025-05-05 11:10:00,24574.03,stop,-19.03,-2354.12,4.0,-30.0,3,True
320909,2025-05-05 11:36:00,SHORT,24551.0,24546.8,16.18,1.35,320925,2025-05-05 11:52:00,24514.43,target,32.37,986.91,33.8,-8.2,1,True
320994,2025-05-05 13:01:00,LONG,24558.9,24559.5,9.12,1.07,320996,2025-05-05 13:03:00,24550.38,stop,-9.12,-1710.27,0.5,-12.5,6,True
321067,2025-05-05 14:14:00,SHORT,24553.8,24552.0,11.06,1.194,321083,2025-05-05 14:30:00,24563.06,stop,-11.06,-1835.98,18.0,-15.5,0,False
321114,2025-05-05 15:01:00,SHORT,24553.1,24552.3,7.29,1.123,321115,2025-05-05 15:02:00,24559.59,stop,-7.29,-1590.95,0.0,-7.6,1,True
321120,2025-05-05 15:07:00,SHORT,24534.0,24531.0,10.36,1.408,321123,2025-05-05 15:10:00,24541.36,stop,-10.36,-1790.03,0.5,-13.4,0,False
321153,2025-05-06 09:25:00,SHORT,24519.6,24512.7,19.32,1.556,321154,2025-05-06 09:26:00,24532.02,stop,-19.32,-2372.1,1.7,-20.1,2,True
321182,2025-05-06 09:54:00,SHORT,24507.0,24496.8,23.41,1.772,321290,2025-05-06 11:42:00,24449.98,target,46.82,1927.07,50.8,-10.2,1,True
321322,2025-05-06 12:14:00,LONG,24475.4,24481.0,12.73,1.785,321344,2025-05-06 12:36:00,24468.27,stop,-12.73,-1943.5,9.0,-14.3,5,True
321367,2025-05-06 12:59:00,SHORT,24466.7,24466.0,6.26,1.126,321375,2025-05-06 13:07:00,24472.26,stop,-6.26,-1522.36,8.0,-9.0,0,False
321416,2025-05-06 13:48:00,LONG,24471.5,24473.5,8.02,1.332,321449,2025-05-06 14:21:00,24465.48,stop,-8.02,-1637.17,14.8,-8.5,1,False
321451,2025-05-06 14:23:00,SHORT,24458.0,24451.5,13.19,1.972,321456,2025-05-06 14:28:00,24464.69,stop,-13.19,-1972.79,1.4,-14.9,9,True
321638,2025-05-07 11:15:00,LONG,24453.3,24454.0,11.92,1.062,321642,2025-05-07 11:19:00,24477.84,target,23.84,433.72,30.8,-3.4,2,True
321751,2025-05-07 13:08:00,SHORT,24441.0,24440.1,9.55,1.104,321753,2025-05-07 13:10:00,24449.65,stop,-9.55,-1736.23,3.1,-10.2,3,True
321779,2025-05-07 13:36:00,SHORT,24432.9,24430.1,11.06,1.339,321782,2025-05-07 13:39:00,24441.16,stop,-11.06,-1834.22,0.2,-13.1,0,False
321876,2025-05-07 15:13:00,SHORT,24451.9,24449.5,9.75,1.327,321878,2025-05-07 15:15:00,24459.25,stop,-9.75,-1749.15,3.3,-16.6,2,True
322102,2025-05-08 12:44:00,SHORT,24477.0,24476.0,4.52,1.284,322125,2025-05-08 13:07:00,24466.97,target,9.03,-528.7,9.2,-3.9,0,False
322128,2025-05-08 13:10:00,SHORT,24468.9,24468.1,3.95,1.254,322130,2025-05-08 13:12:00,24460.21,target,7.89,-602.75,9.1,-3.3,4,True
322135,2025-05-08 13:17:00,SHORT,24450.0,24446.0,8.73,1.845,322141,2025-05-08 13:23:00,24428.54,target,17.46,19.9,18.1,-8.0,0,False
322155,2025-05-08 13:37:00,SHORT,24426.0,24424.0,9.64,1.262,322157,2025-05-08 13:39:00,24404.73,target,19.27,137.88,31.5,0.0,2,True
322188,2025-05-08 14:10:00,SHORT,24380.0,24373.2,16.46,1.704,322206,2025-05-08 14:28:00,24389.66,stop,-16.46,-2184.04,18.5,-19.8,1,True
322352,2025-05-09 10:39:00,SHORT,24090.0,24080.0,29.88,1.503,322400,2025-05-09 11:27:00,24109.88,stop,-29.88,-3051.58,55.0,-39.0,0,False
322402,2025-05-09 11:29:00,LONG,24150.0,24154.1,20.52,1.25,322410,2025-05-09 11:37:00,24133.58,stop,-20.52,-2443.95,32.9,-22.8,0,False
322568,2025-05-09 14:15:00,LONG,24060.0,24070.6,24.56,1.759,322575,2025-05-09 14:22:00,24046.04,stop,-24.56,-2705.1,16.0,-30.6,1,True
322818,2025-05-12 12:10:00,SHORT,24802.8,24801.0,11.03,1.195,322820,2025-05-12 12:12:00,24812.03,stop,-11.03,-1838.53,0.9,-13.9,2,True
322838,2025-05-12 12:30:00,LONG,24820.0,24842.0,34.57,2.75,322848,2025-05-12 12:40:00,24911.15,target,69.15,3371.32,70.7,-0.7,0,False
322967,2025-05-12 14:39:00,SHORT,24985.1,24980.2,16.36,1.428,322980,2025-05-12 14:52:00,24996.56,stop,-16.36,-2188.04,15.2,-20.8,0,False
322984,2025-05-12 14:56:00,LONG,25017.5,25019.5,14.1,1.165,322986,2025-05-12 14:58:00,25047.7,target,28.2,707.4,29.4,-4.7,2,True
323021,2025-05-13 09:18:00,SHORT,24965.0,24931.0,56.2,2.532,323034,2025-05-13 09:31:00,24818.6,target,112.4,6182.6,151.0,-18.9,1,True
323092,2025-05-13 10:29:00,SHORT,24757.6,24740.1,42.83,1.691,323103,2025-05-13 10:40:00,24782.93,stop,-42.83,-3904.37,27.6,-45.9,2,True
323216,2025-05-13 12:33:00,SHORT,24765.0,24754.0,28.62,1.624,323238,2025-05-13 12:55:00,24696.76,target,57.24,2600.09,66.7,-11.0,0,False
323272,2025-05-13 13:29:00,SHORT,24675.0,24670.0,19.22,1.352,323276,2025-05-13 13:33:00,24689.22,stop,-19.22,-2368.7,4.9,-20.5,0,False
323303,2025-05-13 14:00:00,SHORT,24665.1,24662.7,15.42,1.184,323306,2025-05-13 14:03:00,24678.12,stop,-15.42,-2121.5,5.7,-20.3,5,True
323342,2025-05-13 14:39:00,LONG,24692.0,24697.0,16.43,1.438,323343,2025-05-13 14:40:00,24680.57,stop,-16.43,-2187.09,0.0,-16.6,0,False
323348,2025-05-13 14:45:00,LONG,24699.9,24700.0,12.3,1.008,323358,2025-05-13 14:55:00,24687.7,stop,-12.3,-1918.8,18.0,-27.0,1,True
323451,2025-05-14 10:13:00,LONG,24809.9,24811.7,17.55,1.114,323468,2025-05-14 10:30:00,24794.15,stop,-17.55,-2262.36,22.7,-26.2,3,True
323542,2025-05-14 11:44:00,SHORT,24737.5,24732.9,15.06,1.44,323547,2025-05-14 11:49:00,24702.79,target,30.11,837.25,49.8,-3.1,1,True
323719,2025-05-14 14:41:00,LONG,24698.9,24705.0,21.26,1.402,323723,2025-05-14 14:45:00,24683.74,stop,-21.26,-2501.61,18.4,-25.0,0,False
323940,2025-05-15 12:07:00,LONG,24745.3,24745.6,17.49,1.017,323942,2025-05-15 12:09:00,24780.59,target,34.99,1153.36,36.2,0.0,0,False
324001,2025-05-15 13:08:00,LONG,24870.8,24884.3,36.45,1.588,324023,2025-05-15 13:30:00,24957.21,target,72.91,3615.21,95.6,-30.3,0,False
324123,2025-05-15 15:10:00,SHORT,25081.0,25078.1,14.84,1.243,324138,2025-05-15 15:25:00,25081.0,eod,-2.9,-1314.67,21.7,-6.4,3,True
324144,2025-05-16 09:16:00,LONG,25109.6,25117.5,21.48,1.582,324145,2025-05-16 09:17:00,25096.02,stop,-21.48,-2522.54,0.0,-33.6,1,True
324159,2025-05-16 09:31:00,LONG,25123.0,25134.7,32.98,1.55,324161,2025-05-16 09:33:00,25101.72,stop,-32.98,-3270.49,2.2,-34.7,1,True
324254,2025-05-16 11:06:00,SHORT,25036.6,25035.6,12.36,1.088,324256,2025-05-16 11:08:00,25010.89,target,24.71,480.85,25.6,-4.4,6,True
324342,2025-05-16 12:34:00,LONG,25059.9,25066.0,15.51,1.648,324344,2025-05-16 12:36:00,25050.49,stop,-15.51,-2133.64,2.0,-17.1,1,True
324432,2025-05-16 14:04:00,LONG,25078.0,25081.6,10.23,1.543,324445,2025-05-16 14:17:00,25071.37,stop,-10.23,-1790.79,12.3,-10.6,2,False
324492,2025-05-16 15:04:00,LONG,25081.8,25082.0,7.48,1.027,324505,2025-05-16 15:17:00,25074.52,stop,-7.48,-1612.2,7.9,-14.0,2,True
324566,2025-05-19 10:03:00,LONG,25078.7,25081.5,16.55,1.204,324580,2025-05-19 10:17:00,25114.61,target,33.11,1025.18,35.7,-11.5,0,False
324784,2025-05-19 13:41:00,SHORT,25033.3,25032.4,7.0,1.148,324803,2025-05-19 14:00:00,25018.41,target,13.99,-215.95,47.4,-5.8,0,False
325043,2025-05-20 11:45:00,SHORT,24938.0,24937.1,12.78,1.076,325044,2025-05-20 11:46:00,24949.88,stop,-12.78,-1954.22,2.2,-12.9,3,True
325106,2025-05-20 12:48:00,SHORT,24926.9,24911.0,25.67,2.628,325116,2025-05-20 12:58:00,24859.67,target,51.33,2213.42,54.7,-5.7,2,True
325179,2025-05-20 14:01:00,SHORT,24830.4,24826.0,13.38,1.49,325186,2025-05-20 14:08:00,24799.24,target,26.76,617.48,29.4,-4.9,6,True
325285,2025-05-21 09:32:00,LONG,24799.8,24811.4,26.63,1.772,325294,2025-05-21 09:41:00,24864.65,target,53.25,2339.12,58.6,-7.0,1,True
325338,2025-05-21 10:25:00,LONG,24977.9,24980.0,15.93,1.152,325341,2025-05-21 10:28:00,24964.07,stop,-15.93,-2159.64,5.0,-28.9,6,True
325434,2025-05-21 12:01:00,SHORT,24862.1,24853.5,23.5,1.577,325444,2025-05-21 12:11:00,24806.5,target,47.0,1933.06,51.5,-9.4,0,False
325451,2025-05-21 12:18:00,SHORT,24747.7,24740.0,25.95,1.422,325453,2025-05-21 12:20:00,24765.95,stop,-25.95,-2807.21,4.0,-53.1,2,True
325583,2025-05-21 14:30:00,LONG,24860.8,24863.6,16.09,1.211,325584,2025-05-21 14:31:00,24847.51,stop,-16.09,-2168.4,0.0,-20.0,0,False
325637,2025-05-21 15:24:00,SHORT,24820.0,24815.1,14.65,1.502,325638,2025-05-21 15:25:00,24815.2,eod,-0.1,-1128.16,2.1,-9.2,0,False
325753,2025-05-22 11:05:00,SHORT,24637.0,24636.1,9.64,1.103,325756,2025-05-22 11:08:00,24645.74,stop,-9.64,-1744.93,3.1,-9.9,0,False
325944,2025-05-22 14:16:00,SHORT,24563.0,24560.0,10.9,1.38,325947,2025-05-22 14:19:00,24538.2,target,21.8,299.92,27.2,-5.6,1,False
325983,2025-05-22 14:55:00,LONG,24621.0,24640.0,35.72,2.136,326013,2025-05-22 15:25:00,24667.1,eod,27.1,642.45,30.0,-9.9,2,True
326073,2025-05-23 10:10:00,LONG,24863.5,24865.7,18.52,1.135,326076,2025-05-23 10:13:00,24847.18,stop,-18.52,-2326.01,0.3,-30.4,1,True
326110,2025-05-23 10:47:00,LONG,24899.9,24904.9,20.58,1.321,326113,2025-05-23 10:50:00,24946.06,target,41.16,1551.9,44.0,-2.7,0,False
326305,2025-05-23 14:02:00,LONG,24930.0,24936.8,19.75,1.525,326314,2025-05-23 14:11:00,24917.05,stop,-19.75,-2407.0,0.0,-24.9,2,True
326356,2025-05-23 14:53:00,SHORT,24869.9,24866.1,15.86,1.315,326363,2025-05-23 15:00:00,24881.96,stop,-15.86,-2153.64,9.1,-17.5,0,False
326612,2025-05-26 12:54:00,SHORT,24989.4,24984.0,16.59,1.482,326618,2025-05-26 13:00:00,25000.59,stop,-16.59,-2203.11,19.4,-21.0,2,True
326673,2025-05-26 13:55:00,LONG,25034.3,25036.9,11.5,1.292,326674,2025-05-26 13:56:00,25025.4,stop,-11.5,-1872.82,0.0,-11.9,0,False
326712,2025-05-26 14:34:00,LONG,25032.6,25036.3,12.67,1.413,326716,2025-05-26 14:38:00,25023.63,stop,-12.67,-1948.54,0.0,-16.2,0,False
326735,2025-05-26 14:57:00,LONG,25040.0,25043.1,11.94,1.351,326740,2025-05-26 15:02:00,25031.16,stop,-11.94,-1901.68,13.6,-13.0,1,True
326774,2025-05-27 09:21:00,SHORT,24855.0,24824.6,52.11,2.4,326877,2025-05-27 11:04:00,24876.71,stop,-52.11,-4509.18,63.5,-74.7,0,False
326902,2025-05-27 11:29:00,LONG,25048.0,25049.9,28.45,1.072,326910,2025-05-27 11:37:00,25021.45,stop,-28.45,-2974.67,56.3,-29.9,4,True
327047,2025-05-27 13:54:00,SHORT,24861.2,24857.8,17.36,1.244,327052,2025-05-27 13:59:00,24823.08,target,34.72,1134.39,51.8,-10.0,1,True
327070,2025-05-27 14:17:00,SHORT,24774.0,24768.4,21.59,1.35,327085,2025-05-27 14:32:00,24789.99,stop,-21.59,-2524.09,29.0,-29.3,3,True
327096,2025-05-27 14:43:00,LONG,24821.0,24829.0,21.0,1.615,327101,2025-05-27 14:48:00,24807.3,stop_gap,-21.7,-2532.08,6.0,-24.0,2,True
327165,2025-05-28 09:37:00,SHORT,24760.0,24752.1,35.15,1.29,327167,2025-05-28 09:39:00,24787.24,stop,-35.15,-3405.1,0.0,-39.7,0,False
327203,2025-05-28 10:15:00,SHORT,24767.2,24751.9,31.68,1.934,327208,2025-05-28 10:20:00,24783.58,stop,-31.68,-3180.16,4.3,-36.1,2,True
327235,2025-05-28 10:47:00,LONG,24798.7,24815.0,29.61,2.225,327258,2025-05-28 11:10:00,24785.39,stop,-29.61,-3045.72,15.0,-30.0,0,False
327356,2025-05-28 12:48:00,LONG,24830.0,24839.3,19.3,1.93,327378,2025-05-28 13:10:00,24820.0,stop,-19.3,-2376.61,20.6,-20.9,0,False
327487,2025-05-28 14:59:00,SHORT,24782.0,24779.0,10.99,1.375,327502,2025-05-28 15:14:00,24757.02,target,21.98,307.84,28.0,-9.6,4,True
327592,2025-05-29 10:29:00,SHORT,24792.0,24777.5,26.32,2.227,327625,2025-05-29 11:02:00,24724.86,target,52.64,2300.74,56.0,-0.9,0,False
327721,2025-05-29 12:38:00,SHORT,24703.6,24700.2,12.08,1.392,327722,2025-05-29 12:39:00,24676.05,target,24.15,450.34,31.2,-7.4,0,False
327804,2025-05-29 14:01:00,SHORT,24737.0,24731.9,13.55,1.603,327829,2025-05-29 14:26:00,24745.45,stop,-13.55,-2001.2,25.1,-22.9,0,False
327863,2025-05-29 15:00:00,LONG,24778.4,24795.9,27.43,2.763,327888,2025-05-29 15:25:00,24835.0,eod,39.1,1419.61,45.2,-15.9,0,False
327953,2025-05-30 10:15:00,SHORT,24900.3,24885.0,29.58,2.071,328029,2025-05-30 11:31:00,24914.58,stop,-29.58,-3045.69,45.0,-29.9,0,False
328121,2025-05-30 13:03:00,LONG,24880.0,24888.0,14.77,2.181,328125,2025-05-30 13:07:00,24873.23,stop,-14.77,-2082.89,2.0,-17.9,0,False
328145,2025-05-30 13:27:00,LONG,24890.0,24896.4,14.54,1.786,328168,2025-05-30 13:50:00,24881.86,stop,-14.54,-2067.86,8.6,-15.4,0,False
328174,2025-05-30 13:56:00,LONG,24905.0,24921.5,25.07,2.926,328184,2025-05-30 14:06:00,24896.43,stop,-25.07,-2752.36,3.5,-30.3,0,False
328239,2025-05-30 15:01:00,SHORT,24870.1,24870.0,9.79,1.01,328244,2025-05-30 15:06:00,24879.79,stop,-9.79,-1758.75,10.0,-10.0,5,False
328334,2025-06-02 10:21:00,SHORT,24665.0,24662.0,15.4,1.242,328336,2025-06-02 10:23:00,24677.4,stop,-15.4,-2119.86,1.8,-25.0,0,False
328350,2025-06-02 10:37:00,LONG,24708.0,24713.0,15.7,1.467,328352,2025-06-02 10:39:00,24744.4,target,31.4,920.74,32.0,-1.3,2,True
328466,2025-06-02 12:33:00,LONG,24806.0,24833.9,39.69,3.366,328492,2025-06-02 12:59:00,24794.21,stop,-39.69,-3701.51,28.1,-43.9,1,True
328530,2025-06-02 13:37:00,LONG,24837.0,24839.0,12.42,1.192,328544,2025-06-02 13:51:00,24826.58,stop,-12.42,-1929.24,17.7,-13.9,1,True
328560,2025-06-02 14:07:00,SHORT,24804.6,24803.0,13.04,1.14,328578,2025-06-02 14:25:00,24816.04,stop,-13.04,-1969.37,10.9,-14.9,0,False
328585,2025-06-02 14:32:00,SHORT,24790.0,24781.1,20.93,1.74,328607,2025-06-02 14:54:00,24802.03,stop,-20.93,-2481.38,18.6,-23.3,0,False
328613,2025-06-02 15:00:00,LONG,24856.7,24859.1,16.12,1.175,328615,2025-06-02 15:02:00,24842.98,stop,-16.12,-2170.19,9.9,-19.1,0,False
328658,2025-06-03 09:30:00,SHORT,24762.5,24735.7,54.78,1.958,328666,2025-06-03 09:38:00,24790.48,stop,-54.78,-4681.38,9.5,-83.3,1,True
328762,2025-06-03 11:14:00,SHORT,24734.0,24720.0,29.93,1.879,328778,2025-06-03 11:30:00,24749.93,stop,-29.93,-3065.31,20.0,-45.0,1,True
328790,2025-06-03 11:42:00,SHORT,24715.4,24706.1,26.55,1.539,328796,2025-06-03 11:48:00,24732.65,stop,-26.55,-2845.56,1.1,-30.0,9,True
328859,2025-06-03 12:51:00,SHORT,24700.0,24660.0,55.59,3.566,328943,2025-06-03 14:15:00,24715.59,stop,-55.59,-4732.27,29.0,-59.4,0,False
328945,2025-06-03 14:17:00,LONG,24714.9,24715.0,9.76,1.01,328947,2025-06-03 14:19:00,24705.24,stop,-9.76,-1754.37,3.0,-12.7,3,True
328990,2025-06-03 15:02:00,SHORT,24694.2,24688.0,16.02,1.632,329010,2025-06-03 15:22:00,24655.96,target,32.04,962.89,33.0,-6.8,3,True
329054,2025-06-04 09:51:00,SHORT,24645.0,24641.0,17.7,1.292,329056,2025-06-04 09:53:00,24658.8,stop_gap,-17.8,-2275.73,0.0,-23.9,2,True
329106,2025-06-04 10:43:00,LONG,24719.0,24722.9,13.61,1.401,329110,2025-06-04 10:47:00,24709.29,stop,-13.61,-2004.78,0.0,-17.8,2,False
329139,2025-06-04 11:16:00,SHORT,24688.9,24686.3,10.49,1.33,329142,2025-06-04 11:19:00,24696.79,stop,-10.49,-1801.29,0.0,-13.7,0,False
329206,2025-06-04 12:23:00,LONG,24728.0,24729.0,7.57,1.152,329208,2025-06-04 12:25:00,24721.43,stop,-7.57,-1611.99,1.1,-9.0,0,False
329243,2025-06-04 13:00:00,LONG,24730.1,24742.0,20.12,2.448,329256,2025-06-04 13:13:00,24721.88,stop,-20.12,-2427.77,3.0,-24.9,1,True
329266,2025-06-04 13:23:00,SHORT,24713.0,24711.2,9.29,1.24,329268,2025-06-04 13:25:00,24720.49,stop,-9.29,-1723.57,0.0,-13.7,0,False
329311,2025-06-04 14:08:00,LONG,24747.4,24754.6,15.45,1.873,329314,2025-06-04 14:11:00,24739.15,stop,-15.45,-2124.42,3.4,-19.6,0,False
329332,2025-06-04 14:29:00,SHORT,24731.0,24726.5,10.81,1.714,329334,2025-06-04 14:31:00,24737.31,stop,-10.81,-1822.54,0.0,-12.4,3,True
329404,2025-06-05 09:26:00,LONG,24795.0,24799.0,18.1,1.284,329411,2025-06-05 09:33:00,24835.21,target,36.21,1231.56,41.0,0.0,1,True
329564,2025-06-05 12:06:00,LONG,24929.0,24934.1,16.99,1.429,329570,2025-06-05 12:12:00,24968.07,target,33.97,1084.13,35.9,-16.8,0,False
329615,2025-06-05 12:57:00,SHORT,24922.1,24920.0,15.04,1.162,329623,2025-06-05 13:05:00,24935.04,stop,-15.04,-2101.04,8.0,-31.9,0,False
329784,2025-06-06 09:31:00,SHORT,24813.2,24811.8,14.37,1.108,329789,2025-06-06 09:36:00,24783.05,target,28.75,747.13,31.8,-8.1,3,True
329819,2025-06-06 10:06:00,LONG,24896.0,24899.8,24.24,1.186,329820,2025-06-06 10:07:00,24875.56,stop,-24.24,-2698.66,10.2,-25.2,0,False
329846,2025-06-06 10:33:00,LONG,24952.9,24955.8,23.82,1.139,329854,2025-06-06 10:41:00,25003.45,target,47.65,1972.35,49.2,-23.8,1,True
329914,2025-06-06 11:41:00,LONG,25090.0,25091.0,11.55,1.095,329925,2025-06-06 11:52:00,25114.11,target,23.11,375.15,24.0,-0.4,0,False
330001,2025-06-06 13:08:00,SHORT,25065.7,25062.0,12.69,1.412,330010,2025-06-06 13:17:00,25074.69,stop,-12.69,-1950.52,6.9,-14.8,1,True
330025,2025-06-06 13:32:00,SHORT,25055.1,25054.9,8.86,1.023,330027,2025-06-06 13:34:00,25063.76,stop,-8.86,-1701.7,2.4,-17.1,0,False
330069,2025-06-06 14:16:00,LONG,25090.0,25090.3,7.46,1.042,330071,2025-06-06 14:18:00,25105.23,target,14.93,-156.22,16.1,-5.3,0,False
330220,2025-06-09 10:32:00,LONG,25200.0,25203.0,11.37,1.358,330224,2025-06-09 10:36:00,25191.63,stop,-11.37,-1867.12,4.0,-13.0,4,True
330265,2025-06-09 11:17:00,SHORT,25190.0,25189.3,7.72,1.1,330271,2025-06-09 11:23:00,25197.02,stop,-7.72,-1629.89,4.3,-9.0,0,False
330303,2025-06-09 11:55:00,SHORT,25174.3,25174.1,8.08,1.025,330307,2025-06-09 11:59:00,25182.18,stop,-8.08,-1652.7,2.1,-8.9,10,True
330339,2025-06-09 12:31:00,LONG,25198.6,25199.0,6.34,1.067,330352,2025-06-09 12:44:00,25192.66,stop,-6.34,-1540.09,9.6,-8.0,0,False
330383,2025-06-09 13:15:00,LONG,25190.9,25191.8,5.15,1.212,330385,2025-06-09 13:17:00,25186.6,stop_gap,-5.2,-1466.03,2.2,-5.2,1,True
330390,2025-06-09 13:22:00,SHORT,25180.0,25179.1,6.61,1.158,330395,2025-06-09 13:27:00,25185.71,stop,-6.61,-1557.41,1.1,-7.7,2,True
330421,2025-06-09 13:53:00,LONG,25188.1,25188.2,5.11,1.02,330422,2025-06-09 13:54:00,25183.09,stop,-5.11,-1460.05,0.0,-8.2,6,True
330532,2025-06-10 09:29:00,SHORT,25160.7,25158.1,15.93,1.195,330534,2025-06-10 09:31:00,25174.03,stop,-15.93,-2163.25,27.8,-16.9,0,False
330569,2025-06-10 10:06:00,LONG,25227.3,25232.0,15.95,1.418,330590,2025-06-10 10:27:00,25216.05,stop,-15.95,-2165.21,15.9,-22.0,3,True
330817,2025-06-10 14:14:00,SHORT,25199.8,25199.0,4.43,1.22,330823,2025-06-10 14:20:00,25190.14,target,8.86,-552.2,9.0,-2.5,1,True
330846,2025-06-10 14:43:00,SHORT,25189.0,25187.0,7.67,1.353,330858,2025-06-10 14:55:00,25171.66,target,15.34,-131.02,16.0,-4.0,1,False
330936,2025-06-11 09:58:00,LONG,25206.9,25211.0,11.86,1.528,330969,2025-06-11 10:31:00,25199.14,stop,-11.86,-1899.28,10.8,-13.1,2,True
330981,2025-06-11 10:43:00,LONG,25220.0,25234.0,21.76,2.804,331014,2025-06-11 11:16:00,25277.52,target,43.52,1699.14,49.9,-2.6,0,False
331081,2025-06-11 12:23:00,LONG,25293.3,25305.3,19.67,2.565,331085,2025-06-11 12:27:00,25285.63,stop,-19.67,-2408.01,1.2,-19.8,0,False
331163,2025-06-11 13:45:00,SHORT,25235.5,25235.0,7.48,1.072,331165,2025-06-11 13:47:00,25220.04,target,14.96,-156.31,19.0,-1.2,0,False
331257,2025-06-11 15:19:00,SHORT,25212.2,25212.0,6.08,1.034,331263,2025-06-11 15:25:00,25205.0,eod,7.0,-673.43,9.6,-3.0,0,False
331277,2025-06-12 09:24:00,LONG,25238.0,25244.0,18.25,1.49,331292,2025-06-12 09:39:00,25225.75,stop,-18.25,-2315.25,16.0,-29.0,1,True
331356,2025-06-12 10:43:00,SHORT,25140.0,25131.6,20.41,1.699,331395,2025-06-12 11:22:00,25152.01,stop,-20.41,-2454.06,20.2,-28.4,0,False
331467,2025-06-12 12:34:00,LONG,25128.2,25135.0,14.75,1.855,331469,2025-06-12 12:36:00,25120.25,stop,-14.75,-2085.61,3.0,-17.6,0,False
331519,2025-06-12 13:26:00,SHORT,25105.6,25094.7,19.77,2.229,331523,2025-06-12 13:30:00,25055.17,target,39.53,1443.44,58.1,0.0,1,True
331601,2025-06-12 14:48:00,LONG,24970.0,24975.0,17.54,1.399,331608,2025-06-12 14:55:00,24957.46,stop,-17.54,-2264.04,4.9,-22.2,0,False
331713,2025-06-13 10:25:00,LONG,24708.4,24709.8,14.72,1.105,331716,2025-06-13 10:28:00,24695.08,stop,-14.72,-2076.68,0.0,-14.8,0,False
331759,2025-06-13 11:11:00,SHORT,24700.2,24688.9,22.8,1.983,331779,2025-06-13 11:31:00,24711.7,stop,-22.8,-2601.33,15.9,-30.1,2,True
331785,2025-06-13 11:37:00,LONG,24728.1,24730.0,12.22,1.184,331797,2025-06-13 11:49:00,24717.78,stop,-12.22,-1914.05,12.3,-12.5,2,True
331890,2025-06-13 13:22:00,LONG,24730.9,24732.4,9.59,1.185,331894,2025-06-13 13:26:00,24722.81,stop,-9.59,-1743.44,2.6,-10.4,1,False
331966,2025-06-13 14:38:00,SHORT,24735.0,24730.5,11.41,1.651,331968,2025-06-13 14:40:00,24741.91,stop,-11.41,-1861.8,0.5,-13.6,2,True
331976,2025-06-13 14:48:00,SHORT,24713.3,24710.8,10.65,1.307,331985,2025-06-13 14:57:00,24689.5,target,21.3,265.0,32.9,-3.8,7,True
332129,2025-06-16 11:06:00,LONG,24980.0,24981.0,12.38,1.088,332137,2025-06-16 11:14:00,24968.62,stop,-12.38,-1929.14,13.8,-16.0,0,False
332293,2025-06-16 13:50:00,SHORT,24980.0,24975.1,13.39,1.577,332296,2025-06-16 13:53:00,24988.49,stop,-13.39,-1994.81,0.2,-14.9,0,False
332396,2025-06-17 09:18:00,SHORT,24941.6,24935.0,21.55,1.441,332408,2025-06-17 09:30:00,24891.9,target,43.1,1678.14,43.4,-4.3,0,False
332432,2025-06-17 09:54:00,SHORT,24891.6,24884.5,20.88,1.515,332454,2025-06-17 10:16:00,24905.38,stop,-20.88,-2479.82,9.5,-22.9,0,False
332571,2025-06-17 12:13:00,SHORT,24897.0,24895.0,9.16,1.279,332582,2025-06-17 12:24:00,24904.16,stop,-9.16,-1718.57,9.8,-9.3,4,False
332602,2025-06-17 12:44:00,SHORT,24875.0,24871.0,11.77,1.515,332613,2025-06-17 12:55:00,24847.46,target,23.54,407.41,31.3,-8.8,0,False
332687,2025-06-17 14:09:00,LONG,24892.0,24897.2,11.11,1.879,332695,2025-06-17 14:17:00,24886.09,stop,-11.11,-1845.24,2.8,-12.2,0,False
332716,2025-06-17 14:38:00,SHORT,24877.1,24875.2,8.87,1.272,332723,2025-06-17 14:45:00,24884.07,stop,-8.87,-1699.5,3.7,-10.8,2,True
332777,2025-06-18 09:24:00,LONG,24901.5,24908.5,18.91,1.588,332786,2025-06-18 09:33:00,24946.32,target,37.82,1334.73,46.5,-12.7,3,True
333025,2025-06-18 13:32:00,LONG,24835.0,24837.0,8.29,1.318,333036,2025-06-18 13:43:00,24828.71,stop,-8.29,-1660.8,11.0,-11.7,1,True
333076,2025-06-18 14:23:00,SHORT,24800.0,24793.3,13.82,1.941,333082,2025-06-18 14:29:00,24807.12,stop,-13.82,-2019.74,5.3,-14.7,2,True
333146,2025-06-19 09:18:00,SHORT,24786.0,24778.2,21.31,1.577,333150,2025-06-19 09:22:00,24799.51,stop,-21.31,-2506.24,21.2,-37.3,1,True
333162,2025-06-19 09:34:00,LONG,24848.0,24854.5,22.14,1.416,333222,2025-06-19 10:34:00,24832.36,stop,-22.14,-2560.91,34.9,-29.5,7,True
333398,2025-06-19 13:30:00,SHORT,24802.0,24800.0,8.55,1.305,333401,2025-06-19 13:33:00,24808.55,stop,-8.55,-1676.97,0.0,-12.5,3,True
333427,2025-06-19 13:59:00,LONG,24825.0,24839.0,21.02,2.994,333501,2025-06-19 15:13:00,24817.98,stop,-21.02,-2488.1,28.3,-22.7,3,True
333652,2025-06-20 11:29:00,SHORT,25044.9,25043.0,10.61,1.218,333653,2025-06-20 11:30:00,25053.61,stop,-10.61,-1815.4,1.6,-16.9,1,True
333710,2025-06-20 12:27:00,SHORT,25040.0,25035.0,14.73,1.514,333717,2025-06-20 12:34:00,25005.55,target,29.45,789.1,29.5,-1.0,2,True
333849,2025-06-20 14:46:00,SHORT,25090.1,25089.0,8.08,1.158,333860,2025-06-20 14:57:00,25097.08,stop,-8.08,-1651.55,9.0,-9.4,4,True
333868,2025-06-20 15:05:00,LONG,25120.0,25123.0,12.89,1.303,333878,2025-06-20 15:15:00,25110.11,stop,-12.89,-1964.41,14.0,-15.5,0,False
334022,2025-06-23 11:24:00,LONG,24939.7,24948.0,18.04,1.852,334052,2025-06-23 11:54:00,24929.96,stop,-18.04,-2296.23,20.0,-22.8,0,False
334100,2025-06-23 12:42:00,LONG,24959.9,24964.4,11.86,1.612,334106,2025-06-23 12:48:00,24952.54,stop,-11.86,-1894.8,5.6,-23.3,1,True
334197,2025-06-23 14:19:00,SHORT,25028.1,25025.0,13.94,1.286,334209,2025-06-23 14:31:00,24997.11,target,27.89,687.47,28.9,-4.9,2,True
334257,2025-06-23 15:19:00,SHORT,24991.2,24988.0,12.69,1.337,334263,2025-06-23 15:25:00,24983.5,eod,4.5,-832.1,13.0,-2.0,7,True
334330,2025-06-24 10:17:00,LONG,25271.0,25275.0,19.94,1.251,334333,2025-06-24 10:20:00,25255.06,stop,-19.94,-2425.21,3.0,-50.0,0,False
334429,2025-06-24 11:56:00,LONG,25313.4,25322.5,18.88,1.931,334460,2025-06-24 12:27:00,25303.62,stop,-18.88,-2357.03,26.5,-22.5,2,True
334470,2025-06-24 12:37:00,SHORT,25291.1,25282.0,19.62,1.865,334475,2025-06-24 12:42:00,25242.77,target,39.23,1420.44,62.0,-9.0,0,False
334516,2025-06-24 13:23:00,SHORT,25187.0,25176.1,31.66,1.525,334529,2025-06-24 13:36:00,25112.77,target,63.33,2988.73,87.1,-22.9,1,True
334715,2025-06-25 10:27:00,LONG,25224.0,25227.7,12.73,1.41,334719,2025-06-25 10:31:00,25214.97,stop,-12.73,-1955.75,2.2,-14.3,2,True
334841,2025-06-25 12:33:00,LONG,25230.0,25237.6,15.36,1.979,334854,2025-06-25 12:46:00,25222.24,stop,-15.36,-2127.17,2.3,-19.5,2,True
334873,2025-06-25 13:05:00,LONG,25243.7,25254.9,18.15,2.61,335013,2025-06-25 15:25:00,25244.0,eod,-10.9,-1837.53,35.1,-16.5,0,False
335104,2025-06-26 10:41:00,SHORT,25366.9,25344.7,37.14,2.486,335124,2025-06-26 11:01:00,25381.84,stop,-37.14,-3544.83,54.7,-37.3,1,True
335153,2025-06-26 11:30:00,LONG,25366.0,25369.0,18.47,1.194,335161,2025-06-26 11:38:00,25350.53,stop,-18.47,-2331.12,18.9,-25.7,0,False
335166,2025-06-26 11:43:00,SHORT,25324.0,25311.9,28.27,1.748,335168,2025-06-26 11:45:00,25340.17,stop,-28.27,-2967.73,0.0,-31.5,0,False
335259,2025-06-26 13:16:00,LONG,25428.8,25447.4,35.81,2.081,335269,2025-06-26 13:26:00,25411.59,stop,-35.81,-3459.46,22.6,-41.4,3,True
335453,2025-06-27 10:15:00,LONG,25690.0,25698.7,18.61,1.878,335459,2025-06-27 10:21:00,25680.09,stop,-18.61,-2346.44,0.3,-23.6,0,False
335538,2025-06-27 11:40:00,LONG,25719.8,25721.1,6.98,1.229,335541,2025-06-27 11:43:00,25714.12,stop,-6.98,-1591.01,1.5,-7.0,4,True
335771,2025-06-30 09:18:00,SHORT,25732.0,25726.0,17.11,1.54,335772,2025-06-30 09:19:00,25743.11,stop,-17.11,-2249.59,2.8,-18.8,1,False
335777,2025-06-30 09:24:00,LONG,25759.2,25760.2,13.17,1.082,335783,2025-06-30 09:30:00,25747.03,stop,-13.17,-1993.5,14.8,-34.3,10,True
335786,2025-06-30 09:33:00,SHORT,25723.2,25720.0,17.16,1.229,335814,2025-06-30 10:01:00,25685.69,target,34.31,1093.38,38.6,-10.0,2,True
335861,2025-06-30 10:48:00,SHORT,25685.0,25683.0,10.57,1.233,335867,2025-06-30 10:54:00,25693.57,stop,-10.57,-1823.7,11.0,-10.9,0,False
335949,2025-06-30 12:16:00,LONG,25698.0,25700.2,10.58,1.263,335962,2025-06-30 12:29:00,25689.62,stop,-10.58,-1824.1,8.5,-16.4,15,True
335964,2025-06-30 12:31:00,SHORT,25680.0,25677.6,10.0,1.316,335975,2025-06-30 12:42:00,25657.6,target,20.0,163.55,21.2,-5.3,0,False
335991,2025-06-30 12:58:00,SHORT,25644.8,25644.0,8.42,1.105,335993,2025-06-30 13:00:00,25627.16,target,16.84,-40.91,33.0,0.0,3,True
336104,2025-06-30 14:51:00,LONG,25605.9,25608.6,13.02,1.262,336106,2025-06-30 14:53:00,25595.58,stop,-13.02,-1981.35,0.0,-14.9,5,True
336148,2025-07-01 09:20:00,LONG,25625.0,25635.0,21.53,1.867,336160,2025-07-01 09:32:00,25678.06,target,43.06,1662.89,49.3,-3.6,3,True
336176,2025-07-01 09:48:00,LONG,25684.8,25685.0,13.14,1.015,336179,2025-07-01 09:51:00,25671.86,stop,-13.14,-1990.22,6.3,-13.5,0,False
336190,2025-07-01 10:02:00,SHORT,25655.0,25653.3,13.79,1.141,336218,2025-07-01 10:30:00,25667.09,stop,-13.79,-2032.32,22.3,-14.1,2,True
336302,2025-07-01 11:54:00,SHORT,25625.0,25620.0,11.44,1.776,336322,2025-07-01 12:14:00,25631.44,stop,-11.44,-1879.16,15.0,-12.7,1,True
336326,2025-07-01 12:18:00,LONG,25639.7,25639.8,7.85,1.013,336333,2025-07-01 12:25:00,25655.5,target,15.7,-115.65,19.6,-4.4,0,False
336370,2025-07-01 13:02:00,SHORT,25639.2,25638.3,7.8,1.131,336380,2025-07-01 13:12:00,25646.1,stop,-7.8,-1642.45,5.3,-8.4,7,True
336407,2025-07-01 13:39:00,LONG,25643.0,25647.1,10.33,1.658,336415,2025-07-01 13:47:00,25636.77,stop,-10.33,-1807.32,2.7,-11.9,2,True
336424,2025-07-01 13:56:00,SHORT,25630.7,25630.3,6.29,1.068,336425,2025-07-01 13:57:00,25636.59,stop,-6.29,-1544.16,0.0,-8.9,1,True
336433,2025-07-01 14:05:00,LONG,25649.8,25650.8,7.45,1.155,336443,2025-07-01 14:15:00,25665.69,target,14.89,-168.1,16.7,-5.7,0,False
336564,2025-07-02 10:01:00,SHORT,25633.5,25620.2,23.81,2.265,336626,2025-07-02 11:03:00,25572.58,target,47.62,1960.15,50.2,-19.4,2,True
336631,2025-07-02 11:08:00,SHORT,25575.0,25570.7,12.15,1.547,336648,2025-07-02 11:25:00,25582.85,stop,-12.15,-1924.66,10.7,-13.0,5,True
336734,2025-07-02 12:51:00,SHORT,25560.0,25558.4,8.22,1.242,336735,2025-07-02 12:52:00,25566.62,stop,-8.22,-1668.74,0.0,-10.6,0,False
336810,2025-07-02 14:07:00,LONG,25506.6,25508.0,8.75,1.191,336814,2025-07-02 14:11:00,25525.49,target,17.49,3.35,19.5,-2.9,1,True
336861,2025-07-02 14:58:00,LONG,25528.0,25529.0,8.04,1.142,336863,2025-07-02 15:00:00,25545.07,target,16.07,-89.42,17.5,-0.5,0,False
336896,2025-07-03 09:18:00,LONG,25590.9,25595.0,14.76,1.385,336898,2025-07-03 09:20:00,25624.52,target,29.52,783.67,30.0,-3.7,2,True
336989,2025-07-03 10:51:00,SHORT,25619.1,25617.2,12.11,1.186,336998,2025-07-03 11:00:00,25629.31,stop,-12.11,-1922.49,7.2,-17.8,3,True
337023,2025-07-03 11:25:00,LONG,25656.7,25660.0,12.31,1.366,337026,2025-07-03 11:28:00,25647.68,stop,-12.31,-1936.41,6.7,-16.0,2,True
337040,2025-07-03 11:42:00,SHORT,25610.0,25607.8,13.03,1.203,337045,2025-07-03 11:47:00,25581.74,target,26.06,558.85,32.8,-2.2,0,False
337134,2025-07-03 13:16:00,SHORT,25574.7,25569.4,13.97,1.611,337136,2025-07-03 13:18:00,25583.37,stop,-13.97,-2042.79,2.8,-19.6,0,False
337198,2025-07-03 14:20:00,SHORT,25583.1,25582.9,8.59,1.024,337200,2025-07-03 14:22:00,25565.72,target,17.18,-18.19,25.9,-2.1,0,False
337272,2025-07-04 09:19:00,SHORT,25492.2,25489.9,16.03,1.168,337274,2025-07-04 09:21:00,25505.93,stop,-16.03,-2175.24,4.9,-17.1,2,False
337289,2025-07-04 09:36:00,SHORT,25486.5,25471.2,29.75,2.059,337306,2025-07-04 09:53:00,25500.95,stop,-29.75,-3066.89,20.2,-32.4,10,True
337351,2025-07-04 10:38:00,LONG,25509.0,25510.6,9.82,1.195,337364,2025-07-04 10:51:00,25500.78,stop,-9.82,-1771.81,4.1,-12.6,4,True
337505,2025-07-04 13:12:00,LONG,25454.3,25456.0,8.33,1.256,337510,2025-07-04 13:17:00,25447.67,stop,-8.33,-1674.02,2.9,-13.8,0,False
337545,2025-07-04 13:52:00,LONG,25459.1,25459.8,6.15,1.128,337546,2025-07-04 13:53:00,25453.65,stop,-6.15,-1532.32,0.2,-7.8,2,True
337585,2025-07-04 14:32:00,LONG,25469.1,25470.1,6.61,1.178,337588,2025-07-04 14:35:00,25483.31,target,13.21,-274.39,28.9,-0.1,1,True
337589,2025-07-04 14:36:00,LONG,25514.7,25518.8,12.09,1.513,337590,2025-07-04 14:37:00,25506.71,stop,-12.09,-1919.23,1.2,-16.1,0,False
337592,2025-07-04 14:39:00,LONG,25522.0,25524.0,10.75,1.229,337593,2025-07-04 14:40:00,25545.5,target,21.5,263.7,23.9,-2.3,7,True
337823,2025-07-07 12:15:00,SHORT,25510.0,25507.5,9.12,1.378,337828,2025-07-07 12:20:00,25516.62,stop,-9.12,-1726.48,6.5,-10.5,3,True
337886,2025-07-07 13:18:00,LONG,25539.4,25545.0,12.63,1.796,337897,2025-07-07 13:29:00,25532.37,stop,-12.63,-1955.19,1.6,-14.5,0,False
337931,2025-07-07 14:03:00,LONG,25546.0,25551.8,13.15,1.789,337940,2025-07-07 14:12:00,25538.65,stop,-13.15,-1988.91,3.2,-13.8,5,True
338199,2025-07-08 12:16:00,LONG,25543.0,25543.1,3.78,1.027,338208,2025-07-08 12:25:00,25550.65,target,7.55,-643.41,12.3,-3.1,7,True
338249,2025-07-08 13:06:00,LONG,25567.5,25570.0,9.05,1.382,338256,2025-07-08 13:13:00,25560.95,stop,-9.05,-1722.8,2.8,-9.9,9,False
338348,2025-07-08 14:45:00,SHORT,25549.0,25548.1,5.62,1.191,338351,2025-07-08 14:48:00,25553.72,stop,-5.62,-1499.21,0.0,-5.9,10,True
338361,2025-07-08 14:58:00,LONG,25568.0,25570.0,7.37,1.372,338363,2025-07-08 15:00:00,25584.74,target,14.74,-176.56,17.7,-3.0,3,True
338514,2025-07-09 11:16:00,LONG,25635.0,25636.0,8.28,1.137,338519,2025-07-09 11:21:00,25627.72,stop,-8.28,-1673.56,2.0,-9.6,1,True
338551,2025-07-09 11:53:00,SHORT,25609.0,25606.3,9.21,1.415,338553,2025-07-09 11:55:00,25615.51,stop,-9.21,-1733.66,1.8,-12.9,0,False
338689,2025-07-09 14:11:00,SHORT,25610.4,25609.0,5.31,1.358,338691,2025-07-09 14:13:00,25614.31,stop,-5.31,-1480.42,0.0,-6.8,3,True
338712,2025-07-09 14:34:00,SHORT,25547.8,25542.0,17.0,1.518,338715,2025-07-09 14:37:00,25559.0,stop,-17.0,-2238.98,3.0,-28.0,0,False
338731,2025-07-09 14:53:00,SHORT,25538.0,25527.5,22.55,1.872,338734,2025-07-09 14:56:00,25550.05,stop,-22.55,-2599.38,3.0,-27.9,0,False
338769,2025-07-10 09:16:00,SHORT,25550.0,25548.6,12.42,1.127,338774,2025-07-10 09:21:00,25523.76,target,24.84,480.15,36.3,-11.4,2,True
338782,2025-07-10 09:29:00,SHORT,25511.5,25510.3,13.27,1.099,338806,2025-07-10 09:53:00,25483.76,target,26.54,591.7,27.9,-11.7,5,True
338957,2025-07-10 12:24:00,LONG,25465.0,25466.0,7.7,1.149,338958,2025-07-10 12:25:00,25458.3,stop,-7.7,-1633.08,0.0,-10.0,1,True
339059,2025-07-10 14:06:00,LONG,25478.0,25482.9,15.18,1.477,339062,2025-07-10 14:09:00,25467.72,stop,-15.18,-2119.64,5.7,-21.8,0,False
339113,2025-07-10 15:00:00,SHORT,25425.2,25417.2,18.36,1.773,339122,2025-07-10 15:09:00,25435.56,stop,-18.36,-2325.12,2.2,-19.8,1,True
339376,2025-07-11 13:08:00,SHORT,25224.4,25224.3,5.8,1.018,339377,2025-07-11 13:09:00,25212.7,target,11.6,-374.74,12.3,-1.7,2,True
339423,2025-07-11 13:55:00,LONG,25237.5,25241.0,8.36,1.72,339429,2025-07-11 14:01:00,25231.0,stop_gap,-10.0,-1778.8,0.6,-12.6,2,True
339506,2025-07-11 15:18:00,SHORT,25220.0,25217.9,8.81,1.313,339513,2025-07-11 15:25:00,25215.0,eod,2.9,-940.04,6.1,-6.5,6,True
339631,2025-07-14 11:08:00,SHORT,25137.1,25135.3,10.2,1.214,339648,2025-07-14 11:25:00,25114.89,target,20.41,199.48,24.2,-2.6,1,True
339651,2025-07-14 11:28:00,SHORT,25100.1,25097.9,10.4,1.268,339652,2025-07-14 11:29:00,25108.3,stop,-10.4,-1802.51,1.4,-16.4,0,False
339726,2025-07-14 12:43:00,LONG,25120.9,25122.6,7.43,1.297,339729,2025-07-14 12:46:00,25115.17,stop,-7.43,-1609.59,2.1,-11.1,11,True
339750,2025-07-14 13:07:00,SHORT,25093.2,25092.6,7.11,1.092,339751,2025-07-14 13:08:00,25078.37,target,14.23,-201.52,16.3,0.0,0,False
339772,2025-07-14 13:29:00,LONG,25124.7,25129.0,12.06,1.554,339778,2025-07-14 13:35:00,25116.94,stop,-12.06,-1910.79,0.0,-14.6,0,False
339855,2025-07-14 14:52:00,LONG,25137.1,25154.6,24.74,3.418,339888,2025-07-14 15:25:00,25167.9,eod,13.3,-263.16,36.4,-7.6,0,False
339999,2025-07-15 11:01:00,LONG,25263.3,25267.1,13.15,1.406,340004,2025-07-15 11:06:00,25293.4,target,26.3,579.82,26.9,-1.0,0,False
340091,2025-07-15 12:33:00,LONG,25287.3,25288.0,7.0,1.111,340092,2025-07-15 12:34:00,25281.0,stop,-7.0,-1584.51,0.0,-8.0,2,True
340270,2025-07-16 09:17:00,SHORT,25222.0,25218.4,14.87,1.319,340275,2025-07-16 09:22:00,25188.66,target,29.74,804.51,33.4,-3.0,2,True
340346,2025-07-16 10:33:00,SHORT,25176.8,25176.1,10.19,1.074,340347,2025-07-16 10:34:00,25186.29,stop,-10.19,-1790.51,0.1,-11.9,0,False
340409,2025-07-16 11:36:00,LONG,25193.2,25193.5,6.85,1.046,340422,2025-07-16 11:49:00,25207.21,target,13.71,-237.24,15.3,-3.5,6,True
340426,2025-07-16 11:53:00,LONG,25215.0,25228.7,21.42,2.775,340544,2025-07-16 13:51:00,25271.54,target,42.84,1654.99,44.8,-18.5,2,True
340572,2025-07-16 14:19:00,LONG,25285.0,25288.5,9.85,1.551,340574,2025-07-16 14:21:00,25278.65,stop,-9.85,-1769.82,1.4,-18.3,0,False
340604,2025-07-16 14:51:00,SHORT,25265.0,25260.0,11.6,1.757,340613,2025-07-16 15:00:00,25271.6,stop,-11.6,-1883.4,2.3,-15.0,2,True
340718,2025-07-17 10:30:00,SHORT,25190.0,25186.3,11.83,1.455,340720,2025-07-17 10:32:00,25198.13,stop,-11.83,-1896.73,4.2,-12.4,1,True
340826,2025-07-17 12:18:00,SHORT,25230.0,25228.0,6.9,1.408,340843,2025-07-17 12:35:00,25234.9,stop,-6.9,-1577.19,3.8,-7.0,1,True
340846,2025-07-17 12:38:00,SHORT,25225.0,25218.9,11.75,2.079,340850,2025-07-17 12:42:00,25230.65,stop,-11.75,-1892.66,0.0,-23.6,5,True
340873,2025-07-17 13:05:00,SHORT,25226.0,25220.2,11.98,1.938,340920,2025-07-17 13:52:00,25232.18,stop,-11.98,-1907.49,15.9,-14.2,0,False
340976,2025-07-17 14:48:00,SHORT,25171.0,25170.5,8.1,1.066,340983,2025-07-17 14:55:00,25178.6,stop,-8.1,-1654.36,5.5,-8.6,0,False
341019,2025-07-18 09:16:00,SHORT,25160.6,25150.0,17.58,2.518,341045,2025-07-18 09:42:00,25114.83,target,35.17,1158.68,38.2,-1.0,1,True
341122,2025-07-18 10:59:00,SHORT,24989.8,24981.3,18.6,1.842,341125,2025-07-18 11:02:00,24999.9,stop,-18.6,-2333.54,0.3,-23.5,0,False
341127,2025-07-18 11:04:00,LONG,25014.0,25015.5,12.14,1.141,341159,2025-07-18 11:36:00,25003.36,stop,-12.14,-1913.8,19.5,-13.3,0,False
341297,2025-07-18 13:54:00,SHORT,25014.0,25010.6,9.62,1.547,341299,2025-07-18 13:56:00,25020.22,stop,-9.62,-1750.3,1.8,-10.3,0,False
341301,2025-07-18 13:58:00,LONG,25035.0,25041.2,13.68,1.829,341302,2025-07-18 13:59:00,25027.52,stop,-13.68,-2014.51,0.0,-21.0,1,True
341398,2025-07-21 09:20:00,SHORT,24981.0,24978.5,13.77,1.222,341403,2025-07-21 09:25:00,24950.96,target,27.54,665.63,43.4,0.0,0,False
341427,2025-07-21 09:49:00,LONG,25040.0,25045.0,20.06,1.332,341433,2025-07-21 09:55:00,25085.13,target,40.13,1482.07,58.7,-4.0,1,True
341540,2025-07-21 11:42:00,SHORT,25078.5,25067.7,19.92,2.184,341553,2025-07-21 11:55:00,25087.62,stop,-19.92,-2420.75,11.7,-27.3,0,False
341587,2025-07-21 12:29:00,SHORT,25079.0,25075.0,12.8,1.455,341590,2025-07-21 12:32:00,25087.8,stop,-12.8,-1958.09,8.2,-13.2,0,False
341604,2025-07-21 12:46:00,LONG,25099.0,25100.0,7.68,1.15,341613,2025-07-21 12:55:00,25092.32,stop,-7.68,-1625.36,5.8,-10.0,4,True
341928,2025-07-22 11:55:00,LONG,25103.9,25106.0,11.57,1.222,341956,2025-07-22 12:23:00,25129.13,target,23.13,376.51,24.0,-6.0,0,False
341963,2025-07-22 12:30:00,LONG,25132.0,25136.5,11.73,1.622,341999,2025-07-22 13:06:00,25124.77,stop,-11.73,-1889.62,11.5,-21.1,0,False
342249,2025-07-23 11:01:00,LONG,25165.0,25166.0,7.91,1.145,342268,2025-07-23 11:20:00,25158.09,stop,-7.91,-1641.9,12.2,-12.0,5,True
342304,2025-07-23 11:56:00,LONG,25167.7,25167.9,5.52,1.038,342309,2025-07-23 12:01:00,25178.95,target,11.05,-409.73,18.6,-0.8,1,True
342325,2025-07-23 12:17:00,LONG,25199.3,25204.0,12.22,1.625,342347,2025-07-23 12:39:00,25228.43,target,24.43,459.33,25.0,-6.3,5,True
342379,2025-07-23 13:11:00,SHORT,25203.8,25202.0,8.15,1.284,342384,2025-07-23 13:16:00,25210.15,stop,-8.15,-1657.84,1.9,-9.7,0,False
342390,2025-07-23 13:22:00,SHORT,25199.9,25194.0,13.32,1.795,342397,2025-07-23 13:29:00,25207.32,stop,-13.32,-1993.79,3.0,-15.0,0,False
342420,2025-07-23 13:52:00,LONG,25219.2,25223.0,9.9,1.623,342442,2025-07-23 14:14:00,25242.81,target,19.81,158.43,22.0,-1.3,0,False
342486,2025-07-23 14:58:00,LONG,25249.0,25250.0,7.01,1.166,342513,2025-07-23 15:25:00,25249.0,eod,-1.0,-1194.08,10.0,-5.0,1,True
342553,2025-07-24 09:50:00,SHORT,25210.0,25205.0,13.46,1.591,342596,2025-07-24 10:33:00,25218.46,stop,-13.46,-2003.42,16.6,-16.9,2,True
342626,2025-07-24 11:03:00,SHORT,25198.2,25195.4,8.38,1.502,342638,2025-07-24 11:15:00,25178.65,target,16.75,-39.24,22.1,-2.3,0,False
342679,2025-07-24 11:56:00,SHORT,25125.0,25115.0,17.16,2.396,342687,2025-07-24 12:04:00,25080.68,target,34.32,1104.23,55.0,-4.4,1,True
342739,2025-07-24 12:56:00,SHORT,25088.3,25088.0,7.4,1.042,342742,2025-07-24 12:59:00,25073.2,target,14.79,-164.61,14.9,-0.7,0,False
342785,2025-07-24 13:42:00,LONG,25098.1,25101.0,11.16,1.351,342792,2025-07-24 13:49:00,25123.31,target,22.31,323.36,23.0,-3.0,0,False
342823,2025-07-24 14:20:00,LONG,25127.0,25127.3,8.0,1.039,342824,2025-07-24 14:21:00,25119.3,stop,-8.0,-1646.95,0.0,-13.3,1,True
342859,2025-07-24 14:56:00,SHORT,25087.0,25086.3,9.47,1.08,342862,2025-07-24 14:59:00,25095.77,stop,-9.47,-1741.85,0.3,-10.5,2,True
343028,2025-07-25 11:30:00,LONG,24909.0,24910.0,10.97,1.1,343031,2025-07-25 11:33:00,24899.03,stop,-10.97,-1836.37,10.1,-18.9,2,False
343079,2025-07-25 12:21:00,SHORT,24852.1,24845.3,15.19,1.81,343095,2025-07-25 12:37:00,24860.49,stop,-15.19,-2109.63,14.3,-17.6,1,True
343097,2025-07-25 12:39:00,LONG,24873.1,24881.2,17.23,1.888,343099,2025-07-25 12:41:00,24863.97,stop,-17.23,-2242.22,7.1,-18.6,0,False
343166,2025-07-25 13:48:00,LONG,24880.8,24881.7,9.36,1.106,343169,2025-07-25 13:51:00,24872.34,stop,-9.36,-1731.38,0.1,-9.6,2,True
343172,2025-07-25 13:54:00,LONG,24888.3,24888.7,9.38,1.045,343173,2025-07-25 13:55:00,24879.32,stop,-9.38,-1732.35,0.0,-11.4,2,True
343230,2025-07-25 14:52:00,SHORT,24842.0,24841.0,10.08,1.11,343232,2025-07-25 14:54:00,24851.08,stop,-10.08,-1777.3,2.6,-10.7,0,False
343286,2025-07-28 09:33:00,LONG,24860.0,24863.4,19.77,1.208,343294,2025-07-28 09:41:00,24843.63,stop,-19.77,-2407.57,27.5,-31.7,1,True
343328,2025-07-28 10:15:00,LONG,24894.0,24912.0,32.15,2.272,343351,2025-07-28 10:38:00,24879.85,stop,-32.15,-3212.35,13.0,-50.6,2,True
343591,2025-07-28 14:38:00,LONG,24715.0,24719.0,13.22,1.434,343602,2025-07-28 14:49:00,24705.78,stop,-13.22,-1979.02,10.0,-15.4,3,True
343657,2025-07-29 09:29:00,LONG,24729.0,24733.5,22.28,1.253,343659,2025-07-29 09:31:00,24711.22,stop,-22.28,-2568.45,5.5,-23.5,2,True
343682,2025-07-29 09:54:00,LONG,24739.8,24748.0,23.75,1.527,343686,2025-07-29 09:58:00,24724.25,stop,-23.75,-2663.89,6.8,-23.9,1,True
343847,2025-07-29 12:39:00,LONG,24729.0,24731.3,10.77,1.271,343851,2025-07-29 12:43:00,24720.53,stop,-10.77,-1820.42,10.0,-11.3,1,True
344003,2025-07-29 15:15:00,LONG,24839.7,24845.0,14.94,1.55,344013,2025-07-29 15:25:00,24842.2,eod,-2.8,-1304.13,14.0,-8.4,9,False
344036,2025-07-30 09:33:00,LONG,24859.8,24865.0,20.73,1.335,344050,2025-07-30 09:47:00,24844.27,stop,-20.73,-2469.98,20.0,-25.4,2,True
344091,2025-07-30 10:28:00,SHORT,24815.2,24805.0,21.45,1.906,344095,2025-07-30 10:32:00,24826.45,stop,-21.45,-2516.0,1.8,-23.0,1,True
344125,2025-07-30 11:02:00,LONG,24828.0,24834.4,15.81,1.68,344127,2025-07-30 11:04:00,24818.59,stop,-15.81,-2149.42,2.4,-19.3,0,False
344237,2025-07-30 12:54:00,LONG,24884.5,24886.8,11.06,1.263,344240,2025-07-30 12:57:00,24875.74,stop,-11.06,-1841.61,0.0,-13.4,1,True
344263,2025-07-30 13:20:00,SHORT,24856.0,24843.0,21.68,2.497,344276,2025-07-30 13:33:00,24864.68,stop,-21.68,-2531.65,6.5,-27.0,3,True
344309,2025-07-30 14:06:00,LONG,24883.2,24886.6,12.04,1.394,344311,2025-07-30 14:08:00,24874.56,stop,-12.04,-1905.32,0.0,-21.6,2,True
344330,2025-07-30 14:27:00,LONG,24886.8,24890.0,10.55,1.435,344348,2025-07-30 14:45:00,24879.45,stop,-10.55,-1808.51,18.1,-13.2,0,False
344373,2025-07-30 15:10:00,SHORT,24865.0,24864.4,6.94,1.095,344378,2025-07-30 15:15:00,24871.34,stop,-6.94,-1573.34,1.4,-11.6,1,True
344394,2025-07-31 09:16:00,SHORT,24688.1,24665.1,43.82,2.105,344401,2025-07-31 09:23:00,24708.92,stop,-43.82,-3967.29,40.0,-52.9,1,True
344438,2025-07-31 10:00:00,SHORT,24676.9,24660.0,30.03,2.287,344483,2025-07-31 10:45:00,24690.03,stop,-30.03,-3071.17,14.0,-40.0,0,False
344486,2025-07-31 10:48:00,LONG,24718.0,24719.2,12.57,1.106,344487,2025-07-31 10:49:00,24706.63,stop,-12.57,-1936.74,5.0,-13.0,0,False
344608,2025-07-31 12:50:00,LONG,24876.5,24883.5,19.66,1.553,344629,2025-07-31 13:11:00,24922.83,target,39.33,1432.76,42.6,-13.8,1,True
344703,2025-07-31 14:25:00,SHORT,24892.5,24887.6,18.57,1.358,344708,2025-07-31 14:30:00,24850.46,target,37.14,1291.22,55.6,-10.4,0,False
344809,2025-08-01 09:56:00,SHORT,24770.0,24765.6,17.41,1.338,344816,2025-08-01 10:03:00,24783.01,stop,-17.41,-2252.35,7.6,-33.4,2,True
344823,2025-08-01 10:10:00,LONG,24800.1,24807.0,19.16,1.563,344835,2025-08-01 10:22:00,24845.33,target,38.33,1369.22,40.3,-6.9,0,False
344881,2025-08-01 11:08:00,SHORT,24800.1,24794.0,19.51,1.455,344908,2025-08-01 11:35:00,24754.97,target,39.03,1415.58,44.0,-11.0,0,False
344972,2025-08-01 12:39:00,SHORT,24711.8,24710.1,14.46,1.133,344999,2025-08-01 13:06:00,24724.56,stop,-14.46,-2059.68,20.1,-19.9,4,True
345031,2025-08-01 13:38:00,SHORT,24700.0,24699.5,11.21,1.047,345035,2025-08-01 13:42:00,24713.9,stop_gap,-14.4,-2055.72,4.5,-21.8,0,False
345077,2025-08-01 14:24:00,SHORT,24695.0,24693.9,9.33,1.134,345084,2025-08-01 14:31:00,24703.23,stop,-9.33,-1726.33,13.8,-14.0,0,False
345110,2025-08-01 14:57:00,SHORT,24680.1,24675.0,14.11,1.566,345111,2025-08-01 14:58:00,24689.11,stop,-14.11,-2036.39,1.9,-18.4,0,False
345252,2025-08-04 11:04:00,LONG,24733.0,24738.5,16.28,1.51,345255,2025-08-04 11:07:00,24722.22,stop,-16.28,-2178.5,12.0,-16.3,0,False
345270,2025-08-04 11:22:00,LONG,24750.5,24763.7,23.39,2.295,345277,2025-08-04 11:29:00,24740.0,stop_gap,-23.7,-2660.94,0.3,-25.9,0,False
345337,2025-08-04 12:29:00,LONG,24764.0,24766.1,10.89,1.239,345348,2025-08-04 12:40:00,24787.87,target,21.77,294.15,23.9,-2.1,4,True
345459,2025-08-04 14:31:00,LONG,24799.0,24804.6,13.29,1.728,345464,2025-08-04 14:36:00,24791.31,stop,-13.29,-1985.09,4.2,-24.6,2,True
345511,2025-08-04 15:23:00,LONG,24795.0,24795.3,6.72,1.047,345513,2025-08-04 15:25:00,24794.0,eod,-1.3,-1205.8,4.7,-2.7,1,True
345533,2025-08-05 09:30:00,SHORT,24734.6,24731.1,15.32,1.296,345541,2025-08-05 09:38:00,24700.46,target,30.64,871.77,35.9,-8.7,3,True
345553,2025-08-05 09:50:00,SHORT,24680.0,24678.6,12.89,1.122,345572,2025-08-05 10:09:00,24691.49,stop,-12.89,-1957.03,18.6,-18.9,3,True
345694,2025-08-05 12:11:00,LONG,24709.0,24720.0,17.72,2.637,345715,2025-08-05 12:32:00,24702.28,stop,-17.72,-2271.5,14.0,-25.0,1,True
345744,2025-08-05 13:01:00,SHORT,24695.0,24690.0,11.69,1.747,345766,2025-08-05 13:23:00,24666.62,target,23.38,400.22,37.7,-10.0,3,False
345849,2025-08-05 14:46:00,LONG,24688.9,24689.7,7.97,1.112,345850,2025-08-05 14:47:00,24681.73,stop,-7.97,-1637.45,0.2,-16.7,7,True
345868,2025-08-05 15:05:00,LONG,24690.0,24692.4,9.76,1.326,345872,2025-08-05 15:09:00,24711.92,target,19.52,149.23,22.6,-2.4,3,True
345898,2025-08-06 09:23:00,LONG,24734.0,24734.2,8.88,1.023,345900,2025-08-06 09:25:00,24725.32,stop,-8.88,-1697.61,3.5,-14.1,0,False
345912,2025-08-06 09:37:00,SHORT,24708.3,24700.0,18.98,1.777,345928,2025-08-06 09:53:00,24718.98,stop,-18.98,-2353.32,15.2,-20.0,5,True
345970,2025-08-06 10:35:00,SHORT,24652.0,24645.0,19.92,1.542,346057,2025-08-06 12:02:00,24664.92,stop,-19.92,-2413.78,25.0,-20.0,3,True
346145,2025-08-06 13:30:00,LONG,24687.7,24694.0,14.02,1.816,346147,2025-08-06 13:32:00,24679.98,stop,-14.02,-2030.91,0.9,-16.1,2,True
346157,2025-08-06 13:42:00,SHORT,24672.2,24666.4,14.38,1.676,346159,2025-08-06 13:44:00,24680.78,stop,-14.38,-2053.66,0.0,-18.3,0,False
346307,2025-08-07 09:57:00,SHORT,24570.1,24566.1,14.2,1.392,346338,2025-08-07 10:28:00,24537.69,target,28.41,729.25,38.9,0.0,1,True
346409,2025-08-07 11:39:00,LONG,24500.4,24509.0,17.4,1.977,346413,2025-08-07 11:43:00,24491.6,stop,-17.4,-2247.32,5.0,-20.5,0,False
346482,2025-08-07 12:52:00,SHORT,24491.2,24490.0,8.48,1.165,346487,2025-08-07 12:57:00,24498.48,stop,-8.48,-1667.5,1.0,-8.9,5,True
346496,2025-08-07 13:06:00,SHORT,24485.0,24483.7,7.59,1.207,346501,2025-08-07 13:11:00,24468.51,target,15.19,-128.69,17.7,-4.2,0,False
346567,2025-08-07 14:17:00,LONG,24510.7,24520.0,20.93,1.799,346572,2025-08-07 14:22:00,24561.87,target,41.87,1604.06,59.0,-4.3,1,True
346631,2025-08-07 15:21:00,LONG,24694.9,24695.0,10.99,1.009,346635,2025-08-07 15:25:00,24716.99,target,21.99,309.2,26.0,-2.9,0,False
346711,2025-08-08 10:26:00,LONG,24545.0,24558.7,24.7,2.245,346715,2025-08-08 10:30:00,24534.0,stop,-24.7,-2722.71,0.8,-27.6,2,True
346732,2025-08-08 10:47:00,SHORT,24508.5,24507.3,11.96,1.112,346739,2025-08-08 10:54:00,24519.26,stop,-11.96,-1893.8,17.3,-15.2,2,True
346807,2025-08-08 12:02:00,SHORT,24490.0,24488.6,11.29,1.142,346813,2025-08-08 12:08:00,24499.89,stop,-11.29,-1849.75,8.6,-11.4,0,False
346855,2025-08-08 12:50:00,LONG,24534.7,24545.0,19.82,2.082,346866,2025-08-08 13:01:00,24525.18,stop,-19.82,-2405.23,19.9,-20.0,0,False
346893,2025-08-08 13:28:00,SHORT,24501.0,24499.7,10.93,1.135,346896,2025-08-08 13:31:00,24510.63,stop,-10.93,-1826.54,9.7,-19.2,1,True
346937,2025-08-08 14:12:00,SHORT,24490.0,24475.0,24.84,2.524,346943,2025-08-08 14:18:00,24499.84,stop,-24.84,-2730.63,8.4,-31.0,0,False
346994,2025-08-08 15:09:00,SHORT,24464.8,24457.1,17.67,1.772,346998,2025-08-08 15:13:00,24421.75,target,35.35,1182.1,42.1,-11.7,1,True
347077,2025-08-11 10:17:00,LONG,24494.6,24500.0,18.21,1.422,347081,2025-08-11 10:21:00,24481.79,stop,-18.21,-2299.7,5.0,-20.0,4,True
347084,2025-08-11 10:24:00,LONG,24506.3,24510.7,16.43,1.366,347133,2025-08-11 11:13:00,24494.27,stop,-16.43,-2184.35,27.8,-20.7,3,True
347141,2025-08-11 11:21:00,LONG,24533.6,24535.2,10.85,1.173,347153,2025-08-11 11:33:00,24524.35,stop,-10.85,-1821.68,8.8,-10.9,2,True
347330,2025-08-11 14:30:00,LONG,24604.8,24616.0,18.97,2.442,347385,2025-08-11 15:25:00,24608.0,eod,-8.0,-1638.14,30.2,-9.9,0,False
347398,2025-08-12 09:23:00,LONG,24646.2,24655.0,20.25,1.768,347407,2025-08-12 09:32:00,24695.5,target,40.5,1513.24,44.0,-5.0,2,True
347430,2025-08-12 09:55:00,LONG,24721.0,24726.1,14.98,1.516,347436,2025-08-12 10:01:00,24756.06,target,29.96,826.68,30.0,-2.1,2,True
347497,2025-08-12 11:02:00,SHORT,24632.0,24629.0,15.43,1.241,347503,2025-08-12 11:08:00,24598.14,target,30.86,887.53,38.6,0.0,0,False
347572,2025-08-12 12:17:00,LONG,24640.0,24650.9,19.88,2.213,347580,2025-08-12 12:25:00,24690.67,target,39.77,1465.39,43.0,-4.9,2,True
347681,2025-08-12 14:06:00,SHORT,24623.0,24622.0,10.72,1.103,347687,2025-08-12 14:12:00,24600.57,target,21.43,274.68,26.8,-9.8,2,True
347690,2025-08-12 14:15:00,SHORT,24587.4,24587.0,11.03,1.038,347694,2025-08-12 14:19:00,24598.03,stop,-11.03,-1834.9,7.3,-17.0,1,True
347718,2025-08-12 14:43:00,SHORT,24579.7,24575.8,13.04,1.427,347732,2025-08-12 14:57:00,24588.84,stop,-13.04,-1965.04,20.8,-13.2,2,True
347798,2025-08-13 09:48:00,LONG,24673.7,24678.9,18.49,1.391,347824,2025-08-13 10:14:00,24660.41,stop,-18.49,-2320.62,14.3,-18.9,0,False
347872,2025-08-13 11:02:00,LONG,24685.0,24685.5,9.94,1.053,347873,2025-08-13 11:03:00,24675.56,stop,-9.94,-1765.1,0.7,-11.8,1,True
347909,2025-08-13 11:39:00,SHORT,24658.1,24652.6,14.12,1.638,347951,2025-08-13 12:21:00,24668.5,stop_gap,-15.9,-2152.42,27.6,-27.4,2,False
347963,2025-08-13 12:33:00,LONG,24690.0,24692.9,11.87,1.323,347976,2025-08-13 12:46:00,24716.65,target,23.75,423.72,27.1,-8.3,1,True
347999,2025-08-13 13:09:00,LONG,24720.0,24720.1,6.93,1.015,348001,2025-08-13 13:11:00,24713.17,stop,-6.93,-1570.19,1.8,-13.5,9,True
348114,2025-08-13 15:04:00,SHORT,24714.3,24712.2,8.55,1.325,348135,2025-08-13 15:25:00,24714.0,eod,-1.8,-1236.9,10.2,-5.8,0,False
348145,2025-08-14 09:20:00,SHORT,24703.7,24686.0,27.55,2.797,348148,2025-08-14 09:23:00,24713.55,stop,-27.55,-2910.26,4.9,-33.5,6,True
348170,2025-08-14 09:45:00,LONG,24742.0,24745.5,16.34,1.273,348175,2025-08-14 09:50:00,24729.16,stop,-16.34,-2182.33,2.8,-21.5,0,False
348286,2025-08-14 11:41:00,SHORT,24685.0,24683.0,10.29,1.241,348300,2025-08-14 11:55:00,24693.29,stop,-10.29,-1788.15,16.7,-13.0,1,False
348335,2025-08-14 12:30:00,LONG,24705.0,24706.7,9.13,1.229,348342,2025-08-14 12:37:00,24697.57,stop,-9.13,-1713.04,1.3,-12.0,2,True
348364,2025-08-14 12:59:00,LONG,24720.0,24723.0,10.46,1.402,348367,2025-08-14 13:02:00,24712.54,stop,-10.46,-1800.02,2.0,-10.7,3,True
348442,2025-08-14 14:17:00,SHORT,24685.0,24673.5,17.56,2.899,348461,2025-08-14 14:36:00,24691.06,stop,-17.56,-2260.37,13.5,-26.3,1,True
348478,2025-08-14 14:53:00,LONG,24700.0,24701.0,8.35,1.136,348486,2025-08-14 15:01:00,24692.65,stop,-8.35,-1662.31,4.0,-17.2,4,True
348724,2025-08-18 12:44:00,LONG,24970.0,24970.3,9.94,1.031,348738,2025-08-18 12:58:00,24990.17,target,19.87,167.25,24.6,-7.2,1,True
348749,2025-08-18 13:09:00,LONG,24994.9,24999.9,12.77,1.643,348762,2025-08-18 13:22:00,24987.13,stop,-12.77,-1954.81,8.0,-12.9,2,True
348833,2025-08-18 14:33:00,SHORT,24989.1,24986.6,9.15,1.376,348841,2025-08-18 14:41:00,24995.75,stop,-9.15,-1719.65,11.8,-9.2,0,False
348948,2025-08-19 10:13:00,LONG,24975.5,24978.0,10.76,1.303,348950,2025-08-19 10:15:00,24967.24,stop,-10.76,-1823.43,1.0,-12.9,7,True
348996,2025-08-19 11:01:00,LONG,24983.0,24985.0,8.28,1.319,349034,2025-08-19 11:39:00,25001.56,target,16.56,-48.56,22.4,-7.4,7,True
349038,2025-08-19 11:43:00,LONG,25005.0,25005.8,8.29,1.107,349061,2025-08-19 12:06:00,25022.39,target,16.59,-47.04,17.8,-4.8,5,True
349072,2025-08-19 12:17:00,LONG,25034.9,25035.0,6.67,1.015,349074,2025-08-19 12:19:00,25048.33,target,13.33,-258.97,14.0,-3.0,3,True
349146,2025-08-19 13:31:00,SHORT,25027.2,25026.4,8.53,1.104,349167,2025-08-19 13:52:00,25009.34,target,17.06,-16.64,20.1,-6.9,2,True
349179,2025-08-19 14:04:00,SHORT,25001.6,25000.0,10.13,1.188,349194,2025-08-19 14:19:00,25011.3,stop_gap,-11.3,-1859.35,18.0,-12.7,4,True
349259,2025-08-19 15:24:00,LONG,25038.0,25039.0,7.33,1.158,349260,2025-08-19 15:25:00,25036.3,eod,-2.7,-1300.95,3.0,-3.0,0,False
349324,2025-08-20 10:14:00,LONG,25019.0,25021.5,10.85,1.3,349351,2025-08-20 10:41:00,25043.19,target,21.69,284.52,22.0,-10.3,0,False
349382,2025-08-20 11:12:00,LONG,25048.9,25058.0,16.98,2.155,349489,2025-08-20 12:59:00,25091.96,target,33.96,1081.03,34.0,-11.8,0,False
349551,2025-08-20 14:01:00,LONG,25091.5,25092.5,6.87,1.17,349556,2025-08-20 14:06:00,25106.23,target,13.73,-233.98,15.4,-1.5,0,False
349748,2025-08-21 11:03:00,SHORT,25153.4,25151.4,8.0,1.333,349754,2025-08-21 11:09:00,25159.4,stop,-8.0,-1647.37,6.2,-8.5,1,True
349931,2025-08-21 14:06:00,LONG,25153.7,25153.8,7.66,1.013,349933,2025-08-21 14:08:00,25146.14,stop,-7.66,-1624.96,2.2,-8.3,3,True
349940,2025-08-21 14:15:00,LONG,25161.0,25162.7,8.8,1.239,349956,2025-08-21 14:31:00,25153.9,stop,-8.8,-1699.57,15.8,-11.7,0,False
350029,2025-08-22 09:29:00,SHORT,25011.0,25005.9,16.0,1.468,350032,2025-08-22 09:32:00,24973.9,target,32.0,955.28,39.2,0.0,3,True
350055,2025-08-22 09:55:00,SHORT,24970.9,24970.3,12.54,1.05,350058,2025-08-22 09:58:00,24982.84,stop,-12.54,-1939.26,4.9,-15.5,1,True
350077,2025-08-22 10:17:00,SHORT,24955.6,24951.0,15.88,1.408,350137,2025-08-22 11:17:00,24919.24,target,31.76,940.81,34.4,-11.0,0,False
350160,2025-08-22 11:40:00,LONG,24954.0,24957.2,11.42,1.389,350188,2025-08-22 12:08:00,24945.78,stop,-11.42,-1865.98,11.6,-12.0,5,True
350263,2025-08-22 13:23:00,LONG,24943.9,24949.4,11.21,1.963,350277,2025-08-22 13:37:00,24971.82,target,22.42,332.98,25.6,-2.3,1,True
350318,2025-08-22 14:18:00,SHORT,24930.5,24922.8,14.53,2.127,350333,2025-08-22 14:33:00,24893.73,target,29.07,765.91,33.6,-7.1,4,True
350540,2025-08-25 11:45:00,LONG,24980.0,24995.0,22.23,3.075,350543,2025-08-25 11:48:00,24972.77,stop,-22.23,-2569.29,1.9,-23.8,2,True
350572,2025-08-25 12:17:00,LONG,25002.8,25007.4,11.46,1.67,350696,2025-08-25 14:21:00,24995.94,stop,-11.46,-1869.94,22.6,-15.9,2,False
350767,2025-08-26 09:17:00,SHORT,24889.2,24884.6,16.89,1.374,350770,2025-08-26 09:20:00,24850.81,target,33.79,1073.28,43.3,0.0,3,True
350856,2025-08-26 10:46:00,SHORT,24781.0,24778.4,9.87,1.358,350867,2025-08-26 10:57:00,24788.27,stop,-9.87,-1762.37,8.3,-10.5,1,True
350875,2025-08-26 11:05:00,LONG,24813.0,24816.6,12.38,1.41,350878,2025-08-26 11:08:00,24804.22,stop,-12.38,-1926.25,0.3,-17.5,4,True
350940,2025-08-26 12:10:00,SHORT,24799.1,24793.5,12.36,1.829,350945,2025-08-26 12:15:00,24805.86,stop,-12.36,-1924.51,2.2,-16.5,2,True
351033,2025-08-26 13:43:00,LONG,24816.0,24817.5,7.46,1.252,351035,2025-08-26 13:45:00,24810.04,stop,-7.46,-1606.68,4.3,-8.5,3,True
351060,2025-08-26 14:10:00,SHORT,24802.0,24795.6,12.14,2.114,351072,2025-08-26 14:22:00,24771.31,target,24.29,457.47,24.5,-1.4,10,True
351299,2025-08-28 11:54:00,SHORT,24650.3,24639.3,21.62,2.036,351327,2025-08-28 12:22:00,24596.07,target,43.23,1691.47,47.5,-5.7,4,True
351429,2025-08-28 14:04:00,SHORT,24536.4,24536.1,7.94,1.039,351430,2025-08-28 14:05:00,24544.04,stop,-7.94,-1632.88,3.5,-9.5,0,False
351471,2025-08-28 14:46:00,SHORT,24521.3,24517.5,15.42,1.327,351494,2025-08-28 15:09:00,24486.66,target,30.84,888.08,39.5,-11.8,3,True
351709,2025-08-29 12:29:00,SHORT,24666.1,24665.1,9.73,1.115,351710,2025-08-29 12:30:00,24674.83,stop,-9.73,-1751.76,0.7,-9.9,3,True
351821,2025-08-29 14:21:00,LONG,24660.0,24660.1,10.42,1.01,351824,2025-08-29 14:24:00,24649.68,stop,-10.42,-1795.86,14.6,-13.8,0,False
351829,2025-08-29 14:29:00,SHORT,24610.2,24604.1,18.8,1.48,351830,2025-08-29 14:30:00,24622.9,stop,-18.8,-2339.81,1.1,-19.5,4,True
352026,2025-09-01 11:31:00,LONG,24689.3,24691.8,9.49,1.357,352027,2025-09-01 11:32:00,24682.31,stop,-9.49,-1736.52,1.2,-11.8,0,False
352042,2025-09-01 11:47:00,SHORT,24671.0,24661.0,17.14,2.401,352057,2025-09-01 12:02:00,24678.14,stop,-17.14,-2233.03,7.0,-18.0,3,True
352079,2025-09-01 12:24:00,LONG,24691.9,24694.1,8.12,1.372,352083,2025-09-01 12:28:00,24710.34,target,16.24,-64.43,19.7,0.0,3,True
352119,2025-09-01 13:04:00,LONG,24715.0,24718.0,9.48,1.463,352147,2025-09-01 13:32:00,24736.97,target,18.97,112.65,20.0,-7.9,4,True
352232,2025-09-01 14:57:00,LONG,24746.4,24756.9,17.33,2.536,352236,2025-09-01 15:01:00,24739.57,stop,-17.33,-2247.12,3.1,-17.5,5,True
352370,2025-09-02 11:00:00,LONG,24855.0,24857.0,8.74,1.297,352375,2025-09-02 11:05:00,24848.26,stop,-8.74,-1690.62,7.3,-12.0,3,True
352443,2025-09-02 12:13:00,SHORT,24846.9,24845.0,7.08,1.367,352456,2025-09-02 12:26:00,24852.08,stop,-7.08,-1582.1,12.0,-15.0,4,True
352460,2025-09-02 12:30:00,LONG,24857.8,24859.0,6.16,1.242,352469,2025-09-02 12:39:00,24871.31,target,12.31,-322.39,14.8,-5.1,4,True
352544,2025-09-02 13:54:00,SHORT,24747.9,24739.2,19.51,1.805,352550,2025-09-02 14:00:00,24700.18,target,39.02,1415.93,41.5,-3.3,1,False
352552,2025-09-02 14:02:00,SHORT,24700.0,24696.6,16.14,1.267,352570,2025-09-02 14:20:00,24712.74,stop,-16.14,-2168.7,32.2,-19.7,3,True
352642,2025-09-03 09:17:00,SHORT,24651.9,24646.4,17.53,1.457,352649,2025-09-03 09:24:00,24663.93,stop,-17.53,-2258.59,7.7,-23.6,0,False
352689,2025-09-03 10:04:00,LONG,24708.8,24711.9,15.87,1.243,352701,2025-09-03 10:16:00,24696.03,stop,-15.87,-2151.38,6.1,-21.9,0,False
352908,2025-09-03 13:43:00,LONG,24737.8,24743.6,14.76,1.647,352935,2025-09-03 14:10:00,24773.13,target,29.53,798.51,42.8,-6.9,0,False
352987,2025-09-03 15:02:00,LONG,24786.4,24787.4,9.23,1.122,352992,2025-09-03 15:07:00,24805.86,target,18.46,78.23,18.6,0.0,5,False
353190,2025-09-04 12:10:00,SHORT,24913.0,24908.9,13.91,1.418,353202,2025-09-04 12:22:00,24881.08,target,27.82,684.99,28.8,-6.1,1,True
353280,2025-09-04 13:40:00,SHORT,24913.7,24906.0,15.15,2.034,353290,2025-09-04 13:50:00,24875.71,target,30.29,845.9,30.4,-3.0,5,True
353364,2025-09-04 15:04:00,SHORT,24830.0,24826.5,14.92,1.307,353381,2025-09-04 15:21:00,24841.42,stop,-14.92,-2091.59,16.7,-23.5,0,False
353526,2025-09-05 11:31:00,LONG,24799.2,24803.2,14.85,1.369,353531,2025-09-05 11:36:00,24788.35,stop,-14.85,-2086.5,5.4,-15.2,3,True
353660,2025-09-05 13:45:00,LONG,24810.0,24825.2,25.95,2.414,353673,2025-09-05 13:58:00,24877.09,target,51.89,2250.57,62.4,-0.5,0,False
353706,2025-09-05 14:31:00,LONG,24869.0,24871.0,12.38,1.193,353707,2025-09-05 14:32:00,24858.62,stop,-12.38,-1926.92,2.7,-13.0,1,False
353780,2025-09-08 09:30:00,LONG,24900.0,24903.0,17.22,1.211,353790,2025-09-08 09:40:00,24937.43,target,34.43,1114.55,39.0,-1.4,6,True
353935,2025-09-08 12:05:00,LONG,24934.1,24936.0,8.29,1.297,353939,2025-09-08 12:09:00,24927.71,stop,-8.29,-1662.61,4.0,-10.0,0,False
353965,2025-09-08 12:35:00,LONG,24945.0,24946.0,8.27,1.137,353968,2025-09-08 12:38:00,24962.55,target,16.55,-48.4,16.6,0.0,1,True
354035,2025-09-08 13:45:00,SHORT,24949.0,24945.4,10.24,1.542,354051,2025-09-08 14:01:00,24955.64,stop,-10.24,-1789.58,13.3,-14.6,5,True
354082,2025-09-08 14:32:00,LONG,24963.7,24971.5,14.52,2.16,354096,2025-09-08 14:46:00,24956.98,stop,-14.52,-2068.08,7.5,-26.4,1,True
354098,2025-09-08 14:48:00,SHORT,24921.0,24906.0,24.23,2.626,354135,2025-09-08 15:25:00,24900.3,eod,5.7,-752.7,36.0,-19.5,0,False
354244,2025-09-09 10:59:00,LONG,24932.6,24933.1,7.68,1.07,354267,2025-09-09 11:22:00,24948.45,target,15.35,-125.91,22.7,-5.2,1,False
354353,2025-09-09 12:48:00,LONG,24955.8,24958.0,7.48,1.417,354358,2025-09-09 12:53:00,24950.52,stop,-7.48,-1610.0,0.5,-10.9,1,True
354399,2025-09-09 13:34:00,LONG,24959.7,24960.0,5.97,1.053,354402,2025-09-09 13:37:00,24954.03,stop,-5.97,-1512.0,3.8,-6.0,5,True
354439,2025-09-09 14:14:00,LONG,24962.3,24963.0,7.02,1.111,354441,2025-09-09 14:16:00,24955.98,stop,-7.02,-1580.47,1.0,-12.0,1,True
354452,2025-09-09 14:27:00,LONG,24965.0,24966.0,8.03,1.142,354453,2025-09-09 14:28:00,24957.97,stop,-8.03,-1645.98,0.0,-12.8,0,False
354461,2025-09-09 14:36:00,SHORT,24940.0,24935.2,13.47,1.554,354479,2025-09-09 14:54:00,24948.67,stop,-13.47,-1998.99,8.2,-14.8,6,True
354639,2025-09-10 11:19:00,SHORT,25080.6,25080.2,8.26,1.051,354643,2025-09-10 11:23:00,25088.46,stop,-8.26,-1663.1,10.2,-9.8,5,True
354667,2025-09-10 11:47:00,SHORT,25075.0,25074.0,8.89,1.127,354673,2025-09-10 11:53:00,25082.89,stop,-8.89,-1703.81,3.0,-10.9,1,True
354685,2025-09-10 12:05:00,SHORT,25070.0,25066.5,10.89,1.473,354689,2025-09-10 12:09:00,25077.39,stop,-10.89,-1834.01,1.0,-16.0,5,True
354753,2025-09-10 13:13:00,SHORT,25065.0,25062.9,7.59,1.382,354756,2025-09-10 13:16:00,25047.71,target,15.19,-138.55,18.9,0.0,0,False
354806,2025-09-10 14:06:00,LONG,25069.0,25076.5,15.78,1.906,354818,2025-09-10 14:18:00,25060.72,stop,-15.78,-2151.63,3.3,-24.0,0,False
354843,2025-09-10 14:43:00,SHORT,25045.0,25040.3,11.7,1.671,354845,2025-09-10 14:45:00,25052.0,stop,-11.7,-1886.35,0.3,-18.5,6,True
354866,2025-09-10 15:06:00,LONG,25064.9,25068.8,10.37,1.602,354885,2025-09-10 15:25:00,25070.6,eod,1.8,-1009.02,15.2,-8.2,1,True
354893,2025-09-11 09:18:00,LONG,25085.0,25087.5,11.11,1.29,354905,2025-09-11 09:30:00,25076.39,stop,-11.11,-1848.24,16.2,-15.5,0,False
355003,2025-09-11 11:08:00,LONG,25087.0,25087.8,6.46,1.141,355004,2025-09-11 11:09:00,25081.34,stop,-6.46,-1546.38,0.0,-7.7,0,False
355072,2025-09-11 12:17:00,LONG,25089.0,25091.8,8.8,1.467,355087,2025-09-11 12:32:00,25109.39,target,17.59,16.76,20.0,-3.8,3,True
355244,2025-09-11 15:09:00,SHORT,25100.0,25097.7,8.32,1.382,355245,2025-09-11 15:10:00,25106.02,stop,-8.32,-1667.13,0.0,-8.7,1,True
355302,2025-09-12 09:52:00,LONG,25153.7,25155.9,9.74,1.292,355308,2025-09-12 09:58:00,25146.16,stop,-9.74,-1760.52,3.0,-14.9,4,True
355311,2025-09-12 10:01:00,LONG,25160.0,25166.2,13.56,1.842,355379,2025-09-12 11:09:00,25193.32,target,27.12,634.69,27.9,-10.3,1,False
355468,2025-09-12 12:38:00,SHORT,25205.0,25203.1,5.76,1.492,355471,2025-09-12 12:41:00,25208.86,stop,-5.76,-1502.8,0.3,-8.7,4,True
355476,2025-09-12 12:46:00,SHORT,25201.1,25199.0,6.1,1.525,355487,2025-09-12 12:57:00,25205.1,stop,-6.1,-1524.92,4.1,-8.2,1,True
355505,2025-09-12 13:15:00,LONG,25212.0,25214.0,6.59,1.435,355532,2025-09-12 13:42:00,25207.41,stop,-6.59,-1556.96,4.3,-8.9,7,True
355550,2025-09-12 14:00:00,LONG,25218.1,25218.6,4.88,1.114,355558,2025-09-12 14:08:00,25213.72,stop,-4.88,-1445.6,1.4,-6.6,7,True
355628,2025-09-12 15:18:00,LONG,25208.2,25209.0,5.08,1.187,355631,2025-09-12 15:21:00,25203.92,stop,-5.08,-1458.75,0.1,-6.7,1,True
355691,2025-09-15 10:06:00,SHORT,25161.4,25160.0,9.56,1.172,355709,2025-09-15 10:24:00,25169.56,stop,-9.56,-1749.11,8.0,-9.9,0,False
355870,2025-09-15 13:05:00,LONG,25184.4,25185.0,5.72,1.117,355885,2025-09-15 13:20:00,25179.28,stop,-5.72,-1499.72,5.3,-7.1,0,False
355905,2025-09-15 13:40:00,SHORT,25177.9,25177.1,6.11,1.151,355907,2025-09-15 13:42:00,25164.88,target,12.22,-333.25,17.1,0.0,0,False
356032,2025-09-16 09:32:00,LONG,25193.3,25194.0,8.54,1.089,356039,2025-09-16 09:39:00,25211.08,target,17.08,-17.91,23.7,-5.0,1,True
356050,2025-09-16 09:50:00,LONG,25216.9,25221.6,12.46,1.606,356059,2025-09-16 09:59:00,25246.52,target,24.92,490.53,25.4,-6.6,9,True
356200,2025-09-16 12:20:00,LONG,25275.9,25276.0,3.71,1.028,356201,2025-09-16 12:21:00,25283.43,target,7.43,-646.9,11.5,-1.0,6,True
356300,2025-09-16 14:00:00,LONG,25281.0,25281.8,4.92,1.194,356309,2025-09-16 14:09:00,25276.88,stop,-4.92,-1449.34,7.9,-13.8,0,False
356310,2025-09-16 14:10:00,SHORT,25268.0,25265.9,6.97,1.432,356311,2025-09-16 14:11:00,25272.87,stop,-6.97,-1582.12,0.0,-13.1,1,True
356327,2025-09-16 14:27:00,LONG,25299.8,25300.0,4.96,1.042,356331,2025-09-16 14:31:00,25295.04,stop,-4.96,-1452.5,0.1,-5.0,5,True
356451,2025-09-17 10:16:00,SHORT,25400.0,25397.5,10.31,1.32,356456,2025-09-17 10:21:00,25407.81,stop,-10.31,-1801.54,3.5,-12.5,0,False
356492,2025-09-17 10:57:00,LONG,25424.8,25424.9,6.63,1.015,356510,2025-09-17 11:15:00,25438.16,target,13.26,-270.69,15.0,-1.8,0,False
356676,2025-09-17 14:01:00,SHORT,25415.0,25409.8,11.76,1.793,356703,2025-09-17 14:28:00,25386.29,target,23.51,396.52,24.8,-5.2,2,True
356853,2025-09-18 10:43:00,LONG,25510.0,25513.0,8.64,1.532,356915,2025-09-18 11:45:00,25504.36,stop,-8.64,-1694.92,12.0,-11.5,4,True
356960,2025-09-18 12:30:00,SHORT,25500.9,25500.0,5.59,1.192,356965,2025-09-18 12:35:00,25488.82,target,11.18,-406.67,16.0,-3.0,4,True
357142,2025-09-19 09:17:00,SHORT,25442.0,25429.7,23.07,2.142,357162,2025-09-19 09:37:00,25383.56,target,46.14,1866.82,48.7,-4.4,1,True
357183,2025-09-19 09:58:00,SHORT,25377.8,25373.2,13.2,1.535,357197,2025-09-19 10:12:00,25386.4,stop,-13.2,-1989.5,13.2,-14.8,0,False
357292,2025-09-19 11:47:00,SHORT,25365.2,25363.0,9.12,1.318,357317,2025-09-19 12:12:00,25372.12,stop,-9.12,-1723.76,11.0,-14.0,0,False
357357,2025-09-19 12:52:00,LONG,25379.0,25379.4,7.79,1.054,357358,2025-09-19 12:53:00,25371.61,stop,-7.79,-1637.58,0.0,-16.9,2,True
357478,2025-09-19 14:53:00,LONG,25428.6,25429.7,7.99,1.16,357482,2025-09-19 14:57:00,25421.71,stop,-7.99,-1651.6,3.0,-9.6,2,True
357719,2025-09-22 12:39:00,LONG,25365.2,25369.6,10.73,1.695,357759,2025-09-22 13:19:00,25358.87,stop,-10.73,-1828.47,9.8,-13.2,2,True
357796,2025-09-22 13:56:00,SHORT,25349.5,25345.2,11.17,1.626,357807,2025-09-22 14:07:00,25356.37,stop,-11.17,-1856.96,10.2,-14.8,2,True
357828,2025-09-22 14:28:00,SHORT,25335.0,25330.6,11.13,1.654,357833,2025-09-22 14:33:00,25308.34,target,22.26,316.3,23.1,0.0,2,True
357903,2025-09-23 09:28:00,SHORT,25261.0,25255.0,18.04,1.498,357911,2025-09-23 09:36:00,25218.92,target,36.08,1216.35,37.0,0.0,1,True
357954,2025-09-23 10:19:00,SHORT,25198.1,25194.5,13.0,1.383,357974,2025-09-23 10:39:00,25207.5,stop,-13.0,-1973.13,22.5,-13.9,1,True
358006,2025-09-23 11:11:00,SHORT,25183.9,25178.0,13.25,1.803,358050,2025-09-23 11:55:00,25191.25,stop,-13.25,-1989.26,20.0,-19.7,0,False
358069,2025-09-23 12:14:00,LONG,25208.4,25213.0,10.48,1.782,358087,2025-09-23 12:32:00,25233.97,target,20.97,234.1,25.7,-8.9,1,True
358229,2025-09-23 14:54:00,SHORT,25275.0,25270.0,14.74,1.513,358260,2025-09-23 15:25:00,25254.8,eod,15.2,-141.4,20.0,-12.2,0,False
358371,2025-09-24 11:01:00,SHORT,25120.0,25115.0,12.86,1.636,358377,2025-09-24 11:07:00,25089.28,target,25.72,544.9,25.9,-1.8,0,False
358441,2025-09-24 12:11:00,LONG,25134.0,25140.3,14.15,1.803,358490,2025-09-24 13:00:00,25168.59,target,28.29,711.25,37.7,-5.3,0,False
358559,2025-09-24 14:09:00,SHORT,25165.0,25164.0,7.23,1.161,358560,2025-09-24 14:10:00,25171.23,stop,-7.23,-1597.61,1.8,-8.0,3,True
358607,2025-09-24 14:57:00,SHORT,25112.5,25108.0,13.01,1.529,358615,2025-09-24 15:05:00,25121.01,stop,-13.01,-1972.43,16.9,-14.8,0,False
358670,2025-09-25 09:45:00,SHORT,25090.0,25080.0,22.73,1.785,358682,2025-09-25 09:57:00,25102.73,stop,-22.73,-2603.96,5.0,-24.3,2,True
358720,2025-09-25 10:35:00,SHORT,25070.0,25063.3,14.74,1.833,358766,2025-09-25 11:21:00,25078.04,stop,-14.74,-2084.1,23.3,-16.7,1,True
358787,2025-09-25 11:42:00,SHORT,25040.0,25037.6,10.86,1.284,358812,2025-09-25 12:07:00,25015.88,target,21.72,286.26,26.6,-6.1,0,False
358848,2025-09-25 12:43:00,SHORT,25017.6,25010.0,15.88,1.918,358857,2025-09-25 12:52:00,25025.88,stop,-15.88,-2156.95,7.9,-17.9,1,True
358862,2025-09-25 12:57:00,LONG,25035.0,25036.7,10.28,1.198,358874,2025-09-25 13:09:00,25057.27,target,20.57,211.12,21.3,-5.8,1,True
359136,2025-09-26 11:16:00,SHORT,24820.0,24815.5,12.31,1.576,359146,2025-09-26 11:26:00,24827.81,stop,-12.31,-1921.91,5.7,-13.1,2,True
359210,2025-09-26 12:30:00,SHORT,24808.7,24808.3,7.48,1.057,359218,2025-09-26 12:38:00,24815.78,stop,-7.48,-1607.65,6.7,-10.2,0,False
359255,2025-09-26 13:15:00,SHORT,24802.0,24797.9,11.43,1.559,359271,2025-09-26 13:31:00,24775.03,target,22.87,365.08,35.9,-7.0,2,True
359290,2025-09-26 13:50:00,SHORT,24753.7,24738.3,25.61,2.508,359303,2025-09-26 14:03:00,24687.07,target,51.23,2209.67,58.1,0.0,0,False
359408,2025-09-29 09:33:00,LONG,24774.0,24774.7,13.86,1.053,359427,2025-09-29 09:52:00,24802.41,target,27.71,680.03,32.3,-3.1,0,False
359789,2025-09-30 09:39:00,SHORT,24670.8,24668.7,16.31,1.148,359811,2025-09-30 10:01:00,24685.01,stop,-16.31,-2179.28,17.5,-26.3,6,True
359890,2025-09-30 11:20:00,LONG,24678.9,24688.6,21.21,1.843,359892,2025-09-30 11:22:00,24667.39,stop,-21.21,-2497.62,1.4,-28.2,1,False
360044,2025-09-30 13:54:00,SHORT,24634.0,24631.0,11.43,1.356,360045,2025-09-30 13:55:00,24642.43,stop,-11.43,-1861.34,4.0,-12.0,0,False
360060,2025-09-30 14:10:00,SHORT,24627.0,24618.0,19.51,1.856,360085,2025-09-30 14:35:00,24637.51,stop,-19.51,-2386.76,38.0,-27.0,1,False
360096,2025-09-30 14:46:00,LONG,24658.0,24658.7,12.86,1.058,360097,2025-09-30 14:47:00,24645.84,stop,-12.86,-1954.76,0.0,-33.6,3,True
360341,2025-10-01 12:36:00,SHORT,24905.5,24905.0,9.14,1.058,360343,2025-10-01 12:38:00,24914.14,stop,-9.14,-1717.5,4.0,-11.0,1,True
360432,2025-10-01 14:07:00,LONG,24935.0,24940.0,12.47,1.669,360440,2025-10-01 14:15:00,24927.53,stop,-12.47,-1934.35,5.5,-16.0,1,True
360635,2025-10-03 11:15:00,LONG,24942.0,24943.9,9.45,1.252,360646,2025-10-03 11:26:00,24934.45,stop,-9.45,-1737.95,9.1,-9.8,0,False
360672,2025-10-03 11:52:00,LONG,24951.0,24953.0,9.07,1.283,360676,2025-10-03 11:56:00,24943.93,stop,-9.07,-1713.33,0.0,-13.0,0,False
360685,2025-10-03 12:05:00,LONG,24953.0,24965.0,19.13,2.683,360696,2025-10-03 12:16:00,24945.87,stop,-19.13,-2367.29,7.0,-27.3,0,False
360746,2025-10-03 13:06:00,LONG,24955.0,24957.2,9.08,1.32,360765,2025-10-03 13:25:00,24948.12,stop,-9.08,-1714.47,10.8,-9.2,0,False
360836,2025-10-03 14:36:00,LONG,24955.0,24969.8,21.81,3.111,360860,2025-10-03 15:00:00,25013.42,target,43.62,1710.63,47.1,-3.4,1,True
360904,2025-10-06 09:29:00,SHORT,24993.7,24993.3,12.44,1.033,360908,2025-10-06 09:33:00,25005.74,stop,-12.44,-1933.03,20.1,-13.6,2,True
361244,2025-10-06 15:09:00,LONG,25191.7,25193.0,8.38,1.184,361247,2025-10-06 15:12:00,25184.62,stop,-8.38,-1672.74,0.3,-8.4,3,True
361389,2025-10-07 11:19:00,SHORT,25243.3,25238.1,12.92,1.673,361394,2025-10-07 11:24:00,25212.26,target,25.84,551.06,36.1,-3.8,0,False
361484,2025-10-07 12:54:00,LONG,25270.0,25272.0,9.09,1.282,361486,2025-10-07 12:56:00,25262.91,stop,-9.09,-1719.97,1.8,-14.9,1,False
361505,2025-10-07 13:15:00,LONG,25291.0,25295.8,12.68,1.609,361515,2025-10-07 13:25:00,25283.12,stop,-12.68,-1954.02,1.9,-13.2,2,True
361561,2025-10-07 14:11:00,SHORT,25290.0,25286.3,11.25,1.49,361564,2025-10-07 14:14:00,25297.55,stop,-11.25,-1860.86,3.3,-18.7,0,False
361585,2025-10-07 14:35:00,SHORT,25250.8,25238.3,22.4,2.262,361600,2025-10-07 14:50:00,25260.7,stop,-22.4,-2585.1,12.7,-23.7,1,True
361742,2025-10-08 10:57:00,SHORT,25190.0,25177.3,22.26,2.328,361752,2025-10-08 11:07:00,25132.78,target,44.52,1766.21,47.1,-4.1,2,True
361828,2025-10-08 12:23:00,SHORT,25115.0,25110.1,12.72,1.627,361847,2025-10-08 12:42:00,25122.82,stop,-12.72,-1953.57,25.1,-17.9,0,False
361995,2025-10-08 15:10:00,SHORT,25119.0,25114.9,14.21,1.406,362010,2025-10-08 15:25:00,25118.0,eod,-3.1,-1328.3,17.1,-10.1,1,False
362071,2025-10-09 10:11:00,SHORT,25131.3,25126.3,17.72,1.393,362074,2025-10-09 10:14:00,25144.02,stop,-17.72,-2279.08,2.0,-22.2,0,False
362120,2025-10-09 11:00:00,LONG,25210.0,25218.0,18.08,1.794,362128,2025-10-09 11:08:00,25254.16,target,36.16,1221.18,41.4,0.0,6,True
362269,2025-10-09 13:29:00,LONG,25265.7,25266.7,8.72,1.13,362277,2025-10-09 13:37:00,25257.98,stop,-8.72,-1695.81,11.5,-9.1,1,True
362320,2025-10-09 14:20:00,SHORT,25236.2,25234.8,10.95,1.147,362339,2025-10-09 14:39:00,25245.75,stop,-10.95,-1840.72,17.8,-13.0,6,True
362392,2025-10-10 09:17:00,LONG,25291.0,25310.9,31.0,2.793,362420,2025-10-10 09:45:00,25372.89,target,61.99,2898.56,77.0,-8.8,3,False
362452,2025-10-10 10:17:00,LONG,25391.0,25408.0,26.37,2.815,362478,2025-10-10 10:43:00,25381.63,stop,-26.37,-2845.2,7.0,-28.5,1,True
362561,2025-10-10 12:06:00,SHORT,25408.0,25405.0,11.12,1.369,362568,2025-10-10 12:13:00,25416.12,stop,-11.12,-1854.89,1.4,-13.0,1,False
362594,2025-10-10 12:39:00,SHORT,25415.1,25414.3,6.25,1.147,362597,2025-10-10 12:42:00,25420.6,stop_gap,-6.3,-1541.43,2.2,-13.4,1,True
362599,2025-10-10 12:44:00,LONG,25430.0,25439.3,15.84,2.423,362643,2025-10-10 13:28:00,25423.46,stop,-15.84,-2161.53,8.6,-16.7,5,True
362648,2025-10-10 13:33:00,LONG,25445.0,25449.0,11.51,1.533,362674,2025-10-10 13:59:00,25437.49,stop,-11.51,-1880.46,15.3,-18.0,0,False
362781,2025-10-13 09:31:00,SHORT,25260.9,25256.7,20.07,1.265,362789,2025-10-13 09:39:00,25276.77,stop,-20.07,-2433.97,16.3,-35.3,1,True
362888,2025-10-13 11:18:00,SHORT,25259.1,25256.4,10.44,1.349,362894,2025-10-13 11:24:00,25235.53,target,20.87,227.54,25.8,-6.4,1,True
362917,2025-10-13 11:47:00,LONG,25260.9,25261.4,8.79,1.06,362930,2025-10-13 12:00:00,25278.98,target,17.58,13.11,17.6,-6.2,1,True
362974,2025-10-13 12:44:00,LONG,25275.0,25278.0,8.75,1.522,362978,2025-10-13 12:48:00,25269.25,stop,-8.75,-1698.09,11.2,-14.0,1,True
362987,2025-10-13 12:57:00,LONG,25279.0,25281.7,9.4,1.403,362992,2025-10-13 13:02:00,25272.3,stop,-9.4,-1740.6,10.3,-10.8,7,True
363054,2025-10-13 14:04:00,LONG,25288.3,25290.0,7.71,1.283,363073,2025-10-13 14:23:00,25305.41,target,15.41,-128.28,18.0,-6.9,3,True
363075,2025-10-13 14:25:00,LONG,25315.0,25318.0,9.53,1.46,363110,2025-10-13 15:00:00,25308.47,stop,-9.53,-1749.41,17.0,-17.6,0,False
363187,2025-10-14 10:02:00,SHORT,25264.4,25263.6,14.1,1.06,363189,2025-10-14 10:04:00,25277.7,stop,-14.1,-2045.64,6.2,-16.4,0,False
363202,2025-10-14 10:17:00,SHORT,25260.7,25256.6,17.63,1.303,363208,2025-10-14 10:23:00,25274.23,stop,-17.63,-2275.29,16.6,-18.2,4,True
363225,2025-10-14 10:40:00,LONG,25290.4,25292.0,11.85,1.156,363227,2025-10-14 10:42:00,25280.15,stop,-11.85,-1900.07,4.7,-19.2,4,False
363245,2025-10-14 11:00:00,SHORT,25272.6,25271.0,11.82,1.157,363254,2025-10-14 11:09:00,25247.37,target,23.63,406.62,36.0,-5.6,1,False
363396,2025-10-14 13:31:00,LONG,25166.0,25170.9,14.0,1.538,363420,2025-10-14 13:55:00,25156.1,stop_gap,-14.8,-2089.53,18.9,-14.8,2,True
363430,2025-10-14 14:05:00,LONG,25191.0,25192.5,11.19,1.155,363435,2025-10-14 14:10:00,25181.31,stop,-11.19,-1855.32,6.5,-13.5,1,True
363446,2025-10-14 14:21:00,SHORT,25169.5,25165.1,14.26,1.446,363448,2025-10-14 14:23:00,25179.36,stop,-14.26,-2054.66,0.0,-17.6,2,True
363458,2025-10-14 14:33:00,LONG,25229.0,25232.2,14.18,1.291,363473,2025-10-14 14:48:00,25218.02,stop,-14.18,-2050.23,19.8,-22.5,0,False
363582,2025-10-15 10:22:00,LONG,25370.0,25375.7,16.49,1.528,363614,2025-10-15 10:54:00,25408.68,target,32.98,1012.0,42.1,-5.3,0,False
363649,2025-10-15 11:29:00,LONG,25420.0,25426.0,14.59,1.698,363653,2025-10-15 11:33:00,25411.41,stop,-14.59,-2080.26,2.0,-15.0,7,True
363722,2025-10-15 12:42:00,LONG,25415.0,25417.2,8.77,1.335,363741,2025-10-15 13:01:00,25434.75,target,17.55,8.38,18.0,-5.6,0,False
363756,2025-10-15 13:16:00,LONG,25435.5,25440.0,11.82,1.615,363797,2025-10-15 13:57:00,25428.18,stop,-11.82,-1900.28,20.0,-14.1,4,False
363848,2025-10-15 14:48:00,SHORT,25409.6,25406.1,11.89,1.417,363854,2025-10-15 14:54:00,25417.99,stop,-11.89,-1904.74,8.1,-11.9,0,False
364026,2025-10-16 11:31:00,LONG,25550.0,25554.3,11.54,1.594,364028,2025-10-16 11:33:00,25542.76,stop,-11.54,-1883.94,0.1,-13.8,1,True
364044,2025-10-16 11:49:00,SHORT,25533.0,25530.0,9.76,1.444,364046,2025-10-16 11:51:00,25539.76,stop,-9.76,-1768.17,2.9,-14.7,4,True
364127,2025-10-16 13:12:00,LONG,25609.5,25612.5,9.97,1.43,364133,2025-10-16 13:18:00,25602.53,stop,-9.97,-1783.21,2.5,-12.5,6,False
364317,2025-10-17 10:07:00,LONG,25699.3,25713.0,26.38,2.081,364363,2025-10-17 10:53:00,25765.75,target,52.75,2291.17,53.0,-5.1,1,True
364494,2025-10-17 13:04:00,SHORT,25728.0,25718.0,25.36,1.651,364512,2025-10-17 13:22:00,25743.36,stop,-25.36,-2785.66,28.0,-29.0,0,False
364568,2025-10-17 14:18:00,LONG,25748.8,25749.1,13.38,1.023,364580,2025-10-17 14:30:00,25735.72,stop,-13.38,-2007.33,12.8,-13.4,1,False
364805,2025-10-20 12:00:00,LONG,25891.2,25893.4,12.67,1.21,364808,2025-10-20 12:03:00,25880.73,stop,-12.67,-1963.67,4.0,-13.4,2,True
364819,2025-10-20 12:14:00,LONG,25898.0,25899.8,12.02,1.176,364827,2025-10-20 12:22:00,25887.78,stop,-12.02,-1921.32,11.2,-17.3,4,True
364953,2025-10-20 14:28:00,SHORT,25875.0,25866.5,18.47,1.853,364958,2025-10-20 14:33:00,25884.97,stop,-18.47,-2340.19,1.5,-19.5,1,True
364981,2025-10-20 14:56:00,LONG,25894.4,25895.9,11.78,1.146,364982,2025-10-20 14:57:00,25884.12,stop,-11.78,-1905.46,0.1,-12.9,0,False
365008,2025-10-20 15:23:00,LONG,25923.9,25924.9,8.04,1.142,365010,2025-10-20 15:25:00,25923.0,eod,-1.9,-1264.12,0.1,-4.2,1,True
365230,2025-10-23 11:49:00,LONG,26138.7,26146.4,14.86,2.076,365299,2025-10-23 12:58:00,26131.54,stop,-14.86,-2110.05,27.4,-15.3,7,True
365332,2025-10-23 13:31:00,SHORT,26114.9,26114.0,8.54,1.118,365333,2025-10-23 13:32:00,26096.91,target,17.09,-33.07,21.5,0.0,4,True
365357,2025-10-23 13:56:00,SHORT,26075.0,26072.1,11.64,1.332,365362,2025-10-23 14:01:00,26048.81,target,23.29,370.5,33.1,-4.9,2,True
365510,2025-10-24 10:14:00,SHORT,25930.1,25930.0,13.03,1.008,365514,2025-10-24 10:18:00,25903.95,target,26.05,552.81,39.1,-5.7,1,True
365527,2025-10-24 10:31:00,SHORT,25863.0,25858.6,17.65,1.332,365529,2025-10-24 10:33:00,25876.25,stop,-17.65,-2287.13,1.6,-21.3,4,True
365536,2025-10-24 10:40:00,SHORT,25856.0,25853.2,14.52,1.239,365546,2025-10-24 10:50:00,25867.72,stop,-14.52,-2083.54,7.8,-20.8,2,False
365592,2025-10-24 11:36:00,LONG,25874.0,25876.3,12.59,1.224,365594,2025-10-24 11:38:00,25863.71,stop,-12.59,-1957.94,5.7,-14.8,1,True
365694,2025-10-24 13:18:00,SHORT,25840.0,25837.7,10.81,1.27,365705,2025-10-24 13:29:00,25816.08,target,21.62,266.26,47.7,-10.7,1,True
365851,2025-10-27 09:40:00,LONG,25997.9,25998.0,12.53,1.008,365874,2025-10-27 10:03:00,25985.47,stop,-12.53,-1955.89,16.4,-16.9,0,False
365877,2025-10-27 10:06:00,LONG,26014.4,26029.0,27.25,2.154,365976,2025-10-27 11:45:00,26001.75,stop,-27.25,-2913.42,21.2,-32.8,0,False
365990,2025-10-27 11:59:00,LONG,26050.2,26056.6,15.98,1.668,366000,2025-10-27 12:09:00,26040.62,stop,-15.98,-2181.19,8.8,-16.6,2,True
366067,2025-10-27 13:16:00,SHORT,26005.0,26004.4,8.62,1.075,366068,2025-10-27 13:17:00,25987.17,target,17.23,-21.93,24.3,0.0,2,True
366247,2025-10-28 10:01:00,SHORT,25974.3,25961.2,30.31,1.761,366267,2025-10-28 10:21:00,25900.58,target,60.62,2798.96,61.1,-8.9,3,True
366277,2025-10-28 10:31:00,SHORT,25900.1,25894.6,19.07,1.405,366292,2025-10-28 10:46:00,25913.67,stop,-19.07,-2379.59,18.0,-19.4,1,True
366402,2025-10-28 12:36:00,LONG,25911.0,25911.4,11.23,1.037,366408,2025-10-28 12:42:00,25933.86,target,22.46,319.2,26.6,-7.0,2,True
366491,2025-10-28 14:05:00,SHORT,25865.0,25859.3,19.31,1.419,366500,2025-10-28 14:14:00,25878.61,stop,-19.31,-2394.59,9.3,-25.2,1,True
366542,2025-10-28 14:56:00,LONG,25855.0,25864.0,22.0,1.692,366547,2025-10-28 15:01:00,25908.0,target,44.0,1719.65,52.8,-5.7,0,False
366726,2025-10-29 11:45:00,LONG,26232.5,26234.0,9.76,1.182,366727,2025-10-29 11:46:00,26224.24,stop,-9.76,-1780.4,0.0,-11.7,0,False
366767,2025-10-29 12:26:00,LONG,26250.0,26253.1,10.06,1.445,366772,2025-10-29 12:31:00,26273.22,target,20.12,161.21,23.9,-2.5,0,False
366803,2025-10-29 13:02:00,SHORT,26255.0,26251.5,11.02,1.465,366807,2025-10-29 13:06:00,26262.52,stop,-11.02,-1862.81,0.9,-13.7,4,False
366849,2025-10-29 13:48:00,SHORT,26257.0,26254.8,10.71,1.258,366864,2025-10-29 14:03:00,26233.37,target,21.43,246.56,29.6,-10.2,2,True
366908,2025-10-29 14:47:00,SHORT,26220.0,26210.4,18.52,2.076,366911,2025-10-29 14:50:00,26228.92,stop,-18.52,-2349.51,4.4,-20.6,1,True
366936,2025-10-29 15:15:00,LONG,26233.0,26235.6,10.68,1.322,366946,2025-10-29 15:25:00,26253.0,eod,17.4,-15.21,21.3,-3.1,0,False
367039,2025-10-30 10:43:00,SHORT,26062.3,26060.9,12.69,1.124,367046,2025-10-30 10:50:00,26073.59,stop,-12.69,-1968.04,6.5,-12.7,0,False
367135,2025-10-30 12:19:00,SHORT,26044.4,26034.0,19.43,2.152,367139,2025-10-30 12:23:00,26053.43,stop,-19.43,-2405.58,2.7,-25.0,0,False
367141,2025-10-30 12:25:00,LONG,26066.0,26069.0,12.73,1.308,367147,2025-10-30 12:31:00,26056.27,stop,-12.73,-1970.5,5.0,-14.4,1,True
367189,2025-10-30 13:13:00,LONG,26074.0,26077.0,11.16,1.368,367199,2025-10-30 13:23:00,26065.84,stop,-11.16,-1868.43,12.0,-14.8,5,True
367287,2025-10-30 14:51:00,SHORT,26030.0,26029.6,8.55,1.049,367291,2025-10-30 14:55:00,26012.51,target,17.09,-31.23,19.3,-5.4,1,True
367344,2025-10-31 09:33:00,LONG,26089.8,26094.7,19.5,1.336,367364,2025-10-31 09:53:00,26075.2,stop,-19.5,-2410.62,21.4,-19.7,1,True
367372,2025-10-31 10:01:00,SHORT,26075.0,26074.1,13.73,1.07,367378,2025-10-31 10:07:00,26046.64,target,27.46,641.76,34.1,-2.9,0,False
367515,2025-10-31 12:24:00,SHORT,25932.8,25930.7,12.36,1.205,367524,2025-10-31 12:33:00,25943.06,stop,-12.36,-1943.89,4.7,-14.3,1,True
367548,2025-10-31 12:57:00,LONG,25950.0,25951.4,11.0,1.146,367550,2025-10-31 12:59:00,25940.4,stop,-11.0,-1855.9,3.5,-15.4,1,True
367577,2025-10-31 13:26:00,SHORT,25926.0,25920.1,14.71,1.669,367614,2025-10-31 14:03:00,25934.81,stop,-14.71,-2096.94,19.1,-15.9,1,True
367672,2025-10-31 15:01:00,SHORT,25901.0,25900.8,8.35,1.025,367686,2025-10-31 15:15:00,25909.15,stop,-8.35,-1683.1,5.6,-12.0,1,True
367718,2025-11-03 09:32:00,SHORT,25805.0,25800.0,19.02,1.357,367720,2025-11-03 09:34:00,25819.02,stop,-19.02,-2374.98,0.0,-23.5,0,False
367784,2025-11-03 10:38:00,LONG,25920.0,25921.0,14.31,1.075,367796,2025-11-03 10:50:00,25906.69,stop,-14.31,-2070.5,21.3,-18.0,2,True
367833,2025-11-03 11:27:00,SHORT,25896.0,25895.0,10.79,1.102,367835,2025-11-03 11:29:00,25905.79,stop,-10.79,-1841.62,4.0,-13.5,5,True
367910,2025-11-03 12:44:00,LONG,25875.8,25879.6,12.62,1.431,367942,2025-11-03 13:16:00,25904.84,target,25.24,500.42,27.9,-5.9,2,True
368055,2025-11-03 15:09:00,LONG,25900.2,25902.0,9.71,1.228,368071,2025-11-03 15:25:00,25904.9,eod,2.9,-951.79,6.4,-8.4,2,True
368081,2025-11-04 09:20:00,SHORT,25878.0,25874.6,15.01,1.293,368087,2025-11-04 09:26:00,25844.57,target,30.03,812.22,34.1,-4.4,3,True
368238,2025-11-04 11:57:00,LONG,25784.9,25786.7,8.73,1.26,368241,2025-11-04 12:00:00,25777.97,stop,-8.73,-1705.36,0.6,-9.7,5,True
368255,2025-11-04 12:14:00,LONG,25788.5,25789.9,7.06,1.248,368257,2025-11-04 12:16:00,25782.84,stop,-7.06,-1596.9,1.8,-9.7,1,True
368282,2025-11-04 12:41:00,SHORT,25775.0,25771.1,11.45,1.517,368283,2025-11-04 12:42:00,25782.55,stop,-11.45,-1882.01,0.6,-12.9,7,True
368307,2025-11-04 13:06:00,LONG,25791.0,25791.8,7.64,1.117,368308,2025-11-04 13:07:00,25784.16,stop,-7.64,-1634.69,2.8,-9.9,1,False
368321,2025-11-04 13:20:00,SHORT,25770.5,25764.0,12.88,2.019,368331,2025-11-04 13:30:00,25776.88,stop,-12.88,-1975.09,9.0,-15.5,4,True
368435,2025-11-04 15:14:00,SHORT,25710.7,25710.5,7.38,1.028,368446,2025-11-04 15:25:00,25704.8,eod,5.7,-766.46,10.3,-5.5,4,True
368729,2025-11-06 13:53:00,SHORT,25631.0,25622.0,20.04,1.815,368749,2025-11-06 14:13:00,25642.04,stop,-20.04,-2438.44,6.4,-23.0,1,True
369077,2025-11-07 13:26:00,LONG,25593.0,25631.0,49.27,4.371,369112,2025-11-07 14:01:00,25581.73,stop,-49.27,-4337.7,25.4,-61.1,2,True
369114,2025-11-07 14:03:00,SHORT,25569.0,25566.6,12.66,1.234,369127,2025-11-07 14:16:00,25579.26,stop,-12.66,-1957.49,12.5,-13.2,1,True
369270,2025-11-10 10:24:00,LONG,25706.9,25712.2,15.08,1.542,369284,2025-11-10 10:38:00,25697.12,stop,-15.08,-2117.0,7.8,-15.8,5,True
369409,2025-11-10 12:43:00,LONG,25735.9,25738.0,8.2,1.344,369431,2025-11-10 13:05:00,25729.8,stop,-8.2,-1670.38,6.0,-12.9,5,True
369446,2025-11-10 13:20:00,SHORT,25717.0,25714.0,9.77,1.443,369448,2025-11-10 13:22:00,25723.77,stop,-9.77,-1772.0,3.5,-10.0,0,False
369470,2025-11-10 13:44:00,SHORT,25710.0,25695.0,23.79,2.706,369492,2025-11-10 14:06:00,25718.79,stop,-23.79,-2683.18,13.5,-25.0,1,True
369578,2025-11-11 09:17:00,SHORT,25681.5,25660.0,32.78,2.906,369597,2025-11-11 09:36:00,25594.43,target,65.57,3125.83,66.0,-11.3,1,False
369654,2025-11-11 10:33:00,SHORT,25592.3,25578.9,25.43,2.114,369684,2025-11-11 11:03:00,25604.33,stop,-25.43,-2787.7,23.9,-27.0,2,True
369836,2025-11-11 13:35:00,LONG,25739.0,25739.8,8.5,1.104,369848,2025-11-11 13:47:00,25756.8,target,17.0,-32.77,25.2,-6.3,0,False
369944,2025-11-11 15:23:00,LONG,25814.9,25815.3,8.51,1.049,369946,2025-11-11 15:25:00,25823.0,eod,7.7,-638.38,9.2,-1.8,1,True
370018,2025-11-12 10:22:00,SHORT,25928.0,25925.2,12.96,1.276,370025,2025-11-12 10:29:00,25938.16,stop,-12.96,-1982.99,5.2,-14.8,3,True
370030,2025-11-12 10:34:00,LONG,25950.0,25955.0,15.53,1.475,370091,2025-11-12 11:35:00,25986.05,target,31.05,876.71,40.0,-12.6,1,True
370144,2025-11-12 12:28:00,LONG,25990.0,25993.0,9.32,1.475,370151,2025-11-12 12:35:00,26011.64,target,18.64,69.65,22.6,-2.9,1,True
370299,2025-11-12 15:03:00,LONG,25999.1,26002.5,10.4,1.486,370301,2025-11-12 15:05:00,25992.1,stop,-10.4,-1817.61,0.0,-11.2,3,True
370378,2025-11-13 10:07:00,LONG,25979.3,25983.4,16.51,1.33,370416,2025-11-13 10:45:00,26016.42,target,33.02,1004.18,34.6,-2.8,2,True
370420,2025-11-13 10:49:00,LONG,26019.0,26032.3,21.23,2.677,370436,2025-11-13 11:05:00,26074.77,target,42.47,1617.2,42.6,-2.8,4,True
370498,2025-11-13 12:07:00,LONG,26069.0,26078.0,15.3,2.429,370522,2025-11-13 12:31:00,26062.7,stop,-15.3,-2137.45,1.0,-18.5,0,False
370527,2025-11-13 12:36:00,SHORT,26042.5,26033.0,15.95,2.474,370550,2025-11-13 12:59:00,26048.95,stop,-15.95,-2179.0,20.2,-18.0,0,False
370608,2025-11-13 13:57:00,SHORT,26048.8,26040.2,16.76,2.054,370610,2025-11-13 13:59:00,26006.68,target,33.52,1036.01,35.8,-7.5,2,True
370615,2025-11-13 14:04:00,SHORT,25980.6,25975.8,18.21,1.358,370616,2025-11-13 14:05:00,25994.01,stop,-18.21,-2325.33,0.0,-26.6,1,True
370787,2025-11-14 10:41:00,SHORT,25847.2,25831.2,29.63,2.174,370790,2025-11-14 10:44:00,25860.83,stop,-29.63,-3065.14,1.1,-31.0,0,False
370799,2025-11-14 10:53:00,LONG,25890.0,25899.0,22.5,1.667,370803,2025-11-14 10:57:00,25944.01,target,45.01,1784.5,51.0,-1.8,0,False
370818,2025-11-14 11:12:00,LONG,25959.0,25967.4,22.07,1.614,370823,2025-11-14 11:17:00,25945.33,stop,-22.07,-2575.72,1.6,-35.4,0,False
370955,2025-11-14 13:29:00,LONG,25915.0,25919.1,14.12,1.409,370956,2025-11-14 13:30:00,25904.98,stop,-14.12,-2058.21,0.0,-15.3,3,True
370965,2025-11-14 13:39:00,SHORT,25875.0,25853.0,34.51,2.758,371019,2025-11-14 14:33:00,25887.51,stop,-34.51,-3382.97,38.0,-35.0,4,True
371049,2025-11-14 15:03:00,LONG,25940.6,25941.8,17.37,1.074,371050,2025-11-14 15:04:00,25924.43,stop,-17.37,-2269.71,8.1,-25.2,0,False
371148,2025-11-17 10:27:00,SHORT,26015.0,26006.0,18.81,1.918,371181,2025-11-17 11:00:00,26024.81,stop,-18.81,-2364.45,13.4,-23.0,0,False
371276,2025-11-17 12:35:00,LONG,26050.2,26059.9,16.42,2.443,371308,2025-11-17 13:07:00,26043.48,stop,-16.42,-2210.17,9.1,-19.9,5,True
371363,2025-11-17 14:02:00,LONG,26067.0,26069.8,8.54,1.488,371379,2025-11-17 14:18:00,26061.26,stop,-8.54,-1698.33,13.2,-14.3,3,True
371485,2025-11-18 09:49:00,SHORT,25965.0,25957.7,18.56,1.648,371496,2025-11-18 10:00:00,25920.58,target,37.12,1271.92,52.0,0.0,0,False
371602,2025-11-18 11:46:00,LONG,26005.0,26009.0,11.76,1.515,371621,2025-11-18 12:05:00,25997.24,stop,-11.76,-1906.31,10.0,-13.6,0,False
371714,2025-11-18 13:38:00,LONG,26019.0,26023.3,10.18,1.731,371716,2025-11-18 13:40:00,26013.12,stop,-10.18,-1804.17,1.7,-20.6,0,False
371768,2025-11-18 14:32:00,SHORT,25996.2,25990.8,15.18,1.552,371797,2025-11-18 15:01:00,25960.44,target,30.36,831.96,39.2,-13.5,1,True
371805,2025-11-18 15:09:00,SHORT,25951.5,25942.6,18.99,1.882,371821,2025-11-18 15:25:00,25942.0,eod,0.6,-1101.95,7.6,-17.3,0,False
371867,2025-11-19 09:56:00,LONG,25951.6,25954.6,16.82,1.217,371885,2025-11-19 10:14:00,25988.25,target,33.65,1045.57,35.4,-13.9,1,True
372006,2025-11-19 12:15:00,LONG,26038.6,26046.0,16.43,1.82,372009,2025-11-19 12:18:00,26029.57,stop,-16.43,-2210.35,6.6,-16.9,1,True
372077,2025-11-19 13:26:00,SHORT,26045.0,26040.5,11.67,1.627,372101,2025-11-19 13:50:00,26052.17,stop,-11.67,-1901.47,20.5,-13.5,0,False
372116,2025-11-19 14:05:00,LONG,26055.0,26060.0,13.53,1.586,372119,2025-11-19 14:08:00,26046.47,stop,-13.53,-2022.37,0.5,-14.3,3,True
372123,2025-11-19 14:12:00,LONG,26061.8,26063.4,10.19,1.186,372128,2025-11-19 14:17:00,26083.77,target,20.37,180.91,23.5,-4.5,0,False
372367,2025-11-20 12:01:00,LONG,26169.9,26170.0,6.57,1.015,372369,2025-11-20 12:03:00,26163.43,stop,-6.57,-1571.79,0.0,-8.7,1,True
372630,2025-11-21 10:09:00,SHORT,26105.9,26101.1,15.43,1.452,372693,2025-11-21 11:12:00,26116.53,stop,-15.43,-2146.55,29.5,-15.9,6,True
372745,2025-11-21 12:04:00,LONG,26126.4,26126.8,7.4,1.057,372748,2025-11-21 12:07:00,26119.4,stop,-7.4,-1624.88,1.2,-9.5,0,False
372790,2025-11-21 12:49:00,LONG,26175.0,26182.5,14.6,2.057,372809,2025-11-21 13:08:00,26167.9,stop,-14.6,-2093.53,12.5,-16.0,0,False
372916,2025-11-21 14:55:00,SHORT,26098.9,26085.0,23.9,2.39,372946,2025-11-21 15:25:00,26073.6,eod,11.4,-402.35,23.7,-12.0,1,True
373008,2025-11-24 10:12:00,LONG,26143.0,26145.9,11.53,1.336,373013,2025-11-24 10:17:00,26134.37,stop,-11.53,-1893.75,4.1,-14.9,5,True
373143,2025-11-24 12:27:00,SHORT,26084.2,26078.3,14.97,1.651,373149,2025-11-24 12:33:00,26093.27,stop,-14.97,-2116.2,12.0,-16.6,1,True
373196,2025-11-24 13:20:00,LONG,26110.7,26112.6,9.48,1.251,373202,2025-11-24 13:26:00,26103.12,stop,-9.48,-1760.21,0.4,-12.4,8,True
373237,2025-11-24 14:01:00,SHORT,26085.0,26080.0,12.68,1.651,373255,2025-11-24 14:19:00,26054.63,target,25.37,505.61,38.4,-2.9,6,True
373283,2025-11-24 14:47:00,LONG,26050.7,26055.0,13.83,1.451,373285,2025-11-24 14:49:00,26041.17,stop,-13.83,-2041.32,4.2,-15.3,3,True
373300,2025-11-24 15:04:00,SHORT,26030.3,25991.9,50.84,4.087,373321,2025-11-24 15:25:00,25985.0,eod,6.9,-693.27,16.8,-14.4,2,True
373371,2025-11-25 10:00:00,LONG,26002.0,26006.6,16.46,1.388,373416,2025-11-25 10:45:00,25990.14,stop,-16.46,-2212.0,28.4,-18.0,0,False
373428,2025-11-25 10:57:00,SHORT,25948.0,25944.5,14.39,1.321,373456,2025-11-25 11:25:00,25958.89,stop,-14.39,-2076.41,20.0,-18.5,0,False
373560,2025-11-25 13:09:00,LONG,26000.0,26005.5,14.99,1.58,373570,2025-11-25 13:19:00,25990.51,stop,-14.99,-2116.2,3.5,-16.1,2,True
373638,2025-11-25 14:27:00,SHORT,25979.4,25970.0,20.3,1.862,373664,2025-11-25 14:53:00,25929.4,target,40.6,1497.99,51.5,-10.7,1,True
373914,2025-11-26 12:48:00,LONG,26345.3,26346.4,7.89,1.162,373920,2025-11-26 12:54:00,26338.51,stop,-7.89,-1660.28,3.6,-12.0,15,True
373926,2025-11-26 13:00:00,LONG,26349.9,26352.5,10.11,1.346,373936,2025-11-26 13:10:00,26372.71,target,20.21,165.72,22.5,-7.5,4,False
374030,2025-11-26 14:44:00,SHORT,26355.0,26352.6,10.48,1.297,374039,2025-11-26 14:53:00,26363.08,stop,-10.48,-1829.03,9.0,-10.6,5,False
374162,2025-11-27 10:41:00,LONG,26468.0,26468.7,9.12,1.083,374171,2025-11-27 10:50:00,26486.94,target,18.24,35.13,25.1,-6.6,1,True
374247,2025-11-27 12:06:00,SHORT,26404.3,26401.0,13.88,1.312,374252,2025-11-27 12:11:00,26414.88,stop,-13.88,-2051.07,1.0,-14.1,0,False
374441,2025-11-27 15:20:00,LONG,26399.0,26399.9,8.98,1.111,374446,2025-11-27 15:25:00,26399.0,eod,-0.9,-1207.26,5.7,-6.9,2,True
374497,2025-11-28 10:01:00,LONG,26435.0,26437.1,12.28,1.206,374510,2025-11-28 10:14:00,26424.82,stop,-12.28,-1947.15,11.9,-18.1,9,True
374625,2025-11-28 12:09:00,SHORT,26411.0,26405.0,14.13,1.738,374649,2025-11-28 12:33:00,26419.13,stop,-14.13,-2067.04,16.5,-16.4,5,True
374664,2025-11-28 12:48:00,SHORT,26382.2,26380.0,10.76,1.257,374669,2025-11-28 12:53:00,26390.76,stop,-10.76,-1847.94,2.9,-14.2,1,True
374706,2025-11-28 13:30:00,LONG,26405.9,26410.5,12.12,1.612,374714,2025-11-28 13:38:00,26398.38,stop,-12.12,-1936.66,5.8,-14.1,0,False
374728,2025-11-28 13:52:00,SHORT,26375.0,26368.2,15.86,1.751,374730,2025-11-28 13:54:00,26384.06,stop,-15.86,-2179.02,1.9,-20.3,4,True
374904,2025-12-01 10:33:00,LONG,26458.9,26462.2,11.17,1.419,374905,2025-12-01 10:34:00,26451.03,stop,-11.17,-1875.63,0.0,-14.1,1,True
374909,2025-12-01 10:38:00,SHORT,26439.3,26435.2,12.68,1.478,374922,2025-12-01 10:51:00,26409.84,target,25.36,499.34,30.2,-3.9,0,False
374975,2025-12-01 11:44:00,SHORT,26376.0,26371.1,14.01,1.538,374978,2025-12-01 11:47:00,26343.09,target,28.01,672.51,32.6,-3.9,1,True
375040,2025-12-01 12:49:00,SHORT,26320.0,26319.5,9.47,1.056,375043,2025-12-01 12:52:00,26328.97,stop,-9.47,-1763.25,4.4,-14.4,13,True
375112,2025-12-01 14:01:00,LONG,26360.0,26364.0,12.51,1.47,375142,2025-12-01 14:31:00,26351.49,stop,-12.51,-1961.44,15.0,-14.0,0,False
375143,2025-12-01 14:32:00,SHORT,26352.6,26345.2,17.4,1.74,375163,2025-12-01 14:52:00,26310.4,target,34.8,1114.01,36.3,-10.9,2,True
375390,2025-12-02 12:24:00,LONG,26237.6,26241.3,12.43,1.424,375411,2025-12-02 12:45:00,26228.87,stop,-12.43,-1953.64,17.7,-13.3,3,True
375420,2025-12-02 12:54:00,SHORT,26220.0,26217.0,10.05,1.426,375478,2025-12-02 13:52:00,26227.05,stop,-10.05,-1798.78,13.3,-10.6,0,False
375507,2025-12-02 14:21:00,SHORT,26215.0,26210.0,11.91,1.723,375523,2025-12-02 14:37:00,26186.18,target,23.82,402.99,28.5,-7.8,0,False
375719,2025-12-03 11:38:00,LONG,26089.4,26089.7,8.35,1.037,375724,2025-12-03 11:43:00,26081.35,stop,-8.35,-1686.4,7.8,-8.8,0,False
375753,2025-12-03 12:12:00,LONG,26107.6,26111.1,10.6,1.493,375757,2025-12-03 12:16:00,26100.5,stop,-10.6,-1832.4,3.9,-11.1,1,True
375783,2025-12-03 12:42:00,SHORT,26080.0,26070.1,17.28,2.342,375800,2025-12-03 12:59:00,26087.38,stop,-17.28,-2266.15,0.1,-17.9,6,True
375829,2025-12-03 13:28:00,LONG,26088.5,26092.3,10.1,1.603,375844,2025-12-03 13:43:00,26082.2,stop,-10.1,-1799.75,12.7,-15.3,0,False
375845,2025-12-03 13:44:00,SHORT,26075.0,26073.4,8.04,1.248,375849,2025-12-03 13:48:00,26057.31,target,16.09,-97.6,18.4,-6.6,1,True
375988,2025-12-04 09:52:00,LONG,26165.0,26168.4,14.02,1.32,376018,2025-12-04 10:22:00,26196.45,target,28.05,678.0,30.5,-13.4,0,False
376136,2025-12-04 12:20:00,SHORT,26150.0,26139.6,20.85,1.995,376141,2025-12-04 12:25:00,26160.45,stop,-20.85,-2499.84,1.6,-22.4,0,False
376212,2025-12-04 13:36:00,SHORT,26120.1,26112.4,16.77,1.849,376243,2025-12-04 14:07:00,26129.17,stop,-16.77,-2233.99,20.3,-21.5,0,False
376288,2025-12-04 14:52:00,LONG,26158.8,26168.0,17.75,2.076,376321,2025-12-04 15:25:00,26186.4,eod,18.4,50.93,29.2,-4.8,4,True
376359,2025-12-05 09:48:00,LONG,26199.0,26210.0,22.4,1.965,376365,2025-12-05 09:54:00,26187.6,stop,-22.4,-2601.36,0.0,-24.0,6,True
376375,2025-12-05 10:04:00,LONG,26238.3,26244.4,22.65,1.369,376400,2025-12-05 10:29:00,26221.75,stop,-22.65,-2618.16,42.1,-51.5,0,False
376442,2025-12-05 11:11:00,LONG,26286.5,26291.6,15.12,1.509,376480,2025-12-05 11:49:00,26276.48,stop,-15.12,-2129.41,20.7,-16.6,1,True
376510,2025-12-05 12:19:00,LONG,26299.0,26301.0,9.24,1.276,376517,2025-12-05 12:26:00,26319.47,target,18.47,53.45,27.0,-3.8,11,False
376713,2025-12-08 09:27:00,SHORT,26280.0,26279.0,12.92,1.084,376714,2025-12-08 09:28:00,26291.92,stop,-12.92,-1986.26,2.4,-13.9,0,False
376717,2025-12-08 09:31:00,SHORT,26275.0,26270.6,16.56,1.362,376719,2025-12-08 09:33:00,26287.16,stop,-16.56,-2222.96,0.9,-18.5,3,True
376805,2025-12-08 10:59:00,SHORT,26227.0,26217.0,19.82,2.019,376894,2025-12-08 12:28:00,26177.36,target,39.64,1430.84,43.0,-13.8,4,False
376926,2025-12-08 13:00:00,SHORT,26162.0,26161.8,6.38,1.032,376927,2025-12-08 13:01:00,26168.18,stop,-6.38,-1559.26,5.8,-8.2,2,True
376945,2025-12-08 13:19:00,SHORT,26156.3,26155.2,8.09,1.157,376946,2025-12-08 13:20:00,26139.02,target,16.18,-92.59,21.9,0.0,1,True
377031,2025-12-08 14:45:00,LONG,26074.7,26075.0,8.46,1.037,377036,2025-12-08 14:50:00,26091.92,target,16.92,-43.94,18.0,-6.6,1,True
377245,2025-12-09 12:04:00,LONG,26000.0,26001.0,11.58,1.094,377263,2025-12-09 12:22:00,26024.17,target,23.17,363.74,29.0,-6.0,1,True
377366,2025-12-09 14:05:00,SHORT,26003.1,25992.1,20.76,2.127,377370,2025-12-09 14:09:00,26012.86,stop,-20.76,-2491.15,1.1,-20.9,1,True
377381,2025-12-09 14:20:00,SHORT,25985.0,25975.0,20.22,1.979,377397,2025-12-09 14:36:00,25934.57,target,40.43,1486.67,45.0,-0.5,2,True
377453,2025-12-10 09:17:00,LONG,25969.0,25970.7,12.43,1.158,377456,2025-12-10 09:20:00,25958.27,stop,-12.43,-1949.0,24.3,-20.7,4,False
377481,2025-12-10 09:45:00,LONG,26029.0,26029.5,14.19,1.037,377485,2025-12-10 09:49:00,26015.31,stop,-14.19,-2064.48,2.5,-27.3,1,False
377617,2025-12-10 12:01:00,SHORT,25930.0,25925.0,14.51,1.526,377620,2025-12-10 12:04:00,25939.51,stop,-14.51,-2083.93,8.6,-20.7,7,False
377646,2025-12-10 12:30:00,SHORT,25914.0,25907.7,16.18,1.638,377654,2025-12-10 12:38:00,25875.34,target,32.36,962.99,37.7,-6.7,0,False
377712,2025-12-10 13:36:00,LONG,25945.3,25959.0,22.57,2.545,377715,2025-12-10 13:39:00,25936.43,stop,-22.57,-2607.85,0.7,-25.6,0,False
377756,2025-12-10 14:20:00,SHORT,25860.0,25855.0,13.75,1.571,377758,2025-12-10 14:22:00,25868.75,stop,-13.75,-2033.48,3.0,-15.5,1,True
377839,2025-12-11 09:28:00,LONG,25917.5,25920.0,18.65,1.155,377841,2025-12-11 09:30:00,25901.35,stop,-18.65,-2352.51,0.0,-24.2,0,False
377849,2025-12-11 09:38:00,SHORT,25845.6,25836.2,27.41,1.522,377875,2025-12-11 10:04:00,25863.61,stop,-27.41,-2920.69,31.2,-28.1,0,False
377903,2025-12-11 10:32:00,LONG,25961.4,25962.5,15.47,1.077,377907,2025-12-11 10:36:00,25947.03,stop,-15.47,-2146.32,1.5,-17.2,2,True
377926,2025-12-11 10:55:00,SHORT,25945.1,25941.0,16.19,1.339,377931,2025-12-11 11:00:00,25908.61,target,32.39,964.45,36.9,-8.4,1,True
377993,2025-12-11 12:02:00,LONG,25983.3,25984.0,10.9,1.069,377995,2025-12-11 12:04:00,26005.8,target,21.8,275.32,29.3,-3.1,0,False
378359,2025-12-12 11:53:00,LONG,26125.8,26135.2,17.4,2.175,378370,2025-12-12 12:04:00,26117.8,stop,-17.4,-2274.82,3.7,-19.5,2,True
378401,2025-12-12 12:35:00,LONG,26138.8,26139.2,7.96,1.053,378402,2025-12-12 12:36:00,26131.24,stop,-7.96,-1661.71,0.0,-8.3,2,True
378490,2025-12-12 14:04:00,LONG,26139.2,26143.9,11.79,1.663,378512,2025-12-12 14:26:00,26132.11,stop,-11.79,-1910.41,14.6,-11.9,2,True
378534,2025-12-12 14:48:00,SHORT,26120.7,26119.0,8.55,1.248,378537,2025-12-12 14:51:00,26127.55,stop,-8.55,-1699.56,0.0,-9.9,2,True
378553,2025-12-12 15:07:00,LONG,26149.0,26149.5,6.94,1.078,378558,2025-12-12 15:12:00,26142.56,stop,-6.94,-1595.23,0.5,-7.9,1,True
378580,2025-12-15 09:19:00,SHORT,26046.0,26045.7,13.88,1.022,378585,2025-12-15 09:24:00,26017.95,target,27.75,661.32,30.7,-0.1,2,True
378606,2025-12-15 09:45:00,SHORT,26001.3,25990.3,23.51,1.88,378608,2025-12-15 09:47:00,26013.81,stop,-23.51,-2669.66,1.4,-33.4,8,True
378610,2025-12-15 09:49:00,LONG,26026.6,26026.8,12.58,1.016,378616,2025-12-15 09:55:00,26014.22,stop,-12.58,-1959.99,6.5,-14.7,1,True
378708,2025-12-15 11:27:00,LONG,26068.1,26074.0,12.89,1.844,378714,2025-12-15 11:33:00,26061.11,stop,-12.89,-1981.13,9.5,-14.0,2,True
378715,2025-12-15 11:34:00,SHORT,26051.4,26047.0,12.8,1.524,378729,2025-12-15 11:48:00,26059.8,stop,-12.8,-1974.48,9.9,-30.0,0,False
378777,2025-12-15 12:36:00,LONG,26116.0,26117.0,7.72,1.149,378778,2025-12-15 12:37:00,26109.28,stop,-7.72,-1645.69,0.3,-15.6,3,True
378815,2025-12-15 13:14:00,LONG,26120.0,26125.2,12.36,1.727,378820,2025-12-15 13:19:00,26112.84,stop,-12.36,-1947.14,3.5,-16.5,2,True
378869,2025-12-15 14:08:00,SHORT,26102.5,26101.0,9.82,1.18,378903,2025-12-15 14:42:00,26110.82,stop,-9.82,-1781.98,16.0,-13.0,5,False
378924,2025-12-15 15:03:00,SHORT,26109.4,26105.0,11.94,1.584,378930,2025-12-15 15:09:00,26116.94,stop,-11.94,-1919.69,1.4,-12.0,1,True
378999,2025-12-16 10:03:00,SHORT,25972.8,25968.0,14.74,1.483,379001,2025-12-16 10:05:00,25982.74,stop,-14.74,-2099.24,2.0,-17.0,1,True
379089,2025-12-16 11:33:00,SHORT,25974.5,25970.0,12.25,1.58,379144,2025-12-16 12:28:00,25982.25,stop,-12.25,-1937.99,17.7,-15.7,1,True
379148,2025-12-16 12:32:00,LONG,25990.0,25990.2,7.0,1.029,379149,2025-12-16 12:33:00,25983.2,stop,-7.0,-1596.78,0.6,-8.2,1,True
379255,2025-12-16 14:19:00,SHORT,25952.3,25941.2,19.73,2.287,379261,2025-12-16 14:25:00,25960.93,stop,-19.73,-2423.28,1.8,-20.3,2,True
379333,2025-12-17 09:22:00,LONG,25977.4,25989.8,22.27,2.256,379341,2025-12-17 09:30:00,25967.53,stop,-22.27,-2588.96,9.2,-23.8,0,False
379517,2025-12-17 12:26:00,SHORT,25870.0,25867.3,10.34,1.354,379536,2025-12-17 12:45:00,25877.8,stop_gap,-10.5,-1822.19,6.3,-10.8,2,True
379576,2025-12-17 13:25:00,LONG,25889.0,25890.0,8.1,1.141,379581,2025-12-17 13:30:00,25881.9,stop,-8.1,-1666.46,6.0,-8.5,2,True
379671,2025-12-17 15:00:00,LONG,25896.0,25898.4,10.04,1.314,379681,2025-12-17 15:10:00,25888.36,stop,-10.04,-1792.48,2.7,-10.3,0,False
379858,2025-12-18 11:52:00,LONG,25944.0,25948.0,11.72,1.518,379901,2025-12-18 12:35:00,25971.44,target,23.44,382.09,26.0,-8.0,6,True
379944,2025-12-18 13:18:00,SHORT,25946.1,25945.2,9.83,1.101,379946,2025-12-18 13:20:00,25955.03,stop,-9.83,-1779.94,0.0,-12.2,0,False
379985,2025-12-18 13:59:00,SHORT,25921.0,25920.2,8.75,1.101,379988,2025-12-18 14:02:00,25902.69,target,17.51,-2.59,20.2,-4.7,4,True
380077,2025-12-19 09:16:00,LONG,25980.0,25984.5,17.15,1.356,380091,2025-12-19 09:30:00,26018.81,target,34.31,1087.89,49.5,-10.7,0,False
380210,2025-12-19 11:29:00,SHORT,25990.0,25985.5,11.17,1.674,380226,2025-12-19 11:45:00,25963.15,target,22.35,310.96,25.3,-10.9,2,True
380249,2025-12-19 12:08:00,LONG,25996.4,25999.0,10.43,1.332,380258,2025-12-19 12:17:00,25988.57,stop,-10.43,-1819.51,5.0,-11.1,0,False
380346,2025-12-19 13:45:00,LONG,26020.0,26022.4,8.56,1.39,380356,2025-12-19 13:55:00,26013.84,stop,-8.56,-1698.67,6.6,-10.1,2,True
380496,2025-12-22 10:00:00,LONG,26188.2,26192.9,12.17,1.629,380503,2025-12-22 10:07:00,26180.73,stop,-12.17,-1936.1,0.1,-16.7,2,True
380555,2025-12-22 10:59:00,LONG,26193.8,26194.5,5.08,1.16,380557,2025-12-22 11:01:00,26189.42,stop,-5.08,-1475.71,1.1,-8.2,2,True
380606,2025-12-22 11:50:00,LONG,26191.4,26193.8,7.92,1.435,380629,2025-12-22 12:13:00,26185.88,stop,-7.92,-1659.87,2.2,-8.8,6,True
380660,2025-12-22 12:44:00,SHORT,26180.3,26177.7,7.73,1.506,380669,2025-12-22 12:53:00,26185.43,stop,-7.73,-1647.67,5.7,-9.4,1,False
380702,2025-12-22 13:26:00,LONG,26191.0,26193.5,6.41,1.64,380712,2025-12-22 13:36:00,26187.09,stop,-6.41,-1561.73,3.5,-8.5,9,True
380744,2025-12-22 14:08:00,SHORT,26181.5,26181.0,3.92,1.146,380748,2025-12-22 14:12:00,26184.92,stop,-3.92,-1399.83,3.9,-8.0,1,True
380762,2025-12-22 14:26:00,LONG,26192.2,26193.0,5.69,1.163,380764,2025-12-22 14:28:00,26187.31,stop,-5.69,-1515.28,1.2,-6.4,3,True
380836,2025-12-23 09:25:00,SHORT,26190.5,26189.0,12.77,1.133,380855,2025-12-23 09:44:00,26163.45,target,25.55,515.53,26.0,-11.0,0,False
380976,2025-12-23 11:45:00,SHORT,26202.0,26200.0,7.57,1.359,380982,2025-12-23 11:51:00,26207.57,stop,-7.57,-1637.66,3.9,-11.7,4,True
381042,2025-12-23 12:51:00,LONG,26222.8,26223.0,5.32,1.039,381044,2025-12-23 12:53:00,26217.68,stop,-5.32,-1491.36,1.0,-6.9,2,True
381106,2025-12-23 13:55:00,LONG,26225.0,26229.0,7.24,2.235,381126,2025-12-23 14:15:00,26243.48,target,14.48,-204.87,19.0,-5.9,10,True
381155,2025-12-23 14:44:00,SHORT,26216.0,26215.1,7.69,1.133,381157,2025-12-23 14:46:00,26222.79,stop,-7.69,-1645.55,8.1,-8.2,0,False
381174,2025-12-23 15:03:00,SHORT,26209.0,26207.5,8.58,1.212,381196,2025-12-23 15:25:00,26203.8,eod,3.7,-904.97,8.7,-5.9,2,False
381259,2025-12-24 10:13:00,LONG,26256.2,26257.0,9.33,1.094,381267,2025-12-24 10:21:00,26247.67,stop,-9.33,-1752.64,12.2,-9.6,3,True
381294,2025-12-24 10:48:00,SHORT,26235.8,26230.1,12.51,1.838,381304,2025-12-24 10:58:00,26242.61,stop,-12.51,-1958.77,5.1,-12.9,0,False
381308,2025-12-24 11:02:00,SHORT,26225.0,26223.2,10.06,1.218,381314,2025-12-24 11:08:00,26233.26,stop,-10.06,-1799.9,3.2,-12.8,0,False
381348,2025-12-24 11:42:00,SHORT,26232.0,26226.1,13.27,1.801,381397,2025-12-24 12:31:00,26239.37,stop,-13.27,-2008.38,20.7,-13.9,2,True
381417,2025-12-24 12:51:00,SHORT,26220.0,26218.0,7.75,1.348,381424,2025-12-24 12:58:00,26225.75,stop,-7.75,-1649.52,3.0,-8.0,1,True
381427,2025-12-24 13:01:00,SHORT,26215.0,26214.0,7.16,1.162,381430,2025-12-24 13:04:00,26221.16,stop,-7.16,-1611.17,3.4,-7.3,1,False
381512,2025-12-24 14:26:00,SHORT,26163.0,26156.5,13.12,1.982,381516,2025-12-24 14:30:00,26169.62,stop,-13.12,-1997.38,1.0,-20.5,0,False
381551,2025-12-24 15:05:00,LONG,26180.1,26181.1,7.7,1.149,381554,2025-12-24 15:08:00,26173.4,stop,-7.7,-1645.42,3.2,-10.0,3,True
381679,2025-12-26 10:58:00,LONG,26110.0,26111.3,7.87,1.198,381682,2025-12-26 11:01:00,26102.2,stop_gap,-9.1,-1735.2,3.1,-9.1,11,False
381688,2025-12-26 11:07:00,SHORT,26099.6,26097.9,8.33,1.256,381693,2025-12-26 11:12:00,26081.24,target,16.66,-60.63,17.8,-0.1,1,True
381763,2025-12-26 12:22:00,SHORT,26073.2,26072.0,8.74,1.159,381765,2025-12-26 12:24:00,26080.74,stop,-8.74,-1711.61,1.0,-9.3,0,False
381816,2025-12-26 13:15:00,LONG,26061.9,26062.7,5.92,1.156,381855,2025-12-26 13:54:00,26056.78,stop,-5.92,-1527.68,7.0,-10.6,3,True
381856,2025-12-26 13:55:00,SHORT,26059.7,26057.8,7.42,1.344,381859,2025-12-26 13:58:00,26065.22,stop,-7.42,-1625.37,2.8,-8.4,9,True
381879,2025-12-26 14:18:00,SHORT,26051.3,26051.0,6.61,1.048,381918,2025-12-26 14:57:00,26057.61,stop,-6.61,-1572.7,9.2,-6.8,2,True
381920,2025-12-26 14:59:00,LONG,26056.9,26063.0,12.06,2.023,381946,2025-12-26 15:25:00,26057.9,eod,-5.1,-1474.43,2.9,-9.3,4,True
381970,2025-12-29 09:34:00,LONG,26090.9,26093.8,12.06,1.316,381989,2025-12-29 09:53:00,26081.74,stop,-12.06,-1927.51,6.2,-14.5,1,True
381994,2025-12-29 09:58:00,SHORT,26044.7,26043.6,10.63,1.115,382038,2025-12-29 10:42:00,26022.34,target,21.26,239.11,27.6,-3.8,2,True
382139,2025-12-29 12:23:00,SHORT,25985.3,25981.7,9.45,1.615,382193,2025-12-29 13:17:00,25962.8,target,18.9,87.25,21.6,-8.6,0,False
382261,2025-12-29 14:25:00,LONG,25967.8,25968.0,8.45,1.024,382266,2025-12-29 14:30:00,25959.55,stop,-8.45,-1690.68,8.0,-11.7,3,True
382394,2025-12-30 10:23:00,LONG,25967.1,25968.9,11.75,1.181,382409,2025-12-30 10:38:00,25957.15,stop,-11.75,-1905.17,13.4,-12.1,5,True
382442,2025-12-30 11:11:00,SHORT,25925.7,25918.5,16.81,1.749,382561,2025-12-30 13:10:00,25884.87,target,33.63,1045.39,35.9,-15.6,5,True
382846,2025-12-31 11:40:00,LONG,26225.0,26228.1,9.41,1.491,382875,2025-12-31 12:09:00,26246.93,target,18.83,77.73,18.9,-5.0,3,True
382899,2025-12-31 12:33:00,LONG,26255.0,26260.0,10.61,1.891,382913,2025-12-31 12:47:00,26281.22,target,21.22,232.54,28.3,-5.5,3,True
382984,2025-12-31 13:58:00,LONG,26316.8,26324.6,13.51,2.367,382987,2025-12-31 14:01:00,26311.09,stop,-13.51,-2025.31,0.4,-14.6,1,True
383133,2026-01-01 10:12:00,SHORT,26288.4,26287.1,10.42,1.143,383142,2026-01-01 10:21:00,26266.27,target,20.83,207.23,24.1,-8.6,1,True
383249,2026-01-01 12:08:00,SHORT,26283.0,26277.0,13.48,1.802,383267,2026-01-01 12:26:00,26290.48,stop,-13.48,-2023.18,7.0,-15.0,0,False
383289,2026-01-01 12:48:00,LONG,26294.4,26298.9,11.94,1.605,383294,2026-01-01 12:53:00,26286.96,stop,-11.94,-1922.9,0.0,-15.7,2,True
383316,2026-01-01 13:15:00,LONG,26299.0,26304.0,12.16,1.698,383323,2026-01-01 13:22:00,26291.84,stop,-12.16,-1937.6,0.8,-20.5,7,False
383361,2026-01-01 14:00:00,LONG,26293.8,26294.3,5.78,1.095,383366,2026-01-01 14:05:00,26305.85,target,11.55,-396.15,15.7,-2.0,1,True
383380,2026-01-01 14:19:00,LONG,26310.0,26312.0,7.68,1.352,383383,2026-01-01 14:22:00,26304.32,stop,-7.68,-1646.29,2.1,-11.6,3,True
383431,2026-01-01 15:10:00,SHORT,26290.0,26288.0,8.39,1.313,383446,2026-01-01 15:25:00,26289.5,eod,-1.5,-1244.36,3.5,-7.8,0,False
383459,2026-01-02 09:23:00,LONG,26330.0,26338.0,16.53,1.938,383478,2026-01-02 09:42:00,26371.06,target,33.06,1000.44,49.1,-11.8,2,True
383546,2026-01-02 10:50:00,LONG,26409.0,26409.4,6.51,1.065,383552,2026-01-02 10:56:00,26402.89,stop,-6.51,-1571.98,0.8,-7.8,5,True
383574,2026-01-02 11:18:00,LONG,26410.0,26412.5,7.6,1.49,383585,2026-01-02 11:29:00,26427.7,target,15.2,-161.28,15.6,-1.5,4,True
383609,2026-01-02 11:53:00,LONG,26434.9,26435.0,4.29,1.024,383610,2026-01-02 11:54:00,26430.71,stop,-4.29,-1427.89,3.9,-4.3,3,True
383640,2026-01-02 12:24:00,LONG,26434.2,26435.0,4.63,1.209,383650,2026-01-02 12:34:00,26444.26,target,9.26,-547.89,15.0,-4.0,0,False
383758,2026-01-02 14:22:00,LONG,26445.0,26449.0,8.34,1.923,383766,2026-01-02 14:30:00,26440.66,stop,-8.34,-1691.33,0.9,-14.0,9,True
383768,2026-01-02 14:32:00,SHORT,26434.9,26426.8,13.23,2.579,383796,2026-01-02 15:00:00,26440.03,stop,-13.23,-2009.13,11.9,-21.5,10,True
383806,2026-01-02 15:10:00,LONG,26450.0,26453.3,10.22,1.477,383821,2026-01-02 15:25:00,26461.5,eod,8.2,-616.8,8.7,-9.3,7,True
383951,2026-01-05 11:20:00,SHORT,26472.5,26471.0,9.2,1.195,383954,2026-01-05 11:23:00,26452.6,target,18.4,46.13,30.0,-3.3,2,True
383993,2026-01-05 12:02:00,SHORT,26439.3,26439.2,8.04,1.013,383997,2026-01-05 12:06:00,26447.24,stop,-8.04,-1671.82,4.0,-9.8,0,False
384042,2026-01-05 12:51:00,LONG,26468.5,26469.0,8.05,1.066,384044,2026-01-05 12:53:00,26460.95,stop,-8.05,-1673.0,5.0,-10.9,2,True
384062,2026-01-05 13:11:00,SHORT,26432.1,26432.0,7.81,1.013,384066,2026-01-05 13:15:00,26416.39,target,15.61,-134.42,18.7,-3.0,1,True
384100,2026-01-05 13:49:00,SHORT,26392.7,26382.7,17.69,2.3,384112,2026-01-05 14:01:00,26347.32,target,35.38,1151.55,39.0,-0.3,0,False
384214,2026-01-06 09:28:00,SHORT,26316.0,26305.8,22.22,1.849,384218,2026-01-06 09:32:00,26328.02,stop,-22.22,-2591.45,3.8,-24.2,0,False
384282,2026-01-06 10:36:00,SHORT,26350.6,26348.7,11.05,1.208,384286,2026-01-06 10:40:00,26326.6,target,22.1,288.77,22.4,0.0,0,False
384323,2026-01-06 11:17:00,SHORT,26284.5,26280.0,13.3,1.511,384334,2026-01-06 11:28:00,26293.3,stop,-13.3,-2011.55,9.8,-13.8,0,False
384387,2026-01-06 12:21:00,SHORT,26291.5,26286.9,11.47,1.67,384394,2026-01-06 12:28:00,26298.37,stop,-11.47,-1892.35,5.1,-12.6,4,True
384422,2026-01-06 12:56:00,LONG,26304.0,26305.0,7.91,1.145,384434,2026-01-06 13:08:00,26320.81,target,15.81,-119.43,16.0,-2.2,1,True
384452,2026-01-06 13:26:00,SHORT,26291.0,26290.4,7.39,1.088,384470,2026-01-06 13:44:00,26297.79,stop,-7.39,-1627.28,13.4,-8.6,2,True
384495,2026-01-06 14:09:00,SHORT,26270.0,26263.3,14.32,1.879,384513,2026-01-06 14:27:00,26277.62,stop,-14.32,-2077.45,8.1,-15.7,0,False
384547,2026-01-06 15:01:00,LONG,26292.7,26294.0,9.08,1.167,384549,2026-01-06 15:03:00,26284.92,stop,-9.08,-1736.9,1.0,-9.9,1,True
384636,2026-01-07 10:15:00,LONG,26288.0,26295.0,17.17,1.688,384638,2026-01-07 10:17:00,26277.83,stop,-17.17,-2262.96,2.0,-18.5,0,False
384740,2026-01-07 11:59:00,SHORT,26240.0,26236.2,12.18,1.454,384784,2026-01-07 12:43:00,26211.84,target,24.36,437.33,42.6,-5.9,6,True
384904,2026-01-07 14:43:00,LONG,26220.0,26223.5,9.1,1.625,384909,2026-01-07 14:48:00,26214.4,stop,-9.1,-1737.1,6.1,-16.7,0,False
384915,2026-01-07 14:54:00,LONG,26229.6,26230.0,6.99,1.061,384916,2026-01-07 14:55:00,26223.01,stop,-6.99,-1600.31,0.0,-9.0,1,True
384927,2026-01-07 15:06:00,LONG,26235.0,26235.7,8.09,1.095,384946,2026-01-07 15:25:00,26233.3,eod,-2.4,-1301.93,13.3,-7.4,3,True
385015,2026-01-08 10:19:00,SHORT,26150.0,26140.0,19.56,2.046,385074,2026-01-08 11:18:00,26100.87,target,39.13,1399.19,45.7,-8.5,1,False
385190,2026-01-08 13:14:00,LONG,26038.0,26038.5,7.27,1.074,385191,2026-01-08 13:15:00,26031.23,stop,-7.27,-1614.75,0.0,-10.0,0,False
385232,2026-01-08 13:56:00,LONG,26040.0,26044.0,12.36,1.478,385239,2026-01-08 14:03:00,26031.64,stop,-12.36,-1945.99,2.5,-15.5,0,False
385257,2026-01-08 14:21:00,LONG,26046.5,26051.5,13.31,1.602,385260,2026-01-08 14:24:00,26038.19,stop,-13.31,-2007.61,2.3,-18.0,3,True
385407,2026-01-09 10:36:00,SHORT,25965.0,25960.0,19.06,1.356,385418,2026-01-09 10:47:00,25979.06,stop,-19.06,-2380.16,2.5,-26.9,2,True
385465,2026-01-09 11:34:00,SHORT,25907.0,25906.0,10.5,1.105,385467,2026-01-09 11:36:00,25884.99,target,21.01,225.32,25.2,0.0,0,False
385596,2026-01-09 13:45:00,SHORT,25790.0,25787.9,11.07,1.234,385625,2026-01-09 14:14:00,25765.76,target,22.14,300.89,25.2,-9.1,4,True
385652,2026-01-09 14:41:00,SHORT,25754.6,25734.7,30.4,2.895,385655,2026-01-09 14:44:00,25765.1,stop,-30.4,-3113.58,9.7,-32.7,1,True
385678,2026-01-09 15:07:00,LONG,25779.8,25793.8,25.26,2.243,385696,2026-01-09 15:25:00,25791.1,eod,-2.7,-1313.86,7.2,-17.8,7,True
385819,2026-01-12 11:13:00,SHORT,25641.1,25636.6,15.01,1.428,385835,2026-01-12 11:29:00,25606.58,target,30.02,815.79,30.6,-6.2,5,True
385883,2026-01-12 12:17:00,LONG,25702.6,25709.6,22.36,1.456,385887,2026-01-12 12:21:00,25754.33,target,44.73,1769.78,66.4,-17.9,2,True
385908,2026-01-12 12:42:00,LONG,25815.0,25840.0,47.48,2.112,385926,2026-01-12 13:00:00,25792.52,stop,-47.48,-4224.45,4.2,-54.5,0,False
385959,2026-01-12 13:33:00,LONG,25830.0,25838.0,22.19,1.564,385988,2026-01-12 14:02:00,25815.81,stop,-22.19,-2580.99,17.0,-30.3,1,True
386008,2026-01-12 14:22:00,LONG,25843.4,25845.9,13.9,1.219,386019,2026-01-12 14:33:00,25832.0,stop,-13.9,-2042.5,23.1,-15.9,1,True
386021,2026-01-12 14:35:00,SHORT,25821.8,25810.0,23.7,1.991,386024,2026-01-12 14:38:00,25833.7,stop,-23.7,-2679.35,12.7,-25.0,1,True
386039,2026-01-12 14:53:00,LONG,25869.4,25877.7,20.15,1.701,386071,2026-01-12 15:25:00,25880.0,eod,2.3,-990.37,21.3,-16.7,2,True
386117,2026-01-13 09:56:00,SHORT,25771.1,25760.0,30.29,1.578,386122,2026-01-13 10:01:00,25790.29,stop,-30.29,-3106.6,0.0,-33.6,0,False
386209,2026-01-13 11:28:00,LONG,25858.5,25863.0,16.65,1.37,386225,2026-01-13 11:44:00,25846.35,stop,-16.65,-2221.5,14.0,-18.8,7,True
386241,2026-01-13 12:00:00,SHORT,25818.8,25814.4,16.41,1.366,386255,2026-01-13 12:14:00,25781.59,target,32.81,994.19,38.7,-0.2,4,True
386282,2026-01-13 12:41:00,SHORT,25759.0,25754.3,15.71,1.427,386285,2026-01-13 12:44:00,25770.01,stop,-15.71,-2159.08,11.7,-18.8,0,False
386353,2026-01-13 13:52:00,LONG,25741.8,25742.9,13.65,1.088,386356,2026-01-13 13:55:00,25729.25,stop,-13.65,-2024.62,1.3,-21.3,2,True
386364,2026-01-13 14:03:00,SHORT,25707.7,25707.0,12.55,1.059,386373,2026-01-13 14:12:00,25681.89,target,25.11,494.98,26.7,-6.0,2,True
386421,2026-01-13 15:00:00,LONG,25799.5,25801.8,17.65,1.15,386424,2026-01-13 15:03:00,25784.15,stop,-17.65,-2285.59,7.5,-21.0,0,False
386491,2026-01-14 09:55:00,LONG,25810.6,25820.0,27.6,1.517,386493,2026-01-14 09:57:00,25792.4,stop,-27.6,-2932.41,4.9,-36.5,6,True
386627,2026-01-14 12:11:00,SHORT,25815.0,25808.0,18.56,1.606,386637,2026-01-14 12:21:00,25826.56,stop,-18.56,-2344.81,18.0,-20.9,2,True
386696,2026-01-14 13:20:00,SHORT,25790.0,25786.1,13.31,1.414,386701,2026-01-14 13:25:00,25759.47,target,26.63,592.65,31.7,-0.1,1,True
386719,2026-01-14 13:43:00,SHORT,25716.0,25715.0,13.18,1.082,386729,2026-01-14 13:53:00,25688.65,target,26.35,575.87,30.0,-6.8,2,True
386760,2026-01-14 14:24:00,SHORT,25681.0,25675.0,18.46,1.482,386763,2026-01-14 14:27:00,25693.46,stop,-18.46,-2336.38,5.0,-18.9,1,True
386874,2026-01-16 10:03:00,LONG,25833.7,25837.2,16.11,1.277,386886,2026-01-16 10:15:00,25869.43,target,32.23,955.06,55.7,-12.2,0,False
386929,2026-01-16 10:58:00,SHORT,25913.7,25911.0,13.27,1.255,386932,2026-01-16 11:01:00,25924.27,stop,-13.27,-2003.18,6.0,-13.5,0,False
386970,2026-01-16 11:39:00,SHORT,25870.2,25869.0,14.42,1.091,386990,2026-01-16 11:59:00,25840.15,target,28.85,735.43,32.0,-12.9,6,True
387042,2026-01-16 12:51:00,SHORT,25805.0,25804.4,12.99,1.048,387043,2026-01-16 12:52:00,25817.39,stop,-12.99,-1982.94,0.3,-17.6,0,False
387076,2026-01-16 13:25:00,SHORT,25752.5,25740.5,26.24,1.842,387080,2026-01-16 13:29:00,25766.74,stop,-26.24,-2843.45,11.4,-27.5,0,False
387153,2026-01-16 14:42:00,LONG,25770.6,25773.9,17.61,1.231,387157,2026-01-16 14:46:00,25756.29,stop,-17.61,-2282.46,6.0,-18.2,0,False
387240,2026-01-19 09:54:00,SHORT,25586.0,25580.0,20.37,1.418,387274,2026-01-19 10:28:00,25539.26,target,40.74,1513.58,43.7,-14.0,0,False
387383,2026-01-19 12:17:00,LONG,25590.9,25604.2,23.23,2.339,387386,2026-01-19 12:20:00,25580.97,stop,-23.23,-2644.78,0.0,-26.1,0,False
387414,2026-01-19 12:48:00,SHORT,25550.0,25549.9,8.64,1.012,387415,2026-01-19 12:49:00,25558.54,stop,-8.64,-1695.72,0.2,-10.1,10,False
387418,2026-01-19 12:52:00,LONG,25569.3,25570.0,9.52,1.079,387433,2026-01-19 13:07:00,25589.04,target,19.04,102.77,22.9,-1.5,1,True
387552,2026-01-19 15:06:00,SHORT,25625.4,25622.1,14.48,1.295,387564,2026-01-19 15:18:00,25593.13,target,28.97,747.49,30.9,-10.3,3,True
387583,2026-01-20 09:22:00,SHORT,25562.1,25555.0,20.56,1.528,387596,2026-01-20 09:35:00,25513.89,target,41.11,1538.1,42.5,-5.0,0,False
387749,2026-01-20 12:08:00,SHORT,25475.0,25461.2,23.69,2.395,387837,2026-01-20 13:36:00,25413.81,target,47.39,1947.69,57.2,-12.8,9,True
387864,2026-01-20 14:03:00,SHORT,25394.0,25386.0,17.09,1.88,387865,2026-01-20 14:04:00,25403.09,stop,-17.09,-2242.45,6.0,-21.3,0,False
387902,2026-01-20 14:41:00,SHORT,25378.9,25378.0,11.37,1.086,387912,2026-01-20 14:51:00,25355.26,target,22.74,347.16,26.0,-4.5,0,False
387982,2026-01-21 09:46:00,SHORT,25253.0,25233.1,43.96,1.827,388021,2026-01-21 10:25:00,25145.18,target,87.92,4586.31,88.6,-29.7,9,True
388165,2026-01-21 12:49:00,LONG,25313.5,25325.0,32.09,1.559,388186,2026-01-21 13:10:00,25292.91,stop,-32.09,-3215.66,15.0,-74.0,0,False
388264,2026-01-21 14:28:00,SHORT,25155.6,25143.9,31.09,1.603,388269,2026-01-21 14:33:00,25174.99,stop,-31.09,-3148.07,2.9,-43.7,3,True
388300,2026-01-21 15:04:00,LONG,25192.7,25212.5,36.63,2.177,388307,2026-01-21 15:11:00,25175.87,stop,-36.63,-3508.82,5.5,-41.5,0,False
388374,2026-01-22 10:03:00,SHORT,25406.3,25405.0,19.34,1.072,388376,2026-01-22 10:05:00,25424.34,stop,-19.34,-2389.0,6.9,-20.0,1,True
388443,2026-01-22 11:12:00,SHORT,25227.2,25225.5,19.16,1.097,388445,2026-01-22 11:14:00,25244.66,stop,-19.16,-2374.11,3.3,-21.6,0,False
388585,2026-01-22 13:34:00,LONG,25247.1,25251.8,18.34,1.345,388589,2026-01-22 13:38:00,25233.46,stop,-18.34,-2320.96,13.1,-22.6,0,False
388642,2026-01-22 14:31:00,LONG,25282.1,25297.9,29.49,2.154,388659,2026-01-22 14:48:00,25356.88,target,58.98,2703.24,61.5,-10.2,1,True
388688,2026-01-22 15:17:00,LONG,25360.0,25367.3,21.45,1.516,388696,2026-01-22 15:25:00,25378.3,eod,11.0,-416.26,30.4,-6.0,2,True
388764,2026-01-23 10:18:00,SHORT,25287.5,25274.1,29.72,1.821,388774,2026-01-23 10:28:00,25303.82,stop,-29.72,-3061.7,1.2,-46.7,4,True
388809,2026-01-23 11:03:00,SHORT,25299.9,25296.0,15.71,1.33,388818,2026-01-23 11:12:00,25311.71,stop,-15.71,-2151.2,12.4,-24.0,1,True
388908,2026-01-23 12:42:00,LONG,25253.3,25257.6,15.84,1.373,388915,2026-01-23 12:49:00,25241.76,stop,-15.84,-2158.82,26.8,-16.4,2,True
388941,2026-01-23 13:15:00,SHORT,25210.0,25203.3,19.85,1.509,388950,2026-01-23 13:24:00,25163.59,target,39.71,1452.88,48.3,-6.0,2,True
388970,2026-01-23 13:44:00,SHORT,25085.0,25074.0,27.24,1.677,388973,2026-01-23 13:47:00,25101.24,stop,-27.24,-2896.9,7.9,-28.7,0,False
389001,2026-01-23 14:15:00,LONG,25102.7,25121.9,34.1,2.288,389004,2026-01-23 14:18:00,25087.8,stop,-34.1,-3343.11,1.0,-37.8,7,True
389055,2026-01-23 15:09:00,SHORT,25072.0,25060.0,27.94,1.753,389061,2026-01-23 15:15:00,25087.94,stop,-27.94,-2942.16,1.7,-44.9,2,True
389317,2026-01-27 13:16:00,LONG,25110.0,25115.0,17.67,1.395,389319,2026-01-27 13:18:00,25097.33,stop,-17.67,-2274.99,0.0,-18.3,0,False
389323,2026-01-27 13:22:00,LONG,25120.0,25126.7,20.42,1.488,389327,2026-01-27 13:26:00,25106.28,stop,-20.42,-2453.78,4.3,-24.3,0,False
389339,2026-01-27 13:38:00,SHORT,25081.7,25062.0,36.4,2.18,389400,2026-01-27 14:39:00,25098.4,stop,-36.4,-3492.07,62.0,-58.0,0,False
389415,2026-01-27 14:54:00,LONG,25159.0,25162.4,21.17,1.191,389418,2026-01-27 14:57:00,25141.23,stop,-21.17,-2503.42,25.1,-30.4,2,True
389682,2026-01-28 13:06:00,SHORT,25380.0,25378.5,10.53,1.166,389687,2026-01-28 13:11:00,25389.03,stop,-10.53,-1815.77,0.0,-13.3,10,False
389698,2026-01-28 13:22:00,SHORT,25375.0,25353.9,34.13,2.619,389785,2026-01-28 14:49:00,25388.03,stop,-34.13,-3349.51,53.1,-42.8,2,True
389847,2026-01-29 09:36:00,SHORT,25357.5,25343.6,32.36,1.753,389865,2026-01-29 09:54:00,25278.88,target,64.72,3076.03,67.3,-9.8,2,True
389911,2026-01-29 10:40:00,SHORT,25270.0,25265.4,23.85,1.239,389913,2026-01-29 10:42:00,25289.25,stop,-23.85,-2679.94,0.0,-31.5,0,False
389938,2026-01-29 11:07:00,LONG,25353.4,25356.0,18.03,1.168,389953,2026-01-29 11:22:00,25392.06,target,36.06,1212.75,43.0,-12.4,0,False
390022,2026-01-29 12:31:00,LONG,25400.4,25408.0,21.8,1.535,390029,2026-01-29 12:38:00,25386.2,stop,-21.8,-2548.64,7.6,-22.4,1,True
390041,2026-01-29 12:50:00,LONG,25410.5,25427.1,27.58,2.512,390084,2026-01-29 13:33:00,25482.25,target,55.15,2452.05,71.9,-7.0,7,True
390206,2026-01-30 09:20:00,SHORT,25361.0,25359.5,22.19,1.073,390213,2026-01-30 09:27:00,25381.69,stop,-22.19,-2573.17,28.5,-23.4,5,True
390216,2026-01-30 09:30:00,SHORT,25342.0,25331.1,32.27,1.51,390221,2026-01-30 09:35:00,25364.0,stop_gap,-32.9,-3269.08,1.1,-60.9,4,False
390315,2026-01-30 11:09:00,SHORT,25369.8,25360.0,20.89,1.884,390359,2026-01-30 11:53:00,25380.89,stop,-20.89,-2488.57,30.0,-25.0,10,True
390435,2026-01-30 13:09:00,SHORT,25340.0,25330.0,21.23,1.891,390465,2026-01-30 13:39:00,25351.23,stop,-21.23,-2510.36,32.0,-23.8,9,True
390480,2026-01-30 13:54:00,LONG,25415.2,25422.0,19.58,1.532,390495,2026-01-30 14:09:00,25461.16,target,39.16,1412.64,40.4,-4.7,1,True
390562,2026-01-30 15:16:00,LONG,25434.0,25445.0,25.73,1.747,390567,2026-01-30 15:21:00,25419.27,stop,-25.73,-2804.5,0.0,-31.3,3,True
390577,2026-02-01 09:16:00,SHORT,25371.3,25366.0,23.21,1.296,390579,2026-02-01 09:18:00,25389.21,stop,-23.21,-2639.89,0.0,-24.0,1,True
390683,2026-02-01 11:02:00,SHORT,25431.0,25425.0,15.17,1.655,390685,2026-02-01 11:04:00,25440.17,stop,-15.17,-2117.89,8.2,-19.9,0,False
390689,2026-02-01 11:08:00,LONG,25468.8,25479.9,24.36,1.837,390701,2026-02-01 11:20:00,25455.54,stop,-24.36,-2715.83,44.1,-46.1,0,False
390741,2026-02-01 12:00:00,SHORT,25372.0,25356.3,40.96,1.622,390747,2026-02-01 12:06:00,25397.26,stop,-40.96,-3793.24,24.1,-42.7,6,True
390753,2026-02-01 12:12:00,SHORT,25332.2,25295.0,73.25,2.032,390761,2026-02-01 12:20:00,25148.5,target,146.5,8393.17,180.0,-62.9,0,False
390910,2026-02-01 14:49:00,SHORT,25035.6,25017.8,40.32,1.79,390930,2026-02-01 15:09:00,24937.15,target,80.65,4117.32,103.4,-11.2,0,False
390999,2026-02-02 10:03:00,SHORT,24902.0,24896.9,31.51,1.193,391027,2026-02-02 10:31:00,24928.41,stop,-31.51,-3171.03,46.9,-32.1,4,True
391049,2026-02-02 10:53:00,SHORT,24900.0,24890.0,28.65,1.536,391055,2026-02-02 10:59:00,24832.69,target,57.31,2602.26,58.5,-2.0,0,False
391079,2026-02-02 11:23:00,SHORT,24763.7,24761.6,18.05,1.132,391082,2026-02-02 11:26:00,24779.65,stop,-18.05,-2293.99,3.1,-36.3,0,False
391376,2026-02-03 10:05:00,SHORT,25770.0,25761.0,31.82,1.394,391386,2026-02-03 10:15:00,25792.82,stop,-31.82,-3205.91,34.8,-38.0,0,False
391557,2026-02-03 13:06:00,LONG,25905.9,25909.0,15.88,1.243,391559,2026-02-03 13:08:00,25893.12,stop,-15.88,-2172.07,0.0,-21.6,2,True
391577,2026-02-03 13:26:00,SHORT,25852.7,25851.1,13.23,1.138,391578,2026-02-03 13:27:00,25864.33,stop,-13.23,-1999.68,16.1,-18.3,0,False
391673,2026-02-03 15:02:00,SHORT,25833.4,25821.9,26.51,1.766,391696,2026-02-03 15:25:00,25805.7,eod,16.2,-85.84,33.0,-12.9,2,True
391848,2026-02-04 11:42:00,LONG,25795.7,25801.4,16.47,1.529,391853,2026-02-04 11:47:00,25784.93,stop,-16.47,-2208.93,2.5,-20.3,2,True
391908,2026-02-04 12:42:00,LONG,25835.0,25841.0,16.74,1.559,391910,2026-02-04 12:44:00,25824.26,stop,-16.74,-2227.17,0.0,-20.9,2,True
391915,2026-02-04 12:49:00,SHORT,25803.5,25802.1,12.18,1.13,391934,2026-02-04 13:08:00,25814.28,stop,-12.18,-1930.5,12.0,-15.8,1,True
391997,2026-02-04 14:11:00,LONG,25867.4,25868.1,9.46,1.08,392001,2026-02-04 14:15:00,25887.01,target,18.91,89.53,21.2,-1.0,6,True
392081,2026-02-05 09:20:00,SHORT,25775.8,25769.9,20.84,1.395,392093,2026-02-05 09:32:00,25790.74,stop,-20.84,-2492.55,24.0,-24.1,1,True
392182,2026-02-05 11:01:00,SHORT,25703.1,25703.0,9.93,1.01,392183,2026-02-05 11:02:00,25712.93,stop,-9.93,-1782.01,3.0,-12.0,1,True
392230,2026-02-05 11:49:00,SHORT,25722.2,25721.5,10.73,1.07,392235,2026-02-05 11:54:00,25732.23,stop,-10.73,-1834.75,5.3,-11.3,0,False
392274,2026-02-05 12:33:00,SHORT,25700.0,25696.5,12.93,1.371,392275,2026-02-05 12:34:00,25709.43,stop,-12.93,-1977.35,1.5,-17.5,0,False
392324,2026-02-05 13:23:00,LONG,25737.0,25738.1,8.83,1.142,392325,2026-02-05 13:24:00,25729.27,stop,-8.83,-1711.3,0.0,-12.5,6,True
392369,2026-02-05 14:08:00,SHORT,25695.0,25692.0,11.67,1.346,392388,2026-02-05 14:27:00,25703.67,stop,-11.67,-1895.23,22.0,-12.0,0,False
392577,2026-02-06 11:21:00,LONG,25649.3,25652.0,15.35,1.213,392592,2026-02-06 11:36:00,25682.7,target,30.7,859.21,31.8,-9.2,1,True
392699,2026-02-06 13:23:00,LONG,25635.0,25636.0,8.95,1.126,392708,2026-02-06 13:32:00,25627.05,stop,-8.95,-1717.44,4.0,-18.0,6,True
392712,2026-02-06 13:36:00,LONG,25640.0,25643.0,11.84,1.34,392727,2026-02-06 13:51:00,25666.67,target,23.67,402.47,28.0,-6.7,0,False
392793,2026-02-06 14:57:00,LONG,25725.5,25731.9,16.95,1.607,392821,2026-02-06 15:25:00,25731.0,eod,-0.9,-1195.83,13.1,-11.9,4,True
392909,2026-02-09 10:38:00,LONG,25910.0,25916.0,14.06,1.744,392984,2026-02-09 11:53:00,25901.94,stop,-14.06,-2054.44,24.9,-15.3,1,True
393035,2026-02-09 12:44:00,SHORT,25900.0,25899.0,7.11,1.164,393042,2026-02-09 12:51:00,25906.11,stop,-7.11,-1602.4,4.7,-9.1,1,True
393134,2026-02-09 14:23:00,LONG,25920.0,25926.4,11.08,2.369,393142,2026-02-09 14:31:00,25915.32,stop,-11.08,-1860.44,0.9,-11.4,4,True
393278,2026-02-10 10:32:00,LONG,26018.7,26019.7,8.18,1.139,393287,2026-02-10 10:41:00,26011.52,stop,-8.18,-1673.56,12.8,-9.7,3,True
393331,2026-02-10 11:25:00,SHORT,26006.6,26003.9,9.61,1.391,393360,2026-02-10 11:54:00,26013.51,stop,-9.61,-1766.87,6.9,-10.1,2,True
393383,2026-02-10 12:17:00,LONG,26023.3,26025.0,7.41,1.298,393388,2026-02-10 12:22:00,26017.59,stop,-7.41,-1623.94,0.0,-8.9,1,True
393448,2026-02-10 13:22:00,SHORT,25997.0,25991.6,12.01,1.817,393453,2026-02-10 13:27:00,26003.61,stop,-12.01,-1922.27,6.6,-12.4,0,False
393539,2026-02-10 14:53:00,LONG,25990.0,25990.1,6.98,1.015,393547,2026-02-10 15:01:00,26004.06,target,13.96,-234.39,15.9,-5.7,5,True
393622,2026-02-11 10:01:00,SHORT,25995.5,25992.4,13.64,1.294,393631,2026-02-11 10:10:00,26006.04,stop,-13.64,-2028.49,11.1,-17.6,1,True
393775,2026-02-11 12:34:00,SHORT,25987.5,25984.6,10.83,1.366,393783,2026-02-11 12:42:00,25962.95,target,21.65,265.73,29.6,-5.3,0,False
393921,2026-02-11 15:00:00,LONG,26010.0,26012.3,10.42,1.283,393923,2026-02-11 15:02:00,26001.88,stop,-10.42,-1819.26,2.2,-11.7,0,False
393934,2026-02-11 15:13:00,SHORT,25989.2,25989.1,7.41,1.014,393935,2026-02-11 15:14:00,25996.51,stop,-7.41,-1623.57,0.4,-9.6,6,True
393959,2026-02-12 09:23:00,SHORT,25901.0,25898.6,13.58,1.215,393961,2026-02-12 09:25:00,25912.18,stop,-13.58,-2022.62,3.6,-13.7,4,True
394087,2026-02-12 11:31:00,SHORT,25883.1,25877.3,13.63,1.741,394099,2026-02-12 11:43:00,25890.93,stop,-13.63,-2025.63,2.3,-15.6,2,True
394182,2026-02-12 13:06:00,SHORT,25895.0,25893.4,8.01,1.25,394194,2026-02-12 13:18:00,25901.41,stop,-8.01,-1660.74,13.4,-20.6,0,False
394203,2026-02-12 13:27:00,LONG,25917.4,25924.9,17.2,1.773,394205,2026-02-12 13:29:00,25907.7,stop,-17.2,-2258.4,0.9,-19.1,3,True
394258,2026-02-12 14:22:00,LONG,25887.2,25887.9,7.14,1.109,394263,2026-02-12 14:27:00,25880.76,stop,-7.14,-1604.02,5.1,-12.0,5,True
394280,2026-02-12 14:44:00,SHORT,25870.0,25866.3,11.57,1.47,394283,2026-02-12 14:47:00,25843.16,target,23.14,364.39,30.2,-3.0,0,False
394341,2026-02-13 09:30:00,SHORT,25643.1,25630.0,30.1,1.771,394600,2026-02-13 13:49:00,25569.8,target,60.2,2777.69,70.2,-22.0,1,True
394645,2026-02-13 14:34:00,SHORT,25565.0,25560.0,13.04,1.622,394668,2026-02-13 14:57:00,25573.04,stop,-13.04,-1982.2,10.0,-13.7,1,True
394758,2026-02-16 10:12:00,LONG,25586.2,25586.5,14.09,1.022,394770,2026-02-16 10:24:00,25572.41,stop,-14.09,-2050.31,12.5,-15.5,0,False
394830,2026-02-16 11:24:00,LONG,25584.6,25589.3,11.59,1.682,394831,2026-02-16 11:25:00,25577.71,stop,-11.59,-1888.11,5.2,-14.3,6,True
394884,2026-02-16 12:18:00,LONG,25595.3,25596.8,9.85,1.18,394896,2026-02-16 12:30:00,25616.49,target,19.69,144.57,20.0,-7.8,0,False
394954,2026-02-16 13:28:00,LONG,25616.5,25618.0,7.75,1.24,394956,2026-02-16 13:30:00,25610.25,stop,-7.75,-1638.71,6.0,-7.8,3,True
395013,2026-02-16 14:27:00,LONG,25628.8,25630.4,8.97,1.217,395014,2026-02-16 14:28:00,25648.34,target,17.94,29.96,19.6,0.0,0,False
395015,2026-02-16 14:29:00,LONG,25648.1,25654.9,15.6,1.773,395021,2026-02-16 14:35:00,25686.09,target,31.19,890.98,37.1,-2.6,1,True
395085,2026-02-17 09:24:00,SHORT,25589.0,25588.6,16.46,1.025,395086,2026-02-17 09:25:00,25605.06,stop,-16.46,-2204.83,4.3,-16.8,3,True
395305,2026-02-17 13:04:00,SHORT,25733.9,25732.0,10.3,1.226,395307,2026-02-17 13:06:00,25742.3,stop,-10.3,-1807.03,3.7,-18.0,0,False
395373,2026-02-17 14:12:00,SHORT,25720.2,25716.0,14.08,1.425,395398,2026-02-17 14:37:00,25730.08,stop,-14.08,-2052.48,24.9,-17.9,0,False
395454,2026-02-18 09:18:00,LONG,25750.0,25750.2,8.67,1.024,395456,2026-02-18 09:20:00,25741.53,stop,-8.67,-1700.94,9.8,-14.0,3,False
395472,2026-02-18 09:36:00,LONG,25754.0,25754.2,14.03,1.014,395483,2026-02-18 09:47:00,25740.17,stop,-14.03,-2049.34,9.6,-24.2,0,False
395491,2026-02-18 09:55:00,SHORT,25714.6,25691.0,37.07,2.752,395558,2026-02-18 11:02:00,25728.07,stop,-37.07,-3546.39,31.0,-37.6,1,True
395648,2026-02-18 12:32:00,LONG,25744.0,25745.9,10.23,1.228,395657,2026-02-18 12:41:00,25735.67,stop,-10.23,-1802.42,4.1,-13.9,0,False
395730,2026-02-18 13:54:00,SHORT,25735.1,25733.1,10.16,1.245,395734,2026-02-18 13:58:00,25743.26,stop,-10.16,-1797.47,8.1,-14.8,1,True
395747,2026-02-18 14:11:00,LONG,25765.0,25774.0,16.67,2.174,395756,2026-02-18 14:20:00,25807.34,target,33.34,1028.47,35.9,-2.0,6,True
395841,2026-02-19 09:30:00,SHORT,25819.0,25815.0,16.06,1.332,395850,2026-02-19 09:39:00,25782.88,target,32.12,949.42,32.5,-10.0,2,True
395947,2026-02-19 11:16:00,SHORT,25723.0,25718.0,13.81,1.567,395948,2026-02-19 11:17:00,25731.81,stop,-13.81,-2035.1,0.0,-16.1,10,True
395955,2026-02-19 11:24:00,SHORT,25695.0,25689.1,16.92,1.535,395992,2026-02-19 12:01:00,25655.26,target,33.84,1063.37,40.7,-12.7,1,True
396033,2026-02-19 12:42:00,SHORT,25591.2,25588.0,15.89,1.252,396042,2026-02-19 12:51:00,25603.89,stop,-15.89,-2168.07,13.0,-17.2,1,True
396154,2026-02-19 14:43:00,SHORT,25553.2,25537.7,27.3,2.314,396173,2026-02-19 15:02:00,25483.1,target,54.6,2414.96,62.7,-6.9,1,True
396215,2026-02-20 09:29:00,SHORT,25402.4,25392.0,32.01,1.481,396216,2026-02-20 09:30:00,25424.01,stop,-32.01,-3212.17,0.0,-48.0,0,False
396334,2026-02-20 11:28:00,LONG,25610.0,25615.2,17.59,1.42,396339,2026-02-20 11:33:00,25597.61,stop,-17.59,-2278.31,9.8,-19.2,3,False
396352,2026-02-20 11:46:00,LONG,25642.0,25642.9,12.2,1.08,396353,2026-02-20 11:47:00,25630.7,stop,-12.2,-1928.33,0.3,-13.9,0,False
396429,2026-02-20 13:03:00,SHORT,25599.4,25598.0,14.31,1.108,396436,2026-02-20 13:10:00,25569.38,target,28.62,725.04,38.0,-11.6,3,True
396531,2026-02-20 14:45:00,LONG,25650.0,25661.0,23.17,1.904,396537,2026-02-20 14:51:00,25637.83,stop,-23.17,-2641.8,19.0,-25.8,1,True
396565,2026-02-20 15:19:00,SHORT,25575.0,25563.3,25.01,1.879,396568,2026-02-20 15:22:00,25588.31,stop,-25.01,-2759.97,18.3,-34.7,0,False
396731,2026-02-23 11:50:00,SHORT,25645.0,25629.8,26.5,2.345,396734,2026-02-23 11:53:00,25656.3,stop,-26.5,-2858.14,7.1,-35.1,2,True
396816,2026-02-23 13:15:00,SHORT,25622.7,25622.6,9.02,1.011,396818,2026-02-23 13:17:00,25631.62,stop,-9.02,-1722.07,0.8,-22.2,0,False
396860,2026-02-23 13:59:00,SHORT,25638.9,25637.0,11.4,1.2,396864,2026-02-23 14:03:00,25614.2,target,22.8,346.63,26.0,-8.0,2,True
396891,2026-02-23 14:30:00,LONG,25676.3,25702.3,38.99,3.001,396905,2026-02-23 14:44:00,25663.31,stop,-38.99,-3670.85,12.7,-42.1,1,True
396923,2026-02-23 15:02:00,LONG,25707.5,25717.9,24.07,1.761,396931,2026-02-23 15:10:00,25693.83,stop,-24.07,-2701.03,7.1,-26.9,1,True
397076,2026-02-24 11:20:00,LONG,25520.0,25524.7,15.4,1.439,397079,2026-02-24 11:23:00,25509.3,stop,-15.4,-2134.62,2.9,-19.4,1,True
397100,2026-02-24 11:44:00,SHORT,25499.8,25496.4,13.56,1.335,397115,2026-02-24 11:59:00,25469.28,target,27.12,629.44,27.3,-3.7,1,True
397127,2026-02-24 12:11:00,SHORT,25456.0,25453.8,11.27,1.243,397129,2026-02-24 12:13:00,25465.07,stop,-11.27,-1865.15,3.8,-20.2,0,False
397250,2026-02-24 14:14:00,LONG,25441.0,25441.1,14.3,1.007,397253,2026-02-24 14:17:00,25426.8,stop,-14.3,-2061.93,3.9,-27.8,3,True
397368,2026-02-25 09:57:00,LONG,25749.0,25752.0,16.09,1.229,397378,2026-02-25 10:07:00,25784.17,target,32.17,952.96,33.0,-0.9,0,False
397477,2026-02-25 11:46:00,LONG,25769.8,25774.0,12.42,1.511,397484,2026-02-25 11:53:00,25761.58,stop,-12.42,-1945.07,1.1,-13.0,1,False
397522,2026-02-25 12:31:00,SHORT,25735.0,25732.5,9.7,1.347,397524,2026-02-25 12:33:00,25713.1,target,19.4,123.76,36.5,-1.1,1,True
397629,2026-02-25 14:18:00,LONG,25620.2,25625.0,15.64,1.443,397639,2026-02-25 14:28:00,25609.36,stop,-15.64,-2151.88,14.5,-25.0,4,True
397673,2026-02-25 15:02:00,LONG,25639.5,25641.9,15.14,1.188,397676,2026-02-25 15:05:00,25626.76,stop,-15.14,-2119.52,3.1,-19.5,1,True
397802,2026-02-26 10:56:00,SHORT,25660.0,25650.0,20.72,1.933,397820,2026-02-26 11:14:00,25670.72,stop,-20.72,-2482.58,23.0,-24.8,1,True
397998,2026-02-26 14:12:00,LONG,25585.2,25586.0,11.38,1.076,398007,2026-02-26 14:21:00,25574.62,stop,-11.38,-1874.25,14.0,-16.0,3,True
398326,2026-02-27 13:25:00,LONG,25432.9,25435.0,8.46,1.33,398335,2026-02-27 13:34:00,25426.54,stop,-8.46,-1681.91,4.0,-12.8,0,False
398421,2026-02-27 15:00:00,SHORT,25420.9,25377.0,57.99,4.116,398446,2026-02-27 15:25:00,25329.4,eod,47.6,1962.86,90.9,-0.7,1,False
398704,2026-03-02 13:28:00,SHORT,24826.0,24816.5,19.09,1.99,398731,2026-03-02 13:55:00,24778.31,target,38.19,1360.48,53.5,-17.2,2,True
398742,2026-03-02 14:06:00,LONG,24852.8,24889.8,59.06,2.678,398778,2026-03-02 14:42:00,25007.91,target,118.11,6552.63,120.2,-32.5,6,True
398871,2026-03-04 10:00:00,SHORT,24451.1,24438.6,31.57,1.655,398873,2026-03-04 10:02:00,24470.17,stop,-31.57,-3167.42,5.6,-35.9,1,True
398897,2026-03-04 10:26:00,LONG,24545.0,24555.0,29.77,1.506,398904,2026-03-04 10:33:00,24525.23,stop,-29.77,-3051.86,11.5,-38.3,1,True
398959,2026-03-04 11:28:00,SHORT,24498.0,24492.0,20.04,1.427,398982,2026-03-04 11:51:00,24512.04,stop,-20.04,-2419.09,26.0,-22.6,5,True
399033,2026-03-04 12:42:00,SHORT,24484.0,24470.1,25.85,2.163,399035,2026-03-04 12:44:00,24495.95,stop,-25.85,-2796.35,0.1,-36.0,4,False
399202,2026-03-05 09:16:00,LONG,24700.0,24715.0,37.23,1.675,399204,2026-03-05 09:18:00,24677.77,stop,-37.23,-3539.44,16.0,-37.6,0,False
399291,2026-03-05 10:45:00,LONG,24743.0,24745.0,18.2,1.123,399295,2026-03-05 10:49:00,24726.8,stop,-18.2,-2303.37,4.0,-19.9,2,True
399301,2026-03-05 10:55:00,LONG,24749.0,24749.9,15.72,1.061,399304,2026-03-05 10:58:00,24734.18,stop,-15.72,-2142.16,10.1,-18.2,0,False
399461,2026-03-05 13:35:00,SHORT,24719.9,24710.8,22.36,1.686,399483,2026-03-05 13:57:00,24666.07,target,44.73,1787.54,54.1,-8.8,2,False
399495,2026-03-05 14:09:00,SHORT,24650.5,24640.7,23.64,1.708,399509,2026-03-05 14:23:00,24664.34,stop,-23.64,-2655.48,10.1,-38.3,2,False
399524,2026-03-05 14:38:00,LONG,24760.0,24773.8,30.72,1.815,399526,2026-03-05 14:40:00,24835.24,target,61.44,2872.07,70.2,-2.7,1,True
399768,2026-03-06 12:27:00,SHORT,24700.0,24695.0,13.68,1.576,399792,2026-03-06 12:51:00,24708.68,stop,-13.68,-2008.96,23.0,-15.0,4,True
399833,2026-03-06 13:32:00,SHORT,24688.5,24685.3,11.73,1.375,399838,2026-03-06 13:37:00,24697.03,stop,-11.73,-1881.93,18.3,-39.7,3,True
399857,2026-03-06 13:56:00,SHORT,24667.0,24659.1,19.78,1.665,399862,2026-03-06 14:01:00,24678.88,stop,-19.78,-2404.79,16.5,-19.8,1,True
399904,2026-03-06 14:43:00,SHORT,24630.6,24630.0,13.54,1.046,399905,2026-03-06 14:44:00,24643.54,stop,-13.54,-1998.61,7.0,-18.5,1,True
400003,2026-03-09 10:07:00,LONG,23885.8,23886.5,18.59,1.039,400011,2026-03-09 10:15:00,23867.91,stop,-18.59,-2313.69,35.9,-22.1,2,True
400028,2026-03-09 10:32:00,SHORT,23845.7,23843.2,18.59,1.155,400029,2026-03-09 10:33:00,23861.79,stop,-18.59,-2313.67,8.4,-19.6,2,True
400047,2026-03-09 10:51:00,LONG,23890.1,23957.0,90.41,3.846,400299,2026-03-09 15:03:00,24137.81,target,180.81,10643.26,220.1,-80.5,1,False
400385,2026-03-10 10:14:00,LONG,24237.0,24238.6,16.96,1.104,400386,2026-03-10 10:15:00,24272.52,target,33.92,1092.79,38.2,-10.2,0,False
400415,2026-03-10 10:44:00,LONG,24300.0,24303.6,19.12,1.232,400424,2026-03-10 10:53:00,24284.48,stop,-19.12,-2355.29,16.4,-28.0,4,True
400513,2026-03-10 12:22:00,SHORT,24235.0,24222.0,28.65,1.83,400516,2026-03-10 12:25:00,24250.65,stop,-28.65,-2974.09,0.0,-30.5,0,False
400552,2026-03-10 13:01:00,LONG,24315.0,24322.0,21.0,1.5,400558,2026-03-10 13:07:00,24301.0,stop,-21.0,-2477.75,7.2,-25.8,5,True
400659,2026-03-10 14:48:00,LONG,24352.8,24357.0,20.4,1.259,400682,2026-03-10 15:11:00,24397.8,target,40.8,1537.28,47.1,-16.8,0,False
400711,2026-03-11 09:25:00,SHORT,24306.0,24305.6,18.9,1.022,400713,2026-03-11 09:27:00,24324.5,stop,-18.9,-2341.48,14.5,-20.2,2,True
400716,2026-03-11 09:30:00,SHORT,24303.0,24302.4,18.28,1.034,400724,2026-03-11 09:38:00,24265.85,target,36.55,1263.14,38.4,-12.8,4,True
400754,2026-03-11 10:08:00,SHORT,24222.0,24209.9,26.36,1.848,400789,2026-03-11 10:43:00,24157.18,target,52.72,2315.83,56.5,-17.2,3,True
400841,2026-03-11 11:35:00,SHORT,24077.6,24062.5,28.45,2.131,400843,2026-03-11 11:37:00,24090.95,stop,-28.45,-2958.12,2.4,-41.3,2,True
400900,2026-03-11 12:34:00,SHORT,24079.2,24069.1,24.5,1.702,400911,2026-03-11 12:45:00,24093.6,stop,-24.5,-2701.16,28.4,-25.5,0,False
401015,2026-03-11 14:29:00,LONG,24049.9,24053.9,22.42,1.217,401016,2026-03-11 14:30:00,24031.48,stop,-22.42,-2565.88,0.1,-38.9,0,False
401045,2026-03-11 14:59:00,SHORT,23948.0,23945.0,20.43,1.172,401046,2026-03-11 15:00:00,23965.43,stop,-20.43,-2434.53,0.0,-30.7,0,False
401053,2026-03-11 15:07:00,SHORT,23940.0,23925.0,34.31,1.777,401071,2026-03-11 15:25:00,23931.0,eod,-6.0,-1496.45,2.0,-29.5,0,False
401263,2026-03-12 12:22:00,LONG,23824.8,23828.1,18.32,1.22,401273,2026-03-12 12:32:00,23809.78,stop,-18.32,-2295.52,10.3,-25.7,0,False
401302,2026-03-12 13:01:00,SHORT,23771.2,23765.0,20.6,1.431,401315,2026-03-12 13:14:00,23785.6,stop,-20.6,-2442.67,38.7,-33.9,0,False
401324,2026-03-12 13:23:00,LONG,23799.9,23812.7,27.39,1.877,401332,2026-03-12 13:31:00,23867.48,target,54.78,2455.5,56.1,-2.2,1,True
401571,2026-03-13 11:15:00,SHORT,23391.4,23388.5,17.73,1.196,401572,2026-03-13 11:16:00,23406.23,stop,-17.73,-2249.54,0.8,-21.2,0,False
402122,2026-03-16 14:11:00,LONG,23240.0,23243.0,20.2,1.174,402124,2026-03-16 14:13:00,23222.8,stop,-20.2,-2407.34,6.0,-22.7,0,False
402540,2026-03-17 14:54:00,LONG,23628.5,23634.7,24.02,1.348,402549,2026-03-17 15:03:00,23610.68,stop,-24.02,-2662.5,35.3,-26.8,3,True
402610,2026-03-18 09:49:00,LONG,23749.5,23750.1,16.21,1.038,402616,2026-03-18 09:55:00,23733.89,stop,-16.21,-2157.16,23.5,-33.1,0,False
402709,2026-03-18 11:28:00,LONG,23815.4,23816.6,13.31,1.099,402716,2026-03-18 11:35:00,23803.29,stop,-13.31,-1969.52,3.4,-16.6,6,True
402758,2026-03-18 12:17:00,SHORT,23787.1,23786.5,10.43,1.061,402759,2026-03-18 12:18:00,23796.93,stop,-10.43,-1782.09,0.0,-12.5,3,True
402791,2026-03-18 12:50:00,LONG,23800.0,23800.1,10.87,1.009,402794,2026-03-18 12:53:00,23789.23,stop,-10.87,-1810.52,9.9,-11.6,0,False
402815,2026-03-18 13:14:00,LONG,23810.0,23811.0,11.97,1.091,402823,2026-03-18 13:22:00,23834.94,target,23.94,451.31,26.0,-9.0,2,True
402894,2026-03-18 14:33:00,SHORT,23814.5,23804.0,22.69,1.862,402942,2026-03-18 15:21:00,23758.62,target,45.38,1845.2,65.8,-17.3,0,False
403103,2026-03-19 11:47:00,LONG,23260.0,23265.0,15.86,1.46,403105,2026-03-19 11:49:00,23249.14,stop,-15.86,-2126.11,0.0,-22.0,1,True
403130,2026-03-19 12:14:00,LONG,23265.6,23274.0,21.29,1.652,403137,2026-03-19 12:21:00,23252.71,stop,-21.29,-2478.82,13.8,-22.4,0,False
403186,2026-03-19 13:10:00,SHORT,23234.1,23223.0,24.83,1.808,403205,2026-03-19 13:29:00,23173.33,target,49.67,2134.26,53.0,-16.0,4,True
403328,2026-03-20 09:17:00,LONG,23288.9,23299.9,39.89,1.381,403357,2026-03-20 09:46:00,23260.01,stop,-39.89,-3688.01,49.9,-45.1,2,True
403373,2026-03-20 10:02:00,SHORT,23254.8,23251.5,21.98,1.177,403376,2026-03-20 10:05:00,23273.48,stop,-21.98,-2523.44,4.1,-24.5,1,True
403403,2026-03-20 10:32:00,LONG,23289.5,23290.5,17.53,1.06,403417,2026-03-20 10:46:00,23325.56,target,35.06,1182.97,56.9,0.0,5,True
403452,2026-03-20 11:21:00,LONG,23349.8,23370.0,35.81,2.294,403466,2026-03-20 11:35:00,23334.19,stop,-35.81,-3424.0,8.0,-35.9,1,True
403481,2026-03-20 11:50:00,SHORT,23290.0,23280.1,23.04,1.753,403500,2026-03-20 12:09:00,23234.02,target,46.08,1900.09,55.1,-19.8,0,False
403509,2026-03-20 12:18:00,SHORT,23225.0,23222.0,17.67,1.204,403513,2026-03-20 12:22:00,23186.65,target,35.35,1203.14,39.5,-4.0,2,True
403633,2026-03-20 14:22:00,SHORT,23203.9,23193.8,27.12,1.593,403654,2026-03-20 14:43:00,23139.56,target,54.24,2431.8,72.1,-17.1,0,False
403888,2026-03-23 12:22:00,SHORT,22514.3,22513.5,14.87,1.057,403890,2026-03-23 12:24:00,22483.75,target,29.75,851.45,38.3,-6.0,6,True
403947,2026-03-23 13:21:00,LONG,22525.0,22531.5,22.64,1.403,403949,2026-03-23 13:23:00,22508.86,stop,-22.64,-2553.95,1.9,-25.8,0,False
403970,2026-03-23 13:44:00,LONG,22578.0,22582.1,23.58,1.211,403977,2026-03-23 13:51:00,22629.25,target,47.15,1980.79,51.4,-8.4,0,False
404011,2026-03-23 14:25:00,SHORT,22600.2,22585.2,35.68,1.725,404013,2026-03-23 14:27:00,22620.88,stop,-35.68,-3402.61,5.2,-37.6,0,False
404382,2026-03-24 14:21:00,SHORT,22945.0,22933.1,38.3,1.451,404446,2026-03-24 15:25:00,22958.9,eod,-25.8,-2766.53,68.6,-37.8,0,False
404525,2026-03-25 10:29:00,LONG,23309.0,23310.2,17.81,1.072,404539,2026-03-25 10:43:00,23345.82,target,35.62,1218.76,55.8,-14.8,12,True
404558,2026-03-25 11:02:00,LONG,23374.2,23384.0,22.59,1.766,404564,2026-03-25 11:08:00,23429.17,target,45.17,1838.51,47.5,-14.0,1,True
404594,2026-03-25 11:38:00,SHORT,23346.6,23338.3,22.36,1.59,404597,2026-03-25 11:41:00,23360.66,stop,-22.36,-2549.74,1.9,-33.0,0,False
404630,2026-03-25 12:14:00,LONG,23434.3,23438.4,18.19,1.291,404633,2026-03-25 12:17:00,23420.21,stop,-18.19,-2279.96,2.3,-26.4,0,False
404814,2026-03-25 15:18:00,SHORT,23295.4,23287.0,23.73,1.548,404821,2026-03-25 15:25:00,23286.3,eod,0.7,-1050.02,15.9,-5.7,8,True
404984,2026-03-27 11:53:00,LONG,22964.0,22965.7,13.43,1.145,404986,2026-03-27 11:55:00,22952.27,stop,-13.43,-1962.64,3.5,-14.5,0,False
405008,2026-03-27 12:17:00,SHORT,22928.0,22927.0,12.21,1.089,405016,2026-03-27 12:25:00,22939.4,stop_gap,-12.4,-1895.39,18.5,-17.9,0,False
405068,2026-03-27 13:17:00,LONG,22977.6,22993.9,31.6,2.066,405072,2026-03-27 13:21:00,22962.3,stop,-31.6,-3143.8,0.0,-37.1,0,False
405117,2026-03-27 14:06:00,SHORT,22901.8,22897.2,18.56,1.329,405143,2026-03-27 14:32:00,22860.07,target,37.13,1324.39,42.2,-14.8,1,True
405186,2026-03-27 15:15:00,SHORT,22813.7,22810.3,17.5,1.241,405196,2026-03-27 15:25:00,22808.9,eod,1.4,-996.36,4.9,-12.2,2,True
405369,2026-03-30 12:03:00,LONG,22537.9,22550.0,29.41,1.699,405371,2026-03-30 12:05:00,22608.82,target,58.82,2739.87,60.0,-10.0,0,False
405451,2026-03-30 13:25:00,SHORT,22480.0,22475.7,19.38,1.285,405461,2026-03-30 13:35:00,22495.08,stop,-19.38,-2341.53,23.6,-33.4,4,True
405475,2026-03-30 13:49:00,SHORT,22448.6,22447.3,16.31,1.087,405488,2026-03-30 14:02:00,22463.61,stop,-16.31,-2141.46,27.3,-29.3,4,True
405504,2026-03-30 14:18:00,SHORT,22420.0,22417.0,17.82,1.202,405506,2026-03-30 14:20:00,22434.82,stop,-17.82,-2239.1,1.1,-24.8,5,True
405678,2026-04-01 10:57:00,SHORT,22882.7,22877.9,18.77,1.344,405686,2026-04-01 11:05:00,22840.36,target,37.54,1351.66,38.9,-4.9,1,True
405744,2026-04-01 12:03:00,LONG,22926.6,22958.7,49.43,2.853,405826,2026-04-01 13:25:00,22909.27,stop,-49.43,-4301.92,60.3,-53.7,5,True
405841,2026-04-01 13:40:00,SHORT,22850.0,22819.0,49.94,2.637,405875,2026-04-01 14:14:00,22868.94,stop,-49.94,-4333.74,67.0,-50.9,2,True
406036,2026-04-02 10:40:00,LONG,22327.3,22329.2,16.72,1.128,406037,2026-04-02 10:41:00,22312.48,stop,-16.72,-2165.72,0.6,-17.2,2,False
406085,2026-04-02 11:29:00,SHORT,22280.0,22279.5,13.43,1.039,406088,2026-04-02 11:32:00,22292.93,stop,-13.43,-1950.95,1.5,-20.5,5,True
406176,2026-04-02 13:00:00,LONG,22447.8,22471.4,41.87,2.292,406183,2026-04-02 13:07:00,22429.53,stop,-41.87,-3802.65,18.6,-55.1,2,True
406245,2026-04-02 14:09:00,LONG,22645.6,22653.0,29.45,1.336,406249,2026-04-02 14:13:00,22711.9,target,58.9,2742.81,64.1,-12.1,4,True
406269,2026-04-02 14:33:00,LONG,22750.0,22765.0,38.27,1.645,406272,2026-04-02 14:36:00,22726.73,stop,-38.27,-3573.27,10.0,-43.0,2,True
406487,2026-04-06 11:56:00,LONG,22760.0,22778.3,37.09,1.974,406490,2026-04-06 11:59:00,22741.21,stop,-37.09,-3497.16,11.7,-37.1,0,False
406539,2026-04-06 12:48:00,LONG,22810.0,22820.0,30.45,1.489,406550,2026-04-06 12:59:00,22880.9,target,60.9,2870.04,74.7,0.0,0,False
406626,2026-04-06 14:15:00,LONG,22999.7,23012.0,29.47,1.716,406627,2026-04-06 14:16:00,22982.53,stop,-29.47,-3006.12,0.7,-30.9,2,True
406672,2026-04-06 15:01:00,LONG,23019.0,23040.0,40.12,2.098,406696,2026-04-06 15:25:00,23051.9,eod,11.9,-317.96,49.0,-8.0,17,True
406799,2026-04-07 10:53:00,SHORT,22950.0,22935.0,35.8,1.721,406828,2026-04-07 11:22:00,22970.8,stop,-35.8,-3416.37,50.0,-45.0,0,False
406942,2026-04-07 13:16:00,LONG,22996.8,22998.0,12.46,1.107,406952,2026-04-07 13:26:00,22985.54,stop,-12.46,-1900.05,21.0,-23.0,1,True
406968,2026-04-07 13:42:00,LONG,23089.0,23095.3,24.5,1.346,406974,2026-04-07 13:48:00,23070.8,stop,-24.5,-2684.14,16.7,-25.2,0,False
407013,2026-04-07 14:27:00,LONG,23075.2,23075.8,17.3,1.036,407022,2026-04-07 14:36:00,23058.5,stop,-17.3,-2216.27,22.2,-24.8,0,False
407296,2026-04-08 12:55:00,LONG,24020.0,24024.4,16.59,1.361,407309,2026-04-08 13:08:00,24007.81,stop,-16.59,-2186.56,11.8,-24.2,1,True
407339,2026-04-08 13:38:00,LONG,24050.0,24050.7,10.58,1.071,407341,2026-04-08 13:40:00,24040.12,stop,-10.58,-1796.36,19.1,-11.7,2,True
407348,2026-04-08 13:47:00,SHORT,24025.0,24022.0,14.71,1.256,407358,2026-04-08 13:57:00,24036.71,stop,-14.71,-2064.39,10.0,-17.0,0,False
407540,2026-04-09 10:44:00,SHORT,23881.0,23876.0,21.37,1.305,407543,2026-04-09 10:47:00,23897.37,stop,-21.37,-2494.75,1.0,-23.0,2,True
407587,2026-04-09 11:31:00,LONG,23935.0,23936.7,18.02,1.104,407590,2026-04-09 11:34:00,23918.68,stop,-18.02,-2277.59,0.3,-31.6,3,True
407654,2026-04-09 12:38:00,SHORT,23921.9,23917.0,18.67,1.356,407664,2026-04-09 12:48:00,23879.66,target,37.34,1321.0,46.9,-18.0,2,True
407744,2026-04-09 14:08:00,LONG,23850.4,23863.8,29.0,1.859,407746,2026-04-09 14:10:00,23834.8,stop,-29.0,-2989.86,1.2,-32.7,5,True
407827,2026-04-10 09:16:00,LONG,23969.3,23980.0,29.33,1.574,407869,2026-04-10 09:58:00,24038.66,target,58.66,2704.64,60.0,-28.0,0,False
407916,2026-04-10 10:45:00,SHORT,24043.1,24041.1,14.06,1.166,407932,2026-04-10 11:01:00,24055.16,stop,-14.06,-2022.1,27.8,-18.9,0,False
407968,2026-04-10 11:37:00,SHORT,24029.3,24026.3,13.32,1.291,407970,2026-04-10 11:39:00,24039.62,stop,-13.32,-1973.78,0.3,-18.7,3,False
408015,2026-04-10 12:24:00,LONG,24062.0,24069.0,16.69,1.722,408019,2026-04-10 12:28:00,24052.31,stop,-16.69,-2193.51,11.3,-18.8,2,True
408094,2026-04-10 13:43:00,LONG,24070.2,24072.0,8.83,1.256,408099,2026-04-10 13:48:00,24063.17,stop,-8.83,-1683.06,2.9,-17.5,0,False
408110,2026-04-10 13:59:00,LONG,24080.3,24090.0,17.81,2.196,408125,2026-04-10 14:14:00,24072.19,stop,-17.81,-2266.67,9.0,-48.0,1,True
408126,2026-04-10 14:15:00,SHORT,24039.8,24014.7,42.56,2.438,408160,2026-04-10 14:49:00,24057.26,stop,-42.56,-3874.45,29.7,-45.3,5,True
408178,2026-04-10 15:07:00,LONG,24099.0,24101.0,17.41,1.13,408196,2026-04-10 15:25:00,24108.5,eod,7.5,-622.05,19.0,-9.0,2,True
408229,2026-04-13 09:43:00,LONG,23683.9,23688.0,25.5,1.192,408231,2026-04-13 09:45:00,23662.5,stop,-25.5,-2759.82,2.0,-26.2,2,True
408343,2026-04-13 11:37:00,LONG,23789.8,23790.0,12.27,1.017,408356,2026-04-13 11:50:00,23814.53,target,24.53,490.22,40.0,-8.0,7,True
408429,2026-04-13 13:03:00,SHORT,23815.5,23808.7,22.1,1.445,408432,2026-04-13 13:06:00,23830.8,stop,-22.1,-2540.69,0.0,-30.3,0,False
408565,2026-04-13 15:19:00,SHORT,23855.0,23850.0,21.12,1.31,408571,2026-04-13 15:25:00,23848.0,eod,2.0,-975.14,10.5,-9.9,2,True
408825,2026-04-15 13:24:00,SHORT,24211.0,24208.1,15.15,1.237,408828,2026-04-15 13:27:00,24223.25,stop,-15.15,-2096.24,0.1,-16.9,0,False
408882,2026-04-15 14:21:00,LONG,24256.0,24258.0,10.81,1.227,408884,2026-04-15 14:23:00,24247.19,stop,-10.81,-1814.93,1.8,-13.0,13,True
408890,2026-04-15 14:29:00,LONG,24259.4,24260.0,8.41,1.077,408897,2026-04-15 14:36:00,24251.59,stop,-8.41,-1658.59,7.0,-15.0,5,True
408912,2026-04-15 14:51:00,LONG,24264.2,24277.0,20.93,2.574,408921,2026-04-15 15:00:00,24256.07,stop,-20.93,-2472.61,2.0,-27.0,3,True
408928,2026-04-15 15:07:00,SHORT,24241.0,24237.9,13.85,1.288,408946,2026-04-15 15:25:00,24230.0,eod,7.9,-598.26,10.1,-3.1,0,False
409059,2026-04-16 11:03:00,LONG,24327.3,24330.0,12.02,1.29,409063,2026-04-16 11:07:00,24317.98,stop,-12.02,-1894.79,0.0,-15.0,0,False
409082,2026-04-16 11:26:00,SHORT,24294.6,24289.9,14.61,1.474,409100,2026-04-16 11:44:00,24260.67,target,29.23,787.21,34.9,-10.1,1,True
409113,2026-04-16 11:57:00,SHORT,24220.0,24209.0,24.25,1.83,409120,2026-04-16 12:04:00,24160.5,target,48.5,2041.07,52.0,-6.2,4,True
409226,2026-04-16 13:50:00,LONG,24168.0,24194.0,40.83,2.754,409239,2026-04-16 14:03:00,24153.17,stop,-40.83,-3764.12,1.0,-51.7,1,True
409265,2026-04-16 14:29:00,LONG,24196.0,24201.2,19.12,1.373,409275,2026-04-16 14:39:00,24239.45,target,38.25,1374.23,40.8,-10.1,4,True
409375,2026-04-17 10:04:00,LONG,24250.0,24259.0,26.34,1.519,409399,2026-04-17 10:28:00,24311.68,target,52.68,2311.49,55.0,-8.9,0,False
409454,2026-04-17 11:23:00,LONG,24285.9,24295.0,19.49,1.876,409496,2026-04-17 12:05:00,24275.51,stop,-19.49,-2379.34,36.4,-20.0,5,True
409563,2026-04-17 13:12:00,LONG,24300.0,24304.0,12.79,1.455,409568,2026-04-17 13:17:00,24291.21,stop,-12.79,-1944.26,1.0,-14.0,4,True
409631,2026-04-17 14:20:00,LONG,24330.0,24333.1,11.42,1.373,409638,2026-04-17 14:27:00,24321.68,stop,-11.42,-1855.23,8.9,-15.2,9,True
409695,2026-04-17 15:24:00,LONG,24373.1,24375.0,9.73,1.243,409696,2026-04-17 15:25:00,24365.27,stop,-9.73,-1746.69,0.0,-9.9,4,True
409876,2026-04-20 12:10:00,SHORT,24445.9,24440.0,14.82,1.662,409892,2026-04-20 12:26:00,24454.82,stop,-14.82,-2078.31,17.0,-25.0,2,True
409913,2026-04-20 12:47:00,LONG,24470.0,24470.3,9.21,1.034,409918,2026-04-20 12:52:00,24488.71,target,18.41,80.74,19.7,-3.2,9,False
409994,2026-04-20 14:08:00,SHORT,24355.0,24352.6,16.93,1.165,409996,2026-04-20 14:10:00,24369.53,stop,-16.93,-2214.31,0.0,-22.4,0,False
410010,2026-04-20 14:24:00,LONG,24395.5,24397.1,17.19,1.103,410026,2026-04-20 14:40:00,24379.91,stop,-17.19,-2231.77,30.9,-18.1,0,False
410062,2026-04-20 15:16:00,SHORT,24350.0,24342.7,19.3,1.609,410070,2026-04-20 15:24:00,24304.11,target,38.59,1394.89,41.7,-0.3,3,True
410255,2026-04-21 12:14:00,LONG,24566.2,24568.0,10.27,1.213,410257,2026-04-21 12:16:00,24555.8,stop_gap,-12.2,-1910.26,2.0,-13.1,2,True
410286,2026-04-21 12:45:00,SHORT,24549.9,24549.0,11.05,1.089,410316,2026-04-21 13:15:00,24560.05,stop,-11.05,-1835.43,20.0,-12.0,1,True
410344,2026-04-21 13:43:00,SHORT,24528.0,24522.3,15.3,1.594,410347,2026-04-21 13:46:00,24537.6,stop,-15.3,-2111.21,0.0,-17.7,0,False
410383,2026-04-21 14:22:00,LONG,24580.0,24586.1,15.91,1.622,410392,2026-04-21 14:31:00,24570.19,stop,-15.91,-2151.9,3.7,-16.0,0,False
410464,2026-04-22 09:28:00,SHORT,24429.6,24425.1,22.51,1.25,410491,2026-04-22 09:55:00,24380.08,target,45.02,1811.5,48.1,-21.9,3,True
410518,2026-04-22 10:22:00,SHORT,24339.0,24331.4,20.07,1.61,410522,2026-04-22 10:26:00,24351.47,stop,-20.07,-2417.72,6.4,-24.6,1,True
410673,2026-04-22 12:57:00,LONG,24420.0,24421.0,12.97,1.084,410677,2026-04-22 13:01:00,24408.03,stop,-12.97,-1957.51,7.8,-14.1,1,True
410695,2026-04-22 13:19:00,SHORT,24399.0,24391.3,20.26,1.613,410709,2026-04-22 13:33:00,24411.56,stop,-20.26,-2431.14,27.3,-22.7,1,True
410734,2026-04-22 13:58:00,LONG,24428.8,24435.0,15.57,1.661,410739,2026-04-22 14:03:00,24419.43,stop,-15.57,-2127.16,11.0,-22.2,0,False
410796,2026-04-22 15:00:00,SHORT,24389.9,24388.0,13.84,1.159,410821,2026-04-22 15:25:00,24383.4,eod,4.6,-815.34,26.0,-6.9,0,False
410974,2026-04-23 11:43:00,SHORT,24165.0,24161.0,15.18,1.358,410978,2026-04-23 11:47:00,24176.18,stop,-15.18,-2097.42,1.0,-17.2,7,True
410984,2026-04-23 11:53:00,LONG,24190.7,24195.0,15.02,1.401,410995,2026-04-23 12:04:00,24179.98,stop,-15.02,-2086.98,5.0,-19.0,1,True
411140,2026-04-23 14:29:00,SHORT,24180.0,24175.0,17.09,1.414,411155,2026-04-23 14:44:00,24140.83,target,34.17,1110.55,35.0,-5.0,5,True
411203,2026-04-24 09:17:00,SHORT,24140.0,24136.0,19.83,1.253,411211,2026-04-24 09:25:00,24096.34,target,39.66,1468.16,53.5,-19.0,0,False
411318,2026-04-24 11:12:00,SHORT,23934.0,23932.0,13.13,1.18,411325,2026-04-24 11:19:00,23945.13,stop,-13.13,-1959.87,4.5,-16.9,0,False
411508,2026-04-24 14:22:00,LONG,23902.0,23902.3,12.84,1.024,411511,2026-04-24 14:25:00,23889.46,stop,-12.84,-1940.59,2.9,-21.6,0,False
411521,2026-04-24 14:35:00,LONG,23941.6,23944.9,19.69,1.201,411538,2026-04-24 14:52:00,23925.21,stop,-19.69,-2386.61,10.1,-24.8,4,True
411810,2026-04-27 13:09:00,LONG,24100.0,24102.6,12.48,1.263,411813,2026-04-27 13:12:00,24090.12,stop,-12.48,-1920.24,7.4,-12.6,0,False
411847,2026-04-27 13:46:00,LONG,24130.0,24131.0,12.79,1.085,411850,2026-04-27 13:49:00,24118.21,stop,-12.79,-1941.1,4.0,-18.2,5,True
411892,2026-04-27 14:31:00,SHORT,24100.0,24090.0,21.15,1.897,411899,2026-04-27 14:38:00,24111.15,stop,-21.15,-2484.28,5.0,-29.9,0,False
411919,2026-04-27 14:58:00,LONG,24135.0,24136.0,12.88,1.084,411921,2026-04-27 15:00:00,24123.12,stop,-12.88,-1946.87,3.0,-23.4,2,True
411981,2026-04-28 09:45:00,LONG,24140.0,24148.0,23.47,1.517,411985,2026-04-28 09:49:00,24124.53,stop,-23.47,-2635.6,2.0,-29.8,1,True
412052,2026-04-28 10:56:00,LONG,24170.0,24171.9,11.58,1.196,412056,2026-04-28 11:00:00,24160.32,stop,-11.58,-1863.29,2.1,-13.2,2,True
412079,2026-04-28 11:23:00,SHORT,24121.0,24120.0,11.63,1.094,412081,2026-04-28 11:25:00,24096.74,target,23.26,402.43,32.5,-1.0,0,False
412194,2026-04-28 13:18:00,LONG,24040.6,24043.3,13.45,1.251,412196,2026-04-28 13:20:00,24029.85,stop,-13.45,-1982.29,1.7,-18.3,2,False
412211,2026-04-28 13:35:00,SHORT,23980.2,23973.6,20.47,1.476,412216,2026-04-28 13:40:00,23994.07,stop,-20.47,-2438.06,8.6,-25.4,0,False
412284,2026-04-28 14:48:00,LONG,24037.4,24040.0,13.18,1.246,412293,2026-04-28 14:57:00,24026.82,stop,-13.18,-1965.08,5.0,-19.0,0,False
412448,2026-05-29 11:17:00,LONG,24018.7,24019.9,13.16,1.1,412451,2026-05-29 11:20:00,24006.74,stop,-13.16,-1962.96,0.1,-14.9,0,False
412545,2026-05-29 12:54:00,SHORT,23930.1,23927.0,15.67,1.247,412560,2026-05-29 13:09:00,23895.67,target,31.33,930.28,33.0,-11.5,0,False
412745,2026-06-01 09:59:00,SHORT,23634.0,23625.0,24.98,1.563,412797,2026-06-01 10:51:00,23649.98,stop,-24.98,-2725.13,44.0,-26.7,2,True
413114,2026-06-02 09:53:00,LONG,23378.4,23383.1,20.46,1.298,413135,2026-06-02 10:14:00,23362.64,stop,-20.46,-2426.7,16.9,-24.3,1,True
413143,2026-06-02 10:22:00,LONG,23400.0,23409.0,22.37,1.673,413173,2026-06-02 10:52:00,23386.63,stop,-22.37,-2551.35,41.0,-24.0,2,True
413193,2026-06-02 11:12:00,LONG,23387.9,23391.8,15.84,1.327,413199,2026-06-02 11:18:00,23375.96,stop,-15.84,-2126.81,8.2,-16.8,0,False
413246,2026-06-02 12:05:00,SHORT,23368.6,23361.2,20.09,1.583,413249,2026-06-02 12:08:00,23381.29,stop,-20.09,-2402.91,0.0,-24.9,5,True
413274,2026-06-02 12:33:00,LONG,23394.1,23428.0,48.65,3.299,413288,2026-06-02 12:47:00,23525.29,target,97.29,5224.62,105.2,-18.0,1,True
413313,2026-06-02 13:12:00,LONG,23570.0,23595.0,41.23,2.54,413401,2026-06-02 14:40:00,23553.77,stop,-41.23,-3780.22,51.7,-46.2,4,True
413455,2026-06-03 09:19:00,SHORT,23359.8,23356.6,28.77,1.125,413492,2026-06-03 09:56:00,23299.06,target,57.54,2643.34,70.5,-11.6,8,True
413529,2026-06-03 10:33:00,SHORT,23285.0,23280.0,20.18,1.329,413537,2026-06-03 10:41:00,23300.18,stop,-20.18,-2407.01,10.0,-29.1,1,True
413646,2026-06-03 12:30:00,LONG,23309.1,23334.4,39.97,2.725,413652,2026-06-03 12:36:00,23414.34,target,79.94,4098.33,95.6,-4.1,2,True
413722,2026-06-03 13:46:00,LONG,23439.0,23459.7,37.17,2.257,413756,2026-06-03 14:20:00,23534.03,target,74.33,3731.95,75.7,-21.7,1,True
413859,2026-06-04 09:48:00,LONG,23439.5,23444.0,22.88,1.245,413868,2026-06-04 09:57:00,23489.77,target,45.77,1876.14,61.0,-11.9,3,True
413889,2026-06-04 10:18:00,LONG,23507.6,23510.0,15.68,1.181,413898,2026-06-04 10:27:00,23494.32,stop,-15.68,-2118.45,0.0,-17.4,0,False
413962,2026-06-04 11:31:00,SHORT,23436.0,23432.0,16.85,1.311,413964,2026-06-04 11:33:00,23448.85,stop,-16.85,-2193.5,19.4,-22.0,2,False
413966,2026-06-04 11:35:00,LONG,23467.8,23475.0,22.49,1.471,413972,2026-06-04 11:41:00,23519.98,target,44.98,1824.49,46.4,-0.8,1,True
414064,2026-06-04 13:13:00,SHORT,23428.0,23418.8,28.35,1.48,414066,2026-06-04 13:15:00,23362.1,target,56.7,2587.86,59.6,-0.1,1,True
414111,2026-06-04 14:00:00,LONG,23433.8,23472.9,53.25,3.763,414196,2026-06-04 15:25:00,23530.5,eod,57.6,2644.47,68.6,-19.0,1,True
414246,2026-06-05 10:00:00,SHORT,23511.0,23510.0,16.99,1.063,414249,2026-06-05 10:03:00,23526.99,stop,-16.99,-2203.66,19.7,-51.0,2,True
414254,2026-06-05 10:08:00,LONG,23557.0,23559.9,23.63,1.14,414261,2026-06-05 10:15:00,23536.27,stop,-23.63,-2635.66,29.9,-38.4,1,True
414292,2026-06-05 10:46:00,SHORT,23402.0,23397.9,25.17,1.195,414294,2026-06-05 10:48:00,23423.07,stop,-25.17,-2733.72,0.4,-30.5,1,True
414383,2026-06-05 12:17:00,LONG,23510.5,23512.0,13.97,1.12,414397,2026-06-05 12:31:00,23498.03,stop,-13.97,-2007.11,18.0,-34.4,2,True
414403,2026-06-05 12:37:00,SHORT,23460.0,23450.0,22.11,1.826,414405,2026-06-05 12:39:00,23472.11,stop,-22.11,-2535.65,6.2,-30.0,0,False
414617,2026-06-08 09:56:00,LONG,23252.0,23257.0,23.54,1.27,414626,2026-06-08 10:05:00,23233.46,stop,-23.54,-2625.07,15.2,-32.0,1,True
414749,2026-06-08 12:08:00,SHORT,23255.0,23250.2,14.0,1.522,414751,2026-06-08 12:10:00,23264.2,stop,-14.0,-2004.86,0.2,-23.6,0,False
414752,2026-06-08 12:11:00,LONG,23275.0,23280.0,16.36,1.44,414784,2026-06-08 12:43:00,23312.73,target,32.73,1031.41,40.0,-15.0,1,False
414874,2026-06-08 14:13:00,SHORT,23211.0,23210.1,12.75,1.076,414880,2026-06-08 14:19:00,23222.85,stop,-12.75,-1923.15,10.1,-18.9,2,True
414922,2026-06-08 15:01:00,SHORT,23200.0,23191.1,21.94,1.682,414946,2026-06-08 15:25:00,23151.8,eod,39.3,1460.73,40.5,-7.4,7,True
414952,2026-06-09 09:16:00,LONG,23250.0,23256.9,22.79,1.434,414985,2026-06-09 09:49:00,23234.11,stop,-22.79,-2576.16,33.1,-22.9,1,True
415045,2026-06-09 10:49:00,SHORT,23200.0,23178.0,33.34,2.94,415051,2026-06-09 10:55:00,23211.34,stop,-33.34,-3260.71,15.3,-34.3,1,False
415116,2026-06-09 12:00:00,LONG,23237.6,23239.7,13.95,1.177,415120,2026-06-09 12:04:00,23225.75,stop,-13.95,-2001.09,1.3,-19.6,3,True
415172,2026-06-09 12:56:00,SHORT,23229.9,23222.0,18.56,1.741,415189,2026-06-09 13:13:00,23240.56,stop,-18.56,-2300.62,10.9,-23.0,0,False
415270,2026-06-09 14:34:00,LONG,23270.0,23273.0,11.84,1.339,415275,2026-06-09 14:39:00,23296.68,target,23.68,443.53,26.0,-7.0,6,True
415425,2026-06-10 10:54:00,LONG,23389.7,23390.0,11.86,1.026,415431,2026-06-10 11:00:00,23413.72,target,23.72,444.26,28.9,-10.0,2,True
415458,2026-06-10 11:27:00,LONG,23419.9,23420.0,11.04,1.009,415470,2026-06-10 11:39:00,23442.09,target,22.09,337.49,23.0,-7.4,0,False
415554,2026-06-10 13:03:00,LONG,23434.3,23438.9,16.83,1.376,415571,2026-06-10 13:20:00,23422.07,stop,-16.83,-2191.95,17.1,-17.9,1,True
415594,2026-06-10 13:43:00,SHORT,23388.5,23373.6,26.56,2.278,415626,2026-06-10 14:15:00,23320.48,target,53.12,2355.87,53.6,-21.8,1,True
415641,2026-06-10 14:30:00,SHORT,23325.2,23314.0,22.25,2.014,415656,2026-06-10 14:45:00,23269.5,target,44.5,1796.43,58.4,-20.0,4,True
415684,2026-06-10 15:13:00,SHORT,23239.6,23236.1,17.37,1.252,415696,2026-06-10 15:25:00,23249.0,eod,-12.9,-1933.18,15.1,-13.9,6,True
415702,2026-06-11 09:16:00,SHORT,23143.9,23116.0,47.45,2.427,415708,2026-06-11 09:22:00,23163.45,stop,-47.45,-4177.12,11.0,-55.0,1,True
415826,2026-06-11 11:20:00,LONG,23226.8,23234.0,20.45,1.543,415851,2026-06-11 11:45:00,23274.9,target,40.9,1563.47,48.5,-13.0,2,True
415939,2026-06-11 13:13:00,SHORT,23294.2,23290.0,16.88,1.331,415948,2026-06-11 13:22:00,23256.24,target,33.76,1099.25,35.0,-10.0,1,True
416014,2026-06-11 14:28:00,LONG,23269.6,23290.0,30.11,3.101,416022,2026-06-11 14:36:00,23259.89,stop,-30.11,-3052.35,0.0,-32.0,1,True
416049,2026-06-11 15:03:00,SHORT,23185.1,23178.9,20.66,1.429,416057,2026-06-11 15:11:00,23199.56,stop,-20.66,-2436.8,17.7,-21.0,2,True
416168,2026-06-12 10:47:00,SHORT,23380.6,23377.1,14.65,1.314,416170,2026-06-12 10:49:00,23391.75,stop,-14.65,-2049.63,7.1,-16.9,0,False
416192,2026-06-12 11:11:00,LONG,23400.0,23402.9,13.66,1.269,416200,2026-06-12 11:19:00,23389.24,stop,-13.66,-1985.35,7.1,-23.2,0,False
416237,2026-06-12 11:56:00,LONG,23410.0,23419.9,19.22,2.062,416240,2026-06-12 11:59:00,23400.68,stop,-19.22,-2346.92,0.0,-19.9,9,False
416251,2026-06-12 12:10:00,SHORT,23390.0,23381.0,18.73,1.925,416286,2026-06-12 12:45:00,23343.54,target,37.46,1337.93,45.0,-16.0,2,True
416536,2026-06-15 10:40:00,LONG,23982.0,23983.0,10.28,1.108,416546,2026-06-15 10:50:00,24003.55,target,20.55,228.1,32.4,-6.6,2,True
416601,2026-06-15 11:45:00,SHORT,23975.6,23971.4,14.83,1.395,416605,2026-06-15 11:49:00,23986.23,stop,-14.83,-2071.05,0.8,-16.6,1,True
416636,2026-06-15 12:20:00,SHORT,23930.0,23928.4,15.08,1.119,416637,2026-06-15 12:21:00,23943.48,stop,-15.08,-2086.52,0.0,-15.6,3,True
416685,2026-06-15 13:09:00,LONG,23955.4,23958.5,13.87,1.288,416691,2026-06-15 13:15:00,23944.63,stop,-13.87,-2008.08,26.5,-20.4,0,False
416727,2026-06-15 13:51:00,SHORT,23925.0,23921.0,15.56,1.346,416731,2026-06-15 13:55:00,23936.56,stop,-15.56,-2117.77,18.7,-17.9,1,True
416787,2026-06-15 14:51:00,SHORT,23932.0,23930.3,14.46,1.133,416788,2026-06-15 14:52:00,23944.76,stop,-14.46,-2046.46,0.2,-14.6,0,False
416807,2026-06-15 15:11:00,SHORT,23900.0,23896.5,18.18,1.238,416811,2026-06-15 15:15:00,23914.68,stop,-18.18,-2287.96,14.5,-23.5,0,False
416843,2026-06-16 09:32:00,LONG,23970.0,23975.0,17.65,1.395,416847,2026-06-16 09:36:00,23957.35,stop,-17.65,-2254.4,5.0,-18.9,3,True
416908,2026-06-16 10:37:00,LONG,23985.0,23988.4,13.83,1.326,416932,2026-06-16 11:01:00,23974.57,stop,-13.83,-2006.03,10.6,-16.6,0,False
416981,2026-06-16 11:50:00,LONG,23959.7,23968.9,19.84,1.865,416985,2026-06-16 11:54:00,23949.06,stop,-19.84,-2396.33,0.0,-22.8,2,True
416994,2026-06-16 12:03:00,SHORT,23933.8,23931.1,16.83,1.191,416998,2026-06-16 12:07:00,23948.6,stop_gap,-17.5,-2244.08,1.1,-18.9,0,False
417011,2026-06-16 12:20:00,SHORT,23929.0,23927.3,13.03,1.15,417016,2026-06-16 12:25:00,23940.33,stop,-13.03,-1953.75,7.3,-16.7,2,True
417073,2026-06-16 13:22:00,LONG,23970.0,23975.0,16.53,1.434,417121,2026-06-16 14:10:00,24008.05,target,33.05,1040.77,42.8,-6.2,9,False
417154,2026-06-16 14:43:00,SHORT,23990.1,23984.6,16.61,1.495,417164,2026-06-16 14:53:00,24001.21,stop,-16.61,-2186.97,13.5,-17.4,0,False
417257,2026-06-17 10:11:00,LONG,24080.0,24081.0,10.32,1.107,417258,2026-06-17 10:12:00,24070.68,stop,-10.32,-1779.43,1.2,-11.0,2,True
417338,2026-06-17 11:32:00,LONG,24098.0,24098.9,9.32,1.107,417342,2026-06-17 11:36:00,24089.58,stop,-9.32,-1714.98,0.6,-10.4,0,False
417422,2026-06-17 12:56:00,SHORT,24038.0,24037.3,11.31,1.066,417423,2026-06-17 12:57:00,24048.61,stop,-11.31,-1843.5,0.0,-12.7,1,True
417461,2026-06-17 13:35:00,LONG,24069.6,24074.0,15.48,1.397,417475,2026-06-17 13:49:00,24058.52,stop,-15.48,-2114.66,8.8,-16.0,1,True
417511,2026-06-17 14:25:00,SHORT,24043.0,24040.0,15.23,1.245,417529,2026-06-17 14:43:00,24055.23,stop,-15.23,-2098.17,15.0,-18.1,10,True
417543,2026-06-17 14:57:00,LONG,24064.0,24073.3,17.95,2.075,417571,2026-06-17 15:25:00,24087.5,eod,14.2,-186.17,34.7,-3.3,3,True
417832,2026-06-18 13:31:00,LONG,24145.6,24147.1,13.74,1.123,417852,2026-06-18 13:51:00,24133.36,stop,-13.74,-2002.93,6.7,-14.8,0,False
417923,2026-06-18 15:02:00,LONG,24153.9,24161.0,18.97,1.598,417929,2026-06-18 15:08:00,24198.95,target,37.95,1355.42,39.0,0.0,1,True
417961,2026-06-19 09:25:00,SHORT,23991.0,23990.0,20.21,1.052,417976,2026-06-19 09:40:00,24010.2,stop,-20.21,-2420.92,10.0,-25.3,1,True
418159,2026-06-19 12:43:00,SHORT,23980.0,23976.0,13.4,1.426,418160,2026-06-19 12:44:00,23989.4,stop,-13.4,-1978.26,0.0,-18.9,5,True
418176,2026-06-19 13:00:00,SHORT,23970.4,23966.5,12.47,1.455,418206,2026-06-19 13:30:00,23978.97,stop,-12.47,-1917.79,14.5,-13.5,3,True
418299,2026-06-19 15:03:00,LONG,24046.0,24050.0,21.07,1.234,418321,2026-06-19 15:25:00,24075.0,eod,25.0,516.07,31.0,-9.0,1,True
418371,2026-06-22 10:00:00,LONG,24150.3,24152.5,8.71,1.338,418376,2026-06-22 10:05:00,24143.79,stop,-8.71,-1676.58,2.3,-12.5,1,True
418427,2026-06-22 10:56:00,LONG,24170.0,24170.3,8.52,1.036,418445,2026-06-22 11:14:00,24161.78,stop,-8.52,-1664.53,6.0,-9.0,17,True
418488,2026-06-22 11:57:00,SHORT,24155.7,24155.1,6.29,1.105,418489,2026-06-22 11:58:00,24161.39,stop,-6.29,-1519.25,0.0,-9.9,4,True
418504,2026-06-22 12:13:00,SHORT,24146.6,24145.6,6.25,1.191,418507,2026-06-22 12:16:00,24151.85,stop,-6.25,-1516.34,3.3,-6.4,1,True
418538,2026-06-22 12:47:00,SHORT,24142.3,24141.5,6.38,1.143,418539,2026-06-22 12:48:00,24147.88,stop,-6.38,-1524.79,0.0,-13.7,7,True
418561,2026-06-22 13:10:00,SHORT,24140.0,24137.5,9.56,1.354,418568,2026-06-22 13:17:00,24147.06,stop,-9.56,-1731.24,7.2,-20.9,3,True
418605,2026-06-22 13:54:00,LONG,24152.8,24153.0,7.5,1.027,418614,2026-06-22 14:03:00,24145.5,stop,-7.5,-1597.87,9.3,-12.0,2,True
418639,2026-06-22 14:28:00,LONG,24162.3,24164.0,9.63,1.214,418642,2026-06-22 14:31:00,24154.37,stop,-9.63,-1736.06,1.0,-12.0,0,False
418661,2026-06-22 14:50:00,LONG,24165.0,24167.8,11.87,1.309,418664,2026-06-22 14:53:00,24155.0,stop_gap,-12.8,-1942.4,0.9,-12.8,3,True
418677,2026-06-22 15:06:00,SHORT,24130.0,24125.3,17.03,1.381,418696,2026-06-22 15:25:00,24115.0,eod,10.3,-440.33,12.8,-14.6,3,True
418926,2026-06-23 13:00:00,SHORT,23952.0,23950.0,13.88,1.168,418931,2026-06-23 13:05:00,23963.88,stop,-13.88,-2008.78,19.8,-17.3,11,True
419028,2026-06-23 14:42:00,LONG,23946.0,23950.0,17.18,1.303,419034,2026-06-23 14:48:00,23932.82,stop,-17.18,-2223.57,8.0,-24.3,0,False
419046,2026-06-23 15:00:00,SHORT,23885.0,23870.0,31.34,1.918,419071,2026-06-23 15:25:00,23825.0,eod,45.0,1819.63,50.0,-27.5,0,False
419124,2026-06-24 10:03:00,LONG,23899.0,23910.1,28.48,1.639,419148,2026-06-24 10:27:00,23967.06,target,56.96,2595.14,69.9,-19.5,3,True
419222,2026-06-24 11:41:00,LONG,23999.9,24005.0,13.6,1.6,419251,2026-06-24 12:10:00,23991.4,stop,-13.6,-1991.61,20.4,-14.5,3,True
419297,2026-06-24 12:56:00,LONG,24025.4,24026.0,13.5,1.046,419303,2026-06-24 13:02:00,24012.5,stop,-13.5,-1985.71,13.8,-15.9,4,True
419433,2026-06-24 15:12:00,SHORT,24043.9,24038.1,23.16,1.334,419436,2026-06-24 15:15:00,24061.26,stop,-23.16,-2613.5,10.2,-40.7,9,True
419458,2026-06-25 09:22:00,LONG,24150.0,24152.1,22.25,1.104,419467,2026-06-25 09:31:00,24129.85,stop,-22.25,-2556.17,17.9,-25.2,1,True
419485,2026-06-25 09:49:00,LONG,24168.9,24172.0,16.7,1.228,419544,2026-06-25 10:48:00,24205.4,target,33.4,1059.56,38.0,-6.6,6,True
419604,2026-06-25 11:48:00,LONG,24215.0,24215.6,7.15,1.092,419612,2026-06-25 11:56:00,24229.91,target,14.31,-181.64,18.4,-4.1,1,True
419691,2026-06-25 13:15:00,SHORT,24190.0,24185.2,15.65,1.442,419693,2026-06-25 13:17:00,24200.85,stop,-15.65,-2128.24,0.3,-18.0,2,True
419746,2026-06-25 14:10:00,SHORT,24180.0,24175.0,16.34,1.441,419750,2026-06-25 14:14:00,24142.32,target,32.68,1013.67,32.8,-7.7,1,True
419833,2026-06-29 09:22:00,LONG,24116.0,24119.0,17.64,1.205,419835,2026-06-29 09:24:00,24101.36,stop,-17.64,-2256.4,2.1,-27.0,0,False
419837,2026-06-29 09:26:00,SHORT,24080.7,24071.1,25.28,1.612,419855,2026-06-29 09:44:00,24096.38,stop,-25.28,-2752.02,41.1,-28.9,2,True
419895,2026-06-29 10:24:00,LONG,24105.0,24116.0,24.7,1.803,419921,2026-06-29 10:50:00,24091.3,stop,-24.7,-2714.93,23.0,-24.8,1,True
419964,2026-06-29 11:33:00,SHORT,24060.5,24036.4,36.76,2.903,420023,2026-06-29 12:32:00,23962.87,target,73.53,3671.21,86.1,-28.6,1,True
420101,2026-06-29 13:50:00,SHORT,23958.3,23951.7,18.47,1.556,420103,2026-06-29 13:52:00,23970.17,stop,-18.47,-2307.72,1.7,-18.5,5,True
420131,2026-06-29 14:20:00,LONG,23990.0,23994.2,16.37,1.345,420134,2026-06-29 14:23:00,23977.83,stop,-16.37,-2171.66,3.8,-24.2,1,False
420171,2026-06-29 15:00:00,LONG,24000.0,24002.8,20.96,1.154,420172,2026-06-29 15:01:00,23981.84,stop,-20.96,-2469.82,5.1,-30.8,3,False
420207,2026-06-30 09:21:00,SHORT,23945.1,23938.0,23.86,1.424,420218,2026-06-30 09:32:00,23890.27,target,47.73,1995.76,54.7,-2.0,11,True
420280,2026-06-30 10:34:00,LONG,23915.5,23918.9,15.61,1.279,420286,2026-06-30 10:40:00,23903.29,stop,-15.61,-2120.61,2.1,-19.9,1,False
420305,2026-06-30 10:59:00,SHORT,23891.0,23885.0,17.04,1.544,420309,2026-06-30 11:03:00,23902.04,stop,-17.04,-2213.19,8.4,-23.0,0,False
420384,2026-06-30 12:18:00,SHORT,23926.9,23926.2,10.61,1.071,420385,2026-06-30 12:19:00,23936.81,stop,-10.61,-1795.84,0.1,-13.8,1,False
420489,2026-06-30 14:03:00,SHORT,23920.0,23901.0,27.53,3.229,420510,2026-06-30 14:24:00,23928.53,stop,-27.53,-2895.23,33.0,-60.0,0,False
420511,2026-06-30 14:25:00,LONG,23975.0,23977.9,18.83,1.182,420514,2026-06-30 14:28:00,23959.07,stop,-18.83,-2331.1,4.1,-28.8,0,False
420546,2026-06-30 15:00:00,SHORT,23866.0,23855.4,26.61,1.662,420571,2026-06-30 15:25:00,23863.1,eod,-7.7,-1605.76,16.8,-26.3,0,False
420803,2026-07-01 13:02:00,SHORT,24100.0,24095.9,12.99,1.461,420813,2026-07-01 13:12:00,24108.89,stop,-12.99,-1953.63,7.8,-13.1,1,True
420839,2026-07-01 13:38:00,LONG,24120.0,24125.1,15.5,1.491,420846,2026-07-01 13:45:00,24109.6,stop,-15.5,-2116.91,4.0,-19.6,1,True
420901,2026-07-01 14:40:00,SHORT,24083.3,24071.3,23.3,2.062,420903,2026-07-01 14:42:00,24094.6,stop,-23.3,-2623.43,1.3,-31.5,2,True
421040,2026-07-02 10:44:00,LONG,24195.0,24197.0,13.27,1.178,421042,2026-07-02 10:46:00,24183.73,stop,-13.27,-1973.14,1.0,-17.0,0,False
421133,2026-07-02 12:17:00,LONG,24198.0,24202.0,15.26,1.355,421258,2026-07-02 14:22:00,24232.53,target,30.53,872.68,33.0,-10.1,7,True
421274,2026-07-02 14:38:00,LONG,24247.0,24252.0,16.29,1.443,421321,2026-07-02 15:25:00,24260.0,eod,8.0,-592.14,30.0,-5.6,1,True
421432,2026-07-03 11:01:00,LONG,24424.2,24424.9,6.45,1.122,421437,2026-07-03 11:06:00,24418.45,stop,-6.45,-1533.91,9.1,-9.3,5,True
421445,2026-07-03 11:14:00,SHORT,24400.0,24398.0,9.02,1.285,421450,2026-07-03 11:19:00,24407.02,stop,-9.02,-1701.06,1.5,-12.0,1,True
421724,2026-07-06 09:38:00,LONG,24435.9,24436.3,11.55,1.036,421730,2026-07-06 09:44:00,24424.75,stop,-11.55,-1865.77,0.3,-11.9,3,True
421732,2026-07-06 09:46:00,LONG,24442.6,24447.0,14.52,1.435,421759,2026-07-06 10:13:00,24432.48,stop,-14.52,-2058.72,5.9,-17.0,0,False
421766,2026-07-06 10:20:00,LONG,24452.9,24459.1,13.53,1.845,421866,2026-07-06 12:00:00,24486.17,target,27.07,643.42,29.4,-8.1,0,False
421975,2026-07-06 13:49:00,SHORT,24491.0,24489.1,7.57,1.335,421982,2026-07-06 13:56:00,24473.95,target,15.15,-131.49,17.0,-4.9,3,True
422030,2026-07-06 14:44:00,SHORT,24460.0,24455.0,13.35,1.599,422040,2026-07-06 14:54:00,24468.35,stop,-13.35,-1983.26,13.7,-14.0,8,True
422119,2026-07-07 09:58:00,LONG,24510.0,24514.0,13.32,1.429,422187,2026-07-07 11:06:00,24540.65,target,26.65,615.35,31.0,-9.0,21,True
422257,2026-07-07 12:16:00,SHORT,24541.0,24530.0,17.49,2.695,422280,2026-07-07 12:39:00,24495.02,target,34.98,1157.05,39.0,-10.0,3,True
422312,2026-07-07 13:11:00,SHORT,24491.0,24480.0,19.92,2.233,422359,2026-07-07 13:58:00,24499.92,stop,-19.92,-2410.89,10.2,-20.0,3,True
422422,2026-07-07 15:01:00,SHORT,24481.0,24475.1,14.03,1.726,422431,2026-07-07 15:10:00,24447.04,target,28.06,708.08,31.1,-4.9,1,True
422630,2026-07-08 12:14:00,SHORT,24251.6,24251.0,10.73,1.059,422634,2026-07-08 12:18:00,24261.73,stop,-10.73,-1809.76,11.0,-12.9,0,False
422678,2026-07-08 13:02:00,LONG,24265.0,24269.8,13.86,1.53,422685,2026-07-08 13:09:00,24255.94,stop,-13.86,-2012.86,5.2,-16.9,1,True
422912,2026-07-09 10:41:00,LONG,24107.0,24150.0,62.19,3.241,422917,2026-07-09 10:46:00,24087.81,stop,-62.19,-5151.53,30.9,-70.7,2,False
422931,2026-07-09 11:00:00,SHORT,24042.9,24036.0,26.4,1.354,422946,2026-07-09 11:15:00,24062.4,stop,-26.4,-2824.69,10.4,-31.6,0,False
423025,2026-07-09 12:34:00,SHORT,24101.0,24094.4,16.4,1.673,423033,2026-07-09 12:42:00,24061.59,target,32.81,1023.37,34.5,-3.6,1,True
423067,2026-07-09 13:16:00,LONG,24100.0,24102.0,12.59,1.189,423074,2026-07-09 13:23:00,24089.41,stop,-12.59,-1927.42,3.7,-22.0,1,True
423121,2026-07-09 14:10:00,SHORT,24070.0,24069.8,10.65,1.019,423122,2026-07-09 14:11:00,24080.45,stop,-10.65,-1801.06,3.8,-14.8,0,False
423143,2026-07-09 14:32:00,LONG,24099.0,24099.1,10.49,1.01,423148,2026-07-09 14:37:00,24088.61,stop,-10.49,-1790.79,14.9,-14.0,1,True
423219,2026-07-10 09:33:00,LONG,24218.9,24219.4,17.36,1.03,423317,2026-07-10 11:11:00,24202.04,stop,-17.36,-2239.4,30.6,-18.2,2,True
423354,2026-07-10 11:48:00,LONG,24215.0,24217.8,10.84,1.348,423355,2026-07-10 11:49:00,24205.3,stop_gap,-12.5,-1923.76,3.3,-12.5,1,True
423359,2026-07-10 11:53:00,SHORT,24191.0,24188.1,13.09,1.285,423360,2026-07-10 11:54:00,24201.19,stop,-13.09,-1961.66,0.0,-13.5,0,False
423428,2026-07-10 13:02:00,LONG,24236.0,24238.3,12.02,1.237,423430,2026-07-10 13:04:00,24226.28,stop,-12.02,-1893.08,1.7,-12.8,0,False
423467,2026-07-10 13:41:00,LONG,24240.0,24244.0,12.9,1.449,423469,2026-07-10 13:43:00,24231.1,stop,-12.9,-1950.37,0.0,-17.4,1,True
423534,2026-07-10 14:48:00,LONG,24250.0,24269.7,29.84,2.942,423537,2026-07-10 14:51:00,24239.86,stop,-29.84,-3051.6,0.2,-36.7,1,True
423692,2026-07-13 11:11:00,LONG,24177.9,24183.0,18.2,1.389,423694,2026-07-13 11:13:00,24164.8,stop,-18.2,-2293.3,0.8,-19.6,0,False
423748,2026-07-13 12:07:00,LONG,24172.0,24174.0,9.95,1.251,423753,2026-07-13 12:12:00,24164.05,stop,-9.95,-1757.51,1.0,-10.3,2,True
423792,2026-07-13 12:51:00,LONG,24250.0,24256.0,18.72,1.472,423793,2026-07-13 12:52:00,24293.44,target,37.44,1320.72,37.8,-1.0,0,False
423830,2026-07-13 13:29:00,SHORT,24200.0,24194.0,17.71,1.513,423832,2026-07-13 13:31:00,24211.71,stop,-17.71,-2261.93,0.0,-26.0,1,True
424014,2026-07-14 10:18:00,SHORT,24060.0,24056.0,18.33,1.279,424017,2026-07-14 10:21:00,24074.33,stop,-18.33,-2300.11,18.5,-23.0,0,False
424069,2026-07-14 11:13:00,LONG,24132.0,24138.0,17.12,1.54,424076,2026-07-14 11:20:00,24120.88,stop,-17.12,-2222.38,6.5,-26.2,1,False
424093,2026-07-14 11:37:00,SHORT,24111.8,24108.5,13.97,1.309,424113,2026-07-14 11:57:00,24080.55,target,27.95,707.12,28.4,-6.7,1,True
424197,2026-07-14 13:21:00,LONG,24075.0,24078.9,16.03,1.321,424203,2026-07-14 13:27:00,24062.87,stop,-16.03,-2150.87,1.4,-23.9,16,True
424214,2026-07-14 13:38:00,SHORT,24044.6,24025.1,31.66,2.604,424321,2026-07-14 15:25:00,24019.9,eod,5.2,-770.13,14.6,-29.9,1,True
424388,2026-07-15 10:17:00,LONG,24211.0,24225.0,25.69,2.198,424408,2026-07-15 10:37:00,24199.31,stop,-25.69,-2781.08,3.2,-30.0,5,True
424444,2026-07-15 11:13:00,SHORT,24180.0,24175.0,13.18,1.612,424449,2026-07-15 11:18:00,24188.18,stop,-13.18,-1967.19,7.4,-14.3,0,False
424521,2026-07-15 12:30:00,SHORT,24173.4,24167.5,16.41,1.561,424532,2026-07-15 12:41:00,24134.67,target,32.83,1023.15,34.6,-11.9,4,True
424619,2026-07-15 14:08:00,LONG,24085.0,24096.9,23.11,2.062,424629,2026-07-15 14:18:00,24073.79,stop,-23.11,-2610.97,1.1,-24.3,0,False
424650,2026-07-15 14:39:00,LONG,24098.0,24100.0,12.95,1.183,424658,2026-07-15 14:47:00,24087.05,stop,-12.95,-1950.81,5.0,-15.0,0,False
424773,2026-07-16 10:27:00,SHORT,24133.3,24129.6,14.22,1.352,424774,2026-07-16 10:28:00,24143.82,stop,-14.22,-2034.52,5.0,-17.0,1,True
424803,2026-07-16 10:57:00,LONG,24195.6,24196.0,9.4,1.044,424806,2026-07-16 11:00:00,24214.8,target,18.8,110.57,22.7,-6.0,1,True
424843,2026-07-16 11:37:00,SHORT,24172.1,24172.0,10.11,1.01,424844,2026-07-16 11:38:00,24182.11,stop,-10.11,-1767.52,0.0,-18.0,0,False
424916,2026-07-16 12:50:00,SHORT,24150.1,24146.1,16.04,1.332,424956,2026-07-16 13:30:00,24114.01,target,32.09,975.42,60.1,-11.1,8,True
425042,2026-07-16 14:56:00,LONG,24114.9,24120.0,17.09,1.426,425047,2026-07-16 15:01:00,24102.91,stop,-17.09,-2220.1,11.6,-21.1,3,True
425049,2026-07-16 15:03:00,SHORT,24090.0,24085.3,18.86,1.332,425061,2026-07-16 15:15:00,24104.16,stop,-18.86,-2334.9,0.3,-19.7,2,True
425107,2026-07-17 09:46:00,LONG,24220.0,24222.0,13.74,1.17,425117,2026-07-17 09:56:00,24208.26,stop,-13.74,-2004.34,7.9,-21.9,1,True
425139,2026-07-17 10:18:00,LONG,24229.9,24268.1,51.05,3.972,425189,2026-07-17 11:08:00,24217.05,stop,-51.05,-4429.89,6.6,-61.6,3,True
425268,2026-07-17 12:27:00,LONG,24255.0,24256.4,10.02,1.162,425271,2026-07-17 12:30:00,24246.38,stop,-10.02,-1763.06,1.6,-10.1,7,True
425290,2026-07-17 12:49:00,LONG,24260.0,24267.4,15.75,1.886,425292,2026-07-17 12:51:00,24251.65,stop,-15.75,-2135.9,2.3,-25.4,7,True
425325,2026-07-17 13:24:00,SHORT,24233.0,24231.5,11.52,1.15,425337,2026-07-17 13:36:00,24243.02,stop,-11.52,-1860.59,5.4,-17.1,6,True
425350,2026-07-17 13:49:00,SHORT,24206.5,24205.0,13.45,1.126,425360,2026-07-17 13:59:00,24218.45,stop,-13.45,-1985.27,25.0,-17.7,2,True
425376,2026-07-17 14:15:00,LONG,24275.0,24336.0,78.4,4.505,425446,2026-07-17 15:25:00,24335.6,eod,-0.4,-1139.46,25.3,-75.0,0,False
425464,2026-07-20 09:28:00,SHORT,24180.0,24172.7,26.46,1.381,425508,2026-07-20 10:12:00,24199.16,stop,-26.46,-2830.47,30.7,-27.3,4,True
425633,2026-07-20 12:17:00,LONG,24179.1,24187.3,17.99,1.837,425640,2026-07-20 12:24:00,24166.2,stop_gap,-21.1,-2482.12,0.0,-32.3,0,False
425663,2026-07-20 12:47:00,SHORT,24150.0,24134.0,26.34,2.548,425668,2026-07-20 12:52:00,24160.34,stop,-26.34,-2821.92,13.0,-30.0,6,True
425689,2026-07-20 13:13:00,LONG,24189.0,24194.1,15.5,1.491,425690,2026-07-20 13:14:00,24225.09,target,30.99,903.1,34.9,-0.1,1,True
425836,2026-07-21 09:25:00,SHORT,24237.0,24234.3,17.05,1.188,425837,2026-07-21 09:26:00,24251.35,stop,-17.05,-2220.28,9.3,-21.9,3,True
425859,2026-07-21 09:48:00,SHORT,24218.0,24217.3,14.19,1.052,425862,2026-07-21 09:51:00,24231.49,stop,-14.19,-2034.0,2.3,-16.2,3,True
425893,2026-07-21 10:22:00,SHORT,24205.6,24190.1,26.13,2.458,426052,2026-07-21 13:01:00,24137.84,target,52.26,2285.83,55.1,-14.8,1,True
426128,2026-07-21 14:17:00,SHORT,24161.1,24161.0,6.64,1.015,426130,2026-07-21 14:19:00,24167.64,stop,-6.64,-1542.35,1.0,-13.5,0,False
426171,2026-07-21 15:00:00,LONG,24181.0,24191.5,20.55,2.045,426182,2026-07-21 15:11:00,24170.95,stop,-20.55,-2446.24,0.5,-21.5,8,True
426385,2026-07-22 12:19:00,SHORT,23975.2,23965.0,21.57,1.897,426414,2026-07-22 12:48:00,23995.0,stop_gap,-30.0,-3057.2,20.0,-31.8,2,True
426458,2026-07-22 13:32:00,LONG,23981.0,23982.0,11.83,1.092,426461,2026-07-22 13:35:00,24005.65,target,23.65,429.68,32.0,-5.0,0,False
426555,2026-07-22 15:09:00,LONG,23984.0,23985.0,12.38,1.088,426571,2026-07-22 15:25:00,23990.0,eod,5.0,-782.53,20.0,-6.0,5,True
426670,2026-07-23 10:49:00,LONG,23984.9,23985.7,8.27,1.107,426674,2026-07-23 10:53:00,23977.43,stop,-8.27,-1644.6,4.3,-13.7,2,True
426733,2026-07-23 11:52:00,SHORT,23936.0,23932.2,12.35,1.444,426740,2026-07-23 11:59:00,23944.55,stop,-12.35,-1909.53,6.6,-18.7,1,True
426764,2026-07-23 12:23:00,SHORT,23925.0,23920.0,14.63,1.519,426771,2026-07-23 12:30:00,23890.73,target,29.27,796.02,35.0,-10.0,2,True
426806,2026-07-23 13:05:00,SHORT,23835.0,23831.0,16.56,1.319,426826,2026-07-23 13:25:00,23847.56,stop,-16.56,-2180.94,22.4,-17.0,3,True
426866,2026-07-23 14:05:00,LONG,23860.0,23862.0,10.57,1.233,426867,2026-07-23 14:06:00,23851.43,stop,-10.57,-1792.43,0.0,-11.5,20,True
427099,2026-07-24 11:43:00,LONG,23705.0,23709.0,13.8,1.408,427120,2026-07-24 12:04:00,23736.6,target,27.6,690.67,31.0,-12.3,0,False
427349,2026-07-27 09:38:00,LONG,23967.5,23968.4,14.08,1.068,427364,2026-07-27 09:53:00,23954.32,stop,-14.08,-2022.31,6.3,-17.4,0,False
427379,2026-07-27 10:08:00,SHORT,23931.0,23930.0,11.22,1.098,427384,2026-07-27 10:13:00,23941.22,stop,-11.22,-1835.96,5.0,-19.0,4,True
427406,2026-07-27 10:35:00,SHORT,23923.0,23921.1,10.74,1.215,427413,2026-07-27 10:42:00,23931.84,stop,-10.74,-1804.58,18.7,-13.9,2,False
427457,2026-07-27 11:26:00,LONG,23975.0,23978.0,12.23,1.325,427480,2026-07-27 11:49:00,23965.77,stop,-12.23,-1902.05,13.5,-12.9,1,True
427531,2026-07-27 12:40:00,SHORT,23960.0,23958.5,9.31,1.192,427532,2026-07-27 12:41:00,23967.81,stop,-9.31,-1712.3,0.0,-10.5,1,True
427566,2026-07-27 13:15:00,LONG,23989.0,23998.8,18.11,2.18,427578,2026-07-27 13:27:00,23978.6,stop_gap,-20.2,-2420.4,0.0,-30.7,0,False
427636,2026-07-27 14:25:00,LONG,24015.0,24030.2,25.09,2.536,427649,2026-07-27 14:38:00,24005.11,stop,-25.09,-2739.01,4.8,-25.2,1,True
427672,2026-07-27 15:01:00,LONG,24025.3,24027.0,11.7,1.17,427674,2026-07-27 15:03:00,24015.3,stop,-11.7,-1868.61,2.0,-13.6,0,False
427694,2026-07-27 15:23:00,LONG,24035.0,24035.6,9.0,1.071,427696,2026-07-27 15:25:00,24038.9,eod,3.3,-893.87,4.4,-2.6,2,True
427748,2026-07-28 10:02:00,SHORT,23990.1,23990.0,10.93,1.009,427756,2026-07-28 10:10:00,23968.15,target,21.85,313.05,27.7,-5.0,0,False
427851,2026-07-28 11:45:00,LONG,24032.1,24032.9,8.81,1.1,427852,2026-07-28 11:46:00,24024.09,stop,-8.81,-1680.48,0.1,-13.3,0,False
428046,2026-07-28 15:00:00,SHORT,23962.3,23956.0,18.07,1.535,428051,2026-07-28 15:05:00,23974.07,stop,-18.07,-2281.64,8.4,-19.1,0,False
428129,2026-07-29 10:08:00,LONG,24290.0,24294.3,12.43,1.529,428132,2026-07-29 10:11:00,24281.87,stop,-12.43,-1920.23,0.7,-13.3,1,True
428144,2026-07-29 10:23:00,LONG,24295.0,24295.1,6.06,1.017,428151,2026-07-29 10:30:00,24289.04,stop,-6.06,-1506.37,4.9,-10.0,1,True
428249,2026-07-29 12:08:00,LONG,24307.9,24309.0,8.22,1.154,428260,2026-07-29 12:19:00,24300.78,stop,-8.22,-1647.34,10.6,-8.9,2,True
428290,2026-07-29 12:49:00,SHORT,24276.8,24274.8,9.18,1.278,428294,2026-07-29 12:53:00,24283.98,stop,-9.18,-1709.37,1.7,-10.2,0,False
428309,2026-07-29 13:08:00,LONG,24307.3,24312.0,12.37,1.612,428344,2026-07-29 13:43:00,24299.63,stop,-12.37,-1917.22,12.8,-19.0,2,True
428427,2026-07-29 15:06:00,SHORT,24320.0,24317.0,9.87,1.437,428446,2026-07-29 15:25:00,24308.0,eod,9.0,-528.11,13.9,-7.8,4,True
428647,2026-07-30 12:31:00,LONG,24330.0,24334.9,14.97,1.487,428649,2026-07-30 12:33:00,24364.84,target,29.94,832.3,60.1,0.0,10,True
428801,2026-07-30 15:05:00,LONG,24367.1,24372.0,14.74,1.498,428803,2026-07-30 15:07:00,24357.26,stop,-14.74,-2072.1,3.0,-18.0,0,False
428886,2026-07-31 10:15:00,SHORT,24398.1,24395.0,12.95,1.315,428889,2026-07-31 10:18:00,24407.95,stop,-12.95,-1956.54,3.6,-15.0,0,False
428910,2026-07-31 10:39:00,LONG,24419.0,24420.0,8.08,1.141,428922,2026-07-31 10:51:00,24411.92,stop,-8.08,-1639.7,5.0,-12.0,1,False
428946,2026-07-31 11:15:00,LONG,24425.0,24426.5,7.81,1.238,429005,2026-07-31 12:14:00,24442.13,target,15.63,-99.36,21.5,-6.5,4,True
429056,2026-07-31 13:05:00,LONG,24480.0,24480.9,7.94,1.128,429059,2026-07-31 13:08:00,24472.96,stop,-7.94,-1631.84,4.6,-10.9,1,True
429145,2026-07-31 14:34:00,SHORT,24458.0,24454.7,10.65,1.449,429196,2026-07-31 15:25:00,24442.0,eod,12.7,-289.96,12.7,-10.2,1,True
429228,2026-08-03 09:42:00,LONG,24635.0,24635.5,9.41,1.056,429260,2026-08-03 10:14:00,24654.32,target,18.82,104.14,19.2,-7.9,1,True
429338,2026-08-03 11:32:00,SHORT,24667.0,24666.0,5.82,1.208,429345,2026-08-03 11:39:00,24671.82,stop,-5.82,-1497.32,3.6,-7.6,3,True
429356,2026-08-03 11:50:00,LONG,24675.9,24676.0,5.18,1.02,429363,2026-08-03 11:57:00,24670.82,stop,-5.18,-1455.89,3.5,-6.1,0,False
429414,2026-08-03 12:48:00,SHORT,24639.6,24637.6,10.72,1.229,429416,2026-08-03 12:50:00,24648.32,stop,-10.72,-1815.35,1.5,-12.3,1,False
429462,2026-08-03 13:36:00,LONG,24655.0,24661.3,12.67,1.988,429477,2026-08-03 13:51:00,24648.63,stop,-12.67,-1942.68,0.7,-15.0,3,True
429505,2026-08-03 14:19:00,SHORT,24641.0,24637.7,8.39,1.649,429513,2026-08-03 14:27:00,24646.09,stop,-8.39,-1663.88,0.7,-10.3,2,True
429555,2026-08-03 15:09:00,SHORT,24631.0,24630.0,7.18,1.162,429557,2026-08-03 15:11:00,24637.18,stop,-7.18,-1585.03,2.3,-9.8,3,True
429580,2026-08-04 09:19:00,LONG,24663.0,24664.0,10.8,1.102,429581,2026-08-04 09:20:00,24653.2,stop,-10.8,-1820.75,16.0,-11.9,9,True
429609,2026-08-04 09:48:00,LONG,24689.2,24690.0,9.28,1.094,429630,2026-08-04 10:09:00,24680.72,stop,-9.28,-1722.57,7.0,-10.0,1,True
429677,2026-08-04 10:56:00,SHORT,24639.3,24632.0,14.85,1.967,429681,2026-08-04 11:00:00,24646.85,stop,-14.85,-2083.84,7.0,-19.0,0,False
429695,2026-08-04 11:14:00,LONG,24654.9,24655.6,10.2,1.074,429703,2026-08-04 11:22:00,24645.4,stop,-10.2,-1781.78,6.1,-10.4,7,True
429719,2026-08-04 11:38:00,SHORT,24624.5,24618.1,16.97,1.605,429731,2026-08-04 11:50:00,24584.15,target,33.95,1088.51,34.1,-16.4,4,True
429879,2026-08-04 14:18:00,LONG,24535.0,24537.0,16.61,1.137,429946,2026-08-04 15:25:00,24562.1,eod,25.1,514.24,32.9,-16.3,0,False
429990,2026-08-05 09:54:00,SHORT,24687.0,24682.0,17.38,1.404,429998,2026-08-05 10:02:00,24699.38,stop,-17.38,-2249.14,11.8,-24.4,2,True
430147,2026-08-05 12:31:00,SHORT,24640.0,24625.0,25.13,2.48,430220,2026-08-05 13:44:00,24574.73,target,50.27,2149.15,60.0,-12.9,5,True
430303,2026-08-05 15:07:00,LONG,24624.9,24633.0,17.03,1.908,430311,2026-08-05 15:15:00,24615.97,stop,-17.03,-2224.96,42.0,-24.1,4,True
430409,2026-08-06 10:38:00,LONG,24728.7,24730.5,9.69,1.228,430412,2026-08-06 10:41:00,24720.81,stop,-9.69,-1750.2,0.0,-10.5,4,True
430614,2026-08-06 14:03:00,LONG,24732.4,24733.0,9.01,1.071,430674,2026-08-06 15:03:00,24723.99,stop,-9.01,-1705.71,17.0,-11.0,5,True
430741,2026-08-07 09:55:00,LONG,24698.0,24706.2,18.79,1.775,430749,2026-08-07 10:03:00,24687.41,stop,-18.79,-2340.65,0.8,-22.2,4,True
430801,2026-08-07 10:55:00,LONG,24658.0,24662.1,11.86,1.528,430804,2026-08-07 10:58:00,24650.24,stop,-11.86,-1889.79,1.3,-12.0,2,True
430809,2026-08-07 11:03:00,SHORT,24640.0,24625.3,25.29,2.388,430831,2026-08-07 11:25:00,24650.59,stop,-25.29,-2762.62,0.3,-32.2,2,True
430874,2026-08-07 12:08:00,SHORT,24627.1,24625.5,8.21,1.242,430888,2026-08-07 12:22:00,24633.71,stop,-8.21,-1652.19,10.5,-9.8,2,True
430902,2026-08-07 12:36:00,LONG,24640.0,24641.0,11.28,1.097,430923,2026-08-07 12:57:00,24629.72,stop,-11.28,-1851.63,3.4,-13.0,2,True
430992,2026-08-07 14:06:00,SHORT,24615.0,24612.0,15.96,1.232,431011,2026-08-07 14:25:00,24627.96,stop,-15.96,-2155.35,11.0,-16.9,1,True
431080,2026-08-10 09:19:00,LONG,24663.7,24664.9,12.68,1.104,431084,2026-08-10 09:23:00,24652.22,stop,-12.68,-1943.32,13.1,-17.4,1,False
431092,2026-08-10 09:31:00,SHORT,24624.0,24620.0,15.41,1.351,431138,2026-08-10 10:17:00,24635.41,stop,-15.41,-2119.84,20.0,-19.0,1,True
431246,2026-08-10 12:05:00,LONG,24679.0,24679.1,8.69,1.012,431247,2026-08-10 12:06:00,24670.41,stop,-8.69,-1683.82,0.0,-10.0,4,True
431257,2026-08-10 12:16:00,LONG,24690.0,24692.2,11.65,1.233,431262,2026-08-10 12:21:00,24680.55,stop,-11.65,-1876.53,5.8,-12.2,1,True
431344,2026-08-10 13:43:00,LONG,24684.3,24685.5,7.58,1.188,431349,2026-08-10 13:48:00,24677.92,stop,-7.58,-1611.86,3.5,-10.4,4,True
431359,2026-08-10 13:58:00,SHORT,24675.1,24672.1,8.75,1.521,431368,2026-08-10 14:07:00,24680.85,stop,-8.75,-1688.24,6.7,-12.9,1,True
431395,2026-08-10 14:34:00,SHORT,24655.1,24653.2,8.35,1.294,431418,2026-08-10 14:57:00,24661.55,stop,-8.35,-1661.92,12.6,-11.8,2,True
431452,2026-08-11 09:16:00,SHORT,24600.0,24581.4,32.08,2.38,431560,2026-08-11 11:04:00,24517.25,target,64.15,3052.38,65.4,-8.4,1,True
431596,2026-08-11 11:40:00,LONG,24525.0,24525.5,8.18,1.065,431597,2026-08-11 11:41:00,24517.32,stop,-8.18,-1648.09,0.0,-8.5,2,True
431661,2026-08-11 12:45:00,LONG,24533.3,24534.0,7.91,1.097,431667,2026-08-11 12:51:00,24526.09,stop,-7.91,-1630.57,10.2,-8.8,2,True
431703,2026-08-11 13:27:00,LONG,24550.5,24555.9,13.05,1.706,431704,2026-08-11 13:28:00,24542.85,stop,-13.05,-1965.23,0.0,-18.9,0,False
431741,2026-08-11 14:05:00,SHORT,24530.1,24530.0,6.07,1.017,431743,2026-08-11 14:07:00,24536.07,stop,-6.07,-1511.32,4.9,-6.9,1,True
431779,2026-08-11 14:43:00,SHORT,24530.0,24527.2,8.35,1.505,431780,2026-08-11 14:44:00,24535.55,stop,-8.35,-1659.51,1.1,-8.8,4,False
431794,2026-08-11 14:58:00,LONG,24549.0,24551.0,9.79,1.257,431795,2026-08-11 14:59:00,24541.21,stop,-9.79,-1753.61,1.7,-10.9,5,True
431796,2026-08-11 15:00:00,LONG,24559.4,24562.0,11.16,1.304,431797,2026-08-11 15:01:00,24550.84,stop,-11.16,-1842.31,2.0,-12.0,4,True
431827,2026-08-12 09:16:00,SHORT,24510.0,24485.0,36.25,3.222,431836,2026-08-12 09:25:00,24521.25,stop,-36.25,-3472.39,5.0,-43.0,15,False
431918,2026-08-12 10:47:00,SHORT,24435.3,24433.9,12.88,1.122,431929,2026-08-12 10:58:00,24408.14,target,25.76,559.24,48.9,-8.6,0,False
431970,2026-08-12 11:39:00,SHORT,24379.0,24375.1,12.55,1.451,431973,2026-08-12 11:42:00,24387.65,stop,-12.55,-1929.79,8.3,-12.6,0,False
432005,2026-08-12 12:14:00,SHORT,24366.8,24365.0,10.67,1.203,432006,2026-08-12 12:15:00,24375.67,stop,-10.67,-1807.25,0.0,-14.9,1,True
432023,2026-08-12 12:32:00,LONG,24384.0,24388.0,12.16,1.49,432037,2026-08-12 12:46:00,24375.84,stop,-12.16,-1904.71,10.5,-17.0,6,True
432071,2026-08-12 13:20:00,LONG,24398.5,24398.9,6.35,1.067,432072,2026-08-12 13:21:00,24392.55,stop,-6.35,-1527.5,0.1,-7.0,2,True
432368,2026-08-13 12:02:00,LONG,24490.8,24494.0,13.8,1.302,432385,2026-08-13 12:19:00,24480.2,stop,-13.8,-2012.71,19.6,-19.0,2,True
432463,2026-08-13 13:37:00,LONG,24470.6,24471.9,8.47,1.181,432470,2026-08-13 13:44:00,24488.83,target,16.93,-15.52,18.1,-1.9,4,False
432480,2026-08-13 13:54:00,LONG,24490.0,24494.0,11.51,1.532,432487,2026-08-13 14:01:00,24482.49,stop,-11.51,-1864.33,5.0,-14.0,2,True
432581,2026-08-14 09:20:00,SHORT,24390.0,24388.0,11.65,1.207,432583,2026-08-14 09:22:00,24399.65,stop,-11.65,-1871.51,1.0,-12.4,2,True
432590,2026-08-14 09:29:00,SHORT,24384.0,24381.0,12.66,1.311,432593,2026-08-14 09:32:00,24393.66,stop,-12.66,-1936.97,10.7,-17.0,0,False
432624,2026-08-14 10:03:00,LONG,24414.0,24415.4,9.94,1.164,432640,2026-08-14 10:19:00,24405.46,stop,-9.94,-1761.08,4.4,-12.2,1,True
432760,2026-08-14 12:19:00,LONG,24408.8,24413.0,10.01,1.723,432773,2026-08-14 12:32:00,24402.99,stop,-10.01,-1765.07,4.5,-11.6,0,False
432815,2026-08-14 13:14:00,LONG,24418.0,24418.1,5.97,1.017,432817,2026-08-14 13:16:00,24412.13,stop,-5.97,-1502.88,2.0,-6.7,3,True
432844,2026-08-14 13:43:00,LONG,24420.9,24425.0,10.39,1.651,432846,2026-08-14 13:45:00,24445.79,target,20.79,236.05,36.5,-3.4,3,True
432861,2026-08-14 14:00:00,LONG,24470.0,24471.5,9.95,1.177,432867,2026-08-14 14:06:00,24461.55,stop,-9.95,-1762.63,4.4,-16.5,2,True
432900,2026-08-14 14:39:00,SHORT,24450.0,24446.1,11.06,1.545,432903,2026-08-14 14:42:00,24457.16,stop,-11.06,-1834.43,0.0,-12.7,16,False
432913,2026-08-14 14:52:00,LONG,24459.5,24464.8,12.07,1.783,432925,2026-08-14 15:04:00,24452.73,stop,-12.07,-1899.98,5.1,-12.1,1,False
433088,2026-08-17 11:32:00,LONG,24312.0,24315.0,8.02,1.598,433108,2026-08-17 11:52:00,24331.04,target,16.04,-70.96,18.9,-5.0,3,True
433251,2026-08-17 14:15:00,SHORT,24403.5,24402.5,7.92,1.145,433252,2026-08-17 14:16:00,24410.42,stop,-7.92,-1629.42,1.3,-10.5,1,True
433284,2026-08-17 14:48:00,LONG,24420.5,24421.0,10.23,1.051,433288,2026-08-17 14:52:00,24410.77,stop,-10.23,-1779.89,3.6,-10.9,2,True
433299,2026-08-17 15:03:00,LONG,24424.6,24424.8,8.9,1.023,433301,2026-08-17 15:05:00,24415.9,stop,-8.9,-1693.18,1.0,-14.8,1,False
433520,2026-08-18 12:29:00,LONG,24259.0,24259.9,7.07,1.146,433521,2026-08-18 12:30:00,24252.83,stop,-7.07,-1571.83,3.1,-7.9,1,True
433532,2026-08-18 12:41:00,SHORT,24241.0,24240.1,8.59,1.117,433541,2026-08-18 12:50:00,24248.69,stop,-8.59,-1670.21,4.6,-11.9,0,False
433552,2026-08-18 13:01:00,SHORT,24235.5,24235.1,7.88,1.053,433559,2026-08-18 13:08:00,24242.98,stop,-7.88,-1623.85,9.1,-12.0,1,True
433668,2026-08-18 14:57:00,LONG,24253.8,24255.0,9.07,1.152,433669,2026-08-18 14:58:00,24245.93,stop,-9.07,-1701.43,0.0,-12.4,6,True
433671,2026-08-18 15:00:00,LONG,24257.0,24268.0,20.46,2.162,433674,2026-08-18 15:03:00,24247.54,stop,-20.46,-2442.16,1.2,-26.0,3,True
433685,2026-08-18 15:14:00,SHORT,24238.0,24231.0,17.08,1.695,433696,2026-08-18 15:25:00,24229.0,eod,2.0,-981.66,5.5,-10.9,0,False
433853,2026-08-19 11:47:00,LONG,24125.0,24126.5,7.96,1.232,433870,2026-08-19 12:04:00,24118.54,stop,-7.96,-1627.16,14.5,-11.5,0,False
433930,2026-08-19 13:04:00,LONG,24124.1,24128.9,15.87,1.434,433938,2026-08-19 13:12:00,24113.03,stop,-15.87,-2141.41,0.1,-16.5,1,True
433946,2026-08-19 13:20:00,SHORT,24103.0,24101.2,12.16,1.174,433951,2026-08-19 13:25:00,24113.36,stop,-12.16,-1900.02,1.2,-13.6,7,True
433988,2026-08-19 14:02:00,LONG,24117.0,24117.5,9.29,1.057,434005,2026-08-19 14:19:00,24108.21,stop,-9.29,-1713.67,18.5,-12.5,9,True
434009,2026-08-19 14:23:00,SHORT,24099.0,24093.6,13.88,1.637,434016,2026-08-19 14:30:00,24107.48,stop,-13.88,-2011.67,3.3,-18.4,2,True
434117,2026-08-20 09:56:00,LONG,24270.0,24270.5,8.83,1.06,434124,2026-08-20 10:03:00,24261.67,stop,-8.83,-1685.98,2.5,-10.5,1,True
434132,2026-08-20 10:11:00,LONG,24274.8,24275.0,6.57,1.031,434148,2026-08-20 10:27:00,24268.43,stop,-6.57,-1539.63,12.0,-8.5,3,True
434203,2026-08-20 11:22:00,SHORT,24260.0,24259.9,6.8,1.015,434204,2026-08-20 11:23:00,24266.7,stop,-6.8,-1554.15,0.0,-7.1,4,True
434213,2026-08-20 11:32:00,LONG,24279.9,24281.0,7.54,1.171,434256,2026-08-20 12:15:00,24296.07,target,15.07,-133.16,15.8,-5.7,0,False
434258,2026-08-20 12:17:00,LONG,24290.0,24291.1,7.47,1.173,434265,2026-08-20 12:24:00,24283.63,stop,-7.47,-1598.07,3.9,-8.0,2,True
434421,2026-08-20 15:00:00,SHORT,24306.0,24305.0,9.42,1.119,434446,2026-08-20 15:25:00,24295.0,eod,10.0,-462.91,15.6,-6.0,0,False
434456,2026-08-21 09:20:00,SHORT,24289.4,24280.0,19.9,1.895,434490,2026-08-21 09:54:00,24299.9,stop,-19.9,-2406.1,25.0,-24.2,1,False
434520,2026-08-21 10:24:00,LONG,24294.9,24296.6,9.19,1.227,434562,2026-08-21 11:06:00,24314.98,target,18.38,81.88,18.4,-6.6,0,False
434610,2026-08-21 11:54:00,SHORT,24293.0,24290.7,6.74,1.518,434613,2026-08-21 11:57:00,24297.44,stop,-6.74,-1550.73,2.7,-6.8,0,False
434658,2026-08-21 12:42:00,SHORT,24285.0,24277.3,13.03,2.445,434679,2026-08-21 13:03:00,24290.33,stop,-13.03,-1959.27,0.3,-13.7,2,True
434759,2026-08-21 14:23:00,LONG,24295.9,24296.0,5.73,1.018,434760,2026-08-21 14:24:00,24290.27,stop,-5.73,-1485.0,0.0,-6.0,5,True
434920,2026-08-24 10:49:00,SHORT,24308.0,24307.0,7.75,1.148,434930,2026-08-24 10:59:00,24291.49,target,15.51,-104.84,37.0,-3.0,1,True
434935,2026-08-24 11:04:00,SHORT,24255.0,24251.5,15.21,1.299,434954,2026-08-24 11:23:00,24221.07,target,30.43,865.95,32.2,-6.5,1,True
435045,2026-08-24 12:54:00,SHORT,24202.5,24201.0,6.31,1.312,435046,2026-08-24 12:55:00,24207.31,stop,-6.31,-1521.55,0.0,-9.0,2,True
435139,2026-08-24 14:28:00,LONG,24200.0,24202.0,10.08,1.248,435196,2026-08-24 15:25:00,24202.0,eod,0.0,-1111.17,17.0,-5.8,1,True
435220,2026-08-25 09:34:00,LONG,24214.8,24215.0,10.44,1.02,435222,2026-08-25 09:36:00,24204.56,stop,-10.44,-1789.82,2.0,-11.5,3,True
435266,2026-08-25 10:20:00,SHORT,24150.3,24148.2,8.89,1.309,435292,2026-08-25 10:46:00,24157.09,stop,-8.89,-1688.22,15.3,-11.8,3,True
435395,2026-08-25 12:29:00,SHORT,24183.8,24182.9,7.09,1.145,435399,2026-08-25 12:33:00,24189.99,stop,-7.09,-1571.63,1.8,-7.1,9,True
435517,2026-08-25 14:31:00,LONG,24220.0,24222.2,11.2,1.244,435520,2026-08-25 14:34:00,24211.0,stop,-11.2,-1839.44,11.8,-12.2,5,True
435535,2026-08-25 14:49:00,LONG,24234.0,24245.0,21.3,2.068,435566,2026-08-25 15:20:00,24287.61,target,42.61,1656.81,58.5,-14.4,1,True
435713,2026-08-26 11:32:00,SHORT,24475.0,24472.7,10.84,1.269,435716,2026-08-26 11:35:00,24483.54,stop,-10.84,-1820.59,0.8,-16.3,1,True
435802,2026-08-26 13:01:00,SHORT,24444.0,24443.0,8.54,1.133,435807,2026-08-26 13:06:00,24451.54,stop,-8.54,-1670.47,13.0,-14.3,0,False
435848,2026-08-26 13:47:00,SHORT,24426.0,24425.5,7.51,1.071,435853,2026-08-26 13:52:00,24433.01,stop,-7.51,-1603.11,0.5,-12.5,0,False
435874,2026-08-26 14:13:00,LONG,24459.9,24460.2,10.1,1.031,435875,2026-08-26 14:14:00,24450.1,stop,-10.1,-1771.97,0.0,-14.6,1,True
435903,2026-08-26 14:42:00,LONG,24461.6,24463.2,10.23,1.185,435921,2026-08-26 15:00:00,24452.97,stop,-10.23,-1780.69,13.8,-11.4,4,True
436040,2026-08-27 10:44:00,SHORT,24327.0,24320.6,17.27,1.589,436080,2026-08-27 11:24:00,24286.05,target,34.55,1132.36,34.6,-9.4,2,True
436152,2026-08-27 12:36:00,LONG,24327.7,24329.7,15.85,1.144,436169,2026-08-27 12:53:00,24361.39,target,31.69,946.17,40.3,-8.0,2,False
436234,2026-08-27 13:58:00,SHORT,24306.8,24305.0,13.75,1.151,436248,2026-08-27 14:12:00,24318.75,stop,-13.75,-2006.72,8.7,-14.0,1,True
436287,2026-08-27 14:51:00,SHORT,24321.0,24317.0,16.8,1.312,436293,2026-08-27 14:57:00,24333.8,stop,-16.8,-2205.44,1.0,-17.8,0,False
436318,2026-08-27 15:22:00,SHORT,24295.0,24291.0,14.02,1.399,436321,2026-08-27 15:25:00,24283.0,eod,8.0,-592.67,10.0,-10.0,3,True
436354,2026-08-28 09:43:00,LONG,24338.8,24345.5,19.08,1.541,436359,2026-08-28 09:48:00,24326.42,stop,-19.08,-2353.33,1.4,-20.3,1,True
436384,2026-08-28 10:13:00,LONG,24350.0,24356.0,15.49,1.632,436440,2026-08-28 11:09:00,24340.1,stop_gap,-15.9,-2147.08,24.2,-26.0,0,False
436562,2026-08-28 13:11:00,LONG,24278.2,24280.0,9.06,1.248,436563,2026-08-28 13:12:00,24270.94,stop,-9.06,-1701.05,1.0,-10.0,7,True
436659,2026-08-28 14:48:00,LONG,24300.0,24300.1,6.31,1.016,436661,2026-08-28 14:50:00,24312.71,target,12.61,-293.21,22.3,-0.1,0,False
436836,2026-08-31 11:30:00,LONG,24191.1,24192.5,7.05,1.248,436842,2026-08-31 11:36:00,24206.59,target,14.09,-195.31,15.5,-5.5,1,True
436848,2026-08-31 11:42:00,LONG,24208.0,24210.0,8.32,1.317,436859,2026-08-31 11:53:00,24226.64,target,16.64,-30.21,20.3,-5.0,0,False
436970,2026-08-31 13:44:00,SHORT,24252.0,24250.0,8.9,1.29,436971,2026-08-31 13:45:00,24258.9,stop,-8.9,-1690.5,0.1,-8.9,10,True
437031,2026-08-31 14:45:00,LONG,24268.0,24272.8,11.35,1.733,437032,2026-08-31 14:46:00,24295.49,target,22.69,362.21,45.9,0.0,14,True
437085,2026-09-01 09:24:00,SHORT,24175.0,24172.6,17.17,1.163,437087,2026-09-01 09:26:00,24189.77,stop,-17.17,-2226.56,1.0,-27.4,2,True
437105,2026-09-01 09:44:00,SHORT,24171.0,24167.9,15.13,1.258,437139,2026-09-01 10:18:00,24183.03,stop,-15.13,-2094.38,16.6,-18.1,10,True
437171,2026-09-01 10:50:00,LONG,24198.9,24201.0,10.41,1.253,437189,2026-09-01 11:08:00,24221.83,target,20.83,242.29,34.0,-1.0,2,True
437260,2026-09-01 12:19:00,SHORT,24254.6,24251.0,11.62,1.449,437272,2026-09-01 12:31:00,24262.62,stop,-11.62,-1867.12,13.0,-14.0,2,True
437503,2026-09-02 10:07:00,LONG,23982.0,23983.4,11.91,1.133,437507,2026-09-02 10:11:00,23971.49,stop,-11.91,-1881.53,2.5,-12.7,12,True
437516,2026-09-02 10:20:00,LONG,23989.8,23990.4,10.37,1.061,437518,2026-09-02 10:22:00,24011.14,target,20.74,240.11,27.6,-3.1,0,False
437589,2026-09-02 11:33:00,SHORT,23959.2,23954.3,11.54,1.738,437595,2026-09-02 11:39:00,23965.84,stop,-11.54,-1856.89,2.6,-11.6,8,True
437605,2026-09-02 11:49:00,SHORT,23954.3,23954.1,6.14,1.034,437608,2026-09-02 11:52:00,23960.24,stop,-6.14,-1506.03,0.0,-10.4,13,True
437618,2026-09-02 12:02:00,SHORT,23951.7,23951.4,6.55,1.048,437619,2026-09-02 12:03:00,23957.95,stop,-6.55,-1532.47,6.1,-7.0,4,True
437703,2026-09-02 13:27:00,LONG,24018.0,24020.5,10.29,1.321,437707,2026-09-02 13:31:00,24010.21,stop,-10.29,-1776.54,2.6,-18.5,12,True
437725,2026-09-02 13:49:00,SHORT,24000.0,23994.1,15.36,1.623,437730,2026-09-02 13:54:00,24009.46,stop,-15.36,-2106.29,14.1,-15.6,1,True
437743,2026-09-02 14:07:00,LONG,24027.0,24031.0,14.99,1.364,437750,2026-09-02 14:14:00,24016.01,stop,-14.99,-2082.57,8.9,-15.1,5,True
437827,2026-09-03 09:16:00,LONG,24110.0,24124.0,29.13,1.926,437829,2026-09-03 09:18:00,24094.87,stop,-29.13,-3002.55,0.3,-33.9,2,True
438062,2026-09-03 13:11:00,LONG,24045.0,24046.5,11.82,1.145,438073,2026-09-03 13:22:00,24034.68,stop,-11.82,-1876.41,3.5,-14.1,9,True
438075,2026-09-03 13:24:00,SHORT,24023.2,24022.5,9.65,1.078,438080,2026-09-03 13:29:00,24032.15,stop,-9.65,-1735.39,12.8,-10.0,0,False
438084,2026-09-03 13:33:00,LONG,24048.0,24050.0,12.06,1.199,438088,2026-09-03 13:37:00,24037.94,stop,-12.06,-1892.28,9.0,-13.3,4,True
438176,2026-09-03 15:05:00,SHORT,24009.7,24008.2,12.89,1.132,438184,2026-09-03 15:13:00,24021.09,stop,-12.89,-1945.6,11.9,-13.3,8,True
438233,2026-09-04 09:47:00,LONG,24050.0,24055.0,14.28,1.539,438247,2026-09-04 10:01:00,24083.56,target,28.56,747.59,35.0,-11.3,2,True
438276,2026-09-04 10:30:00,LONG,24090.5,24092.0,7.74,1.24,438281,2026-09-04 10:35:00,24084.26,stop,-7.74,-1612.3,7.0,-11.9,1,True
438332,2026-09-04 11:26:00,LONG,24098.7,24100.0,5.61,1.302,438341,2026-09-04 11:35:00,24111.22,target,11.22,-380.08,13.8,-0.1,10,True
438423,2026-09-04 12:57:00,SHORT,24051.7,24051.3,8.57,1.049,438425,2026-09-04 12:59:00,24059.87,stop,-8.57,-1665.35,1.2,-9.9,0,False
438436,2026-09-04 13:10:00,LONG,24070.0,24080.0,19.55,2.047,438458,2026-09-04 13:32:00,24060.45,stop,-19.55,-2379.78,7.0,-20.0,0,False
438531,2026-09-04 14:45:00,SHORT,24056.9,24053.6,10.33,1.47,438532,2026-09-04 14:46:00,24063.93,stop,-10.33,-1779.82,1.3,-12.3,4,True
438566,2026-09-04 15:20:00,SHORT,24055.0,24045.1,19.96,1.984,438571,2026-09-04 15:25:00,24041.2,eod,3.9,-854.98,5.1,-4.9,8,False
438585,2026-09-07 09:24:00,SHORT,23941.0,23938.4,16.2,1.191,438637,2026-09-07 10:16:00,23906.0,target,32.4,999.52,38.4,-15.4,6,True
438734,2026-09-07 11:53:00,LONG,23895.9,23896.5,5.96,1.112,438750,2026-09-07 12:09:00,23908.42,target,11.92,-331.21,14.9,-5.4,2,True
438791,2026-09-07 12:50:00,SHORT,23875.0,23867.2,14.15,2.229,438803,2026-09-07 13:02:00,23881.34,stop,-14.15,-2024.91,6.2,-20.8,2,True
438827,2026-09-07 13:26:00,LONG,23888.0,23889.5,8.51,1.214,438833,2026-09-07 13:32:00,23880.99,stop,-8.51,-1658.62,6.5,-9.5,2,True
438847,2026-09-07 13:46:00,LONG,23896.9,23903.5,13.53,1.952,438900,2026-09-07 14:39:00,23889.97,stop,-13.53,-1985.47,20.0,-17.5,2,False
438930,2026-09-07 15:09:00,SHORT,23875.0,23871.1,9.46,1.701,438934,2026-09-07 15:13:00,23880.56,stop,-9.46,-1720.66,0.2,-13.9,11,True
438999,2026-09-08 10:03:00,SHORT,23769.0,23768.0,10.71,1.103,439003,2026-09-08 10:07:00,23778.71,stop,-10.71,-1799.9,3.0,-17.0,1,True
439105,2026-09-08 11:49:00,SHORT,23765.0,23762.5,8.89,1.391,439109,2026-09-08 11:53:00,23771.39,stop,-8.89,-1681.36,10.9,-13.5,2,True
439202,2026-09-08 13:26:00,SHORT,23747.0,23746.0,10.88,1.101,439204,2026-09-08 13:28:00,23756.88,stop,-10.88,-1810.76,2.8,-11.0,1,True
439220,2026-09-08 13:44:00,SHORT,23737.3,23737.1,9.74,1.021,439224,2026-09-08 13:48:00,23746.84,stop,-9.74,-1736.51,4.1,-11.9,1,True
439316,2026-09-08 15:20:00,SHORT,23741.0,23740.7,8.74,1.036,439321,2026-09-08 15:25:00,23749.44,stop,-8.74,-1671.27,8.9,-9.3,0,False
439361,2026-09-09 09:50:00,SHORT,23605.0,23602.6,13.97,1.207,439389,2026-09-09 10:18:00,23616.57,stop,-13.97,-2009.1,25.1,-19.7,1,True
439483,2026-09-09 11:52:00,SHORT,23611.0,23607.9,13.19,1.307,439492,2026-09-09 12:01:00,23581.53,target,26.37,613.13,31.8,-11.2,0,False
439500,2026-09-09 12:09:00,SHORT,23577.5,23577.0,12.29,1.042,439502,2026-09-09 12:11:00,23589.29,stop,-12.29,-1899.4,0.0,-14.9,8,True
439524,2026-09-09 12:33:00,LONG,23644.9,23648.0,16.9,1.225,439641,2026-09-09 14:30:00,23631.1,stop,-16.9,-2199.85,25.9,-18.0,6,True
439675,2026-09-09 15:04:00,SHORT,23576.1,23564.8,21.55,2.102,439679,2026-09-09 15:08:00,23586.35,stop,-21.55,-2501.31,9.8,-25.2,0,False
439754,2026-09-10 10:08:00,SHORT,23510.0,23505.0,19.4,1.347,439762,2026-09-10 10:16:00,23525.0,stop_gap,-20.0,-2399.3,4.0,-24.9,6,True
439801,2026-09-10 10:55:00,SHORT,23515.0,23509.0,16.04,1.597,439810,2026-09-10 11:04:00,23525.04,stop,-16.04,-2142.12,2.7,-20.0,1,True
439879,2026-09-10 12:13:00,LONG,23555.0,23559.0,15.03,1.363,439901,2026-09-10 12:35:00,23543.97,stop,-15.03,-2076.69,7.5,-16.8,3,True
439922,2026-09-10 12:56:00,SHORT,23534.0,23532.0,10.65,1.231,439931,2026-09-10 13:05:00,23510.7,target,21.3,284.73,22.0,-8.0,0,False
439988,2026-09-10 14:02:00,SHORT,23506.3,23506.0,9.56,1.032,440005,2026-09-10 14:19:00,23486.89,target,19.11,143.25,23.1,-5.0,7,True
440190,2026-09-11 11:09:00,LONG,23370.0,23371.0,13.43,1.08,440194,2026-09-11 11:13:00,23397.87,target,26.87,648.91,38.0,-8.3,1,True
440342,2026-09-11 13:41:00,SHORT,23380.0,23374.6,20.83,1.35,440344,2026-09-11 13:43:00,23399.6,stop_gap,-25.0,-2722.08,0.0,-25.2,0,False
440356,2026-09-11 13:55:00,LONG,23439.4,23445.8,24.17,1.36,440363,2026-09-11 14:02:00,23494.13,target,48.33,2042.58,54.2,-18.7,5,True
440422,2026-09-11 15:01:00,SHORT,23480.1,23472.1,16.78,1.911,440433,2026-09-11 15:12:00,23488.88,stop,-16.78,-2189.28,21.1,-17.9,1,True
440452,2026-09-15 09:16:00,LONG,23519.4,23537.0,35.32,1.993,440461,2026-09-15 09:25:00,23501.68,stop,-35.32,-3395.31,2.2,-41.7,1,True
440619,2026-09-15 12:03:00,LONG,23388.8,23389.0,10.92,1.019,440620,2026-09-15 12:04:00,23378.08,stop,-10.92,-1806.85,0.0,-14.0,9,True
440647,2026-09-15 12:31:00,SHORT,23355.0,23352.0,12.92,1.302,440648,2026-09-15 12:32:00,23364.92,stop,-12.92,-1936.6,0.0,-14.1,6,False
440661,2026-09-15 12:45:00,SHORT,23351.5,23351.0,10.54,1.05,440662,2026-09-15 12:46:00,23361.54,stop,-10.54,-1781.99,0.0,-13.1,6,True
440688,2026-09-15 13:12:00,SHORT,23333.0,23328.5,18.55,1.32,440717,2026-09-15 13:41:00,23291.4,target,37.1,1315.69,40.2,-16.3,2,True
440718,2026-09-15 13:42:00,SHORT,23300.0,23295.1,18.81,1.352,440721,2026-09-15 13:45:00,23313.91,stop,-18.81,-2318.3,0.0,-23.8,9,True
440734,2026-09-15 13:58:00,LONG,23325.0,23325.9,13.79,1.07,440741,2026-09-15 14:05:00,23312.11,stop,-13.79,-1992.5,2.9,-22.9,2,True
440807,2026-09-15 15:11:00,LONG,23233.5,23243.7,26.16,1.639,440818,2026-09-15 15:22:00,23217.54,stop,-26.16,-2794.85,5.1,-28.3,4,True
440987,2026-09-16 11:56:00,SHORT,23270.0,23268.0,10.73,1.229,441002,2026-09-16 12:11:00,23278.73,stop,-10.73,-1792.97,18.0,-12.9,4,True
441008,2026-09-16 12:17:00,LONG,23292.0,23292.8,10.13,1.086,441009,2026-09-16 12:18:00,23282.67,stop,-10.13,-1753.7,0.1,-12.7,0,False
441058,2026-09-16 13:07:00,LONG,23319.9,23320.0,10.62,1.01,441060,2026-09-16 13:09:00,23341.23,target,21.23,283.78,25.9,0.0,0,False
441079,2026-09-16 13:28:00,SHORT,23295.0,23277.0,29.99,2.501,441196,2026-09-16 15:25:00,23275.0,eod,2.0,-965.34,27.0,-18.0,3,True
441204,2026-09-17 09:18:00,LONG,23295.0,23310.9,29.71,2.152,441210,2026-09-17 09:24:00,23281.19,stop,-29.71,-3026.46,4.1,-35.9,2,True
441221,2026-09-17 09:35:00,LONG,23333.0,23341.4,23.28,1.564,441225,2026-09-17 09:39:00,23318.12,stop,-23.28,-2609.48,3.7,-30.4,8,True
441251,2026-09-17 10:05:00,LONG,23345.9,23349.3,16.27,1.264,441270,2026-09-17 10:24:00,23333.03,stop,-16.27,-2154.13,24.5,-19.3,0,False
441311,2026-09-17 11:05:00,SHORT,23266.0,23262.3,15.58,1.311,441323,2026-09-17 11:17:00,23277.88,stop,-15.58,-2108.06,17.7,-17.7,0,False
441347,2026-09-17 11:41:00,LONG,23295.0,23299.0,14.03,1.399,441358,2026-09-17 11:52:00,23327.07,target,28.07,728.33,36.0,-2.9,2,True
441373,2026-09-17 12:07:00,LONG,23380.0,23385.5,18.3,1.43,441440,2026-09-17 13:14:00,23367.2,stop,-18.3,-2286.39,32.5,-19.9,0,False
441661,2026-09-18 10:40:00,SHORT,23323.6,23323.0,10.52,1.06,441663,2026-09-18 10:42:00,23333.52,stop,-10.52,-1779.91,0.0,-12.0,3,True
441709,2026-09-18 11:28:00,SHORT,23318.1,23316.1,8.96,1.287,441711,2026-09-18 11:30:00,23325.06,stop,-8.96,-1678.45,0.1,-18.4,7,True
441714,2026-09-18 11:33:00,SHORT,23315.0,23314.6,9.01,1.046,441715,2026-09-18 11:34:00,23323.61,stop,-9.01,-1681.96,0.1,-9.4,5,False
441727,2026-09-18 11:46:00,LONG,23334.5,23335.0,8.32,1.064,441728,2026-09-18 11:47:00,23326.68,stop,-8.32,-1636.9,0.0,-13.4,1,True
441743,2026-09-18 12:02:00,LONG,23360.0,23364.7,14.35,1.487,441745,2026-09-18 12:04:00,23350.35,stop,-14.35,-2029.12,0.0,-15.7,4,True
441843,2026-09-18 13:42:00,SHORT,23351.0,23349.0,9.22,1.277,441846,2026-09-18 13:45:00,23330.56,target,18.44,102.11,19.0,-3.4,8,True
441865,2026-09-18 14:04:00,LONG,23365.1,23366.9,8.94,1.252,441871,2026-09-18 14:10:00,23384.77,target,17.87,64.47,20.1,-1.9,1,False
441889,2026-09-18 14:28:00,LONG,23390.0,23395.0,12.17,1.698,441901,2026-09-18 14:40:00,23382.83,stop,-12.17,-1888.04,15.0,-12.4,0,False
441919,2026-09-18 14:58:00,LONG,23412.0,23412.4,9.49,1.044,441921,2026-09-18 15:00:00,23402.91,stop,-9.49,-1714.25,4.1,-17.4,5,True
441945,2026-09-18 15:24:00,SHORT,23372.0,23368.9,11.07,1.389,441946,2026-09-18 15:25:00,23369.0,eod,-0.1,-1103.42,2.2,-1.1,6,True
442089,2026-09-21 11:33:00,LONG,23412.1,23415.0,10.66,1.374,442096,2026-09-21 11:40:00,23404.34,stop,-10.66,-1790.61,0.0,-13.7,3,True
442108,2026-09-21 11:52:00,LONG,23415.0,23416.8,9.73,1.227,442116,2026-09-21 12:00:00,23436.25,target,19.45,166.41,22.2,-1.7,1,False
442183,2026-09-21 13:07:00,SHORT,23416.0,23409.7,15.4,1.692,442192,2026-09-21 13:16:00,23425.1,stop,-15.4,-2098.96,4.7,-19.7,6,True
442211,2026-09-21 13:35:00,LONG,23439.0,23440.4,8.9,1.187,442218,2026-09-21 13:42:00,23431.5,stop,-8.9,-1676.72,0.9,-9.2,10,True
442401,2026-09-22 10:30:00,SHORT,23436.5,23433.7,13.3,1.267,442412,2026-09-22 10:41:00,23407.09,target,26.61,631.4,31.1,-9.9,0,False
442413,2026-09-22 10:42:00,SHORT,23401.3,23400.0,14.93,1.095,442454,2026-09-22 11:23:00,23414.93,stop,-14.93,-2067.9,25.0,-15.0,1,True
442477,2026-09-22 11:46:00,SHORT,23375.0,23366.1,19.26,1.859,442510,2026-09-22 12:19:00,23385.36,stop,-19.26,-2349.05,14.6,-19.6,14,True
442541,2026-09-22 12:50:00,SHORT,23351.5,23349.5,12.9,1.183,442544,2026-09-22 12:53:00,23362.4,stop,-12.9,-1935.3,4.5,-14.2,2,True
442601,2026-09-22 13:50:00,SHORT,23335.0,23330.1,17.0,1.405,442611,2026-09-22 14:00:00,23296.09,target,34.01,1114.36,44.1,-8.9,11,True
442625,2026-09-22 14:14:00,LONG,23368.3,23399.0,49.95,2.595,442696,2026-09-22 15:25:00,23390.0,eod,-9.0,-1682.3,24.5,-39.6,0,False
442705,2026-09-23 09:19:00,LONG,23419.0,23423.0,18.95,1.268,442711,2026-09-23 09:25:00,23404.05,stop,-18.95,-2329.31,16.0,-21.9,11,True
442763,2026-09-23 10:17:00,LONG,23413.0,23419.0,17.77,1.51,442819,2026-09-23 11:13:00,23454.53,target,35.53,1211.37,36.0,-6.3,1,True
442872,2026-09-23 12:06:00,LONG,23477.6,23478.2,8.37,1.077,442874,2026-09-23 12:08:00,23469.83,stop,-8.37,-1642.92,0.0,-9.1,1,True
442928,2026-09-23 13:02:00,LONG,23471.0,23472.0,7.68,1.15,442932,2026-09-23 13:06:00,23463.5,stop_gap,-8.5,-1651.06,3.0,-8.5,2,True
443014,2026-09-23 14:28:00,LONG,23475.0,23475.5,6.99,1.077,443019,2026-09-23 14:33:00,23468.51,stop,-6.99,-1552.76,8.5,-11.6,0,False
443044,2026-09-23 14:58:00,SHORT,23440.0,23439.4,11.78,1.054,443063,2026-09-23 15:17:00,23451.18,stop,-11.78,-1864.06,9.3,-12.6,5,True
443138,2026-09-24 10:17:00,SHORT,23221.5,23221.0,12.85,1.041,443141,2026-09-24 10:20:00,23233.85,stop,-12.85,-1929.35,0.8,-18.8,0,False
443206,2026-09-24 11:25:00,SHORT,23223.1,23223.0,12.7,1.008,443207,2026-09-24 11:26:00,23235.7,stop,-12.7,-1919.72,0.0,-13.3,1,True
443274,2026-09-24 12:33:00,SHORT,23203.2,23201.3,13.12,1.169,443282,2026-09-24 12:41:00,23214.42,stop,-13.12,-1947.02,11.3,-13.5,1,True
443295,2026-09-24 12:54:00,SHORT,23190.0,23188.0,11.81,1.204,443296,2026-09-24 12:55:00,23199.81,stop,-11.81,-1861.4,0.0,-13.2,0,False
443434,2026-09-24 15:13:00,SHORT,23104.8,23101.5,16.41,1.252,443435,2026-09-24 15:14:00,23117.91,stop,-16.41,-2159.21,0.1,-16.8,3,True
443659,2026-09-25 12:43:00,SHORT,23103.0,23100.0,9.52,1.46,443670,2026-09-25 12:54:00,23080.95,target,19.05,145.92,19.5,-2.0,4,True
443672,2026-09-25 12:56:00,SHORT,23075.0,23071.0,10.66,1.601,443675,2026-09-25 12:59:00,23081.66,stop,-10.66,-1784.74,9.6,-12.5,0,False
443732,2026-09-25 13:56:00,LONG,23098.0,23099.0,6.88,1.17,443736,2026-09-25 14:00:00,23112.75,target,13.75,-198.68,47.0,-5.0,0,False
443737,2026-09-25 14:01:00,LONG,23150.0,23151.5,11.3,1.153,443739,2026-09-25 14:03:00,23174.1,target,22.6,375.23,76.5,-6.0,0,False
443786,2026-09-25 14:50:00,SHORT,23172.4,23170.0,11.74,1.257,443790,2026-09-25 14:54:00,23181.74,stop,-11.74,-1856.42,3.0,-14.0,1,True
