entry_i,entry_time,side,level,entry_px,stop_dist,stop_atr,exit_i,exit_time,exit_px,exit_reason,gross_pts,net,mfe,mae,retests,pressure
44,2021-10-01 12:55:00,LONG,17486.15,17493.2,28.87,1.323,69,2021-10-01 15:00:00,17550.94,target,57.74,2755.68,67.95,-19.8,2,True
162,2021-10-05 10:15:00,LONG,17687.45,17689.8,21.6,1.122,172,2021-10-05 11:05:00,17668.2,stop,-21.6,-2403.53,5.2,-22.8,0,False
191,2021-10-05 12:40:00,LONG,17724.0,17739.45,29.01,2.139,208,2021-10-05 14:05:00,17797.48,target,58.03,2770.18,58.15,-4.25,0,False
237,2021-10-06 10:15:00,SHORT,17810.6,17777.95,51.19,2.761,243,2021-10-06 10:45:00,17829.14,stop,-51.19,-4328.54,15.95,-53.35,1,True
270,2021-10-06 13:00:00,SHORT,17791.05,17786.05,23.55,1.27,273,2021-10-06 13:15:00,17738.94,target,47.11,2060.57,82.05,-10.85,0,False
285,2021-10-06 14:15:00,SHORT,17693.5,17677.5,42.38,1.606,299,2021-10-06 15:25:00,17610.3,eod,67.2,3368.63,74.5,-14.5,0,False
326,2021-10-07 11:25:00,SHORT,17811.9,17810.5,18.03,1.084,329,2021-10-07 11:40:00,17828.53,stop,-18.03,-2174.03,7.5,-34.2,0,False
332,2021-10-07 11:55:00,LONG,17865.0,17867.5,19.11,1.15,342,2021-10-07 12:45:00,17848.39,stop,-19.11,-2244.87,12.5,-21.4,0,False
363,2021-10-07 14:30:00,SHORT,17833.25,17830.0,18.41,1.214,372,2021-10-07 15:15:00,17793.17,target,36.83,1391.77,38.15,-1.9,0,False
381,2021-10-08 09:45:00,LONG,17880.0,17892.4,32.45,1.618,384,2021-10-08 10:00:00,17859.95,stop,-32.45,-3111.95,5.6,-34.35,4,True
406,2021-10-08 11:50:00,SHORT,17895.05,17893.0,21.44,1.106,411,2021-10-08 12:15:00,17850.12,target,42.88,1784.02,50.1,-11.85,0,False
435,2021-10-08 14:15:00,LONG,17918.5,17926.0,24.99,1.429,444,2021-10-08 15:00:00,17901.01,stop,-24.99,-2627.86,6.75,-37.3,5,True
506,2021-10-11 13:55:00,SHORT,18020.4,18015.15,19.69,1.363,507,2021-10-11 14:00:00,18034.84,stop,-19.69,-2285.45,10.15,-21.25,0,False
519,2021-10-11 15:00:00,SHORT,17986.0,17977.6,25.2,1.5,524,2021-10-11 15:25:00,17975.35,eod,2.25,-858.43,19.45,-7.4,0,False
553,2021-10-12 11:35:00,SHORT,17885.65,17885.1,20.57,1.027,566,2021-10-12 12:40:00,17905.67,stop,-20.57,-2340.37,22.5,-43.75,6,False
597,2021-10-12 15:15:00,LONG,17995.55,18012.0,32.25,2.041,599,2021-10-12 15:25:00,18007.0,eod,-5.0,-1330.2,2.7,-9.4,1,True
621,2021-10-13 11:00:00,LONG,18124.75,18129.85,20.76,1.326,630,2021-10-13 11:45:00,18109.09,stop,-20.76,-2356.43,14.85,-22.7,6,True
714,2021-10-14 12:30:00,SHORT,18301.1,18298.55,13.09,1.242,726,2021-10-14 13:30:00,18272.38,target,26.17,691.02,33.4,-9.05,3,True
742,2021-10-14 14:50:00,LONG,18335.0,18344.6,22.8,1.727,749,2021-10-14 15:25:00,18356.7,eod,12.1,-224.64,21.3,-6.6,1,True
768,2021-10-18 10:45:00,LONG,18495.0,18502.9,26.23,1.431,798,2021-10-18 13:15:00,18476.67,stop,-26.23,-2717.97,40.35,-28.85,0,False
835,2021-10-19 10:05:00,SHORT,18477.0,18419.0,83.75,3.252,837,2021-10-19 10:15:00,18502.75,stop,-83.75,-6456.31,8.0,-94.2,8,True
850,2021-10-19 11:20:00,LONG,18544.7,18561.05,41.14,1.66,883,2021-10-19 14:05:00,18519.91,stop,-41.14,-3688.09,32.35,-54.05,1,True
884,2021-10-19 14:10:00,SHORT,18522.0,18519.4,20.78,1.143,886,2021-10-19 14:20:00,18477.85,target,41.55,1686.92,55.4,-9.6,1,True
928,2021-10-20 11:35:00,SHORT,18394.65,18391.0,27.86,1.151,933,2021-10-20 12:00:00,18335.27,target,55.73,2610.59,58.0,-18.65,3,False
952,2021-10-20 13:35:00,SHORT,18310.05,18309.3,28.01,1.028,961,2021-10-20 14:20:00,18253.27,target,56.03,2631.47,56.65,-19.1,2,True
988,2021-10-21 10:20:00,SHORT,18251.15,18249.6,26.99,1.061,993,2021-10-21 10:45:00,18195.63,target,53.97,2499.04,60.15,-14.9,3,True
1025,2021-10-21 13:25:00,SHORT,18139.1,18131.0,31.35,1.348,1038,2021-10-21 14:30:00,18162.35,stop,-31.35,-3045.4,53.5,-37.0,3,True
1048,2021-10-21 15:20:00,LONG,18218.85,18224.0,33.1,1.184,1049,2021-10-21 15:25:00,18239.0,eod,15.0,-34.12,20.9,-1.55,1,True
1076,2021-10-22 11:25:00,SHORT,18238.05,18213.4,50.97,1.937,1095,2021-10-22 13:00:00,18111.47,target,101.93,5617.33,108.35,-15.55,0,False
1131,2021-10-25 09:45:00,SHORT,18077.5,18014.4,103.07,2.579,1148,2021-10-25 11:10:00,18117.5,stop_gap,-103.1,-7707.1,27.8,-125.4,11,True
1158,2021-10-25 12:00:00,LONG,18187.0,18206.35,48.26,1.669,1161,2021-10-25 12:15:00,18158.09,stop,-48.26,-4144.6,28.0,-48.35,2,True
1184,2021-10-25 14:10:00,SHORT,18130.05,18118.0,41.02,1.416,1193,2021-10-25 14:55:00,18159.02,stop,-41.02,-3673.48,42.25,-45.4,0,False
1201,2021-10-26 09:20:00,LONG,18224.4,18225.6,29.49,1.042,1208,2021-10-26 09:55:00,18284.57,target,58.97,2823.58,59.4,-7.6,2,True
1250,2021-10-26 13:25:00,LONG,18198.75,18211.9,37.21,1.547,1270,2021-10-26 15:05:00,18286.32,target,74.42,3827.51,86.4,-8.0,1,True
1271,2021-10-26 15:10:00,LONG,18294.0,18299.95,26.08,1.296,1274,2021-10-26 15:25:00,18350.0,eod,50.05,2242.33,50.05,0.0,2,True
1291,2021-10-27 10:35:00,SHORT,18281.0,18278.8,25.74,1.093,1293,2021-10-27 10:45:00,18304.54,stop,-25.74,-2682.82,3.8,-31.2,3,True
1301,2021-10-27 11:25:00,LONG,18323.4,18333.95,28.63,1.583,1310,2021-10-27 12:10:00,18305.32,stop,-28.63,-2871.36,16.05,-28.85,4,True
1326,2021-10-27 13:30:00,LONG,18330.1,18333.0,19.77,1.172,1329,2021-10-27 13:45:00,18313.23,stop,-19.77,-2295.38,1.0,-20.0,1,True
1335,2021-10-27 14:15:00,SHORT,18296.55,18274.5,40.76,2.179,1348,2021-10-27 15:20:00,18192.98,target,81.52,4289.2,87.4,-6.0,0,False
1367,2021-10-28 10:40:00,SHORT,18075.75,18056.0,42.82,1.856,1404,2021-10-28 13:45:00,17970.37,target,85.63,4560.43,86.0,-33.0,5,True
1442,2021-10-29 10:40:00,LONG,17909.0,17924.0,57.56,1.352,1448,2021-10-29 11:10:00,17866.44,stop,-57.56,-4744.66,20.0,-65.8,1,True
1471,2021-10-29 13:05:00,SHORT,17802.9,17767.7,69.01,2.041,1499,2021-10-29 15:25:00,17745.2,eod,22.5,461.46,108.45,-46.3,0,False
1540,2021-11-01 12:35:00,LONG,17854.95,17856.1,23.78,1.051,1542,2021-11-01 12:45:00,17832.32,stop,-23.78,-2548.2,18.1,-25.7,4,True
1552,2021-11-01 13:35:00,LONG,17944.0,17964.0,44.81,1.806,1574,2021-11-01 15:25:00,18017.0,eod,53.0,2439.78,73.75,0.0,1,True
1579,2021-11-02 09:35:00,SHORT,17982.25,17975.0,34.44,1.267,1591,2021-11-02 10:35:00,17906.12,target,68.88,3472.74,81.25,-22.8,2,True
1630,2021-11-02 13:50:00,LONG,17948.0,17956.25,29.21,1.394,1631,2021-11-02 13:55:00,17927.04,stop,-29.21,-2902.41,2.25,-81.25,2,True
1653,2021-11-03 09:30:00,LONG,17986.8,17992.5,31.97,1.217,1678,2021-11-03 11:35:00,17960.53,stop,-31.97,-3082.36,27.3,-35.5,3,True
1695,2021-11-03 13:00:00,SHORT,17872.0,17855.0,39.13,1.768,1706,2021-11-03 13:55:00,17894.13,stop,-39.13,-3546.06,53.5,-59.05,0,False
1742,2021-11-08 10:40:00,LONG,17919.1,17928.55,39.52,1.314,1759,2021-11-08 12:05:00,18007.59,target,79.04,4132.46,111.45,-35.05,0,False
1764,2021-11-08 12:30:00,LONG,18038.0,18040.65,29.33,1.099,1769,2021-11-08 12:55:00,18099.31,target,58.66,2806.08,59.35,-7.1,5,True
1778,2021-11-08 13:40:00,LONG,18113.9,18133.0,46.32,1.702,1799,2021-11-08 15:25:00,18135.05,eod,2.05,-874.13,20.0,-39.4,2,True
1813,2021-11-09 10:20:00,SHORT,18077.65,18066.1,35.75,1.477,1852,2021-11-09 13:35:00,17994.6,target,71.5,3641.79,72.4,-33.55,10,True
1873,2021-11-09 15:20:00,LONG,18081.75,18084.5,21.86,1.144,1874,2021-11-09 15:25:00,18075.25,eod,-9.25,-1607.63,0.5,-12.45,0,False
1912,2021-11-10 12:20:00,LONG,17973.5,17987.3,27.86,1.981,1919,2021-11-10 12:55:00,17959.44,stop,-27.86,-2815.4,6.7,-28.1,8,False
1952,2021-11-11 09:25:00,SHORT,17940.5,17934.0,26.43,1.326,1959,2021-11-11 10:00:00,17881.15,target,52.85,2431.5,56.05,-11.95,0,False
1991,2021-11-11 12:40:00,SHORT,17840.0,17834.8,23.03,1.292,1993,2021-11-11 12:50:00,17857.83,stop,-23.03,-2499.07,2.15,-27.65,1,True
2009,2021-11-11 14:10:00,SHORT,17829.05,17826.55,23.25,1.12,2012,2021-11-11 14:25:00,17849.8,stop,-23.25,-2513.62,19.45,-25.0,1,True
2018,2021-11-11 14:55:00,LONG,17865.0,17868.0,24.09,1.142,2024,2021-11-11 15:25:00,17912.2,eod,44.2,1869.55,44.2,-7.8,1,True
2080,2021-11-12 13:50:00,LONG,18090.3,18090.45,17.15,1.009,2082,2021-11-12 14:00:00,18073.3,stop,-17.15,-2121.43,19.55,-19.5,2,True
2125,2021-11-15 11:20:00,SHORT,18150.0,18143.15,29.19,1.307,2147,2021-11-15 13:10:00,18084.77,target,58.38,2787.34,61.15,-10.85,0,False
2199,2021-11-16 11:15:00,SHORT,18042.5,18035.3,24.49,1.417,2202,2021-11-16 11:30:00,18059.79,stop,-24.49,-2597.3,5.3,-25.6,2,True
2209,2021-11-16 12:05:00,LONG,18089.95,18090.6,16.96,1.04,2221,2021-11-16 13:05:00,18124.52,target,33.92,1197.81,37.95,-8.45,0,False
2234,2021-11-16 14:10:00,SHORT,18082.15,18081.0,18.65,1.066,2236,2021-11-16 14:20:00,18043.69,target,37.31,1418.52,54.7,0.0,1,True
2263,2021-11-17 10:20:00,LONG,17995.0,18009.5,38.02,1.616,2280,2021-11-17 11:45:00,17971.48,stop,-38.02,-3476.11,19.3,-39.15,0,False
2283,2021-11-17 12:00:00,SHORT,17968.25,17956.25,31.76,1.607,2296,2021-11-17 13:05:00,17988.01,stop,-31.76,-3068.56,18.25,-33.7,2,True
2305,2021-11-17 13:50:00,LONG,18017.85,18020.0,21.51,1.111,2306,2021-11-17 13:55:00,17998.49,stop,-21.51,-2403.35,5.0,-24.8,1,True
2308,2021-11-17 14:05:00,SHORT,17981.15,17975.15,26.86,1.288,2319,2021-11-17 15:00:00,17921.42,target,53.73,2487.92,55.1,-18.35,1,False
2334,2021-11-18 10:00:00,SHORT,17851.0,17844.85,36.03,1.206,2338,2021-11-18 10:20:00,17772.8,target,72.05,3681.11,93.45,-7.8,0,False
2361,2021-11-18 12:15:00,SHORT,17711.05,17707.75,26.25,1.144,2367,2021-11-18 12:45:00,17734.0,stop,-26.25,-2706.52,15.65,-42.25,0,False
2377,2021-11-18 13:35:00,LONG,17788.85,17799.5,34.64,1.444,2389,2021-11-18 14:35:00,17764.86,stop,-34.64,-3252.76,25.35,-38.25,0,False
2392,2021-11-18 14:50:00,LONG,17824.85,17835.0,36.12,1.391,2395,2021-11-18 15:05:00,17798.88,stop,-36.12,-3349.46,19.1,-43.3,0,False
2501,2021-11-23 11:25:00,LONG,17440.65,17451.35,44.59,1.316,2517,2021-11-23 12:45:00,17406.76,stop,-44.59,-3893.15,56.65,-50.25,0,False
2552,2021-11-24 09:25:00,LONG,17550.0,17553.0,32.15,1.103,2560,2021-11-24 10:05:00,17520.85,stop,-32.15,-3086.67,18.5,-41.95,1,True
2634,2021-11-25 10:00:00,SHORT,17363.35,17353.0,40.87,1.339,2637,2021-11-25 10:15:00,17393.87,stop,-40.87,-3650.75,0.0,-53.0,5,True
2648,2021-11-25 11:10:00,LONG,17447.9,17463.7,40.95,1.628,2687,2021-11-25 14:25:00,17545.61,target,81.91,4326.89,84.3,-17.7,0,False
2691,2021-11-25 14:45:00,LONG,17548.0,17556.4,33.43,1.336,2694,2021-11-25 15:00:00,17522.97,stop,-33.43,-3169.65,1.6,-38.25,1,True
2727,2021-11-26 11:30:00,LONG,17210.0,17221.65,43.99,1.36,2733,2021-11-26 12:00:00,17177.66,stop,-43.99,-3850.52,8.1,-50.4,1,True
2835,2021-11-29 14:15:00,SHORT,17122.55,17117.35,38.62,1.156,2849,2021-11-29 15:25:00,17097.95,eod,19.4,271.08,58.35,-26.25,0,False
2851,2021-11-30 09:20:00,LONG,17198.7,17213.65,52.15,1.402,2863,2021-11-30 10:20:00,17317.95,target,104.3,5786.24,111.35,-17.0,2,True
2878,2021-11-30 11:35:00,SHORT,17059.0,17020.55,77.67,1.98,2881,2021-11-30 11:50:00,17098.22,stop,-77.67,-6037.2,5.8,-99.35,1,True
2893,2021-11-30 12:50:00,LONG,17123.7,17143.85,58.94,1.519,2918,2021-11-30 14:55:00,17084.91,stop,-58.94,-4820.74,55.15,-63.85,3,True
2960,2021-12-01 12:10:00,SHORT,17218.3,17210.8,33.1,1.293,2983,2021-12-01 14:05:00,17144.6,target,66.2,3311.57,74.4,-11.2,1,True
3002,2021-12-02 09:25:00,LONG,17250.0,17253.05,32.16,1.105,3011,2021-12-02 10:10:00,17317.36,target,64.31,3187.07,65.5,0.0,6,True
3024,2021-12-02 11:15:00,LONG,17331.0,17342.95,33.85,1.546,3065,2021-12-02 14:40:00,17410.65,target,67.7,3405.72,68.6,-31.45,0,False
3109,2021-12-03 12:05:00,SHORT,17408.05,17404.25,25.2,1.178,3116,2021-12-03 12:40:00,17353.85,target,50.4,2281.32,61.25,-12.75,1,True
3125,2021-12-03 13:25:00,SHORT,17311.5,17307.1,26.23,1.202,3131,2021-12-03 13:55:00,17333.33,stop,-26.23,-2698.32,24.45,-27.85,3,True
3134,2021-12-03 14:10:00,SHORT,17282.65,17267.2,38.95,1.657,3149,2021-12-03 15:25:00,17252.5,eod,14.7,-37.0,47.2,-19.8,0,False
3171,2021-12-06 11:00:00,SHORT,17150.05,17146.15,31.49,1.141,3186,2021-12-06 12:15:00,17083.16,target,62.99,3103.91,64.05,-22.2,0,False
3206,2021-12-06 13:55:00,SHORT,17073.65,17067.9,25.91,1.285,3212,2021-12-06 14:25:00,17016.08,target,51.82,2379.03,57.9,-14.4,2,True
3236,2021-12-07 10:10:00,LONG,17131.2,17136.65,32.49,1.202,3244,2021-12-07 10:50:00,17201.62,target,64.97,3231.86,66.3,-11.15,5,True
3248,2021-12-07 11:10:00,LONG,17209.0,17215.0,27.16,1.284,3269,2021-12-07 12:55:00,17187.84,stop,-27.16,-2756.37,48.7,-32.5,0,False
3277,2021-12-07 13:35:00,LONG,17256.0,17276.1,39.72,2.025,3294,2021-12-07 15:00:00,17236.38,stop,-39.72,-3573.77,32.85,-57.9,1,True
3306,2021-12-08 09:45:00,LONG,17444.45,17455.9,40.77,1.391,3313,2021-12-08 10:20:00,17415.13,stop,-40.77,-3645.21,5.9,-65.8,1,True
3324,2021-12-08 11:15:00,LONG,17465.0,17469.55,27.44,1.199,3329,2021-12-08 11:40:00,17442.11,stop,-27.44,-2779.31,15.45,-33.15,3,True
3360,2021-12-08 14:15:00,SHORT,17485.0,17482.4,18.81,1.16,3364,2021-12-08 14:35:00,17501.21,stop,-18.81,-2218.98,14.15,-29.85,2,True
3422,2021-12-09 13:10:00,LONG,17583.0,17586.5,22.3,1.186,3424,2021-12-09 13:20:00,17564.2,stop,-22.3,-2447.31,2.9,-33.85,0,False
3436,2021-12-09 14:20:00,SHORT,17510.05,17506.0,25.77,1.186,3438,2021-12-09 14:30:00,17531.77,stop,-25.77,-2671.62,14.55,-27.95,0,False
3460,2021-12-10 10:05:00,SHORT,17490.6,17486.3,30.47,1.164,3466,2021-12-10 10:35:00,17516.77,stop,-30.47,-2977.0,17.8,-34.95,1,True
3486,2021-12-10 12:15:00,SHORT,17465.3,17463.3,21.28,1.104,3505,2021-12-10 13:50:00,17484.58,stop,-21.28,-2379.3,27.85,-25.55,0,False
3512,2021-12-10 14:25:00,LONG,17518.95,17524.7,24.78,1.302,3521,2021-12-10 15:10:00,17574.25,target,49.55,2223.25,50.25,-18.1,0,False
3537,2021-12-13 10:15:00,SHORT,17645.2,17621.05,48.76,1.981,3562,2021-12-13 12:20:00,17523.54,target,97.51,5339.93,108.85,-39.85,0,False
3567,2021-12-13 12:45:00,SHORT,17480.0,17465.15,41.66,1.554,3599,2021-12-13 15:25:00,17462.0,eod,3.15,-791.16,60.9,-37.75,1,True
3646,2021-12-14 13:05:00,LONG,17388.05,17396.3,32.94,1.334,3648,2021-12-14 13:15:00,17363.36,stop,-32.94,-3135.38,13.25,-33.3,5,True
3651,2021-12-14 13:30:00,LONG,17397.85,17411.0,39.62,1.497,3655,2021-12-14 13:50:00,17371.38,stop,-39.62,-3569.45,13.0,-60.9,3,True
3656,2021-12-14 13:55:00,SHORT,17350.2,17334.75,42.54,1.57,3674,2021-12-14 15:25:00,17350.0,eod,-15.25,-1984.98,42.45,-34.15,1,True
3678,2021-12-15 09:30:00,SHORT,17292.3,17287.15,30.12,1.206,3691,2021-12-15 10:35:00,17226.9,target,60.25,2923.26,65.15,-22.05,1,True
3701,2021-12-15 11:25:00,LONG,17293.7,17303.05,33.13,1.393,3706,2021-12-15 11:50:00,17269.92,stop,-33.13,-3146.32,26.7,-39.65,0,False
3732,2021-12-15 14:00:00,LONG,17310.0,17313.25,24.16,1.155,3743,2021-12-15 14:55:00,17289.09,stop,-24.16,-2563.29,41.0,-24.4,0,False
3775,2021-12-16 11:20:00,SHORT,17289.65,17284.0,27.97,1.253,3793,2021-12-16 12:50:00,17311.97,stop,-27.97,-2810.94,48.35,-38.95,0,False
3822,2021-12-16 15:15:00,LONG,17300.0,17311.75,34.02,1.528,3824,2021-12-16 15:25:00,17344.85,eod,33.1,1157.73,37.1,-1.45,1,True
3826,2021-12-17 09:20:00,SHORT,17228.3,17208.25,48.96,1.694,3833,2021-12-17 09:55:00,17110.34,target,97.91,5372.9,122.1,-3.9,2,False
3853,2021-12-17 11:35:00,SHORT,17050.05,17046.5,30.5,1.132,3869,2021-12-17 12:55:00,17077.0,stop,-30.5,-2971.12,30.9,-33.7,0,False
3870,2021-12-17 13:00:00,LONG,17081.95,17084.95,27.17,1.124,3886,2021-12-17 14:20:00,17057.78,stop,-27.17,-2755.36,43.05,-29.9,3,True
3892,2021-12-17 14:50:00,SHORT,17015.6,17011.65,29.8,1.153,3894,2021-12-17 15:00:00,17041.45,stop,-29.8,-2924.97,11.65,-35.85,1,True
3969,2021-12-20 15:00:00,LONG,16607.85,16643.0,70.34,1.999,3974,2021-12-20 15:25:00,16626.85,eod,-16.15,-2031.37,15.9,-29.7,2,True
4031,2021-12-21 13:55:00,SHORT,16878.0,16866.65,33.95,1.502,4035,2021-12-21 14:15:00,16798.75,target,67.9,3428.33,80.6,-1.1,2,True
4083,2021-12-22 12:00:00,LONG,16909.55,16917.6,30.48,1.359,4086,2021-12-22 12:15:00,16887.12,stop,-30.48,-2967.47,5.4,-33.6,2,True
4096,2021-12-22 13:05:00,LONG,16924.5,16931.15,25.11,1.36,4097,2021-12-22 13:10:00,16906.04,stop,-25.11,-2618.32,1.15,-46.15,1,True
4108,2021-12-22 14:05:00,SHORT,16884.0,16875.15,29.22,1.434,4110,2021-12-22 14:15:00,16904.37,stop,-29.22,-2885.48,2.95,-44.25,5,True
4116,2021-12-22 14:45:00,LONG,16934.0,16934.45,22.34,1.021,4119,2021-12-22 15:00:00,16979.12,target,44.67,1916.3,45.55,-9.45,0,False
4158,2021-12-23 12:00:00,LONG,17089.95,17091.7,19.42,1.099,4173,2021-12-23 13:15:00,17130.54,target,38.84,1534.43,43.3,-5.6,2,True
4179,2021-12-23 13:45:00,SHORT,17089.2,17089.0,17.81,1.011,4181,2021-12-23 13:55:00,17106.81,stop,-17.81,-2147.21,6.9,-20.0,1,False
4198,2021-12-23 15:20:00,SHORT,17067.4,17055.05,30.86,1.667,4199,2021-12-23 15:25:00,17059.0,eod,-3.95,-1245.67,3.95,-8.1,1,True
4201,2021-12-24 09:20:00,LONG,17109.4,17109.95,25.86,1.022,4202,2021-12-24 09:25:00,17084.09,stop,-25.86,-2670.55,8.0,-32.95,1,False
4204,2021-12-24 09:35:00,SHORT,17051.1,17015.75,64.46,2.215,4274,2021-12-24 15:25:00,17002.5,eod,13.25,-126.95,95.75,-64.2,1,True
4305,2021-12-27 11:45:00,LONG,17024.95,17031.15,31.73,1.243,4326,2021-12-27 13:30:00,17094.6,target,63.45,3135.02,74.8,-20.7,0,False
4342,2021-12-27 14:50:00,LONG,17110.0,17122.2,32.04,1.615,4344,2021-12-27 15:00:00,17090.16,stop,-32.04,-3071.97,6.8,-40.55,2,True
4375,2021-12-28 11:20:00,LONG,17223.65,17230.1,24.33,1.361,4415,2021-12-28 14:40:00,17205.77,stop,-24.33,-2573.28,28.7,-36.1,2,True
4428,2021-12-29 09:30:00,LONG,17258.8,17261.0,23.37,1.104,4437,2021-12-29 10:15:00,17237.63,stop,-23.37,-2511.25,26.0,-49.9,3,False
4484,2021-12-29 14:10:00,LONG,17246.2,17248.75,17.39,1.172,4488,2021-12-29 14:30:00,17231.36,stop,-17.39,-2122.2,10.95,-17.6,10,False
4497,2021-12-29 15:15:00,SHORT,17218.1,17215.8,16.87,1.158,4499,2021-12-29 15:25:00,17199.6,eod,16.2,61.39,27.05,-1.15,0,False
4559,2021-12-30 14:10:00,SHORT,17222.1,17220.45,13.31,1.142,4569,2021-12-30 15:00:00,17193.84,target,26.61,738.27,35.45,-13.25,0,False
4603,2021-12-31 11:35:00,LONG,17409.8,17413.0,18.02,1.216,4649,2021-12-31 15:25:00,17420.0,eod,7.0,-540.13,35.0,-16.8,0,False
4759,2022-01-04 12:05:00,LONG,17767.0,17768.5,19.98,1.081,4772,2022-01-04 13:10:00,17748.52,stop,-19.98,-2299.67,15.0,-24.0,2,True
4835,2022-01-05 12:10:00,LONG,17885.0,17900.0,32.32,1.866,4846,2022-01-05 13:05:00,17964.64,target,64.64,3197.44,64.85,-4.55,1,True
4892,2022-01-06 10:40:00,SHORT,17711.0,17705.05,31.73,1.231,4900,2022-01-06 11:20:00,17736.78,stop,-31.73,-3062.28,11.7,-38.75,0,False
4908,2022-01-06 12:00:00,SHORT,17704.8,17702.15,22.8,1.131,4910,2022-01-06 12:10:00,17724.95,stop,-22.8,-2482.19,7.15,-23.3,0,False
4918,2022-01-06 12:50:00,LONG,17746.65,17750.3,22.83,1.19,4925,2022-01-06 13:25:00,17727.47,stop,-22.83,-2484.32,16.7,-25.25,1,True
4926,2022-01-06 13:30:00,LONG,17777.0,17779.2,23.29,1.104,4931,2022-01-06 13:55:00,17755.91,stop,-23.29,-2514.85,29.8,-39.15,1,True
5019,2022-01-07 15:00:00,LONG,17839.0,17845.0,29.94,1.251,5024,2022-01-07 15:25:00,17855.0,eod,10.0,-352.56,25.4,-3.6,0,False
5033,2022-01-10 09:55:00,LONG,17985.0,17987.9,32.25,1.099,5055,2022-01-10 11:45:00,17955.65,stop,-32.25,-3100.65,30.1,-35.95,3,True
5091,2022-01-10 14:45:00,LONG,18018.0,18030.0,27.55,1.772,5099,2022-01-10 15:25:00,18054.95,eod,24.95,615.81,28.3,-7.1,11,True
5126,2022-01-11 11:25:00,LONG,18078.4,18087.9,27.72,1.521,5136,2022-01-11 12:15:00,18060.18,stop,-27.72,-2807.85,9.1,-28.75,0,False
5137,2022-01-11 12:20:00,SHORT,18064.1,18062.15,16.83,1.131,5141,2022-01-11 12:40:00,18078.98,stop,-16.83,-2100.33,7.1,-17.0,2,True
5145,2022-01-11 13:00:00,LONG,18089.2,18100.0,24.76,1.774,5156,2022-01-11 13:55:00,18075.24,stop,-24.76,-2615.86,21.0,-27.35,1,True
5164,2022-01-11 14:35:00,SHORT,18070.0,18068.0,16.46,1.138,5165,2022-01-11 14:40:00,18035.08,target,32.92,1133.56,34.5,-6.0,0,False
5192,2022-01-12 10:40:00,LONG,18212.85,18214.6,19.52,1.099,5233,2022-01-12 14:05:00,18195.08,stop,-19.52,-2276.96,35.3,-22.7,3,True
5243,2022-01-12 14:55:00,LONG,18236.0,18240.45,17.01,1.354,5249,2022-01-12 15:25:00,18227.0,eod,-13.45,-1883.24,14.45,-14.1,3,True
5275,2022-01-13 11:20:00,LONG,18253.95,18256.85,20.11,1.168,5298,2022-01-13 13:15:00,18236.74,stop,-20.11,-2316.44,27.3,-26.85,2,True
5320,2022-01-13 15:05:00,LONG,18280.0,18284.85,18.96,1.344,5324,2022-01-13 15:25:00,18289.95,eod,5.1,-678.52,13.1,-1.3,2,True
5352,2022-01-14 11:30:00,SHORT,18194.75,18181.2,31.37,1.76,5356,2022-01-14 11:50:00,18212.57,stop,-31.37,-3047.52,0.6,-33.25,1,True
5358,2022-01-14 12:00:00,LONG,18214.45,18215.0,16.5,1.034,5367,2022-01-14 12:45:00,18248.0,target,33.0,1135.91,33.35,-6.3,0,False
5379,2022-01-14 13:45:00,LONG,18258.3,18270.0,26.18,1.808,5386,2022-01-14 14:20:00,18243.82,stop,-26.18,-2710.81,8.7,-27.0,1,True
5394,2022-01-14 15:00:00,LONG,18303.4,18315.9,27.17,1.852,5397,2022-01-14 15:15:00,18288.73,stop,-27.17,-2776.17,4.1,-34.65,0,False
5424,2022-01-17 11:15:00,LONG,18323.4,18329.15,22.51,1.343,5427,2022-01-17 11:30:00,18306.64,stop,-22.51,-2473.77,0.45,-29.15,2,True
5453,2022-01-17 13:40:00,SHORT,18302.7,18298.0,15.8,1.423,5455,2022-01-17 13:50:00,18313.8,stop,-15.8,-2037.3,12.1,-16.35,1,True
5457,2022-01-17 14:00:00,LONG,18325.0,18329.45,15.83,1.391,5474,2022-01-17 15:25:00,18343.0,eod,13.55,-130.15,20.55,-13.05,3,False
5479,2022-01-18 09:35:00,SHORT,18298.0,18292.85,21.36,1.318,5483,2022-01-18 09:55:00,18250.13,target,42.72,1767.03,55.5,-11.2,2,False
5487,2022-01-18 10:15:00,SHORT,18234.5,18210.35,46.2,2.095,5496,2022-01-18 11:00:00,18256.55,stop,-46.2,-4011.64,9.25,-46.6,3,True
5501,2022-01-18 11:25:00,LONG,18258.35,18266.9,26.89,1.466,5522,2022-01-18 13:10:00,18320.69,target,53.79,2485.85,63.2,-10.6,1,True
5539,2022-01-18 14:35:00,SHORT,18227.65,18222.45,24.9,1.264,5542,2022-01-18 14:50:00,18172.65,target,49.8,2227.97,78.25,-15.5,0,False
5614,2022-01-19 14:35:00,LONG,17961.1,17967.0,30.49,1.24,5624,2022-01-19 15:25:00,17975.5,eod,8.5,-452.13,21.0,-21.4,3,True
5627,2022-01-20 09:25:00,SHORT,17906.55,17905.0,27.25,1.06,5628,2022-01-20 09:30:00,17932.25,stop,-27.25,-2775.05,0.0,-28.85,2,True
5693,2022-01-20 14:55:00,LONG,17765.0,17771.1,30.41,1.251,5699,2022-01-20 15:25:00,17812.0,eod,40.9,1656.76,53.8,0.0,0,False
5733,2022-01-21 12:00:00,LONG,17649.0,17654.0,34.02,1.172,5747,2022-01-21 13:10:00,17722.04,target,68.04,3422.34,69.15,-15.15,1,True
5760,2022-01-21 14:15:00,SHORT,17598.35,17594.85,34.59,1.113,5768,2022-01-21 14:55:00,17525.67,target,69.18,3498.43,92.35,-21.4,0,False
5799,2022-01-24 11:15:00,SHORT,17400.1,17396.5,34.5,1.116,5807,2022-01-24 11:55:00,17327.5,target,69.0,3490.7,79.85,-20.5,1,True
5897,2022-01-25 13:10:00,LONG,17131.75,17138.15,42.08,1.179,5906,2022-01-25 13:55:00,17222.3,target,84.15,4478.33,85.85,-17.15,1,True
5914,2022-01-25 14:35:00,LONG,17238.95,17244.65,38.27,1.175,5924,2022-01-25 15:25:00,17264.0,eod,19.35,265.32,64.35,-19.65,0,False
5958,2022-01-27 12:00:00,SHORT,16915.3,16904.15,40.65,1.378,5964,2022-01-27 12:30:00,16944.8,stop,-40.65,-3628.44,42.15,-43.85,5,True
6009,2022-01-28 12:20:00,LONG,17385.0,17390.0,29.24,1.206,6012,2022-01-28 12:35:00,17360.76,stop,-29.24,-2895.11,0.5,-40.0,1,True
6080,2022-01-31 12:00:00,LONG,17375.0,17385.35,36.59,1.394,6099,2022-01-31 13:35:00,17348.76,stop,-36.59,-3372.14,39.6,-49.25,7,True
6149,2022-02-01 11:30:00,SHORT,17544.85,17530.0,44.61,1.499,6154,2022-02-01 11:55:00,17574.61,stop,-44.61,-3896.95,71.2,-59.85,1,False
6155,2022-02-01 12:00:00,LONG,17600.0,17608.35,43.22,1.239,6158,2022-02-01 12:15:00,17565.13,stop,-43.22,-3807.28,10.45,-46.85,0,False
6169,2022-02-01 13:10:00,SHORT,17336.1,17268.0,130.1,2.098,6170,2022-02-01 13:15:00,17398.1,stop,-130.1,-9449.63,36.75,-132.0,2,True
6227,2022-02-02 11:45:00,LONG,17754.5,17759.4,25.11,1.243,6235,2022-02-02 12:25:00,17734.29,stop,-25.11,-2632.45,15.3,-28.4,2,True
6255,2022-02-02 14:05:00,SHORT,17737.5,17736.55,17.12,1.059,6256,2022-02-02 14:10:00,17753.67,stop,-17.12,-2113.51,10.4,-51.45,0,False
6268,2022-02-02 15:10:00,LONG,17788.7,17790.5,16.9,1.119,6271,2022-02-02 15:25:00,17808.9,eod,18.4,194.25,19.3,-3.05,4,True
6276,2022-02-03 09:35:00,SHORT,17731.0,17715.0,35.0,1.842,6305,2022-02-03 12:00:00,17644.99,target,70.01,3550.57,72.5,-24.1,1,True
6340,2022-02-03 14:55:00,SHORT,17600.75,17596.1,24.03,1.24,6344,2022-02-03 15:15:00,17548.04,target,48.06,2126.06,59.25,-17.55,1,True
6370,2022-02-04 11:10:00,LONG,17583.95,17584.05,27.72,1.004,6377,2022-02-04 11:45:00,17556.33,stop,-27.72,-2799.46,14.95,-33.75,0,False
6424,2022-02-07 09:25:00,SHORT,17475.0,17455.0,55.07,1.57,6445,2022-02-07 11:10:00,17344.85,target,110.15,6164.04,127.0,-27.2,2,True
6463,2022-02-07 12:40:00,LONG,17327.0,17329.05,28.02,1.079,6466,2022-02-07 12:55:00,17301.03,stop,-28.02,-2814.26,10.5,-53.7,2,True
6473,2022-02-07 13:30:00,SHORT,17260.05,17245.8,38.98,1.576,6477,2022-02-07 13:50:00,17167.85,target,77.95,4074.96,81.95,-10.45,2,True
6484,2022-02-07 14:25:00,LONG,17198.8,17212.95,43.75,1.478,6487,2022-02-07 14:40:00,17169.2,stop,-43.75,-3834.97,6.6,-55.9,0,False
6488,2022-02-07 14:45:00,SHORT,17160.1,17160.0,29.96,1.003,6490,2022-02-07 14:55:00,17189.96,stop,-29.96,-2938.46,1.95,-34.0,1,False
6543,2022-02-08 13:05:00,SHORT,17176.15,17148.0,62.62,1.817,6548,2022-02-08 13:30:00,17210.62,stop,-62.62,-5060.93,16.45,-74.65,1,True
6578,2022-02-09 09:45:00,LONG,17423.7,17442.75,54.03,1.545,6587,2022-02-09 10:30:00,17388.72,stop,-54.03,-4507.04,4.1,-59.75,6,True
6606,2022-02-09 12:05:00,LONG,17421.75,17434.85,32.59,1.672,6618,2022-02-09 13:05:00,17402.26,stop,-32.59,-3113.24,5.15,-44.85,4,True
6627,2022-02-09 13:50:00,LONG,17438.95,17439.85,17.84,1.053,6642,2022-02-09 15:05:00,17475.52,target,35.67,1322.59,50.15,-15.2,1,True
6655,2022-02-10 09:55:00,SHORT,17450.0,17446.0,25.91,1.183,6656,2022-02-10 10:00:00,17471.91,stop,-25.91,-2679.74,5.5,-26.0,1,True
6661,2022-02-10 10:25:00,LONG,17545.0,17554.25,36.51,1.339,6676,2022-02-10 11:40:00,17627.28,target,73.03,3748.22,74.15,-3.15,0,False
6699,2022-02-10 13:35:00,LONG,17639.0,17642.0,20.3,1.173,6704,2022-02-10 14:00:00,17621.7,stop,-20.3,-2317.94,8.0,-22.45,0,False
6751,2022-02-11 11:40:00,LONG,17314.75,17322.25,31.33,1.315,6763,2022-02-11 12:40:00,17384.91,target,62.66,3078.81,67.55,-12.25,0,False
6795,2022-02-11 15:20:00,SHORT,17344.0,17338.25,28.81,1.249,6796,2022-02-11 15:25:00,17330.5,eod,7.75,-489.98,10.45,-1.95,5,True
6820,2022-02-14 11:10:00,SHORT,17035.0,17022.1,45.3,1.398,6855,2022-02-14 14:05:00,16931.5,target,90.6,4901.2,99.35,-20.6,1,True
6868,2022-02-14 15:10:00,SHORT,16855.5,16832.05,54.21,1.762,6871,2022-02-14 15:25:00,16809.9,eod,22.15,454.72,31.05,-22.9,1,True
6893,2022-02-15 11:00:00,LONG,16916.0,16935.55,51.42,1.613,6904,2022-02-15 11:55:00,17038.38,target,102.83,5695.92,119.4,-4.0,1,True
6906,2022-02-15 12:05:00,LONG,17075.0,17083.0,37.69,1.269,6910,2022-02-15 12:25:00,17045.31,stop,-37.69,-3438.78,10.1,-44.55,2,True
6944,2022-02-15 15:15:00,LONG,17369.6,17377.5,36.91,1.272,6946,2022-02-15 15:25:00,17362.0,eod,-15.5,-2001.7,5.4,-18.5,0,False
6954,2022-02-16 09:50:00,SHORT,17319.05,17310.55,49.3,1.208,6956,2022-02-16 10:00:00,17359.85,stop,-49.3,-4198.2,3.9,-61.2,0,False
6984,2022-02-16 12:20:00,LONG,17371.75,17380.0,39.84,1.261,7000,2022-02-16 13:40:00,17459.67,target,79.67,4183.12,83.5,-11.55,1,True
7035,2022-02-17 10:20:00,SHORT,17276.65,17270.0,49.05,1.157,7039,2022-02-17 10:40:00,17319.05,stop,-49.05,-4181.12,52.65,-53.95,5,True
7061,2022-02-17 12:30:00,LONG,17388.9,17416.0,57.68,1.886,7072,2022-02-17 13:25:00,17358.32,stop,-57.68,-4743.72,7.85,-58.95,7,True
7075,2022-02-17 13:40:00,LONG,17410.0,17417.05,33.36,1.268,7078,2022-02-17 13:55:00,17383.69,stop,-33.36,-3162.91,2.95,-63.05,1,True
7081,2022-02-17 14:10:00,SHORT,17357.05,17326.5,58.89,2.078,7096,2022-02-17 15:25:00,17266.3,eod,60.2,2919.61,64.4,-41.5,3,True
7120,2022-02-18 11:10:00,LONG,17324.55,17331.75,35.59,1.254,7123,2022-02-18 11:25:00,17296.16,stop,-35.59,-3306.63,10.25,-35.75,1,True
7128,2022-02-18 11:50:00,LONG,17342.0,17342.15,24.87,1.006,7131,2022-02-18 12:05:00,17317.28,stop,-24.87,-2610.04,2.85,-25.15,1,True
7138,2022-02-18 12:40:00,LONG,17368.0,17369.15,24.02,1.05,7142,2022-02-18 13:00:00,17345.13,stop,-24.02,-2555.12,18.85,-28.1,0,False
7156,2022-02-18 14:10:00,SHORT,17317.0,17310.65,31.11,1.257,7163,2022-02-18 14:45:00,17248.44,target,62.21,3050.55,66.45,-14.3,0,False
7205,2022-02-21 12:00:00,LONG,17281.25,17295.35,41.42,1.516,7230,2022-02-21 14:05:00,17253.93,stop,-41.42,-3684.54,58.65,-62.8,1,True
7291,2022-02-22 12:55:00,SHORT,16906.05,16904.0,29.18,1.076,7302,2022-02-22 13:50:00,16933.18,stop,-29.18,-2883.17,24.65,-32.95,0,False
7304,2022-02-22 14:00:00,LONG,17008.0,17008.4,30.95,1.013,7307,2022-02-22 14:15:00,17070.31,target,61.91,3035.14,86.6,-2.45,0,False
7338,2022-02-23 10:35:00,SHORT,17129.0,17121.3,39.42,1.243,7343,2022-02-23 11:00:00,17160.72,stop,-39.42,-3552.74,3.3,-50.55,1,True
7361,2022-02-23 12:30:00,SHORT,17158.3,17145.45,32.57,1.652,7392,2022-02-23 15:05:00,17080.32,target,65.13,3243.28,70.45,-28.4,4,True
7434,2022-02-24 12:20:00,SHORT,16540.85,16539.0,34.33,1.057,7439,2022-02-24 12:45:00,16470.33,target,68.67,3483.46,68.75,-13.95,2,True
7556,2022-02-28 10:15:00,LONG,16474.95,16478.15,47.09,1.073,7562,2022-02-28 10:45:00,16572.32,target,94.17,5140.94,102.85,-18.15,0,False
7583,2022-02-28 12:30:00,LONG,16734.95,16740.5,43.52,1.146,7585,2022-02-28 12:40:00,16696.98,stop,-43.52,-3811.74,9.5,-54.9,1,True
7613,2022-02-28 15:00:00,LONG,16750.0,16824.4,112.81,2.937,7618,2022-02-28 15:25:00,16789.8,eod,-34.6,-3233.46,0.6,-46.95,10,True
7650,2022-03-02 11:50:00,SHORT,16550.55,16507.0,75.36,2.369,7688,2022-03-02 15:00:00,16582.36,stop,-75.36,-5878.1,39.0,-92.5,4,True
7704,2022-03-03 10:05:00,SHORT,16630.8,16618.65,44.35,1.377,7718,2022-03-03 11:15:00,16663.0,stop,-44.35,-3864.45,13.65,-48.25,1,True
7729,2022-03-03 12:10:00,SHORT,16636.8,16636.0,23.24,1.036,7731,2022-03-03 12:20:00,16589.51,target,46.49,2040.04,70.9,-1.4,2,True
7764,2022-03-03 15:05:00,SHORT,16468.0,16458.85,39.82,1.298,7765,2022-03-03 15:10:00,16498.67,stop,-39.82,-3566.82,13.75,-79.8,3,True
7808,2022-03-04 12:30:00,LONG,16292.55,16309.65,52.05,1.489,7814,2022-03-04 13:00:00,16413.75,target,104.1,5788.73,114.3,-1.25,0,False
7890,2022-03-07 13:05:00,SHORT,15880.0,15865.65,47.48,1.433,7903,2022-03-07 14:10:00,15770.7,target,94.95,5203.47,114.65,-19.05,0,False
7916,2022-03-07 15:15:00,LONG,15884.7,15896.9,50.27,1.32,7918,2022-03-07 15:25:00,15892.25,eod,-4.65,-1271.28,2.1,-20.8,1,True
7943,2022-03-08 11:15:00,SHORT,15802.05,15780.0,56.84,1.634,7974,2022-03-08 13:50:00,15836.84,stop,-56.84,-4661.95,103.65,-73.5,4,True
7977,2022-03-08 14:05:00,LONG,15922.7,15926.5,44.58,1.093,7978,2022-03-08 14:10:00,15881.92,stop,-44.58,-3866.77,8.5,-50.05,0,False
8004,2022-03-09 10:05:00,LONG,16138.0,16139.6,41.78,1.04,8018,2022-03-09 11:15:00,16097.82,stop,-41.78,-3688.58,30.4,-46.9,1,True
8108,2022-03-10 12:30:00,SHORT,16694.05,16686.25,31.24,1.333,8111,2022-03-10 12:45:00,16623.78,target,62.47,3078.16,66.3,-3.75,3,True
8153,2022-03-11 10:00:00,LONG,16690.0,16692.6,44.62,1.062,8155,2022-03-11 10:10:00,16647.98,stop,-44.62,-3882.13,6.2,-47.1,2,True
8209,2022-03-11 14:40:00,LONG,16655.55,16658.05,34.07,1.079,8213,2022-03-11 15:00:00,16623.98,stop,-34.07,-3196.01,16.35,-35.85,3,True
8228,2022-03-14 10:00:00,LONG,16683.95,16688.5,37.49,1.138,8245,2022-03-14 11:25:00,16763.48,target,74.98,3890.26,75.5,-32.4,9,True
8259,2022-03-14 12:35:00,LONG,16774.95,16777.7,25.63,1.12,8279,2022-03-14 14:15:00,16828.96,target,51.26,2347.14,65.9,-23.0,0,False
8298,2022-03-15 09:35:00,SHORT,16852.9,16842.5,40.57,1.345,8304,2022-03-15 10:05:00,16883.07,stop,-40.57,-3622.16,31.25,-44.5,0,False
8334,2022-03-15 12:35:00,SHORT,16834.05,16806.7,50.98,2.158,8342,2022-03-15 13:15:00,16704.75,target,101.95,5642.46,122.1,-2.5,3,True
8416,2022-03-16 13:10:00,SHORT,16895.0,16893.65,24.6,1.058,8418,2022-03-16 13:20:00,16918.25,stop,-24.6,-2585.29,23.35,-51.95,0,False
8436,2022-03-16 14:50:00,LONG,16953.3,16959.0,29.91,1.235,8438,2022-03-16 15:00:00,17018.82,target,59.82,2900.06,67.2,-0.25,2,True
8470,2022-03-17 11:25:00,LONG,17288.85,17295.9,26.83,1.356,8484,2022-03-17 12:35:00,17349.57,target,53.67,2494.61,61.45,-5.9,1,True
8499,2022-03-17 13:50:00,LONG,17333.6,17339.4,24.01,1.319,8511,2022-03-17 14:50:00,17315.39,stop,-24.01,-2554.09,46.45,-30.2,0,False
8515,2022-03-17 15:10:00,SHORT,17309.2,17305.6,26.93,1.154,8517,2022-03-17 15:20:00,17332.53,stop,-26.93,-2743.92,6.85,-32.9,1,True
8525,2022-03-21 09:45:00,SHORT,17303.05,17286.85,46.97,1.527,8560,2022-03-21 12:40:00,17192.91,target,93.94,5113.27,111.7,-17.55,7,True
8568,2022-03-21 13:20:00,SHORT,17156.4,17156.0,23.1,1.018,8570,2022-03-21 13:30:00,17179.1,stop,-23.1,-2492.4,12.9,-36.35,0,False
8596,2022-03-22 09:25:00,SHORT,17137.6,17101.6,65.11,2.237,8635,2022-03-22 12:40:00,17166.71,stop,-65.11,-5221.76,50.6,-111.85,3,True
8645,2022-03-22 13:30:00,LONG,17304.4,17315.75,40.13,1.394,8668,2022-03-22 15:25:00,17381.0,eod,65.25,3246.94,68.0,-32.85,1,True
8701,2022-03-23 11:55:00,SHORT,17336.8,17323.05,42.17,1.484,8710,2022-03-23 12:40:00,17238.71,target,84.34,4488.8,87.3,-1.95,0,False
8732,2022-03-23 14:30:00,LONG,17325.0,17328.0,31.99,1.103,8734,2022-03-23 14:40:00,17296.01,stop,-31.99,-3072.46,5.0,-63.7,0,False
8794,2022-03-24 13:25:00,LONG,17232.2,17252.4,49.33,1.693,8798,2022-03-24 13:45:00,17203.07,stop,-49.33,-4197.92,9.75,-51.4,0,False
8852,2022-03-25 12:00:00,SHORT,17185.0,17179.05,26.42,1.291,8872,2022-03-25 13:40:00,17126.22,target,52.83,2443.36,58.05,-9.9,0,False
8892,2022-03-25 15:20:00,LONG,17230.0,17233.1,28.69,1.121,8893,2022-03-25 15:25:00,17211.5,eod,-21.6,-2395.64,4.9,-21.6,0,False
8896,2022-03-28 09:25:00,SHORT,17117.65,17112.95,35.32,1.153,8907,2022-03-28 10:20:00,17042.31,target,70.64,3602.0,71.95,-3.6,0,False
8927,2022-03-28 12:00:00,SHORT,17036.55,17034.95,22.33,1.077,8929,2022-03-28 12:10:00,17057.28,stop,-22.33,-2440.38,3.75,-55.7,0,False
8964,2022-03-28 15:05:00,LONG,17263.7,17274.0,35.93,1.402,8968,2022-03-28 15:25:00,17276.35,eod,2.35,-839.94,9.0,-15.6,2,True
8991,2022-04-01 11:05:00,LONG,17595.0,17601.0,27.35,1.281,8996,2022-04-01 11:30:00,17573.65,stop,-27.35,-2775.71,11.9,-29.0,0,False
9002,2022-04-01 12:00:00,SHORT,17572.0,17570.3,17.73,1.106,9007,2022-04-01 12:25:00,17588.03,stop,-17.73,-2150.17,10.3,-20.7,1,True
9008,2022-04-01 12:30:00,LONG,17588.9,17591.0,16.82,1.143,9019,2022-04-01 13:25:00,17624.65,target,33.65,1188.48,34.0,-12.9,1,True
9038,2022-04-01 15:00:00,LONG,17652.7,17692.0,56.04,3.348,9043,2022-04-01 15:25:00,17737.35,eod,45.35,1947.29,48.0,-1.35,1,True
9078,2022-04-04 12:05:00,SHORT,18002.55,17997.5,29.78,1.204,9087,2022-04-04 12:50:00,17937.95,target,59.55,2865.97,73.75,-7.5,0,False
9101,2022-04-04 14:00:00,LONG,18055.0,18059.55,27.96,1.194,9102,2022-04-04 14:05:00,18031.59,stop,-27.96,-2823.18,3.25,-28.55,1,True
9135,2022-04-05 10:35:00,SHORT,18031.15,18029.0,29.49,1.079,9137,2022-04-05 10:45:00,18058.49,stop,-29.49,-2922.57,7.0,-29.95,0,False
9155,2022-04-05 12:15:00,SHORT,18071.1,18063.55,28.06,1.368,9164,2022-04-05 13:00:00,18091.61,stop,-28.06,-2829.95,11.5,-36.45,1,True
9189,2022-04-05 15:05:00,SHORT,18052.05,18038.35,38.81,1.546,9193,2022-04-05 15:25:00,17996.35,eod,42.0,1724.39,48.25,0.0,7,True
9243,2022-04-06 13:20:00,SHORT,17866.05,17864.15,24.07,1.086,9248,2022-04-06 13:45:00,17888.22,stop,-24.07,-2567.44,23.9,-32.9,0,False
9262,2022-04-06 14:55:00,SHORT,17852.5,17849.95,25.52,1.111,9263,2022-04-06 15:00:00,17875.47,stop,-25.52,-2661.29,0.25,-44.85,0,False
9281,2022-04-07 10:15:00,LONG,17790.0,17793.65,25.63,1.166,9283,2022-04-07 10:25:00,17768.02,stop,-25.63,-2667.28,1.0,-49.05,0,False
9301,2022-04-07 11:55:00,LONG,17806.95,17823.15,36.12,1.813,9320,2022-04-07 13:30:00,17787.04,stop,-36.12,-3349.0,43.15,-44.35,2,True
9328,2022-04-07 14:10:00,SHORT,17735.0,17715.1,44.25,1.817,9343,2022-04-07 15:25:00,17742.0,eod,-26.9,-2748.77,21.85,-35.85,4,True
9395,2022-04-08 13:30:00,LONG,17836.15,17848.3,36.4,1.501,9401,2022-04-08 14:00:00,17921.09,target,72.79,3727.88,78.7,-0.05,0,False
9446,2022-04-11 11:30:00,LONG,17734.9,17743.0,29.06,1.386,9467,2022-04-11 13:15:00,17801.12,target,58.12,2776.34,68.45,-19.65,1,True
9521,2022-04-12 11:30:00,SHORT,17536.55,17534.3,22.55,1.111,9522,2022-04-12 11:35:00,17556.85,stop,-22.55,-2462.6,6.7,-24.55,0,False
9523,2022-04-12 11:40:00,LONG,17565.05,17568.65,24.25,1.174,9532,2022-04-12 12:25:00,17544.4,stop,-24.25,-2573.64,11.35,-28.65,0,False
9540,2022-04-12 13:05:00,SHORT,17519.55,17519.15,19.89,1.021,9551,2022-04-12 14:00:00,17539.04,stop,-19.89,-2289.76,37.15,-43.5,1,True
9598,2022-04-13 11:40:00,SHORT,17567.0,17551.25,38.18,1.702,9643,2022-04-13 15:25:00,17506.05,eod,45.2,1940.73,62.85,-27.55,1,False
9677,2022-04-18 12:00:00,SHORT,17195.7,17186.15,31.59,1.433,9687,2022-04-18 12:50:00,17122.97,target,63.18,3115.72,69.05,-15.35,1,True
9709,2022-04-18 14:40:00,LONG,17227.45,17235.0,31.36,1.317,9713,2022-04-18 15:00:00,17203.64,stop,-31.36,-3029.72,9.0,-51.7,1,True
9739,2022-04-19 10:55:00,SHORT,17213.75,17207.0,27.47,1.326,9741,2022-04-19 11:05:00,17234.47,stop,-27.47,-2776.96,4.65,-28.6,1,True
9743,2022-04-19 11:15:00,LONG,17239.9,17245.0,24.89,1.258,9765,2022-04-19 13:05:00,17220.11,stop,-24.89,-2609.54,49.7,-34.0,2,True
9773,2022-04-19 13:45:00,LONG,17294.7,17296.6,23.64,1.087,9775,2022-04-19 13:55:00,17272.96,stop,-23.64,-2529.14,0.0,-24.45,0,False
9787,2022-04-19 14:55:00,SHORT,17202.25,17162.5,65.91,2.52,9789,2022-04-19 15:05:00,17030.68,target,131.82,7577.7,209.5,0.0,2,True
9822,2022-04-20 11:35:00,SHORT,17098.0,17092.6,33.56,1.192,9829,2022-04-20 12:10:00,17126.16,stop,-33.56,-3171.33,5.5,-36.4,3,True
9834,2022-04-20 12:35:00,LONG,17148.5,17187.15,64.46,2.497,9848,2022-04-20 13:45:00,17122.69,stop,-64.46,-5180.36,32.55,-79.15,13,True
9939,2022-04-21 15:05:00,SHORT,17410.0,17400.15,27.5,1.558,9943,2022-04-21 15:25:00,17413.0,eod,-12.85,-1830.09,3.05,-17.45,0,False
10001,2022-04-22 14:00:00,SHORT,17266.65,17204.75,87.11,3.456,10018,2022-04-22 15:25:00,17169.9,eod,34.85,1273.88,48.25,-26.5,0,False
10054,2022-04-25 12:10:00,SHORT,16958.65,16952.7,30.46,1.243,10066,2022-04-25 13:10:00,16983.16,stop,-30.46,-2967.05,60.65,-34.95,0,False
10115,2022-04-26 11:00:00,SHORT,17147.1,17146.65,20.0,1.023,10119,2022-04-26 11:20:00,17166.65,stop,-20.0,-2290.54,9.05,-31.05,1,True
10154,2022-04-26 14:15:00,LONG,17168.65,17169.5,21.19,1.042,10155,2022-04-26 14:20:00,17148.31,stop,-21.19,-2368.06,8.15,-31.75,0,False
10163,2022-04-26 15:00:00,LONG,17164.7,17178.2,37.49,1.563,10168,2022-04-26 15:25:00,17212.0,eod,33.8,1205.5,50.6,0.0,0,False
10196,2022-04-27 11:30:00,SHORT,17032.45,17025.05,24.98,1.421,10201,2022-04-27 11:55:00,17050.03,stop,-24.98,-2612.3,11.0,-26.8,0,False
10211,2022-04-27 12:45:00,SHORT,17023.35,16999.5,40.9,2.399,10219,2022-04-27 13:25:00,17040.4,stop,-40.9,-3646.28,41.65,-50.0,0,False
10222,2022-04-27 13:40:00,LONG,17051.85,17056.65,26.27,1.224,10230,2022-04-27 14:20:00,17030.38,stop,-26.27,-2696.4,34.8,-33.9,3,True
10290,2022-04-29 11:10:00,LONG,17363.0,17366.05,27.18,1.126,10318,2022-04-29 13:30:00,17385.0,eod,18.95,237.25,32.95,-19.95,1,True
10335,2022-05-02 10:35:00,LONG,17028.6,17035.0,42.23,1.179,10338,2022-05-02 10:50:00,16992.77,stop,-42.23,-3732.68,8.7,-45.0,0,False
10385,2022-05-02 14:45:00,LONG,17049.45,17073.0,54.14,1.77,10393,2022-05-02 15:25:00,17079.25,eod,6.25,-583.05,45.0,-14.0,0,False
10411,2022-05-04 10:40:00,SHORT,16970.0,16965.05,30.54,1.193,10429,2022-05-04 12:10:00,16903.97,target,61.08,2982.88,76.9,-22.95,8,True
10473,2022-05-05 09:35:00,LONG,16863.0,16871.0,54.86,1.171,10517,2022-05-05 13:15:00,16816.14,stop,-54.86,-4550.56,109.35,-75.85,1,True
10522,2022-05-05 13:40:00,SHORT,16792.0,16768.2,54.06,1.787,10543,2022-05-05 15:25:00,16681.0,eod,87.2,4684.24,107.65,-39.1,0,False
10594,2022-05-06 13:25:00,LONG,16426.0,16436.1,42.14,1.315,10597,2022-05-06 13:40:00,16393.96,stop,-42.14,-3717.1,16.85,-49.2,0,False
10646,2022-05-09 11:30:00,LONG,16268.2,16271.2,30.46,1.109,10649,2022-05-09 11:45:00,16332.11,target,60.91,2982.83,64.4,-0.95,0,False
10725,2022-05-10 11:50:00,LONG,16340.0,16341.95,28.76,1.073,10729,2022-05-10 12:10:00,16399.48,target,57.53,2761.72,59.6,-6.0,4,True
10742,2022-05-10 13:15:00,SHORT,16356.4,16335.25,50.03,1.732,10753,2022-05-10 14:10:00,16385.28,stop,-50.03,-4228.72,32.75,-53.0,1,False
10762,2022-05-10 14:55:00,SHORT,16288.0,16281.95,36.43,1.199,10768,2022-05-10 15:25:00,16209.09,target,72.86,3760.43,72.95,-19.0,0,False
10776,2022-05-11 09:50:00,SHORT,16211.3,16170.0,77.71,2.134,10815,2022-05-11 13:05:00,16014.58,target,155.42,9128.77,157.0,-24.95,2,True
10834,2022-05-11 14:40:00,LONG,16194.95,16219.55,60.33,1.688,10838,2022-05-11 15:00:00,16159.22,stop,-60.33,-4895.22,7.95,-75.25,3,True
10865,2022-05-12 11:00:00,SHORT,15857.0,15854.35,33.86,1.085,10873,2022-05-12 11:40:00,15888.21,stop,-33.86,-3169.65,34.35,-34.0,1,True
10902,2022-05-12 14:05:00,SHORT,15802.45,15784.45,47.06,1.619,10916,2022-05-12 15:15:00,15831.51,stop,-47.06,-4026.01,51.45,-48.2,5,True
11047,2022-05-16 13:40:00,LONG,15867.9,15880.35,43.58,1.4,11063,2022-05-16 15:00:00,15836.77,stop,-43.58,-3800.78,38.6,-52.35,2,True
11064,2022-05-16 15:05:00,SHORT,15837.1,15818.35,51.57,1.571,11068,2022-05-16 15:25:00,15865.0,eod,-46.65,-4000.13,8.35,-46.65,2,True
11080,2022-05-17 10:10:00,LONG,15966.95,15981.4,43.98,1.489,11086,2022-05-17 10:40:00,16069.36,target,87.96,4745.46,90.6,-2.5,4,False
11111,2022-05-17 12:45:00,LONG,16142.0,16155.0,35.77,1.571,11119,2022-05-17 13:25:00,16119.23,stop,-35.77,-3297.84,22.6,-38.2,0,False
11195,2022-05-18 13:30:00,LONG,16242.15,16294.5,83.42,2.685,11204,2022-05-18 14:15:00,16211.08,stop,-83.42,-6397.23,30.85,-99.25,1,True
11260,2022-05-19 12:40:00,SHORT,15826.8,15815.35,33.27,1.525,11289,2022-05-19 15:05:00,15748.8,target,66.55,3358.17,70.95,-10.9,6,True
11292,2022-05-19 15:20:00,LONG,15792.35,15793.9,24.28,1.068,11293,2022-05-19 15:25:00,15782.0,eod,-11.9,-1740.66,4.1,-15.15,0,False
11315,2022-05-20 11:00:00,LONG,16173.4,16175.5,26.41,1.086,11326,2022-05-20 11:55:00,16149.09,stop,-26.41,-2689.9,21.5,-26.7,2,True
11328,2022-05-20 12:05:00,SHORT,16138.4,16121.8,37.48,1.795,11335,2022-05-20 12:40:00,16159.28,stop,-37.48,-3409.17,23.05,-38.0,2,True
11353,2022-05-20 14:10:00,LONG,16199.45,16211.95,35.16,1.552,11356,2022-05-20 14:25:00,16176.79,stop,-35.16,-3259.16,22.55,-44.8,2,True
11362,2022-05-20 14:55:00,LONG,16234.5,16239.9,29.48,1.224,11368,2022-05-20 15:25:00,16274.0,eod,34.1,1241.05,35.1,-2.2,0,False
11388,2022-05-23 10:50:00,LONG,16318.0,16319.05,28.3,1.039,11420,2022-05-23 13:30:00,16375.66,target,56.61,2702.3,78.95,-12.65,0,False
11426,2022-05-23 14:00:00,SHORT,16306.4,16256.75,78.33,2.731,11443,2022-05-23 15:25:00,16164.9,eod,91.85,4995.25,104.75,-13.25,1,True
11456,2022-05-24 10:15:00,SHORT,16100.2,16093.35,37.23,1.226,11460,2022-05-24 10:35:00,16130.58,stop,-37.23,-3392.3,5.35,-58.0,3,True
11489,2022-05-24 13:00:00,LONG,16207.0,16209.9,31.24,1.102,11490,2022-05-24 13:05:00,16178.66,stop,-31.24,-3004.28,1.35,-106.4,1,True
11505,2022-05-24 14:20:00,SHORT,16088.0,16071.4,47.98,1.529,11512,2022-05-24 14:55:00,16119.38,stop,-47.98,-4090.63,37.35,-49.9,0,False
11542,2022-05-25 11:10:00,LONG,16152.95,16155.45,24.92,1.112,11544,2022-05-25 11:20:00,16130.53,stop,-24.92,-2592.9,7.65,-38.9,1,True
11545,2022-05-25 11:25:00,SHORT,16119.05,16119.0,22.58,1.002,11549,2022-05-25 11:45:00,16073.83,target,45.17,1962.99,61.0,-7.9,2,False
11564,2022-05-25 13:00:00,SHORT,16040.0,16024.85,37.14,1.689,11567,2022-05-25 13:15:00,16061.99,stop,-37.14,-3385.67,7.5,-37.2,3,True
11651,2022-05-27 12:10:00,SHORT,16222.4,16221.9,26.51,1.019,11652,2022-05-27 12:15:00,16248.41,stop,-26.51,-2697.73,9.9,-32.85,3,True
11653,2022-05-27 12:20:00,LONG,16265.0,16266.8,29.13,1.066,11664,2022-05-27 13:15:00,16325.06,target,58.26,2810.43,70.65,-10.3,0,False
11707,2022-05-30 10:35:00,LONG,16612.0,16615.0,28.37,1.118,11714,2022-05-30 11:10:00,16671.74,target,56.74,2705.64,57.0,-5.0,2,True
11750,2022-05-30 14:10:00,SHORT,16617.0,16614.0,22.12,1.157,11754,2022-05-30 14:30:00,16636.12,stop,-22.12,-2418.92,22.0,-22.7,1,True
11769,2022-06-01 09:35:00,SHORT,16584.65,16577.35,33.33,1.28,11781,2022-06-01 10:35:00,16610.68,stop,-33.33,-3147.36,42.35,-44.65,1,True
11786,2022-06-01 11:00:00,SHORT,16584.15,16572.65,34.17,1.507,11815,2022-06-01 13:25:00,16504.3,target,68.35,3462.1,81.85,-32.35,0,False
11851,2022-06-02 10:10:00,LONG,16513.0,16515.65,28.57,1.102,11856,2022-06-02 10:35:00,16572.78,target,57.13,2733.2,58.95,-17.75,1,True
11877,2022-06-02 12:20:00,LONG,16549.95,16553.9,26.29,1.177,11894,2022-06-02 13:45:00,16606.47,target,52.57,2436.12,54.75,-21.25,1,True
11897,2022-06-02 14:00:00,LONG,16605.0,16617.0,37.5,1.47,11914,2022-06-02 15:25:00,16629.0,eod,12.0,-201.59,28.0,-33.95,3,True
11954,2022-06-03 12:30:00,SHORT,16721.05,16709.75,28.17,1.67,11976,2022-06-03 14:20:00,16653.4,target,56.35,2679.71,64.55,-24.8,1,True
12024,2022-06-06 12:05:00,LONG,16549.0,16554.7,27.34,1.263,12044,2022-06-06 13:45:00,16609.39,target,54.69,2573.43,56.45,-17.55,1,True
12087,2022-06-07 11:05:00,SHORT,16389.7,16384.8,24.34,1.252,12098,2022-06-07 12:00:00,16409.14,stop,-24.34,-2559.7,30.8,-28.6,0,False
12121,2022-06-07 13:55:00,SHORT,16400.0,16391.0,28.74,1.456,12127,2022-06-07 14:25:00,16419.74,stop,-28.74,-2845.44,0.75,-61.0,6,True
12144,2022-06-08 09:35:00,SHORT,16389.2,16380.0,30.4,1.434,12150,2022-06-08 10:05:00,16319.2,target,60.8,2974.86,70.0,-24.0,3,True
12156,2022-06-08 10:35:00,LONG,16452.0,16493.6,73.07,2.322,12187,2022-06-08 13:10:00,16420.53,stop,-73.07,-5727.87,54.4,-78.0,1,True
12203,2022-06-08 14:30:00,SHORT,16353.6,16337.45,39.53,1.691,12209,2022-06-08 15:00:00,16376.98,stop,-39.53,-3546.5,11.45,-46.4,4,True
12228,2022-06-09 10:20:00,LONG,16348.7,16356.0,32.08,1.295,12255,2022-06-09 12:35:00,16420.17,target,64.17,3193.17,66.65,-23.35,0,False
12292,2022-06-10 09:25:00,SHORT,16268.6,16266.3,36.78,1.067,12348,2022-06-10 14:05:00,16192.75,target,73.55,3805.71,75.9,-34.15,0,False
12359,2022-06-10 15:00:00,LONG,16243.0,16245.55,22.47,1.128,12362,2022-06-10 15:15:00,16223.08,stop,-22.47,-2435.15,3.35,-52.2,3,True
12386,2022-06-13 11:00:00,LONG,15807.7,15810.0,24.84,1.102,12393,2022-06-13 11:35:00,15785.16,stop,-24.84,-2581.88,12.25,-33.4,2,True
12403,2022-06-13 12:25:00,SHORT,15776.6,15765.0,30.19,1.624,12420,2022-06-13 13:50:00,15704.62,target,60.38,2957.95,63.8,-27.0,1,False
12437,2022-06-13 15:15:00,LONG,15767.95,15771.9,26.31,1.177,12439,2022-06-13 15:25:00,15790.0,eod,18.1,209.28,20.1,0.0,1,True
12500,2022-06-15 14:15:00,SHORT,15745.35,15737.9,27.14,1.378,12514,2022-06-15 15:25:00,15704.5,eod,33.4,1204.72,46.9,-15.05,0,False
12539,2022-06-16 11:15:00,SHORT,15673.5,15646.0,54.35,2.024,12556,2022-06-16 12:40:00,15537.3,target,108.7,6100.75,119.4,-15.6,1,True
12579,2022-06-16 14:35:00,SHORT,15356.95,15350.7,44.15,1.165,12589,2022-06-16 15:25:00,15335.0,eod,15.7,60.79,22.7,-42.95,0,False
12650,2022-06-17 14:15:00,SHORT,15297.5,15272.65,58.94,1.729,12654,2022-06-17 14:35:00,15331.59,stop,-58.94,-4789.44,15.65,-66.35,3,False
12657,2022-06-17 14:50:00,LONG,15366.5,15384.0,52.34,1.502,12659,2022-06-17 15:00:00,15331.66,stop,-52.34,-4361.46,15.95,-90.95,2,True
12669,2022-06-20 09:35:00,SHORT,15258.0,15234.0,67.11,1.557,12674,2022-06-20 10:00:00,15301.11,stop,-67.11,-5320.25,31.7,-95.0,7,True
12694,2022-06-20 11:40:00,LONG,15315.0,15323.15,37.44,1.278,12713,2022-06-20 13:15:00,15285.71,stop,-37.44,-3392.46,60.85,-40.75,4,True
12730,2022-06-20 14:40:00,SHORT,15276.6,15273.65,28.61,1.115,12733,2022-06-20 14:55:00,15302.26,stop,-28.61,-2818.08,19.7,-31.8,5,True
12746,2022-06-21 09:45:00,LONG,15494.8,15525.3,63.92,1.913,12782,2022-06-21 12:45:00,15653.13,target,127.83,7344.42,132.7,-7.3,0,False
12805,2022-06-21 14:40:00,SHORT,15681.0,15657.05,46.51,2.062,12814,2022-06-21 15:25:00,15631.0,eod,26.05,728.33,35.65,-16.85,0,False
12825,2022-06-22 10:05:00,SHORT,15434.95,15432.0,32.19,1.101,12828,2022-06-22 10:20:00,15464.19,stop,-32.19,-3053.64,6.9,-39.15,0,False
12847,2022-06-22 11:55:00,SHORT,15451.0,15444.05,29.7,1.305,12858,2022-06-22 12:50:00,15384.65,target,59.4,2899.94,66.05,-21.7,2,True
12936,2022-06-23 13:05:00,SHORT,15387.4,15367.45,50.13,1.661,12941,2022-06-23 13:30:00,15417.58,stop,-50.13,-4218.89,7.45,-103.15,1,True
12974,2022-06-24 10:00:00,LONG,15716.75,15720.0,37.68,1.094,12975,2022-06-24 10:05:00,15682.32,stop,-37.68,-3414.67,7.0,-48.9,7,True
13010,2022-06-24 13:00:00,LONG,15683.8,15690.0,32.77,1.233,13014,2022-06-24 13:20:00,15657.23,stop,-32.77,-3094.92,8.5,-33.35,0,False
13018,2022-06-24 13:40:00,SHORT,15646.1,15638.4,32.07,1.316,13019,2022-06-24 13:45:00,15670.47,stop,-32.07,-3049.42,2.4,-55.2,0,False
13023,2022-06-24 14:05:00,LONG,15699.55,15704.5,32.04,1.183,13039,2022-06-24 15:25:00,15718.1,eod,13.6,-82.0,22.45,-29.5,1,True
13058,2022-06-27 10:45:00,SHORT,15866.4,15859.85,31.42,1.263,13080,2022-06-27 12:35:00,15891.27,stop,-31.42,-3010.77,27.15,-33.75,0,False
13084,2022-06-27 12:55:00,LONG,15889.4,15895.8,25.34,1.338,13098,2022-06-27 14:05:00,15870.46,stop,-25.34,-2616.13,26.65,-26.35,5,True
13109,2022-06-27 15:00:00,SHORT,15832.7,15821.3,35.54,1.472,13114,2022-06-27 15:25:00,15838.05,eod,-16.75,-2056.6,2.2,-27.9,2,True
13187,2022-06-28 15:15:00,LONG,15847.4,15855.0,28.85,1.358,13189,2022-06-28 15:25:00,15858.55,eod,3.55,-737.68,6.95,-12.0,3,True
13260,2022-06-29 15:05:00,SHORT,15778.0,15776.85,23.1,1.052,13264,2022-06-29 15:25:00,15765.2,eod,11.65,-209.76,16.65,-12.0,0,False
13269,2022-06-30 09:35:00,LONG,15852.15,15859.95,32.39,1.317,13274,2022-06-30 10:00:00,15827.56,stop,-32.39,-3073.42,16.65,-32.9,3,True
13288,2022-06-30 11:10:00,SHORT,15769.45,15758.0,35.53,1.476,13291,2022-06-30 11:25:00,15793.53,stop,-35.53,-3276.13,11.6,-38.7,0,False
13300,2022-06-30 12:10:00,SHORT,15757.1,15733.6,45.91,2.049,13305,2022-06-30 12:35:00,15779.51,stop,-45.91,-3950.3,21.6,-54.85,10,True
13313,2022-06-30 13:15:00,LONG,15785.0,15800.65,42.57,1.581,13339,2022-06-30 15:25:00,15778.7,eod,-21.95,-2393.88,41.3,-37.05,3,True
13364,2022-07-01 11:15:00,LONG,15608.0,15613.3,31.93,1.199,13370,2022-07-01 11:45:00,15581.37,stop,-31.93,-3039.41,15.7,-45.3,1,True
13376,2022-07-01 12:15:00,LONG,15629.0,15634.6,28.3,1.247,13379,2022-07-01 12:30:00,15606.3,stop,-28.3,-2803.66,7.65,-31.6,0,False
13384,2022-07-01 12:55:00,LONG,15642.25,15645.0,24.39,1.127,13389,2022-07-01 13:20:00,15693.79,target,48.79,2205.6,51.0,0.0,1,True
13405,2022-07-01 14:40:00,LONG,15696.0,15710.75,39.65,1.592,13414,2022-07-01 15:25:00,15774.6,eod,63.85,3183.42,76.5,-19.8,0,False
13474,2022-07-04 14:10:00,LONG,15763.05,15769.85,24.1,1.393,13483,2022-07-04 14:55:00,15818.05,target,48.2,2165.31,53.15,-8.7,1,True
13515,2022-07-05 11:20:00,LONG,15992.6,15997.8,21.44,1.32,13531,2022-07-05 12:40:00,15976.36,stop,-21.44,-2363.95,16.8,-30.45,0,False
13534,2022-07-05 12:55:00,SHORT,15965.0,15960.0,20.85,1.315,13543,2022-07-05 13:40:00,15918.3,target,41.7,1740.23,43.0,-14.0,0,False
13592,2022-07-06 11:30:00,SHORT,15840.0,15831.6,32.33,1.351,13601,2022-07-06 12:15:00,15863.93,stop,-32.33,-3069.57,17.15,-43.4,0,False
13638,2022-07-06 15:20:00,LONG,15999.0,16000.5,28.96,1.055,13639,2022-07-06 15:25:00,16011.4,eod,10.9,-262.52,13.1,-0.5,1,True
13655,2022-07-07 10:30:00,LONG,16104.9,16109.1,28.92,1.17,13663,2022-07-07 11:10:00,16080.18,stop,-28.92,-2851.88,19.8,-32.1,1,True
13685,2022-07-07 13:00:00,LONG,16117.65,16123.15,24.13,1.295,13694,2022-07-07 13:45:00,16099.02,stop,-24.13,-2541.17,21.7,-26.15,0,False
13699,2022-07-07 14:10:00,SHORT,16071.7,16055.85,37.34,1.738,13701,2022-07-07 14:20:00,16093.19,stop,-37.34,-3398.96,13.85,-43.15,2,True
13748,2022-07-08 12:00:00,SHORT,16177.55,16177.0,15.73,1.036,13752,2022-07-08 12:20:00,16192.73,stop,-15.73,-1996.51,1.85,-24.2,1,True
13767,2022-07-08 13:35:00,LONG,16220.0,16230.0,24.65,1.682,13770,2022-07-08 13:50:00,16205.35,stop,-24.65,-2576.93,6.65,-26.0,2,True
13816,2022-07-11 11:25:00,SHORT,16129.0,16125.6,18.75,1.221,13835,2022-07-11 13:00:00,16144.35,stop,-18.75,-2191.8,14.9,-26.1,1,True
13837,2022-07-11 13:10:00,LONG,16153.25,16153.55,13.66,1.022,13843,2022-07-11 13:40:00,16180.86,target,27.31,801.4,31.3,-11.7,2,True
13853,2022-07-11 14:30:00,LONG,16240.0,16244.8,23.42,1.258,13856,2022-07-11 14:45:00,16221.38,stop,-23.42,-2496.73,8.4,-26.8,3,True
13861,2022-07-11 15:10:00,SHORT,16210.0,16209.95,19.38,1.003,13864,2022-07-11 15:25:00,16187.0,eod,22.95,517.36,31.7,-9.75,0,False
13923,2022-07-12 14:05:00,LONG,16110.95,16114.85,21.38,1.223,13932,2022-07-12 14:50:00,16093.47,stop,-21.38,-2362.42,24.85,-24.85,0,False
13933,2022-07-12 14:55:00,SHORT,16077.05,16073.2,21.52,1.218,13938,2022-07-12 15:20:00,16030.17,target,43.03,1825.14,43.15,0.0,0,False
13950,2022-07-13 10:05:00,LONG,16125.5,16132.35,24.89,1.38,13953,2022-07-13 10:20:00,16107.46,stop,-24.89,-2590.7,10.1,-42.35,4,True
13964,2022-07-13 11:15:00,LONG,16091.05,16094.8,19.36,1.24,13974,2022-07-13 12:05:00,16075.44,stop,-19.36,-2230.78,14.2,-19.7,0,False
13980,2022-07-13 12:35:00,SHORT,16070.9,16070.4,15.16,1.034,13984,2022-07-13 12:55:00,16040.09,target,30.31,998.42,60.4,-9.55,0,False
14002,2022-07-13 14:25:00,LONG,16017.55,16018.65,21.66,1.054,14006,2022-07-13 14:45:00,15996.99,stop,-21.66,-2378.51,4.35,-30.7,5,True
14018,2022-07-14 09:30:00,LONG,16028.0,16036.35,31.25,1.365,14038,2022-07-14 11:10:00,16005.1,stop,-31.25,-3002.47,42.65,-33.5,2,True
14085,2022-07-14 15:05:00,LONG,15918.85,15928.9,31.38,1.471,14089,2022-07-14 15:25:00,15937.1,eod,8.2,-436.76,17.0,-2.9,1,True
14111,2022-07-15 11:00:00,SHORT,15968.1,15961.0,24.51,1.408,14120,2022-07-15 11:45:00,15985.51,stop,-24.51,-2563.11,17.85,-37.5,0,False
14132,2022-07-15 12:45:00,LONG,15967.45,15980.0,31.21,1.672,14154,2022-07-15 14:35:00,16042.43,target,62.43,3086.42,65.0,-25.0,0,False
14159,2022-07-15 15:00:00,LONG,16048.0,16061.0,32.58,1.664,14164,2022-07-15 15:25:00,16074.0,eod,13.0,-127.09,22.9,-7.8,0,False
14396,2022-07-21 09:45:00,LONG,16541.95,16549.5,24.28,1.451,14419,2022-07-21 11:40:00,16598.06,target,48.56,2175.13,50.5,-7.5,2,True
14433,2022-07-21 12:50:00,LONG,16584.1,16585.35,14.73,1.093,14434,2022-07-21 12:55:00,16570.62,stop,-14.73,-1938.02,5.2,-19.75,0,False
14435,2022-07-21 13:00:00,SHORT,16557.05,16544.0,28.55,1.842,14452,2022-07-21 14:25:00,16572.55,stop,-28.55,-2836.11,36.6,-43.2,0,False
14462,2022-07-21 15:15:00,LONG,16600.0,16603.1,20.54,1.178,14464,2022-07-21 15:25:00,16618.0,eod,14.9,-12.89,14.9,-3.15,2,True
14481,2022-07-22 10:35:00,SHORT,16623.9,16620.0,22.53,1.209,14491,2022-07-22 11:25:00,16642.53,stop,-22.53,-2445.86,9.0,-23.45,0,False
14518,2022-07-22 13:40:00,LONG,16691.65,16694.8,17.83,1.215,14523,2022-07-22 14:05:00,16730.45,target,35.65,1334.25,44.7,-7.75,3,False
14543,2022-07-25 09:30:00,SHORT,16658.35,16642.0,37.14,1.786,14563,2022-07-25 11:10:00,16567.72,target,74.28,3846.68,78.45,-22.6,3,True
14597,2022-07-25 14:00:00,LONG,16619.25,16625.55,22.78,1.382,14601,2022-07-25 14:20:00,16671.1,target,45.55,1978.74,49.45,-3.45,6,False
14618,2022-07-26 09:30:00,SHORT,16557.55,16539.1,41.17,1.812,14689,2022-07-26 15:25:00,16479.95,eod,59.15,2864.83,63.95,-35.75,4,True
14710,2022-07-27 10:55:00,LONG,16553.3,16560.0,25.26,1.361,14735,2022-07-27 13:00:00,16610.53,target,50.53,2303.16,56.0,-20.0,3,True
14744,2022-07-27 13:45:00,SHORT,16595.0,16581.45,30.32,1.808,14747,2022-07-27 14:00:00,16611.77,stop,-30.32,-2951.43,0.0,-30.35,0,False
14786,2022-07-28 11:00:00,LONG,16852.75,16858.9,23.45,1.356,14805,2022-07-28 12:35:00,16905.79,target,46.89,2061.74,49.2,-1.8,1,True
14829,2022-07-28 14:35:00,SHORT,16895.45,16895.0,14.95,1.031,14834,2022-07-28 15:00:00,16909.95,stop,-14.95,-1957.7,26.0,-23.75,1,True
14835,2022-07-28 15:05:00,LONG,16924.75,16932.75,25.45,1.458,14839,2022-07-28 15:25:00,16930.0,eod,-2.75,-1165.52,1.2,-8.65,4,False
14883,2022-07-29 12:50:00,LONG,17149.65,17162.4,31.82,1.669,14892,2022-07-29 13:35:00,17130.58,stop,-31.82,-3058.42,7.35,-49.95,5,True
14897,2022-07-29 14:00:00,SHORT,17119.9,17117.9,20.92,1.106,14898,2022-07-29 14:05:00,17138.82,stop,-20.92,-2349.54,6.4,-21.0,2,True
14900,2022-07-29 14:15:00,SHORT,17112.45,17105.0,27.09,1.379,14902,2022-07-29 14:25:00,17132.09,stop,-27.09,-2750.79,2.0,-34.7,3,True
14908,2022-07-29 14:55:00,LONG,17149.85,17151.5,21.49,1.083,14911,2022-07-29 15:10:00,17194.48,target,42.98,1802.29,64.3,-1.45,0,False
14921,2022-08-01 09:45:00,LONG,17275.0,17282.8,32.74,1.313,14968,2022-08-01 13:40:00,17348.27,target,65.47,3262.1,67.1,-7.6,0,False
14998,2022-08-02 09:55:00,SHORT,17281.85,17263.95,39.7,1.821,15008,2022-08-02 10:45:00,17303.65,stop,-39.7,-3573.41,22.85,-39.8,1,True
15045,2022-08-02 13:50:00,LONG,17334.1,17348.5,33.74,1.744,15056,2022-08-02 14:45:00,17415.98,target,67.48,3391.57,71.5,-12.3,2,True
15079,2022-08-03 10:25:00,SHORT,17283.0,17279.65,31.73,1.118,15107,2022-08-03 12:45:00,17311.38,stop,-31.73,-3055.49,35.8,-33.3,0,False
15126,2022-08-03 14:20:00,LONG,17344.4,17347.7,24.78,1.154,15134,2022-08-03 15:00:00,17397.27,target,49.57,2227.15,56.75,-20.65,2,True
15167,2022-08-04 11:30:00,SHORT,17271.2,17264.0,36.29,1.247,15168,2022-08-04 11:35:00,17300.29,stop,-36.29,-3351.65,9.0,-40.9,0,False
15170,2022-08-04 11:45:00,SHORT,17241.1,17218.1,57.76,1.662,15171,2022-08-04 11:50:00,17275.86,stop,-57.76,-4746.11,7.95,-69.85,2,True
15207,2022-08-04 14:50:00,LONG,17355.55,17368.7,43.23,1.437,15214,2022-08-04 15:25:00,17370.0,eod,1.3,-909.79,48.8,-15.7,1,True
15217,2022-08-05 09:25:00,LONG,17467.05,17475.0,41.85,1.234,15225,2022-08-05 10:05:00,17433.15,stop,-41.85,-3716.0,20.0,-55.9,1,True
15237,2022-08-05 11:05:00,LONG,17495.0,17504.65,36.79,1.356,15244,2022-08-05 11:40:00,17467.86,stop,-36.79,-3387.72,9.7,-44.1,0,False
15257,2022-08-05 12:45:00,SHORT,17450.4,17449.45,21.5,1.046,15260,2022-08-05 13:00:00,17406.44,target,43.01,1799.91,44.4,-12.3,0,False
15292,2022-08-08 09:25:00,LONG,17440.0,17444.7,33.45,1.164,15317,2022-08-08 11:30:00,17511.59,target,66.89,3351.42,78.3,-21.0,1,False
15341,2022-08-08 13:30:00,LONG,17567.0,17577.2,25.92,1.649,15348,2022-08-08 14:05:00,17551.28,stop,-25.92,-2682.04,6.7,-27.2,2,False
15355,2022-08-08 14:40:00,SHORT,17545.0,17525.0,37.02,2.175,15357,2022-08-08 14:50:00,17562.02,stop,-37.02,-3403.66,11.35,-37.45,6,True
15402,2022-08-10 12:20:00,LONG,17539.85,17542.0,20.22,1.119,15404,2022-08-10 12:30:00,17521.78,stop,-20.22,-2311.0,0.0,-23.05,1,False
15419,2022-08-10 13:45:00,SHORT,17514.45,17514.2,17.41,1.015,15420,2022-08-10 13:50:00,17531.61,stop,-17.41,-2128.66,1.15,-20.8,4,True
15422,2022-08-10 14:00:00,LONG,17546.25,17546.45,17.37,1.012,15425,2022-08-10 14:15:00,17581.18,target,34.73,1259.87,39.15,-6.45,1,True
15467,2022-08-11 11:30:00,SHORT,17698.1,17682.7,32.11,1.922,15476,2022-08-11 12:15:00,17714.81,stop,-32.11,-3086.72,5.8,-35.15,2,True
15526,2022-08-12 10:10:00,LONG,17701.0,17703.8,21.32,1.151,15531,2022-08-12 10:35:00,17682.48,stop,-21.32,-2385.46,9.2,-21.8,1,True
15540,2022-08-12 11:20:00,LONG,17713.0,17716.85,19.17,1.251,15546,2022-08-12 11:50:00,17697.68,stop,-19.17,-2245.99,4.8,-21.6,0,False
15556,2022-08-12 12:40:00,LONG,17711.35,17713.0,13.54,1.139,15568,2022-08-12 13:40:00,17740.07,target,27.07,759.12,35.25,-6.0,3,True
15575,2022-08-12 14:15:00,SHORT,17726.05,17724.6,13.55,1.12,15579,2022-08-12 14:35:00,17697.5,target,27.1,760.98,28.05,-5.65,0,False
15709,2022-08-17 12:55:00,LONG,17955.0,17958.5,12.48,1.39,15716,2022-08-17 13:30:00,17946.02,stop,-12.48,-1815.47,6.35,-14.1,3,True
15719,2022-08-17 13:45:00,SHORT,17943.95,17943.65,10.66,1.029,15725,2022-08-17 14:15:00,17954.31,stop,-10.66,-1697.17,8.65,-12.8,0,False
15730,2022-08-17 14:40:00,LONG,17964.85,17965.95,11.22,1.109,15734,2022-08-17 15:00:00,17988.4,target,22.45,454.26,25.05,-1.4,2,True
15780,2022-08-18 12:35:00,LONG,17896.0,17899.5,18.11,1.24,15783,2022-08-18 12:50:00,17881.39,stop,-18.11,-2180.1,10.75,-18.15,1,True
15799,2022-08-18 14:10:00,LONG,17924.25,17927.0,17.97,1.181,15806,2022-08-18 14:45:00,17962.93,target,35.93,1331.2,37.35,-2.0,0,False
15841,2022-08-19 11:25:00,SHORT,17858.85,17844.15,37.86,1.635,15853,2022-08-19 12:25:00,17768.44,target,75.71,3919.11,99.15,-3.2,1,True
15912,2022-08-22 11:05:00,SHORT,17567.0,17562.05,29.26,1.204,15924,2022-08-22 12:05:00,17591.31,stop,-29.26,-2899.42,3.75,-32.85,2,True
15934,2022-08-22 12:55:00,SHORT,17557.1,17543.0,32.61,1.762,15959,2022-08-22 15:00:00,17477.79,target,65.21,3241.77,71.9,-20.1,0,False
16023,2022-08-23 14:05:00,LONG,17599.0,17600.0,25.27,1.041,16028,2022-08-23 14:30:00,17574.73,stop,-25.27,-2640.32,14.95,-45.0,8,True
16034,2022-08-23 15:00:00,SHORT,17555.0,17540.95,40.63,1.529,16036,2022-08-23 15:10:00,17581.58,stop,-40.63,-3638.44,8.85,-45.05,2,True
16038,2022-08-23 15:20:00,LONG,17618.0,17628.3,37.19,1.383,16039,2022-08-23 15:25:00,17643.6,eod,15.3,-4.43,15.65,-0.3,0,False
16062,2022-08-24 11:05:00,LONG,17607.55,17616.9,34.29,1.375,16072,2022-08-24 11:55:00,17582.61,stop,-34.29,-3226.98,11.45,-51.9,1,True
16083,2022-08-24 12:50:00,SHORT,17555.0,17544.05,32.14,1.517,16093,2022-08-24 13:40:00,17576.19,stop,-32.14,-3086.62,24.05,-39.5,0,False
16110,2022-08-24 15:05:00,LONG,17606.0,17613.0,28.04,1.333,16114,2022-08-24 15:25:00,17610.3,eod,-2.7,-1173.91,22.3,-10.0,1,True
16137,2022-08-25 11:05:00,SHORT,17684.6,17683.0,18.92,1.092,16140,2022-08-25 11:20:00,17645.16,target,37.84,1460.26,40.75,-10.0,0,False
16151,2022-08-25 12:15:00,LONG,17712.0,17714.0,19.24,1.116,16172,2022-08-25 14:00:00,17694.76,stop,-19.24,-2250.64,25.35,-22.0,4,True
16173,2022-08-25 14:05:00,SHORT,17700.55,17698.65,17.25,1.124,16178,2022-08-25 14:30:00,17664.14,target,34.51,1243.33,52.6,-10.35,4,True
16203,2022-08-26 10:20:00,SHORT,17710.1,17700.0,39.67,1.342,16259,2022-08-26 15:00:00,17620.65,target,79.35,4157.82,97.95,-29.45,1,True
16301,2022-08-29 12:15:00,LONG,17393.0,17394.95,23.19,1.092,16308,2022-08-29 12:50:00,17371.76,stop,-23.19,-2501.96,42.9,-29.9,1,True
16328,2022-08-29 14:30:00,SHORT,17371.35,17360.0,32.81,1.529,16330,2022-08-29 14:40:00,17392.81,stop,-32.81,-3127.0,0.2,-34.35,4,True
16388,2022-08-30 13:15:00,LONG,17699.0,17707.05,24.08,1.502,16402,2022-08-30 14:25:00,17755.2,target,48.15,2129.02,57.85,-12.6,3,True
16407,2022-08-30 14:50:00,LONG,17769.0,17777.95,27.58,1.48,16410,2022-08-30 15:05:00,17833.11,target,55.16,2583.64,66.75,-7.85,0,False
16445,2022-09-01 11:45:00,SHORT,17656.55,17632.1,52.24,1.88,16470,2022-09-01 13:50:00,17527.63,target,104.47,5792.11,111.1,-16.7,1,True
16499,2022-09-02 10:00:00,SHORT,17524.95,17513.6,47.35,1.315,16505,2022-09-02 10:30:00,17560.95,stop,-47.35,-4074.57,22.25,-55.9,2,True
16523,2022-09-02 12:00:00,LONG,17576.45,17577.0,24.59,1.023,16538,2022-09-02 13:15:00,17626.17,target,49.17,2197.6,50.95,-10.0,1,True
16547,2022-09-02 14:00:00,LONG,17630.0,17641.0,30.73,1.558,16553,2022-09-02 14:30:00,17610.27,stop,-30.73,-2995.64,16.75,-38.95,0,False
16568,2022-09-05 09:30:00,LONG,17657.75,17664.4,36.31,1.224,16639,2022-09-05 15:25:00,17704.0,eod,39.6,1574.1,63.15,-23.4,0,False
16644,2022-09-06 09:35:00,SHORT,17691.05,17690.55,25.15,1.02,16651,2022-09-06 10:10:00,17640.24,target,50.31,2270.18,50.65,-16.45,2,False
16652,2022-09-06 10:15:00,SHORT,17648.0,17645.0,26.9,1.125,16662,2022-09-06 11:05:00,17671.9,stop,-26.9,-2747.89,45.0,-40.85,1,True
16672,2022-09-06 11:55:00,LONG,17702.55,17716.05,35.36,1.617,16705,2022-09-06 14:40:00,17680.69,stop,-35.36,-3298.27,35.8,-55.5,0,False
16734,2022-09-07 10:50:00,SHORT,17575.0,17566.45,30.16,1.396,16745,2022-09-07 11:45:00,17596.61,stop,-30.16,-2958.02,24.9,-32.55,4,True
16746,2022-09-07 11:50:00,LONG,17609.5,17622.2,31.84,1.663,16789,2022-09-07 15:25:00,17655.0,eod,32.8,1132.92,57.8,-10.75,2,True
16887,2022-09-09 11:05:00,SHORT,17917.0,17914.5,17.99,1.161,16894,2022-09-09 11:40:00,17878.51,target,35.99,1335.76,37.15,-6.4,1,True
16937,2022-09-09 15:15:00,SHORT,17861.0,17855.75,23.56,1.287,16939,2022-09-09 15:25:00,17862.0,eod,-6.25,-1408.87,5.75,-16.2,0,False
16944,2022-09-12 09:35:00,LONG,17936.95,17944.35,29.81,1.33,16981,2022-09-12 12:40:00,18003.97,target,59.62,2870.07,60.5,-2.05,0,False
16982,2022-09-12 12:45:00,SHORT,17984.05,17980.0,16.34,1.329,16997,2022-09-12 14:00:00,17996.34,stop,-16.34,-2067.08,11.95,-24.2,0,False
16998,2022-09-12 14:05:00,LONG,18004.85,18019.5,27.78,2.116,17002,2022-09-12 14:25:00,17991.72,stop,-27.78,-2810.67,4.9,-34.5,1,True
17011,2022-09-12 15:10:00,SHORT,17973.0,17965.0,21.77,1.581,17014,2022-09-12 15:25:00,17955.0,eod,10.0,-354.45,13.0,-6.65,5,True
17040,2022-09-13 11:20:00,LONG,18087.1,18088.4,13.49,1.107,17043,2022-09-13 11:35:00,18074.91,stop,-13.49,-1882.93,1.6,-15.35,0,False
17109,2022-09-14 10:50:00,LONG,17940.2,17943.9,23.97,1.183,17120,2022-09-14 11:45:00,17991.84,target,47.94,2111.27,49.1,-3.9,0,False
17149,2022-09-14 14:10:00,LONG,18083.4,18088.55,25.7,1.251,17159,2022-09-14 15:00:00,18062.85,stop,-25.7,-2676.88,21.45,-50.4,0,False
17161,2022-09-14 15:10:00,SHORT,18015.0,17995.0,42.68,1.882,17164,2022-09-14 15:25:00,18018.0,eod,-23.0,-2500.05,6.8,-24.45,0,False
17183,2022-09-15 10:45:00,SHORT,17912.25,17900.1,40.81,1.424,17193,2022-09-15 11:35:00,17940.91,stop,-40.81,-3656.08,33.6,-49.4,1,True
17226,2022-09-15 14:20:00,LONG,17922.8,17937.0,36.8,1.628,17235,2022-09-15 15:05:00,17900.2,stop,-36.8,-3395.39,32.25,-57.0,0,False
17237,2022-09-15 15:15:00,SHORT,17882.05,17875.85,30.11,1.259,17239,2022-09-15 15:25:00,17890.1,eod,-14.25,-1929.24,0.0,-16.15,5,True
17286,2022-09-16 13:05:00,SHORT,17665.0,17637.05,50.08,2.263,17301,2022-09-16 14:20:00,17536.88,target,100.17,5512.15,111.05,-6.5,3,True
17316,2022-09-19 09:20:00,SHORT,17526.0,17482.0,83.15,2.124,17318,2022-09-19 09:30:00,17565.15,stop,-83.15,-6401.25,25.75,-116.75,1,True
17322,2022-09-19 09:50:00,LONG,17630.15,17643.2,56.62,1.299,17347,2022-09-19 11:55:00,17586.25,stop_gap,-56.95,-4699.9,46.8,-56.95,2,True
17365,2022-09-19 13:25:00,SHORT,17614.7,17608.8,29.97,1.245,17368,2022-09-19 13:40:00,17638.77,stop,-29.97,-2946.51,8.8,-34.95,1,True
17371,2022-09-19 13:55:00,LONG,17665.0,17666.0,23.26,1.045,17374,2022-09-19 14:10:00,17642.74,stop,-23.26,-2511.12,10.45,-24.8,4,True
17384,2022-09-19 15:00:00,SHORT,17616.1,17611.95,29.34,1.165,17386,2022-09-19 15:10:00,17641.29,stop,-29.34,-2905.5,2.95,-31.55,0,False
17456,2022-09-20 14:45:00,SHORT,17864.6,17863.0,18.53,1.095,17461,2022-09-20 15:10:00,17825.94,target,37.06,1406.25,48.0,-13.0,6,True
17491,2022-09-21 11:25:00,SHORT,17799.0,17776.05,44.12,2.084,17498,2022-09-21 12:00:00,17687.81,target,88.24,4734.35,90.05,-12.3,1,False
17555,2022-09-22 10:30:00,SHORT,17622.4,17621.0,31.11,1.047,17573,2022-09-22 12:00:00,17558.77,target,62.23,3046.22,64.75,-30.95,2,True
17588,2022-09-22 13:15:00,LONG,17651.95,17653.0,24.58,1.045,17594,2022-09-22 13:45:00,17702.16,target,49.16,2195.8,51.25,-13.5,2,True
17617,2022-09-23 09:25:00,SHORT,17544.8,17543.4,31.89,1.046,17619,2022-09-23 09:35:00,17479.62,target,63.78,3148.89,78.4,0.0,3,True
17654,2022-09-23 12:30:00,SHORT,17415.0,17411.1,29.76,1.151,17672,2022-09-23 14:00:00,17351.58,target,59.52,2874.07,66.35,-18.8,3,True
17724,2022-09-26 12:05:00,LONG,17057.4,17060.15,29.89,1.101,17730,2022-09-26 12:35:00,17119.93,target,59.78,2895.74,61.55,-18.65,4,True
17750,2022-09-26 14:15:00,LONG,17117.35,17119.35,33.89,1.063,17756,2022-09-26 14:45:00,17085.46,stop,-33.89,-3192.16,32.7,-37.35,0,False
17759,2022-09-26 15:00:00,SHORT,17057.7,17001.9,88.66,2.698,17764,2022-09-26 15:25:00,17035.55,eod,-33.65,-3175.34,1.3,-41.95,1,True
17775,2022-09-27 10:05:00,SHORT,17031.25,17028.3,40.38,1.079,17781,2022-09-27 10:35:00,17068.68,stop,-40.38,-3613.35,20.2,-48.5,0,False
17784,2022-09-27 10:50:00,SHORT,17000.6,16996.95,38.51,1.105,17792,2022-09-27 11:30:00,17035.46,stop,-38.51,-3491.34,50.95,-44.75,0,False
17799,2022-09-27 12:05:00,LONG,17084.3,17092.85,40.86,1.265,17801,2022-09-27 12:15:00,17051.99,stop,-40.86,-3644.71,3.0,-60.85,1,True
17867,2022-09-28 11:30:00,LONG,16975.0,16989.55,43.19,1.508,17886,2022-09-28 13:05:00,16946.36,stop,-43.19,-3794.42,43.45,-43.3,2,True
17896,2022-09-28 13:55:00,SHORT,16947.5,16926.1,46.39,1.856,17914,2022-09-28 15:25:00,16838.1,eod,88.0,4733.54,92.4,-44.55,6,True
17930,2022-09-29 10:30:00,SHORT,16950.05,16945.0,32.4,1.185,17935,2022-09-29 10:55:00,16977.4,stop,-32.4,-3092.95,15.0,-34.1,2,True
17960,2022-09-29 13:00:00,SHORT,16833.7,16829.85,26.19,1.172,17979,2022-09-29 14:35:00,16856.04,stop,-26.19,-2687.34,43.8,-43.85,2,True
18060,2022-09-30 15:05:00,SHORT,17092.7,17082.0,38.26,1.388,18063,2022-09-30 15:20:00,17120.26,stop,-38.26,-3476.63,14.0,-51.5,0,False
18069,2022-10-03 09:35:00,SHORT,16992.5,16975.0,56.0,1.455,18090,2022-10-03 11:20:00,17031.0,stop,-56.0,-4627.38,43.95,-69.0,0,False
18119,2022-10-03 13:45:00,SHORT,16970.0,16963.0,32.63,1.273,18130,2022-10-03 14:40:00,16897.74,target,65.26,3254.51,72.8,-7.4,2,True
18157,2022-10-04 10:40:00,LONG,17278.55,17283.1,31.65,1.168,18160,2022-10-04 10:55:00,17251.45,stop,-31.65,-3049.39,5.1,-46.1,0,False
18274,2022-10-06 14:10:00,SHORT,17345.7,17342.95,20.46,1.155,18289,2022-10-06 15:25:00,17314.9,eod,28.05,829.49,29.9,-9.2,0,False
18322,2022-10-07 11:55:00,SHORT,17262.3,17260.0,20.43,1.127,18330,2022-10-07 12:35:00,17280.43,stop,-20.43,-2320.59,39.7,-23.0,0,False
18345,2022-10-07 13:50:00,LONG,17295.1,17304.85,27.61,1.546,18364,2022-10-07 15:25:00,17332.0,eod,27.15,771.18,45.15,-18.85,1,True
18387,2022-10-10 11:05:00,LONG,17099.6,17099.7,21.66,1.005,18393,2022-10-10 11:35:00,17143.01,target,43.31,1825.05,43.45,-1.65,0,False
18432,2022-10-10 14:50:00,LONG,17212.0,17214.75,29.21,1.104,18439,2022-10-10 15:25:00,17236.3,eod,21.55,408.8,32.25,-24.15,1,True
18466,2022-10-11 11:25:00,LONG,17150.0,17158.5,30.28,1.39,18478,2022-10-11 12:25:00,17128.22,stop,-30.28,-2958.76,39.5,-33.5,0,False
18480,2022-10-11 12:35:00,SHORT,17120.0,17108.9,33.46,1.496,18485,2022-10-11 13:00:00,17142.36,stop,-33.46,-3164.86,25.3,-38.7,2,True
18502,2022-10-11 14:25:00,SHORT,17071.15,17069.3,25.7,1.078,18508,2022-10-11 14:55:00,17017.9,target,51.4,2352.05,66.0,-12.2,0,False
18565,2022-10-12 13:25:00,SHORT,17016.6,17016.45,24.51,1.006,18566,2022-10-12 13:30:00,17040.96,stop,-24.51,-2581.49,3.6,-29.0,0,False
18570,2022-10-12 13:50:00,LONG,17055.55,17060.0,28.92,1.182,18584,2022-10-12 15:00:00,17117.83,target,57.83,2769.17,59.95,-2.0,1,True
18598,2022-10-13 09:55:00,SHORT,17021.65,17019.9,24.25,1.078,18606,2022-10-13 10:35:00,16971.4,target,48.5,2164.22,51.85,-12.1,0,False
18621,2022-10-13 11:50:00,SHORT,16951.0,16944.15,27.79,1.327,18626,2022-10-13 12:15:00,16971.94,stop,-27.79,-2793.76,17.15,-32.75,2,True
18634,2022-10-13 12:55:00,LONG,16985.95,16999.0,35.78,1.574,18641,2022-10-13 13:30:00,16963.22,stop,-35.78,-3313.29,2.6,-48.55,2,True
18713,2022-10-14 13:15:00,SHORT,17278.85,17276.3,20.84,1.139,18715,2022-10-14 13:25:00,17297.14,stop,-20.84,-2347.43,8.3,-28.7,0,False
18721,2022-10-14 13:55:00,SHORT,17262.35,17236.7,45.53,2.29,18739,2022-10-14 15:25:00,17212.0,eod,24.7,613.55,61.7,-34.35,1,True
18752,2022-10-17 10:15:00,LONG,17240.0,17243.4,29.01,1.133,18779,2022-10-17 12:30:00,17301.41,target,58.01,2777.78,62.5,-22.95,0,False
18789,2022-10-17 13:20:00,LONG,17310.0,17317.4,28.71,1.347,18796,2022-10-17 13:55:00,17288.69,stop,-28.71,-2859.44,6.6,-45.05,0,False
18877,2022-10-18 14:25:00,SHORT,17475.0,17474.05,16.65,1.061,18884,2022-10-18 15:00:00,17490.7,stop,-16.65,-2078.13,21.3,-30.95,0,False
18895,2022-10-19 09:40:00,LONG,17568.0,17568.9,17.8,1.053,18918,2022-10-19 11:35:00,17551.1,stop,-17.8,-2154.16,30.45,-22.3,0,False
18922,2022-10-19 11:55:00,SHORT,17546.55,17546.0,15.17,1.038,18932,2022-10-19 12:45:00,17515.67,target,30.33,974.42,32.6,-10.75,2,True
18957,2022-10-19 14:50:00,SHORT,17489.25,17471.5,37.65,1.892,18964,2022-10-19 15:25:00,17509.15,stop,-37.65,-3443.09,14.45,-42.9,0,False
19017,2022-10-20 13:35:00,SHORT,17462.5,17461.95,17.62,1.032,19024,2022-10-20 14:10:00,17479.57,stop,-17.62,-2141.36,19.1,-22.95,1,True
19028,2022-10-20 14:30:00,LONG,17496.8,17502.0,21.99,1.31,19037,2022-10-20 15:15:00,17545.98,target,43.98,1861.74,58.0,-0.7,0,False
19066,2022-10-21 11:25:00,LONG,17626.75,17636.9,23.1,1.784,19092,2022-10-21 13:35:00,17613.8,stop,-23.1,-2500.05,28.6,-41.05,0,False
19171,2022-10-25 13:55:00,LONG,17696.7,17701.75,19.42,1.352,19178,2022-10-25 14:30:00,17682.33,stop,-19.42,-2261.7,12.95,-21.65,0,False
19184,2022-10-25 15:00:00,SHORT,17680.05,17663.3,31.72,2.119,19189,2022-10-25 15:25:00,17652.0,eod,11.3,-264.78,20.7,-6.05,0,False
19252,2022-10-27 14:25:00,SHORT,17684.2,17683.0,15.78,1.082,19259,2022-10-27 15:00:00,17698.78,stop,-15.78,-2025.27,28.0,-35.75,2,True
19260,2022-10-27 15:05:00,LONG,17717.3,17724.15,25.06,1.376,19264,2022-10-27 15:25:00,17735.85,eod,11.7,-240.02,15.85,-2.15,3,True
19318,2022-10-28 13:40:00,LONG,17809.0,17810.85,16.98,1.122,19320,2022-10-28 13:50:00,17793.87,stop,-16.98,-2105.01,2.15,-34.25,1,True
19335,2022-10-28 15:05:00,LONG,17828.95,17830.05,17.77,1.066,19339,2022-10-28 15:25:00,17837.0,eod,6.95,-550.51,9.15,-4.0,2,True
19378,2022-10-31 12:25:00,LONG,18029.95,18030.0,10.88,1.005,19380,2022-10-31 12:35:00,18019.12,stop,-10.88,-1712.39,1.0,-20.6,1,True
19409,2022-10-31 15:00:00,LONG,18033.8,18048.0,24.95,2.321,19414,2022-10-31 15:25:00,18054.9,eod,6.9,-557.49,13.75,-3.3,0,False
19450,2022-11-01 12:10:00,SHORT,18188.15,18180.15,19.05,1.724,19460,2022-11-01 13:00:00,18142.04,target,38.11,1469.03,46.6,-13.6,2,True
19481,2022-11-01 14:45:00,LONG,18188.75,18211.6,40.67,2.282,19483,2022-11-01 14:55:00,18170.93,stop,-40.67,-3651.68,5.85,-45.1,2,True
19511,2022-11-02 11:00:00,SHORT,18159.8,18154.35,21.42,1.341,19564,2022-11-02 15:25:00,18143.5,eod,10.85,-302.43,37.3,-18.6,5,True
19596,2022-11-03 11:50:00,SHORT,18096.0,18088.3,24.17,1.468,19634,2022-11-03 15:00:00,18112.47,stop,-24.17,-2577.61,35.75,-41.2,2,True
19662,2022-11-04 11:05:00,LONG,18094.0,18100.0,21.54,1.386,19702,2022-11-04 14:25:00,18143.07,target,43.07,1792.19,44.65,-6.3,2,False
19705,2022-11-04 14:40:00,LONG,18150.0,18150.05,13.8,1.004,19709,2022-11-04 15:00:00,18177.65,target,27.6,785.67,29.95,-1.4,2,True
19710,2022-11-04 15:05:00,LONG,18181.1,18194.35,27.98,1.899,19714,2022-11-04 15:25:00,18220.75,eod,26.4,707.22,26.45,-2.3,1,True
19727,2022-11-07 10:15:00,SHORT,18192.05,18188.5,22.13,1.191,19742,2022-11-07 11:30:00,18210.63,stop,-22.13,-2447.09,24.5,-25.55,1,True
19754,2022-11-07 12:30:00,SHORT,18202.1,18195.0,20.52,1.529,19764,2022-11-07 13:20:00,18153.95,target,41.05,1659.72,45.0,-1.9,0,False
19775,2022-11-07 14:15:00,LONG,18221.6,18227.0,22.48,1.316,19784,2022-11-07 15:00:00,18271.97,target,44.97,1913.12,49.55,-7.0,1,True
19808,2022-11-09 10:45:00,SHORT,18270.2,18270.05,18.14,1.008,19845,2022-11-09 13:50:00,18288.19,stop,-18.14,-2189.02,33.85,-29.85,5,True
19854,2022-11-09 14:35:00,SHORT,18241.1,18240.0,18.06,1.065,19856,2022-11-09 14:45:00,18203.89,target,36.11,1338.4,48.9,0.0,5,True
19868,2022-11-10 09:30:00,SHORT,18097.3,18091.4,30.46,1.24,19892,2022-11-10 11:30:00,18121.86,stop,-30.46,-2986.58,21.3,-37.3,1,True
19898,2022-11-10 12:00:00,SHORT,18088.9,18086.95,16.23,1.137,19902,2022-11-10 12:20:00,18054.48,target,32.47,1103.84,34.25,-3.05,1,False
19925,2022-11-10 14:15:00,SHORT,18055.05,18047.5,22.54,1.504,19933,2022-11-10 14:55:00,18070.04,stop,-22.54,-2471.14,13.85,-25.0,1,False
19969,2022-11-11 11:40:00,LONG,18381.4,18383.45,15.68,1.15,20000,2022-11-11 14:15:00,18414.8,target,31.35,1025.93,32.5,-12.05,2,True
20027,2022-11-14 10:15:00,SHORT,18400.0,18393.95,21.33,1.396,20034,2022-11-14 10:50:00,18415.28,stop,-21.33,-2398.21,12.95,-21.95,3,True
20052,2022-11-14 12:20:00,LONG,18400.5,18401.0,12.12,1.043,20056,2022-11-14 12:40:00,18388.88,stop,-12.12,-1799.56,5.85,-13.9,2,True
20064,2022-11-14 13:20:00,LONG,18415.9,18419.05,14.75,1.272,20081,2022-11-14 14:45:00,18404.3,stop,-14.75,-1970.69,25.8,-18.85,1,True
20084,2022-11-14 15:00:00,SHORT,18385.1,18383.8,14.69,1.097,20089,2022-11-14 15:25:00,18369.35,eod,14.45,-72.35,21.15,-6.2,4,True
20096,2022-11-15 09:45:00,SHORT,18360.2,18355.7,22.68,1.248,20128,2022-11-15 12:25:00,18378.38,stop,-22.68,-2485.53,13.5,-31.05,6,False
20146,2022-11-15 13:55:00,SHORT,18385.1,18379.2,17.53,1.507,20151,2022-11-15 14:20:00,18396.73,stop,-17.53,-2151.21,7.8,-23.3,2,False
20158,2022-11-15 14:55:00,LONG,18409.0,18425.2,29.71,2.199,20163,2022-11-15 15:20:00,18484.62,target,59.42,2849.14,62.8,0.0,5,True
20223,2022-11-16 14:05:00,SHORT,18452.0,18447.8,17.7,1.311,20226,2022-11-16 14:20:00,18412.41,target,35.39,1287.91,35.8,-5.05,0,False
20289,2022-11-17 13:20:00,LONG,18448.35,18450.05,11.94,1.166,20302,2022-11-17 14:25:00,18438.11,stop,-11.94,-1788.39,23.55,-12.85,4,True
20308,2022-11-17 14:55:00,SHORT,18435.05,18432.4,16.9,1.186,20311,2022-11-17 15:10:00,18398.61,target,33.79,1184.12,79.55,-12.95,4,True
20322,2022-11-18 09:50:00,SHORT,18346.0,18342.3,24.44,1.178,20336,2022-11-18 11:00:00,18293.41,target,48.89,2166.96,56.3,-6.4,5,True
20357,2022-11-18 12:45:00,LONG,18306.15,18314.0,21.19,1.589,20368,2022-11-18 13:40:00,18292.81,stop,-21.19,-2387.34,11.0,-44.45,0,False
20370,2022-11-18 13:50:00,SHORT,18272.5,18261.0,26.26,1.779,20376,2022-11-18 14:20:00,18287.26,stop,-26.26,-2716.34,4.5,-35.95,2,True
20379,2022-11-18 14:35:00,LONG,18317.85,18320.2,18.54,1.145,20381,2022-11-18 14:45:00,18301.66,stop,-18.54,-2215.17,8.7,-20.2,2,True
20384,2022-11-18 15:00:00,LONG,18328.9,18360.0,49.3,2.708,20389,2022-11-18 15:25:00,18344.25,eod,-15.75,-2034.75,19.0,-21.75,2,True
20407,2022-11-21 10:40:00,SHORT,18186.05,18180.0,22.59,1.366,20413,2022-11-21 11:10:00,18202.59,stop,-22.59,-2476.38,1.95,-25.75,1,True
20447,2022-11-21 14:00:00,LONG,18194.75,18194.95,11.87,1.017,20448,2022-11-21 14:05:00,18183.08,stop,-11.87,-1780.0,0.45,-17.9,4,True
20453,2022-11-21 14:30:00,SHORT,18175.0,18167.0,20.28,1.652,20456,2022-11-21 14:45:00,18187.28,stop,-20.28,-2326.12,0.25,-37.95,2,True
20469,2022-11-22 09:35:00,LONG,18207.95,18213.05,23.71,1.274,20521,2022-11-22 13:55:00,18260.47,target,47.42,2072.8,52.55,-5.65,3,False
20584,2022-11-23 12:55:00,LONG,18303.75,18305.3,8.52,1.222,20591,2022-11-23 13:30:00,18296.78,stop,-8.52,-1563.93,10.2,-9.75,12,False
20602,2022-11-23 14:25:00,LONG,18315.5,18319.4,11.82,1.492,20610,2022-11-23 15:05:00,18307.58,stop,-11.82,-1778.85,23.5,-46.15,3,True
20625,2022-11-24 10:05:00,LONG,18349.0,18353.75,18.45,1.347,20673,2022-11-24 14:05:00,18390.66,target,36.91,1387.37,40.2,-4.75,0,False
20681,2022-11-24 14:45:00,SHORT,18389.0,18388.8,9.8,1.021,20683,2022-11-24 14:55:00,18398.6,stop,-9.8,-1648.49,0.05,-17.2,1,False
20684,2022-11-24 15:00:00,LONG,18406.35,18440.0,45.8,3.771,20689,2022-11-24 15:25:00,18486.65,eod,46.65,2018.98,47.75,-7.45,1,True
20722,2022-11-25 11:55:00,SHORT,18590.0,18583.75,20.96,1.425,20726,2022-11-25 12:15:00,18604.71,stop,-20.96,-2377.68,0.55,-26.25,5,True
20745,2022-11-25 13:50:00,LONG,18636.2,18649.0,24.88,2.059,20749,2022-11-25 14:10:00,18624.12,stop,-24.88,-2633.12,11.05,-39.0,4,True
20758,2022-11-25 14:55:00,LONG,18650.9,18655.1,21.48,1.243,20759,2022-11-25 15:00:00,18633.62,stop,-21.48,-2412.38,9.95,-39.45,9,True
20769,2022-11-28 09:35:00,LONG,18660.05,18663.05,25.25,1.135,20792,2022-11-28 11:30:00,18713.56,target,50.51,2265.87,50.95,-7.05,6,False
20797,2022-11-28 11:55:00,LONG,18715.45,18717.0,13.38,1.131,20823,2022-11-28 14:05:00,18703.62,stop,-13.38,-1886.55,25.3,-15.0,0,False
20842,2022-11-29 09:25:00,LONG,18737.0,18740.75,21.02,1.217,20874,2022-11-29 12:05:00,18782.8,target,42.05,1714.89,49.25,-18.25,1,True
20891,2022-11-29 13:30:00,LONG,18792.6,18793.25,9.59,1.073,20896,2022-11-29 13:55:00,18783.66,stop,-9.59,-1641.68,3.1,-9.95,0,False
20904,2022-11-29 14:35:00,SHORT,18759.85,18753.0,17.48,1.644,20914,2022-11-29 15:25:00,18731.0,eod,22.0,412.11,31.95,-10.0,0,False
20938,2022-11-30 11:10:00,LONG,18752.5,18755.05,14.56,1.212,20959,2022-11-30 12:55:00,18784.17,target,29.12,874.61,29.9,-11.25,1,True
20960,2022-11-30 13:00:00,LONG,18781.2,18785.0,13.73,1.383,20977,2022-11-30 14:25:00,18812.45,target,27.45,765.39,34.0,-11.8,1,True
21027,2022-12-01 12:20:00,LONG,18968.8,18970.75,13.41,1.17,21039,2022-12-01 13:20:00,18957.34,stop,-13.41,-1892.95,9.25,-24.35,1,True
21078,2022-12-02 10:20:00,SHORT,18831.25,18820.0,30.34,1.589,21139,2022-12-02 15:25:00,18817.4,eod,2.6,-850.09,59.95,-21.4,0,False
21147,2022-12-05 09:50:00,SHORT,18741.5,18739.7,20.87,1.094,21163,2022-12-05 11:10:00,18760.57,stop,-20.87,-2374.62,29.25,-29.3,0,False
21169,2022-12-05 11:40:00,LONG,18775.9,18778.7,15.23,1.225,21176,2022-12-05 12:15:00,18809.16,target,30.46,961.39,40.25,-11.7,0,False
21177,2022-12-05 12:20:00,LONG,18829.3,18840.65,26.5,1.749,21184,2022-12-05 12:55:00,18814.15,stop,-26.5,-2741.25,15.75,-30.65,1,True
21193,2022-12-05 13:40:00,SHORT,18762.5,18761.5,16.46,1.065,21198,2022-12-05 14:05:00,18777.96,stop,-16.46,-2088.11,19.6,-19.3,1,True
21266,2022-12-06 13:30:00,LONG,18739.4,18747.0,20.95,1.569,21271,2022-12-06 13:55:00,18726.05,stop,-20.95,-2379.22,28.0,-21.15,4,True
21284,2022-12-06 15:00:00,LONG,18763.6,18772.35,24.15,1.568,21289,2022-12-06 15:25:00,18770.5,eod,-1.85,-1138.51,15.5,-18.05,1,True
21291,2022-12-07 09:20:00,SHORT,18735.15,18727.5,28.72,1.363,21297,2022-12-07 09:50:00,18756.22,stop,-28.72,-2884.08,14.15,-31.8,2,True
21309,2022-12-07 10:50:00,SHORT,18680.15,18675.0,25.44,1.254,21324,2022-12-07 12:05:00,18700.44,stop,-25.44,-2669.96,12.9,-27.9,0,False
21352,2022-12-07 14:25:00,LONG,18695.4,18696.65,14.26,1.096,21356,2022-12-07 14:45:00,18725.17,target,28.52,836.52,30.2,-3.65,1,False
21361,2022-12-07 15:10:00,SHORT,18668.8,18665.15,21.72,1.202,21364,2022-12-07 15:25:00,18673.85,eod,-8.7,-1581.97,14.75,-9.85,2,False
21407,2022-12-08 12:45:00,SHORT,18671.2,18665.0,19.46,1.467,21410,2022-12-08 13:00:00,18684.46,stop,-19.46,-2281.59,2.1,-21.05,3,True
21416,2022-12-08 13:30:00,LONG,18697.45,18704.9,19.99,1.594,21419,2022-12-08 13:45:00,18684.91,stop,-19.99,-2316.14,1.1,-21.9,4,True
21436,2022-12-08 15:10:00,LONG,18714.7,18727.0,27.1,1.831,21439,2022-12-08 15:25:00,18724.15,eod,-2.85,-1202.72,3.0,-11.95,2,True
21453,2022-12-09 10:20:00,SHORT,18698.05,18688.0,27.68,1.57,21479,2022-12-09 12:30:00,18632.63,target,55.37,2582.35,78.75,-15.25,4,True
21499,2022-12-09 14:10:00,SHORT,18560.0,18555.15,23.51,1.26,21509,2022-12-09 15:00:00,18578.66,stop,-23.51,-2543.02,40.15,-30.85,0,False
21524,2022-12-12 10:00:00,LONG,18604.0,18604.4,29.22,1.014,21563,2022-12-12 13:15:00,18575.18,stop,-29.22,-2914.55,34.25,-33.2,4,True
21584,2022-12-12 15:00:00,LONG,18576.0,18600.05,41.73,2.36,21589,2022-12-12 15:25:00,18605.5,eod,5.45,-661.17,21.7,-2.0,2,True
21610,2022-12-13 10:55:00,LONG,18630.0,18633.95,19.14,1.26,21615,2022-12-13 11:20:00,18672.23,target,38.28,1471.89,46.05,-3.9,0,False
21619,2022-12-13 11:40:00,LONG,18682.55,18688.5,21.34,1.387,21650,2022-12-13 14:15:00,18667.16,stop,-21.34,-2403.49,26.0,-22.25,8,True
21688,2022-12-14 11:10:00,LONG,18784.4,18785.0,11.99,1.053,21705,2022-12-14 12:35:00,18773.01,stop,-11.99,-1797.86,14.0,-16.15,1,True
21709,2022-12-14 12:55:00,SHORT,18770.4,18765.95,12.85,1.53,21719,2022-12-14 13:45:00,18740.25,target,25.7,652.45,30.95,-9.45,4,True
21771,2022-12-15 11:50:00,SHORT,18643.05,18637.8,16.32,1.474,21779,2022-12-15 12:30:00,18605.15,target,32.65,1106.12,47.8,-1.6,1,True
21825,2022-12-16 10:05:00,SHORT,18416.0,18402.0,41.34,1.512,21853,2022-12-16 12:25:00,18443.34,stop,-41.34,-3699.0,75.0,-45.6,0,False
21855,2022-12-16 12:35:00,LONG,18448.0,18457.95,32.74,1.437,21865,2022-12-16 13:25:00,18425.21,stop,-32.74,-3140.83,28.35,-33.2,2,True
21876,2022-12-16 14:20:00,SHORT,18359.55,18343.05,40.46,1.689,21889,2022-12-16 15:25:00,18329.9,eod,13.15,-156.15,29.85,-32.95,0,False
21899,2022-12-19 10:00:00,LONG,18392.4,18401.9,36.74,1.349,21954,2022-12-19 14:35:00,18475.38,target,73.48,3763.43,89.3,-14.6,1,True
21968,2022-12-20 09:30:00,SHORT,18308.6,18301.9,32.9,1.256,21987,2022-12-20 11:05:00,18236.1,target,65.8,3267.19,70.0,-1.2,0,False
21999,2022-12-20 12:05:00,LONG,18278.0,18284.55,24.17,1.372,22011,2022-12-20 13:05:00,18332.89,target,48.34,2131.48,48.45,-9.45,0,False
22069,2022-12-21 11:40:00,LONG,18433.6,18442.55,29.75,1.43,22073,2022-12-21 12:00:00,18412.8,stop,-29.75,-2946.25,5.9,-41.55,0,False
22095,2022-12-21 13:50:00,SHORT,18282.15,18279.7,27.36,1.098,22096,2022-12-21 13:55:00,18224.99,target,54.71,2546.73,56.7,-10.3,0,False
22126,2022-12-22 10:10:00,SHORT,18237.0,18216.55,58.38,1.539,22189,2022-12-22 15:25:00,18159.3,eod,57.25,2712.63,104.55,-20.85,5,True
22233,2022-12-23 12:50:00,SHORT,17961.8,17949.75,35.58,1.512,22257,2022-12-23 14:50:00,17878.59,target,71.16,3621.35,79.55,-32.45,0,False
22285,2022-12-26 10:55:00,LONG,17993.55,17994.7,24.42,1.049,22317,2022-12-26 13:35:00,18043.54,target,48.84,2168.82,49.3,-18.95,5,True
22328,2022-12-26 14:30:00,LONG,18047.0,18067.9,38.85,2.165,22336,2022-12-26 15:10:00,18029.05,stop,-38.85,-3530.65,38.1,-72.0,0,False
22346,2022-12-27 09:45:00,SHORT,17982.0,17978.75,38.26,1.093,22351,2022-12-27 10:10:00,18017.01,stop,-38.26,-3491.55,9.75,-50.8,1,True
22359,2022-12-27 10:50:00,LONG,18053.3,18056.85,31.92,1.125,22383,2022-12-27 12:50:00,18024.93,stop,-31.92,-3080.42,24.1,-39.8,1,True
22451,2022-12-28 12:15:00,LONG,18148.0,18149.35,18.0,1.081,22452,2022-12-28 12:20:00,18131.35,stop,-18.0,-2177.48,1.7,-23.5,15,True
22463,2022-12-28 13:15:00,SHORT,18125.85,18123.2,18.93,1.163,22467,2022-12-28 13:35:00,18142.13,stop,-18.93,-2237.71,3.2,-23.75,2,True
22469,2022-12-28 13:45:00,LONG,18152.05,18161.45,25.73,1.576,22482,2022-12-28 14:50:00,18135.72,stop,-25.73,-2679.96,16.95,-49.85,11,True
22495,2022-12-29 09:40:00,SHORT,18014.0,18005.0,32.33,1.386,22519,2022-12-29 11:40:00,18037.34,stop,-32.33,-3107.02,20.0,-54.15,0,False
22559,2022-12-29 15:00:00,LONG,18178.4,18179.75,21.42,1.067,22564,2022-12-29 15:25:00,18192.0,eod,12.25,-212.07,18.25,-4.95,0,False
22589,2022-12-30 11:15:00,SHORT,18315.0,18305.4,29.02,1.494,22620,2022-12-30 13:50:00,18247.36,target,58.04,2762.63,65.3,-15.95,0,False
22656,2023-01-02 10:35:00,LONG,18249.9,18262.0,34.52,1.54,22700,2023-01-02 14:15:00,18227.48,stop,-34.52,-3252.54,13.45,-60.3,2,True
22706,2023-01-02 14:45:00,LONG,18270.0,18274.85,23.81,1.256,22710,2023-01-02 15:05:00,18251.04,stop,-23.81,-2556.85,19.55,-24.6,2,False
22726,2023-01-03 10:10:00,LONG,18292.2,18294.95,22.35,1.14,22749,2023-01-03 12:05:00,18272.6,stop,-22.35,-2462.66,17.75,-25.1,2,True
22794,2023-01-04 09:35:00,SHORT,18260.4,18236.0,44.52,2.213,22812,2023-01-04 11:05:00,18146.96,target,89.04,4778.84,90.75,-6.0,0,False
22856,2023-01-04 14:45:00,SHORT,18121.0,18096.55,43.34,2.294,22864,2023-01-04 15:25:00,18102.95,eod,-6.4,-1422.74,13.35,-30.7,1,True
22875,2023-01-05 10:05:00,SHORT,18092.0,18090.0,30.66,1.07,22876,2023-01-05 10:10:00,18120.66,stop,-30.66,-2999.47,3.55,-52.7,0,False
22891,2023-01-05 11:25:00,SHORT,18088.85,18087.2,23.68,1.075,22902,2023-01-05 12:20:00,18039.84,target,47.36,2072.06,55.05,-7.6,5,True
22931,2023-01-05 14:45:00,LONG,18043.45,18050.05,28.15,1.306,22939,2023-01-05 15:25:00,18070.0,eod,19.95,290.53,31.95,-20.1,1,True
22943,2023-01-06 09:30:00,LONG,18098.3,18109.0,38.85,1.38,22948,2023-01-06 09:55:00,18070.15,stop,-38.85,-3531.78,23.0,-61.5,1,True
22956,2023-01-06 10:35:00,SHORT,18019.9,18015.05,28.38,1.206,22981,2023-01-06 12:40:00,17958.28,target,56.77,2684.67,68.05,-19.35,1,True
23022,2023-01-09 09:50:00,LONG,18119.4,18126.75,36.65,1.251,23038,2023-01-09 11:10:00,18200.05,target,73.3,3755.96,80.15,-1.45,7,True
23048,2023-01-09 12:00:00,SHORT,18208.9,18203.55,21.11,1.34,23062,2023-01-09 13:10:00,18161.34,target,42.21,1735.38,43.3,-16.2,0,False
23128,2023-01-10 12:25:00,LONG,18037.0,18039.25,20.76,1.122,23130,2023-01-10 12:35:00,18018.49,stop,-20.76,-2354.93,8.75,-29.25,0,False
23143,2023-01-10 13:40:00,SHORT,17950.0,17936.05,33.85,1.701,23145,2023-01-10 13:50:00,17969.9,stop,-33.85,-3204.28,5.0,-41.05,0,False
23166,2023-01-11 09:20:00,SHORT,17925.05,17912.4,39.01,1.48,23169,2023-01-11 09:35:00,17951.41,stop,-39.01,-3539.33,21.95,-108.15,2,False
23175,2023-01-11 10:05:00,LONG,18000.0,18015.5,51.24,1.434,23185,2023-01-11 10:55:00,17964.26,stop,-51.24,-4335.1,49.5,-58.4,5,True
23224,2023-01-11 14:10:00,SHORT,17944.65,17940.0,23.69,1.244,23227,2023-01-11 14:25:00,17963.69,stop,-23.69,-2543.78,9.8,-24.65,1,True
23243,2023-01-12 09:30:00,LONG,18010.0,18010.45,24.87,1.018,23245,2023-01-12 09:40:00,17985.58,stop,-24.87,-2621.26,9.5,-67.1,0,False
23249,2023-01-12 10:00:00,SHORT,17930.1,17930.05,28.26,1.002,23256,2023-01-12 10:35:00,17873.52,target,56.53,2670.73,56.75,-8.85,0,False
23263,2023-01-12 11:10:00,SHORT,17873.3,17860.0,34.86,1.617,23276,2023-01-12 12:15:00,17894.86,stop,-34.86,-3268.43,20.0,-34.95,0,False
23283,2023-01-12 12:50:00,LONG,17904.0,17915.55,30.1,1.622,23287,2023-01-12 13:10:00,17885.45,stop,-30.1,-2959.99,4.45,-42.75,0,False
23316,2023-01-13 09:20:00,SHORT,17881.55,17862.9,43.16,1.761,23319,2023-01-13 09:35:00,17906.06,stop,-43.16,-3808.03,5.9,-47.1,1,False
23333,2023-01-13 10:45:00,LONG,17884.95,17900.0,39.09,1.626,23353,2023-01-13 12:25:00,17978.18,target,78.18,4077.17,84.35,-28.0,2,True
23360,2023-01-13 13:00:00,LONG,18019.95,18025.0,25.66,1.245,23370,2023-01-13 13:50:00,18076.33,target,51.33,2329.95,54.95,-5.95,2,True
23396,2023-01-16 09:45:00,SHORT,18001.1,17999.6,28.67,1.055,23399,2023-01-16 10:00:00,18028.27,stop,-28.67,-2868.65,17.5,-29.4,0,False
23414,2023-01-16 11:15:00,SHORT,17995.0,17974.2,41.37,2.011,23447,2023-01-16 14:00:00,17891.47,target,82.73,4373.3,87.25,-16.65,0,False
23468,2023-01-17 09:30:00,LONG,17990.85,18018.8,50.56,2.236,23539,2023-01-17 15:25:00,18091.3,eod,72.5,3706.06,85.1,-45.8,1,True
23558,2023-01-18 10:45:00,LONG,18159.95,18160.0,16.57,1.003,23566,2023-01-18 11:25:00,18193.13,target,33.13,1145.42,36.5,-15.4,1,True
23580,2023-01-18 12:35:00,SHORT,18194.55,18190.75,16.43,1.301,23591,2023-01-18 13:30:00,18207.18,stop,-16.43,-2076.25,11.45,-25.0,1,False
23593,2023-01-18 13:40:00,LONG,18213.8,18220.95,19.9,1.561,23595,2023-01-18 13:50:00,18201.05,stop,-19.9,-2301.92,3.65,-21.95,3,True
23657,2023-01-19 12:45:00,SHORT,18139.5,18127.0,27.88,1.813,23668,2023-01-19 13:40:00,18154.88,stop,-27.88,-2819.42,9.8,-28.0,4,True
23676,2023-01-19 14:20:00,SHORT,18117.2,18105.95,27.05,1.712,23684,2023-01-19 15:00:00,18133.0,stop,-27.05,-2765.02,8.3,-27.95,0,False
23695,2023-01-20 09:40:00,SHORT,18097.65,18095.0,23.08,1.13,23699,2023-01-20 10:00:00,18118.08,stop,-23.08,-2507.1,10.0,-23.35,3,True
23707,2023-01-20 10:40:00,LONG,18157.0,18166.3,26.76,1.533,23711,2023-01-20 11:00:00,18139.54,stop,-26.76,-2747.13,4.5,-31.3,11,True
23746,2023-01-20 13:55:00,SHORT,18103.55,18086.0,31.69,2.241,23764,2023-01-20 15:25:00,18055.95,eod,30.05,946.79,50.0,-5.95,2,True
23768,2023-01-23 09:30:00,LONG,18144.4,18156.0,34.33,1.51,23807,2023-01-23 12:45:00,18121.67,stop,-34.33,-3238.9,37.95,-38.6,0,False
23873,2023-01-24 12:00:00,SHORT,18156.05,18153.25,15.56,1.219,23893,2023-01-24 13:40:00,18122.12,target,31.13,1015.53,38.25,-13.2,2,True
23972,2023-01-25 14:00:00,LONG,17940.0,17940.8,18.68,1.045,23976,2023-01-25 14:20:00,17922.12,stop,-18.68,-2218.05,11.1,-19.85,0,False
23984,2023-01-25 15:00:00,SHORT,17880.0,17879.3,20.01,1.036,23989,2023-01-25 15:25:00,17891.05,eod,-11.75,-1766.79,8.3,-15.7,0,False
24016,2023-01-27 11:25:00,SHORT,17775.65,17771.75,35.78,1.122,24027,2023-01-27 12:20:00,17700.19,target,71.56,3650.56,71.75,-14.5,0,False
24045,2023-01-27 13:50:00,SHORT,17622.35,17616.45,39.16,1.177,24059,2023-01-27 15:00:00,17655.61,stop,-39.16,-3544.12,39.65,-52.25,0,False
24066,2023-01-30 09:20:00,LONG,17714.7,17726.95,57.77,1.269,24082,2023-01-30 10:40:00,17669.18,stop,-57.77,-4754.94,102.05,-61.65,0,False
24106,2023-01-30 12:40:00,SHORT,17652.0,17651.95,28.82,1.002,24112,2023-01-30 13:10:00,17594.31,target,57.64,2747.86,70.45,-4.8,7,True
24149,2023-01-31 10:00:00,SHORT,17667.6,17650.05,54.84,1.471,24154,2023-01-31 10:25:00,17704.89,stop,-54.84,-4563.67,13.8,-75.9,1,True
24211,2023-01-31 15:10:00,LONG,17802.05,17817.35,44.26,1.528,24214,2023-01-31 15:25:00,17796.6,eod,-20.75,-2350.4,18.95,-20.75,6,True
24250,2023-02-01 12:10:00,SHORT,17878.55,17856.0,50.8,1.798,24252,2023-02-01 12:20:00,17906.8,stop,-50.8,-4304.43,23.9,-99.0,0,False
24268,2023-02-01 13:40:00,SHORT,17823.15,17822.75,41.64,1.01,24275,2023-02-01 14:15:00,17739.48,target,83.27,4410.92,102.75,-35.25,1,True
24280,2023-02-01 14:40:00,SHORT,17636.25,17601.1,86.42,1.686,24285,2023-02-01 15:05:00,17687.52,stop,-86.42,-6615.95,128.75,-139.15,0,False
24323,2023-02-02 12:00:00,LONG,17715.55,17725.3,47.35,1.259,24327,2023-02-02 12:20:00,17677.95,stop,-47.35,-4077.42,0.7,-63.3,2,True
24329,2023-02-02 12:30:00,SHORT,17653.15,17651.0,35.12,1.065,24343,2023-02-02 13:40:00,17580.75,target,70.25,3567.25,73.0,-23.0,1,True
24378,2023-02-03 10:20:00,SHORT,17697.0,17684.1,46.87,1.38,24396,2023-02-03 11:50:00,17730.97,stop,-46.87,-4046.06,48.45,-50.9,0,False
24402,2023-02-03 12:20:00,LONG,17752.65,17759.05,32.83,1.242,24426,2023-02-03 14:20:00,17824.71,target,65.66,3265.78,85.8,-29.05,1,True
24434,2023-02-03 15:00:00,LONG,17900.0,17920.0,44.42,1.819,24439,2023-02-03 15:25:00,17875.58,stop,-44.42,-3890.55,0.0,-53.05,0,False
24465,2023-02-06 11:20:00,LONG,17789.8,17794.95,29.67,1.21,24514,2023-02-06 15:25:00,17794.3,eod,-0.65,-1043.8,40.05,-29.55,1,True
24550,2023-02-07 12:10:00,SHORT,17784.0,17777.4,21.39,1.446,24555,2023-02-07 12:35:00,17734.62,target,42.78,1779.86,44.4,-2.7,7,True
24557,2023-02-07 12:45:00,SHORT,17737.75,17736.0,18.21,1.106,24566,2023-02-07 13:30:00,17754.21,stop,-18.21,-2184.17,33.0,-46.35,3,True
24579,2023-02-07 14:35:00,LONG,17798.9,17802.0,22.08,1.163,24584,2023-02-07 15:00:00,17779.92,stop,-22.08,-2436.81,27.95,-28.7,2,True
24653,2023-02-08 14:30:00,LONG,17927.65,17933.0,21.75,1.326,24659,2023-02-08 15:00:00,17911.25,stop,-21.75,-2417.06,6.35,-31.05,12,True
24670,2023-02-09 09:40:00,SHORT,17839.45,17829.15,28.4,1.569,24672,2023-02-09 09:50:00,17857.55,stop,-28.4,-2848.46,8.25,-34.55,0,False
24678,2023-02-09 10:20:00,LONG,17907.3,17919.95,32.18,1.648,24700,2023-02-09 12:10:00,17887.77,stop,-32.18,-3095.07,15.05,-35.7,0,False
24716,2023-02-09 13:30:00,LONG,17892.1,17907.1,30.61,1.961,24722,2023-02-09 14:00:00,17968.32,target,61.22,2974.78,61.75,-2.1,0,False
24741,2023-02-10 09:20:00,SHORT,17867.45,17866.85,24.88,1.025,24762,2023-02-10 11:05:00,17891.73,stop,-24.88,-2619.97,47.95,-26.95,1,True
24769,2023-02-10 11:40:00,SHORT,17876.35,17873.65,20.49,1.152,24814,2023-02-10 15:25:00,17870.0,eod,3.65,-765.65,28.95,-14.35,0,False
24818,2023-02-13 09:30:00,SHORT,17844.7,17837.3,23.99,1.446,24824,2023-02-13 10:00:00,17789.31,target,47.99,2116.89,51.0,-13.7,1,True
24878,2023-02-13 14:30:00,LONG,17805.35,17816.8,24.82,1.856,24889,2023-02-13 15:25:00,17800.0,eod,-16.8,-2093.7,8.2,-21.8,4,True
24913,2023-02-14 11:10:00,LONG,17869.95,17870.0,13.5,1.004,24923,2023-02-14 12:00:00,17897.0,target,27.0,751.54,27.5,-4.9,1,True
24924,2023-02-14 12:05:00,LONG,17900.5,17922.1,34.54,2.67,24964,2023-02-14 15:25:00,17945.7,eod,23.6,529.92,47.8,-7.1,0,False
24988,2023-02-15 11:10:00,LONG,17960.0,17962.0,15.14,1.152,24999,2023-02-15 12:05:00,17946.86,stop,-15.14,-1988.07,21.0,-27.6,0,False
25028,2023-02-15 14:30:00,LONG,17975.0,17979.3,16.66,1.348,25034,2023-02-15 15:00:00,18012.61,target,33.31,1160.25,49.7,-3.05,2,True
25079,2023-02-16 12:30:00,SHORT,18103.7,18095.0,19.93,1.775,25089,2023-02-16 13:20:00,18114.93,stop,-19.93,-2302.27,24.0,-26.25,4,True
25151,2023-02-17 12:15:00,SHORT,17986.5,17986.05,13.67,1.034,25154,2023-02-17 12:30:00,17958.7,target,27.35,772.82,36.05,-0.3,1,True
25159,2023-02-17 12:55:00,SHORT,17955.4,17947.95,22.11,1.508,25168,2023-02-17 13:40:00,17903.72,target,44.23,1870.64,47.95,-7.05,3,True
25195,2023-02-20 09:40:00,LONG,17982.8,17988.4,30.31,1.227,25202,2023-02-20 10:15:00,17958.09,stop,-30.31,-2974.67,26.3,-36.4,0,False
25216,2023-02-20 11:25:00,SHORT,17952.0,17942.0,28.98,1.527,25240,2023-02-20 13:25:00,17884.04,target,57.96,2763.66,66.35,-16.0,1,True
25257,2023-02-20 14:50:00,LONG,17868.0,17869.9,18.22,1.116,25260,2023-02-20 15:05:00,17851.68,stop,-18.22,-2186.85,14.0,-27.35,0,False
25267,2023-02-21 09:25:00,LONG,17883.9,17890.0,23.69,1.347,25269,2023-02-21 09:35:00,17866.31,stop,-23.69,-2542.74,14.95,-38.9,2,True
25302,2023-02-21 12:20:00,SHORT,17842.55,17840.4,18.12,1.135,25312,2023-02-21 13:10:00,17858.52,stop,-18.12,-2180.3,17.0,-23.6,1,True
25369,2023-02-22 11:40:00,SHORT,17660.0,17655.1,20.94,1.305,25390,2023-02-22 13:25:00,17613.21,target,41.89,1723.52,68.6,-7.9,2,True
25435,2023-02-23 10:55:00,SHORT,17570.05,17555.45,41.71,1.539,25441,2023-02-23 11:25:00,17597.16,stop,-41.71,-3708.53,8.85,-42.15,1,True
25484,2023-02-23 15:00:00,SHORT,17537.15,17496.25,63.02,2.849,25489,2023-02-23 15:25:00,17511.9,eod,-15.65,-2013.75,2.25,-23.75,0,False
25519,2023-02-24 11:40:00,SHORT,17594.0,17587.0,28.62,1.324,25533,2023-02-24 12:50:00,17529.77,target,57.23,2722.1,61.7,-15.95,1,True
25635,2023-02-27 15:05:00,LONG,17489.95,17493.0,22.87,1.154,25639,2023-02-27 15:25:00,17510.05,eod,17.05,111.61,19.5,-5.5,1,True
25669,2023-02-28 11:40:00,SHORT,17437.35,17437.0,17.64,1.02,25670,2023-02-28 11:45:00,17454.64,stop,-17.64,-2141.85,3.5,-19.2,3,True
25690,2023-02-28 13:25:00,SHORT,17432.0,17424.65,24.5,1.429,25697,2023-02-28 14:00:00,17375.66,target,48.99,2189.27,62.2,-18.8,4,True
25719,2023-03-01 09:35:00,LONG,17487.9,17494.1,30.98,1.25,25789,2023-03-01 15:25:00,17537.2,eod,43.1,1804.46,55.9,-25.95,0,False
25791,2023-03-02 09:20:00,SHORT,17485.0,17478.8,21.53,1.404,25797,2023-03-02 09:50:00,17435.74,target,43.06,1802.67,48.8,0.0,0,False
25822,2023-03-02 11:55:00,LONG,17456.0,17460.55,15.88,1.402,25826,2023-03-02 12:15:00,17444.67,stop,-15.88,-2027.59,19.45,-16.45,4,True
25836,2023-03-02 13:05:00,SHORT,17436.0,17431.2,16.76,1.401,25842,2023-03-02 13:35:00,17397.67,target,33.53,1184.08,36.8,-8.5,1,True
25882,2023-03-03 10:40:00,LONG,17609.0,17612.0,21.0,1.167,25916,2023-03-03 13:30:00,17654.0,target,42.0,1730.84,55.4,-5.4,0,False
25978,2023-03-06 12:25:00,SHORT,17826.1,17824.0,15.66,1.155,25991,2023-03-06 13:30:00,17792.68,target,31.32,1033.69,32.6,-12.35,0,False
26007,2023-03-06 14:50:00,SHORT,17773.55,17770.05,18.24,1.237,26014,2023-03-06 15:25:00,17776.2,eod,-6.15,-1400.9,9.0,-14.7,1,True
26070,2023-03-08 13:50:00,LONG,17746.6,17747.0,12.41,1.033,26072,2023-03-08 14:00:00,17771.81,target,24.81,611.77,25.55,-1.3,1,True
26097,2023-03-09 09:50:00,SHORT,17745.75,17743.5,18.82,1.136,26101,2023-03-09 10:10:00,17705.86,target,37.64,1445.76,43.2,-4.5,0,False
26129,2023-03-09 12:30:00,SHORT,17700.0,17691.9,20.88,1.634,26153,2023-03-09 14:30:00,17650.14,target,41.76,1714.56,45.3,-18.15,1,True
26161,2023-03-09 15:10:00,SHORT,17644.8,17640.2,20.09,1.297,26164,2023-03-09 15:25:00,17638.65,eod,1.55,-898.16,5.15,-7.5,0,False
26187,2023-03-10 11:05:00,LONG,17465.0,17472.45,29.71,1.335,26198,2023-03-10 12:00:00,17442.74,stop,-29.71,-2926.9,8.05,-33.95,0,False
26201,2023-03-10 12:15:00,SHORT,17433.6,17419.0,32.3,1.825,26206,2023-03-10 12:40:00,17451.3,stop,-32.3,-3094.99,4.95,-35.95,2,True
26234,2023-03-10 15:00:00,LONG,17449.0,17459.0,28.46,1.542,26239,2023-03-10 15:25:00,17453.95,eod,-5.05,-1323.99,8.65,-14.8,0,False
26256,2023-03-13 10:35:00,SHORT,17471.1,17466.7,29.79,1.173,26267,2023-03-13 11:30:00,17407.12,target,59.58,2876.74,68.9,-26.25,2,True
26279,2023-03-13 12:30:00,SHORT,17376.0,17366.1,31.77,1.453,26291,2023-03-13 13:30:00,17302.57,target,63.53,3135.56,81.1,-3.9,3,True
26313,2023-03-13 15:20:00,LONG,17228.25,17240.2,39.64,1.431,26314,2023-03-13 15:25:00,17221.25,eod,-18.95,-2223.55,0.0,-18.95,0,False
26327,2023-03-14 10:15:00,SHORT,17159.65,17154.7,39.66,1.143,26353,2023-03-14 12:25:00,17194.36,stop,-39.66,-3568.34,49.7,-75.5,2,True
26363,2023-03-14 13:15:00,SHORT,17105.0,17097.35,37.05,1.26,26366,2023-03-14 13:30:00,17134.4,stop,-37.05,-3398.02,14.15,-47.35,3,True
26377,2023-03-14 14:25:00,LONG,17144.7,17154.7,39.68,1.337,26380,2023-03-14 14:40:00,17115.02,stop,-39.68,-3569.47,0.0,-41.8,2,True
26407,2023-03-15 10:40:00,SHORT,17181.05,17172.5,35.18,1.321,26416,2023-03-15 11:25:00,17207.68,stop,-35.18,-3277.89,21.9,-37.3,2,True
26433,2023-03-15 12:50:00,SHORT,17150.6,17142.65,27.06,1.416,26454,2023-03-15 14:35:00,17088.54,target,54.11,2526.96,58.3,-7.5,2,True
26459,2023-03-15 15:00:00,SHORT,17076.25,17063.7,33.24,1.607,26464,2023-03-15 15:25:00,17027.55,eod,36.15,1360.79,52.7,-0.5,5,True
26481,2023-03-16 10:35:00,LONG,17035.0,17054.45,49.56,1.646,26500,2023-03-16 12:10:00,17004.89,stop,-49.56,-4209.42,59.8,-61.15,0,False
26512,2023-03-16 13:10:00,LONG,17044.25,17045.0,27.19,1.028,26519,2023-03-16 13:45:00,17017.81,stop,-27.19,-2755.96,25.0,-43.4,0,False
26527,2023-03-16 14:25:00,LONG,17118.05,17120.0,29.88,1.07,26529,2023-03-16 14:35:00,17090.12,stop,-29.88,-2931.94,3.5,-33.35,2,True
26548,2023-03-17 09:55:00,SHORT,17115.25,17106.0,44.18,1.265,26552,2023-03-17 10:15:00,17150.18,stop,-44.18,-3861.89,4.5,-54.0,0,False
26563,2023-03-17 11:10:00,SHORT,17101.5,17090.05,37.34,1.442,26595,2023-03-17 13:50:00,17127.39,stop,-37.34,-3416.7,68.05,-62.05,1,True
26608,2023-03-17 14:55:00,LONG,17160.0,17170.25,41.07,1.333,26614,2023-03-17 15:25:00,17189.5,eod,19.25,260.1,37.5,-22.9,6,True
26616,2023-03-20 09:20:00,SHORT,17022.0,17020.15,43.82,1.044,26627,2023-03-20 10:15:00,16932.5,target,87.65,4708.98,87.8,-14.85,1,True
26647,2023-03-20 11:55:00,SHORT,16919.7,16912.55,30.3,1.309,26675,2023-03-20 14:15:00,16942.85,stop,-30.3,-2956.15,46.55,-32.15,2,True
26684,2023-03-20 15:00:00,LONG,16987.45,17016.5,53.39,2.193,26689,2023-03-20 15:25:00,17037.05,eod,20.55,347.21,31.35,-5.5,0,False
26734,2023-03-21 12:55:00,LONG,17129.55,17132.15,18.76,1.161,26751,2023-03-21 14:20:00,17169.67,target,37.52,1447.9,37.85,-18.15,0,False
26755,2023-03-21 14:40:00,LONG,17170.0,17174.0,20.71,1.239,26759,2023-03-21 15:00:00,17153.29,stop,-20.71,-2336.49,9.65,-23.75,1,True
26804,2023-03-22 12:30:00,LONG,17188.75,17191.5,17.93,1.181,26805,2023-03-22 12:35:00,17173.57,stop,-17.93,-2156.75,4.35,-18.2,7,False
26813,2023-03-22 13:15:00,SHORT,17163.1,17155.65,22.02,1.511,26817,2023-03-22 13:35:00,17177.67,stop,-22.02,-2422.07,4.45,-26.95,3,True
26825,2023-03-22 14:15:00,LONG,17182.8,17182.9,15.32,1.007,26827,2023-03-22 14:25:00,17167.58,stop,-15.32,-1986.42,2.0,-18.55,4,True
26836,2023-03-22 15:10:00,LONG,17193.75,17194.9,16.66,1.074,26839,2023-03-22 15:25:00,17183.3,eod,-11.6,-1745.13,3.55,-14.6,0,False
26854,2023-03-23 10:25:00,LONG,17203.85,17214.15,32.23,1.47,26858,2023-03-23 10:45:00,17181.92,stop,-32.23,-3086.24,3.6,-37.15,1,True
26862,2023-03-23 11:05:00,SHORT,17165.1,17163.25,21.23,1.095,26867,2023-03-23 11:30:00,17184.48,stop,-21.23,-2370.77,4.5,-21.75,0,False
26879,2023-03-23 12:30:00,LONG,17202.1,17215.0,27.79,1.866,26895,2023-03-23 13:50:00,17187.21,stop,-27.79,-2797.54,23.4,-32.45,2,False
26897,2023-03-23 14:00:00,SHORT,17182.4,17164.75,32.8,2.165,26910,2023-03-23 15:05:00,17099.14,target,65.61,3274.02,97.7,-15.25,2,True
26916,2023-03-24 09:20:00,SHORT,17061.0,17060.0,22.63,1.046,26918,2023-03-24 09:30:00,17014.75,target,45.25,1952.47,49.6,-3.0,0,False
26944,2023-03-24 11:40:00,LONG,17092.0,17096.5,24.81,1.222,26955,2023-03-24 12:35:00,17071.69,stop,-24.81,-2601.8,23.35,-31.95,0,False
26967,2023-03-24 13:35:00,SHORT,17052.0,17029.0,43.15,2.142,26988,2023-03-24 15:20:00,16942.71,target,86.29,4620.87,97.05,-35.75,0,False
26993,2023-03-27 09:30:00,LONG,17014.95,17035.65,50.22,1.701,27064,2023-03-27 15:25:00,17028.1,eod,-7.55,-1479.22,88.8,-43.75,1,True
27079,2023-03-28 10:25:00,SHORT,17007.05,16998.2,31.08,1.398,27124,2023-03-28 14:10:00,16936.05,target,62.15,3052.24,69.65,-26.55,1,True
27146,2023-03-29 09:45:00,LONG,17018.6,17022.0,20.98,1.193,27162,2023-03-29 11:05:00,17001.02,stop,-20.98,-2351.91,33.2,-46.5,5,True
27209,2023-03-29 15:00:00,LONG,17055.2,17058.0,21.94,1.146,27214,2023-03-29 15:25:00,17081.2,eod,23.2,518.71,32.5,-8.2,1,False
27241,2023-03-31 11:25:00,LONG,17350.95,17353.1,19.45,1.124,27254,2023-03-31 12:30:00,17392.01,target,38.91,1534.52,56.7,-1.8,2,True
27302,2023-04-03 10:15:00,SHORT,17435.45,17434.85,20.43,1.03,27313,2023-04-03 11:10:00,17393.98,target,40.87,1661.13,42.7,-17.9,0,False
27316,2023-04-03 11:25:00,SHORT,17391.6,17390.05,16.81,1.102,27318,2023-04-03 11:35:00,17406.86,stop,-16.81,-2087.14,6.05,-19.95,4,True
27334,2023-04-03 12:55:00,SHORT,17420.1,17416.4,15.99,1.301,27336,2023-04-03 13:05:00,17432.39,stop,-15.99,-2034.18,6.3,-32.75,2,True
27349,2023-04-03 14:10:00,LONG,17435.0,17436.95,14.12,1.16,27350,2023-04-03 14:15:00,17422.83,stop,-14.12,-1912.8,2.05,-14.65,8,True
27353,2023-04-03 14:30:00,LONG,17440.0,17442.35,15.11,1.184,27358,2023-04-03 14:55:00,17472.57,target,30.22,968.19,30.65,-0.35,2,True
27405,2023-04-05 12:35:00,LONG,17584.0,17596.35,23.59,2.099,27439,2023-04-05 15:25:00,17626.95,eod,30.6,990.39,33.65,-13.85,3,True
27447,2023-04-06 09:50:00,SHORT,17572.05,17565.0,21.27,1.496,27449,2023-04-06 10:00:00,17586.27,stop,-21.27,-2380.45,7.0,-71.55,0,False
27480,2023-04-06 12:35:00,LONG,17676.0,17686.35,23.19,1.806,27492,2023-04-06 13:35:00,17663.16,stop,-23.19,-2507.03,28.65,-39.2,5,True
27544,2023-04-10 11:40:00,LONG,17697.65,17698.8,13.64,1.092,27547,2023-04-10 11:55:00,17726.08,target,27.28,772.65,28.2,-0.05,0,False
27562,2023-04-10 13:10:00,SHORT,17727.0,17724.95,13.22,1.184,27572,2023-04-10 14:00:00,17698.52,target,26.43,717.67,30.65,-7.05,0,False
27575,2023-04-10 14:15:00,SHORT,17663.0,17662.1,14.49,1.066,27578,2023-04-10 14:30:00,17676.59,stop,-14.49,-1941.34,8.5,-15.75,0,False
27643,2023-04-11 13:40:00,LONG,17756.0,17764.8,20.8,1.733,27664,2023-04-11 15:25:00,17789.1,eod,24.3,578.1,31.45,-4.8,2,True
27707,2023-04-12 12:45:00,LONG,17827.6,17832.0,13.58,1.479,27710,2023-04-12 13:00:00,17818.42,stop,-13.58,-1884.58,1.95,-15.65,6,True
27711,2023-04-12 13:05:00,LONG,17833.05,17839.95,16.9,1.69,27717,2023-04-12 13:35:00,17873.74,target,33.79,1193.78,39.75,-3.45,3,True
27744,2023-04-13 09:35:00,LONG,17869.0,17870.95,16.03,1.139,27745,2023-04-13 09:40:00,17854.92,stop,-16.03,-2044.34,6.2,-21.95,1,True
27752,2023-04-13 10:15:00,SHORT,17829.8,17825.5,18.69,1.299,27755,2023-04-13 10:30:00,17844.19,stop,-18.69,-2217.08,0.0,-20.4,2,True
27760,2023-04-13 10:55:00,SHORT,17803.1,17802.15,15.47,1.065,27772,2023-04-13 11:55:00,17817.62,stop,-15.47,-2007.04,20.15,-18.55,1,True
27776,2023-04-13 12:15:00,SHORT,17788.05,17780.45,20.34,1.597,27781,2023-04-13 12:40:00,17800.79,stop,-20.34,-2323.41,5.45,-22.9,5,True
27797,2023-04-13 14:00:00,LONG,17832.35,17838.95,20.56,1.473,27811,2023-04-13 15:10:00,17880.08,target,41.13,1670.44,42.45,-13.55,1,True
27833,2023-04-17 10:45:00,LONG,17717.0,17739.6,44.49,2.032,27889,2023-04-17 15:25:00,17751.0,eod,11.4,-259.78,33.45,-33.3,0,False
27896,2023-04-18 09:45:00,SHORT,17740.0,17729.25,28.09,1.62,27935,2023-04-18 13:00:00,17757.34,stop,-28.09,-2826.47,51.1,-30.45,1,True
27974,2023-04-19 10:00:00,SHORT,17666.0,17662.95,20.38,1.176,27979,2023-04-19 10:25:00,17683.33,stop,-20.38,-2324.29,6.6,-21.5,0,False
27999,2023-04-19 12:05:00,LONG,17693.35,17693.7,13.32,1.027,28003,2023-04-19 12:25:00,17680.38,stop,-13.32,-1865.32,11.6,-13.85,5,True
28016,2023-04-19 13:30:00,SHORT,17665.85,17660.35,18.09,1.437,28019,2023-04-19 13:45:00,17624.17,target,36.18,1352.33,37.35,-8.0,3,True
28026,2023-04-19 14:20:00,LONG,17645.6,17648.75,16.57,1.235,28030,2023-04-19 14:40:00,17632.18,stop,-16.57,-2075.57,3.8,-20.75,0,False
28041,2023-04-20 09:20:00,LONG,17710.0,17713.85,19.95,1.239,28047,2023-04-20 09:50:00,17693.9,stop,-19.95,-2296.68,10.45,-23.8,0,False
28055,2023-04-20 10:30:00,SHORT,17628.0,17626.2,17.94,1.111,28060,2023-04-20 10:55:00,17644.14,stop,-17.94,-2165.14,2.15,-18.75,3,True
28080,2023-04-20 12:35:00,SHORT,17642.0,17638.35,16.33,1.288,28110,2023-04-20 15:05:00,17654.68,stop,-16.33,-2060.14,27.4,-16.65,0,False
28127,2023-04-21 10:15:00,SHORT,17628.0,17627.15,16.45,1.054,28147,2023-04-21 11:55:00,17643.6,stop,-16.45,-2067.96,15.25,-17.35,2,True
28149,2023-04-21 12:05:00,SHORT,17625.05,17624.0,12.5,1.092,28160,2023-04-21 13:00:00,17599.0,target,25.0,626.27,36.5,-2.15,2,False
28176,2023-04-21 14:20:00,LONG,17639.0,17649.3,22.67,1.832,28189,2023-04-21 15:25:00,17651.0,eod,1.7,-888.6,21.85,-8.9,13,True
28200,2023-04-24 10:05:00,SHORT,17645.0,17639.9,23.28,1.28,28206,2023-04-24 10:35:00,17663.18,stop,-23.28,-2512.43,3.45,-29.7,2,True
28241,2023-04-24 13:30:00,LONG,17724.3,17726.05,13.42,1.15,28257,2023-04-24 14:50:00,17752.89,target,26.84,743.71,32.1,-10.15,2,True
28304,2023-04-25 12:30:00,SHORT,17770.8,17769.45,11.11,1.138,28309,2023-04-25 12:55:00,17780.56,stop,-11.11,-1723.06,10.55,-15.55,0,False
28346,2023-04-26 09:45:00,SHORT,17732.4,17726.95,18.38,1.422,28349,2023-04-26 10:00:00,17745.33,stop,-18.38,-2194.98,4.85,-27.15,0,False
28372,2023-04-26 11:55:00,LONG,17789.3,17790.75,11.63,1.142,28375,2023-04-26 12:10:00,17779.12,stop,-11.63,-1757.54,2.05,-11.95,1,True
28389,2023-04-26 13:20:00,SHORT,17774.55,17770.5,15.34,1.359,28390,2023-04-26 13:25:00,17785.84,stop,-15.34,-1997.97,4.0,-19.5,2,True
28409,2023-04-26 15:00:00,LONG,17795.0,17807.0,24.05,1.996,28414,2023-04-26 15:25:00,17821.35,eod,14.35,-69.23,21.2,-4.55,0,False
28417,2023-04-27 09:25:00,LONG,17828.2,17829.2,14.16,1.076,28419,2023-04-27 09:35:00,17815.04,stop,-14.16,-1922.46,10.1,-22.5,1,True
28463,2023-04-27 13:15:00,LONG,17857.25,17863.1,14.84,1.651,28471,2023-04-27 13:55:00,17892.78,target,29.68,926.17,29.9,-3.05,2,False
28525,2023-04-28 12:10:00,LONG,18048.0,18048.65,12.31,1.056,28532,2023-04-28 12:45:00,18036.34,stop,-12.31,-1805.84,11.35,-12.65,6,True
28534,2023-04-28 12:55:00,SHORT,18042.5,18038.6,14.91,1.354,28537,2023-04-28 13:10:00,18053.51,stop,-14.91,-1974.95,0.0,-20.1,2,False
28551,2023-04-28 14:20:00,SHORT,18040.15,18038.05,12.6,1.2,28553,2023-04-28 14:30:00,18050.65,stop,-12.6,-1824.93,9.3,-15.95,0,False
28555,2023-04-28 14:40:00,LONG,18060.0,18065.0,16.1,1.451,28559,2023-04-28 15:00:00,18097.19,target,32.19,1085.94,38.95,-8.95,4,True
28609,2023-05-02 12:55:00,LONG,18236.0,18236.85,12.56,1.073,28616,2023-05-02 13:30:00,18224.29,stop,-12.56,-1825.08,7.65,-14.35,3,True
28682,2023-05-03 12:45:00,LONG,18150.0,18158.0,18.97,1.729,28695,2023-05-03 13:50:00,18139.03,stop,-18.97,-2240.66,7.0,-54.75,1,False
28711,2023-05-03 15:10:00,LONG,18160.3,18161.15,15.0,1.06,28714,2023-05-03 15:25:00,18146.15,stop,-15.0,-1982.64,2.15,-19.15,0,False
28717,2023-05-04 09:25:00,LONG,18165.0,18166.75,17.9,1.108,28720,2023-05-04 09:40:00,18148.85,stop,-17.9,-2171.09,1.0,-19.5,3,True
28729,2023-05-04 10:25:00,LONG,18182.45,18184.9,14.81,1.198,28743,2023-05-04 11:35:00,18214.52,target,29.62,916.48,32.65,-3.35,0,False
28760,2023-05-04 13:00:00,LONG,18223.5,18236.35,22.57,2.322,28783,2023-05-04 14:55:00,18281.49,target,45.14,1924.31,50.65,-6.35,1,True
28812,2023-05-05 11:05:00,SHORT,18201.2,18200.0,16.83,1.077,28814,2023-05-05 11:15:00,18166.34,target,33.66,1179.21,40.6,-10.0,1,True
28859,2023-05-05 15:00:00,SHORT,18126.55,18124.0,23.47,1.122,28861,2023-05-05 15:10:00,18147.47,stop,-23.47,-2532.62,9.0,-23.7,0,False
28866,2023-05-08 09:20:00,LONG,18204.9,18215.0,32.24,1.456,28878,2023-05-08 10:20:00,18279.48,target,64.48,3181.38,66.55,-7.9,0,False
28887,2023-05-08 11:05:00,SHORT,18271.0,18270.0,17.55,1.06,28889,2023-05-08 11:15:00,18287.55,stop,-17.55,-2150.7,0.0,-23.15,0,False
28892,2023-05-08 11:30:00,LONG,18293.15,18297.0,19.26,1.25,28913,2023-05-08 13:15:00,18335.53,target,38.53,1493.51,43.0,-2.0,1,True
28934,2023-05-08 15:00:00,SHORT,18312.0,18310.1,15.51,1.14,28939,2023-05-08 15:25:00,18317.0,eod,-6.9,-1458.9,19.1,-14.9,4,True
28945,2023-05-09 09:40:00,LONG,18344.7,18358.0,29.82,1.805,28986,2023-05-09 13:05:00,18328.18,stop,-29.82,-2949.07,30.1,-33.75,3,True
28990,2023-05-09 13:25:00,SHORT,18320.0,18319.0,13.22,1.082,28991,2023-05-09 13:30:00,18332.22,stop,-13.22,-1869.83,6.5,-13.9,0,False
29020,2023-05-10 09:40:00,SHORT,18291.6,18272.8,37.1,2.027,29031,2023-05-10 10:35:00,18309.9,stop,-37.1,-3421.43,16.8,-39.8,3,False
29064,2023-05-10 13:20:00,SHORT,18313.3,18296.65,29.45,2.3,29074,2023-05-10 14:10:00,18326.1,stop,-29.45,-2924.68,21.65,-31.35,0,False
29075,2023-05-10 14:15:00,LONG,18334.55,18336.1,14.54,1.119,29077,2023-05-10 14:25:00,18321.56,stop,-14.54,-1955.89,3.05,-18.75,0,False
29094,2023-05-11 09:35:00,SHORT,18338.0,18325.5,30.27,1.704,29096,2023-05-11 09:45:00,18355.77,stop,-30.27,-2977.97,0.0,-31.2,0,False
29105,2023-05-11 10:30:00,LONG,18364.95,18365.3,16.8,1.021,29119,2023-05-11 11:40:00,18348.5,stop,-16.8,-2102.97,14.7,-18.25,2,True
29120,2023-05-11 11:45:00,SHORT,18356.75,18343.8,26.26,1.973,29136,2023-05-11 13:05:00,18370.06,stop,-26.26,-2718.09,13.95,-28.9,1,True
29150,2023-05-11 14:15:00,LONG,18379.0,18383.45,16.98,1.355,29152,2023-05-11 14:25:00,18366.47,stop,-16.98,-2114.87,2.35,-36.15,5,False
29166,2023-05-12 09:20:00,SHORT,18275.0,18254.6,42.49,1.924,29181,2023-05-12 10:35:00,18297.09,stop,-42.49,-3771.34,37.9,-45.4,1,True
29203,2023-05-12 12:25:00,LONG,18306.05,18313.3,19.34,1.6,29219,2023-05-12 13:50:00,18351.98,target,38.68,1503.52,45.5,-7.3,2,True
29243,2023-05-15 09:35:00,LONG,18360.0,18377.7,36.45,1.944,29280,2023-05-15 12:40:00,18450.6,target,72.9,3726.14,73.3,-7.7,4,True
29292,2023-05-15 13:40:00,LONG,18459.0,18465.35,14.89,1.744,29301,2023-05-15 14:25:00,18450.46,stop,-14.89,-1980.64,7.7,-25.35,3,True
29339,2023-05-16 11:20:00,SHORT,18390.1,18384.2,20.31,1.409,29355,2023-05-16 12:40:00,18404.51,stop,-20.31,-2332.08,14.15,-25.25,3,True
29373,2023-05-16 14:10:00,SHORT,18382.15,18375.0,20.17,1.549,29384,2023-05-16 15:05:00,18334.67,target,40.33,1610.09,44.1,-15.0,0,False
29387,2023-05-16 15:20:00,SHORT,18320.15,18316.3,17.52,1.282,29388,2023-05-16 15:25:00,18326.1,eod,-9.8,-1647.51,0.0,-12.45,3,True
29391,2023-05-17 09:25:00,SHORT,18291.55,18291.0,17.23,1.033,29392,2023-05-17 09:30:00,18308.23,stop,-17.23,-2130.27,3.0,-18.95,2,True
29402,2023-05-17 10:20:00,SHORT,18282.9,18281.75,17.11,1.072,29410,2023-05-17 11:00:00,18247.53,target,34.22,1214.4,40.15,-0.75,1,False
29428,2023-05-17 12:30:00,LONG,18195.5,18196.0,14.41,1.036,29433,2023-05-17 12:55:00,18181.59,stop,-14.41,-1944.93,9.1,-26.0,0,False
29465,2023-05-18 09:20:00,LONG,18313.0,18320.15,24.97,1.401,29468,2023-05-18 09:35:00,18295.18,stop,-24.97,-2633.1,4.15,-54.15,2,True
29500,2023-05-18 12:15:00,SHORT,18240.0,18233.8,19.63,1.462,29518,2023-05-18 13:45:00,18194.53,target,39.27,1543.31,41.0,-11.35,1,True
29555,2023-05-19 10:35:00,SHORT,18094.55,18090.25,23.97,1.219,29558,2023-05-19 10:50:00,18114.22,stop,-23.97,-2564.57,6.2,-29.55,0,False
29595,2023-05-19 13:55:00,LONG,18164.0,18172.25,25.58,1.476,29610,2023-05-19 15:10:00,18223.4,target,51.15,2316.06,69.75,-0.8,2,True
29615,2023-05-22 09:20:00,LONG,18245.15,18273.4,49.6,2.323,29688,2023-05-22 15:25:00,18324.55,eod,51.15,2314.26,76.6,-32.0,2,True
29705,2023-05-23 10:35:00,LONG,18413.2,18419.3,19.85,1.444,29737,2023-05-23 13:15:00,18399.45,stop,-19.85,-2302.38,9.7,-27.1,0,False
29754,2023-05-23 14:40:00,SHORT,18398.05,18392.35,15.64,1.574,29758,2023-05-23 15:00:00,18361.08,target,31.27,1021.12,37.3,0.0,1,True
29782,2023-05-24 10:45:00,LONG,18384.0,18387.3,18.5,1.217,29793,2023-05-24 11:40:00,18368.8,stop,-18.5,-2214.24,7.2,-26.05,0,False
29829,2023-05-24 14:40:00,SHORT,18302.0,18281.4,36.7,2.28,29838,2023-05-24 15:25:00,18300.1,eod,-18.7,-2225.44,13.65,-23.6,0,False
29841,2023-05-25 09:25:00,SHORT,18265.65,18260.15,23.53,1.305,29845,2023-05-25 09:45:00,18283.68,stop,-23.53,-2539.35,19.15,-35.8,1,False
29863,2023-05-25 11:15:00,SHORT,18241.0,18233.25,23.38,1.496,29876,2023-05-25 12:20:00,18256.63,stop,-23.38,-2528.79,20.75,-24.65,0,False
29884,2023-05-25 13:00:00,SHORT,18228.65,18220.0,21.54,1.671,29898,2023-05-25 14:10:00,18241.54,stop,-21.54,-2408.82,17.0,-23.0,1,True
29908,2023-05-25 15:00:00,LONG,18305.15,18319.0,30.63,1.826,29913,2023-05-25 15:25:00,18324.9,eod,5.9,-627.11,13.4,-7.85,1,True
29923,2023-05-26 10:00:00,LONG,18460.0,18460.2,19.74,1.01,29937,2023-05-26 11:10:00,18499.68,target,39.48,1553.0,39.8,-15.2,1,True
29967,2023-05-26 13:40:00,LONG,18531.2,18536.55,16.47,1.481,29973,2023-05-26 14:10:00,18569.48,target,32.93,1125.88,40.45,-1.05,2,True
30026,2023-05-29 12:20:00,SHORT,18691.5,18688.8,14.44,1.23,30033,2023-05-29 12:55:00,18659.93,target,28.87,859.99,31.75,-10.2,0,False
30047,2023-05-29 14:05:00,LONG,18701.5,18702.4,11.71,1.083,30050,2023-05-29 14:20:00,18690.69,stop,-11.71,-1777.95,3.6,-24.6,3,True
30066,2023-05-30 09:25:00,LONG,18707.05,18711.0,20.19,1.243,30082,2023-05-30 10:45:00,18690.81,stop,-20.19,-2329.58,30.85,-27.7,1,True
30105,2023-05-30 12:40:00,SHORT,18670.0,18661.15,21.31,1.71,30108,2023-05-30 12:55:00,18682.46,stop,-21.31,-2401.53,0.15,-25.95,2,True
30125,2023-05-30 14:20:00,LONG,18703.4,18710.0,17.93,1.583,30127,2023-05-30 14:30:00,18692.07,stop,-17.93,-2182.18,11.0,-19.1,4,True
30192,2023-05-31 13:40:00,LONG,18604.65,18606.45,15.26,1.134,30198,2023-05-31 14:10:00,18591.19,stop,-15.26,-2006.87,17.35,-16.35,2,True
30211,2023-05-31 15:15:00,LONG,18637.5,18639.0,17.04,1.097,30213,2023-05-31 15:25:00,18621.96,stop,-17.04,-2123.17,2.95,-18.3,5,False
30246,2023-06-01 11:55:00,SHORT,18626.0,18625.3,12.72,1.058,30247,2023-06-01 12:00:00,18599.86,target,25.44,638.12,29.4,-7.15,4,True
30269,2023-06-01 13:50:00,SHORT,18590.0,18584.1,17.86,1.493,30271,2023-06-01 14:00:00,18601.96,stop,-17.86,-2175.77,2.9,-20.25,1,True
30284,2023-06-01 15:05:00,SHORT,18578.0,18567.9,24.77,1.689,30288,2023-06-01 15:25:00,18574.75,eod,-6.85,-1460.06,17.9,-14.35,2,True
30339,2023-06-02 13:25:00,LONG,18660.95,18663.05,14.63,1.168,30347,2023-06-02 14:05:00,18648.42,stop,-14.63,-1967.19,10.65,-22.05,0,False
30350,2023-06-02 14:20:00,SHORT,18609.2,18602.15,20.94,1.508,30355,2023-06-02 14:45:00,18623.09,stop,-20.94,-2376.4,16.75,-24.7,1,True
30376,2023-06-05 10:15:00,LONG,18708.75,18718.0,26.32,1.542,30433,2023-06-05 15:00:00,18691.68,stop,-26.32,-2727.89,10.55,-32.55,4,True
30473,2023-06-06 12:05:00,SHORT,18612.55,18609.15,13.42,1.339,30478,2023-06-06 12:30:00,18622.57,stop,-13.42,-1887.85,3.15,-19.85,4,True
30483,2023-06-06 12:55:00,LONG,18634.3,18642.0,17.39,1.794,30496,2023-06-06 14:00:00,18624.61,stop,-17.39,-2146.29,3.9,-21.0,1,True
30508,2023-06-06 15:00:00,LONG,18645.9,18652.0,16.87,1.566,30513,2023-06-06 15:25:00,18684.45,eod,32.45,1092.56,33.35,-2.1,0,False
30517,2023-06-07 09:30:00,LONG,18725.4,18728.0,16.04,1.193,30556,2023-06-07 12:45:00,18760.09,target,32.09,1067.78,45.35,-12.0,4,True
30642,2023-06-08 13:40:00,LONG,18768.55,18775.2,17.75,1.599,30648,2023-06-08 14:10:00,18757.45,stop,-17.75,-2171.54,18.8,-23.05,0,False
30653,2023-06-08 14:35:00,SHORT,18751.65,18750.1,14.11,1.123,30655,2023-06-08 14:45:00,18721.88,target,28.22,816.78,31.1,-8.8,5,True
30684,2023-06-09 10:55:00,SHORT,18675.0,18668.75,22.9,1.375,30689,2023-06-09 11:20:00,18691.65,stop,-22.9,-2505.2,12.6,-23.6,2,True
30712,2023-06-09 13:15:00,SHORT,18656.15,18654.65,16.24,1.102,30726,2023-06-09 14:25:00,18622.18,target,32.47,1094.68,36.3,-12.15,3,True
30741,2023-06-12 09:25:00,LONG,18649.55,18655.75,22.66,1.377,30747,2023-06-12 09:55:00,18633.09,stop,-22.66,-2488.8,10.85,-22.75,2,True
30752,2023-06-12 10:20:00,LONG,18660.6,18661.4,15.73,1.054,30771,2023-06-12 11:55:00,18692.85,target,31.45,1027.64,32.6,0.0,4,True
30776,2023-06-12 12:20:00,SHORT,18672.65,18661.35,22.44,2.015,30787,2023-06-12 13:15:00,18683.79,stop,-22.44,-2474.9,12.35,-26.1,5,True
30807,2023-06-12 14:55:00,LONG,18699.9,18699.95,11.96,1.004,30808,2023-06-12 15:00:00,18687.99,stop,-11.96,-1794.43,4.95,-19.7,6,True
30815,2023-06-13 09:20:00,LONG,18739.95,18749.0,23.83,1.612,30888,2023-06-13 15:25:00,18775.9,eod,26.9,730.23,33.75,-4.1,1,True
30921,2023-06-14 11:55:00,LONG,18794.2,18801.0,14.96,1.833,30958,2023-06-14 15:00:00,18830.93,target,29.93,926.1,31.0,-5.45,2,True
30971,2023-06-15 09:50:00,LONG,18828.3,18829.4,12.54,1.096,30977,2023-06-15 10:20:00,18854.48,target,25.08,610.28,33.45,-4.4,5,True
30991,2023-06-15 11:30:00,SHORT,18782.8,18773.85,21.93,1.689,31001,2023-06-15 12:20:00,18795.78,stop,-21.93,-2444.05,3.85,-24.4,0,False
31015,2023-06-15 13:30:00,LONG,18802.6,18810.0,19.34,1.62,31021,2023-06-15 14:00:00,18790.66,stop,-19.34,-2275.62,10.85,-29.0,1,False
31023,2023-06-15 14:10:00,SHORT,18770.0,18764.15,20.23,1.407,31038,2023-06-15 15:25:00,18739.0,eod,25.15,616.67,29.75,-5.35,0,False
31053,2023-06-16 10:25:00,LONG,18839.0,18843.6,18.63,1.328,31064,2023-06-16 11:20:00,18824.97,stop,-18.63,-2229.94,5.15,-25.55,0,False
31072,2023-06-16 12:00:00,LONG,18848.75,18853.8,16.1,1.457,31074,2023-06-16 12:10:00,18837.7,stop,-16.1,-2066.12,0.65,-18.8,1,True
31095,2023-06-16 13:55:00,LONG,18842.7,18844.05,11.24,1.136,31098,2023-06-16 14:10:00,18866.54,target,22.49,441.76,35.9,0.0,4,True
31126,2023-06-19 10:15:00,SHORT,18877.05,18872.8,19.99,1.27,31145,2023-06-19 11:50:00,18832.83,target,39.97,1578.27,46.95,-1.1,1,True
31150,2023-06-19 12:15:00,LONG,18854.0,18862.8,21.28,1.705,31154,2023-06-19 12:35:00,18841.52,stop,-21.28,-2403.04,1.9,-23.15,2,True
31161,2023-06-19 13:10:00,SHORT,18831.05,18828.0,16.68,1.224,31165,2023-06-19 13:30:00,18794.64,target,33.36,1149.34,38.55,-1.0,5,False
31178,2023-06-19 14:35:00,LONG,18818.0,18838.95,36.31,2.364,31188,2023-06-19 15:25:00,18842.0,eod,3.05,-821.22,26.75,-12.8,0,False
31203,2023-06-20 10:25:00,SHORT,18731.0,18721.75,25.3,1.576,31210,2023-06-20 11:00:00,18747.05,stop,-25.3,-2661.9,9.45,-33.25,0,False
31256,2023-06-20 14:50:00,LONG,18838.25,18839.0,15.18,1.052,31257,2023-06-20 14:55:00,18823.82,stop,-15.18,-2005.63,0.9,-16.65,0,False
31260,2023-06-20 15:10:00,LONG,18866.5,18870.55,20.0,1.254,31263,2023-06-20 15:25:00,18879.0,eod,8.45,-470.84,11.45,-2.5,5,True
31271,2023-06-21 09:50:00,LONG,18901.65,18903.9,19.38,1.131,31276,2023-06-21 10:15:00,18884.52,stop,-19.38,-2280.27,5.05,-29.75,4,True
31305,2023-06-21 12:40:00,LONG,18869.0,18880.9,26.04,1.842,31338,2023-06-21 15:25:00,18899.9,eod,19.0,214.59,25.7,-23.35,5,False
31354,2023-06-22 10:30:00,LONG,18905.5,18908.0,16.84,1.174,31358,2023-06-22 10:50:00,18891.16,stop,-16.84,-2114.86,0.95,-20.85,7,True
31363,2023-06-22 11:15:00,SHORT,18875.0,18864.6,23.85,1.773,31383,2023-06-22 12:55:00,18816.91,target,47.69,2080.38,48.15,-12.2,1,True
31391,2023-06-22 13:35:00,LONG,18874.7,18884.2,25.18,1.606,31399,2023-06-22 14:15:00,18859.02,stop,-25.18,-2656.75,19.0,-28.1,0,False
31454,2023-06-23 12:35:00,LONG,18756.25,18762.45,21.48,1.406,31459,2023-06-23 13:00:00,18740.97,stop,-21.48,-2414.12,12.55,-34.5,1,True
31475,2023-06-23 14:20:00,SHORT,18711.0,18707.45,20.22,1.213,31477,2023-06-23 14:30:00,18727.67,stop,-20.22,-2331.5,7.45,-24.95,4,True
31510,2023-06-26 11:00:00,LONG,18702.55,18707.3,20.0,1.311,31531,2023-06-26 12:45:00,18687.3,stop,-20.0,-2316.83,14.7,-20.05,0,False
31534,2023-06-26 13:00:00,SHORT,18680.55,18677.2,15.41,1.278,31538,2023-06-26 13:20:00,18692.61,stop,-15.41,-2018.06,12.1,-19.6,7,True
31558,2023-06-26 15:00:00,LONG,18722.0,18733.0,26.35,1.717,31561,2023-06-26 15:15:00,18706.65,stop,-26.35,-2729.87,2.5,-34.95,2,True
31583,2023-06-27 10:50:00,SHORT,18733.7,18732.5,13.16,1.1,31588,2023-06-27 11:15:00,18745.66,stop,-13.16,-1872.8,2.5,-15.5,2,True
31594,2023-06-27 11:45:00,LONG,18759.9,18760.05,10.23,1.015,31607,2023-06-27 12:50:00,18749.82,stop,-10.23,-1682.66,9.95,-11.95,0,False
31698,2023-06-28 14:10:00,SHORT,18976.75,18972.1,20.23,1.298,31700,2023-06-28 14:20:00,18992.33,stop,-20.23,-2336.78,7.0,-24.55,0,False
31708,2023-06-28 15:00:00,SHORT,18965.1,18945.25,39.56,2.007,31713,2023-06-28 15:25:00,18972.05,eod,-26.8,-2763.31,10.25,-31.4,0,False
31742,2023-06-30 11:35:00,LONG,19198.95,19207.9,21.44,1.717,31746,2023-06-30 11:55:00,19186.46,stop,-21.44,-2418.94,8.7,-21.75,1,True
31775,2023-06-30 14:20:00,LONG,19236.95,19239.0,11.68,1.213,31785,2023-06-30 15:10:00,19262.36,target,23.36,491.54,29.0,-8.9,1,True
31834,2023-07-03 13:00:00,LONG,19406.0,19409.7,16.33,1.293,31838,2023-07-03 13:20:00,19393.37,stop,-16.33,-2090.59,0.0,-18.7,1,True
31839,2023-07-03 13:25:00,SHORT,19389.05,19381.0,20.24,1.66,31840,2023-07-03 13:30:00,19401.24,stop,-20.24,-2344.6,2.0,-24.6,1,True
31896,2023-07-04 11:55:00,LONG,19429.9,19430.0,12.15,1.008,31900,2023-07-04 12:15:00,19454.3,target,24.3,549.84,32.0,0.0,3,True
31944,2023-07-05 09:40:00,SHORT,19445.05,19440.8,23.28,1.223,31947,2023-07-05 09:55:00,19464.08,stop,-23.28,-2543.13,10.7,-29.2,3,False
31966,2023-07-05 11:30:00,LONG,19458.35,19464.05,20.09,1.396,31989,2023-07-05 13:25:00,19443.96,stop,-20.09,-2335.9,10.45,-27.2,1,False
31990,2023-07-05 13:30:00,SHORT,19436.75,19430.3,18.64,1.529,31992,2023-07-05 13:40:00,19448.94,stop,-18.64,-2241.24,8.75,-24.7,1,True
32003,2023-07-05 14:35:00,SHORT,19430.0,19423.45,19.89,1.491,32008,2023-07-05 15:00:00,19443.34,stop,-19.89,-2322.22,7.15,-20.15,3,True
32010,2023-07-05 15:10:00,LONG,19470.0,19474.9,20.06,1.323,32013,2023-07-05 15:25:00,19478.1,eod,3.2,-822.35,11.1,-9.9,8,True
32024,2023-07-06 10:05:00,LONG,19486.0,19491.7,22.98,1.33,32074,2023-07-06 14:15:00,19537.65,target,45.95,1955.63,49.65,-2.7,0,False
32097,2023-07-07 09:55:00,LONG,19543.1,19563.2,36.65,2.215,32101,2023-07-07 10:15:00,19526.55,stop,-36.65,-3413.25,3.8,-40.2,1,True
32106,2023-07-07 10:40:00,SHORT,19501.0,19491.75,25.76,1.56,32115,2023-07-07 11:25:00,19440.23,target,51.52,2318.26,54.75,-0.35,3,True
32152,2023-07-07 14:30:00,LONG,19444.25,19457.0,27.65,1.856,32158,2023-07-07 15:00:00,19429.35,stop,-27.65,-2827.0,23.0,-56.85,2,True
32160,2023-07-07 15:10:00,SHORT,19400.0,19395.0,24.69,1.254,32163,2023-07-07 15:25:00,19387.0,eod,8.0,-508.91,14.45,-4.5,4,True
32198,2023-07-10 12:05:00,SHORT,19391.0,19384.0,23.77,1.417,32200,2023-07-10 12:15:00,19407.77,stop,-23.77,-2573.74,2.0,-39.0,3,True
32233,2023-07-10 15:00:00,SHORT,19400.0,19398.3,18.69,1.1,32234,2023-07-10 15:05:00,19416.99,stop,-18.69,-2244.09,7.3,-19.55,0,False
32255,2023-07-11 10:35:00,LONG,19524.1,19527.0,16.66,1.211,32272,2023-07-11 12:00:00,19560.33,target,33.33,1134.62,35.25,-1.85,1,True
32289,2023-07-11 13:25:00,SHORT,19525.15,19523.15,12.51,1.19,32291,2023-07-11 13:35:00,19535.66,stop,-12.51,-1844.36,2.85,-14.0,7,False
32294,2023-07-11 13:50:00,SHORT,19520.3,19508.8,23.23,1.981,32313,2023-07-11 15:25:00,19516.0,eod,-7.2,-1498.9,27.8,-18.95,2,True
32322,2023-07-12 09:55:00,LONG,19529.0,19529.6,16.64,1.037,32326,2023-07-12 10:15:00,19512.96,stop,-16.64,-2112.73,7.1,-38.25,0,False
32343,2023-07-12 11:40:00,SHORT,19483.6,19478.0,19.43,1.405,32357,2023-07-12 12:50:00,19497.43,stop,-19.43,-2293.07,20.9,-20.5,6,True
32383,2023-07-12 15:00:00,SHORT,19482.0,19467.0,30.01,1.999,32388,2023-07-12 15:25:00,19462.0,eod,5.0,-705.15,16.95,-0.1,0,False
32391,2023-07-13 09:25:00,LONG,19537.15,19539.0,19.8,1.103,32395,2023-07-13 09:45:00,19578.6,target,39.6,1542.32,46.55,-1.9,2,True
32412,2023-07-13 11:10:00,LONG,19602.45,19603.05,13.49,1.047,32427,2023-07-13 12:25:00,19589.56,stop,-13.49,-1909.14,9.85,-21.05,0,False
32521,2023-07-14 14:00:00,LONG,19557.2,19560.5,19.25,1.207,32528,2023-07-14 14:35:00,19541.25,stop,-19.25,-2282.65,8.5,-22.35,0,False
32536,2023-07-14 15:15:00,LONG,19614.05,19615.05,18.66,1.057,32538,2023-07-14 15:25:00,19624.0,eod,8.95,-451.08,12.5,-3.3,1,True
32573,2023-07-17 12:05:00,LONG,19653.45,19653.7,11.15,1.023,32582,2023-07-17 12:50:00,19676.01,target,22.31,416.22,25.15,-3.7,1,True
32606,2023-07-17 14:50:00,LONG,19692.7,19696.3,14.2,1.339,32610,2023-07-17 15:10:00,19724.71,target,28.41,812.01,42.7,-8.2,5,True
32705,2023-07-19 10:35:00,SHORT,19816.45,19801.25,32.11,1.899,32758,2023-07-19 15:00:00,19833.36,stop,-32.11,-3122.86,52.75,-37.65,2,True
32759,2023-07-19 15:05:00,LONG,19840.05,19843.1,17.83,1.206,32763,2023-07-19 15:25:00,19869.05,eod,25.95,649.77,26.9,-6.55,3,True
32796,2023-07-20 11:55:00,LONG,19854.9,19862.45,20.68,1.575,32812,2023-07-20 13:15:00,19903.82,target,41.37,1651.51,46.05,-8.45,4,True
32841,2023-07-21 09:25:00,SHORT,19875.75,19865.8,33.81,1.417,32865,2023-07-21 11:25:00,19798.17,target,67.63,3359.08,79.8,-19.2,2,True
32875,2023-07-21 12:15:00,SHORT,19796.15,19795.0,19.02,1.064,32881,2023-07-21 12:45:00,19814.02,stop,-19.02,-2272.41,14.9,-19.9,8,True
32890,2023-07-21 13:30:00,LONG,19845.85,19847.0,16.72,1.074,32892,2023-07-21 13:40:00,19830.28,stop,-16.72,-2122.94,0.0,-26.0,4,True
32900,2023-07-21 14:20:00,SHORT,19790.0,19786.95,20.98,1.17,32903,2023-07-21 14:35:00,19807.93,stop,-20.98,-2399.16,1.95,-22.75,1,True
32904,2023-07-21 14:40:00,SHORT,19775.0,19770.85,22.89,1.221,32911,2023-07-21 15:15:00,19793.74,stop,-22.89,-2523.48,40.5,-38.15,0,False
32945,2023-07-24 11:50:00,SHORT,19721.0,19702.0,37.55,2.024,32953,2023-07-24 12:30:00,19739.55,stop,-37.55,-3475.23,11.6,-38.0,1,True
33010,2023-07-25 11:00:00,SHORT,19676.9,19671.3,21.27,1.357,33015,2023-07-25 11:25:00,19692.57,stop,-21.27,-2416.44,6.3,-23.1,4,False
33028,2023-07-25 12:30:00,LONG,19708.75,19710.0,13.65,1.101,33031,2023-07-25 12:45:00,19696.35,stop,-13.65,-1921.42,9.9,-20.0,0,False
33038,2023-07-25 13:20:00,SHORT,19665.0,19652.1,26.92,1.92,33049,2023-07-25 14:15:00,19679.02,stop,-26.92,-2782.99,19.95,-44.75,1,True
33057,2023-07-25 14:55:00,LONG,19710.0,19716.45,23.09,1.388,33059,2023-07-25 15:05:00,19693.36,stop,-23.09,-2534.87,5.55,-37.6,1,True
33065,2023-07-26 09:20:00,LONG,19722.7,19749.3,45.1,2.437,33138,2023-07-26 15:25:00,19772.0,eod,22.7,440.18,78.3,-4.3,1,True
33179,2023-07-27 12:35:00,SHORT,19724.95,19714.7,27.9,1.581,33181,2023-07-27 12:45:00,19742.6,stop,-27.9,-2847.9,2.7,-28.9,1,True
33187,2023-07-27 13:15:00,LONG,19750.45,19750.55,20.14,1.005,33188,2023-07-27 13:20:00,19730.41,stop,-20.14,-2343.76,12.45,-20.55,0,False
33199,2023-07-27 14:15:00,SHORT,19676.65,19675.05,24.27,1.071,33203,2023-07-27 14:35:00,19626.5,target,48.55,2122.02,60.0,-3.85,0,False
33243,2023-07-28 11:40:00,SHORT,19701.0,19696.05,22.79,1.277,33259,2023-07-28 13:00:00,19718.84,stop,-22.79,-2515.56,18.05,-22.95,1,True
33298,2023-07-31 10:00:00,LONG,19772.0,19774.0,19.32,1.115,33315,2023-07-31 11:25:00,19812.64,target,38.64,1475.83,51.0,-8.5,0,False
33328,2023-07-31 12:30:00,SHORT,19792.65,19787.4,17.55,1.427,33332,2023-07-31 12:50:00,19804.95,stop,-17.55,-2176.67,6.0,-17.6,1,True
33346,2023-07-31 14:00:00,LONG,19822.0,19828.0,18.26,1.489,33348,2023-07-31 14:10:00,19809.74,stop,-18.26,-2223.02,5.55,-19.0,4,True
33358,2023-07-31 15:00:00,LONG,19830.2,19854.0,37.55,2.731,33363,2023-07-31 15:25:00,19836.45,eod,-17.55,-2177.29,0.0,-18.9,5,False
33380,2023-08-01 10:35:00,SHORT,19808.0,19803.85,17.67,1.307,33393,2023-08-01 11:40:00,19821.52,stop,-17.67,-2184.34,13.7,-20.15,0,False
33398,2023-08-01 12:05:00,SHORT,19804.2,19803.05,13.62,1.092,33411,2023-08-01 13:10:00,19816.67,stop,-13.62,-1921.29,16.0,-18.65,0,False
33454,2023-08-02 10:30:00,SHORT,19678.0,19655.75,37.26,2.482,33488,2023-08-02 13:20:00,19581.23,target,74.52,3810.9,88.7,-9.25,5,True
33545,2023-08-03 11:50:00,SHORT,19547.45,19546.8,18.41,1.037,33550,2023-08-03 12:15:00,19509.98,target,36.82,1361.55,42.9,-3.35,1,True
33551,2023-08-03 12:20:00,SHORT,19510.1,19498.0,29.73,1.686,33558,2023-08-03 12:55:00,19438.54,target,59.46,2834.22,75.9,-6.95,1,True
33576,2023-08-03 14:25:00,LONG,19437.0,19441.3,23.58,1.223,33579,2023-08-03 14:40:00,19417.72,stop,-23.58,-2562.08,13.7,-30.25,0,False
33613,2023-08-04 11:15:00,LONG,19548.95,19559.3,28.68,1.565,33641,2023-08-04 13:35:00,19530.62,stop,-28.68,-2895.33,31.85,-39.8,2,True
33660,2023-08-04 15:10:00,LONG,19582.35,19584.45,23.75,1.097,33663,2023-08-04 15:25:00,19573.2,eod,-11.25,-1763.26,9.55,-14.45,2,True
33676,2023-08-07 10:15:00,LONG,19625.0,19632.15,26.61,1.367,33683,2023-08-07 10:50:00,19605.54,stop,-26.61,-2762.27,13.2,-26.75,2,True
33701,2023-08-07 12:20:00,LONG,19613.95,19625.0,26.59,1.711,33717,2023-08-07 13:40:00,19678.18,target,53.18,2423.21,59.0,-6.6,0,False
33761,2023-08-08 11:05:00,SHORT,19626.75,19618.75,20.93,1.619,33787,2023-08-08 13:15:00,19639.68,stop,-20.93,-2393.5,33.6,-21.15,2,True
33816,2023-08-09 09:25:00,SHORT,19585.15,19571.0,27.56,2.055,33827,2023-08-09 10:20:00,19515.87,target,55.13,2551.63,57.0,-3.8,2,True
33842,2023-08-09 11:35:00,LONG,19535.0,19540.0,16.75,1.426,33868,2023-08-09 13:45:00,19573.49,target,33.49,1145.15,36.4,-11.65,1,True
33881,2023-08-09 14:50:00,LONG,19664.0,19666.35,17.34,1.157,33886,2023-08-09 15:15:00,19701.02,target,34.67,1219.75,35.55,-4.35,0,False
33944,2023-08-10 13:50:00,SHORT,19578.05,19566.5,31.01,1.594,33947,2023-08-10 14:05:00,19597.51,stop,-31.01,-3047.29,8.7,-36.5,1,True
33965,2023-08-11 09:20:00,SHORT,19535.0,19531.65,23.45,1.167,34038,2023-08-11 15:25:00,19501.9,eod,29.75,902.56,43.0,-21.15,1,True
34063,2023-08-14 11:15:00,LONG,19369.7,19373.55,18.61,1.261,34074,2023-08-14 12:10:00,19410.77,target,37.22,1389.97,44.35,-2.55,3,True
34081,2023-08-14 12:45:00,SHORT,19395.35,19394.1,14.02,1.098,34084,2023-08-14 13:00:00,19408.12,stop,-14.02,-1940.56,8.1,-15.9,0,False
34089,2023-08-14 13:25:00,LONG,19413.1,19419.9,19.75,1.525,34098,2023-08-14 14:10:00,19459.41,target,39.51,1537.96,58.9,-3.35,0,False
34153,2023-08-16 12:30:00,LONG,19425.95,19432.85,20.11,1.522,34162,2023-08-16 13:15:00,19473.07,target,40.22,1583.97,40.95,-3.85,0,False
34174,2023-08-16 14:15:00,LONG,19465.0,19466.95,15.72,1.142,34182,2023-08-16 14:55:00,19451.23,stop,-15.72,-2051.64,5.35,-17.15,0,False
34183,2023-08-16 15:00:00,LONG,19474.9,19500.0,39.85,2.702,34188,2023-08-16 15:25:00,19466.0,eod,-34.0,-3240.24,5.0,-35.0,3,False
34191,2023-08-17 09:25:00,SHORT,19442.2,19426.65,32.13,1.938,34234,2023-08-17 13:00:00,19362.39,target,64.26,3147.43,66.65,-3.25,2,True
34252,2023-08-17 14:30:00,LONG,19402.05,19403.0,15.12,1.067,34258,2023-08-17 15:00:00,19387.88,stop,-15.12,-2011.93,8.6,-17.85,1,False
34310,2023-08-18 13:05:00,SHORT,19301.0,19284.55,29.04,2.306,34319,2023-08-18 13:50:00,19313.59,stop,-29.04,-2914.91,9.45,-29.7,0,False
34321,2023-08-18 14:00:00,LONG,19337.7,19355.0,32.41,2.145,34337,2023-08-18 15:20:00,19322.59,stop,-32.41,-3134.68,25.0,-38.5,0,False
34361,2023-08-21 11:05:00,LONG,19370.0,19375.0,19.52,1.344,34366,2023-08-21 11:30:00,19355.48,stop,-19.52,-2297.13,9.85,-23.65,3,True
34397,2023-08-21 14:05:00,SHORT,19392.4,19387.6,15.99,1.429,34404,2023-08-21 14:40:00,19403.59,stop,-15.99,-2068.32,11.35,-17.5,0,False
34407,2023-08-21 14:55:00,LONG,19417.05,19424.1,19.5,1.566,34408,2023-08-21 15:00:00,19404.6,stop,-19.5,-2296.91,7.9,-29.1,0,False
34444,2023-08-22 11:45:00,LONG,19419.95,19422.0,12.36,1.199,34450,2023-08-22 12:15:00,19409.64,stop,-12.36,-1832.36,7.5,-14.75,2,True
34478,2023-08-22 14:35:00,SHORT,19395.85,19385.1,19.6,2.214,34488,2023-08-22 15:25:00,19381.0,eod,4.1,-762.26,18.5,-15.65,5,True
34496,2023-08-23 09:50:00,SHORT,19365.3,19362.0,15.24,1.276,34508,2023-08-23 10:50:00,19377.24,stop,-15.24,-2019.03,9.3,-16.5,0,False
34526,2023-08-23 12:20:00,LONG,19419.65,19423.6,12.9,1.441,34531,2023-08-23 12:45:00,19449.41,target,25.81,647.61,31.25,-3.6,1,True
34558,2023-08-23 15:00:00,SHORT,19430.05,19426.75,14.1,1.306,34563,2023-08-23 15:25:00,19431.9,eod,-5.15,-1364.24,3.75,-9.85,0,False
34635,2023-08-24 15:10:00,SHORT,19406.95,19403.05,19.72,1.246,34638,2023-08-24 15:25:00,19392.15,eod,10.9,-320.54,26.7,-0.75,4,True
34692,2023-08-25 13:40:00,LONG,19298.65,19299.0,14.92,1.024,34696,2023-08-25 14:00:00,19284.08,stop,-14.92,-1996.95,0.0,-21.3,0,False
34698,2023-08-25 14:10:00,SHORT,19277.7,19272.2,20.53,1.366,34713,2023-08-25 15:25:00,19231.14,target,41.06,1641.89,54.0,-14.6,0,False
34728,2023-08-28 10:25:00,LONG,19304.0,19305.0,19.27,1.055,34753,2023-08-28 12:30:00,19343.55,target,38.55,1477.54,44.25,-6.05,0,False
34763,2023-08-28 13:20:00,LONG,19352.05,19354.0,13.33,1.171,34764,2023-08-28 13:25:00,19340.67,stop,-13.33,-1894.59,1.55,-13.9,0,False
34773,2023-08-28 14:10:00,SHORT,19335.0,19332.95,15.14,1.157,34788,2023-08-28 15:25:00,19314.55,eod,18.4,168.18,27.85,-11.05,0,False
34796,2023-08-29 09:50:00,LONG,19361.35,19363.0,16.61,1.11,34798,2023-08-29 10:00:00,19346.39,stop,-16.61,-2107.93,2.9,-22.0,0,False
34827,2023-08-29 12:25:00,LONG,19343.95,19348.5,14.16,1.474,34829,2023-08-29 12:35:00,19334.34,stop,-14.16,-1948.12,4.2,-14.45,5,True
34850,2023-08-29 14:20:00,SHORT,19326.9,19316.95,21.08,1.894,34858,2023-08-29 15:00:00,19338.03,stop,-21.08,-2397.76,9.75,-25.4,2,True
34882,2023-08-30 10:45:00,LONG,19438.5,19439.15,11.95,1.058,34894,2023-08-30 11:45:00,19427.2,stop,-11.95,-1805.97,2.25,-13.05,0,False
34906,2023-08-30 12:45:00,SHORT,19419.0,19415.0,11.54,1.53,34911,2023-08-30 13:10:00,19426.54,stop,-11.54,-1779.55,3.6,-14.0,3,True
34921,2023-08-30 14:00:00,SHORT,19411.4,19402.15,16.88,2.212,34927,2023-08-30 14:30:00,19368.39,target,33.76,1165.42,35.85,-5.6,2,True
34945,2023-08-31 09:45:00,LONG,19366.05,19373.45,23.51,1.459,34949,2023-08-31 10:05:00,19349.94,stop,-23.51,-2556.44,9.2,-45.85,0,False
34955,2023-08-31 10:35:00,SHORT,19309.7,19304.55,22.06,1.304,35002,2023-08-31 14:30:00,19260.42,target,44.13,1840.97,44.55,-15.45,5,True
35050,2023-09-01 12:15:00,SHORT,19416.0,19406.8,21.68,1.737,35053,2023-09-01 12:30:00,19428.48,stop,-21.68,-2438.58,0.0,-24.75,3,True
35054,2023-09-01 12:35:00,LONG,19435.0,19459.15,38.1,2.731,35088,2023-09-01 15:25:00,19520.1,eod,60.95,2930.84,69.45,-7.2,1,True
35154,2023-09-04 14:40:00,LONG,19602.0,19616.0,27.59,2.03,35163,2023-09-04 15:25:00,19614.35,eod,-1.65,-1139.94,4.9,-14.75,2,True
35187,2023-09-05 11:10:00,LONG,19643.7,19648.0,15.17,1.396,35199,2023-09-05 12:10:00,19632.83,stop,-15.17,-2018.93,10.95,-18.0,5,True
35203,2023-09-05 12:30:00,SHORT,19627.75,19625.0,13.7,1.251,35214,2023-09-05 13:25:00,19597.6,target,27.4,748.52,28.6,-3.8,0,False
35267,2023-09-06 11:35:00,SHORT,19622.55,19619.35,14.03,1.295,35280,2023-09-06 12:40:00,19591.29,target,28.06,791.24,47.35,-6.85,3,True
35288,2023-09-06 13:20:00,SHORT,19559.0,19557.6,13.03,1.12,35290,2023-09-06 13:30:00,19570.63,stop,-13.03,-1878.72,1.5,-14.25,0,False
35292,2023-09-06 13:40:00,LONG,19578.3,19578.9,12.44,1.051,35295,2023-09-06 13:55:00,19566.46,stop,-12.44,-1840.28,3.5,-14.1,0,False
35308,2023-09-06 15:00:00,LONG,19637.8,19643.2,19.66,1.379,35313,2023-09-06 15:25:00,19665.0,eod,21.8,383.5,29.2,-0.6,0,False
35401,2023-09-08 10:15:00,SHORT,19816.45,19811.9,20.6,1.284,35415,2023-09-08 11:25:00,19832.5,stop,-20.6,-2374.82,39.2,-22.9,0,False
35416,2023-09-08 11:30:00,LONG,19840.9,19850.0,26.01,1.538,35449,2023-09-08 14:15:00,19902.03,target,52.03,2344.29,65.0,-3.95,0,False
35454,2023-09-08 14:40:00,SHORT,19866.25,19865.75,16.9,1.03,35458,2023-09-08 15:00:00,19882.65,stop,-16.9,-2135.82,11.1,-23.65,1,False
35472,2023-09-11 09:55:00,LONG,19963.0,19976.0,32.78,1.657,35533,2023-09-11 15:00:00,20041.57,target,65.57,3222.2,66.75,-8.0,1,True
35617,2023-09-13 09:30:00,SHORT,20030.0,20026.95,24.9,1.14,35635,2023-09-13 11:00:00,20051.85,stop,-24.9,-2658.59,15.0,-26.0,4,True
35637,2023-09-13 11:10:00,LONG,20063.9,20066.0,18.54,1.128,35649,2023-09-13 12:10:00,20103.09,target,37.09,1369.74,41.6,-11.0,1,True
35728,2023-09-14 12:30:00,SHORT,20113.0,20105.8,21.97,1.487,35730,2023-09-14 12:40:00,20127.77,stop,-21.97,-2469.18,10.8,-23.2,2,False
35757,2023-09-14 14:55:00,LONG,20150.0,20160.0,24.37,1.696,35763,2023-09-14 15:25:00,20187.5,eod,27.5,745.08,29.95,-4.9,6,True
35798,2023-09-15 12:05:00,LONG,20258.0,20259.55,12.87,1.137,35800,2023-09-15 12:15:00,20246.68,stop,-12.87,-1879.81,1.9,-23.7,0,False
35802,2023-09-15 12:25:00,SHORT,20237.2,20237.15,11.24,1.004,35803,2023-09-15 12:30:00,20214.66,target,22.49,418.26,26.15,0.0,3,True
35833,2023-09-15 15:00:00,LONG,20262.0,20263.45,11.66,1.142,35835,2023-09-15 15:10:00,20251.79,stop,-11.66,-1801.84,1.55,-20.45,2,True
35867,2023-09-18 11:35:00,LONG,20229.0,20229.3,12.07,1.025,35874,2023-09-18 12:10:00,20217.23,stop,-12.07,-1827.67,4.45,-15.35,3,True
35893,2023-09-18 13:45:00,SHORT,20207.0,20200.0,17.08,1.695,35911,2023-09-18 15:15:00,20165.84,target,34.16,1177.51,37.65,-11.95,8,True
35945,2023-09-20 11:50:00,SHORT,20004.1,19996.25,20.99,1.597,35948,2023-09-20 12:05:00,20017.24,stop,-20.99,-2403.81,1.15,-27.3,3,True
36036,2023-09-21 13:10:00,LONG,19781.6,19783.0,13.69,1.114,36041,2023-09-21 13:35:00,19769.31,stop,-13.69,-1925.08,15.0,-13.85,2,True
36050,2023-09-21 14:20:00,SHORT,19769.15,19764.0,16.68,1.447,36058,2023-09-21 15:00:00,19780.68,stop,-16.68,-2119.18,16.0,-29.4,2,True
36071,2023-09-22 09:50:00,SHORT,19748.0,19734.85,33.86,1.635,36081,2023-09-22 10:40:00,19768.71,stop,-33.86,-3236.04,44.3,-50.15,3,True
36108,2023-09-22 12:55:00,SHORT,19802.0,19789.75,27.72,1.792,36115,2023-09-22 13:30:00,19734.32,target,55.43,2567.55,56.45,-20.25,1,True
36134,2023-09-22 15:05:00,SHORT,19710.35,19709.1,20.04,1.067,36138,2023-09-22 15:25:00,19706.5,eod,2.6,-865.3,15.95,-8.9,1,True
36193,2023-09-25 13:45:00,SHORT,19724.25,19694.1,48.76,2.62,36213,2023-09-25 15:25:00,19705.0,eod,-10.9,-1742.58,67.35,-34.4,0,False
36254,2023-09-26 12:35:00,SHORT,19670.0,19662.4,20.62,1.584,36265,2023-09-26 13:30:00,19683.02,stop,-20.62,-2373.62,20.1,-27.5,4,True
36283,2023-09-26 15:00:00,SHORT,19671.05,19669.8,13.08,1.106,36287,2023-09-26 15:20:00,19682.88,stop,-13.08,-1884.07,1.25,-15.15,2,False
36306,2023-09-27 10:40:00,LONG,19562.0,19567.0,19.33,1.349,36312,2023-09-27 11:10:00,19605.66,target,38.66,1480.59,66.9,-6.9,0,False
36335,2023-09-27 13:05:00,LONG,19670.5,19686.05,31.09,2.001,36363,2023-09-27 15:25:00,19720.0,eod,33.95,1172.35,55.95,-15.05,4,True
36389,2023-09-28 11:20:00,SHORT,19639.1,19625.05,35.18,1.665,36414,2023-09-28 13:25:00,19554.68,target,70.37,3541.16,71.55,-17.3,2,True
36422,2023-09-28 14:05:00,SHORT,19543.9,19537.6,24.25,1.351,36424,2023-09-28 14:15:00,19561.85,stop,-24.25,-2607.87,2.0,-37.75,3,True
36433,2023-09-28 15:00:00,SHORT,19534.0,19528.7,22.47,1.309,36438,2023-09-28 15:25:00,19525.0,eod,3.7,-790.71,25.7,-4.25,2,True
36462,2023-09-29 11:10:00,LONG,19692.0,19696.6,22.76,1.253,36467,2023-09-29 11:35:00,19742.12,target,45.52,1923.83,56.25,-8.1,0,False
36491,2023-09-29 13:35:00,LONG,19763.0,19765.0,15.38,1.149,36506,2023-09-29 14:50:00,19749.62,stop,-15.38,-2034.98,29.0,-18.0,1,True
36508,2023-09-29 15:00:00,SHORT,19735.35,19717.0,33.39,2.22,36513,2023-09-29 15:25:00,19714.0,eod,3.0,-839.44,31.95,-13.0,0,False
36560,2023-10-03 13:05:00,LONG,19592.35,19592.9,14.29,1.04,36572,2023-10-03 14:05:00,19578.61,stop,-14.29,-1960.75,22.0,-23.85,4,True
36587,2023-10-03 15:20:00,SHORT,19566.4,19565.6,12.75,1.067,36588,2023-10-03 15:25:00,19562.0,eod,3.6,-797.84,3.6,-6.4,0,False
36619,2023-10-04 11:45:00,SHORT,19422.75,19403.05,33.54,2.423,36652,2023-10-04 14:30:00,19436.59,stop,-33.54,-3209.25,37.75,-33.95,3,True
36683,2023-10-05 10:50:00,LONG,19581.9,19582.0,17.71,1.006,36700,2023-10-05 12:15:00,19564.29,stop,-17.71,-2183.02,33.45,-30.75,0,False
36733,2023-10-05 15:00:00,SHORT,19560.25,19556.1,15.63,1.361,36736,2023-10-05 15:15:00,19571.73,stop,-15.63,-2047.89,0.0,-18.25,0,False
36777,2023-10-06 12:25:00,LONG,19656.6,19661.15,17.22,1.359,36813,2023-10-06 15:25:00,19686.7,eod,25.55,626.89,28.85,-8.0,0,False
36874,2023-10-09 14:15:00,SHORT,19534.0,19530.0,18.28,1.28,36876,2023-10-09 14:25:00,19548.28,stop,-18.28,-2219.79,2.85,-34.0,0,False
36924,2023-10-10 12:10:00,LONG,19669.0,19675.0,15.76,1.615,36927,2023-10-10 12:25:00,19706.51,target,31.51,1014.07,31.7,-8.05,2,True
37000,2023-10-11 12:15:00,SHORT,19837.8,19836.4,12.27,1.129,37003,2023-10-11 12:30:00,19848.67,stop,-12.27,-1834.33,3.05,-13.0,0,False
37019,2023-10-11 13:50:00,SHORT,19836.0,19831.5,16.23,1.384,37025,2023-10-11 14:20:00,19847.73,stop,-16.23,-2091.1,6.5,-18.4,0,False
37028,2023-10-11 14:35:00,LONG,19850.0,19856.85,17.83,1.624,37038,2023-10-11 15:25:00,19849.35,eod,-7.5,-1524.23,12.45,-12.75,2,True
37086,2023-10-12 13:10:00,SHORT,19845.05,19843.6,10.77,1.156,37091,2023-10-12 13:35:00,19854.37,stop,-10.77,-1736.98,1.75,-16.35,0,False
37102,2023-10-12 14:30:00,LONG,19860.45,19862.65,10.39,1.268,37104,2023-10-12 14:40:00,19852.26,stop,-10.39,-1712.42,2.35,-16.15,0,False
37108,2023-10-12 15:00:00,SHORT,19838.2,19837.75,9.28,1.051,37109,2023-10-12 15:05:00,19847.03,stop,-9.28,-1639.85,5.75,-12.25,0,False
37151,2023-10-13 12:20:00,LONG,19715.55,19721.5,16.54,1.562,37160,2023-10-13 13:05:00,19754.59,target,33.09,1115.62,34.5,-0.9,4,True
37171,2023-10-13 14:00:00,LONG,19768.8,19773.35,15.88,1.401,37174,2023-10-13 14:15:00,19805.12,target,31.77,1029.08,35.55,-6.3,1,True
37258,2023-10-16 15:00:00,SHORT,19757.1,19743.2,25.8,2.168,37263,2023-10-16 15:25:00,19732.85,eod,10.35,-362.11,12.2,-11.8,1,True
37283,2023-10-17 10:50:00,LONG,19845.0,19847.15,14.12,1.18,37293,2023-10-17 11:40:00,19833.03,stop,-14.12,-1954.58,4.05,-14.15,1,True
37347,2023-10-18 09:55:00,LONG,19819.75,19819.9,12.29,1.012,37349,2023-10-18 10:05:00,19844.48,target,24.58,561.13,25.1,-2.5,2,True
37378,2023-10-18 12:30:00,SHORT,19708.25,19699.95,24.36,1.517,37384,2023-10-18 13:00:00,19724.31,stop,-24.36,-2617.87,4.95,-24.75,0,False
37386,2023-10-18 13:10:00,LONG,19732.65,19732.8,15.02,1.01,37387,2023-10-18 13:15:00,19717.78,stop,-15.02,-2010.49,1.1,-15.15,1,True
37404,2023-10-18 14:40:00,SHORT,19705.0,19701.1,17.96,1.277,37408,2023-10-18 15:00:00,19719.06,stop,-17.96,-2201.56,13.0,-22.2,1,True
37409,2023-10-18 15:05:00,SHORT,19693.2,19688.05,20.45,1.337,37413,2023-10-18 15:25:00,19665.6,eod,22.45,425.36,22.45,-1.55,4,True
37462,2023-10-19 13:15:00,SHORT,19622.5,19615.1,22.73,1.483,37467,2023-10-19 13:40:00,19637.83,stop,-22.73,-2510.22,9.1,-24.8,2,True
37485,2023-10-19 15:10:00,SHORT,19620.0,19617.0,15.99,1.231,37488,2023-10-19 15:25:00,19620.9,eod,-3.9,-1286.24,9.0,-4.9,1,True
37518,2023-10-20 11:40:00,SHORT,19530.05,19528.05,16.46,1.138,37525,2023-10-20 12:15:00,19544.51,stop,-16.46,-2101.12,15.55,-20.95,1,True
37557,2023-10-20 14:55:00,SHORT,19526.6,19524.95,13.77,1.136,37559,2023-10-20 15:05:00,19538.72,stop,-13.77,-1926.29,14.95,-14.85,0,False
37567,2023-10-23 09:30:00,SHORT,19516.3,19516.25,14.06,1.004,37574,2023-10-23 10:05:00,19488.12,target,28.13,797.27,30.0,-11.35,5,True
37594,2023-10-23 11:45:00,SHORT,19438.6,19429.8,21.64,1.686,37596,2023-10-23 11:55:00,19451.44,stop,-21.64,-2436.01,2.65,-27.85,2,True
37615,2023-10-23 13:30:00,SHORT,19415.1,19388.95,40.36,2.84,37633,2023-10-23 15:00:00,19308.23,target,80.72,4218.03,145.05,-32.95,2,True
37761,2023-10-26 13:10:00,LONG,18888.65,18889.75,18.16,1.064,37763,2023-10-26 13:20:00,18871.59,stop,-18.16,-2200.55,9.15,-35.2,5,True
37764,2023-10-26 13:25:00,SHORT,18858.05,18852.8,24.24,1.276,37780,2023-10-26 14:45:00,18877.04,stop,-24.24,-2595.5,9.5,-32.7,1,False
37814,2023-10-27 11:20:00,LONG,19109.9,19128.0,38.62,1.882,37863,2023-10-27 15:25:00,19146.0,eod,18.0,145.37,31.95,-32.9,0,False
37867,2023-10-30 09:30:00,SHORT,19056.4,19038.0,38.95,1.895,37875,2023-10-30 10:10:00,19076.95,stop,-38.95,-3554.53,22.3,-56.0,0,False
37882,2023-10-30 10:45:00,LONG,19148.45,19174.65,49.85,2.108,37938,2023-10-30 15:25:00,19234.0,eod,59.35,2831.73,59.35,-29.65,2,True
37949,2023-10-31 10:05:00,SHORT,19178.4,19163.0,37.31,1.703,37999,2023-10-31 14:15:00,19200.31,stop,-37.31,-3450.33,43.0,-41.8,5,True
38020,2023-11-01 09:45:00,SHORT,19135.4,19126.9,32.06,1.361,38062,2023-11-01 13:15:00,19062.78,target,64.12,3143.47,75.9,-22.6,6,True
38091,2023-11-02 09:25:00,LONG,19227.5,19229.7,26.07,1.092,38100,2023-11-02 10:10:00,19203.63,stop,-26.07,-2720.24,16.3,-36.5,2,True
38108,2023-11-02 10:50:00,SHORT,19184.6,19183.25,17.12,1.086,38119,2023-11-02 11:45:00,19149.02,target,34.23,1200.03,43.05,-14.4,0,False
38144,2023-11-02 13:50:00,LONG,19200.95,19217.45,29.21,2.298,38163,2023-11-02 15:25:00,19248.2,eod,30.75,972.41,39.7,-13.8,0,False
38205,2023-11-03 12:40:00,LONG,19329.85,19330.55,10.96,1.068,38228,2023-11-03 14:35:00,19319.59,stop,-10.96,-1739.95,14.45,-13.55,1,True
38278,2023-11-06 12:30:00,LONG,19437.1,19439.0,12.66,1.177,38299,2023-11-06 14:15:00,19464.32,target,25.32,615.45,36.45,-8.05,5,True
38344,2023-11-07 11:45:00,SHORT,19423.3,19419.2,16.78,1.323,38348,2023-11-07 12:05:00,19435.98,stop,-16.78,-2120.06,4.2,-17.8,0,False
38364,2023-11-07 13:25:00,SHORT,19435.1,19433.75,12.18,1.125,38365,2023-11-07 13:30:00,19445.93,stop,-12.18,-1821.24,2.0,-18.2,3,True
38412,2023-11-08 11:10:00,SHORT,19485.05,19481.9,15.87,1.248,38415,2023-11-08 11:25:00,19497.77,stop,-15.87,-2061.72,6.9,-19.75,1,True
38438,2023-11-08 13:20:00,LONG,19510.0,19512.9,12.39,1.305,38448,2023-11-08 14:10:00,19500.51,stop,-12.39,-1836.33,9.4,-15.95,2,True
38473,2023-11-09 10:00:00,LONG,19514.0,19522.25,21.92,1.603,38478,2023-11-09 10:25:00,19500.33,stop,-21.92,-2455.84,1.2,-37.75,1,True
38505,2023-11-09 12:40:00,SHORT,19511.25,19508.0,11.42,1.398,38527,2023-11-09 14:30:00,19485.15,target,22.85,454.26,28.0,-4.4,1,True
38551,2023-11-10 10:15:00,LONG,19405.7,19410.05,17.66,1.327,38578,2023-11-10 12:30:00,19445.37,target,35.32,1266.1,40.75,-5.05,1,True
38579,2023-11-10 12:35:00,LONG,19445.25,19449.0,12.85,1.412,38582,2023-11-10 12:50:00,19474.71,target,25.71,640.61,29.45,-1.2,1,True
38612,2023-11-10 15:20:00,LONG,19478.45,19495.0,29.9,2.239,38613,2023-11-10 15:25:00,19500.3,eod,5.3,-686.22,11.0,-4.75,0,False
38623,2023-11-13 10:00:00,LONG,19522.3,19532.55,25.14,1.688,38626,2023-11-13 10:15:00,19507.41,stop,-25.14,-2664.96,2.45,-30.85,12,True
38654,2023-11-13 12:35:00,SHORT,19491.05,19487.6,13.27,1.351,38657,2023-11-13 12:50:00,19500.87,stop,-13.27,-1893.39,2.15,-13.4,3,False
38664,2023-11-13 13:25:00,LONG,19501.0,19501.1,8.09,1.013,38673,2023-11-13 14:10:00,19517.28,target,16.18,20.46,17.35,-6.85,8,True
38726,2023-11-15 12:20:00,LONG,19706.55,19710.65,11.86,1.528,38737,2023-11-15 13:15:00,19734.38,target,23.73,507.51,27.35,-8.4,8,True
38753,2023-11-15 14:35:00,LONG,19754.0,19762.2,16.62,1.974,38755,2023-11-15 14:45:00,19745.58,stop,-16.62,-2115.45,0.05,-26.2,1,True
38756,2023-11-15 14:50:00,SHORT,19737.15,19734.0,12.23,1.347,38763,2023-11-15 15:25:00,19724.1,eod,9.9,-391.21,19.0,-5.9,2,False
38796,2023-11-16 11:55:00,LONG,19855.8,19856.0,12.87,1.016,38824,2023-11-16 14:15:00,19881.75,target,25.75,636.3,31.1,-8.25,0,False
38834,2023-11-16 15:05:00,SHORT,19847.75,19830.55,32.84,2.1,38838,2023-11-16 15:25:00,19835.0,eod,-4.45,-1325.65,40.4,-12.45,0,False
38847,2023-11-17 09:55:00,LONG,19843.0,19848.9,27.44,1.274,38851,2023-11-17 10:15:00,19821.46,stop,-27.44,-2819.93,12.1,-48.85,0,False
38894,2023-11-17 13:50:00,SHORT,19810.75,19810.5,12.63,1.02,38897,2023-11-17 14:05:00,19823.13,stop,-12.63,-1857.28,17.15,-24.25,5,True
38915,2023-11-20 09:20:00,SHORT,19790.15,19774.95,32.31,1.888,38928,2023-11-20 10:25:00,19807.26,stop,-32.31,-3135.68,19.95,-35.0,2,True
38937,2023-11-20 11:10:00,SHORT,19750.05,19729.05,38.9,2.173,38960,2023-11-20 13:05:00,19767.95,stop,-38.9,-3563.53,11.05,-48.2,0,False
38994,2023-11-21 09:40:00,LONG,19837.0,19844.4,22.38,1.494,38996,2023-11-21 09:50:00,19822.02,stop,-22.38,-2490.94,0.0,-23.1,10,True
39024,2023-11-21 12:10:00,LONG,19846.3,19861.25,23.84,2.683,39035,2023-11-21 13:05:00,19837.41,stop,-23.84,-2585.85,36.75,-29.15,1,True
39070,2023-11-22 09:45:00,LONG,19859.85,19863.0,15.02,1.265,39092,2023-11-22 11:35:00,19847.98,stop,-15.02,-2012.85,18.0,-17.9,2,True
39095,2023-11-22 11:50:00,SHORT,19832.4,19830.1,14.42,1.19,39101,2023-11-22 12:20:00,19801.27,target,28.83,837.88,47.4,-6.9,5,True
39133,2023-11-22 15:00:00,LONG,19880.0,19883.15,18.8,1.201,39138,2023-11-22 15:25:00,19890.95,eod,7.8,-530.4,8.85,-8.05,11,True
39151,2023-11-23 10:15:00,SHORT,19869.0,19867.95,19.11,1.058,39213,2023-11-23 15:25:00,19875.5,eod,-7.55,-1527.8,29.4,-15.8,0,False
39218,2023-11-24 09:35:00,SHORT,19851.5,19850.35,11.98,1.106,39221,2023-11-24 09:50:00,19826.39,target,23.96,520.52,33.35,-2.05,4,True
39252,2023-11-24 12:25:00,SHORT,19845.7,19844.15,9.99,1.184,39260,2023-11-24 13:05:00,19824.18,target,19.97,261.74,30.45,-1.7,5,True
39323,2023-11-28 12:05:00,LONG,19861.2,19862.55,9.37,1.168,39334,2023-11-28 13:00:00,19853.18,stop,-9.37,-1646.03,7.45,-10.15,0,False
39349,2023-11-28 14:15:00,LONG,19870.0,19879.45,16.79,2.287,39350,2023-11-28 14:20:00,19913.04,target,33.59,1145.36,38.55,-3.45,2,True
39351,2023-11-28 14:25:00,LONG,19921.6,19928.0,16.63,1.626,39356,2023-11-28 14:50:00,19911.37,stop,-16.63,-2118.85,20.3,-22.7,0,False
39410,2023-11-29 13:05:00,LONG,20071.85,20072.0,8.7,1.018,39412,2023-11-29 13:15:00,20063.3,stop,-8.7,-1605.7,2.05,-8.9,1,True
39445,2023-11-30 09:45:00,SHORT,20108.3,20095.0,28.46,1.877,39447,2023-11-30 09:55:00,20038.07,target,56.93,2659.61,72.95,-6.1,1,True
39559,2023-12-01 13:00:00,LONG,20394.6,20395.0,10.88,1.038,39560,2023-12-01 13:05:00,20384.12,stop,-10.88,-1753.31,1.25,-11.9,0,False
39691,2023-12-05 11:30:00,SHORT,20860.6,20842.0,41.91,1.798,39701,2023-12-05 12:20:00,20883.91,stop,-41.91,-3778.18,26.45,-41.95,0,False
39706,2023-12-05 12:45:00,LONG,20890.4,20895.55,26.79,1.238,39738,2023-12-05 15:25:00,20949.12,target,53.57,2426.8,59.4,-17.45,1,True
39785,2023-12-06 13:05:00,SHORT,20977.6,20974.0,21.38,1.202,39790,2023-12-06 13:30:00,20995.38,stop,-21.38,-2445.93,32.75,-24.0,5,True
39799,2023-12-06 14:15:00,LONG,21035.85,21036.55,19.07,1.038,39801,2023-12-06 14:25:00,21017.48,stop,-19.07,-2296.42,12.4,-20.9,0,False
39804,2023-12-06 14:40:00,LONG,21044.05,21044.55,17.85,1.029,39808,2023-12-06 15:00:00,21026.7,stop,-17.85,-2216.9,9.45,-22.95,5,True
39887,2023-12-07 15:20:00,LONG,21033.0,21034.9,11.36,1.201,39888,2023-12-07 15:25:00,21035.65,eod,0.75,-1008.25,5.5,-2.95,10,True
39890,2023-12-08 09:20:00,LONG,21054.0,21071.1,28.85,2.456,39910,2023-12-08 11:00:00,21042.25,stop,-28.85,-2932.2,35.45,-45.1,1,True
39931,2023-12-08 12:45:00,SHORT,21009.25,21002.0,22.32,1.481,39942,2023-12-08 13:40:00,20957.36,target,44.64,1845.07,51.95,-18.0,4,True
39977,2023-12-11 10:20:00,LONG,21109.75,21116.65,28.67,1.317,39980,2023-12-11 10:35:00,21087.98,stop,-28.67,-2921.66,1.35,-38.5,0,False
40022,2023-12-11 14:05:00,LONG,21087.6,21088.25,14.11,1.048,40036,2023-12-11 15:15:00,21074.14,stop,-14.11,-1974.67,17.9,-24.5,1,True
40082,2023-12-12 12:50:00,SHORT,21062.95,21061.0,13.52,1.168,40083,2023-12-12 12:55:00,21074.52,stop,-13.52,-1936.49,11.0,-13.9,5,True
40101,2023-12-12 14:25:00,SHORT,21047.6,21040.5,21.31,1.5,40106,2023-12-12 14:50:00,20997.89,target,42.61,1712.91,49.5,-14.5,9,True
40127,2023-12-13 10:20:00,SHORT,20944.5,20939.7,27.09,1.215,40135,2023-12-13 11:00:00,20966.79,stop,-27.09,-2816.14,8.1,-45.3,0,False
40141,2023-12-13 11:30:00,SHORT,20931.6,20920.2,30.83,1.587,40158,2023-12-13 12:55:00,20951.03,stop,-30.83,-3059.0,20.1,-48.75,0,False
40166,2023-12-13 13:35:00,LONG,20985.0,20989.0,21.36,1.23,40179,2023-12-13 14:40:00,20967.64,stop,-21.36,-2444.39,31.0,-31.5,1,True
40218,2023-12-14 11:40:00,LONG,21259.0,21262.8,18.95,1.251,40238,2023-12-14 13:20:00,21300.7,target,37.9,1401.84,45.4,-18.35,1,True
40262,2023-12-14 15:20:00,LONG,21328.85,21344.05,27.86,2.2,40263,2023-12-14 15:25:00,21353.0,eod,8.95,-480.66,10.9,-0.05,1,True
40315,2023-12-15 13:30:00,LONG,21433.95,21441.1,20.61,1.531,40331,2023-12-15 14:50:00,21482.32,target,41.22,1614.92,68.6,-11.05,3,True
40377,2023-12-18 12:25:00,SHORT,21481.4,21479.05,20.8,1.127,40381,2023-12-18 12:45:00,21499.85,stop,-20.8,-2416.79,1.65,-25.95,0,False
40411,2023-12-18 15:15:00,SHORT,21477.15,21476.1,17.8,1.063,40413,2023-12-18 15:25:00,21462.3,eod,13.8,-167.5,17.8,-3.1,0,False
40416,2023-12-19 09:25:00,LONG,21503.0,21505.3,20.21,1.128,40418,2023-12-19 09:35:00,21485.09,stop,-20.21,-2378.27,4.15,-35.3,2,True
40423,2023-12-19 10:00:00,SHORT,21430.05,21426.8,22.86,1.166,40426,2023-12-19 10:15:00,21449.66,stop,-22.86,-2549.55,11.8,-23.15,0,False
40451,2023-12-19 12:20:00,LONG,21543.35,21548.55,21.67,1.316,40478,2023-12-19 14:35:00,21591.89,target,43.34,1750.91,46.15,-14.95,7,True
40480,2023-12-19 14:45:00,SHORT,21564.85,21557.45,22.02,1.506,40487,2023-12-19 15:20:00,21513.41,target,44.04,1797.05,45.45,-11.0,0,False
40535,2023-12-20 13:05:00,SHORT,21576.55,21569.1,26.91,1.383,40539,2023-12-20 13:25:00,21515.28,target,53.82,2432.33,99.2,-4.9,0,False
40653,2023-12-22 10:25:00,LONG,21417.6,21427.25,37.05,1.352,40678,2023-12-22 12:30:00,21390.2,stop,-37.05,-3471.59,46.7,-64.7,0,False
40723,2023-12-26 10:00:00,LONG,21459.3,21462.0,32.02,1.092,40731,2023-12-26 10:40:00,21526.04,target,64.04,3097.2,69.9,-18.0,1,True
40752,2023-12-26 12:25:00,SHORT,21495.7,21493.85,20.25,1.101,40759,2023-12-26 13:00:00,21453.36,target,40.49,1567.12,53.85,-13.8,0,False
40773,2023-12-26 14:10:00,SHORT,21468.05,21463.8,24.35,1.211,40774,2023-12-26 14:15:00,21488.15,stop,-24.35,-2647.12,6.45,-33.1,0,False
40822,2023-12-27 12:00:00,LONG,21600.0,21602.95,16.71,1.214,40825,2023-12-27 12:15:00,21586.24,stop,-16.71,-2152.38,16.95,-22.9,1,True
40853,2023-12-27 14:35:00,LONG,21590.0,21610.0,37.91,2.116,40859,2023-12-27 15:05:00,21685.83,target,75.83,3860.95,94.3,-5.0,2,True
40921,2023-12-28 14:00:00,LONG,21767.95,21773.65,21.17,1.369,40924,2023-12-28 14:15:00,21752.48,stop,-21.17,-2445.18,4.35,-26.65,0,False
40964,2023-12-29 11:20:00,LONG,21908.95,21909.0,20.59,1.002,40979,2023-12-29 12:35:00,21888.41,stop,-20.59,-2410.32,25.75,-24.0,1,True
40998,2023-12-29 14:10:00,SHORT,21872.55,21856.1,34.07,1.934,41003,2023-12-29 14:35:00,21890.17,stop,-34.07,-3285.54,22.7,-40.5,0,False
41068,2024-01-01 13:45:00,LONG,21896.5,21896.9,12.56,1.033,41070,2024-01-01 13:55:00,21922.01,target,25.11,560.18,26.4,-5.1,3,True
41071,2024-01-01 14:00:00,LONG,21934.75,21944.95,24.95,1.691,41079,2024-01-01 14:40:00,21994.85,target,49.9,2170.44,59.0,-5.3,0,False
41087,2024-01-01 15:20:00,SHORT,21855.0,21841.75,39.45,1.506,41088,2024-01-01 15:25:00,21830.0,eod,11.75,-307.01,15.45,0.0,0,False
41097,2024-01-02 09:55:00,SHORT,21811.7,21763.95,76.49,2.661,41163,2024-01-02 15:25:00,21752.9,eod,11.05,-351.18,89.95,-60.25,0,False
41168,2024-01-03 09:35:00,SHORT,21687.1,21675.2,37.41,1.466,41234,2024-01-03 15:05:00,21600.37,target,74.83,3796.01,85.2,-28.9,1,True
41240,2024-01-04 09:20:00,LONG,21677.5,21688.0,32.84,1.47,41262,2024-01-04 11:10:00,21753.67,target,65.67,3199.7,67.25,-5.2,6,True
41276,2024-01-04 12:20:00,LONG,21760.0,21774.05,24.95,2.289,41301,2024-01-04 14:25:00,21749.1,stop,-24.95,-2690.88,11.45,-32.6,3,True
41302,2024-01-04 14:30:00,SHORT,21750.5,21749.1,11.81,1.135,41307,2024-01-04 14:55:00,21760.91,stop,-11.81,-1836.63,3.6,-11.9,1,True
41333,2024-01-05 10:50:00,SHORT,21740.55,21736.2,20.12,1.276,41335,2024-01-05 11:00:00,21756.32,stop,-20.12,-2376.72,5.1,-24.1,0,False
41371,2024-01-05 14:00:00,SHORT,21730.6,21730.05,16.39,1.035,41374,2024-01-05 14:15:00,21697.28,target,32.77,1061.3,45.65,-9.8,2,True
41381,2024-01-05 14:50:00,LONG,21778.0,21787.0,30.74,1.414,41388,2024-01-05 15:25:00,21788.0,eod,1.0,-1004.87,31.0,-19.75,0,False
41411,2024-01-08 11:05:00,SHORT,21685.0,21667.5,44.86,1.64,41460,2024-01-08 15:10:00,21577.77,target,89.73,4764.57,98.7,-37.5,0,False
41494,2024-01-09 11:45:00,LONG,21790.0,21791.5,19.32,1.084,41498,2024-01-09 12:05:00,21772.18,stop,-19.32,-2325.68,1.5,-26.05,0,False
41516,2024-01-09 13:35:00,SHORT,21775.0,21773.45,15.52,1.111,41522,2024-01-09 14:05:00,21742.42,target,31.03,947.51,42.8,-7.15,3,True
41580,2024-01-10 12:40:00,SHORT,21558.05,21557.9,19.93,1.008,41581,2024-01-10 12:45:00,21577.83,stop,-19.93,-2361.63,29.95,-30.5,4,True
41599,2024-01-10 14:15:00,LONG,21610.0,21620.2,33.07,1.446,41601,2024-01-10 14:25:00,21587.13,stop,-33.07,-3216.1,7.8,-45.1,5,True
41603,2024-01-10 14:35:00,LONG,21631.9,21637.2,30.73,1.208,41608,2024-01-10 15:00:00,21698.66,target,61.46,2926.64,97.75,-11.2,2,True
41645,2024-01-11 11:50:00,LONG,21697.5,21698.3,16.19,1.052,41650,2024-01-11 12:15:00,21682.11,stop,-16.19,-2120.25,4.95,-16.65,2,True
41654,2024-01-11 12:35:00,LONG,21703.25,21710.0,20.47,1.492,41666,2024-01-11 13:35:00,21689.53,stop,-20.47,-2399.07,13.6,-26.1,3,True
41672,2024-01-11 14:05:00,SHORT,21681.65,21675.0,20.14,1.493,41674,2024-01-11 14:15:00,21634.72,target,40.28,1550.16,48.0,0.0,0,False
41696,2024-01-12 09:50:00,LONG,21785.15,21792.85,27.43,1.39,41699,2024-01-12 10:05:00,21847.72,target,54.87,2495.76,67.15,-6.85,2,True
41732,2024-01-12 12:50:00,LONG,21894.0,21898.4,19.4,1.293,41742,2024-01-12 13:40:00,21937.2,target,38.8,1449.57,58.6,-7.3,0,False
41818,2024-01-15 13:45:00,SHORT,22066.5,22064.4,16.79,1.143,41819,2024-01-15 13:50:00,22081.19,stop,-16.79,-2166.26,4.35,-25.6,0,False
41820,2024-01-15 13:55:00,LONG,22096.0,22099.0,18.71,1.191,41832,2024-01-15 14:55:00,22136.41,target,37.41,1356.1,43.3,-17.5,4,False
41868,2024-01-16 11:40:00,SHORT,22105.6,22095.0,28.24,1.601,41885,2024-01-16 13:05:00,22038.51,target,56.49,2596.79,63.2,-24.0,0,False
41966,2024-01-17 13:35:00,SHORT,21652.0,21648.7,26.67,1.141,41967,2024-01-17 13:40:00,21675.37,stop,-26.67,-2800.81,0.9,-33.3,1,True
42051,2024-01-18 14:25:00,SHORT,21460.5,21460.0,22.29,1.023,42053,2024-01-18 14:35:00,21482.29,stop,-22.29,-2513.16,13.4,-37.6,8,False
42054,2024-01-18 14:40:00,LONG,21492.95,21517.7,49.08,2.017,42063,2024-01-18 15:25:00,21548.1,eod,30.4,910.31,31.6,-24.6,1,False
42078,2024-01-19 10:25:00,LONG,21693.5,21699.0,32.45,1.204,42082,2024-01-19 10:45:00,21666.55,stop,-32.45,-3177.0,8.5,-36.2,1,True
42174,2024-01-20 12:10:00,SHORT,21682.25,21679.1,17.49,1.22,42179,2024-01-20 12:35:00,21644.12,target,34.98,1205.68,52.85,-6.05,1,True
42204,2024-01-20 14:40:00,SHORT,21640.0,21624.1,34.28,1.865,42213,2024-01-20 15:25:00,21620.3,eod,3.8,-820.06,57.4,-30.4,1,True
42241,2024-01-23 11:30:00,SHORT,21539.0,21535.55,35.49,1.108,42244,2024-01-23 11:45:00,21464.56,target,70.99,3548.96,77.55,-6.3,0,False
42245,2024-01-23 11:50:00,SHORT,21455.05,21448.45,39.78,1.199,42258,2024-01-23 12:55:00,21368.88,target,79.57,4107.91,92.45,-21.55,3,True
42269,2024-01-23 13:50:00,SHORT,21329.0,21325.75,32.62,1.111,42275,2024-01-23 14:20:00,21260.5,target,65.25,3179.32,74.3,-8.15,1,True
42297,2024-01-24 09:55:00,LONG,21369.95,21399.55,73.49,1.674,42315,2024-01-24 11:25:00,21326.06,stop,-73.49,-5838.7,43.7,-87.5,2,True
42328,2024-01-24 12:30:00,SHORT,21241.95,21238.05,47.53,1.089,42332,2024-01-24 12:50:00,21285.58,stop,-47.53,-4149.8,18.05,-71.05,1,True
42346,2024-01-24 14:00:00,LONG,21367.2,21369.25,40.77,1.053,42354,2024-01-24 14:40:00,21450.79,target,81.54,4236.05,110.3,-26.1,1,True
42377,2024-01-25 10:20:00,SHORT,21302.55,21290.75,50.25,1.307,42392,2024-01-25 11:35:00,21341.0,stop,-50.25,-4327.95,47.7,-75.75,0,False
42408,2024-01-25 12:55:00,SHORT,21276.6,21265.1,41.29,1.386,42433,2024-01-25 15:00:00,21306.39,stop,-41.29,-3745.19,10.0,-44.9,7,True
42434,2024-01-25 15:05:00,LONG,21320.65,21325.05,25.52,1.208,42438,2024-01-25 15:25:00,21351.0,eod,25.95,624.42,28.95,-3.95,0,False
42447,2024-01-29 09:55:00,LONG,21708.5,21746.0,73.91,2.03,42513,2024-01-29 15:25:00,21878.35,eod,132.35,7531.69,139.0,-34.75,0,False
42532,2024-01-30 10:45:00,SHORT,21816.35,21816.2,31.92,1.005,42546,2024-01-30 11:55:00,21848.12,stop,-31.92,-3145.42,46.2,-32.8,1,True
42572,2024-01-30 14:05:00,SHORT,21770.0,21756.9,36.42,1.562,42577,2024-01-30 14:30:00,21684.06,target,72.84,3665.6,78.65,-29.7,7,True
42579,2024-01-30 14:40:00,SHORT,21672.95,21669.8,31.56,1.111,42588,2024-01-30 15:25:00,21625.05,eod,44.75,1841.02,62.8,-19.2,2,True
42622,2024-01-31 12:00:00,LONG,21818.1,21823.55,29.17,1.23,42625,2024-01-31 12:15:00,21794.38,stop,-29.17,-2966.21,11.15,-33.55,6,True
42658,2024-01-31 15:00:00,LONG,21804.4,21817.95,36.86,1.581,42663,2024-01-31 15:25:00,21787.0,eod,-30.95,-3081.69,22.05,-32.95,4,True
42672,2024-02-01 09:55:00,LONG,21826.0,21835.0,38.26,1.308,42685,2024-02-01 11:00:00,21911.51,target,76.51,3901.59,85.0,-22.5,21,True
42715,2024-02-01 13:30:00,SHORT,21771.9,21762.85,40.74,1.286,42738,2024-02-01 15:25:00,21741.05,eod,21.8,347.62,36.85,-40.45,3,True
42760,2024-02-02 11:00:00,LONG,22062.15,22070.1,30.38,1.354,42763,2024-02-02 11:15:00,22130.86,target,60.76,2874.14,69.6,-12.1,1,True
42804,2024-02-02 14:40:00,LONG,22019.3,22020.65,31.91,1.044,42806,2024-02-02 14:50:00,21988.74,stop,-31.91,-3147.45,8.35,-50.45,1,True
42842,2024-02-05 11:35:00,LONG,21986.85,22005.0,45.83,1.656,42873,2024-02-05 14:10:00,21959.17,stop,-45.83,-4051.82,27.65,-65.0,4,True
42876,2024-02-05 14:25:00,SHORT,21959.8,21956.4,27.67,1.14,42877,2024-02-05 14:30:00,21901.06,target,55.34,2524.7,55.4,-8.15,4,True
42878,2024-02-05 14:35:00,SHORT,21898.95,21857.25,71.5,2.399,42888,2024-02-05 15:25:00,21789.0,eod,68.25,3365.38,92.25,-7.45,1,True
42892,2024-02-06 09:30:00,LONG,21854.95,21868.8,51.16,1.371,42924,2024-02-06 12:10:00,21971.12,target,102.32,5577.95,106.2,-38.6,1,True
42946,2024-02-06 14:00:00,LONG,21993.0,22000.0,28.87,1.32,42948,2024-02-06 14:10:00,21971.13,stop,-28.87,-2949.91,5.0,-38.7,7,True
42953,2024-02-06 14:35:00,LONG,22002.85,22007.0,26.23,1.188,42955,2024-02-06 14:45:00,21980.77,stop,-26.23,-2778.28,2.35,-42.0,2,False
42956,2024-02-06 14:50:00,SHORT,21961.3,21951.0,33.22,1.449,42959,2024-02-06 15:05:00,21984.22,stop,-33.22,-3231.75,5.95,-38.9,1,True
42985,2024-02-07 11:00:00,SHORT,22019.25,22011.55,33.25,1.301,42991,2024-02-07 11:30:00,21945.06,target,66.49,3248.47,70.1,-8.45,4,True
42992,2024-02-07 11:35:00,SHORT,21936.5,21928.8,34.91,1.283,43003,2024-02-07 12:30:00,21963.71,stop,-34.91,-3341.42,26.45,-36.55,3,True
43016,2024-02-07 13:35:00,LONG,21965.35,21974.0,31.88,1.372,43025,2024-02-07 14:20:00,22037.75,target,63.75,3069.87,64.7,-28.1,1,True
43059,2024-02-08 10:55:00,SHORT,21920.0,21915.0,39.71,1.144,43060,2024-02-08 11:00:00,21835.57,target,79.43,4090.91,99.3,0.0,4,True
43094,2024-02-08 13:50:00,SHORT,21861.5,21858.45,23.84,1.147,43102,2024-02-08 14:30:00,21810.77,target,47.68,2028.37,55.45,-15.05,1,True
43107,2024-02-08 14:55:00,SHORT,21785.15,21780.0,29.49,1.212,43109,2024-02-08 15:05:00,21809.48,stop,-29.49,-2986.34,12.0,-50.0,2,True
43153,2024-02-09 12:30:00,LONG,21818.3,21818.75,28.02,1.016,43158,2024-02-09 12:55:00,21790.73,stop,-28.02,-2891.57,9.75,-31.6,0,False
43202,2024-02-12 10:20:00,SHORT,21760.0,21750.0,40.49,1.328,43212,2024-02-12 11:10:00,21790.49,stop,-40.49,-3701.46,24.7,-47.0,0,False
43222,2024-02-12 12:00:00,SHORT,21740.0,21722.7,42.74,1.68,43248,2024-02-12 14:10:00,21765.44,stop,-42.74,-3847.04,60.7,-56.3,1,True
43266,2024-02-13 09:25:00,SHORT,21670.05,21662.6,41.81,1.217,43268,2024-02-13 09:35:00,21704.41,stop,-41.81,-3785.41,35.6,-48.4,1,True
43272,2024-02-13 09:55:00,LONG,21742.5,21750.85,46.67,1.218,43299,2024-02-13 12:10:00,21704.18,stop,-46.67,-4102.08,76.15,-48.85,0,False
43334,2024-02-13 15:05:00,LONG,21827.0,21829.0,25.88,1.084,43338,2024-02-13 15:25:00,21816.75,eod,-12.25,-1866.65,15.05,-22.5,1,True
43402,2024-02-14 14:30:00,LONG,21844.05,21865.0,50.62,1.706,43413,2024-02-14 15:25:00,21923.05,eod,58.05,2701.22,85.3,-6.6,0,False
43422,2024-02-15 09:55:00,SHORT,21864.6,21860.35,40.94,1.116,43424,2024-02-15 10:05:00,21901.29,stop,-40.94,-3732.16,13.85,-64.65,0,False
43453,2024-02-15 12:30:00,SHORT,21901.2,21899.95,25.07,1.052,43456,2024-02-15 12:45:00,21925.02,stop,-25.07,-2701.09,3.35,-26.55,0,False
43464,2024-02-15 13:25:00,LONG,21941.95,21942.9,20.88,1.048,43466,2024-02-15 13:35:00,21984.65,target,41.75,1640.7,53.95,-5.5,2,True
43517,2024-02-16 11:35:00,SHORT,22087.55,22083.0,21.49,1.269,43522,2024-02-16 12:00:00,22104.49,stop,-21.49,-2472.0,14.1,-25.8,2,True
43533,2024-02-16 12:55:00,LONG,22119.55,22122.1,16.64,1.181,43538,2024-02-16 13:20:00,22105.46,stop,-16.64,-2156.88,3.9,-22.1,2,True
43553,2024-02-16 14:35:00,LONG,22126.0,22132.0,21.6,1.385,43558,2024-02-16 15:00:00,22110.4,stop,-21.6,-2479.71,7.95,-21.9,0,False
43571,2024-02-19 09:50:00,SHORT,22077.4,22067.6,30.44,1.475,43574,2024-02-19 10:05:00,22098.04,stop,-30.44,-3053.4,12.6,-43.7,0,False
43611,2024-02-19 13:10:00,LONG,22230.0,22235.0,21.41,1.305,43614,2024-02-19 13:25:00,22213.59,stop,-21.41,-2468.57,7.0,-34.9,7,True
43625,2024-02-19 14:20:00,LONG,22242.0,22257.0,30.88,1.945,43630,2024-02-19 14:45:00,22226.12,stop,-30.88,-3084.65,2.95,-49.0,0,False
43632,2024-02-19 14:55:00,SHORT,22198.0,22195.3,20.83,1.149,43634,2024-02-19 15:05:00,22153.64,target,41.66,1631.31,53.3,-18.6,0,False
43686,2024-02-20 13:10:00,SHORT,22181.95,22170.0,30.15,1.656,43689,2024-02-20 13:25:00,22200.15,stop,-30.15,-3036.47,9.9,-30.8,2,True
43696,2024-02-20 14:00:00,SHORT,22135.3,22107.0,49.92,2.309,43699,2024-02-20 14:15:00,22156.92,stop,-49.92,-4320.42,10.95,-62.3,0,False
43709,2024-02-20 15:05:00,LONG,22205.3,22211.4,29.78,1.258,43713,2024-02-20 15:25:00,22231.95,eod,20.55,258.34,22.6,-1.4,4,True
43743,2024-02-21 11:40:00,LONG,22235.0,22238.0,23.56,1.146,43768,2024-02-21 13:45:00,22214.44,stop,-23.56,-2608.87,32.2,-47.45,1,True
43778,2024-02-21 14:35:00,SHORT,22096.05,22063.5,62.06,2.103,43788,2024-02-21 15:25:00,22039.0,eod,24.5,517.98,40.4,-54.8,3,True
43792,2024-02-22 09:30:00,SHORT,22023.1,22021.9,36.09,1.034,43794,2024-02-22 09:40:00,22057.99,stop,-36.09,-3420.0,4.9,-92.1,0,False
43818,2024-02-22 11:40:00,LONG,22009.0,22015.55,35.45,1.227,43843,2024-02-22 13:45:00,22086.44,target,70.89,3533.14,87.45,-27.4,0,False
43844,2024-02-22 13:50:00,LONG,22114.0,22117.0,26.84,1.126,43846,2024-02-22 14:00:00,22170.68,target,53.68,2413.07,54.0,-12.65,0,False
43907,2024-02-23 12:50:00,LONG,22297.9,22298.45,18.3,1.031,43910,2024-02-23 13:05:00,22280.15,stop,-18.3,-2267.94,1.55,-24.95,2,True
43933,2024-02-23 15:00:00,SHORT,22234.5,22232.75,22.95,1.083,43938,2024-02-23 15:25:00,22221.0,eod,11.75,-313.7,24.8,-20.2,3,False
43959,2024-02-26 10:55:00,SHORT,22132.35,22121.8,34.11,1.448,43961,2024-02-26 11:05:00,22155.91,stop,-34.11,-3293.03,5.05,-36.2,0,False
43970,2024-02-26 11:50:00,SHORT,22112.2,22107.15,25.15,1.251,43977,2024-02-26 12:25:00,22132.3,stop,-25.15,-2710.07,18.55,-27.15,0,False
43986,2024-02-26 13:10:00,LONG,22159.4,22167.0,26.86,1.395,44005,2024-02-26 14:45:00,22140.14,stop,-26.86,-2821.85,38.9,-31.0,1,True
44025,2024-02-27 10:10:00,SHORT,22119.4,22107.0,36.94,1.505,44034,2024-02-27 10:55:00,22143.94,stop,-36.94,-3476.54,11.8,-37.85,1,True
44040,2024-02-27 11:25:00,LONG,22159.75,22161.9,21.97,1.108,44046,2024-02-27 11:55:00,22139.93,stop,-21.97,-2503.98,12.6,-22.8,2,True
44067,2024-02-27 13:40:00,SHORT,22185.6,22170.0,35.52,1.783,44083,2024-02-27 15:00:00,22205.52,stop,-35.52,-3385.53,35.0,-52.4,1,True
44107,2024-02-28 10:45:00,SHORT,22172.45,22167.05,25.1,1.274,44108,2024-02-28 10:50:00,22116.84,target,50.21,2187.21,76.55,-2.3,2,True
44109,2024-02-28 10:55:00,SHORT,22098.0,22057.7,66.5,2.538,44135,2024-02-28 13:05:00,21924.71,target,132.99,7570.53,154.0,-18.5,7,True
44175,2024-02-29 10:10:00,SHORT,21886.3,21861.4,67.92,1.579,44187,2024-02-29 11:10:00,21929.32,stop,-67.92,-5485.98,17.6,-123.45,0,False
44211,2024-02-29 13:10:00,LONG,21973.9,21979.9,36.13,1.199,44223,2024-02-29 14:10:00,21943.77,stop,-36.13,-3421.25,21.8,-38.3,0,False
44284,2024-03-01 13:00:00,LONG,22419.0,22420.0,20.22,1.052,44286,2024-03-01 13:10:00,22399.78,stop,-20.22,-2394.37,6.2,-39.75,0,False
44297,2024-03-01 14:05:00,LONG,22427.1,22430.0,20.25,1.167,44313,2024-03-01 15:25:00,22448.3,eod,18.3,108.38,23.0,-10.0,4,True
44329,2024-03-02 12:00:00,LONG,22494.9,22495.15,13.66,1.019,44335,2024-03-02 12:30:00,22507.0,eod,11.85,-311.89,14.85,-2.1,1,True
44342,2024-03-04 09:45:00,SHORT,22475.25,22475.0,17.8,1.014,44345,2024-03-04 10:00:00,22492.8,stop,-17.8,-2238.96,8.5,-35.4,3,True
44379,2024-03-04 12:50:00,SHORT,22485.0,22479.3,22.84,1.332,44382,2024-03-04 13:05:00,22502.14,stop,-22.84,-2566.56,4.3,-26.7,2,False
44391,2024-03-04 13:50:00,SHORT,22495.0,22488.4,21.83,1.433,44395,2024-03-04 14:10:00,22510.23,stop,-21.83,-2500.99,13.4,-31.6,1,False
44433,2024-03-05 11:05:00,SHORT,22379.35,22377.7,19.97,1.09,44439,2024-03-05 11:35:00,22397.67,stop,-19.97,-2377.94,25.7,-20.8,4,True
44481,2024-03-05 15:05:00,SHORT,22425.0,22424.55,22.07,1.021,44485,2024-03-05 15:25:00,22438.05,eod,-13.5,-1958.3,1.55,-15.65,0,False
44494,2024-03-06 09:55:00,SHORT,22381.0,22379.25,29.38,1.063,44496,2024-03-06 10:05:00,22408.63,stop,-29.38,-2989.87,28.5,-32.25,0,False
44514,2024-03-06 11:35:00,SHORT,22350.75,22334.9,44.07,1.562,44526,2024-03-06 12:35:00,22378.97,stop,-44.07,-3944.19,12.9,-59.45,0,False
44533,2024-03-06 13:10:00,LONG,22398.0,22400.0,23.47,1.093,44537,2024-03-06 13:30:00,22376.53,stop,-23.47,-2605.5,4.95,-24.0,0,False
44538,2024-03-06 13:35:00,LONG,22404.0,22412.5,29.55,1.404,44541,2024-03-06 13:50:00,22471.6,target,59.1,2759.91,93.9,0.0,5,True
44542,2024-03-06 13:55:00,LONG,22495.0,22502.5,32.56,1.299,44549,2024-03-06 14:30:00,22567.62,target,65.12,3149.6,72.2,-10.65,1,True
44578,2024-03-07 10:40:00,SHORT,22542.65,22538.15,24.86,1.221,44582,2024-03-07 11:00:00,22563.01,stop,-24.86,-2698.91,11.85,-76.65,0,False
44645,2024-03-11 10:00:00,SHORT,22526.3,22525.0,17.84,1.079,44662,2024-03-11 11:25:00,22489.32,target,35.68,1236.7,40.6,-15.5,0,False
44716,2024-03-12 09:40:00,LONG,22507.45,22509.0,26.74,1.062,44728,2024-03-12 10:40:00,22482.26,stop,-26.74,-2819.62,28.9,-43.8,1,True
44768,2024-03-12 14:00:00,LONG,22491.7,22493.0,19.09,1.073,44770,2024-03-12 14:10:00,22473.91,stop,-19.09,-2322.78,7.0,-28.0,7,True
44774,2024-03-12 14:30:00,SHORT,22432.3,22430.95,21.81,1.066,44777,2024-03-12 14:45:00,22452.76,stop,-21.81,-2498.43,5.65,-25.05,0,False
44795,2024-03-13 10:00:00,SHORT,22392.5,22385.0,32.46,1.3,44797,2024-03-13 10:10:00,22417.46,stop,-32.46,-3190.15,9.05,-47.8,2,True
44807,2024-03-13 11:00:00,SHORT,22376.0,22355.45,45.63,1.819,44813,2024-03-13 11:30:00,22264.19,target,91.26,4852.7,100.45,-11.9,5,True
44841,2024-03-13 13:50:00,SHORT,22158.4,22138.0,51.06,1.665,44851,2024-03-13 14:40:00,22035.87,target,102.13,5562.57,113.0,-29.8,2,True
44870,2024-03-14 10:00:00,LONG,22153.0,22163.0,47.08,1.27,44888,2024-03-14 11:30:00,22257.15,target,94.15,5042.29,105.55,-45.8,1,True
44898,2024-03-14 12:20:00,LONG,22307.75,22313.4,29.7,1.235,44901,2024-03-14 12:35:00,22283.7,stop,-29.7,-3008.67,16.2,-34.45,2,True
44902,2024-03-14 12:40:00,SHORT,22279.25,22260.0,44.78,1.754,44935,2024-03-14 15:25:00,22250.0,eod,10.0,-427.92,51.0,-34.5,1,False
44958,2024-03-15 11:05:00,SHORT,22038.5,22016.0,51.19,1.784,44966,2024-03-15 11:45:00,22067.19,stop,-51.19,-4401.16,4.75,-52.9,6,False
44978,2024-03-15 12:45:00,LONG,22034.9,22057.0,44.57,1.983,45005,2024-03-15 15:00:00,22146.15,target,89.15,4718.98,91.8,-5.85,2,True
45014,2024-03-18 09:30:00,SHORT,22056.4,22052.95,36.38,1.105,45019,2024-03-18 09:55:00,22089.33,stop,-36.38,-3439.49,31.55,-54.5,0,False
45047,2024-03-18 12:15:00,LONG,22123.95,22140.0,43.8,1.578,45085,2024-03-18 15:25:00,22132.0,eod,-8.0,-1595.78,79.3,-27.65,2,True
45087,2024-03-19 09:20:00,SHORT,22044.0,22022.0,48.84,1.82,45099,2024-03-19 10:20:00,21924.32,target,97.68,5275.34,100.0,-28.0,2,True
45115,2024-03-19 11:40:00,SHORT,21904.0,21890.55,38.14,1.545,45124,2024-03-19 12:25:00,21928.69,stop,-38.14,-3550.97,0.55,-54.05,1,True
45143,2024-03-19 14:00:00,SHORT,21925.0,21900.9,44.57,2.177,45160,2024-03-19 15:25:00,21883.6,eod,17.3,52.74,32.6,-23.1,1,True
45162,2024-03-20 09:20:00,LONG,21952.0,21957.0,27.26,1.225,45163,2024-03-20 09:25:00,21929.74,stop,-27.26,-2844.35,3.0,-39.6,5,True
45172,2024-03-20 10:10:00,SHORT,21868.3,21850.65,45.79,1.627,45190,2024-03-20 11:40:00,21896.44,stop,-45.79,-4047.43,51.65,-85.65,2,True
45208,2024-03-20 13:10:00,LONG,21960.0,21971.05,33.7,1.488,45212,2024-03-20 13:30:00,21937.35,stop,-33.7,-3262.77,17.75,-36.9,10,True
45224,2024-03-20 14:30:00,SHORT,21902.65,21890.9,35.71,1.49,45235,2024-03-20 15:25:00,21917.0,eod,-26.1,-2768.2,8.35,-33.0,2,True
45338,2024-03-22 11:30:00,LONG,22149.0,22158.0,33.48,1.368,45371,2024-03-22 14:15:00,22224.96,target,66.96,3275.44,77.0,-32.55,2,True
45389,2024-03-26 09:30:00,SHORT,22101.45,22096.8,32.73,1.166,45401,2024-03-26 10:30:00,22129.53,stop,-32.73,-3202.71,36.8,-37.2,3,True
45424,2024-03-26 12:25:00,LONG,22124.0,22124.8,18.53,1.045,45440,2024-03-26 13:45:00,22106.27,stop,-18.53,-2280.05,25.2,-28.75,5,False
45452,2024-03-26 14:45:00,SHORT,22081.95,22078.9,20.84,1.171,45455,2024-03-26 15:00:00,22099.74,stop,-20.84,-2429.19,4.2,-22.45,1,True
45463,2024-03-27 09:25:00,LONG,22125.45,22135.0,29.17,1.487,45470,2024-03-27 10:00:00,22193.33,target,58.33,2715.1,60.4,-5.8,0,False
45494,2024-03-27 12:00:00,SHORT,22181.0,22172.7,23.01,1.564,45514,2024-03-27 13:40:00,22195.71,stop,-23.01,-2572.09,10.1,-23.75,5,True
45515,2024-03-27 13:45:00,LONG,22202.65,22205.0,13.86,1.204,45516,2024-03-27 13:50:00,22191.14,stop,-13.86,-1977.98,0.0,-18.0,0,False
45530,2024-03-27 15:00:00,SHORT,22162.6,22160.0,14.47,1.219,45533,2024-03-27 15:15:00,22174.47,stop,-14.47,-2016.55,24.0,-28.9,2,True
45537,2024-03-28 09:20:00,LONG,22210.0,22225.45,31.17,1.983,45542,2024-03-28 09:45:00,22287.78,target,62.33,2973.26,102.4,-3.45,3,True
45552,2024-03-28 10:35:00,LONG,22353.75,22389.3,60.57,2.421,45596,2024-03-28 14:15:00,22510.44,target,121.14,6792.16,135.6,-54.3,0,False
45657,2024-04-01 13:05:00,SHORT,22579.9,22573.95,22.24,1.365,45661,2024-04-01 13:25:00,22596.19,stop,-22.24,-2528.87,3.85,-26.05,1,True
45683,2024-04-01 15:15:00,LONG,22604.4,22608.0,18.3,1.245,45685,2024-04-01 15:25:00,22610.0,eod,2.0,-953.93,3.5,-8.0,1,True
45705,2024-04-02 10:50:00,SHORT,22532.05,22531.0,19.24,1.058,45708,2024-04-02 11:05:00,22550.24,stop,-19.24,-2332.99,23.9,-26.3,3,True
45726,2024-04-02 12:35:00,LONG,22558.95,22562.0,16.87,1.221,45730,2024-04-02 12:55:00,22545.13,stop,-16.87,-2179.57,3.8,-16.9,3,True
45734,2024-04-02 13:15:00,SHORT,22540.0,22531.45,22.01,1.635,45737,2024-04-02 13:30:00,22553.46,stop,-22.01,-2513.12,1.4,-31.2,5,True
45753,2024-04-02 14:50:00,LONG,22562.05,22575.0,24.69,2.103,45760,2024-04-02 15:25:00,22577.85,eod,2.85,-898.13,9.75,-7.85,17,True
45802,2024-04-03 12:40:00,LONG,22599.0,22608.95,24.44,1.687,45817,2024-04-03 13:55:00,22584.51,stop,-24.44,-2672.11,21.65,-34.1,0,False
45877,2024-04-04 12:40:00,LONG,22547.0,22568.0,48.86,1.754,45887,2024-04-04 13:30:00,22665.71,target,97.71,5266.56,101.0,-12.4,1,True
45901,2024-04-04 14:40:00,LONG,22648.85,22649.0,23.25,1.006,45903,2024-04-04 14:50:00,22625.75,stop,-23.25,-2595.54,1.0,-31.0,0,False
45956,2024-04-05 13:00:00,SHORT,22563.55,22560.65,17.62,1.197,45968,2024-04-05 14:00:00,22578.27,stop,-17.62,-2228.13,10.65,-34.35,2,True
46014,2024-04-08 11:35:00,LONG,22707.75,22710.7,17.52,1.202,46027,2024-04-08 12:40:00,22745.74,target,35.04,1191.37,37.2,-3.35,8,True
46109,2024-04-09 13:15:00,SHORT,22751.0,22750.15,18.13,1.049,46111,2024-04-09 13:25:00,22768.28,stop,-18.13,-2264.98,7.75,-21.8,0,False
46183,2024-04-10 13:10:00,LONG,22781.85,22786.3,14.74,1.432,46199,2024-04-10 14:30:00,22815.79,target,29.49,829.36,32.45,-4.2,4,True
46216,2024-04-12 09:40:00,SHORT,22722.5,22704.65,37.34,1.916,46235,2024-04-12 11:15:00,22742.0,stop,-37.34,-3513.08,23.15,-44.2,1,True
46247,2024-04-12 12:15:00,SHORT,22738.0,22691.5,64.06,3.648,46285,2024-04-12 15:25:00,22605.95,eod,85.55,4475.65,101.5,-12.0,1,False
46305,2024-04-15 10:50:00,LONG,22485.8,22498.35,40.48,1.449,46310,2024-04-15 11:15:00,22457.6,stop_gap,-40.75,-3730.19,19.2,-45.9,1,True
46323,2024-04-15 12:20:00,LONG,22482.9,22488.2,25.05,1.268,46326,2024-04-15 12:35:00,22463.15,stop,-25.05,-2710.06,0.0,-37.75,2,True
46328,2024-04-15 12:45:00,SHORT,22450.0,22444.75,24.13,1.278,46331,2024-04-15 13:00:00,22396.5,target,48.25,2055.52,51.95,-2.4,4,True
46352,2024-04-15 14:45:00,SHORT,22364.85,22359.0,24.97,1.306,46360,2024-04-15 15:25:00,22357.35,eod,1.65,-972.39,16.45,-21.0,0,False
46392,2024-04-16 11:50:00,SHORT,22217.0,22208.6,25.33,1.496,46402,2024-04-16 12:40:00,22157.94,target,50.66,2215.68,51.6,-3.4,3,True
46486,2024-04-18 13:25:00,SHORT,22280.05,22183.7,125.14,4.347,46510,2024-04-18 15:25:00,22082.8,eod,100.9,5482.13,156.15,-91.3,0,False
46605,2024-04-22 10:50:00,LONG,22245.0,22247.0,28.34,1.076,46618,2024-04-22 11:55:00,22303.68,target,56.68,2605.35,59.95,-3.6,1,True
46630,2024-04-22 12:55:00,SHORT,22260.15,22258.5,19.25,1.094,46640,2024-04-22 13:45:00,22277.75,stop,-19.25,-2329.5,26.8,-28.6,1,True
46650,2024-04-22 14:35:00,LONG,22292.0,22292.65,17.84,1.038,46652,2024-04-22 14:45:00,22328.32,target,35.67,1239.57,37.2,-2.4,5,False
46656,2024-04-22 15:05:00,LONG,22330.0,22334.45,21.46,1.262,46660,2024-04-22 15:25:00,22377.37,target,42.92,1710.19,64.55,-5.95,4,True
46721,2024-04-23 14:15:00,LONG,22410.0,22411.5,18.49,1.088,46723,2024-04-23 14:25:00,22393.01,stop,-18.49,-2282.38,5.5,-21.5,0,False
46731,2024-04-23 15:05:00,SHORT,22381.55,22372.0,27.47,1.533,46735,2024-04-23 15:25:00,22354.9,eod,17.1,31.68,25.0,-10.0,5,True
46742,2024-04-24 09:45:00,LONG,22419.1,22433.0,32.39,1.752,46799,2024-04-24 14:30:00,22400.61,stop,-32.39,-3186.04,55.0,-50.3,7,True
46822,2024-04-25 10:10:00,LONG,22464.9,22473.7,31.76,1.383,46829,2024-04-25 10:45:00,22441.94,stop,-31.76,-3145.78,21.3,-45.8,0,False
46928,2024-04-26 12:45:00,SHORT,22612.0,22607.75,21.57,1.245,46929,2024-04-26 12:50:00,22629.32,stop,-21.57,-2485.94,3.75,-26.25,5,True
46946,2024-04-26 14:15:00,LONG,22574.95,22586.5,31.35,1.583,46948,2024-04-26 14:25:00,22555.15,stop,-31.35,-3120.72,0.3,-36.2,1,True
46956,2024-04-26 15:05:00,SHORT,22550.3,22546.0,24.18,1.216,46958,2024-04-26 15:15:00,22570.18,stop,-24.18,-2654.79,9.75,-32.0,1,True
46975,2024-04-29 10:25:00,LONG,22644.0,22656.95,35.58,1.572,47011,2024-04-29 13:25:00,22728.11,target,71.16,3539.35,75.05,-21.95,6,True
47022,2024-04-29 14:20:00,LONG,22738.5,22744.45,20.51,1.409,47024,2024-04-29 14:30:00,22723.94,stop,-20.51,-2419.27,0.55,-22.4,1,True
47030,2024-04-29 15:00:00,LONG,22747.0,22752.0,20.53,1.322,47035,2024-04-29 15:25:00,22745.15,eod,-6.85,-1531.52,12.8,-16.95,2,True
47070,2024-04-30 12:05:00,LONG,22820.0,22821.0,17.33,1.061,47077,2024-04-30 12:40:00,22803.67,stop,-17.33,-2213.71,14.0,-19.0,5,True
47082,2024-04-30 13:05:00,SHORT,22811.25,22804.2,21.26,1.496,47090,2024-04-30 13:45:00,22825.46,stop,-21.26,-2468.97,16.2,-28.8,4,True
47102,2024-04-30 14:45:00,SHORT,22785.65,22783.9,19.52,1.099,47105,2024-04-30 15:00:00,22744.87,target,39.03,1450.33,72.3,-0.2,1,True
47107,2024-04-30 15:10:00,SHORT,22719.65,22718.2,22.65,1.068,47110,2024-04-30 15:25:00,22705.0,eod,13.2,-227.75,19.2,-0.8,4,True
47116,2024-05-02 09:40:00,LONG,22740.1,22743.1,26.81,1.126,47118,2024-05-02 09:50:00,22716.29,stop,-26.81,-2828.78,14.9,-35.4,0,False
47138,2024-05-02 11:30:00,LONG,22780.5,22790.05,32.24,1.421,47153,2024-05-02 12:45:00,22757.81,stop,-32.24,-3181.92,6.75,-38.05,0,False
47196,2024-05-03 10:05:00,SHORT,22861.7,22831.45,50.79,2.473,47207,2024-05-03 11:00:00,22729.87,target,101.58,5515.38,116.45,-2.0,1,True
47211,2024-05-03 11:20:00,SHORT,22680.1,22679.8,25.75,1.012,47214,2024-05-03 11:35:00,22628.3,target,51.5,2262.25,59.8,-8.95,0,False
47238,2024-05-03 13:35:00,SHORT,22522.95,22489.15,64.22,2.111,47246,2024-05-03 14:15:00,22553.37,stop,-64.22,-5256.54,19.15,-65.85,0,False
47263,2024-05-06 09:25:00,LONG,22668.65,22674.45,36.6,1.188,47265,2024-05-06 09:35:00,22637.85,stop,-36.6,-3463.34,11.95,-101.95,0,False
47271,2024-05-06 10:05:00,SHORT,22544.2,22542.0,37.68,1.062,47274,2024-05-06 10:20:00,22579.68,stop,-37.68,-3531.94,3.35,-43.35,3,True
47277,2024-05-06 10:35:00,LONG,22598.55,22605.85,40.15,1.222,47287,2024-05-06 11:25:00,22565.7,stop,-40.15,-3693.32,42.15,-44.0,2,True
47324,2024-05-06 14:30:00,SHORT,22530.25,22517.15,36.78,1.553,47327,2024-05-06 14:45:00,22553.93,stop,-36.78,-3472.87,6.0,-75.85,1,True
47345,2024-05-07 10:00:00,SHORT,22505.0,22474.35,56.35,2.192,47362,2024-05-07 11:25:00,22361.64,target,112.71,6244.62,124.35,-25.65,1,True
47388,2024-05-07 13:35:00,LONG,22394.0,22402.0,34.22,1.305,47397,2024-05-07 14:20:00,22367.78,stop,-34.22,-3304.31,15.5,-48.9,2,True
47421,2024-05-08 10:05:00,LONG,22371.85,22394.45,54.27,1.714,47424,2024-05-08 10:20:00,22340.18,stop,-54.27,-4607.06,8.5,-73.35,1,True
47426,2024-05-08 10:30:00,SHORT,22312.65,22308.9,36.9,1.113,47431,2024-05-08 10:55:00,22345.8,stop,-36.9,-3477.16,7.75,-40.1,1,True
47441,2024-05-08 11:45:00,LONG,22417.5,22422.35,33.34,1.17,47460,2024-05-08 13:20:00,22489.04,target,66.69,3253.01,67.55,-22.35,3,True
47499,2024-05-09 10:20:00,SHORT,22288.15,22261.0,57.2,1.903,47530,2024-05-09 12:55:00,22146.59,target,114.41,6358.98,127.6,-33.65,0,False
47550,2024-05-09 14:35:00,SHORT,22121.0,22115.8,30.27,1.207,47559,2024-05-09 15:20:00,22055.26,target,60.54,2859.83,64.25,-26.2,0,False
47568,2024-05-10 09:50:00,LONG,22179.05,22194.25,44.8,1.514,47579,2024-05-10 10:45:00,22149.45,stop,-44.8,-3988.13,35.75,-49.45,0,False
47603,2024-05-10 12:45:00,SHORT,22106.4,22106.25,23.27,1.006,47609,2024-05-10 13:15:00,22059.71,target,46.54,1949.67,48.5,-3.75,5,True
47616,2024-05-10 13:50:00,LONG,22132.0,22136.85,28.8,1.203,47619,2024-05-10 14:05:00,22108.05,stop,-28.8,-2947.44,12.9,-30.85,0,False
47658,2024-05-13 11:05:00,LONG,21976.25,22007.95,61.84,2.052,47677,2024-05-13 12:40:00,22131.63,target,123.68,6964.08,126.05,-19.55,1,True
47691,2024-05-13 13:50:00,LONG,22134.0,22175.0,76.79,2.146,47710,2024-05-13 15:25:00,22224.3,eod,49.3,2127.3,50.0,-12.5,0,False
47744,2024-05-14 12:00:00,LONG,22274.9,22278.2,26.23,1.144,47747,2024-05-14 12:15:00,22251.97,stop,-26.23,-2782.87,1.7,-35.75,0,False
47791,2024-05-15 09:40:00,LONG,22350.7,22365.0,35.51,1.674,47794,2024-05-15 09:55:00,22329.49,stop,-35.51,-3387.69,9.15,-53.15,0,False
47795,2024-05-15 10:00:00,SHORT,22282.95,22280.2,27.54,1.111,47798,2024-05-15 10:15:00,22225.11,target,55.09,2502.71,57.0,-9.7,0,False
47838,2024-05-15 13:35:00,SHORT,22246.9,22238.0,31.87,1.387,47845,2024-05-15 14:10:00,22269.87,stop,-31.87,-3149.15,13.0,-52.0,4,True
47853,2024-05-15 14:50:00,LONG,22287.75,22292.0,26.55,1.191,47856,2024-05-15 15:05:00,22265.45,stop,-26.55,-2803.8,25.85,-27.65,4,True
47874,2024-05-16 10:20:00,SHORT,22326.45,22290.05,64.24,2.308,47896,2024-05-16 12:10:00,22354.29,stop,-64.24,-5254.03,85.15,-89.95,2,True
47909,2024-05-16 13:15:00,SHORT,22210.0,22198.05,47.05,1.34,47924,2024-05-16 14:30:00,22245.1,stop,-47.05,-4135.08,43.1,-68.6,4,True
47987,2024-05-17 13:30:00,LONG,22534.4,22544.0,30.34,1.463,47988,2024-05-17 13:35:00,22513.66,stop,-30.34,-3054.21,0.0,-31.9,0,False
48005,2024-05-17 15:00:00,SHORT,22483.0,22480.85,19.32,1.125,48007,2024-05-17 15:10:00,22500.17,stop,-19.32,-2337.27,11.25,-28.75,0,False
48073,2024-05-21 12:35:00,LONG,22630.55,22633.85,19.52,1.203,48078,2024-05-21 13:00:00,22672.9,target,39.05,1453.12,43.05,-8.8,0,False
48113,2024-05-22 09:40:00,SHORT,22591.0,22570.05,43.19,1.942,48116,2024-05-22 09:55:00,22613.24,stop,-43.19,-3890.41,20.85,-62.2,0,False
48144,2024-05-22 12:15:00,LONG,22644.0,22648.55,22.37,1.255,48146,2024-05-22 12:25:00,22626.18,stop,-22.37,-2538.32,1.7,-30.55,2,True
48159,2024-05-22 13:30:00,LONG,22650.85,22651.35,15.49,1.033,48160,2024-05-22 13:35:00,22635.86,stop,-15.49,-2090.95,3.0,-15.7,5,True
48164,2024-05-22 13:55:00,LONG,22653.5,22654.8,15.94,1.089,48166,2024-05-22 14:05:00,22638.86,stop,-15.94,-2120.72,27.45,-19.25,5,True
48176,2024-05-22 14:55:00,SHORT,22633.35,22625.65,24.73,1.452,48178,2024-05-22 15:05:00,22650.38,stop,-24.73,-2692.03,5.65,-44.25,0,False
48186,2024-05-23 09:30:00,LONG,22682.95,22683.2,20.34,1.012,48188,2024-05-23 09:40:00,22723.89,target,40.69,1558.97,58.2,0.0,0,False
48238,2024-05-23 13:50:00,LONG,22894.9,22897.0,24.92,1.092,48243,2024-05-23 14:15:00,22946.83,target,49.83,2149.62,65.0,-7.3,3,True
48342,2024-05-27 10:00:00,SHORT,23007.75,23002.65,30.01,1.205,48343,2024-05-27 10:05:00,23032.66,stop,-30.01,-3041.53,3.85,-31.35,1,True
48350,2024-05-27 10:40:00,LONG,23052.0,23053.0,23.72,1.044,48364,2024-05-27 11:50:00,23100.45,target,47.45,1992.05,72.0,-18.0,6,True
48397,2024-05-27 14:35:00,SHORT,23130.0,23121.6,24.4,1.525,48399,2024-05-27 14:45:00,23072.81,target,48.79,2079.11,66.25,-3.15,3,True
48401,2024-05-27 14:55:00,SHORT,22984.7,22975.4,35.18,1.359,48402,2024-05-27 15:00:00,23010.58,stop,-35.18,-3377.15,54.4,-56.1,1,True
48434,2024-05-28 11:25:00,SHORT,22992.15,22983.6,28.19,1.435,48448,2024-05-28 12:35:00,22927.23,target,56.37,2573.89,68.35,-15.4,1,True
48459,2024-05-28 13:30:00,SHORT,22963.1,22962.05,22.44,1.049,48461,2024-05-28 13:40:00,22984.49,stop,-22.44,-2548.59,5.65,-32.95,0,False
48525,2024-05-29 12:45:00,LONG,22789.55,22846.7,79.48,3.559,48541,2024-05-29 14:05:00,22767.22,stop,-79.48,-6252.95,5.3,-91.15,0,False
48548,2024-05-29 14:40:00,SHORT,22752.0,22745.15,30.46,1.29,48557,2024-05-29 15:25:00,22731.0,eod,14.15,-166.46,19.55,-29.0,0,False
48620,2024-05-30 14:25:00,SHORT,22530.0,22512.15,37.65,1.902,48626,2024-05-30 14:55:00,22436.85,target,75.3,3812.13,98.0,-5.55,3,True
48670,2024-05-31 12:20:00,SHORT,22626.0,22624.05,23.65,1.09,48676,2024-05-31 12:50:00,22647.7,stop,-23.65,-2621.17,14.05,-49.45,3,True
48682,2024-05-31 13:20:00,LONG,22685.0,22689.8,24.65,1.242,48684,2024-05-31 13:30:00,22665.15,stop,-24.65,-2687.26,5.2,-26.85,1,True
48724,2024-06-03 10:35:00,SHORT,23279.8,23274.45,59.38,1.099,48740,2024-06-03 11:55:00,23333.83,stop,-59.38,-4955.31,29.1,-74.55,0,False
48760,2024-06-03 13:35:00,SHORT,23346.0,23342.3,24.91,1.174,48762,2024-06-03 13:45:00,23367.21,stop,-24.91,-2715.62,47.4,-26.55,1,False
48764,2024-06-03 13:55:00,LONG,23377.6,23379.9,25.61,1.099,48771,2024-06-03 14:30:00,23354.29,stop,-25.61,-2761.45,19.1,-37.8,0,False
48779,2024-06-03 15:10:00,LONG,23399.0,23404.0,28.85,1.21,48782,2024-06-03 15:25:00,23449.0,eod,45.0,1826.83,46.0,-0.35,0,False
48785,2024-06-04 09:25:00,SHORT,22616.2,22607.5,98.81,1.097,48786,2024-06-04 09:30:00,22706.3,stop,-98.81,-7506.49,113.65,-172.5,1,True
48837,2024-06-04 13:45:00,LONG,22192.1,22215.0,193.96,1.134,48841,2024-06-04 14:05:00,22021.04,stop,-193.96,-13681.87,84.5,-228.65,0,False
48845,2024-06-04 14:25:00,SHORT,21981.3,21959.95,167.18,1.146,48846,2024-06-04 14:30:00,22127.13,stop,-167.18,-11940.03,0.15,-194.45,3,True
48851,2024-06-04 14:55:00,SHORT,21912.35,21831.0,221.59,1.58,48857,2024-06-04 15:25:00,21969.0,eod,-138.0,-10040.98,94.35,-187.05,0,False
48876,2024-06-05 10:45:00,LONG,22154.4,22183.0,119.59,1.314,48884,2024-06-05 11:25:00,22422.18,target,239.18,14466.4,290.85,-13.4,2,True
48910,2024-06-05 13:35:00,LONG,22456.85,22468.3,66.2,1.209,48923,2024-06-05 14:40:00,22600.71,target,132.41,7522.98,161.65,-37.3,1,True
48979,2024-06-06 13:05:00,SHORT,22734.15,22732.55,53.01,1.031,48981,2024-06-06 13:15:00,22785.56,stop,-53.01,-4531.64,4.55,-98.55,0,False
48995,2024-06-06 14:25:00,SHORT,22811.15,22798.05,60.41,1.277,49002,2024-06-06 15:00:00,22858.46,stop,-60.41,-5014.02,48.05,-96.85,2,True
49016,2024-06-07 09:55:00,LONG,22977.0,23005.45,69.92,1.686,49036,2024-06-07 11:35:00,23145.29,target,139.84,7996.65,154.5,-59.9,3,True
49091,2024-06-10 09:55:00,SHORT,23263.45,23260.0,47.3,1.079,49093,2024-06-10 10:05:00,23307.3,stop,-47.3,-4169.46,29.9,-50.0,3,True
49117,2024-06-10 12:05:00,SHORT,23325.5,23315.0,39.37,1.364,49136,2024-06-10 13:40:00,23354.37,stop,-39.37,-3655.42,22.75,-50.0,2,True
49139,2024-06-10 13:55:00,LONG,23375.0,23378.0,25.54,1.133,49143,2024-06-10 14:15:00,23352.46,stop,-25.54,-2756.94,11.75,-26.9,3,True
49145,2024-06-10 14:25:00,SHORT,23319.25,23257.2,89.33,3.275,49157,2024-06-10 15:25:00,23231.1,eod,26.1,601.56,34.2,-47.15,0,False
49167,2024-06-11 10:00:00,LONG,23309.45,23314.9,36.08,1.178,49202,2024-06-11 12:55:00,23387.06,target,72.16,3593.29,81.2,-4.9,1,True
49227,2024-06-11 15:00:00,SHORT,23340.0,23325.0,39.01,1.625,49232,2024-06-11 15:25:00,23306.0,eod,19.0,138.88,37.6,-14.45,1,True
49238,2024-06-12 09:40:00,LONG,23378.0,23386.85,32.67,1.372,49250,2024-06-12 10:40:00,23452.19,target,65.34,3148.83,73.35,-5.75,1,True
49288,2024-06-12 13:50:00,SHORT,23390.0,23383.75,25.64,1.322,49307,2024-06-12 15:25:00,23357.0,eod,26.75,641.65,46.25,-24.55,1,True
49326,2024-06-13 10:45:00,SHORT,23388.0,23387.85,22.21,1.007,49338,2024-06-13 11:45:00,23410.06,stop,-22.21,-2541.26,15.8,-28.5,0,False
49339,2024-06-13 11:50:00,LONG,23428.75,23429.2,18.92,1.024,49342,2024-06-13 12:05:00,23410.28,stop,-18.92,-2327.39,0.8,-24.6,0,False
49362,2024-06-13 13:45:00,SHORT,23400.1,23399.0,14.76,1.081,49364,2024-06-13 13:55:00,23413.76,stop,-14.76,-2056.63,3.2,-16.2,0,False
49384,2024-06-14 09:20:00,SHORT,23376.95,23374.3,19.89,1.154,49389,2024-06-14 09:45:00,23394.19,stop,-19.89,-2389.91,22.3,-22.65,0,False
49392,2024-06-14 10:00:00,LONG,23432.85,23437.6,24.5,1.24,49439,2024-06-14 13:55:00,23413.1,stop,-24.5,-2690.46,33.95,-25.7,1,True
49450,2024-06-14 14:50:00,LONG,23463.15,23465.7,15.64,1.195,49455,2024-06-14 15:15:00,23450.06,stop,-15.64,-2115.12,24.15,-19.75,3,True
49494,2024-06-18 12:15:00,SHORT,23562.05,23558.4,17.88,1.256,49512,2024-06-18 13:45:00,23576.28,stop,-17.88,-2262.57,16.1,-19.55,1,True
49518,2024-06-18 14:15:00,SHORT,23562.1,23556.6,16.19,1.515,49531,2024-06-18 15:20:00,23572.79,stop,-16.19,-2152.21,5.3,-19.2,1,True
49544,2024-06-19 10:10:00,SHORT,23540.85,23536.5,25.44,1.206,49546,2024-06-19 10:20:00,23485.61,target,50.89,2208.18,63.8,-3.5,0,False
49579,2024-06-19 13:05:00,SHORT,23526.7,23525.95,23.0,1.034,49580,2024-06-19 13:10:00,23548.95,stop,-23.0,-2594.71,0.9,-23.95,1,True
49590,2024-06-19 14:00:00,LONG,23548.0,23550.5,25.46,1.109,49596,2024-06-19 14:30:00,23601.43,target,50.93,2209.56,92.7,-12.35,1,True
49602,2024-06-19 15:00:00,SHORT,23508.45,23506.05,35.15,1.073,49607,2024-06-19 15:25:00,23497.95,eod,8.1,-572.74,27.05,-12.95,0,False
49637,2024-06-20 11:40:00,LONG,23554.05,23560.0,29.15,1.256,49657,2024-06-20 13:20:00,23618.29,target,58.29,2688.07,64.75,-25.9,4,True
49701,2024-06-21 10:45:00,SHORT,23534.1,23533.3,23.62,1.035,49710,2024-06-21 11:30:00,23556.92,stop,-23.62,-2634.93,6.6,-30.1,0,False
49723,2024-06-21 12:35:00,SHORT,23521.2,23497.15,43.89,2.212,49739,2024-06-21 13:55:00,23541.04,stop,-43.89,-3951.78,61.15,-52.55,0,False
49745,2024-06-21 14:25:00,SHORT,23460.3,23450.0,41.75,1.327,49750,2024-06-21 14:50:00,23491.75,stop,-41.75,-3812.32,34.75,-61.3,0,False
49796,2024-06-24 12:25:00,LONG,23544.15,23547.05,29.91,1.107,49800,2024-06-24 12:45:00,23517.14,stop,-29.91,-3043.72,18.3,-32.05,12,True
49824,2024-06-24 14:45:00,SHORT,23507.1,23507.05,22.51,1.002,49826,2024-06-24 14:55:00,23529.56,stop,-22.51,-2562.19,2.0,-22.7,2,True
49839,2024-06-25 09:45:00,LONG,23595.0,23619.2,45.94,2.113,49842,2024-06-25 10:00:00,23573.26,stop,-45.94,-4086.94,2.95,-49.15,2,True
49871,2024-06-25 12:25:00,LONG,23622.15,23632.5,26.65,1.635,49880,2024-06-25 13:10:00,23685.81,target,53.31,2362.79,61.6,-0.05,5,True
49891,2024-06-25 14:05:00,LONG,23710.0,23715.0,23.92,1.264,49895,2024-06-25 14:25:00,23691.08,stop,-23.92,-2657.3,20.0,-28.85,1,True
49927,2024-06-26 10:50:00,LONG,23747.85,23749.0,21.93,1.055,49929,2024-06-26 11:00:00,23792.85,target,43.85,1746.22,48.75,-4.0,0,False
49965,2024-06-26 14:00:00,LONG,23870.0,23873.9,22.5,1.21,49978,2024-06-26 15:05:00,23851.4,stop,-22.5,-2567.43,32.9,-23.9,5,True
49985,2024-06-27 09:25:00,SHORT,23820.0,23806.0,35.28,1.658,49987,2024-06-27 09:35:00,23841.28,stop,-35.28,-3397.89,11.6,-60.85,1,True
50045,2024-06-27 14:25:00,SHORT,23946.0,23944.9,27.74,1.041,50049,2024-06-27 14:45:00,23972.64,stop,-27.74,-2909.84,33.4,-79.0,9,True
50114,2024-06-28 13:55:00,LONG,24177.0,24186.0,31.48,1.4,50121,2024-06-28 14:30:00,24154.52,stop,-31.48,-3156.73,43.9,-36.05,3,True
50127,2024-06-28 15:00:00,SHORT,24140.25,24138.2,28.36,1.078,50132,2024-06-28 15:25:00,24132.0,eod,6.2,-707.06,30.1,-12.65,1,True
50171,2024-07-01 12:25:00,LONG,24199.95,24200.4,17.88,1.026,50172,2024-07-01 12:30:00,24182.52,stop,-17.88,-2272.78,2.6,-19.15,1,True
50185,2024-07-01 13:35:00,LONG,24208.0,24221.65,29.57,1.857,50202,2024-07-01 15:00:00,24192.08,stop,-29.57,-3033.22,3.55,-31.65,7,True
50212,2024-07-02 09:35:00,SHORT,24195.2,24183.15,31.62,1.616,50218,2024-07-02 10:05:00,24214.77,stop,-31.62,-3166.23,33.15,-34.85,5,False
50271,2024-07-02 14:30:00,LONG,24199.0,24207.95,29.38,1.438,50282,2024-07-02 15:25:00,24210.0,eod,2.05,-978.05,20.05,-17.4,2,True
50307,2024-07-03 11:15:00,SHORT,24333.0,24327.3,24.09,1.31,50322,2024-07-03 12:30:00,24351.39,stop,-24.09,-2679.36,34.35,-31.7,7,True
50411,2024-07-04 13:40:00,SHORT,24382.2,24378.85,14.6,1.298,50417,2024-07-04 14:10:00,24393.45,stop,-14.6,-2063.48,19.6,-15.9,3,True
50455,2024-07-05 11:05:00,SHORT,24308.0,24305.0,21.79,1.16,50459,2024-07-05 11:25:00,24326.79,stop,-21.79,-2529.52,8.0,-23.85,0,False
50460,2024-07-05 11:30:00,LONG,24330.0,24339.0,26.73,1.508,50492,2024-07-05 14:10:00,24312.27,stop,-26.73,-2850.71,28.9,-31.0,2,False
50499,2024-07-05 14:45:00,SHORT,24285.85,24284.0,16.08,1.13,50502,2024-07-05 15:00:00,24300.08,stop,-16.08,-2157.5,9.0,-71.4,0,False
50503,2024-07-05 15:05:00,LONG,24367.9,24385.0,37.01,1.859,50507,2024-07-05 15:25:00,24389.9,eod,4.9,-795.87,33.85,-9.0,0,False
50531,2024-07-08 11:10:00,SHORT,24320.0,24315.0,28.08,1.217,50535,2024-07-08 11:30:00,24343.08,stop,-28.08,-2938.2,7.95,-30.0,0,False
50552,2024-07-08 12:55:00,LONG,24345.0,24350.0,23.63,1.268,50559,2024-07-08 13:30:00,24326.37,stop,-23.63,-2649.43,16.0,-27.75,5,True
50572,2024-07-08 14:35:00,LONG,24366.0,24366.7,16.21,1.045,50573,2024-07-08 14:40:00,24350.49,stop,-16.21,-2167.45,1.3,-16.45,1,True
50620,2024-07-09 12:20:00,LONG,24449.05,24450.6,14.0,1.125,50629,2024-07-09 13:05:00,24478.59,target,27.99,703.56,33.4,-11.55,14,True
50666,2024-07-10 09:55:00,SHORT,24433.2,24430.15,19.49,1.185,50669,2024-07-10 10:10:00,24391.16,target,38.99,1419.15,40.05,-9.45,2,True
50674,2024-07-10 10:35:00,SHORT,24286.85,24245.0,68.8,2.553,50689,2024-07-10 11:50:00,24313.8,stop,-68.8,-5584.33,32.3,-91.0,0,False
50721,2024-07-10 14:30:00,LONG,24305.0,24325.5,41.77,1.964,50732,2024-07-10 15:25:00,24342.9,eod,17.4,17.47,44.5,-2.65,0,False
50744,2024-07-11 10:10:00,SHORT,24339.65,24329.95,34.35,1.393,50766,2024-07-11 12:00:00,24261.24,target,68.71,3352.86,88.9,-1.85,0,False
50773,2024-07-11 12:35:00,LONG,24322.0,24322.05,21.26,1.002,50790,2024-07-11 14:00:00,24364.57,target,42.52,1649.77,45.95,-5.9,4,True
50800,2024-07-11 14:50:00,LONG,24359.9,24364.4,21.1,1.271,50807,2024-07-11 15:25:00,24406.59,target,42.19,1628.01,48.05,-15.1,0,False
50899,2024-07-15 10:35:00,LONG,24593.7,24595.05,20.8,1.069,50915,2024-07-15 11:55:00,24574.25,stop,-20.8,-2469.36,37.95,-30.95,4,True
50929,2024-07-15 13:05:00,LONG,24618.45,24621.0,16.39,1.184,50957,2024-07-15 15:25:00,24622.0,eod,1.0,-1053.35,18.9,-15.9,7,True
50961,2024-07-16 09:30:00,LONG,24637.95,24639.15,14.77,1.088,50973,2024-07-16 10:30:00,24668.7,target,29.55,801.56,31.25,-14.05,1,True
51007,2024-07-16 13:20:00,SHORT,24664.15,24656.75,18.74,1.653,51021,2024-07-16 14:30:00,24619.27,target,37.48,1317.04,41.75,-3.05,1,True
51034,2024-07-18 09:20:00,SHORT,24590.0,24565.3,44.82,2.228,51039,2024-07-18 09:45:00,24610.12,stop,-44.82,-4030.89,22.6,-104.3,4,True
51051,2024-07-18 10:45:00,SHORT,24651.1,24641.0,34.69,1.411,51056,2024-07-18 11:10:00,24571.63,target,69.37,3390.62,88.9,-7.75,2,True
51080,2024-07-18 13:10:00,LONG,24676.6,24721.9,72.16,2.687,51107,2024-07-18 15:25:00,24808.0,eod,86.1,4475.2,115.9,-13.35,12,True
51118,2024-07-19 10:05:00,SHORT,24716.85,24716.1,26.17,1.03,51128,2024-07-19 10:55:00,24663.77,target,52.33,2281.87,55.0,-17.75,1,True
51138,2024-07-19 11:45:00,SHORT,24631.0,24624.0,29.77,1.307,51142,2024-07-19 12:05:00,24653.77,stop,-29.77,-3053.75,12.0,-40.8,1,True
51177,2024-07-19 15:00:00,SHORT,24527.35,24515.0,37.49,1.491,51182,2024-07-19 15:25:00,24529.15,eod,-14.15,-2036.31,11.0,-27.25,1,True
51193,2024-07-22 10:05:00,LONG,24542.25,24546.5,37.21,1.129,51221,2024-07-22 12:25:00,24509.29,stop,-37.21,-3535.13,60.45,-59.25,0,False
51263,2024-07-23 09:40:00,SHORT,24484.0,24482.65,24.67,1.058,51269,2024-07-23 10:10:00,24433.32,target,49.33,2090.87,54.65,-22.35,0,False
51280,2024-07-23 11:05:00,LONG,24526.35,24541.55,45.99,1.494,51282,2024-07-23 11:15:00,24495.56,stop,-45.99,-4105.58,10.5,-153.85,3,True
51425,2024-07-25 10:40:00,LONG,24300.0,24312.0,44.33,1.371,51465,2024-07-25 14:00:00,24400.65,target,88.65,4648.06,108.0,-29.0,2,True
51515,2024-07-26 11:55:00,LONG,24715.0,24717.1,19.74,1.119,51522,2024-07-26 12:30:00,24756.57,target,39.47,1445.3,51.3,-12.15,1,True
51569,2024-07-29 10:10:00,SHORT,24945.6,24928.0,46.18,1.616,51572,2024-07-29 10:25:00,24974.18,stop,-46.18,-4125.54,6.2,-47.0,4,True
51578,2024-07-29 10:55:00,LONG,24977.6,25009.85,58.81,2.214,51594,2024-07-29 12:15:00,24951.04,stop,-58.81,-4946.48,65.15,-134.65,0,False
51617,2024-07-29 14:10:00,SHORT,24889.8,24871.4,45.82,1.671,51621,2024-07-29 14:30:00,24917.22,stop,-45.82,-4101.02,33.45,-55.15,4,True
51636,2024-07-30 09:30:00,LONG,24935.0,24935.6,30.51,1.02,51639,2024-07-30 09:45:00,24905.09,stop,-30.51,-3106.57,13.2,-48.6,0,False
51697,2024-07-30 14:35:00,LONG,25006.65,25008.0,19.52,1.074,51700,2024-07-30 14:50:00,24988.48,stop,-19.52,-2393.55,7.6,-25.7,2,True
51746,2024-07-31 12:25:00,LONG,24993.35,24995.55,19.18,1.13,51747,2024-07-31 12:30:00,24976.37,stop,-19.18,-2370.88,0.45,-29.0,6,True
51750,2024-07-31 12:45:00,LONG,24997.7,24999.9,19.58,1.127,51751,2024-07-31 12:50:00,24980.32,stop,-19.58,-2397.5,3.1,-24.9,2,False
51770,2024-07-31 14:25:00,LONG,25015.6,25018.0,19.41,1.141,51773,2024-07-31 14:40:00,24998.59,stop,-19.41,-2386.62,11.0,-23.0,1,True
51845,2024-08-01 14:25:00,SHORT,25004.1,25003.0,14.01,1.085,51848,2024-08-01 14:40:00,25017.01,stop,-14.01,-2035.25,16.8,-26.1,3,False
51891,2024-08-02 12:00:00,SHORT,24820.2,24817.65,23.92,1.119,51899,2024-08-02 12:40:00,24769.81,target,47.84,1987.73,53.7,-7.25,1,False
51921,2024-08-02 14:30:00,SHORT,24770.0,24758.9,29.75,1.595,51927,2024-08-02 15:00:00,24699.4,target,59.5,2746.77,88.9,-7.6,0,False
51969,2024-08-05 12:15:00,LONG,24074.0,24084.25,60.23,1.205,51972,2024-08-05 12:30:00,24024.02,stop,-60.23,-5023.47,3.75,-103.1,1,True
51973,2024-08-05 12:35:00,SHORT,24003.85,23974.55,77.4,1.609,51980,2024-08-05 13:10:00,24051.95,stop,-77.4,-6138.22,24.55,-93.45,1,True
51984,2024-08-05 13:30:00,LONG,24098.0,24105.0,51.55,1.157,51995,2024-08-05 14:25:00,24053.45,stop,-51.55,-4459.8,72.0,-63.0,1,True
52046,2024-08-06 12:25:00,SHORT,24244.05,24217.05,57.42,1.888,52061,2024-08-06 13:40:00,24102.21,target,114.84,6353.68,121.9,-22.95,1,True
52067,2024-08-06 14:10:00,SHORT,24072.0,24065.0,42.97,1.195,52070,2024-08-06 14:25:00,24107.97,stop,-42.97,-3901.91,43.0,-51.6,0,False
52126,2024-08-07 12:50:00,SHORT,24248.0,24239.5,37.72,1.291,52136,2024-08-07 13:40:00,24277.22,stop,-37.72,-3563.51,29.55,-40.6,1,True
52168,2024-08-08 10:05:00,SHORT,24209.95,24156.0,90.59,2.472,52172,2024-08-08 10:25:00,24246.59,stop,-90.59,-6999.11,0.0,-136.6,0,False
52193,2024-08-08 12:10:00,LONG,24289.95,24325.0,73.97,1.901,52202,2024-08-08 12:55:00,24251.03,stop,-73.97,-5920.06,31.2,-89.9,1,True
52229,2024-08-08 15:10:00,SHORT,24150.65,24141.45,39.02,1.309,52232,2024-08-08 15:25:00,24120.05,eod,21.4,280.92,30.35,-5.5,2,True
52235,2024-08-09 09:25:00,LONG,24398.0,24425.0,71.32,1.609,52246,2024-08-09 10:20:00,24353.68,stop,-71.32,-5749.93,15.45,-82.6,3,True
52314,2024-08-12 09:45:00,SHORT,24315.0,24303.55,35.14,1.483,52320,2024-08-12 10:15:00,24338.69,stop,-35.14,-3397.36,30.05,-46.45,0,False
52366,2024-08-12 14:05:00,LONG,24475.0,24484.7,28.27,1.522,52368,2024-08-12 14:15:00,24456.43,stop,-28.27,-2953.24,4.3,-28.65,5,True
52416,2024-08-13 12:00:00,SHORT,24321.8,24317.0,26.01,1.226,52425,2024-08-13 12:45:00,24264.98,target,52.01,2267.98,77.0,-10.2,2,True
52436,2024-08-13 13:40:00,SHORT,24240.0,24217.0,46.68,1.971,52457,2024-08-13 15:25:00,24165.0,eod,52.0,2268.71,91.55,-12.9,1,False
52492,2024-08-14 12:05:00,LONG,24182.4,24185.0,19.54,1.153,52503,2024-08-14 13:00:00,24224.09,target,39.09,1429.21,43.55,-16.7,0,False
52534,2024-08-16 09:20:00,LONG,24390.0,24420.5,59.96,2.035,52538,2024-08-16 09:40:00,24360.54,stop,-59.96,-5011.41,13.45,-74.25,0,False
52578,2024-08-16 13:00:00,LONG,24466.9,24484.4,44.21,1.655,52602,2024-08-16 15:00:00,24572.83,target,88.43,4630.65,93.25,-22.9,3,True
52630,2024-08-19 11:05:00,SHORT,24546.7,24540.0,30.86,1.277,52632,2024-08-19 11:15:00,24570.86,stop,-30.86,-3123.03,4.0,-59.0,1,True
52686,2024-08-20 09:30:00,LONG,24652.0,24656.6,25.55,1.22,52689,2024-08-20 09:45:00,24707.69,target,51.09,2201.37,54.25,-8.6,0,False
52716,2024-08-20 12:00:00,LONG,24735.0,24737.0,19.52,1.114,52724,2024-08-20 12:40:00,24717.48,stop,-19.52,-2389.05,9.5,-20.9,2,True
52727,2024-08-20 12:55:00,LONG,24746.5,24750.0,19.84,1.214,52732,2024-08-20 13:20:00,24730.16,stop,-19.84,-2409.74,6.0,-27.75,0,False
52753,2024-08-20 15:05:00,SHORT,24714.4,24703.0,26.0,1.781,52757,2024-08-20 15:25:00,24708.2,eod,-5.2,-1457.76,2.55,-16.9,5,False
52768,2024-08-21 10:05:00,LONG,24743.0,24743.5,20.56,1.025,52771,2024-08-21 10:20:00,24784.62,target,41.12,1551.93,41.45,-4.45,3,True
52780,2024-08-21 11:05:00,SHORT,24742.5,24725.2,37.61,1.852,52784,2024-08-21 11:25:00,24762.81,stop,-37.61,-3564.7,14.2,-47.75,1,True
52797,2024-08-21 12:30:00,LONG,24767.5,24770.0,19.33,1.149,52798,2024-08-21 12:35:00,24750.67,stop,-19.33,-2376.91,1.95,-19.85,6,True
52812,2024-08-21 13:45:00,LONG,24772.95,24774.95,17.1,1.132,52821,2024-08-21 14:30:00,24757.85,stop,-17.1,-2231.99,9.05,-22.4,1,True
52912,2024-08-23 09:35:00,SHORT,24807.85,24798.05,26.82,1.576,52915,2024-08-23 09:50:00,24824.87,stop,-26.82,-2864.44,7.05,-43.9,2,False
52924,2024-08-23 10:35:00,LONG,24855.0,24856.3,19.56,1.071,52977,2024-08-23 15:00:00,24836.74,stop,-19.56,-2393.61,31.7,-30.45,5,True
53059,2024-08-27 09:20:00,SHORT,25031.55,25026.3,18.34,1.401,53063,2024-08-27 09:40:00,24989.63,target,36.67,1258.52,46.15,-5.0,1,True
53080,2024-08-27 11:05:00,LONG,25051.65,25051.95,17.01,1.018,53083,2024-08-27 11:20:00,25085.97,target,34.02,1085.15,35.9,-5.7,1,True
53124,2024-08-27 14:45:00,SHORT,25036.15,25027.05,20.19,1.821,53132,2024-08-27 15:25:00,25009.0,eod,18.05,48.01,25.8,-6.9,0,False
53136,2024-08-28 09:30:00,SHORT,24990.4,24989.75,16.99,1.04,53138,2024-08-28 09:40:00,25006.74,stop,-16.99,-2228.91,8.4,-27.85,0,False
53155,2024-08-28 11:05:00,LONG,25040.0,25043.0,19.91,1.177,53157,2024-08-28 11:15:00,25082.82,target,39.82,1462.27,52.0,-3.0,1,True
53191,2024-08-28 14:05:00,LONG,25132.75,25134.55,14.62,1.14,53195,2024-08-28 14:25:00,25119.93,stop,-14.62,-2077.39,5.45,-18.95,0,False
53197,2024-08-28 14:35:00,SHORT,25104.95,25097.0,21.8,1.574,53200,2024-08-28 14:50:00,25053.4,target,43.6,1707.53,63.0,-2.0,6,True
53228,2024-08-29 10:55:00,SHORT,25102.2,25099.0,20.88,1.181,53232,2024-08-29 11:15:00,25119.88,stop,-20.88,-2483.72,0.9,-21.0,1,True
53246,2024-08-29 12:25:00,LONG,25133.0,25157.25,40.98,2.45,53265,2024-08-29 14:00:00,25116.27,stop,-40.98,-3790.56,33.75,-161.2,0,False
53341,2024-08-30 14:05:00,LONG,25342.0,25343.0,10.68,1.103,53343,2024-08-30 14:15:00,25364.36,target,21.36,257.52,22.0,-1.95,7,True
53400,2024-09-02 12:45:00,SHORT,25333.25,25322.85,24.13,1.758,53418,2024-09-02 14:15:00,25346.98,stop,-24.13,-2698.55,27.7,-25.15,4,True
53451,2024-09-03 10:45:00,LONG,25356.35,25357.2,14.66,1.062,53454,2024-09-03 11:00:00,25342.54,stop,-14.66,-2083.93,2.8,-15.25,7,True
53474,2024-09-03 12:40:00,LONG,25355.0,25356.55,11.52,1.155,53478,2024-09-03 13:00:00,25379.59,target,23.04,366.32,23.35,-1.55,6,True
53502,2024-09-03 15:00:00,SHORT,25360.0,25355.0,15.72,1.466,53507,2024-09-03 15:25:00,25341.0,eod,14.0,-220.86,14.0,-7.35,0,False
53555,2024-09-04 13:10:00,LONG,25215.05,25218.0,14.06,1.266,53556,2024-09-04 13:15:00,25246.11,target,28.11,698.34,37.0,-1.75,2,True
53597,2024-09-05 10:25:00,SHORT,25261.5,25252.0,27.99,1.514,53657,2024-09-05 15:25:00,25234.0,eod,18.0,40.92,25.0,-23.0,0,False
53680,2024-09-06 11:05:00,SHORT,24951.4,24930.8,54.32,1.611,53688,2024-09-06 11:45:00,24985.12,stop,-54.32,-4654.31,18.8,-63.3,1,True
53695,2024-09-06 12:20:00,LONG,24998.65,25015.0,40.55,1.676,53699,2024-09-06 12:40:00,24974.45,stop,-40.55,-3760.45,0.95,-49.75,3,True
53750,2024-09-09 10:40:00,LONG,24934.4,24950.25,45.61,1.533,53767,2024-09-09 12:05:00,24904.64,stop,-45.61,-4087.98,38.7,-54.65,1,True
53804,2024-09-09 15:10:00,LONG,24989.5,24990.0,20.03,1.026,53806,2024-09-09 15:20:00,24969.97,stop,-20.03,-2426.46,4.9,-24.0,0,False
53809,2024-09-10 09:20:00,LONG,25020.0,25039.0,41.21,1.855,53812,2024-09-10 09:35:00,24997.79,stop,-41.21,-3803.79,1.0,-44.0,1,True
53814,2024-09-10 09:45:00,SHORT,24965.05,24964.55,23.91,1.021,53827,2024-09-10 10:50:00,24988.46,stop,-23.91,-2678.4,45.05,-24.45,0,False
53840,2024-09-10 11:55:00,LONG,25043.3,25062.95,40.73,1.932,53855,2024-09-10 13:10:00,25144.42,target,81.47,4168.43,83.0,-16.95,3,True
53884,2024-09-11 09:20:00,SHORT,25046.0,25024.5,44.59,1.931,53887,2024-09-11 09:35:00,25069.09,stop,-44.59,-4023.78,14.3,-45.5,1,True
53915,2024-09-11 11:55:00,LONG,25100.0,25108.0,28.99,1.381,53928,2024-09-11 13:00:00,25079.01,stop,-28.99,-3010.39,37.0,-35.35,9,True
53936,2024-09-11 13:40:00,SHORT,25068.35,25059.5,29.68,1.425,53940,2024-09-11 14:00:00,25000.13,target,59.37,2733.32,63.8,-14.4,2,True
53949,2024-09-11 14:45:00,SHORT,24952.7,24949.45,28.68,1.128,53957,2024-09-11 15:25:00,24945.0,eod,4.45,-834.7,39.5,-7.5,0,False
53984,2024-09-12 11:25:00,SHORT,25025.05,25014.95,39.56,1.343,53986,2024-09-12 11:35:00,25054.51,stop,-39.56,-3696.58,8.95,-49.0,0,False
54015,2024-09-12 14:00:00,LONG,25105.5,25167.0,91.28,3.065,54027,2024-09-12 15:00:00,25349.57,target,182.57,10736.53,228.45,-1.0,3,True
54053,2024-09-13 10:55:00,LONG,25400.0,25401.45,24.86,1.062,54060,2024-09-13 11:30:00,25376.59,stop,-24.86,-2747.1,30.95,-28.25,0,False
54085,2024-09-13 13:35:00,SHORT,25373.0,25368.85,20.2,1.258,54089,2024-09-13 13:55:00,25389.05,stop,-20.2,-2444.5,3.3,-25.15,2,True
54102,2024-09-13 15:00:00,SHORT,25380.0,25366.6,31.75,1.73,54107,2024-09-13 15:25:00,25363.5,eod,3.1,-929.59,8.55,-16.3,3,True
54124,2024-09-16 10:35:00,SHORT,25450.35,25450.0,18.69,1.019,54130,2024-09-16 11:05:00,25412.63,target,37.37,1296.67,49.75,-4.55,4,True
54148,2024-09-16 12:35:00,LONG,25401.5,25405.5,21.53,1.228,54159,2024-09-16 13:30:00,25448.56,target,43.06,1666.6,50.1,-3.5,0,False
54190,2024-09-17 09:50:00,SHORT,25402.0,25395.15,24.05,1.398,54194,2024-09-17 10:10:00,25419.2,stop,-24.05,-2695.2,10.15,-24.85,0,False
54208,2024-09-17 11:20:00,LONG,25460.0,25462.75,18.55,1.174,54210,2024-09-17 11:30:00,25444.2,stop,-18.55,-2338.48,6.15,-22.75,0,False
54235,2024-09-17 13:35:00,LONG,25459.0,25463.0,14.69,1.374,54247,2024-09-17 14:35:00,25448.31,stop,-14.69,-2087.63,14.7,-19.0,2,True
54263,2024-09-18 09:40:00,LONG,25465.6,25466.15,14.52,1.039,54266,2024-09-18 09:55:00,25451.63,stop,-14.52,-2076.38,8.85,-14.95,1,False
54275,2024-09-18 10:40:00,LONG,25472.0,25492.0,36.21,2.234,54302,2024-09-18 12:55:00,25455.79,stop,-36.21,-3486.57,25.6,-40.65,7,True
54303,2024-09-18 13:00:00,SHORT,25436.0,25408.15,47.49,2.418,54311,2024-09-18 13:40:00,25313.18,target,94.97,5041.8,105.65,-25.8,0,False
54327,2024-09-18 15:00:00,LONG,25400.0,25422.35,48.25,1.863,54332,2024-09-18 15:25:00,25374.1,stop,-48.25,-4267.46,11.8,-53.5,0,False
54395,2024-09-19 14:25:00,LONG,25471.85,25475.0,23.89,1.152,54407,2024-09-19 15:25:00,25506.0,eod,31.0,881.61,34.0,-20.0,1,True
54416,2024-09-20 09:55:00,LONG,25565.9,25581.25,47.5,1.478,54431,2024-09-20 11:10:00,25676.24,target,94.99,5038.39,113.1,-46.75,0,False
54450,2024-09-20 12:45:00,LONG,25713.8,25777.0,93.9,3.059,54459,2024-09-20 13:30:00,25683.1,stop,-93.9,-7240.01,16.0,-150.7,5,False
54475,2024-09-20 14:50:00,LONG,25710.95,25745.0,86.41,1.65,54482,2024-09-20 15:25:00,25786.8,eod,41.8,1578.83,53.0,-61.0,0,False
54534,2024-09-23 13:30:00,LONG,25903.95,25907.1,18.08,1.211,54544,2024-09-23 14:20:00,25943.27,target,36.17,1210.09,45.0,-7.1,3,True
54575,2024-09-24 10:40:00,SHORT,25961.6,25959.35,20.63,1.122,54611,2024-09-24 13:40:00,25979.98,stop,-20.63,-2481.96,34.35,-22.6,0,False
54658,2024-09-25 11:20:00,LONG,25935.9,25938.05,17.53,1.14,54662,2024-09-25 11:40:00,25920.52,stop,-17.53,-2279.88,8.5,-32.0,4,True
54663,2024-09-25 11:45:00,SHORT,25910.0,25905.3,21.57,1.279,54683,2024-09-25 13:25:00,25926.87,stop,-21.57,-2542.74,15.3,-32.2,1,True
54691,2024-09-25 14:05:00,LONG,25954.1,25959.05,19.46,1.341,54693,2024-09-25 14:15:00,25939.59,stop,-19.46,-2405.69,3.05,-26.45,0,False
54702,2024-09-25 15:00:00,LONG,25965.0,25988.0,39.08,2.43,54707,2024-09-25 15:25:00,26003.0,eod,15.0,-166.94,39.6,-12.95,0,False
54718,2024-09-26 10:05:00,LONG,26069.55,26081.85,33.93,1.569,54766,2024-09-26 14:05:00,26047.92,stop,-33.93,-3348.45,51.15,-52.2,1,True
54799,2024-09-27 10:35:00,LONG,26391.2,26395.3,23.6,1.21,54803,2024-09-27 10:55:00,26371.7,stop,-23.6,-2682.36,7.2,-25.5,2,True
54874,2024-09-30 10:35:00,SHORT,26120.0,26118.25,30.35,1.061,54884,2024-09-30 11:25:00,26057.56,target,60.69,2801.27,63.25,-20.65,1,True
54904,2024-09-30 13:05:00,SHORT,26045.15,26031.25,33.04,1.726,54919,2024-09-30 14:20:00,25965.17,target,66.08,3152.94,75.7,-8.7,3,True
54948,2024-10-01 10:30:00,SHORT,25952.25,25910.0,70.01,2.522,54963,2024-10-01 11:45:00,25980.01,stop,-70.01,-5691.52,20.0,-89.0,5,True
55029,2024-10-03 11:00:00,SHORT,25677.0,25666.05,38.94,1.391,55035,2024-10-03 11:30:00,25588.16,target,77.89,3926.62,83.0,-20.95,0,False
55046,2024-10-03 12:25:00,SHORT,25566.0,25564.1,26.43,1.077,55048,2024-10-03 12:35:00,25590.53,stop,-26.43,-2852.29,8.1,-44.65,2,True
55124,2024-10-04 12:40:00,SHORT,25453.55,25400.9,100.77,2.094,55143,2024-10-04 14:15:00,25199.36,target,201.54,11968.91,215.35,-56.05,1,True
55172,2024-10-07 10:25:00,SHORT,25197.0,25182.0,52.38,1.401,55176,2024-10-07 10:45:00,25077.24,target,104.76,5681.72,112.0,-17.95,0,False
55224,2024-10-07 14:45:00,LONG,25014.0,25021.2,55.2,1.15,55226,2024-10-07 14:55:00,24966.0,stop,-55.2,-4712.56,38.8,-74.2,0,False
55239,2024-10-08 09:45:00,LONG,25018.05,25056.35,86.9,1.788,55307,2024-10-08 15:25:00,25147.1,eod,90.75,4771.66,143.65,-84.2,0,False
55318,2024-10-09 10:05:00,LONG,25200.0,25290.0,129.54,3.276,55369,2024-10-09 14:20:00,25160.46,stop,-129.54,-9548.34,66.15,-154.4,5,True
55391,2024-10-10 09:55:00,LONG,25194.65,25211.0,49.94,1.487,55406,2024-10-10 11:10:00,25161.06,stop,-49.94,-4374.0,58.05,-56.8,0,False
55448,2024-10-10 14:40:00,SHORT,25127.15,25123.0,21.42,1.24,55457,2024-10-10 15:25:00,25127.0,eod,-4.0,-1386.94,23.0,-7.0,1,True
55468,2024-10-11 10:05:00,LONG,25130.0,25140.0,33.52,1.425,55472,2024-10-11 10:25:00,25106.48,stop,-33.52,-3305.25,10.0,-33.75,6,True
55478,2024-10-11 10:55:00,SHORT,25070.2,25057.55,36.17,1.538,55532,2024-10-11 15:25:00,25049.05,eod,8.5,-573.28,56.45,-30.75,0,False
55538,2024-10-14 09:40:00,LONG,25179.25,25192.45,38.71,1.518,55607,2024-10-14 15:25:00,25235.0,eod,42.55,1637.02,67.05,-11.85,1,True
55615,2024-10-15 09:50:00,SHORT,25203.9,25184.5,41.89,1.863,55623,2024-10-15 10:30:00,25100.73,target,83.77,4317.36,97.45,-11.9,0,False
55687,2024-10-16 09:35:00,LONG,25145.55,25153.8,32.31,1.343,55699,2024-10-16 10:35:00,25121.49,stop,-32.31,-3227.07,29.0,-42.5,0,False
55707,2024-10-16 11:15:00,SHORT,25082.55,25046.05,60.75,2.505,55742,2024-10-16 14:10:00,25106.8,stop,-60.75,-5074.6,76.55,-61.85,1,True
55759,2024-10-17 09:20:00,SHORT,25025.3,25012.95,34.68,1.553,55762,2024-10-17 09:35:00,24943.59,target,69.36,3383.53,83.95,-10.85,2,True
55774,2024-10-17 10:35:00,LONG,24915.0,24920.0,32.94,1.179,55779,2024-10-17 11:00:00,24887.06,stop,-32.94,-3264.36,3.9,-33.0,1,True
55781,2024-10-17 11:10:00,SHORT,24872.25,24857.95,38.27,1.597,55832,2024-10-17 15:25:00,24845.0,eod,12.95,-280.61,42.85,-25.0,2,True
55848,2024-10-18 10:30:00,LONG,24783.2,24835.0,87.72,2.442,55907,2024-10-18 15:25:00,24962.0,eod,127.0,7131.17,160.65,-58.4,1,True
55943,2024-10-21 12:10:00,SHORT,24750.75,24745.4,37.66,1.166,55956,2024-10-21 13:15:00,24783.06,stop,-37.66,-3568.42,15.2,-86.6,0,False
55964,2024-10-21 13:55:00,LONG,24847.6,24883.0,65.93,2.159,55977,2024-10-21 15:00:00,24817.07,stop,-65.93,-5407.59,31.85,-96.35,1,True
55981,2024-10-21 15:20:00,SHORT,24780.4,24775.05,35.08,1.18,55982,2024-10-21 15:25:00,24757.0,eod,18.05,52.33,22.95,-4.75,0,False
55997,2024-10-22 10:25:00,SHORT,24730.2,24697.0,74.58,1.802,56002,2024-10-22 10:50:00,24771.58,stop,-74.58,-5967.59,3.95,-77.4,0,False
56025,2024-10-22 12:45:00,SHORT,24690.15,24678.7,45.25,1.339,56050,2024-10-22 14:50:00,24588.2,target,90.5,4763.59,98.7,-14.6,5,True
56079,2024-10-23 11:00:00,LONG,24630.0,24663.75,76.98,1.781,56093,2024-10-23 12:10:00,24586.77,stop,-76.98,-6121.76,11.25,-84.75,0,False
56117,2024-10-23 14:10:00,SHORT,24560.05,24522.25,65.25,2.377,56132,2024-10-23 15:25:00,24480.0,eod,42.25,1629.72,65.3,-7.75,1,True
56135,2024-10-24 09:25:00,SHORT,24469.4,24463.2,35.98,1.208,56138,2024-10-24 09:40:00,24391.25,target,71.95,3561.49,74.1,-10.1,1,False
56170,2024-10-24 12:20:00,SHORT,24450.0,24445.25,20.21,1.307,56207,2024-10-24 15:25:00,24465.46,stop,-20.21,-2429.0,40.0,-29.7,3,True
56211,2024-10-25 09:30:00,SHORT,24405.0,24401.0,27.13,1.173,56213,2024-10-25 09:40:00,24346.73,target,54.27,2413.07,76.4,-10.0,0,False
56245,2024-10-25 12:20:00,SHORT,24138.0,24113.45,57.8,1.738,56279,2024-10-25 15:10:00,24171.25,stop,-57.8,-4866.82,45.05,-84.3,6,True
56280,2024-10-25 15:15:00,LONG,24187.8,24214.7,55.71,1.934,56282,2024-10-25 15:25:00,24215.0,eod,0.3,-1091.89,17.6,-4.4,1,True
56291,2024-10-28 09:55:00,LONG,24285.3,24298.25,54.27,1.313,56299,2024-10-28 10:35:00,24406.79,target,108.54,5940.93,123.75,-38.25,1,False
56312,2024-10-28 11:40:00,LONG,24410.0,24417.0,38.37,1.223,56340,2024-10-28 14:00:00,24378.63,stop,-38.37,-3608.63,75.0,-47.15,0,False
56391,2024-10-29 12:00:00,LONG,24274.9,24305.0,61.05,1.973,56416,2024-10-29 14:05:00,24427.1,target,122.1,6821.73,134.4,-26.15,1,True
56427,2024-10-29 15:00:00,LONG,24470.95,24473.25,31.04,1.08,56432,2024-10-29 15:25:00,24471.25,eod,-2.0,-1245.78,25.95,-18.25,3,True
56452,2024-10-30 10:50:00,LONG,24448.0,24472.15,53.96,1.81,56481,2024-10-30 13:15:00,24418.19,stop,-53.96,-4622.73,47.85,-83.1,4,True
56482,2024-10-30 13:20:00,SHORT,24400.0,24390.4,36.36,1.359,56484,2024-10-30 13:30:00,24426.76,stop,-36.36,-3477.79,10.35,-41.7,1,True
56492,2024-10-30 14:10:00,SHORT,24361.2,24335.5,54.32,1.898,56498,2024-10-30 14:40:00,24389.82,stop,-54.32,-4644.38,15.45,-58.5,0,False
56503,2024-10-30 15:05:00,SHORT,24361.85,24360.0,27.84,1.071,56507,2024-10-30 15:25:00,24367.05,eod,-7.05,-1572.14,3.0,-26.0,1,False
56526,2024-10-31 10:45:00,SHORT,24255.4,24243.2,36.86,1.495,56582,2024-10-31 15:25:00,24203.95,eod,39.25,1439.48,59.65,-19.25,1,True
56683,2024-11-05 11:20:00,SHORT,24077.95,24073.65,36.71,1.133,56687,2024-11-05 11:40:00,24000.23,target,73.42,3663.29,77.4,-8.05,0,False
56698,2024-11-05 12:35:00,LONG,24034.65,24042.4,40.79,1.235,56708,2024-11-05 13:25:00,24123.98,target,81.57,4192.76,124.15,-16.8,1,True
56709,2024-11-05 13:30:00,LONG,24166.75,24180.85,51.94,1.373,56719,2024-11-05 14:20:00,24284.72,target,103.87,5639.53,107.0,-27.5,3,True
56735,2024-11-06 09:25:00,LONG,24381.45,24448.1,104.46,2.763,56794,2024-11-06 14:20:00,24657.02,target,208.92,12461.36,216.9,-66.95,0,False
56809,2024-11-07 09:20:00,SHORT,24551.0,24505.25,75.05,2.562,56817,2024-11-07 10:00:00,24355.15,target,150.1,8640.38,184.25,0.0,1,True
56822,2024-11-07 10:25:00,SHORT,24308.0,24307.0,35.92,1.029,56828,2024-11-07 10:55:00,24342.92,stop,-35.92,-3448.15,18.0,-57.6,0,False
56849,2024-11-07 12:40:00,LONG,24334.7,24337.3,22.39,1.131,56856,2024-11-07 13:15:00,24314.91,stop,-22.39,-2568.42,7.6,-24.7,3,True
56861,2024-11-07 13:40:00,SHORT,24289.0,24287.6,17.52,1.087,56862,2024-11-07 13:45:00,24305.12,stop,-17.52,-2251.33,2.6,-21.0,0,False
56889,2024-11-08 09:45:00,LONG,24317.8,24351.0,75.0,1.794,56890,2024-11-08 09:50:00,24276.0,stop,-75.0,-5987.48,10.9,-100.0,6,False
56908,2024-11-08 11:20:00,SHORT,24236.0,24230.3,35.5,1.191,56931,2024-11-08 13:15:00,24265.8,stop,-35.5,-3419.14,53.15,-37.0,1,True
56942,2024-11-08 14:10:00,SHORT,24232.15,24225.0,26.36,1.372,56948,2024-11-08 14:40:00,24251.36,stop,-26.36,-2825.06,21.9,-37.95,0,False
56987,2024-11-11 11:40:00,LONG,24415.0,24426.65,40.71,1.401,56989,2024-11-11 11:50:00,24385.94,stop,-40.71,-3760.64,3.35,-52.1,2,True
56995,2024-11-11 12:20:00,SHORT,24308.45,24290.0,50.05,1.584,57017,2024-11-11 14:10:00,24189.9,target,100.1,5393.77,106.8,-49.8,0,False
57041,2024-11-12 09:55:00,LONG,24294.0,24308.25,54.55,1.354,57042,2024-11-12 10:00:00,24253.7,stop,-54.55,-4658.01,6.75,-88.25,1,False
57068,2024-11-12 12:10:00,SHORT,24190.0,24179.9,39.21,1.347,57075,2024-11-12 12:45:00,24101.48,target,78.42,3987.04,109.85,-30.1,5,True
57103,2024-11-12 15:05:00,SHORT,23995.2,23965.0,63.06,1.919,57107,2024-11-12 15:25:00,23933.9,eod,31.1,914.47,42.85,-6.5,1,True
57137,2024-11-13 11:40:00,SHORT,23764.05,23751.1,47.82,1.371,57141,2024-11-13 12:00:00,23798.92,stop,-47.82,-4211.67,0.0,-53.85,0,False
57150,2024-11-13 12:45:00,SHORT,23750.0,23748.8,31.01,1.04,57162,2024-11-13 13:45:00,23779.81,stop,-31.01,-3119.08,45.8,-51.35,1,True
57206,2024-11-14 11:10:00,SHORT,23600.0,23574.5,57.95,1.786,57218,2024-11-14 12:10:00,23632.45,stop,-57.95,-4867.6,4.5,-89.1,1,True
57250,2024-11-14 14:50:00,SHORT,23604.85,23603.0,18.79,1.109,57253,2024-11-14 15:05:00,23565.42,target,37.58,1342.16,38.9,-18.7,3,True
57347,2024-11-19 10:25:00,LONG,23803.0,23806.0,38.83,1.084,57350,2024-11-19 10:40:00,23767.17,stop,-38.83,-3628.07,9.0,-39.3,0,False
57358,2024-11-19 11:20:00,LONG,23807.3,23808.0,28.71,1.025,57375,2024-11-19 12:45:00,23779.29,stop,-28.71,-2969.87,36.0,-30.3,8,True
57395,2024-11-19 14:25:00,SHORT,23742.65,23738.5,26.77,1.184,57400,2024-11-19 14:50:00,23684.97,target,53.53,2376.41,82.0,-21.5,0,False
57441,2024-11-21 12:00:00,LONG,23387.6,23395.0,29.79,1.331,57450,2024-11-21 12:45:00,23365.21,stop,-29.79,-3033.02,8.5,-31.65,1,True
57511,2024-11-22 11:35:00,LONG,23567.8,23597.95,70.68,1.744,57528,2024-11-22 13:00:00,23739.31,target,141.36,8085.22,145.95,-29.6,1,True
57540,2024-11-22 14:00:00,LONG,23825.0,23845.0,55.43,1.564,57550,2024-11-22 14:50:00,23955.86,target,110.86,6099.5,114.7,-38.2,3,True
57579,2024-11-25 11:00:00,LONG,24338.3,24354.9,55.07,1.431,57588,2024-11-25 11:45:00,24299.83,stop,-55.07,-4692.78,10.1,-71.9,3,True
57601,2024-11-25 12:50:00,SHORT,24243.0,24223.2,50.03,1.655,57603,2024-11-25 13:00:00,24123.15,target,100.05,5392.07,102.75,0.0,0,False
57622,2024-11-25 14:35:00,LONG,24236.4,24247.95,48.15,1.316,57627,2024-11-25 15:00:00,24199.8,stop,-48.15,-4241.11,40.05,-55.2,0,False
57670,2024-11-26 12:20:00,SHORT,24154.4,24145.65,34.74,1.337,57675,2024-11-26 12:45:00,24180.39,stop,-34.74,-3368.35,2.5,-44.35,0,False
57689,2024-11-26 13:55:00,LONG,24206.95,24221.45,40.98,1.548,57707,2024-11-26 15:25:00,24207.0,eod,-14.45,-2050.55,53.55,-36.6,3,True
57710,2024-11-27 09:25:00,SHORT,24194.0,24187.0,34.3,1.256,57715,2024-11-27 09:50:00,24221.3,stop,-34.3,-3340.57,30.0,-57.45,2,True
57745,2024-11-27 12:20:00,LONG,24267.85,24275.1,32.06,1.292,57751,2024-11-27 12:50:00,24339.22,target,64.12,3054.59,64.9,-13.35,2,True
57777,2024-11-27 15:00:00,SHORT,24309.1,24290.0,41.86,1.839,57782,2024-11-27 15:25:00,24310.0,eod,-20.0,-2412.73,2.0,-25.8,8,True
57799,2024-11-28 10:35:00,SHORT,24171.65,24122.0,86.39,2.351,57842,2024-11-28 14:10:00,23949.22,target,172.78,10121.46,277.2,-8.0,0,False
57883,2024-11-29 11:20:00,LONG,24285.0,24294.0,50.22,1.218,57886,2024-11-29 11:35:00,24243.78,stop,-50.22,-4376.15,0.0,-53.95,4,True
57888,2024-11-29 11:45:00,SHORT,24234.55,24228.0,44.61,1.172,57902,2024-11-29 12:55:00,24272.61,stop,-44.61,-4011.18,12.95,-45.55,2,True
57945,2024-12-02 10:15:00,LONG,24314.15,24340.0,61.65,1.722,57949,2024-12-02 10:35:00,24278.35,stop,-61.65,-5119.63,10.0,-70.0,1,True
57971,2024-12-02 12:25:00,LONG,24330.0,24358.85,55.25,2.093,57983,2024-12-02 13:25:00,24303.6,stop,-55.25,-4704.12,0.75,-63.0,1,True
57989,2024-12-02 13:55:00,LONG,24359.6,24407.0,73.89,2.789,58007,2024-12-02 15:25:00,24425.0,eod,18.0,55.06,67.9,-8.25,0,False
58020,2024-12-03 10:15:00,LONG,24456.0,24478.65,48.76,1.867,58059,2024-12-03 13:30:00,24576.18,target,97.53,5221.88,99.45,-2.95,1,True
58080,2024-12-03 15:15:00,SHORT,24550.0,24544.2,22.42,1.349,58082,2024-12-03 15:25:00,24539.45,eod,4.75,-808.26,11.95,-0.9,2,True
58084,2024-12-04 09:20:00,LONG,24575.0,24587.0,30.41,1.652,58088,2024-12-04 09:40:00,24647.83,target,60.83,2835.2,62.0,-15.55,1,False
58115,2024-12-04 11:55:00,SHORT,24600.15,24494.5,134.36,4.68,58141,2024-12-04 14:05:00,24628.86,stop,-134.36,-9849.85,33.4,-143.5,0,False
58178,2024-12-05 10:55:00,SHORT,24436.0,24431.85,40.37,1.115,58180,2024-12-05 11:05:00,24472.22,stop,-40.37,-3739.07,6.75,-42.5,0,False
58192,2024-12-05 12:05:00,LONG,24540.1,24604.65,101.5,2.747,58217,2024-12-05 14:10:00,24807.65,target,203.0,12074.02,244.0,0.0,0,False
58243,2024-12-06 10:05:00,SHORT,24754.35,24718.6,85.42,1.72,58246,2024-12-06 10:20:00,24804.02,stop,-85.42,-6672.84,14.6,-102.8,0,False
58282,2024-12-06 13:20:00,SHORT,24794.85,24791.8,24.53,1.142,58307,2024-12-06 15:25:00,24775.0,eod,16.8,-29.21,39.7,-24.1,1,False
58315,2024-12-09 09:50:00,SHORT,24698.55,24685.0,42.97,1.461,58326,2024-12-09 10:45:00,24727.97,stop,-42.97,-3912.76,33.3,-54.25,0,False
58367,2024-12-09 14:10:00,SHORT,24700.5,24696.85,23.78,1.181,58374,2024-12-09 14:45:00,24720.63,stop,-23.78,-2665.1,16.85,-31.0,2,True
58388,2024-12-10 09:40:00,LONG,24724.85,24727.5,25.23,1.117,58399,2024-12-10 10:35:00,24702.27,stop,-25.23,-2760.07,41.25,-26.4,5,True
58419,2024-12-10 12:15:00,SHORT,24680.0,24677.0,22.67,1.153,58423,2024-12-10 12:35:00,24631.66,target,45.34,1828.02,56.7,-6.9,2,True
58437,2024-12-10 13:45:00,SHORT,24612.55,24605.0,29.82,1.339,58441,2024-12-10 14:05:00,24634.82,stop,-29.82,-3056.63,2.0,-36.0,1,True
58452,2024-12-10 15:00:00,LONG,24659.8,24675.0,35.66,1.743,58457,2024-12-10 15:25:00,24690.85,eod,15.85,-89.24,21.0,-4.15,1,True
58476,2024-12-11 10:45:00,LONG,24768.75,24769.55,24.04,1.034,58480,2024-12-11 11:05:00,24745.51,stop,-24.04,-2683.2,5.4,-24.1,0,False
58486,2024-12-11 11:35:00,LONG,24776.0,24789.5,33.2,1.685,58494,2024-12-11 12:15:00,24756.3,stop,-33.2,-3278.77,2.75,-46.6,8,True
58498,2024-12-11 12:35:00,SHORT,24741.1,24728.7,31.42,1.652,58509,2024-12-11 13:30:00,24760.12,stop,-31.42,-3162.25,6.1,-36.85,1,True
58519,2024-12-11 14:20:00,SHORT,24740.0,24736.5,17.86,1.244,58532,2024-12-11 15:25:00,24738.0,eod,-1.5,-1217.82,27.75,-16.95,0,False
58566,2024-12-12 12:00:00,SHORT,24671.1,24658.65,27.74,1.814,58607,2024-12-12 15:25:00,24647.0,eod,11.65,-361.7,30.65,-10.3,1,True
58652,2024-12-13 12:55:00,LONG,24664.15,24697.05,82.13,1.668,58682,2024-12-13 15:25:00,24861.31,target,164.26,9555.13,171.95,-56.95,5,True
58687,2024-12-16 09:35:00,SHORT,24751.9,24750.0,35.19,1.057,58688,2024-12-16 09:40:00,24785.19,stop,-35.19,-3407.99,3.0,-60.0,3,True
58706,2024-12-16 11:10:00,SHORT,24700.0,24680.75,52.32,1.582,58714,2024-12-16 11:50:00,24733.07,stop,-52.32,-4520.17,20.55,-53.2,1,True
58729,2024-12-16 13:05:00,LONG,24733.95,24734.55,23.55,1.026,58733,2024-12-16 13:25:00,24711.0,stop,-23.55,-2650.62,20.45,-24.45,0,False
58741,2024-12-16 14:05:00,LONG,24755.0,24759.9,27.44,1.217,58742,2024-12-16 14:10:00,24732.46,stop,-27.44,-2904.15,7.8,-34.9,1,True
58762,2024-12-17 09:35:00,SHORT,24640.0,24626.05,40.7,1.522,58771,2024-12-17 10:20:00,24544.66,target,81.39,4172.26,141.05,-11.95,0,False
58819,2024-12-17 14:20:00,SHORT,24402.0,24397.95,34.59,1.133,58827,2024-12-17 15:00:00,24432.54,stop,-34.59,-3362.75,17.95,-42.2,0,False
58834,2024-12-18 09:20:00,SHORT,24380.0,24367.1,42.45,1.437,58837,2024-12-18 09:35:00,24409.55,stop,-42.45,-3873.46,42.5,-42.9,1,True
58838,2024-12-18 09:40:00,LONG,24432.8,24445.05,47.56,1.347,58840,2024-12-18 09:50:00,24397.49,stop,-47.56,-4205.8,18.25,-69.0,3,False
58872,2024-12-18 12:30:00,SHORT,24270.35,24269.95,26.33,1.015,58876,2024-12-18 12:50:00,24217.29,target,52.66,2310.55,53.5,-2.3,3,True
58920,2024-12-19 10:15:00,SHORT,23980.0,23971.25,46.94,1.229,58936,2024-12-19 11:35:00,24018.19,stop,-46.94,-4158.29,0.0,-78.75,1,False
58987,2024-12-20 09:35:00,LONG,24044.25,24065.9,50.18,1.759,58989,2024-12-20 09:45:00,24015.72,stop,-50.18,-4369.71,32.05,-175.45,2,False
59018,2024-12-20 12:10:00,SHORT,23935.0,23929.0,40.51,1.174,59024,2024-12-20 12:40:00,23847.97,target,81.03,4160.47,86.0,0.0,0,False
59067,2024-12-23 10:00:00,LONG,23800.0,23809.0,57.38,1.186,59097,2024-12-23 12:30:00,23751.62,stop,-57.38,-4833.13,92.8,-77.65,0,False
59100,2024-12-23 12:45:00,SHORT,23725.65,23722.25,33.89,1.112,59118,2024-12-23 14:15:00,23756.14,stop,-33.89,-3306.08,58.15,-43.75,3,True
59136,2024-12-24 09:30:00,SHORT,23740.0,23723.8,42.84,1.608,59139,2024-12-24 09:45:00,23766.64,stop,-42.84,-3887.44,6.8,-61.2,1,False
59141,2024-12-24 09:55:00,LONG,23792.4,23814.2,50.96,1.748,59187,2024-12-24 13:45:00,23763.24,stop,-50.96,-4416.3,64.05,-61.2,1,True
59226,2024-12-26 10:45:00,SHORT,23716.15,23709.95,30.55,1.255,59229,2024-12-26 11:00:00,23740.5,stop,-30.55,-3088.77,12.95,-35.9,0,False
59248,2024-12-26 12:35:00,SHORT,23737.7,23736.6,16.29,1.072,59250,2024-12-26 12:45:00,23752.89,stop,-16.29,-2161.97,0.6,-18.25,6,True
59259,2024-12-26 13:30:00,SHORT,23732.65,23685.25,63.11,4.017,59261,2024-12-26 13:40:00,23748.36,stop,-63.11,-5204.75,46.3,-73.85,3,False
59301,2024-12-27 10:45:00,SHORT,24082.6,24075.0,33.91,1.289,59319,2024-12-27 12:15:00,24007.18,target,67.82,3299.43,70.0,-22.95,0,False
59338,2024-12-27 13:50:00,LONG,24037.55,24039.95,18.38,1.15,59344,2024-12-27 14:20:00,24021.57,stop,-18.38,-2302.58,11.2,-27.4,6,True
59349,2024-12-27 14:45:00,SHORT,24018.0,24010.05,23.09,1.525,59357,2024-12-27 15:25:00,23999.9,eod,10.15,-448.11,42.1,0.0,5,True
59385,2024-12-30 11:30:00,LONG,24010.0,24025.0,43.72,1.522,59396,2024-12-30 12:25:00,23981.28,stop,-43.72,-3949.35,53.15,-81.1,0,False
59404,2024-12-30 13:05:00,SHORT,23925.1,23924.1,29.83,1.035,59409,2024-12-30 13:30:00,23864.44,target,59.66,2771.36,87.0,-19.85,2,True
59422,2024-12-30 14:35:00,LONG,23820.15,23827.2,37.08,1.235,59429,2024-12-30 15:10:00,23790.12,stop,-37.08,-3514.7,38.15,-52.2,1,False
59472,2024-12-31 12:30:00,LONG,23776.95,23779.95,34.02,1.097,59474,2024-12-31 12:40:00,23745.93,stop,-34.02,-3314.81,4.05,-42.05,1,True
59514,2025-01-01 09:45:00,SHORT,23718.95,23715.0,34.11,1.131,59518,2025-01-01 10:05:00,23749.11,stop,-34.11,-3320.2,8.0,-37.15,5,True
59524,2025-01-01 10:35:00,LONG,23819.3,23820.0,30.92,1.023,59527,2025-01-01 10:50:00,23881.83,target,61.83,2913.49,82.75,-16.05,2,True
59564,2025-01-01 13:55:00,LONG,23924.85,23936.35,35.95,1.47,59573,2025-01-01 14:40:00,23900.4,stop,-35.95,-3443.06,27.65,-36.35,0,False
59595,2025-01-02 10:15:00,LONG,23964.0,23971.75,35.56,1.279,59603,2025-01-02 10:55:00,24042.88,target,71.13,3515.12,74.55,-7.35,4,True
59605,2025-01-02 11:05:00,LONG,24054.7,24057.6,30.2,1.106,59614,2025-01-02 11:50:00,24027.4,stop,-30.2,-3071.12,21.4,-35.05,1,True
59621,2025-01-02 12:25:00,LONG,24079.0,24115.45,62.13,2.419,59642,2025-01-02 14:10:00,24239.71,target,124.26,6965.21,124.55,0.0,0,False
59669,2025-01-03 10:10:00,SHORT,24136.0,24115.25,51.58,1.673,59682,2025-01-03 11:15:00,24166.83,stop,-51.58,-4462.21,25.05,-58.75,1,True
59712,2025-01-03 13:45:00,SHORT,24175.0,24169.0,30.7,1.243,59716,2025-01-03 14:05:00,24107.6,target,61.4,2880.82,64.85,-5.95,0,False
59731,2025-01-03 15:20:00,SHORT,24090.2,24088.45,25.52,1.074,59732,2025-01-03 15:25:00,24083.75,eod,4.7,-803.72,16.45,-1.55,3,True
59736,2025-01-06 09:30:00,SHORT,24072.0,24064.55,39.66,1.231,59737,2025-01-06 09:35:00,23985.23,target,79.32,4047.47,83.55,0.0,0,False
59756,2025-01-06 11:10:00,SHORT,23860.0,23845.0,55.02,1.375,59763,2025-01-06 11:45:00,23734.97,target,110.03,6047.22,125.0,-38.65,0,False
59788,2025-01-06 13:50:00,SHORT,23708.8,23698.3,47.41,1.285,59790,2025-01-06 14:00:00,23745.71,stop,-47.41,-4184.06,2.3,-47.65,0,False
59827,2025-01-07 10:50:00,SHORT,23811.95,23805.95,50.18,1.136,59829,2025-01-07 11:00:00,23856.13,stop,-50.18,-4366.37,0.95,-50.8,0,False
59863,2025-01-07 13:50:00,SHORT,23805.0,23802.0,27.08,1.125,59868,2025-01-07 14:15:00,23829.08,stop,-27.08,-2864.84,19.85,-33.0,0,False
59896,2025-01-08 10:20:00,SHORT,23705.05,23702.3,34.77,1.086,59908,2025-01-08 11:20:00,23632.75,target,69.55,3418.15,72.9,-3.05,0,False
59918,2025-01-08 12:10:00,SHORT,23629.4,23615.05,40.68,1.545,59932,2025-01-08 13:20:00,23655.73,stop,-40.68,-3745.7,21.5,-44.95,2,True
59942,2025-01-08 14:10:00,LONG,23785.0,23800.3,46.14,1.496,59957,2025-01-08 15:25:00,23779.9,eod,-20.4,-2430.0,37.85,-40.2,2,True
59976,2025-01-09 10:45:00,SHORT,23678.0,23644.0,61.73,2.226,59994,2025-01-09 12:15:00,23705.73,stop,-61.73,-5114.21,14.0,-75.0,0,False
60001,2025-01-09 12:50:00,SHORT,23636.0,23631.0,27.99,1.217,60032,2025-01-09 15:25:00,23658.99,stop,-27.99,-2920.9,18.05,-39.5,2,True
60035,2025-01-10 09:25:00,SHORT,23605.0,23598.5,27.9,1.304,60036,2025-01-10 09:30:00,23542.71,target,55.79,2525.68,67.2,-6.5,0,False
60092,2025-01-10 14:10:00,SHORT,23550.1,23511.0,70.61,2.241,60107,2025-01-10 15:25:00,23519.35,eod,-8.35,-1642.12,47.0,-12.95,1,True
60152,2025-01-13 12:55:00,SHORT,23251.2,23237.3,42.78,1.481,60171,2025-01-13 14:30:00,23151.74,target,85.56,4466.72,107.25,-18.65,2,False
60237,2025-01-14 13:45:00,SHORT,23232.9,23225.5,25.93,1.399,60242,2025-01-14 14:10:00,23251.43,stop,-25.93,-2780.08,5.5,-42.05,0,False
60253,2025-01-14 15:05:00,LONG,23270.9,23276.35,23.82,1.297,60257,2025-01-14 15:25:00,23280.0,eod,3.65,-858.14,18.65,-13.35,0,False
60261,2025-01-15 09:30:00,SHORT,23251.1,23236.0,35.71,1.733,60265,2025-01-15 09:50:00,23271.71,stop,-35.71,-3416.07,21.95,-37.0,3,False
60271,2025-01-15 10:20:00,LONG,23282.8,23288.0,29.25,1.216,60286,2025-01-15 11:35:00,23258.75,stop,-29.25,-2996.23,57.0,-29.8,0,False
60322,2025-01-15 14:35:00,LONG,23239.7,23244.0,23.93,1.219,60332,2025-01-15 15:25:00,23275.5,eod,31.5,952.26,31.75,-8.9,1,True
60336,2025-01-16 09:30:00,LONG,23408.3,23411.0,26.73,1.112,60338,2025-01-16 09:40:00,23384.27,stop,-26.73,-2834.56,2.85,-31.05,2,True
60376,2025-01-16 12:50:00,LONG,23391.2,23398.2,19.29,1.569,60394,2025-01-16 14:20:00,23378.91,stop,-19.29,-2351.2,24.5,-28.05,3,True
60400,2025-01-16 14:50:00,SHORT,23365.1,23363.0,14.27,1.173,60402,2025-01-16 15:00:00,23377.27,stop,-14.27,-2024.14,0.6,-14.75,2,True
60421,2025-01-17 10:20:00,LONG,23305.0,23305.05,26.96,1.002,60424,2025-01-17 10:35:00,23278.09,stop,-26.96,-2847.97,24.95,-35.95,0,False
60426,2025-01-17 10:45:00,SHORT,23207.4,23200.5,37.6,1.225,60441,2025-01-17 12:00:00,23238.1,stop,-37.6,-3537.84,50.4,-89.5,1,True
60471,2025-01-17 14:30:00,LONG,23270.0,23278.0,33.43,1.315,60482,2025-01-17 15:25:00,23265.6,eod,-12.4,-1901.18,31.75,-21.2,2,True
60503,2025-01-20 10:55:00,LONG,23319.0,23321.8,27.82,1.112,60507,2025-01-20 11:15:00,23377.45,target,55.65,2520.26,62.05,-23.8,5,True
60531,2025-01-20 13:15:00,LONG,23419.0,23428.9,32.81,1.432,60534,2025-01-20 13:30:00,23396.09,stop,-32.81,-3229.88,12.1,-33.9,12,True
60562,2025-01-21 09:35:00,SHORT,23383.0,23380.0,27.69,1.122,60566,2025-01-21 09:55:00,23324.63,target,55.37,2502.3,55.95,-25.0,4,False
60571,2025-01-21 10:20:00,SHORT,23226.8,23188.15,72.57,2.139,60588,2025-01-21 11:45:00,23260.72,stop,-72.57,-5811.02,12.35,-226.8,3,True
60621,2025-01-21 14:30:00,SHORT,23175.8,23171.35,52.5,1.093,60623,2025-01-21 14:40:00,23066.35,target,105.0,5731.86,113.35,-0.65,8,True
60660,2025-01-22 11:30:00,SHORT,23090.75,23084.8,34.4,1.209,60692,2025-01-22 14:10:00,23119.2,stop,-34.4,-3328.27,64.8,-35.7,1,True
60697,2025-01-22 14:35:00,LONG,23168.9,23175.0,34.94,1.212,60707,2025-01-22 15:25:00,23198.0,eod,23.0,401.07,43.45,-29.95,5,True
60747,2025-01-23 12:30:00,LONG,23306.0,23315.2,26.45,1.533,60750,2025-01-23 12:45:00,23288.75,stop,-26.45,-2815.08,0.0,-29.3,0,False
60806,2025-01-24 11:10:00,LONG,23308.2,23318.95,44.25,1.321,60823,2025-01-24 12:35:00,23274.7,stop,-44.25,-3971.85,56.05,-58.95,0,False
60840,2025-01-24 14:00:00,LONG,23219.0,23222.25,33.4,1.108,60841,2025-01-24 14:05:00,23188.85,stop,-33.4,-3264.68,17.5,-37.15,0,False
60842,2025-01-24 14:10:00,SHORT,23180.0,23157.0,55.34,1.711,60857,2025-01-24 15:25:00,23114.0,eod,43.0,1701.82,84.0,-22.0,0,False
60901,2025-01-27 12:50:00,SHORT,22865.75,22864.3,36.11,1.042,60932,2025-01-27 15:25:00,22831.9,eod,32.4,1017.8,54.3,-32.7,2,True
60954,2025-01-28 11:00:00,LONG,22968.6,22987.3,53.07,1.544,60995,2025-01-28 14:25:00,23093.45,target,106.15,5807.77,162.7,-33.8,0,False
60999,2025-01-28 14:45:00,SHORT,23048.2,23040.05,40.91,1.249,61002,2025-01-28 15:00:00,22958.23,target,81.82,4226.96,90.05,-9.15,0,False
61018,2025-01-29 10:05:00,LONG,23078.0,23093.0,48.66,1.446,61033,2025-01-29 11:20:00,23044.34,stop,-48.66,-4254.67,51.2,-122.5,1,True
61086,2025-01-30 09:30:00,LONG,23181.05,23182.0,31.59,1.031,61093,2025-01-30 10:05:00,23245.18,target,63.18,3011.77,93.0,-17.25,1,True
61137,2025-01-30 13:45:00,SHORT,23213.0,23210.7,25.42,1.099,61141,2025-01-30 14:05:00,23159.86,target,50.84,2210.8,87.3,-6.5,2,True
61189,2025-01-31 11:50:00,LONG,23557.7,23565.05,33.49,1.281,61205,2025-01-31 13:10:00,23632.04,target,66.99,3252.92,69.55,-10.05,1,True
61216,2025-01-31 14:05:00,SHORT,23555.0,23554.0,21.12,1.05,61218,2025-01-31 14:15:00,23575.12,stop,-21.12,-2473.07,13.5,-23.1,0,False
61245,2025-02-01 10:15:00,LONG,23644.0,23645.2,29.73,1.042,61254,2025-02-01 11:00:00,23615.47,stop,-29.73,-3033.5,49.75,-34.0,8,True
61260,2025-02-01 11:30:00,LONG,23699.0,23714.0,44.49,1.509,61261,2025-02-01 11:35:00,23669.51,stop,-44.49,-3993.82,1.35,-87.25,0,False
61279,2025-02-01 13:05:00,SHORT,23468.5,23456.0,68.15,1.225,61283,2025-02-01 13:25:00,23524.15,stop,-68.15,-5528.54,33.05,-91.3,0,False
61332,2025-02-03 11:15:00,LONG,23405.0,23409.95,29.99,1.198,61334,2025-02-03 11:25:00,23379.96,stop,-29.99,-3046.66,5.0,-44.95,4,True
61353,2025-02-03 13:00:00,LONG,23388.2,23419.85,53.2,2.469,61363,2025-02-03 13:50:00,23366.65,stop,-53.2,-4554.8,27.45,-53.6,0,False
61378,2025-02-03 15:05:00,LONG,23440.3,23450.05,29.95,1.483,61382,2025-02-03 15:25:00,23440.0,eod,-10.05,-1751.41,11.3,-17.45,1,True
61426,2025-02-04 12:50:00,LONG,23666.0,23670.35,30.92,1.164,61434,2025-02-04 13:30:00,23732.19,target,61.84,2916.8,64.65,-29.25,1,True
61505,2025-02-05 13:10:00,LONG,23823.95,23830.0,20.4,1.422,61511,2025-02-05 13:40:00,23809.6,stop,-20.4,-2430.57,7.75,-24.35,2,True
61527,2025-02-05 15:00:00,SHORT,23788.9,23775.6,27.65,1.927,61532,2025-02-05 15:25:00,23758.0,eod,17.6,40.17,20.6,-7.7,0,False
61563,2025-02-06 11:45:00,LONG,23704.05,23705.5,19.46,1.081,61576,2025-02-06 12:50:00,23686.04,stop,-19.46,-2367.35,8.7,-22.5,0,False
61577,2025-02-06 12:55:00,SHORT,23681.8,23680.45,16.26,1.091,61582,2025-02-06 13:20:00,23696.71,stop,-16.26,-2159.39,1.25,-20.5,1,True
61588,2025-02-06 13:50:00,SHORT,23675.2,23671.15,17.25,1.307,61589,2025-02-06 13:55:00,23688.4,stop,-17.25,-2223.53,0.3,-17.8,1,True
61609,2025-02-07 09:20:00,SHORT,23665.2,23665.0,18.71,1.011,61612,2025-02-07 09:35:00,23683.71,stop,-18.71,-2318.0,12.0,-23.45,0,False
61618,2025-02-07 10:05:00,LONG,23715.0,23739.95,52.2,1.916,61619,2025-02-07 10:10:00,23687.75,stop,-52.2,-4495.58,0.05,-79.9,2,False
61620,2025-02-07 10:15:00,SHORT,23638.6,23624.4,49.99,1.397,61628,2025-02-07 10:55:00,23674.39,stop,-49.99,-4350.48,42.1,-70.6,0,False
61633,2025-02-07 11:20:00,LONG,23744.9,23767.0,53.76,1.698,61641,2025-02-07 12:00:00,23713.24,stop,-53.76,-4597.45,27.65,-74.05,3,True
61663,2025-02-07 13:50:00,SHORT,23582.3,23581.0,29.34,1.046,61668,2025-02-07 14:15:00,23522.31,target,58.69,2714.44,60.0,-21.7,0,False
61715,2025-02-10 11:55:00,SHORT,23431.65,23414.7,41.29,1.696,61738,2025-02-10 13:50:00,23455.99,stop,-41.29,-3781.98,25.7,-45.3,1,True
61759,2025-02-11 09:20:00,SHORT,23389.0,23382.0,28.35,1.328,61762,2025-02-11 09:35:00,23410.35,stop,-28.35,-2940.02,11.2,-34.5,0,False
61794,2025-02-11 12:15:00,SHORT,23318.0,23317.0,16.78,1.063,61802,2025-02-11 12:55:00,23283.44,target,33.56,1085.4,71.5,-12.4,5,True
61824,2025-02-11 14:45:00,LONG,23135.95,23140.0,35.74,1.128,61832,2025-02-11 15:25:00,23140.05,eod,0.05,-1089.75,48.0,-18.9,0,False
61834,2025-02-12 09:20:00,SHORT,23094.5,23090.0,35.68,1.144,61837,2025-02-12 09:35:00,23018.64,target,71.36,3546.28,75.0,-20.0,0,False
61862,2025-02-12 11:40:00,LONG,23042.65,23107.0,107.02,2.508,61907,2025-02-12 15:25:00,23132.0,eod,25.0,532.2,129.35,-50.95,3,True
61924,2025-02-13 10:35:00,LONG,23265.6,23270.0,40.37,1.122,61930,2025-02-13 11:05:00,23229.63,stop,-40.37,-3718.7,5.5,-44.95,0,False
61954,2025-02-13 13:05:00,SHORT,23261.45,23261.3,19.97,1.008,61956,2025-02-13 13:15:00,23221.37,target,39.93,1500.65,42.3,0.0,8,True
61999,2025-02-14 10:35:00,SHORT,23066.6,23022.0,85.99,2.078,62028,2025-02-14 13:00:00,22850.03,target,171.97,10087.69,175.55,-9.7,2,True
62046,2025-02-14 14:30:00,LONG,22943.05,22978.0,69.87,2.001,62057,2025-02-14 15:25:00,22976.9,eod,-1.1,-1161.72,76.0,-8.0,2,True
62065,2025-02-17 09:50:00,SHORT,22848.0,22844.55,49.29,1.075,62071,2025-02-17 10:20:00,22893.84,stop,-49.29,-4291.67,12.65,-81.4,0,False
62109,2025-02-17 13:30:00,LONG,22975.0,22984.6,39.91,1.317,62132,2025-02-17 15:25:00,23043.5,eod,58.9,2737.31,64.3,-29.6,0,False
62147,2025-02-18 10:25:00,SHORT,22866.0,22864.65,36.18,1.039,62152,2025-02-18 10:50:00,22900.83,stop,-36.18,-3440.38,9.65,-41.35,1,True
62199,2025-02-18 14:45:00,LONG,22992.5,22999.0,30.94,1.266,62205,2025-02-18 15:15:00,22968.06,stop,-30.94,-3101.22,9.15,-41.95,3,True
62215,2025-02-19 09:50:00,LONG,23008.15,23021.55,43.42,1.446,62228,2025-02-19 10:55:00,22978.13,stop,-43.42,-3912.81,84.65,-46.55,2,True
62254,2025-02-19 13:05:00,SHORT,22993.45,22980.0,38.89,1.529,62282,2025-02-19 15:25:00,22957.0,eod,23.0,404.8,74.0,-35.0,5,True
62289,2025-02-20 09:45:00,SHORT,22881.15,22863.15,46.41,1.634,62290,2025-02-20 09:50:00,22909.56,stop,-46.41,-4105.22,2.25,-49.85,3,True
62323,2025-02-20 12:35:00,LONG,22940.5,22941.0,16.15,1.032,62328,2025-02-20 13:00:00,22924.85,stop,-16.15,-2139.01,5.4,-36.7,0,False
62337,2025-02-20 13:45:00,LONG,22949.0,22950.0,15.99,1.067,62341,2025-02-20 14:05:00,22934.01,stop,-15.99,-2128.63,10.0,-21.4,7,True
62363,2025-02-21 09:40:00,SHORT,22910.25,22880.0,48.13,2.692,62370,2025-02-21 10:15:00,22783.73,target,96.27,5168.98,98.4,-8.5,7,True
62386,2025-02-21 11:35:00,LONG,22840.0,22852.0,38.09,1.46,62403,2025-02-21 13:00:00,22813.91,stop,-38.09,-3563.38,19.0,-60.0,0,False
62410,2025-02-21 13:35:00,SHORT,22781.6,22765.0,39.12,1.737,62415,2025-02-21 14:00:00,22804.12,stop,-39.12,-3629.71,2.35,-43.8,1,True
62462,2025-02-24 11:40:00,LONG,22637.8,22660.0,42.75,2.08,62467,2025-02-24 12:05:00,22617.25,stop,-42.75,-3863.09,13.0,-49.75,3,True
62468,2025-02-24 12:10:00,SHORT,22608.8,22608.05,20.67,1.038,62473,2025-02-24 12:35:00,22628.72,stop,-20.67,-2427.27,2.55,-30.95,1,True
62485,2025-02-24 13:35:00,SHORT,22600.0,22586.95,30.79,1.736,62496,2025-02-24 14:30:00,22617.74,stop,-30.79,-3085.04,11.8,-35.05,6,True
62537,2025-02-25 11:40:00,LONG,22590.0,22596.0,21.17,1.396,62581,2025-02-25 15:20:00,22574.83,stop,-21.17,-2459.38,29.2,-29.45,1,True
62615,2025-02-27 11:55:00,SHORT,22540.05,22540.0,10.88,1.005,62627,2025-02-27 12:55:00,22550.88,stop,-10.88,-1790.01,9.45,-12.9,1,True
62644,2025-02-27 14:20:00,LONG,22554.0,22554.75,7.58,1.11,62647,2025-02-27 14:35:00,22547.17,stop,-7.58,-1575.7,0.25,-9.15,2,True
62655,2025-02-27 15:15:00,SHORT,22548.0,22545.6,8.2,1.414,62657,2025-02-27 15:25:00,22543.45,eod,2.15,-943.08,2.35,-0.4,1,True
62697,2025-02-28 12:30:00,SHORT,22359.45,22343.15,37.18,1.781,62701,2025-02-28 12:50:00,22268.79,target,74.36,3754.48,77.9,-4.75,0,False
62739,2025-03-03 09:45:00,SHORT,22245.0,22230.0,48.79,1.444,62775,2025-03-03 12:45:00,22278.79,stop,-48.79,-4249.05,89.95,-58.65,3,False
62853,2025-03-04 13:00:00,SHORT,22170.0,22158.0,27.23,1.788,62864,2025-03-04 13:55:00,22185.23,stop,-27.23,-2846.1,7.0,-28.85,5,True
62866,2025-03-04 14:05:00,LONG,22195.75,22200.0,18.56,1.297,62882,2025-03-04 15:25:00,22181.44,stop,-18.56,-2283.14,20.0,-19.15,1,True
62884,2025-03-05 09:20:00,LONG,22272.0,22284.75,32.9,1.633,62888,2025-03-05 09:40:00,22350.55,target,65.8,3197.69,69.25,-17.0,0,False
62900,2025-03-05 10:40:00,LONG,22375.2,22382.55,32.76,1.289,62913,2025-03-05 11:45:00,22448.07,target,65.52,3178.02,79.35,-22.9,1,True
62947,2025-03-05 14:35:00,LONG,22434.0,22440.0,27.22,1.283,62957,2025-03-05 15:25:00,22447.0,eod,7.0,-626.13,15.0,-8.85,0,False
62964,2025-03-06 09:45:00,SHORT,22391.8,22368.7,55.49,1.713,62966,2025-03-06 09:55:00,22424.19,stop,-55.49,-4686.77,7.45,-69.8,0,False
63001,2025-03-06 12:50:00,LONG,22560.55,22573.85,41.06,1.479,63032,2025-03-06 15:25:00,22620.2,eod,46.35,1928.77,64.25,-26.35,3,True
63096,2025-03-07 14:30:00,LONG,22669.0,22689.0,42.76,1.879,63105,2025-03-07 15:15:00,22646.24,stop,-42.76,-3864.05,15.7,-53.45,2,True
63113,2025-03-10 09:40:00,LONG,22704.7,22707.15,28.2,1.095,63117,2025-03-10 10:00:00,22678.95,stop,-28.2,-2918.04,17.85,-28.25,0,False
63141,2025-03-10 12:00:00,SHORT,22664.95,22657.6,27.76,1.36,63162,2025-03-10 13:45:00,22602.08,target,55.52,2524.42,66.5,-21.35,0,False
63168,2025-03-10 14:15:00,SHORT,22568.0,22566.3,21.17,1.087,63170,2025-03-10 14:25:00,22523.95,target,42.35,1669.43,55.3,-8.65,0,False
63204,2025-03-11 11:00:00,LONG,22536.95,22567.8,63.53,1.944,63207,2025-03-11 11:15:00,22504.27,stop,-63.53,-5211.6,4.15,-80.6,1,True
63223,2025-03-11 12:35:00,LONG,22527.95,22534.0,28.14,1.274,63228,2025-03-11 13:00:00,22505.86,stop,-28.14,-2911.6,7.0,-29.9,0,False
63236,2025-03-11 13:40:00,LONG,22542.55,22550.55,26.81,1.425,63257,2025-03-11 15:25:00,22585.0,eod,34.45,1155.84,41.45,-12.75,0,False
63260,2025-03-12 09:25:00,SHORT,22537.8,22512.05,49.5,2.084,63286,2025-03-12 11:35:00,22413.04,target,99.01,5353.54,109.95,-46.95,1,False
63341,2025-03-13 09:55:00,LONG,22564.1,22580.2,41.81,1.626,63352,2025-03-13 10:50:00,22538.39,stop,-41.81,-3800.2,35.15,-47.7,1,True
63377,2025-03-13 12:55:00,LONG,22498.0,22500.0,21.82,1.101,63379,2025-03-13 13:05:00,22478.18,stop,-21.82,-2500.22,4.05,-25.45,5,True
63380,2025-03-13 13:10:00,SHORT,22472.1,22471.0,19.99,1.058,63385,2025-03-13 13:35:00,22490.99,stop,-19.99,-2380.94,10.7,-21.6,1,True
63410,2025-03-17 09:25:00,LONG,22616.35,22618.9,26.55,1.106,63417,2025-03-17 10:00:00,22592.35,stop,-26.55,-2809.38,50.05,-33.0,0,False
63436,2025-03-17 11:35:00,LONG,22585.1,22600.0,37.12,1.67,63440,2025-03-17 11:55:00,22562.88,stop,-37.12,-3496.21,8.0,-45.0,0,False
63511,2025-03-18 11:35:00,LONG,22830.0,22835.0,25.3,1.246,63520,2025-03-18 12:20:00,22809.7,stop,-25.3,-2731.69,2.6,-26.2,1,True
63531,2025-03-18 13:15:00,LONG,22837.95,22843.0,22.85,1.284,63553,2025-03-18 15:05:00,22888.7,target,45.7,1881.73,48.05,-15.95,0,False
63570,2025-03-19 10:15:00,LONG,22939.0,22956.5,43.19,1.681,63632,2025-03-19 15:25:00,22974.05,eod,17.55,50.63,35.8,-36.3,0,False
63688,2025-03-20 13:50:00,LONG,23215.0,23216.05,17.41,1.064,63693,2025-03-20 14:15:00,23198.64,stop,-17.41,-2225.59,13.95,-24.05,0,False
63709,2025-03-21 09:20:00,SHORT,23192.0,23186.0,22.94,1.354,63710,2025-03-21 09:25:00,23208.94,stop,-22.94,-2584.98,10.9,-32.1,2,True
63711,2025-03-21 09:30:00,LONG,23232.6,23241.8,29.8,1.447,63722,2025-03-21 10:25:00,23301.4,target,59.6,2778.15,74.85,-6.05,0,False
63735,2025-03-21 11:30:00,LONG,23384.0,23387.05,26.9,1.128,63737,2025-03-21 11:40:00,23360.15,stop,-26.9,-2845.53,3.5,-44.05,0,False
63745,2025-03-21 12:20:00,LONG,23395.6,23409.25,36.06,1.609,63756,2025-03-21 13:15:00,23373.19,stop,-36.06,-3440.75,28.2,-37.25,0,False
63760,2025-03-21 13:35:00,SHORT,23371.65,23359.7,35.32,1.511,63769,2025-03-21 14:20:00,23395.02,stop,-35.32,-3392.76,64.7,-46.0,1,True
63839,2025-03-24 13:55:00,LONG,23669.0,23688.55,40.73,1.923,63857,2025-03-24 15:25:00,23720.0,eod,31.45,941.41,41.25,-22.55,9,False
63887,2025-03-25 11:40:00,SHORT,23680.1,23678.0,40.06,1.055,63890,2025-03-25 11:55:00,23718.06,stop,-40.06,-3706.18,13.0,-60.0,2,True
63912,2025-03-25 13:45:00,LONG,23765.0,23771.0,35.62,1.203,63920,2025-03-25 14:25:00,23735.38,stop,-35.62,-3418.55,14.0,-38.3,2,True
63948,2025-03-26 10:30:00,LONG,23718.8,23729.1,43.16,1.313,63954,2025-03-26 11:00:00,23685.94,stop,-43.16,-3907.81,27.65,-79.1,0,False
63966,2025-03-26 12:00:00,SHORT,23620.0,23617.25,30.1,1.101,63972,2025-03-26 12:30:00,23647.35,stop,-30.1,-3057.89,0.0,-35.75,1,True
64165,2025-05-05 09:50:00,LONG,24555.0,24585.0,73.3,1.693,64189,2025-05-05 11:50:00,24511.7,stop,-73.3,-5880.91,44.5,-75.0,0,False
64211,2025-05-05 13:40:00,LONG,24558.9,24562.0,24.42,1.145,64219,2025-05-05 14:20:00,24537.58,stop,-24.42,-2704.42,22.0,-28.0,6,False
64234,2025-05-06 09:20:00,SHORT,24530.5,24524.7,25.08,1.301,64236,2025-05-06 09:30:00,24549.78,stop,-25.08,-2746.8,17.7,-35.6,1,True
64246,2025-05-06 10:20:00,SHORT,24471.0,24462.0,31.84,1.394,64250,2025-05-06 10:40:00,24493.84,stop,-31.84,-3185.23,1.6,-33.5,4,True
64310,2025-05-07 09:25:00,LONG,24490.0,24496.6,34.9,1.233,64314,2025-05-07 09:45:00,24461.7,stop,-34.9,-3384.4,41.9,-69.3,0,False
64332,2025-05-07 11:15:00,LONG,24467.9,24475.0,38.3,1.228,64339,2025-05-07 11:50:00,24436.7,stop,-38.3,-3604.88,35.0,-40.0,0,False
64384,2025-05-08 09:20:00,LONG,24484.8,24488.2,23.47,1.169,64386,2025-05-08 09:30:00,24464.73,stop,-23.47,-2641.45,2.7,-37.2,1,True
64424,2025-05-08 12:40:00,SHORT,24477.0,24476.0,9.69,1.115,64431,2025-05-08 13:15:00,24456.62,target,19.38,143.93,31.8,-3.9,1,False
64432,2025-05-08 13:20:00,SHORT,24432.9,24426.5,16.97,1.606,64433,2025-05-08 13:25:00,24443.47,stop,-16.97,-2217.88,1.5,-23.5,7,True
64442,2025-05-08 14:10:00,SHORT,24378.4,24356.7,39.83,2.197,64450,2025-05-08 14:50:00,24277.05,target,79.65,4063.91,95.3,-38.3,2,True
64559,2025-05-12 11:25:00,LONG,24829.8,24832.1,36.92,1.066,64570,2025-05-12 12:20:00,24795.18,stop,-36.92,-3521.3,16.9,-37.1,1,True
64609,2025-05-13 09:20:00,SHORT,24868.0,24862.3,44.61,1.146,64611,2025-05-13 09:30:00,24773.08,target,89.22,4676.98,92.3,-37.5,0,False
64622,2025-05-13 10:25:00,SHORT,24757.6,24740.1,75.15,1.304,64627,2025-05-13 10:50:00,24815.25,stop,-75.15,-6005.02,27.6,-91.5,4,True
64647,2025-05-13 12:30:00,SHORT,24759.0,24750.0,56.43,1.19,64668,2025-05-13 14:15:00,24637.13,target,112.87,6216.11,123.0,-15.0,2,False
64712,2025-05-14 11:40:00,SHORT,24737.5,24732.9,33.15,1.161,64723,2025-05-14 12:35:00,24666.6,target,66.3,3189.23,72.9,-11.1,1,False
64749,2025-05-14 14:45:00,LONG,24695.1,24699.3,33.87,1.142,64757,2025-05-14 15:25:00,24728.0,eod,28.7,745.41,40.7,-18.2,1,True
64774,2025-05-15 10:35:00,LONG,24750.0,24803.5,95.54,2.273,64781,2025-05-15 11:10:00,24707.96,stop,-95.54,-7330.11,67.3,-113.4,0,False
64792,2025-05-15 12:05:00,LONG,24745.3,24771.3,71.1,1.577,64805,2025-05-15 13:10:00,24913.49,target,142.19,8119.64,149.7,-63.3,0,False
64830,2025-05-15 15:15:00,SHORT,25070.1,25066.0,38.48,1.119,64832,2025-05-15 15:25:00,25075.0,eod,-9.0,-1710.98,3.1,-15.7,1,True
64855,2025-05-16 11:05:00,SHORT,25032.1,25015.9,49.07,1.493,64872,2025-05-16 12:30:00,25064.97,stop,-49.07,-4314.85,5.9,-53.6,1,True
64874,2025-05-16 12:40:00,LONG,25066.0,25068.0,26.03,1.083,64878,2025-05-16 13:00:00,25041.97,stop,-26.03,-2817.74,21.0,-26.3,4,True
64912,2025-05-19 09:35:00,SHORT,25052.0,25040.1,38.06,1.455,64915,2025-05-19 09:50:00,25078.16,stop,-38.06,-3599.35,7.9,-38.6,3,False
64921,2025-05-19 10:20:00,LONG,25100.0,25110.3,37.48,1.379,64924,2025-05-19 10:35:00,25072.82,stop,-37.48,-3562.11,5.3,-42.7,5,True
64962,2025-05-19 13:45:00,SHORT,25032.2,25026.9,21.51,1.327,64965,2025-05-19 14:00:00,24983.89,target,43.01,1670.72,47.5,-9.1,3,True
64990,2025-05-20 09:50:00,SHORT,24952.7,24939.9,41.09,1.452,64999,2025-05-20 10:35:00,24980.99,stop,-41.09,-3794.63,9.9,-62.1,1,True
65014,2025-05-20 11:50:00,SHORT,24940.0,24931.1,36.22,1.326,65027,2025-05-20 12:55:00,24858.67,target,72.43,3584.81,76.1,-28.8,2,True
65074,2025-05-21 10:35:00,LONG,24977.9,25004.8,58.06,1.863,65079,2025-05-21 11:00:00,24946.74,stop,-58.06,-4898.25,9.2,-65.6,4,True
65115,2025-05-21 14:00:00,SHORT,24786.1,24780.1,43.65,1.159,65117,2025-05-21 14:10:00,24823.75,stop,-43.65,-3958.59,0.0,-58.9,0,False
65175,2025-05-22 12:45:00,SHORT,24591.1,24571.8,42.08,1.847,65198,2025-05-22 14:40:00,24613.88,stop,-42.08,-3852.73,56.8,-48.2,0,False
65203,2025-05-22 15:05:00,LONG,24656.9,24658.0,29.51,1.039,65207,2025-05-22 15:25:00,24665.1,eod,7.1,-657.57,18.1,-19.2,2,True
65209,2025-05-23 09:20:00,LONG,24674.0,24741.8,100.83,3.053,65227,2025-05-23 10:50:00,24943.46,target,201.67,11984.92,207.1,-25.7,4,True
65260,2025-05-23 13:35:00,SHORT,24915.3,24914.5,26.08,1.032,65275,2025-05-23 14:50:00,24862.33,target,52.17,2267.57,54.2,-23.2,2,True
65372,2025-05-27 10:25:00,SHORT,24781.1,24776.9,38.36,1.123,65374,2025-05-27 10:35:00,24815.26,stop,-38.36,-3614.29,2.7,-50.0,6,True
65384,2025-05-27 11:25:00,LONG,25043.6,25049.9,52.62,1.136,65386,2025-05-27 11:35:00,24997.28,stop,-52.62,-4545.01,56.3,-83.9,0,False
65414,2025-05-27 13:55:00,SHORT,24853.3,24815.1,76.46,1.998,65432,2025-05-27 15:25:00,24860.0,eod,-44.9,-4040.28,75.7,-61.4,2,True
65447,2025-05-28 10:25:00,SHORT,24767.2,24761.1,44.49,1.159,65451,2025-05-28 10:45:00,24805.59,stop,-44.49,-4012.39,1.1,-68.9,5,True
65501,2025-05-28 14:55:00,SHORT,24782.0,24779.0,22.34,1.155,65507,2025-05-28 15:25:00,24746.3,eod,32.7,1004.55,32.7,-9.6,1,True
65529,2025-05-29 11:00:00,SHORT,24744.0,24718.1,55.17,1.885,65552,2025-05-29 12:55:00,24773.27,stop,-55.17,-4706.15,56.9,-56.8,4,True
65577,2025-05-29 15:00:00,LONG,24778.4,24793.4,37.35,1.671,65582,2025-05-29 15:25:00,24831.8,eod,38.4,1374.16,47.7,0.0,2,True
65634,2025-05-30 13:30:00,LONG,24894.1,24898.1,21.78,1.225,65642,2025-05-30 14:10:00,24876.32,stop,-21.78,-2538.54,26.9,-26.1,1,True
65656,2025-05-30 15:20:00,SHORT,24869.0,24866.3,20.58,1.151,65657,2025-05-30 15:25:00,24852.0,eod,14.3,-193.0,14.3,-8.7,4,True
65721,2025-06-02 14:30:00,SHORT,24790.0,24771.2,45.3,1.71,65726,2025-06-02 14:55:00,24816.5,stop,-45.3,-4065.35,8.7,-64.8,1,True
65746,2025-06-03 10:20:00,LONG,24862.0,24870.0,48.62,1.197,65749,2025-06-03 10:35:00,24821.38,stop,-48.62,-4282.09,11.7,-113.0,3,True
65756,2025-06-03 11:10:00,SHORT,24734.0,24720.0,54.5,1.346,65760,2025-06-03 11:30:00,24774.5,stop,-54.5,-4662.86,20.0,-75.0,0,False
65776,2025-06-03 12:50:00,SHORT,24715.4,24656.4,96.3,2.582,65807,2025-06-03 15:25:00,24646.8,eod,9.6,-494.92,16.4,-76.5,10,True
65835,2025-06-04 11:30:00,LONG,24715.0,24716.9,21.41,1.097,65866,2025-06-04 14:05:00,24759.73,target,42.83,1663.15,43.1,-20.9,2,True
65885,2025-06-05 09:25:00,LONG,24795.0,24819.0,43.27,2.246,65916,2025-06-05 12:00:00,24905.53,target,86.53,4501.53,96.5,-26.6,0,False
65929,2025-06-05 13:05:00,SHORT,24922.1,24920.1,28.77,1.075,65934,2025-06-05 13:30:00,24862.55,target,57.55,2617.27,78.5,-9.0,2,True
65961,2025-06-06 09:30:00,SHORT,24813.2,24796.0,42.7,1.674,65968,2025-06-06 10:05:00,24838.7,stop,-42.7,-3897.01,46.0,-114.0,2,True
65972,2025-06-06 10:25:00,LONG,24896.0,24919.0,64.21,1.558,65976,2025-06-06 10:45:00,25047.41,target,128.41,7221.68,134.5,-5.2,3,True
65987,2025-06-06 11:40:00,LONG,25090.0,25109.9,52.49,1.611,65998,2025-06-06 12:35:00,25057.41,stop,-52.49,-4538.11,29.1,-52.8,1,True
66018,2025-06-06 14:15:00,LONG,25090.0,25099.6,30.55,1.458,66032,2025-06-06 15:25:00,25090.6,eod,-9.0,-1711.4,25.2,-17.3,0,False
66048,2025-06-09 10:30:00,LONG,25199.0,25203.1,26.19,1.186,66062,2025-06-09 11:40:00,25176.91,stop,-26.19,-2830.21,11.8,-29.1,1,True
66090,2025-06-09 14:00:00,SHORT,25180.0,25177.6,13.03,1.226,66107,2025-06-09 15:25:00,25180.0,eod,-2.4,-1283.87,16.4,-11.1,8,True
66110,2025-06-10 09:25:00,SHORT,25160.7,25158.1,20.71,1.144,66111,2025-06-10 09:30:00,25178.81,stop,-20.71,-2473.43,27.8,-33.9,0,False
66167,2025-06-10 14:10:00,SHORT,25199.8,25199.0,9.94,1.088,66174,2025-06-10 14:45:00,25179.12,target,19.88,163.81,22.4,-2.5,0,False
66192,2025-06-11 10:00:00,LONG,25213.3,25214.9,17.28,1.102,66201,2025-06-11 10:45:00,25249.45,target,34.55,1116.81,50.1,-17.0,1,True
66203,2025-06-11 10:55:00,LONG,25247.9,25248.0,16.98,1.006,66207,2025-06-11 11:15:00,25281.96,target,33.96,1077.82,36.0,-11.3,3,True
66237,2025-06-11 13:45:00,SHORT,25235.5,25215.0,37.02,2.241,66257,2025-06-11 15:25:00,25204.0,eod,11.0,-413.47,20.0,-23.0,1,True
66275,2025-06-12 10:40:00,SHORT,25140.0,25118.0,47.15,1.875,66309,2025-06-12 13:30:00,25023.71,target,94.29,5002.32,103.0,-47.0,0,False
66347,2025-06-13 10:25:00,LONG,24708.4,24712.0,42.39,1.093,66407,2025-06-13 15:25:00,24736.2,eod,24.2,452.76,78.0,-39.0,1,True
66430,2025-06-16 11:05:00,LONG,24985.4,24985.7,28.71,1.011,66433,2025-06-16 11:20:00,24956.99,stop,-28.71,-2990.22,5.6,-44.3,1,True
66524,2025-06-17 12:40:00,SHORT,24885.2,24871.0,30.72,1.859,66557,2025-06-17 15:25:00,24865.0,eod,6.0,-732.6,31.3,-29.0,1,True
66559,2025-06-18 09:20:00,LONG,24904.3,24908.5,22.43,1.23,66561,2025-06-18 09:30:00,24953.35,target,44.85,1791.62,46.5,-12.7,0,False
66571,2025-06-18 10:20:00,SHORT,24932.4,24914.0,40.15,1.846,66585,2025-06-18 11:30:00,24833.7,target,80.3,4096.39,123.2,-11.0,0,False
66636,2025-06-19 09:30:00,LONG,24854.4,24854.5,24.16,1.004,66648,2025-06-19 10:30:00,24830.34,stop,-24.16,-2692.14,34.9,-29.5,0,False
66689,2025-06-19 13:55:00,LONG,24825.0,24839.0,28.44,1.97,66704,2025-06-19 15:10:00,24810.56,stop,-28.44,-2970.06,28.3,-31.8,2,True
66706,2025-06-19 15:20:00,SHORT,24800.0,24797.4,17.94,1.169,66707,2025-06-19 15:25:00,24775.0,eod,22.4,334.7,22.4,0.0,0,False
66720,2025-06-20 10:15:00,LONG,24965.0,24995.0,60.93,1.97,66756,2025-06-20 13:15:00,25116.86,target,121.86,6794.73,130.0,0.0,0,False
66778,2025-06-20 15:05:00,LONG,25120.0,25122.9,22.68,1.147,66781,2025-06-20 15:20:00,25100.22,stop,-22.68,-2600.78,14.1,-22.9,2,True
66824,2025-06-23 12:40:00,LONG,24959.9,24966.6,25.75,1.352,66829,2025-06-23 13:05:00,24940.85,stop,-25.75,-2797.44,3.4,-26.6,0,False
66831,2025-06-23 13:15:00,LONG,24970.0,24980.2,28.13,1.569,66832,2025-06-23 13:20:00,25036.45,target,56.25,2531.02,68.4,0.0,1,True
66840,2025-06-23 14:00:00,LONG,25053.0,25082.8,52.86,2.292,66843,2025-06-23 14:15:00,25029.94,stop,-52.86,-4561.3,7.2,-57.8,0,False
66844,2025-06-23 14:20:00,SHORT,25022.7,25009.0,37.35,1.579,66857,2025-06-23 15:25:00,24993.0,eod,16.0,-84.93,34.0,-20.9,1,False
66880,2025-06-24 11:05:00,LONG,25280.0,25288.2,43.6,1.232,66899,2025-06-24 12:40:00,25244.6,stop,-43.6,-3963.38,60.8,-100.8,0,False
66907,2025-06-24 13:20:00,SHORT,25187.0,25160.0,67.11,1.673,66932,2025-06-24 15:25:00,25090.0,eod,70.0,3422.63,120.0,-39.0,0,False
66952,2025-06-25 10:50:00,LONG,25232.1,25235.2,28.18,1.124,66966,2025-06-25 12:00:00,25207.02,stop,-28.18,-2959.84,8.5,-34.2,0,False
66979,2025-06-25 13:05:00,LONG,25243.7,25249.3,22.54,1.331,67007,2025-06-25 15:25:00,25250.0,eod,0.7,-1083.6,40.7,-10.9,4,True
67041,2025-06-26 12:00:00,LONG,25387.9,25400.0,48.41,1.333,67063,2025-06-26 13:50:00,25496.83,target,96.83,5160.83,99.0,-39.3,0,False
67077,2025-06-26 15:00:00,LONG,25545.6,25554.5,38.84,1.297,67082,2025-06-26 15:25:00,25554.7,eod,0.2,-1121.31,4.2,-13.3,1,True
67102,2025-06-27 10:50:00,LONG,25699.0,25703.2,30.32,1.161,67124,2025-06-27 12:40:00,25763.84,target,60.64,2803.71,66.8,-3.2,1,True
67161,2025-06-30 09:30:00,SHORT,25732.0,25720.0,33.0,1.571,67200,2025-06-30 12:45:00,25654.0,target,66.0,3153.2,69.6,-10.0,4,False
67202,2025-06-30 12:55:00,SHORT,25644.8,25635.0,26.78,1.577,67213,2025-06-30 13:50:00,25581.44,target,53.56,2346.17,60.0,0.0,0,False
67227,2025-06-30 15:00:00,LONG,25604.6,25607.4,20.29,1.16,67232,2025-06-30 15:25:00,25616.0,eod,8.6,-576.34,16.6,-7.4,5,True
67234,2025-07-01 09:20:00,LONG,25625.0,25644.8,39.57,2.002,67265,2025-07-01 11:55:00,25605.23,stop,-39.57,-3707.17,46.5,-39.8,3,True
67292,2025-07-01 14:10:00,LONG,25659.4,25663.0,16.13,1.287,67294,2025-07-01 14:20:00,25646.87,stop,-16.13,-2184.24,4.5,-16.7,0,False
67317,2025-07-02 10:00:00,SHORT,25633.5,25633.3,17.19,1.012,67324,2025-07-02 10:35:00,25598.93,target,34.37,1098.76,40.3,-2.5,4,True
67329,2025-07-02 11:00:00,SHORT,25586.0,25582.9,20.14,1.182,67343,2025-07-02 12:10:00,25603.04,stop,-20.14,-2443.9,22.9,-22.5,4,True
67350,2025-07-02 12:45:00,SHORT,25580.0,25576.3,15.88,1.304,67357,2025-07-02 13:20:00,25544.55,target,31.75,929.15,48.3,-8.9,0,False
67391,2025-07-03 09:55:00,LONG,25635.8,25640.0,33.55,1.143,67412,2025-07-03 11:40:00,25606.45,stop,-33.55,-3315.91,26.7,-46.3,1,True
67445,2025-07-03 14:25:00,SHORT,25574.7,25554.7,43.92,1.836,67457,2025-07-03 15:25:00,25501.0,eod,53.7,2356.33,69.6,0.0,3,True
67462,2025-07-04 09:35:00,SHORT,25481.0,25472.0,35.72,1.337,67467,2025-07-04 10:00:00,25507.72,stop,-35.72,-3454.48,21.0,-37.0,3,True
67474,2025-07-04 10:35:00,LONG,25509.7,25511.0,24.23,1.057,67483,2025-07-04 11:20:00,25486.77,stop,-24.23,-2708.42,5.8,-36.0,0,False
67522,2025-07-04 14:35:00,LONG,25516.8,25524.0,24.69,1.412,67532,2025-07-04 15:25:00,25552.0,eod,28.0,685.81,34.0,-2.3,2,True
67536,2025-07-07 09:30:00,LONG,25558.0,25565.0,32.0,1.28,67538,2025-07-07 09:40:00,25533.0,stop,-32.0,-3214.27,9.8,-33.1,0,False
67590,2025-07-07 14:00:00,LONG,25546.6,25550.4,18.81,1.253,67596,2025-07-07 14:30:00,25531.59,stop,-18.81,-2356.52,4.6,-38.0,2,False
67609,2025-07-08 09:20:00,LONG,25545.4,25557.0,28.11,1.703,67617,2025-07-08 10:00:00,25528.89,stop,-28.11,-2961.07,20.0,-33.7,0,False
67630,2025-07-08 11:05:00,SHORT,25523.3,25522.8,15.57,1.033,67635,2025-07-08 11:30:00,25538.37,stop,-15.57,-2146.13,1.8,-18.4,5,True
67644,2025-07-08 12:15:00,LONG,25543.0,25544.6,12.31,1.149,67654,2025-07-08 13:05:00,25569.22,target,24.62,465.94,28.2,-4.6,3,True
67656,2025-07-08 13:15:00,LONG,25567.8,25568.4,11.88,1.053,67657,2025-07-08 13:20:00,25556.52,stop,-11.88,-1906.73,1.6,-11.9,5,True
67676,2025-07-08 14:55:00,LONG,25574.8,25575.0,10.67,1.019,67677,2025-07-08 15:00:00,25596.35,target,21.35,252.48,24.0,-5.5,2,True
67706,2025-07-09 11:10:00,LONG,25628.8,25628.9,14.7,1.007,67714,2025-07-09 11:50:00,25614.2,stop,-14.7,-2091.11,16.9,-24.4,0,False
67728,2025-07-09 13:00:00,SHORT,25609.0,25596.0,25.25,2.061,67732,2025-07-09 13:20:00,25621.25,stop,-25.25,-2776.19,0.9,-31.5,4,True
67743,2025-07-09 14:15:00,SHORT,25610.4,25605.7,16.97,1.383,67746,2025-07-09 14:30:00,25571.75,target,33.95,1071.35,67.7,-4.3,2,False
67759,2025-07-10 09:20:00,SHORT,25521.0,25520.1,21.33,1.044,67765,2025-07-10 09:50:00,25477.45,target,42.65,1638.87,43.5,-9.9,1,False
67820,2025-07-10 14:25:00,LONG,25470.0,25475.0,23.63,1.268,67824,2025-07-10 14:45:00,25451.37,stop,-23.63,-2668.88,7.0,-31.6,5,True
67879,2025-07-11 13:05:00,SHORT,25224.4,25212.0,29.94,1.707,67892,2025-07-11 14:10:00,25241.94,stop,-29.94,-3074.84,0.0,-38.0,0,False
67949,2025-07-14 12:40:00,LONG,25120.9,25122.6,17.11,1.11,67952,2025-07-14 12:55:00,25105.49,stop,-17.11,-2238.86,2.1,-27.4,2,True
67954,2025-07-14 13:05:00,SHORT,25096.5,25087.6,24.98,1.553,67957,2025-07-14 13:20:00,25112.58,stop,-24.98,-2750.4,5.5,-36.8,8,True
67970,2025-07-14 14:25:00,LONG,25129.0,25134.8,20.45,1.396,67972,2025-07-14 14:35:00,25114.35,stop,-20.45,-2456.09,0.7,-23.3,1,True
68002,2025-07-15 10:50:00,LONG,25247.8,25252.6,25.04,1.237,68006,2025-07-15 11:10:00,25302.67,target,50.07,2124.79,53.4,-12.1,0,False
68023,2025-07-15 12:35:00,LONG,25287.3,25290.0,18.39,1.172,68027,2025-07-15 12:55:00,25271.61,stop,-18.39,-2325.0,2.0,-19.0,1,True
68054,2025-07-15 15:10:00,LONG,25259.0,25260.0,16.53,1.064,68057,2025-07-15 15:25:00,25280.0,eod,20.0,170.44,28.1,-4.3,0,False
68075,2025-07-16 10:40:00,SHORT,25174.0,25166.3,26.59,1.408,68079,2025-07-16 11:00:00,25192.89,stop,-26.59,-2855.91,3.8,-26.9,4,True
68089,2025-07-16 11:50:00,LONG,25215.0,25239.0,40.97,2.414,68132,2025-07-16 15:25:00,25236.7,eod,-2.3,-1278.38,50.9,-28.8,0,False
68143,2025-07-17 10:05:00,SHORT,25216.6,25207.0,27.02,1.551,68159,2025-07-17 11:25:00,25234.02,stop,-27.02,-2884.48,27.0,-28.0,0,False
68161,2025-07-17 11:35:00,LONG,25240.6,25247.3,23.88,1.39,68173,2025-07-17 12:35:00,25223.42,stop,-23.88,-2681.16,2.7,-28.6,1,True
68195,2025-07-17 14:25:00,SHORT,25190.0,25184.8,19.79,1.356,68207,2025-07-17 15:25:00,25170.5,eod,14.3,-198.44,19.8,-13.2,2,True
68228,2025-07-18 10:55:00,SHORT,24989.8,24981.3,29.41,1.407,68229,2025-07-18 11:00:00,25010.71,stop,-29.41,-3036.0,0.3,-36.2,0,False
68261,2025-07-18 13:40:00,LONG,25028.0,25033.1,20.79,1.325,68263,2025-07-18 13:50:00,25012.31,stop,-20.79,-2476.43,1.9,-23.5,4,True
68270,2025-07-18 14:25:00,LONG,25035.0,25044.0,25.4,1.549,68282,2025-07-18 15:25:00,25027.0,eod,-17.0,-2230.33,16.0,-22.7,6,True
68284,2025-07-21 09:20:00,SHORT,24982.3,24963.3,38.05,1.997,68289,2025-07-21 09:45:00,25001.35,stop,-38.05,-3597.64,42.6,-82.6,0,False
68305,2025-07-21 11:05:00,LONG,25122.0,25123.7,25.26,1.072,68311,2025-07-21 11:35:00,25098.44,stop,-25.26,-2768.21,0.1,-36.1,1,True
68312,2025-07-21 11:40:00,SHORT,25078.5,25065.0,35.67,1.609,68325,2025-07-21 12:45:00,25100.67,stop,-35.67,-3444.53,8.4,-40.0,0,False
68419,2025-07-22 14:20:00,SHORT,25104.9,25091.1,28.6,1.933,68432,2025-07-22 15:25:00,25095.0,eod,-3.9,-1379.89,11.2,-19.9,0,False
68452,2025-07-23 10:50:00,LONG,25148.0,25155.0,22.85,1.442,68469,2025-07-23 12:15:00,25200.7,target,45.7,1842.52,52.9,-5.7,2,True
68503,2025-07-23 15:05:00,LONG,25252.1,25255.1,15.57,1.239,68507,2025-07-23 15:25:00,25254.0,eod,-1.1,-1200.67,4.9,-8.0,2,True
68515,2025-07-24 09:50:00,SHORT,25210.0,25200.0,25.26,1.655,68533,2025-07-24 11:20:00,25149.49,target,50.51,2155.29,63.3,-21.9,2,True
68541,2025-07-24 12:00:00,SHORT,25070.4,25069.1,20.27,1.069,68544,2025-07-24 12:15:00,25089.37,stop,-20.27,-2443.34,19.8,-26.9,0,False
68561,2025-07-24 13:40:00,LONG,25098.1,25103.8,24.81,1.298,68582,2025-07-24 15:25:00,25082.0,eod,-21.8,-2543.28,25.2,-22.2,0,False
68613,2025-07-25 11:45:00,SHORT,24868.6,24859.0,34.43,1.387,68638,2025-07-25 13:50:00,24893.43,stop,-34.43,-3360.39,28.0,-35.0,0,False
68670,2025-07-28 10:15:00,LONG,24894.0,24906.6,42.15,1.426,68674,2025-07-28 10:35:00,24864.45,stop,-42.15,-3862.35,18.4,-51.6,0,False
68693,2025-07-28 12:10:00,SHORT,24820.0,24812.0,30.26,1.359,68701,2025-07-28 12:50:00,24751.48,target,60.52,2812.08,67.0,-12.0,1,True
68735,2025-07-29 09:25:00,LONG,24729.0,24733.5,30.42,1.174,68737,2025-07-29 09:35:00,24703.08,stop,-30.42,-3097.38,5.5,-41.4,0,False
68773,2025-07-29 12:35:00,LONG,24729.0,24731.3,22.26,1.115,68784,2025-07-29 13:30:00,24775.81,target,44.51,1772.48,58.3,-15.3,1,True
68806,2025-07-29 15:20:00,LONG,24849.8,24854.2,25.01,1.213,68807,2025-07-29 15:25:00,24843.3,eod,-10.9,-1830.67,0.0,-13.6,1,True
68811,2025-07-30 09:30:00,LONG,24859.8,24868.7,32.42,1.378,68814,2025-07-30 09:45:00,24836.28,stop,-32.42,-3229.34,16.3,-38.6,1,True
68822,2025-07-30 10:25:00,SHORT,24813.1,24809.0,29.77,1.16,68831,2025-07-30 11:10:00,24838.77,stop,-29.77,-3056.79,23.0,-45.0,2,True
68857,2025-07-30 13:20:00,SHORT,24856.0,24848.0,27.34,1.414,68860,2025-07-30 13:35:00,24875.34,stop,-27.34,-2899.71,9.1,-29.9,2,True
68870,2025-07-30 14:25:00,LONG,24886.8,24899.0,30.26,1.676,68878,2025-07-30 15:05:00,24868.74,stop,-30.26,-3089.47,9.1,-34.0,2,True
68927,2025-07-31 12:55:00,LONG,24876.5,24906.4,60.04,1.992,68946,2025-07-31 14:30:00,24846.36,stop,-60.04,-5024.83,63.6,-74.4,2,True
68950,2025-07-31 14:50:00,SHORT,24832.0,24825.0,39.82,1.213,68951,2025-07-31 14:55:00,24864.82,stop,-39.82,-3710.5,3.0,-40.4,0,False
68998,2025-08-01 12:35:00,SHORT,24711.8,24710.1,28.01,1.065,69008,2025-08-01 13:25:00,24738.11,stop,-28.01,-2940.72,20.1,-33.9,1,False
69026,2025-08-01 14:55:00,SHORT,24690.0,24680.0,32.68,1.441,69029,2025-08-01 15:10:00,24614.65,target,65.35,3128.83,76.5,-10.0,7,True
69035,2025-08-04 09:25:00,LONG,24722.0,24739.5,46.23,1.609,69038,2025-08-04 09:40:00,24693.27,stop,-46.23,-4124.58,5.5,-64.5,2,True
69064,2025-08-04 11:50:00,LONG,24754.0,24755.0,25.52,1.041,69083,2025-08-04 13:25:00,24729.48,stop,-25.52,-2779.33,38.0,-25.6,8,True
69089,2025-08-04 13:55:00,LONG,24793.0,24795.0,22.32,1.098,69090,2025-08-04 14:00:00,24772.68,stop,-22.32,-2571.72,4.0,-29.8,2,True
69130,2025-08-05 11:05:00,SHORT,24666.3,24666.0,21.25,1.014,69131,2025-08-05 11:10:00,24687.25,stop,-21.25,-2500.49,3.3,-29.5,0,False
69143,2025-08-05 12:10:00,LONG,24709.0,24727.0,36.27,1.985,69153,2025-08-05 13:00:00,24690.73,stop,-36.27,-3476.92,6.4,-42.4,0,False
69157,2025-08-05 13:20:00,SHORT,24680.0,24660.0,36.93,2.182,69178,2025-08-05 15:05:00,24696.93,stop,-36.93,-3519.35,10.0,-55.0,3,True
69199,2025-08-06 10:35:00,SHORT,24650.0,24645.4,29.67,1.184,69219,2025-08-06 12:15:00,24675.07,stop,-29.67,-3047.24,25.4,-31.0,1,True
69240,2025-08-06 14:00:00,SHORT,24651.0,24650.0,17.68,1.06,69241,2025-08-06 14:05:00,24667.68,stop,-17.68,-2268.4,0.0,-17.8,0,False
69272,2025-08-07 10:25:00,SHORT,24539.9,24527.0,33.05,1.64,69306,2025-08-07 13:15:00,24460.91,target,66.09,3179.42,81.8,0.0,0,False
69328,2025-08-07 15:05:00,LONG,24648.4,24660.0,37.95,1.44,69332,2025-08-07 15:25:00,24710.0,eod,50.0,2130.27,61.0,-3.9,1,True
69351,2025-08-08 10:45:00,SHORT,24510.0,24500.0,35.8,1.388,69376,2025-08-08 12:50:00,24535.8,stop,-35.8,-3443.19,20.0,-54.0,3,True
69395,2025-08-08 14:25:00,SHORT,24490.0,24472.6,39.99,1.77,69407,2025-08-08 15:25:00,24429.0,eod,43.6,1718.32,57.6,-31.7,3,True
69420,2025-08-11 10:15:00,LONG,24495.0,24500.0,32.19,1.184,69453,2025-08-11 13:00:00,24564.38,target,64.38,3067.49,85.0,-20.0,3,True
69471,2025-08-11 14:30:00,LONG,24604.8,24629.0,42.89,2.295,69482,2025-08-11 15:25:00,24614.0,eod,-15.0,-2093.26,17.2,-23.9,0,False
69491,2025-08-12 09:55:00,LONG,24721.7,24744.0,44.69,1.996,69497,2025-08-12 10:25:00,24699.31,stop,-44.69,-4024.33,20.0,-63.0,1,True
69519,2025-08-12 12:15:00,LONG,24664.0,24669.3,30.84,1.208,69531,2025-08-12 13:15:00,24638.46,stop,-30.84,-3123.07,38.7,-36.3,0,False
69542,2025-08-12 14:10:00,SHORT,24619.0,24607.0,36.48,1.49,69557,2025-08-12 15:25:00,24550.0,eod,57.0,2587.06,65.1,-13.0,2,True
69597,2025-08-13 12:30:00,LONG,24688.9,24697.0,28.03,1.406,69632,2025-08-13 15:25:00,24715.0,eod,18.0,50.1,51.0,-12.4,2,True
69662,2025-08-14 11:40:00,SHORT,24681.1,24677.0,21.23,1.239,69666,2025-08-14 12:00:00,24698.23,stop,-21.23,-2499.21,10.7,-27.8,1,True
69693,2025-08-14 14:15:00,SHORT,24685.4,24679.1,20.81,1.434,69700,2025-08-14 14:50:00,24699.91,stop,-20.81,-2471.95,19.1,-25.9,1,True
69735,2025-08-18 11:30:00,SHORT,25007.0,25005.0,22.77,1.096,69742,2025-08-18 12:05:00,24959.46,target,45.54,1835.58,59.8,-15.6,0,False
69778,2025-08-18 15:05:00,SHORT,24963.1,24959.1,20.56,1.242,69782,2025-08-18 15:25:00,24973.1,eod,-14.0,-2034.16,3.2,-16.4,1,True
69788,2025-08-19 09:40:00,SHORT,24933.1,24930.0,22.6,1.159,69790,2025-08-19 09:50:00,24952.6,stop,-22.6,-2592.69,6.9,-38.2,0,False
69804,2025-08-19 11:00:00,LONG,24983.0,24986.1,20.18,1.182,69818,2025-08-19 12:10:00,25026.46,target,40.36,1498.0,47.6,-8.5,5,True
69819,2025-08-19 12:15:00,LONG,25034.0,25049.0,30.29,1.981,69834,2025-08-19 13:30:00,25018.71,stop,-30.29,-3094.0,11.0,-33.0,1,True
69881,2025-08-20 11:10:00,LONG,25059.0,25066.0,25.52,1.378,69932,2025-08-20 15:25:00,25075.2,eod,9.2,-528.08,42.0,-19.8,4,True
69964,2025-08-21 11:50:00,SHORT,25145.2,25140.0,19.84,1.355,69975,2025-08-21 12:45:00,25159.84,stop,-19.84,-2416.73,22.0,-21.0,3,True
69993,2025-08-21 14:15:00,LONG,25161.0,25166.9,20.39,1.407,69997,2025-08-21 14:35:00,25146.51,stop,-20.39,-2452.57,4.8,-25.9,1,True
70010,2025-08-22 09:25:00,SHORT,25011.0,25005.9,22.7,1.29,70017,2025-08-22 10:00:00,24960.51,target,45.39,1825.86,50.3,0.0,0,False
70020,2025-08-22 10:15:00,SHORT,24955.6,24946.5,30.5,1.425,70082,2025-08-22 15:25:00,24894.0,eod,52.5,2288.74,58.8,-28.5,0,False
70113,2025-08-25 11:45:00,LONG,24980.0,24981.0,17.04,1.062,70120,2025-08-25 12:20:00,25015.08,target,34.08,1090.41,35.9,-9.2,3,True
70125,2025-08-25 12:45:00,LONG,25016.9,25017.0,13.58,1.007,70132,2025-08-25 13:20:00,25003.42,stop,-13.58,-2007.83,8.0,-16.5,0,False
70144,2025-08-25 14:20:00,SHORT,24999.1,24992.0,20.17,1.543,70151,2025-08-25 14:55:00,25012.17,stop,-20.17,-2435.7,17.3,-20.6,0,False
70211,2025-08-26 13:40:00,LONG,24816.0,24817.6,15.38,1.116,70213,2025-08-26 13:50:00,24802.22,stop,-15.38,-2121.41,0.9,-16.7,1,True
70226,2025-08-26 14:55:00,SHORT,24770.1,24766.0,17.92,1.297,70227,2025-08-26 15:00:00,24730.17,target,35.83,1208.27,46.4,-0.1,7,True
70335,2025-08-29 11:30:00,LONG,24700.0,24702.0,24.72,1.088,70340,2025-08-29 11:55:00,24677.28,stop,-24.72,-2726.43,8.0,-27.9,7,True
70346,2025-08-29 12:25:00,SHORT,24666.1,24665.1,20.89,1.05,70349,2025-08-29 12:40:00,24685.99,stop,-20.89,-2477.03,7.0,-21.9,1,True
70370,2025-08-29 14:25:00,SHORT,24612.3,24604.1,30.19,1.373,70382,2025-08-29 15:25:00,24574.6,eod,29.5,799.53,58.1,-19.5,7,False
70390,2025-09-01 09:50:00,LONG,24685.0,24686.8,26.06,1.074,70394,2025-09-01 10:10:00,24660.74,stop,-26.06,-2813.22,5.1,-31.8,1,True
70413,2025-09-01 11:45:00,SHORT,24671.2,24661.0,26.62,1.621,70420,2025-09-01 12:20:00,24687.62,stop,-26.62,-2849.71,7.0,-37.0,3,True
70421,2025-09-01 12:25:00,LONG,24710.0,24711.9,17.58,1.121,70451,2025-09-01 14:55:00,24747.05,target,35.15,1164.56,48.1,-11.9,0,False
70480,2025-09-02 11:05:00,LONG,24855.0,24855.6,16.34,1.038,70483,2025-09-02 11:20:00,24839.26,stop,-16.34,-2184.04,9.3,-19.6,2,True
70497,2025-09-02 12:30:00,LONG,24860.0,24863.3,16.44,1.251,70505,2025-09-02 13:10:00,24846.86,stop,-16.44,-2190.69,11.4,-22.2,3,False
70506,2025-09-02 13:15:00,SHORT,24834.7,24828.0,19.66,1.517,70511,2025-09-02 13:40:00,24788.68,target,39.32,1433.97,63.0,0.0,2,True
70514,2025-09-02 13:55:00,SHORT,24719.3,24707.0,33.08,1.592,70532,2025-09-02 15:25:00,24683.0,eod,24.0,440.26,55.1,-22.9,0,False
70542,2025-09-03 10:00:00,LONG,24709.9,24711.9,28.71,1.075,70549,2025-09-03 10:35:00,24683.19,stop,-28.71,-2985.88,6.1,-46.4,0,False
70562,2025-09-03 11:40:00,LONG,24696.4,24699.8,22.61,1.177,70568,2025-09-03 12:10:00,24745.01,target,45.21,1818.56,49.4,-11.8,1,True
70652,2025-09-04 12:55:00,LONG,24939.0,24940.0,22.06,1.047,70655,2025-09-04 13:10:00,24917.94,stop,-22.06,-2557.26,5.0,-24.7,0,False
70677,2025-09-04 15:00:00,SHORT,24830.0,24826.5,27.1,1.148,70682,2025-09-04 15:25:00,24835.0,eod,-8.5,-1674.38,16.7,-23.5,0,False
70694,2025-09-05 10:10:00,SHORT,24806.2,24768.2,69.14,2.22,70737,2025-09-05 13:45:00,24837.34,stop,-69.14,-5615.07,47.8,-101.8,2,True
70747,2025-09-05 14:35:00,SHORT,24843.0,24827.0,40.29,1.659,70754,2025-09-05 15:10:00,24867.29,stop,-40.29,-3740.83,5.9,-40.9,0,False
70761,2025-09-08 09:30:00,LONG,24900.0,24923.1,50.76,1.835,70773,2025-09-08 10:30:00,24872.34,stop,-50.76,-4422.47,19.1,-51.8,3,True
70798,2025-09-08 12:35:00,LONG,24949.8,24956.0,23.35,1.361,70812,2025-09-08 13:45:00,24932.65,stop,-23.35,-2641.66,22.3,-23.9,3,True
70824,2025-09-08 14:45:00,SHORT,24918.9,24900.0,38.53,1.963,70832,2025-09-08 15:25:00,24901.1,eod,-1.1,-1194.61,30.0,-25.5,1,False
70884,2025-09-09 13:30:00,LONG,24955.8,24960.0,17.23,1.322,70887,2025-09-09 13:45:00,24942.77,stop,-17.23,-2244.04,3.8,-20.0,4,True
70897,2025-09-09 14:35:00,SHORT,24937.6,24937.5,15.93,1.006,70901,2025-09-09 14:55:00,24953.43,stop,-15.93,-2159.3,10.5,-16.5,9,False
70922,2025-09-10 10:25:00,LONG,25098.9,25119.9,38.78,2.181,70926,2025-09-10 10:45:00,25081.12,stop,-38.78,-3646.78,5.1,-39.7,1,True
70938,2025-09-10 11:45:00,SHORT,25080.2,25078.8,18.01,1.084,70946,2025-09-10 12:25:00,25096.81,stop,-18.01,-2297.15,13.8,-21.0,6,True
70953,2025-09-10 13:00:00,SHORT,25070.0,25067.7,15.39,1.176,70980,2025-09-10 15:15:00,25083.09,stop,-15.39,-2126.35,28.0,-16.3,7,True
71019,2025-09-11 12:15:00,LONG,25092.0,25094.8,14.93,1.231,71057,2025-09-11 15:25:00,25110.0,eod,15.2,-138.66,24.7,-6.8,0,False
71067,2025-09-12 10:00:00,LONG,25160.0,25161.3,16.17,1.087,71080,2025-09-12 11:05:00,25193.64,target,32.34,973.81,32.8,-4.8,0,False
71101,2025-09-12 12:50:00,SHORT,25199.0,25197.9,10.9,1.112,71104,2025-09-12 13:05:00,25208.8,stop,-10.9,-1836.91,3.0,-12.1,1,True
71106,2025-09-12 13:15:00,LONG,25214.0,25215.5,11.22,1.154,71111,2025-09-12 13:40:00,25204.28,stop,-11.22,-1857.46,2.8,-12.3,5,False
71115,2025-09-12 14:00:00,LONG,25218.3,25219.3,10.94,1.101,71117,2025-09-12 14:10:00,25208.36,stop,-10.94,-1839.78,0.7,-11.3,1,False
71143,2025-09-15 10:05:00,SHORT,25161.4,25155.0,20.29,1.461,71148,2025-09-15 10:30:00,25175.29,stop,-20.29,-2446.24,3.0,-20.3,1,True
71186,2025-09-15 13:40:00,SHORT,25171.0,25163.8,18.45,1.64,71198,2025-09-15 14:40:00,25182.25,stop,-18.45,-2326.61,11.8,-20.2,0,False
71211,2025-09-16 09:30:00,LONG,25194.9,25201.0,19.31,1.462,71215,2025-09-16 09:50:00,25239.62,target,38.62,1381.59,39.0,-3.0,1,True
71245,2025-09-16 12:20:00,LONG,25275.9,25295.0,29.55,2.828,71267,2025-09-16 14:10:00,25265.45,stop,-29.55,-3050.04,4.8,-30.0,1,True
71271,2025-09-16 14:30:00,LONG,25299.8,25303.0,14.43,1.285,71278,2025-09-16 15:05:00,25331.85,target,28.85,745.1,31.0,-3.4,2,True
71303,2025-09-17 10:55:00,LONG,25424.8,25430.0,21.37,1.322,71340,2025-09-17 14:00:00,25408.63,stop,-21.37,-2521.16,16.7,-26.7,2,True
71341,2025-09-17 14:05:00,SHORT,25414.0,25407.4,18.25,1.567,71351,2025-09-17 14:55:00,25425.65,stop,-18.25,-2317.93,22.4,-20.9,4,True
71424,2025-09-18 14:45:00,LONG,25466.0,25472.0,19.89,1.432,71428,2025-09-18 15:05:00,25511.78,target,39.78,1452.06,49.1,-9.3,0,False
71436,2025-09-19 09:30:00,SHORT,25416.7,25395.0,41.67,2.087,71507,2025-09-19 15:25:00,25427.8,eod,-32.8,-3263.67,43.0,-37.7,3,True
71532,2025-09-22 11:15:00,SHORT,25367.1,25365.0,18.0,1.132,71570,2025-09-22 14:25:00,25329.01,target,35.99,1208.68,45.0,-14.4,2,True
71607,2025-09-23 11:15:00,SHORT,25172.0,25163.0,28.35,1.465,71615,2025-09-23 11:55:00,25191.35,stop,-28.35,-2970.75,4.0,-34.7,1,True
71618,2025-09-23 12:10:00,LONG,25208.4,25213.0,20.12,1.296,71622,2025-09-23 12:30:00,25253.25,target,40.25,1487.0,46.0,-8.9,1,True
71634,2025-09-23 13:30:00,LONG,25298.0,25310.0,31.67,1.61,71643,2025-09-23 14:15:00,25278.33,stop,-31.67,-3187.95,23.2,-50.4,0,False
71693,2025-09-24 12:10:00,LONG,25136.0,25148.0,29.39,1.69,71726,2025-09-24 14:55:00,25118.61,stop,-29.39,-3036.99,50.0,-45.0,0,False
71744,2025-09-25 10:10:00,SHORT,25075.0,25073.8,22.97,1.055,71763,2025-09-25 11:45:00,25027.87,target,45.93,1859.5,47.0,-15.2,2,True
71778,2025-09-25 13:00:00,LONG,25043.4,25045.0,20.2,1.086,71782,2025-09-25 13:20:00,25024.8,stop,-20.2,-2438.51,13.2,-22.0,0,False
71851,2025-09-26 12:50:00,LONG,24835.9,24836.7,16.83,1.05,71855,2025-09-26 13:10:00,24819.87,stop,-16.83,-2215.97,2.3,-28.9,1,True
71857,2025-09-26 13:20:00,SHORT,24801.6,24791.6,25.92,1.628,71863,2025-09-26 13:50:00,24739.76,target,51.84,2248.68,79.8,-4.9,1,True
71923,2025-09-29 12:35:00,SHORT,24663.1,24661.0,23.6,1.098,71927,2025-09-29 12:55:00,24684.6,stop,-23.6,-2652.85,14.2,-27.0,0,False
71969,2025-09-30 10:10:00,SHORT,24646.8,24645.9,25.98,1.036,71980,2025-09-30 11:05:00,24671.88,stop,-25.98,-2807.81,50.6,-32.8,1,True
71997,2025-09-30 12:30:00,LONG,24681.1,24687.0,27.92,1.268,72001,2025-09-30 12:50:00,24659.08,stop,-27.92,-2933.82,0.0,-29.5,5,True
72009,2025-09-30 13:30:00,SHORT,24646.8,24645.1,22.59,1.081,72018,2025-09-30 14:15:00,24599.93,target,45.17,1817.5,54.7,-12.9,2,True
72056,2025-10-01 11:10:00,LONG,24828.3,24830.0,24.51,1.075,72060,2025-10-01 11:30:00,24879.03,target,49.03,2064.24,53.0,-2.0,0,False
72142,2025-10-03 12:05:00,LONG,24953.0,24961.8,25.97,1.513,72144,2025-10-03 12:15:00,24935.83,stop,-25.97,-2811.55,8.2,-30.8,2,True
72147,2025-10-03 12:30:00,SHORT,24925.0,24922.0,22.0,1.158,72149,2025-10-03 12:40:00,24944.0,stop,-22.0,-2553.33,4.0,-23.0,0,False
72172,2025-10-03 14:35:00,LONG,24972.0,24980.0,24.75,1.478,72182,2025-10-03 15:25:00,25007.1,eod,27.1,636.63,40.0,0.0,0,False
72194,2025-10-06 10:10:00,LONG,25062.0,25065.1,22.39,1.161,72212,2025-10-06 11:40:00,25109.88,target,44.78,1784.31,49.9,-6.1,0,False
72301,2025-10-07 12:50:00,LONG,25270.0,25272.0,20.04,1.111,72312,2025-10-07 13:45:00,25312.08,target,40.08,1475.32,45.6,-14.9,4,True
72322,2025-10-07 14:35:00,SHORT,25250.8,25240.0,30.23,1.556,72332,2025-10-07 15:25:00,25229.0,eod,11.0,-413.9,29.7,-24.9,1,True
72355,2025-10-08 11:05:00,SHORT,25154.4,25131.0,45.93,2.039,72378,2025-10-08 13:00:00,25176.93,stop,-45.93,-4112.34,46.0,-49.0,2,True
72429,2025-10-09 11:00:00,LONG,25210.0,25224.8,39.18,1.607,72482,2025-10-09 15:25:00,25280.0,eod,55.2,2458.54,66.2,-7.8,2,True
72495,2025-10-10 10:15:00,LONG,25391.0,25410.0,40.64,1.878,72557,2025-10-10 15:25:00,25415.0,eod,5.0,-806.91,54.3,-33.5,0,False
72582,2025-10-13 11:15:00,SHORT,25259.5,25252.2,26.37,1.383,72591,2025-10-13 12:00:00,25278.57,stop,-26.37,-2842.97,21.6,-26.8,2,True
72602,2025-10-13 12:55:00,LONG,25279.0,25291.0,29.1,1.702,72609,2025-10-13 13:30:00,25261.9,stop,-29.1,-3021.1,0.5,-30.3,3,True
72619,2025-10-13 14:20:00,LONG,25292.3,25307.0,30.39,1.937,72632,2025-10-13 15:25:00,25321.9,eod,14.9,-161.79,28.0,-17.0,5,True
72694,2025-10-14 14:20:00,LONG,25191.0,25197.0,29.77,1.252,72707,2025-10-14 15:25:00,25185.5,eod,-11.5,-1875.53,55.0,-15.6,4,True
72721,2025-10-15 10:20:00,LONG,25370.0,25375.4,30.79,1.213,72756,2025-10-15 13:15:00,25436.98,target,61.58,2870.57,74.6,-5.0,0,False
72798,2025-10-16 10:30:00,LONG,25533.6,25534.5,20.17,1.047,72819,2025-10-16 12:15:00,25574.85,target,40.35,1487.97,40.5,-7.4,1,True
72868,2025-10-17 10:05:00,LONG,25699.3,25716.0,42.45,1.649,72879,2025-10-17 11:00:00,25800.89,target,84.89,4379.57,105.2,-1.0,0,False
72968,2025-10-20 12:10:00,LONG,25898.0,25899.8,25.63,1.076,72995,2025-10-20 14:25:00,25874.17,stop,-25.63,-2805.98,50.2,-34.7,0,False
73053,2025-10-23 11:55:00,LONG,26153.0,26160.1,26.27,1.37,73065,2025-10-23 12:55:00,26133.83,stop,-26.27,-2851.77,13.7,-32.8,2,True
73072,2025-10-23 13:30:00,SHORT,26108.0,26086.9,39.06,2.175,73082,2025-10-23 14:20:00,26008.79,target,78.11,3934.04,81.9,-18.1,0,False
73113,2025-10-24 10:40:00,SHORT,25863.0,25858.8,34.05,1.141,73125,2025-10-24 11:40:00,25892.85,stop,-34.05,-3352.75,31.9,-37.5,9,True
73145,2025-10-24 13:20:00,SHORT,25840.0,25828.5,33.87,1.514,73148,2025-10-24 13:35:00,25760.75,target,67.75,3264.82,70.9,-4.0,3,True
73203,2025-10-27 11:55:00,LONG,26050.2,26056.6,27.72,1.3,73209,2025-10-27 12:25:00,26028.88,stop,-27.72,-2944.01,8.8,-43.5,0,False
73219,2025-10-27 13:15:00,SHORT,26007.0,25980.8,46.49,2.292,73233,2025-10-27 14:25:00,26027.29,stop,-46.49,-4163.3,23.8,-50.1,4,True
73255,2025-10-28 10:00:00,SHORT,25976.3,25947.0,60.49,1.939,73308,2025-10-28 14:25:00,25826.02,target,120.98,6722.91,126.8,-30.9,3,True
73359,2025-10-29 12:25:00,LONG,26250.0,26261.0,30.27,1.571,73378,2025-10-29 14:00:00,26230.73,stop,-30.27,-3113.41,20.0,-38.8,0,False
73387,2025-10-29 14:45:00,SHORT,26221.1,26208.0,31.78,1.701,73393,2025-10-29 15:15:00,26239.78,stop,-31.78,-3210.98,2.0,-34.4,0,False
73432,2025-10-30 12:15:00,SHORT,26046.5,26034.0,33.8,1.587,73434,2025-10-30 12:25:00,26067.8,stop,-33.8,-3339.82,2.7,-40.0,3,True
73443,2025-10-30 13:10:00,LONG,26075.0,26075.2,19.66,1.01,73446,2025-10-30 13:25:00,26055.0,stop_gap,-20.2,-2455.92,13.8,-30.2,0,False
73541,2025-10-31 15:05:00,SHORT,25901.0,25898.4,19.84,1.151,73543,2025-10-31 15:15:00,25918.24,stop,-19.84,-2429.76,3.2,-21.6,3,True
73563,2025-11-03 10:40:00,LONG,25936.0,25939.0,31.5,1.105,73565,2025-11-03 10:50:00,25907.5,stop,-31.5,-3187.94,3.3,-37.4,0,False
73605,2025-11-03 14:10:00,LONG,25909.0,25910.0,17.48,1.061,73612,2025-11-03 14:45:00,25892.52,stop,-17.48,-2276.31,23.0,-28.2,3,True
73622,2025-11-04 09:20:00,SHORT,25873.7,25872.0,19.94,1.093,73624,2025-11-04 09:30:00,25832.11,target,39.89,1453.21,52.0,-1.8,2,True
73644,2025-11-04 11:10:00,SHORT,25797.4,25794.8,21.11,1.14,73678,2025-11-04 14:00:00,25752.59,target,42.21,1605.61,43.8,-10.5,1,True
73692,2025-11-04 15:10:00,SHORT,25710.7,25710.5,15.21,1.013,73695,2025-11-04 15:25:00,25695.3,eod,15.2,-148.94,17.5,-5.5,1,True
73751,2025-11-06 13:50:00,SHORT,25631.0,25617.0,36.24,1.63,73760,2025-11-06 14:35:00,25653.24,stop,-36.24,-3490.95,1.4,-42.3,1,True
73767,2025-11-06 15:10:00,SHORT,25615.6,25611.4,24.85,1.203,73769,2025-11-06 15:20:00,25636.25,stop,-24.85,-2750.46,0.2,-25.6,1,True
73794,2025-11-07 11:10:00,LONG,25495.0,25516.1,46.31,1.837,73821,2025-11-07 13:25:00,25608.72,target,92.62,4885.59,131.9,-11.1,0,False
73828,2025-11-07 14:00:00,SHORT,25569.0,25566.2,25.62,1.123,73832,2025-11-07 14:20:00,25591.82,stop,-25.62,-2800.14,12.1,-58.8,0,False
73849,2025-11-10 09:30:00,LONG,25659.3,25660.0,28.41,1.025,73851,2025-11-10 09:40:00,25631.59,stop,-28.41,-2982.39,15.0,-29.9,2,True
73858,2025-11-10 10:15:00,LONG,25693.4,25696.0,29.98,1.095,73920,2025-11-10 15:25:00,25696.9,eod,0.9,-1078.24,51.0,-14.5,0,False
73936,2025-11-11 10:30:00,SHORT,25592.3,25577.3,40.49,1.588,73951,2025-11-11 11:45:00,25617.79,stop,-40.49,-3766.68,22.3,-43.7,1,True
73968,2025-11-11 13:10:00,LONG,25699.0,25699.9,20.92,1.045,73973,2025-11-11 13:35:00,25741.73,target,41.83,1581.64,55.3,0.0,0,False
73994,2025-11-11 15:20:00,LONG,25814.9,25819.9,25.7,1.242,73995,2025-11-11 15:25:00,25831.9,eod,12.0,-359.02,15.0,-0.9,0,False
74012,2025-11-12 10:35:00,LONG,25957.7,25962.3,29.41,1.185,74036,2025-11-12 12:35:00,26021.13,target,58.83,2681.51,59.5,-9.7,1,False
74081,2025-11-13 10:05:00,LONG,25979.3,25990.0,34.01,1.459,74092,2025-11-13 11:00:00,26058.03,target,68.03,3279.1,71.0,-9.4,1,True
74147,2025-11-14 09:20:00,SHORT,25900.0,25871.0,58.32,1.989,74149,2025-11-14 09:30:00,25929.32,stop,-58.32,-4930.79,3.0,-109.2,1,True
74196,2025-11-14 13:25:00,LONG,25915.0,25919.1,29.11,1.164,74197,2025-11-14 13:30:00,25889.99,stop,-29.11,-3032.46,0.0,-33.1,0,False
74198,2025-11-14 13:35:00,SHORT,25871.0,25853.0,45.98,1.643,74215,2025-11-14 15:00:00,25898.98,stop,-45.98,-4128.04,38.0,-96.9,3,False
74235,2025-11-17 10:25:00,SHORT,26015.0,26008.0,31.96,1.28,74253,2025-11-17 11:55:00,26039.96,stop,-31.96,-3219.3,28.0,-39.0,0,False
74261,2025-11-17 12:35:00,LONG,26050.2,26055.0,21.6,1.286,74295,2025-11-17 15:25:00,26061.8,eod,6.8,-700.97,28.0,-16.6,4,True
74366,2025-11-18 15:05:00,SHORT,25952.7,25942.6,28.57,1.547,74370,2025-11-18 15:25:00,25933.9,eod,8.7,-575.42,11.6,-17.3,1,True
74403,2025-11-19 11:55:00,LONG,26004.9,26007.1,20.68,1.119,74407,2025-11-19 12:15:00,26048.46,target,41.36,1545.66,47.8,-1.3,3,True
74409,2025-11-19 12:25:00,LONG,26041.2,26044.8,21.99,1.196,74424,2025-11-19 13:40:00,26022.81,stop,-21.99,-2571.46,30.2,-24.8,2,True
74483,2025-11-20 12:20:00,LONG,26172.0,26176.3,17.99,1.314,74496,2025-11-20 13:25:00,26212.27,target,35.97,1192.85,46.7,-3.3,2,True
74526,2025-11-21 09:40:00,SHORT,26141.2,26137.0,28.24,1.175,74534,2025-11-21 10:20:00,26080.51,target,56.49,2527.7,65.4,-7.5,2,True
74554,2025-11-21 12:00:00,LONG,26126.4,26126.8,19.92,1.02,74558,2025-11-21 12:20:00,26166.64,target,39.84,1445.12,48.2,-9.5,0,False
74588,2025-11-21 14:50:00,SHORT,26107.5,26102.0,25.17,1.28,74595,2025-11-21 15:25:00,26074.0,eod,28.0,676.4,40.7,-2.5,1,True
74653,2025-11-24 14:00:00,SHORT,26081.0,26071.0,27.18,1.582,74665,2025-11-24 15:00:00,26016.65,target,54.35,2389.87,79.1,-8.0,7,True
74733,2025-11-25 14:25:00,SHORT,25979.4,25965.1,34.48,1.709,74739,2025-11-25 14:55:00,25896.15,target,68.95,3340.71,78.4,-4.9,0,False
74858,2025-11-27 12:20:00,SHORT,26404.3,26388.1,35.16,1.854,74862,2025-11-27 12:40:00,26423.26,stop,-35.16,-3434.09,6.2,-39.9,3,True
74870,2025-11-27 13:20:00,SHORT,26334.3,26327.2,30.44,1.304,74876,2025-11-27 13:50:00,26357.64,stop,-30.44,-3125.94,9.7,-37.2,1,True
74905,2025-11-28 10:00:00,LONG,26435.0,26440.4,31.15,1.21,74908,2025-11-28 10:15:00,26409.25,stop,-31.15,-3174.02,8.6,-34.9,4,True
75000,2025-12-01 11:40:00,SHORT,26375.0,26371.1,22.74,1.207,75008,2025-12-01 12:20:00,26325.62,target,45.48,1808.06,51.1,-11.2,17,False
75028,2025-12-01 14:00:00,LONG,26360.0,26373.0,31.98,1.685,75034,2025-12-01 14:30:00,26341.02,stop,-31.98,-3226.65,6.0,-34.6,1,True
75035,2025-12-01 14:35:00,SHORT,26340.5,26337.0,23.2,1.178,75045,2025-12-01 15:25:00,26335.0,eod,2.0,-1017.69,35.1,-7.7,1,False
75048,2025-12-02 09:25:00,SHORT,26301.9,26294.0,28.26,1.388,75055,2025-12-02 10:00:00,26237.49,target,56.51,2526.53,58.0,-4.9,2,True
75090,2025-12-02 12:55:00,SHORT,26213.9,26210.1,20.07,1.234,75102,2025-12-02 13:55:00,26230.17,stop,-20.07,-2450.35,6.4,-22.6,1,True
75110,2025-12-02 14:35:00,SHORT,26203.7,26194.4,25.44,1.576,75119,2025-12-02 15:20:00,26219.84,stop,-25.44,-2799.19,6.4,-32.6,6,True
75213,2025-12-04 10:40:00,LONG,26234.1,26239.6,25.93,1.269,75219,2025-12-04 11:10:00,26213.67,stop,-25.93,-2831.22,2.4,-31.7,2,True
75263,2025-12-04 14:50:00,LONG,26158.8,26169.6,30.69,1.543,75270,2025-12-04 15:25:00,26185.1,eod,15.5,-137.55,27.6,-3.1,1,True
75277,2025-12-05 09:45:00,LONG,26199.0,26204.0,26.0,1.238,75279,2025-12-05 09:55:00,26178.0,stop,-26.0,-2835.34,0.0,-44.5,2,True
75280,2025-12-05 10:00:00,LONG,26215.0,26244.4,56.8,2.073,75286,2025-12-05 10:30:00,26187.6,stop,-56.8,-4837.42,42.1,-86.4,0,False
75307,2025-12-05 12:15:00,LONG,26299.0,26301.0,23.36,1.094,75311,2025-12-05 12:35:00,26347.72,target,46.72,1888.83,58.5,-3.8,2,True
75349,2025-12-08 09:30:00,SHORT,26280.0,26274.0,26.02,1.3,75366,2025-12-08 10:55:00,26221.96,target,52.04,2235.94,61.1,-11.0,1,True
75394,2025-12-08 13:15:00,SHORT,26156.3,26155.2,17.76,1.066,75395,2025-12-08 13:20:00,26119.68,target,35.52,1164.26,43.9,0.0,2,False
75481,2025-12-09 14:15:00,SHORT,26003.1,25989.9,34.38,1.623,75495,2025-12-09 15:25:00,25960.0,eod,29.9,801.82,59.9,-1.1,3,True
75507,2025-12-10 10:10:00,LONG,26029.0,26035.5,30.19,1.274,75514,2025-12-10 10:45:00,26005.31,stop,-30.19,-3104.33,25.5,-44.2,6,True
75534,2025-12-10 12:25:00,SHORT,25930.0,25924.9,26.48,1.239,75536,2025-12-10 12:35:00,25871.93,target,52.97,2302.3,54.9,0.0,10,True
75554,2025-12-10 14:05:00,SHORT,25870.0,25863.4,27.93,1.309,75570,2025-12-10 15:25:00,25855.0,eod,8.4,-593.57,21.4,-21.6,1,True
75575,2025-12-11 09:35:00,SHORT,25842.0,25832.0,39.1,1.344,75581,2025-12-11 10:05:00,25871.1,stop,-39.1,-3680.98,27.0,-64.0,1,False
75586,2025-12-11 10:30:00,LONG,25950.0,25960.0,41.92,1.313,75591,2025-12-11 10:55:00,25918.08,stop,-41.92,-3865.19,11.8,-47.8,6,True
75604,2025-12-11 12:00:00,LONG,25961.4,26011.3,77.49,2.809,75645,2025-12-11 15:25:00,26010.1,eod,-1.2,-1220.11,27.1,-52.3,10,True
75703,2025-12-12 14:00:00,LONG,26139.2,26143.9,20.63,1.295,75710,2025-12-12 14:35:00,26123.27,stop,-20.63,-2484.91,14.6,-22.4,3,True
75722,2025-12-15 09:20:00,SHORT,26040.1,26020.0,41.54,1.937,75735,2025-12-15 10:25:00,26061.54,stop,-41.54,-3842.8,31.6,-44.1,1,True
75768,2025-12-15 13:10:00,LONG,26122.6,26125.2,19.17,1.157,75771,2025-12-15 13:25:00,26106.03,stop,-19.17,-2389.74,3.5,-20.2,1,True
75779,2025-12-15 14:05:00,SHORT,26101.0,26094.0,24.36,1.403,75786,2025-12-15 14:40:00,26118.36,stop,-24.36,-2726.98,9.0,-30.7,0,False
75804,2025-12-16 09:55:00,SHORT,25997.1,25988.0,30.14,1.433,75870,2025-12-16 15:25:00,25932.0,eod,56.0,2498.43,58.4,-20.2,4,True
75904,2025-12-17 12:00:00,SHORT,25878.0,25877.0,20.52,1.051,75940,2025-12-17 15:00:00,25897.52,stop,-20.52,-2473.64,19.9,-28.6,0,False
75944,2025-12-17 15:20:00,LONG,25896.0,25901.8,20.17,1.404,75945,2025-12-17 15:25:00,25910.0,eod,8.2,-607.37,11.1,-1.5,6,True
75961,2025-12-18 10:30:00,LONG,25928.3,25934.4,30.87,1.246,75968,2025-12-18 11:05:00,25903.53,stop,-30.87,-3146.74,9.6,-31.0,1,True
75977,2025-12-18 11:50:00,LONG,25948.7,25950.1,21.95,1.068,75997,2025-12-18 13:30:00,25928.15,stop,-21.95,-2567.69,29.9,-25.1,1,True
76002,2025-12-18 13:55:00,SHORT,25921.0,25920.2,18.27,1.046,76005,2025-12-18 14:10:00,25883.67,target,36.53,1234.0,45.2,-4.7,2,True
76024,2025-12-19 09:30:00,LONG,26008.2,26027.0,42.25,1.802,76048,2025-12-19 11:30:00,25984.75,stop,-42.25,-3887.97,11.8,-47.0,1,True
76074,2025-12-19 13:40:00,LONG,26018.7,26019.0,13.75,1.022,76095,2025-12-19 15:25:00,26037.0,eod,18.0,27.49,24.8,-10.4,2,True
76105,2025-12-22 10:00:00,LONG,26188.2,26190.0,20.5,1.096,76170,2025-12-22 15:25:00,26201.4,eod,11.4,-404.34,16.5,-18.0,1,True
76174,2025-12-23 09:30:00,SHORT,26189.3,26182.2,20.14,1.545,76179,2025-12-23 09:55:00,26202.34,stop,-20.14,-2454.16,19.2,-40.6,2,False
76227,2025-12-23 13:55:00,LONG,26225.0,26226.9,9.14,1.263,76231,2025-12-23 14:15:00,26245.17,target,18.27,41.51,32.1,-3.8,13,True
76236,2025-12-23 14:40:00,SHORT,26216.0,26215.1,11.81,1.083,76240,2025-12-23 15:00:00,26226.91,stop,-11.81,-1913.12,10.2,-13.8,0,False
76292,2025-12-24 13:05:00,SHORT,26215.0,26213.7,14.54,1.098,76297,2025-12-24 13:30:00,26184.63,target,29.07,744.26,38.7,-1.3,1,True
76308,2025-12-24 14:25:00,SHORT,26170.0,26168.0,16.07,1.142,76315,2025-12-24 15:00:00,26184.07,stop,-16.07,-2189.12,6.4,-17.0,1,True
76341,2025-12-26 10:55:00,LONG,26110.0,26110.5,14.38,1.036,76343,2025-12-26 11:05:00,26096.12,stop,-14.38,-2078.07,3.9,-19.4,3,True
76351,2025-12-26 11:45:00,SHORT,26077.0,26076.5,12.96,1.04,76353,2025-12-26 11:55:00,26089.46,stop,-12.96,-1985.36,0.9,-14.4,3,True
76360,2025-12-26 12:30:00,SHORT,26073.2,26063.0,23.17,1.787,76395,2025-12-26 15:25:00,26058.0,eod,5.0,-817.99,21.2,-6.7,2,True
76398,2025-12-29 09:25:00,LONG,26069.0,26072.5,14.83,1.309,76404,2025-12-29 09:55:00,26057.67,stop,-14.83,-2106.65,27.5,-32.7,2,True
76484,2025-12-30 10:20:00,LONG,25967.9,25979.9,33.89,1.548,76489,2025-12-30 10:45:00,25946.01,stop,-33.89,-3343.71,2.4,-41.5,2,True
76506,2025-12-30 12:10:00,SHORT,25895.0,25892.2,19.84,1.164,76511,2025-12-30 12:35:00,25912.04,stop,-19.84,-2429.76,2.8,-21.8,0,False
76602,2025-12-31 13:55:00,LONG,26316.8,26319.2,16.52,1.17,76607,2025-12-31 14:20:00,26302.68,stop,-16.52,-2220.95,2.1,-21.3,2,True
76632,2026-01-01 10:10:00,SHORT,26288.4,26287.7,19.06,1.038,76636,2026-01-01 10:30:00,26306.76,stop,-19.06,-2386.11,25.7,-19.3,2,True
76681,2026-01-01 14:15:00,LONG,26307.6,26312.0,17.22,1.343,76684,2026-01-01 14:30:00,26294.78,stop,-17.22,-2266.23,2.1,-18.1,2,True
76697,2026-01-02 09:20:00,LONG,26325.0,26335.0,23.73,1.728,76701,2026-01-02 09:40:00,26382.46,target,47.46,1936.47,52.1,-8.8,5,True
76769,2026-01-02 15:20:00,LONG,26450.0,26459.9,20.72,1.915,76770,2026-01-02 15:25:00,26477.4,eod,17.5,-12.55,20.0,-2.9,4,True
76774,2026-01-05 09:30:00,SHORT,26423.4,26397.5,45.16,2.344,76779,2026-01-05 09:55:00,26442.66,stop,-45.16,-4084.51,4.2,-56.7,9,True
76870,2026-01-06 11:15:00,SHORT,26282.0,26280.8,22.37,1.057,76874,2026-01-06 11:35:00,26303.17,stop,-22.37,-2601.03,10.6,-23.6,0,False
76904,2026-01-06 14:05:00,SHORT,26270.0,26263.3,22.44,1.426,76912,2026-01-06 14:45:00,26285.74,stop,-22.44,-2605.02,8.1,-29.4,0,False
76953,2026-01-07 11:55:00,SHORT,26240.0,26236.2,24.99,1.179,76995,2026-01-07 15:25:00,26237.5,eod,-1.3,-1230.47,48.8,-12.8,1,True
76997,2026-01-08 09:20:00,SHORT,26200.0,26192.2,26.8,1.411,77009,2026-01-08 10:20:00,26138.6,target,53.6,2339.06,61.2,-5.5,1,True
77090,2026-01-09 10:50:00,SHORT,25965.0,25953.0,40.68,1.418,77100,2026-01-09 11:40:00,25871.64,target,81.36,4147.26,82.5,-4.8,5,True
77108,2026-01-09 12:20:00,SHORT,25847.0,25841.0,27.86,1.275,77111,2026-01-09 12:35:00,25785.29,target,55.71,2482.38,56.0,-4.9,0,False
77132,2026-01-09 14:20:00,SHORT,25766.4,25765.0,23.81,1.062,77141,2026-01-09 15:05:00,25788.81,stop,-23.81,-2685.32,40.0,-29.0,2,True
77166,2026-01-12 10:55:00,SHORT,25656.1,25650.0,33.44,1.223,77173,2026-01-12 11:30:00,25583.13,target,66.87,3211.04,76.8,-8.1,2,True
77183,2026-01-12 12:20:00,LONG,25709.9,25746.6,68.63,2.149,77214,2026-01-12 14:55:00,25883.86,target,137.26,7782.2,152.4,-13.4,2,True
77263,2026-01-13 12:45:00,SHORT,25765.6,25735.5,59.25,2.033,77290,2026-01-13 15:00:00,25794.75,stop,-59.25,-4988.94,73.5,-73.8,8,True
77322,2026-01-14 11:25:00,LONG,25811.4,25833.0,52.38,1.702,77345,2026-01-14 13:20:00,25780.62,stop,-52.38,-4542.71,17.0,-66.3,5,True
77348,2026-01-14 13:35:00,SHORT,25729.6,25726.3,26.93,1.14,77358,2026-01-14 14:25:00,25672.44,target,53.86,2364.03,56.3,-3.7,0,False
77385,2026-01-16 10:25:00,LONG,25933.2,25942.0,38.68,1.294,77392,2026-01-16 11:00:00,25903.32,stop,-38.68,-3654.72,14.6,-40.0,2,True
77428,2026-01-16 14:00:00,SHORT,25746.8,25742.7,30.94,1.153,77436,2026-01-16 14:40:00,25773.64,stop,-30.94,-3148.85,12.7,-37.2,2,True
77500,2026-01-19 13:45:00,LONG,25609.0,25620.0,32.14,1.52,77519,2026-01-19 15:20:00,25587.86,stop,-32.14,-3224.16,59.0,-49.4,0,False
77523,2026-01-20 09:25:00,SHORT,25550.0,25521.9,53.6,2.102,77573,2026-01-20 13:35:00,25414.7,target,107.2,5834.58,119.8,-26.6,7,True
77629,2026-01-21 12:00:00,LONG,25137.0,25162.0,65.58,1.616,77637,2026-01-21 12:40:00,25293.16,target,131.16,7395.85,132.7,-12.1,0,False
77658,2026-01-21 14:25:00,SHORT,25155.6,25142.0,54.94,1.329,77659,2026-01-21 14:30:00,25196.94,stop,-54.94,-4698.53,1.0,-56.3,1,True
77672,2026-01-22 09:20:00,LONG,25340.0,25355.0,58.92,1.341,77686,2026-01-22 10:30:00,25296.08,stop,-58.92,-4960.1,116.2,-85.0,1,True
77718,2026-01-22 13:10:00,SHORT,25221.0,25220.0,33.47,1.031,77723,2026-01-22 13:35:00,25253.47,stop,-33.47,-3304.46,20.0,-44.9,0,False
77734,2026-01-22 14:30:00,LONG,25311.0,25319.9,42.31,1.266,77745,2026-01-22 15:25:00,25375.0,eod,55.1,2450.41,77.8,-38.3,0,False
77773,2026-01-23 11:30:00,SHORT,25281.6,25278.0,33.14,1.122,77776,2026-01-23 11:45:00,25211.73,target,66.27,3178.32,66.9,-6.0,7,True
77794,2026-01-23 13:15:00,SHORT,25201.9,25183.2,47.61,1.647,77798,2026-01-23 13:35:00,25087.98,target,95.22,5061.89,97.4,-2.3,4,True
77816,2026-01-23 15:05:00,SHORT,25066.1,25060.0,39.54,1.182,77818,2026-01-23 15:15:00,25099.54,stop,-39.54,-3696.0,1.7,-44.9,1,True
77833,2026-01-27 10:15:00,LONG,25184.0,25200.0,66.87,1.315,77836,2026-01-27 10:30:00,25133.13,stop,-66.87,-5473.96,4.8,-78.6,1,True
77888,2026-01-27 14:50:00,LONG,25159.0,25162.4,42.98,1.086,77890,2026-01-27 15:00:00,25119.42,stop,-42.98,-3920.53,25.1,-60.1,1,True
77945,2026-01-28 13:20:00,SHORT,25375.0,25359.9,42.91,1.543,77963,2026-01-28 14:50:00,25402.81,stop,-42.91,-3920.24,59.1,-73.2,0,False
78014,2026-01-29 12:50:00,LONG,25410.5,25435.0,53.5,1.845,78025,2026-01-29 13:45:00,25542.0,target,107.0,5821.07,120.0,-14.9,3,True
78068,2026-01-30 11:05:00,SHORT,25362.9,25360.0,30.12,1.107,78083,2026-01-30 12:20:00,25390.12,stop,-30.12,-3089.12,30.0,-48.0,0,False
78092,2026-01-30 13:05:00,SHORT,25340.0,25330.0,35.93,1.386,78099,2026-01-30 13:40:00,25365.93,stop,-35.93,-3466.27,32.0,-65.0,4,True
78101,2026-01-30 13:50:00,LONG,25415.2,25422.0,34.19,1.248,78111,2026-01-30 14:40:00,25387.81,stop,-34.19,-3353.81,46.8,-44.9,2,True
78143,2026-02-01 11:05:00,LONG,25468.8,25486.0,46.45,1.588,78146,2026-02-01 11:20:00,25439.55,stop,-46.45,-4151.56,24.0,-52.2,0,False
78150,2026-02-01 11:40:00,SHORT,25431.0,25403.0,62.42,1.814,78157,2026-02-01 12:15:00,25278.16,target,124.84,6983.09,239.5,-57.2,0,False
78176,2026-02-01 13:50:00,SHORT,25087.0,25053.8,107.15,1.449,78193,2026-02-01 15:15:00,24839.5,target,214.3,12804.57,232.8,-105.2,0,False
78263,2026-02-02 14:50:00,LONG,25074.0,25091.2,55.79,1.446,78270,2026-02-02 15:25:00,25149.2,eod,58.0,2642.78,67.8,-8.2,1,True
78298,2026-02-03 11:30:00,LONG,25910.0,25955.0,94.27,1.913,78321,2026-02-03 13:25:00,25860.73,stop,-94.27,-7267.53,5.0,-120.0,1,True
78340,2026-02-03 15:00:00,SHORT,25831.0,25817.7,43.84,1.436,78345,2026-02-03 15:25:00,25823.1,eod,-5.4,-1489.83,28.8,-17.1,4,False
78395,2026-02-04 13:20:00,LONG,25835.0,25840.0,25.67,1.242,78406,2026-02-04 14:15:00,25891.35,target,51.35,2197.81,65.0,-3.0,3,True
78471,2026-02-05 13:25:00,SHORT,25700.0,25696.0,23.97,1.2,78473,2026-02-05 13:35:00,25719.97,stop,-23.97,-2695.02,0.6,-37.1,3,False
78479,2026-02-05 14:05:00,SHORT,25690.8,25688.5,21.92,1.117,78484,2026-02-05 14:30:00,25710.42,stop,-21.92,-2561.7,18.5,-27.9,0,False
78490,2026-02-05 15:00:00,LONG,25739.5,25742.3,20.85,1.155,78493,2026-02-05 15:15:00,25721.45,stop,-20.85,-2492.28,10.2,-31.0,0,False
78564,2026-02-06 14:55:00,LONG,25725.5,25730.0,27.02,1.2,78570,2026-02-06 15:25:00,25729.8,eod,-0.2,-1150.31,15.0,-5.0,1,True
78587,2026-02-09 10:35:00,LONG,25910.0,25915.0,28.46,1.213,78614,2026-02-09 12:50:00,25886.54,stop,-28.46,-2990.13,25.9,-30.0,1,True
78632,2026-02-09 14:20:00,LONG,25920.0,25920.9,13.79,1.07,78636,2026-02-09 14:40:00,25907.11,stop,-13.79,-2036.91,4.1,-19.9,1,False
78661,2026-02-10 10:30:00,LONG,26018.7,26025.2,23.52,1.382,78672,2026-02-10 11:25:00,26001.68,stop,-23.52,-2671.02,4.8,-25.2,3,True
78682,2026-02-10 12:15:00,LONG,26023.3,26025.0,13.69,1.142,78684,2026-02-10 12:25:00,26011.31,stop,-13.69,-2031.84,0.0,-14.2,0,False
78695,2026-02-10 13:20:00,SHORT,26000.0,25986.2,27.25,2.026,78720,2026-02-10 15:25:00,25969.2,eod,17.0,-36.65,33.6,-22.5,4,False
78760,2026-02-11 12:30:00,SHORT,25987.5,25984.6,20.2,1.168,78772,2026-02-11 13:30:00,26004.8,stop,-20.2,-2455.03,29.6,-21.6,0,False
78797,2026-02-12 09:20:00,SHORT,25901.0,25900.0,20.56,1.051,78804,2026-02-12 09:55:00,25920.56,stop,-20.56,-2476.36,16.9,-25.4,2,True
78823,2026-02-12 11:30:00,SHORT,25883.1,25878.0,21.44,1.312,78835,2026-02-12 12:30:00,25899.44,stop,-21.44,-2533.41,10.5,-27.0,2,True
78861,2026-02-12 14:40:00,SHORT,25867.5,25866.3,16.91,1.076,78862,2026-02-12 14:45:00,25832.47,target,33.83,1059.11,45.1,-3.0,1,False
78909,2026-02-13 12:25:00,LONG,25626.0,25634.5,24.67,1.526,78914,2026-02-13 12:50:00,25609.83,stop,-24.67,-2738.64,17.5,-26.5,1,True
78925,2026-02-13 13:45:00,SHORT,25589.0,25564.7,42.8,2.313,78945,2026-02-13 15:25:00,25479.1,target,85.6,4429.97,87.5,-25.3,0,False
78977,2026-02-16 11:50:00,SHORT,25561.0,25551.8,28.84,1.469,78981,2026-02-16 12:10:00,25580.64,stop,-28.84,-3008.65,5.6,-43.5,5,True
78982,2026-02-16 12:15:00,LONG,25590.0,25600.0,29.61,1.51,79008,2026-02-16 14:25:00,25659.22,target,59.22,2713.07,63.0,-11.0,4,True
79022,2026-02-17 09:20:00,SHORT,25590.1,25588.6,27.15,1.058,79024,2026-02-17 09:30:00,25615.75,stop,-27.15,-2899.93,4.3,-37.9,2,True
79080,2026-02-17 14:10:00,SHORT,25720.2,25694.7,48.69,2.099,79085,2026-02-17 14:35:00,25743.39,stop,-48.69,-4301.9,2.7,-52.9,0,False
79104,2026-02-18 09:55:00,SHORT,25714.6,25681.4,58.07,2.335,79132,2026-02-18 12:15:00,25739.47,stop,-58.07,-4910.89,21.4,-62.6,1,True
79155,2026-02-18 14:10:00,LONG,25775.5,25784.7,27.87,1.493,79165,2026-02-18 15:00:00,25840.44,target,55.74,2483.97,60.1,-12.7,6,True
79204,2026-02-19 12:00:00,SHORT,25663.8,25662.5,22.6,1.061,79206,2026-02-19 12:10:00,25617.31,target,45.19,1801.39,56.5,-2.5,3,True
79258,2026-02-20 10:15:00,LONG,25545.0,25555.0,51.32,1.242,79282,2026-02-20 12:15:00,25657.65,target,102.65,5536.36,109.3,-9.0,0,False
79365,2026-02-23 12:55:00,SHORT,25645.0,25633.8,37.72,1.422,79372,2026-02-23 13:30:00,25671.52,stop,-37.72,-3587.58,12.8,-40.2,9,True
79378,2026-02-23 14:00:00,SHORT,25622.7,25622.5,25.04,1.008,79382,2026-02-23 14:20:00,25647.54,stop,-25.04,-2762.89,15.0,-26.5,2,True
79384,2026-02-23 14:30:00,LONG,25695.0,25704.1,36.1,1.337,79386,2026-02-23 14:40:00,25668.0,stop,-36.1,-3482.87,10.9,-43.9,0,False
79399,2026-02-24 09:30:00,SHORT,25540.0,25512.5,61.74,1.803,79446,2026-02-24 13:25:00,25389.03,target,123.47,6892.41,131.5,-26.5,2,True
79501,2026-02-25 11:45:00,LONG,25769.8,25772.0,22.59,1.108,79503,2026-02-25 11:55:00,25749.41,stop,-22.59,-2605.73,3.1,-37.0,0,False
79531,2026-02-25 14:15:00,LONG,25620.2,25633.0,38.13,1.505,79537,2026-02-25 14:45:00,25594.87,stop,-38.13,-3613.84,6.5,-42.9,0,False
79575,2026-02-26 11:40:00,SHORT,25636.0,25614.2,49.3,1.793,79612,2026-02-26 14:45:00,25663.5,stop,-49.3,-4339.92,76.2,-50.8,1,False
79690,2026-02-27 15:00:00,SHORT,25401.0,25336.0,92.23,3.387,79695,2026-02-27 15:25:00,25341.0,eod,-5.0,-1455.58,49.9,-14.0,0,False
79728,2026-03-02 11:55:00,SHORT,24942.6,24925.5,48.59,1.543,79738,2026-03-02 12:45:00,24828.32,target,97.18,5193.74,99.5,0.0,1,True
79793,2026-03-04 11:05:00,LONG,24549.3,24567.9,66.55,1.388,79797,2026-03-04 11:25:00,24501.35,stop,-66.55,-5442.38,9.1,-91.9,1,False
79829,2026-03-04 14:05:00,LONG,24581.0,24599.3,48.03,1.616,79837,2026-03-04 14:45:00,24695.35,target,96.05,5124.11,99.7,-7.3,4,False
79866,2026-03-05 10:55:00,LONG,24748.0,24754.2,43.3,1.167,79872,2026-03-05 11:25:00,24710.9,stop,-43.3,-3934.45,5.6,-54.2,2,True
79898,2026-03-05 13:35:00,SHORT,24718.8,24695.1,52.1,1.834,79910,2026-03-05 14:35:00,24747.2,stop,-52.1,-4506.51,64.5,-98.9,4,True
79972,2026-03-06 13:30:00,SHORT,24688.5,24676.0,36.01,1.532,79973,2026-03-06 13:35:00,24712.01,stop,-36.01,-3459.78,9.0,-49.0,0,False
79977,2026-03-06 13:55:00,SHORT,24667.1,24657.0,35.59,1.396,79980,2026-03-06 14:10:00,24692.59,stop,-35.59,-3432.5,14.4,-43.0,4,True
79982,2026-03-06 14:20:00,LONG,24714.0,24720.0,32.24,1.229,79984,2026-03-06 14:30:00,24687.76,stop,-32.24,-3215.4,0.0,-39.8,5,True
79987,2026-03-06 14:45:00,SHORT,24626.0,24578.2,85.0,2.285,79995,2026-03-06 15:25:00,24560.2,eod,18.0,52.44,73.0,-46.6,4,True
80129,2026-03-10 14:05:00,LONG,24342.9,24371.1,58.76,1.923,80134,2026-03-10 14:30:00,24312.34,stop,-58.76,-4932.44,22.9,-68.1,4,True
80150,2026-03-11 09:35:00,SHORT,24287.0,24276.5,47.2,1.286,80162,2026-03-11 10:35:00,24182.1,target,94.4,5023.95,105.5,-13.5,2,True
80163,2026-03-11 10:40:00,SHORT,24160.4,24151.5,41.72,1.271,80167,2026-03-11 11:00:00,24193.22,stop,-41.72,-3822.13,16.1,-44.5,0,False
80214,2026-03-11 14:55:00,SHORT,23948.0,23945.0,39.24,1.083,80215,2026-03-11 15:00:00,23984.24,stop,-39.24,-3657.16,0.0,-44.0,0,False
80286,2026-03-12 14:40:00,SHORT,23751.7,23749.9,40.86,1.046,80295,2026-03-12 15:25:00,23717.7,eod,32.2,989.65,67.9,-10.1,3,True
80332,2026-03-13 12:15:00,SHORT,23391.4,23389.9,33.18,1.047,80335,2026-03-13 12:30:00,23323.53,target,66.37,3216.68,99.3,-2.1,3,True
80375,2026-03-16 09:35:00,LONG,23319.3,23319.7,48.84,1.008,80379,2026-03-16 09:55:00,23270.86,stop,-48.84,-4270.03,43.5,-94.6,1,True
80384,2026-03-16 10:20:00,SHORT,23155.1,23117.1,86.97,1.776,80395,2026-03-16 11:15:00,23204.07,stop,-86.97,-6745.76,92.1,-155.9,1,True
80431,2026-03-16 14:15:00,LONG,23281.9,23284.3,45.27,1.056,80432,2026-03-16 14:20:00,23374.83,target,90.53,4787.69,103.7,-5.3,0,False
80452,2026-03-17 09:45:00,LONG,23497.0,23508.4,63.95,1.217,80471,2026-03-17 11:20:00,23444.45,stop,-63.95,-5255.15,96.6,-76.4,2,True
80513,2026-03-17 14:50:00,LONG,23628.5,23634.7,43.16,1.168,80520,2026-03-17 15:25:00,23613.5,eod,-21.2,-2479.16,35.3,-33.7,0,False
80539,2026-03-18 10:45:00,LONG,23757.0,23780.0,58.83,1.642,80595,2026-03-18 15:25:00,23774.4,eod,-5.6,-1467.87,95.7,-42.0,8,True
80631,2026-03-19 12:10:00,LONG,23265.6,23274.0,39.01,1.274,80637,2026-03-19 12:40:00,23234.99,stop,-39.01,-3630.45,13.8,-39.9,0,False
80645,2026-03-19 13:20:00,SHORT,23201.1,23188.6,43.92,1.398,80655,2026-03-19 14:10:00,23100.76,target,87.84,4616.15,105.5,-26.4,2,True
80721,2026-03-20 13:25:00,LONG,23285.5,23289.0,39.88,1.096,80725,2026-03-20 13:45:00,23249.12,stop,-39.88,-3687.17,12.0,-59.0,2,True
80783,2026-03-23 12:20:00,SHORT,22514.3,22482.0,67.94,1.906,80786,2026-03-23 12:35:00,22549.94,stop,-67.94,-5497.76,11.0,-73.8,1,True
80799,2026-03-23 13:40:00,LONG,22578.0,22582.1,39.19,1.117,80809,2026-03-23 14:30:00,22542.91,stop,-39.19,-3630.13,71.9,-82.1,0,False
80852,2026-03-24 11:50:00,LONG,22776.5,22781.3,53.02,1.1,80859,2026-03-24 12:25:00,22887.33,target,106.03,5803.66,158.7,-41.1,3,True
80910,2026-03-25 10:25:00,LONG,23309.0,23310.2,44.01,1.028,80918,2026-03-25 11:05:00,23398.21,target,88.01,4623.61,124.1,-14.8,3,True
80968,2026-03-25 15:15:00,SHORT,23295.4,23277.0,53.02,1.531,80970,2026-03-25 15:25:00,23315.2,eod,-38.2,-3578.45,5.9,-38.2,3,True
81101,2026-03-30 13:50:00,SHORT,22443.8,22422.1,59.34,1.576,81103,2026-03-30 14:00:00,22481.44,stop,-59.34,-4938.28,0.6,-75.8,3,True
81216,2026-04-02 10:55:00,LONG,22325.0,22333.0,49.71,1.192,81221,2026-04-02 11:20:00,22283.29,stop,-49.71,-4309.48,5.0,-50.0,3,True
81308,2026-04-06 12:20:00,LONG,22762.0,22784.1,64.91,1.516,81311,2026-04-06 12:35:00,22719.19,stop,-64.91,-5305.43,23.7,-68.5,3,True
81313,2026-04-06 12:45:00,LONG,22830.0,22834.0,51.55,1.084,81318,2026-04-06 13:10:00,22937.09,target,103.09,5611.65,131.0,-4.0,1,True
81331,2026-04-06 14:15:00,LONG,22999.9,23010.0,53.21,1.234,81345,2026-04-06 15:25:00,23050.2,eod,40.2,1521.64,79.0,-40.0,3,True
81365,2026-04-07 10:50:00,SHORT,22950.0,22934.6,64.94,1.311,81374,2026-04-07 11:35:00,22999.54,stop,-64.94,-5311.09,49.6,-74.4,0,False
81378,2026-04-07 11:55:00,LONG,23031.0,23032.6,44.9,1.037,81379,2026-04-07 12:00:00,22987.7,stop,-44.9,-4008.84,10.4,-46.6,0,False
81473,2026-04-08 13:35:00,LONG,24049.0,24056.6,34.69,1.281,81475,2026-04-08 13:45:00,24021.91,stop,-34.69,-3363.0,2.4,-36.6,0,False
81526,2026-04-09 11:45:00,LONG,23935.0,23949.9,48.92,1.438,81538,2026-04-09 12:45:00,23900.98,stop,-48.92,-4285.67,19.4,-84.1,3,True
81608,2026-04-10 12:20:00,LONG,24066.6,24069.0,26.32,1.1,81613,2026-04-10 12:45:00,24042.68,stop,-26.32,-2819.3,11.3,-28.0,3,True
81627,2026-04-10 13:55:00,LONG,24080.3,24090.0,30.07,1.476,81630,2026-04-10 14:10:00,24059.93,stop,-30.07,-3063.58,9.0,-48.0,0,False
81631,2026-04-10 14:15:00,SHORT,24040.0,24034.6,32.03,1.203,81640,2026-04-10 15:00:00,24066.63,stop,-32.03,-3190.52,49.6,-48.4,10,False
81674,2026-04-13 11:35:00,LONG,23790.0,23799.9,40.23,1.326,81685,2026-04-13 12:30:00,23880.35,target,80.45,4124.05,85.1,-17.9,0,False
81701,2026-04-13 13:50:00,LONG,23880.0,23909.3,56.05,2.095,81718,2026-04-13 15:15:00,23853.25,stop,-56.05,-4748.82,25.7,-59.3,0,False
81757,2026-04-15 12:15:00,SHORT,24249.1,24244.4,26.74,1.213,81788,2026-04-15 14:50:00,24271.14,stop,-26.74,-2850.09,39.2,-34.6,0,False
81817,2026-04-16 11:00:00,LONG,24325.0,24326.7,26.92,1.067,81820,2026-04-16 11:15:00,24299.78,stop,-26.92,-2862.68,3.3,-31.7,0,False
81822,2026-04-16 11:25:00,SHORT,24300.0,24294.0,30.03,1.25,81826,2026-04-16 11:45:00,24233.94,target,60.06,2791.23,79.0,-6.0,3,True
81829,2026-04-16 12:00:00,SHORT,24200.4,24166.6,61.59,2.216,81859,2026-04-16 14:30:00,24228.19,stop,-61.59,-5114.02,51.6,-69.4,6,True
81912,2026-04-17 12:40:00,SHORT,24276.5,24274.1,22.28,1.121,81917,2026-04-17 13:05:00,24296.38,stop,-22.28,-2560.64,8.3,-25.9,4,True
81931,2026-04-17 14:15:00,LONG,24321.0,24323.1,19.52,1.121,81937,2026-04-17 14:45:00,24362.13,target,39.03,1423.28,51.9,-12.2,9,True
81971,2026-04-20 11:20:00,LONG,24455.8,24465.4,41.09,1.305,81981,2026-04-20 12:10:00,24424.31,stop,-41.09,-3785.89,6.0,-42.4,0,False
81988,2026-04-20 12:45:00,LONG,24471.4,24473.0,23.3,1.074,81991,2026-04-20 13:00:00,24449.7,stop,-23.3,-2630.15,17.0,-57.8,6,True
82007,2026-04-20 14:20:00,LONG,24395.5,24397.1,30.24,1.056,82012,2026-04-20 14:45:00,24366.86,stop,-30.24,-3079.46,30.9,-42.1,1,True
82018,2026-04-20 15:15:00,SHORT,24350.0,24310.0,69.2,2.37,82020,2026-04-20 15:25:00,24312.0,eod,-2.0,-1243.02,9.3,-15.0,4,True
82027,2026-04-21 09:45:00,LONG,24475.1,24508.8,67.59,1.994,82095,2026-04-21 15:25:00,24585.2,eod,76.4,3848.48,95.2,-27.6,0,False
82098,2026-04-22 09:25:00,SHORT,24432.0,24417.0,43.84,1.52,82109,2026-04-22 10:20:00,24329.32,target,87.68,4584.71,92.0,-30.0,1,True
82145,2026-04-22 13:20:00,SHORT,24386.8,24367.0,45.99,1.756,82147,2026-04-22 13:30:00,24412.99,stop,-45.99,-4103.17,0.0,-47.0,5,True
82152,2026-04-22 13:55:00,LONG,24439.7,24440.0,25.08,1.012,82153,2026-04-22 14:00:00,24414.92,stop,-25.08,-2744.96,6.0,-43.7,0,False
82210,2026-04-23 12:30:00,SHORT,24165.0,24159.0,31.24,1.238,82215,2026-04-23 12:55:00,24190.24,stop,-31.24,-3141.29,12.9,-38.5,4,False
82219,2026-04-23 13:15:00,LONG,24205.8,24227.2,45.72,1.88,82232,2026-04-23 14:20:00,24181.48,stop,-45.72,-4082.44,52.8,-51.2,5,True
82236,2026-04-23 14:40:00,SHORT,24155.0,24145.0,35.37,1.394,82240,2026-04-23 15:00:00,24180.37,stop,-35.37,-3409.07,5.0,-45.0,4,True
82247,2026-04-24 09:20:00,SHORT,24140.0,24104.0,66.58,2.177,82254,2026-04-24 09:55:00,23970.85,target,133.15,7545.84,143.0,-5.1,1,False
82283,2026-04-24 12:20:00,SHORT,23927.5,23926.0,24.96,1.064,82293,2026-04-24 13:10:00,23876.09,target,49.91,2138.04,55.9,-15.6,4,False
82310,2026-04-24 14:35:00,LONG,23941.6,23948.0,33.7,1.234,82315,2026-04-24 15:00:00,23914.3,stop,-33.7,-3296.81,7.0,-62.0,1,True
82367,2026-04-27 13:05:00,LONG,24100.0,24102.6,27.31,1.105,82395,2026-04-27 15:25:00,24130.0,eod,27.4,671.14,37.4,-17.6,2,True
82404,2026-04-28 09:55:00,LONG,24140.0,24151.8,43.7,1.37,82421,2026-04-28 11:20:00,24108.1,stop,-43.7,-3949.97,27.2,-44.8,6,True
82429,2026-04-28 12:00:00,SHORT,24036.3,24035.0,28.53,1.048,82448,2026-04-28 13:35:00,23977.94,target,57.06,2600.78,70.0,-24.3,0,False
82467,2026-04-28 15:10:00,SHORT,23980.2,23976.6,28.9,1.142,82470,2026-04-28 15:25:00,23995.0,eod,-18.4,-2303.36,0.6,-22.3,6,True
82505,2026-05-29 12:05:00,SHORT,23971.1,23971.0,25.91,1.004,82507,2026-05-29 12:15:00,23919.17,target,51.83,2261.7,66.0,-1.5,1,True
82540,2026-05-29 15:00:00,SHORT,23802.0,23719.9,116.73,3.371,82545,2026-05-29 15:25:00,23744.4,eod,-24.5,-2695.49,8.8,-75.6,0,False
82554,2026-06-01 09:55:00,SHORT,23634.0,23625.0,48.86,1.226,82568,2026-06-01 11:05:00,23673.86,stop,-48.86,-4277.53,44.0,-54.0,0,False
82660,2026-06-02 12:30:00,LONG,23394.1,23426.4,62.62,2.065,82665,2026-06-02 12:55:00,23551.64,target,125.24,7041.17,143.6,-16.4,0,False
82698,2026-06-03 09:25:00,SHORT,23345.0,23341.7,47.74,1.074,82729,2026-06-03 12:00:00,23246.22,target,95.48,5109.95,129.7,-17.0,2,True
82735,2026-06-03 12:30:00,LONG,23358.7,23370.0,45.23,1.333,82750,2026-06-03 13:45:00,23460.46,target,90.46,4781.35,162.1,-20.0,0,False
82777,2026-06-04 09:45:00,LONG,23439.5,23450.0,52.65,1.249,82818,2026-06-04 13:10:00,23397.35,stop,-52.65,-4519.91,75.0,-69.0,0,False
82844,2026-06-04 15:20:00,LONG,23515.0,23516.3,29.78,1.046,82845,2026-06-04 15:25:00,23527.0,eod,10.7,-404.09,23.7,0.0,11,True
82862,2026-06-05 10:35:00,SHORT,23455.0,23440.0,55.26,1.373,82867,2026-06-05 11:00:00,23495.26,stop,-55.26,-4690.49,48.6,-90.0,0,False
82883,2026-06-05 12:20:00,LONG,23514.9,23519.0,37.5,1.123,82885,2026-06-05 12:30:00,23481.5,stop,-37.5,-3536.41,11.0,-44.0,3,True
82887,2026-06-05 12:40:00,SHORT,23463.0,23442.0,54.77,1.622,82912,2026-06-05 14:45:00,23496.77,stop,-54.77,-4658.57,92.0,-71.0,3,True
82958,2026-06-08 12:20:00,LONG,23283.0,23295.0,36.83,1.483,82973,2026-06-08 13:35:00,23258.17,stop,-36.83,-3489.11,58.3,-43.0,2,True
82980,2026-06-08 14:10:00,SHORT,23211.0,23210.0,24.5,1.043,82986,2026-06-08 14:40:00,23234.5,stop,-24.5,-2686.75,10.0,-25.0,1,True
82990,2026-06-08 15:00:00,SHORT,23200.0,23175.0,52.52,1.908,82995,2026-06-08 15:25:00,23147.1,eod,27.9,719.97,31.1,-23.0,3,False
83059,2026-06-09 14:30:00,LONG,23270.0,23273.0,22.63,1.153,83061,2026-06-09 14:40:00,23318.26,target,45.26,1846.1,56.9,-7.0,2,True
83116,2026-06-10 13:00:00,LONG,23444.0,23449.0,28.51,1.213,83120,2026-06-10 13:20:00,23420.49,stop,-28.51,-2951.29,7.0,-45.9,0,False
83171,2026-06-11 11:20:00,LONG,23226.8,23227.8,28.68,1.036,83176,2026-06-11 11:45:00,23285.16,target,57.36,2632.85,70.0,-2.6,1,True
83193,2026-06-11 13:10:00,SHORT,23294.2,23291.7,30.48,1.089,83210,2026-06-11 14:35:00,23230.75,target,60.95,2866.41,61.7,-11.3,0,False
83262,2026-06-12 12:40:00,SHORT,23361.6,23345.0,39.07,1.739,83269,2026-06-12 13:15:00,23384.07,stop,-39.07,-3636.12,9.0,-40.0,2,True
83271,2026-06-12 13:25:00,LONG,23410.0,23425.0,39.63,1.609,83273,2026-06-12 13:35:00,23504.25,target,79.25,4052.53,90.0,0.0,5,True
83334,2026-06-15 12:25:00,SHORT,23932.1,23920.1,35.33,1.514,83342,2026-06-15 13:05:00,23955.44,stop,-35.33,-3403.22,0.1,-38.4,6,True
83364,2026-06-15 14:55:00,SHORT,23929.0,23923.0,29.11,1.26,83370,2026-06-15 15:25:00,23930.0,eod,-7.0,-1561.42,41.0,-18.6,1,False
83387,2026-06-16 10:35:00,LONG,23980.0,23984.0,27.41,1.171,83394,2026-06-16 11:10:00,23956.59,stop,-27.41,-2888.59,15.0,-34.0,1,True
83404,2026-06-16 12:00:00,SHORT,23937.2,23935.9,23.4,1.059,83409,2026-06-16 12:25:00,23959.3,stop,-23.4,-2627.79,15.9,-24.1,1,True
83420,2026-06-16 13:20:00,LONG,23970.0,23978.0,28.99,1.381,83445,2026-06-16 15:25:00,24007.0,eod,29.0,777.24,40.8,-7.6,3,True
83448,2026-06-17 09:25:00,LONG,24018.8,24029.9,31.6,1.542,83459,2026-06-17 10:20:00,24093.09,target,63.19,2998.4,67.1,-5.7,3,True
83473,2026-06-17 11:30:00,LONG,24098.0,24099.5,18.69,1.087,83474,2026-06-17 11:35:00,24080.81,stop,-18.69,-2324.19,0.0,-28.4,0,False
83478,2026-06-17 11:55:00,SHORT,24061.8,24049.0,31.01,1.703,83499,2026-06-17 13:40:00,24080.01,stop,-31.01,-3124.47,25.0,-33.8,1,True
83515,2026-06-17 15:00:00,LONG,24085.0,24100.0,34.47,1.771,83520,2026-06-17 15:25:00,24089.9,eod,-10.1,-1765.78,3.0,-15.0,1,True
83544,2026-06-18 11:10:00,SHORT,24071.6,24066.3,25.82,1.258,83554,2026-06-18 12:00:00,24092.12,stop,-25.82,-2787.08,33.1,-29.7,0,False
83572,2026-06-18 13:30:00,LONG,24148.0,24153.0,24.33,1.259,83578,2026-06-18 14:00:00,24128.67,stop,-24.33,-2691.26,0.0,-28.0,2,True
83579,2026-06-18 14:05:00,SHORT,24112.6,24109.0,21.35,1.203,83589,2026-06-18 14:55:00,24130.35,stop,-21.35,-2497.69,23.0,-38.6,0,False
83590,2026-06-18 15:00:00,LONG,24153.9,24180.0,49.0,2.139,83595,2026-06-18 15:25:00,24205.0,eod,25.0,513.85,29.9,-7.4,0,False
83597,2026-06-19 09:20:00,SHORT,24024.0,24008.0,49.95,1.471,83665,2026-06-19 15:00:00,24057.95,stop,-49.95,-4354.49,59.0,-50.9,1,True
83717,2026-06-22 13:05:00,SHORT,24141.1,24140.0,13.56,1.088,83719,2026-06-22 13:15:00,24153.56,stop,-13.56,-1991.37,9.7,-18.4,2,True
83734,2026-06-22 14:30:00,LONG,24158.4,24159.9,15.8,1.105,83740,2026-06-22 15:00:00,24144.1,stop,-15.8,-2137.49,9.0,-27.9,3,False
83741,2026-06-22 15:05:00,SHORT,24130.0,24118.3,28.01,1.717,83745,2026-06-22 15:25:00,24119.9,eod,-1.6,-1213.74,5.9,-21.6,2,True
83791,2026-06-23 13:00:00,SHORT,23952.0,23948.0,29.55,1.157,83798,2026-06-23 13:35:00,23888.9,target,59.1,2734.6,63.0,-23.6,6,True
83811,2026-06-23 14:40:00,LONG,23946.0,23955.0,35.54,1.339,83815,2026-06-23 15:00:00,23919.46,stop,-35.54,-3416.27,3.0,-103.3,0,False
83839,2026-06-24 10:45:00,LONG,23961.6,23964.0,32.85,1.079,83865,2026-06-24 12:55:00,24029.71,target,65.71,3163.08,75.8,-14.0,5,True
83867,2026-06-24 13:05:00,LONG,24027.4,24044.0,42.16,1.65,83895,2026-06-24 15:25:00,24053.6,eod,9.6,-484.61,73.6,-16.1,3,True
83902,2026-06-25 09:45:00,LONG,24155.5,24172.0,47.06,1.54,83929,2026-06-25 12:00:00,24266.12,target,94.12,5005.55,102.0,-6.6,7,True
83955,2026-06-25 14:10:00,SHORT,24180.0,24155.5,47.44,2.068,83970,2026-06-25 15:25:00,24105.0,eod,50.5,2172.26,74.8,0.0,4,True
83973,2026-06-29 09:25:00,SHORT,24080.7,24079.2,30.08,1.052,83984,2026-06-29 10:20:00,24109.28,stop,-30.08,-3064.26,49.2,-36.8,1,True
83985,2026-06-29 10:25:00,LONG,24125.0,24133.4,38.64,1.278,83990,2026-06-29 10:50:00,24094.76,stop,-38.64,-3621.26,1.6,-70.3,0,False
83998,2026-06-29 11:30:00,SHORT,24060.5,24045.0,44.62,1.532,84010,2026-06-29 12:30:00,23955.76,target,89.24,4692.62,98.0,-20.0,0,False
84039,2026-06-29 14:55:00,SHORT,23955.9,23953.6,28.34,1.088,84040,2026-06-29 15:00:00,23981.94,stop,-28.34,-2948.82,20.6,-64.3,10,True
84047,2026-06-30 09:20:00,SHORT,23943.0,23920.0,56.26,1.691,84071,2026-06-30 11:20:00,23976.26,stop,-56.26,-4763.5,54.0,-95.0,5,True
84103,2026-06-30 14:00:00,SHORT,23926.9,23898.0,52.44,2.228,84107,2026-06-30 14:20:00,23950.44,stop,-52.44,-4514.78,30.0,-63.0,9,False
84115,2026-06-30 15:00:00,SHORT,23881.9,23853.4,59.95,1.906,84120,2026-06-30 15:25:00,23864.3,eod,-10.9,-1813.74,14.8,-28.3,6,True
84173,2026-07-01 13:35:00,LONG,24120.0,24122.0,23.86,1.091,84178,2026-07-01 14:00:00,24098.14,stop,-23.86,-2660.38,7.1,-26.2,0,False
84185,2026-07-01 14:35:00,SHORT,24085.5,24084.9,21.58,1.029,84187,2026-07-01 14:45:00,24106.48,stop,-21.58,-2511.89,14.9,-23.1,1,False
84257,2026-07-02 14:20:00,LONG,24230.0,24235.0,20.95,1.313,84262,2026-07-02 14:45:00,24276.9,target,41.9,1611.17,45.0,-10.0,5,True
84304,2026-07-03 12:00:00,LONG,24436.0,24439.1,17.51,1.215,84312,2026-07-03 12:40:00,24421.59,stop,-17.51,-2252.81,9.8,-21.5,1,True
84316,2026-07-03 13:00:00,SHORT,24416.0,24410.1,18.4,1.472,84322,2026-07-03 13:30:00,24373.3,target,36.81,1277.69,43.1,0.0,0,False
84328,2026-07-03 14:00:00,SHORT,24350.0,24347.9,18.06,1.132,84329,2026-07-03 14:05:00,24365.96,stop,-18.06,-2287.5,0.0,-21.1,0,False
84359,2026-07-06 10:20:00,LONG,24452.9,24460.0,26.94,1.358,84398,2026-07-06 13:35:00,24513.88,target,53.88,2385.53,54.2,-9.0,0,False
84411,2026-07-06 14:40:00,SHORT,24458.0,24455.0,17.45,1.208,84414,2026-07-06 14:55:00,24472.45,stop,-17.45,-2250.07,13.7,-19.5,0,False
84415,2026-07-06 15:00:00,LONG,24481.7,24484.2,19.61,1.146,84420,2026-07-06 15:25:00,24479.9,eod,-4.3,-1395.44,14.8,-8.2,0,False
84429,2026-07-07 09:55:00,LONG,24510.0,24511.1,20.25,1.057,84446,2026-07-07 11:20:00,24551.61,target,40.51,1515.8,43.9,-6.1,8,True
84490,2026-07-07 15:00:00,SHORT,24469.8,24465.2,22.23,1.261,84495,2026-07-07 15:25:00,24420.74,target,44.46,1774.24,58.2,-4.8,0,False
84588,2026-07-09 10:40:00,LONG,24107.0,24120.0,52.43,1.33,84589,2026-07-09 10:45:00,24067.57,stop,-52.43,-4517.21,8.9,-75.0,0,False
84636,2026-07-09 14:40:00,SHORT,24070.0,24065.0,28.92,1.209,84640,2026-07-09 15:00:00,24007.15,target,57.85,2651.54,61.2,-10.7,5,False
84712,2026-07-10 14:45:00,LONG,24240.0,24258.0,36.47,1.975,84714,2026-07-10 14:55:00,24221.53,stop,-36.47,-3481.92,0.0,-46.0,7,True
84755,2026-07-13 12:05:00,LONG,24172.0,24174.9,25.16,1.13,84760,2026-07-13 12:30:00,24225.22,target,50.32,2159.16,58.5,-11.2,3,True
84788,2026-07-13 14:50:00,LONG,24270.0,24275.0,27.08,1.226,84789,2026-07-13 14:55:00,24247.92,stop,-27.08,-2872.2,0.0,-28.7,7,True
84814,2026-07-14 10:45:00,LONG,24111.8,24117.0,35.37,1.172,84828,2026-07-14 11:55:00,24081.63,stop,-35.37,-3408.08,27.5,-36.9,0,False
84830,2026-07-14 12:05:00,SHORT,24080.1,24076.0,27.78,1.173,84848,2026-07-14 13:35:00,24020.43,target,55.57,2502.94,58.0,-13.9,0,False
84891,2026-07-15 10:55:00,SHORT,24189.9,24186.2,23.64,1.186,84897,2026-07-15 11:25:00,24209.84,stop,-23.64,-2647.4,18.6,-24.0,0,False
84910,2026-07-15 12:30:00,SHORT,24166.0,24159.7,25.59,1.327,84915,2026-07-15 12:55:00,24108.52,target,51.18,2216.5,165.7,-7.3,1,True
84964,2026-07-16 10:45:00,LONG,24165.0,24175.5,33.89,1.449,84989,2026-07-16 12:50:00,24141.61,stop,-33.89,-3312.98,44.5,-35.5,0,False
84995,2026-07-16 13:20:00,SHORT,24133.3,24133.2,18.76,1.005,84997,2026-07-16 13:30:00,24095.68,target,37.52,1329.0,48.2,-0.1,9,True
85014,2026-07-16 14:55:00,LONG,24114.9,24121.3,26.29,1.322,85015,2026-07-16 15:00:00,24095.01,stop,-26.29,-2818.38,10.3,-36.3,0,False
85023,2026-07-17 09:25:00,LONG,24195.0,24197.7,27.46,1.109,85033,2026-07-17 10:15:00,24252.63,target,54.93,2458.51,72.3,-16.6,1,True
85063,2026-07-17 12:45:00,LONG,24260.0,24267.4,26.53,1.387,85064,2026-07-17 12:50:00,24240.87,stop,-26.53,-2836.04,2.3,-35.6,1,True
85070,2026-07-17 13:20:00,SHORT,24233.0,24231.5,20.31,1.08,85076,2026-07-17 13:50:00,24190.88,target,40.62,1528.66,51.5,-17.1,3,True
85081,2026-07-17 14:15:00,LONG,24275.0,24299.1,52.44,1.85,85095,2026-07-17 15:25:00,24344.0,eod,44.9,1805.02,49.9,-38.1,0,False
85143,2026-07-20 13:10:00,LONG,24220.0,24229.0,33.4,1.369,85170,2026-07-20 15:25:00,24269.0,eod,40.0,1487.79,53.9,-17.1,0,False
85215,2026-07-21 12:55:00,SHORT,24168.2,24150.0,35.81,2.034,85223,2026-07-21 13:35:00,24185.81,stop,-35.81,-3437.98,15.0,-44.5,9,True
85235,2026-07-21 14:35:00,SHORT,24160.0,24153.5,21.79,1.425,85237,2026-07-21 14:45:00,24175.29,stop,-21.79,-2526.91,0.0,-26.5,1,True
85244,2026-07-21 15:20:00,LONG,24181.0,24185.5,19.85,1.293,85245,2026-07-21 15:25:00,24185.0,eod,-0.5,-1143.38,0.0,-8.1,7,True
85316,2026-07-22 15:05:00,LONG,23984.0,23985.0,20.27,1.052,85320,2026-07-22 15:25:00,23983.2,eod,-1.8,-1224.43,20.0,-6.0,2,True
85384,2026-07-23 14:30:00,LONG,23865.0,23894.9,49.99,2.489,85386,2026-07-23 14:40:00,23844.91,stop,-49.99,-4354.24,3.4,-67.5,4,True
85425,2026-07-24 11:40:00,LONG,23705.0,23707.0,26.44,1.082,85433,2026-07-24 12:20:00,23759.88,target,52.88,2333.59,63.0,-6.4,0,False
85466,2026-07-24 15:05:00,SHORT,23795.0,23788.0,30.11,1.303,85468,2026-07-24 15:15:00,23818.11,stop,-30.11,-3061.39,8.0,-54.0,1,True
85516,2026-07-27 13:00:00,LONG,23978.9,23984.0,21.39,1.313,85522,2026-07-27 13:30:00,23962.61,stop,-21.39,-2497.72,14.8,-39.0,1,False
85529,2026-07-27 14:05:00,LONG,23996.0,24012.0,33.54,1.912,85545,2026-07-27 15:25:00,24039.5,eod,27.5,679.18,33.0,-13.2,2,True
85549,2026-07-28 09:30:00,SHORT,24005.0,23996.0,30.45,1.42,85551,2026-07-28 09:40:00,24026.45,stop,-30.45,-3087.12,0.0,-33.9,3,True
85555,2026-07-28 10:00:00,SHORT,23990.1,23980.0,31.85,1.464,85562,2026-07-28 10:35:00,24011.85,stop,-31.85,-3177.71,17.7,-39.6,0,False
85576,2026-07-28 11:45:00,LONG,24032.1,24039.9,24.78,1.459,85577,2026-07-28 11:50:00,24015.12,stop,-24.78,-2719.03,0.0,-28.9,2,False
85591,2026-07-28 13:00:00,SHORT,24007.8,24006.0,15.95,1.127,85594,2026-07-28 13:15:00,23974.09,target,31.91,966.28,42.6,-3.0,2,True
85615,2026-07-28 15:00:00,SHORT,23970.4,23965.0,22.64,1.313,85619,2026-07-28 15:20:00,23990.1,stop_gap,-25.1,-2738.68,6.7,-30.0,1,True
85643,2026-07-29 11:05:00,LONG,24300.0,24305.0,23.76,1.267,85663,2026-07-29 12:45:00,24281.24,stop,-23.76,-2656.76,14.6,-30.2,0,False
85735,2026-07-30 12:30:00,LONG,24346.6,24365.1,39.77,1.87,85743,2026-07-30 13:10:00,24325.33,stop,-39.77,-3698.73,20.9,-59.3,0,False
85796,2026-07-31 11:20:00,LONG,24425.0,24428.0,19.48,1.182,85812,2026-07-31 12:40:00,24466.96,target,38.96,1416.52,40.0,-8.0,3,True
85819,2026-07-31 13:15:00,LONG,24480.0,24483.0,15.82,1.234,85822,2026-07-31 13:30:00,24467.18,stop,-15.82,-2144.23,7.0,-24.6,2,True
85834,2026-07-31 14:30:00,SHORT,24458.0,24454.7,17.67,1.23,85845,2026-07-31 15:25:00,24437.6,eod,17.1,-3.95,24.7,-10.2,3,False
85865,2026-08-03 10:50:00,LONG,24668.5,24668.9,15.37,1.027,85888,2026-08-03 12:45:00,24653.53,stop,-15.37,-2117.73,20.3,-32.8,3,True
85941,2026-08-04 10:55:00,SHORT,24640.0,24630.2,23.69,1.705,85942,2026-08-04 11:00:00,24653.89,stop,-23.69,-2658.49,0.7,-23.8,2,True
85951,2026-08-04 11:45:00,SHORT,24624.5,24588.0,53.59,3.136,85995,2026-08-04 15:25:00,24566.0,eod,22.0,312.29,88.0,-17.1,3,True
86010,2026-08-05 10:25:00,SHORT,24670.2,24662.0,35.27,1.303,86015,2026-08-05 10:50:00,24697.27,stop,-35.27,-3411.78,22.0,-42.0,0,False
86016,2026-08-05 10:55:00,LONG,24714.0,24722.0,34.31,1.304,86023,2026-08-05 11:30:00,24687.69,stop,-34.31,-3349.77,18.0,-62.0,0,False
86035,2026-08-05 12:30:00,SHORT,24640.0,24623.1,37.5,1.821,86068,2026-08-05 15:15:00,24660.6,stop,-37.5,-3555.68,58.1,-51.9,4,True
86120,2026-08-06 13:20:00,SHORT,24703.2,24700.0,20.75,1.182,86123,2026-08-06 13:35:00,24720.75,stop,-20.75,-2468.35,0.3,-35.0,1,True
86128,2026-08-06 14:00:00,LONG,24735.4,24740.0,22.9,1.251,86145,2026-08-06 15:25:00,24745.0,eod,5.0,-795.45,10.0,-18.0,3,True
86181,2026-08-07 12:10:00,SHORT,24625.0,24621.0,20.37,1.244,86186,2026-08-07 12:35:00,24641.37,stop,-20.37,-2442.28,6.0,-21.0,3,True
86201,2026-08-07 13:50:00,LONG,24644.4,24654.0,27.02,1.551,86202,2026-08-07 13:55:00,24626.98,stop,-27.02,-2874.98,1.7,-32.1,4,True
86205,2026-08-07 14:10:00,SHORT,24615.0,24608.0,27.08,1.349,86212,2026-08-07 14:45:00,24635.08,stop,-27.08,-2878.22,7.0,-33.0,3,True
86239,2026-08-10 10:45:00,LONG,24670.0,24675.0,24.11,1.262,86285,2026-08-10 14:35:00,24650.89,stop,-24.11,-2686.22,23.8,-30.0,1,True
86338,2026-08-11 12:45:00,LONG,24537.0,24542.0,19.5,1.345,86339,2026-08-11 12:50:00,24522.5,stop,-19.5,-2383.99,2.2,-20.0,1,True
86347,2026-08-11 13:30:00,LONG,24550.5,24551.1,15.76,1.04,86349,2026-08-11 13:40:00,24535.34,stop,-15.76,-2141.34,1.0,-15.8,1,True
86406,2026-08-12 12:10:00,SHORT,24366.8,24365.0,20.55,1.096,86410,2026-08-12 12:30:00,24385.55,stop,-20.55,-2449.81,0.0,-33.0,0,False
86434,2026-08-12 14:30:00,LONG,24400.2,24420.0,36.28,2.201,86445,2026-08-12 15:25:00,24469.1,eod,49.1,2075.89,68.9,-10.0,4,True
86523,2026-08-14 09:25:00,SHORT,24385.4,24381.0,23.45,1.231,86524,2026-08-14 09:30:00,24404.45,stop,-23.45,-2638.6,10.7,-27.5,3,True
86574,2026-08-14 13:40:00,LONG,24419.8,24430.0,23.72,1.755,86595,2026-08-14 15:25:00,24449.8,eod,19.8,171.64,45.9,0.0,5,False
86655,2026-08-17 14:10:00,SHORT,24409.2,24404.1,20.61,1.329,86665,2026-08-17 15:00:00,24424.71,stop,-20.61,-2454.42,8.8,-21.7,4,True
86682,2026-08-18 10:10:00,SHORT,24251.0,24250.2,19.57,1.043,86685,2026-08-18 10:25:00,24269.77,stop,-19.57,-2383.93,13.8,-19.8,0,False
86709,2026-08-18 12:25:00,LONG,24259.0,24259.9,15.98,1.06,86712,2026-08-18 12:40:00,24243.92,stop,-15.98,-2150.89,4.1,-23.9,1,True
86731,2026-08-18 14:15:00,SHORT,24233.0,24232.0,15.59,1.069,86733,2026-08-18 14:25:00,24247.59,stop,-15.59,-2125.06,2.9,-17.9,8,True
86776,2026-08-19 11:45:00,LONG,24125.0,24127.0,16.9,1.134,86780,2026-08-19 12:05:00,24110.1,stop,-16.9,-2207.96,14.0,-17.0,0,False
86795,2026-08-19 13:20:00,SHORT,24105.0,24101.2,20.18,1.232,86803,2026-08-19 14:00:00,24121.38,stop,-20.18,-2421.28,2.2,-23.8,4,True
86807,2026-08-19 14:20:00,SHORT,24101.2,24094.0,23.62,1.438,86809,2026-08-19 14:30:00,24117.62,stop,-23.62,-2644.82,3.7,-29.0,14,False
86824,2026-08-20 09:30:00,LONG,24253.8,24253.9,23.53,1.004,86863,2026-08-20 12:45:00,24300.96,target,47.06,1946.05,76.8,-1.8,9,True
86899,2026-08-21 09:30:00,SHORT,24275.3,24268.0,23.9,1.44,86901,2026-08-21 09:40:00,24291.9,stop,-23.9,-2666.14,11.9,-26.1,2,True
86939,2026-08-21 12:50:00,SHORT,24285.0,24282.5,12.72,1.245,86942,2026-08-21 13:05:00,24295.22,stop,-12.72,-1939.37,2.5,-23.1,2,True
86991,2026-08-24 10:55:00,SHORT,24275.9,24270.0,19.8,1.424,86992,2026-08-24 11:00:00,24289.8,stop,-19.8,-2399.43,21.8,-20.0,2,True
87014,2026-08-24 12:50:00,SHORT,24202.0,24201.0,13.72,1.079,87034,2026-08-24 14:30:00,24214.72,stop,-13.72,-2003.28,27.3,-17.0,2,True
87036,2026-08-24 14:40:00,LONG,24215.0,24217.0,17.06,1.133,87041,2026-08-24 15:05:00,24199.94,stop,-17.06,-2219.87,1.0,-18.2,2,True
87049,2026-08-25 09:30:00,LONG,24214.8,24215.0,18.85,1.011,87050,2026-08-25 09:35:00,24196.15,stop,-18.85,-2336.35,2.0,-22.0,1,False
87078,2026-08-25 11:55:00,LONG,24176.8,24203.5,41.44,2.811,87091,2026-08-25 13:00:00,24162.06,stop,-41.44,-3804.45,0.5,-56.0,1,True
87110,2026-08-25 14:35:00,LONG,24218.0,24220.0,19.22,1.116,87113,2026-08-25 14:50:00,24258.44,target,38.44,1386.35,50.0,-5.4,13,True
87167,2026-08-26 13:05:00,SHORT,24442.0,24440.0,20.48,1.108,87180,2026-08-26 14:10:00,24460.48,stop,-20.48,-2446.18,17.8,-23.9,4,True
87187,2026-08-26 14:45:00,LONG,24468.0,24470.5,18.66,1.155,87190,2026-08-26 15:00:00,24451.84,stop,-18.66,-2328.34,6.5,-18.7,3,True
87269,2026-08-27 15:20:00,SHORT,24295.0,24281.0,34.35,1.688,87270,2026-08-27 15:25:00,24270.8,eod,10.2,-449.49,12.2,-8.6,2,True
87319,2026-08-28 13:15:00,LONG,24279.0,24280.5,17.28,1.095,87338,2026-08-28 14:50:00,24315.05,target,34.55,1132.95,41.9,-7.5,2,False
87375,2026-08-31 11:40:00,LONG,24200.8,24205.5,19.7,1.313,87377,2026-08-31 11:50:00,24244.89,target,39.39,1448.76,59.5,-0.5,2,True
87399,2026-08-31 13:40:00,SHORT,24252.0,24250.0,16.57,1.137,87404,2026-08-31 14:05:00,24216.87,target,33.13,1041.56,33.9,-15.8,4,False
87412,2026-08-31 14:45:00,LONG,24268.0,24286.5,36.63,2.02,87416,2026-08-31 15:05:00,24249.87,stop,-36.63,-3493.03,10.5,-41.1,14,True
87426,2026-09-01 09:40:00,SHORT,24171.0,24167.9,28.95,1.12,87436,2026-09-01 10:30:00,24196.85,stop,-28.95,-2992.4,16.6,-31.0,8,True
87473,2026-09-01 13:35:00,SHORT,24176.5,24162.0,32.87,1.789,87478,2026-09-01 14:00:00,24096.26,target,65.74,3162.47,71.6,0.0,0,False
87531,2026-09-02 12:10:00,LONG,23980.0,23980.9,19.44,1.049,87533,2026-09-02 12:20:00,23961.46,stop,-19.44,-2370.75,7.5,-25.9,0,False
87553,2026-09-02 14:00:00,LONG,24018.0,24018.8,19.23,1.043,87565,2026-09-02 15:00:00,23999.57,stop,-19.23,-2357.49,30.2,-32.1,9,False
87574,2026-09-03 09:30:00,LONG,24110.9,24111.5,26.49,1.023,87587,2026-09-03 10:35:00,24085.01,stop,-26.49,-2830.9,36.5,-26.6,2,True
87592,2026-09-03 11:00:00,SHORT,24071.0,24066.0,24.43,1.257,87599,2026-09-03 11:35:00,24090.43,stop,-24.43,-2696.76,30.7,-32.7,2,True
87644,2026-09-03 15:20:00,SHORT,24009.7,24007.5,19.15,1.13,87645,2026-09-03 15:25:00,23985.0,eod,22.5,354.72,24.1,-0.1,5,True
87653,2026-09-04 09:50:00,LONG,24050.0,24067.8,38.09,1.877,87720,2026-09-04 15:25:00,24034.4,eod,-33.4,-3279.39,52.2,-33.4,6,True
87722,2026-09-07 09:20:00,SHORT,23941.0,23938.4,24.18,1.121,87742,2026-09-07 11:00:00,23890.05,target,48.35,2036.4,52.6,-15.4,1,True
87764,2026-09-07 12:50:00,SHORT,23875.0,23865.0,23.49,1.742,87771,2026-09-07 13:25:00,23888.49,stop,-23.49,-2632.01,1.8,-31.9,1,True
87805,2026-09-08 10:00:00,SHORT,23769.0,23768.0,20.73,1.051,87806,2026-09-08 10:05:00,23788.73,stop,-20.73,-2451.04,3.0,-24.9,1,True
87807,2026-09-08 10:10:00,LONG,23799.8,23812.0,33.2,1.581,87812,2026-09-08 10:35:00,23778.8,stop,-33.2,-3261.73,11.7,-44.0,0,False
87826,2026-09-08 11:45:00,SHORT,23765.0,23762.5,18.23,1.159,87836,2026-09-08 12:35:00,23780.73,stop,-18.23,-2288.37,25.1,-20.8,2,True
87846,2026-09-08 13:25:00,SHORT,23747.0,23746.0,16.43,1.065,87856,2026-09-08 14:15:00,23762.43,stop,-16.43,-2171.39,21.0,-17.7,1,True
87902,2026-09-09 11:50:00,SHORT,23611.0,23609.0,21.33,1.103,87910,2026-09-09 12:30:00,23630.33,stop,-21.33,-2487.23,32.9,-50.8,0,False
87911,2026-09-09 12:35:00,LONG,23650.5,23657.4,30.19,1.296,87934,2026-09-09 14:30:00,23627.21,stop,-30.19,-3063.46,16.5,-42.0,1,True
87981,2026-09-10 12:10:00,LONG,23557.0,23564.4,28.24,1.355,87986,2026-09-10 12:35:00,23536.16,stop,-28.24,-2935.64,2.1,-29.4,2,True
88003,2026-09-10 14:00:00,SHORT,23501.0,23498.3,20.39,1.153,88013,2026-09-10 14:50:00,23518.69,stop,-20.39,-2424.51,21.3,-21.1,0,False
88066,2026-09-11 13:00:00,SHORT,23390.6,23390.0,23.57,1.026,88071,2026-09-11 13:25:00,23413.57,stop,-23.57,-2629.07,10.0,-28.7,0,False
88077,2026-09-11 13:55:00,LONG,23428.0,23450.0,48.78,1.821,88095,2026-09-11 15:25:00,23477.9,eod,27.9,714.79,67.4,-11.1,4,True
88141,2026-09-15 13:00:00,SHORT,23351.9,23346.0,27.69,1.271,88149,2026-09-15 13:40:00,23290.61,target,55.39,2503.71,57.7,-12.3,8,True
88155,2026-09-15 14:10:00,SHORT,23300.0,23279.0,43.58,1.93,88162,2026-09-15 14:45:00,23191.85,target,87.15,4569.85,99.0,0.0,4,True
88203,2026-09-16 11:55:00,SHORT,23270.0,23260.0,34.35,1.411,88207,2026-09-16 12:15:00,23294.35,stop,-34.35,-3327.88,10.0,-36.1,0,False
88210,2026-09-16 12:30:00,LONG,23292.0,23300.4,31.07,1.371,88223,2026-09-16 13:35:00,23269.33,stop,-31.07,-3114.92,45.5,-38.4,4,True
88256,2026-09-17 10:05:00,LONG,23339.0,23352.3,40.67,1.486,88262,2026-09-17 10:35:00,23311.63,stop,-40.67,-3739.57,21.5,-41.7,6,True
88268,2026-09-17 11:05:00,SHORT,23260.0,23252.8,32.58,1.284,88271,2026-09-17 11:20:00,23285.38,stop,-32.58,-3212.85,8.2,-42.2,7,True
88280,2026-09-17 12:05:00,LONG,23380.0,23385.0,31.79,1.187,88296,2026-09-17 13:25:00,23353.21,stop,-31.79,-3163.36,33.0,-83.0,1,True
88347,2026-09-18 11:25:00,SHORT,23320.1,23316.0,20.98,1.243,88352,2026-09-18 11:50:00,23336.98,stop,-20.98,-2459.69,1.9,-40.9,5,True
88362,2026-09-18 12:40:00,LONG,23360.0,23368.0,24.55,1.483,88374,2026-09-18 13:40:00,23343.45,stop,-24.55,-2692.53,12.0,-35.9,7,True
88382,2026-09-18 14:20:00,LONG,23380.0,23381.1,17.03,1.069,88388,2026-09-18 14:50:00,23415.17,target,34.07,1116.76,35.3,-9.1,3,True
88402,2026-09-21 09:45:00,LONG,23412.0,23414.9,21.7,1.154,88405,2026-09-21 10:00:00,23393.2,stop,-21.7,-2507.66,2.7,-32.9,6,True
88427,2026-09-21 11:50:00,LONG,23418.0,23423.9,21.01,1.391,88452,2026-09-21 13:55:00,23465.92,target,42.02,1632.58,51.1,-18.9,9,True
88486,2026-09-22 10:30:00,SHORT,23436.5,23435.0,18.88,1.086,88488,2026-09-22 10:40:00,23397.24,target,37.76,1356.17,61.1,0.0,1,True
88526,2026-09-22 13:50:00,SHORT,23312.6,23308.0,24.74,1.228,88530,2026-09-22 14:10:00,23332.74,stop,-24.74,-2703.85,22.0,-91.3,4,True
88558,2026-09-23 10:15:00,LONG,23413.0,23422.0,34.12,1.358,88620,2026-09-23 15:25:00,23450.1,eod,28.1,728.27,62.0,-9.3,0,False
88653,2026-09-24 11:55:00,SHORT,23221.5,23217.7,25.25,1.177,88671,2026-09-24 13:25:00,23167.19,target,50.51,2188.67,64.8,-17.3,14,True
88701,2026-09-25 09:40:00,SHORT,23100.4,23091.4,38.1,1.309,88706,2026-09-25 10:05:00,23129.5,stop,-38.1,-3568.69,15.1,-50.5,1,False
88737,2026-09-25 12:40:00,SHORT,23103.0,23095.0,24.79,1.476,88753,2026-09-25 14:00:00,23119.79,stop,-24.79,-2703.6,33.6,-146.2,1,True
